t,dt,loop_ms,v_ref,w_ref,wL_ref,wL,wR_ref,wR,yaw_cmd,yaw,pitch_cmd,pitch,imu_yaw,odom_v,odom_w,odom_yaw
1791436605.0698,0.0200,0.9004,0.0000,0.0000,0.0000,0.0000,0.0000,0.0000,-0.0031,-0.0031,0.1657,0.1657,-2.5967,0.0000,0.0000,-2.5967
1791436605.0897,0.0199,3.7425,0.0000,0.0000,0.0000,0.0000,0.0000,0.0000,-0.0031,-0.0031,0.1657,0.1657,-2.5967,0.0000,0.0000,-2.5967
1791436605.1097,0.0200,0.2894,0.0000,0.0000,0.0000,0.0000,0.0000,0.0000,-0.0031,-0.0031,0.1657,0.1657,-2.5966,0.0000,0.0000,-2.5966
1791436605.1297,0.0200,0.3473,0.0000,0.0000,0.0000,0.0000,0.0000,0.0000,-0.0031,-0.0031,0.1657,0.1657,-2.5967,0.0000,0.0000,-2.5967
1791436605.1502,0.0205,0.5290,0.0000,0.0000,0.0000,0.0000,0.0000,0.0000,-0.0031,-0.0031,0.1657,0.1657,-2.5967,0.0000,0.0000,-2.5967
1791436605.1697,0.0195,0.3180,0.0000,0.0000,0.0000,0.0000,0.0000,0.0000,-0.0031,-0.0031,0.1657,0.1657,-2.5967,0.0000,0.0000,-2.5967
1791436605.1897,0.0200,0.3148,0.0000,0.0000,0.0000,0.0000,0.0000,0.0000,-0.0031,-0.0031,0.1657,0.1641,-2.5967,0.0000,0.0000,-2.5967
1791436605.2098,0.0201,0.3091,0.0000,0.0000,0.0000,0.0000,0.0000,0.0000,-0.0031,-0.0031,0.1657,0.1641,-2.5967,0.0000,0.0000,-2.5967
1791436605.2297,0.0199,0.3593,0.0000,0.0000,0.0000,0.0000,0.0000,0.0000,-0.0031,-0.0031,0.1657,0.1657,-2.5968,0.0000,0.0000,-2.5968
1791436605.2500,0.0202,0.4812,0.0000,0.0000,0.0000,0.0000,0.0000,0.0000,-0.0031,-0.0031,0.1657,0.1657,-2.5967,0.0000,0.0000,-2.5967
1791436605.2697,0.0197,0.3692,0.0000,0.0000,0.0000,0.0000,0.0000,0.0000,-0.0031,-0.0031,0.1657,0.1657,-2.5967,0.0000,0.0000,-2.5967
1791436605.2897,0.0200,0.3763,0.0000,0.0000,0.0000,0.0000,0.0000,0.0000,-0.0031,-0.0031,0.1657,0.1657,-2.5967,0.0000,0.0000,-2.5967
1791436605.3097,0.0200,0.3471,0.0000,0.0000,0.0000,0.0000,0.0000,0.0000,-0.0031,-0.0031,0.1657,0.1657,-2.5966,0.0000,0.0000,-2.5966
1791436605.3298,0.0200,0.3936,0.0000,0.0000,0.0000,0.0000,0.0000,0.0000,-0.0031,-0.0031,0.1657,0.1657,-2.5968,0.0000,0.0000,-2.5968
1791436605.3498,0.0201,0.2858,0.0000,0.0000,0.0000,0.0000,0.0000,0.0000,-0.0031,-0.0031,0.1657,0.1657,-2.5967,0.0000,0.0000,-2.5967
1791436605.3714,0.0216,0.3822,0.0000,0.0000,0.0000,0.0000,0.0000,0.0000,-0.0031,-0.0031,0.1657,0.1657,-2.5967,0.0000,0.0000,-2.5967
1791436605.3922,0.0208,0.3499,0.0000,0.0000,0.0000,0.0000,0.0000,0.0000,-0.0031,-0.0031,0.1657,0.1657,-2.5968,0.0000,0.0000,-2.5968
1791436605.4097,0.0175,0.3442,0.0000,0.0000,0.0000,0.0000,0.0000,0.0000,-0.0031,-0.0031,0.1657,0.1657,-2.5967,0.0000,0.0000,-2.5967
1791436605.4297,0.0200,0.3888,0.0000,0.0000,0.0000,0.0000,0.0000,0.0000,-0.0031,-0.0031,0.1657,0.1657,-2.5967,0.0000,0.0000,-2.5967
1791436605.4501,0.0204,0.3377,0.0000,0.0000,0.0000,0.0000,0.0000,0.0000,-0.0031,-0.0031,0.1657,0.1641,-2.5967,0.0000,0.0000,-2.5967
1791436605.4716,0.0215,0.3398,0.0000,0.0000,0.0000,0.0000,0.0000,0.0000,-0.0031,-0.0031,0.1657,0.1657,-2.5967,0.0000,0.0000,-2.5967
1791436605.4897,0.0181,0.2989,0.0000,0.0000,0.0000,0.0000,0.0000,0.0000,-0.0031,-0.0031,0.1657,0.1657,-2.5967,0.0000,0.0000,-2.5967
1791436605.5104,0.0206,0.2785,0.0000,0.0000,0.0000,0.0000,0.0000,0.0000,-0.0031,-0.0031,0.1657,0.1657,-2.5967,0.0000,0.0000,-2.5967
1791436605.5297,0.0193,0.2757,0.0000,0.0000,0.0000,0.0000,0.0000,0.0000,-0.0031,-0.0031,0.1657,0.1657,-2.5967,0.0000,0.0000,-2.5967
1791436605.5503,0.0206,0.5790,0.0000,0.0000,0.0000,0.0000,0.0000,0.0000,-0.0031,-0.0031,0.1657,0.1657,-2.5967,0.0000,0.0000,-2.5967
1791436605.5704,0.0201,0.3010,0.0000,0.0000,0.0000,0.0000,0.0000,0.0000,-0.0031,-0.0031,0.1657,0.1657,-2.5967,0.0000,0.0000,-2.5967
1791436605.5897,0.0193,0.2758,0.0000,0.0000,0.0000,0.0000,0.0000,0.0000,-0.0031,-0.0031,0.1657,0.1657,-2.5967,0.0000,0.0000,-2.5967
1791436605.6097,0.0200,0.9450,0.0000,0.0000,0.0000,0.0000,0.0000,0.0000,-0.0031,-0.0031,0.1657,0.1657,-2.5967,0.0000,0.0000,-2.5967
1791436605.6346,0.0249,0.3220,0.0000,0.0000,0.0000,0.0000,0.0000,0.0000,-0.0031,-0.0031,0.1657,0.1657,-2.5968,0.0000,0.0000,-2.5968
1791436605.6498,0.0153,0.2531,0.0000,0.0000,0.0000,0.0000,0.0000,0.0000,-0.0031,-0.0031,0.1657,0.1657,-2.5968,0.0000,0.0000,-2.5968
1791436605.6698,0.0200,0.2853,0.0000,0.0000,0.0000,0.0000,0.0000,0.0000,-0.0031,-0.0031,0.1657,0.1657,-2.5968,0.0000,0.0000,-2.5968
1791436605.6897,0.0199,0.2497,0.0000,0.0000,0.0000,0.0000,0.0000,0.0000,-0.0031,-0.0031,0.1657,0.1657,-2.5968,0.0000,0.0000,-2.5968
1791436605.7096,0.0200,0.2607,0.0000,0.0000,0.0000,0.0000,0.0000,0.0000,-0.0031,-0.0031,0.1657,0.1657,-2.5967,0.0000,0.0000,-2.5967
1791436605.7296,0.0200,0.2687,0.0000,0.0000,0.0000,0.0000,0.0000,0.0000,-0.0031,-0.0031,0.1657,0.1657,-2.5967,0.0000,0.0000,-2.5967
1791436605.7498,0.0201,0.2117,0.0000,0.0000,0.0000,0.0000,0.0000,0.0000,-0.0031,-0.0031,0.1657,0.1641,-2.5967,0.0000,0.0000,-2.5967
1791436605.7697,0.0199,0.2618,0.0000,0.0000,0.0000,0.0000,0.0000,0.0000,-0.0031,-0.0031,0.1657,0.1657,-2.5967,0.0000,0.0000,-2.5967
1791436605.7897,0.0200,0.2709,0.0000,0.0000,0.0000,0.0000,0.0000,0.0000,-0.0031,-0.0031,0.1657,0.1657,-2.5966,0.0000,0.0000,-2.5966
1791436605.8097,0.0200,0.2731,0.0000,0.0000,0.0000,0.0000,0.0000,0.0000,-0.0031,-0.0031,0.1657,0.1657,-2.5968,0.0000,0.0000,-2.5968
1791436605.8297,0.0200,0.2624,0.0000,0.0000,0.0000,0.0000,0.0000,0.0000,-0.0031,-0.0031,0.1657,0.1657,-2.5966,0.0000,0.0000,-2.5966
1791436605.8499,0.0202,0.2976,0.0000,0.0000,0.0000,0.0000,0.0000,0.0000,-0.0031,-0.0031,0.1657,0.1657,-2.5967,0.0000,0.0000,-2.5967
1791436605.8697,0.0198,0.3201,0.0000,0.0000,0.0000,0.0000,0.0000,0.0000,-0.0031,-0.0031,0.1657,0.1657,-2.5967,0.0000,0.0000,-2.5967
1791436605.8897,0.0200,0.4168,0.0000,0.0000,0.0000,0.0000,0.0000,0.0000,-0.0031,-0.0031,0.1657,0.1657,-2.5967,0.0000,0.0000,-2.5967
1791436605.9097,0.0200,0.3825,0.0000,0.0000,0.0000,0.0000,0.0000,0.0000,-0.0031,-0.0031,0.1657,0.1657,-2.5967,0.0000,0.0000,-2.5967
1791436605.9297,0.0200,0.3055,0.0000,0.0000,0.0000,0.0000,0.0000,0.0000,-0.0031,-0.0031,0.1657,0.1641,-2.5967,0.0000,0.0000,-2.5967
1791436605.9498,0.0201,0.2751,0.0000,0.0000,0.0000,0.0000,0.0000,0.0000,-0.0031,-0.0031,0.1657,0.1657,-2.5967,0.0000,0.0000,-2.5967
1791436605.9713,0.0215,0.2998,0.0000,0.0000,0.0000,0.0000,0.0000,0.0000,-0.0031,-0.0031,0.1657,0.1657,-2.5967,0.0000,0.0000,-2.5967
1791436605.9897,0.0184,0.3212,0.0000,0.0000,0.0000,0.0000,0.0000,0.0000,-0.0031,-0.0031,0.1657,0.1657,-2.5967,0.0000,0.0000,-2.5967
1791436606.0097,0.0200,0.2809,0.0000,0.0000,0.0000,0.0000,0.0000,0.0000,-0.0031,-0.0031,0.1657,0.1657,-2.5967,0.0000,0.0000,-2.5967
1791436606.0297,0.0199,0.2798,0.0000,0.0000,0.0000,0.0000,0.0000,0.0000,-0.0031,-0.0031,0.1657,0.1657,-2.5968,0.0000,0.0000,-2.5968
1791436606.0498,0.0202,0.2561,0.0000,0.0000,0.0000,0.0000,0.0000,0.0000,-0.0031,-0.0031,0.1657,0.1657,-2.5968,0.0000,0.0000,-2.5968
1791436606.0697,0.0198,0.2528,0.0000,0.0000,0.0000,0.0000,0.0000,0.0000,-0.0031,-0.0031,0.1657,0.1641,-2.5967,0.0000,0.0000,-2.5967
1791436606.0898,0.0201,0.4916,0.0000,0.0000,0.0000,0.0000,0.0000,0.0000,-0.0031,-0.0031,0.1657,0.1657,-2.5967,0.0000,0.0000,-2.5967
1791436606.1097,0.0200,0.2820,0.0000,0.0000,0.0000,0.0000,0.0000,0.0000,-0.0031,-0.0031,0.1657,0.1657,-2.5967,0.0000,0.0000,-2.5967
1791436606.1297,0.0199,0.2789,0.0000,0.0000,0.0000,0.0000,0.0000,0.0000,-0.0031,-0.0031,0.1657,0.1657,-2.5967,0.0000,0.0000,-2.5967
1791436606.1498,0.0201,0.2170,0.0000,0.0000,0.0000,0.0000,0.0000,0.0000,-0.0031,-0.0031,0.1657,0.1657,-2.5967,0.0000,0.0000,-2.5967
1791436606.1697,0.0199,0.2707,0.0000,0.0000,0.0000,0.0000,0.0000,0.0000,-0.0031,-0.0031,0.1657,0.1657,-2.5968,0.0000,0.0000,-2.5968
1791436606.1896,0.0200,0.2574,0.0000,0.0000,0.0000,0.0000,0.0000,0.0000,-0.0031,-0.0031,0.1657,0.1657,-2.5967,0.0000,0.0000,-2.5967
1791436606.2096,0.0200,0.2661,0.0000,0.0000,0.0000,0.0000,0.0000,0.0000,-0.0031,-0.0031,0.1657,0.1657,-2.5968,0.0000,0.0000,-2.5968
1791436606.2296,0.0200,0.2783,0.0000,0.0000,0.0000,0.0000,0.0000,0.0000,-0.0031,-0.0031,0.1657,0.1641,-2.5968,0.0000,0.0000,-2.5968
1791436606.2498,0.0201,0.2141,0.0000,0.0000,0.0000,0.0000,0.0000,0.0000,-0.0031,-0.0031,0.1657,0.1657,-2.5967,0.0000,0.0000,-2.5967
1791436606.2697,0.0199,0.2855,0.0000,0.0000,0.0000,0.0000,0.0000,0.0000,-0.0031,-0.0031,0.1657,0.1657,-2.5967,0.0000,0.0000,-2.5967
1791436606.2896,0.0200,0.2566,0.0000,0.0000,0.0000,0.0000,0.0000,0.0000,-0.0031,-0.0031,0.1657,0.1657,-2.5967,0.0000,0.0000,-2.5967
1791436606.3097,0.0201,0.2668,0.0000,0.0000,0.0000,0.0000,0.0000,0.0000,-0.0031,-0.0031,0.1657,0.1657,-2.5967,0.0000,0.0000,-2.5967
1791436606.3297,0.0200,0.3143,0.0000,0.0000,0.0000,0.0000,0.0000,0.0000,-0.0031,-0.0031,0.1657,0.1641,-2.5968,0.0000,0.0000,-2.5968
1791436606.3498,0.0201,0.1970,0.0000,0.0000,0.0000,0.0000,0.0000,0.0000,-0.0031,-0.0031,0.1657,0.1657,-2.5967,0.0000,0.0000,-2.5967
1791436606.3696,0.0199,0.2514,0.0000,0.0000,0.0000,0.0000,0.0000,0.0000,-0.0031,-0.0031,0.1657,0.1657,-2.5967,0.0000,0.0000,-2.5967
1791436606.3896,0.0200,0.2845,0.0000,0.0000,0.0000,0.0000,0.0000,0.0000,-0.0031,-0.0031,0.1657,0.1641,-2.5968,0.0000,0.0000,-2.5968
1791436606.4097,0.0200,0.2576,0.0000,0.0000,0.0000,0.0000,0.0000,0.0000,-0.0031,-0.0031,0.1657,0.1657,-2.5967,0.0000,0.0000,-2.5967
1791436606.4298,0.0201,0.9603,0.0000,0.0000,0.0000,0.0000,0.0000,0.0000,-0.0031,-0.0031,0.1657,0.1657,-2.5967,0.0000,0.0000,-2.5967
1791436606.4515,0.0218,0.6425,0.0000,0.0000,0.0000,0.0000,0.0000,0.0000,-0.0031,-0.0031,0.1657,0.1657,-2.5968,0.0000,0.0000,-2.5968
1791436606.4704,0.0189,0.4281,0.0000,0.0000,0.0000,0.0000,0.0000,0.0000,-0.0031,-0.0031,0.1657,0.1657,-2.5968,0.0000,0.0000,-2.5968
1791436606.4898,0.0194,0.7137,0.0000,0.0000,0.0000,0.0000,0.0000,0.0000,-0.0031,-0.0031,0.1657,0.1641,-2.5967,0.0000,0.0000,-2.5967
1791436606.5099,0.0201,0.6666,0.0000,0.0000,0.0000,0.0000,0.0000,0.0000,-0.0031,-0.0031,0.1657,0.1641,-2.5967,0.0000,0.0000,-2.5967
1791436606.5300,0.0201,0.4194,0.0000,0.0000,0.0000,0.0000,0.0000,0.0000,-0.0031,-0.0031,0.1657,0.1657,-2.5968,0.0000,0.0000,-2.5968
1791436606.5508,0.0208,1.1320,0.0000,0.0000,0.0000,0.0000,0.0000,0.0000,-0.0031,-0.0031,0.1657,0.1657,-2.5967,0.0000,0.0000,-2.5967
1791436606.5745,0.0237,0.6844,0.0000,0.0000,0.0000,0.0000,0.0000,0.0000,-0.0031,-0.0031,0.1657,0.1657,-2.5967,0.0000,0.0000,-2.5967
1791436606.5898,0.0153,0.4425,0.0000,0.0000,0.0000,0.0000,0.0000,0.0000,-0.0031,-0.0031,0.1657,0.1641,-2.5968,0.0000,0.0000,-2.5968
1791436606.6104,0.0206,0.5060,0.0000,0.0000,0.0000,0.0000,0.0000,0.0000,-0.0031,-0.0031,0.1657,0.1657,-2.5967,0.0000,0.0000,-2.5967
1791436606.6325,0.0221,0.9886,0.0000,0.0000,0.0000,0.0000,0.0000,0.0000,-0.0031,-0.0031,0.1657,0.1657,-2.5968,0.0000,0.0000,-2.5968
1791436606.6499,0.0174,0.5488,0.0000,0.0000,0.0000,0.0000,0.0000,0.0000,-0.0031,-0.0031,0.1657,0.1657,-2.5968,0.0000,0.0000,-2.5968
1791436606.6697,0.0198,0.3116,0.0000,0.0000,0.0000,0.0000,0.0000,0.0000,-0.0031,-0.0031,0.1657,0.1641,-2.5968,0.0000,0.0000,-2.5968
1791436606.6897,0.0200,0.3124,0.0000,0.0000,0.0000,0.0000,0.0000,0.0000,-0.0031,-0.0031,0.1657,0.1657,-2.5968,0.0000,0.0000,-2.5968
1791436606.7100,0.0203,0.5286,0.0000,0.0000,0.0000,0.0000,0.0000,0.0000,-0.0031,-0.0031,0.1657,0.1657,-2.5968,0.0000,0.0000,-2.5968
1791436606.7325,0.0224,0.5146,0.0000,0.0000,0.0000,0.0000,0.0000,0.0000,-0.0031,-0.0031,0.1657,0.1657,-2.5968,0.0000,0.0000,-2.5968
1791436606.7501,0.0176,0.8274,0.0000,0.0000,0.0000,0.0000,0.0000,0.0000,-0.0031,-0.0031,0.1657,0.1657,-2.5968,0.0000,0.0000,-2.5968
1791436606.7708,0.0207,0.2869,0.0000,0.0000,0.0000,0.0000,0.0000,0.0000,-0.0031,-0.0031,0.1657,0.1657,-2.5968,0.0000,0.0000,-2.5968
1791436606.7915,0.0207,0.3287,0.0000,0.0000,0.0000,0.0000,0.0000,0.0000,-0.0031,-0.0031,0.1657,0.1657,-2.5968,0.0000,0.0000,-2.5968
1791436606.8097,0.0182,0.2886,0.0000,0.0000,0.0000,0.0000,0.0000,0.0000,-0.0031,-0.0031,0.1657,0.1641,-2.5967,0.0000,0.0000,-2.5967
1791436606.8299,0.0202,0.8472,0.0000,0.0000,0.0000,0.0000,0.0000,0.0000,-0.0031,-0.0031,0.1657,0.1641,-2.5968,0.0000,0.0000,-2.5968
1791436606.8514,0.0215,0.2269,0.0000,0.0000,0.0000,0.0000,0.0000,0.0000,-0.0031,-0.0031,0.1657,0.1657,-2.5968,0.0000,0.0000,-2.5968
1791436606.8699,0.0185,0.8416,0.0000,0.0000,0.0000,0.0000,0.0000,0.0000,-0.0031,-0.0031,0.1657,0.1657,-2.5968,0.0000,0.0000,-2.5968
1791436606.8898,0.0199,0.2729,0.0000,0.0000,0.0000,0.0000,0.0000,0.0000,-0.0031,-0.0031,0.1657,0.1657,-2.5968,0.0000,0.0000,-2.5968
1791436606.9100,0.0201,0.8905,0.0000,0.0000,0.0000,0.0000,0.0000,0.0000,-0.0031,-0.0031,0.1657,0.1641,-2.5968,0.0000,0.0000,-2.5968
1791436606.9307,0.0207,0.4021,0.0000,0.0000,0.0000,0.0000,0.0000,0.0000,-0.0031,-0.0031,0.1657,0.1657,-2.5967,0.0000,0.0000,-2.5967
1791436606.9515,0.0208,0.2759,0.0000,0.0000,0.0000,0.0000,0.0000,0.0000,-0.0031,-0.0031,0.1657,0.1657,-2.5968,0.0000,0.0000,-2.5968
1791436606.9697,0.0182,0.3593,0.0000,0.0000,0.0000,0.0000,0.0000,0.0000,-0.0031,-0.0031,0.1657,0.1641,-2.5968,0.0000,0.0000,-2.5968
1791436606.9897,0.0200,0.2602,0.0000,0.0000,0.0000,0.0000,0.0000,0.0000,-0.0031,-0.0031,0.1657,0.1657,-2.5967,0.0000,0.0000,-2.5967
1791436607.0097,0.0200,0.3785,0.0000,0.0000,0.0000,0.0000,0.0000,0.0000,-0.0031,-0.0046,0.1657,0.1657,-2.5968,0.0000,0.0000,-2.5968
1791436607.0298,0.0201,0.4940,0.0000,0.0000,0.0000,0.0000,0.0000,0.0000,-0.0031,-0.0031,0.1657,0.1657,-2.5967,0.0000,0.0000,-2.5967
1791436607.0505,0.0207,0.2888,0.0000,0.0000,0.0000,0.0000,0.0000,0.0000,-0.0031,-0.0031,0.1657,0.1657,-2.5967,0.0000,0.0000,-2.5967
1791436607.0704,0.0199,0.3808,0.0000,0.0000,0.0000,0.0000,0.0000,0.0000,-0.0031,-0.0031,0.1657,0.1657,-2.5968,0.0000,0.0000,-2.5968
1791436607.0897,0.0193,0.2768,0.0000,0.0000,0.0000,0.0000,0.0000,0.0000,-0.0031,-0.0031,0.1657,0.1657,-2.5968,0.0000,0.0000,-2.5968
1791436607.1097,0.0200,0.5784,0.0000,0.0000,0.0000,0.0000,0.0000,0.0000,-0.0031,-0.0031,0.1657,0.1657,-2.5968,0.0000,0.0000,-2.5968
1791436607.1309,0.0211,0.7078,0.0000,0.0000,0.0000,0.0000,0.0000,0.0000,-0.0031,-0.0031,0.1657,0.1657,-2.5968,0.0000,0.0000,-2.5968
1791436607.1503,0.0194,0.6561,0.0000,0.0000,0.0000,0.0000,0.0000,0.0000,-0.0031,-0.0031,0.1657,0.1657,-2.5968,0.0000,0.0000,-2.5968
1791436607.1701,0.0199,0.3473,0.0000,0.0000,0.0000,0.0000,0.0000,0.0000,-0.0031,-0.0031,0.1657,0.1657,-2.5967,0.0000,0.0000,-2.5967
1791436607.1898,0.0197,0.2743,0.0000,0.0000,0.0000,0.0000,0.0000,0.0000,-0.0031,-0.0031,0.1657,0.1657,-2.5968,0.0000,0.0000,-2.5968
1791436607.2105,0.0207,0.5166,0.0000,0.0000,0.0000,0.0000,0.0000,0.0000,-0.0031,-0.0031,0.1657,0.1657,-2.5968,0.0000,0.0000,-2.5968
1791436607.2300,0.0195,2.8194,0.0000,0.0000,0.0000,0.0000,0.0000,0.0000,-0.0031,-0.0031,0.1657,0.1657,-2.5968,0.0000,0.0000,-2.5968
1791436607.2504,0.0203,0.6947,0.0000,0.0000,0.0000,0.0000,0.0000,0.0000,-0.0031,-0.0031,0.1657,0.1657,-2.5967,0.0000,0.0000,-2.5967
1791436607.2700,0.0196,0.8216,0.0000,0.0000,0.0000,0.0000,0.0000,0.0000,-0.0031,-0.0031,0.1657,0.1657,-2.5967,0.0000,0.0000,-2.5967
1791436607.2905,0.0205,0.3389,0.0000,0.0000,0.0000,0.0000,0.0000,0.0000,-0.0031,-0.0031,0.1657,0.1657,-2.5967,0.0000,0.0000,-2.5967
1791436607.3104,0.0200,0.4581,0.0000,0.0000,0.0000,0.0000,0.0000,0.0000,-0.0031,-0.0031,0.1657,0.1657,-2.5968,0.0000,0.0000,-2.5968
1791436607.3297,0.0193,4.2375,0.0000,0.0000,0.0000,0.0000,0.0000,0.0000,-0.0031,-0.0031,0.1657,0.1657,-2.5968,0.0000,0.0000,-2.5968
1791436607.3503,0.0205,0.4703,0.0000,0.0000,0.0000,0.0000,0.0000,0.0000,-0.0031,-0.0031,0.1657,0.1657,-2.5967,0.0000,0.0000,-2.5967
1791436607.3704,0.0201,0.7503,0.0000,0.0000,0.0000,0.0000,0.0000,0.0000,-0.0031,-0.0031,0.1657,0.1641,-2.5968,0.0000,0.0000,-2.5968
1791436607.3898,0.0195,0.5251,0.0000,0.0000,0.0000,0.0000,0.0000,0.0000,-0.0031,-0.0031,0.1657,0.1657,-2.5967,0.0000,0.0000,-2.5967
1791436607.4114,0.0216,0.4944,0.0000,0.0000,0.0000,0.0000,0.0000,0.0000,-0.0031,-0.0031,0.1657,0.1641,-2.5968,0.0000,0.0000,-2.5968
1791436607.4297,0.0183,0.5574,0.0000,0.0000,0.0000,0.0000,0.0000,0.0000,-0.0031,-0.0031,0.1657,0.1657,-2.5968,0.0000,0.0000,-2.5968
1791436607.4505,0.0208,0.2466,0.0000,0.0000,0.0000,0.0000,0.0000,0.0000,-0.0031,-0.0031,0.1657,0.1641,-2.5968,0.0000,0.0000,-2.5968
1791436607.4707,0.0201,0.9241,0.0000,0.0000,0.0000,0.0000,0.0000,0.0000,-0.0031,-0.0031,0.1657,0.1657,-2.5968,0.0000,0.0000,-2.5968
1791436607.4914,0.0207,0.4074,0.0000,0.0000,0.0000,0.0000,0.0000,0.0000,-0.0031,-0.0031,0.1657,0.1657,-2.5968,0.0000,0.0000,-2.5968
1791436607.5098,0.0184,0.4382,0.0000,0.0000,0.0000,0.0000,0.0000,0.0000,-0.0031,-0.0031,0.1657,0.1657,-2.5967,0.0000,0.0000,-2.5967
1791436607.5300,0.0202,0.7185,0.0000,0.0000,0.0000,0.0000,0.0000,0.0000,-0.0031,-0.0031,0.1657,0.1657,-2.5968,0.0000,0.0000,-2.5968
1791436607.5506,0.0207,1.2223,0.0000,0.0000,0.0000,0.0000,0.0000,0.0000,-0.0031,-0.0031,0.1657,0.1657,-2.5968,0.0000,0.0000,-2.5968
1791436607.5713,0.0207,0.3073,0.0000,0.0000,0.0000,0.0000,0.0000,0.0000,-0.0031,-0.0031,0.1657,0.1657,-2.5969,0.0000,0.0000,-2.5969
1791436607.5897,0.0184,0.2991,0.0000,0.0000,0.0000,0.0000,0.0000,0.0000,-0.0031,-0.0031,0.1657,0.1657,-2.5968,0.0000,0.0000,-2.5968
1791436607.6097,0.0200,0.3014,0.0000,0.0000,0.0000,0.0000,0.0000,0.0000,-0.0031,-0.0031,0.1657,0.1641,-2.5968,0.0000,0.0000,-2.5968
1791436607.6297,0.0200,0.4207,0.0000,0.0000,0.0000,0.0000,0.0000,0.0000,-0.0031,-0.0031,0.1657,0.1657,-2.5969,0.0000,0.0000,-2.5969
1791436607.6498,0.0201,0.2119,0.0000,0.0000,0.0000,0.0000,0.0000,0.0000,-0.0031,-0.0031,0.1657,0.1657,-2.5968,0.0000,0.0000,-2.5968
1791436607.6724,0.0226,0.3702,0.0000,0.0000,0.0000,0.0000,0.0000,0.0000,-0.0031,-0.0031,0.1657,0.1657,-2.5967,0.0000,0.0000,-2.5967
1791436607.6901,0.0177,0.7925,0.0000,0.0000,0.0000,0.0000,0.0000,0.0000,-0.0031,-0.0031,0.1657,0.1641,-2.5968,0.0000,0.0000,-2.5968
1791436607.7098,0.0197,0.7210,0.0000,0.0000,0.0000,0.0000,0.0000,0.0000,-0.0031,-0.0031,0.1657,0.1641,-2.5968,0.0000,0.0000,-2.5968
1791436607.7297,0.0199,0.5148,0.0000,0.0000,0.0000,0.0000,0.0000,0.0000,-0.0031,-0.0031,0.1657,0.1657,-2.5967,0.0000,0.0000,-2.5967
1791436607.7511,0.0213,0.2909,0.0000,0.0000,0.0000,0.0000,0.0000,0.0000,-0.0031,-0.0031,0.1657,0.1657,-2.5968,0.0000,0.0000,-2.5968
1791436607.7699,0.0188,0.7537,0.0000,0.0000,0.0000,0.0000,0.0000,0.0000,-0.0031,-0.0031,0.1657,0.1641,-2.5968,0.0000,0.0000,-2.5968
1791436607.7904,0.0205,0.3152,0.0000,0.0000,0.0000,0.0000,0.0000,0.0000,-0.0031,-0.0031,0.1657,0.1657,-2.5968,0.0000,0.0000,-2.5968
1791436607.8101,0.0197,0.5074,0.0000,0.0000,0.0000,0.0000,0.0000,0.0000,-0.0031,-0.0031,0.1657,0.1657,-2.5969,0.0000,0.0000,-2.5969
1791436607.8332,0.0231,0.5196,0.0000,0.0000,0.0000,0.0000,0.0000,0.0000,-0.0031,-0.0031,0.1657,0.1641,-2.5969,0.0000,0.0000,-2.5969
1791436607.8500,0.0168,1.5547,0.0000,0.0000,0.0000,0.0000,0.0000,0.0000,-0.0031,-0.0031,0.1657,0.1657,-2.5968,0.0000,0.0000,-2.5968
1791436607.8716,0.0216,1.3440,0.0000,0.0000,0.0000,0.0000,0.0000,0.0000,-0.0031,-0.0031,0.1657,0.1657,-2.5967,0.0000,0.0000,-2.5967
1791436607.8899,0.0183,0.5867,0.0000,0.0000,0.0000,0.0000,0.0000,0.0000,-0.0031,-0.0031,0.1657,0.1657,-2.5968,0.0000,0.0000,-2.5968
1791436607.9104,0.0205,0.3544,0.0000,0.0000,0.0000,0.0000,0.0000,0.0000,-0.0031,-0.0031,0.1657,0.1657,-2.5968,0.0000,0.0000,-2.5968
1791436607.9299,0.0194,2.9247,0.0000,0.0000,0.0000,0.0000,0.0000,0.0000,-0.0031,-0.0031,0.1657,0.1657,-2.5968,0.0000,0.0000,-2.5968
1791436607.9501,0.0202,0.3240,0.0000,0.0000,0.0000,0.0000,0.0000,0.0000,-0.0031,-0.0031,0.1657,0.1657,-2.5968,0.0000,0.0000,-2.5968
1791436607.9714,0.0213,0.4666,0.0000,0.0000,0.0000,0.0000,0.0000,0.0000,-0.0031,-0.0031,0.1657,0.1641,-2.5968,0.0000,0.0000,-2.5968
1791436607.9897,0.0183,0.2535,0.0000,0.0000,0.0000,0.0000,0.0000,0.0000,-0.0031,-0.0031,0.1657,0.1657,-2.5968,0.0000,0.0000,-2.5968
1791436608.0103,0.0206,0.2617,0.0000,0.0000,0.0000,0.0000,0.0000,0.0000,-0.0031,-0.0031,0.1657,0.1657,-2.5967,0.0000,0.0000,-2.5967
1791436608.0299,0.0196,1.5030,0.0000,0.0000,0.0000,0.0000,0.0000,0.0000,-0.0031,-0.0031,0.1657,0.1657,-2.5968,0.0000,0.0000,-2.5968
1791436608.0498,0.0199,0.2176,0.0000,0.0000,0.0000,0.0000,0.0000,0.0000,-0.0031,-0.0031,0.1657,0.1657,-2.5967,0.0000,0.0000,-2.5967
1791436608.0706,0.0208,0.3835,0.0000,0.0000,0.0000,0.0000,0.0000,0.0000,-0.0031,-0.0031,0.1657,0.1657,-2.5968,0.0000,0.0000,-2.5968
1791436608.0908,0.0202,0.6350,0.0000,0.0000,0.0000,0.0000,0.0000,0.0000,-0.0031,-0.0031,0.1657,0.1657,-2.5968,0.0000,0.0000,-2.5968
1791436608.1105,0.0197,0.5473,0.0000,0.0000,0.0000,0.0000,0.0000,0.0000,-0.0031,-0.0031,0.1657,0.1641,-2.5968,0.0000,0.0000,-2.5968
1791436608.1298,0.0193,3.0576,0.0000,0.0000,0.0000,0.0000,0.0000,0.0000,-0.0031,-0.0031,0.1657,0.1657,-2.5968,0.0000,0.0000,-2.5968
1791436608.1506,0.0207,0.5632,0.0000,0.0000,0.0000,0.0000,0.0000,0.0000,-0.0031,-0.0031,0.1657,0.1657,-2.5968,0.0000,0.0000,-2.5968
1791436608.1705,0.0199,0.3609,0.0000,0.0000,0.0000,0.0000,0.0000,0.0000,-0.0031,-0.0031,0.1657,0.1657,-2.5968,0.0000,0.0000,-2.5968
1791436608.1898,0.0193,1.7381,0.0000,0.0000,0.0000,0.0000,0.0000,0.0000,-0.0031,-0.0031,0.1657,0.1657,-2.5968,0.0000,0.0000,-2.5968
1791436608.2122,0.0224,1.0053,0.0000,0.0000,0.0000,0.0000,0.0000,0.0000,-0.0031,-0.0031,0.1657,0.1657,-2.5968,0.0000,0.0000,-2.5968
1791436608.2298,0.0176,4.8896,0.0000,0.0000,0.0000,0.0000,0.0000,0.0000,-0.0031,-0.0031,0.1657,0.1657,-2.5968,0.0000,0.0000,-2.5968
1791436608.2499,0.0201,6.3793,0.0000,0.0000,0.0000,0.0000,0.0000,0.0000,-0.0031,-0.0031,0.1657,0.1657,-2.5968,0.0000,0.0000,-2.5968
1791436608.2728,0.0229,0.9261,0.0000,0.0000,0.0000,0.0000,0.0000,0.0000,-0.0031,-0.0031,0.1657,0.1657,-2.5969,0.0000,0.0000,-2.5969
1791436608.2897,0.0170,0.5668,0.0000,0.0000,0.0000,0.0000,0.0000,0.0000,-0.0031,-0.0031,0.1657,0.1657,-2.5968,0.0000,0.0000,-2.5968
1791436608.3098,0.0200,3.4921,0.0000,0.0000,0.0000,0.0000,0.0000,0.0000,-0.0031,-0.0031,0.1657,0.1657,-2.5968,0.0000,0.0000,-2.5968
1791436608.3297,0.0199,0.5169,0.0000,0.0000,0.0000,0.0000,0.0000,0.0000,-0.0031,-0.0031,0.1657,0.1657,-2.5969,0.0000,0.0000,-2.5969
1791436608.3506,0.0209,0.4761,0.0000,0.0000,0.0000,0.0000,0.0000,0.0000,-0.0031,-0.0031,0.1657,0.1657,-2.5967,0.0000,0.0000,-2.5967
1791436608.3702,0.0196,0.5733,0.0000,0.0000,0.0000,0.0000,0.0000,0.0000,-0.0031,-0.0031,0.1657,0.1657,-2.5968,0.0000,0.0000,-2.5968
1791436608.3905,0.0203,1.9901,0.0000,0.0000,0.0000,0.0000,0.0000,0.0000,0.0000,-0.0031,0.1232,0.1657,-2.5968,0.0000,0.0000,-2.5968
1791436608.4098,0.0194,1.1296,0.0000,0.0000,0.0000,0.0000,0.0000,0.0000,0.0000,-0.0031,0.0826,0.1657,-2.5968,0.0000,0.0000,-2.5968
1791436608.4300,0.0202,1.0115,0.0000,0.0000,0.0000,0.0000,0.0000,0.0000,0.0000,-0.0031,0.0404,0.1641,-2.5968,0.0000,0.0000,-2.5968
1791436608.4501,0.0201,0.5294,0.0000,0.0000,0.0000,0.0000,0.0000,0.0000,0.0000,-0.0015,0.0000,0.1534,-2.5969,0.0000,0.0000,-2.5969
1791436608.4705,0.0204,1.5080,0.0000,0.0000,0.0000,0.0000,0.0000,0.0000,0.0000,-0.0015,0.0000,0.1289,-2.5968,0.0000,0.0000,-2.5968
1791436608.4898,0.0193,1.1398,0.0000,0.0000,0.0000,0.0000,0.0000,0.0000,0.0000,-0.0015,0.0000,0.0966,-2.5969,0.0000,0.0000,-2.5969
1791436608.5104,0.0206,0.8898,0.0000,0.0000,0.0000,0.0000,0.0000,0.0000,0.0000,-0.0015,0.0000,0.0614,-2.5968,0.0000,0.0000,-2.5968
1791436608.5298,0.0194,3.1925,0.0000,0.0000,0.0000,0.0000,0.0000,0.0000,0.0000,-0.0015,0.0000,0.0368,-2.5969,0.0000,0.0000,-2.5969
1791436608.5527,0.0229,2.5863,0.0000,0.0000,0.0000,0.0000,0.0000,0.0000,0.0000,-0.0015,0.0000,0.0230,-2.5968,0.0000,0.0000,-2.5968
1791436608.5706,0.0179,3.0199,0.0000,0.0000,0.0000,0.0000,0.0000,0.0000,0.0000,-0.0015,0.0000,0.0138,-2.5968,0.0000,0.0000,-2.5968
1791436608.5897,0.0190,1.4950,0.0000,0.0000,0.0000,0.0000,0.0000,0.0000,0.0000,-0.0015,0.0000,0.0077,-2.5969,0.0000,0.0000,-2.5969
1791436608.6104,0.0207,0.5739,0.0000,0.0000,0.0000,0.0000,0.0000,0.0000,0.0000,-0.0015,0.0000,0.0046,-2.5969,0.0000,0.0000,-2.5969
1791436608.6303,0.0200,2.3024,0.0000,0.0000,0.0000,0.0000,0.0000,0.0000,0.0000,-0.0015,-0.0418,0.0015,-2.5969,0.0000,0.0000,-2.5969
1791436608.6505,0.0201,0.6931,0.0000,0.0000,0.0000,0.0000,0.0000,0.0000,0.0000,-0.0015,-0.0840,0.0015,-2.5968,0.0000,0.0000,-2.5968
1791436608.6714,0.0209,1.2011,0.0000,0.0000,0.0000,0.0000,0.0000,0.0000,0.0000,-0.0015,-0.1278,-0.0000,-2.5968,0.0000,0.0000,-2.5968
1791436608.6899,0.0185,2.8230,0.0000,0.0000,0.0000,0.0000,0.0000,0.0000,0.0000,-0.0015,-0.1665,-0.0107,-2.5968,0.0000,0.0000,-2.5968
1791436608.7099,0.0200,1.3808,0.0000,0.0000,0.0000,0.0000,0.0000,0.0000,0.0000,-0.0015,-0.2085,-0.0353,-2.5968,0.0000,0.0000,-2.5968
1791436608.7305,0.0205,5.0636,0.0000,0.0000,0.0000,0.0000,0.0000,0.0000,0.0000,-0.0015,-0.2515,-0.0736,-2.5968,0.0000,0.0000,-2.5968
1791436608.7520,0.0215,3.4453,0.0000,0.0000,0.0000,0.0000,0.0000,0.0000,0.0000,-0.0015,-0.2618,-0.1074,-2.5968,0.0000,0.0000,-2.5968
1791436608.7704,0.0184,1.7512,0.0000,0.0000,0.0000,0.0000,0.0000,0.0000,0.0000,-0.0015,-0.2618,-0.1427,-2.5968,0.0000,0.0000,-2.5968
1791436608.7904,0.0200,1.9410,0.0000,0.0000,0.0000,0.0000,0.0000,0.0000,0.0000,-0.0015,-0.2618,-0.1626,-2.5968,0.0000,0.0000,-2.5968
1791436608.8097,0.0193,6.8479,0.0000,0.0000,0.0000,0.0000,0.0000,0.0000,0.0000,-0.0015,-0.2618,-0.1979,-2.5968,0.0000,0.0000,-2.5968
1791436608.8304,0.0207,1.1633,0.0000,0.0000,0.0000,0.0000,0.0000,0.0000,0.0000,-0.0015,-0.2618,-0.2224,-2.5968,0.0000,0.0000,-2.5968
1791436608.8538,0.0234,0.5596,0.0000,0.0000,0.0000,0.0000,0.0000,0.0000,0.0000,-0.0015,-0.2618,-0.2424,-2.5968,0.0000,0.0000,-2.5968
1791436608.8699,0.0161,2.8038,0.0000,0.0000,0.0000,0.0000,0.0000,0.0000,0.0000,-0.0015,-0.2618,-0.2470,-2.5969,0.0000,0.0000,-2.5969
1791436608.8897,0.0198,3.3857,0.0000,0.0000,0.0000,0.0000,0.0000,0.0000,0.0000,-0.0015,-0.2618,-0.2546,-2.5968,0.0000,0.0000,-2.5968
1791436608.9098,0.0202,2.4965,0.0000,0.0000,0.0000,0.0000,0.0000,0.0000,0.0000,-0.0015,-0.2618,-0.2577,-2.5968,0.0000,0.0000,-2.5968
1791436608.9316,0.0218,7.2228,0.0000,0.0000,0.0000,0.0000,0.0000,0.0000,0.0000,-0.0015,-0.2618,-0.2592,-2.5968,0.0000,0.0000,-2.5968
1791436608.9509,0.0192,3.6817,0.0000,0.0000,0.0000,0.0000,0.0000,0.0000,0.0000,-0.0015,-0.2618,-0.2608,-2.5969,0.0000,0.0000,-2.5969
1791436608.9700,0.0191,4.3814,0.0000,0.0000,0.0000,0.0000,0.0000,0.0000,0.0000,-0.0015,-0.2618,-0.2608,-2.5968,0.0000,0.0000,-2.5968
1791436608.9898,0.0198,0.6141,0.0000,0.0000,0.0000,0.0000,0.0000,0.0000,0.0000,-0.0015,-0.2618,-0.2623,-2.5968,0.0000,0.0000,-2.5968
1791436609.0100,0.0203,1.4505,0.0000,0.0000,0.0000,0.0000,0.0000,0.0000,0.0000,-0.0015,-0.2618,-0.2608,-2.5968,0.0000,0.0000,-2.5968
1791436609.0310,0.0210,1.1217,0.0000,0.0000,0.0000,0.0000,0.0000,0.0000,0.0000,-0.0015,-0.2618,-0.2623,-2.5968,0.0000,0.0000,-2.5968
1791436609.0516,0.0206,1.1451,0.0000,0.0000,0.0000,0.0000,0.0000,0.0000,0.0000,-0.0015,-0.2618,-0.2623,-2.5968,0.0000,0.0000,-2.5968
1791436609.0701,0.0184,0.6863,0.0000,0.0000,0.0000,0.0000,0.0000,0.0000,0.0000,-0.0015,-0.2618,-0.2623,-2.5968,0.0000,0.0000,-2.5968
1791436609.0897,0.0196,0.4169,0.0000,0.0000,0.0000,0.0000,0.0000,0.0000,0.0000,-0.0015,-0.2618,-0.2623,-2.5968,0.0000,0.0000,-2.5968
1791436609.1097,0.0200,1.3516,0.0000,0.0000,0.0000,0.0000,0.0000,0.0000,0.0000,-0.0015,-0.2618,-0.2608,-2.5967,0.0000,0.0000,-2.5967
1791436609.1298,0.0202,0.8357,0.0000,0.0000,0.0000,0.0000,0.0000,0.0000,0.0000,-0.0015,-0.2618,-0.2623,-2.5968,0.0000,0.0000,-2.5968
1791436609.1531,0.0233,1.9223,0.0000,0.0000,0.0000,0.0000,0.0000,0.0000,0.0000,-0.0015,-0.2618,-0.2623,-2.5968,0.0000,0.0000,-2.5968
1791436609.1716,0.0184,1.2918,0.0000,0.0000,0.0000,0.0000,0.0000,0.0000,0.0000,-0.0015,-0.2618,-0.2623,-2.5969,0.0000,0.0000,-2.5969
1791436609.1897,0.0182,2.9283,0.0000,0.0000,0.0000,0.0000,0.0000,0.0000,0.0000,-0.0015,-0.2618,-0.2623,-2.5969,0.0000,0.0000,-2.5969
1791436609.2098,0.0201,3.3091,0.0000,0.0000,0.0000,0.0000,0.0000,0.0000,0.0000,-0.0015,-0.2618,-0.2623,-2.5969,0.0000,0.0000,-2.5969
1791436609.2297,0.0199,2.0645,0.0000,0.0000,0.0000,0.0000,0.0000,0.0000,0.0000,-0.0015,-0.2618,-0.2623,-2.5968,0.0000,0.0000,-2.5968
1791436609.2506,0.0209,5.1276,0.0000,0.0000,0.0000,0.0000,0.0000,0.0000,0.0000,-0.0015,-0.2618,-0.2623,-2.5969,0.0000,0.0000,-2.5969
1791436609.2701,0.0195,4.9306,0.0000,0.0000,0.0000,0.0000,0.0000,0.0000,0.0000,-0.0015,-0.2618,-0.2623,-2.5969,0.0000,0.0000,-2.5969
1791436609.2897,0.0196,0.5659,0.0000,0.0000,0.0000,0.0000,0.0000,0.0000,0.0000,-0.0015,-0.2618,-0.2623,-2.5969,0.0000,0.0000,-2.5969
1791436609.3097,0.0200,0.4741,0.0000,0.0000,0.0000,0.0000,0.0000,0.0000,0.0000,-0.0015,-0.2618,-0.2623,-2.5969,0.0000,0.0000,-2.5969
1791436609.3305,0.0208,0.4636,0.0000,0.0000,0.0000,0.0000,0.0000,0.0000,0.0000,-0.0015,-0.2618,-0.2623,-2.5968,0.0000,0.0000,-2.5968
1791436609.3518,0.0213,0.7039,0.0000,0.0000,0.0000,0.0000,0.0000,0.0000,0.0000,-0.0015,-0.2618,-0.2623,-2.5968,0.0000,0.0000,-2.5968
1791436609.3707,0.0189,4.2147,0.0000,0.0000,0.0000,0.0000,0.0000,0.0000,0.0000,-0.0015,-0.2618,-0.2623,-2.5968,0.0000,0.0000,-2.5968
1791436609.3897,0.0190,1.0899,0.0000,0.0000,0.0000,0.0000,0.0000,0.0000,0.0000,-0.0015,-0.2618,-0.2623,-2.5968,0.0000,0.0000,-2.5968
1791436609.4098,0.0201,3.0268,0.0000,0.0000,0.0000,0.0000,0.0000,0.0000,0.0000,-0.0015,-0.2618,-0.2623,-2.5968,0.0000,0.0000,-2.5968
1791436609.4298,0.0200,3.6230,0.0000,0.0000,0.0000,0.0000,0.0000,0.0000,0.0000,-0.0015,-0.2618,-0.2623,-2.5968,0.0000,0.0000,-2.5968
1791436609.4499,0.0201,0.3996,0.0000,0.0000,0.0000,0.0000,0.0000,0.0000,0.0000,-0.0015,-0.2618,-0.2623,-2.5968,0.0000,0.0000,-2.5968
1791436609.4708,0.0209,3.2595,0.0000,0.0000,0.0000,0.0000,0.0000,0.0000,0.0000,-0.0015,-0.2618,-0.2623,-2.5968,0.0000,0.0000,-2.5968
1791436609.4898,0.0190,2.6629,0.0000,0.0000,0.0000,0.0000,0.0000,0.0000,0.0000,-0.0015,-0.2618,-0.2623,-2.5967,0.0000,0.0000,-2.5967
1791436609.5100,0.0202,2.3227,0.0000,0.0000,0.0000,0.0000,0.0000,0.0000,0.0000,-0.0015,-0.2618,-0.2623,-2.5968,0.0000,0.0000,-2.5968
1791436609.5297,0.0197,1.7811,0.0000,0.0000,0.0000,0.0000,0.0000,0.0000,0.0000,-0.0015,-0.2618,-0.2623,-2.5969,0.0000,0.0000,-2.5969
1791436609.5514,0.0217,2.2905,0.0000,0.0000,0.0000,0.0000,0.0000,0.0000,0.0000,-0.0015,-0.2618,-0.2623,-2.5968,0.0000,0.0000,-2.5968
1791436609.5700,0.0187,1.0945,0.0000,0.0000,0.0000,0.0000,0.0000,0.0000,0.0000,-0.0015,-0.2618,-0.2623,-2.5969,0.0000,0.0000,-2.5969
1791436609.5899,0.0198,1.7767,0.0000,0.0000,0.0000,0.0000,0.0000,0.0000,0.0000,-0.0015,-0.2618,-0.2623,-2.5968,0.0000,0.0000,-2.5968
1791436609.6098,0.0199,3.5662,0.0000,0.0000,0.0000,0.0000,0.0000,0.0000,0.0000,-0.0015,-0.2618,-0.2623,-2.5968,0.0000,0.0000,-2.5968
1791436609.6297,0.0199,0.4526,0.0000,0.0000,0.0000,0.0000,0.0000,0.0000,0.0000,-0.0015,-0.2618,-0.2623,-2.5968,0.0000,0.0000,-2.5968
1791436609.6527,0.0230,0.4548,0.0000,0.0000,0.0000,0.0000,0.0000,0.0000,0.0000,-0.0015,-0.2618,-0.2623,-2.5969,0.0000,0.0000,-2.5969
1791436609.6698,0.0171,4.6123,0.0000,0.0000,0.0000,0.0000,0.0000,0.0000,0.0000,-0.0015,-0.2618,-0.2623,-2.5969,0.0000,0.0000,-2.5969
1791436609.6905,0.0207,0.9933,0.0000,0.0000,0.0000,0.0000,0.0000,0.0000,0.0000,-0.0015,-0.2618,-0.2623,-2.5969,0.0000,0.0000,-2.5969
1791436609.7105,0.0200,0.7678,0.0000,0.0000,0.0000,0.0000,0.0000,0.0000,0.0000,-0.0015,-0.2618,-0.2623,-2.5968,0.0000,0.0000,-2.5968
1791436609.7297,0.0193,0.5809,0.0000,0.0000,0.0000,0.0000,0.0000,0.0000,0.0000,-0.0015,-0.2618,-0.2623,-2.5969,0.0000,0.0000,-2.5969
1791436609.7524,0.0226,0.3691,0.0000,0.0000,0.0000,0.0000,0.0000,0.0000,0.0000,-0.0015,-0.2618,-0.2623,-2.5968,0.0000,0.0000,-2.5968
1791436609.7697,0.0173,0.5477,0.0000,0.0000,0.0000,0.0000,0.0000,0.0000,0.0000,-0.0015,-0.2618,-0.2623,-2.5968,0.0000,0.0000,-2.5968
1791436609.7898,0.0201,0.9215,0.0000,0.0000,0.0000,0.0000,0.0000,0.0000,0.0000,-0.0015,-0.2618,-0.2623,-2.5968,0.0000,0.0000,-2.5968
1791436609.8097,0.0198,1.9701,0.0000,0.0000,0.0000,0.0000,0.0000,0.0000,0.0000,-0.0015,-0.2618,-0.2623,-2.5968,0.0000,0.0000,-2.5968
1791436609.8303,0.0206,0.8121,0.0000,0.0000,0.0000,0.0000,0.0000,0.0000,0.0000,-0.0015,-0.2618,-0.2623,-2.5968,0.0000,0.0000,-2.5968
1791436609.8501,0.0198,0.7415,0.0000,0.0000,0.0000,0.0000,0.0000,0.0000,0.0000,-0.0015,-0.2618,-0.2623,-2.5968,0.0000,0.0000,-2.5968
1791436609.8698,0.0197,0.5992,0.0000,0.0000,0.0000,0.0000,0.0000,0.0000,0.0000,-0.0015,-0.2618,-0.2623,-2.5969,0.0000,0.0000,-2.5969
1791436609.8899,0.0201,0.6696,0.0000,0.0000,0.0000,0.0000,0.0000,0.0000,0.0000,-0.0015,-0.2618,-0.2623,-2.5968,0.0000,0.0000,-2.5968
1791436609.9099,0.0200,3.4992,0.0000,0.0000,0.0000,0.0000,0.0000,0.0000,0.0000,-0.0015,-0.2618,-0.2623,-2.5968,0.0000,0.0000,-2.5968
1791436609.9298,0.0199,1.5500,0.0000,0.0000,0.0000,0.0000,0.0000,0.0000,0.0000,-0.0015,-0.2618,-0.2623,-2.5969,0.0000,0.0000,-2.5969
1791436609.9523,0.0225,7.2493,0.0000,0.0000,0.0000,0.0000,0.0000,0.0000,0.0000,-0.0015,-0.2618,-0.2623,-2.5969,0.0000,0.0000,-2.5969
1791436609.9697,0.0175,2.7083,0.0000,0.0000,0.0000,0.0000,0.0000,0.0000,0.0000,-0.0015,-0.2618,-0.2623,-2.5969,0.0000,0.0000,-2.5969
1791436609.9898,0.0201,1.2590,0.0000,0.0000,0.0000,0.0000,0.0000,0.0000,0.0000,-0.0015,-0.2618,-0.2623,-2.5969,0.0000,0.0000,-2.5969
1791436610.0097,0.0199,2.3126,0.0000,0.0000,0.0000,0.0000,0.0000,0.0000,0.0000,-0.0015,-0.2618,-0.2623,-2.5968,0.0000,0.0000,-2.5968
1791436610.0299,0.0202,6.5866,0.0000,0.0000,0.0000,0.0000,0.0000,0.0000,0.0000,-0.0015,-0.2618,-0.2623,-2.5969,0.0000,0.0000,-2.5969
1791436610.0508,0.0209,3.1114,0.0000,0.0000,0.0000,0.0000,0.0000,0.0000,0.0000,-0.0015,-0.2618,-0.2623,-2.5969,0.0000,0.0000,-2.5969
1791436610.0699,0.0191,3.8819,0.0000,0.0000,0.0000,0.0000,0.0000,0.0000,0.0000,-0.0015,-0.2618,-0.2623,-2.5968,0.0000,0.0000,-2.5968
1791436610.0898,0.0198,0.5693,0.0000,0.0000,0.0000,0.0000,0.0000,0.0000,0.0000,-0.0015,-0.2618,-0.2623,-2.5968,0.0000,0.0000,-2.5968
1791436610.1098,0.0200,2.4992,0.0000,0.0000,0.0000,0.0000,0.0000,0.0000,0.0000,-0.0015,-0.2618,-0.2623,-2.5969,0.0000,0.0000,-2.5969
1791436610.1299,0.0201,0.7803,0.0000,0.0000,0.0000,0.0000,0.0000,0.0000,0.0000,-0.0015,-0.2618,-0.2623,-2.5969,0.0000,0.0000,-2.5969
1791436610.1503,0.0204,2.8215,0.0000,0.0000,0.0000,0.0000,0.0000,0.0000,0.0000,-0.0015,-0.2618,-0.2623,-2.5968,0.0000,0.0000,-2.5968
1791436610.1699,0.0196,4.0221,0.0000,0.0000,0.0000,0.0000,0.0000,0.0000,0.0000,-0.0015,-0.2618,-0.2623,-2.5968,0.0000,0.0000,-2.5968
1791436610.1903,0.0204,4.3307,0.0000,0.0000,0.0000,0.0000,0.0000,0.0000,0.0000,-0.0015,-0.2618,-0.2623,-2.5968,0.0000,0.0000,-2.5968
1791436610.2105,0.0201,2.1396,0.0000,0.0000,0.0000,0.0000,0.0000,0.0000,0.0000,-0.0015,-0.2618,-0.2623,-2.5968,0.0000,0.0000,-2.5968
1791436610.2300,0.0196,5.2756,0.0000,0.0000,0.0000,0.0000,0.0000,0.0000,0.0000,-0.0015,-0.2618,-0.2623,-2.5970,0.0000,0.0000,-2.5970
1791436610.2524,0.0223,0.9288,0.0000,0.0000,0.0000,0.0000,0.0000,0.0000,0.0000,-0.0015,-0.2618,-0.2623,-2.5969,0.0000,0.0000,-2.5969
1791436610.2698,0.0174,1.0412,0.0000,0.0000,0.0000,0.0000,0.0000,0.0000,0.0000,-0.0015,-0.2618,-0.2623,-2.5968,0.0000,0.0000,-2.5968
1791436610.2899,0.0201,0.6902,0.0000,0.0000,0.0000,0.0000,0.0000,0.0000,0.0000,-0.0015,-0.2618,-0.2623,-2.5969,0.0000,0.0000,-2.5969
1791436610.3098,0.0200,0.7089,0.0000,0.0000,0.0000,0.0000,0.0000,0.0000,0.0000,-0.0015,-0.2618,-0.2623,-2.5968,0.0000,0.0000,-2.5968
1791436610.3299,0.0200,1.2846,0.0000,0.0000,0.0000,0.0000,0.0000,0.0000,0.0000,-0.0015,-0.2618,-0.2623,-2.5969,0.0000,0.0000,-2.5969
1791436610.3525,0.0227,0.3566,0.0000,0.0000,0.0000,0.0000,0.0000,0.0000,0.0000,-0.0015,-0.2618,-0.2623,-2.5968,0.0000,0.0000,-2.5968
1791436610.3705,0.0180,2.6357,0.0000,0.0000,0.0000,0.0000,0.0000,0.0000,0.0000,-0.0015,-0.2618,-0.2623,-2.5969,0.0000,0.0000,-2.5969
1791436610.3897,0.0191,0.4061,0.0000,0.0000,0.0000,0.0000,0.0000,0.0000,0.0000,-0.0015,-0.2618,-0.2623,-2.5969,0.0000,0.0000,-2.5969
1791436610.4097,0.0200,0.5243,0.0000,0.0000,0.0000,0.0000,0.0000,0.0000,0.0000,-0.0015,-0.2618,-0.2623,-2.5969,0.0000,0.0000,-2.5969
1791436610.4297,0.0201,0.4555,0.0000,0.0000,0.0000,0.0000,0.0000,0.0000,0.0000,-0.0015,-0.2618,-0.2623,-2.5969,0.0000,0.0000,-2.5969
1791436610.4503,0.0206,0.9782,0.0000,0.0000,0.0000,0.0000,0.0000,0.0000,0.0000,-0.0015,-0.2618,-0.2623,-2.5969,0.0000,0.0000,-2.5969
1791436610.4706,0.0203,1.2458,0.0000,0.0000,0.0000,0.0000,0.0000,0.0000,0.0000,-0.0015,-0.2618,-0.2623,-2.5969,0.0000,0.0000,-2.5969
1791436610.4897,0.0191,0.4117,0.0000,0.0000,0.0000,0.0000,0.0000,0.0000,0.0000,-0.0015,-0.2618,-0.2623,-2.5968,0.0000,0.0000,-2.5968
1791436610.5097,0.0200,0.6751,0.0000,0.0000,0.0000,0.0000,0.0000,0.0000,0.0000,-0.0015,-0.2618,-0.2623,-2.5969,0.0000,0.0000,-2.5969
1791436610.5297,0.0200,0.6632,0.0000,0.0000,0.0000,0.0000,0.0000,0.0000,0.0000,-0.0015,-0.2618,-0.2623,-2.5969,0.0000,0.0000,-2.5969
1791436610.5544,0.0247,1.3906,0.0000,0.0000,0.0000,0.0000,0.0000,0.0000,0.0000,-0.0015,-0.2618,-0.2623,-2.5968,0.0000,0.0000,-2.5968
1791436610.5705,0.0161,1.6862,0.0000,0.0000,0.0000,0.0000,0.0000,0.0000,0.0000,-0.0015,-0.2618,-0.2623,-2.5969,0.0000,0.0000,-2.5969
1791436610.5898,0.0193,0.9473,0.0000,0.0000,0.0000,0.0000,0.0000,0.0000,0.0000,-0.0015,-0.2618,-0.2623,-2.5968,0.0000,0.0000,-2.5968
1791436610.6114,0.0216,1.6170,0.0000,0.0000,0.0000,0.0000,0.0000,0.0000,0.0000,-0.0015,-0.2618,-0.2623,-2.5968,0.0000,0.0000,-2.5968
1791436610.6297,0.0183,0.6902,0.0000,0.0000,0.0000,0.0000,0.0000,0.0000,0.0000,-0.0015,-0.2618,-0.2623,-2.5969,0.0000,0.0000,-2.5969
1791436610.6502,0.0205,0.4858,0.0000,0.0000,0.0000,0.0000,0.0000,0.0000,0.0000,-0.0015,-0.2618,-0.2623,-2.5969,0.0000,0.0000,-2.5969
1791436610.6705,0.0203,0.7367,0.0000,0.0000,0.0000,0.0000,0.0000,0.0000,0.0000,-0.0015,-0.2618,-0.2623,-2.5968,0.0000,0.0000,-2.5968
1791436610.6898,0.0193,0.5937,0.0000,0.0000,0.0000,0.0000,0.0000,0.0000,0.0000,-0.0015,-0.2618,-0.2623,-2.5969,0.0000,0.0000,-2.5969
1791436610.7097,0.0199,0.6708,0.0000,0.0000,0.0000,0.0000,0.0000,0.0000,0.0000,-0.0015,-0.2618,-0.2623,-2.5969,0.0000,0.0000,-2.5969
1791436610.7297,0.0200,0.6037,0.0000,0.0000,0.0000,0.0000,0.0000,0.0000,0.0000,-0.0015,-0.2618,-0.2623,-2.5969,0.0000,0.0000,-2.5969
1791436610.7505,0.0207,0.5987,0.0000,0.0000,0.0000,0.0000,0.0000,0.0000,0.0000,-0.0015,-0.2618,-0.2623,-2.5969,0.0000,0.0000,-2.5969
1791436610.7705,0.0200,1.0669,0.0000,0.0000,0.0000,0.0000,0.0000,0.0000,0.0000,-0.0015,-0.2618,-0.2623,-2.5969,0.0000,0.0000,-2.5969
1791436610.7898,0.0193,0.8298,0.0000,0.0000,0.0000,0.0000,0.0000,0.0000,0.0000,-0.0015,-0.2618,-0.2623,-2.5969,0.0000,0.0000,-2.5969
1791436610.8097,0.0199,1.1043,0.0000,0.0000,0.0000,0.0000,0.0000,0.0000,0.0000,-0.0015,-0.2618,-0.2623,-2.5969,0.0000,0.0000,-2.5969
1791436610.8300,0.0203,0.5849,0.0000,0.0000,0.0000,0.0000,0.0000,0.0000,0.0000,-0.0015,-0.2618,-0.2623,-2.5969,0.0000,0.0000,-2.5969
1791436610.8508,0.0209,0.5003,0.0000,0.0000,0.0000,0.0000,0.0000,0.0000,0.0000,-0.0015,-0.2618,-0.2623,-2.5968,0.0000,0.0000,-2.5968
1791436610.8699,0.0191,1.2121,0.0000,0.0000,0.0000,0.0000,0.0000,0.0000,0.0000,-0.0015,-0.2618,-0.2623,-2.5969,0.0000,0.0000,-2.5969
1791436610.8897,0.0198,2.2855,0.0000,0.0000,0.0000,0.0000,0.0000,0.0000,0.0000,-0.0015,-0.2618,-0.2623,-2.5969,0.0000,0.0000,-2.5969
1791436610.9097,0.0200,2.8092,0.0000,0.0000,0.0000,0.0000,0.0000,0.0000,0.0000,-0.0015,-0.2618,-0.2623,-2.5969,0.0000,0.0000,-2.5969
1791436610.9301,0.0203,1.5506,0.0000,0.0000,0.0000,0.0000,0.0000,0.0000,0.0000,-0.0015,-0.2618,-0.2623,-2.5968,0.0000,0.0000,-2.5968
1791436610.9507,0.0206,2.7445,0.0000,0.0000,0.0000,0.0000,0.0000,0.0000,0.0000,-0.0015,-0.2618,-0.2623,-2.5968,0.0000,0.0000,-2.5968
1791436610.9706,0.0199,4.4557,0.0000,0.0000,0.0000,0.0000,0.0000,0.0000,0.0000,-0.0015,-0.2618,-0.2623,-2.5969,0.0000,0.0000,-2.5969
1791436610.9915,0.0210,1.2408,0.0000,0.0000,0.0000,0.0000,0.0000,0.0000,0.0000,-0.0015,-0.2618,-0.2623,-2.5969,0.0000,0.0000,-2.5969
1791436611.0098,0.0182,0.9678,0.0000,0.0000,0.0000,0.0000,0.0000,0.0000,0.0000,-0.0015,-0.2618,-0.2623,-2.5969,0.0000,0.0000,-2.5969
1791436611.0297,0.0199,0.5460,0.0000,0.0000,0.0000,0.0000,0.0000,0.0000,0.0000,-0.0015,-0.2618,-0.2623,-2.5969,0.0000,0.0000,-2.5969
1791436611.0501,0.0203,0.5557,0.0000,0.0000,0.0000,0.0000,0.0000,0.0000,0.0000,-0.0015,-0.2618,-0.2623,-2.5968,0.0000,0.0000,-2.5968
1791436611.0724,0.0223,0.4903,0.0000,0.0000,0.0000,0.0000,0.0000,0.0000,0.0000,-0.0015,-0.2618,-0.2623,-2.5968,0.0000,0.0000,-2.5968
1791436611.0897,0.0173,0.4202,0.0000,0.0000,0.0000,0.0000,0.0000,0.0000,0.0000,-0.0015,-0.2618,-0.2623,-2.5968,0.0000,0.0000,-2.5968
1791436611.1097,0.0200,0.5553,0.0000,0.0000,0.0000,0.0000,0.0000,0.0000,0.0000,-0.0015,-0.2618,-0.2623,-2.5969,0.0000,0.0000,-2.5969
1791436611.1297,0.0200,0.7895,0.0000,0.0000,0.0000,0.0000,0.0000,0.0000,0.0000,-0.0015,-0.2618,-0.2623,-2.5969,0.0000,0.0000,-2.5969
1791436611.1500,0.0203,0.3668,0.0000,0.0000,0.0000,0.0000,0.0000,0.0000,0.0000,-0.0015,-0.2618,-0.2623,-2.5969,0.0000,0.0000,-2.5969
1791436611.1705,0.0205,0.6921,0.0000,0.0000,0.0000,0.0000,0.0000,0.0000,0.0000,-0.0015,-0.2618,-0.2623,-2.5969,0.0000,0.0000,-2.5969
1791436611.1909,0.0204,1.6749,0.0000,0.0000,0.0000,0.0000,0.0000,0.0000,0.0000,-0.0015,-0.2618,-0.2623,-2.5969,0.0000,0.0000,-2.5969
1791436611.2099,0.0190,3.8090,0.0000,0.0000,0.0000,0.0000,0.0000,0.0000,0.0000,-0.0015,-0.2618,-0.2623,-2.5969,0.0000,0.0000,-2.5969
1791436611.2303,0.0205,0.4288,0.0000,0.0000,0.0000,0.0000,0.0000,0.0000,0.0000,-0.0015,-0.2618,-0.2623,-2.5970,0.0000,0.0000,-2.5970
1791436611.2507,0.0203,1.7059,0.0000,0.0000,0.0000,0.0000,0.0000,0.0000,0.0000,-0.0015,-0.2618,-0.2623,-2.5969,0.0000,0.0000,-2.5969
1791436611.2700,0.0193,1.5678,0.0000,0.0000,0.0000,0.0000,0.0000,0.0000,0.0000,-0.0015,-0.2618,-0.2623,-2.5968,0.0000,0.0000,-2.5968
1791436611.2898,0.0198,0.6437,0.0000,0.0000,0.0000,0.0000,0.0000,0.0000,0.0000,-0.0015,-0.2618,-0.2623,-2.5968,0.0000,0.0000,-2.5968
1791436611.3098,0.0199,0.5921,0.0000,0.0000,0.0000,0.0000,0.0000,0.0000,0.0000,-0.0015,-0.2618,-0.2623,-2.5968,0.0000,0.0000,-2.5968
1791436611.3299,0.0202,0.9553,0.0000,0.0000,0.0000,0.0000,0.0000,0.0000,0.0000,-0.0015,-0.2618,-0.2623,-2.5968,0.0000,0.0000,-2.5968
1791436611.3503,0.0203,0.6536,0.0000,0.0000,0.0000,0.0000,0.0000,0.0000,0.0000,-0.0015,-0.2618,-0.2623,-2.5968,0.0000,0.0000,-2.5968
1791436611.3699,0.0196,5.0638,0.0000,0.0000,0.0000,0.0000,0.0000,0.0000,0.0000,-0.0015,-0.2618,-0.2623,-2.5969,0.0000,0.0000,-2.5969
1791436611.3898,0.0199,2.6636,0.0000,0.0000,0.0000,0.0000,0.0000,0.0000,0.0000,-0.0015,-0.2618,-0.2623,-2.5969,0.0000,0.0000,-2.5969
1791436611.4110,0.0211,4.5210,0.0000,0.0000,0.0000,0.0000,0.0000,0.0000,0.0000,-0.0015,-0.2618,-0.2623,-2.5969,0.0000,0.0000,-2.5969
1791436611.4301,0.0191,0.6530,0.0000,0.0000,0.0000,0.0000,0.0000,0.0000,0.0000,-0.0015,-0.2618,-0.2623,-2.5969,0.0000,0.0000,-2.5969
1791436611.4505,0.0205,0.8396,0.0000,0.0000,0.0000,0.0000,0.0000,0.0000,0.0000,-0.0015,-0.2618,-0.2623,-2.5969,0.0000,0.0000,-2.5969
1791436611.4705,0.0200,1.5746,0.0000,0.0000,0.0000,0.0000,0.0000,0.0000,0.0000,-0.0015,-0.2618,-0.2623,-2.5969,0.0000,0.0000,-2.5969
1791436611.4897,0.0192,3.0825,0.0000,0.0000,0.0000,0.0000,0.0000,0.0000,0.0000,-0.0015,-0.2618,-0.2623,-2.5969,0.0000,0.0000,-2.5969
1791436611.5099,0.0202,0.7006,0.0000,0.0000,0.0000,0.0000,0.0000,0.0000,0.0000,-0.0015,-0.2618,-0.2623,-2.5968,0.0000,0.0000,-2.5968
1791436611.5298,0.0199,0.7634,0.0000,0.0000,0.0000,0.0000,0.0000,0.0000,0.0000,-0.0015,-0.2618,-0.2623,-2.5968,0.0000,0.0000,-2.5968
1791436611.5511,0.0213,1.8287,0.0000,0.0000,0.0000,0.0000,0.0000,0.0000,0.0000,-0.0015,-0.2618,-0.2623,-2.5968,0.0000,0.0000,-2.5968
1791436611.5698,0.0187,0.6586,0.0000,0.0000,0.0000,0.0000,0.0000,0.0000,0.0000,-0.0015,-0.2618,-0.2623,-2.5969,0.0000,0.0000,-2.5969
1791436611.5924,0.0226,0.4530,0.0000,0.0000,0.0000,0.0000,0.0000,0.0000,0.0000,-0.0015,-0.2618,-0.2623,-2.5969,0.0000,0.0000,-2.5969
1791436611.6098,0.0174,0.9150,0.0000,0.0000,0.0000,0.0000,0.0000,0.0000,0.0000,-0.0015,-0.2618,-0.2623,-2.5968,0.0000,0.0000,-2.5968
1791436611.6298,0.0199,0.6146,0.0000,0.0000,0.0000,0.0000,0.0000,0.0000,0.0000,-0.0015,-0.2618,-0.2623,-2.5970,0.0000,0.0000,-2.5970
1791436611.6505,0.0208,0.6203,0.0000,0.0000,0.0000,0.0000,0.0000,0.0000,0.0000,-0.0015,-0.2618,-0.2623,-2.5968,0.0000,0.0000,-2.5968
1791436611.6725,0.0220,1.0490,0.0000,0.0000,0.0000,0.0000,0.0000,0.0000,0.0000,-0.0015,-0.2618,-0.2623,-2.5969,0.0000,0.0000,-2.5969
1791436611.6898,0.0173,0.6850,0.0000,0.0000,0.0000,0.0000,0.0000,0.0000,0.0000,-0.0015,-0.2618,-0.2623,-2.5969,0.0000,0.0000,-2.5969
1791436611.7098,0.0200,0.7043,0.0000,0.0000,0.0000,0.0000,0.0000,0.0000,0.0000,-0.0015,-0.2618,-0.2623,-2.5969,0.0000,0.0000,-2.5969
1791436611.7297,0.0198,0.7285,0.0000,0.0000,0.0000,0.0000,0.0000,0.0000,0.0000,-0.0015,-0.2618,-0.2623,-2.5969,0.0000,0.0000,-2.5969
1791436611.7523,0.0226,9.7542,0.0000,0.0000,0.0000,0.0000,0.0000,0.0000,0.0000,-0.0015,-0.2618,-0.2623,-2.5969,0.0000,0.0000,-2.5969
1791436611.7701,0.0178,1.2862,0.0000,0.0000,0.0000,0.0000,0.0000,0.0000,0.0000,-0.0015,-0.2618,-0.2623,-2.5970,0.0000,0.0000,-2.5970
1791436611.7905,0.0204,0.5141,0.0000,0.0000,0.0000,0.0000,0.0000,0.0000,0.0000,-0.0015,-0.2618,-0.2623,-2.5968,0.0000,0.0000,-2.5968
1791436611.8105,0.0201,3.1411,0.0000,0.0000,0.0000,0.0000,0.0000,0.0000,0.0000,-0.0015,-0.2618,-0.2623,-2.5968,0.0000,0.0000,-2.5968
1791436611.8304,0.0199,0.4820,0.0000,0.0000,0.0000,0.0000,0.0000,0.0000,0.0000,-0.0015,-0.2618,-0.2623,-2.5969,0.0000,0.0000,-2.5969
1791436611.8505,0.0202,0.3585,0.0000,0.0000,0.0000,0.0000,0.0000,0.0000,0.0000,-0.0015,-0.2618,-0.2623,-2.5970,0.0000,0.0000,-2.5970
1791436611.8711,0.0205,2.8302,0.0000,0.0000,0.0000,0.0000,0.0000,0.0000,0.0000,-0.0015,-0.2618,-0.2623,-2.5969,0.0000,0.0000,-2.5969
1791436611.8897,0.0186,1.8782,0.0000,0.0000,0.0000,0.0000,0.0000,0.0000,0.0000,-0.0015,-0.2618,-0.2623,-2.5968,0.0000,0.0000,-2.5968
1791436611.9103,0.0207,1.3290,0.0000,0.0000,0.0000,0.0000,0.0000,0.0000,0.0000,-0.0015,-0.2618,-0.2623,-2.5969,0.0000,0.0000,-2.5969
1791436611.9297,0.0194,0.9363,0.0000,0.0000,0.0000,0.0000,0.0000,0.0000,0.0000,-0.0015,-0.2618,-0.2623,-2.5969,0.0000,0.0000,-2.5969
1791436611.9502,0.0205,0.5047,0.0000,0.0000,0.0000,0.0000,0.0000,0.0000,0.0000,-0.0015,-0.2618,-0.2623,-2.5968,0.0000,0.0000,-2.5968
1791436611.9701,0.0199,3.2451,0.0000,0.0000,0.0000,0.0000,0.0000,0.0000,0.0000,-0.0015,-0.2618,-0.2623,-2.5969,0.0000,0.0000,-2.5969
1791436611.9898,0.0197,2.0443,0.0000,0.0000,0.0000,0.0000,0.0000,0.0000,0.0000,-0.0015,-0.2618,-0.2623,-2.5969,0.0000,0.0000,-2.5969
1791436612.0097,0.0198,1.3505,0.0000,0.0000,0.0000,0.0000,0.0000,0.0000,0.0000,-0.0015,-0.2618,-0.2623,-2.5969,0.0000,0.0000,-2.5969
1791436612.0298,0.0201,1.7446,0.0000,0.0000,0.0000,0.0000,0.0000,0.0000,0.0000,-0.0015,-0.2618,-0.2623,-2.5968,0.0000,0.0000,-2.5968
1791436612.0534,0.0236,0.6678,0.0000,0.0000,0.0000,0.0000,0.0000,0.0000,0.0000,-0.0015,-0.2618,-0.2623,-2.5969,0.0000,0.0000,-2.5969
1791436612.0700,0.0166,0.5140,0.0000,0.0000,0.0000,0.0000,0.0000,0.0000,0.0000,-0.0015,-0.2618,-0.2623,-2.5968,0.0000,0.0000,-2.5968
1791436612.0916,0.0216,0.6606,0.0000,0.0000,0.0000,0.0000,0.0000,0.0000,0.0000,-0.0015,-0.2618,-0.2623,-2.5969,0.0000,0.0000,-2.5969
1791436612.1097,0.0181,1.0823,0.0000,0.0000,0.0000,0.0000,0.0000,0.0000,0.0000,-0.0015,-0.2618,-0.2623,-2.5969,0.0000,0.0000,-2.5969
1791436612.1298,0.0202,0.6733,0.0000,0.0000,0.0000,0.0000,0.0000,0.0000,0.0000,-0.0015,-0.2618,-0.2623,-2.5969,0.0000,0.0000,-2.5969
1791436612.1502,0.0204,0.5593,0.0000,0.0000,0.0000,0.0000,0.0000,0.0000,0.0000,-0.0015,-0.2618,-0.2623,-2.5968,0.0000,0.0000,-2.5968
1791436612.1698,0.0196,1.3802,0.0000,0.0000,0.0000,0.0000,0.0000,0.0000,0.0000,-0.0015,-0.2618,-0.2623,-2.5969,0.0000,0.0000,-2.5969
1791436612.1897,0.0199,1.6194,0.0000,0.0000,0.0000,0.0000,0.0000,0.0000,0.0000,-0.0015,-0.2618,-0.2623,-2.5968,0.0000,0.0000,-2.5968
1791436612.2100,0.0203,4.0244,0.0000,0.0000,0.0000,0.0000,0.0000,0.0000,0.0000,-0.0015,-0.2618,-0.2623,-2.5969,0.0000,0.0000,-2.5969
1791436612.2298,0.0197,0.5303,0.0000,0.0000,0.0000,0.0000,0.0000,0.0000,0.0000,-0.0015,-0.2618,-0.2623,-2.5969,0.0000,0.0000,-2.5969
1791436612.2507,0.0209,0.7626,0.0000,0.0000,0.0000,0.0000,0.0000,0.0000,0.0000,-0.0015,-0.2618,-0.2623,-2.5969,0.0000,0.0000,-2.5969
1791436612.2701,0.0194,5.7455,0.0000,0.0000,0.0000,0.0000,0.0000,0.0000,0.0000,-0.0015,-0.2618,-0.2623,-2.5969,0.0000,0.0000,-2.5969
1791436612.2898,0.0197,3.6416,0.0000,0.0000,0.0000,0.0000,0.0000,0.0000,0.0000,-0.0015,-0.2618,-0.2623,-2.5969,0.0000,0.0000,-2.5969
1791436612.3099,0.0201,3.2453,0.0000,0.0000,0.0000,0.0000,0.0000,0.0000,0.0000,-0.0015,-0.2618,-0.2623,-2.5968,0.0000,0.0000,-2.5968
1791436612.3297,0.0199,1.6854,0.0000,0.0000,0.0000,0.0000,0.0000,0.0000,0.0000,-0.0015,-0.2618,-0.2623,-2.5969,0.0000,0.0000,-2.5969
1791436612.3499,0.0202,0.8400,0.0000,0.0000,0.0000,0.0000,0.0000,0.0000,0.0000,-0.0015,-0.2618,-0.2623,-2.5969,0.0000,0.0000,-2.5969
1791436612.3698,0.0198,5.0326,0.0000,0.0000,0.0000,0.0000,0.0000,0.0000,0.0000,-0.0015,-0.2618,-0.2623,-2.5969,0.0000,0.0000,-2.5969
1791436612.3898,0.0200,1.2526,0.0000,0.0000,0.0000,0.0000,0.0000,0.0000,0.0000,-0.0015,-0.2618,-0.2623,-2.5969,0.0000,0.0000,-2.5969
1791436612.4109,0.0211,2.3445,0.0000,0.0000,0.0000,0.0000,0.0000,0.0000,0.0000,-0.0015,-0.2618,-0.2623,-2.5969,0.0000,0.0000,-2.5969
1791436612.4299,0.0190,2.0113,0.0000,0.0000,0.0000,0.0000,0.0000,0.0000,0.0000,-0.0015,-0.2618,-0.2623,-2.5968,0.0000,0.0000,-2.5968
1791436612.4517,0.0218,1.4538,0.0000,0.0000,0.0000,0.0000,0.0000,0.0000,0.0000,-0.0015,-0.2618,-0.2623,-2.5969,0.0000,0.0000,-2.5969
1791436612.4705,0.0187,2.5560,0.0000,0.0000,0.0000,0.0000,0.0000,0.0000,0.0000,-0.0015,-0.2618,-0.2623,-2.5969,0.0000,0.0000,-2.5969
1791436612.4897,0.0193,0.8942,0.0000,0.0000,0.0000,0.0000,0.0000,0.0000,0.0000,-0.0015,-0.2618,-0.2623,-2.5969,0.0000,0.0000,-2.5969
1791436612.5097,0.0199,0.4892,0.0000,0.0000,0.0000,0.0000,0.0000,0.0000,0.0000,-0.0015,-0.2618,-0.2623,-2.5969,0.0000,0.0000,-2.5969
1791436612.5314,0.0218,0.4248,0.0000,0.0000,0.0000,0.0000,0.0000,0.0000,0.0000,-0.0015,-0.2618,-0.2623,-2.5969,0.0000,0.0000,-2.5969
1791436612.5524,0.0210,2.2982,0.0000,0.0000,0.0000,0.0000,0.0000,0.0000,0.0000,-0.0015,-0.2618,-0.2623,-2.5969,0.0000,0.0000,-2.5969
1791436612.5699,0.0174,0.7884,0.0000,0.0000,0.0000,0.0000,0.0000,0.0000,0.0000,-0.0015,-0.2618,-0.2623,-2.5969,0.0000,0.0000,-2.5969
1791436612.5897,0.0199,0.5830,0.0000,0.0000,0.0000,0.0000,0.0000,0.0000,0.0000,-0.0015,-0.2618,-0.2623,-2.5969,0.0000,0.0000,-2.5969
1791436612.6098,0.0200,4.5758,0.0000,0.0000,0.0000,0.0000,0.0000,0.0000,0.0000,-0.0015,-0.2618,-0.2623,-2.5969,0.0000,0.0000,-2.5969
1791436612.6299,0.0202,4.1771,0.0000,0.0000,0.0000,0.0000,0.0000,0.0000,0.0000,-0.0015,-0.2618,-0.2623,-2.5969,0.0000,0.0000,-2.5969
1791436612.6537,0.0238,1.8598,0.0000,0.0000,0.0000,0.0000,0.0000,0.0000,0.0000,-0.0015,-0.2618,-0.2623,-2.5970,0.0000,0.0000,-2.5970
1791436612.6698,0.0161,4.6013,0.0000,0.0000,0.0000,0.0000,0.0000,0.0000,0.0000,-0.0015,-0.2618,-0.2623,-2.5969,0.0000,0.0000,-2.5969
1791436612.6901,0.0203,1.5173,0.0000,0.0000,0.0000,0.0000,0.0000,0.0000,0.0000,-0.0015,-0.2618,-0.2623,-2.5968,0.0000,0.0000,-2.5968
1791436612.7097,0.0196,0.6747,0.0000,0.0000,0.0000,0.0000,0.0000,0.0000,0.0000,-0.0015,-0.2618,-0.2623,-2.5969,0.0000,0.0000,-2.5969
1791436612.7300,0.0203,1.8408,0.0000,0.0000,0.0000,0.0000,0.0000,0.0000,0.0000,-0.0015,-0.2618,-0.2623,-2.5970,0.0000,0.0000,-2.5970
1791436612.7540,0.0240,2.3352,0.0000,0.0000,0.0000,0.0000,0.0000,0.0000,0.0000,-0.0015,-0.2618,-0.2623,-2.5969,0.0000,0.0000,-2.5969
1791436612.7704,0.0165,0.5050,0.0000,0.0000,0.0000,0.0000,0.0000,0.0000,0.0000,-0.0015,-0.2618,-0.2623,-2.5969,0.0000,0.0000,-2.5969
1791436612.7897,0.0192,0.4466,0.0000,0.0000,0.0000,0.0000,0.0000,0.0000,0.0000,-0.0015,-0.2618,-0.2623,-2.5969,0.0000,0.0000,-2.5969
1791436612.8102,0.0206,0.5036,0.0000,0.0000,0.0000,0.0000,0.0000,0.0000,0.0000,-0.0015,-0.2618,-0.2623,-2.5969,0.0000,0.0000,-2.5969
1791436612.8298,0.0196,1.0943,0.0000,0.0000,0.0000,0.0000,0.0000,0.0000,0.0000,-0.0015,-0.2618,-0.2623,-2.5968,0.0000,0.0000,-2.5968
1791436612.8515,0.0217,0.8555,0.0000,0.0000,0.0000,0.0000,0.0000,0.0000,0.0000,-0.0015,-0.2618,-0.2623,-2.5969,0.0000,0.0000,-2.5969
1791436612.8715,0.0200,1.9311,0.0000,0.0000,0.0000,0.0000,0.0000,0.0000,0.0000,-0.0015,-0.2618,-0.2623,-2.5969,0.0000,0.0000,-2.5969
1791436612.8914,0.0198,0.8514,0.0000,0.0000,0.0000,0.0000,0.0000,0.0000,0.0000,-0.0015,-0.2618,-0.2623,-2.5969,0.0000,0.0000,-2.5969
1791436612.9102,0.0188,0.4843,0.0000,0.0000,0.0000,0.0000,0.0000,0.0000,0.0000,-0.0015,-0.2618,-0.2623,-2.5969,0.0000,0.0000,-2.5969
1791436612.9304,0.0202,1.1622,0.0000,0.0000,0.0000,0.0000,0.0000,0.0000,0.0000,-0.0015,-0.2618,-0.2623,-2.5969,0.0000,0.0000,-2.5969
1791436612.9511,0.0207,0.4206,0.0000,0.0000,0.0000,0.0000,0.0000,0.0000,0.0000,-0.0015,-0.2618,-0.2623,-2.5968,0.0000,0.0000,-2.5968
1791436612.9698,0.0187,2.0817,0.0000,0.0000,0.0000,0.0000,0.0000,0.0000,0.0000,-0.0015,-0.2618,-0.2623,-2.5969,0.0000,0.0000,-2.5969
1791436612.9905,0.0208,1.6110,0.0000,0.0000,0.0000,0.0000,0.0000,0.0000,0.0000,-0.0015,-0.2618,-0.2623,-2.5970,0.0000,0.0000,-2.5970
1791436613.0124,0.0219,1.3672,0.0000,0.0000,0.0000,0.0000,0.0000,0.0000,0.0000,-0.0015,-0.2618,-0.2623,-2.5970,0.0000,0.0000,-2.5970
1791436613.0297,0.0173,0.4255,0.0000,0.0000,0.0000,0.0000,0.0000,0.0000,0.0000,-0.0015,-0.2618,-0.2623,-2.5970,0.0000,0.0000,-2.5970
1791436613.0503,0.0206,1.0272,0.0000,0.0000,0.0000,0.0000,0.0000,0.0000,0.0000,-0.0015,-0.2618,-0.2623,-2.5969,0.0000,0.0000,-2.5969
1791436613.0698,0.0195,0.7913,0.0000,0.0000,0.0000,0.0000,0.0000,0.0000,0.0000,-0.0015,-0.2618,-0.2623,-2.5969,0.0000,0.0000,-2.5969
1791436613.0920,0.0222,2.8261,0.0000,0.0000,0.0000,0.0000,0.0000,0.0000,0.0000,-0.0015,-0.2618,-0.2623,-2.5969,0.0000,0.0000,-2.5969
1791436613.1105,0.0185,1.0644,0.0000,0.0000,0.0000,0.0000,0.0000,0.0000,0.0000,-0.0015,-0.2618,-0.2623,-2.5969,0.0000,0.0000,-2.5969
1791436613.1298,0.0193,0.6391,0.0000,0.0000,0.0000,0.0000,0.0000,0.0000,0.0000,-0.0015,-0.2618,-0.2623,-2.5969,0.0000,0.0000,-2.5969
1791436613.1504,0.0206,0.9290,0.0000,0.0000,0.0000,0.0000,0.0000,0.0000,0.0000,-0.0015,-0.2618,-0.2623,-2.5969,0.0000,0.0000,-2.5969
1791436613.1698,0.0194,0.7757,0.0000,0.0000,0.0000,0.0000,0.0000,0.0000,0.0000,-0.0015,-0.2618,-0.2623,-2.5969,0.0000,0.0000,-2.5969
1791436613.1896,0.0199,0.4317,0.0000,0.0000,0.0000,0.0000,0.0000,0.0000,0.0000,-0.0015,-0.2618,-0.2623,-2.5969,0.0000,0.0000,-2.5969
1791436613.2103,0.0206,0.6043,0.0000,0.0000,0.0000,0.0000,0.0000,0.0000,0.0000,-0.0015,-0.2618,-0.2623,-2.5970,0.0000,0.0000,-2.5970
1791436613.2297,0.0195,0.7840,0.0000,0.0000,0.0000,0.0000,0.0000,0.0000,0.0000,-0.0015,-0.2618,-0.2623,-2.5969,0.0000,0.0000,-2.5969
1791436613.2505,0.0207,0.5463,0.0000,0.0000,0.0000,0.0000,0.0000,0.0000,0.0000,-0.0015,-0.2618,-0.2623,-2.5969,0.0000,0.0000,-2.5969
1791436613.2700,0.0195,1.3306,0.0000,0.0000,0.0000,0.0000,0.0000,0.0000,0.0000,-0.0015,-0.2618,-0.2623,-2.5969,0.0000,0.0000,-2.5969
1791436613.2898,0.0198,0.9497,0.0000,0.0000,0.0000,0.0000,0.0000,0.0000,0.0000,-0.0015,-0.2618,-0.2623,-2.5970,0.0000,0.0000,-2.5970
1791436613.3097,0.0200,0.4510,0.0000,0.0000,0.0000,0.0000,0.0000,0.0000,0.0000,-0.0015,-0.2618,-0.2623,-2.5969,0.0000,0.0000,-2.5969
1791436613.3297,0.0200,1.0280,0.0000,0.0000,0.0000,0.0000,0.0000,0.0000,0.0000,-0.0015,-0.2618,-0.2623,-2.5969,0.0000,0.0000,-2.5969
1791436613.3500,0.0203,2.6506,0.0000,0.0000,0.0000,0.0000,0.0000,0.0000,0.0000,-0.0015,-0.2618,-0.2623,-2.5969,0.0000,0.0000,-2.5969
1791436613.3697,0.0197,0.7623,0.0000,0.0000,0.0000,0.0000,0.0000,0.0000,0.0000,-0.0015,-0.2618,-0.2623,-2.5970,0.0000,0.0000,-2.5970
1791436613.3897,0.0200,0.4170,0.0000,0.0000,0.0000,0.0000,0.0000,0.0000,0.0000,-0.0015,-0.2618,-0.2623,-2.5969,0.0000,0.0000,-2.5969
1791436613.4100,0.0203,1.8429,0.0000,0.0000,0.0000,0.0000,0.0000,0.0000,0.0000,-0.0015,-0.2618,-0.2623,-2.5970,0.0000,0.0000,-2.5970
1791436613.4298,0.0197,0.7289,0.0000,0.0000,0.0000,0.0000,0.0000,0.0000,0.0000,-0.0015,-0.2618,-0.2623,-2.5970,0.0000,0.0000,-2.5970
1791436613.4503,0.0206,0.9383,0.0000,0.0000,0.0000,0.0000,0.0000,0.0000,0.0000,-0.0015,-0.2618,-0.2623,-2.5970,0.0000,0.0000,-2.5970
1791436613.4700,0.0196,0.9053,0.0000,0.0000,0.0000,0.0000,0.0000,0.0000,0.0000,-0.0015,-0.2618,-0.2623,-2.5969,0.0000,0.0000,-2.5969
1791436613.4899,0.0199,1.2358,0.0000,0.0000,0.0000,0.0000,0.0000,0.0000,0.0000,-0.0015,-0.2618,-0.2623,-2.5970,0.0000,0.0000,-2.5970
1791436613.5107,0.0209,5.7736,0.0000,0.0000,0.0000,0.0000,0.0000,0.0000,0.0000,-0.0015,-0.2618,-0.2623,-2.5970,0.0000,0.0000,-2.5970
1791436613.5313,0.0206,1.8063,0.0000,0.0000,0.0000,0.0000,0.0000,0.0000,0.0000,-0.0015,-0.2618,-0.2623,-2.5969,0.0000,0.0000,-2.5969
1791436613.5500,0.0187,2.5183,0.0000,0.0000,0.0000,0.0000,0.0000,0.0000,0.0000,-0.0015,-0.2618,-0.2623,-2.5969,0.0000,0.0000,-2.5969
1791436613.5700,0.0200,4.6129,0.0000,0.0000,0.0000,0.0000,0.0000,0.0000,0.0000,-0.0015,-0.2618,-0.2623,-2.5970,0.0000,0.0000,-2.5970
1791436613.5905,0.0205,2.2213,0.0000,0.0000,0.0000,0.0000,0.0000,0.0000,0.0000,-0.0015,-0.2618,-0.2623,-2.5970,0.0000,0.0000,-2.5970
1791436613.6113,0.0209,2.7856,0.0000,0.0000,0.0000,0.0000,0.0000,0.0000,0.0000,-0.0015,-0.2618,-0.2623,-2.5970,0.0000,0.0000,-2.5970
1791436613.6297,0.0184,0.9854,0.0000,0.0000,0.0000,0.0000,0.0000,0.0000,0.0000,-0.0015,-0.2618,-0.2623,-2.5969,0.0000,0.0000,-2.5969
1791436613.6501,0.0204,0.5535,0.0000,0.0000,0.0000,0.0000,0.0000,0.0000,0.0000,-0.0015,-0.2618,-0.2623,-2.5969,0.0000,0.0000,-2.5969
1791436613.6704,0.0203,1.1472,0.0000,0.0000,0.0000,0.0000,0.0000,0.0000,0.0000,-0.0015,-0.2618,-0.2623,-2.5970,0.0000,0.0000,-2.5970
1791436613.6897,0.0192,1.4246,0.0000,0.0000,0.0000,0.0000,0.0000,0.0000,0.0000,-0.0015,-0.2618,-0.2623,-2.5969,0.0000,0.0000,-2.5969
1791436613.7097,0.0200,0.6084,0.0000,0.0000,0.0000,0.0000,0.0000,0.0000,0.0000,-0.0015,-0.2618,-0.2623,-2.5969,0.0000,0.0000,-2.5969
1791436613.7299,0.0202,0.4924,0.0000,0.0000,0.0000,0.0000,0.0000,0.0000,0.0000,-0.0031,-0.2618,-0.2623,-2.5969,0.0000,0.0000,-2.5969
1791436613.7506,0.0207,1.5919,0.0000,0.0000,0.0000,0.0000,0.0000,0.0000,0.0000,-0.0015,-0.2618,-0.2623,-2.5969,0.0000,0.0000,-2.5969
1791436613.7717,0.0211,1.6643,0.0000,0.0000,0.0000,0.0000,0.0000,0.0000,0.0000,-0.0015,-0.2618,-0.2623,-2.5970,0.0000,0.0000,-2.5970
1791436613.7899,0.0182,0.8607,0.0000,0.0000,0.0000,0.0000,0.0000,0.0000,0.0000,-0.0015,-0.2618,-0.2623,-2.5970,0.0000,0.0000,-2.5970
1791436613.8101,0.0202,2.8497,0.0000,0.0000,0.0000,0.0000,0.0000,0.0000,0.0000,-0.0015,-0.2618,-0.2623,-2.5970,0.0000,0.0000,-2.5970
1791436613.8300,0.0200,0.6675,0.0000,0.0000,0.0000,0.0000,0.0000,0.0000,0.0000,-0.0015,-0.2618,-0.2623,-2.5970,0.0000,0.0000,-2.5970
1791436613.8509,0.0209,2.9486,0.0000,0.0000,0.0000,0.0000,0.0000,0.0000,0.0000,-0.0015,-0.2618,-0.2623,-2.5970,0.0000,0.0000,-2.5970
1791436613.8701,0.0192,4.6460,0.0000,0.0000,0.0000,0.0000,0.0000,0.0000,0.0000,-0.0015,-0.2618,-0.2623,-2.5970,0.0000,0.0000,-2.5970
1791436613.8898,0.0196,0.4044,0.0000,0.0000,0.0000,0.0000,0.0000,0.0000,0.0000,-0.0015,-0.2618,-0.2623,-2.5969,0.0000,0.0000,-2.5969
1791436613.9096,0.0199,0.5246,0.0000,0.0000,0.0000,0.0000,0.0000,0.0000,0.0000,-0.0015,-0.2618,-0.2623,-2.5969,0.0000,0.0000,-2.5969
1791436613.9297,0.0201,0.4122,0.0000,0.0000,0.0000,0.0000,0.0000,0.0000,0.0000,-0.0015,-0.2618,-0.2623,-2.5969,0.0000,0.0000,-2.5969
1791436613.9510,0.0213,2.3714,0.0000,0.0000,0.0000,0.0000,0.0000,0.0000,0.0000,-0.0015,-0.2618,-0.2623,-2.5969,0.0000,0.0000,-2.5969
1791436613.9698,0.0188,3.8953,0.0000,0.0000,0.0000,0.0000,0.0000,0.0000,0.0000,-0.0015,-0.2618,-0.2623,-2.5971,0.0000,0.0000,-2.5971
1791436613.9897,0.0198,2.1518,0.0000,0.0000,0.0000,0.0000,0.0000,0.0000,0.0000,-0.0015,-0.2618,-0.2623,-2.5969,0.0000,0.0000,-2.5969
1791436614.0097,0.0200,3.2810,0.0000,0.0000,0.0000,0.0000,0.0000,0.0000,0.0000,-0.0015,-0.2618,-0.2623,-2.5969,0.0000,0.0000,-2.5969
1791436614.0299,0.0202,0.6915,0.0000,0.0000,0.0000,0.0000,0.0000,0.0000,0.0000,-0.0015,-0.2618,-0.2623,-2.5969,0.0000,0.0000,-2.5969
1791436614.0533,0.0234,1.2123,0.0000,0.0000,0.0000,0.0000,0.0000,0.0000,0.0000,-0.0015,-0.2618,-0.2623,-2.5969,0.0000,0.0000,-2.5969
1791436614.0716,0.0183,1.4868,0.0000,0.0000,0.0000,0.0000,0.0000,0.0000,0.0000,-0.0015,-0.2618,-0.2623,-2.5970,0.0000,0.0000,-2.5970
1791436614.0897,0.0181,1.0961,0.0000,0.0000,0.0000,0.0000,0.0000,0.0000,0.0000,-0.0015,-0.2618,-0.2623,-2.5969,0.0000,0.0000,-2.5969
1791436614.1097,0.0199,0.4816,0.0000,0.0000,0.0000,0.0000,0.0000,0.0000,0.0000,-0.0015,-0.2618,-0.2623,-2.5969,0.0000,0.0000,-2.5969
1791436614.1297,0.0200,0.4238,0.0000,0.0000,0.0000,0.0000,0.0000,0.0000,0.0000,-0.0015,-0.2618,-0.2623,-2.5970,0.0000,0.0000,-2.5970
1791436614.1505,0.0208,1.4585,0.0000,0.0000,0.0000,0.0000,0.0000,0.0000,0.0000,-0.0015,-0.2618,-0.2623,-2.5970,0.0000,0.0000,-2.5970
1791436614.1725,0.0220,0.7539,0.0000,0.0000,0.0000,0.0000,0.0000,0.0000,0.0000,-0.0015,-0.2618,-0.2623,-2.5969,0.0000,0.0000,-2.5969
1791436614.1898,0.0173,0.9583,0.0000,0.0000,0.0000,0.0000,0.0000,0.0000,0.0000,-0.0015,-0.2618,-0.2623,-2.5970,0.0000,0.0000,-2.5970
1791436614.2097,0.0199,0.4935,0.0000,0.0000,0.0000,0.0000,0.0000,0.0000,0.0000,-0.0015,-0.2618,-0.2608,-2.5969,0.0000,0.0000,-2.5969
1791436614.2304,0.0208,3.6991,0.0000,0.0000,0.0000,0.0000,0.0000,0.0000,0.0000,-0.0015,-0.2618,-0.2623,-2.5969,0.0000,0.0000,-2.5969
1791436614.2502,0.0198,1.1026,0.0000,0.0000,0.0000,0.0000,0.0000,0.0000,0.0000,-0.0015,-0.2618,-0.2623,-2.5970,0.0000,0.0000,-2.5970
1791436614.2701,0.0198,1.7831,0.0000,0.0000,0.0000,0.0000,0.0000,0.0000,0.0000,-0.0015,-0.2618,-0.2623,-2.5970,0.0000,0.0000,-2.5970
1791436614.2898,0.0198,1.0954,0.0000,0.0000,0.0000,0.0000,0.0000,0.0000,0.0000,-0.0015,-0.2618,-0.2623,-2.5970,0.0000,0.0000,-2.5970
1791436614.3104,0.0206,0.7261,0.0000,0.0000,0.0000,0.0000,0.0000,0.0000,0.0000,-0.0015,-0.2618,-0.2623,-2.5969,0.0000,0.0000,-2.5969
1791436614.3309,0.0205,0.6357,0.0000,0.0000,0.0000,0.0000,0.0000,0.0000,0.0000,-0.0015,-0.2618,-0.2623,-2.5970,0.0000,0.0000,-2.5970
1791436614.3503,0.0194,6.2483,0.0000,0.0000,0.0000,0.0000,0.0000,0.0000,0.0000,-0.0015,-0.2618,-0.2623,-2.5969,0.0000,0.0000,-2.5969
1791436614.3698,0.0196,0.7378,0.0000,0.0000,0.0000,0.0000,0.0000,0.0000,0.0000,-0.0015,-0.2618,-0.2623,-2.5970,0.0000,0.0000,-2.5970
1791436614.3898,0.0200,0.5364,0.0000,0.0000,0.0000,0.0000,0.0000,0.0000,0.0000,-0.0015,-0.2618,-0.2623,-2.5970,0.0000,0.0000,-2.5970
1791436614.4098,0.0200,1.0475,0.0000,0.0000,0.0000,0.0000,0.0000,0.0000,0.0000,-0.0015,-0.2618,-0.2623,-2.5970,0.0000,0.0000,-2.5970
1791436614.4314,0.0215,0.4330,0.0000,0.0000,0.0000,0.0000,0.0000,0.0000,0.0000,-0.0015,-0.2618,-0.2623,-2.5970,0.0000,0.0000,-2.5970
1791436614.4501,0.0188,0.6986,0.0000,0.0000,0.0000,0.0000,0.0000,0.0000,0.0000,-0.0015,-0.2618,-0.2623,-2.5970,0.0000,0.0000,-2.5970
1791436614.4697,0.0196,0.9281,0.0000,0.0000,0.0000,0.0000,0.0000,0.0000,0.0000,-0.0015,-0.2618,-0.2623,-2.5969,0.0000,0.0000,-2.5969
1791436614.4899,0.0202,0.8213,0.0000,0.0000,0.0000,0.0000,0.0000,0.0000,0.0000,-0.0015,-0.2618,-0.2623,-2.5970,0.0000,0.0000,-2.5970
1791436614.5101,0.0202,0.9925,0.0000,0.0000,0.0000,0.0000,0.0000,0.0000,0.0000,-0.0015,-0.2618,-0.2623,-2.5969,0.0000,0.0000,-2.5969
1791436614.5297,0.0197,0.8213,0.0000,0.0000,0.0000,0.0000,0.0000,0.0000,0.0000,-0.0015,-0.2618,-0.2623,-2.5970,0.0000,0.0000,-2.5970
1791436614.5509,0.0212,0.3849,0.0000,0.0000,0.0000,0.0000,0.0000,0.0000,0.0000,-0.0015,-0.2618,-0.2623,-2.5969,0.0000,0.0000,-2.5969
1791436614.5698,0.0189,0.8044,0.0000,0.0000,0.0000,0.0000,0.0000,0.0000,0.0000,-0.0015,-0.2618,-0.2623,-2.5969,0.0000,0.0000,-2.5969
1791436614.5899,0.0201,0.8039,0.0000,0.0000,0.0000,0.0000,0.0000,0.0000,0.0000,-0.0015,-0.2618,-0.2623,-2.5969,0.0000,0.0000,-2.5969
1791436614.6103,0.0204,2.7705,0.0000,0.0000,0.0000,0.0000,0.0000,0.0000,0.0000,-0.0015,-0.2618,-0.2623,-2.5970,0.0000,0.0000,-2.5970
1791436614.6303,0.0201,0.4395,0.0000,0.0000,0.0000,0.0000,0.0000,0.0000,0.0000,-0.0015,-0.2618,-0.2623,-2.5970,0.0000,0.0000,-2.5970
1791436614.6514,0.0211,2.3167,0.0000,0.0000,0.0000,0.0000,0.0000,0.0000,0.0000,-0.0015,-0.2618,-0.2623,-2.5970,0.0000,0.0000,-2.5970
1791436614.6697,0.0183,2.6860,0.0000,0.0000,0.0000,0.0000,0.0000,0.0000,0.0000,-0.0015,-0.2618,-0.2623,-2.5970,0.0000,0.0000,-2.5970
1791436614.6903,0.0206,0.4291,0.0000,0.0000,0.0000,0.0000,0.0000,0.0000,0.0000,-0.0015,-0.2618,-0.2623,-2.5970,0.0000,0.0000,-2.5970
1791436614.7100,0.0196,2.2776,0.0000,0.0000,0.0000,0.0000,0.0000,0.0000,0.0000,-0.0015,-0.2618,-0.2623,-2.5969,0.0000,0.0000,-2.5969
1791436614.7298,0.0198,2.1474,0.0000,0.0000,0.0000,0.0000,0.0000,0.0000,0.0000,-0.0015,-0.2618,-0.2623,-2.5969,0.0000,0.0000,-2.5969
1791436614.7552,0.0254,0.4363,0.0000,0.0000,0.0000,0.0000,0.0000,0.0000,0.0000,-0.0015,-0.2618,-0.2623,-2.5970,0.0000,0.0000,-2.5970
1791436614.7698,0.0146,4.2265,0.0000,0.0000,0.0000,0.0000,0.0000,0.0000,0.0000,-0.0015,-0.2618,-0.2623,-2.5970,0.0000,0.0000,-2.5970
1791436614.7898,0.0200,1.2887,0.0000,0.0000,0.0000,0.0000,0.0000,0.0000,0.0000,-0.0015,-0.2618,-0.2623,-2.5969,0.0000,0.0000,-2.5969
1791436614.8104,0.0206,0.6459,0.0000,0.0000,0.0000,0.0000,0.0000,0.0000,0.0000,-0.0015,-0.2618,-0.2623,-2.5970,0.0000,0.0000,-2.5970
1791436614.8297,0.0193,1.9095,0.0000,0.0000,0.0000,0.0000,0.0000,0.0000,0.0000,-0.0015,-0.2618,-0.2623,-2.5970,0.0000,0.0000,-2.5970
1791436614.8502,0.0205,1.3611,0.0000,0.0000,0.0000,0.0000,0.0000,0.0000,0.0000,-0.0015,-0.2618,-0.2623,-2.5970,0.0000,0.0000,-2.5970
1791436614.8701,0.0199,3.1580,0.0000,0.0000,0.0000,0.0000,0.0000,0.0000,0.0000,-0.0015,-0.2618,-0.2623,-2.5970,0.0000,0.0000,-2.5970
1791436614.8898,0.0197,0.4165,0.0000,0.0000,0.0000,0.0000,0.0000,0.0000,0.0000,-0.0015,-0.2618,-0.2623,-2.5969,0.0000,0.0000,-2.5969
1791436614.9096,0.0198,3.2397,0.0000,0.0000,0.0000,0.0000,0.0000,0.0000,0.0000,-0.0015,-0.2618,-0.2623,-2.5970,0.0000,0.0000,-2.5970
1791436614.9298,0.0202,0.8943,0.0000,0.0000,0.0000,0.0000,0.0000,0.0000,0.0000,-0.0015,-0.2618,-0.2623,-2.5970,0.0000,0.0000,-2.5970
1791436614.9525,0.0227,5.5625,0.0000,0.0000,0.0000,0.0000,0.0000,0.0000,0.0000,-0.0015,-0.2618,-0.2623,-2.5969,0.0000,0.0000,-2.5969
1791436614.9698,0.0173,0.7859,0.0000,0.0000,0.0000,0.0000,0.0000,0.0000,0.0000,-0.0015,-0.2618,-0.2623,-2.5970,0.0000,0.0000,-2.5970
1791436614.9904,0.0206,0.4057,0.0000,0.0000,0.0000,0.0000,0.0000,0.0000,0.0000,-0.0015,-0.2618,-0.2623,-2.5970,0.0000,0.0000,-2.5970
1791436615.0103,0.0200,0.5515,0.0000,0.0000,0.0000,0.0000,0.0000,0.0000,0.0000,-0.0015,-0.2618,-0.2623,-2.5969,0.0000,0.0000,-2.5969
1791436615.0297,0.0193,0.4564,0.0000,0.0000,0.0000,0.0000,0.0000,0.0000,0.0000,-0.0015,-0.2618,-0.2623,-2.5971,0.0000,0.0000,-2.5971
1791436615.0504,0.0208,0.5791,0.0000,0.0000,0.0000,0.0000,0.0000,0.0000,0.0000,-0.0015,-0.2618,-0.2623,-2.5970,0.0000,0.0000,-2.5970
1791436615.0701,0.0196,0.6271,0.0000,0.0000,0.0000,0.0000,0.0000,0.0000,0.0000,-0.0015,-0.2618,-0.2623,-2.5970,0.0000,0.0000,-2.5970
1791436615.0898,0.0197,3.5535,0.0000,0.0000,0.0000,0.0000,0.0000,0.0000,0.0000,-0.0015,-0.2618,-0.2623,-2.5969,0.0000,0.0000,-2.5969
1791436615.1096,0.0199,0.6640,0.0000,0.0000,0.0000,0.0000,0.0000,0.0000,0.0000,-0.0015,-0.2618,-0.2623,-2.5970,0.0000,0.0000,-2.5970
1791436615.1298,0.0202,0.5709,0.0000,0.0000,0.0000,0.0000,0.0000,0.0000,0.0000,-0.0015,-0.2618,-0.2623,-2.5971,0.0000,0.0000,-2.5971
1791436615.1502,0.0204,0.4895,0.0000,0.0000,0.0000,0.0000,0.0000,0.0000,0.0000,-0.0015,-0.2618,-0.2623,-2.5971,0.0000,0.0000,-2.5971
1791436615.1717,0.0214,4.6571,0.0000,0.0000,0.0000,0.0000,0.0000,0.0000,0.0000,-0.0015,-0.2618,-0.2623,-2.5970,0.0000,0.0000,-2.5970
1791436615.1898,0.0181,0.7774,0.0000,0.0000,0.0000,0.0000,0.0000,0.0000,0.0000,-0.0015,-0.2618,-0.2623,-2.5970,0.0000,0.0000,-2.5970
1791436615.2104,0.0206,0.4738,0.0000,0.0000,0.0000,0.0000,0.0000,0.0000,0.0000,-0.0015,-0.2618,-0.2623,-2.5970,0.0000,0.0000,-2.5970
1791436615.2304,0.0200,0.4948,0.0000,0.0000,0.0000,0.0000,0.0000,0.0000,0.0000,-0.0015,-0.2618,-0.2623,-2.5970,0.0000,0.0000,-2.5970
1791436615.2499,0.0195,0.3628,0.0000,0.0000,0.0000,0.0000,0.0000,0.0000,0.0000,-0.0015,-0.2618,-0.2623,-2.5971,0.0000,0.0000,-2.5971
1791436615.2699,0.0200,3.1079,0.0000,0.0000,0.0000,0.0000,0.0000,0.0000,0.0000,-0.0015,-0.2618,-0.2623,-2.5971,0.0000,0.0000,-2.5971
1791436615.2904,0.0205,1.0925,0.0000,0.0000,0.0000,0.0000,0.0000,0.0000,0.0000,-0.0015,-0.2618,-0.2623,-2.5971,0.0000,0.0000,-2.5971
1791436615.3100,0.0196,0.7186,0.0000,0.0000,0.0000,0.0000,0.0000,0.0000,0.0000,-0.0015,-0.2618,-0.2623,-2.5970,0.0000,0.0000,-2.5970
1791436615.3298,0.0198,2.1397,0.0000,0.0000,0.0000,0.0000,0.0000,0.0000,0.0000,-0.0015,-0.2618,-0.2623,-2.5970,0.0000,0.0000,-2.5970
1791436615.3573,0.0276,0.4863,0.0000,0.0000,0.0000,0.0000,0.0000,0.0000,0.0000,-0.0015,-0.2618,-0.2623,-2.5971,0.0000,0.0000,-2.5971
1791436615.3704,0.0131,3.1078,0.0000,0.0000,0.0000,0.0000,0.0000,0.0000,0.0000,-0.0015,-0.2618,-0.2623,-2.5970,0.0000,0.0000,-2.5970
1791436615.3906,0.0202,4.4260,0.0000,0.0000,0.0000,0.0000,0.0000,0.0000,0.0000,-0.0015,-0.2618,-0.2623,-2.5970,0.0000,0.0000,-2.5970
1791436615.4099,0.0193,1.0574,0.0000,0.0000,0.0000,0.0000,0.0000,0.0000,0.0000,-0.0015,-0.2618,-0.2623,-2.5970,0.0000,0.0000,-2.5970
1791436615.4297,0.0198,1.1692,0.0000,0.0000,0.0000,0.0000,0.0000,0.0000,0.0000,-0.0015,-0.2618,-0.2623,-2.5970,0.0000,0.0000,-2.5970
1791436615.4504,0.0206,3.9976,0.0000,0.0000,0.0000,0.0000,0.0000,0.0000,0.0000,-0.0015,-0.2618,-0.2623,-2.5970,0.0000,0.0000,-2.5970
1791436615.4698,0.0195,2.4676,0.0000,0.0000,0.0000,0.0000,0.0000,0.0000,0.0000,-0.0015,-0.2618,-0.2623,-2.5971,0.0000,0.0000,-2.5971
1791436615.4898,0.0200,1.3776,0.0000,0.0000,0.0000,0.0000,0.0000,0.0000,0.0000,-0.0015,-0.2618,-0.2623,-2.5971,0.0000,0.0000,-2.5971
1791436615.5115,0.0217,4.6905,0.0000,0.0000,0.0000,0.0000,0.0000,0.0000,0.0000,-0.0015,-0.2618,-0.2623,-2.5971,0.0000,0.0000,-2.5971
1791436615.5298,0.0183,1.1282,0.0000,0.0000,0.0000,0.0000,0.0000,0.0000,0.0000,-0.0015,-0.2618,-0.2623,-2.5970,0.0000,0.0000,-2.5970
1791436615.5518,0.0221,0.4268,0.0000,0.0000,0.0000,0.0000,0.0000,0.0000,0.0000,-0.0015,-0.2618,-0.2623,-2.5970,0.0000,0.0000,-2.5970
1791436615.5701,0.0183,1.0077,0.0000,0.0000,0.0000,0.0000,0.0000,0.0000,0.0000,-0.0015,-0.2618,-0.2623,-2.5970,0.0000,0.0000,-2.5970
1791436615.5914,0.0213,1.6470,0.0000,0.0000,0.0000,0.0000,0.0000,0.0000,0.0000,-0.0015,-0.2618,-0.2623,-2.5971,0.0000,0.0000,-2.5971
1791436615.6114,0.0200,0.5400,0.0000,0.0000,0.0000,0.0000,0.0000,0.0000,0.0000,-0.0015,-0.2618,-0.2623,-2.5970,0.0000,0.0000,-2.5970
1791436615.6298,0.0184,0.4681,0.0000,0.0000,0.0000,0.0000,0.0000,0.0000,0.0000,-0.0015,-0.2618,-0.2623,-2.5970,0.0000,0.0000,-2.5970
1791436615.6504,0.0206,0.6285,0.0000,0.0000,0.0000,0.0000,0.0000,0.0000,0.0000,-0.0015,-0.2618,-0.2623,-2.5970,0.0000,0.0000,-2.5970
1791436615.6697,0.0194,4.3807,0.0000,0.0000,0.0000,0.0000,0.0000,0.0000,0.0000,-0.0015,-0.2618,-0.2623,-2.5970,0.0000,0.0000,-2.5970
1791436615.6897,0.0199,0.4229,0.0000,0.0000,0.0000,0.0000,0.0000,0.0000,0.0000,-0.0015,-0.2618,-0.2623,-2.5971,0.0000,0.0000,-2.5971
1791436615.7100,0.0204,0.7078,0.0000,0.0000,0.0000,0.0000,0.0000,0.0000,0.0000,-0.0015,-0.2618,-0.2623,-2.5970,0.0000,0.0000,-2.5970
1791436615.7297,0.0197,2.0890,0.0000,0.0000,0.0000,0.0000,0.0000,0.0000,0.0000,-0.0015,-0.2618,-0.2623,-2.5970,0.0000,0.0000,-2.5970
1791436615.7506,0.0209,0.7056,0.0000,0.0000,0.0000,0.0000,0.0000,0.0000,0.0000,-0.0015,-0.2618,-0.2623,-2.5970,0.0000,0.0000,-2.5970
1791436615.7697,0.0192,1.0726,0.0000,0.0000,0.0000,0.0000,0.0000,0.0000,0.0000,-0.0015,-0.2618,-0.2623,-2.5970,0.0000,0.0000,-2.5970
1791436615.7900,0.0203,0.8981,0.0000,0.0000,0.0000,0.0000,0.0000,0.0000,0.0000,-0.0015,-0.2618,-0.2623,-2.5971,0.0000,0.0000,-2.5971
1791436615.8096,0.0196,0.4478,0.0000,0.0000,0.0000,0.0000,0.0000,0.0000,0.0000,-0.0015,-0.2618,-0.2623,-2.5970,0.0000,0.0000,-2.5970
1791436615.8298,0.0201,2.1868,0.0000,0.0000,0.0000,0.0000,0.0000,0.0000,0.0000,-0.0015,-0.2618,-0.2623,-2.5970,0.0000,0.0000,-2.5970
1791436615.8524,0.0226,0.7009,0.0000,0.0000,0.0000,0.0000,0.0000,0.0000,0.0000,-0.0015,-0.2618,-0.2623,-2.5970,0.0000,0.0000,-2.5970
1791436615.8699,0.0175,4.2417,0.0000,0.0000,0.0000,0.0000,0.0000,0.0000,0.0000,-0.0015,-0.2618,-0.2623,-2.5971,0.0000,0.0000,-2.5971
1791436615.8899,0.0200,3.7917,0.0000,0.0000,0.0000,0.0000,0.0000,0.0000,0.0000,-0.0015,-0.2618,-0.2623,-2.5971,0.0000,0.0000,-2.5971
1791436615.9105,0.0206,0.6752,0.0000,0.0000,0.0000,0.0000,0.0000,0.0000,0.0000,-0.0015,-0.2618,-0.2623,-2.5970,0.0000,0.0000,-2.5970
1791436615.9297,0.0192,0.8143,0.0000,0.0000,0.0000,0.0000,0.0000,0.0000,0.0000,-0.0015,-0.2618,-0.2623,-2.5970,0.0000,0.0000,-2.5970
1791436615.9524,0.0227,0.9104,0.0000,0.0000,0.0000,0.0000,0.0000,0.0000,0.0000,-0.0015,-0.2618,-0.2623,-2.5969,0.0000,0.0000,-2.5969
1791436615.9718,0.0193,1.0797,0.0000,0.0000,0.0000,0.0000,0.0000,0.0000,0.0000,-0.0015,-0.2618,-0.2623,-2.5970,0.0000,0.0000,-2.5970
1791436615.9923,0.0206,0.4136,0.0000,0.0000,0.0000,0.0000,0.0000,0.0000,0.0000,-0.0015,-0.2618,-0.2623,-2.5970,0.0000,0.0000,-2.5970
1791436616.0096,0.0173,0.4868,0.0000,0.0000,0.0000,0.0000,0.0000,0.0000,0.0000,-0.0015,-0.2618,-0.2623,-2.5970,0.0000,0.0000,-2.5970
1791436616.0298,0.0201,1.0518,0.0000,0.0000,0.0000,0.0000,0.0000,0.0000,0.0000,-0.0015,-0.2618,-0.2623,-2.5970,0.0000,0.0000,-2.5970
1791436616.0504,0.0206,0.7011,0.0000,0.0000,0.0000,0.0000,0.0000,0.0000,0.0000,-0.0015,-0.2618,-0.2623,-2.5971,0.0000,0.0000,-2.5971
1791436616.0698,0.0194,0.9538,0.0000,0.0000,0.0000,0.0000,0.0000,0.0000,0.0000,-0.0015,-0.2618,-0.2623,-2.5970,0.0000,0.0000,-2.5970
1791436616.0903,0.0205,0.4912,0.0000,0.0000,0.0000,0.0000,0.0000,0.0000,0.0000,-0.0015,-0.2618,-0.2623,-2.5971,0.0000,0.0000,-2.5971
1791436616.1097,0.0194,0.9947,0.0000,0.0000,0.0000,0.0000,0.0000,0.0000,0.0000,-0.0015,-0.2618,-0.2623,-2.5970,0.0000,0.0000,-2.5970
1791436616.1299,0.0202,0.6225,0.0000,0.0000,0.0000,0.0000,0.0000,0.0000,0.0000,-0.0015,-0.2618,-0.2623,-2.5971,0.0000,0.0000,-2.5971
1791436616.1549,0.0250,0.4819,0.0000,0.0000,0.0000,0.0000,0.0000,0.0000,0.0000,-0.0015,-0.2618,-0.2623,-2.5971,0.0000,0.0000,-2.5971
1791436616.1700,0.0151,1.1180,0.0000,0.0000,0.0000,0.0000,0.0000,0.0000,0.0000,-0.0015,-0.2618,-0.2623,-2.5970,0.0000,0.0000,-2.5970
1791436616.1897,0.0197,0.8455,0.0000,0.0000,0.0000,0.0000,0.0000,0.0000,0.0000,-0.0015,-0.2618,-0.2623,-2.5970,0.0000,0.0000,-2.5970
1791436616.2115,0.0217,1.6303,0.0000,0.0000,0.0000,0.0000,0.0000,0.0000,0.0000,-0.0015,-0.2618,-0.2623,-2.5971,0.0000,0.0000,-2.5971
1791436616.2297,0.0182,0.4396,0.0000,0.0000,0.0000,0.0000,0.0000,0.0000,0.0000,-0.0015,-0.2618,-0.2623,-2.5971,0.0000,0.0000,-2.5971
1791436616.2505,0.0208,0.6140,0.0000,0.0000,0.0000,0.0000,0.0000,0.0000,0.0000,-0.0015,-0.2618,-0.2623,-2.5970,0.0000,0.0000,-2.5970
1791436616.2698,0.0193,1.2354,0.0000,0.0000,0.0000,0.0000,0.0000,0.0000,0.0000,-0.0015,-0.2618,-0.2623,-2.5970,0.0000,0.0000,-2.5970
1791436616.2899,0.0201,0.7994,0.0000,0.0000,0.0000,0.0000,0.0000,0.0000,0.0000,-0.0015,-0.2618,-0.2623,-2.5970,0.0000,0.0000,-2.5970
1791436616.3095,0.0195,0.4377,0.0000,0.0000,0.0000,0.0000,0.0000,0.0000,0.0000,-0.0015,-0.2618,-0.2623,-2.5970,0.0000,0.0000,-2.5970
1791436616.3315,0.0220,3.4963,0.0000,0.0000,0.0000,0.0000,0.0000,0.0000,0.0000,-0.0015,-0.2618,-0.2623,-2.5970,0.0000,0.0000,-2.5970
1791436616.3501,0.0186,2.8629,0.0000,0.0000,0.0000,0.0000,0.0000,0.0000,0.0000,-0.0015,-0.2618,-0.2623,-2.5971,0.0000,0.0000,-2.5971
1791436616.3698,0.0197,4.9861,0.0000,0.0000,0.0000,0.0000,0.0000,0.0000,0.0000,-0.0015,-0.2618,-0.2623,-2.5971,0.0000,0.0000,-2.5971
1791436616.3897,0.0199,2.0869,0.0000,0.0000,0.0000,0.0000,0.0000,0.0000,0.0000,-0.0015,-0.2618,-0.2623,-2.5970,0.0000,0.0000,-2.5970
1791436616.4103,0.0207,3.5181,0.0000,0.0000,0.0000,0.0000,0.0000,0.0000,0.0000,-0.0015,-0.2618,-0.2623,-2.5970,0.0000,0.0000,-2.5970
1791436616.4297,0.0194,2.0128,0.0000,0.0000,0.0000,0.0000,0.0000,0.0000,0.0000,-0.0015,-0.2618,-0.2623,-2.5971,0.0000,0.0000,-2.5971
1791436616.4522,0.0225,2.5368,0.0000,0.0000,0.0000,0.0000,0.0000,0.0000,0.0000,-0.0015,-0.2618,-0.2623,-2.5971,0.0000,0.0000,-2.5971
1791436616.4698,0.0176,3.3444,0.0000,0.0000,0.0000,0.0000,0.0000,0.0000,0.0000,-0.0015,-0.2618,-0.2623,-2.5971,0.0000,0.0000,-2.5971
1791436616.4898,0.0199,3.0724,0.0000,0.0000,0.0000,0.0000,0.0000,0.0000,0.0000,-0.0015,-0.2618,-0.2623,-2.5971,0.0000,0.0000,-2.5971
1791436616.5103,0.0206,5.3726,0.0000,0.0000,0.0000,0.0000,0.0000,0.0000,0.0000,-0.0015,-0.2618,-0.2623,-2.5970,0.0000,0.0000,-2.5970
1791436616.5297,0.0194,2.2159,0.0000,0.0000,0.0000,0.0000,0.0000,0.0000,0.0000,-0.0015,-0.2618,-0.2623,-2.5971,0.0000,0.0000,-2.5971
1791436616.5500,0.0203,2.0148,0.0000,0.0000,0.0000,0.0000,0.0000,0.0000,0.0000,-0.0015,-0.2618,-0.2623,-2.5971,0.0000,0.0000,-2.5971
1791436616.5708,0.0208,1.9515,0.0000,0.0000,0.0000,0.0000,0.0000,0.0000,0.0000,-0.0015,-0.2618,-0.2623,-2.5970,0.0000,0.0000,-2.5970
1791436616.5903,0.0196,0.4002,0.0000,0.0000,0.0000,0.0000,0.0000,0.0000,0.0000,-0.0015,-0.2618,-0.2623,-2.5971,0.0000,0.0000,-2.5971
1791436616.6104,0.0201,4.1887,0.0000,0.0000,0.0000,0.0000,0.0000,0.0000,0.0000,-0.0015,-0.2618,-0.2623,-2.5970,0.0000,0.0000,-2.5970
1791436616.6297,0.0193,0.4611,0.0000,0.0000,0.0000,0.0000,0.0000,0.0000,0.0000,-0.0015,-0.2618,-0.2623,-2.5971,0.0000,0.0000,-2.5971
1791436616.6501,0.0204,2.1635,0.0000,0.0000,0.0000,0.0000,0.0000,0.0000,0.0000,-0.0015,-0.2618,-0.2623,-2.5971,0.0000,0.0000,-2.5971
1791436616.6699,0.0198,2.7504,0.0000,0.0000,0.0000,0.0000,0.0000,0.0000,0.0000,-0.0015,-0.2618,-0.2623,-2.5970,0.0000,0.0000,-2.5970
1791436616.6916,0.0218,0.4313,0.0000,0.0000,0.0000,0.0000,0.0000,0.0000,0.0000,-0.0015,-0.2618,-0.2623,-2.5970,0.0000,0.0000,-2.5970
1791436616.7097,0.0180,4.0855,0.0000,0.0000,0.0000,0.0000,0.0000,0.0000,0.0000,-0.0015,-0.2618,-0.2623,-2.5971,0.0000,0.0000,-2.5971
1791436616.7299,0.0202,0.7719,0.0000,0.0000,0.0000,0.0000,0.0000,0.0000,0.0000,-0.0015,-0.2618,-0.2623,-2.5970,0.0000,0.0000,-2.5970
1791436616.7514,0.0215,0.7726,0.0000,0.0000,0.0000,0.0000,0.0000,0.0000,0.0000,-0.0015,-0.2618,-0.2623,-2.5970,0.0000,0.0000,-2.5970
1791436616.7698,0.0184,4.7472,0.0000,0.0000,0.0000,0.0000,0.0000,0.0000,0.0000,-0.0015,-0.2618,-0.2623,-2.5970,0.0000,0.0000,-2.5970
1791436616.7897,0.0199,4.4431,0.0000,0.0000,0.0000,0.0000,0.0000,0.0000,0.0000,-0.0015,-0.2618,-0.2623,-2.5971,0.0000,0.0000,-2.5971
1791436616.8097,0.0200,4.8010,0.0000,0.0000,0.0000,0.0000,0.0000,0.0000,0.0000,-0.0015,-0.2618,-0.2623,-2.5971,0.0000,0.0000,-2.5971
1791436616.8297,0.0200,0.4448,0.0000,0.0000,0.0000,0.0000,0.0000,0.0000,0.0000,-0.0015,-0.2618,-0.2623,-2.5971,0.0000,0.0000,-2.5971
1791436616.8535,0.0238,1.1456,0.0000,0.0000,0.0000,0.0000,0.0000,0.0000,0.0000,-0.0015,-0.2618,-0.2608,-2.5970,0.0000,0.0000,-2.5970
1791436616.8705,0.0170,5.7669,0.0000,0.0000,0.0000,0.0000,0.0000,0.0000,0.0000,-0.0015,-0.2618,-0.2623,-2.5971,0.0000,0.0000,-2.5971
1791436616.8897,0.0192,0.5414,0.0000,0.0000,0.0000,0.0000,0.0000,0.0000,0.0000,-0.0015,-0.2618,-0.2623,-2.5971,0.0000,0.0000,-2.5971
1791436616.9100,0.0204,4.7575,0.0000,0.0000,0.0000,0.0000,0.0000,0.0000,0.0000,-0.0015,-0.2618,-0.2623,-2.5971,0.0000,0.0000,-2.5971
1791436616.9297,0.0197,3.9956,0.0000,0.0000,0.0000,0.0000,0.0000,0.0000,0.0000,-0.0015,-0.2618,-0.2623,-2.5971,0.0000,0.0000,-2.5971
1791436616.9503,0.0205,0.4602,0.0000,0.0000,0.0000,0.0000,0.0000,0.0000,0.0000,-0.0015,-0.2618,-0.2623,-2.5971,0.0000,0.0000,-2.5971
1791436616.9698,0.0195,0.7416,0.0000,0.0000,0.0000,0.0000,0.0000,0.0000,0.0000,-0.0015,-0.2618,-0.2623,-2.5971,0.0000,0.0000,-2.5971
1791436616.9898,0.0200,3.5971,0.0000,0.0000,0.0000,0.0000,0.0000,0.0000,0.0000,-0.0015,-0.2618,-0.2623,-2.5971,0.0000,0.0000,-2.5971
1791436617.0107,0.0210,1.0575,0.0000,0.0000,0.0000,0.0000,0.0000,0.0000,0.0000,-0.0015,-0.2618,-0.2623,-2.5971,0.0000,0.0000,-2.5971
1791436617.0304,0.0197,0.4232,0.0000,0.0000,0.0000,0.0000,0.0000,0.0000,0.0000,-0.0015,-0.2618,-0.2623,-2.5971,0.0000,0.0000,-2.5971
1791436617.0502,0.0197,0.5763,0.0000,0.0000,0.0000,0.0000,0.0000,0.0000,0.0000,-0.0015,-0.2618,-0.2623,-2.5971,0.0000,0.0000,-2.5971
1791436617.0699,0.0197,4.0034,0.0000,0.0000,0.0000,0.0000,0.0000,0.0000,0.0000,-0.0015,-0.2618,-0.2623,-2.5971,0.0000,0.0000,-2.5971
1791436617.0898,0.0199,2.9847,0.0000,0.0000,0.0000,0.0000,0.0000,0.0000,0.0000,-0.0015,-0.2618,-0.2623,-2.5971,0.0000,0.0000,-2.5971
1791436617.1114,0.0216,1.3476,0.0000,0.0000,0.0000,0.0000,0.0000,0.0000,0.0000,-0.0015,-0.2618,-0.2623,-2.5971,0.0000,0.0000,-2.5971
1791436617.1299,0.0184,2.2437,0.0000,0.0000,0.0000,0.0000,0.0000,0.0000,0.0000,-0.0015,-0.2618,-0.2623,-2.5970,0.0000,0.0000,-2.5970
1791436617.1521,0.0223,2.4025,0.0000,0.0000,0.0000,0.0000,0.0000,0.0000,0.0000,-0.0015,-0.2618,-0.2623,-2.5970,0.0000,0.0000,-2.5970
1791436617.1697,0.0176,0.9256,0.0000,0.0000,0.0000,0.0000,0.0000,0.0000,0.0000,-0.0015,-0.2618,-0.2623,-2.5971,0.0000,0.0000,-2.5971
1791436617.1898,0.0201,6.3719,0.0000,0.0000,0.0000,0.0000,0.0000,0.0000,0.0000,-0.0015,-0.2618,-0.2623,-2.5971,0.0000,0.0000,-2.5971
1791436617.2105,0.0207,3.5661,0.0000,0.0000,0.0000,0.0000,0.0000,0.0000,0.0000,-0.0015,-0.2618,-0.2623,-2.5971,0.0000,0.0000,-2.5971
1791436617.2297,0.0193,2.2087,0.0000,0.0000,0.0000,0.0000,0.0000,0.0000,0.0000,-0.0015,-0.2618,-0.2623,-2.5972,0.0000,0.0000,-2.5972
1791436617.2519,0.0221,2.4002,0.0000,0.0000,0.0000,0.0000,0.0000,0.0000,0.0000,-0.0015,-0.2618,-0.2623,-2.5971,0.0000,0.0000,-2.5971
1791436617.2713,0.0195,0.9269,0.0000,0.0000,0.0000,0.0000,0.0000,0.0000,0.0000,-0.0015,-0.2618,-0.2623,-2.5972,0.0000,0.0000,-2.5972
1791436617.2899,0.0185,1.2384,0.0000,0.0000,0.0000,0.0000,0.0000,0.0000,0.0000,-0.0015,-0.2618,-0.2623,-2.5971,0.0000,0.0000,-2.5971
1791436617.3099,0.0200,3.9429,0.0000,0.0000,0.0000,0.0000,0.0000,0.0000,0.0000,-0.0015,-0.2618,-0.2623,-2.5971,0.0000,0.0000,-2.5971
1791436617.3297,0.0198,1.9819,0.0000,0.0000,0.0000,0.0000,0.0000,0.0000,0.0000,-0.0015,-0.2618,-0.2623,-2.5971,0.0000,0.0000,-2.5971
1791436617.3512,0.0215,2.5923,0.0000,0.0000,0.0000,0.0000,0.0000,0.0000,0.0000,-0.0015,-0.2618,-0.2623,-2.5971,0.0000,0.0000,-2.5971
1791436617.3698,0.0187,3.7737,0.0000,0.0000,0.0000,0.0000,0.0000,0.0000,0.0000,-0.0015,-0.2618,-0.2623,-2.5971,0.0000,0.0000,-2.5971
1791436617.3898,0.0199,0.4591,0.0000,0.0000,0.0000,0.0000,0.0000,0.0000,0.0000,-0.0015,-0.2618,-0.2623,-2.5971,0.0000,0.0000,-2.5971
1791436617.4104,0.0206,4.3518,0.0000,0.0000,0.0000,0.0000,0.0000,0.0000,0.0000,-0.0015,-0.2618,-0.2623,-2.5971,0.0000,0.0000,-2.5971
1791436617.4297,0.0193,4.3693,0.0000,0.0000,0.0000,0.0000,0.0000,0.0000,0.0000,-0.0015,-0.2618,-0.2623,-2.5970,0.0000,0.0000,-2.5970
1791436617.4500,0.0203,0.4123,0.0000,0.0000,0.0000,0.0000,0.0000,0.0000,0.0000,-0.0015,-0.2618,-0.2623,-2.5971,0.0000,0.0000,-2.5971
1791436617.4699,0.0199,5.8172,0.0000,0.0000,0.0000,0.0000,0.0000,0.0000,0.0000,-0.0015,-0.2618,-0.2623,-2.5971,0.0000,0.0000,-2.5971
1791436617.4899,0.0200,1.4277,0.0000,0.0000,0.0000,0.0000,0.0000,0.0000,0.0000,-0.0015,-0.2618,-0.2623,-2.5970,0.0000,0.0000,-2.5970
1791436617.5103,0.0205,1.4726,0.0000,0.0000,0.0000,0.0000,0.0000,0.0000,0.0000,-0.0015,-0.2618,-0.2623,-2.5970,0.0000,0.0000,-2.5970
1791436617.5306,0.0203,4.8602,0.0000,0.0000,0.0000,0.0000,0.0000,0.0000,0.0000,-0.0015,-0.2618,-0.2623,-2.5971,0.0000,0.0000,-2.5971
1791436617.5525,0.0219,0.3539,0.0000,0.0000,0.0000,0.0000,0.0000,0.0000,0.0000,-0.0015,-0.2618,-0.2623,-2.5971,0.0000,0.0000,-2.5971
1791436617.5697,0.0172,1.9994,0.0000,0.0000,0.0000,0.0000,0.0000,0.0000,0.0000,-0.0015,-0.2618,-0.2623,-2.5971,0.0000,0.0000,-2.5971
1791436617.5901,0.0204,1.5500,0.0000,0.0000,0.0000,0.0000,0.0000,0.0000,0.0000,-0.0015,-0.2618,-0.2623,-2.5971,0.0000,0.0000,-2.5971
1791436617.6098,0.0197,0.4825,0.0000,0.0000,0.0000,0.0000,0.0000,0.0000,0.0000,-0.0015,-0.2618,-0.2623,-2.5971,0.0000,0.0000,-2.5971
1791436617.6298,0.0200,1.4076,0.0000,0.0000,0.0000,0.0000,0.0000,0.0000,0.0000,-0.0015,-0.2618,-0.2623,-2.5971,0.0000,0.0000,-2.5971
1791436617.6516,0.0218,1.0256,0.0000,0.0000,0.0000,0.0000,0.0000,0.0000,0.0000,-0.0015,-0.2618,-0.2623,-2.5971,0.0000,0.0000,-2.5971
1791436617.6700,0.0184,0.9819,0.0000,0.0000,0.0000,0.0000,0.0000,0.0000,0.0000,-0.0015,-0.2618,-0.2623,-2.5970,0.0000,0.0000,-2.5970
1791436617.6897,0.0198,0.9821,0.0000,0.0000,0.0000,0.0000,0.0000,0.0000,0.0000,-0.0015,-0.2618,-0.2623,-2.5971,0.0000,0.0000,-2.5971
1791436617.7104,0.0206,0.5185,0.0000,0.0000,0.0000,0.0000,0.0000,0.0000,0.0000,-0.0015,-0.2618,-0.2623,-2.5971,0.0000,0.0000,-2.5971
1791436617.7305,0.0201,1.2822,0.0000,0.0000,0.0000,0.0000,0.0000,0.0000,0.0000,-0.0015,-0.2618,-0.2623,-2.5971,0.0000,0.0000,-2.5971
1791436617.7515,0.0210,3.9512,0.0000,0.0000,0.0000,0.0000,0.0000,0.0000,0.0000,-0.0015,-0.2618,-0.2623,-2.5971,0.0000,0.0000,-2.5971
1791436617.7698,0.0183,2.4963,0.0000,0.0000,0.0000,0.0000,0.0000,0.0000,0.0000,-0.0015,-0.2618,-0.2623,-2.5971,0.0000,0.0000,-2.5971
1791436617.7904,0.0206,1.3223,0.0000,0.0000,0.0000,0.0000,0.0000,0.0000,0.0000,-0.0015,-0.2618,-0.2623,-2.5971,0.0000,0.0000,-2.5971
1791436617.8117,0.0213,4.0436,0.0000,0.0000,0.0000,0.0000,0.0000,0.0000,0.0000,-0.0015,-0.2618,-0.2623,-2.5971,0.0000,0.0000,-2.5971
1791436617.8297,0.0179,0.4036,0.0000,0.0000,0.0000,0.0000,0.0000,0.0000,0.0000,-0.0015,-0.2618,-0.2623,-2.5971,0.0000,0.0000,-2.5971
1791436617.8500,0.0204,4.0610,0.0000,0.0000,0.0000,0.0000,0.0000,0.0000,0.0000,-0.0015,-0.2618,-0.2623,-2.5972,0.0000,0.0000,-2.5972
1791436617.8714,0.0214,1.5630,0.0000,0.0000,0.0000,0.0000,0.0000,0.0000,0.0000,-0.0015,-0.2618,-0.2623,-2.5971,0.0000,0.0000,-2.5971
1791436617.8898,0.0184,2.8180,0.0000,0.0000,0.0000,0.0000,0.0000,0.0000,0.0000,-0.0015,-0.2618,-0.2623,-2.5971,0.0000,0.0000,-2.5971
1791436617.9106,0.0209,1.9486,0.0000,0.0000,0.0000,0.0000,0.0000,0.0000,0.0000,-0.0015,-0.2618,-0.2623,-2.5971,0.0000,0.0000,-2.5971
1791436617.9297,0.0190,2.7088,0.0000,0.0000,0.0000,0.0000,0.0000,0.0000,0.0000,-0.0015,-0.2618,-0.2623,-2.5971,0.0000,0.0000,-2.5971
1791436617.9563,0.0266,2.8833,0.0000,0.0000,0.0000,0.0000,0.0000,0.0000,0.0000,-0.0015,-0.2618,-0.2623,-2.5971,0.0000,0.0000,-2.5971
1791436617.9700,0.0137,2.0099,0.0000,0.0000,0.0000,0.0000,0.0000,0.0000,0.0000,-0.0015,-0.2618,-0.2623,-2.5971,0.0000,0.0000,-2.5971
1791436617.9903,0.0203,1.8306,0.0000,0.0000,0.0000,0.0000,0.0000,0.0000,0.0000,-0.0015,-0.2618,-0.2623,-2.5971,0.0000,0.0000,-2.5971
1791436618.0105,0.0202,1.1115,0.0000,0.0000,0.0000,0.0000,0.0000,0.0000,0.0000,-0.0015,-0.2618,-0.2623,-2.5972,0.0000,0.0000,-2.5972
1791436618.0298,0.0194,0.7350,0.0000,0.0000,0.0000,0.0000,0.0000,0.0000,0.0000,-0.0015,-0.2618,-0.2623,-2.5971,0.0000,0.0000,-2.5971
1791436618.0501,0.0203,0.4266,0.0000,0.0000,0.0000,0.0000,0.0000,0.0000,0.0000,-0.0015,-0.2618,-0.2623,-2.5971,0.0000,0.0000,-2.5971
1791436618.0705,0.0204,1.4620,0.0000,0.0000,0.0000,0.0000,0.0000,0.0000,0.0000,-0.0015,-0.2618,-0.2623,-2.5971,0.0000,0.0000,-2.5971
1791436618.0918,0.0212,0.9786,0.0000,0.0000,0.0000,0.0000,0.0000,0.0000,0.0000,-0.0015,-0.2618,-0.2623,-2.5971,0.0000,0.0000,-2.5971
1791436618.1098,0.0180,1.6030,0.0000,0.0000,0.0000,0.0000,0.0000,0.0000,0.0000,-0.0015,-0.2618,-0.2623,-2.5972,0.0000,0.0000,-2.5972
1791436618.1303,0.0206,0.4153,0.0000,0.0000,0.0000,0.0000,0.0000,0.0000,0.0000,-0.0015,-0.2618,-0.2623,-2.5971,0.0000,0.0000,-2.5971
1791436618.1503,0.0200,1.3710,0.0000,0.0000,0.0000,0.0000,0.0000,0.0000,0.0000,-0.0015,-0.2618,-0.2623,-2.5971,0.0000,0.0000,-2.5971
1791436618.1698,0.0195,0.8616,0.0000,0.0000,0.0000,0.0000,0.0000,0.0000,0.0000,-0.0015,-0.2618,-0.2623,-2.5971,0.0000,0.0000,-2.5971
1791436618.1898,0.0200,1.2028,0.0000,0.0000,0.0000,0.0000,0.0000,0.0000,0.0000,-0.0015,-0.2618,-0.2623,-2.5971,0.0000,0.0000,-2.5971
1791436618.2098,0.0200,2.8469,0.0000,0.0000,0.0000,0.0000,0.0000,0.0000,0.0000,-0.0015,-0.2618,-0.2623,-2.5971,0.0000,0.0000,-2.5971
1791436618.2314,0.0216,0.4501,0.0000,0.0000,0.0000,0.0000,0.0000,0.0000,0.0000,-0.0015,-0.2618,-0.2623,-2.5971,0.0000,0.0000,-2.5971
1791436618.2505,0.0190,0.4826,0.0000,0.0000,0.0000,0.0000,0.0000,0.0000,0.0000,-0.0015,-0.2618,-0.2623,-2.5971,0.0000,0.0000,-2.5971
1791436618.2703,0.0199,0.4878,0.0000,0.0000,0.0000,0.0000,0.0000,0.0000,0.0000,-0.0015,-0.2618,-0.2623,-2.5971,0.0000,0.0000,-2.5971
1791436618.2898,0.0194,0.7549,0.0000,0.0000,0.0000,0.0000,0.0000,0.0000,0.0000,-0.0015,-0.2618,-0.2623,-2.5971,0.0000,0.0000,-2.5971
1791436618.3098,0.0201,0.8559,0.0000,0.0000,0.0000,0.0000,0.0000,0.0000,0.0000,-0.0015,-0.2618,-0.2623,-2.5971,0.0000,0.0000,-2.5971
1791436618.3316,0.0217,0.5441,0.0000,0.0000,0.0000,0.0000,0.0000,0.0000,0.0000,-0.0015,-0.2618,-0.2623,-2.5971,0.0000,0.0000,-2.5971
1791436618.3518,0.0202,0.4470,0.0000,0.0000,0.0000,0.0000,0.0000,0.0000,0.0000,-0.0015,-0.2618,-0.2623,-2.5971,0.0000,0.0000,-2.5971
1791436618.3697,0.0179,1.1755,0.0000,0.0000,0.0000,0.0000,0.0000,0.0000,0.0000,-0.0015,-0.2618,-0.2623,-2.5971,0.0000,0.0000,-2.5971
1791436618.3905,0.0208,0.5129,0.0000,0.0000,0.0000,0.0000,0.0000,0.0000,0.0000,-0.0015,-0.2618,-0.2623,-2.5970,0.0000,0.0000,-2.5970
1791436618.4105,0.0200,1.0296,0.0000,0.0000,0.0000,0.0000,0.0000,0.0000,0.0000,-0.0015,-0.2618,-0.2623,-2.5971,0.0000,0.0000,-2.5971
1791436618.4305,0.0200,0.7625,0.0000,0.0000,0.0000,0.0000,0.0000,0.0000,0.0000,-0.0015,-0.2618,-0.2623,-2.5972,0.0000,0.0000,-2.5972
1791436618.4499,0.0195,0.3174,0.0000,0.0000,0.0000,0.0000,0.0000,0.0000,0.0000,-0.0015,-0.2618,-0.2623,-2.5971,0.0000,0.0000,-2.5971
1791436618.4699,0.0199,0.9821,0.0000,0.0000,0.0000,0.0000,0.0000,0.0000,0.0000,-0.0015,-0.2618,-0.2623,-2.5971,0.0000,0.0000,-2.5971
1791436618.4899,0.0200,0.7331,0.0000,0.0000,0.0000,0.0000,0.0000,0.0000,0.0000,-0.0015,-0.2618,-0.2623,-2.5971,0.0000,0.0000,-2.5971
1791436618.5099,0.0200,1.1019,0.0000,0.0000,0.0000,0.0000,0.0000,0.0000,0.0000,-0.0015,-0.2618,-0.2623,-2.5971,0.0000,0.0000,-2.5971
1791436618.5298,0.0199,0.5650,0.0000,0.0000,0.0000,0.0000,0.0000,0.0000,0.0000,-0.0015,-0.2618,-0.2623,-2.5971,0.0000,0.0000,-2.5971
1791436618.5520,0.0222,0.7352,0.0000,0.0000,0.0000,0.0000,0.0000,0.0000,0.0000,-0.0015,-0.2618,-0.2623,-2.5971,0.0000,0.0000,-2.5971
1791436618.5698,0.0177,0.4940,0.0000,0.0000,0.0000,0.0000,0.0000,0.0000,0.0000,-0.0015,-0.2618,-0.2623,-2.5971,0.0000,0.0000,-2.5971
1791436618.5904,0.0206,1.6862,0.0000,0.0000,0.0000,0.0000,0.0000,0.0000,0.0000,-0.0015,-0.2618,-0.2623,-2.5971,0.0000,0.0000,-2.5971
1791436618.6106,0.0201,1.4112,0.0000,0.0000,0.0000,0.0000,0.0000,0.0000,0.0000,-0.0015,-0.2618,-0.2623,-2.5971,0.0000,0.0000,-2.5971
1791436618.6303,0.0198,0.7722,0.0000,0.0000,0.0000,0.0000,0.0000,0.0000,0.0000,-0.0015,-0.2618,-0.2623,-2.5972,0.0000,0.0000,-2.5972
1791436618.6500,0.0197,0.6397,0.0000,0.0000,0.0000,0.0000,0.0000,0.0000,0.0000,-0.0015,-0.2618,-0.2623,-2.5971,0.0000,0.0000,-2.5971
1791436618.6697,0.0196,0.6803,0.0000,0.0000,0.0000,0.0000,0.0000,0.0000,0.0000,-0.0015,-0.2618,-0.2623,-2.5972,0.0000,0.0000,-2.5972
1791436618.6904,0.0208,0.4392,0.0000,0.0000,0.0000,0.0000,0.0000,0.0000,0.0000,-0.0015,-0.2618,-0.2623,-2.5972,0.0000,0.0000,-2.5972
1791436618.7099,0.0195,1.3844,0.0000,0.0000,0.0000,0.0000,0.0000,0.0000,0.0000,-0.0015,-0.2618,-0.2623,-2.5971,0.0000,0.0000,-2.5971
1791436618.7298,0.0199,0.4587,0.0000,0.0000,0.0000,0.0000,0.0000,0.0000,0.0000,-0.0015,-0.2618,-0.2623,-2.5971,0.0000,0.0000,-2.5971
1791436618.7518,0.0220,0.3240,0.0000,0.0000,0.0000,0.0000,0.0000,0.0000,0.0000,-0.0015,-0.2618,-0.2623,-2.5971,0.0000,0.0000,-2.5971
1791436618.7697,0.0179,0.4636,0.0000,0.0000,0.0000,0.0000,0.0000,0.0000,0.0000,-0.0015,-0.2618,-0.2623,-2.5971,0.0000,0.0000,-2.5971
1791436618.7901,0.0205,3.6295,0.0000,0.0000,0.0000,0.0000,0.0000,0.0000,0.0000,-0.0015,-0.2618,-0.2623,-2.5972,0.0000,0.0000,-2.5972
1791436618.8100,0.0198,5.0684,0.0000,0.0000,0.0000,0.0000,0.0000,0.0000,0.0000,-0.0015,-0.2618,-0.2623,-2.5970,0.0000,0.0000,-2.5970
1791436618.8298,0.0198,4.1057,0.0000,0.0000,0.0000,0.0000,0.0000,0.0000,0.0000,-0.0015,-0.2618,-0.2623,-2.5971,0.0000,0.0000,-2.5971
1791436618.8508,0.0210,1.1739,0.0000,0.0000,0.0000,0.0000,0.0000,0.0000,0.0000,-0.0015,-0.2618,-0.2623,-2.5971,0.0000,0.0000,-2.5971
1791436618.8697,0.0189,4.4293,0.0000,0.0000,0.0000,0.0000,0.0000,0.0000,0.0000,-0.0015,-0.2618,-0.2623,-2.5971,0.0000,0.0000,-2.5971
1791436618.8897,0.0200,1.8011,0.0000,0.0000,0.0000,0.0000,0.0000,0.0000,0.0000,-0.0015,-0.2618,-0.2623,-2.5971,0.0000,0.0000,-2.5971
1791436618.9100,0.0203,4.8679,0.0000,0.0000,0.0000,0.0000,0.0000,0.0000,0.0000,-0.0015,-0.2618,-0.2623,-2.5971,0.0000,0.0000,-2.5971
1791436618.9315,0.0215,0.6497,0.0000,0.0000,0.0000,0.0000,0.0000,0.0000,0.0000,-0.0015,-0.2618,-0.2623,-2.5971,0.0000,0.0000,-2.5971
1791436618.9502,0.0187,2.1320,0.0000,0.0000,0.0000,0.0000,0.0000,0.0000,0.0000,-0.0015,-0.2618,-0.2623,-2.5972,0.0000,0.0000,-2.5972
1791436618.9699,0.0197,0.6956,0.0000,0.0000,0.0000,0.0000,0.0000,0.0000,0.0000,-0.0015,-0.2618,-0.2623,-2.5972,0.0000,0.0000,-2.5972
1791436618.9897,0.0198,1.1055,0.0000,0.0000,0.0000,0.0000,0.0000,0.0000,0.0000,-0.0015,-0.2618,-0.2623,-2.5971,0.0000,0.0000,-2.5971
1791436619.0098,0.0201,0.7621,0.0000,0.0000,0.0000,0.0000,0.0000,0.0000,0.0000,-0.0015,-0.2618,-0.2623,-2.5971,0.0000,0.0000,-2.5971
1791436619.0298,0.0200,1.1527,0.0000,0.0000,0.0000,0.0000,0.0000,0.0000,0.0000,-0.0015,-0.2618,-0.2623,-2.5971,0.0000,0.0000,-2.5971
1791436619.0521,0.0223,0.5885,0.0000,0.0000,0.0000,0.0000,0.0000,0.0000,0.0000,-0.0015,-0.2618,-0.2623,-2.5971,0.0000,0.0000,-2.5971
1791436619.0698,0.0176,4.5585,0.0000,0.0000,0.0000,0.0000,0.0000,0.0000,0.0000,-0.0015,-0.2618,-0.2623,-2.5971,0.0000,0.0000,-2.5971
1791436619.0898,0.0200,3.1829,0.0000,0.0000,0.0000,0.0000,0.0000,0.0000,0.0000,-0.0015,-0.2618,-0.2623,-2.5972,0.0000,0.0000,-2.5972
1791436619.1099,0.0201,1.5021,0.0000,0.0000,0.0000,0.0000,0.0000,0.0000,0.0000,-0.0015,-0.2618,-0.2623,-2.5971,0.0000,0.0000,-2.5971
1791436619.1303,0.0204,2.9941,0.0000,0.0000,0.0000,0.0000,0.0000,0.0000,0.0000,-0.0015,-0.2618,-0.2623,-2.5972,0.0000,0.0000,-2.5972
1791436619.1517,0.0213,1.0807,0.0000,0.0000,0.0000,0.0000,0.0000,0.0000,0.0000,-0.0015,-0.2618,-0.2623,-2.5972,0.0000,0.0000,-2.5972
1791436619.1698,0.0181,1.3858,0.0000,0.0000,0.0000,0.0000,0.0000,0.0000,0.0000,-0.0015,-0.2618,-0.2623,-2.5972,0.0000,0.0000,-2.5972
1791436619.1901,0.0203,2.6328,0.0000,0.0000,0.0000,0.0000,0.0000,0.0000,0.0000,-0.0015,-0.2618,-0.2623,-2.5972,0.0000,0.0000,-2.5972
1791436619.2105,0.0204,3.2797,0.0000,0.0000,0.0000,0.0000,0.0000,0.0000,0.0000,-0.0015,-0.2618,-0.2623,-2.5971,0.0000,0.0000,-2.5971
1791436619.2298,0.0193,1.8793,0.0000,0.0000,0.0000,0.0000,0.0000,0.0000,0.0000,-0.0015,-0.2618,-0.2623,-2.5971,0.0000,0.0000,-2.5971
1791436619.2509,0.0211,0.6392,0.0000,0.0000,0.0000,0.0000,0.0000,0.0000,0.0000,-0.0015,-0.2618,-0.2623,-2.5971,0.0000,0.0000,-2.5971
1791436619.2698,0.0188,1.7914,0.0000,0.0000,0.0000,0.0000,0.0000,0.0000,0.0000,-0.0015,-0.2618,-0.2623,-2.5971,0.0000,0.0000,-2.5971
1791436619.2903,0.0206,1.6856,0.0000,0.0000,0.0000,0.0000,0.0000,0.0000,0.0000,-0.0015,-0.2618,-0.2623,-2.5972,0.0000,0.0000,-2.5972
1791436619.3106,0.0203,1.4771,0.0000,0.0000,0.0000,0.0000,0.0000,0.0000,0.0000,-0.0031,-0.2618,-0.2623,-2.5972,0.0000,0.0000,-2.5972
1791436619.3299,0.0192,1.6292,0.0000,0.0000,0.0000,0.0000,0.0000,0.0000,0.0000,-0.0015,-0.2618,-0.2623,-2.5972,0.0000,0.0000,-2.5972
1791436619.3501,0.0202,4.2356,0.0000,0.0000,0.0000,0.0000,0.0000,0.0000,0.0000,-0.0015,-0.2618,-0.2623,-2.5971,0.0000,0.0000,-2.5971
1791436619.3699,0.0198,0.8604,0.0000,0.0000,0.0000,0.0000,0.0000,0.0000,0.0000,-0.0015,-0.2618,-0.2623,-2.5972,0.0000,0.0000,-2.5972
1791436619.3899,0.0201,1.9300,0.0000,0.0000,0.0000,0.0000,0.0000,0.0000,0.0000,-0.0015,-0.2618,-0.2623,-2.5971,0.0000,0.0000,-2.5971
1791436619.4118,0.0218,3.3780,0.0000,0.0000,0.0000,0.0000,0.0000,0.0000,0.0000,-0.0015,-0.2618,-0.2623,-2.5971,0.0000,0.0000,-2.5971
1791436619.4298,0.0180,0.7156,0.0000,0.0000,0.0000,0.0000,0.0000,0.0000,0.0000,-0.0015,-0.2618,-0.2623,-2.5971,0.0000,0.0000,-2.5971
1791436619.4515,0.0217,0.3697,0.0000,0.0000,0.0000,0.0000,0.0000,0.0000,0.0000,-0.0015,-0.2618,-0.2623,-2.5971,0.0000,0.0000,-2.5971
1791436619.4699,0.0184,0.8819,0.0000,0.0000,0.0000,0.0000,0.0000,0.0000,0.0000,-0.0015,-0.2618,-0.2623,-2.5971,0.0000,0.0000,-2.5971
1791436619.4897,0.0198,0.7839,0.0000,0.0000,0.0000,0.0000,0.0000,0.0000,0.0000,-0.0015,-0.2618,-0.2623,-2.5971,0.0000,0.0000,-2.5971
1791436619.5100,0.0202,1.1241,0.0000,0.0000,0.0000,0.0000,0.0000,0.0000,0.0000,-0.0015,-0.2618,-0.2623,-2.5971,0.0000,0.0000,-2.5971
1791436619.5297,0.0197,0.6200,0.0000,0.0000,0.0000,0.0000,0.0000,0.0000,0.0000,-0.0015,-0.2618,-0.2623,-2.5972,0.0000,0.0000,-2.5972
1791436619.5503,0.0207,0.4282,0.0000,0.0000,0.0000,0.0000,0.0000,0.0000,0.0000,-0.0015,-0.2618,-0.2623,-2.5971,0.0000,0.0000,-2.5971
1791436619.5697,0.0194,0.8789,0.0000,0.0000,0.0000,0.0000,0.0000,0.0000,0.0000,-0.0015,-0.2618,-0.2623,-2.5972,0.0000,0.0000,-2.5972
1791436619.5898,0.0201,0.5210,0.0000,0.0000,0.0000,0.0000,0.0000,0.0000,0.0000,-0.0015,-0.2618,-0.2623,-2.5972,0.0000,0.0000,-2.5972
1791436619.6108,0.0210,2.0183,0.0000,0.0000,0.0000,0.0000,0.0000,0.0000,0.0000,-0.0015,-0.2618,-0.2623,-2.5972,0.0000,0.0000,-2.5972
1791436619.6298,0.0190,1.7647,0.0000,0.0000,0.0000,0.0000,0.0000,0.0000,0.0000,-0.0015,-0.2618,-0.2623,-2.5971,0.0000,0.0000,-2.5971
1791436619.6519,0.0221,2.9894,0.0000,0.0000,0.0000,0.0000,0.0000,0.0000,0.0000,-0.0015,-0.2618,-0.2623,-2.5971,0.0000,0.0000,-2.5971
1791436619.6720,0.0200,4.1150,0.0000,0.0000,0.0000,0.0000,0.0000,0.0000,0.0000,-0.0015,-0.2618,-0.2623,-2.5971,0.0000,0.0000,-2.5971
1791436619.6898,0.0178,2.8659,0.0000,0.0000,0.0000,0.0000,0.0000,0.0000,0.0000,-0.0015,-0.2618,-0.2623,-2.5970,0.0000,0.0000,-2.5970
1791436619.7116,0.0218,3.5145,0.0000,0.0000,0.0000,0.0000,0.0000,0.0000,0.0000,-0.0015,-0.2618,-0.2608,-2.5971,0.0000,0.0000,-2.5971
1791436619.7297,0.0181,1.1634,0.0000,0.0000,0.0000,0.0000,0.0000,0.0000,0.0000,-0.0015,-0.2618,-0.2623,-2.5971,0.0000,0.0000,-2.5971
1791436619.7503,0.0205,4.0005,0.0000,0.0000,0.0000,0.0000,0.0000,0.0000,0.0000,-0.0015,-0.2618,-0.2623,-2.5972,0.0000,0.0000,-2.5972
1791436619.7698,0.0195,1.2114,0.0000,0.0000,0.0000,0.0000,0.0000,0.0000,0.0000,-0.0015,-0.2618,-0.2623,-2.5971,0.0000,0.0000,-2.5971
1791436619.7897,0.0200,3.9733,0.0000,0.0000,0.0000,0.0000,0.0000,0.0000,0.0000,-0.0015,-0.2618,-0.2623,-2.5972,0.0000,0.0000,-2.5972
1791436619.8098,0.0201,0.7859,0.0000,0.0000,0.0000,0.0000,0.0000,0.0000,0.0000,-0.0015,-0.2618,-0.2623,-2.5971,0.0000,0.0000,-2.5971
1791436619.8299,0.0201,2.8590,0.0000,0.0000,0.0000,0.0000,0.0000,0.0000,0.0000,-0.0015,-0.2618,-0.2623,-2.5971,0.0000,0.0000,-2.5971
1791436619.8523,0.0224,3.6225,0.0000,0.0000,0.0000,0.0000,0.0000,0.0000,0.0000,-0.0015,-0.2618,-0.2623,-2.5972,0.0000,0.0000,-2.5972
1791436619.8697,0.0175,3.6815,0.0000,0.0000,0.0000,0.0000,0.0000,0.0000,0.0000,-0.0015,-0.2618,-0.2623,-2.5971,0.0000,0.0000,-2.5971
1791436619.8899,0.0201,1.0285,0.0000,0.0000,0.0000,0.0000,0.0000,0.0000,0.0000,-0.0015,-0.2618,-0.2623,-2.5971,0.0000,0.0000,-2.5971
1791436619.9100,0.0201,0.7897,0.0000,0.0000,0.0000,0.0000,0.0000,0.0000,0.0000,-0.0015,-0.2618,-0.2623,-2.5972,0.0000,0.0000,-2.5972
1791436619.9334,0.0235,2.8290,0.0000,0.0000,0.0000,0.0000,0.0000,0.0000,0.0000,-0.0015,-0.2618,-0.2623,-2.5971,0.0000,0.0000,-2.5971
1791436619.9509,0.0175,0.6956,0.0000,0.0000,0.0000,0.0000,0.0000,0.0000,0.0000,-0.0015,-0.2618,-0.2623,-2.5971,0.0000,0.0000,-2.5971
1791436619.9714,0.0205,0.8464,0.0000,0.0000,0.0000,0.0000,0.0000,0.0000,0.0000,-0.0015,-0.2618,-0.2623,-2.5972,0.0000,0.0000,-2.5972
1791436619.9904,0.0190,0.5005,0.0000,0.0000,0.0000,0.0000,0.0000,0.0000,0.0000,-0.0015,-0.2618,-0.2623,-2.5972,0.0000,0.0000,-2.5972
1791436620.0127,0.0223,3.7416,0.0000,0.0000,0.0000,0.0000,0.0000,0.0000,0.0000,-0.0015,-0.2618,-0.2623,-2.5972,0.0000,0.0000,-2.5972
1791436620.0298,0.0171,0.9026,0.0000,0.0000,0.0000,0.0000,0.0000,0.0000,0.0000,-0.0015,-0.2618,-0.2623,-2.5972,0.0000,0.0000,-2.5972
1791436620.0523,0.0225,0.4932,0.0000,0.0000,0.0000,0.0000,0.0000,0.0000,0.0000,-0.0015,-0.2618,-0.2623,-2.5971,0.0000,0.0000,-2.5971
1791436620.0697,0.0174,1.1202,0.0000,0.0000,0.0000,0.0000,0.0000,0.0000,0.0000,-0.0015,-0.2618,-0.2623,-2.5972,0.0000,0.0000,-2.5972
1791436620.0898,0.0201,1.3193,0.0000,0.0000,0.0000,0.0000,0.0000,0.0000,0.0000,-0.0015,-0.2618,-0.2623,-2.5972,0.0000,0.0000,-2.5972
1791436620.1098,0.0200,1.1885,0.0000,0.0000,0.0000,0.0000,0.0000,0.0000,0.0000,-0.0015,-0.2618,-0.2623,-2.5972,0.0000,0.0000,-2.5972
1791436620.1297,0.0199,1.0665,0.0000,0.0000,0.0000,0.0000,0.0000,0.0000,0.0000,-0.0015,-0.2618,-0.2623,-2.5972,0.0000,0.0000,-2.5972
1791436620.1523,0.0226,0.7098,0.0000,0.0000,0.0000,0.0000,0.0000,0.0000,0.0000,-0.0015,-0.2618,-0.2623,-2.5971,0.0000,0.0000,-2.5971
1791436620.1697,0.0174,1.0620,0.0000,0.0000,0.0000,0.0000,0.0000,0.0000,0.0000,-0.0015,-0.2618,-0.2623,-2.5972,0.0000,0.0000,-2.5972
1791436620.1897,0.0200,0.6192,0.0000,0.0000,0.0000,0.0000,0.0000,0.0000,0.0000,-0.0015,-0.2618,-0.2623,-2.5971,0.0000,0.0000,-2.5971
1791436620.2099,0.0203,2.7866,0.0000,0.0000,0.0000,0.0000,0.0000,0.0000,0.0000,-0.0015,-0.2618,-0.2623,-2.5972,0.0000,0.0000,-2.5972
1791436620.2299,0.0200,1.5154,0.0000,0.0000,0.0000,0.0000,0.0000,0.0000,0.0000,-0.0015,-0.2618,-0.2623,-2.5972,0.0000,0.0000,-2.5972
1791436620.2505,0.0205,0.5735,0.0000,0.0000,0.0000,0.0000,0.0000,0.0000,0.0000,-0.0015,-0.2618,-0.2623,-2.5971,0.0000,0.0000,-2.5971
1791436620.2697,0.0193,1.1742,0.0000,0.0000,0.0000,0.0000,0.0000,0.0000,0.0000,-0.0015,-0.2618,-0.2623,-2.5972,0.0000,0.0000,-2.5972
1791436620.2900,0.0203,1.6403,0.0000,0.0000,0.0000,0.0000,0.0000,0.0000,0.0000,-0.0015,-0.2618,-0.2623,-2.5972,0.0000,0.0000,-2.5972
1791436620.3097,0.0197,2.2530,0.0000,0.0000,0.0000,0.0000,0.0000,0.0000,0.0000,-0.0015,-0.2618,-0.2623,-2.5972,0.0000,0.0000,-2.5972
1791436620.3298,0.0201,0.5267,0.0000,0.0000,0.0000,0.0000,0.0000,0.0000,0.0000,-0.0015,-0.2618,-0.2623,-2.5971,0.0000,0.0000,-2.5971
1791436620.3513,0.0215,0.8013,0.0000,0.0000,0.0000,0.0000,0.0000,0.0000,0.0000,-0.0015,-0.2618,-0.2623,-2.5971,0.0000,0.0000,-2.5971
1791436620.3706,0.0192,3.6272,0.0000,0.0000,0.0000,0.0000,0.0000,0.0000,0.0000,-0.0015,-0.2618,-0.2623,-2.5971,0.0000,0.0000,-2.5971
1791436620.3900,0.0195,2.2694,0.0000,0.0000,0.0000,0.0000,0.0000,0.0000,0.0000,-0.0015,-0.2618,-0.2623,-2.5972,0.0000,0.0000,-2.5972
1791436620.4099,0.0199,0.7901,0.0000,0.0000,0.0000,0.0000,0.0000,0.0000,0.0000,-0.0015,-0.2618,-0.2623,-2.5972,0.0000,0.0000,-2.5972
1791436620.4297,0.0199,0.7302,0.0000,0.0000,0.0000,0.0000,0.0000,0.0000,0.0000,-0.0015,-0.2618,-0.2623,-2.5972,0.0000,0.0000,-2.5972
1791436620.4502,0.0205,0.5178,0.0000,0.0000,0.0000,0.0000,0.0000,0.0000,0.0000,-0.0015,-0.2618,-0.2623,-2.5972,0.0000,0.0000,-2.5972
1791436620.4701,0.0199,2.1664,0.0000,0.0000,0.0000,0.0000,0.0000,0.0000,0.0000,-0.0015,-0.2618,-0.2623,-2.5971,0.0000,0.0000,-2.5971
1791436620.4915,0.0214,1.1201,0.0000,0.0000,0.0000,0.0000,0.0000,0.0000,0.0000,-0.0015,-0.2618,-0.2623,-2.5971,0.0000,0.0000,-2.5971
1791436620.5097,0.0182,0.5830,0.0000,0.0000,0.0000,0.0000,0.0000,0.0000,0.0000,-0.0015,-0.2618,-0.2623,-2.5972,0.0000,0.0000,-2.5972
1791436620.5298,0.0201,0.6102,0.0000,0.0000,0.0000,0.0000,0.0000,0.0000,0.0000,-0.0015,-0.2618,-0.2623,-2.5972,0.0000,0.0000,-2.5972
1791436620.5502,0.0204,0.4349,0.0000,0.0000,0.0000,0.0000,0.0000,0.0000,0.0000,-0.0015,-0.2618,-0.2623,-2.5971,0.0000,0.0000,-2.5971
1791436620.5698,0.0196,3.6509,0.0000,0.0000,0.0000,0.0000,0.0000,0.0000,0.0000,-0.0015,-0.2618,-0.2623,-2.5971,0.0000,0.0000,-2.5971
1791436620.5911,0.0214,1.7118,0.0000,0.0000,0.0000,0.0000,0.0000,0.0000,0.0000,-0.0015,-0.2618,-0.2623,-2.5971,0.0000,0.0000,-2.5971
1791436620.6096,0.0185,1.0208,0.0000,0.0000,0.0000,0.0000,0.0000,0.0000,0.0000,-0.0015,-0.2618,-0.2623,-2.5971,0.0000,0.0000,-2.5971
1791436620.6300,0.0204,1.6384,0.0000,0.0000,0.0000,0.0000,0.0000,0.0000,0.0000,-0.0015,-0.2618,-0.2623,-2.5971,0.0000,0.0000,-2.5971
1791436620.6550,0.0250,0.7664,0.0000,0.0000,0.0000,0.0000,0.0000,0.0000,0.0000,-0.0015,-0.2618,-0.2623,-2.5972,0.0000,0.0000,-2.5972
1791436620.6717,0.0168,4.5339,0.0000,0.0000,0.0000,0.0000,0.0000,0.0000,0.0000,-0.0015,-0.2618,-0.2623,-2.5971,0.0000,0.0000,-2.5971
1791436620.6917,0.0199,1.5871,0.0000,0.0000,0.0000,0.0000,0.0000,0.0000,0.0000,-0.0015,-0.2618,-0.2623,-2.5971,0.0000,0.0000,-2.5971
1791436620.7097,0.0181,0.5629,0.0000,0.0000,0.0000,0.0000,0.0000,0.0000,0.0000,-0.0015,-0.2618,-0.2623,-2.5972,0.0000,0.0000,-2.5972
1791436620.7298,0.0201,2.1065,0.0000,0.0000,0.0000,0.0000,0.0000,0.0000,0.0000,-0.0015,-0.2618,-0.2623,-2.5972,0.0000,0.0000,-2.5972
1791436620.7537,0.0239,2.7192,0.0000,0.0000,0.0000,0.0000,0.0000,0.0000,0.0000,-0.0015,-0.2618,-0.2623,-2.5971,0.0000,0.0000,-2.5971
1791436620.7697,0.0160,0.5054,0.0000,0.0000,0.0000,0.0000,0.0000,0.0000,0.0000,-0.0015,-0.2618,-0.2623,-2.5972,0.0000,0.0000,-2.5972
1791436620.7898,0.0201,1.1541,0.0000,0.0000,0.0000,0.0000,0.0000,0.0000,0.0000,-0.0015,-0.2618,-0.2623,-2.5972,0.0000,0.0000,-2.5972
1791436620.8095,0.0197,1.9320,0.0000,0.0000,0.0000,0.0000,0.0000,0.0000,0.0000,-0.0015,-0.2618,-0.2623,-2.5972,0.0000,0.0000,-2.5972
1791436620.8298,0.0203,0.6463,0.0000,0.0000,0.0000,0.0000,0.0000,0.0000,0.0000,-0.0015,-0.2618,-0.2623,-2.5971,0.0000,0.0000,-2.5971
1791436620.8507,0.0209,0.3884,0.0000,0.0000,0.0000,0.0000,0.0000,0.0000,0.0000,-0.0015,-0.2618,-0.2623,-2.5972,0.0000,0.0000,-2.5972
1791436620.8699,0.0192,1.9564,0.0000,0.0000,0.0000,0.0000,0.0000,0.0000,0.0000,-0.0015,-0.2618,-0.2623,-2.5971,0.0000,0.0000,-2.5971
1791436620.8898,0.0199,1.8393,0.0000,0.0000,0.0000,0.0000,0.0000,0.0000,0.0000,-0.0015,-0.2618,-0.2623,-2.5972,0.0000,0.0000,-2.5972
1791436620.9097,0.0200,2.3864,0.0000,0.0000,0.0000,0.0000,0.0000,0.0000,0.0000,-0.0015,-0.2618,-0.2623,-2.5972,0.0000,0.0000,-2.5972
1791436620.9301,0.0204,2.5581,0.0000,0.0000,0.0000,0.0000,0.0000,0.0000,0.0000,-0.0015,-0.2618,-0.2623,-2.5973,0.0000,0.0000,-2.5973
1791436620.9501,0.0200,0.6699,0.0000,0.0000,0.0000,0.0000,0.0000,0.0000,0.0000,-0.0015,-0.2618,-0.2623,-2.5972,0.0000,0.0000,-2.5972
1791436620.9698,0.0197,0.4682,0.0000,0.0000,0.0000,0.0000,0.0000,0.0000,0.0000,-0.0015,-0.2618,-0.2623,-2.5972,0.0000,0.0000,-2.5972
1791436620.9914,0.0216,0.4365,0.0000,0.0000,0.0000,0.0000,0.0000,0.0000,0.0000,-0.0015,-0.2618,-0.2623,-2.5973,0.0000,0.0000,-2.5973
1791436621.0099,0.0185,1.0225,0.0000,0.0000,0.0000,0.0000,0.0000,0.0000,0.0000,-0.0031,-0.2618,-0.2623,-2.5972,0.0000,0.0000,-2.5972
1791436621.0305,0.0206,0.7768,0.0000,0.0000,0.0000,0.0000,0.0000,0.0000,0.0000,-0.0015,-0.2618,-0.2623,-2.5972,0.0000,0.0000,-2.5972
1791436621.0504,0.0199,0.4726,0.0000,0.0000,0.0000,0.0000,0.0000,0.0000,0.0000,-0.0015,-0.2618,-0.2623,-2.5972,0.0000,0.0000,-2.5972
1791436621.0698,0.0194,0.9720,0.0000,0.0000,0.0000,0.0000,0.0000,0.0000,0.0000,-0.0015,-0.2618,-0.2623,-2.5971,0.0000,0.0000,-2.5971
1791436621.0911,0.0213,0.5641,0.0000,0.0000,0.0000,0.0000,0.0000,0.0000,0.0000,-0.0015,-0.2618,-0.2623,-2.5972,0.0000,0.0000,-2.5972
1791436621.1117,0.0206,2.2600,0.0000,0.0000,0.0000,0.0000,0.0000,0.0000,0.0000,-0.0015,-0.2618,-0.2623,-2.5972,0.0000,0.0000,-2.5972
1791436621.1305,0.0188,0.5155,0.0000,0.0000,0.0000,0.0000,0.0000,0.0000,0.0000,-0.0015,-0.2618,-0.2623,-2.5972,0.0000,0.0000,-2.5972
1791436621.1529,0.0224,7.4228,0.0000,0.0000,0.0000,0.0000,0.0000,0.0000,0.0000,-0.0015,-0.2618,-0.2623,-2.5972,0.0000,0.0000,-2.5972
1791436621.1700,0.0171,2.2514,0.0000,0.0000,0.0000,0.0000,0.0000,0.0000,0.0000,-0.0015,-0.2618,-0.2623,-2.5973,0.0000,0.0000,-2.5973
1791436621.1899,0.0198,4.7328,0.0000,0.0000,0.0000,0.0000,0.0000,0.0000,0.0000,-0.0015,-0.2618,-0.2623,-2.5972,0.0000,0.0000,-2.5972
1791436621.2101,0.0202,0.8591,0.0000,0.0000,0.0000,0.0000,0.0000,0.0000,0.0000,-0.0015,-0.2618,-0.2623,-2.5972,0.0000,0.0000,-2.5972
1791436621.2305,0.0204,1.0195,0.0000,0.0000,0.0000,0.0000,0.0000,0.0000,0.0000,-0.0015,-0.2618,-0.2623,-2.5972,0.0000,0.0000,-2.5972
1791436621.2528,0.0224,0.7658,0.0000,0.0000,0.0000,0.0000,0.0000,0.0000,0.0000,-0.0015,-0.2618,-0.2623,-2.5971,0.0000,0.0000,-2.5971
1791436621.2698,0.0170,0.7047,0.0000,0.0000,0.0000,0.0000,0.0000,0.0000,0.0000,-0.0015,-0.2618,-0.2623,-2.5971,0.0000,0.0000,-2.5971
1791436621.2898,0.0200,1.8972,0.0000,0.0000,0.0000,0.0000,0.0000,0.0000,0.0000,-0.0015,-0.2618,-0.2623,-2.5972,0.0000,0.0000,-2.5972
1791436621.3099,0.0202,0.8378,0.0000,0.0000,0.0000,0.0000,0.0000,0.0000,0.0000,-0.0015,-0.2618,-0.2623,-2.5973,0.0000,0.0000,-2.5973
1791436621.3306,0.0207,0.4559,0.0000,0.0000,0.0000,0.0000,0.0000,0.0000,0.0000,-0.0015,-0.2618,-0.2623,-2.5972,0.0000,0.0000,-2.5972
1791436621.3515,0.0209,2.9795,0.0000,0.0000,0.0000,0.0000,0.0000,0.0000,0.0000,-0.0015,-0.2618,-0.2623,-2.5971,0.0000,0.0000,-2.5971
1791436621.3705,0.0190,0.8057,0.0000,0.0000,0.0000,0.0000,0.0000,0.0000,0.0000,-0.0015,-0.2618,-0.2623,-2.5972,0.0000,0.0000,-2.5972
1791436621.3897,0.0192,1.2058,0.0000,0.0000,0.0000,0.0000,0.0000,0.0000,0.0000,-0.0015,-0.2618,-0.2623,-2.5972,0.0000,0.0000,-2.5972
1791436621.4105,0.0208,1.4912,0.0000,0.0000,0.0000,0.0000,0.0000,0.0000,0.0000,-0.0015,-0.2618,-0.2623,-2.5972,0.0000,0.0000,-2.5972
1791436621.4299,0.0194,1.1123,0.0000,0.0000,0.0000,0.0000,0.0000,0.0000,0.0000,-0.0015,-0.2618,-0.2623,-2.5972,0.0000,0.0000,-2.5972
1791436621.4501,0.0202,0.3239,0.0000,0.0000,0.0000,0.0000,0.0000,0.0000,0.0000,-0.0015,-0.2618,-0.2623,-2.5973,0.0000,0.0000,-2.5973
1791436621.4705,0.0204,5.3053,0.0000,0.0000,0.0000,0.0000,0.0000,0.0000,0.0000,-0.0015,-0.2618,-0.2623,-2.5972,0.0000,0.0000,-2.5972
1791436621.4898,0.0193,5.7989,0.0000,0.0000,0.0000,0.0000,0.0000,0.0000,0.0000,-0.0015,-0.2618,-0.2623,-2.5973,0.0000,0.0000,-2.5973
1791436621.5135,0.0237,1.2193,0.0000,0.0000,0.0000,0.0000,0.0000,0.0000,0.0000,-0.0015,-0.2618,-0.2623,-2.5973,0.0000,0.0000,-2.5973
1791436621.5298,0.0163,0.7018,0.0000,0.0000,0.0000,0.0000,0.0000,0.0000,0.0000,-0.0015,-0.2618,-0.2623,-2.5972,0.0000,0.0000,-2.5972
1791436621.5523,0.0225,1.1404,0.0000,0.0000,0.0000,0.0000,0.0000,0.0000,0.0000,-0.0015,-0.2618,-0.2623,-2.5973,0.0000,0.0000,-2.5973
1791436621.5700,0.0177,2.3184,0.0000,0.0000,0.0000,0.0000,0.0000,0.0000,0.0000,-0.0015,-0.2618,-0.2623,-2.5972,0.0000,0.0000,-2.5972
1791436621.5898,0.0198,0.5815,0.0000,0.0000,0.0000,0.0000,0.0000,0.0000,0.0000,-0.0015,-0.2618,-0.2623,-2.5972,0.0000,0.0000,-2.5972
1791436621.6105,0.0207,1.6948,0.0000,0.0000,0.0000,0.0000,0.0000,0.0000,0.0000,-0.0015,-0.2618,-0.2623,-2.5972,0.0000,0.0000,-2.5972
1791436621.6299,0.0194,1.0174,0.0000,0.0000,0.0000,0.0000,0.0000,0.0000,0.0000,-0.0015,-0.2618,-0.2623,-2.5971,0.0000,0.0000,-2.5971
1791436621.6500,0.0200,0.3234,0.0000,0.0000,0.0000,0.0000,0.0000,0.0000,0.0000,-0.0015,-0.2618,-0.2623,-2.5972,0.0000,0.0000,-2.5972
1791436621.6704,0.0204,1.1363,0.0000,0.0000,0.0000,0.0000,0.0000,0.0000,0.0000,-0.0015,-0.2618,-0.2623,-2.5972,0.0000,0.0000,-2.5972
1791436621.6904,0.0200,0.7046,0.0000,0.0000,0.0000,0.0000,0.0000,0.0000,0.0000,-0.0015,-0.2618,-0.2623,-2.5972,0.0000,0.0000,-2.5972
1791436621.7099,0.0195,0.7774,0.0000,0.0000,0.0000,0.0000,0.0000,0.0000,0.0000,-0.0015,-0.2618,-0.2623,-2.5972,0.0000,0.0000,-2.5972
1791436621.7304,0.0204,0.5048,0.0000,0.0000,0.0000,0.0000,0.0000,0.0000,0.0000,-0.0015,-0.2618,-0.2623,-2.5971,0.0000,0.0000,-2.5971
1791436621.7513,0.0209,0.4046,0.0000,0.0000,0.0000,0.0000,0.0000,0.0000,0.0000,-0.0015,-0.2618,-0.2623,-2.5972,0.0000,0.0000,-2.5972
1791436621.7698,0.0185,1.5080,0.0000,0.0000,0.0000,0.0000,0.0000,0.0000,0.0000,-0.0015,-0.2618,-0.2623,-2.5971,0.0000,0.0000,-2.5971
1791436621.7914,0.0216,0.6210,0.0000,0.0000,0.0000,0.0000,0.0000,0.0000,0.0000,-0.0015,-0.2618,-0.2623,-2.5971,0.0000,0.0000,-2.5971
1791436621.8098,0.0184,2.1056,0.0000,0.0000,0.0000,0.0000,0.0000,0.0000,0.0000,-0.0015,-0.2618,-0.2623,-2.5972,0.0000,0.0000,-2.5972
1791436621.8297,0.0199,1.1747,0.0000,0.0000,0.0000,0.0000,0.0000,0.0000,0.0000,-0.0015,-0.2618,-0.2623,-2.5972,0.0000,0.0000,-2.5972
1791436621.8504,0.0207,7.1221,0.0000,0.0000,0.0000,0.0000,0.0000,0.0000,0.0000,-0.0015,-0.2618,-0.2623,-2.5972,0.0000,0.0000,-2.5972
1791436621.8698,0.0194,3.0404,0.0000,0.0000,0.0000,0.0000,0.0000,0.0000,0.0000,-0.0015,-0.2618,-0.2623,-2.5971,0.0000,0.0000,-2.5971
1791436621.8899,0.0201,5.5861,0.0000,0.0000,0.0000,0.0000,0.0000,0.0000,0.0000,-0.0015,-0.2618,-0.2623,-2.5971,0.0000,0.0000,-2.5971
1791436621.9097,0.0198,3.1730,0.0000,0.0000,0.0000,0.0000,0.0000,0.0000,0.0000,-0.0015,-0.2618,-0.2623,-2.5971,0.0000,0.0000,-2.5971
1791436621.9299,0.0201,0.6168,0.0000,0.0000,0.0000,0.0000,0.0000,0.0000,0.0000,-0.0015,-0.2618,-0.2623,-2.5972,0.0000,0.0000,-2.5972
1791436621.9505,0.0206,0.5281,0.0000,0.0000,0.0000,0.0000,0.0000,0.0000,0.0000,-0.0015,-0.2618,-0.2623,-2.5972,0.0000,0.0000,-2.5972
1791436621.9724,0.0219,1.2889,0.0000,0.0000,0.0000,0.0000,0.0000,0.0000,0.0000,-0.0015,-0.2618,-0.2623,-2.5972,0.0000,0.0000,-2.5972
1791436621.9906,0.0182,3.9621,0.0000,0.0000,0.0000,0.0000,0.0000,0.0000,0.0000,-0.0015,-0.2618,-0.2623,-2.5972,0.0000,0.0000,-2.5972
1791436622.0098,0.0192,4.2278,0.0000,0.0000,0.0000,0.0000,0.0000,0.0000,0.0000,-0.0015,-0.2618,-0.2623,-2.5972,0.0000,0.0000,-2.5972
1791436622.0298,0.0200,1.6556,0.0000,0.0000,0.0000,0.0000,0.0000,0.0000,0.0000,-0.0015,-0.2618,-0.2623,-2.5971,0.0000,0.0000,-2.5971
1791436622.0501,0.0203,0.4192,0.0000,0.0000,0.0000,0.0000,0.0000,0.0000,0.0000,-0.0015,-0.2618,-0.2623,-2.5972,0.0000,0.0000,-2.5972
1791436622.0698,0.0197,0.7953,0.0000,0.0000,0.0000,0.0000,0.0000,0.0000,0.0000,-0.0015,-0.2618,-0.2623,-2.5973,0.0000,0.0000,-2.5973
1791436622.0905,0.0208,3.2685,0.0000,0.0000,0.0000,0.0000,0.0000,0.0000,0.0000,-0.0015,-0.2618,-0.2623,-2.5972,0.0000,0.0000,-2.5972
1791436622.1107,0.0202,3.7990,0.0000,0.0000,0.0000,0.0000,0.0000,0.0000,0.0000,-0.0015,-0.2618,-0.2623,-2.5972,0.0000,0.0000,-2.5972
1791436622.1298,0.0191,0.7043,0.0000,0.0000,0.0000,0.0000,0.0000,0.0000,0.0000,-0.0015,-0.2618,-0.2623,-2.5972,0.0000,0.0000,-2.5972
1791436622.1514,0.0216,0.9593,0.0000,0.0000,0.0000,0.0000,0.0000,0.0000,0.0000,-0.0015,-0.2618,-0.2623,-2.5972,0.0000,0.0000,-2.5972
1791436622.1698,0.0183,2.8446,0.0000,0.0000,0.0000,0.0000,0.0000,0.0000,0.0000,-0.0015,-0.2618,-0.2623,-2.5972,0.0000,0.0000,-2.5972
1791436622.1897,0.0199,0.4628,0.0000,0.0000,0.0000,0.0000,0.0000,0.0000,0.0000,-0.0015,-0.2618,-0.2623,-2.5972,0.0000,0.0000,-2.5972
1791436622.2105,0.0208,1.8837,0.0000,0.0000,0.0000,0.0000,0.0000,0.0000,0.0000,-0.0015,-0.2618,-0.2623,-2.5972,0.0000,0.0000,-2.5972
1791436622.2297,0.0192,0.7580,0.0000,0.0000,0.0000,0.0000,0.0000,0.0000,0.0000,-0.0015,-0.2618,-0.2623,-2.5972,0.0000,0.0000,-2.5972
1791436622.2528,0.0231,0.7936,0.0000,0.0000,0.0000,0.0000,0.0000,0.0000,0.0000,-0.0015,-0.2618,-0.2623,-2.5972,0.0000,0.0000,-2.5972
1791436622.2699,0.0171,1.1115,0.0000,0.0000,0.0000,0.0000,0.0000,0.0000,0.0000,-0.0015,-0.2618,-0.2623,-2.5972,0.0000,0.0000,-2.5972
1791436622.2897,0.0198,1.0665,0.0000,0.0000,0.0000,0.0000,0.0000,0.0000,0.0000,-0.0015,-0.2618,-0.2623,-2.5972,0.0000,0.0000,-2.5972
1791436622.3117,0.0220,0.8405,0.0000,0.0000,0.0000,0.0000,0.0000,0.0000,0.0000,-0.0015,-0.2618,-0.2623,-2.5972,0.0000,0.0000,-2.5972
1791436622.3297,0.0180,0.7278,0.0000,0.0000,0.0000,0.0000,0.0000,0.0000,0.0000,-0.0015,-0.2618,-0.2623,-2.5972,0.0000,0.0000,-2.5972
1791436622.3506,0.0209,0.6788,0.0000,0.0000,0.0000,0.0000,0.0000,0.0000,0.0000,-0.0015,-0.2618,-0.2623,-2.5972,0.0000,0.0000,-2.5972
1791436622.3703,0.0198,0.4709,0.0000,0.0000,0.0000,0.0000,0.0000,0.0000,0.0000,-0.0015,-0.2618,-0.2623,-2.5972,0.0000,0.0000,-2.5972
1791436622.3909,0.0206,1.9009,0.0000,0.0000,0.0000,0.0000,0.0000,0.0000,0.0000,-0.0015,-0.2618,-0.2623,-2.5973,0.0000,0.0000,-2.5973
1791436622.4099,0.0190,3.8617,0.0000,0.0000,0.0000,0.0000,0.0000,0.0000,0.0000,-0.0015,-0.2618,-0.2623,-2.5972,0.0000,0.0000,-2.5972
1791436622.4301,0.0202,2.9851,0.0000,0.0000,0.0000,0.0000,0.0000,0.0000,0.0000,-0.0015,-0.2618,-0.2623,-2.5972,0.0000,0.0000,-2.5972
1791436622.4501,0.0200,0.3983,0.0000,0.0000,0.0000,0.0000,0.0000,0.0000,0.0000,-0.0015,-0.2618,-0.2623,-2.5972,0.0000,0.0000,-2.5972
1791436622.4703,0.0202,0.4400,0.0000,0.0000,0.0000,0.0000,0.0000,0.0000,0.0000,-0.0015,-0.2618,-0.2623,-2.5972,0.0000,0.0000,-2.5972
1791436622.4898,0.0194,1.1948,0.0000,0.0000,0.0000,0.0000,0.0000,0.0000,0.0000,-0.0015,-0.2618,-0.2623,-2.5973,0.0000,0.0000,-2.5973
1791436622.5100,0.0202,1.0392,0.0000,0.0000,0.0000,0.0000,0.0000,0.0000,0.0000,-0.0015,-0.2618,-0.2623,-2.5973,0.0000,0.0000,-2.5973
1791436622.5307,0.0207,0.7389,0.0000,0.0000,0.0000,0.0000,0.0000,0.0000,0.0000,-0.0015,-0.2618,-0.2623,-2.5973,0.0000,0.0000,-2.5973
1791436622.5506,0.0199,0.3238,0.0000,0.0000,0.0000,0.0000,0.0000,0.0000,0.0000,-0.0015,-0.2618,-0.2623,-2.5973,0.0000,0.0000,-2.5973
1791436622.5698,0.0193,1.6298,0.0000,0.0000,0.0000,0.0000,0.0000,0.0000,0.0000,-0.0015,-0.2618,-0.2623,-2.5972,0.0000,0.0000,-2.5972
1791436622.5897,0.0199,0.4161,0.0000,0.0000,0.0000,0.0000,0.0000,0.0000,0.0000,-0.0015,-0.2618,-0.2623,-2.5972,0.0000,0.0000,-2.5972
1791436622.6098,0.0201,2.1233,0.0000,0.0000,0.0000,0.0000,0.0000,0.0000,0.0000,-0.0015,-0.2618,-0.2623,-2.5972,0.0000,0.0000,-2.5972
1791436622.6297,0.0199,0.6716,0.0000,0.0000,0.0000,0.0000,0.0000,0.0000,0.0000,-0.0015,-0.2618,-0.2608,-2.5972,0.0000,0.0000,-2.5972
1791436622.6505,0.0208,0.9561,0.0000,0.0000,0.0000,0.0000,0.0000,0.0000,0.0000,-0.0015,-0.2618,-0.2623,-2.5972,0.0000,0.0000,-2.5972
1791436622.6698,0.0192,0.9325,0.0000,0.0000,0.0000,0.0000,0.0000,0.0000,0.0000,-0.0015,-0.2618,-0.2623,-2.5972,0.0000,0.0000,-2.5972
1791436622.6905,0.0207,0.7377,0.0000,0.0000,0.0000,0.0000,0.0000,0.0000,0.0000,-0.0015,-0.2618,-0.2623,-2.5972,0.0000,0.0000,-2.5972
1791436622.7105,0.0200,0.6868,0.0000,0.0000,0.0000,0.0000,0.0000,0.0000,0.0000,-0.0015,-0.2618,-0.2623,-2.5972,0.0000,0.0000,-2.5972
1791436622.7297,0.0193,0.3913,0.0000,0.0000,0.0000,0.0000,0.0000,0.0000,0.0000,-0.0015,-0.2618,-0.2623,-2.5972,0.0000,0.0000,-2.5972
1791436622.7516,0.0219,0.3776,0.0000,0.0000,0.0000,0.0000,0.0000,0.0000,0.0000,-0.0015,-0.2618,-0.2623,-2.5972,0.0000,0.0000,-2.5972
1791436622.7698,0.0182,2.7965,0.0000,0.0000,0.0000,0.0000,0.0000,0.0000,0.0000,-0.0015,-0.2618,-0.2623,-2.5972,0.0000,0.0000,-2.5972
1791436622.7898,0.0200,2.8927,0.0000,0.0000,0.0000,0.0000,0.0000,0.0000,0.0000,-0.0015,-0.2618,-0.2623,-2.5972,0.0000,0.0000,-2.5972
1791436622.8098,0.0200,5.8557,0.0000,0.0000,0.0000,0.0000,0.0000,0.0000,0.0000,-0.0015,-0.2618,-0.2623,-2.5972,0.0000,0.0000,-2.5972
1791436622.8300,0.0202,0.9760,0.0000,0.0000,0.0000,0.0000,0.0000,0.0000,0.0000,-0.0015,-0.2618,-0.2623,-2.5973,0.0000,0.0000,-2.5973
1791436622.8516,0.0216,0.5354,0.0000,0.0000,0.0000,0.0000,0.0000,0.0000,0.0000,-0.0015,-0.2618,-0.2623,-2.5972,0.0000,0.0000,-2.5972
1791436622.8698,0.0181,0.8269,0.0000,0.0000,0.0000,0.0000,0.0000,0.0000,0.0000,-0.0015,-0.2618,-0.2623,-2.5972,0.0000,0.0000,-2.5972
1791436622.8905,0.0208,1.2807,0.0000,0.0000,0.0000,0.0000,0.0000,0.0000,0.0000,-0.0015,-0.2618,-0.2623,-2.5972,0.0000,0.0000,-2.5972
1791436622.9114,0.0208,5.3542,0.0000,0.0000,0.0000,0.0000,0.0000,0.0000,0.0000,-0.0015,-0.2618,-0.2623,-2.5971,0.0000,0.0000,-2.5971
1791436622.9299,0.0185,1.1107,0.0000,0.0000,0.0000,0.0000,0.0000,0.0000,0.0000,-0.0015,-0.2618,-0.2623,-2.5972,0.0000,0.0000,-2.5972
1791436622.9504,0.0205,4.4763,0.0000,0.0000,0.0000,0.0000,0.0000,0.0000,0.0000,-0.0015,-0.2618,-0.2623,-2.5972,0.0000,0.0000,-2.5972
1791436622.9698,0.0194,1.0414,0.0000,0.0000,0.0000,0.0000,0.0000,0.0000,0.0000,-0.0015,-0.2618,-0.2623,-2.5973,0.0000,0.0000,-2.5973
1791436622.9900,0.0202,4.6149,0.0000,0.0000,0.0000,0.0000,0.0000,0.0000,0.0000,-0.0015,-0.2618,-0.2623,-2.5972,0.0000,0.0000,-2.5972
1791436623.0104,0.0204,3.2437,0.0000,0.0000,0.0000,0.0000,0.0000,0.0000,0.0000,-0.0015,-0.2618,-0.2623,-2.5972,0.0000,0.0000,-2.5972
1791436623.0298,0.0195,3.1535,0.0000,0.0000,0.0000,0.0000,0.0000,0.0000,0.0000,-0.0015,-0.2618,-0.2623,-2.5973,0.0000,0.0000,-2.5973
1791436623.0516,0.0217,0.5233,0.0000,0.0000,0.0000,0.0000,0.0000,0.0000,0.0000,-0.0015,-0.2618,-0.2623,-2.5972,0.0000,0.0000,-2.5972
1791436623.0698,0.0183,2.7957,0.0000,0.0000,0.0000,0.0000,0.0000,0.0000,0.0000,-0.0015,-0.2618,-0.2623,-2.5973,0.0000,0.0000,-2.5973
1791436623.0915,0.0217,0.8402,0.0000,0.0000,0.0000,0.0000,0.0000,0.0000,0.0000,-0.0015,-0.2618,-0.2623,-2.5973,0.0000,0.0000,-2.5973
1791436623.1114,0.0199,0.6183,0.0000,0.0000,0.0000,0.0000,0.0000,0.0000,0.0000,-0.0015,-0.2618,-0.2623,-2.5972,0.0000,0.0000,-2.5972
1791436623.1298,0.0184,0.6995,0.0000,0.0000,0.0000,0.0000,0.0000,0.0000,0.0000,-0.0015,-0.2618,-0.2623,-2.5972,0.0000,0.0000,-2.5972
1791436623.1544,0.0246,0.4601,0.0000,0.0000,0.0000,0.0000,0.0000,0.0000,0.0000,-0.0015,-0.2618,-0.2623,-2.5973,0.0000,0.0000,-2.5973
1791436623.1704,0.0160,6.0053,0.0000,0.0000,0.0000,0.0000,0.0000,0.0000,0.0000,-0.0015,-0.2618,-0.2623,-2.5972,0.0000,0.0000,-2.5972
1791436623.1904,0.0200,1.7115,0.0000,0.0000,0.0000,0.0000,0.0000,0.0000,0.0000,-0.0015,-0.2618,-0.2623,-2.5972,0.0000,0.0000,-2.5972
1791436623.2113,0.0209,4.7192,0.0000,0.0000,0.0000,0.0000,0.0000,0.0000,0.0000,-0.0015,-0.2618,-0.2623,-2.5973,0.0000,0.0000,-2.5973
1791436623.2304,0.0191,3.3615,0.0000,0.0000,0.0000,0.0000,0.0000,0.0000,0.0000,-0.0015,-0.2618,-0.2623,-2.5972,0.0000,0.0000,-2.5972
1791436623.2541,0.0237,0.9056,0.0000,0.0000,0.0000,0.0000,0.0000,0.0000,0.0000,-0.0015,-0.2618,-0.2623,-2.5972,0.0000,0.0000,-2.5972
1791436623.2719,0.0178,0.7499,0.0000,0.0000,0.0000,0.0000,0.0000,0.0000,0.0000,-0.0015,-0.2618,-0.2623,-2.5973,0.0000,0.0000,-2.5973
1791436623.2900,0.0181,1.6814,0.0000,0.0000,0.0000,0.0000,0.0000,0.0000,0.0000,-0.0015,-0.2618,-0.2623,-2.5972,0.0000,0.0000,-2.5972
1791436623.3098,0.0198,1.3780,0.0000,0.0000,0.0000,0.0000,0.0000,0.0000,0.0000,-0.0015,-0.2618,-0.2623,-2.5973,0.0000,0.0000,-2.5973
1791436623.3298,0.0200,3.3604,0.0000,0.0000,0.0000,0.0000,0.0000,0.0000,0.0000,-0.0015,-0.2618,-0.2623,-2.5973,0.0000,0.0000,-2.5973
1791436623.3505,0.0208,0.8579,0.0000,0.0000,0.0000,0.0000,0.0000,0.0000,0.0000,-0.0015,-0.2618,-0.2623,-2.5973,0.0000,0.0000,-2.5973
1791436623.3697,0.0192,4.9511,0.0000,0.0000,0.0000,0.0000,0.0000,0.0000,0.0000,-0.0015,-0.2618,-0.2623,-2.5973,0.0000,0.0000,-2.5973
1791436623.3905,0.0208,3.4794,0.0000,0.0000,0.0000,0.0000,0.0000,0.0000,0.0000,-0.0015,-0.2618,-0.2623,-2.5972,0.0000,0.0000,-2.5972
1791436623.4106,0.0201,2.3954,0.0000,0.0000,0.0000,0.0000,0.0000,0.0000,0.0000,-0.0015,-0.2618,-0.2623,-2.5972,0.0000,0.0000,-2.5972
1791436623.4308,0.0202,0.9166,0.0000,0.0000,0.0000,0.0000,0.0000,0.0000,0.0000,-0.0015,-0.2618,-0.2623,-2.5973,0.0000,0.0000,-2.5973
1791436623.4510,0.0202,0.8168,0.0000,0.0000,0.0000,0.0000,0.0000,0.0000,0.0000,-0.0015,-0.2618,-0.2623,-2.5973,0.0000,0.0000,-2.5973
1791436623.4700,0.0190,0.5517,0.0000,0.0000,0.0000,0.0000,0.0000,0.0000,0.0000,-0.0015,-0.2618,-0.2623,-2.5972,0.0000,0.0000,-2.5972
1791436623.4897,0.0197,0.8158,0.0000,0.0000,0.0000,0.0000,0.0000,0.0000,0.0000,-0.0015,-0.2618,-0.2623,-2.5973,0.0000,0.0000,-2.5973
1791436623.5115,0.0218,1.5718,0.0000,0.0000,0.0000,0.0000,0.0000,0.0000,0.0000,-0.0015,-0.2618,-0.2623,-2.5973,0.0000,0.0000,-2.5973
1791436623.5299,0.0184,1.3607,0.0000,0.0000,0.0000,0.0000,0.0000,0.0000,0.0000,-0.0015,-0.2618,-0.2623,-2.5972,0.0000,0.0000,-2.5972
1791436623.5516,0.0216,1.5774,0.0000,0.0000,0.0000,0.0000,0.0000,0.0000,0.0000,-0.0015,-0.2618,-0.2623,-2.5974,0.0000,0.0000,-2.5974
1791436623.5697,0.0181,0.8589,0.0000,0.0000,0.0000,0.0000,0.0000,0.0000,0.0000,-0.0015,-0.2618,-0.2623,-2.5973,0.0000,0.0000,-2.5973
1791436623.5904,0.0207,5.0952,0.0000,0.0000,0.0000,0.0000,0.0000,0.0000,0.0000,-0.0015,-0.2618,-0.2623,-2.5973,0.0000,0.0000,-2.5973
1791436623.6098,0.0194,3.8809,0.0000,0.0000,0.0000,0.0000,0.0000,0.0000,0.0000,-0.0015,-0.2618,-0.2623,-2.5973,0.0000,0.0000,-2.5973
1791436623.6297,0.0199,1.6411,0.0000,0.0000,0.0000,0.0000,0.0000,0.0000,0.0000,-0.0015,-0.2618,-0.2623,-2.5973,0.0000,0.0000,-2.5973
1791436623.6518,0.0221,0.7063,0.0000,0.0000,0.0000,0.0000,0.0000,0.0000,0.0000,-0.0015,-0.2618,-0.2623,-2.5972,0.0000,0.0000,-2.5972
1791436623.6697,0.0179,3.5727,0.0000,0.0000,0.0000,0.0000,0.0000,0.0000,0.0000,-0.0015,-0.2618,-0.2623,-2.5973,0.0000,0.0000,-2.5973
1791436623.6906,0.0209,2.9163,0.0000,0.0000,0.0000,0.0000,0.0000,0.0000,0.0000,-0.0015,-0.2618,-0.2623,-2.5973,0.0000,0.0000,-2.5973
1791436623.7097,0.0191,2.3533,0.0000,0.0000,0.0000,0.0000,0.0000,0.0000,0.0000,-0.0015,-0.2618,-0.2623,-2.5973,0.0000,0.0000,-2.5973
1791436623.7309,0.0212,0.9577,0.0000,0.0000,0.0000,0.0000,0.0000,0.0000,0.0000,-0.0015,-0.2618,-0.2623,-2.5973,0.0000,0.0000,-2.5973
1791436623.7532,0.0224,0.7429,0.0000,0.0000,0.0000,0.0000,0.0000,0.0000,0.0000,-0.0015,-0.2618,-0.2623,-2.5972,0.0000,0.0000,-2.5972
1791436623.7699,0.0167,3.5480,0.0000,0.0000,0.0000,0.0000,0.0000,0.0000,0.0000,-0.0015,-0.2618,-0.2623,-2.5972,0.0000,0.0000,-2.5972
1791436623.7904,0.0205,3.1921,0.0000,0.0000,0.0000,0.0000,0.0000,0.0000,0.0000,-0.0015,-0.2618,-0.2623,-2.5973,0.0000,0.0000,-2.5973
1791436623.8099,0.0195,0.6350,0.0000,0.0000,0.0000,0.0000,0.0000,0.0000,0.0000,-0.0015,-0.2618,-0.2623,-2.5973,0.0000,0.0000,-2.5973
1791436623.8314,0.0215,0.5684,0.0000,0.0000,0.0000,0.0000,0.0000,0.0000,0.0000,-0.0015,-0.2618,-0.2623,-2.5973,0.0000,0.0000,-2.5973
1791436623.8499,0.0185,0.3315,0.0000,0.0000,0.0000,0.0000,0.0000,0.0000,0.0000,-0.0015,-0.2618,-0.2623,-2.5972,0.0000,0.0000,-2.5972
1791436623.8697,0.0198,1.3333,0.0000,0.0000,0.0000,0.0000,0.0000,0.0000,0.0000,-0.0015,-0.2618,-0.2623,-2.5972,0.0000,0.0000,-2.5972
1791436623.8898,0.0201,3.1183,0.0000,0.0000,0.0000,0.0000,0.0000,0.0000,0.0000,-0.0015,-0.2618,-0.2623,-2.5973,0.0000,0.0000,-2.5973
1791436623.9115,0.0216,0.5699,0.0000,0.0000,0.0000,0.0000,0.0000,0.0000,0.0000,-0.0015,-0.2618,-0.2623,-2.5973,0.0000,0.0000,-2.5973
1791436623.9298,0.0183,2.9240,0.0000,0.0000,0.0000,0.0000,0.0000,0.0000,0.0000,-0.0015,-0.2618,-0.2623,-2.5973,0.0000,0.0000,-2.5973
1791436623.9505,0.0208,1.0406,0.0000,0.0000,0.0000,0.0000,0.0000,0.0000,0.0000,-0.0015,-0.2618,-0.2623,-2.5973,0.0000,0.0000,-2.5973
1791436623.9697,0.0191,1.5243,0.0000,0.0000,0.0000,0.0000,0.0000,0.0000,0.0000,-0.0015,-0.2618,-0.2623,-2.5973,0.0000,0.0000,-2.5973
1791436623.9899,0.0202,2.5172,0.0000,0.0000,0.0000,0.0000,0.0000,0.0000,0.0000,-0.0015,-0.2618,-0.2623,-2.5973,0.0000,0.0000,-2.5973
1791436624.0123,0.0224,0.6164,0.0000,0.0000,0.0000,0.0000,0.0000,0.0000,0.0000,-0.0015,-0.2618,-0.2623,-2.5973,0.0000,0.0000,-2.5973
1791436624.0297,0.0174,3.1104,0.0000,0.0000,0.0000,0.0000,0.0000,0.0000,0.0000,-0.0015,-0.2618,-0.2623,-2.5973,0.0000,0.0000,-2.5973
1791436624.0558,0.0262,0.8822,0.0000,0.0000,0.0000,0.0000,0.0000,0.0000,0.0000,-0.0015,-0.2618,-0.2623,-2.5973,0.0000,0.0000,-2.5973
1791436624.0698,0.0140,5.1318,0.0000,0.0000,0.0000,0.0000,0.0000,0.0000,0.0000,-0.0015,-0.2618,-0.2623,-2.5974,0.0000,0.0000,-2.5974
1791436624.0898,0.0200,3.8639,0.0000,0.0000,0.0000,0.0000,0.0000,0.0000,0.0000,-0.0015,-0.2618,-0.2623,-2.5974,0.0000,0.0000,-2.5974
1791436624.1098,0.0200,4.9462,0.0000,0.0000,0.0000,0.0000,0.0000,0.0000,0.0000,-0.0015,-0.2618,-0.2623,-2.5974,0.0000,0.0000,-2.5974
1791436624.1324,0.0225,0.4326,0.0000,0.0000,0.0000,0.0000,0.0000,0.0000,0.0000,-0.0015,-0.2618,-0.2623,-2.5973,0.0000,0.0000,-2.5973
1791436624.1503,0.0179,0.4450,0.0000,0.0000,0.0000,0.0000,0.0000,0.0000,0.0000,-0.0015,-0.2618,-0.2623,-2.5974,0.0000,0.0000,-2.5974
1791436624.1697,0.0194,0.7668,0.0000,0.0000,0.0000,0.0000,0.0000,0.0000,0.0000,-0.0015,-0.2618,-0.2623,-2.5973,0.0000,0.0000,-2.5973
1791436624.1897,0.0200,3.1967,0.0000,0.0000,0.0000,0.0000,0.0000,0.0000,0.0000,-0.0015,-0.2618,-0.2623,-2.5973,0.0000,0.0000,-2.5973
1791436624.2115,0.0218,3.2248,0.0000,0.0000,0.0000,0.0000,0.0000,0.0000,0.0000,-0.0015,-0.2618,-0.2623,-2.5973,0.0000,0.0000,-2.5973
1791436624.2297,0.0182,3.3025,0.0000,0.0000,0.0000,0.0000,0.0000,0.0000,0.0000,-0.0015,-0.2618,-0.2623,-2.5973,0.0000,0.0000,-2.5973
1791436624.2548,0.0250,1.3400,0.0000,0.0000,0.0000,0.0000,0.0000,0.0000,0.0000,-0.0015,-0.2618,-0.2623,-2.5973,0.0000,0.0000,-2.5973
1791436624.2711,0.0163,0.9028,0.0000,0.0000,0.0000,0.0000,0.0000,0.0000,0.0000,-0.0015,-0.2618,-0.2623,-2.5974,0.0000,0.0000,-2.5974
1791436624.2903,0.0192,0.7352,0.0000,0.0000,0.0000,0.0000,0.0000,0.0000,0.0000,-0.0015,-0.2618,-0.2623,-2.5973,0.0000,0.0000,-2.5973
1791436624.3098,0.0195,4.3893,0.0000,0.0000,0.0000,0.0000,0.0000,0.0000,0.0000,-0.0015,-0.2618,-0.2623,-2.5973,0.0000,0.0000,-2.5973
1791436624.3301,0.0203,1.5409,0.0000,0.0000,0.0000,0.0000,0.0000,0.0000,0.0000,-0.0015,-0.2618,-0.2623,-2.5974,0.0000,0.0000,-2.5974
1791436624.3531,0.0230,0.5446,0.0000,0.0000,0.0000,0.0000,0.0000,0.0000,0.0000,-0.0015,-0.2618,-0.2623,-2.5974,0.0000,0.0000,-2.5974
1791436624.3697,0.0166,0.4951,0.0000,0.0000,0.0000,0.0000,0.0000,0.0000,0.0000,-0.0015,-0.2618,-0.2623,-2.5973,0.0000,0.0000,-2.5973
1791436624.3898,0.0201,4.5614,0.0000,0.0000,0.0000,0.0000,0.0000,0.0000,0.0000,-0.0015,-0.2618,-0.2623,-2.5973,0.0000,0.0000,-2.5973
1791436624.4147,0.0249,3.1129,0.0000,0.0000,0.0000,0.0000,0.0000,0.0000,0.0000,-0.0015,-0.2618,-0.2623,-2.5973,0.0000,0.0000,-2.5973
1791436624.4299,0.0152,4.4843,0.0000,0.0000,0.0000,0.0000,0.0000,0.0000,0.0000,-0.0015,-0.2618,-0.2623,-2.5973,0.0000,0.0000,-2.5973
1791436624.4510,0.0212,1.7173,0.0000,0.0000,0.0000,0.0000,0.0000,0.0000,0.0000,-0.0015,-0.2618,-0.2623,-2.5973,0.0000,0.0000,-2.5973
1791436624.4715,0.0204,0.4919,0.0000,0.0000,0.0000,0.0000,0.0000,0.0000,0.0000,-0.0015,-0.2618,-0.2623,-2.5972,0.0000,0.0000,-2.5972
1791436624.4897,0.0183,3.7829,0.0000,0.0000,0.0000,0.0000,0.0000,0.0000,0.0000,-0.0015,-0.2618,-0.2623,-2.5972,0.0000,0.0000,-2.5972
1791436624.5097,0.0200,2.3385,0.0000,0.0000,0.0000,0.0000,0.0000,0.0000,0.0000,-0.0015,-0.2618,-0.2623,-2.5972,0.0000,0.0000,-2.5972
1791436624.5306,0.0209,1.0246,0.0000,0.0000,0.0000,0.0000,0.0000,0.0000,0.0000,-0.0015,-0.2618,-0.2623,-2.5972,0.0000,0.0000,-2.5972
1791436624.5517,0.0211,1.9559,0.0000,0.0000,0.0000,0.0000,0.0000,0.0000,0.0000,-0.0015,-0.2618,-0.2623,-2.5973,0.0000,0.0000,-2.5973
1791436624.5703,0.0186,2.5854,0.0000,0.0000,0.0000,0.0000,0.0000,0.0000,0.0000,-0.0015,-0.2618,-0.2623,-2.5974,0.0000,0.0000,-2.5974
1791436624.5898,0.0194,0.6334,0.0000,0.0000,0.0000,0.0000,0.0000,0.0000,0.0000,-0.0015,-0.2618,-0.2623,-2.5974,0.0000,0.0000,-2.5974
1791436624.6099,0.0201,0.9077,0.0000,0.0000,0.0000,0.0000,0.0000,0.0000,0.0000,-0.0015,-0.2618,-0.2623,-2.5974,0.0000,0.0000,-2.5974
1791436624.6298,0.0200,0.8857,0.0000,0.0000,0.0000,0.0000,0.0000,0.0000,0.0000,-0.0015,-0.2618,-0.2623,-2.5974,0.0000,0.0000,-2.5974
1791436624.6503,0.0205,0.4635,0.0000,0.0000,0.0000,0.0000,0.0000,0.0000,0.0000,-0.0015,-0.2618,-0.2623,-2.5974,0.0000,0.0000,-2.5974
1791436624.6699,0.0196,0.9222,0.0000,0.0000,0.0000,0.0000,0.0000,0.0000,0.0000,-0.0015,-0.2618,-0.2623,-2.5973,0.0000,0.0000,-2.5973
1791436624.6899,0.0200,1.0559,0.0000,0.0000,0.0000,0.0000,0.0000,0.0000,0.0000,-0.0015,-0.2618,-0.2623,-2.5973,0.0000,0.0000,-2.5973
1791436624.7098,0.0199,1.2882,0.0000,0.0000,0.0000,0.0000,0.0000,0.0000,0.0000,-0.0015,-0.2618,-0.2623,-2.5973,0.0000,0.0000,-2.5973
1791436624.7301,0.0202,1.4020,0.0000,0.0000,0.0000,0.0000,0.0000,0.0000,0.0000,-0.0015,-0.2618,-0.2623,-2.5973,0.0000,0.0000,-2.5973
1791436624.7501,0.0200,1.6018,0.0000,0.0000,0.0000,0.0000,0.0000,0.0000,0.0000,-0.0015,-0.2618,-0.2623,-2.5974,0.0000,0.0000,-2.5974
1791436624.7725,0.0224,0.6411,0.0000,0.0000,0.0000,0.0000,0.0000,0.0000,0.0000,-0.0015,-0.2618,-0.2623,-2.5973,0.0000,0.0000,-2.5973
1791436624.7898,0.0173,1.6587,0.0000,0.0000,0.0000,0.0000,0.0000,0.0000,0.0000,-0.0015,-0.2618,-0.2623,-2.5973,0.0000,0.0000,-2.5973
1791436624.8104,0.0206,1.7649,0.0000,0.0000,0.0000,0.0000,0.0000,0.0000,0.0000,-0.0015,-0.2618,-0.2623,-2.5973,0.0000,0.0000,-2.5973
1791436624.8304,0.0200,1.1849,0.0000,0.0000,0.0000,0.0000,0.0000,0.0000,0.0000,-0.0015,-0.2618,-0.2623,-2.5973,0.0000,0.0000,-2.5973
1791436624.8502,0.0198,0.9890,0.0000,0.0000,0.0000,0.0000,0.0000,0.0000,0.0000,-0.0015,-0.2618,-0.2623,-2.5973,0.0000,0.0000,-2.5973
1791436624.8698,0.0196,1.0084,0.0000,0.0000,0.0000,0.0000,0.0000,0.0000,0.0000,-0.0015,-0.2618,-0.2623,-2.5973,0.0000,0.0000,-2.5973
1791436624.8903,0.0205,3.3327,0.0000,0.0000,0.0000,0.0000,0.0000,0.0000,0.0000,-0.0015,-0.2618,-0.2623,-2.5973,0.0000,0.0000,-2.5973
1791436624.9104,0.0202,1.2524,0.0000,0.0000,0.0000,0.0000,0.0000,0.0000,0.0000,-0.0015,-0.2618,-0.2623,-2.5973,0.0000,0.0000,-2.5973
1791436624.9306,0.0202,1.1653,0.0000,0.0000,0.0000,0.0000,0.0000,0.0000,0.0000,-0.0015,-0.2618,-0.2623,-2.5973,0.0000,0.0000,-2.5973
1791436624.9529,0.0223,1.1519,0.0000,0.0000,0.0000,0.0000,0.0000,0.0000,0.0000,-0.0015,-0.2618,-0.2623,-2.5974,0.0000,0.0000,-2.5974
1791436624.9721,0.0192,8.4357,0.0000,0.0000,0.0000,0.0000,0.0000,0.0000,0.0000,-0.0015,-0.2618,-0.2623,-2.5974,0.0000,0.0000,-2.5974
1791436624.9897,0.0175,1.8239,0.0000,0.0000,0.0000,0.0000,0.0000,0.0000,0.0000,-0.0015,-0.2618,-0.2623,-2.5973,0.0000,0.0000,-2.5973
1791436625.0099,0.0202,1.9518,0.0000,0.0000,0.0000,0.0000,0.0000,0.0000,0.0000,-0.0015,-0.2618,-0.2623,-2.5974,0.0000,0.0000,-2.5974
1791436625.0298,0.0199,1.7499,0.0000,0.0000,0.0000,0.0000,0.0000,0.0000,0.0000,-0.0015,-0.2618,-0.2623,-2.5974,0.0000,0.0000,-2.5974
1791436625.0509,0.0212,5.9982,0.0000,0.0000,0.0000,0.0000,0.0000,0.0000,0.0000,-0.0015,-0.2618,-0.2623,-2.5974,0.0000,0.0000,-2.5974
1791436625.0700,0.0190,3.7730,0.0000,0.0000,0.0000,0.0000,0.0000,0.0000,0.0000,-0.0015,-0.2618,-0.2623,-2.5974,0.0000,0.0000,-2.5974
1791436625.0900,0.0201,4.1014,0.0000,0.0000,0.0000,0.0000,0.0000,0.0000,0.0000,-0.0015,-0.2618,-0.2623,-2.5974,0.0000,0.0000,-2.5974
1791436625.1099,0.0199,4.1133,0.0000,0.0000,0.0000,0.0000,0.0000,0.0000,0.0000,-0.0015,-0.2618,-0.2623,-2.5974,0.0000,0.0000,-2.5974
1791436625.1320,0.0221,3.6368,0.0000,0.0000,0.0000,0.0000,0.0000,0.0000,0.0000,-0.0015,-0.2618,-0.2623,-2.5974,0.0000,0.0000,-2.5974
1791436625.1532,0.0212,3.7196,0.0000,0.0000,0.0000,0.0000,0.0000,0.0000,0.0000,-0.0015,-0.2618,-0.2623,-2.5973,0.0000,0.0000,-2.5973
1791436625.1724,0.0192,0.8909,0.0000,0.0000,0.0000,0.0000,0.0000,0.0000,0.0000,-0.0015,-0.2618,-0.2623,-2.5974,0.0000,0.0000,-2.5974
1791436625.1945,0.0221,0.7862,0.0000,0.0000,0.0000,0.0000,0.0000,0.0000,0.0000,-0.0015,-0.2618,-0.2623,-2.5974,0.0000,0.0000,-2.5974
1791436625.2130,0.0185,2.8859,0.0000,0.0000,0.0000,0.0000,0.0000,0.0000,0.0000,-0.0015,-0.2618,-0.2623,-2.5974,0.0000,0.0000,-2.5974
1791436625.2305,0.0175,1.5077,0.0000,0.0000,0.0000,0.0000,0.0000,0.0000,0.0000,-0.0015,-0.2618,-0.2623,-2.5974,0.0000,0.0000,-2.5974
1791436625.2504,0.0199,2.5027,0.0000,0.0000,0.0000,0.0000,0.0000,0.0000,0.0000,-0.0015,-0.2618,-0.2623,-2.5974,0.0000,0.0000,-2.5974
1791436625.2697,0.0193,0.8274,0.0000,0.0000,0.0000,0.0000,0.0000,0.0000,0.0000,-0.0015,-0.2618,-0.2623,-2.5973,0.0000,0.0000,-2.5973
1791436625.2898,0.0201,3.5055,0.0000,0.0000,0.0000,0.0000,0.0000,0.0000,0.0000,-0.0015,-0.2618,-0.2623,-2.5973,0.0000,0.0000,-2.5973
1791436625.3115,0.0217,1.2219,0.0000,0.0000,0.0000,0.0000,0.0000,0.0000,0.0000,-0.0015,-0.2618,-0.2623,-2.5974,0.0000,0.0000,-2.5974
1791436625.3297,0.0182,1.6572,0.0000,0.0000,0.0000,0.0000,0.0000,0.0000,0.0000,-0.0015,-0.2618,-0.2623,-2.5973,0.0000,0.0000,-2.5973
1791436625.3555,0.0258,0.6777,0.0000,0.0000,0.0000,0.0000,0.0000,0.0000,0.0000,-0.0015,-0.2618,-0.2623,-2.5974,0.0000,0.0000,-2.5974
1791436625.3705,0.0151,4.2668,0.0000,0.0000,0.0000,0.0000,0.0000,0.0000,0.0000,-0.0015,-0.2618,-0.2623,-2.5974,0.0000,0.0000,-2.5974
1791436625.3903,0.0197,1.2207,0.0000,0.0000,0.0000,0.0000,0.0000,0.0000,0.0000,-0.0015,-0.2618,-0.2623,-2.5973,0.0000,0.0000,-2.5973
1791436625.4098,0.0195,0.8267,0.0000,0.0000,0.0000,0.0000,0.0000,0.0000,0.0000,-0.0015,-0.2618,-0.2623,-2.5974,0.0000,0.0000,-2.5974
1791436625.4298,0.0200,0.6727,0.0000,0.0000,0.0000,0.0000,0.0000,0.0000,0.0000,-0.0015,-0.2618,-0.2623,-2.5974,0.0000,0.0000,-2.5974
1791436625.4505,0.0208,3.7251,0.0000,0.0000,0.0000,0.0000,0.0000,0.0000,0.0000,-0.0015,-0.2618,-0.2623,-2.5973,0.0000,0.0000,-2.5973
1791436625.4698,0.0193,1.1114,0.0000,0.0000,0.0000,0.0000,0.0000,0.0000,0.0000,-0.0015,-0.2618,-0.2623,-2.5973,0.0000,0.0000,-2.5973
1791436625.4904,0.0206,0.7568,0.0000,0.0000,0.0000,0.0000,0.0000,0.0000,0.0000,-0.0015,-0.2618,-0.2623,-2.5974,0.0000,0.0000,-2.5974
1791436625.5097,0.0193,2.2108,0.0000,0.0000,0.0000,0.0000,0.0000,0.0000,0.0000,-0.0015,-0.2618,-0.2623,-2.5974,0.0000,0.0000,-2.5974
1791436625.5297,0.0200,0.6135,0.0000,0.0000,0.0000,0.0000,0.0000,0.0000,0.0000,-0.0015,-0.2618,-0.2623,-2.5973,0.0000,0.0000,-2.5973
1791436625.5503,0.0206,3.7034,0.0000,0.0000,0.0000,0.0000,0.0000,0.0000,0.0000,-0.0015,-0.2618,-0.2623,-2.5974,0.0000,0.0000,-2.5974
1791436625.5698,0.0195,0.6814,0.0000,0.0000,0.0000,0.0000,0.0000,0.0000,0.0000,-0.0015,-0.2618,-0.2623,-2.5974,0.0000,0.0000,-2.5974
1791436625.5913,0.0215,0.5674,0.0000,0.0000,0.0000,0.0000,0.0000,0.0000,0.0000,-0.0015,-0.2618,-0.2623,-2.5974,0.0000,0.0000,-2.5974
1791436625.6098,0.0185,2.3135,0.0000,0.0000,0.0000,0.0000,0.0000,0.0000,0.0000,-0.0015,-0.2618,-0.2623,-2.5974,0.0000,0.0000,-2.5974
1791436625.6315,0.0217,0.5598,0.0000,0.0000,0.0000,0.0000,0.0000,0.0000,0.0000,-0.0015,-0.2618,-0.2623,-2.5974,0.0000,0.0000,-2.5974
1791436625.6514,0.0199,1.6510,0.0000,0.0000,0.0000,0.0000,0.0000,0.0000,0.0000,-0.0015,-0.2618,-0.2623,-2.5974,0.0000,0.0000,-2.5974
1791436625.6724,0.0210,0.5462,0.0000,0.0000,0.0000,0.0000,0.0000,0.0000,0.0000,-0.0015,-0.2618,-0.2623,-2.5974,0.0000,0.0000,-2.5974
1791436625.6900,0.0176,1.0141,0.0000,0.0000,0.0000,0.0000,0.0000,0.0000,0.0000,-0.0015,-0.2618,-0.2623,-2.5974,0.0000,0.0000,-2.5974
1791436625.7100,0.0200,1.1592,0.0000,0.0000,0.0000,0.0000,0.0000,0.0000,0.0000,-0.0015,-0.2618,-0.2623,-2.5974,0.0000,0.0000,-2.5974
1791436625.7316,0.0217,0.9295,0.0000,0.0000,0.0000,0.0000,0.0000,0.0000,0.0000,-0.0015,-0.2618,-0.2623,-2.5974,0.0000,0.0000,-2.5974
1791436625.7500,0.0184,0.4096,0.0000,0.0000,0.0000,0.0000,0.0000,0.0000,0.0000,-0.0015,-0.2618,-0.2623,-2.5974,0.0000,0.0000,-2.5974
1791436625.7704,0.0204,0.6052,0.0000,0.0000,0.0000,0.0000,0.0000,0.0000,0.0000,-0.0015,-0.2618,-0.2623,-2.5974,0.0000,0.0000,-2.5974
1791436625.7904,0.0200,1.1080,0.0000,0.0000,0.0000,0.0000,0.0000,0.0000,0.0000,-0.0015,-0.2618,-0.2623,-2.5974,0.0000,0.0000,-2.5974
1791436625.8098,0.0193,1.8400,0.0000,0.0000,0.0000,0.0000,0.0000,0.0000,0.0000,-0.0015,-0.2618,-0.2623,-2.5974,0.0000,0.0000,-2.5974
1791436625.8303,0.0206,0.7244,0.0000,0.0000,0.0000,0.0000,0.0000,0.0000,0.0000,-0.0015,-0.2618,-0.2623,-2.5975,0.0000,0.0000,-2.5975
1791436625.8508,0.0205,0.5177,0.0000,0.0000,0.0000,0.0000,0.0000,0.0000,0.0000,-0.0015,-0.2618,-0.2623,-2.5974,0.0000,0.0000,-2.5974
1791436625.8698,0.0190,3.1615,0.0000,0.0000,0.0000,0.0000,0.0000,0.0000,0.0000,-0.0015,-0.2618,-0.2623,-2.5974,0.0000,0.0000,-2.5974
1791436625.8898,0.0200,4.7189,0.0000,0.0000,0.0000,0.0000,0.0000,0.0000,0.0000,-0.0015,-0.2618,-0.2623,-2.5974,0.0000,0.0000,-2.5974
1791436625.9105,0.0206,3.6617,0.0000,0.0000,0.0000,0.0000,0.0000,0.0000,0.0000,-0.0015,-0.2618,-0.2623,-2.5974,0.0000,0.0000,-2.5974
1791436625.9297,0.0192,4.0155,0.0000,0.0000,0.0000,0.0000,0.0000,0.0000,0.0000,-0.0015,-0.2618,-0.2623,-2.5973,0.0000,0.0000,-2.5973
1791436625.9531,0.0234,2.8953,0.0000,0.0000,0.0000,0.0000,0.0000,0.0000,0.0000,-0.0015,-0.2618,-0.2623,-2.5973,0.0000,0.0000,-2.5973
1791436625.9708,0.0177,1.8434,0.0000,0.0000,0.0000,0.0000,0.0000,0.0000,0.0000,-0.0015,-0.2618,-0.2623,-2.5974,0.0000,0.0000,-2.5974
1791436625.9908,0.0200,1.8524,0.0000,0.0000,0.0000,0.0000,0.0000,0.0000,0.0000,-0.0015,-0.2618,-0.2623,-2.5974,0.0000,0.0000,-2.5974
1791436626.0097,0.0190,2.7665,0.0000,0.0000,0.0000,0.0000,0.0000,0.0000,0.0000,-0.0015,-0.2618,-0.2623,-2.5974,0.0000,0.0000,-2.5974
1791436626.0298,0.0201,4.7345,0.0000,0.0000,0.0000,0.0000,0.0000,0.0000,0.0000,-0.0015,-0.2618,-0.2623,-2.5975,0.0000,0.0000,-2.5975
1791436626.0527,0.0229,4.0878,0.0000,0.0000,0.0000,0.0000,0.0000,0.0000,0.0000,-0.0015,-0.2618,-0.2623,-2.5975,0.0000,0.0000,-2.5975
1791436626.0714,0.0187,0.5983,0.0000,0.0000,0.0000,0.0000,0.0000,0.0000,0.0000,-0.0015,-0.2618,-0.2623,-2.5975,0.0000,0.0000,-2.5975
1791436626.0903,0.0189,1.0463,0.0000,0.0000,0.0000,0.0000,0.0000,0.0000,0.0000,-0.0015,-0.2618,-0.2623,-2.5974,0.0000,0.0000,-2.5974
1791436626.1097,0.0194,0.6229,0.0000,0.0000,0.0000,0.0000,0.0000,0.0000,0.0000,-0.0015,-0.2618,-0.2623,-2.5973,0.0000,0.0000,-2.5973
1791436626.1298,0.0200,2.2319,0.0000,0.0000,0.0000,0.0000,0.0000,0.0000,0.0000,-0.0015,-0.2618,-0.2623,-2.5975,0.0000,0.0000,-2.5975
1791436626.1512,0.0214,1.3208,0.0000,0.0000,0.0000,0.0000,0.0000,0.0000,0.0000,-0.0015,-0.2618,-0.2623,-2.5974,0.0000,0.0000,-2.5974
1791436626.1698,0.0187,3.0521,0.0000,0.0000,0.0000,0.0000,0.0000,0.0000,0.0000,-0.0015,-0.2618,-0.2623,-2.5974,0.0000,0.0000,-2.5974
1791436626.1907,0.0209,4.4093,0.0000,0.0000,0.0000,0.0000,0.0000,0.0000,0.0000,-0.0015,-0.2618,-0.2623,-2.5974,0.0000,0.0000,-2.5974
1791436626.2103,0.0196,11.5116,0.0000,0.0000,0.0000,0.0000,0.0000,0.0000,0.0000,-0.0015,-0.2618,-0.2623,-2.5974,0.0000,0.0000,-2.5974
1791436626.2303,0.0201,4.1898,0.0000,0.0000,0.0000,0.0000,0.0000,0.0000,0.0000,-0.0015,-0.2618,-0.2623,-2.5974,0.0000,0.0000,-2.5974
1791436626.2511,0.0207,0.7606,0.0000,0.0000,0.0000,0.0000,0.0000,0.0000,0.0000,-0.0015,-0.2618,-0.2623,-2.5974,0.0000,0.0000,-2.5974
1791436626.2707,0.0196,0.7499,0.0000,0.0000,0.0000,0.0000,0.0000,0.0000,0.0000,-0.0015,-0.2618,-0.2623,-2.5974,0.0000,0.0000,-2.5974
1791436626.2898,0.0191,0.8985,0.0000,0.0000,0.0000,0.0000,0.0000,0.0000,0.0000,-0.0015,-0.2618,-0.2623,-2.5973,0.0000,0.0000,-2.5973
1791436626.3107,0.0209,0.8648,0.0000,0.0000,0.0000,0.0000,0.0000,0.0000,0.0000,-0.0015,-0.2618,-0.2623,-2.5974,0.0000,0.0000,-2.5974
1791436626.3304,0.0197,0.5034,0.0000,0.0000,0.0000,0.0000,0.0000,0.0000,0.0000,-0.0015,-0.2618,-0.2623,-2.5974,0.0000,0.0000,-2.5974
1791436626.3501,0.0197,0.8619,0.0000,0.0000,0.0000,0.0000,0.0000,0.0000,0.0000,-0.0015,-0.2618,-0.2623,-2.5974,0.0000,0.0000,-2.5974
1791436626.3699,0.0198,1.7238,0.0000,0.0000,0.0000,0.0000,0.0000,0.0000,0.0000,-0.0015,-0.2618,-0.2623,-2.5974,0.0000,0.0000,-2.5974
1791436626.3920,0.0221,1.1883,0.0000,0.0000,0.0000,0.0000,0.0000,0.0000,0.0000,-0.0015,-0.2618,-0.2623,-2.5974,0.0000,0.0000,-2.5974
1791436626.4104,0.0184,1.0690,0.0000,0.0000,0.0000,0.0000,0.0000,0.0000,0.0000,-0.0015,-0.2618,-0.2623,-2.5974,0.0000,0.0000,-2.5974
1791436626.4299,0.0195,2.7334,0.0000,0.0000,0.0000,0.0000,0.0000,0.0000,0.0000,-0.0015,-0.2618,-0.2623,-2.5975,0.0000,0.0000,-2.5975
1791436626.4517,0.0218,0.6509,0.0000,0.0000,0.0000,0.0000,0.0000,0.0000,0.0000,-0.0015,-0.2618,-0.2623,-2.5974,0.0000,0.0000,-2.5974
1791436626.4698,0.0181,1.0991,0.0000,0.0000,0.0000,0.0000,0.0000,0.0000,0.0000,-0.0015,-0.2618,-0.2623,-2.5974,0.0000,0.0000,-2.5974
1791436626.4899,0.0202,3.2836,0.0000,0.0000,0.0000,0.0000,0.0000,0.0000,0.0000,-0.0015,-0.2618,-0.2623,-2.5974,0.0000,0.0000,-2.5974
1791436626.5099,0.0199,0.6988,0.0000,0.0000,0.0000,0.0000,0.0000,0.0000,0.0000,-0.0015,-0.2618,-0.2623,-2.5974,0.0000,0.0000,-2.5974
1791436626.5298,0.0199,0.7966,0.0000,0.0000,0.0000,0.0000,0.0000,0.0000,0.0000,-0.0015,-0.2618,-0.2623,-2.5974,0.0000,0.0000,-2.5974
1791436626.5505,0.0207,0.5323,0.0000,0.0000,0.0000,0.0000,0.0000,0.0000,0.0000,-0.0015,-0.2618,-0.2623,-2.5974,0.0000,0.0000,-2.5974
1791436626.5697,0.0193,2.9339,0.0000,0.0000,0.0000,0.0000,0.0000,0.0000,0.0000,-0.0015,-0.2618,-0.2623,-2.5975,0.0000,0.0000,-2.5975
1791436626.5897,0.0200,0.5779,0.0000,0.0000,0.0000,0.0000,0.0000,0.0000,0.0000,-0.0015,-0.2618,-0.2623,-2.5974,0.0000,0.0000,-2.5974
1791436626.6098,0.0201,0.7230,0.0000,0.0000,0.0000,0.0000,0.0000,0.0000,0.0000,-0.0015,-0.2618,-0.2623,-2.5975,0.0000,0.0000,-2.5975
1791436626.6300,0.0202,1.0394,0.0000,0.0000,0.0000,0.0000,0.0000,0.0000,0.0000,-0.0015,-0.2618,-0.2623,-2.5974,0.0000,0.0000,-2.5974
1791436626.6528,0.0228,3.9935,0.0000,0.0000,0.0000,0.0000,0.0000,0.0000,0.0000,-0.0015,-0.2618,-0.2623,-2.5975,0.0000,0.0000,-2.5975
1791436626.6704,0.0176,0.6689,0.0000,0.0000,0.0000,0.0000,0.0000,0.0000,0.0000,-0.0015,-0.2618,-0.2623,-2.5974,0.0000,0.0000,-2.5974
1791436626.6896,0.0192,0.5171,0.0000,0.0000,0.0000,0.0000,0.0000,0.0000,0.0000,-0.0015,-0.2618,-0.2608,-2.5975,0.0000,0.0000,-2.5975
1791436626.7097,0.0200,0.4880,0.0000,0.0000,0.0000,0.0000,0.0000,0.0000,0.0000,-0.0015,-0.2618,-0.2623,-2.5974,0.0000,0.0000,-2.5974
1791436626.7300,0.0204,1.0247,0.0000,0.0000,0.0000,0.0000,0.0000,0.0000,0.0000,-0.0015,-0.2618,-0.2623,-2.5974,0.0000,0.0000,-2.5974
1791436626.7527,0.0227,2.7492,0.0000,0.0000,0.0000,0.0000,0.0000,0.0000,0.0000,-0.0015,-0.2618,-0.2623,-2.5974,0.0000,0.0000,-2.5974
1791436626.7707,0.0180,5.5288,0.0000,0.0000,0.0000,0.0000,0.0000,0.0000,0.0000,-0.0015,-0.2618,-0.2623,-2.5974,0.0000,0.0000,-2.5974
1791436626.7897,0.0190,1.3863,0.0000,0.0000,0.0000,0.0000,0.0000,0.0000,0.0000,-0.0015,-0.2618,-0.2623,-2.5974,0.0000,0.0000,-2.5974
1791436626.8096,0.0199,5.0733,0.0000,0.0000,0.0000,0.0000,0.0000,0.0000,0.0000,-0.0015,-0.2618,-0.2623,-2.5974,0.0000,0.0000,-2.5974
1791436626.8298,0.0202,0.8639,0.0000,0.0000,0.0000,0.0000,0.0000,0.0000,0.0000,-0.0015,-0.2618,-0.2623,-2.5974,0.0000,0.0000,-2.5974
1791436626.8518,0.0220,0.6743,0.0000,0.0000,0.0000,0.0000,0.0000,0.0000,0.0000,-0.0015,-0.2618,-0.2623,-2.5975,0.0000,0.0000,-2.5975
1791436626.8714,0.0196,1.0019,0.0000,0.0000,0.0000,0.0000,0.0000,0.0000,0.0000,-0.0015,-0.2618,-0.2623,-2.5975,0.0000,0.0000,-2.5975
1791436626.8897,0.0183,2.3744,0.0000,0.0000,0.0000,0.0000,0.0000,0.0000,0.0000,-0.0015,-0.2618,-0.2623,-2.5974,0.0000,0.0000,-2.5974
1791436626.9098,0.0200,1.1609,0.0000,0.0000,0.0000,0.0000,0.0000,0.0000,0.0000,-0.0015,-0.2618,-0.2623,-2.5974,0.0000,0.0000,-2.5974
1791436626.9304,0.0206,0.8015,0.0000,0.0000,0.0000,0.0000,0.0000,0.0000,0.0000,-0.0015,-0.2618,-0.2623,-2.5975,0.0000,0.0000,-2.5975
1791436626.9511,0.0208,2.2467,0.0000,0.0000,0.0000,0.0000,0.0000,0.0000,0.0000,-0.0015,-0.2618,-0.2623,-2.5975,0.0000,0.0000,-2.5975
1791436626.9704,0.0193,0.4831,0.0000,0.0000,0.0000,0.0000,0.0000,0.0000,0.0000,-0.0015,-0.2618,-0.2623,-2.5975,0.0000,0.0000,-2.5975
1791436626.9899,0.0195,1.0421,0.0000,0.0000,0.0000,0.0000,0.0000,0.0000,0.0000,-0.0015,-0.2618,-0.2623,-2.5974,0.0000,0.0000,-2.5974
1791436627.0097,0.0198,1.1290,0.0000,0.0000,0.0000,0.0000,0.0000,0.0000,0.0000,-0.0015,-0.2618,-0.2623,-2.5974,0.0000,0.0000,-2.5974
1791436627.0299,0.0202,1.2163,0.0000,0.0000,0.0000,0.0000,0.0000,0.0000,0.0000,-0.0015,-0.2618,-0.2623,-2.5975,0.0000,0.0000,-2.5975
1791436627.0505,0.0206,0.6372,0.0000,0.0000,0.0000,0.0000,0.0000,0.0000,0.0000,-0.0015,-0.2618,-0.2623,-2.5975,0.0000,0.0000,-2.5975
1791436627.0698,0.0193,0.6624,0.0000,0.0000,0.0000,0.0000,0.0000,0.0000,0.0000,-0.0015,-0.2618,-0.2623,-2.5975,0.0000,0.0000,-2.5975
1791436627.0897,0.0199,0.7352,0.0000,0.0000,0.0000,0.0000,0.0000,0.0000,0.0000,-0.0015,-0.2618,-0.2623,-2.5975,0.0000,0.0000,-2.5975
1791436627.1098,0.0201,0.8441,0.0000,0.0000,0.0000,0.0000,0.0000,0.0000,0.0000,-0.0015,-0.2618,-0.2623,-2.5974,0.0000,0.0000,-2.5974
1791436627.1299,0.0201,1.1713,0.0000,0.0000,0.0000,0.0000,0.0000,0.0000,0.0000,-0.0015,-0.2618,-0.2623,-2.5974,0.0000,0.0000,-2.5974
1791436627.1520,0.0221,0.4885,0.0000,0.0000,0.0000,0.0000,0.0000,0.0000,0.0000,-0.0015,-0.2618,-0.2623,-2.5974,0.0000,0.0000,-2.5974
1791436627.1697,0.0177,2.9607,0.0000,0.0000,0.0000,0.0000,0.0000,0.0000,0.0000,-0.0015,-0.2618,-0.2623,-2.5974,0.0000,0.0000,-2.5974
1791436627.1898,0.0201,2.5491,0.0000,0.0000,0.0000,0.0000,0.0000,0.0000,0.0000,-0.0015,-0.2618,-0.2623,-2.5975,0.0000,0.0000,-2.5975
1791436627.2108,0.0211,13.6507,0.0000,0.0000,0.0000,0.0000,0.0000,0.0000,0.0000,-0.0015,-0.2618,-0.2623,-2.5975,0.0000,0.0000,-2.5975
1791436627.2299,0.0190,4.0751,0.0000,0.0000,0.0000,0.0000,0.0000,0.0000,0.0000,-0.0015,-0.2618,-0.2623,-2.5975,0.0000,0.0000,-2.5975
1791436627.2509,0.0210,3.2594,0.0000,0.0000,0.0000,0.0000,0.0000,0.0000,0.0000,-0.0015,-0.2618,-0.2623,-2.5975,0.0000,0.0000,-2.5975
1791436627.2698,0.0189,1.1224,0.0000,0.0000,0.0000,0.0000,0.0000,0.0000,0.0000,-0.0015,-0.2618,-0.2623,-2.5976,0.0000,0.0000,-2.5976
1791436627.2897,0.0199,3.0954,0.0000,0.0000,0.0000,0.0000,0.0000,0.0000,0.0000,-0.0015,-0.2618,-0.2623,-2.5974,0.0000,0.0000,-2.5974
1791436627.3104,0.0207,2.9118,0.0000,0.0000,0.0000,0.0000,0.0000,0.0000,0.0000,-0.0015,-0.2618,-0.2623,-2.5975,0.0000,0.0000,-2.5975
1791436627.3298,0.0194,0.9801,0.0000,0.0000,0.0000,0.0000,0.0000,0.0000,0.0000,-0.0015,-0.2618,-0.2623,-2.5975,0.0000,0.0000,-2.5975
1791436627.3511,0.0213,0.9939,0.0000,0.0000,0.0000,0.0000,0.0000,0.0000,0.0000,-0.0015,-0.2618,-0.2623,-2.5975,0.0000,0.0000,-2.5975
1791436627.3707,0.0196,0.8157,0.0000,0.0000,0.0000,0.0000,0.0000,0.0000,0.0000,-0.0015,-0.2618,-0.2623,-2.5974,0.0000,0.0000,-2.5974
1791436627.3898,0.0191,3.7185,0.0000,0.0000,0.0000,0.0000,0.0000,0.0000,0.0000,-0.0015,-0.2618,-0.2623,-2.5975,0.0000,0.0000,-2.5975
1791436627.4099,0.0201,1.2417,0.0000,0.0000,0.0000,0.0000,0.0000,0.0000,0.0000,-0.0015,-0.2618,-0.2623,-2.5975,0.0000,0.0000,-2.5975
1791436627.4303,0.0204,0.5642,0.0000,0.0000,0.0000,0.0000,0.0000,0.0000,0.0000,-0.0015,-0.2618,-0.2623,-2.5975,0.0000,0.0000,-2.5975
1791436627.4525,0.0222,5.4767,0.0000,0.0000,0.0000,0.0000,0.0000,0.0000,0.0000,-0.0015,-0.2618,-0.2623,-2.5975,0.0000,0.0000,-2.5975
1791436627.4710,0.0186,1.3136,0.0000,0.0000,0.0000,0.0000,0.0000,0.0000,0.0000,-0.0015,-0.2618,-0.2623,-2.5974,0.0000,0.0000,-2.5974
1791436627.4899,0.0188,5.4897,0.0000,0.0000,0.0000,0.0000,0.0000,0.0000,0.0000,-0.0015,-0.2618,-0.2623,-2.5974,0.0000,0.0000,-2.5974
1791436627.5115,0.0217,4.9185,0.0000,0.0000,0.0000,0.0000,0.0000,0.0000,0.0000,-0.0015,-0.2618,-0.2623,-2.5975,0.0000,0.0000,-2.5975
1791436627.5305,0.0190,3.2012,0.0000,0.0000,0.0000,0.0000,0.0000,0.0000,0.0000,-0.0015,-0.2618,-0.2623,-2.5974,0.0000,0.0000,-2.5974
1791436627.5502,0.0197,4.7082,0.0000,0.0000,0.0000,0.0000,0.0000,0.0000,0.0000,-0.0015,-0.2618,-0.2623,-2.5975,0.0000,0.0000,-2.5975
1791436627.5697,0.0195,1.9792,0.0000,0.0000,0.0000,0.0000,0.0000,0.0000,0.0000,-0.0015,-0.2618,-0.2623,-2.5975,0.0000,0.0000,-2.5975
1791436627.5961,0.0264,0.9350,0.0000,0.0000,0.0000,0.0000,0.0000,0.0000,0.0000,-0.0015,-0.2618,-0.2623,-2.5975,0.0000,0.0000,-2.5975
1791436627.6102,0.0141,0.9477,0.0000,0.0000,0.0000,0.0000,0.0000,0.0000,0.0000,-0.0015,-0.2618,-0.2623,-2.5975,0.0000,0.0000,-2.5975
1791436627.6297,0.0195,0.4842,0.0000,0.0000,0.0000,0.0000,0.0000,0.0000,0.0000,-0.0015,-0.2618,-0.2623,-2.5976,0.0000,0.0000,-2.5976
1791436627.6513,0.0216,0.5191,0.0000,0.0000,0.0000,0.0000,0.0000,0.0000,0.0000,-0.0015,-0.2618,-0.2623,-2.5975,0.0000,0.0000,-2.5975
1791436627.6698,0.0185,4.4407,0.0000,0.0000,0.0000,0.0000,0.0000,0.0000,0.0000,-0.0015,-0.2618,-0.2623,-2.5975,0.0000,0.0000,-2.5975
1791436627.6897,0.0199,4.8045,0.0000,0.0000,0.0000,0.0000,0.0000,0.0000,0.0000,-0.0015,-0.2618,-0.2623,-2.5975,0.0000,0.0000,-2.5975
1791436627.7098,0.0200,2.0627,0.0000,0.0000,0.0000,0.0000,0.0000,0.0000,0.0000,-0.0015,-0.2618,-0.2623,-2.5974,0.0000,0.0000,-2.5974
1791436627.7299,0.0202,1.7847,0.0000,0.0000,0.0000,0.0000,0.0000,0.0000,0.0000,-0.0015,-0.2618,-0.2623,-2.5975,0.0000,0.0000,-2.5975
1791436627.7525,0.0225,1.6026,0.0000,0.0000,0.0000,0.0000,0.0000,0.0000,0.0000,-0.0015,-0.2618,-0.2623,-2.5974,0.0000,0.0000,-2.5974
1791436627.7700,0.0176,1.5991,0.0000,0.0000,0.0000,0.0000,0.0000,0.0000,0.0000,-0.0015,-0.2618,-0.2623,-2.5975,0.0000,0.0000,-2.5975
1791436627.7924,0.0224,3.4955,0.0000,0.0000,0.0000,0.0000,0.0000,0.0000,0.0000,-0.0015,-0.2618,-0.2623,-2.5975,0.0000,0.0000,-2.5975
1791436627.8097,0.0172,0.5216,0.0000,0.0000,0.0000,0.0000,0.0000,0.0000,0.0000,-0.0015,-0.2618,-0.2623,-2.5974,0.0000,0.0000,-2.5974
1791436627.8298,0.0201,0.9129,0.0000,0.0000,0.0000,0.0000,0.0000,0.0000,0.0000,-0.0015,-0.2618,-0.2623,-2.5974,0.0000,0.0000,-2.5974
1791436627.8516,0.0218,1.3334,0.0000,0.0000,0.0000,0.0000,0.0000,0.0000,0.0000,-0.0015,-0.2618,-0.2623,-2.5975,0.0000,0.0000,-2.5975
1791436627.8715,0.0199,3.1357,0.0000,0.0000,0.0000,0.0000,0.0000,0.0000,0.0000,-0.0015,-0.2618,-0.2623,-2.5975,0.0000,0.0000,-2.5975
1791436627.8905,0.0190,1.3336,0.0000,0.0000,0.0000,0.0000,0.0000,0.0000,0.0000,-0.0015,-0.2618,-0.2623,-2.5975,0.0000,0.0000,-2.5975
1791436627.9109,0.0204,0.9205,0.0000,0.0000,0.0000,0.0000,0.0000,0.0000,0.0000,-0.0015,-0.2618,-0.2623,-2.5974,0.0000,0.0000,-2.5974
1791436627.9299,0.0190,1.4975,0.0000,0.0000,0.0000,0.0000,0.0000,0.0000,0.0000,-0.0015,-0.2618,-0.2608,-2.5975,0.0000,0.0000,-2.5975
1791436627.9518,0.0219,0.4615,0.0000,0.0000,0.0000,0.0000,0.0000,0.0000,0.0000,-0.0015,-0.2618,-0.2623,-2.5974,0.0000,0.0000,-2.5974
1791436627.9697,0.0179,0.6180,0.0000,0.0000,0.0000,0.0000,0.0000,0.0000,0.0000,-0.0015,-0.2618,-0.2623,-2.5975,0.0000,0.0000,-2.5975
1791436627.9906,0.0209,4.2996,0.0000,0.0000,0.0000,0.0000,0.0000,0.0000,0.0000,-0.0015,-0.2618,-0.2623,-2.5975,0.0000,0.0000,-2.5975
1791436628.0098,0.0192,2.9813,0.0000,0.0000,0.0000,0.0000,0.0000,0.0000,0.0000,-0.0015,-0.2618,-0.2623,-2.5975,0.0000,0.0000,-2.5975
1791436628.0301,0.0202,3.7853,0.0000,0.0000,0.0000,0.0000,0.0000,0.0000,0.0000,-0.0015,-0.2618,-0.2623,-2.5975,0.0000,0.0000,-2.5975
1791436628.0505,0.0204,1.2823,0.0000,0.0000,0.0000,0.0000,0.0000,0.0000,0.0000,-0.0015,-0.2618,-0.2623,-2.5974,0.0000,0.0000,-2.5974
1791436628.0698,0.0193,2.4050,0.0000,0.0000,0.0000,0.0000,0.0000,0.0000,0.0000,-0.0015,-0.2618,-0.2623,-2.5975,0.0000,0.0000,-2.5975
1791436628.0907,0.0209,0.9016,0.0000,0.0000,0.0000,0.0000,0.0000,0.0000,0.0000,-0.0015,-0.2618,-0.2623,-2.5975,0.0000,0.0000,-2.5975
1791436628.1100,0.0193,7.4933,0.0000,0.0000,0.0000,0.0000,0.0000,0.0000,0.0000,-0.0015,-0.2618,-0.2623,-2.5975,0.0000,0.0000,-2.5975
1791436628.1300,0.0200,1.7118,0.0000,0.0000,0.0000,0.0000,0.0000,0.0000,0.0000,-0.0015,-0.2618,-0.2623,-2.5975,0.0000,0.0000,-2.5975
1791436628.1531,0.0231,0.6033,0.0000,0.0000,0.0000,0.0000,0.0000,0.0000,0.0000,-0.0015,-0.2618,-0.2623,-2.5976,0.0000,0.0000,-2.5976
1791436628.1700,0.0169,0.6292,0.0000,0.0000,0.0000,0.0000,0.0000,0.0000,0.0000,-0.0015,-0.2618,-0.2623,-2.5975,0.0000,0.0000,-2.5975
1791436628.1906,0.0206,9.0430,0.0000,0.0000,0.0000,0.0000,0.0000,0.0000,0.0000,-0.0015,-0.2618,-0.2623,-2.5975,0.0000,0.0000,-2.5975
1791436628.2098,0.0192,4.5528,0.0000,0.0000,0.0000,0.0000,0.0000,0.0000,0.0000,-0.0015,-0.2618,-0.2623,-2.5975,0.0000,0.0000,-2.5975
1791436628.2305,0.0207,1.1048,0.0000,0.0000,0.0000,0.0000,0.0000,0.0000,0.0000,-0.0015,-0.2618,-0.2623,-2.5975,0.0000,0.0000,-2.5975
1791436628.2541,0.0236,0.7619,0.0000,0.0000,0.0000,0.0000,0.0000,0.0000,0.0000,-0.0015,-0.2618,-0.2623,-2.5976,0.0000,0.0000,-2.5976
1791436628.2699,0.0158,2.1656,0.0000,0.0000,0.0000,0.0000,0.0000,0.0000,0.0000,-0.0015,-0.2618,-0.2623,-2.5975,0.0000,0.0000,-2.5975
1791436628.2904,0.0205,2.6719,0.0000,0.0000,0.0000,0.0000,0.0000,0.0000,0.0000,-0.0015,-0.2618,-0.2623,-2.5974,0.0000,0.0000,-2.5974
1791436628.3097,0.0192,1.7011,0.0000,0.0000,0.0000,0.0000,0.0000,0.0000,0.0000,-0.0015,-0.2618,-0.2623,-2.5975,0.0000,0.0000,-2.5975
1791436628.3305,0.0208,1.2876,0.0000,0.0000,0.0000,0.0000,0.0000,0.0000,0.0000,-0.0015,-0.2618,-0.2623,-2.5976,0.0000,0.0000,-2.5976
1791436628.3509,0.0205,0.7194,0.0000,0.0000,0.0000,0.0000,0.0000,0.0000,0.0000,-0.0015,-0.2618,-0.2623,-2.5975,0.0000,0.0000,-2.5975
1791436628.3699,0.0190,2.8017,0.0000,0.0000,0.0000,0.0000,0.0000,0.0000,0.0000,-0.0015,-0.2618,-0.2623,-2.5976,0.0000,0.0000,-2.5976
1791436628.3898,0.0199,0.9655,0.0000,0.0000,0.0000,0.0000,0.0000,0.0000,0.0000,-0.0015,-0.2618,-0.2623,-2.5975,0.0000,0.0000,-2.5975
1791436628.4097,0.0199,0.7461,0.0000,0.0000,0.0000,0.0000,0.0000,0.0000,0.0000,-0.0015,-0.2618,-0.2623,-2.5975,0.0000,0.0000,-2.5975
1791436628.4305,0.0208,1.2348,0.0000,0.0000,0.0000,0.0000,0.0000,0.0000,0.0000,-0.0015,-0.2618,-0.2623,-2.5975,0.0000,0.0000,-2.5975
1791436628.4502,0.0197,0.5359,0.0000,0.0000,0.0000,0.0000,0.0000,0.0000,0.0000,-0.0015,-0.2618,-0.2623,-2.5975,0.0000,0.0000,-2.5975
1791436628.4715,0.0213,1.3890,0.0000,0.0000,0.0000,0.0000,0.0000,0.0000,0.0000,-0.0015,-0.2618,-0.2623,-2.5975,0.0000,0.0000,-2.5975
1791436628.4955,0.0241,4.0775,0.0000,0.0000,0.0000,0.0000,0.0000,0.0000,0.0000,-0.0015,-0.2618,-0.2623,-2.5975,0.0000,0.0000,-2.5975
1791436628.5101,0.0146,0.9704,0.0000,0.0000,0.0000,0.0000,0.0000,0.0000,0.0000,-0.0015,-0.2618,-0.2623,-2.5974,0.0000,0.0000,-2.5974
1791436628.5298,0.0197,1.0675,0.0000,0.0000,0.0000,0.0000,0.0000,0.0000,0.0000,-0.0015,-0.2618,-0.2623,-2.5975,0.0000,0.0000,-2.5975
1791436628.5536,0.0238,1.3322,0.0000,0.0000,0.0000,0.0000,0.0000,0.0000,0.0000,-0.0015,-0.2618,-0.2623,-2.5975,0.0000,0.0000,-2.5975
1791436628.5697,0.0161,0.6198,0.0000,0.0000,0.0000,0.0000,0.0000,0.0000,0.0000,-0.0015,-0.2618,-0.2623,-2.5976,0.0000,0.0000,-2.5976
1791436628.5905,0.0208,6.5477,0.0000,0.0000,0.0000,0.0000,0.0000,0.0000,0.0000,-0.0015,-0.2618,-0.2623,-2.5976,0.0000,0.0000,-2.5976
1791436628.6102,0.0197,0.7490,0.0000,0.0000,0.0000,0.0000,0.0000,0.0000,0.0000,-0.0015,-0.2618,-0.2623,-2.5975,0.0000,0.0000,-2.5975
1791436628.6298,0.0196,3.6884,0.0000,0.0000,0.0000,0.0000,0.0000,0.0000,0.0000,-0.0015,-0.2618,-0.2623,-2.5975,0.0000,0.0000,-2.5975
1791436628.6501,0.0203,0.4244,0.0000,0.0000,0.0000,0.0000,0.0000,0.0000,0.0000,-0.0015,-0.2618,-0.2623,-2.5976,0.0000,0.0000,-2.5976
1791436628.6698,0.0198,0.6706,0.0000,0.0000,0.0000,0.0000,0.0000,0.0000,0.0000,-0.0015,-0.2618,-0.2623,-2.5975,0.0000,0.0000,-2.5975
1791436628.6899,0.0200,1.0217,0.0000,0.0000,0.0000,0.0000,0.0000,0.0000,0.0000,-0.0015,-0.2618,-0.2623,-2.5976,0.0000,0.0000,-2.5976
1791436628.7099,0.0201,1.8462,0.0000,0.0000,0.0000,0.0000,0.0000,0.0000,0.0000,-0.0015,-0.2618,-0.2623,-2.5976,0.0000,0.0000,-2.5976
1791436628.7315,0.0216,1.1999,0.0000,0.0000,0.0000,0.0000,0.0000,0.0000,0.0000,-0.0015,-0.2618,-0.2623,-2.5975,0.0000,0.0000,-2.5975
1791436628.7544,0.0229,1.6821,0.0000,0.0000,0.0000,0.0000,0.0000,0.0000,0.0000,-0.0015,-0.2618,-0.2623,-2.5976,0.0000,0.0000,-2.5976
1791436628.7699,0.0155,0.8662,0.0000,0.0000,0.0000,0.0000,0.0000,0.0000,0.0000,-0.0015,-0.2618,-0.2623,-2.5975,0.0000,0.0000,-2.5975
1791436628.7903,0.0204,4.6541,0.0000,0.0000,0.0000,0.0000,0.0000,0.0000,0.0000,-0.0015,-0.2618,-0.2623,-2.5976,0.0000,0.0000,-2.5976
1791436628.8096,0.0193,0.4101,0.0000,0.0000,0.0000,0.0000,0.0000,0.0000,0.0000,-0.0015,-0.2618,-0.2623,-2.5976,0.0000,0.0000,-2.5976
1791436628.8298,0.0202,2.6329,0.0000,0.0000,0.0000,0.0000,0.0000,0.0000,0.0000,-0.0015,-0.2618,-0.2623,-2.5975,0.0000,0.0000,-2.5975
1791436628.8595,0.0297,4.1487,0.0000,0.0000,0.0000,0.0000,0.0000,0.0000,0.0000,-0.0015,-0.2618,-0.2623,-2.5974,0.0000,0.0000,-2.5974
1791436628.8697,0.0102,7.2268,0.0000,0.0000,0.0000,0.0000,0.0000,0.0000,0.0000,-0.0015,-0.2618,-0.2623,-2.5975,0.0000,0.0000,-2.5975
1791436628.8899,0.0202,1.2186,0.0000,0.0000,0.0000,0.0000,0.0000,0.0000,0.0000,-0.0015,-0.2618,-0.2623,-2.5976,0.0000,0.0000,-2.5976
1791436628.9098,0.0199,0.8723,0.0000,0.0000,0.0000,0.0000,0.0000,0.0000,0.0000,-0.0015,-0.2618,-0.2623,-2.5975,0.0000,0.0000,-2.5975
1791436628.9299,0.0201,0.6226,0.0000,0.0000,0.0000,0.0000,0.0000,0.0000,0.0000,-0.0015,-0.2618,-0.2623,-2.5975,0.0000,0.0000,-2.5975
1791436628.9508,0.0209,0.8928,0.0000,0.0000,0.0000,0.0000,0.0000,0.0000,0.0000,-0.0015,-0.2618,-0.2623,-2.5976,0.0000,0.0000,-2.5976
1791436628.9733,0.0225,0.8289,0.0000,0.0000,0.0000,0.0000,0.0000,0.0000,0.0000,-0.0015,-0.2618,-0.2623,-2.5976,0.0000,0.0000,-2.5976
1791436628.9897,0.0165,2.8842,0.0000,0.0000,0.0000,0.0000,0.0000,0.0000,0.0000,-0.0015,-0.2618,-0.2623,-2.5976,0.0000,0.0000,-2.5976
1791436629.0097,0.0200,3.1444,0.0000,0.0000,0.0000,0.0000,0.0000,0.0000,0.0000,-0.0015,-0.2618,-0.2623,-2.5976,0.0000,0.0000,-2.5976
1791436629.0299,0.0202,0.8852,0.0000,0.0000,0.0000,0.0000,0.0000,0.0000,0.0000,-0.0015,-0.2618,-0.2623,-2.5975,0.0000,0.0000,-2.5975
1791436629.0510,0.0212,3.2032,0.0000,0.0000,0.0000,0.0000,0.0000,0.0000,0.0000,-0.0015,-0.2618,-0.2623,-2.5976,0.0000,0.0000,-2.5976
1791436629.0699,0.0188,3.8070,0.0000,0.0000,0.0000,0.0000,0.0000,0.0000,0.0000,-0.0015,-0.2618,-0.2623,-2.5975,0.0000,0.0000,-2.5975
1791436629.0899,0.0200,1.6483,0.0000,0.0000,0.0000,0.0000,0.0000,0.0000,0.0000,-0.0015,-0.2618,-0.2623,-2.5976,0.0000,0.0000,-2.5976
1791436629.1099,0.0199,0.9513,0.0000,0.0000,0.0000,0.0000,0.0000,0.0000,0.0000,-0.0015,-0.2618,-0.2623,-2.5976,0.0000,0.0000,-2.5976
1791436629.1302,0.0203,1.9583,0.0000,0.0000,0.0000,0.0000,0.0000,0.0000,0.0000,-0.0015,-0.2618,-0.2623,-2.5975,0.0000,0.0000,-2.5975
1791436629.1495,0.0194,0.7700,0.0000,0.0000,0.0000,0.0000,0.0000,0.0000,0.0000,-0.0015,-0.2618,-0.2623,-2.5975,0.0000,0.0000,-2.5975
1791436629.1701,0.0206,1.0802,0.0000,0.0000,0.0000,0.0000,0.0000,0.0000,0.0000,-0.0015,-0.2618,-0.2623,-2.5975,0.0000,0.0000,-2.5975
1791436629.1899,0.0198,6.6095,0.0000,0.0000,0.0000,0.0000,0.0000,0.0000,0.0000,-0.0015,-0.2618,-0.2623,-2.5975,0.0000,0.0000,-2.5975
1791436629.2097,0.0197,3.6545,0.0000,0.0000,0.0000,0.0000,0.0000,0.0000,0.0000,-0.0015,-0.2618,-0.2623,-2.5975,0.0000,0.0000,-2.5975
1791436629.2304,0.0207,1.4711,0.0000,0.0000,0.0000,0.0000,0.0000,0.0000,0.0000,-0.0015,-0.2618,-0.2623,-2.5975,0.0000,0.0000,-2.5975
1791436629.2517,0.0213,1.6143,0.0000,0.0000,0.0000,0.0000,0.0000,0.0000,0.0000,-0.0015,-0.2618,-0.2623,-2.5976,0.0000,0.0000,-2.5976
1791436629.2715,0.0197,0.5761,0.0000,0.0000,0.0000,0.0000,0.0000,0.0000,0.0000,-0.0015,-0.2618,-0.2623,-2.5976,0.0000,0.0000,-2.5976
1791436629.2898,0.0184,1.0653,0.0000,0.0000,0.0000,0.0000,0.0000,0.0000,0.0000,-0.0015,-0.2618,-0.2623,-2.5975,0.0000,0.0000,-2.5975
1791436629.3104,0.0205,0.9887,0.0000,0.0000,0.0000,0.0000,0.0000,0.0000,0.0000,-0.0015,-0.2618,-0.2623,-2.5976,0.0000,0.0000,-2.5976
1791436629.3297,0.0194,0.7423,0.0000,0.0000,0.0000,0.0000,0.0000,0.0000,0.0000,-0.0015,-0.2618,-0.2623,-2.5975,0.0000,0.0000,-2.5975
1791436629.3528,0.0231,0.3387,0.0000,0.0000,0.0000,0.0000,0.0000,0.0000,0.0000,-0.0015,-0.2618,-0.2623,-2.5976,0.0000,0.0000,-2.5976
1791436629.3697,0.0169,0.8833,0.0000,0.0000,0.0000,0.0000,0.0000,0.0000,0.0000,-0.0015,-0.2618,-0.2623,-2.5975,0.0000,0.0000,-2.5975
1791436629.3897,0.0200,1.0615,0.0000,0.0000,0.0000,0.0000,0.0000,0.0000,0.0000,-0.0015,-0.2618,-0.2623,-2.5975,0.0000,0.0000,-2.5975
1791436629.4097,0.0200,1.0356,0.0000,0.0000,0.0000,0.0000,0.0000,0.0000,0.0000,-0.0015,-0.2618,-0.2623,-2.5976,0.0000,0.0000,-2.5976
1791436629.4305,0.0208,0.8534,0.0000,0.0000,0.0000,0.0000,0.0000,0.0000,0.0000,-0.0015,-0.2618,-0.2623,-2.5975,0.0000,0.0000,-2.5975
1791436629.4504,0.0199,0.3274,0.0000,0.0000,0.0000,0.0000,0.0000,0.0000,0.0000,-0.0015,-0.2618,-0.2623,-2.5976,0.0000,0.0000,-2.5976
1791436629.4697,0.0193,0.4845,0.0000,0.0000,0.0000,0.0000,0.0000,0.0000,0.0000,-0.0015,-0.2618,-0.2623,-2.5976,0.0000,0.0000,-2.5976
1791436629.4924,0.0227,1.3661,0.0000,0.0000,0.0000,0.0000,0.0000,0.0000,0.0000,-0.0015,-0.2618,-0.2623,-2.5976,0.0000,0.0000,-2.5976
1791436629.5097,0.0173,1.2919,0.0000,0.0000,0.0000,0.0000,0.0000,0.0000,0.0000,-0.0015,-0.2618,-0.2623,-2.5976,0.0000,0.0000,-2.5976
1791436629.5298,0.0202,2.6719,0.0000,0.0000,0.0000,0.0000,0.0000,0.0000,0.0000,-0.0015,-0.2618,-0.2623,-2.5975,0.0000,0.0000,-2.5975
1791436629.5516,0.0218,3.7743,0.0000,0.0000,0.0000,0.0000,0.0000,0.0000,0.0000,-0.0015,-0.2618,-0.2623,-2.5975,0.0000,0.0000,-2.5975
1791436629.5703,0.0187,0.8014,0.0000,0.0000,0.0000,0.0000,0.0000,0.0000,0.0000,-0.0015,-0.2618,-0.2623,-2.5975,0.0000,0.0000,-2.5975
1791436629.5897,0.0194,3.6616,0.0000,0.0000,0.0000,0.0000,0.0000,0.0000,0.0000,-0.0015,-0.2618,-0.2623,-2.5976,0.0000,0.0000,-2.5976
1791436629.6103,0.0206,0.8822,0.0000,0.0000,0.0000,0.0000,0.0000,0.0000,0.0000,-0.0015,-0.2618,-0.2623,-2.5975,0.0000,0.0000,-2.5975
1791436629.6297,0.0194,0.6933,0.0000,0.0000,0.0000,0.0000,0.0000,0.0000,0.0000,-0.0015,-0.2618,-0.2623,-2.5976,0.0000,0.0000,-2.5976
1791436629.6541,0.0244,0.4632,0.0000,0.0000,0.0000,0.0000,0.0000,0.0000,0.0000,-0.0015,-0.2618,-0.2623,-2.5975,0.0000,0.0000,-2.5975
1791436629.6697,0.0156,2.1296,0.0000,0.0000,0.0000,0.0000,0.0000,0.0000,0.0000,-0.0015,-0.2618,-0.2623,-2.5975,0.0000,0.0000,-2.5975
1791436629.6898,0.0201,3.8255,0.0000,0.0000,0.0000,0.0000,0.0000,0.0000,0.0000,-0.0015,-0.2618,-0.2623,-2.5976,0.0000,0.0000,-2.5976
1791436629.7107,0.0208,0.6721,0.0000,0.0000,0.0000,0.0000,0.0000,0.0000,0.0000,-0.0015,-0.2618,-0.2623,-2.5976,0.0000,0.0000,-2.5976
1791436629.7300,0.0193,3.7806,0.0000,0.0000,0.0000,0.0000,0.0000,0.0000,0.0000,-0.0015,-0.2618,-0.2623,-2.5976,0.0000,0.0000,-2.5976
1791436629.7505,0.0205,0.5673,0.0000,0.0000,0.0000,0.0000,0.0000,0.0000,0.0000,-0.0015,-0.2618,-0.2623,-2.5975,0.0000,0.0000,-2.5975
1791436629.7704,0.0200,0.5726,0.0000,0.0000,0.0000,0.0000,0.0000,0.0000,0.0000,-0.0015,-0.2618,-0.2623,-2.5975,0.0000,0.0000,-2.5975
1791436629.7897,0.0193,0.5988,0.0000,0.0000,0.0000,0.0000,0.0000,0.0000,0.0000,-0.0015,-0.2618,-0.2623,-2.5976,0.0000,0.0000,-2.5976
1791436629.8104,0.0207,0.5922,0.0000,0.0000,0.0000,0.0000,0.0000,0.0000,0.0000,-0.0015,-0.2618,-0.2623,-2.5976,0.0000,0.0000,-2.5976
1791436629.8300,0.0196,1.2970,0.0000,0.0000,0.0000,0.0000,0.0000,0.0000,0.0000,-0.0015,-0.2618,-0.2623,-2.5976,0.0000,0.0000,-2.5976
1791436629.8511,0.0211,4.1942,0.0000,0.0000,0.0000,0.0000,0.0000,0.0000,0.0000,-0.0015,-0.2618,-0.2623,-2.5976,0.0000,0.0000,-2.5976
1791436629.8725,0.0214,0.4461,0.0000,0.0000,0.0000,0.0000,0.0000,0.0000,0.0000,-0.0015,-0.2618,-0.2623,-2.5976,0.0000,0.0000,-2.5976
1791436629.8898,0.0173,0.8565,0.0000,0.0000,0.0000,0.0000,0.0000,0.0000,0.0000,-0.0015,-0.2618,-0.2623,-2.5975,0.0000,0.0000,-2.5975
1791436629.9098,0.0200,0.8503,0.0000,0.0000,0.0000,0.0000,0.0000,0.0000,0.0000,-0.0015,-0.2618,-0.2623,-2.5976,0.0000,0.0000,-2.5976
1791436629.9299,0.0201,1.1079,0.0000,0.0000,0.0000,0.0000,0.0000,0.0000,0.0000,-0.0015,-0.2618,-0.2623,-2.5975,0.0000,0.0000,-2.5975
1791436629.9528,0.0229,3.2315,0.0000,0.0000,0.0000,0.0000,0.0000,0.0000,0.0000,-0.0015,-0.2618,-0.2623,-2.5975,0.0000,0.0000,-2.5975
1791436629.9724,0.0196,0.5324,0.0000,0.0000,0.0000,0.0000,0.0000,0.0000,0.0000,-0.0015,-0.2618,-0.2623,-2.5976,0.0000,0.0000,-2.5976
1791436629.9906,0.0182,2.3216,0.0000,0.0000,0.0000,0.0000,0.0000,0.0000,0.0000,-0.0015,-0.2618,-0.2623,-2.5976,0.0000,0.0000,-2.5976
1791436630.0109,0.0203,0.6996,0.0000,0.0000,0.0000,0.0000,0.0000,0.0000,0.0000,-0.0015,-0.2618,-0.2623,-2.5976,0.0000,0.0000,-2.5976
1791436630.0299,0.0190,2.0942,0.0000,0.0000,0.0000,0.0000,0.0000,0.0000,0.0000,-0.0015,-0.2618,-0.2623,-2.5976,0.0000,0.0000,-2.5976
1791436630.0519,0.0220,1.0102,0.0000,0.0000,0.0000,0.0000,0.0000,0.0000,0.0000,-0.0015,-0.2618,-0.2623,-2.5975,0.0000,0.0000,-2.5975
1791436630.0697,0.0178,2.2407,0.0000,0.0000,0.0000,0.0000,0.0000,0.0000,0.0000,-0.0015,-0.2618,-0.2623,-2.5976,0.0000,0.0000,-2.5976
1791436630.0899,0.0202,3.7502,0.0000,0.0000,0.0000,0.0000,0.0000,0.0000,0.0000,-0.0015,-0.2618,-0.2623,-2.5976,0.0000,0.0000,-2.5976
1791436630.1116,0.0217,1.6717,0.0000,0.0000,0.0000,0.0000,0.0000,0.0000,0.0000,-0.0015,-0.2618,-0.2623,-2.5975,0.0000,0.0000,-2.5975
1791436630.1333,0.0217,3.0325,0.0000,0.0000,0.0000,0.0000,0.0000,0.0000,0.0000,-0.0015,-0.2618,-0.2623,-2.5976,0.0000,0.0000,-2.5976
1791436630.1503,0.0170,0.5100,0.0000,0.0000,0.0000,0.0000,0.0000,0.0000,0.0000,-0.0015,-0.2618,-0.2623,-2.5976,0.0000,0.0000,-2.5976
1791436630.1704,0.0201,0.4785,0.0000,0.0000,0.0000,0.0000,0.0000,0.0000,0.0000,-0.0015,-0.2618,-0.2623,-2.5976,0.0000,0.0000,-2.5976
1791436630.1925,0.0221,0.7514,0.0000,0.0000,0.0000,0.0000,0.0000,0.0000,0.0000,-0.0015,-0.2618,-0.2623,-2.5976,0.0000,0.0000,-2.5976
1791436630.2097,0.0172,0.4284,0.0000,0.0000,0.0000,0.0000,0.0000,0.0000,0.0000,-0.0015,-0.2618,-0.2623,-2.5976,0.0000,0.0000,-2.5976
1791436630.2298,0.0201,0.6423,0.0000,0.0000,0.0000,0.0000,0.0000,0.0000,0.0000,-0.0015,-0.2618,-0.2623,-2.5976,0.0000,0.0000,-2.5976
1791436630.2506,0.0208,0.4527,0.0000,0.0000,0.0000,0.0000,0.0000,0.0000,0.0000,-0.0015,-0.2618,-0.2623,-2.5975,0.0000,0.0000,-2.5975
1791436630.2729,0.0223,0.5636,0.0000,0.0000,0.0000,0.0000,0.0000,0.0000,0.0000,-0.0015,-0.2618,-0.2623,-2.5976,0.0000,0.0000,-2.5976
1791436630.2897,0.0168,0.5567,0.0000,0.0000,0.0000,0.0000,0.0000,0.0000,0.0000,-0.0015,-0.2618,-0.2623,-2.5975,0.0000,0.0000,-2.5975
1791436630.3097,0.0200,0.9408,0.0000,0.0000,0.0000,0.0000,0.0000,0.0000,0.0000,-0.0015,-0.2618,-0.2623,-2.5976,0.0000,0.0000,-2.5976
1791436630.3314,0.0217,0.5364,0.0000,0.0000,0.0000,0.0000,0.0000,0.0000,0.0000,-0.0015,-0.2618,-0.2623,-2.5975,0.0000,0.0000,-2.5975
1791436630.3527,0.0213,0.9130,0.0000,0.0000,0.0000,0.0000,0.0000,0.0000,0.0000,-0.0015,-0.2618,-0.2623,-2.5976,0.0000,0.0000,-2.5976
1791436630.3704,0.0178,0.5838,0.0000,0.0000,0.0000,0.0000,0.0000,0.0000,0.0000,-0.0015,-0.2618,-0.2623,-2.5976,0.0000,0.0000,-2.5976
1791436630.3908,0.0204,1.0797,0.0000,0.0000,0.0000,0.0000,0.0000,0.0000,0.0000,-0.0015,-0.2618,-0.2623,-2.5976,0.0000,0.0000,-2.5976
1791436630.4098,0.0190,1.4403,0.0000,0.0000,0.0000,0.0000,0.0000,0.0000,0.0000,-0.0015,-0.2618,-0.2623,-2.5976,0.0000,0.0000,-2.5976
1791436630.4298,0.0200,1.7474,0.0000,0.0000,0.0000,0.0000,0.0000,0.0000,0.0000,-0.0015,-0.2618,-0.2623,-2.5976,0.0000,0.0000,-2.5976
1791436630.4525,0.0227,3.8889,0.0000,0.0000,0.0000,0.0000,0.0000,0.0000,0.0000,-0.0015,-0.2618,-0.2623,-2.5976,0.0000,0.0000,-2.5976
1791436630.4706,0.0181,0.6119,0.0000,0.0000,0.0000,0.0000,0.0000,0.0000,0.0000,-0.0015,-0.2618,-0.2623,-2.5977,0.0000,0.0000,-2.5977
1791436630.4902,0.0197,2.6282,0.0000,0.0000,0.0000,0.0000,0.0000,0.0000,0.0000,-0.0015,-0.2618,-0.2623,-2.5976,0.0000,0.0000,-2.5976
1791436630.5099,0.0197,2.6805,0.0000,0.0000,0.0000,0.0000,0.0000,0.0000,0.0000,-0.0015,-0.2618,-0.2623,-2.5976,0.0000,0.0000,-2.5976
1791436630.5298,0.0198,4.3129,0.0000,0.0000,0.0000,0.0000,0.0000,0.0000,0.0000,-0.0015,-0.2618,-0.2623,-2.5975,0.0000,0.0000,-2.5975
1791436630.5528,0.0230,2.5234,0.0000,0.0000,0.0000,0.0000,0.0000,0.0000,0.0000,-0.0015,-0.2618,-0.2623,-2.5976,0.0000,0.0000,-2.5976
1791436630.5722,0.0193,6.2857,0.0000,0.0000,0.0000,0.0000,0.0000,0.0000,0.0000,-0.0015,-0.2618,-0.2623,-2.5976,0.0000,0.0000,-2.5976
1791436630.5898,0.0176,1.3599,0.0000,0.0000,0.0000,0.0000,0.0000,0.0000,0.0000,-0.0015,-0.2618,-0.2623,-2.5976,0.0000,0.0000,-2.5976
1791436630.6097,0.0200,1.1078,0.0000,0.0000,0.0000,0.0000,0.0000,0.0000,0.0000,-0.0015,-0.2618,-0.2623,-2.5975,0.0000,0.0000,-2.5975
1791436630.6297,0.0200,3.2610,0.0000,0.0000,0.0000,0.0000,0.0000,0.0000,0.0000,-0.0015,-0.2618,-0.2623,-2.5976,0.0000,0.0000,-2.5976
1791436630.6513,0.0216,1.6480,0.0000,0.0000,0.0000,0.0000,0.0000,0.0000,0.0000,-0.0015,-0.2618,-0.2623,-2.5976,0.0000,0.0000,-2.5976
1791436630.6698,0.0185,2.0306,0.0000,0.0000,0.0000,0.0000,0.0000,0.0000,0.0000,-0.0015,-0.2618,-0.2623,-2.5976,0.0000,0.0000,-2.5976
1791436630.6896,0.0198,0.4715,0.0000,0.0000,0.0000,0.0000,0.0000,0.0000,0.0000,-0.0015,-0.2618,-0.2623,-2.5976,0.0000,0.0000,-2.5976
1791436630.7097,0.0201,1.3193,0.0000,0.0000,0.0000,0.0000,0.0000,0.0000,0.0000,-0.0015,-0.2618,-0.2623,-2.5976,0.0000,0.0000,-2.5976
1791436630.7306,0.0209,1.3157,0.0000,0.0000,0.0000,0.0000,0.0000,0.0000,0.0000,-0.0015,-0.2618,-0.2623,-2.5976,0.0000,0.0000,-2.5976
1791436630.7540,0.0234,0.7749,0.0000,0.0000,0.0000,0.0000,0.0000,0.0000,0.0000,-0.0015,-0.2618,-0.2623,-2.5976,0.0000,0.0000,-2.5976
1791436630.7708,0.0168,1.9198,0.0000,0.0000,0.0000,0.0000,0.0000,0.0000,0.0000,-0.0015,-0.2618,-0.2623,-2.5975,0.0000,0.0000,-2.5975
1791436630.7926,0.0218,3.3710,0.0000,0.0000,0.0000,0.0000,0.0000,0.0000,0.0000,-0.0015,-0.2618,-0.2623,-2.5976,0.0000,0.0000,-2.5976
1791436630.8114,0.0188,0.5968,0.0000,0.0000,0.0000,0.0000,0.0000,0.0000,0.0000,-0.0015,-0.2618,-0.2623,-2.5976,0.0000,0.0000,-2.5976
1791436630.8300,0.0186,1.2909,0.0000,0.0000,0.0000,0.0000,0.0000,0.0000,0.0000,-0.0015,-0.2618,-0.2623,-2.5976,0.0000,0.0000,-2.5976
1791436630.8506,0.0206,3.3862,0.0000,0.0000,0.0000,0.0000,0.0000,0.0000,0.0000,-0.0015,-0.2618,-0.2623,-2.5976,0.0000,0.0000,-2.5976
1791436630.8697,0.0191,0.4845,0.0000,0.0000,0.0000,0.0000,0.0000,0.0000,0.0000,-0.0015,-0.2618,-0.2623,-2.5976,0.0000,0.0000,-2.5976
1791436630.8900,0.0204,0.6800,0.0000,0.0000,0.0000,0.0000,0.0000,0.0000,0.0000,-0.0015,-0.2618,-0.2623,-2.5976,0.0000,0.0000,-2.5976
1791436630.9096,0.0196,0.4947,0.0000,0.0000,0.0000,0.0000,0.0000,0.0000,0.0000,-0.0015,-0.2618,-0.2623,-2.5975,0.0000,0.0000,-2.5975
1791436630.9297,0.0201,0.4032,0.0000,0.0000,0.0000,0.0000,0.0000,0.0000,0.0000,-0.0015,-0.2618,-0.2623,-2.5976,0.0000,0.0000,-2.5976
1791436630.9546,0.0249,0.5164,0.0000,0.0000,0.0000,0.0000,0.0000,0.0000,0.0000,-0.0015,-0.2618,-0.2623,-2.5975,0.0000,0.0000,-2.5975
1791436630.9697,0.0151,2.4063,0.0000,0.0000,0.0000,0.0000,0.0000,0.0000,0.0000,-0.0015,-0.2618,-0.2623,-2.5976,0.0000,0.0000,-2.5976
1791436630.9904,0.0207,1.1297,0.0000,0.0000,0.0000,0.0000,0.0000,0.0000,0.0000,-0.0015,-0.2618,-0.2623,-2.5976,0.0000,0.0000,-2.5976
1791436631.0096,0.0193,2.2248,0.0000,0.0000,0.0000,0.0000,0.0000,0.0000,0.0000,-0.0015,-0.2618,-0.2623,-2.5976,0.0000,0.0000,-2.5976
1791436631.0299,0.0203,1.0642,0.0000,0.0000,0.0000,0.0000,0.0000,0.0000,0.0000,-0.0015,-0.2618,-0.2623,-2.5976,0.0000,0.0000,-2.5976
1791436631.0504,0.0205,5.9336,0.0000,0.0000,0.0000,0.0000,0.0000,0.0000,0.0000,-0.0015,-0.2618,-0.2623,-2.5977,0.0000,0.0000,-2.5977
1791436631.0709,0.0205,6.6251,0.0000,0.0000,0.0000,0.0000,0.0000,0.0000,0.0000,-0.0015,-0.2618,-0.2623,-2.5976,0.0000,0.0000,-2.5976
1791436631.0904,0.0195,1.7563,0.0000,0.0000,0.0000,0.0000,0.0000,0.0000,0.0000,-0.0015,-0.2618,-0.2623,-2.5976,0.0000,0.0000,-2.5976
1791436631.1097,0.0193,0.5847,0.0000,0.0000,0.0000,0.0000,0.0000,0.0000,0.0000,-0.0015,-0.2618,-0.2623,-2.5976,0.0000,0.0000,-2.5976
1791436631.1297,0.0200,0.4823,0.0000,0.0000,0.0000,0.0000,0.0000,0.0000,0.0000,-0.0015,-0.2618,-0.2623,-2.5976,0.0000,0.0000,-2.5976
1791436631.1511,0.0214,3.4841,0.0000,0.0000,0.0000,0.0000,0.0000,0.0000,0.0000,-0.0015,-0.2618,-0.2623,-2.5976,0.0000,0.0000,-2.5976
1791436631.1697,0.0186,0.4235,0.0000,0.0000,0.0000,0.0000,0.0000,0.0000,0.0000,-0.0015,-0.2618,-0.2623,-2.5976,0.0000,0.0000,-2.5976
1791436631.1897,0.0200,0.8496,0.0000,0.0000,0.0000,0.0000,0.0000,0.0000,0.0000,-0.0015,-0.2618,-0.2623,-2.5976,0.0000,0.0000,-2.5976
1791436631.2098,0.0201,0.6891,0.0000,0.0000,0.0000,0.0000,0.0000,0.0000,0.0000,-0.0015,-0.2618,-0.2623,-2.5975,0.0000,0.0000,-2.5975
1791436631.2300,0.0202,3.2380,0.0000,0.0000,0.0000,0.0000,0.0000,0.0000,0.0000,-0.0015,-0.2618,-0.2623,-2.5976,0.0000,0.0000,-2.5976
1791436631.2502,0.0202,2.9366,0.0000,0.0000,0.0000,0.0000,0.0000,0.0000,0.0000,-0.0015,-0.2618,-0.2623,-2.5976,0.0000,0.0000,-2.5976
1791436631.2698,0.0196,3.5844,0.0000,0.0000,0.0000,0.0000,0.0000,0.0000,0.0000,-0.0015,-0.2618,-0.2623,-2.5976,0.0000,0.0000,-2.5976
1791436631.2897,0.0199,0.4321,0.0000,0.0000,0.0000,0.0000,0.0000,0.0000,0.0000,-0.0015,-0.2618,-0.2623,-2.5976,0.0000,0.0000,-2.5976
1791436631.3101,0.0205,0.5128,0.0000,0.0000,0.0000,0.0000,0.0000,0.0000,0.0000,-0.0015,-0.2618,-0.2623,-2.5976,0.0000,0.0000,-2.5976
1791436631.3298,0.0197,3.8298,0.0000,0.0000,0.0000,0.0000,0.0000,0.0000,0.0000,-0.0015,-0.2618,-0.2623,-2.5977,0.0000,0.0000,-2.5977
1791436631.3503,0.0205,3.4541,0.0000,0.0000,0.0000,0.0000,0.0000,0.0000,0.0000,-0.0015,-0.2618,-0.2623,-2.5977,0.0000,0.0000,-2.5977
1791436631.3704,0.0201,1.7632,0.0000,0.0000,0.0000,0.0000,0.0000,0.0000,0.0000,-0.0015,-0.2618,-0.2623,-2.5977,0.0000,0.0000,-2.5977
1791436631.3898,0.0194,3.4499,0.0000,0.0000,0.0000,0.0000,0.0000,0.0000,0.0000,-0.0015,-0.2618,-0.2623,-2.5976,0.0000,0.0000,-2.5976
1791436631.4102,0.0204,1.1853,0.0000,0.0000,0.0000,0.0000,0.0000,0.0000,0.0000,-0.0015,-0.2618,-0.2623,-2.5976,0.0000,0.0000,-2.5976
1791436631.4308,0.0206,1.9132,0.0000,0.0000,0.0000,0.0000,0.0000,0.0000,0.0000,-0.0015,-0.2618,-0.2623,-2.5976,0.0000,0.0000,-2.5976
1791436631.4549,0.0241,0.9200,0.0000,0.0000,0.0000,0.0000,0.0000,0.0000,0.0000,-0.0015,-0.2618,-0.2623,-2.5977,0.0000,0.0000,-2.5977
1791436631.4704,0.0154,2.3875,0.0000,0.0000,0.0000,0.0000,0.0000,0.0000,0.0000,-0.0015,-0.2618,-0.2623,-2.5976,0.0000,0.0000,-2.5976
1791436631.4902,0.0198,5.9851,0.0000,0.0000,0.0000,0.0000,0.0000,0.0000,0.0000,-0.0015,-0.2618,-0.2623,-2.5976,0.0000,0.0000,-2.5976
1791436631.5099,0.0197,4.2900,0.0000,0.0000,0.0000,0.0000,0.0000,0.0000,0.0000,-0.0015,-0.2618,-0.2623,-2.5976,0.0000,0.0000,-2.5976
1791436631.5300,0.0202,0.5371,0.0000,0.0000,0.0000,0.0000,0.0000,0.0000,0.0000,-0.0015,-0.2618,-0.2623,-2.5976,0.0000,0.0000,-2.5976
1791436631.5535,0.0235,0.8659,0.0000,0.0000,0.0000,0.0000,0.0000,0.0000,0.0000,-0.0015,-0.2618,-0.2623,-2.5976,0.0000,0.0000,-2.5976
1791436631.5697,0.0162,0.6773,0.0000,0.0000,0.0000,0.0000,0.0000,0.0000,0.0000,-0.0015,-0.2618,-0.2623,-2.5977,0.0000,0.0000,-2.5977
1791436631.5903,0.0205,3.9448,0.0000,0.0000,0.0000,0.0000,0.0000,0.0000,0.0000,-0.0015,-0.2618,-0.2623,-2.5977,0.0000,0.0000,-2.5977
1791436631.6097,0.0194,1.8055,0.0000,0.0000,0.0000,0.0000,0.0000,0.0000,0.0000,-0.0015,-0.2618,-0.2623,-2.5977,0.0000,0.0000,-2.5977
1791436631.6306,0.0209,2.2001,0.0000,0.0000,0.0000,0.0000,0.0000,0.0000,0.0000,-0.0015,-0.2618,-0.2623,-2.5976,0.0000,0.0000,-2.5976
1791436631.6501,0.0195,0.7339,0.0000,0.0000,0.0000,0.0000,0.0000,0.0000,0.0000,-0.0015,-0.2618,-0.2623,-2.5976,0.0000,0.0000,-2.5976
1791436631.6704,0.0202,0.8961,0.0000,0.0000,0.0000,0.0000,0.0000,0.0000,0.0000,-0.0015,-0.2618,-0.2623,-2.5976,0.0000,0.0000,-2.5976
1791436631.6899,0.0195,3.3898,0.0000,0.0000,0.0000,0.0000,0.0000,0.0000,0.0000,-0.0015,-0.2618,-0.2623,-2.5977,0.0000,0.0000,-2.5977
1791436631.7098,0.0200,1.7130,0.0000,0.0000,0.0000,0.0000,0.0000,0.0000,0.0000,-0.0015,-0.2618,-0.2623,-2.5976,0.0000,0.0000,-2.5976
1791436631.7300,0.0202,3.6950,0.0000,0.0000,0.0000,0.0000,0.0000,0.0000,0.0000,-0.0015,-0.2618,-0.2623,-2.5976,0.0000,0.0000,-2.5976
1791436631.7541,0.0241,0.6426,0.0000,0.0000,0.0000,0.0000,0.0000,0.0000,0.0000,-0.0015,-0.2618,-0.2623,-2.5977,0.0000,0.0000,-2.5977
1791436631.7698,0.0157,1.9989,0.0000,0.0000,0.0000,0.0000,0.0000,0.0000,0.0000,-0.0015,-0.2618,-0.2623,-2.5977,0.0000,0.0000,-2.5977
1791436631.7927,0.0230,0.5028,0.0000,0.0000,0.0000,0.0000,0.0000,0.0000,0.0000,-0.0015,-0.2618,-0.2623,-2.5976,0.0000,0.0000,-2.5976
1791436631.8098,0.0171,3.1868,0.0000,0.0000,0.0000,0.0000,0.0000,0.0000,0.0000,-0.0015,-0.2618,-0.2623,-2.5977,0.0000,0.0000,-2.5977
1791436631.8307,0.0209,4.1510,0.0000,0.0000,0.0000,0.0000,0.0000,0.0000,0.0000,-0.0015,-0.2618,-0.2623,-2.5976,0.0000,0.0000,-2.5976
1791436631.8537,0.0230,0.3343,0.0000,0.0000,0.0000,0.0000,0.0000,0.0000,0.0000,-0.0015,-0.2618,-0.2623,-2.5976,0.0000,0.0000,-2.5976
1791436631.8697,0.0160,1.4151,0.0000,0.0000,0.0000,0.0000,0.0000,0.0000,0.0000,-0.0015,-0.2618,-0.2623,-2.5976,0.0000,0.0000,-2.5976
1791436631.8903,0.0206,0.5508,0.0000,0.0000,0.0000,0.0000,0.0000,0.0000,0.0000,-0.0015,-0.2618,-0.2623,-2.5977,0.0000,0.0000,-2.5977
1791436631.9124,0.0221,0.9958,0.0000,0.0000,0.0000,0.0000,0.0000,0.0000,0.0000,-0.0015,-0.2618,-0.2623,-2.5977,0.0000,0.0000,-2.5977
1791436631.9308,0.0184,3.8423,0.0000,0.0000,0.0000,0.0000,0.0000,0.0000,0.0000,-0.0015,-0.2618,-0.2623,-2.5977,0.0000,0.0000,-2.5977
1791436631.9532,0.0224,5.2854,0.0000,0.0000,0.0000,0.0000,0.0000,0.0000,0.0000,-0.0015,-0.2618,-0.2608,-2.5977,0.0000,0.0000,-2.5977
1791436631.9698,0.0166,2.0247,0.0000,0.0000,0.0000,0.0000,0.0000,0.0000,0.0000,-0.0015,-0.2618,-0.2623,-2.5976,0.0000,0.0000,-2.5976
1791436631.9904,0.0206,1.8918,0.0000,0.0000,0.0000,0.0000,0.0000,0.0000,0.0000,-0.0015,-0.2618,-0.2623,-2.5977,0.0000,0.0000,-2.5977
1791436632.0097,0.0194,1.6542,0.0000,0.0000,0.0000,0.0000,0.0000,0.0000,0.0000,-0.0015,-0.2618,-0.2623,-2.5977,0.0000,0.0000,-2.5977
1791436632.0297,0.0200,3.6234,0.0000,0.0000,0.0000,0.0000,0.0000,0.0000,0.0000,-0.0015,-0.2618,-0.2623,-2.5977,0.0000,0.0000,-2.5977
1791436632.0500,0.0203,6.7232,0.0000,0.0000,0.0000,0.0000,0.0000,0.0000,0.0000,-0.0015,-0.2618,-0.2623,-2.5977,0.0000,0.0000,-2.5977
1791436632.0707,0.0206,1.1492,0.0000,0.0000,0.0000,0.0000,0.0000,0.0000,0.0000,-0.0015,-0.2618,-0.2623,-2.5976,0.0000,0.0000,-2.5976
1791436632.0897,0.0190,2.7199,0.0000,0.0000,0.0000,0.0000,0.0000,0.0000,0.0000,-0.0015,-0.2618,-0.2623,-2.5977,0.0000,0.0000,-2.5977
1791436632.1096,0.0200,3.3864,0.0000,0.0000,0.0000,0.0000,0.0000,0.0000,0.0000,-0.0015,-0.2618,-0.2623,-2.5976,0.0000,0.0000,-2.5976
1791436632.1298,0.0202,4.0786,0.0000,0.0000,0.0000,0.0000,0.0000,0.0000,0.0000,-0.0015,-0.2618,-0.2623,-2.5976,0.0000,0.0000,-2.5976
1791436632.1537,0.0239,1.0859,0.0000,0.0000,0.0000,0.0000,0.0000,0.0000,0.0000,-0.0015,-0.2618,-0.2623,-2.5977,0.0000,0.0000,-2.5977
1791436632.1732,0.0195,0.4902,0.0000,0.0000,0.0000,0.0000,0.0000,0.0000,0.0000,-0.0015,-0.2618,-0.2623,-2.5977,0.0000,0.0000,-2.5977
1791436632.1899,0.0168,5.1286,0.0000,0.0000,0.0000,0.0000,0.0000,0.0000,0.0000,-0.0015,-0.2618,-0.2623,-2.5977,0.0000,0.0000,-2.5977
1791436632.2098,0.0199,0.6337,0.0000,0.0000,0.0000,0.0000,0.0000,0.0000,0.0000,-0.0015,-0.2618,-0.2623,-2.5976,0.0000,0.0000,-2.5976
1791436632.2298,0.0200,2.6751,0.0000,0.0000,0.0000,0.0000,0.0000,0.0000,0.0000,-0.0015,-0.2618,-0.2623,-2.5977,0.0000,0.0000,-2.5977
1791436632.2516,0.0218,0.4163,0.0000,0.0000,0.0000,0.0000,0.0000,0.0000,0.0000,-0.0015,-0.2618,-0.2623,-2.5977,0.0000,0.0000,-2.5977
1791436632.2697,0.0181,3.2248,0.0000,0.0000,0.0000,0.0000,0.0000,0.0000,0.0000,-0.0015,-0.2618,-0.2623,-2.5977,0.0000,0.0000,-2.5977
1791436632.2899,0.0202,4.1254,0.0000,0.0000,0.0000,0.0000,0.0000,0.0000,0.0000,-0.0015,-0.2618,-0.2623,-2.5976,0.0000,0.0000,-2.5976
1791436632.3097,0.0198,6.1475,0.0000,0.0000,0.0000,0.0000,0.0000,0.0000,0.0000,-0.0015,-0.2618,-0.2623,-2.5976,0.0000,0.0000,-2.5976
1791436632.3314,0.0217,0.6886,0.0000,0.0000,0.0000,0.0000,0.0000,0.0000,0.0000,-0.0015,-0.2618,-0.2623,-2.5977,0.0000,0.0000,-2.5977
1791436632.3504,0.0190,0.5022,0.0000,0.0000,0.0000,0.0000,0.0000,0.0000,0.0000,-0.0015,-0.2618,-0.2623,-2.5977,0.0000,0.0000,-2.5977
1791436632.3697,0.0193,0.7918,0.0000,0.0000,0.0000,0.0000,0.0000,0.0000,0.0000,-0.0015,-0.2618,-0.2623,-2.5977,0.0000,0.0000,-2.5977
1791436632.3903,0.0206,1.3313,0.0000,0.0000,0.0000,0.0000,0.0000,0.0000,0.0000,-0.0015,-0.2618,-0.2623,-2.5976,0.0000,0.0000,-2.5976
1791436632.4098,0.0195,3.5758,0.0000,0.0000,0.0000,0.0000,0.0000,0.0000,0.0000,-0.0015,-0.2618,-0.2623,-2.5977,0.0000,0.0000,-2.5977
1791436632.4298,0.0199,1.9601,0.0000,0.0000,0.0000,0.0000,0.0000,0.0000,0.0000,-0.0015,-0.2618,-0.2623,-2.5976,0.0000,0.0000,-2.5976
1791436632.4507,0.0209,5.5594,0.0000,0.0000,0.0000,0.0000,0.0000,0.0000,0.0000,-0.0015,-0.2618,-0.2623,-2.5977,0.0000,0.0000,-2.5977
1791436632.4698,0.0191,2.4624,0.0000,0.0000,0.0000,0.0000,0.0000,0.0000,0.0000,-0.0015,-0.2618,-0.2623,-2.5977,0.0000,0.0000,-2.5977
1791436632.4899,0.0201,5.7071,0.0000,0.0000,0.0000,0.0000,0.0000,0.0000,0.0000,-0.0015,-0.2618,-0.2623,-2.5977,0.0000,0.0000,-2.5977
1791436632.5098,0.0199,0.6927,0.0000,0.0000,0.0000,0.0000,0.0000,0.0000,0.0000,-0.0015,-0.2618,-0.2623,-2.5977,0.0000,0.0000,-2.5977
1791436632.5306,0.0208,4.2960,0.0000,0.0000,0.0000,0.0000,0.0000,0.0000,0.0000,-0.0015,-0.2618,-0.2623,-2.5977,0.0000,0.0000,-2.5977
1791436632.5495,0.0189,1.4018,0.0000,0.0000,0.0000,0.0000,0.0000,0.0000,0.0000,-0.0015,-0.2618,-0.2623,-2.5977,0.0000,0.0000,-2.5977
1791436632.5701,0.0206,1.0251,0.0000,0.0000,0.0000,0.0000,0.0000,0.0000,0.0000,-0.0015,-0.2618,-0.2623,-2.5976,0.0000,0.0000,-2.5976
1791436632.5901,0.0200,2.7631,0.0000,0.0000,0.0000,0.0000,0.0000,0.0000,0.0000,-0.0015,-0.2618,-0.2623,-2.5977,0.0000,0.0000,-2.5977
1791436632.6097,0.0196,1.3742,0.0000,0.0000,0.0000,0.0000,0.0000,0.0000,0.0000,-0.0015,-0.2618,-0.2623,-2.5977,0.0000,0.0000,-2.5977
1791436632.6320,0.0223,0.8092,0.0000,0.0000,0.0000,0.0000,0.0000,0.0000,0.0000,-0.0015,-0.2618,-0.2623,-2.5977,0.0000,0.0000,-2.5977
1791436632.6530,0.0210,1.5750,0.0000,0.0000,0.0000,0.0000,0.0000,0.0000,0.0000,-0.0015,-0.2618,-0.2623,-2.5977,0.0000,0.0000,-2.5977
1791436632.6705,0.0175,0.5918,0.0000,0.0000,0.0000,0.0000,0.0000,0.0000,0.0000,-0.0015,-0.2618,-0.2623,-2.5977,0.0000,0.0000,-2.5977
1791436632.6898,0.0194,1.4254,0.0000,0.0000,0.0000,0.0000,0.0000,0.0000,0.0000,-0.0015,-0.2618,-0.2623,-2.5977,0.0000,0.0000,-2.5977
1791436632.7101,0.0202,1.4705,0.0000,0.0000,0.0000,0.0000,0.0000,0.0000,0.0000,-0.0015,-0.2618,-0.2623,-2.5976,0.0000,0.0000,-2.5976
1791436632.7308,0.0207,1.0096,0.0000,0.0000,0.0000,0.0000,0.0000,0.0000,0.0000,-0.0015,-0.2618,-0.2623,-2.5977,0.0000,0.0000,-2.5977
1791436632.7504,0.0197,0.8064,0.0000,0.0000,0.0000,0.0000,0.0000,0.0000,0.0000,-0.0015,-0.2618,-0.2623,-2.5977,0.0000,0.0000,-2.5977
1791436632.7704,0.0199,2.0938,0.0000,0.0000,0.0000,0.0000,0.0000,0.0000,0.0000,-0.0015,-0.2618,-0.2623,-2.5977,0.0000,0.0000,-2.5977
1791436632.7906,0.0202,0.5616,0.0000,0.0000,0.0000,0.0000,0.0000,0.0000,0.0000,-0.0015,-0.2618,-0.2623,-2.5977,0.0000,0.0000,-2.5977
1791436632.8097,0.0192,0.5320,0.0000,0.0000,0.0000,0.0000,0.0000,0.0000,0.0000,-0.0015,-0.2618,-0.2623,-2.5976,0.0000,0.0000,-2.5976
1791436632.8300,0.0202,0.8642,0.0000,0.0000,0.0000,0.0000,0.0000,0.0000,0.0000,-0.0015,-0.2618,-0.2623,-2.5976,0.0000,0.0000,-2.5976
1791436632.8525,0.0225,2.5508,0.0000,0.0000,0.0000,0.0000,0.0000,0.0000,0.0000,-0.0015,-0.2618,-0.2623,-2.5977,0.0000,0.0000,-2.5977
1791436632.8701,0.0176,0.8842,0.0000,0.0000,0.0000,0.0000,0.0000,0.0000,0.0000,-0.0015,-0.2618,-0.2623,-2.5978,0.0000,0.0000,-2.5978
1791436632.8922,0.0221,0.5209,0.0000,0.0000,0.0000,0.0000,0.0000,0.0000,0.0000,-0.0015,-0.2618,-0.2623,-2.5977,0.0000,0.0000,-2.5977
1791436632.9097,0.0175,0.6245,0.0000,0.0000,0.0000,0.0000,0.0000,0.0000,0.0000,-0.0015,-0.2618,-0.2623,-2.5977,0.0000,0.0000,-2.5977
1791436632.9299,0.0201,5.1355,0.0000,0.0000,0.0000,0.0000,0.0000,0.0000,0.0000,-0.0015,-0.2618,-0.2623,-2.5977,0.0000,0.0000,-2.5977
1791436632.9503,0.0204,0.6163,0.0000,0.0000,0.0000,0.0000,0.0000,0.0000,0.0000,-0.0015,-0.2618,-0.2623,-2.5977,0.0000,0.0000,-2.5977
1791436632.9697,0.0194,3.8487,0.0000,0.0000,0.0000,0.0000,0.0000,0.0000,0.0000,-0.0015,-0.2618,-0.2623,-2.5977,0.0000,0.0000,-2.5977
1791436632.9900,0.0203,1.6224,0.0000,0.0000,0.0000,0.0000,0.0000,0.0000,0.0000,-0.0015,-0.2618,-0.2623,-2.5977,0.0000,0.0000,-2.5977
1791436633.0097,0.0197,0.6705,0.0000,0.0000,0.0000,0.0000,0.0000,0.0000,0.0000,-0.0015,-0.2618,-0.2623,-2.5977,0.0000,0.0000,-2.5977
1791436633.0298,0.0201,4.8563,0.0000,0.0000,0.0000,0.0000,0.0000,0.0000,0.0000,-0.0015,-0.2618,-0.2623,-2.5977,0.0000,0.0000,-2.5977
1791436633.0521,0.0223,2.1088,0.0000,0.0000,0.0000,0.0000,0.0000,0.0000,0.0000,-0.0015,-0.2618,-0.2623,-2.5977,0.0000,0.0000,-2.5977
1791436633.0698,0.0177,1.2873,0.0000,0.0000,0.0000,0.0000,0.0000,0.0000,0.0000,-0.0015,-0.2618,-0.2623,-2.5977,0.0000,0.0000,-2.5977
1791436633.0897,0.0199,1.3343,0.0000,0.0000,0.0000,0.0000,0.0000,0.0000,0.0000,-0.0015,-0.2618,-0.2623,-2.5977,0.0000,0.0000,-2.5977
1791436633.1102,0.0204,2.7381,0.0000,0.0000,0.0000,0.0000,0.0000,0.0000,0.0000,-0.0015,-0.2618,-0.2623,-2.5977,0.0000,0.0000,-2.5977
1791436633.1299,0.0198,2.2510,0.0000,0.0000,0.0000,0.0000,0.0000,0.0000,0.0000,-0.0015,-0.2618,-0.2623,-2.5977,0.0000,0.0000,-2.5977
1791436633.1511,0.0212,0.4984,0.0000,0.0000,0.0000,0.0000,0.0000,0.0000,0.0000,-0.0015,-0.2618,-0.2623,-2.5977,0.0000,0.0000,-2.5977
1791436633.1697,0.0186,0.6997,0.0000,0.0000,0.0000,0.0000,0.0000,0.0000,0.0000,-0.0015,-0.2618,-0.2623,-2.5977,0.0000,0.0000,-2.5977
1791436633.1898,0.0201,0.6159,0.0000,0.0000,0.0000,0.0000,0.0000,0.0000,0.0000,-0.0015,-0.2618,-0.2623,-2.5977,0.0000,0.0000,-2.5977
1791436633.2098,0.0200,1.3494,0.0000,0.0000,0.0000,0.0000,0.0000,0.0000,0.0000,-0.0031,-0.2618,-0.2623,-2.5978,0.0000,0.0000,-2.5978
1791436633.2299,0.0201,1.1698,0.0000,0.0000,0.0000,0.0000,0.0000,0.0000,0.0000,-0.0015,-0.2618,-0.2623,-2.5977,0.0000,0.0000,-2.5977
1791436633.2532,0.0233,1.5528,0.0000,0.0000,0.0000,0.0000,0.0000,0.0000,0.0000,-0.0015,-0.2618,-0.2623,-2.5977,0.0000,0.0000,-2.5977
1791436633.2700,0.0169,2.2218,0.0000,0.0000,0.0000,0.0000,0.0000,0.0000,0.0000,-0.0015,-0.2618,-0.2623,-2.5977,0.0000,0.0000,-2.5977
1791436633.2900,0.0199,0.7823,0.0000,0.0000,0.0000,0.0000,0.0000,0.0000,0.0000,-0.0015,-0.2618,-0.2623,-2.5977,0.0000,0.0000,-2.5977
1791436633.3119,0.0219,0.6582,0.0000,0.0000,0.0000,0.0000,0.0000,0.0000,0.0000,-0.0015,-0.2618,-0.2623,-2.5977,0.0000,0.0000,-2.5977
1791436633.3298,0.0180,0.8357,0.0000,0.0000,0.0000,0.0000,0.0000,0.0000,0.0000,-0.0015,-0.2618,-0.2623,-2.5977,0.0000,0.0000,-2.5977
1791436633.3534,0.0236,3.1320,0.0000,0.0000,0.0000,0.0000,0.0000,0.0000,0.0000,-0.0015,-0.2618,-0.2623,-2.5978,0.0000,0.0000,-2.5978
1791436633.3698,0.0164,1.7821,0.0000,0.0000,0.0000,0.0000,0.0000,0.0000,0.0000,-0.0015,-0.2618,-0.2623,-2.5978,0.0000,0.0000,-2.5978
1791436633.3915,0.0217,1.1012,0.0000,0.0000,0.0000,0.0000,0.0000,0.0000,0.0000,-0.0015,-0.2618,-0.2623,-2.5977,0.0000,0.0000,-2.5977
1791436633.4101,0.0186,1.6196,0.0000,0.0000,0.0000,0.0000,0.0000,0.0000,0.0000,-0.0015,-0.2618,-0.2623,-2.5977,0.0000,0.0000,-2.5977
1791436633.4298,0.0197,4.5392,0.0000,0.0000,0.0000,0.0000,0.0000,0.0000,0.0000,-0.0015,-0.2618,-0.2623,-2.5977,0.0000,0.0000,-2.5977
1791436633.4508,0.0210,0.5850,0.0000,0.0000,0.0000,0.0000,0.0000,0.0000,0.0000,-0.0015,-0.2618,-0.2623,-2.5977,0.0000,0.0000,-2.5977
1791436633.4705,0.0197,0.4722,0.0000,0.0000,0.0000,0.0000,0.0000,0.0000,0.0000,-0.0015,-0.2618,-0.2623,-2.5977,0.0000,0.0000,-2.5977
1791436633.4899,0.0194,1.0482,0.0000,0.0000,0.0000,0.0000,0.0000,0.0000,0.0000,-0.0015,-0.2618,-0.2623,-2.5977,0.0000,0.0000,-2.5977
1791436633.5097,0.0198,1.3999,0.0000,0.0000,0.0000,0.0000,0.0000,0.0000,0.0000,-0.0015,-0.2618,-0.2623,-2.5977,0.0000,0.0000,-2.5977
1791436633.5300,0.0203,10.7791,0.0000,0.0000,0.0000,0.0000,0.0000,0.0000,0.0000,-0.0015,-0.2618,-0.2623,-2.5977,0.0000,0.0000,-2.5977
1791436633.5507,0.0207,4.0671,0.0000,0.0000,0.0000,0.0000,0.0000,0.0000,0.0000,-0.0015,-0.2618,-0.2623,-2.5977,0.0000,0.0000,-2.5977
1791436633.5710,0.0203,3.7048,0.0000,0.0000,0.0000,0.0000,0.0000,0.0000,0.0000,-0.0015,-0.2618,-0.2623,-2.5977,0.0000,0.0000,-2.5977
1791436633.5899,0.0189,0.7703,0.0000,0.0000,0.0000,0.0000,0.0000,0.0000,0.0000,-0.0015,-0.2618,-0.2623,-2.5977,0.0000,0.0000,-2.5977
1791436633.6104,0.0205,0.5447,0.0000,0.0000,0.0000,0.0000,0.0000,0.0000,0.0000,-0.0015,-0.2618,-0.2623,-2.5977,0.0000,0.0000,-2.5977
1791436633.6298,0.0194,1.8754,0.0000,0.0000,0.0000,0.0000,0.0000,0.0000,0.0000,-0.0015,-0.2618,-0.2623,-2.5978,0.0000,0.0000,-2.5978
1791436633.6511,0.0213,0.7365,0.0000,0.0000,0.0000,0.0000,0.0000,0.0000,0.0000,-0.0015,-0.2618,-0.2623,-2.5978,0.0000,0.0000,-2.5978
1791436633.6728,0.0216,1.7420,0.0000,0.0000,0.0000,0.0000,0.0000,0.0000,0.0000,-0.0015,-0.2618,-0.2623,-2.5976,0.0000,0.0000,-2.5976
1791436633.6903,0.0176,4.9522,0.0000,0.0000,0.0000,0.0000,0.0000,0.0000,0.0000,-0.0015,-0.2618,-0.2623,-2.5977,0.0000,0.0000,-2.5977
1791436633.7097,0.0194,0.3770,0.0000,0.0000,0.0000,0.0000,0.0000,0.0000,0.0000,-0.0015,-0.2618,-0.2623,-2.5977,0.0000,0.0000,-2.5977
1791436633.7297,0.0200,0.7357,0.0000,0.0000,0.0000,0.0000,0.0000,0.0000,0.0000,-0.0015,-0.2618,-0.2623,-2.5978,0.0000,0.0000,-2.5978
1791436633.7511,0.0214,0.4311,0.0000,0.0000,0.0000,0.0000,0.0000,0.0000,0.0000,-0.0015,-0.2618,-0.2623,-2.5978,0.0000,0.0000,-2.5978
1791436633.7697,0.0187,0.5363,0.0000,0.0000,0.0000,0.0000,0.0000,0.0000,0.0000,-0.0015,-0.2618,-0.2623,-2.5977,0.0000,0.0000,-2.5977
1791436633.7904,0.0206,0.8540,0.0000,0.0000,0.0000,0.0000,0.0000,0.0000,0.0000,-0.0015,-0.2618,-0.2623,-2.5977,0.0000,0.0000,-2.5977
1791436633.8099,0.0195,3.8682,0.0000,0.0000,0.0000,0.0000,0.0000,0.0000,0.0000,-0.0015,-0.2618,-0.2623,-2.5978,0.0000,0.0000,-2.5978
1791436633.8300,0.0201,2.0790,0.0000,0.0000,0.0000,0.0000,0.0000,0.0000,0.0000,-0.0015,-0.2618,-0.2623,-2.5978,0.0000,0.0000,-2.5978
1791436633.8501,0.0201,1.4751,0.0000,0.0000,0.0000,0.0000,0.0000,0.0000,0.0000,-0.0015,-0.2618,-0.2623,-2.5977,0.0000,0.0000,-2.5977
1791436633.8704,0.0203,0.5342,0.0000,0.0000,0.0000,0.0000,0.0000,0.0000,0.0000,-0.0015,-0.2618,-0.2623,-2.5978,0.0000,0.0000,-2.5978
1791436633.8898,0.0194,0.7182,0.0000,0.0000,0.0000,0.0000,0.0000,0.0000,0.0000,-0.0015,-0.2618,-0.2623,-2.5977,0.0000,0.0000,-2.5977
1791436633.9097,0.0199,4.7737,0.0000,0.0000,0.0000,0.0000,0.0000,0.0000,0.0000,-0.0015,-0.2618,-0.2623,-2.5977,0.0000,0.0000,-2.5977
1791436633.9306,0.0208,1.5306,0.0000,0.0000,0.0000,0.0000,0.0000,0.0000,0.0000,-0.0015,-0.2618,-0.2623,-2.5977,0.0000,0.0000,-2.5977
1791436633.9506,0.0201,0.4225,0.0000,0.0000,0.0000,0.0000,0.0000,0.0000,0.0000,-0.0015,-0.2618,-0.2623,-2.5978,0.0000,0.0000,-2.5978
1791436633.9701,0.0195,1.6698,0.0000,0.0000,0.0000,0.0000,0.0000,0.0000,0.0000,-0.0015,-0.2618,-0.2623,-2.5977,0.0000,0.0000,-2.5977
1791436633.9897,0.0195,0.6596,0.0000,0.0000,0.0000,0.0000,0.0000,0.0000,0.0000,-0.0015,-0.2618,-0.2623,-2.5977,0.0000,0.0000,-2.5977
1791436634.0097,0.0201,0.6871,0.0000,0.0000,0.0000,0.0000,0.0000,0.0000,0.0000,-0.0015,-0.2618,-0.2623,-2.5978,0.0000,0.0000,-2.5978
1791436634.0299,0.0202,1.7452,0.0000,0.0000,0.0000,0.0000,0.0000,0.0000,0.0000,-0.0015,-0.2618,-0.2623,-2.5978,0.0000,0.0000,-2.5978
1791436634.0556,0.0257,0.3091,0.0000,0.0000,0.0000,0.0000,0.0000,0.0000,0.0000,-0.0015,-0.2618,-0.2623,-2.5977,0.0000,0.0000,-2.5977
1791436634.0697,0.0141,0.3991,0.0000,0.0000,0.0000,0.0000,0.0000,0.0000,0.0000,-0.0015,-0.2618,-0.2623,-2.5977,0.0000,0.0000,-2.5977
1791436634.0896,0.0199,0.4878,0.0000,0.0000,0.0000,0.0000,0.0000,0.0000,0.0000,-0.0015,-0.2618,-0.2623,-2.5977,0.0000,0.0000,-2.5977
1791436634.1101,0.0204,3.5067,0.0000,0.0000,0.0000,0.0000,0.0000,0.0000,0.0000,-0.0015,-0.2618,-0.2623,-2.5977,0.0000,0.0000,-2.5977
1791436634.1299,0.0198,1.4524,0.0000,0.0000,0.0000,0.0000,0.0000,0.0000,0.0000,-0.0015,-0.2618,-0.2623,-2.5978,0.0000,0.0000,-2.5978
1791436634.1507,0.0208,0.8861,0.0000,0.0000,0.0000,0.0000,0.0000,0.0000,0.0000,-0.0015,-0.2618,-0.2623,-2.5977,0.0000,0.0000,-2.5977
1791436634.1697,0.0190,0.6001,0.0000,0.0000,0.0000,0.0000,0.0000,0.0000,0.0000,-0.0015,-0.2618,-0.2623,-2.5977,0.0000,0.0000,-2.5977
1791436634.1897,0.0200,0.7333,0.0000,0.0000,0.0000,0.0000,0.0000,0.0000,0.0000,-0.0015,-0.2618,-0.2623,-2.5978,0.0000,0.0000,-2.5978
1791436634.2099,0.0201,1.1799,0.0000,0.0000,0.0000,0.0000,0.0000,0.0000,0.0000,-0.0015,-0.2618,-0.2623,-2.5978,0.0000,0.0000,-2.5978
1791436634.2301,0.0202,5.6388,0.0000,0.0000,0.0000,0.0000,0.0000,0.0000,0.0000,-0.0015,-0.2618,-0.2623,-2.5977,0.0000,0.0000,-2.5977
1791436634.2509,0.0209,1.1678,0.0000,0.0000,0.0000,0.0000,0.0000,0.0000,0.0000,-0.0015,-0.2618,-0.2623,-2.5978,0.0000,0.0000,-2.5978
1791436634.2698,0.0189,0.7122,0.0000,0.0000,0.0000,0.0000,0.0000,0.0000,0.0000,-0.0015,-0.2618,-0.2623,-2.5978,0.0000,0.0000,-2.5978
1791436634.2898,0.0200,1.0778,0.0000,0.0000,0.0000,0.0000,0.0000,0.0000,0.0000,-0.0015,-0.2618,-0.2623,-2.5978,0.0000,0.0000,-2.5978
1791436634.3097,0.0199,1.0054,0.0000,0.0000,0.0000,0.0000,0.0000,0.0000,0.0000,-0.0015,-0.2618,-0.2623,-2.5978,0.0000,0.0000,-2.5978
1791436634.3316,0.0219,0.9765,0.0000,0.0000,0.0000,0.0000,0.0000,0.0000,0.0000,-0.0015,-0.2618,-0.2623,-2.5978,0.0000,0.0000,-2.5978
1791436634.3511,0.0195,0.6956,0.0000,0.0000,0.0000,0.0000,0.0000,0.0000,0.0000,-0.0015,-0.2618,-0.2623,-2.5978,0.0000,0.0000,-2.5978
1791436634.3699,0.0188,0.9102,0.0000,0.0000,0.0000,0.0000,0.0000,0.0000,0.0000,-0.0015,-0.2618,-0.2623,-2.5977,0.0000,0.0000,-2.5977
1791436634.3897,0.0198,1.5227,0.0000,0.0000,0.0000,0.0000,0.0000,0.0000,0.0000,-0.0015,-0.2618,-0.2623,-2.5979,0.0000,0.0000,-2.5979
1791436634.4098,0.0202,2.0844,0.0000,0.0000,0.0000,0.0000,0.0000,0.0000,0.0000,-0.0015,-0.2618,-0.2623,-2.5979,0.0000,0.0000,-2.5979
1791436634.4306,0.0208,2.0284,0.0000,0.0000,0.0000,0.0000,0.0000,0.0000,0.0000,-0.0015,-0.2618,-0.2623,-2.5978,0.0000,0.0000,-2.5978
1791436634.4538,0.0232,0.9530,0.0000,0.0000,0.0000,0.0000,0.0000,0.0000,0.0000,-0.0015,-0.2618,-0.2623,-2.5978,0.0000,0.0000,-2.5978
1791436634.4698,0.0160,0.7966,0.0000,0.0000,0.0000,0.0000,0.0000,0.0000,0.0000,-0.0015,-0.2618,-0.2623,-2.5978,0.0000,0.0000,-2.5978
1791436634.4907,0.0209,0.4791,0.0000,0.0000,0.0000,0.0000,0.0000,0.0000,0.0000,-0.0015,-0.2618,-0.2623,-2.5978,0.0000,0.0000,-2.5978
1791436634.5103,0.0196,1.3974,0.0000,0.0000,0.0000,0.0000,0.0000,0.0000,0.0000,-0.0015,-0.2618,-0.2623,-2.5977,0.0000,0.0000,-2.5977
1791436634.5324,0.0221,2.5312,0.0000,0.0000,0.0000,0.0000,0.0000,0.0000,0.0000,-0.0015,-0.2618,-0.2623,-2.5978,0.0000,0.0000,-2.5978
1791436634.5512,0.0188,0.5501,0.0000,0.0000,0.0000,0.0000,0.0000,0.0000,0.0000,-0.0015,-0.2618,-0.2623,-2.5978,0.0000,0.0000,-2.5978
1791436634.5697,0.0185,0.4417,0.0000,0.0000,0.0000,0.0000,0.0000,0.0000,0.0000,-0.0015,-0.2618,-0.2623,-2.5977,0.0000,0.0000,-2.5977
1791436634.5897,0.0200,0.9956,0.0000,0.0000,0.0000,0.0000,0.0000,0.0000,0.0000,-0.0015,-0.2618,-0.2623,-2.5978,0.0000,0.0000,-2.5978
1791436634.6096,0.0200,5.6455,0.0000,0.0000,0.0000,0.0000,0.0000,0.0000,0.0000,-0.0015,-0.2618,-0.2623,-2.5977,0.0000,0.0000,-2.5977
1791436634.6304,0.0207,0.6526,0.0000,0.0000,0.0000,0.0000,0.0000,0.0000,0.0000,-0.0015,-0.2618,-0.2623,-2.5978,0.0000,0.0000,-2.5978
1791436634.6544,0.0240,3.2835,0.0000,0.0000,0.0000,0.0000,0.0000,0.0000,0.0000,-0.0015,-0.2618,-0.2623,-2.5978,0.0000,0.0000,-2.5978
1791436634.6700,0.0156,0.7529,0.0000,0.0000,0.0000,0.0000,0.0000,0.0000,0.0000,-0.0015,-0.2618,-0.2623,-2.5979,0.0000,0.0000,-2.5979
1791436634.6898,0.0198,2.7870,0.0000,0.0000,0.0000,0.0000,0.0000,0.0000,0.0000,-0.0015,-0.2618,-0.2623,-2.5978,0.0000,0.0000,-2.5978
1791436634.7096,0.0198,3.3393,0.0000,0.0000,0.0000,0.0000,0.0000,0.0000,0.0000,-0.0015,-0.2618,-0.2623,-2.5978,0.0000,0.0000,-2.5978
1791436634.7314,0.0219,0.8443,0.0000,0.0000,0.0000,0.0000,0.0000,0.0000,0.0000,-0.0015,-0.2618,-0.2623,-2.5978,0.0000,0.0000,-2.5978
1791436634.7511,0.0196,0.9786,0.0000,0.0000,0.0000,0.0000,0.0000,0.0000,0.0000,-0.0015,-0.2618,-0.2623,-2.5978,0.0000,0.0000,-2.5978
1791436634.7743,0.0232,0.8437,0.0000,0.0000,0.0000,0.0000,0.0000,0.0000,0.0000,-0.0015,-0.2618,-0.2623,-2.5978,0.0000,0.0000,-2.5978
1791436634.7898,0.0156,0.9696,0.0000,0.0000,0.0000,0.0000,0.0000,0.0000,0.0000,-0.0015,-0.2618,-0.2623,-2.5978,0.0000,0.0000,-2.5978
1791436634.8105,0.0206,0.5359,0.0000,0.0000,0.0000,0.0000,0.0000,0.0000,0.0000,-0.0015,-0.2618,-0.2623,-2.5978,0.0000,0.0000,-2.5978
1791436634.8303,0.0199,0.7393,0.0000,0.0000,0.0000,0.0000,0.0000,0.0000,0.0000,-0.0015,-0.2618,-0.2623,-2.5978,0.0000,0.0000,-2.5978
1791436634.8500,0.0196,0.3258,0.0000,0.0000,0.0000,0.0000,0.0000,0.0000,0.0000,-0.0015,-0.2618,-0.2623,-2.5979,0.0000,0.0000,-2.5979
1791436634.8699,0.0199,0.8202,0.0000,0.0000,0.0000,0.0000,0.0000,0.0000,0.0000,-0.0015,-0.2618,-0.2623,-2.5978,0.0000,0.0000,-2.5978
1791436634.8904,0.0205,0.5156,0.0000,0.0000,0.0000,0.0000,0.0000,0.0000,0.0000,-0.0015,-0.2618,-0.2623,-2.5978,0.0000,0.0000,-2.5978
1791436634.9104,0.0201,4.1747,0.0000,0.0000,0.0000,0.0000,0.0000,0.0000,0.0000,-0.0015,-0.2618,-0.2623,-2.5979,0.0000,0.0000,-2.5979
1791436634.9300,0.0195,0.8236,0.0000,0.0000,0.0000,0.0000,0.0000,0.0000,0.0000,-0.0015,-0.2618,-0.2623,-2.5978,0.0000,0.0000,-2.5978
1791436634.9580,0.0280,0.4963,0.0000,0.0000,0.0000,0.0000,0.0000,0.0000,0.0000,-0.0015,-0.2618,-0.2623,-2.5978,0.0000,0.0000,-2.5978
1791436634.9705,0.0125,0.7868,0.0000,0.0000,0.0000,0.0000,0.0000,0.0000,0.0000,-0.0015,-0.2618,-0.2623,-2.5978,0.0000,0.0000,-2.5978
1791436634.9904,0.0199,3.1840,0.0000,0.0000,0.0000,0.0000,0.0000,0.0000,0.0000,-0.0015,-0.2618,-0.2623,-2.5977,0.0000,0.0000,-2.5977
1791436635.0096,0.0192,0.4398,0.0000,0.0000,0.0000,0.0000,0.0000,0.0000,0.0000,-0.0015,-0.2618,-0.2623,-2.5978,0.0000,0.0000,-2.5978
1791436635.0323,0.0227,0.4510,0.0000,0.0000,0.0000,0.0000,0.0000,0.0000,0.0000,-0.0015,-0.2618,-0.2623,-2.5977,0.0000,0.0000,-2.5977
1791436635.0500,0.0177,0.5856,0.0000,0.0000,0.0000,0.0000,0.0000,0.0000,0.0000,-0.0015,-0.2618,-0.2623,-2.5977,0.0000,0.0000,-2.5977
1791436635.0705,0.0205,2.1570,0.0000,0.0000,0.0000,0.0000,0.0000,0.0000,0.0000,-0.0015,-0.2618,-0.2623,-2.5978,0.0000,0.0000,-2.5978
1791436635.0904,0.0199,1.2948,0.0000,0.0000,0.0000,0.0000,0.0000,0.0000,0.0000,-0.0015,-0.2618,-0.2623,-2.5978,0.0000,0.0000,-2.5978
1791436635.1097,0.0193,1.4874,0.0000,0.0000,0.0000,0.0000,0.0000,0.0000,0.0000,-0.0015,-0.2618,-0.2623,-2.5978,0.0000,0.0000,-2.5978
1791436635.1305,0.0208,0.5751,0.0000,0.0000,0.0000,0.0000,0.0000,0.0000,0.0000,-0.0015,-0.2618,-0.2623,-2.5978,0.0000,0.0000,-2.5978
1791436635.1520,0.0215,0.4752,0.0000,0.0000,0.0000,0.0000,0.0000,0.0000,0.0000,-0.0015,-0.2618,-0.2623,-2.5978,0.0000,0.0000,-2.5978
1791436635.1698,0.0178,3.0509,0.0000,0.0000,0.0000,0.0000,0.0000,0.0000,0.0000,-0.0015,-0.2618,-0.2623,-2.5978,0.0000,0.0000,-2.5978
1791436635.1899,0.0201,2.3716,0.0000,0.0000,0.0000,0.0000,0.0000,0.0000,0.0000,-0.0015,-0.2618,-0.2623,-2.5978,0.0000,0.0000,-2.5978
1791436635.2098,0.0199,3.6064,0.0000,0.0000,0.0000,0.0000,0.0000,0.0000,0.0000,-0.0015,-0.2618,-0.2623,-2.5978,0.0000,0.0000,-2.5978
1791436635.2300,0.0202,2.7608,0.0000,0.0000,0.0000,0.0000,0.0000,0.0000,0.0000,-0.0015,-0.2618,-0.2623,-2.5978,0.0000,0.0000,-2.5978
1791436635.2516,0.0217,5.6619,0.0000,0.0000,0.0000,0.0000,0.0000,0.0000,0.0000,-0.0015,-0.2618,-0.2623,-2.5978,0.0000,0.0000,-2.5978
1791436635.2701,0.0185,1.0642,0.0000,0.0000,0.0000,0.0000,0.0000,0.0000,0.0000,-0.0015,-0.2618,-0.2623,-2.5979,0.0000,0.0000,-2.5979
1791436635.2901,0.0200,0.7346,0.0000,0.0000,0.0000,0.0000,0.0000,0.0000,0.0000,-0.0015,-0.2618,-0.2623,-2.5978,0.0000,0.0000,-2.5978
1791436635.3124,0.0222,0.5143,0.0000,0.0000,0.0000,0.0000,0.0000,0.0000,0.0000,-0.0015,-0.2618,-0.2623,-2.5978,0.0000,0.0000,-2.5978
1791436635.3307,0.0184,1.1866,0.0000,0.0000,0.0000,0.0000,0.0000,0.0000,0.0000,-0.0015,-0.2618,-0.2623,-2.5979,0.0000,0.0000,-2.5979
1791436635.3521,0.0214,3.5595,0.0000,0.0000,0.0000,0.0000,0.0000,0.0000,0.0000,-0.0015,-0.2618,-0.2623,-2.5978,0.0000,0.0000,-2.5978
1791436635.3704,0.0183,3.1682,0.0000,0.0000,0.0000,0.0000,0.0000,0.0000,0.0000,-0.0015,-0.2618,-0.2623,-2.5978,0.0000,0.0000,-2.5978
1791436635.3904,0.0200,0.9076,0.0000,0.0000,0.0000,0.0000,0.0000,0.0000,0.0000,-0.0015,-0.2618,-0.2623,-2.5978,0.0000,0.0000,-2.5978
1791436635.4097,0.0192,0.5736,0.0000,0.0000,0.0000,0.0000,0.0000,0.0000,0.0000,-0.0015,-0.2618,-0.2623,-2.5978,0.0000,0.0000,-2.5978
1791436635.4304,0.0207,3.2391,0.0000,0.0000,0.0000,0.0000,0.0000,0.0000,0.0000,-0.0015,-0.2618,-0.2623,-2.5978,0.0000,0.0000,-2.5978
1791436635.4500,0.0196,0.8786,0.0000,0.0000,0.0000,0.0000,0.0000,0.0000,0.0000,-0.0015,-0.2618,-0.2623,-2.5978,0.0000,0.0000,-2.5978
1791436635.4699,0.0199,0.8349,0.0000,0.0000,0.0000,0.0000,0.0000,0.0000,0.0000,-0.0015,-0.2618,-0.2623,-2.5979,0.0000,0.0000,-2.5979
1791436635.4898,0.0198,0.6361,0.0000,0.0000,0.0000,0.0000,0.0000,0.0000,0.0000,-0.0015,-0.2618,-0.2623,-2.5979,0.0000,0.0000,-2.5979
1791436635.5098,0.0200,0.4694,0.0000,0.0000,0.0000,0.0000,0.0000,0.0000,0.0000,-0.0015,-0.2618,-0.2623,-2.5978,0.0000,0.0000,-2.5978
1791436635.5297,0.0199,1.0696,0.0000,0.0000,0.0000,0.0000,0.0000,0.0000,0.0000,-0.0015,-0.2618,-0.2623,-2.5978,0.0000,0.0000,-2.5978
1791436635.5505,0.0208,0.5189,0.0000,0.0000,0.0000,0.0000,0.0000,0.0000,0.0000,-0.0015,-0.2618,-0.2623,-2.5978,0.0000,0.0000,-2.5978
1791436635.5697,0.0192,0.4497,0.0000,0.0000,0.0000,0.0000,0.0000,0.0000,0.0000,-0.0015,-0.2618,-0.2623,-2.5978,0.0000,0.0000,-2.5978
1791436635.5897,0.0200,0.9493,0.0000,0.0000,0.0000,0.0000,0.0000,0.0000,0.0000,-0.0015,-0.2618,-0.2623,-2.5978,0.0000,0.0000,-2.5978
1791436635.6098,0.0201,0.6243,0.0000,0.0000,0.0000,0.0000,0.0000,0.0000,0.0000,-0.0031,-0.2618,-0.2623,-2.5978,0.0000,0.0000,-2.5978
1791436635.6299,0.0201,1.8326,0.0000,0.0000,0.0000,0.0000,0.0000,0.0000,0.0000,-0.0015,-0.2618,-0.2623,-2.5979,0.0000,0.0000,-2.5979
1791436635.6500,0.0201,2.2862,0.0000,0.0000,0.0000,0.0000,0.0000,0.0000,0.0000,-0.0015,-0.2618,-0.2623,-2.5979,0.0000,0.0000,-2.5979
1791436635.6697,0.0197,1.9405,0.0000,0.0000,0.0000,0.0000,0.0000,0.0000,0.0000,-0.0015,-0.2618,-0.2623,-2.5978,0.0000,0.0000,-2.5978
1791436635.6897,0.0200,1.8810,0.0000,0.0000,0.0000,0.0000,0.0000,0.0000,0.0000,-0.0015,-0.2618,-0.2623,-2.5979,0.0000,0.0000,-2.5979
1791436635.7096,0.0199,0.4299,0.0000,0.0000,0.0000,0.0000,0.0000,0.0000,0.0000,-0.0015,-0.2618,-0.2623,-2.5979,0.0000,0.0000,-2.5979
1791436635.7304,0.0208,2.4743,0.0000,0.0000,0.0000,0.0000,0.0000,0.0000,0.0000,-0.0015,-0.2618,-0.2623,-2.5978,0.0000,0.0000,-2.5978
1791436635.7503,0.0199,0.8251,0.0000,0.0000,0.0000,0.0000,0.0000,0.0000,0.0000,-0.0015,-0.2618,-0.2623,-2.5979,0.0000,0.0000,-2.5979
1791436635.7710,0.0207,0.6488,0.0000,0.0000,0.0000,0.0000,0.0000,0.0000,0.0000,-0.0015,-0.2618,-0.2623,-2.5978,0.0000,0.0000,-2.5978
1791436635.7898,0.0188,0.8881,0.0000,0.0000,0.0000,0.0000,0.0000,0.0000,0.0000,-0.0015,-0.2618,-0.2623,-2.5978,0.0000,0.0000,-2.5978
1791436635.8097,0.0199,0.5963,0.0000,0.0000,0.0000,0.0000,0.0000,0.0000,0.0000,-0.0015,-0.2618,-0.2623,-2.5978,0.0000,0.0000,-2.5978
1791436635.8304,0.0207,1.6679,0.0000,0.0000,0.0000,0.0000,0.0000,0.0000,0.0000,-0.0015,-0.2618,-0.2623,-2.5978,0.0000,0.0000,-2.5978
1791436635.8504,0.0201,0.6004,0.0000,0.0000,0.0000,0.0000,0.0000,0.0000,0.0000,-0.0015,-0.2618,-0.2623,-2.5979,0.0000,0.0000,-2.5979
1791436635.8706,0.0201,1.0344,0.0000,0.0000,0.0000,0.0000,0.0000,0.0000,0.0000,-0.0015,-0.2618,-0.2623,-2.5979,0.0000,0.0000,-2.5979
1791436635.8899,0.0193,1.5553,0.0000,0.0000,0.0000,0.0000,0.0000,0.0000,0.0000,-0.0015,-0.2618,-0.2623,-2.5979,0.0000,0.0000,-2.5979
1791436635.9098,0.0199,3.6770,0.0000,0.0000,0.0000,0.0000,0.0000,0.0000,0.0000,-0.0015,-0.2618,-0.2623,-2.5979,0.0000,0.0000,-2.5979
1791436635.9298,0.0200,4.0593,0.0000,0.0000,0.0000,0.0000,0.0000,0.0000,0.0000,-0.0015,-0.2618,-0.2623,-2.5979,0.0000,0.0000,-2.5979
1791436635.9501,0.0203,0.4878,0.0000,0.0000,0.0000,0.0000,0.0000,0.0000,0.0000,-0.0015,-0.2618,-0.2623,-2.5979,0.0000,0.0000,-2.5979
1791436635.9725,0.0225,0.9843,0.0000,0.0000,0.0000,0.0000,0.0000,0.0000,0.0000,-0.0015,-0.2618,-0.2623,-2.5979,0.0000,0.0000,-2.5979
1791436635.9898,0.0173,0.6091,0.0000,0.0000,0.0000,0.0000,0.0000,0.0000,0.0000,-0.0015,-0.2618,-0.2623,-2.5979,0.0000,0.0000,-2.5979
1791436636.0097,0.0199,2.7208,0.0000,0.0000,0.0000,0.0000,0.0000,0.0000,0.0000,-0.0015,-0.2618,-0.2623,-2.5979,0.0000,0.0000,-2.5979
1791436636.0303,0.0206,2.7808,0.0000,0.0000,0.0000,0.0000,0.0000,0.0000,0.0000,-0.0015,-0.2618,-0.2623,-2.5979,0.0000,0.0000,-2.5979
1791436636.0534,0.0231,0.9218,0.0000,0.0000,0.0000,0.0000,0.0000,0.0000,0.0000,-0.0015,-0.2618,-0.2623,-2.5979,0.0000,0.0000,-2.5979
1791436636.0700,0.0166,3.5490,0.0000,0.0000,0.0000,0.0000,0.0000,0.0000,0.0000,-0.0015,-0.2618,-0.2623,-2.5979,0.0000,0.0000,-2.5979
1791436636.0897,0.0197,3.1585,0.0000,0.0000,0.0000,0.0000,0.0000,0.0000,0.0000,-0.0015,-0.2618,-0.2623,-2.5979,0.0000,0.0000,-2.5979
1791436636.1098,0.0201,2.1757,0.0000,0.0000,0.0000,0.0000,0.0000,0.0000,0.0000,-0.0015,-0.2618,-0.2623,-2.5979,0.0000,0.0000,-2.5979
1791436636.1298,0.0200,1.4376,0.0000,0.0000,0.0000,0.0000,0.0000,0.0000,0.0000,-0.0015,-0.2618,-0.2623,-2.5978,0.0000,0.0000,-2.5978
1791436636.1503,0.0205,3.7113,0.0000,0.0000,0.0000,0.0000,0.0000,0.0000,0.0000,-0.0015,-0.2618,-0.2623,-2.5979,0.0000,0.0000,-2.5979
1791436636.1701,0.0198,4.4032,0.0000,0.0000,0.0000,0.0000,0.0000,0.0000,0.0000,-0.0015,-0.2618,-0.2623,-2.5978,0.0000,0.0000,-2.5978
1791436636.1912,0.0211,2.5379,0.0000,0.0000,0.0000,0.0000,0.0000,0.0000,0.0000,-0.0015,-0.2618,-0.2623,-2.5978,0.0000,0.0000,-2.5978
1791436636.2104,0.0192,0.7833,0.0000,0.0000,0.0000,0.0000,0.0000,0.0000,0.0000,-0.0015,-0.2618,-0.2623,-2.5978,0.0000,0.0000,-2.5978
1791436636.2305,0.0202,4.1037,0.0000,0.0000,0.0000,0.0000,0.0000,0.0000,0.0000,-0.0015,-0.2618,-0.2623,-2.5978,0.0000,0.0000,-2.5978
1791436636.2508,0.0202,1.1600,0.0000,0.0000,0.0000,0.0000,0.0000,0.0000,0.0000,-0.0015,-0.2618,-0.2623,-2.5979,0.0000,0.0000,-2.5979
1791436636.2699,0.0192,4.6801,0.0000,0.0000,0.0000,0.0000,0.0000,0.0000,0.0000,-0.0015,-0.2618,-0.2623,-2.5978,0.0000,0.0000,-2.5978
1791436636.2903,0.0204,0.7038,0.0000,0.0000,0.0000,0.0000,0.0000,0.0000,0.0000,-0.0015,-0.2618,-0.2623,-2.5979,0.0000,0.0000,-2.5979
1791436636.3098,0.0195,6.2360,0.0000,0.0000,0.0000,0.0000,0.0000,0.0000,0.0000,-0.0015,-0.2618,-0.2623,-2.5978,0.0000,0.0000,-2.5978
1791436636.3297,0.0199,1.7025,0.0000,0.0000,0.0000,0.0000,0.0000,0.0000,0.0000,-0.0015,-0.2618,-0.2623,-2.5979,0.0000,0.0000,-2.5979
1791436636.3531,0.0233,4.2467,0.0000,0.0000,0.0000,0.0000,0.0000,0.0000,0.0000,-0.0015,-0.2618,-0.2623,-2.5979,0.0000,0.0000,-2.5979
1791436636.3701,0.0171,1.3592,0.0000,0.0000,0.0000,0.0000,0.0000,0.0000,0.0000,-0.0015,-0.2618,-0.2623,-2.5979,0.0000,0.0000,-2.5979
1791436636.3897,0.0195,0.7801,0.0000,0.0000,0.0000,0.0000,0.0000,0.0000,0.0000,-0.0015,-0.2618,-0.2623,-2.5979,0.0000,0.0000,-2.5979
1791436636.4097,0.0201,0.9353,0.0000,0.0000,0.0000,0.0000,0.0000,0.0000,0.0000,-0.0015,-0.2618,-0.2623,-2.5979,0.0000,0.0000,-2.5979
1791436636.4303,0.0205,1.3937,0.0000,0.0000,0.0000,0.0000,0.0000,0.0000,0.0000,-0.0015,-0.2618,-0.2623,-2.5979,0.0000,0.0000,-2.5979
1791436636.4510,0.0208,0.4776,0.0000,0.0000,0.0000,0.0000,0.0000,0.0000,0.0000,-0.0015,-0.2618,-0.2623,-2.5979,0.0000,0.0000,-2.5979
1791436636.4705,0.0194,0.6184,0.0000,0.0000,0.0000,0.0000,0.0000,0.0000,0.0000,-0.0015,-0.2618,-0.2623,-2.5979,0.0000,0.0000,-2.5979
1791436636.4912,0.0208,0.4447,0.0000,0.0000,0.0000,0.0000,0.0000,0.0000,0.0000,-0.0015,-0.2618,-0.2623,-2.5979,0.0000,0.0000,-2.5979
1791436636.5108,0.0196,1.0850,0.0000,0.0000,0.0000,0.0000,0.0000,0.0000,0.0000,-0.0015,-0.2618,-0.2623,-2.5980,0.0000,0.0000,-2.5980
1791436636.5301,0.0193,1.3099,0.0000,0.0000,0.0000,0.0000,0.0000,0.0000,0.0000,-0.0015,-0.2618,-0.2623,-2.5979,0.0000,0.0000,-2.5979
1791436636.5534,0.0233,0.4624,0.0000,0.0000,0.0000,0.0000,0.0000,0.0000,0.0000,-0.0015,-0.2618,-0.2623,-2.5978,0.0000,0.0000,-2.5978
1791436636.5705,0.0171,1.6958,0.0000,0.0000,0.0000,0.0000,0.0000,0.0000,0.0000,-0.0015,-0.2618,-0.2623,-2.5980,0.0000,0.0000,-2.5980
1791436636.5917,0.0212,2.2346,0.0000,0.0000,0.0000,0.0000,0.0000,0.0000,0.0000,-0.0015,-0.2618,-0.2623,-2.5979,0.0000,0.0000,-2.5979
1791436636.6097,0.0180,2.9602,0.0000,0.0000,0.0000,0.0000,0.0000,0.0000,0.0000,-0.0015,-0.2618,-0.2623,-2.5979,0.0000,0.0000,-2.5979
1791436636.6301,0.0204,0.8553,0.0000,0.0000,0.0000,0.0000,0.0000,0.0000,0.0000,-0.0015,-0.2618,-0.2623,-2.5979,0.0000,0.0000,-2.5979
1791436636.6523,0.0222,0.2827,0.0000,0.0000,0.0000,0.0000,0.0000,0.0000,0.0000,-0.0015,-0.2618,-0.2623,-2.5979,0.0000,0.0000,-2.5979
1791436636.6699,0.0176,1.2459,0.0000,0.0000,0.0000,0.0000,0.0000,0.0000,0.0000,-0.0015,-0.2618,-0.2623,-2.5979,0.0000,0.0000,-2.5979
1791436636.6898,0.0199,1.9430,0.0000,0.0000,0.0000,0.0000,0.0000,0.0000,0.0000,-0.0015,-0.2618,-0.2623,-2.5979,0.0000,0.0000,-2.5979
1791436636.7100,0.0202,0.8191,0.0000,0.0000,0.0000,0.0000,0.0000,0.0000,0.0000,-0.0015,-0.2618,-0.2623,-2.5979,0.0000,0.0000,-2.5979
1791436636.7299,0.0199,2.2442,0.0000,0.0000,0.0000,0.0000,0.0000,0.0000,0.0000,-0.0015,-0.2618,-0.2623,-2.5979,0.0000,0.0000,-2.5979
1791436636.7521,0.0221,1.2077,0.0000,0.0000,0.0000,0.0000,0.0000,0.0000,0.0000,-0.0015,-0.2618,-0.2623,-2.5980,0.0000,0.0000,-2.5980
1791436636.7700,0.0179,8.4874,0.0000,0.0000,0.0000,0.0000,0.0000,0.0000,0.0000,-0.0015,-0.2618,-0.2623,-2.5978,0.0000,0.0000,-2.5978
1791436636.7906,0.0206,1.7500,0.0000,0.0000,0.0000,0.0000,0.0000,0.0000,0.0000,-0.0015,-0.2618,-0.2623,-2.5979,0.0000,0.0000,-2.5979
1791436636.8104,0.0198,0.6039,0.0000,0.0000,0.0000,0.0000,0.0000,0.0000,0.0000,-0.0015,-0.2618,-0.2623,-2.5979,0.0000,0.0000,-2.5979
1791436636.8326,0.0222,2.9004,0.0000,0.0000,0.0000,0.0000,0.0000,0.0000,0.0000,-0.0015,-0.2618,-0.2623,-2.5979,0.0000,0.0000,-2.5979
1791436636.8546,0.0220,2.2430,0.0000,0.0000,0.0000,0.0000,0.0000,0.0000,0.0000,-0.0015,-0.2618,-0.2623,-2.5979,0.0000,0.0000,-2.5979
1791436636.8699,0.0152,2.1055,0.0000,0.0000,0.0000,0.0000,0.0000,0.0000,0.0000,-0.0015,-0.2618,-0.2623,-2.5978,0.0000,0.0000,-2.5978
1791436636.8906,0.0207,2.2871,0.0000,0.0000,0.0000,0.0000,0.0000,0.0000,0.0000,-0.0015,-0.2618,-0.2623,-2.5979,0.0000,0.0000,-2.5979
1791436636.9097,0.0191,1.0267,0.0000,0.0000,0.0000,0.0000,0.0000,0.0000,0.0000,-0.0015,-0.2618,-0.2623,-2.5979,0.0000,0.0000,-2.5979
1791436636.9299,0.0202,7.7393,0.0000,0.0000,0.0000,0.0000,0.0000,0.0000,0.0000,-0.0015,-0.2618,-0.2623,-2.5979,0.0000,0.0000,-2.5979
1791436636.9503,0.0204,0.5025,0.0000,0.0000,0.0000,0.0000,0.0000,0.0000,0.0000,-0.0015,-0.2618,-0.2623,-2.5979,0.0000,0.0000,-2.5979
1791436636.9699,0.0195,1.6610,0.0000,0.0000,0.0000,0.0000,0.0000,0.0000,0.0000,-0.0015,-0.2618,-0.2623,-2.5979,0.0000,0.0000,-2.5979
1791436636.9924,0.0226,1.9229,0.0000,0.0000,0.0000,0.0000,0.0000,0.0000,0.0000,-0.0015,-0.2618,-0.2623,-2.5979,0.0000,0.0000,-2.5979
1791436637.0098,0.0174,0.9292,0.0000,0.0000,0.0000,0.0000,0.0000,0.0000,0.0000,-0.0015,-0.2618,-0.2623,-2.5979,0.0000,0.0000,-2.5979
1791436637.0304,0.0206,0.4958,0.0000,0.0000,0.0000,0.0000,0.0000,0.0000,0.0000,-0.0015,-0.2618,-0.2623,-2.5980,0.0000,0.0000,-2.5980
1791436637.0504,0.0200,0.8353,0.0000,0.0000,0.0000,0.0000,0.0000,0.0000,0.0000,-0.0015,-0.2618,-0.2623,-2.5979,0.0000,0.0000,-2.5979
1791436637.0717,0.0213,0.5201,0.0000,0.0000,0.0000,0.0000,0.0000,0.0000,0.0000,-0.0015,-0.2618,-0.2623,-2.5979,0.0000,0.0000,-2.5979
1791436637.0906,0.0189,0.5948,0.0000,0.0000,0.0000,0.0000,0.0000,0.0000,0.0000,-0.0015,-0.2618,-0.2623,-2.5979,0.0000,0.0000,-2.5979
1791436637.1098,0.0192,2.8132,0.0000,0.0000,0.0000,0.0000,0.0000,0.0000,0.0000,-0.0015,-0.2618,-0.2623,-2.5978,0.0000,0.0000,-2.5978
1791436637.1301,0.0203,5.1379,0.0000,0.0000,0.0000,0.0000,0.0000,0.0000,0.0000,-0.0015,-0.2618,-0.2623,-2.5979,0.0000,0.0000,-2.5979
1791436637.1501,0.0200,4.1962,0.0000,0.0000,0.0000,0.0000,0.0000,0.0000,0.0000,-0.0015,-0.2618,-0.2623,-2.5979,0.0000,0.0000,-2.5979
1791436637.1697,0.0197,0.7361,0.0000,0.0000,0.0000,0.0000,0.0000,0.0000,0.0000,-0.0015,-0.2618,-0.2623,-2.5979,0.0000,0.0000,-2.5979
1791436637.1897,0.0200,1.6546,0.0000,0.0000,0.0000,0.0000,0.0000,0.0000,0.0000,-0.0015,-0.2618,-0.2623,-2.5979,0.0000,0.0000,-2.5979
1791436637.2097,0.0200,0.8288,0.0000,0.0000,0.0000,0.0000,0.0000,0.0000,0.0000,-0.0015,-0.2618,-0.2623,-2.5979,0.0000,0.0000,-2.5979
1791436637.2298,0.0201,3.8230,0.0000,0.0000,0.0000,0.0000,0.0000,0.0000,0.0000,-0.0015,-0.2618,-0.2623,-2.5979,0.0000,0.0000,-2.5979
1791436637.2501,0.0203,0.4867,0.0000,0.0000,0.0000,0.0000,0.0000,0.0000,0.0000,-0.0015,-0.2618,-0.2623,-2.5978,0.0000,0.0000,-2.5978
1791436637.2706,0.0205,2.8755,0.0000,0.0000,0.0000,0.0000,0.0000,0.0000,0.0000,-0.0015,-0.2618,-0.2623,-2.5979,0.0000,0.0000,-2.5979
1791436637.2898,0.0192,0.7293,0.0000,0.0000,0.0000,0.0000,0.0000,0.0000,0.0000,-0.0015,-0.2618,-0.2623,-2.5979,0.0000,0.0000,-2.5979
1791436637.3098,0.0199,0.9675,0.0000,0.0000,0.0000,0.0000,0.0000,0.0000,0.0000,-0.0015,-0.2618,-0.2623,-2.5979,0.0000,0.0000,-2.5979
1791436637.3298,0.0201,1.0436,0.0000,0.0000,0.0000,0.0000,0.0000,0.0000,0.0000,-0.0015,-0.2618,-0.2623,-2.5978,0.0000,0.0000,-2.5978
1791436637.3540,0.0242,5.3758,0.0000,0.0000,0.0000,0.0000,0.0000,0.0000,0.0000,-0.0015,-0.2618,-0.2623,-2.5979,0.0000,0.0000,-2.5979
1791436637.3711,0.0171,0.7317,0.0000,0.0000,0.0000,0.0000,0.0000,0.0000,0.0000,-0.0015,-0.2618,-0.2623,-2.5979,0.0000,0.0000,-2.5979
1791436637.3899,0.0187,2.2056,0.0000,0.0000,0.0000,0.0000,0.0000,0.0000,0.0000,-0.0015,-0.2618,-0.2623,-2.5979,0.0000,0.0000,-2.5979
1791436637.4124,0.0226,3.1542,0.0000,0.0000,0.0000,0.0000,0.0000,0.0000,0.0000,-0.0015,-0.2618,-0.2623,-2.5979,0.0000,0.0000,-2.5979
1791436637.4315,0.0191,0.7442,0.0000,0.0000,0.0000,0.0000,0.0000,0.0000,0.0000,-0.0015,-0.2618,-0.2623,-2.5979,0.0000,0.0000,-2.5979
1791436637.4500,0.0184,1.0564,0.0000,0.0000,0.0000,0.0000,0.0000,0.0000,0.0000,-0.0015,-0.2618,-0.2623,-2.5979,0.0000,0.0000,-2.5979
1791436637.4700,0.0200,3.2858,0.0000,0.0000,0.0000,0.0000,0.0000,0.0000,0.0000,-0.0015,-0.2618,-0.2623,-2.5979,0.0000,0.0000,-2.5979
1791436637.4897,0.0197,2.7845,0.0000,0.0000,0.0000,0.0000,0.0000,0.0000,0.0000,-0.0015,-0.2618,-0.2623,-2.5979,0.0000,0.0000,-2.5979
1791436637.5096,0.0199,2.8779,0.0000,0.0000,0.0000,0.0000,0.0000,0.0000,0.0000,-0.0015,-0.2618,-0.2623,-2.5979,0.0000,0.0000,-2.5979
1791436637.5316,0.0221,0.9041,0.0000,0.0000,0.0000,0.0000,0.0000,0.0000,0.0000,-0.0015,-0.2618,-0.2623,-2.5979,0.0000,0.0000,-2.5979
1791436637.5519,0.0202,2.7067,0.0000,0.0000,0.0000,0.0000,0.0000,0.0000,0.0000,-0.0015,-0.2618,-0.2623,-2.5979,0.0000,0.0000,-2.5979
1791436637.5713,0.0195,0.5634,0.0000,0.0000,0.0000,0.0000,0.0000,0.0000,0.0000,-0.0015,-0.2618,-0.2623,-2.5979,0.0000,0.0000,-2.5979
1791436637.5899,0.0185,0.5714,0.0000,0.0000,0.0000,0.0000,0.0000,0.0000,0.0000,-0.0015,-0.2618,-0.2623,-2.5979,0.0000,0.0000,-2.5979
1791436637.6096,0.0198,0.9008,0.0000,0.0000,0.0000,0.0000,0.0000,0.0000,0.0000,-0.0015,-0.2618,-0.2623,-2.5979,0.0000,0.0000,-2.5979
1791436637.6300,0.0203,0.9211,0.0000,0.0000,0.0000,0.0000,0.0000,0.0000,0.0000,-0.0015,-0.2618,-0.2623,-2.5979,0.0000,0.0000,-2.5979
1791436637.6505,0.0205,0.4176,0.0000,0.0000,0.0000,0.0000,0.0000,0.0000,0.0000,-0.0015,-0.2618,-0.2623,-2.5980,0.0000,0.0000,-2.5980
1791436637.6704,0.0199,1.1292,0.0000,0.0000,0.0000,0.0000,0.0000,0.0000,0.0000,-0.0015,-0.2618,-0.2623,-2.5980,0.0000,0.0000,-2.5980
1791436637.6899,0.0195,1.6166,0.0000,0.0000,0.0000,0.0000,0.0000,0.0000,0.0000,-0.0015,-0.2618,-0.2623,-2.5979,0.0000,0.0000,-2.5979
1791436637.7109,0.0210,0.4755,0.0000,0.0000,0.0000,0.0000,0.0000,0.0000,0.0000,-0.0015,-0.2618,-0.2623,-2.5979,0.0000,0.0000,-2.5979
1791436637.7297,0.0188,3.1420,0.0000,0.0000,0.0000,0.0000,0.0000,0.0000,0.0000,-0.0015,-0.2618,-0.2623,-2.5979,0.0000,0.0000,-2.5979
1791436637.7506,0.0209,1.0891,0.0000,0.0000,0.0000,0.0000,0.0000,0.0000,0.0000,-0.0015,-0.2618,-0.2623,-2.5978,0.0000,0.0000,-2.5978
1791436637.7724,0.0218,0.4817,0.0000,0.0000,0.0000,0.0000,0.0000,0.0000,0.0000,-0.0015,-0.2618,-0.2623,-2.5979,0.0000,0.0000,-2.5979
1791436637.7899,0.0176,0.7763,0.0000,0.0000,0.0000,0.0000,0.0000,0.0000,0.0000,-0.0015,-0.2618,-0.2623,-2.5980,0.0000,0.0000,-2.5980
1791436637.8097,0.0198,0.9443,0.0000,0.0000,0.0000,0.0000,0.0000,0.0000,0.0000,-0.0015,-0.2618,-0.2623,-2.5979,0.0000,0.0000,-2.5979
1791436637.8297,0.0200,3.6093,0.0000,0.0000,0.0000,0.0000,0.0000,0.0000,0.0000,-0.0015,-0.2618,-0.2623,-2.5978,0.0000,0.0000,-2.5978
1791436637.8501,0.0204,5.5948,0.0000,0.0000,0.0000,0.0000,0.0000,0.0000,0.0000,-0.0015,-0.2618,-0.2623,-2.5979,0.0000,0.0000,-2.5979
1791436637.8699,0.0198,5.1308,0.0000,0.0000,0.0000,0.0000,0.0000,0.0000,0.0000,-0.0015,-0.2618,-0.2623,-2.5980,0.0000,0.0000,-2.5980
1791436637.8918,0.0219,2.5480,0.0000,0.0000,0.0000,0.0000,0.0000,0.0000,0.0000,-0.0015,-0.2618,-0.2623,-2.5979,0.0000,0.0000,-2.5979
1791436637.9098,0.0180,2.0420,0.0000,0.0000,0.0000,0.0000,0.0000,0.0000,0.0000,-0.0015,-0.2618,-0.2623,-2.5979,0.0000,0.0000,-2.5979
1791436637.9300,0.0202,2.2621,0.0000,0.0000,0.0000,0.0000,0.0000,0.0000,0.0000,-0.0015,-0.2618,-0.2623,-2.5979,0.0000,0.0000,-2.5979
1791436637.9507,0.0207,3.9859,0.0000,0.0000,0.0000,0.0000,0.0000,0.0000,0.0000,-0.0015,-0.2618,-0.2623,-2.5979,0.0000,0.0000,-2.5979
1791436637.9700,0.0192,7.9314,0.0000,0.0000,0.0000,0.0000,0.0000,0.0000,0.0000,-0.0015,-0.2618,-0.2623,-2.5979,0.0000,0.0000,-2.5979
1791436637.9924,0.0225,1.1205,0.0000,0.0000,0.0000,0.0000,0.0000,0.0000,0.0000,-0.0015,-0.2618,-0.2623,-2.5979,0.0000,0.0000,-2.5979
1791436638.0098,0.0174,2.9229,0.0000,0.0000,0.0000,0.0000,0.0000,0.0000,0.0000,-0.0015,-0.2618,-0.2623,-2.5980,0.0000,0.0000,-2.5980
1791436638.0306,0.0208,1.2830,0.0000,0.0000,0.0000,0.0000,0.0000,0.0000,0.0000,-0.0015,-0.2618,-0.2623,-2.5979,0.0000,0.0000,-2.5979
1791436638.0511,0.0204,2.7870,0.0000,0.0000,0.0000,0.0000,0.0000,0.0000,0.0000,-0.0015,-0.2618,-0.2623,-2.5979,0.0000,0.0000,-2.5979
1791436638.0708,0.0197,1.2966,0.0000,0.0000,0.0000,0.0000,0.0000,0.0000,0.0000,-0.0015,-0.2618,-0.2623,-2.5979,0.0000,0.0000,-2.5979
1791436638.0905,0.0197,1.9805,0.0000,0.0000,0.0000,0.0000,0.0000,0.0000,0.0000,-0.0015,-0.2618,-0.2623,-2.5979,0.0000,0.0000,-2.5979
1791436638.1103,0.0199,0.8274,0.0000,0.0000,0.0000,0.0000,0.0000,0.0000,0.0000,-0.0015,-0.2618,-0.2623,-2.5979,0.0000,0.0000,-2.5979
1791436638.1297,0.0194,2.0761,0.0000,0.0000,0.0000,0.0000,0.0000,0.0000,0.0000,-0.0015,-0.2618,-0.2623,-2.5979,0.0000,0.0000,-2.5979
1791436638.1501,0.0203,2.5092,0.0000,0.0000,0.0000,0.0000,0.0000,0.0000,0.0000,-0.0015,-0.2618,-0.2623,-2.5980,0.0000,0.0000,-2.5980
1791436638.1704,0.0203,1.9104,0.0000,0.0000,0.0000,0.0000,0.0000,0.0000,0.0000,-0.0015,-0.2618,-0.2623,-2.5979,0.0000,0.0000,-2.5979
1791436638.1905,0.0201,1.3583,0.0000,0.0000,0.0000,0.0000,0.0000,0.0000,0.0000,-0.0015,-0.2618,-0.2623,-2.5979,0.0000,0.0000,-2.5979
1791436638.2110,0.0205,1.3807,0.0000,0.0000,0.0000,0.0000,0.0000,0.0000,0.0000,-0.0015,-0.2618,-0.2623,-2.5979,0.0000,0.0000,-2.5979
1791436638.2298,0.0188,0.8374,0.0000,0.0000,0.0000,0.0000,0.0000,0.0000,0.0000,-0.0015,-0.2618,-0.2623,-2.5979,0.0000,0.0000,-2.5979
1791436638.2504,0.0206,1.0185,0.0000,0.0000,0.0000,0.0000,0.0000,0.0000,0.0000,-0.0015,-0.2618,-0.2623,-2.5979,0.0000,0.0000,-2.5979
1791436638.2710,0.0206,1.5572,0.0000,0.0000,0.0000,0.0000,0.0000,0.0000,0.0000,-0.0015,-0.2618,-0.2623,-2.5979,0.0000,0.0000,-2.5979
1791436638.2931,0.0221,2.9265,0.0000,0.0000,0.0000,0.0000,0.0000,0.0000,0.0000,-0.0015,-0.2618,-0.2623,-2.5979,0.0000,0.0000,-2.5979
1791436638.3107,0.0176,2.3586,0.0000,0.0000,0.0000,0.0000,0.0000,0.0000,0.0000,-0.0015,-0.2618,-0.2623,-2.5979,0.0000,0.0000,-2.5979
1791436638.3298,0.0191,6.1212,0.0000,0.0000,0.0000,0.0000,0.0000,0.0000,0.0000,-0.0015,-0.2618,-0.2623,-2.5979,0.0000,0.0000,-2.5979
1791436638.3501,0.0203,0.7288,0.0000,0.0000,0.0000,0.0000,0.0000,0.0000,0.0000,-0.0015,-0.2618,-0.2623,-2.5979,0.0000,0.0000,-2.5979
1791436638.3697,0.0196,0.7539,0.0000,0.0000,0.0000,0.0000,0.0000,0.0000,0.0000,-0.0015,-0.2618,-0.2623,-2.5979,0.0000,0.0000,-2.5979
1791436638.3899,0.0202,2.2761,0.0000,0.0000,0.0000,0.0000,0.0000,0.0000,0.0000,-0.0015,-0.2618,-0.2623,-2.5980,0.0000,0.0000,-2.5980
1791436638.4097,0.0199,0.5798,0.0000,0.0000,0.0000,0.0000,0.0000,0.0000,0.0000,-0.0015,-0.2618,-0.2623,-2.5979,0.0000,0.0000,-2.5979
1791436638.4298,0.0201,1.2777,0.0000,0.0000,0.0000,0.0000,0.0000,0.0000,0.0000,-0.0015,-0.2618,-0.2623,-2.5979,0.0000,0.0000,-2.5979
1791436638.4517,0.0218,0.2749,0.0000,0.0000,0.0000,0.0000,0.0000,0.0000,0.0000,-0.0015,-0.2618,-0.2623,-2.5980,0.0000,0.0000,-2.5980
1791436638.4697,0.0180,1.0106,0.0000,0.0000,0.0000,0.0000,0.0000,0.0000,0.0000,-0.0015,-0.2618,-0.2623,-2.5979,0.0000,0.0000,-2.5979
1791436638.4905,0.0208,3.0134,0.0000,0.0000,0.0000,0.0000,0.0000,0.0000,0.0000,-0.0015,-0.2618,-0.2623,-2.5979,0.0000,0.0000,-2.5979
1791436638.5096,0.0192,1.3107,0.0000,0.0000,0.0000,0.0000,0.0000,0.0000,0.0000,-0.0015,-0.2618,-0.2623,-2.5980,0.0000,0.0000,-2.5980
1791436638.5315,0.0219,1.3066,0.0000,0.0000,0.0000,0.0000,0.0000,0.0000,0.0000,-0.0015,-0.2618,-0.2623,-2.5979,0.0000,0.0000,-2.5979
1791436638.5508,0.0193,0.9555,0.0000,0.0000,0.0000,0.0000,0.0000,0.0000,0.0000,-0.0015,-0.2618,-0.2623,-2.5980,0.0000,0.0000,-2.5980
1791436638.5699,0.0191,0.7029,0.0000,0.0000,0.0000,0.0000,0.0000,0.0000,0.0000,-0.0015,-0.2618,-0.2623,-2.5980,0.0000,0.0000,-2.5980
1791436638.5937,0.0238,0.6686,0.0000,0.0000,0.0000,0.0000,0.0000,0.0000,0.0000,-0.0015,-0.2618,-0.2623,-2.5979,0.0000,0.0000,-2.5979
1791436638.6096,0.0159,0.3780,0.0000,0.0000,0.0000,0.0000,0.0000,0.0000,0.0000,-0.0015,-0.2618,-0.2623,-2.5979,0.0000,0.0000,-2.5979
1791436638.6296,0.0200,0.4985,0.0000,0.0000,0.0000,0.0000,0.0000,0.0000,0.0000,-0.0015,-0.2618,-0.2623,-2.5979,0.0000,0.0000,-2.5979
1791436638.6508,0.0212,0.8083,0.0000,0.0000,0.0000,0.0000,0.0000,0.0000,0.0000,-0.0015,-0.2618,-0.2623,-2.5979,0.0000,0.0000,-2.5979
1791436638.6704,0.0196,1.6560,0.0000,0.0000,0.0000,0.0000,0.0000,0.0000,0.0000,-0.0015,-0.2618,-0.2623,-2.5979,0.0000,0.0000,-2.5979
1791436638.6897,0.0192,0.8828,0.0000,0.0000,0.0000,0.0000,0.0000,0.0000,0.0000,-0.0015,-0.2618,-0.2623,-2.5980,0.0000,0.0000,-2.5980
1791436638.7100,0.0204,1.1133,0.0000,0.0000,0.0000,0.0000,0.0000,0.0000,0.0000,-0.0015,-0.2618,-0.2623,-2.5979,0.0000,0.0000,-2.5979
1791436638.7310,0.0210,0.5055,0.0000,0.0000,0.0000,0.0000,0.0000,0.0000,0.0000,-0.0015,-0.2618,-0.2623,-2.5979,0.0000,0.0000,-2.5979
1791436638.7505,0.0195,0.4377,0.0000,0.0000,0.0000,0.0000,0.0000,0.0000,0.0000,-0.0015,-0.2618,-0.2623,-2.5979,0.0000,0.0000,-2.5979
1791436638.7708,0.0203,0.7896,0.0000,0.0000,0.0000,0.0000,0.0000,0.0000,0.0000,-0.0015,-0.2618,-0.2623,-2.5980,0.0000,0.0000,-2.5980
1791436638.7899,0.0191,2.2510,0.0000,0.0000,0.0000,0.0000,0.0000,0.0000,0.0000,-0.0015,-0.2618,-0.2623,-2.5980,0.0000,0.0000,-2.5980
1791436638.8097,0.0198,1.0023,0.0000,0.0000,0.0000,0.0000,0.0000,0.0000,0.0000,-0.0015,-0.2618,-0.2623,-2.5980,0.0000,0.0000,-2.5980
1791436638.8297,0.0200,0.7003,0.0000,0.0000,0.0000,0.0000,0.0000,0.0000,0.0000,-0.0015,-0.2618,-0.2623,-2.5979,0.0000,0.0000,-2.5979
1791436638.8500,0.0202,0.4091,0.0000,0.0000,0.0000,0.0000,0.0000,0.0000,0.0000,-0.0015,-0.2618,-0.2623,-2.5979,0.0000,0.0000,-2.5979
1791436638.8698,0.0198,0.5798,0.0000,0.0000,0.0000,0.0000,0.0000,0.0000,0.0000,-0.0015,-0.2618,-0.2623,-2.5979,0.0000,0.0000,-2.5979
1791436638.8926,0.0228,0.6767,0.0000,0.0000,0.0000,0.0000,0.0000,0.0000,0.0000,-0.0015,-0.2618,-0.2623,-2.5979,0.0000,0.0000,-2.5979
1791436638.9099,0.0173,0.9575,0.0000,0.0000,0.0000,0.0000,0.0000,0.0000,0.0000,-0.0015,-0.2618,-0.2623,-2.5980,0.0000,0.0000,-2.5980
1791436638.9314,0.0216,0.5616,0.0000,0.0000,0.0000,0.0000,0.0000,0.0000,0.0000,-0.0015,-0.2618,-0.2623,-2.5980,0.0000,0.0000,-2.5980
1791436638.9502,0.0188,0.4920,0.0000,0.0000,0.0000,0.0000,0.0000,0.0000,0.0000,-0.0015,-0.2618,-0.2623,-2.5978,0.0000,0.0000,-2.5978
1791436638.9698,0.0195,0.5180,0.0000,0.0000,0.0000,0.0000,0.0000,0.0000,0.0000,-0.0015,-0.2618,-0.2623,-2.5980,0.0000,0.0000,-2.5980
1791436638.9899,0.0202,1.1397,0.0000,0.0000,0.0000,0.0000,0.0000,0.0000,0.0000,-0.0015,-0.2618,-0.2623,-2.5979,0.0000,0.0000,-2.5979
1791436639.0096,0.0197,0.4779,0.0000,0.0000,0.0000,0.0000,0.0000,0.0000,0.0000,-0.0015,-0.2618,-0.2623,-2.5979,0.0000,0.0000,-2.5979
1791436639.0305,0.0209,1.1243,0.0000,0.0000,0.0000,0.0000,0.0000,0.0000,0.0000,-0.0015,-0.2618,-0.2623,-2.5979,0.0000,0.0000,-2.5979
1791436639.0509,0.0204,1.6613,0.0000,0.0000,0.0000,0.0000,0.0000,0.0000,0.0000,-0.0015,-0.2618,-0.2623,-2.5980,0.0000,0.0000,-2.5980
1791436639.0712,0.0203,0.8324,0.0000,0.0000,0.0000,0.0000,0.0000,0.0000,0.0000,-0.0015,-0.2618,-0.2623,-2.5980,0.0000,0.0000,-2.5980
1791436639.0899,0.0187,0.5689,0.0000,0.0000,0.0000,0.0000,0.0000,0.0000,0.0000,-0.0015,-0.2618,-0.2623,-2.5980,0.0000,0.0000,-2.5980
1791436639.1097,0.0198,0.6880,0.0000,0.0000,0.0000,0.0000,0.0000,0.0000,0.0000,-0.0015,-0.2618,-0.2623,-2.5980,0.0000,0.0000,-2.5980
1791436639.1298,0.0201,0.7726,0.0000,0.0000,0.0000,0.0000,0.0000,0.0000,0.0000,-0.0015,-0.2618,-0.2623,-2.5979,0.0000,0.0000,-2.5979
1791436639.1502,0.0204,2.1193,0.0000,0.0000,0.0000,0.0000,0.0000,0.0000,0.0000,-0.0015,-0.2618,-0.2623,-2.5980,0.0000,0.0000,-2.5980
1791436639.1701,0.0200,0.9327,0.0000,0.0000,0.0000,0.0000,0.0000,0.0000,0.0000,-0.0015,-0.2618,-0.2623,-2.5979,0.0000,0.0000,-2.5979
1791436639.1899,0.0198,0.8205,0.0000,0.0000,0.0000,0.0000,0.0000,0.0000,0.0000,-0.0015,-0.2618,-0.2623,-2.5979,0.0000,0.0000,-2.5979
1791436639.2115,0.0216,5.8514,0.0000,0.0000,0.0000,0.0000,0.0000,0.0000,0.0000,-0.0015,-0.2618,-0.2623,-2.5980,0.0000,0.0000,-2.5980
1791436639.2297,0.0182,0.4443,0.0000,0.0000,0.0000,0.0000,0.0000,0.0000,0.0000,-0.0015,-0.2618,-0.2623,-2.5980,0.0000,0.0000,-2.5980
1791436639.2508,0.0211,0.4522,0.0000,0.0000,0.0000,0.0000,0.0000,0.0000,0.0000,-0.0015,-0.2618,-0.2623,-2.5980,0.0000,0.0000,-2.5980
1791436639.2699,0.0191,1.6805,0.0000,0.0000,0.0000,0.0000,0.0000,0.0000,0.0000,-0.0015,-0.2618,-0.2623,-2.5980,0.0000,0.0000,-2.5980
1791436639.2898,0.0200,1.6963,0.0000,0.0000,0.0000,0.0000,0.0000,0.0000,0.0000,-0.0015,-0.2618,-0.2623,-2.5980,0.0000,0.0000,-2.5980
1791436639.3098,0.0200,3.3018,0.0000,0.0000,0.0000,0.0000,0.0000,0.0000,0.0000,-0.0015,-0.2618,-0.2623,-2.5980,0.0000,0.0000,-2.5980
1791436639.3300,0.0202,3.0737,0.0000,0.0000,0.0000,0.0000,0.0000,0.0000,0.0000,-0.0015,-0.2618,-0.2623,-2.5980,0.0000,0.0000,-2.5980
1791436639.3503,0.0203,2.5371,0.0000,0.0000,0.0000,0.0000,0.0000,0.0000,0.0000,-0.0015,-0.2618,-0.2623,-2.5980,0.0000,0.0000,-2.5980
1791436639.3707,0.0204,2.8227,0.0000,0.0000,0.0000,0.0000,0.0000,0.0000,0.0000,-0.0015,-0.2618,-0.2623,-2.5980,0.0000,0.0000,-2.5980
1791436639.3907,0.0199,1.0037,0.0000,0.0000,0.0000,0.0000,0.0000,0.0000,0.0000,-0.0015,-0.2618,-0.2623,-2.5980,0.0000,0.0000,-2.5980
1791436639.4104,0.0197,1.3331,0.0000,0.0000,0.0000,0.0000,0.0000,0.0000,0.0000,-0.0015,-0.2618,-0.2623,-2.5980,0.0000,0.0000,-2.5980
1791436639.4305,0.0201,1.0186,0.0000,0.0000,0.0000,0.0000,0.0000,0.0000,0.0000,-0.0015,-0.2618,-0.2623,-2.5979,0.0000,0.0000,-2.5979
1791436639.4505,0.0200,0.6508,0.0000,0.0000,0.0000,0.0000,0.0000,0.0000,0.0000,-0.0015,-0.2618,-0.2623,-2.5980,0.0000,0.0000,-2.5980
1791436639.4703,0.0198,0.5951,0.0000,0.0000,0.0000,0.0000,0.0000,0.0000,0.0000,-0.0015,-0.2618,-0.2623,-2.5979,0.0000,0.0000,-2.5979
1791436639.4905,0.0202,3.9143,0.0000,0.0000,0.0000,0.0000,0.0000,0.0000,0.0000,-0.0015,-0.2618,-0.2623,-2.5979,0.0000,0.0000,-2.5979
1791436639.5098,0.0192,0.9378,0.0000,0.0000,0.0000,0.0000,0.0000,0.0000,0.0000,-0.0015,-0.2618,-0.2623,-2.5981,0.0000,0.0000,-2.5981
1791436639.5304,0.0207,0.4670,0.0000,0.0000,0.0000,0.0000,0.0000,0.0000,0.0000,-0.0015,-0.2618,-0.2623,-2.5979,0.0000,0.0000,-2.5979
1791436639.5580,0.0276,9.3848,0.0000,0.0000,0.0000,0.0000,0.0000,0.0000,0.0000,-0.0015,-0.2618,-0.2623,-2.5980,0.0000,0.0000,-2.5980
1791436639.5715,0.0134,1.0500,0.0000,0.0000,0.0000,0.0000,0.0000,0.0000,0.0000,-0.0015,-0.2618,-0.2623,-2.5979,0.0000,0.0000,-2.5979
1791436639.5900,0.0185,0.5305,0.0000,0.0000,0.0000,0.0000,0.0000,0.0000,0.0000,-0.0015,-0.2618,-0.2623,-2.5979,0.0000,0.0000,-2.5979
1791436639.6097,0.0198,1.5103,0.0000,0.0000,0.0000,0.0000,0.0000,0.0000,0.0000,-0.0015,-0.2618,-0.2623,-2.5980,0.0000,0.0000,-2.5980
1791436639.6300,0.0203,1.0957,0.0000,0.0000,0.0000,0.0000,0.0000,0.0000,0.0000,-0.0015,-0.2618,-0.2623,-2.5980,0.0000,0.0000,-2.5980
1791436639.6510,0.0210,0.5794,0.0000,0.0000,0.0000,0.0000,0.0000,0.0000,0.0000,-0.0015,-0.2618,-0.2623,-2.5979,0.0000,0.0000,-2.5979
1791436639.6698,0.0188,1.2445,0.0000,0.0000,0.0000,0.0000,0.0000,0.0000,0.0000,-0.0015,-0.2618,-0.2623,-2.5980,0.0000,0.0000,-2.5980
1791436639.6902,0.0204,3.2239,0.0000,0.0000,0.0000,0.0000,0.0000,0.0000,0.0000,-0.0015,-0.2618,-0.2623,-2.5980,0.0000,0.0000,-2.5980
1791436639.7110,0.0209,2.1556,0.0000,0.0000,0.0000,0.0000,0.0000,0.0000,0.0000,-0.0015,-0.2618,-0.2623,-2.5980,0.0000,0.0000,-2.5980
1791436639.7298,0.0188,2.8703,0.0000,0.0000,0.0000,0.0000,0.0000,0.0000,0.0000,-0.0015,-0.2618,-0.2623,-2.5979,0.0000,0.0000,-2.5979
1791436639.7500,0.0202,1.0132,0.0000,0.0000,0.0000,0.0000,0.0000,0.0000,0.0000,-0.0015,-0.2618,-0.2623,-2.5978,0.0000,0.0000,-2.5978
1791436639.7706,0.0206,2.8875,0.0000,0.0000,0.0000,0.0000,0.0000,0.0000,0.0000,-0.0015,-0.2618,-0.2623,-2.5980,0.0000,0.0000,-2.5980
1791436639.7901,0.0195,2.9238,0.0000,0.0000,0.0000,0.0000,0.0000,0.0000,0.0000,-0.0015,-0.2618,-0.2623,-2.5980,0.0000,0.0000,-2.5980
1791436639.8098,0.0197,2.4985,0.0000,0.0000,0.0000,0.0000,0.0000,0.0000,0.0000,-0.0015,-0.2618,-0.2623,-2.5980,0.0000,0.0000,-2.5980
1791436639.8298,0.0200,0.6982,0.0000,0.0000,0.0000,0.0000,0.0000,0.0000,0.0000,-0.0015,-0.2618,-0.2623,-2.5979,0.0000,0.0000,-2.5979
1791436639.8509,0.0212,1.0768,0.0000,0.0000,0.0000,0.0000,0.0000,0.0000,0.0000,-0.0015,-0.2618,-0.2623,-2.5980,0.0000,0.0000,-2.5980
1791436639.8700,0.0191,0.9431,0.0000,0.0000,0.0000,0.0000,0.0000,0.0000,0.0000,-0.0015,-0.2618,-0.2623,-2.5981,0.0000,0.0000,-2.5981
1791436639.8921,0.0221,0.7678,0.0000,0.0000,0.0000,0.0000,0.0000,0.0000,0.0000,-0.0015,-0.2618,-0.2623,-2.5979,0.0000,0.0000,-2.5979
1791436639.9098,0.0176,0.8015,0.0000,0.0000,0.0000,0.0000,0.0000,0.0000,0.0000,-0.0015,-0.2618,-0.2623,-2.5979,0.0000,0.0000,-2.5979
1791436639.9336,0.0239,8.7235,0.0000,0.0000,0.0000,0.0000,0.0000,0.0000,0.0000,-0.0015,-0.2618,-0.2623,-2.5979,0.0000,0.0000,-2.5979
1791436639.9504,0.0168,2.8025,0.0000,0.0000,0.0000,0.0000,0.0000,0.0000,0.0000,-0.0015,-0.2618,-0.2623,-2.5979,0.0000,0.0000,-2.5979
1791436639.9704,0.0200,3.0117,0.0000,0.0000,0.0000,0.0000,0.0000,0.0000,0.0000,-0.0015,-0.2618,-0.2623,-2.5980,0.0000,0.0000,-2.5980
1791436639.9899,0.0195,5.3949,0.0000,0.0000,0.0000,0.0000,0.0000,0.0000,0.0000,-0.0015,-0.2618,-0.2623,-2.5980,0.0000,0.0000,-2.5980
1791436640.0098,0.0199,0.8781,0.0000,0.0000,0.0000,0.0000,0.0000,0.0000,0.0000,-0.0015,-0.2618,-0.2623,-2.5979,0.0000,0.0000,-2.5979
1791436640.0303,0.0205,5.7064,0.0000,0.0000,0.0000,0.0000,0.0000,0.0000,0.0000,-0.0015,-0.2618,-0.2623,-2.5980,0.0000,0.0000,-2.5980
1791436640.0506,0.0204,0.3510,0.0000,0.0000,0.0000,0.0000,0.0000,0.0000,0.0000,-0.0015,-0.2618,-0.2623,-2.5980,0.0000,0.0000,-2.5980
1791436640.0705,0.0199,3.0140,0.0000,0.0000,0.0000,0.0000,0.0000,0.0000,0.0000,-0.0015,-0.2618,-0.2623,-2.5981,0.0000,0.0000,-2.5981
1791436640.0924,0.0219,1.3852,0.0000,0.0000,0.0000,0.0000,0.0000,0.0000,0.0000,-0.0015,-0.2618,-0.2623,-2.5980,0.0000,0.0000,-2.5980
1791436640.1097,0.0173,0.6265,0.0000,0.0000,0.0000,0.0000,0.0000,0.0000,0.0000,-0.0015,-0.2618,-0.2623,-2.5980,0.0000,0.0000,-2.5980
1791436640.1299,0.0202,1.0666,0.0000,0.0000,0.0000,0.0000,0.0000,0.0000,0.0000,-0.0015,-0.2618,-0.2623,-2.5980,0.0000,0.0000,-2.5980
1791436640.1503,0.0203,0.3994,0.0000,0.0000,0.0000,0.0000,0.0000,0.0000,0.0000,-0.0015,-0.2618,-0.2623,-2.5979,0.0000,0.0000,-2.5979
1791436640.1705,0.0202,0.6604,0.0000,0.0000,0.0000,0.0000,0.0000,0.0000,0.0000,-0.0015,-0.2618,-0.2623,-2.5979,0.0000,0.0000,-2.5979
1791436640.1899,0.0194,1.5876,0.0000,0.0000,0.0000,0.0000,0.0000,0.0000,0.0000,-0.0015,-0.2618,-0.2623,-2.5980,0.0000,0.0000,-2.5980
1791436640.2098,0.0199,0.9678,0.0000,0.0000,0.0000,0.0000,0.0000,0.0000,0.0000,-0.0015,-0.2618,-0.2623,-2.5980,0.0000,0.0000,-2.5980
1791436640.2298,0.0201,1.1029,0.0000,0.0000,0.0000,0.0000,0.0000,0.0000,0.0000,-0.0015,-0.2618,-0.2623,-2.5980,0.0000,0.0000,-2.5980
1791436640.2501,0.0203,0.8215,0.0000,0.0000,0.0000,0.0000,0.0000,0.0000,0.0000,-0.0015,-0.2618,-0.2623,-2.5980,0.0000,0.0000,-2.5980
1791436640.2705,0.0204,1.7500,0.0000,0.0000,0.0000,0.0000,0.0000,0.0000,0.0000,-0.0015,-0.2618,-0.2623,-2.5980,0.0000,0.0000,-2.5980
1791436640.2905,0.0199,0.5168,0.0000,0.0000,0.0000,0.0000,0.0000,0.0000,0.0000,-0.0015,-0.2618,-0.2623,-2.5980,0.0000,0.0000,-2.5980
1791436640.3114,0.0210,0.9327,0.0000,0.0000,0.0000,0.0000,0.0000,0.0000,0.0000,-0.0015,-0.2618,-0.2623,-2.5980,0.0000,0.0000,-2.5980
1791436640.3304,0.0190,2.2565,0.0000,0.0000,0.0000,0.0000,0.0000,0.0000,0.0000,-0.0015,-0.2618,-0.2623,-2.5980,0.0000,0.0000,-2.5980
1791436640.3499,0.0195,2.2369,0.0000,0.0000,0.0000,0.0000,0.0000,0.0000,0.0000,-0.0015,-0.2618,-0.2623,-2.5980,0.0000,0.0000,-2.5980
1791436640.3712,0.0212,0.6341,0.0000,0.0000,0.0000,0.0000,0.0000,0.0000,0.0000,-0.0015,-0.2618,-0.2623,-2.5980,0.0000,0.0000,-2.5980
1791436640.3924,0.0213,2.0873,0.0000,0.0000,0.0000,0.0000,0.0000,0.0000,0.0000,-0.0015,-0.2618,-0.2623,-2.5980,0.0000,0.0000,-2.5980
1791436640.4098,0.0173,1.0905,0.0000,0.0000,0.0000,0.0000,0.0000,0.0000,0.0000,-0.0015,-0.2618,-0.2623,-2.5980,0.0000,0.0000,-2.5980
1791436640.4309,0.0211,0.9848,0.0000,0.0000,0.0000,0.0000,0.0000,0.0000,0.0000,-0.0015,-0.2618,-0.2623,-2.5980,0.0000,0.0000,-2.5980
1791436640.4504,0.0195,0.8448,0.0000,0.0000,0.0000,0.0000,0.0000,0.0000,0.0000,-0.0015,-0.2618,-0.2623,-2.5979,0.0000,0.0000,-2.5979
1791436640.4708,0.0204,2.9994,0.0000,0.0000,0.0000,0.0000,0.0000,0.0000,0.0000,-0.0015,-0.2618,-0.2623,-2.5980,0.0000,0.0000,-2.5980
1791436640.4897,0.0190,4.2873,0.0000,0.0000,0.0000,0.0000,0.0000,0.0000,0.0000,-0.0015,-0.2618,-0.2623,-2.5979,0.0000,0.0000,-2.5979
1791436640.5097,0.0200,1.0660,0.0000,0.0000,0.0000,0.0000,0.0000,0.0000,0.0000,-0.0015,-0.2618,-0.2623,-2.5980,0.0000,0.0000,-2.5980
1791436640.5298,0.0202,3.3048,0.0000,0.0000,0.0000,0.0000,0.0000,0.0000,0.0000,-0.0015,-0.2618,-0.2623,-2.5980,0.0000,0.0000,-2.5980
1791436640.5507,0.0208,3.6762,0.0000,0.0000,0.0000,0.0000,0.0000,0.0000,0.0000,-0.0015,-0.2618,-0.2623,-2.5980,0.0000,0.0000,-2.5980
1791436640.5708,0.0201,0.8183,0.0000,0.0000,0.0000,0.0000,0.0000,0.0000,0.0000,-0.0015,-0.2618,-0.2623,-2.5980,0.0000,0.0000,-2.5980
1791436640.5897,0.0189,0.5944,0.0000,0.0000,0.0000,0.0000,0.0000,0.0000,0.0000,-0.0015,-0.2618,-0.2623,-2.5981,0.0000,0.0000,-2.5981
1791436640.6097,0.0201,0.5723,0.0000,0.0000,0.0000,0.0000,0.0000,0.0000,0.0000,-0.0015,-0.2618,-0.2623,-2.5981,0.0000,0.0000,-2.5981
1791436640.6303,0.0206,0.5064,0.0000,0.0000,0.0000,0.0000,0.0000,0.0000,0.0000,-0.0015,-0.2618,-0.2623,-2.5980,0.0000,0.0000,-2.5980
1791436640.6501,0.0198,0.3984,0.0000,0.0000,0.0000,0.0000,0.0000,0.0000,0.0000,-0.0015,-0.2618,-0.2623,-2.5979,0.0000,0.0000,-2.5979
1791436640.6716,0.0214,3.5621,0.0000,0.0000,0.0000,0.0000,0.0000,0.0000,0.0000,-0.0015,-0.2618,-0.2623,-2.5980,0.0000,0.0000,-2.5980
1791436640.6898,0.0183,8.1908,0.0000,0.0000,0.0000,0.0000,0.0000,0.0000,0.0000,-0.0015,-0.2618,-0.2623,-2.5980,0.0000,0.0000,-2.5980
1791436640.7098,0.0200,7.0557,0.0000,0.0000,0.0000,0.0000,0.0000,0.0000,0.0000,-0.0015,-0.2618,-0.2623,-2.5980,0.0000,0.0000,-2.5980
1791436640.7297,0.0199,3.3979,0.0000,0.0000,0.0000,0.0000,0.0000,0.0000,0.0000,-0.0015,-0.2618,-0.2623,-2.5980,0.0000,0.0000,-2.5980
1791436640.7513,0.0216,0.6398,0.0000,0.0000,0.0000,0.0000,0.0000,0.0000,0.0000,-0.0015,-0.2618,-0.2623,-2.5980,0.0000,0.0000,-2.5980
1791436640.7700,0.0187,3.2036,0.0000,0.0000,0.0000,0.0000,0.0000,0.0000,0.0000,-0.0015,-0.2618,-0.2623,-2.5980,0.0000,0.0000,-2.5980
1791436640.7898,0.0198,8.4575,0.0000,0.0000,0.0000,0.0000,0.0000,0.0000,0.0000,-0.0015,-0.2618,-0.2623,-2.5980,0.0000,0.0000,-2.5980
1791436640.8106,0.0208,1.9094,0.0000,0.0000,0.0000,0.0000,0.0000,0.0000,0.0000,-0.0015,-0.2618,-0.2623,-2.5980,0.0000,0.0000,-2.5980
1791436640.8300,0.0195,0.4738,0.0000,0.0000,0.0000,0.0000,0.0000,0.0000,0.0000,-0.0015,-0.2618,-0.2623,-2.5980,0.0000,0.0000,-2.5980
1791436640.8502,0.0201,0.4388,0.0000,0.0000,0.0000,0.0000,0.0000,0.0000,0.0000,-0.0015,-0.2618,-0.2623,-2.5980,0.0000,0.0000,-2.5980
1791436640.8697,0.0196,4.4695,0.0000,0.0000,0.0000,0.0000,0.0000,0.0000,0.0000,-0.0015,-0.2618,-0.2623,-2.5980,0.0000,0.0000,-2.5980
1791436640.8898,0.0201,2.8757,0.0000,0.0000,0.0000,0.0000,0.0000,0.0000,0.0000,-0.0015,-0.2618,-0.2623,-2.5981,0.0000,0.0000,-2.5981
1791436640.9104,0.0206,0.4521,0.0000,0.0000,0.0000,0.0000,0.0000,0.0000,0.0000,-0.0015,-0.2618,-0.2623,-2.5980,0.0000,0.0000,-2.5980
1791436640.9316,0.0213,1.2240,0.0000,0.0000,0.0000,0.0000,0.0000,0.0000,0.0000,-0.0015,-0.2618,-0.2623,-2.5980,0.0000,0.0000,-2.5980
1791436640.9529,0.0213,0.4409,0.0000,0.0000,0.0000,0.0000,0.0000,0.0000,0.0000,-0.0015,-0.2618,-0.2623,-2.5980,0.0000,0.0000,-2.5980
1791436640.9704,0.0175,0.7283,0.0000,0.0000,0.0000,0.0000,0.0000,0.0000,0.0000,-0.0015,-0.2618,-0.2623,-2.5980,0.0000,0.0000,-2.5980
1791436640.9899,0.0195,3.6408,0.0000,0.0000,0.0000,0.0000,0.0000,0.0000,0.0000,-0.0015,-0.2618,-0.2623,-2.5981,0.0000,0.0000,-2.5981
1791436641.0098,0.0199,0.8881,0.0000,0.0000,0.0000,0.0000,0.0000,0.0000,0.0000,-0.0015,-0.2618,-0.2623,-2.5980,0.0000,0.0000,-2.5980
1791436641.0302,0.0204,2.0593,0.0000,0.0000,0.0000,0.0000,0.0000,0.0000,0.0000,-0.0015,-0.2618,-0.2623,-2.5980,0.0000,0.0000,-2.5980
1791436641.0498,0.0196,0.4061,0.0000,0.0000,0.0000,0.0000,0.0000,0.0000,0.0000,-0.0015,-0.2618,-0.2623,-2.5980,0.0000,0.0000,-2.5980
1791436641.0705,0.0207,1.2519,0.0000,0.0000,0.0000,0.0000,0.0000,0.0000,0.0000,-0.0015,-0.2618,-0.2623,-2.5981,0.0000,0.0000,-2.5981
1791436641.0898,0.0193,3.1645,0.0000,0.0000,0.0000,0.0000,0.0000,0.0000,0.0000,-0.0015,-0.2618,-0.2623,-2.5980,0.0000,0.0000,-2.5980
1791436641.1115,0.0216,0.6910,0.0000,0.0000,0.0000,0.0000,0.0000,0.0000,0.0000,-0.0015,-0.2618,-0.2623,-2.5980,0.0000,0.0000,-2.5980
1791436641.1297,0.0182,1.2501,0.0000,0.0000,0.0000,0.0000,0.0000,0.0000,0.0000,-0.0015,-0.2618,-0.2623,-2.5981,0.0000,0.0000,-2.5981
1791436641.1539,0.0242,0.9746,0.0000,0.0000,0.0000,0.0000,0.0000,0.0000,0.0000,-0.0015,-0.2618,-0.2623,-2.5981,0.0000,0.0000,-2.5981
1791436641.1698,0.0159,1.0709,0.0000,0.0000,0.0000,0.0000,0.0000,0.0000,0.0000,-0.0015,-0.2618,-0.2623,-2.5980,0.0000,0.0000,-2.5980
1791436641.1898,0.0200,2.3721,0.0000,0.0000,0.0000,0.0000,0.0000,0.0000,0.0000,-0.0015,-0.2618,-0.2623,-2.5981,0.0000,0.0000,-2.5981
1791436641.2105,0.0208,0.8163,0.0000,0.0000,0.0000,0.0000,0.0000,0.0000,0.0000,-0.0015,-0.2618,-0.2623,-2.5980,0.0000,0.0000,-2.5980
1791436641.2297,0.0192,1.9593,0.0000,0.0000,0.0000,0.0000,0.0000,0.0000,0.0000,-0.0015,-0.2618,-0.2623,-2.5981,0.0000,0.0000,-2.5981
1791436641.2503,0.0206,5.9687,0.0000,0.0000,0.0000,0.0000,0.0000,0.0000,0.0000,-0.0015,-0.2618,-0.2623,-2.5980,0.0000,0.0000,-2.5980
1791436641.2704,0.0202,0.9690,0.0000,0.0000,0.0000,0.0000,0.0000,0.0000,0.0000,-0.0015,-0.2618,-0.2623,-2.5980,0.0000,0.0000,-2.5980
1791436641.2897,0.0192,1.5079,0.0000,0.0000,0.0000,0.0000,0.0000,0.0000,0.0000,-0.0015,-0.2618,-0.2623,-2.5981,0.0000,0.0000,-2.5981
1791436641.3097,0.0200,1.2063,0.0000,0.0000,0.0000,0.0000,0.0000,0.0000,0.0000,-0.0015,-0.2618,-0.2623,-2.5980,0.0000,0.0000,-2.5980
1791436641.3301,0.0204,4.1793,0.0000,0.0000,0.0000,0.0000,0.0000,0.0000,0.0000,-0.0015,-0.2618,-0.2623,-2.5981,0.0000,0.0000,-2.5981
1791436641.3508,0.0207,1.9521,0.0000,0.0000,0.0000,0.0000,0.0000,0.0000,0.0000,-0.0015,-0.2618,-0.2623,-2.5981,0.0000,0.0000,-2.5981
1791436641.3699,0.0191,1.2662,0.0000,0.0000,0.0000,0.0000,0.0000,0.0000,0.0000,-0.0015,-0.2618,-0.2623,-2.5980,0.0000,0.0000,-2.5980
1791436641.3896,0.0198,0.5210,0.0000,0.0000,0.0000,0.0000,0.0000,0.0000,0.0000,-0.0015,-0.2618,-0.2623,-2.5980,0.0000,0.0000,-2.5980
1791436641.4101,0.0205,0.8212,0.0000,0.0000,0.0000,0.0000,0.0000,0.0000,0.0000,-0.0015,-0.2618,-0.2623,-2.5980,0.0000,0.0000,-2.5980
1791436641.4298,0.0197,1.1496,0.0000,0.0000,0.0000,0.0000,0.0000,0.0000,0.0000,-0.0015,-0.2618,-0.2623,-2.5981,0.0000,0.0000,-2.5981
1791436641.4500,0.0202,0.5615,0.0000,0.0000,0.0000,0.0000,0.0000,0.0000,0.0000,-0.0015,-0.2618,-0.2623,-2.5981,0.0000,0.0000,-2.5981
1791436641.4704,0.0204,1.1897,0.0000,0.0000,0.0000,0.0000,0.0000,0.0000,0.0000,-0.0015,-0.2618,-0.2623,-2.5979,0.0000,0.0000,-2.5979
1791436641.4900,0.0196,0.9668,0.0000,0.0000,0.0000,0.0000,0.0000,0.0000,0.0000,-0.0015,-0.2618,-0.2623,-2.5980,0.0000,0.0000,-2.5980
1791436641.5130,0.0230,0.9145,0.0000,0.0000,0.0000,0.0000,0.0000,0.0000,0.0000,-0.0015,-0.2618,-0.2623,-2.5980,0.0000,0.0000,-2.5980
1791436641.5321,0.0190,0.6866,0.0000,0.0000,0.0000,0.0000,0.0000,0.0000,0.0000,-0.0015,-0.2618,-0.2623,-2.5980,0.0000,0.0000,-2.5980
1791436641.5508,0.0188,2.2851,0.0000,0.0000,0.0000,0.0000,0.0000,0.0000,0.0000,-0.0015,-0.2618,-0.2623,-2.5979,0.0000,0.0000,-2.5979
1791436641.5697,0.0189,0.4807,0.0000,0.0000,0.0000,0.0000,0.0000,0.0000,0.0000,-0.0015,-0.2618,-0.2623,-2.5981,0.0000,0.0000,-2.5981
1791436641.5897,0.0200,2.6657,0.0000,0.0000,0.0000,0.0000,0.0000,0.0000,0.0000,-0.0015,-0.2618,-0.2623,-2.5981,0.0000,0.0000,-2.5981
1791436641.6097,0.0200,0.8230,0.0000,0.0000,0.0000,0.0000,0.0000,0.0000,0.0000,-0.0015,-0.2618,-0.2623,-2.5981,0.0000,0.0000,-2.5981
1791436641.6299,0.0201,0.9296,0.0000,0.0000,0.0000,0.0000,0.0000,0.0000,0.0000,-0.0015,-0.2618,-0.2623,-2.5980,0.0000,0.0000,-2.5980
1791436641.6505,0.0206,0.8288,0.0000,0.0000,0.0000,0.0000,0.0000,0.0000,0.0000,-0.0015,-0.2618,-0.2623,-2.5980,0.0000,0.0000,-2.5980
1791436641.6725,0.0221,1.8208,0.0000,0.0000,0.0000,0.0000,0.0000,0.0000,0.0000,-0.0015,-0.2618,-0.2623,-2.5980,0.0000,0.0000,-2.5980
1791436641.6901,0.0175,1.0948,0.0000,0.0000,0.0000,0.0000,0.0000,0.0000,0.0000,-0.0015,-0.2618,-0.2623,-2.5981,0.0000,0.0000,-2.5981
1791436641.7125,0.0224,1.1495,0.0000,0.0000,0.0000,0.0000,0.0000,0.0000,0.0000,-0.0015,-0.2618,-0.2623,-2.5981,0.0000,0.0000,-2.5981
1791436641.7297,0.0172,0.5256,0.0000,0.0000,0.0000,0.0000,0.0000,0.0000,0.0000,-0.0015,-0.2618,-0.2623,-2.5981,0.0000,0.0000,-2.5981
1791436641.7530,0.0233,3.7616,0.0000,0.0000,0.0000,0.0000,0.0000,0.0000,0.0000,-0.0015,-0.2618,-0.2623,-2.5980,0.0000,0.0000,-2.5980
1791436641.7698,0.0168,3.7957,0.0000,0.0000,0.0000,0.0000,0.0000,0.0000,0.0000,-0.0015,-0.2618,-0.2623,-2.5980,0.0000,0.0000,-2.5980
1791436641.7900,0.0202,0.6457,0.0000,0.0000,0.0000,0.0000,0.0000,0.0000,0.0000,-0.0015,-0.2618,-0.2623,-2.5980,0.0000,0.0000,-2.5980
1791436641.8097,0.0196,0.6328,0.0000,0.0000,0.0000,0.0000,0.0000,0.0000,0.0000,-0.0015,-0.2618,-0.2623,-2.5980,0.0000,0.0000,-2.5980
1791436641.8297,0.0200,2.2844,0.0000,0.0000,0.0000,0.0000,0.0000,0.0000,0.0000,-0.0015,-0.2618,-0.2623,-2.5981,0.0000,0.0000,-2.5981
1791436641.8500,0.0203,2.7437,0.0000,0.0000,0.0000,0.0000,0.0000,0.0000,0.0000,-0.0015,-0.2618,-0.2623,-2.5981,0.0000,0.0000,-2.5981
1791436641.8707,0.0207,2.5691,0.0000,0.0000,0.0000,0.0000,0.0000,0.0000,0.0000,-0.0015,-0.2618,-0.2623,-2.5981,0.0000,0.0000,-2.5981
1791436641.8902,0.0195,5.3841,0.0000,0.0000,0.0000,0.0000,0.0000,0.0000,0.0000,-0.0015,-0.2618,-0.2623,-2.5980,0.0000,0.0000,-2.5980
1791436641.9098,0.0196,3.2882,0.0000,0.0000,0.0000,0.0000,0.0000,0.0000,0.0000,-0.0015,-0.2618,-0.2623,-2.5980,0.0000,0.0000,-2.5980
1791436641.9298,0.0200,0.6718,0.0000,0.0000,0.0000,0.0000,0.0000,0.0000,0.0000,-0.0015,-0.2618,-0.2623,-2.5980,0.0000,0.0000,-2.5980
1791436641.9525,0.0228,4.5189,0.0000,0.0000,0.0000,0.0000,0.0000,0.0000,0.0000,-0.0015,-0.2618,-0.2623,-2.5980,0.0000,0.0000,-2.5980
1791436641.9705,0.0179,0.8128,0.0000,0.0000,0.0000,0.0000,0.0000,0.0000,0.0000,-0.0015,-0.2618,-0.2623,-2.5980,0.0000,0.0000,-2.5980
1791436641.9901,0.0196,0.7139,0.0000,0.0000,0.0000,0.0000,0.0000,0.0000,0.0000,-0.0015,-0.2618,-0.2623,-2.5980,0.0000,0.0000,-2.5980
1791436642.0101,0.0201,0.5865,0.0000,0.0000,0.0000,0.0000,0.0000,0.0000,0.0000,-0.0015,-0.2618,-0.2623,-2.5981,0.0000,0.0000,-2.5981
1791436642.0297,0.0195,0.4850,0.0000,0.0000,0.0000,0.0000,0.0000,0.0000,0.0000,-0.0015,-0.2618,-0.2623,-2.5981,0.0000,0.0000,-2.5981
1791436642.0512,0.0215,0.5442,0.0000,0.0000,0.0000,0.0000,0.0000,0.0000,0.0000,-0.0015,-0.2618,-0.2623,-2.5981,0.0000,0.0000,-2.5981
1791436642.0698,0.0186,5.6002,0.0000,0.0000,0.0000,0.0000,0.0000,0.0000,0.0000,-0.0015,-0.2618,-0.2623,-2.5980,0.0000,0.0000,-2.5980
1791436642.0898,0.0200,5.1069,0.0000,0.0000,0.0000,0.0000,0.0000,0.0000,0.0000,-0.0015,-0.2618,-0.2623,-2.5981,0.0000,0.0000,-2.5981
1791436642.1102,0.0205,0.4467,0.0000,0.0000,0.0000,0.0000,0.0000,0.0000,0.0000,-0.0015,-0.2618,-0.2623,-2.5981,0.0000,0.0000,-2.5981
1791436642.1297,0.0195,0.4644,0.0000,0.0000,0.0000,0.0000,0.0000,0.0000,0.0000,-0.0015,-0.2618,-0.2623,-2.5981,0.0000,0.0000,-2.5981
1791436642.1500,0.0203,0.4205,0.0000,0.0000,0.0000,0.0000,0.0000,0.0000,0.0000,-0.0015,-0.2618,-0.2623,-2.5980,0.0000,0.0000,-2.5980
1791436642.1700,0.0201,2.4968,0.0000,0.0000,0.0000,0.0000,0.0000,0.0000,0.0000,-0.0015,-0.2618,-0.2623,-2.5981,0.0000,0.0000,-2.5981
1791436642.1897,0.0196,1.1015,0.0000,0.0000,0.0000,0.0000,0.0000,0.0000,0.0000,-0.0015,-0.2618,-0.2623,-2.5981,0.0000,0.0000,-2.5981
1791436642.2095,0.0199,0.7083,0.0000,0.0000,0.0000,0.0000,0.0000,0.0000,0.0000,-0.0015,-0.2618,-0.2623,-2.5980,0.0000,0.0000,-2.5980
1791436642.2297,0.0202,0.4666,0.0000,0.0000,0.0000,0.0000,0.0000,0.0000,0.0000,-0.0015,-0.2618,-0.2623,-2.5981,0.0000,0.0000,-2.5981
1791436642.2500,0.0203,0.4085,0.0000,0.0000,0.0000,0.0000,0.0000,0.0000,0.0000,-0.0015,-0.2618,-0.2623,-2.5980,0.0000,0.0000,-2.5980
1791436642.2698,0.0198,1.4818,0.0000,0.0000,0.0000,0.0000,0.0000,0.0000,0.0000,-0.0015,-0.2618,-0.2623,-2.5981,0.0000,0.0000,-2.5981
1791436642.2900,0.0201,5.5209,0.0000,0.0000,0.0000,0.0000,0.0000,0.0000,0.0000,-0.0015,-0.2618,-0.2623,-2.5982,0.0000,0.0000,-2.5982
1791436642.3105,0.0206,1.0376,0.0000,0.0000,0.0000,0.0000,0.0000,0.0000,0.0000,-0.0015,-0.2618,-0.2623,-2.5981,0.0000,0.0000,-2.5981
1791436642.3305,0.0200,4.2868,0.0000,0.0000,0.0000,0.0000,0.0000,0.0000,0.0000,-0.0015,-0.2618,-0.2623,-2.5980,0.0000,0.0000,-2.5980
1791436642.3507,0.0202,0.4051,0.0000,0.0000,0.0000,0.0000,0.0000,0.0000,0.0000,-0.0015,-0.2618,-0.2623,-2.5980,0.0000,0.0000,-2.5980
1791436642.3698,0.0191,0.7976,0.0000,0.0000,0.0000,0.0000,0.0000,0.0000,0.0000,-0.0015,-0.2618,-0.2623,-2.5980,0.0000,0.0000,-2.5980
1791436642.3900,0.0202,0.8020,0.0000,0.0000,0.0000,0.0000,0.0000,0.0000,0.0000,-0.0015,-0.2618,-0.2623,-2.5981,0.0000,0.0000,-2.5981
1791436642.4098,0.0197,1.1144,0.0000,0.0000,0.0000,0.0000,0.0000,0.0000,0.0000,-0.0015,-0.2618,-0.2623,-2.5982,0.0000,0.0000,-2.5982
1791436642.4303,0.0206,2.1034,0.0000,0.0000,0.0000,0.0000,0.0000,0.0000,0.0000,-0.0015,-0.2618,-0.2623,-2.5981,0.0000,0.0000,-2.5981
1791436642.4531,0.0228,1.0964,0.0000,0.0000,0.0000,0.0000,0.0000,0.0000,0.0000,-0.0015,-0.2618,-0.2623,-2.5981,0.0000,0.0000,-2.5981
1791436642.4705,0.0174,2.7403,0.0000,0.0000,0.0000,0.0000,0.0000,0.0000,0.0000,-0.0015,-0.2618,-0.2623,-2.5981,0.0000,0.0000,-2.5981
1791436642.4897,0.0192,3.8963,0.0000,0.0000,0.0000,0.0000,0.0000,0.0000,0.0000,-0.0015,-0.2618,-0.2623,-2.5981,0.0000,0.0000,-2.5981
1791436642.5096,0.0199,2.0031,0.0000,0.0000,0.0000,0.0000,0.0000,0.0000,0.0000,-0.0015,-0.2618,-0.2623,-2.5981,0.0000,0.0000,-2.5981
1791436642.5298,0.0202,0.6609,0.0000,0.0000,0.0000,0.0000,0.0000,0.0000,0.0000,-0.0015,-0.2618,-0.2623,-2.5981,0.0000,0.0000,-2.5981
1791436642.5504,0.0206,1.0005,0.0000,0.0000,0.0000,0.0000,0.0000,0.0000,0.0000,-0.0015,-0.2618,-0.2623,-2.5980,0.0000,0.0000,-2.5980
1791436642.5698,0.0195,1.0809,0.0000,0.0000,0.0000,0.0000,0.0000,0.0000,0.0000,-0.0015,-0.2618,-0.2623,-2.5981,0.0000,0.0000,-2.5981
1791436642.5936,0.0238,0.5014,0.0000,0.0000,0.0000,0.0000,0.0000,0.0000,0.0000,-0.0015,-0.2618,-0.2623,-2.5981,0.0000,0.0000,-2.5981
1791436642.6099,0.0163,0.8499,0.0000,0.0000,0.0000,0.0000,0.0000,0.0000,0.0000,-0.0015,-0.2618,-0.2623,-2.5981,0.0000,0.0000,-2.5981
1791436642.6298,0.0199,0.5888,0.0000,0.0000,0.0000,0.0000,0.0000,0.0000,0.0000,-0.0015,-0.2618,-0.2623,-2.5981,0.0000,0.0000,-2.5981
1791436642.6506,0.0209,0.3054,0.0000,0.0000,0.0000,0.0000,0.0000,0.0000,0.0000,-0.0015,-0.2618,-0.2623,-2.5981,0.0000,0.0000,-2.5981
1791436642.6697,0.0191,0.5526,0.0000,0.0000,0.0000,0.0000,0.0000,0.0000,0.0000,-0.0015,-0.2618,-0.2623,-2.5981,0.0000,0.0000,-2.5981
1791436642.6899,0.0202,0.8898,0.0000,0.0000,0.0000,0.0000,0.0000,0.0000,0.0000,-0.0015,-0.2618,-0.2623,-2.5980,0.0000,0.0000,-2.5980
1791436642.7098,0.0199,1.4770,0.0000,0.0000,0.0000,0.0000,0.0000,0.0000,0.0000,-0.0015,-0.2618,-0.2623,-2.5981,0.0000,0.0000,-2.5981
1791436642.7317,0.0219,1.6671,0.0000,0.0000,0.0000,0.0000,0.0000,0.0000,0.0000,-0.0015,-0.2618,-0.2623,-2.5981,0.0000,0.0000,-2.5981
1791436642.7531,0.0214,0.7129,0.0000,0.0000,0.0000,0.0000,0.0000,0.0000,0.0000,-0.0015,-0.2618,-0.2623,-2.5980,0.0000,0.0000,-2.5980
1791436642.7698,0.0167,5.4334,0.0000,0.0000,0.0000,0.0000,0.0000,0.0000,0.0000,-0.0015,-0.2618,-0.2623,-2.5980,0.0000,0.0000,-2.5980
1791436642.7898,0.0200,4.9753,0.0000,0.0000,0.0000,0.0000,0.0000,0.0000,0.0000,-0.0015,-0.2618,-0.2623,-2.5980,0.0000,0.0000,-2.5980
1791436642.8095,0.0197,2.8710,0.0000,0.0000,0.0000,0.0000,0.0000,0.0000,0.0000,-0.0015,-0.2618,-0.2623,-2.5980,0.0000,0.0000,-2.5980
1791436642.8297,0.0202,0.5190,0.0000,0.0000,0.0000,0.0000,0.0000,0.0000,0.0000,-0.0015,-0.2618,-0.2623,-2.5981,0.0000,0.0000,-2.5981
1791436642.8519,0.0222,0.8039,0.0000,0.0000,0.0000,0.0000,0.0000,0.0000,0.0000,-0.0015,-0.2618,-0.2623,-2.5981,0.0000,0.0000,-2.5981
1791436642.8700,0.0181,4.8464,0.0000,0.0000,0.0000,0.0000,0.0000,0.0000,0.0000,-0.0015,-0.2618,-0.2623,-2.5981,0.0000,0.0000,-2.5981
1791436642.8901,0.0201,5.6915,0.0000,0.0000,0.0000,0.0000,0.0000,0.0000,0.0000,-0.0015,-0.2618,-0.2623,-2.5981,0.0000,0.0000,-2.5981
1791436642.9125,0.0224,1.3556,0.0000,0.0000,0.0000,0.0000,0.0000,0.0000,0.0000,-0.0015,-0.2618,-0.2623,-2.5981,0.0000,0.0000,-2.5981
1791436642.9299,0.0174,2.3210,0.0000,0.0000,0.0000,0.0000,0.0000,0.0000,0.0000,-0.0015,-0.2618,-0.2623,-2.5981,0.0000,0.0000,-2.5981
1791436642.9500,0.0200,0.4251,0.0000,0.0000,0.0000,0.0000,0.0000,0.0000,0.0000,-0.0015,-0.2618,-0.2623,-2.5982,0.0000,0.0000,-2.5982
1791436642.9705,0.0205,3.8909,0.0000,0.0000,0.0000,0.0000,0.0000,0.0000,0.0000,-0.0015,-0.2618,-0.2623,-2.5981,0.0000,0.0000,-2.5981
1791436642.9900,0.0195,2.5525,0.0000,0.0000,0.0000,0.0000,0.0000,0.0000,0.0000,-0.0015,-0.2618,-0.2623,-2.5981,0.0000,0.0000,-2.5981
1791436643.0096,0.0196,1.3722,0.0000,0.0000,0.0000,0.0000,0.0000,0.0000,0.0000,-0.0015,-0.2618,-0.2623,-2.5982,0.0000,0.0000,-2.5982
1791436643.0300,0.0205,1.4935,0.0000,0.0000,0.0000,0.0000,0.0000,0.0000,0.0000,-0.0015,-0.2618,-0.2623,-2.5981,0.0000,0.0000,-2.5981
1791436643.0502,0.0201,0.4217,0.0000,0.0000,0.0000,0.0000,0.0000,0.0000,0.0000,-0.0031,-0.2618,-0.2623,-2.5980,0.0000,0.0000,-2.5980
1791436643.0699,0.0197,0.9142,0.0000,0.0000,0.0000,0.0000,0.0000,0.0000,0.0000,-0.0015,-0.2618,-0.2623,-2.5981,0.0000,0.0000,-2.5981
1791436643.0899,0.0200,1.3817,0.0000,0.0000,0.0000,0.0000,0.0000,0.0000,0.0000,-0.0015,-0.2618,-0.2623,-2.5981,0.0000,0.0000,-2.5981
1791436643.1096,0.0197,0.3833,0.0000,0.0000,0.0000,0.0000,0.0000,0.0000,0.0000,-0.0015,-0.2618,-0.2623,-2.5980,0.0000,0.0000,-2.5980
1791436643.1300,0.0203,0.7361,0.0000,0.0000,0.0000,0.0000,0.0000,0.0000,0.0000,-0.0015,-0.2618,-0.2623,-2.5981,0.0000,0.0000,-2.5981
1791436643.1502,0.0203,0.5828,0.0000,0.0000,0.0000,0.0000,0.0000,0.0000,0.0000,-0.0015,-0.2618,-0.2623,-2.5981,0.0000,0.0000,-2.5981
1791436643.1699,0.0197,4.2918,0.0000,0.0000,0.0000,0.0000,0.0000,0.0000,0.0000,-0.0015,-0.2618,-0.2623,-2.5981,0.0000,0.0000,-2.5981
1791436643.1898,0.0198,2.2757,0.0000,0.0000,0.0000,0.0000,0.0000,0.0000,0.0000,-0.0015,-0.2618,-0.2623,-2.5982,0.0000,0.0000,-2.5982
1791436643.2104,0.0207,0.6586,0.0000,0.0000,0.0000,0.0000,0.0000,0.0000,0.0000,-0.0015,-0.2618,-0.2623,-2.5981,0.0000,0.0000,-2.5981
1791436643.2297,0.0193,0.9765,0.0000,0.0000,0.0000,0.0000,0.0000,0.0000,0.0000,-0.0015,-0.2618,-0.2623,-2.5982,0.0000,0.0000,-2.5982
1791436643.2519,0.0221,1.9235,0.0000,0.0000,0.0000,0.0000,0.0000,0.0000,0.0000,-0.0015,-0.2618,-0.2623,-2.5981,0.0000,0.0000,-2.5981
1791436643.2715,0.0196,1.2483,0.0000,0.0000,0.0000,0.0000,0.0000,0.0000,0.0000,-0.0015,-0.2618,-0.2623,-2.5982,0.0000,0.0000,-2.5982
1791436643.2898,0.0183,0.6642,0.0000,0.0000,0.0000,0.0000,0.0000,0.0000,0.0000,-0.0015,-0.2618,-0.2623,-2.5981,0.0000,0.0000,-2.5981
1791436643.3104,0.0206,1.4468,0.0000,0.0000,0.0000,0.0000,0.0000,0.0000,0.0000,-0.0015,-0.2618,-0.2623,-2.5981,0.0000,0.0000,-2.5981
1791436643.3314,0.0210,0.5791,0.0000,0.0000,0.0000,0.0000,0.0000,0.0000,0.0000,-0.0015,-0.2618,-0.2623,-2.5981,0.0000,0.0000,-2.5981
1791436643.3515,0.0201,1.1309,0.0000,0.0000,0.0000,0.0000,0.0000,0.0000,0.0000,-0.0015,-0.2618,-0.2623,-2.5981,0.0000,0.0000,-2.5981
1791436643.3704,0.0189,2.5268,0.0000,0.0000,0.0000,0.0000,0.0000,0.0000,0.0000,-0.0015,-0.2618,-0.2623,-2.5981,0.0000,0.0000,-2.5981
1791436643.3916,0.0212,1.2166,0.0000,0.0000,0.0000,0.0000,0.0000,0.0000,0.0000,-0.0015,-0.2618,-0.2623,-2.5981,0.0000,0.0000,-2.5981
1791436643.4099,0.0183,4.4349,0.0000,0.0000,0.0000,0.0000,0.0000,0.0000,0.0000,-0.0015,-0.2618,-0.2623,-2.5981,0.0000,0.0000,-2.5981
1791436643.4298,0.0199,0.5267,0.0000,0.0000,0.0000,0.0000,0.0000,0.0000,0.0000,-0.0015,-0.2618,-0.2623,-2.5981,0.0000,0.0000,-2.5981
1791436643.4504,0.0206,0.6458,0.0000,0.0000,0.0000,0.0000,0.0000,0.0000,0.0000,-0.0015,-0.2618,-0.2623,-2.5981,0.0000,0.0000,-2.5981
1791436643.4715,0.0211,1.4042,0.0000,0.0000,0.0000,0.0000,0.0000,0.0000,0.0000,-0.0015,-0.2618,-0.2623,-2.5981,0.0000,0.0000,-2.5981
1791436643.4897,0.0182,4.3750,0.0000,0.0000,0.0000,0.0000,0.0000,0.0000,0.0000,-0.0015,-0.2618,-0.2623,-2.5981,0.0000,0.0000,-2.5981
1791436643.5097,0.0200,2.1395,0.0000,0.0000,0.0000,0.0000,0.0000,0.0000,0.0000,-0.0015,-0.2618,-0.2623,-2.5981,0.0000,0.0000,-2.5981
1791436643.5298,0.0201,1.4098,0.0000,0.0000,0.0000,0.0000,0.0000,0.0000,0.0000,-0.0015,-0.2618,-0.2623,-2.5981,0.0000,0.0000,-2.5981
1791436643.5518,0.0221,2.7073,0.0000,0.0000,0.0000,0.0000,0.0000,0.0000,0.0000,-0.0015,-0.2618,-0.2623,-2.5981,0.0000,0.0000,-2.5981
1791436643.5697,0.0179,1.1638,0.0000,0.0000,0.0000,0.0000,0.0000,0.0000,0.0000,-0.0015,-0.2618,-0.2623,-2.5982,0.0000,0.0000,-2.5982
1791436643.5897,0.0200,1.3166,0.0000,0.0000,0.0000,0.0000,0.0000,0.0000,0.0000,-0.0015,-0.2618,-0.2623,-2.5981,0.0000,0.0000,-2.5981
1791436643.6097,0.0200,2.2585,0.0000,0.0000,0.0000,0.0000,0.0000,0.0000,0.0000,-0.0015,-0.2618,-0.2623,-2.5981,0.0000,0.0000,-2.5981
1791436643.6298,0.0201,0.5412,0.0000,0.0000,0.0000,0.0000,0.0000,0.0000,0.0000,-0.0015,-0.2618,-0.2623,-2.5981,0.0000,0.0000,-2.5981
1791436643.6554,0.0256,2.9747,0.0000,0.0000,0.0000,0.0000,0.0000,0.0000,0.0000,-0.0015,-0.2618,-0.2623,-2.5982,0.0000,0.0000,-2.5982
1791436643.6715,0.0161,1.1236,0.0000,0.0000,0.0000,0.0000,0.0000,0.0000,0.0000,-0.0015,-0.2618,-0.2623,-2.5981,0.0000,0.0000,-2.5981
1791436643.6901,0.0186,1.5943,0.0000,0.0000,0.0000,0.0000,0.0000,0.0000,0.0000,-0.0015,-0.2618,-0.2623,-2.5981,0.0000,0.0000,-2.5981
1791436643.7106,0.0205,1.2641,0.0000,0.0000,0.0000,0.0000,0.0000,0.0000,0.0000,-0.0015,-0.2618,-0.2623,-2.5981,0.0000,0.0000,-2.5981
1791436643.7426,0.0320,0.8860,0.0000,0.0000,0.0000,0.0000,0.0000,0.0000,0.0000,-0.0015,-0.2618,-0.2623,-2.5981,0.0000,0.0000,-2.5981
1791436643.7507,0.0081,0.0739,0.0000,0.0000,0.0000,0.0000,0.0000,0.0000,0.0000,-0.0015,-0.2618,-0.2623,-2.5981,0.0000,0.0000,-2.5981
1791436643.7697,0.0190,0.4446,0.0000,0.0000,0.0000,0.0000,0.0000,0.0000,0.0000,-0.0015,-0.2618,-0.2623,-2.5981,0.0000,0.0000,-2.5981
1791436643.7897,0.0200,1.1090,0.0000,0.0000,0.0000,0.0000,0.0000,0.0000,0.0000,-0.0015,-0.2618,-0.2623,-2.5981,0.0000,0.0000,-2.5981
1791436643.8111,0.0214,9.6425,0.0000,0.0000,0.0000,0.0000,0.0000,0.0000,0.0000,-0.0015,-0.2618,-0.2623,-2.5981,0.0000,0.0000,-2.5981
1791436643.8304,0.0194,0.8710,0.0000,0.0000,0.0000,0.0000,0.0000,0.0000,0.0000,-0.0015,-0.2618,-0.2623,-2.5982,0.0000,0.0000,-2.5982
1791436643.8509,0.0205,4.6868,0.0000,0.0000,0.0000,0.0000,0.0000,0.0000,0.0000,-0.0015,-0.2618,-0.2623,-2.5981,0.0000,0.0000,-2.5981
1791436643.8699,0.0190,0.9218,0.0000,0.0000,0.0000,0.0000,0.0000,0.0000,0.0000,-0.0015,-0.2618,-0.2623,-2.5981,0.0000,0.0000,-2.5981
1791436643.8898,0.0200,1.4062,0.0000,0.0000,0.0000,0.0000,0.0000,0.0000,0.0000,-0.0015,-0.2618,-0.2623,-2.5981,0.0000,0.0000,-2.5981
1791436643.9105,0.0207,0.9351,0.0000,0.0000,0.0000,0.0000,0.0000,0.0000,0.0000,-0.0015,-0.2618,-0.2623,-2.5982,0.0000,0.0000,-2.5982
1791436643.9299,0.0194,0.8334,0.0000,0.0000,0.0000,0.0000,0.0000,0.0000,0.0000,-0.0015,-0.2618,-0.2623,-2.5982,0.0000,0.0000,-2.5982
1791436643.9500,0.0201,0.4984,0.0000,0.0000,0.0000,0.0000,0.0000,0.0000,0.0000,-0.0015,-0.2618,-0.2623,-2.5982,0.0000,0.0000,-2.5982
1791436643.9697,0.0197,0.7544,0.0000,0.0000,0.0000,0.0000,0.0000,0.0000,0.0000,-0.0015,-0.2618,-0.2623,-2.5982,0.0000,0.0000,-2.5982
1791436643.9898,0.0201,1.3826,0.0000,0.0000,0.0000,0.0000,0.0000,0.0000,0.0000,-0.0015,-0.2618,-0.2623,-2.5982,0.0000,0.0000,-2.5982
1791436644.0105,0.0208,0.6173,0.0000,0.0000,0.0000,0.0000,0.0000,0.0000,0.0000,-0.0015,-0.2618,-0.2623,-2.5981,0.0000,0.0000,-2.5981
1791436644.0299,0.0193,0.5011,0.0000,0.0000,0.0000,0.0000,0.0000,0.0000,0.0000,-0.0015,-0.2618,-0.2623,-2.5981,0.0000,0.0000,-2.5981
1791436644.0501,0.0202,0.5045,0.0000,0.0000,0.0000,0.0000,0.0000,0.0000,0.0000,-0.0015,-0.2618,-0.2623,-2.5981,0.0000,0.0000,-2.5981
1791436644.0715,0.0214,1.3486,0.0000,0.0000,0.0000,0.0000,0.0000,0.0000,0.0000,-0.0015,-0.2618,-0.2623,-2.5981,0.0000,0.0000,-2.5981
1791436644.0898,0.0183,7.2698,0.0000,0.0000,0.0000,0.0000,0.0000,0.0000,0.0000,-0.0015,-0.2618,-0.2623,-2.5981,0.0000,0.0000,-2.5981
1791436644.1098,0.0200,0.9315,0.0000,0.0000,0.0000,0.0000,0.0000,0.0000,0.0000,-0.0015,-0.2618,-0.2623,-2.5982,0.0000,0.0000,-2.5982
1791436644.1302,0.0204,8.8695,0.0000,0.0000,0.0000,0.0000,0.0000,0.0000,0.0000,-0.0015,-0.2618,-0.2623,-2.5982,0.0000,0.0000,-2.5982
1791436644.1513,0.0211,2.1269,0.0000,0.0000,0.0000,0.0000,0.0000,0.0000,0.0000,-0.0015,-0.2618,-0.2623,-2.5981,0.0000,0.0000,-2.5981
1791436644.1697,0.0184,2.4592,0.0000,0.0000,0.0000,0.0000,0.0000,0.0000,0.0000,-0.0015,-0.2618,-0.2623,-2.5982,0.0000,0.0000,-2.5982
1791436644.1901,0.0204,0.7018,0.0000,0.0000,0.0000,0.0000,0.0000,0.0000,0.0000,-0.0015,-0.2618,-0.2623,-2.5981,0.0000,0.0000,-2.5981
1791436644.2100,0.0199,0.6513,0.0000,0.0000,0.0000,0.0000,0.0000,0.0000,0.0000,-0.0015,-0.2618,-0.2623,-2.5982,0.0000,0.0000,-2.5982
1791436644.2297,0.0197,0.5637,0.0000,0.0000,0.0000,0.0000,0.0000,0.0000,0.0000,-0.0015,-0.2618,-0.2623,-2.5981,0.0000,0.0000,-2.5981
1791436644.2516,0.0219,0.2820,0.0000,0.0000,0.0000,0.0000,0.0000,0.0000,0.0000,-0.0015,-0.2618,-0.2623,-2.5982,0.0000,0.0000,-2.5982
1791436644.2697,0.0181,3.6917,0.0000,0.0000,0.0000,0.0000,0.0000,0.0000,0.0000,-0.0015,-0.2618,-0.2623,-2.5982,0.0000,0.0000,-2.5982
1791436644.2901,0.0204,1.3116,0.0000,0.0000,0.0000,0.0000,0.0000,0.0000,0.0000,-0.0015,-0.2618,-0.2623,-2.5982,0.0000,0.0000,-2.5982
1791436644.3097,0.0196,2.2251,0.0000,0.0000,0.0000,0.0000,0.0000,0.0000,0.0000,-0.0015,-0.2618,-0.2623,-2.5981,0.0000,0.0000,-2.5981
1791436644.3303,0.0206,2.5986,0.0000,0.0000,0.0000,0.0000,0.0000,0.0000,0.0000,-0.0015,-0.2618,-0.2623,-2.5982,0.0000,0.0000,-2.5982
1791436644.3526,0.0223,0.5566,0.0000,0.0000,0.0000,0.0000,0.0000,0.0000,0.0000,-0.0015,-0.2618,-0.2623,-2.5981,0.0000,0.0000,-2.5981
1791436644.3700,0.0174,1.2601,0.0000,0.0000,0.0000,0.0000,0.0000,0.0000,0.0000,-0.0015,-0.2618,-0.2623,-2.5982,0.0000,0.0000,-2.5982
1791436644.3905,0.0205,1.6511,0.0000,0.0000,0.0000,0.0000,0.0000,0.0000,0.0000,-0.0015,-0.2618,-0.2623,-2.5982,0.0000,0.0000,-2.5982
1791436644.4104,0.0199,1.1623,0.0000,0.0000,0.0000,0.0000,0.0000,0.0000,0.0000,-0.0015,-0.2618,-0.2623,-2.5981,0.0000,0.0000,-2.5981
1791436644.4323,0.0220,0.6859,0.0000,0.0000,0.0000,0.0000,0.0000,0.0000,0.0000,-0.0015,-0.2618,-0.2623,-2.5982,0.0000,0.0000,-2.5982
1791436644.4507,0.0184,1.2162,0.0000,0.0000,0.0000,0.0000,0.0000,0.0000,0.0000,-0.0015,-0.2618,-0.2623,-2.5982,0.0000,0.0000,-2.5982
1791436644.4714,0.0206,2.7395,0.0000,0.0000,0.0000,0.0000,0.0000,0.0000,0.0000,-0.0015,-0.2618,-0.2623,-2.5981,0.0000,0.0000,-2.5981
1791436644.4905,0.0191,4.4097,0.0000,0.0000,0.0000,0.0000,0.0000,0.0000,0.0000,-0.0015,-0.2618,-0.2623,-2.5981,0.0000,0.0000,-2.5981
1791436644.5100,0.0195,0.7433,0.0000,0.0000,0.0000,0.0000,0.0000,0.0000,0.0000,-0.0015,-0.2618,-0.2623,-2.5981,0.0000,0.0000,-2.5981
1791436644.5297,0.0197,0.5587,0.0000,0.0000,0.0000,0.0000,0.0000,0.0000,0.0000,-0.0015,-0.2618,-0.2623,-2.5982,0.0000,0.0000,-2.5982
1791436644.5507,0.0210,0.3495,0.0000,0.0000,0.0000,0.0000,0.0000,0.0000,0.0000,-0.0015,-0.2618,-0.2623,-2.5982,0.0000,0.0000,-2.5982
1791436644.5699,0.0191,0.8908,0.0000,0.0000,0.0000,0.0000,0.0000,0.0000,0.0000,-0.0015,-0.2618,-0.2623,-2.5982,0.0000,0.0000,-2.5982
1791436644.5904,0.0205,0.9146,0.0000,0.0000,0.0000,0.0000,0.0000,0.0000,0.0000,-0.0015,-0.2618,-0.2623,-2.5982,0.0000,0.0000,-2.5982
1791436644.6113,0.0210,0.4869,0.0000,0.0000,0.0000,0.0000,0.0000,0.0000,0.0000,-0.0015,-0.2618,-0.2623,-2.5982,0.0000,0.0000,-2.5982
1791436644.6298,0.0184,0.6716,0.0000,0.0000,0.0000,0.0000,0.0000,0.0000,0.0000,-0.0015,-0.2618,-0.2623,-2.5982,0.0000,0.0000,-2.5982
1791436644.6525,0.0228,0.3320,0.0000,0.0000,0.0000,0.0000,0.0000,0.0000,0.0000,-0.0015,-0.2618,-0.2623,-2.5981,0.0000,0.0000,-2.5981
1791436644.6704,0.0179,0.7378,0.0000,0.0000,0.0000,0.0000,0.0000,0.0000,0.0000,-0.0015,-0.2618,-0.2623,-2.5982,0.0000,0.0000,-2.5982
1791436644.6904,0.0199,0.9103,0.0000,0.0000,0.0000,0.0000,0.0000,0.0000,0.0000,-0.0015,-0.2618,-0.2623,-2.5982,0.0000,0.0000,-2.5982
1791436644.7098,0.0194,0.4867,0.0000,0.0000,0.0000,0.0000,0.0000,0.0000,0.0000,-0.0015,-0.2618,-0.2623,-2.5982,0.0000,0.0000,-2.5982
1791436644.7298,0.0200,0.7633,0.0000,0.0000,0.0000,0.0000,0.0000,0.0000,0.0000,-0.0015,-0.2618,-0.2623,-2.5982,0.0000,0.0000,-2.5982
1791436644.7506,0.0208,0.6914,0.0000,0.0000,0.0000,0.0000,0.0000,0.0000,0.0000,-0.0015,-0.2618,-0.2623,-2.5983,0.0000,0.0000,-2.5983
1791436644.7699,0.0193,4.1137,0.0000,0.0000,0.0000,0.0000,0.0000,0.0000,0.0000,-0.0015,-0.2618,-0.2623,-2.5981,0.0000,0.0000,-2.5981
1791436644.7898,0.0199,3.5641,0.0000,0.0000,0.0000,0.0000,0.0000,0.0000,0.0000,-0.0015,-0.2618,-0.2623,-2.5982,0.0000,0.0000,-2.5982
1791436644.8113,0.0215,1.1056,0.0000,0.0000,0.0000,0.0000,0.0000,0.0000,0.0000,-0.0015,-0.2618,-0.2623,-2.5982,0.0000,0.0000,-2.5982
1791436644.8299,0.0185,3.1567,0.0000,0.0000,0.0000,0.0000,0.0000,0.0000,0.0000,-0.0015,-0.2618,-0.2623,-2.5981,0.0000,0.0000,-2.5981
1791436644.8500,0.0202,0.7576,0.0000,0.0000,0.0000,0.0000,0.0000,0.0000,0.0000,-0.0015,-0.2618,-0.2623,-2.5982,0.0000,0.0000,-2.5982
1791436644.8703,0.0202,8.2173,0.0000,0.0000,0.0000,0.0000,0.0000,0.0000,0.0000,-0.0015,-0.2618,-0.2623,-2.5982,0.0000,0.0000,-2.5982
1791436644.8897,0.0195,4.4500,0.0000,0.0000,0.0000,0.0000,0.0000,0.0000,0.0000,-0.0015,-0.2618,-0.2623,-2.5982,0.0000,0.0000,-2.5982
1791436644.9106,0.0208,3.5048,0.0000,0.0000,0.0000,0.0000,0.0000,0.0000,0.0000,-0.0015,-0.2618,-0.2623,-2.5982,0.0000,0.0000,-2.5982
1791436644.9329,0.0223,6.5239,0.0000,0.0000,0.0000,0.0000,0.0000,0.0000,0.0000,-0.0015,-0.2618,-0.2623,-2.5982,0.0000,0.0000,-2.5982
1791436644.9534,0.0205,1.1194,0.0000,0.0000,0.0000,0.0000,0.0000,0.0000,0.0000,-0.0015,-0.2618,-0.2623,-2.5981,0.0000,0.0000,-2.5981
1791436644.9703,0.0169,1.3540,0.0000,0.0000,0.0000,0.0000,0.0000,0.0000,0.0000,-0.0015,-0.2618,-0.2623,-2.5981,0.0000,0.0000,-2.5981
1791436644.9897,0.0194,2.9471,0.0000,0.0000,0.0000,0.0000,0.0000,0.0000,0.0000,-0.0015,-0.2618,-0.2623,-2.5982,0.0000,0.0000,-2.5982
1791436645.0097,0.0200,2.8804,0.0000,0.0000,0.0000,0.0000,0.0000,0.0000,0.0000,-0.0015,-0.2618,-0.2623,-2.5982,0.0000,0.0000,-2.5982
1791436645.0297,0.0200,1.2092,0.0000,0.0000,0.0000,0.0000,0.0000,0.0000,0.0000,-0.0015,-0.2618,-0.2623,-2.5982,0.0000,0.0000,-2.5982
1791436645.0506,0.0209,0.5290,0.0000,0.0000,0.0000,0.0000,0.0000,0.0000,0.0000,-0.0015,-0.2618,-0.2623,-2.5982,0.0000,0.0000,-2.5982
1791436645.0699,0.0193,0.9340,0.0000,0.0000,0.0000,0.0000,0.0000,0.0000,0.0000,-0.0015,-0.2618,-0.2623,-2.5982,0.0000,0.0000,-2.5982
1791436645.0899,0.0200,5.6018,0.0000,0.0000,0.0000,0.0000,0.0000,0.0000,0.0000,-0.0015,-0.2618,-0.2623,-2.5983,0.0000,0.0000,-2.5983
1791436645.1126,0.0227,1.3205,0.0000,0.0000,0.0000,0.0000,0.0000,0.0000,0.0000,-0.0015,-0.2618,-0.2623,-2.5982,0.0000,0.0000,-2.5982
1791436645.1298,0.0173,5.6300,0.0000,0.0000,0.0000,0.0000,0.0000,0.0000,0.0000,-0.0015,-0.2618,-0.2623,-2.5982,0.0000,0.0000,-2.5982
1791436645.1530,0.0232,1.7249,0.0000,0.0000,0.0000,0.0000,0.0000,0.0000,0.0000,-0.0015,-0.2618,-0.2623,-2.5982,0.0000,0.0000,-2.5982
1791436645.1713,0.0183,0.7601,0.0000,0.0000,0.0000,0.0000,0.0000,0.0000,0.0000,-0.0015,-0.2618,-0.2623,-2.5982,0.0000,0.0000,-2.5982
1791436645.1897,0.0184,4.8766,0.0000,0.0000,0.0000,0.0000,0.0000,0.0000,0.0000,-0.0015,-0.2618,-0.2623,-2.5982,0.0000,0.0000,-2.5982
1791436645.2109,0.0212,1.5901,0.0000,0.0000,0.0000,0.0000,0.0000,0.0000,0.0000,-0.0015,-0.2618,-0.2623,-2.5982,0.0000,0.0000,-2.5982
1791436645.2300,0.0190,1.2301,0.0000,0.0000,0.0000,0.0000,0.0000,0.0000,0.0000,-0.0015,-0.2618,-0.2623,-2.5982,0.0000,0.0000,-2.5982
1791436645.2502,0.0202,0.8623,0.0000,0.0000,0.0000,0.0000,0.0000,0.0000,0.0000,-0.0015,-0.2618,-0.2623,-2.5982,0.0000,0.0000,-2.5982
1791436645.2704,0.0202,3.3290,0.0000,0.0000,0.0000,0.0000,0.0000,0.0000,0.0000,-0.0015,-0.2618,-0.2623,-2.5982,0.0000,0.0000,-2.5982
1791436645.2897,0.0193,0.7966,0.0000,0.0000,0.0000,0.0000,0.0000,0.0000,0.0000,-0.0015,-0.2618,-0.2623,-2.5982,0.0000,0.0000,-2.5982
1791436645.3098,0.0201,3.0034,0.0000,0.0000,0.0000,0.0000,0.0000,0.0000,0.0000,-0.0015,-0.2618,-0.2623,-2.5982,0.0000,0.0000,-2.5982
1791436645.3298,0.0200,3.8827,0.0000,0.0000,0.0000,0.0000,0.0000,0.0000,0.0000,-0.0015,-0.2618,-0.2623,-2.5982,0.0000,0.0000,-2.5982
1791436645.3500,0.0202,0.4189,0.0000,0.0000,0.0000,0.0000,0.0000,0.0000,0.0000,-0.0015,-0.2618,-0.2623,-2.5981,0.0000,0.0000,-2.5981
1791436645.3700,0.0200,2.8369,0.0000,0.0000,0.0000,0.0000,0.0000,0.0000,0.0000,-0.0015,-0.2618,-0.2623,-2.5981,0.0000,0.0000,-2.5981
1791436645.3915,0.0216,8.6872,0.0000,0.0000,0.0000,0.0000,0.0000,0.0000,0.0000,-0.0015,-0.2618,-0.2623,-2.5982,0.0000,0.0000,-2.5982
1791436645.4098,0.0183,0.9650,0.0000,0.0000,0.0000,0.0000,0.0000,0.0000,0.0000,-0.0015,-0.2618,-0.2623,-2.5982,0.0000,0.0000,-2.5982
1791436645.4297,0.0199,3.6448,0.0000,0.0000,0.0000,0.0000,0.0000,0.0000,0.0000,-0.0015,-0.2618,-0.2623,-2.5982,0.0000,0.0000,-2.5982
1791436645.4503,0.0205,0.6900,0.0000,0.0000,0.0000,0.0000,0.0000,0.0000,0.0000,-0.0015,-0.2618,-0.2623,-2.5982,0.0000,0.0000,-2.5982
1791436645.4704,0.0201,1.3555,0.0000,0.0000,0.0000,0.0000,0.0000,0.0000,0.0000,-0.0015,-0.2618,-0.2623,-2.5982,0.0000,0.0000,-2.5982
1791436645.4899,0.0195,1.8096,0.0000,0.0000,0.0000,0.0000,0.0000,0.0000,0.0000,-0.0015,-0.2618,-0.2623,-2.5981,0.0000,0.0000,-2.5981
1791436645.5116,0.0218,0.8488,0.0000,0.0000,0.0000,0.0000,0.0000,0.0000,0.0000,-0.0015,-0.2618,-0.2623,-2.5982,0.0000,0.0000,-2.5982
1791436645.5298,0.0181,10.4813,0.0000,0.0000,0.0000,0.0000,0.0000,0.0000,0.0000,-0.0015,-0.2618,-0.2623,-2.5982,0.0000,0.0000,-2.5982
1791436645.5526,0.0229,1.0369,0.0000,0.0000,0.0000,0.0000,0.0000,0.0000,0.0000,-0.0015,-0.2618,-0.2623,-2.5983,0.0000,0.0000,-2.5983
1791436645.5697,0.0171,0.5655,0.0000,0.0000,0.0000,0.0000,0.0000,0.0000,0.0000,-0.0015,-0.2618,-0.2623,-2.5983,0.0000,0.0000,-2.5983
1791436645.5898,0.0201,0.8968,0.0000,0.0000,0.0000,0.0000,0.0000,0.0000,0.0000,-0.0015,-0.2618,-0.2623,-2.5982,0.0000,0.0000,-2.5982
1791436645.6095,0.0197,0.5135,0.0000,0.0000,0.0000,0.0000,0.0000,0.0000,0.0000,-0.0015,-0.2618,-0.2623,-2.5982,0.0000,0.0000,-2.5982
1791436645.6298,0.0203,0.9275,0.0000,0.0000,0.0000,0.0000,0.0000,0.0000,0.0000,-0.0015,-0.2618,-0.2623,-2.5982,0.0000,0.0000,-2.5982
1791436645.6503,0.0205,1.0173,0.0000,0.0000,0.0000,0.0000,0.0000,0.0000,0.0000,-0.0015,-0.2618,-0.2623,-2.5982,0.0000,0.0000,-2.5982
1791436645.6704,0.0201,1.3532,0.0000,0.0000,0.0000,0.0000,0.0000,0.0000,0.0000,-0.0015,-0.2618,-0.2623,-2.5982,0.0000,0.0000,-2.5982
1791436645.6900,0.0196,0.6078,0.0000,0.0000,0.0000,0.0000,0.0000,0.0000,0.0000,-0.0015,-0.2618,-0.2623,-2.5982,0.0000,0.0000,-2.5982
1791436645.7098,0.0198,1.3714,0.0000,0.0000,0.0000,0.0000,0.0000,0.0000,0.0000,-0.0015,-0.2618,-0.2623,-2.5983,0.0000,0.0000,-2.5983
1791436645.7297,0.0199,2.1644,0.0000,0.0000,0.0000,0.0000,0.0000,0.0000,0.0000,-0.0015,-0.2618,-0.2623,-2.5982,0.0000,0.0000,-2.5982
1791436645.7500,0.0202,0.3959,0.0000,0.0000,0.0000,0.0000,0.0000,0.0000,0.0000,-0.0015,-0.2618,-0.2623,-2.5982,0.0000,0.0000,-2.5982
1791436645.7700,0.0200,1.2670,0.0000,0.0000,0.0000,0.0000,0.0000,0.0000,0.0000,-0.0015,-0.2618,-0.2623,-2.5981,0.0000,0.0000,-2.5981
1791436645.7931,0.0232,0.9760,0.0000,0.0000,0.0000,0.0000,0.0000,0.0000,0.0000,-0.0015,-0.2618,-0.2623,-2.5981,0.0000,0.0000,-2.5981
1791436645.8106,0.0174,1.6999,0.0000,0.0000,0.0000,0.0000,0.0000,0.0000,0.0000,-0.0015,-0.2618,-0.2623,-2.5982,0.0000,0.0000,-2.5982
1791436645.8304,0.0198,1.9183,0.0000,0.0000,0.0000,0.0000,0.0000,0.0000,0.0000,-0.0015,-0.2618,-0.2623,-2.5982,0.0000,0.0000,-2.5982
1791436645.8509,0.0205,0.5486,0.0000,0.0000,0.0000,0.0000,0.0000,0.0000,0.0000,-0.0015,-0.2618,-0.2623,-2.5982,0.0000,0.0000,-2.5982
1791436645.8724,0.0215,0.6740,0.0000,0.0000,0.0000,0.0000,0.0000,0.0000,0.0000,-0.0015,-0.2618,-0.2623,-2.5982,0.0000,0.0000,-2.5982
1791436645.8900,0.0176,1.1462,0.0000,0.0000,0.0000,0.0000,0.0000,0.0000,0.0000,-0.0015,-0.2618,-0.2623,-2.5982,0.0000,0.0000,-2.5982
1791436645.9110,0.0210,2.1446,0.0000,0.0000,0.0000,0.0000,0.0000,0.0000,0.0000,-0.0015,-0.2618,-0.2623,-2.5982,0.0000,0.0000,-2.5982
1791436645.9306,0.0196,3.8777,0.0000,0.0000,0.0000,0.0000,0.0000,0.0000,0.0000,-0.0015,-0.2618,-0.2623,-2.5982,0.0000,0.0000,-2.5982
1791436645.9501,0.0195,0.5800,0.0000,0.0000,0.0000,0.0000,0.0000,0.0000,0.0000,-0.0015,-0.2618,-0.2623,-2.5983,0.0000,0.0000,-2.5983
1791436645.9699,0.0198,1.1621,0.0000,0.0000,0.0000,0.0000,0.0000,0.0000,0.0000,-0.0015,-0.2618,-0.2623,-2.5982,0.0000,0.0000,-2.5982
1791436645.9897,0.0198,0.5245,0.0000,0.0000,0.0000,0.0000,0.0000,0.0000,0.0000,-0.0015,-0.2618,-0.2623,-2.5981,0.0000,0.0000,-2.5981
1791436646.0101,0.0204,0.4411,0.0000,0.0000,0.0000,0.0000,0.0000,0.0000,0.0000,-0.0015,-0.2618,-0.2623,-2.5981,0.0000,0.0000,-2.5981
1791436646.0306,0.0205,0.8233,0.0000,0.0000,0.0000,0.0000,0.0000,0.0000,0.0000,-0.0015,-0.2618,-0.2623,-2.5983,0.0000,0.0000,-2.5983
1791436646.0533,0.0228,0.6528,0.0000,0.0000,0.0000,0.0000,0.0000,0.0000,0.0000,-0.0015,-0.2618,-0.2623,-2.5982,0.0000,0.0000,-2.5982
1791436646.0703,0.0170,1.0378,0.0000,0.0000,0.0000,0.0000,0.0000,0.0000,0.0000,-0.0015,-0.2618,-0.2623,-2.5982,0.0000,0.0000,-2.5982
1791436646.0898,0.0195,0.7181,0.0000,0.0000,0.0000,0.0000,0.0000,0.0000,0.0000,-0.0015,-0.2618,-0.2623,-2.5982,0.0000,0.0000,-2.5982
1791436646.1098,0.0200,0.8231,0.0000,0.0000,0.0000,0.0000,0.0000,0.0000,0.0000,-0.0015,-0.2618,-0.2623,-2.5982,0.0000,0.0000,-2.5982
1791436646.1300,0.0202,1.1461,0.0000,0.0000,0.0000,0.0000,0.0000,0.0000,0.0000,-0.0015,-0.2618,-0.2623,-2.5982,0.0000,0.0000,-2.5982
1791436646.1505,0.0205,0.7653,0.0000,0.0000,0.0000,0.0000,0.0000,0.0000,0.0000,-0.0015,-0.2618,-0.2623,-2.5982,0.0000,0.0000,-2.5982
1791436646.1706,0.0201,3.5431,0.0000,0.0000,0.0000,0.0000,0.0000,0.0000,0.0000,-0.0015,-0.2618,-0.2623,-2.5982,0.0000,0.0000,-2.5982
1791436646.1904,0.0198,0.5737,0.0000,0.0000,0.0000,0.0000,0.0000,0.0000,0.0000,-0.0015,-0.2618,-0.2623,-2.5982,0.0000,0.0000,-2.5982
1791436646.2116,0.0212,7.8040,0.0000,0.0000,0.0000,0.0000,0.0000,0.0000,0.0000,-0.0015,-0.2618,-0.2623,-2.5983,0.0000,0.0000,-2.5983
1791436646.2298,0.0182,0.7321,0.0000,0.0000,0.0000,0.0000,0.0000,0.0000,0.0000,-0.0015,-0.2618,-0.2623,-2.5982,0.0000,0.0000,-2.5982
1791436646.2509,0.0211,1.4741,0.0000,0.0000,0.0000,0.0000,0.0000,0.0000,0.0000,-0.0015,-0.2618,-0.2623,-2.5982,0.0000,0.0000,-2.5982
1791436646.2697,0.0188,0.5134,0.0000,0.0000,0.0000,0.0000,0.0000,0.0000,0.0000,-0.0015,-0.2618,-0.2623,-2.5982,0.0000,0.0000,-2.5982
1791436646.2905,0.0207,0.7348,0.0000,0.0000,0.0000,0.0000,0.0000,0.0000,0.0000,-0.0015,-0.2618,-0.2623,-2.5983,0.0000,0.0000,-2.5983
1791436646.3100,0.0195,1.2997,0.0000,0.0000,0.0000,0.0000,0.0000,0.0000,0.0000,-0.0015,-0.2618,-0.2608,-2.5982,0.0000,0.0000,-2.5982
1791436646.3315,0.0215,1.3887,0.0000,0.0000,0.0000,0.0000,0.0000,0.0000,0.0000,-0.0015,-0.2618,-0.2623,-2.5983,0.0000,0.0000,-2.5983
1791436646.3501,0.0187,2.5435,0.0000,0.0000,0.0000,0.0000,0.0000,0.0000,0.0000,-0.0015,-0.2618,-0.2623,-2.5983,0.0000,0.0000,-2.5983
1791436646.3699,0.0198,1.7678,0.0000,0.0000,0.0000,0.0000,0.0000,0.0000,0.0000,-0.0015,-0.2618,-0.2623,-2.5982,0.0000,0.0000,-2.5982
1791436646.3896,0.0198,0.5740,0.0000,0.0000,0.0000,0.0000,0.0000,0.0000,0.0000,-0.0015,-0.2618,-0.2623,-2.5982,0.0000,0.0000,-2.5982
1791436646.4103,0.0206,0.5625,0.0000,0.0000,0.0000,0.0000,0.0000,0.0000,0.0000,-0.0015,-0.2618,-0.2623,-2.5983,0.0000,0.0000,-2.5983
1791436646.4306,0.0203,0.5406,0.0000,0.0000,0.0000,0.0000,0.0000,0.0000,0.0000,-0.0015,-0.2618,-0.2623,-2.5982,0.0000,0.0000,-2.5982
1791436646.4503,0.0197,2.4558,0.0000,0.0000,0.0000,0.0000,0.0000,0.0000,0.0000,-0.0015,-0.2618,-0.2623,-2.5982,0.0000,0.0000,-2.5982
1791436646.4716,0.0212,0.9236,0.0000,0.0000,0.0000,0.0000,0.0000,0.0000,0.0000,-0.0015,-0.2618,-0.2623,-2.5983,0.0000,0.0000,-2.5983
1791436646.4905,0.0189,3.7336,0.0000,0.0000,0.0000,0.0000,0.0000,0.0000,0.0000,-0.0015,-0.2618,-0.2623,-2.5983,0.0000,0.0000,-2.5983
1791436646.5097,0.0192,1.9071,0.0000,0.0000,0.0000,0.0000,0.0000,0.0000,0.0000,-0.0015,-0.2618,-0.2623,-2.5983,0.0000,0.0000,-2.5983
1791436646.5300,0.0204,1.6051,0.0000,0.0000,0.0000,0.0000,0.0000,0.0000,0.0000,-0.0015,-0.2618,-0.2623,-2.5983,0.0000,0.0000,-2.5983
1791436646.5518,0.0217,0.2941,0.0000,0.0000,0.0000,0.0000,0.0000,0.0000,0.0000,-0.0015,-0.2618,-0.2623,-2.5983,0.0000,0.0000,-2.5983
1791436646.5714,0.0196,0.4907,0.0000,0.0000,0.0000,0.0000,0.0000,0.0000,0.0000,-0.0015,-0.2618,-0.2623,-2.5983,0.0000,0.0000,-2.5983
1791436646.5898,0.0184,2.0305,0.0000,0.0000,0.0000,0.0000,0.0000,0.0000,0.0000,-0.0015,-0.2618,-0.2623,-2.5983,0.0000,0.0000,-2.5983
1791436646.6098,0.0200,1.3219,0.0000,0.0000,0.0000,0.0000,0.0000,0.0000,0.0000,-0.0015,-0.2618,-0.2623,-2.5983,0.0000,0.0000,-2.5983
1791436646.6300,0.0202,2.0505,0.0000,0.0000,0.0000,0.0000,0.0000,0.0000,0.0000,-0.0015,-0.2618,-0.2623,-2.5983,0.0000,0.0000,-2.5983
1791436646.6502,0.0202,0.5954,0.0000,0.0000,0.0000,0.0000,0.0000,0.0000,0.0000,-0.0015,-0.2618,-0.2623,-2.5982,0.0000,0.0000,-2.5982
1791436646.6704,0.0201,0.7780,0.0000,0.0000,0.0000,0.0000,0.0000,0.0000,0.0000,-0.0015,-0.2618,-0.2623,-2.5983,0.0000,0.0000,-2.5983
1791436646.6897,0.0193,0.4761,0.0000,0.0000,0.0000,0.0000,0.0000,0.0000,0.0000,-0.0015,-0.2618,-0.2623,-2.5982,0.0000,0.0000,-2.5982
1791436646.7106,0.0209,0.7633,0.0000,0.0000,0.0000,0.0000,0.0000,0.0000,0.0000,-0.0015,-0.2618,-0.2623,-2.5983,0.0000,0.0000,-2.5983
1791436646.7300,0.0195,2.8433,0.0000,0.0000,0.0000,0.0000,0.0000,0.0000,0.0000,-0.0015,-0.2618,-0.2623,-2.5982,0.0000,0.0000,-2.5982
1791436646.7525,0.0224,0.4408,0.0000,0.0000,0.0000,0.0000,0.0000,0.0000,0.0000,-0.0015,-0.2618,-0.2623,-2.5982,0.0000,0.0000,-2.5982
1791436646.7703,0.0178,0.7807,0.0000,0.0000,0.0000,0.0000,0.0000,0.0000,0.0000,-0.0015,-0.2618,-0.2623,-2.5983,0.0000,0.0000,-2.5983
1791436646.7899,0.0196,0.6774,0.0000,0.0000,0.0000,0.0000,0.0000,0.0000,0.0000,-0.0015,-0.2618,-0.2623,-2.5983,0.0000,0.0000,-2.5983
1791436646.8098,0.0200,1.1086,0.0000,0.0000,0.0000,0.0000,0.0000,0.0000,0.0000,-0.0015,-0.2618,-0.2623,-2.5983,0.0000,0.0000,-2.5983
1791436646.8315,0.0217,0.4972,0.0000,0.0000,0.0000,0.0000,0.0000,0.0000,0.0000,-0.0015,-0.2618,-0.2623,-2.5982,0.0000,0.0000,-2.5982
1791436646.8505,0.0189,0.3880,0.0000,0.0000,0.0000,0.0000,0.0000,0.0000,0.0000,-0.0015,-0.2618,-0.2623,-2.5982,0.0000,0.0000,-2.5982
1791436646.8700,0.0195,0.7996,0.0000,0.0000,0.0000,0.0000,0.0000,0.0000,0.0000,-0.0015,-0.2618,-0.2623,-2.5982,0.0000,0.0000,-2.5982
1791436646.8897,0.0197,0.5311,0.0000,0.0000,0.0000,0.0000,0.0000,0.0000,0.0000,-0.0015,-0.2618,-0.2623,-2.5984,0.0000,0.0000,-2.5984
1791436646.9097,0.0200,0.6019,0.0000,0.0000,0.0000,0.0000,0.0000,0.0000,0.0000,-0.0015,-0.2618,-0.2623,-2.5983,0.0000,0.0000,-2.5983
1791436646.9303,0.0206,4.4888,0.0000,0.0000,0.0000,0.0000,0.0000,0.0000,0.0000,-0.0015,-0.2618,-0.2623,-2.5984,0.0000,0.0000,-2.5984
1791436646.9516,0.0213,0.2782,0.0000,0.0000,0.0000,0.0000,0.0000,0.0000,0.0000,-0.0015,-0.2618,-0.2623,-2.5982,0.0000,0.0000,-2.5982
1791436646.9714,0.0198,1.2572,0.0000,0.0000,0.0000,0.0000,0.0000,0.0000,0.0000,-0.0015,-0.2618,-0.2623,-2.5983,0.0000,0.0000,-2.5983
1791436646.9907,0.0193,2.2770,0.0000,0.0000,0.0000,0.0000,0.0000,0.0000,0.0000,-0.0015,-0.2618,-0.2623,-2.5983,0.0000,0.0000,-2.5983
1791436647.0104,0.0197,0.9031,0.0000,0.0000,0.0000,0.0000,0.0000,0.0000,0.0000,-0.0015,-0.2618,-0.2623,-2.5982,0.0000,0.0000,-2.5982
1791436647.0302,0.0199,2.7119,0.0000,0.0000,0.0000,0.0000,0.0000,0.0000,0.0000,-0.0015,-0.2618,-0.2623,-2.5983,0.0000,0.0000,-2.5983
1791436647.0502,0.0199,0.5900,0.0000,0.0000,0.0000,0.0000,0.0000,0.0000,0.0000,-0.0015,-0.2618,-0.2623,-2.5982,0.0000,0.0000,-2.5982
1791436647.0704,0.0202,0.9491,0.0000,0.0000,0.0000,0.0000,0.0000,0.0000,0.0000,-0.0015,-0.2618,-0.2623,-2.5983,0.0000,0.0000,-2.5983
1791436647.0898,0.0194,1.4632,0.0000,0.0000,0.0000,0.0000,0.0000,0.0000,0.0000,-0.0015,-0.2618,-0.2623,-2.5983,0.0000,0.0000,-2.5983
1791436647.1115,0.0217,1.0546,0.0000,0.0000,0.0000,0.0000,0.0000,0.0000,0.0000,-0.0015,-0.2618,-0.2623,-2.5983,0.0000,0.0000,-2.5983
1791436647.1384,0.0269,2.9107,0.0000,0.0000,0.0000,0.0000,0.0000,0.0000,0.0000,-0.0015,-0.2618,-0.2623,-2.5983,0.0000,0.0000,-2.5983
1791436647.1665,0.0281,0.6090,0.0000,0.0000,0.0000,0.0000,0.0000,0.0000,0.0000,-0.0015,-0.2618,-0.2623,-2.5982,0.0000,0.0000,-2.5982
1791436647.1703,0.0037,0.0897,0.0000,0.0000,0.0000,0.0000,0.0000,0.0000,0.0000,-0.0015,-0.2618,-0.2623,-2.5982,0.0000,0.0000,-2.5982
1791436647.1900,0.0197,3.7930,0.0000,0.0000,0.0000,0.0000,0.0000,0.0000,0.0000,-0.0015,-0.2618,-0.2623,-2.5983,0.0000,0.0000,-2.5983
1791436647.2100,0.0200,0.8431,0.0000,0.0000,0.0000,0.0000,0.0000,0.0000,0.0000,-0.0015,-0.2618,-0.2623,-2.5982,0.0000,0.0000,-2.5982
1791436647.2304,0.0204,1.5789,0.0000,0.0000,0.0000,0.0000,0.0000,0.0000,0.0000,-0.0015,-0.2618,-0.2623,-2.5983,0.0000,0.0000,-2.5983
1791436647.2504,0.0200,0.6158,0.0000,0.0000,0.0000,0.0000,0.0000,0.0000,0.0000,-0.0015,-0.2618,-0.2623,-2.5983,0.0000,0.0000,-2.5983
1791436647.2704,0.0200,0.8752,0.0000,0.0000,0.0000,0.0000,0.0000,0.0000,0.0000,-0.0015,-0.2618,-0.2623,-2.5983,0.0000,0.0000,-2.5983
1791436647.2902,0.0198,4.1104,0.0000,0.0000,0.0000,0.0000,0.0000,0.0000,0.0000,-0.0015,-0.2618,-0.2623,-2.5982,0.0000,0.0000,-2.5982
1791436647.3100,0.0198,6.8435,0.0000,0.0000,0.0000,0.0000,0.0000,0.0000,0.0000,-0.0015,-0.2618,-0.2623,-2.5983,0.0000,0.0000,-2.5983
1791436647.3305,0.0206,2.1753,0.0000,0.0000,0.0000,0.0000,0.0000,0.0000,0.0000,-0.0015,-0.2618,-0.2623,-2.5984,0.0000,0.0000,-2.5984
1791436647.3507,0.0202,3.1713,0.0000,0.0000,0.0000,0.0000,0.0000,0.0000,0.0000,-0.0015,-0.2618,-0.2623,-2.5983,0.0000,0.0000,-2.5983
1791436647.3701,0.0194,3.3315,0.0000,0.0000,0.0000,0.0000,0.0000,0.0000,0.0000,-0.0015,-0.2618,-0.2623,-2.5983,0.0000,0.0000,-2.5983
1791436647.3903,0.0202,0.8084,0.0000,0.0000,0.0000,0.0000,0.0000,0.0000,0.0000,-0.0015,-0.2618,-0.2623,-2.5983,0.0000,0.0000,-2.5983
1791436647.4100,0.0197,4.4797,0.0000,0.0000,0.0000,0.0000,0.0000,0.0000,0.0000,-0.0015,-0.2618,-0.2623,-2.5983,0.0000,0.0000,-2.5983
1791436647.4314,0.0214,0.9139,0.0000,0.0000,0.0000,0.0000,0.0000,0.0000,0.0000,-0.0015,-0.2618,-0.2623,-2.5983,0.0000,0.0000,-2.5983
1791436647.4508,0.0194,1.0938,0.0000,0.0000,0.0000,0.0000,0.0000,0.0000,0.0000,-0.0015,-0.2618,-0.2623,-2.5983,0.0000,0.0000,-2.5983
1791436647.4699,0.0191,0.7913,0.0000,0.0000,0.0000,0.0000,0.0000,0.0000,0.0000,-0.0015,-0.2618,-0.2623,-2.5983,0.0000,0.0000,-2.5983
1791436647.4897,0.0199,0.6167,0.0000,0.0000,0.0000,0.0000,0.0000,0.0000,0.0000,-0.0015,-0.2618,-0.2623,-2.5983,0.0000,0.0000,-2.5983
1791436647.5102,0.0205,2.3759,0.0000,0.0000,0.0000,0.0000,0.0000,0.0000,0.0000,-0.0015,-0.2618,-0.2623,-2.5983,0.0000,0.0000,-2.5983
1791436647.5301,0.0199,0.9623,0.0000,0.0000,0.0000,0.0000,0.0000,0.0000,0.0000,-0.0015,-0.2618,-0.2623,-2.5982,0.0000,0.0000,-2.5982
1791436647.5537,0.0236,0.7772,0.0000,0.0000,0.0000,0.0000,0.0000,0.0000,0.0000,-0.0015,-0.2618,-0.2623,-2.5982,0.0000,0.0000,-2.5982
1791436647.5698,0.0162,0.6626,0.0000,0.0000,0.0000,0.0000,0.0000,0.0000,0.0000,-0.0015,-0.2618,-0.2623,-2.5983,0.0000,0.0000,-2.5983
1791436647.5898,0.0200,0.7877,-0.0100,-0.0174,-0.2196,0.0000,-0.3854,0.0000,-0.0233,-0.0015,-0.2200,-0.2623,-2.5983,0.0000,0.0000,-2.5983
1791436647.6113,0.0215,1.9477,-0.0207,-0.0174,-0.5455,0.0000,-0.7117,0.0000,-0.0233,-0.0015,-0.1749,-0.2623,-2.5983,0.0000,0.0000,-2.5983
1791436647.6300,0.0187,2.4194,-0.0301,-0.0174,-0.8288,0.0000,-0.9953,0.0000,-0.0233,-0.0031,-0.1357,-0.2608,-2.5984,0.0000,0.0000,-2.5984
1791436647.6506,0.0206,0.9842,-0.0404,-0.0174,-1.1409,-0.0240,-1.3077,-0.0240,-0.0233,-0.0077,-0.0926,-0.2470,-2.5983,-0.0008,0.0000,-2.5983
1791436647.6697,0.0191,2.4299,-0.0499,-0.0174,-1.4298,-0.0719,-1.5969,-0.0480,-0.0233,-0.0107,-0.0526,-0.2362,-2.5984,-0.0020,0.0026,-2.5984
1791436647.6904,0.0207,5.0672,-0.0603,-0.0174,-1.7433,-0.2158,-1.9108,-0.2158,-0.0233,-0.0169,-0.0092,-0.2071,-2.5984,-0.0071,0.0000,-2.5984
1791436647.7117,0.0213,0.7194,-0.0709,-0.0174,-2.0653,-0.4556,-2.2331,-0.6954,-0.0233,-0.0215,0.0044,-0.1580,-2.5994,-0.0190,-0.0251,-2.5994
1791436647.7298,0.0181,3.3028,-0.0800,-0.0142,-2.3550,-0.5995,-2.4920,-0.8393,-0.0193,-0.0215,-0.0088,-0.1381,-2.5997,-0.0237,-0.0251,-2.5997
1791436647.7542,0.0244,1.0310,-0.0922,-0.0142,-2.7252,-1.1031,-2.8625,-1.2710,-0.0193,-0.0215,-0.0088,-0.0828,-2.6002,-0.0392,-0.0175,-2.6002
1791436647.7701,0.0158,0.9204,-0.1000,-0.0142,-2.9615,-1.2470,-3.0991,-1.3909,-0.0193,-0.0215,-0.0088,-0.0660,-2.6004,-0.0435,-0.0150,-2.6004
1791436647.7897,0.0197,1.2116,-0.1000,-0.0142,-2.9615,-1.5588,-3.0991,-1.6787,-0.0193,-0.0215,-0.0088,-0.0430,-2.6010,-0.0534,-0.0125,-2.6010
1791436647.8100,0.0202,1.1413,-0.1000,-0.0142,-2.9615,-1.8225,-3.0991,-1.9904,-0.0193,-0.0215,-0.0088,-0.0307,-2.6018,-0.0629,-0.0174,-2.6018
1791436647.8301,0.0201,1.7690,-0.1000,-0.0113,-2.9753,-2.1583,-3.0853,-2.3261,-0.0157,-0.0215,-0.0292,-0.0230,-2.6024,-0.0740,-0.0174,-2.6024
1791436647.8500,0.0200,0.9372,-0.1000,-0.0113,-2.9753,-2.4460,-3.0853,-2.5899,-0.0157,-0.0199,-0.0292,-0.0184,-2.6028,-0.0831,-0.0149,-2.6028
1791436647.8705,0.0205,0.9622,-0.1000,-0.0113,-2.9753,-2.6619,-3.0853,-2.7818,-0.0157,-0.0199,-0.0292,-0.0153,-2.6033,-0.0898,-0.0124,-2.6033
1791436647.8897,0.0192,0.6589,-0.1000,-0.0113,-2.9753,-2.8058,-3.0853,-2.9496,-0.0157,-0.0184,-0.0292,-0.0215,-2.6040,-0.0950,-0.0149,-2.6040
1791436647.9099,0.0202,0.4826,-0.1000,-0.0113,-2.9753,-2.8777,-3.0853,-3.0216,-0.0157,-0.0169,-0.0292,-0.0245,-2.6047,-0.0973,-0.0149,-2.6047
1791436647.9299,0.0200,2.8224,-0.1000,-0.0113,-2.9753,-2.9017,-3.0853,-3.0456,-0.0157,-0.0169,-0.0292,-0.0261,-2.6056,-0.0981,-0.0149,-2.6056
1791436647.9500,0.0201,0.3202,-0.1000,-0.0113,-2.9753,-2.9017,-3.0853,-3.0456,-0.0157,-0.0169,-0.0292,-0.0276,-2.6065,-0.0981,-0.0149,-2.6065
1791436647.9698,0.0199,0.9555,-0.1000,-0.0113,-2.9753,-2.9017,-3.0853,-3.0456,-0.0157,-0.0169,-0.0292,-0.0276,-2.6072,-0.0981,-0.0149,-2.6072
1791436647.9904,0.0206,0.4225,-0.1000,-0.0099,-2.9824,-2.9496,-3.0782,-3.0456,-0.0139,-0.0169,-0.0332,-0.0276,-2.6079,-0.0989,-0.0099,-2.6079
1791436648.0102,0.0198,1.4647,-0.1000,-0.0099,-2.9824,-2.9496,-3.0782,-3.0695,-0.0139,-0.0169,-0.0332,-0.0276,-2.6087,-0.0993,-0.0124,-2.6087
1791436648.0299,0.0198,3.7986,-0.1000,-0.0099,-2.9824,-2.9496,-3.0782,-3.0935,-0.0139,-0.0169,-0.0332,-0.0291,-2.6094,-0.0997,-0.0148,-2.6094
1791436648.0510,0.0211,3.5343,-0.1000,-0.0099,-2.9824,-2.9496,-3.0782,-3.0935,-0.0139,-0.0153,-0.0332,-0.0307,-2.6103,-0.0997,-0.0148,-2.6103
1791436648.0699,0.0189,0.8050,-0.1000,-0.0099,-2.9824,-2.9496,-3.0782,-3.0695,-0.0139,-0.0153,-0.0332,-0.0322,-2.6113,-0.0993,-0.0124,-2.6113
1791436648.0897,0.0198,1.2593,-0.1000,-0.0099,-2.9824,-2.9496,-3.0782,-3.0695,-0.0139,-0.0153,-0.0332,-0.0322,-2.6121,-0.0993,-0.0124,-2.6121
1791436648.1113,0.0216,0.9622,-0.1000,-0.0125,-2.9696,-2.9496,-3.0910,-3.0456,-0.0172,-0.0153,-0.0503,-0.0322,-2.6127,-0.0989,-0.0099,-2.6127
1791436648.1320,0.0206,2.5803,-0.1000,-0.0125,-2.9696,-2.9736,-3.0910,-3.0216,-0.0172,-0.0153,-0.0503,-0.0322,-2.6134,-0.0989,-0.0049,-2.6134
1791436648.1509,0.0189,0.7255,-0.1000,-0.0125,-2.9696,-2.9736,-3.0910,-3.0695,-0.0172,-0.0153,-0.0503,-0.0337,-2.6141,-0.0997,-0.0099,-2.6141
1791436648.1697,0.0188,0.6581,-0.1000,-0.0125,-2.9696,-2.9736,-3.0910,-3.0935,-0.0172,-0.0153,-0.0503,-0.0368,-2.6146,-0.1001,-0.0124,-2.6146
1791436648.1897,0.0200,1.4063,-0.1000,-0.0125,-2.9696,-2.9496,-3.0910,-3.0695,-0.0172,-0.0153,-0.0503,-0.0414,-2.6154,-0.0993,-0.0124,-2.6154
1791436648.2098,0.0201,0.8086,-0.1000,-0.0125,-2.9696,-2.9017,-3.0910,-3.0695,-0.0172,-0.0153,-0.0503,-0.0445,-2.6165,-0.0985,-0.0173,-2.6165
1791436648.2305,0.0208,4.1652,-0.1000,-0.0125,-2.9696,-2.9257,-3.0910,-3.0456,-0.0172,-0.0153,-0.0503,-0.0476,-2.6172,-0.0985,-0.0124,-2.6172
1791436648.2510,0.0205,0.7829,-0.1000,-0.0144,-2.9605,-2.9257,-3.1001,-3.0695,-0.0196,-0.0153,-0.0429,-0.0476,-2.6183,-0.0989,-0.0148,-2.6183
1791436648.2721,0.0211,0.6658,-0.1000,-0.0144,-2.9605,-2.9736,-3.1001,-3.0695,-0.0196,-0.0153,-0.0429,-0.0476,-2.6190,-0.0997,-0.0099,-2.6190
1791436648.2900,0.0179,0.6631,-0.1000,-0.0144,-2.9605,-2.9736,-3.1001,-3.0935,-0.0196,-0.0153,-0.0429,-0.0476,-2.6195,-0.1001,-0.0124,-2.6195
1791436648.3098,0.0198,0.8831,-0.1000,-0.0144,-2.9605,-2.9496,-3.1001,-3.0935,-0.0196,-0.0169,-0.0429,-0.0460,-2.6202,-0.0997,-0.0148,-2.6202
1791436648.3299,0.0201,0.7014,-0.1000,-0.0144,-2.9605,-2.9257,-3.1001,-3.0695,-0.0196,-0.0169,-0.0429,-0.0460,-2.6209,-0.0989,-0.0148,-2.6209
1791436648.3501,0.0201,0.9593,-0.1000,-0.0144,-2.9605,-2.9257,-3.1001,-3.0695,-0.0196,-0.0199,-0.0429,-0.0445,-2.6216,-0.0989,-0.0148,-2.6216
1791436648.3705,0.0204,0.7049,-0.1000,-0.0144,-2.9605,-2.9257,-3.1001,-3.0695,-0.0196,-0.0199,-0.0429,-0.0460,-2.6223,-0.0989,-0.0148,-2.6223
1791436648.3906,0.0201,2.7788,-0.1000,-0.0144,-2.9605,-2.9496,-3.1001,-3.0695,-0.0196,-0.0199,-0.0391,-0.0445,-2.6229,-0.0993,-0.0124,-2.6229
1791436648.4099,0.0193,1.1918,-0.1000,-0.0144,-2.9605,-2.9496,-3.1001,-3.0695,-0.0196,-0.0199,-0.0391,-0.0445,-2.6233,-0.0993,-0.0124,-2.6233
1791436648.4298,0.0199,1.0705,-0.1000,-0.0144,-2.9605,-2.9496,-3.1001,-3.0695,-0.0196,-0.0199,-0.0391,-0.0460,-2.6240,-0.0993,-0.0124,-2.6240
1791436648.4581,0.0283,1.0547,-0.1000,-0.0144,-2.9605,-2.9496,-3.1001,-3.1175,-0.0196,-0.0199,-0.0391,-0.0430,-2.6253,-0.1001,-0.0173,-2.6253
1791436648.4698,0.0117,3.7605,-0.1000,-0.0144,-2.9605,-2.9496,-3.1001,-3.1175,-0.0196,-0.0199,-0.0391,-0.0430,-2.6257,-0.1001,-0.0173,-2.6257
1791436648.4915,0.0216,0.8522,-0.1000,-0.0144,-2.9605,-2.9257,-3.1001,-3.0935,-0.0196,-0.0199,-0.0391,-0.0414,-2.6263,-0.0993,-0.0173,-2.6263
1791436648.5096,0.0181,1.4422,-0.1000,-0.0070,-2.9963,-2.9257,-3.0643,-3.0935,-0.0196,-0.0199,-0.0391,-0.0414,-2.6268,-0.0993,-0.0173,-2.6268
1791436648.5306,0.0210,0.9523,-0.1000,-0.0070,-2.9963,-2.9496,-3.0643,-3.0935,-0.0103,-0.0199,-0.0220,-0.0414,-2.6272,-0.0997,-0.0148,-2.6272
1791436648.5500,0.0194,4.6479,-0.1000,-0.0070,-2.9963,-2.9736,-3.0643,-3.0935,-0.0103,-0.0199,-0.0220,-0.0414,-2.6278,-0.1001,-0.0124,-2.6278
1791436648.5698,0.0198,0.5058,-0.1000,-0.0070,-2.9963,-2.9736,-3.0643,-3.0935,-0.0103,-0.0199,-0.0220,-0.0383,-2.6285,-0.1001,-0.0124,-2.6285
1791436648.5906,0.0208,0.7391,-0.1000,-0.0070,-2.9963,-2.9736,-3.0643,-3.0695,-0.0103,-0.0153,-0.0220,-0.0337,-2.6292,-0.0997,-0.0099,-2.6292
1791436648.6097,0.0191,0.8867,-0.1000,-0.0070,-2.9963,-2.9496,-3.0643,-3.0695,-0.0103,-0.0138,-0.0220,-0.0291,-2.6298,-0.0993,-0.0124,-2.6298
1791436648.6306,0.0210,2.3845,-0.1000,-0.0070,-2.9963,-2.9736,-3.0643,-3.0935,-0.0103,-0.0138,-0.0220,-0.0261,-2.6303,-0.1001,-0.0124,-2.6303
1791436648.6510,0.0203,0.7251,-0.1000,-0.0063,-3.0000,-2.9976,-3.0606,-3.0695,-0.0094,-0.0123,-0.0186,-0.0245,-2.6308,-0.1001,-0.0074,-2.6308
1791436648.6715,0.0205,0.6135,-0.1000,-0.0063,-3.0000,-3.0216,-3.0606,-3.0695,-0.0094,-0.0123,-0.0186,-0.0230,-2.6312,-0.1005,-0.0049,-2.6312
1791436648.6897,0.0182,1.4369,-0.1000,-0.0063,-3.0000,-3.0216,-3.0606,-3.0695,-0.0094,-0.0123,-0.0186,-0.0245,-2.6315,-0.1005,-0.0049,-2.6315
1791436648.7098,0.0201,2.9453,-0.1000,-0.0063,-3.0000,-2.9976,-3.0606,-3.0695,-0.0094,-0.0107,-0.0186,-0.0230,-2.6322,-0.1001,-0.0074,-2.6322
1791436648.7298,0.0200,2.1060,-0.1000,-0.0063,-3.0000,-2.9976,-3.0606,-3.0695,-0.0094,-0.0107,-0.0186,-0.0215,-2.6328,-0.1001,-0.0074,-2.6328
1791436648.7501,0.0202,0.3727,-0.1000,-0.0063,-3.0000,-2.9736,-3.0606,-3.0695,-0.0094,-0.0107,-0.0186,-0.0215,-2.6332,-0.0997,-0.0099,-2.6332
1791436648.7705,0.0205,0.9003,-0.1000,-0.0063,-3.0000,-2.9736,-3.0606,-3.0695,-0.0094,-0.0107,-0.0186,-0.0199,-2.6334,-0.0997,-0.0099,-2.6334
1791436648.7909,0.0203,0.6837,-0.1000,0.0047,-3.0522,-2.9976,-3.0084,-3.0695,0.0043,-0.0107,0.0112,-0.0215,-2.6338,-0.1001,-0.0074,-2.6338
1791436648.8109,0.0201,0.7665,-0.1000,0.0047,-3.0522,-2.9976,-3.0084,-3.0935,0.0043,-0.0107,0.0112,-0.0199,-2.6342,-0.1005,-0.0099,-2.6342
1791436648.8300,0.0191,0.5423,-0.1000,0.0047,-3.0522,-3.0216,-3.0084,-3.0695,0.0043,-0.0123,0.0112,-0.0199,-2.6344,-0.1005,-0.0049,-2.6344
1791436648.8504,0.0204,0.5372,-0.1000,0.0047,-3.0522,-2.9976,-3.0084,-3.0216,0.0043,-0.0077,0.0112,-0.0138,-2.6349,-0.0993,-0.0025,-2.6349
1791436648.8697,0.0193,1.8288,-0.1000,0.0047,-3.0522,-2.9976,-3.0084,-2.9976,0.0043,-0.0015,0.0112,-0.0046,-2.6351,-0.0989,0.0000,-2.6351
1791436648.8900,0.0203,0.5098,-0.1000,0.0047,-3.0522,-2.9736,-3.0084,-2.9976,0.0043,0.0000,0.0112,0.0015,-2.6350,-0.0985,-0.0025,-2.6350
1791436648.9097,0.0197,1.0440,-0.1000,0.0073,-3.0645,-3.0216,-2.9961,-2.9976,0.0043,0.0031,0.0112,0.0046,-2.6351,-0.0993,0.0026,-2.6351
1791436648.9315,0.0218,4.0573,-0.1000,0.0073,-3.0645,-3.0456,-2.9961,-2.9976,0.0076,0.0031,0.0125,0.0061,-2.6350,-0.0997,0.0051,-2.6350
1791436648.9539,0.0224,1.3389,-0.1000,0.0073,-3.0645,-3.0456,-2.9961,-2.9976,0.0076,0.0031,0.0125,0.0077,-2.6348,-0.0997,0.0051,-2.6348
1791436648.9703,0.0164,6.6281,-0.1000,0.0073,-3.0645,-3.0456,-2.9961,-2.9976,0.0076,0.0031,0.0125,0.0092,-2.6348,-0.0997,0.0051,-2.6348
1791436648.9899,0.0197,4.2639,-0.1000,0.0073,-3.0645,-3.0456,-2.9961,-2.9736,0.0076,0.0046,0.0125,0.0092,-2.6346,-0.0993,0.0077,-2.6346
1791436649.0098,0.0199,1.9575,-0.1000,0.0073,-3.0645,-3.0216,-2.9961,-2.9736,0.0076,0.0061,0.0125,0.0092,-2.6343,-0.0989,0.0051,-2.6343
1791436649.0299,0.0201,5.1445,-0.1000,0.0073,-3.0645,-3.0216,-2.9961,-2.9976,0.0076,0.0061,0.0125,0.0107,-2.6343,-0.0993,0.0026,-2.6343
1791436649.0501,0.0203,0.4411,-0.1000,0.0073,-3.0645,-3.0456,-2.9961,-2.9976,0.0076,0.0061,0.0125,0.0107,-2.6343,-0.0997,0.0051,-2.6343
1791436649.0697,0.0196,1.4100,-0.1000,0.0073,-3.0645,-3.0695,-2.9961,-2.9976,0.0076,0.0061,0.0125,0.0107,-2.6342,-0.1001,0.0077,-2.6342
1791436649.0897,0.0200,2.2843,-0.1000,0.0178,-3.1135,-3.0935,-2.9471,-2.9976,0.0206,0.0061,0.0353,0.0107,-2.6338,-0.1005,0.0102,-2.6338
1791436649.1102,0.0205,2.7690,-0.1000,0.0178,-3.1135,-3.0695,-2.9471,-2.9736,0.0206,0.0061,0.0353,0.0092,-2.6336,-0.0997,0.0102,-2.6336
1791436649.1304,0.0203,0.5031,-0.1000,0.0178,-3.1135,-3.0695,-2.9471,-2.9496,0.0206,0.0077,0.0353,0.0123,-2.6334,-0.0993,0.0128,-2.6334
1791436649.1501,0.0197,0.4481,-0.1000,0.0178,-3.1135,-3.0695,-2.9471,-2.9736,0.0206,0.0123,0.0353,0.0199,-2.6334,-0.0997,0.0102,-2.6334
1791436649.1698,0.0196,2.0640,-0.1000,0.0178,-3.1135,-3.0695,-2.9471,-2.9736,0.0206,0.0153,0.0353,0.0245,-2.6333,-0.0997,0.0102,-2.6333
1791436649.1897,0.0200,1.3031,-0.1000,0.0178,-3.1135,-3.0935,-2.9471,-2.9496,0.0206,0.0184,0.0353,0.0291,-2.6332,-0.0997,0.0154,-2.6332
1791436649.2097,0.0199,0.4652,-0.1000,0.0218,-3.1324,-3.0935,-2.9282,-2.9496,0.0257,0.0184,0.0246,0.0307,-2.6333,-0.0997,0.0154,-2.6333
1791436649.2297,0.0200,0.8123,-0.1000,0.0218,-3.1324,-3.0695,-2.9282,-2.9496,0.0257,0.0184,0.0246,0.0322,-2.6331,-0.0993,0.0128,-2.6331
1791436649.2500,0.0203,0.5250,-0.1000,0.0218,-3.1324,-3.0695,-2.9282,-2.9257,0.0257,0.0184,0.0246,0.0322,-2.6326,-0.0989,0.0154,-2.6326
1791436649.2704,0.0204,0.4995,-0.1000,0.0218,-3.1324,-3.0935,-2.9282,-2.9257,0.0257,0.0199,0.0246,0.0307,-2.6322,-0.0993,0.0179,-2.6322
1791436649.2897,0.0193,0.4286,-0.1000,0.0218,-3.1324,-3.0935,-2.9282,-2.9496,0.0257,0.0230,0.0246,0.0276,-2.6318,-0.0997,0.0154,-2.6318
1791436649.3115,0.0218,3.1882,-0.1000,0.0218,-3.1324,-3.1415,-2.9282,-2.9257,0.0257,0.0245,0.0246,0.0261,-2.6308,-0.1001,0.0231,-2.6308
1791436649.3299,0.0185,0.9156,-0.1000,0.0222,-3.1341,-3.1415,-2.9265,-2.9257,0.0262,0.0245,0.0256,0.0261,-2.6306,-0.1001,0.0231,-2.6306
1791436649.3520,0.0220,2.4123,-0.1000,0.0222,-3.1341,-3.1175,-2.9265,-2.9017,0.0262,0.0245,0.0256,0.0261,-2.6304,-0.0993,0.0231,-2.6304
1791436649.3701,0.0181,1.5113,-0.1000,0.0222,-3.1341,-3.1175,-2.9265,-2.9017,0.0262,0.0245,0.0256,0.0261,-2.6301,-0.0993,0.0231,-2.6301
1791436649.3898,0.0197,0.6852,-0.1000,0.0222,-3.1341,-3.1175,-2.9265,-2.8777,0.0262,0.0245,0.0256,0.0261,-2.6296,-0.0989,0.0256,-2.6296
1791436649.4123,0.0226,0.5671,-0.1000,0.0222,-3.1341,-3.1175,-2.9265,-2.8777,0.0262,0.0245,0.0256,0.0261,-2.6293,-0.0989,0.0256,-2.6293
1791436649.4300,0.0177,1.3584,-0.1000,0.0222,-3.1341,-3.1415,-2.9265,-2.9257,0.0262,0.0245,0.0256,0.0261,-2.6292,-0.1001,0.0231,-2.6292
1791436649.4505,0.0205,1.0936,-0.1000,0.0222,-3.1341,-3.1415,-2.9265,-2.9496,0.0262,0.0230,0.0256,0.0261,-2.6289,-0.1005,0.0205,-2.6289
1791436649.4698,0.0193,4.0233,-0.1000,0.0222,-3.1341,-3.1175,-2.9265,-2.9257,0.0262,0.0245,0.0256,0.0261,-2.6285,-0.0997,0.0205,-2.6285
1791436649.4897,0.0199,2.6795,-0.1000,0.0210,-3.1288,-3.1175,-2.9318,-2.9257,0.0247,0.0245,0.0265,0.0261,-2.6282,-0.0997,0.0205,-2.6282
1791436649.5097,0.0200,0.5841,-0.1000,0.0210,-3.1288,-3.1175,-2.9318,-2.9017,0.0247,0.0245,0.0265,0.0245,-2.6279,-0.0993,0.0231,-2.6279
1791436649.5298,0.0201,0.8043,-0.1000,0.0210,-3.1288,-3.1415,-2.9318,-2.9017,0.0247,0.0245,0.0265,0.0261,-2.6273,-0.0997,0.0256,-2.6273
1791436649.5517,0.0219,2.1558,-0.1000,0.0210,-3.1288,-3.1415,-2.9318,-2.9017,0.0247,0.0245,0.0265,0.0261,-2.6269,-0.0997,0.0256,-2.6269
1791436649.5704,0.0186,1.1594,-0.1000,0.0210,-3.1288,-3.1415,-2.9318,-2.9017,0.0247,0.0245,0.0265,0.0261,-2.6266,-0.0997,0.0256,-2.6266
1791436649.5899,0.0195,1.5052,-0.1000,0.0210,-3.1288,-3.1175,-2.9318,-2.9496,0.0247,0.0245,0.0265,0.0261,-2.6264,-0.1001,0.0179,-2.6264
1791436649.6116,0.0217,1.1027,-0.1000,0.0107,-3.0805,-3.1175,-2.9802,-2.9257,0.0118,0.0245,0.0365,0.0261,-2.6262,-0.0997,0.0205,-2.6262
1791436649.6305,0.0189,0.5881,-0.1000,0.0107,-3.0805,-3.1175,-2.9802,-2.9257,0.0118,0.0245,0.0365,0.0245,-2.6260,-0.0997,0.0205,-2.6260
1791436649.6500,0.0195,0.4498,-0.1000,0.0107,-3.0805,-3.1175,-2.9802,-2.9017,0.0118,0.0230,0.0365,0.0276,-2.6257,-0.0993,0.0231,-2.6257
1791436649.6698,0.0197,3.7119,-0.1000,0.0107,-3.0805,-3.1175,-2.9802,-2.9017,0.0118,0.0184,0.0365,0.0307,-2.6255,-0.0993,0.0231,-2.6255
1791436649.6899,0.0201,0.5688,-0.1000,0.0107,-3.0805,-3.0935,-2.9802,-2.9017,0.0118,0.0153,0.0365,0.0322,-2.6254,-0.0989,0.0205,-2.6254
1791436649.7114,0.0215,0.5829,-0.1000,0.0107,-3.0805,-3.0935,-2.9802,-2.9736,0.0118,0.0138,0.0365,0.0337,-2.6254,-0.1001,0.0128,-2.6254
1791436649.7309,0.0195,1.5988,-0.1000,0.0107,-3.0805,-3.0695,-2.9802,-2.9976,0.0118,0.0138,0.0365,0.0353,-2.6253,-0.1001,0.0077,-2.6253
1791436649.7526,0.0217,0.4346,-0.1000,0.0107,-3.0805,-3.0695,-2.9802,-2.9736,0.0118,0.0138,0.0365,0.0353,-2.6252,-0.0997,0.0102,-2.6252
1791436649.7704,0.0178,0.5701,-0.1000,0.0078,-3.0669,-3.0456,-2.9937,-2.9736,0.0082,0.0138,0.0515,0.0353,-2.6248,-0.0993,0.0077,-2.6248
1791436649.7899,0.0195,0.6641,-0.1000,0.0078,-3.0669,-3.0695,-2.9937,-2.9736,0.0082,0.0153,0.0515,0.0353,-2.6246,-0.0997,0.0102,-2.6246
1791436649.8097,0.0199,0.8353,-0.1000,0.0078,-3.0669,-3.0695,-2.9937,-2.9496,0.0082,0.0138,0.0515,0.0353,-2.6240,-0.0993,0.0128,-2.6240
1791436649.8301,0.0204,1.7238,-0.1000,0.0078,-3.0669,-3.0695,-2.9937,-2.9257,0.0082,0.0123,0.0515,0.0383,-2.6235,-0.0989,0.0154,-2.6235
1791436649.8540,0.0238,0.4032,-0.1000,0.0078,-3.0669,-3.0456,-2.9937,-2.9736,0.0082,0.0092,0.0515,0.0445,-2.6229,-0.0993,0.0077,-2.6229
1791436649.8700,0.0160,3.7143,-0.1000,0.0078,-3.0669,-3.0456,-2.9937,-2.9976,0.0082,0.0092,0.0515,0.0460,-2.6230,-0.0997,0.0051,-2.6230
1791436649.8904,0.0205,3.3331,-0.1000,0.0060,-3.0585,-3.0456,-3.0021,-2.9976,0.0060,0.0092,0.0536,0.0476,-2.6231,-0.0997,0.0051,-2.6231
1791436649.9105,0.0200,0.4712,-0.1000,0.0060,-3.0585,-3.0216,-3.0021,-2.9736,0.0060,0.0092,0.0536,0.0476,-2.6229,-0.0989,0.0051,-2.6229
1791436649.9305,0.0200,0.5545,-0.1000,0.0060,-3.0585,-3.0456,-3.0021,-2.9496,0.0060,0.0092,0.0536,0.0506,-2.6222,-0.0989,0.0102,-2.6222
1791436649.9516,0.0212,0.3181,-0.1000,0.0060,-3.0585,-3.0456,-3.0021,-2.9257,0.0060,0.0092,0.0536,0.0506,-2.6216,-0.0985,0.0128,-2.6216
1791436649.9699,0.0182,2.3997,-0.1000,0.0060,-3.0585,-3.0695,-3.0021,-2.9257,0.0060,0.0077,0.0536,0.0522,-2.6209,-0.0989,0.0154,-2.6209
1791436649.9897,0.0199,0.5872,-0.1000,0.0060,-3.0585,-3.0695,-3.0021,-2.9736,0.0060,0.0077,0.0536,0.0522,-2.6204,-0.0997,0.0102,-2.6204
1791436650.0115,0.0218,2.2145,-0.1000,0.0060,-3.0585,-3.0456,-3.0021,-2.9736,0.0060,0.0077,0.0536,0.0522,-2.6202,-0.0993,0.0077,-2.6202
1791436650.0300,0.0185,5.5265,-0.1000,0.0060,-3.0585,-3.0216,-3.0021,-2.9976,0.0060,0.0077,0.0536,0.0522,-2.6202,-0.0993,0.0026,-2.6202
1791436650.0505,0.0205,3.6822,-0.1000,0.0009,-3.0344,-3.0216,-3.0262,-2.9736,-0.0005,0.0077,0.0589,0.0506,-2.6201,-0.0989,0.0051,-2.6201
1791436650.0697,0.0192,2.5783,-0.1000,0.0009,-3.0344,-3.0456,-3.0262,-2.9736,-0.0005,0.0077,0.0589,0.0506,-2.6197,-0.0993,0.0077,-2.6197
1791436650.0899,0.0202,1.3741,-0.1000,0.0009,-3.0344,-3.0456,-3.0262,-2.9736,-0.0005,0.0077,0.0589,0.0522,-2.6192,-0.0993,0.0077,-2.6192
1791436650.1097,0.0198,3.4623,-0.1000,0.0009,-3.0344,-3.0456,-3.0262,-2.9736,-0.0005,0.0046,0.0589,0.0552,-2.6188,-0.0993,0.0077,-2.6188
1791436650.1304,0.0207,11.2853,-0.1000,0.0009,-3.0344,-3.0456,-3.0262,-2.9976,-0.0005,0.0015,0.0589,0.0552,-2.6186,-0.0997,0.0051,-2.6186
1791436650.1501,0.0197,0.4181,-0.1000,0.0009,-3.0344,-3.0216,-3.0262,-3.0216,-0.0005,0.0015,0.0589,0.0568,-2.6185,-0.0997,0.0000,-2.6185
1791436650.1719,0.0218,2.7032,-0.1000,-0.0013,-3.0241,-3.0216,-3.0365,-2.9976,-0.0032,0.0015,0.0529,0.0568,-2.6180,-0.0993,0.0026,-2.6180
1791436650.1904,0.0185,0.4301,-0.1000,-0.0013,-3.0241,-3.0456,-3.0365,-2.9736,-0.0032,0.0015,0.0529,0.0568,-2.6171,-0.0993,0.0077,-2.6171
1791436650.2097,0.0193,1.4090,-0.1000,-0.0013,-3.0241,-3.0456,-3.0365,-2.9736,-0.0032,0.0015,0.0529,0.0552,-2.6167,-0.0993,0.0077,-2.6167
1791436650.2304,0.0206,0.7871,-0.1000,-0.0013,-3.0241,-3.0216,-3.0365,-2.9736,-0.0032,0.0000,0.0529,0.0537,-2.6167,-0.0989,0.0051,-2.6167
1791436650.2506,0.0202,1.2460,-0.1000,-0.0013,-3.0241,-3.0216,-3.0365,-2.9976,-0.0032,-0.0015,0.0529,0.0537,-2.6171,-0.0993,0.0026,-2.6171
1791436650.2704,0.0197,5.9219,-0.1000,-0.0013,-3.0241,-2.9976,-3.0365,-3.0456,-0.0032,-0.0015,0.0529,0.0537,-2.6177,-0.0997,-0.0049,-2.6177
1791436650.2898,0.0195,1.0961,-0.0903,-0.0074,-2.6997,-2.9976,-2.7709,-3.0456,-0.0108,-0.0015,0.0390,0.0537,-2.6178,-0.0997,-0.0049,-2.6178
1791436650.3096,0.0197,4.7738,-0.0804,-0.0074,-2.4008,-2.9976,-2.4719,-3.0216,-0.0108,-0.0015,0.0390,0.0537,-2.6175,-0.0993,-0.0025,-2.6175
1791436650.3315,0.0219,2.0228,-0.0694,-0.0074,-2.0685,-3.0216,-2.1395,-3.0216,-0.0108,-0.0015,0.0390,0.0522,-2.6174,-0.0997,0.0000,-2.6174
1791436650.3526,0.0211,0.3132,-0.0671,-0.0074,-1.9973,-2.9496,-2.0682,-2.9736,-0.0108,-0.0061,0.0390,0.0460,-2.6173,-0.0977,-0.0025,-2.6173
1791436650.3697,0.0171,0.9579,-0.0671,-0.0074,-1.9973,-2.9017,-2.0682,-2.9257,-0.0108,-0.0077,0.0390,0.0445,-2.6173,-0.0962,-0.0025,-2.6173
1791436650.3913,0.0216,1.1475,-0.0671,-0.0074,-1.9973,-2.6139,-2.0682,-2.6859,-0.0108,-0.0092,0.0390,0.0414,-2.6177,-0.0874,-0.0074,-2.6177
1791436650.4098,0.0185,0.8541,-0.0671,-0.0074,-1.9973,-2.4940,-2.0682,-2.5899,-0.0108,-0.0092,0.0390,0.0399,-2.6179,-0.0839,-0.0099,-2.6179
1791436650.4311,0.0213,0.7229,-0.0671,-0.0074,-1.9973,-2.3022,-2.0682,-2.3981,-0.0108,-0.0092,0.0390,0.0399,-2.6183,-0.0776,-0.0099,-2.6183
1791436650.4507,0.0196,2.4271,-0.0671,-0.0074,-1.9973,-2.1823,-2.0682,-2.2302,-0.0108,-0.0092,0.0390,0.0399,-2.6186,-0.0728,-0.0050,-2.6186
1791436650.4704,0.0197,7.4006,-0.0572,-0.0110,-1.6810,-2.0863,-1.7865,-2.1343,-0.0153,-0.0092,0.0272,0.0399,-2.6187,-0.0696,-0.0050,-2.6187
1791436650.4899,0.0195,2.0214,-0.0475,-0.0110,-1.3856,-2.0384,-1.4910,-2.1103,-0.0153,-0.0092,0.0272,0.0399,-2.6186,-0.0685,-0.0075,-2.6186
1791436650.5111,0.0212,2.7502,-0.0438,-0.0110,-1.2740,-2.0384,-1.3792,-2.0863,-0.0153,-0.0092,0.0272,0.0399,-2.6186,-0.0681,-0.0050,-2.6186
1791436650.5301,0.0191,1.1031,-0.0438,-0.0110,-1.2740,-1.9904,-1.3792,-2.0624,-0.0153,-0.0107,0.0272,0.0353,-2.6187,-0.0669,-0.0075,-2.6187
1791436650.5508,0.0207,1.5276,-0.0438,-0.0110,-1.2740,-1.8705,-1.3792,-1.9424,-0.0153,-0.0138,0.0272,0.0322,-2.6187,-0.0629,-0.0075,-2.6187
1791436650.5721,0.0213,0.7301,-0.0438,-0.0110,-1.2740,-1.6787,-1.3792,-1.7506,-0.0153,-0.0138,0.0272,0.0307,-2.6186,-0.0566,-0.0075,-2.6186
1791436650.5897,0.0176,0.7571,-0.0387,-0.0105,-1.1220,-1.5348,-1.2228,-1.6307,-0.0147,-0.0123,0.0224,0.0291,-2.6188,-0.0522,-0.0100,-2.6188
1791436650.6098,0.0201,0.8812,-0.0387,-0.0105,-1.1220,-1.3909,-1.2228,-1.5348,-0.0147,-0.0138,0.0224,0.0291,-2.6191,-0.0483,-0.0150,-2.6191
1791436650.6299,0.0201,0.6710,-0.0387,-0.0105,-1.1220,-1.3189,-1.2228,-1.4628,-0.0147,-0.0138,0.0224,0.0276,-2.6193,-0.0459,-0.0150,-2.6193
1791436650.6500,0.0201,0.3981,-0.0387,-0.0105,-1.1220,-1.2950,-1.2228,-1.4149,-0.0147,-0.0138,0.0224,0.0261,-2.6193,-0.0447,-0.0125,-2.6193
1791436650.6698,0.0197,3.9471,-0.0387,-0.0105,-1.1220,-1.2230,-1.2228,-1.3189,-0.0147,-0.0138,0.0224,0.0245,-2.6192,-0.0419,-0.0100,-2.6192
1791436650.6901,0.0203,1.7738,-0.0387,-0.0105,-1.1220,-1.1751,-1.2228,-1.2710,-0.0147,-0.0138,0.0224,0.0245,-2.6192,-0.0404,-0.0100,-2.6192
1791436650.7101,0.0200,0.5775,-0.0287,-0.0136,-0.8041,-1.1511,-0.9341,-1.2470,-0.0186,-0.0138,0.0162,0.0245,-2.6192,-0.0396,-0.0100,-2.6192
1791436650.7305,0.0204,1.5803,-0.0185,-0.0136,-0.4953,-1.1271,-0.6251,-1.2230,-0.0186,-0.0138,0.0162,0.0245,-2.6194,-0.0388,-0.0100,-2.6194
1791436650.7501,0.0197,0.5296,-0.0086,-0.0136,-0.1972,-1.1271,-0.3267,-1.2230,-0.0186,-0.0138,0.0162,0.0230,-2.6193,-0.0388,-0.0100,-2.6193
1791436650.7710,0.0209,0.8170,0.0000,-0.0136,0.0646,-1.0791,-0.0646,-1.1751,-0.0186,-0.0169,0.0162,0.0215,-2.6193,-0.0372,-0.0100,-2.6193
1791436650.7897,0.0187,0.4775,0.0000,-0.0136,0.0646,-0.9592,-0.0646,-1.0312,-0.0186,-0.0169,0.0162,0.0199,-2.6194,-0.0328,-0.0075,-2.6194
1791436650.8109,0.0212,0.8294,0.0000,-0.0136,0.0646,-0.7674,-0.0646,-0.8633,-0.0186,-0.0169,0.0162,0.0184,-2.6196,-0.0269,-0.0100,-2.6196
1791436650.8297,0.0188,0.7067,0.0000,-0.0136,0.0646,-0.6475,-0.0646,-0.7434,-0.0186,-0.0169,0.0162,0.0184,-2.6197,-0.0229,-0.0100,-2.6197
1791436650.8511,0.0214,0.5481,0.0000,-0.0165,0.0786,-0.2878,-0.0786,-0.4077,-0.0222,-0.0169,0.0137,0.0184,-2.6200,-0.0115,-0.0126,-2.6200
1791436650.8705,0.0194,3.0789,0.0000,-0.0165,0.0786,-0.1199,-0.0786,-0.2638,-0.0222,-0.0169,0.0137,0.0184,-2.6203,-0.0063,-0.0151,-2.6203
1791436650.8904,0.0199,0.4259,0.0000,-0.0165,0.0786,-0.0480,-0.0786,-0.2158,-0.0222,-0.0169,0.0137,0.0184,-2.6204,-0.0044,-0.0176,-2.6204
1791436650.9098,0.0195,2.0142,0.0000,-0.0165,0.0786,0.0000,-0.0786,-0.1439,-0.0222,-0.0184,0.0137,0.0169,-2.6205,-0.0024,-0.0151,-2.6205
1791436650.9325,0.0227,1.3777,0.0000,-0.0165,0.0786,0.0000,-0.0786,-0.0959,-0.0222,-0.0199,0.0137,0.0153,-2.6206,-0.0016,-0.0101,-2.6206
1791436650.9505,0.0180,3.8594,0.0000,-0.0165,0.0786,0.0000,-0.0786,-0.0719,-0.0222,-0.0199,0.0137,0.0153,-2.6207,-0.0012,-0.0076,-2.6207
1791436650.9700,0.0195,0.7453,0.0000,-0.0165,0.0786,0.0480,-0.0786,-0.0480,-0.0222,-0.0199,0.0137,0.0153,-2.6209,0.0000,-0.0101,-2.6209
1791436650.9904,0.0204,0.6848,0.0102,-0.0162,0.3860,0.0719,0.2314,-0.0480,-0.0218,-0.0199,-0.0100,0.0153,-2.6212,0.0004,-0.0126,-2.6212
1791436651.0115,0.0210,1.1210,0.0207,-0.0162,0.7052,0.0240,0.5499,-0.0480,-0.0218,-0.0199,-0.0100,0.0153,-2.6212,-0.0004,-0.0076,-2.6212
1791436651.0297,0.0182,1.2133,0.0298,-0.0162,0.9820,0.0000,0.8260,-0.0480,-0.0218,-0.0199,-0.0100,0.0138,-2.6213,-0.0008,-0.0050,-2.6213
1791436651.0511,0.0214,0.3824,0.0405,-0.0162,1.3071,0.0959,1.1502,-0.0240,-0.0218,-0.0199,-0.0100,0.0061,-2.6216,0.0012,-0.0126,-2.6216
1791436651.0705,0.0193,0.7831,0.0502,-0.0162,1.6003,0.2398,1.4426,0.0480,-0.0218,-0.0199,-0.0100,-0.0000,-2.6219,0.0047,-0.0201,-2.6219
1791436651.0906,0.0201,1.2713,0.0603,-0.0162,1.9059,0.4077,1.7474,0.2398,-0.0218,-0.0199,-0.0100,-0.0031,-2.6220,0.0107,-0.0176,-2.6220
1791436651.1098,0.0192,5.5183,0.0654,-0.0162,2.0624,0.6715,1.9036,0.4317,-0.0218,-0.0199,-0.0100,-0.0077,-2.6226,0.0182,-0.0250,-2.6226
1791436651.1301,0.0203,1.1464,0.0674,-0.0158,2.1202,0.9113,1.9649,0.6475,-0.0213,-0.0199,-0.0115,-0.0077,-2.6234,0.0257,-0.0274,-2.6234
1791436651.1502,0.0200,0.4078,0.0674,-0.0158,2.1202,1.1990,1.9649,1.0072,-0.0213,-0.0199,-0.0115,-0.0077,-2.6236,0.0364,-0.0198,-2.6236
1791436651.1699,0.0197,2.6540,0.0674,-0.0158,2.1202,1.4628,1.9649,1.3429,-0.0213,-0.0199,-0.0115,-0.0077,-2.6238,0.0463,-0.0123,-2.6238
1791436651.1899,0.0200,1.9036,0.0674,-0.0158,2.1202,1.7026,1.9649,1.5827,-0.0213,-0.0199,-0.0115,-0.0092,-2.6243,0.0542,-0.0123,-2.6243
1791436651.2106,0.0207,1.1822,0.0674,-0.0158,2.1202,1.8465,1.9649,1.7026,-0.0213,-0.0199,-0.0115,-0.0092,-2.6248,0.0586,-0.0147,-2.6248
1791436651.2298,0.0193,1.3102,0.0674,-0.0158,2.1202,1.9185,1.9649,1.7746,-0.0213,-0.0199,-0.0115,-0.0092,-2.6252,0.0609,-0.0147,-2.6252
1791436651.2503,0.0205,1.9970,0.0571,0.0000,1.7316,1.9904,1.7316,1.8225,-0.0213,-0.0199,-0.0115,-0.0092,-2.6257,0.0629,-0.0171,-2.6257
1791436651.2698,0.0195,3.0301,0.0474,0.0000,1.4362,2.0624,1.4362,1.8705,-0.0213,-0.0199,-0.0115,-0.0092,-2.6261,0.0649,-0.0195,-2.6261
1791436651.2897,0.0199,4.4838,0.0374,0.0000,1.1346,2.0863,1.1346,1.9185,-0.0213,-0.0199,-0.0115,-0.0092,-2.6261,0.0661,-0.0171,-2.6261
1791436651.3107,0.0210,0.4394,0.0270,0.0000,0.8169,2.0384,0.8169,1.8945,-0.0213,-0.0199,-0.0115,-0.0092,-2.6261,0.0649,-0.0147,-2.6261
1791436651.3299,0.0192,4.6673,0.0174,0.0000,0.5261,1.8705,0.5261,1.7986,-0.0213,-0.0199,-0.0115,-0.0092,-2.6261,0.0605,-0.0073,-2.6261
1791436651.3534,0.0235,2.7869,0.0056,0.0000,0.1703,1.6787,0.1703,1.6307,-0.0213,-0.0199,-0.0115,-0.0092,-2.6261,0.0546,-0.0049,-2.6261
1791436651.3698,0.0165,4.7396,0.0000,0.0000,0.0000,1.4388,0.0000,1.4149,-0.0213,-0.0199,-0.0115,-0.0092,-2.6261,0.0471,-0.0025,-2.6261
1791436651.3897,0.0198,0.4711,0.0099,-0.0085,0.3407,1.2950,0.2597,1.2950,-0.0122,-0.0199,-0.0014,-0.0092,-2.6261,0.0427,0.0000,-2.6261
1791436651.4097,0.0200,0.5032,0.0199,-0.0085,0.6440,1.0072,0.5626,0.9832,-0.0122,-0.0199,-0.0014,-0.0092,-2.6261,0.0328,-0.0025,-2.6261
1791436651.4297,0.0201,4.1192,0.0299,-0.0085,0.9482,0.7194,0.8664,0.6954,-0.0122,-0.0199,-0.0014,-0.0092,-2.6261,0.0233,-0.0025,-2.6261
1791436651.4506,0.0208,0.4373,0.0404,-0.0085,1.2640,0.4796,1.1818,0.4556,-0.0122,-0.0169,-0.0014,-0.0077,-2.6261,0.0154,-0.0025,-2.6261
1791436651.4697,0.0192,0.5402,0.0499,-0.0085,1.5545,0.3837,1.4719,0.3597,-0.0122,-0.0153,-0.0014,-0.0061,-2.6262,0.0123,-0.0025,-2.6262
1791436651.4897,0.0200,0.4345,0.0599,-0.0085,1.8575,0.4317,1.7744,0.3837,-0.0122,-0.0138,-0.0014,-0.0046,-2.6261,0.0135,-0.0050,-2.6261
1791436651.5097,0.0200,0.5944,0.0700,-0.0085,2.1614,0.5995,2.0780,0.5276,-0.0122,-0.0138,-0.0014,-0.0031,-2.6261,0.0186,-0.0075,-2.6261
1791436651.5300,0.0203,1.2594,0.0680,-0.0070,2.0938,0.8393,2.0253,0.7674,-0.0103,-0.0138,-0.0107,-0.0046,-2.6262,0.0265,-0.0075,-2.6262
1791436651.5501,0.0200,0.5321,0.0680,-0.0070,2.0938,1.1271,2.0253,1.0552,-0.0103,-0.0138,-0.0107,-0.0031,-2.6263,0.0360,-0.0074,-2.6263
1791436651.5698,0.0197,0.6736,0.0680,-0.0070,2.0938,1.4388,2.0253,1.3669,-0.0103,-0.0138,-0.0107,-0.0046,-2.6264,0.0463,-0.0074,-2.6264
1791436651.5897,0.0199,1.3889,0.0680,-0.0070,2.0938,1.7026,2.0253,1.6067,-0.0103,-0.0138,-0.0107,-0.0077,-2.6267,0.0546,-0.0098,-2.6267
1791436651.6096,0.0200,0.4798,0.0680,-0.0070,2.0938,1.8705,2.0253,1.7746,-0.0103,-0.0123,-0.0107,-0.0092,-2.6270,0.0601,-0.0098,-2.6270
1791436651.6305,0.0209,1.2374,0.0680,-0.0070,2.0938,1.9424,2.0253,1.8945,-0.0103,-0.0123,-0.0107,-0.0092,-2.6269,0.0633,-0.0049,-2.6269
1791436651.6506,0.0201,0.3055,0.0680,-0.0070,2.0938,2.0144,2.0253,1.9424,-0.0103,-0.0123,-0.0107,-0.0092,-2.6268,0.0653,-0.0073,-2.6268
1791436651.6710,0.0204,4.8964,0.0680,-0.0070,2.0938,2.0384,2.0253,1.9424,-0.0103,-0.0123,-0.0107,-0.0092,-2.6267,0.0657,-0.0098,-2.6267
1791436651.6900,0.0190,2.2561,0.0610,-0.0043,1.8693,2.0384,1.8268,1.9904,-0.0070,-0.0123,-0.0102,-0.0092,-2.6265,0.0665,-0.0049,-2.6265
1791436651.7095,0.0195,0.4706,0.0610,-0.0043,1.8693,2.0624,1.8268,2.0144,-0.0070,-0.0123,-0.0102,-0.0092,-2.6264,0.0673,-0.0049,-2.6264
1791436651.7297,0.0202,0.9487,0.0610,-0.0043,1.8693,2.1103,1.8268,2.0144,-0.0070,-0.0123,-0.0102,-0.0092,-2.6266,0.0681,-0.0098,-2.6266
1791436651.7504,0.0207,0.8153,0.0610,-0.0043,1.8693,2.0624,1.8268,1.9904,-0.0070,-0.0107,-0.0102,-0.0092,-2.6266,0.0669,-0.0073,-2.6266
1791436651.7699,0.0195,4.3770,0.0610,-0.0043,1.8693,1.9904,1.8268,1.9185,-0.0070,-0.0092,-0.0102,-0.0092,-2.6262,0.0645,-0.0073,-2.6262
1791436651.7903,0.0204,2.4428,0.0610,-0.0043,1.8693,1.9424,1.8268,1.8465,-0.0070,-0.0092,-0.0102,-0.0092,-2.6260,0.0625,-0.0098,-2.6260
1791436651.8097,0.0193,5.0482,0.0580,-0.0040,1.7763,1.8945,1.7375,1.8225,-0.0070,-0.0092,-0.0102,-0.0092,-2.6260,0.0613,-0.0073,-2.6260
1791436651.8297,0.0201,2.6352,0.0580,-0.0040,1.7763,1.8945,1.7375,1.8225,-0.0065,-0.0092,-0.0133,-0.0092,-2.6261,0.0613,-0.0073,-2.6261
1791436651.8508,0.0211,2.5403,0.0580,-0.0040,1.7763,1.8945,1.7375,1.8225,-0.0065,-0.0092,-0.0133,-0.0092,-2.6260,0.0613,-0.0073,-2.6260
1791436651.8714,0.0206,0.7364,0.0580,-0.0040,1.7763,1.8705,1.7375,1.7986,-0.0065,-0.0092,-0.0133,-0.0092,-2.6260,0.0605,-0.0073,-2.6260
1791436651.8897,0.0183,0.4221,0.0580,-0.0040,1.7763,1.8225,1.7375,1.7746,-0.0065,-0.0077,-0.0133,-0.0107,-2.6259,0.0594,-0.0049,-2.6259
1791436651.9104,0.0207,3.1840,0.0580,-0.0040,1.7763,1.7986,1.7375,1.7746,-0.0065,-0.0077,-0.0133,-0.0123,-2.6258,0.0590,-0.0024,-2.6258
1791436651.9297,0.0193,1.1421,0.0580,-0.0040,1.7763,1.7986,1.7375,1.7506,-0.0065,-0.0077,-0.0133,-0.0123,-2.6258,0.0586,-0.0049,-2.6258
1791436651.9525,0.0228,3.3003,0.0500,-0.0028,1.5278,1.7746,1.5007,1.7266,-0.0050,-0.0077,-0.0123,-0.0123,-2.6255,0.0578,-0.0049,-2.6255
1791436651.9700,0.0175,4.7890,0.0500,-0.0028,1.5278,1.7506,1.5007,1.7266,-0.0050,-0.0077,-0.0123,-0.0123,-2.6253,0.0574,-0.0025,-2.6253
1791436651.9920,0.0219,0.7164,0.0500,-0.0028,1.5278,1.7506,1.5007,1.7266,-0.0050,-0.0077,-0.0123,-0.0123,-2.6248,0.0574,-0.0025,-2.6248
1791436652.0099,0.0180,3.2056,0.0500,-0.0028,1.5278,1.7266,1.5007,1.7026,-0.0050,-0.0077,-0.0123,-0.0123,-2.6246,0.0566,-0.0025,-2.6246
1791436652.0301,0.0202,5.5939,0.0500,-0.0028,1.5278,1.6787,1.5007,1.6307,-0.0050,-0.0061,-0.0123,-0.0123,-2.6245,0.0546,-0.0049,-2.6245
1791436652.0541,0.0239,3.8995,0.0500,-0.0028,1.5278,1.5827,1.5007,1.5588,-0.0050,-0.0061,-0.0123,-0.0123,-2.6242,0.0518,-0.0025,-2.6242
1791436652.0698,0.0157,1.1791,0.0500,-0.0028,1.5278,1.5827,1.5007,1.5588,-0.0050,-0.0061,-0.0123,-0.0123,-2.6243,0.0518,-0.0025,-2.6243
1791436652.0898,0.0200,6.0809,0.0500,-0.0028,1.5278,1.5827,1.5007,1.5588,-0.0050,-0.0061,-0.0123,-0.0123,-2.6241,0.0518,-0.0025,-2.6241
1791436652.1104,0.0206,3.3356,0.0500,-0.0028,1.5278,1.5588,1.5007,1.5348,-0.0050,-0.0061,-0.0123,-0.0123,-2.6241,0.0510,-0.0025,-2.6241
1791436652.1306,0.0201,3.1654,0.0480,-0.0028,1.4672,1.5588,1.4401,1.5108,-0.0050,-0.0061,-0.0123,-0.0123,-2.6239,0.0506,-0.0049,-2.6239
1791436652.1566,0.0260,2.1348,0.0480,-0.0028,1.4672,1.5108,1.4401,1.5108,-0.0050,-0.0061,-0.0123,-0.0123,-2.6233,0.0499,0.0000,-2.6233
1791436652.1726,0.0160,1.1816,0.0480,-0.0028,1.4672,1.5108,1.4401,1.5108,-0.0050,-0.0061,-0.0123,-0.0123,-2.6231,0.0499,0.0000,-2.6231
1791436652.1898,0.0173,4.0250,0.0480,-0.0028,1.4672,1.5108,1.4401,1.4868,-0.0050,-0.0061,-0.0123,-0.0123,-2.6228,0.0495,-0.0025,-2.6228
1791436652.2097,0.0199,5.2875,0.0480,-0.0028,1.4672,1.4868,1.4401,1.4628,-0.0050,-0.0061,-0.0123,-0.0123,-2.6227,0.0487,-0.0025,-2.6227
1791436652.2300,0.0203,0.8182,0.0480,-0.0028,1.4672,1.4868,1.4401,1.4628,-0.0050,-0.0061,-0.0123,-0.0123,-2.6226,0.0487,-0.0025,-2.6226
1791436652.2529,0.0229,0.3459,0.0480,-0.0028,1.4672,1.4868,1.4401,1.4628,-0.0050,-0.0061,-0.0123,-0.0123,-2.6224,0.0487,-0.0025,-2.6224
1791436652.2704,0.0174,2.1386,0.0480,-0.0028,1.4672,1.4868,1.4401,1.4388,-0.0050,-0.0061,-0.0123,-0.0123,-2.6221,0.0483,-0.0049,-2.6221
1791436652.2897,0.0193,0.4781,0.0480,-0.0028,1.4672,1.4628,1.4401,1.4149,-0.0050,-0.0061,-0.0123,-0.0123,-2.6219,0.0475,-0.0049,-2.6219
1791436652.3118,0.0221,1.0322,0.0480,-0.0028,1.4672,1.4388,1.4401,1.4149,-0.0050,-0.0061,-0.0123,-0.0123,-2.6216,0.0471,-0.0025,-2.6216
1791436652.3314,0.0196,0.9841,0.0420,-0.0032,1.2873,1.4388,1.2568,1.4149,-0.0055,-0.0061,-0.0102,-0.0123,-2.6214,0.0471,-0.0025,-2.6214
1791436652.3525,0.0211,2.5149,0.0420,-0.0032,1.2873,1.4388,1.2568,1.4388,-0.0055,-0.0061,-0.0102,-0.0123,-2.6214,0.0475,0.0000,-2.6214
1791436652.3700,0.0175,1.0098,0.0420,-0.0032,1.2873,1.4628,1.2568,1.4388,-0.0055,-0.0061,-0.0102,-0.0123,-2.6213,0.0479,-0.0025,-2.6213
1791436652.3896,0.0197,0.8688,0.0420,-0.0032,1.2873,1.4388,1.2568,1.3909,-0.0055,-0.0061,-0.0102,-0.0123,-2.6213,0.0467,-0.0049,-2.6213
1791436652.4096,0.0200,3.3432,0.0420,-0.0032,1.2873,1.3909,1.2568,1.3429,-0.0055,-0.0061,-0.0102,-0.0123,-2.6212,0.0451,-0.0049,-2.6212
1791436652.4297,0.0200,3.3087,0.0420,-0.0032,1.2873,1.3429,1.2568,1.3189,-0.0055,-0.0061,-0.0102,-0.0123,-2.6211,0.0439,-0.0025,-2.6211
1791436652.4529,0.0232,2.3317,0.0420,-0.0032,1.2873,1.3189,1.2568,1.2950,-0.0055,-0.0061,-0.0102,-0.0123,-2.6211,0.0431,-0.0025,-2.6211
1791436652.4704,0.0175,0.5417,0.0420,-0.0032,1.2873,1.3189,1.2568,1.2710,-0.0055,-0.0061,-0.0102,-0.0123,-2.6210,0.0427,-0.0049,-2.6210
1791436652.4903,0.0200,0.5283,0.0420,-0.0032,1.2873,1.2950,1.2568,1.2470,-0.0055,-0.0061,-0.0102,-0.0123,-2.6209,0.0419,-0.0049,-2.6209
1791436652.5097,0.0193,1.0419,0.0420,-0.0032,1.2873,1.2710,1.2568,1.2470,-0.0055,-0.0061,-0.0102,-0.0123,-2.6209,0.0415,-0.0025,-2.6209
1791436652.5298,0.0201,2.1298,0.0420,-0.0032,1.2873,1.2710,1.2568,1.2470,-0.0055,-0.0061,-0.0102,-0.0123,-2.6208,0.0415,-0.0025,-2.6208
1791436652.5500,0.0202,0.4722,0.0420,-0.0032,1.2873,1.2710,1.2568,1.2470,-0.0055,-0.0061,-0.0102,-0.0123,-2.6207,0.0415,-0.0025,-2.6207
1791436652.5714,0.0214,0.5007,0.0420,-0.0032,1.2873,1.2950,1.2568,1.2230,-0.0055,-0.0077,-0.0102,-0.0123,-2.6209,0.0415,-0.0074,-2.6209
1791436652.5898,0.0185,3.9676,0.0420,-0.0032,1.2873,1.2950,1.2568,1.2230,-0.0055,-0.0061,-0.0102,-0.0123,-2.6208,0.0415,-0.0074,-2.6208
1791436652.6098,0.0199,3.5124,0.0420,-0.0032,1.2873,1.2710,1.2568,1.1990,-0.0055,-0.0061,-0.0102,-0.0123,-2.6208,0.0408,-0.0074,-2.6208
1791436652.6300,0.0202,1.0233,0.0420,-0.0032,1.2873,1.2470,1.2568,1.1990,-0.0055,-0.0061,-0.0102,-0.0123,-2.6208,0.0404,-0.0049,-2.6208
1791436652.6510,0.0210,0.5492,0.0315,-0.0033,0.9701,1.2470,0.9379,1.2230,-0.0057,-0.0061,-0.0092,-0.0123,-2.6207,0.0408,-0.0025,-2.6207
1791436652.6725,0.0215,0.9873,0.0207,-0.0033,0.6439,1.3189,0.6119,1.2710,-0.0057,-0.0061,-0.0092,-0.0123,-2.6208,0.0427,-0.0049,-2.6208
1791436652.6900,0.0175,0.6614,0.0120,-0.0033,0.3784,1.3189,0.3466,1.2710,-0.0057,-0.0061,-0.0092,-0.0123,-2.6208,0.0427,-0.0049,-2.6208
1791436652.7097,0.0197,0.5239,0.0021,-0.0033,0.0804,1.2950,0.0487,1.2470,-0.0057,-0.0061,-0.0092,-0.0123,-2.6208,0.0419,-0.0049,-2.6208
1791436652.7304,0.0207,0.4761,0.0000,-0.0033,0.0158,1.1751,-0.0158,1.1271,-0.0057,-0.0061,-0.0092,-0.0123,-2.6208,0.0380,-0.0050,-2.6208
1791436652.7507,0.0204,0.3739,0.0000,-0.0033,0.0158,0.9592,-0.0158,0.9353,-0.0057,-0.0061,-0.0092,-0.0123,-2.6208,0.0313,-0.0025,-2.6208
1791436652.7726,0.0219,0.6698,0.0000,-0.0033,0.0158,0.6954,-0.0158,0.6715,-0.0057,-0.0061,-0.0092,-0.0123,-2.6208,0.0226,-0.0025,-2.6208
1791436652.7920,0.0194,3.6036,0.0000,-0.0033,0.0158,0.4317,-0.0158,0.4077,-0.0057,-0.0061,-0.0092,-0.0123,-2.6208,0.0138,-0.0025,-2.6208
1791436652.8101,0.0181,1.8053,0.0000,-0.0033,0.0158,0.2398,-0.0158,0.2158,-0.0057,-0.0061,-0.0092,-0.0107,-2.6208,0.0075,-0.0025,-2.6208
1791436652.8315,0.0214,4.5845,0.0000,-0.0033,0.0158,0.1199,-0.0158,0.1199,-0.0057,-0.0061,-0.0092,-0.0123,-2.6208,0.0040,0.0000,-2.6208
1791436652.8501,0.0186,0.4268,0.0000,-0.0011,0.0051,0.0480,-0.0051,0.0480,-0.0029,-0.0061,-0.0113,-0.0123,-2.6208,0.0016,0.0000,-2.6208
1791436652.8699,0.0197,0.8793,0.0000,-0.0011,0.0051,0.0240,-0.0051,0.0000,-0.0029,-0.0061,-0.0113,-0.0107,-2.6209,0.0004,-0.0025,-2.6209
1791436652.8898,0.0199,0.4756,0.0000,-0.0011,0.0051,0.0240,-0.0051,0.0000,-0.0029,-0.0061,-0.0113,-0.0107,-2.6209,0.0004,-0.0025,-2.6209
1791436652.9097,0.0200,2.6852,0.0000,-0.0011,0.0051,0.0000,-0.0051,0.0000,-0.0029,-0.0046,-0.0113,-0.0107,-2.6209,0.0000,0.0000,-2.6209
1791436652.9297,0.0200,2.9567,0.0000,-0.0011,0.0051,0.0000,-0.0051,0.0000,-0.0029,-0.0046,-0.0113,-0.0123,-2.6209,0.0000,0.0000,-2.6209
1791436652.9590,0.0293,1.1777,0.0000,-0.0011,0.0051,0.0000,-0.0051,0.0000,-0.0029,-0.0046,-0.0113,-0.0123,-2.6209,0.0000,0.0000,-2.6209
1791436652.9704,0.0114,2.9847,0.0000,-0.0011,0.0051,0.0000,-0.0051,0.0000,-0.0029,-0.0046,-0.0113,-0.0107,-2.6209,0.0000,0.0000,-2.6209
1791436652.9904,0.0200,1.4754,0.0000,-0.0011,0.0051,0.0000,-0.0051,0.0000,-0.0029,-0.0046,-0.0113,-0.0123,-2.6209,0.0000,0.0000,-2.6209
1791436653.0098,0.0194,4.9996,0.0000,-0.0011,0.0051,0.0000,-0.0051,0.0000,-0.0029,-0.0046,-0.0113,-0.0123,-2.6210,0.0000,0.0000,-2.6210
1791436653.0301,0.0204,4.6589,0.0000,-0.0011,0.0051,0.0000,-0.0051,0.0000,-0.0029,-0.0046,-0.0113,-0.0123,-2.6210,0.0000,0.0000,-2.6210
1791436653.0521,0.0219,0.6681,0.0000,-0.0011,0.0051,0.0000,-0.0051,0.0000,-0.0029,-0.0046,-0.0113,-0.0107,-2.6209,0.0000,0.0000,-2.6209
1791436653.0709,0.0188,1.9903,0.0000,-0.0011,0.0051,0.0000,-0.0051,0.0000,-0.0029,-0.0046,-0.0113,-0.0123,-2.6210,0.0000,0.0000,-2.6210
1791436653.0900,0.0191,2.4373,0.0000,-0.0011,0.0051,0.0000,-0.0051,0.0000,-0.0029,-0.0046,-0.0113,-0.0107,-2.6209,0.0000,0.0000,-2.6209
1791436653.1104,0.0204,2.8988,0.0000,-0.0011,0.0051,0.0000,-0.0051,0.0000,-0.0029,-0.0046,-0.0113,-0.0107,-2.6209,0.0000,0.0000,-2.6209
1791436653.1327,0.0223,1.6210,0.0000,0.0008,-0.0037,0.0000,0.0037,0.0000,-0.0006,-0.0061,-0.0102,-0.0107,-2.6209,0.0000,0.0000,-2.6209
1791436653.1540,0.0212,1.9218,0.0000,0.0008,-0.0037,0.0000,0.0037,0.0000,-0.0006,-0.0046,-0.0102,-0.0123,-2.6209,0.0000,0.0000,-2.6209
1791436653.1705,0.0166,3.7299,0.0000,0.0008,-0.0037,0.0000,0.0037,0.0000,-0.0006,-0.0046,-0.0102,-0.0107,-2.6209,0.0000,0.0000,-2.6209
1791436653.1914,0.0208,2.5421,0.0000,0.0008,-0.0037,0.0000,0.0037,0.0000,-0.0006,-0.0031,-0.0102,-0.0123,-2.6210,0.0000,0.0000,-2.6210
1791436653.2103,0.0189,3.6890,0.0000,0.0008,-0.0037,0.0000,0.0037,0.0000,-0.0006,-0.0015,-0.0102,-0.0123,-2.6209,0.0000,0.0000,-2.6209
1791436653.2305,0.0202,2.7755,0.0000,0.0008,-0.0037,0.0000,0.0037,0.0000,-0.0006,-0.0015,-0.0102,-0.0123,-2.6209,0.0000,0.0000,-2.6209
1791436653.2507,0.0202,0.6016,0.0000,0.0008,-0.0037,0.0000,0.0037,0.0000,-0.0006,-0.0015,-0.0102,-0.0123,-2.6209,0.0000,0.0000,-2.6209
1791436653.2701,0.0194,0.8887,0.0000,0.0008,-0.0037,0.0000,0.0037,0.0000,-0.0006,-0.0015,-0.0102,-0.0123,-2.6209,0.0000,0.0000,-2.6209
1791436653.2904,0.0203,0.8271,0.0000,0.0008,-0.0037,0.0000,0.0037,0.0000,-0.0006,-0.0015,-0.0102,-0.0123,-2.6210,0.0000,0.0000,-2.6210
1791436653.3135,0.0231,0.8027,0.0000,0.0008,-0.0037,0.0000,0.0037,0.0000,-0.0006,-0.0015,-0.0102,-0.0123,-2.6209,0.0000,0.0000,-2.6209
1791436653.3297,0.0162,0.7601,0.0000,0.0008,-0.0037,0.0000,0.0037,0.0000,-0.0006,-0.0015,-0.0102,-0.0123,-2.6209,0.0000,0.0000,-2.6209
1791436653.3547,0.0250,0.7383,0.0000,0.0008,-0.0037,0.0000,0.0037,0.0000,-0.0006,-0.0015,-0.0102,-0.0123,-2.6209,0.0000,0.0000,-2.6209
1791436653.3713,0.0166,0.5100,0.0000,-0.0033,0.0158,0.0000,-0.0158,0.0000,-0.0057,-0.0015,-0.0102,-0.0123,-2.6209,0.0000,0.0000,-2.6209
1791436653.3914,0.0200,1.4989,0.0000,-0.0033,0.0158,0.0000,-0.0158,0.0000,-0.0057,-0.0015,-0.0102,-0.0123,-2.6209,0.0000,0.0000,-2.6209
1791436653.4105,0.0191,0.5875,0.0000,-0.0033,0.0158,0.0000,-0.0158,0.0000,-0.0057,-0.0031,-0.0102,-0.0123,-2.6209,0.0000,0.0000,-2.6209
1791436653.4300,0.0195,2.9742,0.0000,-0.0033,0.0158,0.0000,-0.0158,0.0000,-0.0057,-0.0031,-0.0102,-0.0123,-2.6209,0.0000,0.0000,-2.6209
1791436653.4509,0.0209,0.4930,0.0000,-0.0033,0.0158,0.0000,-0.0158,0.0000,-0.0057,-0.0046,-0.0102,-0.0123,-2.6209,0.0000,0.0000,-2.6209
1791436653.4706,0.0197,2.1010,0.0000,-0.0033,0.0158,0.0000,-0.0158,0.0000,-0.0057,-0.0046,-0.0102,-0.0123,-2.6209,0.0000,0.0000,-2.6209
1791436653.4904,0.0198,0.5245,0.0000,-0.0033,0.0158,0.0000,-0.0158,0.0000,-0.0057,-0.0046,-0.0102,-0.0123,-2.6209,0.0000,0.0000,-2.6209
1791436653.5099,0.0195,3.4298,0.0000,-0.0033,0.0158,0.0000,-0.0158,0.0000,-0.0057,-0.0046,-0.0102,-0.0123,-2.6209,0.0000,0.0000,-2.6209
1791436653.5305,0.0206,0.9688,0.0000,-0.0033,0.0158,0.0000,-0.0158,0.0000,-0.0057,-0.0046,-0.0102,-0.0123,-2.6210,0.0000,0.0000,-2.6210
1791436653.5527,0.0222,1.2359,0.0000,-0.0033,0.0158,0.0000,-0.0158,0.0000,-0.0057,-0.0046,-0.0102,-0.0123,-2.6210,0.0000,0.0000,-2.6210
1791436653.5704,0.0178,1.1458,0.0000,-0.0033,0.0158,0.0000,-0.0158,0.0000,-0.0057,-0.0046,-0.0102,-0.0123,-2.6210,0.0000,0.0000,-2.6210
1791436653.5897,0.0193,1.0643,0.0000,0.0000,0.0000,0.0000,0.0000,0.0000,-0.0057,-0.0046,-0.0102,-0.0123,-2.6210,0.0000,0.0000,-2.6210
1791436653.6103,0.0206,0.5180,0.0000,0.0000,0.0000,0.0000,0.0000,0.0000,-0.0057,-0.0046,-0.0102,-0.0123,-2.6210,0.0000,0.0000,-2.6210
1791436653.6304,0.0201,0.7379,0.0000,0.0000,0.0000,0.0240,0.0000,0.0000,-0.0057,-0.0046,-0.0102,-0.0123,-2.6210,0.0004,-0.0025,-2.6210
1791436653.6536,0.0232,5.6288,0.0000,0.0000,0.0000,0.0240,0.0000,0.0000,-0.0057,-0.0046,-0.0102,-0.0123,-2.6209,0.0004,-0.0025,-2.6209
1791436653.6704,0.0168,1.1643,0.0000,0.0000,0.0000,0.0000,0.0000,0.0000,-0.0057,-0.0046,-0.0102,-0.0123,-2.6209,0.0000,0.0000,-2.6209
1791436653.6914,0.0210,3.6656,0.0000,0.0000,0.0000,0.0000,0.0000,0.0000,-0.0057,-0.0046,-0.0102,-0.0123,-2.6209,0.0000,0.0000,-2.6209
1791436653.7098,0.0184,1.1011,0.0000,0.0000,0.0000,0.0000,0.0000,0.0000,-0.0057,-0.0046,-0.0102,-0.0123,-2.6210,0.0000,0.0000,-2.6210
1791436653.7305,0.0207,0.8029,0.0000,0.0000,0.0000,0.0000,0.0000,0.0000,-0.0057,-0.0046,-0.0102,-0.0123,-2.6209,0.0000,0.0000,-2.6209
1791436653.7507,0.0202,4.4207,0.0000,0.0000,0.0000,0.0000,0.0000,0.0000,-0.0057,-0.0046,-0.0102,-0.0123,-2.6210,0.0000,0.0000,-2.6210
1791436653.7703,0.0196,2.7506,0.0000,0.0000,0.0000,0.0000,0.0000,0.0000,-0.0057,-0.0046,-0.0102,-0.0123,-2.6209,0.0000,0.0000,-2.6209
1791436653.7900,0.0197,1.1083,0.0000,0.0000,0.0000,0.0000,0.0000,0.0000,-0.0057,-0.0046,-0.0102,-0.0123,-2.6210,0.0000,0.0000,-2.6210
1791436653.8131,0.0231,2.4018,0.0000,0.0000,0.0000,0.0000,0.0000,0.0000,-0.0057,-0.0046,-0.0102,-0.0123,-2.6210,0.0000,0.0000,-2.6210
1791436653.8298,0.0167,2.8940,0.0000,0.0000,0.0000,0.0000,0.0000,0.0000,-0.0057,-0.0046,-0.0102,-0.0123,-2.6210,0.0000,0.0000,-2.6210
1791436653.8506,0.0208,0.4267,0.0000,0.0000,0.0000,0.0000,0.0000,0.0000,-0.0057,-0.0046,-0.0102,-0.0123,-2.6210,0.0000,0.0000,-2.6210
1791436653.8707,0.0201,2.2401,0.0000,0.0000,0.0000,0.0000,0.0000,0.0000,-0.0057,-0.0046,-0.0102,-0.0123,-2.6210,0.0000,0.0000,-2.6210
1791436653.8898,0.0191,0.5291,0.0000,0.0000,0.0000,0.0000,0.0000,0.0000,-0.0057,-0.0046,-0.0102,-0.0123,-2.6209,0.0000,0.0000,-2.6209
1791436653.9098,0.0200,0.7395,0.0000,0.0000,0.0000,0.0000,0.0000,0.0000,-0.0057,-0.0046,-0.0102,-0.0123,-2.6209,0.0000,0.0000,-2.6209
1791436653.9298,0.0200,1.2028,-0.0100,-0.0600,-0.0173,0.0000,-0.5889,0.0000,-0.0476,-0.0046,0.0317,-0.0123,-2.6210,0.0000,0.0000,-2.6210
1791436653.9503,0.0205,0.8760,-0.0202,-0.0906,-0.1806,0.0000,-1.0455,0.0000,-0.0905,-0.0046,0.0367,-0.0123,-2.6209,0.0000,0.0000,-2.6209
1791436653.9701,0.0198,3.0166,-0.0216,-0.0906,-0.2212,0.0000,-1.0863,0.0000,-0.1149,-0.0061,0.0367,-0.0107,-2.6209,0.0000,0.0000,-2.6209
1791436653.9898,0.0197,0.6399,-0.0216,-0.0906,-0.2212,0.0000,-1.0863,-0.0719,-0.1149,-0.0169,0.0367,0.0031,-2.6211,-0.0012,-0.0076,-2.6211
1791436654.0098,0.0200,0.5647,-0.0216,-0.0906,-0.2212,-0.0240,-1.0863,-0.2398,-0.1149,-0.0430,0.0367,0.0138,-2.6215,-0.0044,-0.0227,-2.6215
1791436654.0306,0.0209,0.5027,-0.0216,-0.0906,-0.2212,-0.0480,-1.0863,-0.5516,-0.1149,-0.0721,0.0367,0.0215,-2.6229,-0.0099,-0.0529,-2.6229
1791436654.0519,0.0212,14.3855,-0.0216,-0.0906,-0.2212,-0.1199,-1.0863,-0.8873,-0.1149,-0.0951,0.0367,0.0291,-2.6256,-0.0166,-0.0805,-2.6256
1791436654.0701,0.0183,5.0684,-0.0216,-0.0906,-0.2212,-0.1439,-1.0863,-0.9353,-0.1149,-0.0997,0.0367,0.0322,-2.6265,-0.0178,-0.0830,-2.6265
1791436654.0899,0.0197,1.2203,-0.0216,-0.0906,-0.2212,-0.1679,-1.0863,-1.0072,-0.1149,-0.1058,0.0367,0.0322,-2.6282,-0.0194,-0.0880,-2.6282
1791436654.1105,0.0206,0.5703,-0.0216,-0.0906,-0.2212,-0.1918,-1.0863,-1.0312,-0.1149,-0.1089,0.0367,0.0337,-2.6297,-0.0202,-0.0880,-2.6297
1791436654.1305,0.0200,0.7895,-0.0216,-0.0906,-0.2212,-0.1918,-1.0863,-1.0072,-0.1149,-0.1120,0.0367,0.0353,-2.6311,-0.0198,-0.0854,-2.6311
1791436654.1530,0.0225,1.2298,-0.0216,-0.0906,-0.2212,-0.1918,-1.0863,-1.0312,-0.1149,-0.1120,0.0367,0.0353,-2.6328,-0.0202,-0.0880,-2.6328
1791436654.1784,0.0254,5.7346,-0.0216,-0.0906,-0.2212,-0.1918,-1.0863,-1.0312,-0.1149,-0.1120,0.0367,0.0353,-2.6342,-0.0202,-0.0880,-2.6342
1791436654.2040,0.0256,1.3221,-0.0216,-0.0906,-0.2212,-0.1918,-1.0863,-1.0312,-0.1149,-0.1135,0.0367,0.0353,-2.6365,-0.0202,-0.0880,-2.6365
1791436654.2120,0.0080,1.6664,-0.0216,-0.0906,-0.2212,-0.1918,-1.0863,-1.0312,-0.1149,-0.1135,0.0367,0.0353,-2.6373,-0.0202,-0.0880,-2.6373
1791436654.2302,0.0182,5.4092,-0.0125,-0.1453,0.3141,-0.1918,-1.0699,-1.0552,-0.1530,-0.1135,0.0580,0.0353,-2.6390,-0.0206,-0.0905,-2.6390
1791436654.2589,0.0287,0.9420,0.0000,-0.2314,1.0996,-0.1918,-1.0996,-1.0552,-0.1850,-0.1135,0.0580,0.0353,-2.6406,-0.0206,-0.0905,-2.6406
1791436654.2725,0.0135,3.1271,0.0000,-0.2720,1.2927,-0.1918,-1.2927,-1.0552,-0.1850,-0.1150,0.0580,0.0368,-2.6422,-0.0206,-0.0905,-2.6422
1791436654.2897,0.0172,3.1105,0.0000,-0.3054,1.4515,-0.1679,-1.4515,-1.0552,-0.1850,-0.1212,0.0580,0.0399,-2.6432,-0.0202,-0.0930,-2.6432
1791436654.3098,0.0201,0.9577,0.0000,-0.3054,1.4515,0.0000,-1.4515,-1.0552,-0.1850,-0.1350,0.0580,0.0460,-2.6454,-0.0174,-0.1106,-2.6454
1791436654.3297,0.0199,4.2249,0.0000,-0.3054,1.4515,0.2398,-1.4515,-1.0791,-0.1850,-0.1519,0.0580,0.0506,-2.6485,-0.0138,-0.1384,-2.6485
1791436654.3502,0.0205,1.6272,0.0000,-0.3054,1.4515,0.5755,-1.4515,-1.1511,-0.1850,-0.1672,0.0580,0.0537,-2.6529,-0.0095,-0.1813,-2.6529
1791436654.3697,0.0195,1.3182,0.0000,-0.3054,1.4515,0.8873,-1.4515,-1.2470,-0.1850,-0.1749,0.0580,0.0552,-2.6580,-0.0059,-0.2243,-2.6580
1791436654.3900,0.0203,0.5061,0.0000,-0.3054,1.4515,1.1271,-1.4515,-1.3189,-0.1850,-0.1764,0.0580,0.0552,-2.6638,-0.0032,-0.2572,-2.6638
1791436654.4098,0.0198,0.5228,0.0000,-0.3054,1.4515,1.2470,-1.4515,-1.3909,-0.1850,-0.1810,0.0580,0.0568,-2.6697,-0.0024,-0.2774,-2.6697
1791436654.4306,0.0208,3.4589,0.0000,-0.3054,1.4515,1.3189,-1.4515,-1.4149,-0.1850,-0.1825,0.0580,0.0568,-2.6753,-0.0016,-0.2875,-2.6753
1791436654.4516,0.0210,0.7494,0.0000,-0.3684,1.7510,1.3429,-1.7510,-1.4388,-0.1850,-0.1841,0.0580,0.0568,-2.6810,-0.0016,-0.2926,-2.6810
1791436654.4705,0.0189,1.2250,0.0000,-0.3883,1.8455,1.3909,-1.8455,-1.4388,-0.2247,-0.1841,0.0728,0.0568,-2.6871,-0.0008,-0.2976,-2.6871
1791436654.4897,0.0192,0.7454,0.0000,-0.3883,1.8455,1.4149,-1.8455,-1.4628,-0.2348,-0.1841,0.0728,0.0552,-2.6935,-0.0008,-0.3027,-2.6935
1791436654.5096,0.0198,0.8452,0.0000,-0.3883,1.8455,1.5108,-1.8455,-1.5108,-0.2348,-0.1856,0.0728,0.0583,-2.7000,0.0000,-0.3179,-2.7000
1791436654.5298,0.0202,0.5831,0.0000,-0.3883,1.8455,1.5827,-1.8455,-1.5827,-0.2348,-0.1994,0.0728,0.0629,-2.7065,0.0000,-0.3330,-2.7065
1791436654.5501,0.0203,0.4050,0.0000,-0.3883,1.8455,1.6787,-1.8455,-1.6547,-0.2348,-0.2132,0.0728,0.0660,-2.7132,0.0004,-0.3506,-2.7132
1791436654.5698,0.0197,0.9110,0.0000,-0.3883,1.8455,1.7506,-1.8455,-1.7266,-0.2348,-0.2240,0.0728,0.0675,-2.7205,0.0004,-0.3657,-2.7205
1791436654.5898,0.0199,0.5230,0.0000,-0.3883,1.8455,1.7986,-1.8455,-1.7506,-0.2348,-0.2270,0.0728,0.0690,-2.7281,0.0008,-0.3732,-2.7281
1791436654.6102,0.0204,7.0517,0.0000,-0.3883,1.8455,1.7986,-1.8455,-1.7986,-0.2348,-0.2286,0.0728,0.0690,-2.7360,0.0000,-0.3784,-2.7360
1791436654.6299,0.0197,4.7600,0.0000,-0.3883,1.8455,1.8225,-1.8455,-1.7986,-0.2348,-0.2316,0.0728,0.0706,-2.7438,0.0004,-0.3809,-2.7438
1791436654.6501,0.0202,2.1416,0.0000,-0.3883,1.8455,1.8465,-1.8455,-1.8225,-0.2348,-0.2332,0.0728,0.0706,-2.7519,0.0004,-0.3859,-2.7519
1791436654.6706,0.0205,0.7087,0.0000,-0.3883,1.8455,1.8465,-1.8455,-1.8225,-0.2348,-0.2332,0.0728,0.0706,-2.7594,0.0004,-0.3859,-2.7594
1791436654.6905,0.0200,0.5986,0.0000,-0.3883,1.8455,1.8225,-1.8455,-1.8465,-0.2348,-0.2332,0.0728,0.0706,-2.7667,-0.0004,-0.3860,-2.7667
1791436654.7097,0.0192,0.8357,0.0000,-0.3883,1.8455,1.7986,-1.8455,-1.8465,-0.2348,-0.2332,0.0728,0.0706,-2.7741,-0.0008,-0.3834,-2.7741
1791436654.7299,0.0202,0.7916,0.0000,-0.3883,1.8455,1.8225,-1.8455,-1.8465,-0.2348,-0.2316,0.0728,0.0706,-2.7817,-0.0004,-0.3860,-2.7817
1791436654.7506,0.0207,0.6328,0.0000,-0.3883,1.8455,1.8225,-1.8455,-1.8465,-0.2348,-0.2332,0.0728,0.0706,-2.7894,-0.0004,-0.3860,-2.7894
1791436654.7698,0.0191,1.2993,0.0000,-0.4070,1.9344,1.8225,-1.9344,-1.8225,-0.2460,-0.2332,0.0685,0.0690,-2.7974,0.0000,-0.3835,-2.7974
1791436654.7909,0.0211,3.3809,0.0000,-0.4070,1.9344,1.8465,-1.9344,-1.8225,-0.2460,-0.2332,0.0685,0.0706,-2.8054,0.0004,-0.3859,-2.8054
1791436654.8097,0.0188,0.5706,0.0000,-0.4070,1.9344,1.8465,-1.9344,-1.8225,-0.2460,-0.2332,0.0685,0.0706,-2.8092,0.0004,-0.3859,-2.8092
1791436654.8300,0.0203,2.5465,0.0000,-0.4070,1.9344,1.8465,-1.9344,-1.8465,-0.2460,-0.2393,0.0685,0.0690,-2.8214,0.0000,-0.3885,-2.8214
1791436654.8500,0.0201,0.6048,0.0000,-0.4070,1.9344,1.8465,-1.9344,-1.8465,-0.2460,-0.2408,0.0685,0.0706,-2.8258,0.0000,-0.3885,-2.8258
1791436654.8705,0.0205,0.8768,0.0000,-0.4070,1.9344,1.8945,-1.9344,-1.8705,-0.2460,-0.2424,0.0685,0.0706,-2.8346,0.0004,-0.3960,-2.8346
1791436654.8907,0.0202,3.9924,0.0000,-0.4070,1.9344,1.9185,-1.9344,-1.8945,-0.2460,-0.2439,0.0685,0.0706,-2.8433,0.0004,-0.4011,-2.8433
1791436654.9098,0.0191,0.7559,0.0000,-0.4070,1.9344,1.8945,-1.9344,-1.9185,-0.2460,-0.2439,0.0685,0.0706,-2.8522,-0.0004,-0.4011,-2.8522
1791436654.9303,0.0205,0.5508,0.0000,-0.4070,1.9344,1.8945,-1.9344,-1.9424,-0.2460,-0.2424,0.0685,0.0706,-2.8610,-0.0008,-0.4036,-2.8610
1791436654.9514,0.0211,1.0770,0.0000,-0.4070,1.9344,1.9185,-1.9344,-1.9424,-0.2460,-0.2439,0.0685,0.0706,-2.8699,-0.0004,-0.4061,-2.8699
1791436654.9705,0.0190,1.2623,0.0000,-0.4070,1.9344,1.9424,-1.9344,-1.9185,-0.2460,-0.2439,0.0685,0.0706,-2.8788,0.0004,-0.4061,-2.8788
1791436654.9926,0.0222,0.6617,0.0000,-0.4070,1.9344,1.9185,-1.9344,-1.9185,-0.2460,-0.2439,0.0685,0.0706,-2.8876,0.0000,-0.4037,-2.8876
1791436655.0117,0.0191,0.5999,0.0000,-0.4070,1.9344,1.9424,-1.9344,-1.9185,-0.2460,-0.2439,0.0685,0.0706,-2.8965,0.0004,-0.4061,-2.8965
1791436655.0304,0.0187,4.0736,0.0000,-0.3604,1.7129,1.9424,-1.7129,-1.9185,-0.2180,-0.2439,0.0825,0.0690,-2.9055,0.0004,-0.4061,-2.9055
1791436655.0535,0.0231,0.5858,0.0000,-0.3604,1.7129,1.9424,-1.7129,-1.9424,-0.2180,-0.2439,0.0825,0.0690,-2.9145,0.0000,-0.4087,-2.9145
1791436655.0703,0.0168,0.5015,0.0000,-0.3604,1.7129,1.9424,-1.7129,-1.9185,-0.2180,-0.2439,0.0825,0.0690,-2.9235,0.0004,-0.4061,-2.9235
1791436655.0897,0.0193,2.1073,0.0000,-0.3604,1.7129,1.9185,-1.7129,-1.9185,-0.2180,-0.2408,0.0825,0.0736,-2.9324,0.0000,-0.4037,-2.9324
1791436655.1144,0.0247,0.6474,0.0000,-0.3604,1.7129,1.8465,-1.7129,-1.8465,-0.2180,-0.2332,0.0825,0.0767,-2.9409,0.0000,-0.3885,-2.9409
1791436655.1335,0.0192,1.6145,0.0000,-0.3604,1.7129,1.7746,-1.7129,-1.7986,-0.2180,-0.2240,0.0825,0.0782,-2.9489,-0.0004,-0.3759,-2.9489
1791436655.1509,0.0174,3.7631,0.0000,-0.3604,1.7129,1.7266,-1.7129,-1.7506,-0.2180,-0.2209,0.0825,0.0798,-2.9569,-0.0004,-0.3658,-2.9569
1791436655.1710,0.0201,3.8889,0.0000,-0.3604,1.7129,1.7026,-1.7129,-1.7266,-0.2180,-0.2194,0.0825,0.0813,-2.9647,-0.0004,-0.3607,-2.9647
1791436655.1905,0.0195,1.4763,0.0000,-0.3604,1.7129,1.7026,-1.7129,-1.7026,-0.2180,-0.2194,0.0825,0.0798,-2.9727,0.0000,-0.3582,-2.9727
1791436655.2128,0.0222,0.9358,0.0000,-0.3604,1.7129,1.7266,-1.7129,-1.6787,-0.2180,-0.2194,0.0825,0.0813,-2.9806,0.0008,-0.3581,-2.9806
1791436655.2304,0.0176,0.9204,0.0000,-0.3604,1.7129,1.7266,-1.7129,-1.7026,-0.2180,-0.2194,0.0825,0.0798,-2.9886,0.0004,-0.3607,-2.9886
1791436655.2515,0.0211,4.2908,0.0000,-0.3604,1.7129,1.7266,-1.7129,-1.7026,-0.2180,-0.2194,0.0825,0.0798,-2.9967,0.0004,-0.3607,-2.9967
1791436655.2714,0.0199,0.6905,0.0000,-0.3604,1.7129,1.7026,-1.7129,-1.7026,-0.2180,-0.2194,0.0825,0.0798,-3.0046,0.0000,-0.3582,-3.0046
1791436655.2897,0.0183,1.3425,0.0000,-0.3536,1.6807,1.7026,-1.6807,-1.7026,-0.2140,-0.2194,0.0852,0.0813,-3.0125,0.0000,-0.3582,-3.0125
1791436655.3098,0.0201,1.9494,0.0000,-0.3536,1.6807,1.7026,-1.6807,-1.7026,-0.2140,-0.2194,0.0852,0.0813,-3.0202,0.0000,-0.3582,-3.0202
1791436655.3297,0.0199,2.7789,0.0000,-0.3536,1.6807,1.6787,-1.6807,-1.7026,-0.2140,-0.2194,0.0852,0.0813,-3.0277,-0.0004,-0.3557,-3.0277
1791436655.3516,0.0219,1.9802,0.0000,-0.3536,1.6807,1.6547,-1.6807,-1.6787,-0.2140,-0.2178,0.0852,0.0828,-3.0353,-0.0004,-0.3506,-3.0353
1791436655.3702,0.0186,1.4628,0.0000,-0.3536,1.6807,1.6547,-1.6807,-1.6787,-0.2140,-0.2148,0.0852,0.0828,-3.0431,-0.0004,-0.3506,-3.0431
1791436655.3903,0.0200,0.5389,0.0000,-0.3536,1.6807,1.6787,-1.6807,-1.6787,-0.2140,-0.2148,0.0852,0.0844,-3.0511,0.0000,-0.3532,-3.0511
1791436655.4114,0.0211,0.4582,0.0000,-0.3536,1.6807,1.6787,-1.6807,-1.6787,-0.2140,-0.2148,0.0852,0.0844,-3.0589,0.0000,-0.3532,-3.0589
1791436655.4304,0.0190,0.5602,0.0000,-0.3536,1.6807,1.6787,-1.6807,-1.6787,-0.2140,-0.2148,0.0852,0.0828,-3.0666,0.0000,-0.3532,-3.0666
1791436655.4516,0.0212,0.3612,0.0000,-0.3536,1.6807,1.6787,-1.6807,-1.6547,-0.2140,-0.2148,0.0852,0.0844,-3.0743,0.0004,-0.3506,-3.0743
1791436655.4704,0.0188,0.5720,0.0000,-0.3536,1.6807,1.6787,-1.6807,-1.6547,-0.2140,-0.2148,0.0852,0.0844,-3.0783,0.0004,-0.3506,-3.0783
1791436655.4904,0.0200,0.5419,0.0000,-0.3536,1.6807,1.6787,-1.6807,-1.6547,-0.2140,-0.2148,0.0852,0.0844,-3.0863,0.0004,-0.3506,-3.0863
1791436655.5099,0.0194,1.0849,0.0000,-0.3536,1.6807,1.6787,-1.6807,-1.6787,-0.2140,-0.2148,0.0852,0.0828,-3.0941,0.0000,-0.3532,-3.0941
1791436655.5300,0.0201,0.6326,0.0000,-0.3536,1.6807,1.6547,-1.6807,-1.6787,-0.2140,-0.2148,0.0852,0.0844,-3.1015,-0.0004,-0.3506,-3.1015
1791436655.5513,0.0212,0.7167,0.0000,-0.3536,1.6807,1.6307,-1.6807,-1.6547,-0.2140,-0.2148,0.0852,0.0828,-3.1090,-0.0004,-0.3456,-3.1090
1791436655.5702,0.0190,0.6066,0.0000,-0.3536,1.6807,1.6547,-1.6807,-1.6547,-0.2140,-0.2148,0.0852,0.0844,-3.1170,0.0000,-0.3481,-3.1170
1791436655.5897,0.0195,1.0995,-0.0097,-0.2951,1.1099,1.6787,-1.7008,-1.6547,-0.1731,-0.2148,0.0995,0.0844,-3.1249,0.0004,-0.3506,-3.1249
1791436655.6126,0.0229,1.2899,-0.0212,-0.2265,0.4385,1.6787,-1.7230,-1.6787,-0.1468,-0.2148,0.0995,0.0828,-3.1326,0.0000,-0.3532,-3.1326
1791436655.6335,0.0208,0.9604,-0.0232,-0.1639,0.0783,1.6307,-1.4868,-1.6787,-0.1468,-0.2117,0.0995,0.0874,3.1391,-0.0008,-0.3481,3.1391
1791436655.6519,0.0184,0.5827,-0.0232,-0.1162,-0.1494,1.5827,-1.2590,-1.6547,-0.1468,-0.2040,0.0995,0.0890,3.1353,-0.0012,-0.3405,3.1353
1791436655.6711,0.0193,3.5843,-0.0232,-0.1162,-0.1494,1.3909,-1.2590,-1.6787,-0.1468,-0.1871,0.0995,0.0936,3.1282,-0.0047,-0.3226,3.1282
1791436655.6897,0.0186,0.5034,-0.0232,-0.1162,-0.1494,1.1031,-1.2590,-1.6787,-0.1468,-0.1703,0.0995,0.0966,3.1224,-0.0095,-0.2921,3.1224
1791436655.7108,0.0211,7.2027,-0.0232,-0.1162,-0.1494,0.6954,-1.2590,-1.6067,-0.1468,-0.1580,0.0995,0.0966,3.1178,-0.0150,-0.2415,3.1178
1791436655.7314,0.0206,0.7192,-0.0232,-0.1162,-0.1494,0.3837,-1.2590,-1.4628,-0.1468,-0.1534,0.0995,0.0982,3.1143,-0.0178,-0.1936,3.1143
1791436655.7507,0.0194,0.4773,-0.0232,-0.1162,-0.1494,0.1439,-1.2590,-1.3909,-0.1468,-0.1534,0.0995,0.0982,3.1112,-0.0206,-0.1608,3.1112
1791436655.7701,0.0194,0.6274,-0.0232,-0.1162,-0.1494,0.0240,-1.2590,-1.3189,-0.1468,-0.1503,0.0995,0.0982,3.1082,-0.0214,-0.1407,3.1082
1791436655.7907,0.0206,2.1691,-0.0232,-0.1162,-0.1494,-0.0240,-1.2590,-1.2950,-0.1468,-0.1473,0.0995,0.0982,3.1053,-0.0218,-0.1331,3.1053
1791436655.8097,0.0190,2.4338,-0.0232,-0.1162,-0.1494,-0.0959,-1.2590,-1.2710,-0.1468,-0.1473,0.0995,0.0966,3.1027,-0.0226,-0.1231,3.1027
1791436655.8314,0.0216,0.4906,-0.0232,-0.1162,-0.1494,-0.1199,-1.2590,-1.2710,-0.1468,-0.1473,0.0995,0.0982,3.1001,-0.0229,-0.1206,3.1001
1791436655.8510,0.0196,0.4313,-0.0232,-0.1162,-0.1494,-0.1199,-1.2590,-1.2710,-0.1468,-0.1473,0.0995,0.0982,3.0976,-0.0229,-0.1206,3.0976
1791436655.8714,0.0204,0.7494,-0.0232,-0.1162,-0.1494,-0.1439,-1.2590,-1.2710,-0.1468,-0.1473,0.0995,0.0982,3.0951,-0.0233,-0.1180,3.0951
1791436655.8901,0.0187,2.7152,-0.0232,-0.1162,-0.1494,-0.1199,-1.2590,-1.2710,-0.1468,-0.1473,0.0995,0.0966,3.0924,-0.0229,-0.1206,3.0924
1791436655.9104,0.0204,5.0455,-0.0232,-0.1162,-0.1494,-0.1199,-1.2590,-1.2710,-0.1468,-0.1473,0.0995,0.0982,3.0898,-0.0229,-0.1206,3.0898
1791436655.9298,0.0193,2.7817,-0.0329,-0.0662,-0.6802,-0.1199,-1.3138,-1.2710,-0.1064,-0.1473,0.0990,0.0982,3.0874,-0.0229,-0.1206,3.0874
1791436655.9595,0.0297,0.8666,-0.0358,-0.0662,-0.7686,-0.1439,-1.4025,-1.2710,-0.0844,-0.1473,0.0990,0.0966,3.0838,-0.0233,-0.1180,3.0838
1791436655.9714,0.0120,3.3487,-0.0358,-0.0662,-0.7686,-0.1439,-1.4025,-1.2710,-0.0844,-0.1473,0.0990,0.0982,3.0827,-0.0233,-0.1180,3.0827
1791436655.9900,0.0186,3.2641,-0.0358,-0.0662,-0.7686,-0.1439,-1.4025,-1.2710,-0.0844,-0.1350,0.0990,0.0982,3.0802,-0.0233,-0.1180,3.0802
1791436656.0099,0.0199,4.0745,-0.0358,-0.0662,-0.7686,-0.1679,-1.4025,-1.2710,-0.0844,-0.1273,0.0990,0.0982,3.0790,-0.0237,-0.1155,3.0790
1791436656.0303,0.0205,0.6984,-0.0358,-0.0662,-0.7686,-0.4796,-1.4025,-1.3189,-0.0844,-0.1058,0.0990,0.0982,3.0766,-0.0297,-0.0878,3.0766
1791436656.0529,0.0225,1.7069,-0.0358,-0.0662,-0.7686,-0.6475,-1.4025,-1.3429,-0.0844,-0.0982,0.0990,0.0966,3.0753,-0.0328,-0.0727,3.0753
1791436656.0703,0.0174,3.1316,-0.0358,-0.0662,-0.7686,-0.6715,-1.4025,-1.3669,-0.0844,-0.0951,0.0990,0.0966,3.0745,-0.0336,-0.0727,3.0745
1791436656.0897,0.0193,2.9926,-0.0358,-0.0662,-0.7686,-0.7194,-1.4025,-1.3669,-0.0844,-0.0905,0.0990,0.0982,3.0730,-0.0344,-0.0677,3.0730
1791436656.1097,0.0200,3.9283,-0.0358,-0.0662,-0.7686,-0.7194,-1.4025,-1.3909,-0.0844,-0.0874,0.0990,0.0982,3.0716,-0.0348,-0.0702,3.0716
1791436656.1297,0.0200,2.2494,-0.0358,-0.0662,-0.7686,-0.7434,-1.4025,-1.3909,-0.0844,-0.0859,0.0990,0.0982,3.0702,-0.0352,-0.0677,3.0702
1791436656.1505,0.0208,0.4368,-0.0358,-0.0662,-0.7686,-0.7434,-1.4025,-1.3909,-0.0844,-0.0859,0.0990,0.0982,3.0688,-0.0352,-0.0677,3.0688
1791436656.1699,0.0194,1.0736,-0.0358,-0.0662,-0.7686,-0.7674,-1.4025,-1.3669,-0.0844,-0.0859,0.0990,0.0982,3.0674,-0.0352,-0.0626,3.0674
1791436656.1905,0.0207,0.9094,-0.0358,-0.0662,-0.7686,-0.7434,-1.4025,-1.3909,-0.0844,-0.0859,0.0990,0.0982,3.0659,-0.0352,-0.0677,3.0659
1791436656.2101,0.0196,0.5988,-0.0358,-0.0662,-0.7686,-0.7434,-1.4025,-1.3909,-0.0844,-0.0859,0.0990,0.0982,3.0644,-0.0352,-0.0677,3.0644
1791436656.2304,0.0202,0.7863,-0.0459,-0.0055,-1.3660,-0.7434,-1.4187,-1.3909,-0.0420,-0.0859,0.0850,0.0982,3.0629,-0.0352,-0.0677,3.0629
1791436656.2524,0.0220,0.5802,-0.0502,-0.0013,-1.5163,-0.7434,-1.5290,-1.3669,-0.0032,-0.0859,0.0850,0.0966,3.0615,-0.0348,-0.0652,3.0615
1791436656.2775,0.0251,6.3777,-0.0502,-0.0013,-1.5163,-0.7914,-1.5290,-1.3669,-0.0032,-0.0782,0.0850,0.0951,3.0595,-0.0356,-0.0601,3.0595
1791436656.2897,0.0121,0.5801,-0.0502,-0.0013,-1.5163,-0.8393,-1.5290,-1.3669,-0.0032,-0.0706,0.0850,0.0920,3.0589,-0.0364,-0.0551,3.0589
1791436656.3104,0.0208,4.3085,-0.0502,-0.0013,-1.5163,-1.0072,-1.5290,-1.3909,-0.0032,-0.0537,0.0850,0.0874,3.0581,-0.0396,-0.0401,3.0581
1791436656.3297,0.0192,0.5894,-0.0502,-0.0013,-1.5163,-1.1751,-1.5290,-1.4388,-0.0032,-0.0353,0.0850,0.0859,3.0576,-0.0431,-0.0275,3.0576
1791436656.3500,0.0203,0.4550,-0.0502,-0.0013,-1.5163,-1.2950,-1.5290,-1.4868,-0.0032,-0.0230,0.0850,0.0859,3.0571,-0.0459,-0.0200,3.0571
1791436656.3698,0.0198,0.6590,-0.0502,-0.0013,-1.5163,-1.3669,-1.5290,-1.5108,-0.0032,-0.0138,0.0850,0.0859,3.0568,-0.0475,-0.0150,3.0568
1791436656.3897,0.0199,1.3509,-0.0502,-0.0013,-1.5163,-1.4388,-1.5290,-1.5108,-0.0032,-0.0107,0.0850,0.0859,3.0566,-0.0487,-0.0075,3.0566
1791436656.4112,0.0214,0.5745,-0.0502,-0.0013,-1.5163,-1.4628,-1.5290,-1.5348,-0.0032,-0.0077,0.0850,0.0859,3.0564,-0.0495,-0.0075,3.0564
1791436656.4297,0.0185,0.4989,-0.0502,-0.0013,-1.5163,-1.4868,-1.5290,-1.5108,-0.0032,-0.0061,0.0850,0.0859,3.0564,-0.0495,-0.0025,3.0564
1791436656.4500,0.0203,0.4285,-0.0502,-0.0013,-1.5163,-1.4868,-1.5290,-1.5108,-0.0032,-0.0046,0.0850,0.0859,3.0564,-0.0495,-0.0025,3.0564
1791436656.4699,0.0199,0.6744,-0.0502,-0.0013,-1.5163,-1.4868,-1.5290,-1.5108,-0.0032,-0.0046,0.0850,0.0859,3.0564,-0.0495,-0.0025,3.0564
1791436656.4897,0.0199,0.5297,-0.0502,-0.0013,-1.5163,-1.4868,-1.5290,-1.5348,-0.0032,-0.0046,0.0850,0.0859,3.0562,-0.0499,-0.0050,3.0562
1791436656.5103,0.0205,1.1520,-0.0502,-0.0013,-1.5163,-1.5108,-1.5290,-1.5108,-0.0032,-0.0046,0.0850,0.0859,3.0561,-0.0499,0.0000,3.0561
1791436656.5316,0.0213,1.0492,-0.0520,0.0593,-1.8501,-1.5108,-1.3024,-1.5108,0.0415,-0.0046,0.0613,0.0859,3.0559,-0.0499,0.0000,3.0559
1791436656.5536,0.0220,0.7771,-0.0520,0.0593,-1.8501,-1.4868,-1.3024,-1.5108,0.0726,-0.0046,0.0613,0.0859,3.0557,-0.0495,-0.0025,3.0557
1791436656.5711,0.0175,8.7263,-0.0520,0.0593,-1.8501,-1.4868,-1.3024,-1.5108,0.0726,-0.0031,0.0613,0.0844,3.0554,-0.0495,-0.0025,3.0554
1791436656.5899,0.0188,1.5417,-0.0520,0.0593,-1.8501,-1.5348,-1.3024,-1.4868,0.0726,0.0107,0.0613,0.0767,3.0554,-0.0499,0.0052,3.0554
1791436656.6097,0.0198,0.7921,-0.0520,0.0593,-1.8501,-1.6307,-1.3024,-1.4388,0.0726,0.0322,0.0613,0.0690,3.0558,-0.0506,0.0208,3.0558
1791436656.6305,0.0208,0.6734,-0.0520,0.0593,-1.8501,-1.7266,-1.3024,-1.3669,0.0726,0.0460,0.0613,0.0660,3.0566,-0.0510,0.0390,3.0566
1791436656.6504,0.0200,0.4189,-0.0520,0.0593,-1.8501,-1.7506,-1.3024,-1.3429,0.0726,0.0568,0.0613,0.0644,3.0576,-0.0510,0.0442,3.0576
1791436656.6701,0.0197,0.5208,-0.0520,0.0593,-1.8501,-1.7746,-1.3024,-1.3189,0.0726,0.0644,0.0613,0.0629,3.0586,-0.0510,0.0494,3.0586
1791436656.6913,0.0212,0.7112,-0.0520,0.0593,-1.8501,-1.8225,-1.3024,-1.3189,0.0726,0.0675,0.0613,0.0629,3.0597,-0.0518,0.0545,3.0597
1791436656.7116,0.0204,2.3039,-0.0520,0.0593,-1.8501,-1.8225,-1.3024,-1.2950,0.0726,0.0690,0.0613,0.0629,3.0609,-0.0514,0.0571,3.0609
1791436656.7302,0.0186,0.5437,-0.0520,0.0593,-1.8501,-1.8225,-1.3024,-1.2710,0.0726,0.0706,0.0613,0.0629,3.0614,-0.0510,0.0597,3.0614
1791436656.7500,0.0198,0.4558,-0.0520,0.0593,-1.8501,-1.8225,-1.3024,-1.2710,0.0726,0.0706,0.0613,0.0629,3.0625,-0.0510,0.0597,3.0625
1791436656.7714,0.0214,3.9596,-0.0520,0.0593,-1.8501,-1.8465,-1.3024,-1.2710,0.0726,0.0706,0.0613,0.0629,3.0635,-0.0514,0.0623,3.0635
1791436656.7919,0.0204,1.7701,-0.0520,0.0593,-1.8501,-1.8225,-1.3024,-1.2710,0.0726,0.0706,0.0613,0.0629,3.0645,-0.0510,0.0597,3.0645
1791436656.8125,0.0206,4.0919,-0.0520,0.0593,-1.8501,-1.7986,-1.3024,-1.2710,0.0726,0.0706,0.0613,0.0629,3.0655,-0.0506,0.0571,3.0655
1791436656.8301,0.0176,1.8506,-0.0432,0.1013,-1.7765,-1.8225,-0.8436,-1.2710,0.1094,0.0706,0.0463,0.0629,3.0666,-0.0510,0.0597,3.0666
1791436656.8504,0.0203,0.3853,-0.0404,0.1013,-1.6918,-1.8465,-0.7597,-1.2710,0.1250,0.0706,0.0463,0.0629,3.0678,-0.0514,0.0623,3.0678
1791436656.8697,0.0193,0.7131,-0.0404,0.1013,-1.6918,-1.8465,-0.7597,-1.2710,0.1250,0.0721,0.0463,0.0614,3.0689,-0.0514,0.0623,3.0689
1791436656.8915,0.0218,3.2915,-0.0404,0.1013,-1.6918,-1.8225,-0.7597,-1.2230,0.1250,0.0844,0.0463,0.0552,3.0700,-0.0503,0.0649,3.0700
1791436656.9098,0.0183,0.5399,-0.0404,0.1013,-1.6918,-1.7986,-0.7597,-1.1031,0.1250,0.0982,0.0463,0.0522,3.0715,-0.0479,0.0754,3.0715
1791436656.9298,0.0200,0.5451,-0.0404,0.1013,-1.6918,-1.7746,-0.7597,-0.9832,0.1250,0.1089,0.0463,0.0506,3.0732,-0.0455,0.0858,3.0732
1791436656.9508,0.0210,0.6461,-0.0404,0.1013,-1.6918,-1.7266,-0.7597,-0.8873,0.1250,0.1135,0.0463,0.0476,3.0749,-0.0431,0.0911,3.0749
1791436656.9700,0.0192,1.7028,-0.0404,0.1013,-1.6918,-1.7026,-0.7597,-0.8393,0.1250,0.1181,0.0463,0.0476,3.0766,-0.0419,0.0937,3.0766
1791436656.9897,0.0197,0.4265,-0.0404,0.1013,-1.6918,-1.6787,-0.7597,-0.8153,0.1250,0.1197,0.0463,0.0476,3.0784,-0.0412,0.0938,3.0784
1791436657.0097,0.0200,0.9990,-0.0404,0.1013,-1.6918,-1.6787,-0.7597,-0.7914,0.1250,0.1227,0.0463,0.0476,3.0802,-0.0408,0.0964,3.0802
1791436657.0297,0.0200,0.7033,-0.0404,0.1013,-1.6918,-1.6787,-0.7597,-0.7914,0.1250,0.1227,0.0463,0.0476,3.0820,-0.0408,0.0964,3.0820
1791436657.0500,0.0202,0.7875,-0.0404,0.1013,-1.6918,-1.6787,-0.7597,-0.7674,0.1250,0.1227,0.0463,0.0476,3.0838,-0.0404,0.0990,3.0838
1791436657.0703,0.0203,0.6978,-0.0404,0.1013,-1.6918,-1.6787,-0.7597,-0.7674,0.1250,0.1227,0.0463,0.0476,3.0858,-0.0404,0.0990,3.0858
1791436657.0899,0.0196,2.7113,-0.0404,0.1013,-1.6918,-1.7026,-0.7597,-0.7674,0.1250,0.1227,0.0463,0.0476,3.0877,-0.0408,0.1016,3.0877
1791436657.1100,0.0201,0.7441,-0.0404,0.1013,-1.6918,-1.7026,-0.7597,-0.7674,0.1250,0.1227,0.0463,0.0476,3.0897,-0.0408,0.1016,3.0897
1791436657.1298,0.0198,1.6932,-0.0305,0.1245,-1.4971,-1.7026,-0.3540,-0.7434,0.1541,0.1212,0.0341,0.0476,3.0915,-0.0404,0.1042,3.0915
1791436657.1506,0.0209,0.4645,-0.0264,0.1245,-1.3699,-1.7026,-0.2282,-0.7674,0.1541,0.1227,0.0341,0.0476,3.0934,-0.0408,0.1016,3.0934
1791436657.1698,0.0191,0.8330,-0.0264,0.1245,-1.3699,-1.7026,-0.2282,-0.7434,0.1541,0.1243,0.0341,0.0460,3.0952,-0.0404,0.1042,3.0952
1791436657.1900,0.0202,0.7675,-0.0264,0.1245,-1.3699,-1.6547,-0.2282,-0.6715,0.1541,0.1335,0.0341,0.0414,3.0969,-0.0384,0.1069,3.0969
1791436657.2106,0.0206,3.4332,-0.0264,0.1245,-1.3699,-1.5588,-0.2282,-0.5516,0.1541,0.1427,0.0341,0.0383,3.0988,-0.0348,0.1096,3.0988
1791436657.2297,0.0192,0.8217,-0.0264,0.1245,-1.3699,-1.5108,-0.2282,-0.5036,0.1541,0.1442,0.0341,0.0368,3.0999,-0.0332,0.1096,3.0999
1791436657.2511,0.0213,0.6623,-0.0264,0.1245,-1.3699,-1.4388,-0.2282,-0.3357,0.1541,0.1488,0.0341,0.0353,3.1029,-0.0293,0.1202,3.1029
1791436657.2716,0.0206,0.8631,-0.0264,0.1245,-1.3699,-1.3909,-0.2282,-0.2878,0.1541,0.1503,0.0341,0.0353,3.1050,-0.0277,0.1203,3.1050
1791436657.2903,0.0186,3.7788,-0.0264,0.1245,-1.3699,-1.3669,-0.2282,-0.2878,0.1541,0.1503,0.0341,0.0353,3.1061,-0.0273,0.1177,3.1061
1791436657.3098,0.0196,4.6253,-0.0264,0.1245,-1.3699,-1.3669,-0.2282,-0.2638,0.1541,0.1503,0.0341,0.0353,3.1083,-0.0269,0.1203,3.1083
1791436657.3298,0.0199,2.4787,-0.0264,0.1245,-1.3699,-1.3669,-0.2282,-0.2638,0.1541,0.1519,0.0341,0.0353,3.1107,-0.0269,0.1203,3.1107
1791436657.3518,0.0221,0.6336,-0.0264,0.1245,-1.3699,-1.3909,-0.2282,-0.2638,0.1541,0.1519,0.0341,0.0353,3.1130,-0.0273,0.1229,3.1130
1791436657.3705,0.0186,3.6810,-0.0264,0.1245,-1.3699,-1.3909,-0.2282,-0.2398,0.1541,0.1519,0.0341,0.0353,3.1153,-0.0269,0.1255,3.1153
1791436657.3900,0.0196,1.1948,-0.0223,0.1539,-1.3803,-1.3669,0.0289,-0.2398,0.1908,0.1519,0.0221,0.0353,3.1177,-0.0265,0.1229,3.1177
1791436657.4105,0.0205,2.3065,-0.0223,0.1539,-1.3803,-1.3669,0.0289,-0.2158,0.1908,0.1519,0.0221,0.0353,3.1201,-0.0261,0.1256,3.1201
1791436657.4299,0.0194,1.5288,-0.0223,0.1539,-1.3803,-1.3669,0.0289,-0.2398,0.1908,0.1534,0.0221,0.0337,3.1225,-0.0265,0.1229,3.1225
1791436657.4503,0.0204,2.8694,-0.0223,0.1539,-1.3803,-1.3669,0.0289,-0.1918,0.1908,0.1641,0.0221,0.0291,3.1250,-0.0257,0.1282,3.1250
1791436657.4698,0.0195,3.8915,-0.0223,0.1539,-1.3803,-1.3669,0.0289,-0.0719,0.1908,0.1749,0.0221,0.0261,3.1278,-0.0237,0.1413,3.1278
1791436657.4897,0.0199,0.5628,-0.0223,0.1539,-1.3803,-1.3669,0.0289,-0.0240,0.1908,0.1810,0.0221,0.0230,3.1307,-0.0229,0.1466,3.1307
1791436657.5096,0.0199,0.5715,-0.0223,0.1539,-1.3803,-1.3429,0.0289,0.0000,0.1908,0.1841,0.0221,0.0230,3.1333,-0.0222,0.1466,3.1333
1791436657.5299,0.0203,1.0249,-0.0223,0.1539,-1.3803,-1.3429,0.0289,0.0000,0.1908,0.1871,0.0221,0.0230,3.1361,-0.0222,0.1466,3.1361
1791436657.5530,0.0232,0.4180,-0.0223,0.1539,-1.3803,-1.3429,0.0289,0.0000,0.1908,0.1887,0.0221,0.0230,3.1388,-0.0222,0.1466,3.1388
1791436657.5715,0.0185,0.5495,-0.0223,0.1539,-1.3803,-1.3669,0.0289,0.0000,0.1908,0.1887,0.0221,0.0230,3.1413,-0.0226,0.1492,3.1413
1791436657.5898,0.0183,2.1466,-0.0223,0.1539,-1.3803,-1.3669,0.0289,0.0000,0.1908,0.1887,0.0221,0.0230,-3.1395,-0.0226,0.1492,-3.1395
1791436657.6100,0.0202,1.7997,-0.0223,0.1539,-1.3803,-1.3669,0.0289,0.0000,0.1908,0.1887,0.0221,0.0230,-3.1371,-0.0226,0.1492,-3.1371
1791436657.6298,0.0198,1.7160,-0.0223,0.1539,-1.3803,-1.3669,0.0289,0.0000,0.1908,0.1887,0.0221,0.0230,-3.1345,-0.0226,0.1492,-3.1345
1791436657.6524,0.0226,4.1812,-0.0223,0.1539,-1.3803,-1.3909,0.0289,0.0000,0.1908,0.1887,0.0221,0.0230,-3.1317,-0.0229,0.1518,-3.1317
1791436657.6697,0.0173,0.9896,-0.0223,0.1539,-1.3803,-1.3909,0.0289,0.0000,0.1908,0.1887,0.0221,0.0230,-3.1287,-0.0229,0.1518,-3.1287
1791436657.6897,0.0200,1.1546,-0.0223,0.1539,-1.3803,-1.3909,0.0289,0.0000,0.1908,0.1887,0.0221,0.0230,-3.1257,-0.0229,0.1518,-3.1257
1791436657.7098,0.0201,1.3491,-0.0223,0.1539,-1.3803,-1.3909,0.0289,0.0000,0.1908,0.1887,0.0221,0.0230,-3.1227,-0.0229,0.1518,-3.1227
1791436657.7298,0.0200,1.1285,-0.0123,0.0939,-0.8020,-1.3909,0.0559,-0.0240,0.1908,0.1887,0.0221,0.0230,-3.1196,-0.0233,0.1492,-3.1196
1791436657.7520,0.0222,2.4094,-0.0012,0.0272,-0.1600,-1.4149,0.0879,0.0000,0.1908,0.1887,0.0221,0.0230,-3.1163,-0.0233,0.1544,-3.1163
1791436657.7698,0.0178,3.8919,0.0000,0.0000,0.0000,-1.3909,0.0000,0.0240,0.1908,0.1871,0.0221,0.0230,-3.1131,-0.0226,0.1545,-3.1131
1791436657.7905,0.0207,1.0073,0.0000,0.0000,0.0000,-1.2710,0.0000,0.0480,0.1908,0.1887,0.0221,0.0230,-3.1102,-0.0202,0.1441,-3.1102
1791436657.8106,0.0201,2.0859,0.0000,0.0000,0.0000,-1.0072,0.0000,0.0719,0.1908,0.1887,0.0221,0.0230,-3.1081,-0.0154,0.1181,-3.1081
1791436657.8305,0.0199,0.8020,0.0000,0.0000,0.0000,-0.6715,0.0000,0.0240,0.1908,0.1887,0.0221,0.0230,-3.1071,-0.0107,0.0762,-3.1071
1791436657.8518,0.0213,0.9031,0.0000,0.0000,0.0000,-0.3837,0.0000,0.0000,0.1908,0.1887,0.0221,0.0230,-3.1065,-0.0063,0.0421,-3.1065
1791436657.8732,0.0214,0.5455,0.0000,0.0000,0.0000,-0.2158,0.0000,0.0000,0.1908,0.1887,0.0221,0.0230,-3.1062,-0.0036,0.0237,-3.1062
1791436657.8905,0.0172,2.5426,0.0000,0.0000,0.0000,-0.1199,0.0000,0.0000,0.1908,0.1887,0.0221,0.0230,-3.1061,-0.0020,0.0132,-3.1061
1791436657.9125,0.0220,1.0438,0.0000,0.0000,0.0000,-0.0480,0.0000,0.0000,0.1908,0.1887,0.0221,0.0230,-3.1061,-0.0008,0.0053,-3.1061
1791436657.9305,0.0180,0.7856,0.0000,0.0000,0.0000,-0.0240,0.0000,0.0000,0.1908,0.1887,0.0221,0.0230,-3.1061,-0.0004,0.0026,-3.1061
1791436657.9506,0.0201,0.3920,0.0000,0.0000,0.0000,0.0000,0.0000,0.0000,0.1908,0.1887,0.0221,0.0230,-3.1061,0.0000,0.0000,-3.1061
1791436657.9699,0.0193,0.6655,-0.0097,0.0580,-0.5573,0.0000,-0.0283,0.0000,0.2273,0.1887,0.0224,0.0230,-3.1061,0.0000,0.0000,-3.1061
1791436657.9901,0.0202,0.5652,-0.0198,0.1186,-1.1414,0.0000,-0.0563,0.0000,0.2273,0.1887,0.0224,0.0230,-3.1061,0.0000,0.0000,-3.1061
1791436658.0097,0.0196,0.8454,-0.0245,0.1773,-1.5555,0.0000,0.0690,0.0000,0.2273,0.1902,0.0224,0.0230,-3.1061,0.0000,0.0000,-3.1061
1791436658.0297,0.0200,0.4169,-0.0245,0.1831,-1.5821,-0.0959,0.0956,0.0000,0.2273,0.2010,0.0224,0.0230,-3.1058,-0.0016,0.0105,-3.1058
1791436658.0523,0.0226,0.7753,-0.0245,0.1831,-1.5821,-0.3357,0.0956,0.0000,0.2273,0.2117,0.0224,0.0230,-3.1048,-0.0055,0.0368,-3.1048
1791436658.0698,0.0175,0.7655,-0.0245,0.1831,-1.5821,-0.6954,0.0956,0.0000,0.2273,0.2178,0.0224,0.0230,-3.1026,-0.0115,0.0762,-3.1026
1791436658.0896,0.0198,0.5361,-0.0245,0.1831,-1.5821,-1.0312,0.0956,0.0480,0.2273,0.2209,0.0224,0.0215,-3.0996,-0.0162,0.1180,-3.0996
1791436658.1156,0.0260,0.4644,-0.0245,0.1831,-1.5821,-1.3429,0.0956,0.0959,0.2273,0.2240,0.0224,0.0230,-3.0943,-0.0206,0.1572,-3.0943
1791436658.1317,0.0160,0.5689,-0.0245,0.1831,-1.5821,-1.3909,0.0956,0.0719,0.2273,0.2255,0.0224,0.0230,-3.0926,-0.0218,0.1598,-3.0926
1791436658.1511,0.0194,3.3778,-0.0245,0.1831,-1.5821,-1.4868,0.0956,0.0480,0.2273,0.2255,0.0224,0.0230,-3.0890,-0.0237,0.1675,-3.0890
1791436658.1724,0.0214,0.4047,-0.0245,0.1831,-1.5821,-1.5348,0.0956,0.0959,0.2273,0.2255,0.0224,0.0230,-3.0853,-0.0237,0.1780,-3.0853
1791436658.1914,0.0189,0.5327,-0.0245,0.1831,-1.5821,-1.5588,0.0956,0.0959,0.2273,0.2255,0.0224,0.0230,-3.0815,-0.0241,0.1806,-3.0815
1791436658.2103,0.0190,0.5354,-0.0245,0.1831,-1.5821,-1.5588,0.0956,0.0959,0.2273,0.2255,0.0224,0.0230,-3.0779,-0.0241,0.1806,-3.0779
1791436658.2297,0.0193,0.4790,-0.0245,0.1831,-1.5821,-1.5588,0.0956,0.0959,0.2273,0.2255,0.0224,0.0230,-3.0742,-0.0241,0.1806,-3.0742
1791436658.2506,0.0209,0.5951,-0.0245,0.1831,-1.5821,-1.5588,0.0956,0.0719,0.2273,0.2240,0.0224,0.0230,-3.0705,-0.0245,0.1779,-3.0705
1791436658.2705,0.0199,0.8817,-0.0245,0.1831,-1.5821,-1.5588,0.0956,0.0959,0.2273,0.2255,0.0224,0.0230,-3.0667,-0.0241,0.1806,-3.0667
1791436658.2903,0.0199,0.5719,-0.0245,0.1831,-1.5821,-1.5588,0.0956,0.0959,0.2273,0.2255,0.0224,0.0230,-3.0630,-0.0241,0.1806,-3.0630
1791436658.3097,0.0193,0.8534,-0.0245,0.1831,-1.5821,-1.5348,0.0956,0.0959,0.2273,0.2240,0.0224,0.0215,-3.0593,-0.0237,0.1780,-3.0593
1791436658.3305,0.0208,1.2412,-0.0245,0.1831,-1.5821,-1.5588,0.0956,0.0959,0.2273,0.2255,0.0224,0.0230,-3.0556,-0.0241,0.1806,-3.0556
1791436658.3514,0.0210,19.3815,-0.0245,0.1831,-1.5821,-1.5588,0.0956,0.0719,0.2273,0.2255,0.0224,0.0230,-3.0517,-0.0245,0.1779,-3.0517
1791436658.3736,0.0221,0.5790,-0.0245,0.1831,-1.5821,-1.5588,0.0956,0.0719,0.2273,0.2255,0.0224,0.0230,-3.0481,-0.0245,0.1779,-3.0481
1791436658.3898,0.0162,0.9603,-0.0245,0.1831,-1.5821,-1.5588,0.0956,0.0719,0.2273,0.2255,0.0224,0.0230,-3.0443,-0.0245,0.1779,-3.0443
1791436658.4114,0.0216,0.5158,-0.0245,0.1831,-1.5821,-1.5827,0.0956,0.0719,0.2273,0.2240,0.0224,0.0230,-3.0405,-0.0249,0.1805,-3.0405
1791436658.4297,0.0183,0.4440,-0.0245,0.1831,-1.5821,-1.6067,0.0956,0.0719,0.2273,0.2255,0.0224,0.0215,-3.0367,-0.0253,0.1831,-3.0367
1791436658.4507,0.0210,0.4027,-0.0245,0.1831,-1.5821,-1.6067,0.0956,0.0719,0.2273,0.2255,0.0224,0.0230,-3.0328,-0.0253,0.1831,-3.0328
1791436658.4704,0.0197,0.4461,-0.0147,0.1241,-1.0126,-1.5827,0.1216,0.0719,0.1861,0.2255,0.0000,0.0230,-3.0292,-0.0249,0.1805,-3.0292
1791436658.4904,0.0200,0.7865,-0.0047,0.0641,-0.4343,-1.5827,0.1497,0.0719,0.1442,0.2255,0.0000,0.0230,-3.0255,-0.0249,0.1805,-3.0255
1791436658.5129,0.0225,1.7262,0.0000,0.0000,0.0000,-1.5588,0.0000,0.0959,0.0972,0.2224,0.0000,0.0215,-3.0218,-0.0241,0.1806,-3.0218
1791436658.5304,0.0176,1.7436,0.0000,0.0000,0.0000,-1.5348,0.0000,0.0959,0.0604,0.2178,0.0000,0.0184,-3.0201,-0.0237,0.1780,-3.0201
1791436658.5522,0.0218,1.4037,0.0000,0.0000,0.0000,-1.2230,0.0000,0.0719,0.0147,0.1856,0.0000,0.0092,-3.0159,-0.0190,0.1415,-3.0159
1791436658.5713,0.0191,1.6923,0.0000,0.0000,0.0000,-1.0312,0.0000,0.0719,0.0000,0.1718,0.0000,0.0061,-3.0151,-0.0158,0.1207,-3.0151
1791436658.5915,0.0202,5.2995,0.0000,0.0000,0.0000,-0.6715,0.0000,0.0719,0.0000,0.1381,0.0000,0.0031,-3.0141,-0.0099,0.0815,-3.0141
1791436658.6106,0.0191,4.7293,0.0000,0.0000,0.0000,-0.4077,0.0000,0.0240,0.0000,0.1012,0.0000,0.0015,-3.0136,-0.0063,0.0473,-3.0136
1791436658.6297,0.0191,0.5541,0.0000,0.0000,0.0000,-0.2158,0.0000,0.0000,0.0000,0.0675,0.0000,0.0015,-3.0133,-0.0036,0.0237,-3.0133
1791436658.6504,0.0207,0.4990,0.0000,0.0000,0.0000,-0.1199,0.0000,0.0000,0.0000,0.0414,0.0000,0.0015,-3.0131,-0.0020,0.0132,-3.0131
1791436658.6715,0.0211,2.2667,0.0000,0.0000,0.0000,-0.0480,0.0000,0.0000,0.0000,0.0261,0.0000,0.0015,-3.0131,-0.0008,0.0053,-3.0131
1791436658.6900,0.0185,0.6077,0.0000,0.0000,0.0000,-0.0240,0.0000,0.0000,0.0000,0.0153,0.0000,0.0015,-3.0131,-0.0004,0.0026,-3.0131
1791436658.7099,0.0200,2.0229,0.0000,0.0000,0.0000,0.0000,0.0000,0.0000,0.0000,0.0092,0.0000,0.0015,-3.0131,0.0000,0.0000,-3.0131
1791436658.7308,0.0209,1.4197,0.0000,0.0000,0.0000,0.0000,0.0000,0.0000,0.0000,0.0046,0.0000,0.0015,-3.0132,0.0000,0.0000,-3.0132
1791436658.7537,0.0228,0.5182,0.0000,0.0000,0.0000,0.0000,0.0000,0.0000,0.0000,0.0015,0.0000,0.0015,-3.0132,0.0000,0.0000,-3.0132
1791436658.7735,0.0198,0.9913,0.0000,0.0000,0.0000,0.0000,0.0000,0.0000,0.0000,0.0015,0.0000,0.0015,-3.0132,0.0000,0.0000,-3.0132
1791436658.7922,0.0187,0.6078,0.0000,0.0000,0.0000,0.0000,0.0000,0.0000,0.0000,0.0015,0.0000,0.0015,-3.0132,0.0000,0.0000,-3.0132
1791436658.8099,0.0177,14.9957,0.0000,0.0000,0.0000,0.0000,0.0000,0.0000,0.0000,0.0015,0.0000,0.0015,-3.0132,0.0000,0.0000,-3.0132
1791436658.8303,0.0204,3.7521,0.0000,0.0000,0.0000,0.0000,0.0000,0.0000,0.0000,0.0015,0.0000,0.0015,-3.0132,0.0000,0.0000,-3.0132
1791436658.8527,0.0224,0.5252,0.0000,0.0000,0.0000,0.0000,0.0000,0.0000,0.0000,0.0015,0.0000,0.0015,-3.0132,0.0000,0.0000,-3.0132
1791436658.8698,0.0171,4.1718,0.0000,0.0000,0.0000,0.0000,0.0000,0.0000,0.0000,0.0015,0.0000,0.0015,-3.0131,0.0000,0.0000,-3.0131
1791436658.8905,0.0207,3.3057,0.0000,0.0000,0.0000,0.0000,0.0000,0.0000,0.0000,0.0015,0.0000,0.0015,-3.0132,0.0000,0.0000,-3.0132
1791436658.9107,0.0202,6.2086,0.0000,0.0000,0.0000,0.0000,0.0000,0.0000,0.0000,0.0015,0.0000,0.0015,-3.0132,0.0000,0.0000,-3.0132
1791436658.9299,0.0192,4.6294,0.0000,0.0000,0.0000,0.0000,0.0000,0.0000,0.0000,0.0015,0.0000,0.0015,-3.0132,0.0000,0.0000,-3.0132
1791436658.9515,0.0216,0.9707,0.0000,0.0000,0.0000,0.0000,0.0000,0.0000,0.0000,0.0015,0.0000,0.0015,-3.0131,0.0000,0.0000,-3.0131
1791436658.9706,0.0191,2.1604,0.0000,0.0000,0.0000,0.0000,0.0000,0.0000,0.0000,0.0015,0.0000,0.0015,-3.0131,0.0000,0.0000,-3.0131
1791436658.9897,0.0191,1.2446,0.0000,0.0000,0.0000,0.0000,0.0000,0.0000,0.0000,0.0015,0.0000,0.0015,-3.0132,0.0000,0.0000,-3.0132
1791436659.0114,0.0217,0.4884,0.0000,0.0000,0.0000,0.0000,0.0000,0.0000,0.0000,0.0015,0.0000,0.0015,-3.0132,0.0000,0.0000,-3.0132
1791436659.0314,0.0200,9.4734,0.0000,0.0000,0.0000,0.0000,0.0000,0.0000,0.0000,0.0015,0.0000,0.0015,-3.0132,0.0000,0.0000,-3.0132
1791436659.0585,0.0272,7.1952,0.0000,0.0000,0.0000,0.0000,0.0000,0.0000,0.0000,0.0015,0.0000,0.0015,-3.0131,0.0000,0.0000,-3.0131
1791436659.0726,0.0141,11.2856,0.0000,0.0000,0.0000,0.0000,0.0000,0.0000,0.0000,0.0015,0.0000,0.0015,-3.0131,0.0000,0.0000,-3.0131
1791436659.0897,0.0171,9.5916,0.0000,0.0000,0.0000,0.0000,0.0000,0.0000,0.0000,0.0015,-0.0358,0.0015,-3.0132,0.0000,0.0000,-3.0132
1791436659.1100,0.0203,5.1537,0.0000,0.0000,0.0000,0.0000,0.0000,0.0000,0.0000,0.0015,-0.0783,0.0015,-3.0132,0.0000,0.0000,-3.0132
1791436659.1297,0.0197,9.2102,0.0000,0.0000,0.0000,0.0000,0.0000,0.0000,0.0000,0.0015,-0.1195,0.0015,-3.0132,0.0000,0.0000,-3.0132
1791436659.1506,0.0209,2.2969,0.0000,0.0000,0.0000,0.0000,0.0000,0.0000,0.0000,0.0015,-0.1633,-0.0046,-3.0132,0.0000,0.0000,-3.0132
1791436659.1704,0.0198,6.5593,0.0000,0.0000,0.0000,0.0000,0.0000,0.0000,0.0000,0.0015,-0.2047,-0.0199,-3.0132,0.0000,0.0000,-3.0132
1791436659.1899,0.0195,1.1136,0.0000,0.0000,0.0000,0.0000,0.0000,0.0000,0.0000,0.0015,-0.2456,-0.0476,-3.0132,0.0000,0.0000,-3.0132
1791436659.2097,0.0198,1.8947,0.0000,0.0000,0.0000,0.0000,0.0000,0.0000,0.0000,0.0015,-0.2618,-0.0890,-3.0132,0.0000,0.0000,-3.0132
1791436659.2323,0.0226,4.0668,0.0000,0.0000,0.0000,0.0000,0.0000,0.0000,0.0000,0.0015,-0.2618,-0.1227,-3.0132,0.0000,0.0000,-3.0132
1791436659.2585,0.0262,5.0611,0.0000,0.0000,0.0000,0.0000,0.0000,0.0000,0.0000,0.0015,-0.2618,-0.1825,-3.0131,0.0000,0.0000,-3.0131
1791436659.2700,0.0115,1.8742,0.0000,0.0000,0.0000,0.0000,0.0000,0.0000,0.0000,0.0015,-0.2618,-0.1994,-3.0132,0.0000,0.0000,-3.0132
1791436659.2916,0.0217,6.1085,0.0000,0.0000,0.0000,0.0000,0.0000,0.0000,0.0000,0.0015,-0.2618,-0.2224,-3.0132,0.0000,0.0000,-3.0132
1791436659.3098,0.0182,7.6423,0.0000,0.0000,0.0000,0.0000,0.0000,0.0000,0.0000,0.0031,-0.2618,-0.2378,-3.0132,0.0000,0.0000,-3.0132
1791436659.3304,0.0206,1.4388,0.0000,0.0000,0.0000,0.0000,0.0000,0.0000,0.0000,0.0000,-0.2618,-0.2485,-3.0131,0.0000,0.0000,-3.0131
1791436659.3515,0.0211,2.0566,0.0000,0.0000,0.0000,0.0000,0.0000,0.0000,0.0000,0.0000,-0.2618,-0.2531,-3.0132,0.0000,0.0000,-3.0132
1791436659.3716,0.0201,1.4817,0.0000,0.0000,0.0000,0.0000,0.0000,0.0000,0.0000,-0.0015,-0.2618,-0.2577,-3.0131,0.0000,0.0000,-3.0131
1791436659.3898,0.0182,1.1897,0.0000,0.0000,0.0000,0.0000,0.0000,0.0000,0.0000,0.0000,-0.2618,-0.2592,-3.0131,0.0000,0.0000,-3.0131
1791436659.4127,0.0229,3.3463,0.0000,0.0000,0.0000,0.0000,0.0000,0.0000,0.0000,0.0000,-0.2618,-0.2608,-3.0131,0.0000,0.0000,-3.0131
1791436659.4299,0.0172,9.2286,0.0000,0.0000,0.0000,0.0000,0.0000,0.0000,0.0000,0.0000,-0.2618,-0.2623,-3.0131,0.0000,0.0000,-3.0131
1791436659.4605,0.0306,9.0275,0.0000,0.0000,0.0000,0.0000,0.0000,0.0000,0.0000,0.0000,-0.2618,-0.2608,-3.0131,0.0000,0.0000,-3.0131
1791436659.4702,0.0097,11.3848,0.0000,0.0000,0.0000,0.0000,0.0000,0.0000,0.0000,0.0000,-0.2618,-0.2623,-3.0131,0.0000,0.0000,-3.0131
1791436659.4907,0.0205,12.9537,0.0000,0.0000,0.0000,0.0000,0.0000,0.0000,0.0000,0.0000,-0.2618,-0.2623,-3.0131,0.0000,0.0000,-3.0131
1791436659.5097,0.0190,11.9670,0.0000,0.0000,0.0000,0.0000,0.0000,0.0000,0.0000,0.0000,-0.2618,-0.2623,-3.0131,0.0000,0.0000,-3.0131
1791436659.5304,0.0207,7.9711,0.0000,0.0000,0.0000,0.0000,0.0000,0.0000,0.0000,-0.0015,-0.2618,-0.2623,-3.0131,0.0000,0.0000,-3.0131
1791436659.5506,0.0202,0.4431,0.0000,0.0000,0.0000,0.0000,0.0000,0.0000,0.0000,0.0000,-0.2618,-0.2623,-3.0132,0.0000,0.0000,-3.0132
1791436659.5706,0.0200,1.6738,0.0000,0.0000,0.0000,0.0000,0.0000,0.0000,0.0000,0.0000,-0.2618,-0.2623,-3.0131,0.0000,0.0000,-3.0131
1791436659.5900,0.0194,7.2014,0.0000,0.0000,0.0000,0.0000,0.0000,0.0000,0.0000,-0.0015,-0.2618,-0.2623,-3.0131,0.0000,0.0000,-3.0131
1791436659.6100,0.0200,2.1631,0.0000,0.0000,0.0000,0.0000,0.0000,0.0000,0.0000,0.0000,-0.2618,-0.2623,-3.0131,0.0000,0.0000,-3.0131
1791436659.6300,0.0200,1.3539,0.0000,0.0000,0.0000,0.0000,0.0000,0.0000,0.0000,0.0000,-0.2618,-0.2623,-3.0132,0.0000,0.0000,-3.0132
1791436659.6507,0.0207,0.6957,0.0000,0.0000,0.0000,0.0000,0.0000,0.0000,0.0000,-0.0015,-0.2618,-0.2623,-3.0131,0.0000,0.0000,-3.0131
1791436659.6703,0.0196,0.9595,0.0000,0.0000,0.0000,0.0000,0.0000,0.0000,0.0000,0.0000,-0.2618,-0.2623,-3.0131,0.0000,0.0000,-3.0131
1791436659.6898,0.0195,1.2234,0.0000,0.0000,0.0000,0.0000,0.0000,0.0000,0.0000,-0.0015,-0.2618,-0.2623,-3.0132,0.0000,0.0000,-3.0132
1791436659.7097,0.0199,0.6086,0.0000,0.0000,0.0000,0.0000,0.0000,0.0000,0.0000,0.0000,-0.2618,-0.2623,-3.0131,0.0000,0.0000,-3.0131
1791436659.7298,0.0201,1.9109,0.0000,0.0000,0.0000,0.0000,0.0000,0.0000,0.0000,-0.0015,-0.2618,-0.2623,-3.0131,0.0000,0.0000,-3.0131
1791436659.7529,0.0231,2.6754,0.0000,0.0000,0.0000,0.0000,0.0000,0.0000,0.0000,0.0000,-0.2618,-0.2623,-3.0131,0.0000,0.0000,-3.0131
1791436659.7716,0.0186,5.1693,0.0000,0.0000,0.0000,0.0000,0.0000,0.0000,0.0000,-0.0015,-0.2618,-0.2623,-3.0131,0.0000,0.0000,-3.0131
1791436659.7907,0.0192,1.4485,0.0000,0.0000,0.0000,0.0000,0.0000,0.0000,0.0000,0.0000,-0.2618,-0.2623,-3.0132,0.0000,0.0000,-3.0132
1791436659.8101,0.0194,0.5896,0.0000,0.0000,0.0000,0.0000,0.0000,0.0000,0.0000,-0.0015,-0.2618,-0.2623,-3.0132,0.0000,0.0000,-3.0132
1791436659.8298,0.0197,0.7558,0.0000,0.0000,0.0000,0.0000,0.0000,0.0000,0.0000,0.0000,-0.2618,-0.2623,-3.0132,0.0000,0.0000,-3.0132
1791436659.8520,0.0222,0.5524,0.0000,0.0000,0.0000,0.0000,0.0000,0.0000,0.0000,0.0000,-0.2618,-0.2623,-3.0131,0.0000,0.0000,-3.0131
1791436659.8712,0.0192,0.4459,0.0000,0.0000,0.0000,0.0000,0.0000,0.0000,0.0000,0.0000,-0.2618,-0.2623,-3.0132,0.0000,0.0000,-3.0132
1791436659.8916,0.0204,2.7385,0.0000,0.0000,0.0000,0.0000,0.0000,0.0000,0.0000,-0.0015,-0.2618,-0.2623,-3.0132,0.0000,0.0000,-3.0132
1791436659.9106,0.0190,6.0653,0.0000,0.0000,0.0000,0.0000,0.0000,0.0000,0.0000,0.0000,-0.2618,-0.2623,-3.0132,0.0000,0.0000,-3.0132
1791436659.9301,0.0196,2.4317,0.0000,0.0000,0.0000,0.0000,0.0000,0.0000,0.0000,0.0000,-0.2618,-0.2623,-3.0132,0.0000,0.0000,-3.0132
1791436659.9563,0.0262,7.0910,0.0000,0.0000,0.0000,0.0000,0.0000,0.0000,0.0000,0.0000,-0.2618,-0.2623,-3.0132,0.0000,0.0000,-3.0132
1791436659.9700,0.0137,1.1887,0.0000,0.0000,0.0000,0.0000,0.0000,0.0000,0.0000,-0.0015,-0.2618,-0.2623,-3.0131,0.0000,0.0000,-3.0131
1791436659.9897,0.0197,0.7621,0.0000,0.0000,0.0000,0.0000,0.0000,0.0000,0.0000,-0.0015,-0.2618,-0.2623,-3.0131,0.0000,0.0000,-3.0131
1791436660.0104,0.0207,5.3249,0.0000,0.0000,0.0000,0.0000,0.0000,0.0000,0.0000,0.0000,-0.2618,-0.2623,-3.0132,0.0000,0.0000,-3.0132
1791436660.0303,0.0199,9.1961,0.0000,0.0000,0.0000,0.0000,0.0000,0.0000,0.0000,-0.0015,-0.2618,-0.2623,-3.0131,0.0000,0.0000,-3.0131
1791436660.0541,0.0238,6.4630,0.0000,0.0000,0.0000,0.0000,0.0000,0.0000,0.0000,0.0000,-0.2618,-0.2623,-3.0132,0.0000,0.0000,-3.0132
1791436660.0697,0.0156,9.8543,0.0000,0.0000,0.0000,0.0000,0.0000,0.0000,0.0000,-0.0015,-0.2618,-0.2623,-3.0132,0.0000,0.0000,-3.0132
1791436660.0904,0.0207,1.1102,0.0000,0.0000,0.0000,0.0000,0.0000,0.0000,0.0000,0.0000,-0.2618,-0.2623,-3.0131,0.0000,0.0000,-3.0131
1791436660.1104,0.0200,0.7617,0.0000,0.0000,0.0000,0.0000,0.0000,0.0000,0.0000,-0.0015,-0.2618,-0.2623,-3.0132,0.0000,0.0000,-3.0132
1791436660.1298,0.0194,0.9809,0.0000,0.0000,0.0000,0.0000,0.0000,0.0000,0.0000,0.0000,-0.2618,-0.2623,-3.0132,0.0000,0.0000,-3.0132
1791436660.1528,0.0230,2.4866,0.0000,0.0000,0.0000,0.0000,0.0000,0.0000,0.0000,-0.0015,-0.2618,-0.2623,-3.0131,0.0000,0.0000,-3.0131
1791436660.1707,0.0178,1.0742,0.0000,0.0000,0.0000,0.0000,0.0000,0.0000,0.0000,0.0000,-0.2618,-0.2623,-3.0131,0.0000,0.0000,-3.0131
1791436660.1898,0.0192,0.8444,0.0000,0.0000,0.0000,0.0000,0.0000,0.0000,0.0000,-0.0015,-0.2618,-0.2623,-3.0132,0.0000,0.0000,-3.0132
1791436660.2100,0.0201,2.5316,0.0000,0.0000,0.0000,0.0000,0.0000,0.0000,0.0000,-0.0015,-0.2618,-0.2623,-3.0132,0.0000,0.0000,-3.0132
1791436660.2300,0.0201,0.7368,0.0000,0.0000,0.0000,0.0000,0.0000,0.0000,0.0000,-0.0015,-0.2618,-0.2623,-3.0131,0.0000,0.0000,-3.0131
1791436660.2516,0.0216,0.3814,0.0000,0.0000,0.0000,0.0000,0.0000,0.0000,0.0000,-0.0015,-0.2618,-0.2623,-3.0131,0.0000,0.0000,-3.0131
1791436660.2700,0.0184,4.5810,0.0000,0.0000,0.0000,0.0000,0.0000,0.0000,0.0000,0.0000,-0.2618,-0.2623,-3.0131,0.0000,0.0000,-3.0131
1791436660.2898,0.0198,0.7364,0.0000,0.0000,0.0000,0.0000,0.0000,0.0000,0.0000,0.0000,-0.2618,-0.2623,-3.0132,0.0000,0.0000,-3.0132
1791436660.3104,0.0207,0.7142,0.0000,0.0000,0.0000,0.0000,0.0000,0.0000,0.0000,0.0000,-0.2618,-0.2623,-3.0132,0.0000,0.0000,-3.0132
1791436660.3298,0.0194,6.1133,0.0000,0.0000,0.0000,0.0000,0.0000,0.0000,0.0000,0.0000,-0.2618,-0.2623,-3.0132,0.0000,0.0000,-3.0132
1791436660.3527,0.0229,11.0178,0.0000,0.0000,0.0000,0.0000,0.0000,0.0000,0.0000,-0.0015,-0.2618,-0.2623,-3.0132,0.0000,0.0000,-3.0132
1791436660.3698,0.0171,6.8712,0.0000,0.0000,0.0000,0.0000,0.0000,0.0000,0.0000,-0.0015,-0.2618,-0.2623,-3.0132,0.0000,0.0000,-3.0132
1791436660.3904,0.0206,14.8077,0.0000,0.0000,0.0000,0.0000,0.0000,0.0000,0.0000,0.0000,-0.2618,-0.2623,-3.0132,0.0000,0.0000,-3.0132
1791436660.4126,0.0221,11.9842,0.0000,0.0000,0.0000,0.0000,0.0000,0.0000,0.0000,-0.0015,-0.2618,-0.2623,-3.0132,0.0000,0.0000,-3.0132
1791436660.4298,0.0172,4.5831,0.0000,0.0000,0.0000,0.0000,0.0000,0.0000,0.0000,-0.0015,-0.2618,-0.2623,-3.0132,0.0000,0.0000,-3.0132
1791436660.4534,0.0237,10.6484,0.0000,0.0000,0.0000,0.0000,0.0000,0.0000,0.0000,0.0000,-0.2618,-0.2623,-3.0132,0.0000,0.0000,-3.0132
1791436660.4724,0.0190,0.5313,0.0000,0.0000,0.0000,0.0000,0.0000,0.0000,0.0000,-0.0015,-0.2618,-0.2623,-3.0132,0.0000,0.0000,-3.0132
1791436660.4897,0.0172,0.5653,0.0000,0.0000,0.0000,0.0000,0.0000,0.0000,0.0000,-0.0015,-0.2618,-0.2623,-3.0132,0.0000,0.0000,-3.0132
1791436660.5097,0.0200,0.5317,0.0000,0.0000,0.0000,0.0000,0.0000,0.0000,0.0000,0.0000,-0.2618,-0.2623,-3.0132,0.0000,0.0000,-3.0132
1791436660.5302,0.0205,0.9408,0.0000,0.0000,0.0000,0.0000,0.0000,0.0000,0.0000,-0.0015,-0.2618,-0.2623,-3.0132,0.0000,0.0000,-3.0132
1791436660.5495,0.0193,1.0063,0.0000,0.0000,0.0000,0.0000,0.0000,0.0000,0.0000,-0.0015,-0.2618,-0.2623,-3.0131,0.0000,0.0000,-3.0131
1791436660.5698,0.0203,0.7522,0.0000,0.0000,0.0000,0.0000,0.0000,0.0000,0.0000,-0.0015,-0.2618,-0.2623,-3.0132,0.0000,0.0000,-3.0132
1791436660.5897,0.0200,3.2116,0.0000,0.0000,0.0000,0.0000,0.0000,0.0000,0.0000,-0.0015,-0.2618,-0.2623,-3.0132,0.0000,0.0000,-3.0132
1791436660.6145,0.0247,0.8250,0.0000,0.0000,0.0000,0.0000,0.0000,0.0000,0.0000,0.0000,-0.2618,-0.2623,-3.0132,0.0000,0.0000,-3.0132
1791436660.6297,0.0153,1.1985,0.0000,0.0000,0.0000,0.0000,0.0000,0.0000,0.0000,-0.0015,-0.2618,-0.2623,-3.0132,0.0000,0.0000,-3.0132
1791436660.6512,0.0215,0.5429,0.0000,0.0000,0.0000,0.0000,0.0000,0.0000,0.0000,-0.0015,-0.2618,-0.2623,-3.0132,0.0000,0.0000,-3.0132
1791436660.6697,0.0185,2.4724,0.0000,0.0000,0.0000,0.0000,0.0000,0.0000,0.0000,0.0000,-0.2618,-0.2623,-3.0132,0.0000,0.0000,-3.0132
1791436660.6901,0.0204,9.4253,0.0000,0.0000,0.0000,0.0000,0.0000,0.0000,0.0000,-0.0015,-0.2618,-0.2623,-3.0132,0.0000,0.0000,-3.0132
1791436660.7098,0.0197,1.3919,0.0000,0.0000,0.0000,0.0000,0.0000,0.0000,0.0000,-0.0015,-0.2618,-0.2623,-3.0132,0.0000,0.0000,-3.0132
1791436660.7304,0.0206,0.9311,0.0000,0.0000,0.0000,0.0000,0.0000,0.0000,0.0000,-0.0015,-0.2618,-0.2623,-3.0132,0.0000,0.0000,-3.0132
1791436660.7579,0.0275,6.5449,0.0000,0.0000,0.0000,0.0000,0.0000,0.0000,0.0000,-0.0015,-0.2618,-0.2623,-3.0132,0.0000,0.0000,-3.0132
1791436660.7714,0.0135,10.8661,0.0000,0.0000,0.0000,0.0000,0.0000,0.0000,0.0000,-0.0015,-0.2618,-0.2623,-3.0132,0.0000,0.0000,-3.0132
1791436660.7898,0.0184,9.1084,0.0000,0.0000,0.0000,0.0000,0.0000,0.0000,0.0000,-0.0015,-0.2618,-0.2623,-3.0132,0.0000,0.0000,-3.0132
1791436660.8155,0.0257,2.1373,0.0000,0.0000,0.0000,0.0000,0.0000,0.0000,0.0000,-0.0015,-0.2618,-0.2623,-3.0132,0.0000,0.0000,-3.0132
1791436660.8304,0.0149,1.3210,0.0000,0.0000,0.0000,0.0000,0.0000,0.0000,0.0000,0.0000,-0.2618,-0.2623,-3.0132,0.0000,0.0000,-3.0132
1791436660.8500,0.0195,2.0036,0.0000,0.0000,0.0000,0.0000,0.0000,0.0000,0.0000,-0.0015,-0.2618,-0.2623,-3.0132,0.0000,0.0000,-3.0132
1791436660.8744,0.0244,0.5595,0.0000,0.0000,0.0000,0.0000,0.0000,0.0000,0.0000,-0.0015,-0.2618,-0.2623,-3.0132,0.0000,0.0000,-3.0132
1791436660.8899,0.0155,0.6398,0.0000,0.0000,0.0000,0.0000,0.0000,0.0000,0.0000,0.0000,-0.2618,-0.2623,-3.0132,0.0000,0.0000,-3.0132
1791436660.9100,0.0201,0.9518,0.0000,0.0000,0.0000,0.0000,0.0000,0.0000,0.0000,0.0000,-0.2618,-0.2623,-3.0132,0.0000,0.0000,-3.0132
1791436660.9300,0.0200,5.4785,0.0000,0.0000,0.0000,0.0000,0.0000,0.0000,0.0000,0.0000,-0.2618,-0.2623,-3.0132,0.0000,0.0000,-3.0132
1791436660.9496,0.0196,6.0571,0.0000,0.0000,0.0000,0.0000,0.0000,0.0000,0.0000,-0.0015,-0.2618,-0.2623,-3.0132,0.0000,0.0000,-3.0132
1791436660.9704,0.0209,4.8495,0.0000,0.0000,0.0000,0.0000,0.0000,0.0000,0.0000,-0.0015,-0.2618,-0.2623,-3.0132,0.0000,0.0000,-3.0132
1791436660.9898,0.0193,2.4048,0.0000,0.0000,0.0000,0.0000,0.0000,0.0000,0.0000,-0.0015,-0.2618,-0.2623,-3.0132,0.0000,0.0000,-3.0132
1791436661.0119,0.0221,15.0911,0.0000,0.0000,0.0000,0.0000,0.0000,0.0000,0.0000,-0.0015,-0.2618,-0.2623,-3.0132,0.0000,0.0000,-3.0132
1791436661.0297,0.0178,12.8179,0.0000,0.0000,0.0000,0.0000,0.0000,0.0000,0.0000,-0.0015,-0.2618,-0.2623,-3.0131,0.0000,0.0000,-3.0131
1791436661.0550,0.0253,6.3258,0.0000,0.0000,0.0000,0.0000,0.0000,0.0000,0.0000,0.0000,-0.2618,-0.2623,-3.0132,0.0000,0.0000,-3.0132
1791436661.0699,0.0149,1.2991,0.0000,0.0000,0.0000,0.0000,0.0000,0.0000,0.0000,-0.0015,-0.2618,-0.2623,-3.0132,0.0000,0.0000,-3.0132
1791436661.0913,0.0214,2.2872,0.0000,0.0000,0.0000,0.0000,0.0000,0.0000,0.0000,-0.0015,-0.2618,-0.2623,-3.0132,0.0000,0.0000,-3.0132
1791436661.1104,0.0191,7.2142,0.0000,0.0000,0.0000,0.0000,0.0000,0.0000,0.0000,-0.0015,-0.2618,-0.2623,-3.0132,0.0000,0.0000,-3.0132
1791436661.1306,0.0202,1.1967,0.0000,0.0000,0.0000,0.0000,0.0000,0.0000,0.0000,0.0000,-0.2618,-0.2623,-3.0132,0.0000,0.0000,-3.0132
1791436661.1532,0.0226,0.6100,0.0000,0.0000,0.0000,0.0000,0.0000,0.0000,0.0000,-0.0015,-0.2618,-0.2623,-3.0132,0.0000,0.0000,-3.0132
1791436661.1699,0.0167,3.4705,0.0000,0.0000,0.0000,0.0000,0.0000,0.0000,0.0000,0.0000,-0.2618,-0.2623,-3.0132,0.0000,0.0000,-3.0132
1791436661.1920,0.0221,0.8025,0.0000,0.0000,0.0000,0.0000,0.0000,0.0000,0.0000,-0.0015,-0.2618,-0.2623,-3.0132,0.0000,0.0000,-3.0132
1791436661.2100,0.0180,7.0648,0.0000,0.0000,0.0000,0.0000,0.0000,0.0000,0.0000,0.0000,-0.2618,-0.2623,-3.0132,0.0000,0.0000,-3.0132
1791436661.2311,0.0210,3.3007,0.0000,0.0000,0.0000,0.0000,0.0000,0.0000,0.0000,-0.0015,-0.2618,-0.2623,-3.0132,0.0000,0.0000,-3.0132
1791436661.2533,0.0222,3.6059,0.0000,0.0000,0.0000,0.0000,0.0000,0.0000,0.0000,-0.0015,-0.2618,-0.2623,-3.0132,0.0000,0.0000,-3.0132
1791436661.2700,0.0167,4.6474,0.0000,0.0000,0.0000,0.0000,0.0000,0.0000,0.0000,0.0000,-0.2618,-0.2623,-3.0132,0.0000,0.0000,-3.0132
1791436661.2897,0.0198,3.7244,0.0000,0.0000,0.0000,0.0000,0.0000,0.0000,0.0000,0.0000,-0.2618,-0.2623,-3.0132,0.0000,0.0000,-3.0132
1791436661.3096,0.0199,3.6775,0.0000,0.0000,0.0000,0.0000,0.0000,0.0000,0.0000,-0.0015,-0.2618,-0.2623,-3.0132,0.0000,0.0000,-3.0132
1791436661.3297,0.0201,3.0675,0.0000,0.0000,0.0000,0.0000,0.0000,0.0000,0.0000,0.0000,-0.2618,-0.2623,-3.0132,0.0000,0.0000,-3.0132
1791436661.3539,0.0242,3.6166,0.0000,0.0000,0.0000,0.0000,0.0000,0.0000,0.0000,0.0000,-0.2618,-0.2623,-3.0133,0.0000,0.0000,-3.0133
1791436661.3703,0.0164,9.7036,0.0000,0.0000,0.0000,0.0000,0.0000,0.0000,0.0000,-0.0015,-0.2618,-0.2623,-3.0132,0.0000,0.0000,-3.0132
1791436661.3904,0.0202,6.2807,0.0000,0.0000,0.0000,0.0000,0.0000,0.0000,0.0000,0.0000,-0.2618,-0.2623,-3.0132,0.0000,0.0000,-3.0132
1791436661.4098,0.0193,7.0342,0.0000,0.0000,0.0000,0.0000,0.0000,0.0000,0.0000,-0.0015,-0.2618,-0.2623,-3.0132,0.0000,0.0000,-3.0132
1791436661.4309,0.0212,15.3816,0.0000,0.0000,0.0000,0.0000,0.0000,0.0000,0.0000,-0.0015,-0.2618,-0.2623,-3.0132,0.0000,0.0000,-3.0132
1791436661.4506,0.0197,1.4649,0.0000,0.0000,0.0000,0.0000,0.0000,0.0000,0.0000,0.0000,-0.2618,-0.2623,-3.0132,0.0000,0.0000,-3.0132
1791436661.4699,0.0193,5.5967,0.0000,0.0000,0.0000,0.0000,0.0000,0.0000,0.0000,-0.0015,-0.2618,-0.2623,-3.0132,0.0000,0.0000,-3.0132
1791436661.4898,0.0199,2.0219,0.0000,0.0000,0.0000,0.0000,0.0000,0.0000,0.0000,-0.0015,-0.2618,-0.2623,-3.0132,0.0000,0.0000,-3.0132
1791436661.5098,0.0199,1.4999,0.0000,0.0000,0.0000,0.0000,0.0000,0.0000,0.0000,-0.0015,-0.2618,-0.2623,-3.0132,0.0000,0.0000,-3.0132
1791436661.5298,0.0200,0.6545,0.0000,0.0000,0.0000,0.0000,0.0000,0.0000,0.0000,-0.0015,-0.2618,-0.2623,-3.0133,0.0000,0.0000,-3.0133
1791436661.5584,0.0286,10.6592,0.0000,0.0000,0.0000,0.0000,0.0000,0.0000,0.0000,-0.0015,-0.2618,-0.2623,-3.0132,0.0000,0.0000,-3.0132
1791436661.5716,0.0131,14.5636,0.0000,0.0000,0.0000,0.0000,0.0000,0.0000,0.0000,-0.0015,-0.2618,-0.2623,-3.0132,0.0000,0.0000,-3.0132
1791436661.5898,0.0182,9.8148,0.0000,0.0000,0.0000,0.0000,0.0000,0.0000,0.0000,-0.0015,-0.2618,-0.2623,-3.0132,0.0000,0.0000,-3.0132
1791436661.6106,0.0209,13.3813,0.0000,0.0000,0.0000,0.0000,0.0000,0.0000,0.0000,-0.0015,-0.2618,-0.2623,-3.0132,0.0000,0.0000,-3.0132
1791436661.6311,0.0205,7.8062,0.0000,0.0000,0.0000,0.0000,0.0000,0.0000,0.0000,-0.0015,-0.2618,-0.2623,-3.0132,0.0000,0.0000,-3.0132
1791436661.6556,0.0245,0.4386,0.0000,0.0000,0.0000,0.0000,0.0000,0.0000,0.0000,-0.0015,-0.2618,-0.2623,-3.0132,0.0000,0.0000,-3.0132
1791436661.6705,0.0149,1.2440,0.0000,0.0000,0.0000,0.0000,0.0000,0.0000,0.0000,-0.0015,-0.2618,-0.2623,-3.0132,0.0000,0.0000,-3.0132
1791436661.6904,0.0199,1.0055,0.0000,0.0000,0.0000,0.0000,0.0000,0.0000,0.0000,-0.0015,-0.2618,-0.2623,-3.0132,0.0000,0.0000,-3.0132
1791436661.7105,0.0201,0.4849,0.0000,0.0000,0.0000,0.0000,0.0000,0.0000,0.0000,-0.0015,-0.2618,-0.2623,-3.0132,0.0000,0.0000,-3.0132
1791436661.7299,0.0194,0.9928,0.0000,0.0000,0.0000,0.0000,0.0000,0.0000,0.0000,-0.0015,-0.2618,-0.2623,-3.0132,0.0000,0.0000,-3.0132
1791436661.7518,0.0220,1.0508,0.0000,0.0000,0.0000,0.0000,0.0000,0.0000,0.0000,-0.0015,-0.2618,-0.2623,-3.0132,0.0000,0.0000,-3.0132
1791436661.7697,0.0179,15.6250,0.0000,0.0000,0.0000,0.0000,0.0000,0.0000,0.0000,-0.0015,-0.2618,-0.2623,-3.0132,0.0000,0.0000,-3.0132
1791436661.7899,0.0202,11.1364,0.0000,0.0000,0.0000,0.0000,0.0000,0.0000,0.0000,0.0000,-0.2618,-0.2623,-3.0132,0.0000,0.0000,-3.0132
1791436661.8129,0.0230,0.7188,0.0000,0.0000,0.0000,0.0000,0.0000,0.0000,0.0000,-0.0015,-0.2618,-0.2623,-3.0132,0.0000,0.0000,-3.0132
1791436661.8306,0.0177,15.0160,0.0000,0.0000,0.0000,0.0000,0.0000,0.0000,0.0000,-0.0015,-0.2618,-0.2623,-3.0132,0.0000,0.0000,-3.0132
1791436661.8556,0.0250,15.2605,0.0000,0.0000,0.0000,0.0000,0.0000,0.0000,0.0000,-0.0015,-0.2618,-0.2623,-3.0132,0.0000,0.0000,-3.0132
1791436661.8744,0.0189,4.9963,0.0000,0.0000,0.0000,0.0000,0.0000,0.0000,0.0000,0.0000,-0.2618,-0.2623,-3.0132,0.0000,0.0000,-3.0132
1791436661.8899,0.0154,1.9425,0.0000,0.0000,0.0000,0.0000,0.0000,0.0000,0.0000,0.0000,-0.2618,-0.2623,-3.0132,0.0000,0.0000,-3.0132
1791436661.9106,0.0207,6.5679,0.0000,0.0000,0.0000,0.0000,0.0000,0.0000,0.0000,-0.0015,-0.2618,-0.2623,-3.0132,0.0000,0.0000,-3.0132
1791436661.9299,0.0193,6.5718,0.0000,0.0000,0.0000,0.0000,0.0000,0.0000,0.0000,-0.0015,-0.2618,-0.2623,-3.0132,0.0000,0.0000,-3.0132
1791436661.9495,0.0196,9.9860,0.0000,0.0000,0.0000,0.0000,0.0000,0.0000,0.0000,-0.0015,-0.2618,-0.2623,-3.0132,0.0000,0.0000,-3.0132
1791436661.9704,0.0209,8.3239,0.0000,0.0000,0.0000,0.0000,0.0000,0.0000,0.0000,-0.0015,-0.2618,-0.2623,-3.0132,0.0000,0.0000,-3.0132
1791436661.9906,0.0201,1.0839,0.0000,0.0000,0.0000,0.0000,0.0000,0.0000,0.0000,-0.0015,-0.2618,-0.2623,-3.0132,0.0000,0.0000,-3.0132
1791436662.0109,0.0204,1.7475,0.0000,0.0000,0.0000,0.0000,0.0000,0.0000,0.0000,-0.0015,-0.2618,-0.2623,-3.0132,0.0000,0.0000,-3.0132
1791436662.0298,0.0189,0.6618,0.0000,0.0000,0.0000,0.0000,0.0000,0.0000,0.0000,0.0000,-0.2618,-0.2623,-3.0132,0.0000,0.0000,-3.0132
1791436662.0526,0.0228,1.1314,0.0000,0.0000,0.0000,0.0000,0.0000,0.0000,0.0000,-0.0015,-0.2618,-0.2623,-3.0132,0.0000,0.0000,-3.0132
1791436662.0704,0.0178,1.1796,0.0000,0.0000,0.0000,0.0000,0.0000,0.0000,0.0000,-0.0015,-0.2618,-0.2623,-3.0132,0.0000,0.0000,-3.0132
1791436662.0900,0.0197,2.8892,0.0000,0.0000,0.0000,0.0000,0.0000,0.0000,0.0000,-0.0015,-0.2618,-0.2623,-3.0132,0.0000,0.0000,-3.0132
1791436662.1108,0.0208,4.9386,0.0000,0.0000,0.0000,0.0000,0.0000,0.0000,0.0000,-0.0015,-0.2618,-0.2623,-3.0132,0.0000,0.0000,-3.0132
1791436662.1299,0.0191,9.3649,0.0000,0.0000,0.0000,0.0000,0.0000,0.0000,0.0000,0.0000,-0.2618,-0.2623,-3.0132,0.0000,0.0000,-3.0132
1791436662.1579,0.0279,6.6671,0.0000,0.0000,0.0000,0.0000,0.0000,0.0000,0.0000,-0.0015,-0.2618,-0.2623,-3.0132,0.0000,0.0000,-3.0132
1791436662.1697,0.0118,10.7020,0.0000,0.0000,0.0000,0.0000,0.0000,0.0000,0.0000,-0.0015,-0.2618,-0.2623,-3.0132,0.0000,0.0000,-3.0132
1791436662.1904,0.0207,0.4943,0.0000,0.0000,0.0000,0.0000,0.0000,0.0000,0.0000,0.0000,-0.2618,-0.2623,-3.0132,0.0000,0.0000,-3.0132
1791436662.2120,0.0217,0.5907,0.0000,0.0000,0.0000,0.0000,0.0000,0.0000,0.0000,-0.0015,-0.2618,-0.2623,-3.0132,0.0000,0.0000,-3.0132
1791436662.2298,0.0178,0.8422,0.0000,0.0000,0.0000,0.0000,0.0000,0.0000,0.0000,-0.0015,-0.2618,-0.2623,-3.0132,0.0000,0.0000,-3.0132
1791436662.2548,0.0249,3.7380,0.0000,0.0000,0.0000,0.0000,0.0000,0.0000,0.0000,-0.0015,-0.2618,-0.2623,-3.0132,0.0000,0.0000,-3.0132
1791436662.2699,0.0151,2.8001,0.0000,0.0000,0.0000,0.0000,0.0000,0.0000,0.0000,-0.0015,-0.2618,-0.2623,-3.0132,0.0000,0.0000,-3.0132
1791436662.2897,0.0199,2.2210,0.0000,0.0000,0.0000,0.0000,0.0000,0.0000,0.0000,-0.0015,-0.2618,-0.2623,-3.0133,0.0000,0.0000,-3.0133
1791436662.3103,0.0206,3.2531,0.0000,0.0000,0.0000,0.0000,0.0000,0.0000,0.0000,-0.0015,-0.2618,-0.2623,-3.0133,0.0000,0.0000,-3.0133
1791436662.3297,0.0194,1.8056,0.0000,0.0000,0.0000,0.0000,0.0000,0.0000,0.0000,-0.0015,-0.2618,-0.2623,-3.0132,0.0000,0.0000,-3.0132
1791436662.3523,0.0226,2.9317,0.0000,0.0000,0.0000,0.0000,0.0000,0.0000,0.0000,-0.0015,-0.2618,-0.2623,-3.0132,0.0000,0.0000,-3.0132
1791436662.3761,0.0238,1.7970,0.0000,0.0000,0.0000,0.0000,0.0000,0.0000,0.0000,-0.0015,-0.2618,-0.2623,-3.0133,0.0000,0.0000,-3.0133
1791436662.4021,0.0260,1.0825,0.0000,0.0000,0.0000,0.0000,0.0000,0.0000,0.0000,-0.0015,-0.2618,-0.2623,-3.0133,0.0000,0.0000,-3.0133
1791436662.4102,0.0082,2.4235,0.0000,0.0000,0.0000,0.0000,0.0000,0.0000,0.0000,-0.0015,-0.2618,-0.2623,-3.0132,0.0000,0.0000,-3.0132
1791436662.4302,0.0200,1.4414,0.0000,0.0000,0.0000,0.0000,0.0000,0.0000,0.0000,-0.0015,-0.2618,-0.2623,-3.0133,0.0000,0.0000,-3.0133
1791436662.4508,0.0205,0.5709,0.0000,0.0000,0.0000,0.0000,0.0000,0.0000,0.0000,-0.0015,-0.2618,-0.2623,-3.0132,0.0000,0.0000,-3.0132
1791436662.4697,0.0189,5.7723,0.0000,0.0000,0.0000,0.0000,0.0000,0.0000,0.0000,0.0000,-0.2618,-0.2623,-3.0132,0.0000,0.0000,-3.0132
1791436662.4898,0.0201,3.7598,0.0000,0.0000,0.0000,0.0000,0.0000,0.0000,0.0000,-0.0015,-0.2618,-0.2623,-3.0132,0.0000,0.0000,-3.0132
1791436662.5100,0.0202,5.4738,0.0000,0.0000,0.0000,0.0000,0.0000,0.0000,0.0000,0.0000,-0.2618,-0.2623,-3.0132,0.0000,0.0000,-3.0132
1791436662.5298,0.0198,3.6872,0.0000,0.0000,0.0000,0.0000,0.0000,0.0000,0.0000,-0.0015,-0.2618,-0.2623,-3.0133,0.0000,0.0000,-3.0133
1791436662.5533,0.0235,0.8790,0.0000,0.0000,0.0000,0.0000,0.0000,0.0000,0.0000,0.0000,-0.2618,-0.2623,-3.0133,0.0000,0.0000,-3.0133
1791436662.5702,0.0169,5.3907,0.0000,0.0000,0.0000,0.0000,0.0000,0.0000,0.0000,-0.0015,-0.2618,-0.2623,-3.0133,0.0000,0.0000,-3.0133
1791436662.5915,0.0213,18.3230,0.0000,0.0000,0.0000,0.0000,0.0000,0.0000,0.0000,-0.0015,-0.2618,-0.2623,-3.0133,0.0000,0.0000,-3.0133
1791436662.6106,0.0191,7.4370,0.0000,0.0000,0.0000,0.0000,0.0000,0.0000,0.0000,-0.0015,-0.2618,-0.2623,-3.0133,0.0000,0.0000,-3.0133
1791436662.6316,0.0209,1.0246,0.0000,0.0000,0.0000,0.0000,0.0000,0.0000,0.0000,-0.0015,-0.2618,-0.2623,-3.0133,0.0000,0.0000,-3.0133
1791436662.6565,0.0249,0.8351,0.0000,0.0000,0.0000,0.0000,0.0000,0.0000,0.0000,-0.0015,-0.2618,-0.2623,-3.0133,0.0000,0.0000,-3.0133
1791436662.6697,0.0132,4.0946,0.0000,0.0000,0.0000,0.0000,0.0000,0.0000,0.0000,-0.0015,-0.2618,-0.2623,-3.0132,0.0000,0.0000,-3.0132
1791436662.6897,0.0200,2.1415,0.0000,0.0000,0.0000,0.0000,0.0000,0.0000,0.0000,-0.0015,-0.2618,-0.2623,-3.0133,0.0000,0.0000,-3.0133
1791436662.7098,0.0201,3.8665,0.0000,0.0000,0.0000,0.0000,0.0000,0.0000,0.0000,0.0000,-0.2618,-0.2623,-3.0132,0.0000,0.0000,-3.0132
1791436662.7299,0.0201,0.8356,0.0000,0.0000,0.0000,0.0000,0.0000,0.0000,0.0000,-0.0015,-0.2618,-0.2623,-3.0132,0.0000,0.0000,-3.0132
1791436662.7509,0.0210,2.3712,0.0000,0.0000,0.0000,0.0000,0.0000,0.0000,0.0000,-0.0015,-0.2618,-0.2623,-3.0132,0.0000,0.0000,-3.0132
1791436662.7699,0.0190,0.9104,0.0000,0.0000,0.0000,0.0000,0.0000,0.0000,0.0000,-0.0015,-0.2618,-0.2623,-3.0132,0.0000,0.0000,-3.0132
1791436662.7904,0.0205,12.9092,0.0000,0.0000,0.0000,0.0000,0.0000,0.0000,0.0000,0.0000,-0.2618,-0.2623,-3.0132,0.0000,0.0000,-3.0132
1791436662.8097,0.0193,11.8403,0.0000,0.0000,0.0000,0.0000,0.0000,0.0000,0.0000,-0.0015,-0.2618,-0.2623,-3.0133,0.0000,0.0000,-3.0133
1791436662.8298,0.0201,6.4276,0.0000,0.0000,0.0000,0.0000,0.0000,0.0000,0.0000,-0.0015,-0.2618,-0.2623,-3.0132,0.0000,0.0000,-3.0132
1791436662.8572,0.0275,4.5848,0.0000,0.0000,0.0000,0.0000,0.0000,0.0000,0.0000,-0.0015,-0.2618,-0.2623,-3.0133,0.0000,0.0000,-3.0133
1791436662.8704,0.0132,14.9597,0.0000,0.0000,0.0000,0.0000,0.0000,0.0000,0.0000,-0.0015,-0.2618,-0.2623,-3.0133,0.0000,0.0000,-3.0133
1791436662.8897,0.0194,0.8288,0.0000,0.0000,0.0000,0.0000,0.0000,0.0000,0.0000,-0.0015,-0.2618,-0.2623,-3.0133,0.0000,0.0000,-3.0133
1791436662.9107,0.0209,12.6982,0.0000,0.0000,0.0000,0.0000,0.0000,0.0000,0.0000,0.0000,-0.2618,-0.2623,-3.0133,0.0000,0.0000,-3.0133
1791436662.9298,0.0191,12.4141,0.0000,0.0000,0.0000,0.0000,0.0000,0.0000,0.0000,-0.0015,-0.2618,-0.2623,-3.0133,0.0000,0.0000,-3.0133
1791436662.9579,0.0282,6.7974,0.0000,0.0000,0.0000,0.0000,0.0000,0.0000,0.0000,-0.0015,-0.2618,-0.2623,-3.0133,0.0000,0.0000,-3.0133
1791436662.9697,0.0118,7.9752,0.0000,0.0000,0.0000,0.0000,0.0000,0.0000,0.0000,-0.0015,-0.2618,-0.2623,-3.0133,0.0000,0.0000,-3.0133
1791436662.9919,0.0222,1.0921,0.0000,0.0000,0.0000,0.0000,0.0000,0.0000,0.0000,-0.0015,-0.2618,-0.2623,-3.0132,0.0000,0.0000,-3.0132
1791436663.0121,0.0202,1.0233,0.0000,0.0000,0.0000,0.0000,0.0000,0.0000,0.0000,-0.0015,-0.2618,-0.2623,-3.0133,0.0000,0.0000,-3.0133
1791436663.0298,0.0177,0.7616,0.0000,0.0000,0.0000,0.0000,0.0000,0.0000,0.0000,0.0000,-0.2618,-0.2623,-3.0133,0.0000,0.0000,-3.0133
1791436663.0504,0.0206,2.7523,0.0000,0.0000,0.0000,0.0000,0.0000,0.0000,0.0000,-0.0015,-0.2618,-0.2623,-3.0133,0.0000,0.0000,-3.0133
1791436663.0714,0.0211,0.6756,0.0000,0.0000,0.0000,0.0000,0.0000,0.0000,0.0000,-0.0015,-0.2618,-0.2623,-3.0133,0.0000,0.0000,-3.0133
1791436663.0901,0.0186,1.2674,0.0000,0.0000,0.0000,0.0000,0.0000,0.0000,0.0000,-0.0015,-0.2618,-0.2623,-3.0132,0.0000,0.0000,-3.0132
1791436663.1108,0.0207,3.3162,0.0000,0.0000,0.0000,0.0000,0.0000,0.0000,0.0000,0.0000,-0.2618,-0.2623,-3.0133,0.0000,0.0000,-3.0133
1791436663.1303,0.0196,3.5649,0.0000,0.0000,0.0000,0.0000,0.0000,0.0000,0.0000,-0.0015,-0.2618,-0.2623,-3.0133,0.0000,0.0000,-3.0133
1791436663.1533,0.0230,3.1320,0.0000,0.0000,0.0000,0.0000,0.0000,0.0000,0.0000,0.0000,-0.2618,-0.2623,-3.0132,0.0000,0.0000,-3.0132
1791436663.1697,0.0163,4.8524,0.0000,0.0000,0.0000,0.0000,0.0000,0.0000,0.0000,-0.0015,-0.2618,-0.2623,-3.0133,0.0000,0.0000,-3.0133
1791436663.1897,0.0201,4.5380,0.0000,0.0000,0.0000,0.0000,0.0000,0.0000,0.0000,-0.0015,-0.2618,-0.2623,-3.0133,0.0000,0.0000,-3.0133
1791436663.2098,0.0201,2.6588,0.0000,0.0000,0.0000,0.0000,0.0000,0.0000,0.0000,-0.0015,-0.2618,-0.2623,-3.0133,0.0000,0.0000,-3.0133
1791436663.2309,0.0211,2.3873,0.0000,0.0000,0.0000,0.0000,0.0000,0.0000,0.0000,-0.0015,-0.2618,-0.2623,-3.0133,0.0000,0.0000,-3.0133
1791436663.2521,0.0212,5.0274,0.0000,0.0000,0.0000,0.0000,0.0000,0.0000,0.0000,0.0000,-0.2618,-0.2623,-3.0133,0.0000,0.0000,-3.0133
1791436663.2697,0.0176,4.0347,0.0000,0.0000,0.0000,0.0000,0.0000,0.0000,0.0000,-0.0015,-0.2618,-0.2623,-3.0133,0.0000,0.0000,-3.0133
1791436663.2897,0.0200,5.5745,0.0000,0.0000,0.0000,0.0000,0.0000,0.0000,0.0000,-0.0015,-0.2618,-0.2623,-3.0133,0.0000,0.0000,-3.0133
1791436663.3103,0.0207,0.5716,0.0000,0.0000,0.0000,0.0000,0.0000,0.0000,0.0000,-0.0015,-0.2618,-0.2623,-3.0133,0.0000,0.0000,-3.0133
1791436663.3297,0.0193,0.5007,0.0000,0.0000,0.0000,0.0000,0.0000,0.0000,0.0000,0.0000,-0.2618,-0.2623,-3.0133,0.0000,0.0000,-3.0133
1791436663.3531,0.0234,1.7731,0.0000,0.0000,0.0000,0.0000,0.0000,0.0000,0.0000,-0.0015,-0.2618,-0.2623,-3.0133,0.0000,0.0000,-3.0133
1791436663.3699,0.0168,5.1656,0.0000,0.0000,0.0000,0.0000,0.0000,0.0000,0.0000,-0.0015,-0.2618,-0.2623,-3.0133,0.0000,0.0000,-3.0133
1791436663.3898,0.0199,1.9193,0.0000,0.0000,0.0000,0.0000,0.0000,0.0000,0.0000,0.0000,-0.2618,-0.2623,-3.0133,0.0000,0.0000,-3.0133
1791436663.4098,0.0200,7.9104,0.0000,0.0000,0.0000,0.0000,0.0000,0.0000,0.0000,0.0000,-0.2618,-0.2623,-3.0133,0.0000,0.0000,-3.0133
1791436663.4297,0.0199,8.0899,0.0000,0.0000,0.0000,0.0000,0.0000,0.0000,0.0000,-0.0015,-0.2618,-0.2623,-3.0133,0.0000,0.0000,-3.0133
1791436663.4551,0.0254,0.9868,0.0000,0.0000,0.0000,0.0000,0.0000,0.0000,0.0000,-0.0015,-0.2618,-0.2623,-3.0133,0.0000,0.0000,-3.0133
1791436663.4697,0.0146,0.7774,0.0000,0.0000,0.0000,0.0000,0.0000,0.0000,0.0000,-0.0015,-0.2618,-0.2623,-3.0133,0.0000,0.0000,-3.0133
1791436663.4898,0.0200,2.6640,0.0000,0.0000,0.0000,0.0000,0.0000,0.0000,0.0000,0.0000,-0.2618,-0.2623,-3.0133,0.0000,0.0000,-3.0133
1791436663.5098,0.0200,2.6628,0.0000,0.0000,0.0000,0.0000,0.0000,0.0000,0.0000,0.0000,-0.2618,-0.2623,-3.0133,0.0000,0.0000,-3.0133
1791436663.5299,0.0201,2.2042,0.0000,0.0000,0.0000,0.0000,0.0000,0.0000,0.0000,0.0000,-0.2618,-0.2623,-3.0133,0.0000,0.0000,-3.0133
1791436663.5506,0.0207,0.4447,0.0000,0.0000,0.0000,0.0000,0.0000,0.0000,0.0000,-0.0015,-0.2618,-0.2623,-3.0133,0.0000,0.0000,-3.0133
1791436663.5698,0.0193,3.9732,0.0000,0.0000,0.0000,0.0000,0.0000,0.0000,0.0000,-0.0015,-0.2618,-0.2623,-3.0133,0.0000,0.0000,-3.0133
1791436663.5902,0.0204,4.6527,0.0000,0.0000,0.0000,0.0000,0.0000,0.0000,0.0000,0.0000,-0.2618,-0.2623,-3.0133,0.0000,0.0000,-3.0133
1791436663.6114,0.0212,1.3038,0.0000,0.0000,0.0000,0.0000,0.0000,0.0000,0.0000,-0.0015,-0.2618,-0.2623,-3.0133,0.0000,0.0000,-3.0133
1791436663.6299,0.0186,0.9415,0.0000,0.0000,0.0000,0.0000,0.0000,0.0000,0.0000,-0.0015,-0.2618,-0.2623,-3.0133,0.0000,0.0000,-3.0133
1791436663.6549,0.0249,8.7609,0.0000,0.0000,0.0000,0.0000,0.0000,0.0000,0.0000,0.0000,-0.2618,-0.2623,-3.0133,0.0000,0.0000,-3.0133
1791436663.6745,0.0197,0.7549,0.0000,0.0000,0.0000,0.0000,0.0000,0.0000,0.0000,-0.0015,-0.2618,-0.2623,-3.0133,0.0000,0.0000,-3.0133
1791436663.6903,0.0158,0.5366,0.0000,0.0000,0.0000,0.0000,0.0000,0.0000,0.0000,-0.0015,-0.2618,-0.2623,-3.0133,0.0000,0.0000,-3.0133
1791436663.7100,0.0196,1.0045,0.0000,0.0000,0.0000,0.0000,0.0000,0.0000,0.0000,-0.0015,-0.2618,-0.2623,-3.0133,0.0000,0.0000,-3.0133
1791436663.7298,0.0198,0.8820,0.0000,0.0000,0.0000,0.0000,0.0000,0.0000,0.0000,0.0000,-0.2618,-0.2623,-3.0133,0.0000,0.0000,-3.0133
1791436663.7508,0.0210,0.9458,0.0000,0.0000,0.0000,0.0000,0.0000,0.0000,0.0000,0.0000,-0.2618,-0.2623,-3.0133,0.0000,0.0000,-3.0133
1791436663.7697,0.0190,0.5096,0.0000,0.0000,0.0000,0.0000,0.0000,0.0000,0.0000,-0.0015,-0.2618,-0.2623,-3.0133,0.0000,0.0000,-3.0133
1791436663.7898,0.0200,2.9671,0.0000,0.0000,0.0000,0.0000,0.0000,0.0000,0.0000,-0.0015,-0.2618,-0.2623,-3.0133,0.0000,0.0000,-3.0133
1791436663.8104,0.0206,0.6934,0.0000,0.0000,0.0000,0.0000,0.0000,0.0000,0.0000,0.0000,-0.2618,-0.2623,-3.0133,0.0000,0.0000,-3.0133
1791436663.8299,0.0195,1.3788,0.0000,0.0000,0.0000,0.0000,0.0000,0.0000,0.0000,0.0000,-0.2618,-0.2623,-3.0133,0.0000,0.0000,-3.0133
1791436663.8529,0.0230,0.9076,0.0000,0.0000,0.0000,0.0000,0.0000,0.0000,0.0000,0.0000,-0.2618,-0.2623,-3.0133,0.0000,0.0000,-3.0133
1791436663.8699,0.0169,1.2407,0.0000,0.0000,0.0000,0.0000,0.0000,0.0000,0.0000,-0.0015,-0.2618,-0.2623,-3.0133,0.0000,0.0000,-3.0133
1791436663.8957,0.0258,1.7682,0.0000,0.0000,0.0000,0.0000,0.0000,0.0000,0.0000,-0.0015,-0.2618,-0.2623,-3.0133,0.0000,0.0000,-3.0133
1791436663.9100,0.0143,1.0880,0.0000,0.0000,0.0000,0.0000,0.0000,0.0000,0.0000,-0.0015,-0.2618,-0.2623,-3.0133,0.0000,0.0000,-3.0133
1791436663.9316,0.0215,0.9305,0.0000,0.0000,0.0000,0.0000,0.0000,0.0000,0.0000,0.0000,-0.2618,-0.2623,-3.0133,0.0000,0.0000,-3.0133
1791436663.9504,0.0188,0.4108,0.0000,0.0000,0.0000,0.0000,0.0000,0.0000,0.0000,0.0000,-0.2618,-0.2623,-3.0134,0.0000,0.0000,-3.0134
1791436663.9708,0.0204,0.5456,0.0000,0.0000,0.0000,0.0000,0.0000,0.0000,0.0000,-0.0015,-0.2618,-0.2623,-3.0133,0.0000,0.0000,-3.0133
1791436663.9899,0.0191,1.6034,0.0000,0.0000,0.0000,0.0000,0.0000,0.0000,0.0000,0.0000,-0.2618,-0.2623,-3.0133,0.0000,0.0000,-3.0133
1791436664.0098,0.0199,0.9001,0.0000,0.0000,0.0000,0.0000,0.0000,0.0000,0.0000,-0.0015,-0.2618,-0.2623,-3.0133,0.0000,0.0000,-3.0133
1791436664.0297,0.0199,1.6434,0.0000,0.0000,0.0000,0.0000,0.0000,0.0000,0.0000,0.0000,-0.2618,-0.2623,-3.0133,0.0000,0.0000,-3.0133
1791436664.0509,0.0213,8.5360,0.0000,0.0000,0.0000,0.0000,0.0000,0.0000,0.0000,-0.0015,-0.2618,-0.2623,-3.0133,0.0000,0.0000,-3.0133
1791436664.0714,0.0205,2.9690,0.0000,0.0000,0.0000,0.0000,0.0000,0.0000,0.0000,-0.0015,-0.2618,-0.2623,-3.0133,0.0000,0.0000,-3.0133
1791436664.0900,0.0186,8.7840,0.0000,0.0000,0.0000,0.0000,0.0000,0.0000,0.0000,-0.0015,-0.2618,-0.2623,-3.0133,0.0000,0.0000,-3.0133
1791436664.1097,0.0197,6.0808,0.0000,0.0000,0.0000,0.0000,0.0000,0.0000,0.0000,-0.0015,-0.2618,-0.2623,-3.0133,0.0000,0.0000,-3.0133
1791436664.1306,0.0210,5.9794,0.0000,0.0000,0.0000,0.0000,0.0000,0.0000,0.0000,-0.0015,-0.2618,-0.2623,-3.0133,0.0000,0.0000,-3.0133
1791436664.1571,0.0265,5.9812,0.0000,0.0000,0.0000,0.0000,0.0000,0.0000,0.0000,-0.0015,-0.2618,-0.2623,-3.0134,0.0000,0.0000,-3.0134
1791436664.1697,0.0125,8.4379,0.0000,0.0000,0.0000,0.0000,0.0000,0.0000,0.0000,0.0000,-0.2618,-0.2623,-3.0134,0.0000,0.0000,-3.0134
1791436664.1904,0.0207,4.1484,0.0000,0.0000,0.0000,0.0000,0.0000,0.0000,0.0000,-0.0015,-0.2618,-0.2623,-3.0133,0.0000,0.0000,-3.0133
1791436664.2112,0.0208,9.9544,0.0000,0.0000,0.0000,0.0000,0.0000,0.0000,0.0000,0.0000,-0.2618,-0.2623,-3.0133,0.0000,0.0000,-3.0133
1791436664.2307,0.0195,2.5356,0.0000,0.0000,0.0000,0.0000,0.0000,0.0000,0.0000,-0.0015,-0.2618,-0.2623,-3.0133,0.0000,0.0000,-3.0133
1791436664.2516,0.0209,6.6230,0.0000,0.0000,0.0000,0.0000,0.0000,0.0000,0.0000,-0.0015,-0.2618,-0.2623,-3.0133,0.0000,0.0000,-3.0133
1791436664.2698,0.0181,2.5021,0.0000,0.0000,0.0000,0.0000,0.0000,0.0000,0.0000,0.0000,-0.2618,-0.2623,-3.0134,0.0000,0.0000,-3.0134
1791436664.2905,0.0207,7.8696,0.0000,0.0000,0.0000,0.0000,0.0000,0.0000,0.0000,-0.0015,-0.2618,-0.2623,-3.0133,0.0000,0.0000,-3.0133
1791436664.3099,0.0194,0.9320,0.0000,0.0000,0.0000,0.0000,0.0000,0.0000,0.0000,-0.0015,-0.2618,-0.2623,-3.0134,0.0000,0.0000,-3.0134
1791436664.3298,0.0199,9.8901,0.0000,0.0000,0.0000,0.0000,0.0000,0.0000,0.0000,-0.0015,-0.2618,-0.2623,-3.0133,0.0000,0.0000,-3.0133
1791436664.3587,0.0289,6.2250,0.0000,0.0000,0.0000,0.0000,0.0000,0.0000,0.0000,0.0000,-0.2618,-0.2623,-3.0134,0.0000,0.0000,-3.0134
1791436664.3704,0.0117,14.3092,0.0000,0.0000,0.0000,0.0000,0.0000,0.0000,0.0000,0.0000,-0.2618,-0.2623,-3.0133,0.0000,0.0000,-3.0133
1791436664.3934,0.0230,15.4975,0.0000,0.0000,0.0000,0.0000,0.0000,0.0000,0.0000,-0.0015,-0.2618,-0.2623,-3.0134,0.0000,0.0000,-3.0134
1791436664.4099,0.0165,4.9072,0.0000,0.0000,0.0000,0.0000,0.0000,0.0000,0.0000,-0.0015,-0.2618,-0.2623,-3.0134,0.0000,0.0000,-3.0134
1791436664.4304,0.0205,4.7971,0.0000,0.0000,0.0000,0.0000,0.0000,0.0000,0.0000,-0.0015,-0.2618,-0.2623,-3.0134,0.0000,0.0000,-3.0134
1791436664.4637,0.0333,0.4875,0.0000,0.0000,0.0000,0.0000,0.0000,0.0000,0.0000,-0.0015,-0.2618,-0.2623,-3.0134,0.0000,0.0000,-3.0134
1791436664.4713,0.0076,6.9760,0.0000,0.0000,0.0000,0.0000,0.0000,0.0000,0.0000,-0.0015,-0.2618,-0.2623,-3.0133,0.0000,0.0000,-3.0133
1791436664.4906,0.0194,8.0024,0.0000,0.0000,0.0000,0.0000,0.0000,0.0000,0.0000,-0.0015,-0.2618,-0.2623,-3.0133,0.0000,0.0000,-3.0133
1791436664.5103,0.0197,3.2573,0.0000,0.0000,0.0000,0.0000,0.0000,0.0000,0.0000,-0.0015,-0.2618,-0.2623,-3.0134,0.0000,0.0000,-3.0134
1791436664.5297,0.0194,3.9409,0.0000,0.0000,0.0000,0.0000,0.0000,0.0000,0.0000,-0.0015,-0.2618,-0.2623,-3.0133,0.0000,0.0000,-3.0133
1791436664.5587,0.0290,7.1646,0.0000,0.0000,0.0000,0.0000,0.0000,0.0000,0.0000,0.0000,-0.2618,-0.2623,-3.0134,0.0000,0.0000,-3.0134
1791436664.5699,0.0112,1.1777,0.0000,0.0000,0.0000,0.0000,0.0000,0.0000,0.0000,-0.0015,-0.2618,-0.2623,-3.0133,0.0000,0.0000,-3.0133
1791436664.5916,0.0217,6.7093,0.0000,0.0000,0.0000,0.0000,0.0000,0.0000,0.0000,-0.0015,-0.2618,-0.2623,-3.0134,0.0000,0.0000,-3.0134
1791436664.6103,0.0188,0.7802,0.0000,0.0000,0.0000,0.0000,0.0000,0.0000,0.0000,-0.0015,-0.2618,-0.2623,-3.0134,0.0000,0.0000,-3.0134
1791436664.6297,0.0194,0.5430,0.0000,0.0000,0.0000,0.0000,0.0000,0.0000,0.0000,0.0000,-0.2618,-0.2623,-3.0134,0.0000,0.0000,-3.0134
1791436664.6509,0.0212,0.4450,0.0000,0.0000,0.0000,0.0000,0.0000,0.0000,0.0000,0.0000,-0.2618,-0.2623,-3.0133,0.0000,0.0000,-3.0133
1791436664.6697,0.0187,0.4615,0.0000,0.0000,0.0000,0.0000,0.0000,0.0000,0.0000,-0.0015,-0.2618,-0.2623,-3.0134,0.0000,0.0000,-3.0134
1791436664.6905,0.0209,3.3245,0.0000,0.0000,0.0000,0.0000,0.0000,0.0000,0.0000,-0.0015,-0.2618,-0.2623,-3.0134,0.0000,0.0000,-3.0134
1791436664.7104,0.0199,0.6923,0.0000,0.0000,0.0000,0.0000,0.0000,0.0000,0.0000,-0.0015,-0.2618,-0.2623,-3.0134,0.0000,0.0000,-3.0134
1791436664.7297,0.0194,1.1058,0.0000,0.0000,0.0000,0.0000,0.0000,0.0000,0.0000,-0.0015,-0.2618,-0.2623,-3.0134,0.0000,0.0000,-3.0134
1791436664.7524,0.0227,0.4300,0.0000,0.0000,0.0000,0.0000,0.0000,0.0000,0.0000,-0.0015,-0.2618,-0.2623,-3.0134,0.0000,0.0000,-3.0134
1791436664.7773,0.0249,2.4603,0.0000,0.0000,0.0000,0.0000,0.0000,0.0000,0.0000,-0.0015,-0.2618,-0.2623,-3.0134,0.0000,0.0000,-3.0134
1791436664.7897,0.0124,1.0152,0.0000,0.0000,0.0000,0.0000,0.0000,0.0000,0.0000,-0.0015,-0.2618,-0.2623,-3.0134,0.0000,0.0000,-3.0134
1791436664.8104,0.0206,0.5178,0.0000,0.0000,0.0000,0.0000,0.0000,0.0000,0.0000,-0.0015,-0.2618,-0.2623,-3.0134,0.0000,0.0000,-3.0134
1791436664.8300,0.0196,1.5927,0.0000,0.0000,0.0000,0.0000,0.0000,0.0000,0.0000,0.0000,-0.2618,-0.2623,-3.0134,0.0000,0.0000,-3.0134
1791436664.8526,0.0226,0.5766,0.0000,0.0000,0.0000,0.0000,0.0000,0.0000,0.0000,0.0000,-0.2618,-0.2623,-3.0134,0.0000,0.0000,-3.0134
1791436664.8697,0.0172,1.1541,0.0000,0.0000,0.0000,0.0000,0.0000,0.0000,0.0000,-0.0015,-0.2618,-0.2623,-3.0134,0.0000,0.0000,-3.0134
1791436664.8899,0.0202,1.7976,0.0000,0.0000,0.0000,0.0000,0.0000,0.0000,0.0000,0.0000,-0.2618,-0.2623,-3.0134,0.0000,0.0000,-3.0134
1791436664.9107,0.0207,0.5305,0.0000,0.0000,0.0000,0.0000,0.0000,0.0000,0.0000,0.0000,-0.2618,-0.2623,-3.0134,0.0000,0.0000,-3.0134
1791436664.9297,0.0191,0.9612,0.0000,0.0000,0.0000,0.0000,0.0000,0.0000,0.0000,-0.0015,-0.2618,-0.2623,-3.0134,0.0000,0.0000,-3.0134
1791436664.9525,0.0228,2.8153,0.0000,0.0000,0.0000,0.0000,0.0000,0.0000,0.0000,-0.0015,-0.2618,-0.2623,-3.0134,0.0000,0.0000,-3.0134
1791436664.9704,0.0179,0.5342,0.0000,0.0000,0.0000,0.0000,0.0000,0.0000,0.0000,0.0000,-0.2618,-0.2623,-3.0134,0.0000,0.0000,-3.0134
1791436664.9898,0.0195,2.6073,0.0000,0.0000,0.0000,0.0000,0.0000,0.0000,0.0000,-0.0015,-0.2618,-0.2623,-3.0134,0.0000,0.0000,-3.0134
1791436665.0105,0.0206,0.7012,0.0000,0.0000,0.0000,0.0000,0.0000,0.0000,0.0000,-0.0015,-0.2618,-0.2623,-3.0134,0.0000,0.0000,-3.0134
1791436665.0297,0.0193,0.9202,0.0000,0.0000,0.0000,0.0000,0.0000,0.0000,0.0000,-0.0015,-0.2618,-0.2623,-3.0135,0.0000,0.0000,-3.0135
1791436665.0524,0.0227,3.2339,0.0000,0.0000,0.0000,0.0000,0.0000,0.0000,0.0000,-0.0015,-0.2618,-0.2623,-3.0134,0.0000,0.0000,-3.0134
1791436665.0703,0.0179,6.1322,0.0000,0.0000,0.0000,0.0000,0.0000,0.0000,0.0000,-0.0015,-0.2618,-0.2623,-3.0134,0.0000,0.0000,-3.0134
1791436665.0898,0.0195,1.6122,0.0000,0.0000,0.0000,0.0000,0.0000,0.0000,0.0000,-0.0015,-0.2618,-0.2623,-3.0134,0.0000,0.0000,-3.0134
1791436665.1107,0.0209,4.1026,0.0000,0.0000,0.0000,0.0000,0.0000,0.0000,0.0000,-0.0015,-0.2618,-0.2623,-3.0134,0.0000,0.0000,-3.0134
1791436665.1298,0.0190,0.6654,0.0000,0.0000,0.0000,0.0000,0.0000,0.0000,0.0000,-0.0015,-0.2618,-0.2623,-3.0134,0.0000,0.0000,-3.0134
1791436665.1503,0.0206,0.4737,0.0000,0.0000,0.0000,0.0000,0.0000,0.0000,0.0000,-0.0015,-0.2618,-0.2623,-3.0134,0.0000,0.0000,-3.0134
1791436665.1699,0.0195,0.9584,0.0000,0.0000,0.0000,0.0000,0.0000,0.0000,0.0000,-0.0015,-0.2618,-0.2623,-3.0134,0.0000,0.0000,-3.0134
1791436665.1900,0.0201,0.7187,0.0000,0.0000,0.0000,0.0000,0.0000,0.0000,0.0000,-0.0015,-0.2618,-0.2623,-3.0134,0.0000,0.0000,-3.0134
1791436665.2099,0.0198,3.4685,0.0000,0.0000,0.0000,0.0000,0.0000,0.0000,0.0000,-0.0015,-0.2618,-0.2623,-3.0134,0.0000,0.0000,-3.0134
1791436665.2299,0.0200,4.2002,0.0000,0.0000,0.0000,0.0000,0.0000,0.0000,0.0000,-0.0015,-0.2618,-0.2623,-3.0134,0.0000,0.0000,-3.0134
1791436665.2500,0.0201,0.4462,0.0000,0.0000,0.0000,0.0000,0.0000,0.0000,0.0000,0.0000,-0.2618,-0.2623,-3.0134,0.0000,0.0000,-3.0134
1791436665.2698,0.0198,0.9166,0.0000,0.0000,0.0000,0.0000,0.0000,0.0000,0.0000,-0.0015,-0.2618,-0.2623,-3.0134,0.0000,0.0000,-3.0134
1791436665.2904,0.0206,0.7572,0.0000,0.0000,0.0000,0.0000,0.0000,0.0000,0.0000,-0.0015,-0.2618,-0.2623,-3.0134,0.0000,0.0000,-3.0134
1791436665.3098,0.0194,13.9033,0.0000,0.0000,0.0000,0.0000,0.0000,0.0000,0.0000,-0.0015,-0.2618,-0.2623,-3.0134,0.0000,0.0000,-3.0134
1791436665.3298,0.0200,8.4621,0.0000,0.0000,0.0000,0.0000,0.0000,0.0000,0.0000,-0.0015,-0.2618,-0.2623,-3.0135,0.0000,0.0000,-3.0135
1791436665.3506,0.0208,4.0731,0.0000,0.0000,0.0000,0.0000,0.0000,0.0000,0.0000,-0.0015,-0.2618,-0.2623,-3.0135,0.0000,0.0000,-3.0135
1791436665.3697,0.0191,0.6652,0.0000,0.0000,0.0000,0.0000,0.0000,0.0000,0.0000,-0.0015,-0.2618,-0.2623,-3.0134,0.0000,0.0000,-3.0134
1791436665.3898,0.0201,1.2966,0.0000,0.0000,0.0000,0.0000,0.0000,0.0000,0.0000,-0.0015,-0.2618,-0.2623,-3.0134,0.0000,0.0000,-3.0134
1791436665.4098,0.0200,4.3308,0.0000,0.0000,0.0000,0.0000,0.0000,0.0000,0.0000,0.0000,-0.2618,-0.2623,-3.0134,0.0000,0.0000,-3.0134
1791436665.4300,0.0202,1.4590,0.0000,0.0000,0.0000,0.0000,0.0000,0.0000,0.0000,-0.0015,-0.2618,-0.2623,-3.0134,0.0000,0.0000,-3.0134
1791436665.4516,0.0216,0.3601,0.0000,0.0000,0.0000,0.0000,0.0000,0.0000,0.0000,-0.0015,-0.2618,-0.2623,-3.0134,0.0000,0.0000,-3.0134
1791436665.4697,0.0181,0.4714,0.0000,0.0000,0.0000,0.0000,0.0000,0.0000,0.0000,-0.0015,-0.2618,-0.2623,-3.0134,0.0000,0.0000,-3.0134
1791436665.4923,0.0226,1.2112,0.0000,0.0000,0.0000,0.0000,0.0000,0.0000,0.0000,-0.0015,-0.2618,-0.2623,-3.0135,0.0000,0.0000,-3.0135
1791436665.5097,0.0174,0.7686,0.0000,0.0000,0.0000,0.0000,0.0000,0.0000,0.0000,0.0000,-0.2618,-0.2623,-3.0134,0.0000,0.0000,-3.0134
1791436665.5298,0.0202,1.3898,0.0000,0.0000,0.0000,0.0000,0.0000,0.0000,0.0000,-0.0015,-0.2618,-0.2623,-3.0134,0.0000,0.0000,-3.0134
1791436665.5507,0.0209,0.3578,0.0000,0.0000,0.0000,0.0000,0.0000,0.0000,0.0000,0.0000,-0.2618,-0.2623,-3.0135,0.0000,0.0000,-3.0135
1791436665.5700,0.0193,0.9925,0.0000,0.0000,0.0000,0.0000,0.0000,0.0000,0.0000,-0.0015,-0.2618,-0.2623,-3.0134,0.0000,0.0000,-3.0134
1791436665.5897,0.0197,0.8121,0.0000,0.0000,0.0000,0.0000,0.0000,0.0000,0.0000,-0.0015,-0.2618,-0.2623,-3.0134,0.0000,0.0000,-3.0134
1791436665.6118,0.0221,8.1650,0.0000,0.0000,0.0000,0.0000,0.0000,0.0000,0.0000,0.0000,-0.2618,-0.2623,-3.0135,0.0000,0.0000,-3.0135
1791436665.6297,0.0179,22.2548,0.0000,0.0000,0.0000,0.0000,0.0000,0.0000,0.0000,-0.0015,-0.2618,-0.2623,-3.0134,0.0000,0.0000,-3.0134
1791436665.6554,0.0257,1.7019,0.0000,0.0000,0.0000,0.0000,0.0000,0.0000,0.0000,0.0000,-0.2618,-0.2623,-3.0134,0.0000,0.0000,-3.0134
1791436665.6705,0.0151,1.6295,0.0000,0.0000,0.0000,0.0000,0.0000,0.0000,0.0000,0.0000,-0.2618,-0.2623,-3.0134,0.0000,0.0000,-3.0134
1791436665.6904,0.0198,2.6581,0.0000,0.0000,0.0000,0.0000,0.0000,0.0000,0.0000,0.0000,-0.2618,-0.2623,-3.0134,0.0000,0.0000,-3.0134
1791436665.7099,0.0195,21.4746,0.0000,0.0000,0.0000,0.0000,0.0000,0.0000,0.0000,-0.0015,-0.2618,-0.2623,-3.0134,0.0000,0.0000,-3.0134
1791436665.7323,0.0224,7.4448,0.0000,0.0000,0.0000,0.0000,0.0000,0.0000,0.0000,-0.0015,-0.2618,-0.2623,-3.0134,0.0000,0.0000,-3.0134
1791436665.7532,0.0209,7.1730,0.0000,0.0000,0.0000,0.0000,0.0000,0.0000,0.0000,-0.0015,-0.2618,-0.2623,-3.0134,0.0000,0.0000,-3.0134
1791436665.7697,0.0165,4.7261,0.0000,0.0000,0.0000,0.0000,0.0000,0.0000,0.0000,-0.0015,-0.2618,-0.2623,-3.0135,0.0000,0.0000,-3.0135
1791436665.7897,0.0200,1.9256,0.0000,0.0000,0.0000,0.0000,0.0000,0.0000,0.0000,0.0000,-0.2618,-0.2623,-3.0135,0.0000,0.0000,-3.0135
1791436665.8105,0.0208,0.7532,0.0000,0.0000,0.0000,0.0000,0.0000,0.0000,0.0000,0.0000,-0.2618,-0.2623,-3.0135,0.0000,0.0000,-3.0135
1791436665.8306,0.0201,0.6579,0.0000,0.0000,0.0000,0.0000,0.0000,0.0000,0.0000,-0.0015,-0.2618,-0.2623,-3.0135,0.0000,0.0000,-3.0135
1791436665.8540,0.0233,2.3227,0.0000,0.0000,0.0000,0.0000,0.0000,0.0000,0.0000,-0.0015,-0.2618,-0.2623,-3.0134,0.0000,0.0000,-3.0134
1791436665.8709,0.0169,7.5228,0.0000,0.0000,0.0000,0.0000,0.0000,0.0000,0.0000,-0.0015,-0.2618,-0.2623,-3.0135,0.0000,0.0000,-3.0135
1791436665.8900,0.0191,3.0350,0.0000,0.0000,0.0000,0.0000,0.0000,0.0000,0.0000,-0.0015,-0.2618,-0.2623,-3.0135,0.0000,0.0000,-3.0135
1791436665.9111,0.0212,0.6668,0.0000,0.0000,0.0000,0.0000,0.0000,0.0000,0.0000,0.0000,-0.2618,-0.2623,-3.0134,0.0000,0.0000,-3.0134
1791436665.9298,0.0187,1.0870,0.0000,0.0000,0.0000,0.0000,0.0000,0.0000,0.0000,0.0000,-0.2618,-0.2623,-3.0134,0.0000,0.0000,-3.0134
1791436665.9526,0.0227,0.4315,0.0000,0.0000,0.0000,0.0000,0.0000,0.0000,0.0000,0.0000,-0.2618,-0.2623,-3.0135,0.0000,0.0000,-3.0135
1791436665.9699,0.0173,1.5350,0.0000,0.0000,0.0000,0.0000,0.0000,0.0000,0.0000,-0.0015,-0.2618,-0.2623,-3.0135,0.0000,0.0000,-3.0135
1791436665.9905,0.0206,2.3804,0.0000,0.0000,0.0000,0.0000,0.0000,0.0000,0.0000,0.0000,-0.2618,-0.2623,-3.0135,0.0000,0.0000,-3.0135
1791436666.0099,0.0194,3.0965,0.0000,0.0000,0.0000,0.0000,0.0000,0.0000,0.0000,-0.0015,-0.2618,-0.2623,-3.0135,0.0000,0.0000,-3.0135
1791436666.0300,0.0201,3.3860,0.0000,0.0000,0.0000,0.0000,0.0000,0.0000,0.0000,0.0000,-0.2618,-0.2623,-3.0135,0.0000,0.0000,-3.0135
1791436666.0523,0.0223,0.6601,0.0000,0.0000,0.0000,0.0000,0.0000,0.0000,0.0000,-0.0015,-0.2618,-0.2623,-3.0134,0.0000,0.0000,-3.0134
1791436666.0698,0.0176,4.9449,0.0000,0.0000,0.0000,0.0000,0.0000,0.0000,0.0000,-0.0015,-0.2618,-0.2623,-3.0135,0.0000,0.0000,-3.0135
1791436666.0918,0.0219,0.8332,0.0000,0.0000,0.0000,0.0000,0.0000,0.0000,0.0000,0.0000,-0.2618,-0.2623,-3.0135,0.0000,0.0000,-3.0135
1791436666.1097,0.0179,15.8729,0.0000,0.0000,0.0000,0.0000,0.0000,0.0000,0.0000,-0.0015,-0.2618,-0.2623,-3.0135,0.0000,0.0000,-3.0135
1791436666.1298,0.0201,8.7829,0.0000,0.0000,0.0000,0.0000,0.0000,0.0000,0.0000,-0.0015,-0.2618,-0.2623,-3.0135,0.0000,0.0000,-3.0135
1791436666.1508,0.0210,0.3408,0.0000,0.0000,0.0000,0.0000,0.0000,0.0000,0.0000,0.0000,-0.2618,-0.2623,-3.0135,0.0000,0.0000,-3.0135
1791436666.1698,0.0190,1.7700,0.0000,0.0000,0.0000,0.0000,0.0000,0.0000,0.0000,-0.0015,-0.2618,-0.2623,-3.0135,0.0000,0.0000,-3.0135
1791436666.1910,0.0212,9.7783,0.0000,0.0000,0.0000,0.0000,0.0000,0.0000,0.0000,-0.0015,-0.2618,-0.2623,-3.0135,0.0000,0.0000,-3.0135
1791436666.2101,0.0191,6.9752,0.0000,0.0000,0.0000,0.0000,0.0000,0.0000,0.0000,-0.0015,-0.2618,-0.2623,-3.0135,0.0000,0.0000,-3.0135
1791436666.2300,0.0198,1.5063,0.0000,0.0000,0.0000,0.0000,0.0000,0.0000,0.0000,0.0000,-0.2618,-0.2623,-3.0135,0.0000,0.0000,-3.0135
1791436666.2516,0.0216,11.2525,0.0000,0.0000,0.0000,0.0000,0.0000,0.0000,0.0000,0.0000,-0.2618,-0.2623,-3.0135,0.0000,0.0000,-3.0135
1791436666.2698,0.0182,11.4070,0.0000,0.0000,0.0000,0.0000,0.0000,0.0000,0.0000,-0.0015,-0.2618,-0.2623,-3.0135,0.0000,0.0000,-3.0135
1791436666.2904,0.0206,2.2055,0.0000,0.0000,0.0000,0.0000,0.0000,0.0000,0.0000,0.0000,-0.2618,-0.2623,-3.0135,0.0000,0.0000,-3.0135
1791436666.3097,0.0193,1.1717,0.0000,0.0000,0.0000,0.0000,0.0000,0.0000,0.0000,-0.0015,-0.2618,-0.2623,-3.0135,0.0000,0.0000,-3.0135
1791436666.3298,0.0201,0.6831,0.0000,0.0000,0.0000,0.0000,0.0000,0.0000,0.0000,0.0000,-0.2618,-0.2623,-3.0135,0.0000,0.0000,-3.0135
1791436666.3601,0.0303,5.3327,0.0000,0.0000,0.0000,0.0000,0.0000,0.0000,0.0000,-0.0015,-0.2618,-0.2623,-3.0135,0.0000,0.0000,-3.0135
1791436666.3699,0.0098,15.4632,0.0000,0.0000,0.0000,0.0000,0.0000,0.0000,0.0000,-0.0015,-0.2618,-0.2623,-3.0135,0.0000,0.0000,-3.0135
1791436666.3908,0.0209,8.2402,0.0000,0.0000,0.0000,0.0000,0.0000,0.0000,0.0000,0.0000,-0.2618,-0.2623,-3.0135,0.0000,0.0000,-3.0135
1791436666.4097,0.0189,7.0396,0.0000,0.0000,0.0000,0.0000,0.0000,0.0000,0.0000,-0.0015,-0.2618,-0.2623,-3.0135,0.0000,0.0000,-3.0135
1791436666.4405,0.0308,1.0015,0.0000,0.0000,0.0000,0.0000,0.0000,0.0000,0.0000,-0.0015,-0.2618,-0.2623,-3.0135,0.0000,0.0000,-3.0135
1791436666.4537,0.0132,8.6312,0.0000,0.0000,0.0000,0.0000,0.0000,0.0000,0.0000,-0.0015,-0.2618,-0.2623,-3.0135,0.0000,0.0000,-3.0135
1791436666.4699,0.0162,0.6246,0.0000,0.0000,0.0000,0.0000,0.0000,0.0000,0.0000,-0.0015,-0.2618,-0.2623,-3.0135,0.0000,0.0000,-3.0135
1791436666.4905,0.0206,0.5552,0.0000,0.0000,0.0000,0.0000,0.0000,0.0000,0.0000,-0.0015,-0.2618,-0.2623,-3.0135,0.0000,0.0000,-3.0135
1791436666.5114,0.0209,1.3353,0.0000,0.0000,0.0000,0.0000,0.0000,0.0000,0.0000,-0.0015,-0.2618,-0.2623,-3.0135,0.0000,0.0000,-3.0135
1791436666.5299,0.0185,0.6911,0.0000,0.0000,0.0000,0.0000,0.0000,0.0000,0.0000,-0.0015,-0.2618,-0.2623,-3.0135,0.0000,0.0000,-3.0135
1791436666.5539,0.0240,1.9139,0.0000,0.0000,0.0000,0.0000,0.0000,0.0000,0.0000,0.0000,-0.2618,-0.2623,-3.0135,0.0000,0.0000,-3.0135
1791436666.5699,0.0160,5.1341,0.0000,0.0000,0.0000,0.0000,0.0000,0.0000,0.0000,-0.0015,-0.2618,-0.2623,-3.0135,0.0000,0.0000,-3.0135
1791436666.5904,0.0205,0.6948,0.0000,0.0000,0.0000,0.0000,0.0000,0.0000,0.0000,-0.0015,-0.2618,-0.2623,-3.0135,0.0000,0.0000,-3.0135
1791436666.6097,0.0192,0.7263,0.0000,0.0000,0.0000,0.0000,0.0000,0.0000,0.0000,-0.0015,-0.2618,-0.2623,-3.0135,0.0000,0.0000,-3.0135
1791436666.6298,0.0201,0.5924,0.0000,0.0000,0.0000,0.0000,0.0000,0.0000,0.0000,0.0000,-0.2618,-0.2623,-3.0135,0.0000,0.0000,-3.0135
1791436666.6605,0.0307,0.3517,0.0000,0.0000,0.0000,0.0000,0.0000,0.0000,0.0000,-0.0015,-0.2618,-0.2623,-3.0135,0.0000,0.0000,-3.0135
1791436666.6699,0.0095,12.6331,0.0000,0.0000,0.0000,0.0000,0.0000,0.0000,0.0000,-0.0015,-0.2618,-0.2623,-3.0135,0.0000,0.0000,-3.0135
1791436666.6897,0.0198,4.1273,0.0000,0.0000,0.0000,0.0000,0.0000,0.0000,0.0000,-0.0015,-0.2618,-0.2623,-3.0135,0.0000,0.0000,-3.0135
1791436666.7107,0.0209,11.0984,0.0000,0.0000,0.0000,0.0000,0.0000,0.0000,0.0000,-0.0015,-0.2618,-0.2623,-3.0135,0.0000,0.0000,-3.0135
1791436666.7298,0.0191,10.9530,0.0000,0.0000,0.0000,0.0000,0.0000,0.0000,0.0000,-0.0015,-0.2618,-0.2623,-3.0135,0.0000,0.0000,-3.0135
1791436666.7559,0.0261,6.0487,0.0000,0.0000,0.0000,0.0000,0.0000,0.0000,0.0000,-0.0015,-0.2618,-0.2623,-3.0135,0.0000,0.0000,-3.0135
1791436666.7702,0.0142,0.9877,0.0000,0.0000,0.0000,0.0000,0.0000,0.0000,0.0000,-0.0015,-0.2618,-0.2623,-3.0135,0.0000,0.0000,-3.0135
1791436666.7898,0.0197,9.9846,0.0000,0.0000,0.0000,0.0000,0.0000,0.0000,0.0000,-0.0015,-0.2618,-0.2623,-3.0135,0.0000,0.0000,-3.0135
1791436666.8108,0.0210,8.2094,0.0000,0.0000,0.0000,0.0000,0.0000,0.0000,0.0000,-0.0015,-0.2618,-0.2623,-3.0135,0.0000,0.0000,-3.0135
1791436666.8297,0.0188,7.0791,0.0000,0.0000,0.0000,0.0000,0.0000,0.0000,0.0000,-0.0015,-0.2618,-0.2623,-3.0135,0.0000,0.0000,-3.0135
1791436666.8523,0.0226,0.3862,0.0000,0.0000,0.0000,0.0000,0.0000,0.0000,0.0000,0.0000,-0.2618,-0.2623,-3.0136,0.0000,0.0000,-3.0136
1791436666.8696,0.0174,3.0057,0.0000,0.0000,0.0000,0.0000,0.0000,0.0000,0.0000,-0.0015,-0.2618,-0.2623,-3.0135,0.0000,0.0000,-3.0135
1791436666.8911,0.0215,2.1370,0.0000,0.0000,0.0000,0.0000,0.0000,0.0000,0.0000,0.0000,-0.2618,-0.2623,-3.0135,0.0000,0.0000,-3.0135
1791436666.9115,0.0204,0.5766,0.0000,0.0000,0.0000,0.0000,0.0000,0.0000,0.0000,-0.0015,-0.2618,-0.2623,-3.0135,0.0000,0.0000,-3.0135
1791436666.9297,0.0183,0.4632,0.0000,0.0000,0.0000,0.0000,0.0000,0.0000,0.0000,-0.0015,-0.2618,-0.2623,-3.0136,0.0000,0.0000,-3.0136
1791436666.9506,0.0209,2.4013,0.0000,0.0000,0.0000,0.0000,0.0000,0.0000,0.0000,-0.0015,-0.2618,-0.2623,-3.0135,0.0000,0.0000,-3.0135
1791436666.9699,0.0193,1.4400,0.0000,0.0000,0.0000,0.0000,0.0000,0.0000,0.0000,-0.0015,-0.2618,-0.2623,-3.0135,0.0000,0.0000,-3.0135
1791436666.9897,0.0198,1.8262,0.0000,0.0000,0.0000,0.0000,0.0000,0.0000,0.0000,-0.0015,-0.2618,-0.2623,-3.0136,0.0000,0.0000,-3.0136
1791436667.0097,0.0200,2.1220,0.0000,0.0000,0.0000,0.0000,0.0000,0.0000,0.0000,0.0000,-0.2618,-0.2623,-3.0135,0.0000,0.0000,-3.0135
1791436667.0303,0.0207,0.8782,0.0000,0.0000,0.0000,0.0000,0.0000,0.0000,0.0000,-0.0015,-0.2618,-0.2623,-3.0135,0.0000,0.0000,-3.0135
1791436667.0531,0.0228,4.4637,0.0000,0.0000,0.0000,0.0000,0.0000,0.0000,0.0000,-0.0015,-0.2618,-0.2623,-3.0135,0.0000,0.0000,-3.0135
1791436667.0697,0.0166,2.8298,0.0000,0.0000,0.0000,0.0000,0.0000,0.0000,0.0000,-0.0015,-0.2618,-0.2623,-3.0135,0.0000,0.0000,-3.0135
1791436667.0897,0.0201,5.8648,0.0000,0.0000,0.0000,0.0000,0.0000,0.0000,0.0000,0.0000,-0.2618,-0.2623,-3.0135,0.0000,0.0000,-3.0135
1791436667.1097,0.0200,4.0622,0.0000,0.0000,0.0000,0.0000,0.0000,0.0000,0.0000,0.0000,-0.2618,-0.2623,-3.0135,0.0000,0.0000,-3.0135
1791436667.1304,0.0206,2.5477,0.0000,0.0000,0.0000,0.0000,0.0000,0.0000,0.0000,-0.0015,-0.2618,-0.2623,-3.0135,0.0000,0.0000,-3.0135
1791436667.1531,0.0227,0.3430,0.0000,0.0000,0.0000,0.0000,0.0000,0.0000,0.0000,0.0000,-0.2618,-0.2623,-3.0136,0.0000,0.0000,-3.0136
1791436667.1698,0.0168,5.4421,0.0000,0.0000,0.0000,0.0000,0.0000,0.0000,0.0000,-0.0015,-0.2618,-0.2623,-3.0135,0.0000,0.0000,-3.0135
1791436667.1900,0.0202,1.9864,0.0000,0.0000,0.0000,0.0000,0.0000,0.0000,0.0000,-0.0015,-0.2618,-0.2623,-3.0136,0.0000,0.0000,-3.0136
1791436667.2106,0.0206,1.2633,0.0000,0.0000,0.0000,0.0000,0.0000,0.0000,0.0000,-0.0015,-0.2618,-0.2623,-3.0136,0.0000,0.0000,-3.0136
1791436667.2305,0.0199,7.0061,0.0000,0.0000,0.0000,0.0000,0.0000,0.0000,0.0000,0.0000,-0.2618,-0.2623,-3.0135,0.0000,0.0000,-3.0135
1791436667.2520,0.0216,3.8035,0.0000,0.0000,0.0000,0.0000,0.0000,0.0000,0.0000,-0.0015,-0.2618,-0.2623,-3.0136,0.0000,0.0000,-3.0136
1791436667.2700,0.0180,3.4466,0.0000,0.0000,0.0000,0.0000,0.0000,0.0000,0.0000,0.0000,-0.2618,-0.2623,-3.0135,0.0000,0.0000,-3.0135
1791436667.2904,0.0204,1.1706,0.0000,0.0000,0.0000,0.0000,0.0000,0.0000,0.0000,-0.0015,-0.2618,-0.2623,-3.0135,0.0000,0.0000,-3.0135
1791436667.3102,0.0198,1.6688,0.0000,0.0000,0.0000,0.0000,0.0000,0.0000,0.0000,-0.0015,-0.2618,-0.2623,-3.0135,0.0000,0.0000,-3.0135
1791436667.3297,0.0195,0.4805,0.0000,0.0000,0.0000,0.0000,0.0000,0.0000,0.0000,-0.0015,-0.2618,-0.2623,-3.0136,0.0000,0.0000,-3.0136
1791436667.3503,0.0206,0.3816,0.0000,0.0000,0.0000,0.0000,0.0000,0.0000,0.0000,0.0000,-0.2618,-0.2623,-3.0136,0.0000,0.0000,-3.0136
1791436667.3698,0.0195,0.8233,0.0000,0.0000,0.0000,0.0000,0.0000,0.0000,0.0000,-0.0015,-0.2618,-0.2623,-3.0136,0.0000,0.0000,-3.0136
1791436667.3905,0.0207,0.5408,0.0000,0.0000,0.0000,0.0000,0.0000,0.0000,0.0000,-0.0015,-0.2618,-0.2623,-3.0135,0.0000,0.0000,-3.0135
1791436667.4125,0.0221,8.0986,0.0000,0.0000,0.0000,0.0000,0.0000,0.0000,0.0000,-0.0015,-0.2618,-0.2623,-3.0135,0.0000,0.0000,-3.0135
1791436667.4307,0.0182,0.8053,0.0000,0.0000,0.0000,0.0000,0.0000,0.0000,0.0000,0.0000,-0.2618,-0.2623,-3.0136,0.0000,0.0000,-3.0136
1791436667.4558,0.0251,0.5649,0.0000,0.0000,0.0000,0.0000,0.0000,0.0000,0.0000,-0.0015,-0.2618,-0.2623,-3.0136,0.0000,0.0000,-3.0136
1791436667.4697,0.0139,13.8610,0.0000,0.0000,0.0000,0.0000,0.0000,0.0000,0.0000,0.0000,-0.2618,-0.2623,-3.0136,0.0000,0.0000,-3.0136
1791436667.4905,0.0208,6.8523,0.0000,0.0000,0.0000,0.0000,0.0000,0.0000,0.0000,0.0000,-0.2618,-0.2623,-3.0135,0.0000,0.0000,-3.0135
1791436667.5115,0.0210,11.9694,0.0000,0.0000,0.0000,0.0000,0.0000,0.0000,0.0000,-0.0015,-0.2618,-0.2623,-3.0136,0.0000,0.0000,-3.0136
1791436667.5297,0.0182,1.0497,0.0000,0.0000,0.0000,0.0000,0.0000,0.0000,0.0000,0.0000,-0.2618,-0.2623,-3.0136,0.0000,0.0000,-3.0136
1791436667.5556,0.0259,2.7551,0.0000,0.0000,0.0000,0.0000,0.0000,0.0000,0.0000,-0.0015,-0.2618,-0.2623,-3.0136,0.0000,0.0000,-3.0136
1791436667.5699,0.0143,4.0602,0.0000,0.0000,0.0000,0.0000,0.0000,0.0000,0.0000,-0.0015,-0.2618,-0.2623,-3.0136,0.0000,0.0000,-3.0136
1791436667.5898,0.0199,2.1997,0.0000,0.0000,0.0000,0.0000,0.0000,0.0000,0.0000,0.0000,-0.2618,-0.2623,-3.0136,0.0000,0.0000,-3.0136
1791436667.6105,0.0207,6.2573,0.0000,0.0000,0.0000,0.0000,0.0000,0.0000,0.0000,-0.0015,-0.2618,-0.2623,-3.0135,0.0000,0.0000,-3.0135
1791436667.6299,0.0194,7.4866,0.0000,0.0000,0.0000,0.0000,0.0000,0.0000,0.0000,0.0000,-0.2618,-0.2623,-3.0136,0.0000,0.0000,-3.0136
1791436667.6571,0.0272,6.5831,0.0000,0.0000,0.0000,0.0000,0.0000,0.0000,0.0000,0.0000,-0.2618,-0.2623,-3.0135,0.0000,0.0000,-3.0135
1791436667.6698,0.0127,4.2943,0.0000,0.0000,0.0000,0.0000,0.0000,0.0000,0.0000,-0.0015,-0.2618,-0.2623,-3.0136,0.0000,0.0000,-3.0136
1791436667.6898,0.0200,3.9659,0.0000,0.0000,0.0000,0.0000,0.0000,0.0000,0.0000,-0.0015,-0.2618,-0.2623,-3.0136,0.0000,0.0000,-3.0136
1791436667.7104,0.0205,3.1218,0.0000,0.0000,0.0000,0.0000,0.0000,0.0000,0.0000,-0.0015,-0.2618,-0.2623,-3.0136,0.0000,0.0000,-3.0136
1791436667.7297,0.0194,0.5510,0.0000,0.0000,0.0000,0.0000,0.0000,0.0000,0.0000,0.0000,-0.2618,-0.2623,-3.0137,0.0000,0.0000,-3.0137
1791436667.7522,0.0225,0.5590,0.0000,0.0000,0.0000,0.0000,0.0000,0.0000,0.0000,-0.0015,-0.2618,-0.2623,-3.0136,0.0000,0.0000,-3.0136
1791436667.7704,0.0181,1.1706,0.0000,0.0000,0.0000,0.0000,0.0000,0.0000,0.0000,-0.0015,-0.2618,-0.2623,-3.0136,0.0000,0.0000,-3.0136
1791436667.7901,0.0197,2.1568,0.0000,0.0000,0.0000,0.0000,0.0000,0.0000,0.0000,-0.0015,-0.2618,-0.2623,-3.0136,0.0000,0.0000,-3.0136
1791436667.8097,0.0196,3.9683,0.0000,0.0000,0.0000,0.0000,0.0000,0.0000,0.0000,-0.0015,-0.2618,-0.2623,-3.0136,0.0000,0.0000,-3.0136
1791436667.8298,0.0200,0.4783,0.0000,0.0000,0.0000,0.0000,0.0000,0.0000,0.0000,-0.0015,-0.2618,-0.2623,-3.0136,0.0000,0.0000,-3.0136
1791436667.8626,0.0329,13.1285,0.0000,0.0000,0.0000,0.0000,0.0000,0.0000,0.0000,-0.0015,-0.2618,-0.2623,-3.0136,0.0000,0.0000,-3.0136
1791436667.8761,0.0135,11.2451,0.0000,0.0000,0.0000,0.0000,0.0000,0.0000,0.0000,-0.0015,-0.2618,-0.2623,-3.0136,0.0000,0.0000,-3.0136
1791436667.8914,0.0153,7.0810,0.0000,0.0000,0.0000,0.0000,0.0000,0.0000,0.0000,-0.0015,-0.2618,-0.2623,-3.0136,0.0000,0.0000,-3.0136
1791436667.9101,0.0187,6.3535,0.0000,0.0000,0.0000,0.0000,0.0000,0.0000,0.0000,-0.0015,-0.2618,-0.2623,-3.0136,0.0000,0.0000,-3.0136
1791436667.9310,0.0209,0.6196,0.0000,0.0000,0.0000,0.0000,0.0000,0.0000,0.0000,-0.0015,-0.2618,-0.2623,-3.0136,0.0000,0.0000,-3.0136
1791436667.9508,0.0198,2.8896,0.0000,0.0000,0.0000,0.0000,0.0000,0.0000,0.0000,0.0000,-0.2618,-0.2623,-3.0136,0.0000,0.0000,-3.0136
1791436667.9697,0.0188,0.5844,0.0000,0.0000,0.0000,0.0000,0.0000,0.0000,0.0000,-0.0015,-0.2618,-0.2623,-3.0136,0.0000,0.0000,-3.0136
1791436667.9897,0.0200,0.7132,0.0000,0.0000,0.0000,0.0000,0.0000,0.0000,0.0000,-0.0015,-0.2618,-0.2623,-3.0136,0.0000,0.0000,-3.0136
1791436668.0096,0.0199,0.4825,0.0000,0.0000,0.0000,0.0000,0.0000,0.0000,0.0000,-0.0015,-0.2618,-0.2623,-3.0136,0.0000,0.0000,-3.0136
1791436668.0313,0.0218,3.4902,0.0000,0.0000,0.0000,0.0000,0.0000,0.0000,0.0000,-0.0015,-0.2618,-0.2623,-3.0136,0.0000,0.0000,-3.0136
1791436668.0541,0.0228,0.3589,0.0000,0.0000,0.0000,0.0000,0.0000,0.0000,0.0000,-0.0015,-0.2618,-0.2623,-3.0137,0.0000,0.0000,-3.0137
1791436668.0697,0.0156,20.0830,0.0000,0.0000,0.0000,0.0000,0.0000,0.0000,0.0000,-0.0015,-0.2618,-0.2623,-3.0136,0.0000,0.0000,-3.0136
1791436668.0899,0.0202,9.9221,0.0000,0.0000,0.0000,0.0000,0.0000,0.0000,0.0000,0.0000,-0.2618,-0.2623,-3.0136,0.0000,0.0000,-3.0136
1791436668.1103,0.0204,2.7566,0.0000,0.0000,0.0000,0.0000,0.0000,0.0000,0.0000,-0.0015,-0.2618,-0.2623,-3.0136,0.0000,0.0000,-3.0136
1791436668.1299,0.0196,8.0800,0.0000,0.0000,0.0000,0.0000,0.0000,0.0000,0.0000,-0.0015,-0.2618,-0.2623,-3.0136,0.0000,0.0000,-3.0136
1791436668.1585,0.0286,7.1385,0.0000,0.0000,0.0000,0.0000,0.0000,0.0000,0.0000,0.0000,-0.2618,-0.2623,-3.0136,0.0000,0.0000,-3.0136
1791436668.1697,0.0112,10.9770,0.0000,0.0000,0.0000,0.0000,0.0000,0.0000,0.0000,0.0000,-0.2618,-0.2623,-3.0136,0.0000,0.0000,-3.0136
1791436668.1897,0.0201,6.9501,0.0000,0.0000,0.0000,0.0000,0.0000,0.0000,0.0000,-0.0015,-0.2618,-0.2623,-3.0136,0.0000,0.0000,-3.0136
1791436668.2097,0.0200,1.6704,0.0000,0.0000,0.0000,0.0000,0.0000,0.0000,0.0000,-0.0015,-0.2618,-0.2623,-3.0136,0.0000,0.0000,-3.0136
1791436668.2298,0.0201,0.7401,0.0000,0.0000,0.0000,0.0000,0.0000,0.0000,0.0000,-0.0015,-0.2618,-0.2623,-3.0137,0.0000,0.0000,-3.0137
1791436668.2711,0.0413,10.4864,0.0000,0.0000,0.0000,0.0000,0.0000,0.0000,0.0000,0.0000,-0.2618,-0.2623,-3.0136,0.0000,0.0000,-3.0136
1791436668.2906,0.0195,5.1496,0.0000,0.0000,0.0000,0.0000,0.0000,0.0000,0.0000,-0.0015,-0.2618,-0.2623,-3.0136,0.0000,0.0000,-3.0136
1791436668.3108,0.0201,1.8108,0.0000,0.0000,0.0000,0.0000,0.0000,0.0000,0.0000,-0.0015,-0.2618,-0.2623,-3.0136,0.0000,0.0000,-3.0136
1791436668.3300,0.0192,5.3539,0.0000,0.0000,0.0000,0.0000,0.0000,0.0000,0.0000,0.0000,-0.2618,-0.2623,-3.0136,0.0000,0.0000,-3.0136
1791436668.3500,0.0200,0.4270,0.0000,0.0000,0.0000,0.0000,0.0000,0.0000,0.0000,-0.0015,-0.2618,-0.2623,-3.0136,0.0000,0.0000,-3.0136
1791436668.3699,0.0199,1.1727,0.0000,0.0000,0.0000,0.0000,0.0000,0.0000,0.0000,0.0000,-0.2618,-0.2623,-3.0136,0.0000,0.0000,-3.0136
1791436668.3906,0.0207,3.4467,0.0000,0.0000,0.0000,0.0000,0.0000,0.0000,0.0000,-0.0015,-0.2618,-0.2623,-3.0136,0.0000,0.0000,-3.0136
1791436668.4116,0.0210,6.9964,0.0000,0.0000,0.0000,0.0000,0.0000,0.0000,0.0000,-0.0015,-0.2618,-0.2623,-3.0136,0.0000,0.0000,-3.0136
1791436668.4300,0.0184,3.2127,0.0000,0.0000,0.0000,0.0000,0.0000,0.0000,0.0000,-0.0015,-0.2618,-0.2623,-3.0136,0.0000,0.0000,-3.0136
1791436668.4548,0.0248,6.3721,0.0000,0.0000,0.0000,0.0000,0.0000,0.0000,0.0000,-0.0015,-0.2618,-0.2623,-3.0136,0.0000,0.0000,-3.0136
1791436668.4698,0.0150,6.9415,0.0000,0.0000,0.0000,0.0000,0.0000,0.0000,0.0000,0.0000,-0.2618,-0.2623,-3.0136,0.0000,0.0000,-3.0136
1791436668.4899,0.0201,6.9988,0.0000,0.0000,0.0000,0.0000,0.0000,0.0000,0.0000,-0.0015,-0.2618,-0.2623,-3.0137,0.0000,0.0000,-3.0137
1791436668.5105,0.0205,15.8036,0.0000,0.0000,0.0000,0.0000,0.0000,0.0000,0.0000,-0.0015,-0.2618,-0.2623,-3.0136,0.0000,0.0000,-3.0136
1791436668.5299,0.0194,12.8118,0.0000,0.0000,0.0000,0.0000,0.0000,0.0000,0.0000,0.0000,-0.2618,-0.2623,-3.0136,0.0000,0.0000,-3.0136
1791436668.5640,0.0341,18.6054,0.0000,0.0000,0.0000,0.0000,0.0000,0.0000,0.0000,0.0000,-0.2618,-0.2623,-3.0136,0.0000,0.0000,-3.0136
1791436668.5828,0.0188,17.1953,0.0000,0.0000,0.0000,0.0000,0.0000,0.0000,0.0000,0.0000,-0.2618,-0.2623,-3.0136,0.0000,0.0000,-3.0136
1791436668.6005,0.0176,13.3459,0.0000,0.0000,0.0000,0.0000,0.0000,0.0000,0.0000,0.0000,-0.2618,-0.2623,-3.0137,0.0000,0.0000,-3.0137
1791436668.6193,0.0188,9.8278,0.0000,0.0000,0.0000,0.0000,0.0000,0.0000,0.0000,-0.0015,-0.2618,-0.2623,-3.0137,0.0000,0.0000,-3.0137
1791436668.6326,0.0133,7.3718,0.0000,0.0000,0.0000,0.0000,0.0000,0.0000,0.0000,-0.0015,-0.2618,-0.2623,-3.0137,0.0000,0.0000,-3.0137
1791436668.6552,0.0225,9.3585,0.0000,0.0000,0.0000,0.0000,0.0000,0.0000,0.0000,-0.0015,-0.2618,-0.2623,-3.0136,0.0000,0.0000,-3.0136
1791436668.6697,0.0145,0.5685,0.0000,0.0000,0.0000,0.0000,0.0000,0.0000,0.0000,-0.0015,-0.2618,-0.2623,-3.0136,0.0000,0.0000,-3.0136
1791436668.6898,0.0201,3.0942,0.0000,0.0000,0.0000,0.0000,0.0000,0.0000,0.0000,-0.0015,-0.2618,-0.2623,-3.0137,0.0000,0.0000,-3.0137
1791436668.7097,0.0198,1.2566,0.0000,0.0000,0.0000,0.0000,0.0000,0.0000,0.0000,-0.0015,-0.2618,-0.2623,-3.0136,0.0000,0.0000,-3.0136
1791436668.7297,0.0200,0.5871,0.0000,0.0000,0.0000,0.0000,0.0000,0.0000,0.0000,-0.0015,-0.2618,-0.2623,-3.0136,0.0000,0.0000,-3.0136
1791436668.7510,0.0213,2.0045,0.0000,0.0000,0.0000,0.0000,0.0000,0.0000,0.0000,0.0000,-0.2618,-0.2623,-3.0136,0.0000,0.0000,-3.0136
1791436668.7697,0.0186,0.6051,0.0000,0.0000,0.0000,0.0000,0.0000,0.0000,0.0000,-0.0015,-0.2618,-0.2623,-3.0136,0.0000,0.0000,-3.0136
1791436668.7914,0.0218,1.1070,0.0000,0.0000,0.0000,0.0000,0.0000,0.0000,0.0000,0.0000,-0.2618,-0.2623,-3.0136,0.0000,0.0000,-3.0136
1791436668.8100,0.0185,0.6737,0.0000,0.0000,0.0000,0.0000,0.0000,0.0000,0.0000,-0.0015,-0.2618,-0.2623,-3.0136,0.0000,0.0000,-3.0136
1791436668.8305,0.0205,8.1643,0.0000,0.0000,0.0000,0.0000,0.0000,0.0000,0.0000,-0.0015,-0.2618,-0.2623,-3.0136,0.0000,0.0000,-3.0136
1791436668.8617,0.0313,11.7202,0.0000,0.0000,0.0000,0.0000,0.0000,0.0000,0.0000,0.0000,-0.2618,-0.2623,-3.0136,0.0000,0.0000,-3.0136
1791436668.8738,0.0121,0.7361,0.0000,0.0000,0.0000,0.0000,0.0000,0.0000,0.0000,0.0000,-0.2618,-0.2623,-3.0136,0.0000,0.0000,-3.0136
1791436668.8925,0.0187,0.4365,0.0000,0.0000,0.0000,0.0000,0.0000,0.0000,0.0000,0.0000,-0.2618,-0.2623,-3.0136,0.0000,0.0000,-3.0136
1791436668.9226,0.0301,1.2515,0.0000,0.0000,0.0000,0.0000,0.0000,0.0000,0.0000,-0.0015,-0.2618,-0.2623,-3.0136,0.0000,0.0000,-3.0136
1791436668.9403,0.0177,5.6111,0.0000,0.0000,0.0000,0.0000,0.0000,0.0000,0.0000,0.0000,-0.2618,-0.2623,-3.0136,0.0000,0.0000,-3.0136
1791436668.9507,0.0104,1.6847,0.0000,0.0000,0.0000,0.0000,0.0000,0.0000,0.0000,-0.0015,-0.2618,-0.2623,-3.0136,0.0000,0.0000,-3.0136
1791436668.9715,0.0207,0.6415,0.0000,0.0000,0.0000,0.0000,0.0000,0.0000,0.0000,-0.0015,-0.2618,-0.2623,-3.0136,0.0000,0.0000,-3.0136
1791436668.9897,0.0183,1.2224,0.0000,0.0000,0.0000,0.0000,0.0000,0.0000,0.0000,-0.0015,-0.2618,-0.2623,-3.0136,0.0000,0.0000,-3.0136
1791436669.0105,0.0208,14.0413,0.0000,0.0000,0.0000,0.0000,0.0000,0.0000,0.0000,-0.0015,-0.2618,-0.2623,-3.0136,0.0000,0.0000,-3.0136
1791436669.0297,0.0192,5.2064,0.0000,0.0000,0.0000,0.0000,0.0000,0.0000,0.0000,-0.0015,-0.2618,-0.2623,-3.0136,0.0000,0.0000,-3.0136
1791436669.0503,0.0206,0.3861,0.0000,0.0000,0.0000,0.0000,0.0000,0.0000,0.0000,-0.0015,-0.2618,-0.2623,-3.0136,0.0000,0.0000,-3.0136
1791436669.0704,0.0201,0.9121,0.0000,0.0000,0.0000,0.0000,0.0000,0.0000,0.0000,-0.0015,-0.2618,-0.2623,-3.0136,0.0000,0.0000,-3.0136
1791436669.0897,0.0193,0.9814,0.0000,0.0000,0.0000,0.0000,0.0000,0.0000,0.0000,-0.0015,-0.2618,-0.2623,-3.0137,0.0000,0.0000,-3.0137
1791436669.1113,0.0215,0.4879,0.0000,0.0000,0.0000,0.0000,0.0000,0.0000,0.0000,0.0000,-0.2618,-0.2623,-3.0137,0.0000,0.0000,-3.0137
1791436669.1300,0.0187,5.8816,0.0000,0.0000,0.0000,0.0000,0.0000,0.0000,0.0000,-0.0015,-0.2618,-0.2623,-3.0137,0.0000,0.0000,-3.0137
1791436669.1538,0.0239,0.4683,0.0000,0.0000,0.0000,0.0000,0.0000,0.0000,0.0000,-0.0015,-0.2618,-0.2623,-3.0137,0.0000,0.0000,-3.0137
1791436669.1698,0.0159,1.8890,0.0000,0.0000,0.0000,0.0000,0.0000,0.0000,0.0000,-0.0015,-0.2618,-0.2623,-3.0136,0.0000,0.0000,-3.0136
1791436669.1897,0.0199,1.2845,0.0000,0.0000,0.0000,0.0000,0.0000,0.0000,0.0000,-0.0015,-0.2618,-0.2623,-3.0136,0.0000,0.0000,-3.0136
1791436669.2106,0.0209,3.8707,0.0000,0.0000,0.0000,0.0000,0.0000,0.0000,0.0000,-0.0015,-0.2618,-0.2623,-3.0136,0.0000,0.0000,-3.0136
1791436669.2297,0.0191,0.7221,0.0000,0.0000,0.0000,0.0000,0.0000,0.0000,0.0000,0.0000,-0.2618,-0.2623,-3.0136,0.0000,0.0000,-3.0136
1791436669.2504,0.0207,0.5910,0.0000,0.0000,0.0000,0.0000,0.0000,0.0000,0.0000,-0.0015,-0.2618,-0.2623,-3.0137,0.0000,0.0000,-3.0137
1791436669.2697,0.0193,0.8565,0.0000,0.0000,0.0000,0.0000,0.0000,0.0000,0.0000,0.0000,-0.2618,-0.2623,-3.0137,0.0000,0.0000,-3.0137
1791436669.2899,0.0202,9.8320,0.0000,0.0000,0.0000,0.0000,0.0000,0.0000,0.0000,0.0000,-0.2618,-0.2623,-3.0137,0.0000,0.0000,-3.0137
1791436669.3095,0.0196,12.5441,0.0000,0.0000,0.0000,0.0000,0.0000,0.0000,0.0000,-0.0015,-0.2618,-0.2623,-3.0136,0.0000,0.0000,-3.0136
1791436669.3297,0.0201,10.2476,0.0000,0.0000,0.0000,0.0000,0.0000,0.0000,0.0000,0.0000,-0.2618,-0.2623,-3.0136,0.0000,0.0000,-3.0136
1791436669.3573,0.0276,7.0750,0.0000,0.0000,0.0000,0.0000,0.0000,0.0000,0.0000,0.0000,-0.2618,-0.2623,-3.0136,0.0000,0.0000,-3.0136
1791436669.3699,0.0126,1.1446,0.0000,0.0000,0.0000,0.0000,0.0000,0.0000,0.0000,-0.0015,-0.2618,-0.2623,-3.0136,0.0000,0.0000,-3.0136
1791436669.3906,0.0207,1.9358,0.0000,0.0000,0.0000,0.0000,0.0000,0.0000,0.0000,0.0000,-0.2618,-0.2623,-3.0137,0.0000,0.0000,-3.0137
1791436669.4099,0.0193,6.8702,0.0000,0.0000,0.0000,0.0000,0.0000,0.0000,0.0000,-0.0015,-0.2618,-0.2623,-3.0137,0.0000,0.0000,-3.0137
1791436669.4300,0.0202,0.6131,0.0000,0.0000,0.0000,0.0000,0.0000,0.0000,0.0000,-0.0015,-0.2618,-0.2623,-3.0137,0.0000,0.0000,-3.0137
1791436669.4515,0.0215,0.3806,0.0000,0.0000,0.0000,0.0000,0.0000,0.0000,0.0000,-0.0015,-0.2618,-0.2623,-3.0137,0.0000,0.0000,-3.0137
1791436669.4698,0.0182,3.6620,0.0000,0.0000,0.0000,0.0000,0.0000,0.0000,0.0000,-0.0015,-0.2618,-0.2623,-3.0137,0.0000,0.0000,-3.0137
1791436669.4898,0.0200,13.8575,0.0000,0.0000,0.0000,0.0000,0.0000,0.0000,0.0000,-0.0015,-0.2618,-0.2623,-3.0137,0.0000,0.0000,-3.0137
1791436669.5100,0.0202,4.8467,0.0000,0.0000,0.0000,0.0000,0.0000,0.0000,0.0000,-0.0015,-0.2618,-0.2623,-3.0137,0.0000,0.0000,-3.0137
1791436669.5300,0.0200,3.0019,0.0000,0.0000,0.0000,0.0000,0.0000,0.0000,0.0000,-0.0015,-0.2618,-0.2623,-3.0137,0.0000,0.0000,-3.0137
1791436669.5577,0.0278,0.3935,0.0000,0.0000,0.0000,0.0000,0.0000,0.0000,0.0000,-0.0015,-0.2618,-0.2623,-3.0136,0.0000,0.0000,-3.0136
1791436669.5709,0.0131,14.4192,0.0000,0.0000,0.0000,0.0000,0.0000,0.0000,0.0000,-0.0015,-0.2618,-0.2623,-3.0137,0.0000,0.0000,-3.0137
1791436669.5898,0.0190,14.8076,0.0000,0.0000,0.0000,0.0000,0.0000,0.0000,0.0000,0.0000,-0.2618,-0.2623,-3.0137,0.0000,0.0000,-3.0137
1791436669.6095,0.0197,0.6969,0.0000,0.0000,0.0000,0.0000,0.0000,0.0000,0.0000,-0.0015,-0.2618,-0.2623,-3.0137,0.0000,0.0000,-3.0137
1791436669.6297,0.0202,0.6269,0.0000,0.0000,0.0000,0.0000,0.0000,0.0000,0.0000,-0.0015,-0.2618,-0.2623,-3.0137,0.0000,0.0000,-3.0137
1791436669.6504,0.0207,0.3516,0.0000,0.0000,0.0000,0.0000,0.0000,0.0000,0.0000,-0.0015,-0.2618,-0.2623,-3.0137,0.0000,0.0000,-3.0137
1791436669.6714,0.0210,10.4206,0.0000,0.0000,0.0000,0.0000,0.0000,0.0000,0.0000,0.0000,-0.2618,-0.2623,-3.0137,0.0000,0.0000,-3.0137
1791436669.6907,0.0193,7.1123,0.0000,0.0000,0.0000,0.0000,0.0000,0.0000,0.0000,0.0000,-0.2618,-0.2623,-3.0137,0.0000,0.0000,-3.0137
1791436669.7107,0.0200,0.6063,0.0000,0.0000,0.0000,0.0000,0.0000,0.0000,0.0000,-0.0015,-0.2618,-0.2623,-3.0137,0.0000,0.0000,-3.0137
1791436669.7301,0.0194,2.9406,0.0000,0.0000,0.0000,0.0000,0.0000,0.0000,0.0000,-0.0015,-0.2618,-0.2623,-3.0137,0.0000,0.0000,-3.0137
1791436669.7546,0.0245,0.4482,0.0000,0.0000,0.0000,0.0000,0.0000,0.0000,0.0000,-0.0015,-0.2618,-0.2623,-3.0137,0.0000,0.0000,-3.0137
1791436669.7697,0.0152,1.1139,0.0000,0.0000,0.0000,0.0000,0.0000,0.0000,0.0000,-0.0015,-0.2618,-0.2623,-3.0137,0.0000,0.0000,-3.0137
1791436669.7900,0.0203,5.1745,0.0000,0.0000,0.0000,0.0000,0.0000,0.0000,0.0000,-0.0015,-0.2618,-0.2623,-3.0137,0.0000,0.0000,-3.0137
1791436669.8098,0.0198,3.4806,0.0000,0.0000,0.0000,0.0000,0.0000,0.0000,0.0000,-0.0015,-0.2618,-0.2623,-3.0137,0.0000,0.0000,-3.0137
1791436669.8306,0.0209,2.9956,0.0000,0.0000,0.0000,0.0000,0.0000,0.0000,0.0000,-0.0015,-0.2618,-0.2623,-3.0137,0.0000,0.0000,-3.0137
1791436669.8524,0.0218,3.0818,0.0000,0.0000,0.0000,0.0000,0.0000,0.0000,0.0000,0.0000,-0.2618,-0.2623,-3.0137,0.0000,0.0000,-3.0137
1791436669.8700,0.0176,10.8071,0.0000,0.0000,0.0000,0.0000,0.0000,0.0000,0.0000,-0.0015,-0.2618,-0.2623,-3.0137,0.0000,0.0000,-3.0137
1791436669.8902,0.0203,5.7012,0.0000,0.0000,0.0000,0.0000,0.0000,0.0000,0.0000,-0.0015,-0.2618,-0.2623,-3.0137,0.0000,0.0000,-3.0137
1791436669.9124,0.0222,6.5383,0.0000,0.0000,0.0000,0.0000,0.0000,0.0000,0.0000,-0.0015,-0.2618,-0.2623,-3.0137,0.0000,0.0000,-3.0137
1791436669.9298,0.0174,0.8348,0.0000,0.0000,0.0000,0.0000,0.0000,0.0000,0.0000,-0.0015,-0.2618,-0.2623,-3.0137,0.0000,0.0000,-3.0137
1791436669.9577,0.0279,4.7424,0.0000,0.0000,0.0000,0.0000,0.0000,0.0000,0.0000,-0.0015,-0.2618,-0.2623,-3.0137,0.0000,0.0000,-3.0137
1791436669.9703,0.0126,0.4847,0.0000,0.0000,0.0000,0.0000,0.0000,0.0000,0.0000,-0.0015,-0.2618,-0.2623,-3.0137,0.0000,0.0000,-3.0137
1791436669.9898,0.0196,4.2610,0.0000,0.0000,0.0000,0.0000,0.0000,0.0000,0.0000,0.0000,-0.2618,-0.2623,-3.0136,0.0000,0.0000,-3.0136
1791436670.0105,0.0207,2.6376,0.0000,0.0000,0.0000,0.0000,0.0000,0.0000,0.0000,-0.0015,-0.2618,-0.2623,-3.0137,0.0000,0.0000,-3.0137
1791436670.0304,0.0200,7.0444,0.0000,0.0000,0.0000,0.0000,0.0000,0.0000,0.0000,-0.0015,-0.2618,-0.2623,-3.0137,0.0000,0.0000,-3.0137
1791436670.0647,0.0342,1.1152,0.0000,0.0000,0.0000,0.0000,0.0000,0.0000,0.0000,-0.0015,-0.2618,-0.2623,-3.0137,0.0000,0.0000,-3.0137
1791436670.0698,0.0052,0.2486,0.0000,0.0000,0.0000,0.0000,0.0000,0.0000,0.0000,-0.0015,-0.2618,-0.2623,-3.0137,0.0000,0.0000,-3.0137
1791436670.0897,0.0199,4.5404,0.0000,0.0000,0.0000,0.0000,0.0000,0.0000,0.0000,-0.0015,-0.2618,-0.2623,-3.0137,0.0000,0.0000,-3.0137
1791436670.1124,0.0227,2.0074,0.0000,0.0000,0.0000,0.0000,0.0000,0.0000,0.0000,-0.0015,-0.2618,-0.2623,-3.0137,0.0000,0.0000,-3.0137
1791436670.1299,0.0175,1.5044,0.0000,0.0000,0.0000,0.0000,0.0000,0.0000,0.0000,-0.0015,-0.2618,-0.2623,-3.0137,0.0000,0.0000,-3.0137
1791436670.1577,0.0278,4.2999,0.0000,0.0000,0.0000,0.0000,0.0000,0.0000,0.0000,-0.0015,-0.2618,-0.2623,-3.0137,0.0000,0.0000,-3.0137
1791436670.1745,0.0168,8.1797,0.0000,0.0000,0.0000,0.0000,0.0000,0.0000,0.0000,0.0000,-0.2618,-0.2623,-3.0137,0.0000,0.0000,-3.0137
1791436670.1900,0.0155,11.0700,0.0000,0.0000,0.0000,0.0000,0.0000,0.0000,0.0000,0.0000,-0.2618,-0.2623,-3.0137,0.0000,0.0000,-3.0137
1791436670.2111,0.0211,10.2042,0.0000,0.0000,0.0000,0.0000,0.0000,0.0000,0.0000,-0.0015,-0.2618,-0.2623,-3.0137,0.0000,0.0000,-3.0137
1791436670.2355,0.0244,6.2595,0.0000,0.0000,0.0000,0.0000,0.0000,0.0000,0.0000,0.0000,-0.2618,-0.2623,-3.0137,0.0000,0.0000,-3.0137
1791436670.2554,0.0199,0.5891,0.0000,0.0000,0.0000,0.0000,0.0000,0.0000,0.0000,-0.0015,-0.2618,-0.2623,-3.0137,0.0000,0.0000,-3.0137
1791436670.2698,0.0144,10.8976,0.0000,0.0000,0.0000,0.0000,0.0000,0.0000,0.0000,-0.0015,-0.2618,-0.2623,-3.0137,0.0000,0.0000,-3.0137
1791436670.2899,0.0201,17.3390,0.0000,0.0000,0.0000,0.0000,0.0000,0.0000,0.0000,-0.0015,-0.2618,-0.2623,-3.0137,0.0000,0.0000,-3.0137
1791436670.3114,0.0215,8.6512,0.0000,0.0000,0.0000,0.0000,0.0000,0.0000,0.0000,-0.0015,-0.2618,-0.2623,-3.0137,0.0000,0.0000,-3.0137
1791436670.3306,0.0191,6.9521,0.0000,0.0000,0.0000,0.0000,0.0000,0.0000,0.0000,-0.0015,-0.2618,-0.2623,-3.0137,0.0000,0.0000,-3.0137
1791436670.3618,0.0312,9.6512,0.0000,0.0000,0.0000,0.0000,0.0000,0.0000,0.0000,0.0000,-0.2618,-0.2623,-3.0138,0.0000,0.0000,-3.0138
1791436670.3716,0.0098,10.6082,0.0000,0.0000,0.0000,0.0000,0.0000,0.0000,0.0000,-0.0015,-0.2618,-0.2623,-3.0137,0.0000,0.0000,-3.0137
1791436670.3899,0.0183,12.4728,0.0000,0.0000,0.0000,0.0000,0.0000,0.0000,0.0000,-0.0015,-0.2618,-0.2623,-3.0137,0.0000,0.0000,-3.0137
1791436670.4100,0.0201,4.4792,0.0000,0.0000,0.0000,0.0000,0.0000,0.0000,0.0000,-0.0015,-0.2618,-0.2623,-3.0137,0.0000,0.0000,-3.0137
1791436670.4309,0.0209,3.0291,0.0000,0.0000,0.0000,0.0000,0.0000,0.0000,0.0000,-0.0015,-0.2618,-0.2623,-3.0137,0.0000,0.0000,-3.0137
1791436670.4531,0.0222,1.5042,0.0000,0.0000,0.0000,0.0000,0.0000,0.0000,0.0000,0.0000,-0.2618,-0.2623,-3.0137,0.0000,0.0000,-3.0137
1791436670.4699,0.0169,1.8546,0.0000,0.0000,0.0000,0.0000,0.0000,0.0000,0.0000,-0.0015,-0.2618,-0.2623,-3.0137,0.0000,0.0000,-3.0137
1791436670.4898,0.0199,1.4811,0.0000,0.0000,0.0000,0.0000,0.0000,0.0000,0.0000,-0.0015,-0.2618,-0.2623,-3.0138,0.0000,0.0000,-3.0138
1791436670.5097,0.0199,5.5730,0.0000,0.0000,0.0000,0.0000,0.0000,0.0000,0.0000,-0.0015,-0.2618,-0.2623,-3.0137,0.0000,0.0000,-3.0137
1791436670.5299,0.0202,5.7030,0.0000,0.0000,0.0000,0.0000,0.0000,0.0000,0.0000,-0.0015,-0.2618,-0.2623,-3.0137,0.0000,0.0000,-3.0137
1791436670.5527,0.0229,4.7719,0.0000,0.0000,0.0000,0.0000,0.0000,0.0000,0.0000,-0.0015,-0.2618,-0.2623,-3.0137,0.0000,0.0000,-3.0137
1791436670.5704,0.0177,4.4820,0.0000,0.0000,0.0000,0.0000,0.0000,0.0000,0.0000,-0.0015,-0.2618,-0.2623,-3.0137,0.0000,0.0000,-3.0137
1791436670.5897,0.0193,3.9878,0.0000,0.0000,0.0000,0.0000,0.0000,0.0000,0.0000,0.0000,-0.2618,-0.2623,-3.0137,0.0000,0.0000,-3.0137
1791436670.6114,0.0218,0.5225,0.0000,0.0000,0.0000,0.0000,0.0000,0.0000,0.0000,-0.0015,-0.2618,-0.2623,-3.0137,0.0000,0.0000,-3.0137
1791436670.6313,0.0198,1.3485,0.0000,0.0000,0.0000,0.0000,0.0000,0.0000,0.0000,0.0000,-0.2618,-0.2623,-3.0137,0.0000,0.0000,-3.0137
1791436670.6504,0.0192,1.9492,0.0000,0.0000,0.0000,0.0000,0.0000,0.0000,0.0000,0.0000,-0.2618,-0.2623,-3.0137,0.0000,0.0000,-3.0137
1791436670.6699,0.0195,0.7353,0.0000,0.0000,0.0000,0.0000,0.0000,0.0000,0.0000,-0.0015,-0.2618,-0.2623,-3.0137,0.0000,0.0000,-3.0137
1791436670.6898,0.0199,1.4034,0.0000,0.0000,0.0000,0.0000,0.0000,0.0000,0.0000,-0.0015,-0.2618,-0.2623,-3.0137,0.0000,0.0000,-3.0137
1791436670.7116,0.0217,5.0619,0.0000,0.0000,0.0000,0.0000,0.0000,0.0000,0.0000,-0.0015,-0.2618,-0.2623,-3.0137,0.0000,0.0000,-3.0137
1791436670.7301,0.0185,3.6871,0.0000,0.0000,0.0000,0.0000,0.0000,0.0000,0.0000,0.0000,-0.2618,-0.2623,-3.0137,0.0000,0.0000,-3.0137
1791436670.7537,0.0237,0.9467,0.0000,0.0000,0.0000,0.0000,0.0000,0.0000,0.0000,-0.0015,-0.2618,-0.2623,-3.0137,0.0000,0.0000,-3.0137
1791436670.7704,0.0167,3.9361,0.0000,0.0000,0.0000,0.0000,0.0000,0.0000,0.0000,-0.0015,-0.2618,-0.2623,-3.0138,0.0000,0.0000,-3.0138
1791436670.7898,0.0194,1.9999,0.0000,0.0000,0.0000,0.0000,0.0000,0.0000,0.0000,-0.0015,-0.2618,-0.2623,-3.0138,0.0000,0.0000,-3.0138
1791436670.8096,0.0198,0.9629,0.0000,0.0000,0.0000,0.0000,0.0000,0.0000,0.0000,-0.0015,-0.2618,-0.2623,-3.0138,0.0000,0.0000,-3.0138
1791436670.8303,0.0207,1.3168,0.0000,0.0000,0.0000,0.0000,0.0000,0.0000,0.0000,-0.0015,-0.2618,-0.2623,-3.0138,0.0000,0.0000,-3.0138
1791436670.8506,0.0203,2.0934,0.0000,0.0000,0.0000,0.0000,0.0000,0.0000,0.0000,-0.0015,-0.2618,-0.2623,-3.0137,0.0000,0.0000,-3.0137
1791436670.8698,0.0192,1.1889,0.0000,0.0000,0.0000,0.0000,0.0000,0.0000,0.0000,-0.0015,-0.2618,-0.2623,-3.0137,0.0000,0.0000,-3.0137
1791436670.8908,0.0209,0.8714,0.0000,0.0000,0.0000,0.0000,0.0000,0.0000,0.0000,0.0000,-0.2618,-0.2623,-3.0138,0.0000,0.0000,-3.0138
1791436670.9099,0.0191,8.6717,0.0000,0.0000,0.0000,0.0000,0.0000,0.0000,0.0000,-0.0015,-0.2618,-0.2623,-3.0137,0.0000,0.0000,-3.0137
1791436670.9310,0.0211,0.9464,0.0000,0.0000,0.0000,0.0000,0.0000,0.0000,0.0000,-0.0015,-0.2618,-0.2623,-3.0138,0.0000,0.0000,-3.0138
1791436670.9511,0.0201,3.5100,0.0000,0.0000,0.0000,0.0000,0.0000,0.0000,0.0000,0.0000,-0.2618,-0.2623,-3.0138,0.0000,0.0000,-3.0138
1791436670.9697,0.0187,1.8006,0.0000,0.0000,0.0000,0.0000,0.0000,0.0000,0.0000,0.0000,-0.2618,-0.2623,-3.0138,0.0000,0.0000,-3.0138
1791436670.9897,0.0200,3.7963,0.0000,0.0000,0.0000,0.0000,0.0000,0.0000,0.0000,0.0000,-0.2618,-0.2623,-3.0138,0.0000,0.0000,-3.0138
1791436671.0113,0.0216,2.1752,0.0000,0.0000,0.0000,0.0000,0.0000,0.0000,0.0000,-0.0015,-0.2618,-0.2623,-3.0138,0.0000,0.0000,-3.0138
1791436671.0304,0.0191,0.6757,0.0000,0.0000,0.0000,0.0000,0.0000,0.0000,0.0000,-0.0015,-0.2618,-0.2623,-3.0138,0.0000,0.0000,-3.0138
1791436671.0509,0.0205,0.4509,0.0000,0.0000,0.0000,0.0000,0.0000,0.0000,0.0000,-0.0015,-0.2618,-0.2623,-3.0138,0.0000,0.0000,-3.0138
1791436671.0706,0.0197,2.3192,0.0000,0.0000,0.0000,0.0000,0.0000,0.0000,0.0000,0.0000,-0.2618,-0.2623,-3.0138,0.0000,0.0000,-3.0138
1791436671.0905,0.0199,1.0351,0.0000,0.0000,0.0000,0.0000,0.0000,0.0000,0.0000,0.0000,-0.2618,-0.2623,-3.0137,0.0000,0.0000,-3.0137
1791436671.1103,0.0199,0.4609,0.0000,0.0000,0.0000,0.0000,0.0000,0.0000,0.0000,-0.0015,-0.2618,-0.2623,-3.0138,0.0000,0.0000,-3.0138
1791436671.1309,0.0205,0.5731,0.0000,0.0000,0.0000,0.0000,0.0000,0.0000,0.0000,-0.0015,-0.2618,-0.2623,-3.0138,0.0000,0.0000,-3.0138
1791436671.1504,0.0195,0.4299,0.0000,0.0000,0.0000,0.0000,0.0000,0.0000,0.0000,-0.0015,-0.2618,-0.2623,-3.0137,0.0000,0.0000,-3.0137
1791436671.1703,0.0199,0.5455,0.0000,0.0000,0.0000,0.0000,0.0000,0.0000,0.0000,-0.0015,-0.2618,-0.2623,-3.0138,0.0000,0.0000,-3.0138
1791436671.1907,0.0204,0.8552,0.0000,0.0000,0.0000,0.0000,0.0000,0.0000,0.0000,-0.0015,-0.2618,-0.2623,-3.0138,0.0000,0.0000,-3.0138
1791436671.2097,0.0190,1.0561,0.0000,0.0000,0.0000,0.0000,0.0000,0.0000,0.0000,0.0000,-0.2618,-0.2623,-3.0138,0.0000,0.0000,-3.0138
1791436671.2299,0.0203,0.7467,0.0000,0.0000,0.0000,0.0000,0.0000,0.0000,0.0000,-0.0015,-0.2618,-0.2623,-3.0138,0.0000,0.0000,-3.0138
1791436671.2512,0.0213,3.9608,0.0000,0.0000,0.0000,0.0000,0.0000,0.0000,0.0000,-0.0015,-0.2618,-0.2623,-3.0138,0.0000,0.0000,-3.0138
1791436671.2698,0.0186,0.5005,0.0000,0.0000,0.0000,0.0000,0.0000,0.0000,0.0000,-0.0015,-0.2618,-0.2623,-3.0138,0.0000,0.0000,-3.0138
1791436671.2898,0.0200,6.6554,0.0000,0.0000,0.0000,0.0000,0.0000,0.0000,0.0000,-0.0015,-0.2618,-0.2623,-3.0138,0.0000,0.0000,-3.0138
1791436671.3105,0.0207,14.1803,0.0000,0.0000,0.0000,0.0000,0.0000,0.0000,0.0000,0.0000,-0.2618,-0.2623,-3.0138,0.0000,0.0000,-3.0138
1791436671.3301,0.0196,0.9835,0.0000,0.0000,0.0000,0.0000,0.0000,0.0000,0.0000,-0.0015,-0.2618,-0.2623,-3.0138,0.0000,0.0000,-3.0138
1791436671.3502,0.0201,0.4311,0.0000,0.0000,0.0000,0.0000,0.0000,0.0000,0.0000,-0.0015,-0.2618,-0.2623,-3.0138,0.0000,0.0000,-3.0138
1791436671.3698,0.0196,2.3773,0.0000,0.0000,0.0000,0.0000,0.0000,0.0000,0.0000,0.0000,-0.2618,-0.2623,-3.0138,0.0000,0.0000,-3.0138
1791436671.3897,0.0199,5.1935,0.0000,0.0000,0.0000,0.0000,0.0000,0.0000,0.0000,-0.0015,-0.2618,-0.2623,-3.0138,0.0000,0.0000,-3.0138
1791436671.4097,0.0200,3.3627,0.0000,0.0000,0.0000,0.0000,0.0000,0.0000,0.0000,0.0000,-0.2618,-0.2623,-3.0138,0.0000,0.0000,-3.0138
1791436671.4299,0.0202,1.5379,0.0000,0.0000,0.0000,0.0000,0.0000,0.0000,0.0000,-0.0015,-0.2618,-0.2623,-3.0137,0.0000,0.0000,-3.0137
1791436671.4527,0.0228,0.4248,0.0000,0.0000,0.0000,0.0000,0.0000,0.0000,0.0000,0.0000,-0.2618,-0.2623,-3.0138,0.0000,0.0000,-3.0138
1791436671.4716,0.0189,3.1009,0.0000,0.0000,0.0000,0.0000,0.0000,0.0000,0.0000,-0.0015,-0.2618,-0.2623,-3.0138,0.0000,0.0000,-3.0138
1791436671.4899,0.0183,0.8584,0.0000,0.0000,0.0000,0.0000,0.0000,0.0000,0.0000,0.0000,-0.2618,-0.2623,-3.0138,0.0000,0.0000,-3.0138
1791436671.5103,0.0204,4.3618,0.0000,0.0000,0.0000,0.0000,0.0000,0.0000,0.0000,-0.0015,-0.2618,-0.2623,-3.0138,0.0000,0.0000,-3.0138
1791436671.5299,0.0196,1.3776,0.0000,0.0000,0.0000,0.0000,0.0000,0.0000,0.0000,-0.0015,-0.2618,-0.2623,-3.0138,0.0000,0.0000,-3.0138
1791436671.5592,0.0293,12.9478,0.0000,0.0000,0.0000,0.0000,0.0000,0.0000,0.0000,-0.0015,-0.2618,-0.2623,-3.0138,0.0000,0.0000,-3.0138
1791436671.5727,0.0136,14.7994,0.0000,0.0000,0.0000,0.0000,0.0000,0.0000,0.0000,-0.0015,-0.2618,-0.2623,-3.0138,0.0000,0.0000,-3.0138
1791436671.5913,0.0186,0.8544,0.0000,0.0000,0.0000,0.0000,0.0000,0.0000,0.0000,-0.0015,-0.2618,-0.2623,-3.0138,0.0000,0.0000,-3.0138
1791436671.6106,0.0193,0.8832,0.0000,0.0000,0.0000,0.0000,0.0000,0.0000,0.0000,-0.0015,-0.2618,-0.2623,-3.0138,0.0000,0.0000,-3.0138
1791436671.6298,0.0192,0.9956,0.0000,0.0000,0.0000,0.0000,0.0000,0.0000,0.0000,-0.0015,-0.2618,-0.2623,-3.0138,0.0000,0.0000,-3.0138
1791436671.6505,0.0207,0.3647,0.0000,0.0000,0.0000,0.0000,0.0000,0.0000,0.0000,-0.0015,-0.2618,-0.2623,-3.0138,0.0000,0.0000,-3.0138
1791436671.6699,0.0194,1.7064,0.0000,0.0000,0.0000,0.0000,0.0000,0.0000,0.0000,-0.0015,-0.2618,-0.2623,-3.0138,0.0000,0.0000,-3.0138
1791436671.6898,0.0199,2.5936,0.0000,0.0000,0.0000,0.0000,0.0000,0.0000,0.0000,-0.0015,-0.2618,-0.2623,-3.0138,0.0000,0.0000,-3.0138
1791436671.7110,0.0212,1.4224,0.0000,0.0000,0.0000,0.0000,0.0000,0.0000,0.0000,-0.0015,-0.2618,-0.2623,-3.0138,0.0000,0.0000,-3.0138
1791436671.7299,0.0189,2.3784,0.0000,0.0000,0.0000,0.0000,0.0000,0.0000,0.0000,0.0000,-0.2618,-0.2623,-3.0138,0.0000,0.0000,-3.0138
1791436671.7564,0.0265,4.5919,0.0000,0.0000,0.0000,0.0000,0.0000,0.0000,0.0000,-0.0015,-0.2618,-0.2623,-3.0138,0.0000,0.0000,-3.0138
1791436671.7697,0.0133,4.2524,0.0000,0.0000,0.0000,0.0000,0.0000,0.0000,0.0000,-0.0015,-0.2618,-0.2623,-3.0138,0.0000,0.0000,-3.0138
1791436671.7897,0.0200,2.0181,0.0000,0.0000,0.0000,0.0000,0.0000,0.0000,0.0000,0.0000,-0.2618,-0.2623,-3.0138,0.0000,0.0000,-3.0138
1791436671.8095,0.0198,2.2972,0.0000,0.0000,0.0000,0.0000,0.0000,0.0000,0.0000,0.0000,-0.2618,-0.2623,-3.0138,0.0000,0.0000,-3.0138
1791436671.8305,0.0210,1.0691,0.0000,0.0000,0.0000,0.0000,0.0000,0.0000,0.0000,0.0000,-0.2618,-0.2623,-3.0138,0.0000,0.0000,-3.0138
1791436671.8518,0.0212,2.6491,0.0000,0.0000,0.0000,0.0000,0.0000,0.0000,0.0000,-0.0015,-0.2618,-0.2623,-3.0138,0.0000,0.0000,-3.0138
1791436671.8719,0.0201,1.3289,0.0000,0.0000,0.0000,0.0000,0.0000,0.0000,0.0000,-0.0015,-0.2618,-0.2623,-3.0138,0.0000,0.0000,-3.0138
1791436671.8916,0.0198,1.1609,0.0000,0.0000,0.0000,0.0000,0.0000,0.0000,0.0000,-0.0015,-0.2618,-0.2623,-3.0138,0.0000,0.0000,-3.0138
1791436671.9097,0.0180,13.7281,0.0000,0.0000,0.0000,0.0000,0.0000,0.0000,0.0000,-0.0015,-0.2618,-0.2623,-3.0139,0.0000,0.0000,-3.0139
1791436671.9316,0.0219,1.4033,0.0000,0.0000,0.0000,0.0000,0.0000,0.0000,0.0000,0.0000,-0.2618,-0.2623,-3.0138,0.0000,0.0000,-3.0138
1791436671.9563,0.0248,9.2472,0.0000,0.0000,0.0000,0.0000,0.0000,0.0000,0.0000,0.0000,-0.2618,-0.2623,-3.0138,0.0000,0.0000,-3.0138
1791436671.9697,0.0134,5.4063,0.0000,0.0000,0.0000,0.0000,0.0000,0.0000,0.0000,-0.0015,-0.2618,-0.2623,-3.0138,0.0000,0.0000,-3.0138
1791436671.9903,0.0206,1.1605,0.0000,0.0000,0.0000,0.0000,0.0000,0.0000,0.0000,-0.0015,-0.2618,-0.2623,-3.0138,0.0000,0.0000,-3.0138
1791436672.0098,0.0194,4.2771,0.0000,0.0000,0.0000,0.0000,0.0000,0.0000,0.0000,-0.0015,-0.2618,-0.2623,-3.0138,0.0000,0.0000,-3.0138
1791436672.0306,0.0208,1.2985,0.0000,0.0000,0.0000,0.0000,0.0000,0.0000,0.0000,-0.0015,-0.2618,-0.2623,-3.0138,0.0000,0.0000,-3.0138
1791436672.0520,0.0214,4.2921,0.0000,0.0000,0.0000,0.0000,0.0000,0.0000,0.0000,-0.0015,-0.2618,-0.2623,-3.0138,0.0000,0.0000,-3.0138
1791436672.0701,0.0181,0.7909,0.0000,0.0000,0.0000,0.0000,0.0000,0.0000,0.0000,0.0000,-0.2618,-0.2623,-3.0138,0.0000,0.0000,-3.0138
1791436672.0898,0.0197,1.7748,0.0000,0.0000,0.0000,0.0000,0.0000,0.0000,0.0000,-0.0015,-0.2618,-0.2623,-3.0139,0.0000,0.0000,-3.0139
1791436672.1097,0.0199,4.0120,0.0000,0.0000,0.0000,0.0000,0.0000,0.0000,0.0000,-0.0015,-0.2618,-0.2623,-3.0138,0.0000,0.0000,-3.0138
1791436672.1311,0.0214,1.3603,0.0000,0.0000,0.0000,0.0000,0.0000,0.0000,0.0000,-0.0015,-0.2618,-0.2623,-3.0139,0.0000,0.0000,-3.0139
1791436672.1535,0.0225,0.5601,0.0000,0.0000,0.0000,0.0000,0.0000,0.0000,0.0000,-0.0015,-0.2618,-0.2623,-3.0138,0.0000,0.0000,-3.0138
1791436672.1704,0.0169,12.5281,0.0000,0.0000,0.0000,0.0000,0.0000,0.0000,0.0000,-0.0015,-0.2618,-0.2623,-3.0138,0.0000,0.0000,-3.0138
1791436672.1900,0.0195,5.5336,0.0000,0.0000,0.0000,0.0000,0.0000,0.0000,0.0000,0.0000,-0.2618,-0.2623,-3.0139,0.0000,0.0000,-3.0139
1791436672.2114,0.0215,9.5046,0.0000,0.0000,0.0000,0.0000,0.0000,0.0000,0.0000,0.0000,-0.2618,-0.2623,-3.0138,0.0000,0.0000,-3.0138
1791436672.2298,0.0184,7.7743,0.0000,0.0000,0.0000,0.0000,0.0000,0.0000,0.0000,-0.0015,-0.2618,-0.2623,-3.0138,0.0000,0.0000,-3.0138
1791436672.2508,0.0210,0.3243,0.0000,0.0000,0.0000,0.0000,0.0000,0.0000,0.0000,-0.0015,-0.2618,-0.2623,-3.0139,0.0000,0.0000,-3.0139
1791436672.2697,0.0189,0.6856,0.0000,0.0000,0.0000,0.0000,0.0000,0.0000,0.0000,-0.0015,-0.2618,-0.2623,-3.0139,0.0000,0.0000,-3.0139
1791436672.2897,0.0200,0.4999,0.0000,0.0000,0.0000,0.0000,0.0000,0.0000,0.0000,-0.0015,-0.2618,-0.2623,-3.0139,0.0000,0.0000,-3.0139
1791436672.3097,0.0199,0.6265,0.0000,0.0000,0.0000,0.0000,0.0000,0.0000,0.0000,-0.0015,-0.2618,-0.2623,-3.0138,0.0000,0.0000,-3.0138
1791436672.3302,0.0205,11.5125,0.0000,0.0000,0.0000,0.0000,0.0000,0.0000,0.0000,-0.0015,-0.2618,-0.2623,-3.0138,0.0000,0.0000,-3.0138
1791436672.3578,0.0276,7.8262,0.0000,0.0000,0.0000,0.0000,0.0000,0.0000,0.0000,0.0000,-0.2618,-0.2623,-3.0138,0.0000,0.0000,-3.0138
1791436672.3711,0.0134,9.2137,0.0000,0.0000,0.0000,0.0000,0.0000,0.0000,0.0000,-0.0015,-0.2618,-0.2623,-3.0138,0.0000,0.0000,-3.0138
1791436672.3897,0.0185,0.6206,0.0000,0.0000,0.0000,0.0000,0.0000,0.0000,0.0000,0.0000,-0.2618,-0.2623,-3.0138,0.0000,0.0000,-3.0138
1791436672.4106,0.0210,3.8835,0.0000,0.0000,0.0000,0.0000,0.0000,0.0000,0.0000,-0.0015,-0.2618,-0.2623,-3.0138,0.0000,0.0000,-3.0138
1791436672.4308,0.0202,1.3698,0.0000,0.0000,0.0000,0.0000,0.0000,0.0000,0.0000,0.0000,-0.2618,-0.2623,-3.0139,0.0000,0.0000,-3.0139
1791436672.4543,0.0235,2.3883,0.0000,0.0000,0.0000,0.0000,0.0000,0.0000,0.0000,0.0000,-0.2618,-0.2623,-3.0138,0.0000,0.0000,-3.0138
1791436672.4702,0.0159,1.4386,0.0000,0.0000,0.0000,0.0000,0.0000,0.0000,0.0000,-0.0015,-0.2618,-0.2623,-3.0138,0.0000,0.0000,-3.0138
1791436672.4899,0.0196,4.4621,0.0000,0.0000,0.0000,0.0000,0.0000,0.0000,0.0000,-0.0015,-0.2618,-0.2623,-3.0138,0.0000,0.0000,-3.0138
1791436672.5105,0.0207,4.6337,0.0000,0.0000,0.0000,0.0000,0.0000,0.0000,0.0000,-0.0015,-0.2618,-0.2623,-3.0138,0.0000,0.0000,-3.0138
1791436672.5299,0.0194,2.2888,0.0000,0.0000,0.0000,0.0000,0.0000,0.0000,0.0000,-0.0015,-0.2618,-0.2623,-3.0139,0.0000,0.0000,-3.0139
1791436672.5528,0.0229,0.3537,0.0000,0.0000,0.0000,0.0000,0.0000,0.0000,0.0000,-0.0015,-0.2618,-0.2623,-3.0138,0.0000,0.0000,-3.0138
1791436672.5697,0.0169,4.5090,0.0000,0.0000,0.0000,0.0000,0.0000,0.0000,0.0000,-0.0015,-0.2618,-0.2623,-3.0139,0.0000,0.0000,-3.0139
1791436672.5897,0.0200,0.6611,0.0000,0.0000,0.0000,0.0000,0.0000,0.0000,0.0000,0.0000,-0.2618,-0.2623,-3.0139,0.0000,0.0000,-3.0139
1791436672.6104,0.0207,0.6057,0.0000,0.0000,0.0000,0.0000,0.0000,0.0000,0.0000,-0.0015,-0.2618,-0.2623,-3.0138,0.0000,0.0000,-3.0138
1791436672.6303,0.0199,1.0545,0.0000,0.0000,0.0000,0.0000,0.0000,0.0000,0.0000,-0.0015,-0.2618,-0.2623,-3.0139,0.0000,0.0000,-3.0139
1791436672.6522,0.0218,0.6608,0.0000,0.0000,0.0000,0.0000,0.0000,0.0000,0.0000,-0.0015,-0.2618,-0.2623,-3.0139,0.0000,0.0000,-3.0139
1791436672.6702,0.0180,0.6393,0.0000,0.0000,0.0000,0.0000,0.0000,0.0000,0.0000,-0.0015,-0.2618,-0.2623,-3.0139,0.0000,0.0000,-3.0139
1791436672.6898,0.0196,0.7857,0.0000,0.0000,0.0000,0.0000,0.0000,0.0000,0.0000,-0.0015,-0.2618,-0.2623,-3.0139,0.0000,0.0000,-3.0139
1791436672.7097,0.0199,13.7800,0.0000,0.0000,0.0000,0.0000,0.0000,0.0000,0.0000,-0.0015,-0.2618,-0.2623,-3.0138,0.0000,0.0000,-3.0138
1791436672.7299,0.0202,2.2434,0.0000,0.0000,0.0000,0.0000,0.0000,0.0000,0.0000,-0.0015,-0.2618,-0.2623,-3.0139,0.0000,0.0000,-3.0139
1791436672.7543,0.0245,0.4098,0.0000,0.0000,0.0000,0.0000,0.0000,0.0000,0.0000,-0.0015,-0.2618,-0.2623,-3.0139,0.0000,0.0000,-3.0139
1791436672.7717,0.0173,0.6818,0.0000,0.0000,0.0000,0.0000,0.0000,0.0000,0.0000,-0.0015,-0.2618,-0.2623,-3.0139,0.0000,0.0000,-3.0139
1791436672.7900,0.0183,0.9825,0.0000,0.0000,0.0000,0.0000,0.0000,0.0000,0.0000,-0.0015,-0.2618,-0.2623,-3.0139,0.0000,0.0000,-3.0139
1791436672.8102,0.0203,1.2522,0.0000,0.0000,0.0000,0.0000,0.0000,0.0000,0.0000,-0.0015,-0.2618,-0.2623,-3.0139,0.0000,0.0000,-3.0139
1791436672.8304,0.0201,0.6317,0.0000,0.0000,0.0000,0.0000,0.0000,0.0000,0.0000,0.0000,-0.2618,-0.2623,-3.0139,0.0000,0.0000,-3.0139
1791436672.8524,0.0220,1.9429,0.0000,0.0000,0.0000,0.0000,0.0000,0.0000,0.0000,-0.0015,-0.2618,-0.2623,-3.0139,0.0000,0.0000,-3.0139
1791436672.8704,0.0180,1.0028,0.0000,0.0000,0.0000,0.0000,0.0000,0.0000,0.0000,-0.0015,-0.2618,-0.2623,-3.0139,0.0000,0.0000,-3.0139
1791436672.8897,0.0193,6.7367,0.0000,0.0000,0.0000,0.0000,0.0000,0.0000,0.0000,-0.0015,-0.2618,-0.2623,-3.0139,0.0000,0.0000,-3.0139
1791436672.9102,0.0204,2.6582,0.0000,0.0000,0.0000,0.0000,0.0000,0.0000,0.0000,-0.0015,-0.2618,-0.2623,-3.0139,0.0000,0.0000,-3.0139
1791436672.9331,0.0229,1.2349,0.0000,0.0000,0.0000,0.0000,0.0000,0.0000,0.0000,0.0000,-0.2618,-0.2623,-3.0139,0.0000,0.0000,-3.0139
1791436672.9545,0.0214,11.4518,0.0000,0.0000,0.0000,0.0000,0.0000,0.0000,0.0000,-0.0015,-0.2618,-0.2623,-3.0139,0.0000,0.0000,-3.0139
1791436672.9698,0.0153,4.9371,0.0000,0.0000,0.0000,0.0000,0.0000,0.0000,0.0000,-0.0015,-0.2618,-0.2623,-3.0139,0.0000,0.0000,-3.0139
1791436672.9898,0.0200,0.6150,0.0000,0.0000,0.0000,0.0000,0.0000,0.0000,0.0000,-0.0015,-0.2618,-0.2623,-3.0139,0.0000,0.0000,-3.0139
1791436673.0100,0.0202,4.8770,0.0000,0.0000,0.0000,0.0000,0.0000,0.0000,0.0000,-0.0015,-0.2618,-0.2623,-3.0139,0.0000,0.0000,-3.0139
1791436673.0298,0.0198,9.1029,0.0000,0.0000,0.0000,0.0000,0.0000,0.0000,0.0000,-0.0015,-0.2618,-0.2623,-3.0139,0.0000,0.0000,-3.0139
1791436673.0527,0.0229,0.6474,0.0000,0.0000,0.0000,0.0000,0.0000,0.0000,0.0000,-0.0015,-0.2618,-0.2623,-3.0139,0.0000,0.0000,-3.0139
1791436673.0697,0.0170,1.3032,0.0000,0.0000,0.0000,0.0000,0.0000,0.0000,0.0000,-0.0015,-0.2618,-0.2623,-3.0138,0.0000,0.0000,-3.0138
1791436673.0897,0.0200,1.8268,0.0000,0.0000,0.0000,0.0000,0.0000,0.0000,0.0000,-0.0015,-0.2618,-0.2623,-3.0137,0.0000,0.0000,-3.0137
1791436673.1124,0.0227,1.0542,0.0000,0.0000,0.0000,0.0000,0.0000,0.0000,0.0000,-0.0015,-0.2618,-0.2623,-3.0137,0.0000,0.0000,-3.0137
1791436673.1314,0.0190,1.2124,0.0000,0.0000,0.0000,0.0000,0.0000,0.0000,0.0000,-0.0015,-0.2618,-0.2623,-3.0137,0.0000,0.0000,-3.0137
1791436673.1525,0.0211,0.8136,0.0000,0.0000,0.0000,0.0000,0.0000,0.0000,0.0000,-0.0015,-0.2618,-0.2623,-3.0138,0.0000,0.0000,-3.0138
1791436673.1705,0.0179,1.1846,0.0000,0.0000,0.0000,0.0000,0.0000,0.0000,0.0000,-0.0015,-0.2618,-0.2623,-3.0138,0.0000,0.0000,-3.0138
1791436673.1897,0.0192,0.5500,0.0000,0.0000,0.0000,0.0000,0.0000,0.0000,0.0000,0.0000,-0.2618,-0.2623,-3.0138,0.0000,0.0000,-3.0138
1791436673.2097,0.0200,0.6178,0.0000,0.0000,0.0000,0.0000,0.0000,0.0000,0.0000,-0.0015,-0.2618,-0.2623,-3.0138,0.0000,0.0000,-3.0138
1791436673.2314,0.0217,0.6150,0.0000,0.0000,0.0000,0.0000,0.0000,0.0000,0.0000,-0.0015,-0.2618,-0.2623,-3.0138,0.0000,0.0000,-3.0138
1791436673.2509,0.0195,0.5852,0.0000,0.0000,0.0000,0.0000,0.0000,0.0000,0.0000,-0.0015,-0.2618,-0.2623,-3.0138,0.0000,0.0000,-3.0138
1791436673.2698,0.0190,4.0677,0.0000,0.0000,0.0000,0.0000,0.0000,0.0000,0.0000,-0.0015,-0.2618,-0.2623,-3.0138,0.0000,0.0000,-3.0138
1791436673.2914,0.0216,1.5641,0.0000,0.0000,0.0000,0.0000,0.0000,0.0000,0.0000,-0.0015,-0.2618,-0.2623,-3.0137,0.0000,0.0000,-3.0137
1791436673.3097,0.0183,6.2447,0.0000,0.0000,0.0000,0.0000,0.0000,0.0000,0.0000,-0.0015,-0.2618,-0.2623,-3.0138,0.0000,0.0000,-3.0138
1791436673.3300,0.0203,1.6697,0.0000,0.0000,0.0000,0.0000,0.0000,0.0000,0.0000,-0.0015,-0.2618,-0.2623,-3.0137,0.0000,0.0000,-3.0137
1791436673.3512,0.0212,0.6393,0.0000,0.0000,0.0000,0.0000,0.0000,0.0000,0.0000,-0.0015,-0.2618,-0.2623,-3.0138,0.0000,0.0000,-3.0138
1791436673.3698,0.0186,0.9989,0.0000,0.0000,0.0000,0.0000,0.0000,0.0000,0.0000,-0.0015,-0.2618,-0.2623,-3.0138,0.0000,0.0000,-3.0138
1791436673.3904,0.0206,1.1344,0.0000,0.0000,0.0000,0.0000,0.0000,0.0000,0.0000,-0.0015,-0.2618,-0.2623,-3.0137,0.0000,0.0000,-3.0137
1791436673.4096,0.0192,0.4094,0.0000,0.0000,0.0000,0.0000,0.0000,0.0000,0.0000,-0.0015,-0.2618,-0.2623,-3.0138,0.0000,0.0000,-3.0138
1791436673.4305,0.0208,9.3366,0.0000,0.0000,0.0000,0.0000,0.0000,0.0000,0.0000,-0.0015,-0.2618,-0.2623,-3.0138,0.0000,0.0000,-3.0138
1791436673.4526,0.0221,4.1676,0.0000,0.0000,0.0000,0.0000,0.0000,0.0000,0.0000,0.0000,-0.2618,-0.2623,-3.0138,0.0000,0.0000,-3.0138
1791436673.4709,0.0183,2.9031,0.0000,0.0000,0.0000,0.0000,0.0000,0.0000,0.0000,-0.0015,-0.2618,-0.2623,-3.0138,0.0000,0.0000,-3.0138
1791436673.4899,0.0190,8.9782,0.0000,0.0000,0.0000,0.0000,0.0000,0.0000,0.0000,-0.0015,-0.2618,-0.2623,-3.0138,0.0000,0.0000,-3.0138
1791436673.5120,0.0221,10.4661,0.0000,0.0000,0.0000,0.0000,0.0000,0.0000,0.0000,-0.0015,-0.2618,-0.2623,-3.0138,0.0000,0.0000,-3.0138
1791436673.5314,0.0195,3.9594,0.0000,0.0000,0.0000,0.0000,0.0000,0.0000,0.0000,0.0000,-0.2618,-0.2623,-3.0138,0.0000,0.0000,-3.0138
1791436673.5517,0.0203,0.4445,0.0000,0.0000,0.0000,0.0000,0.0000,0.0000,0.0000,0.0000,-0.2618,-0.2608,-3.0138,0.0000,0.0000,-3.0138
1791436673.5697,0.0179,0.5057,0.0000,0.0000,0.0000,0.0000,0.0000,0.0000,0.0000,-0.0015,-0.2618,-0.2623,-3.0137,0.0000,0.0000,-3.0137
1791436673.5898,0.0202,0.9234,0.0000,0.0000,0.0000,0.0000,0.0000,0.0000,0.0000,0.0000,-0.2618,-0.2623,-3.0138,0.0000,0.0000,-3.0138
1791436673.6101,0.0202,0.6169,0.0000,0.0000,0.0000,0.0000,0.0000,0.0000,0.0000,-0.0015,-0.2618,-0.2623,-3.0138,0.0000,0.0000,-3.0138
1791436673.6298,0.0197,1.2493,0.0000,0.0000,0.0000,0.0000,0.0000,0.0000,0.0000,-0.0015,-0.2618,-0.2623,-3.0138,0.0000,0.0000,-3.0138
1791436673.6523,0.0225,2.2001,0.0000,0.0000,0.0000,0.0000,0.0000,0.0000,0.0000,-0.0015,-0.2618,-0.2623,-3.0138,0.0000,0.0000,-3.0138
1791436673.6724,0.0201,0.6216,0.0000,0.0000,0.0000,0.0000,0.0000,0.0000,0.0000,-0.0015,-0.2618,-0.2623,-3.0138,0.0000,0.0000,-3.0138
1791436673.6898,0.0174,1.6166,0.0000,0.0000,0.0000,0.0000,0.0000,0.0000,0.0000,-0.0015,-0.2618,-0.2623,-3.0138,0.0000,0.0000,-3.0138
1791436673.7100,0.0202,3.7122,0.0000,0.0000,0.0000,0.0000,0.0000,0.0000,0.0000,-0.0015,-0.2618,-0.2623,-3.0138,0.0000,0.0000,-3.0138
1791436673.7298,0.0198,1.8751,0.0000,0.0000,0.0000,0.0000,0.0000,0.0000,0.0000,-0.0015,-0.2618,-0.2623,-3.0138,0.0000,0.0000,-3.0138
1791436673.7585,0.0287,13.0277,0.0000,0.0000,0.0000,0.0000,0.0000,0.0000,0.0000,-0.0015,-0.2618,-0.2623,-3.0138,0.0000,0.0000,-3.0138
1791436673.7720,0.0135,7.3190,0.0000,0.0000,0.0000,0.0000,0.0000,0.0000,0.0000,-0.0015,-0.2618,-0.2623,-3.0138,0.0000,0.0000,-3.0138
1791436673.7897,0.0177,9.0756,0.0000,0.0000,0.0000,0.0000,0.0000,0.0000,0.0000,-0.0015,-0.2618,-0.2623,-3.0138,0.0000,0.0000,-3.0138
1791436673.8106,0.0209,12.4024,0.0000,0.0000,0.0000,0.0000,0.0000,0.0000,0.0000,-0.0015,-0.2618,-0.2623,-3.0138,0.0000,0.0000,-3.0138
1791436673.8298,0.0193,3.9454,0.0000,0.0000,0.0000,0.0000,0.0000,0.0000,0.0000,-0.0015,-0.2618,-0.2623,-3.0138,0.0000,0.0000,-3.0138
1791436673.8508,0.0209,1.5144,0.0000,0.0000,0.0000,0.0000,0.0000,0.0000,0.0000,-0.0015,-0.2618,-0.2623,-3.0138,0.0000,0.0000,-3.0138
1791436673.8699,0.0192,0.6963,0.0000,0.0000,0.0000,0.0000,0.0000,0.0000,0.0000,0.0000,-0.2618,-0.2623,-3.0138,0.0000,0.0000,-3.0138
1791436673.8905,0.0205,0.5920,0.0000,0.0000,0.0000,0.0000,0.0000,0.0000,0.0000,0.0000,-0.2618,-0.2623,-3.0138,0.0000,0.0000,-3.0138
1791436673.9104,0.0199,1.0047,0.0000,0.0000,0.0000,0.0000,0.0000,0.0000,0.0000,-0.0015,-0.2618,-0.2623,-3.0138,0.0000,0.0000,-3.0138
1791436673.9299,0.0195,2.1574,0.0000,0.0000,0.0000,0.0000,0.0000,0.0000,0.0000,-0.0015,-0.2618,-0.2623,-3.0138,0.0000,0.0000,-3.0138
1791436673.9556,0.0257,0.3709,0.0000,0.0000,0.0000,0.0000,0.0000,0.0000,0.0000,-0.0015,-0.2618,-0.2623,-3.0138,0.0000,0.0000,-3.0138
1791436673.9728,0.0172,1.2122,0.0000,0.0000,0.0000,0.0000,0.0000,0.0000,0.0000,-0.0015,-0.2618,-0.2623,-3.0138,0.0000,0.0000,-3.0138
1791436673.9904,0.0176,0.6115,0.0000,0.0000,0.0000,0.0000,0.0000,0.0000,0.0000,-0.0015,-0.2618,-0.2623,-3.0138,0.0000,0.0000,-3.0138
1791436674.0097,0.0193,0.5782,0.0000,0.0000,0.0000,0.0000,0.0000,0.0000,0.0000,-0.0015,-0.2618,-0.2623,-3.0138,0.0000,0.0000,-3.0138
1791436674.0298,0.0201,0.8792,0.0000,0.0000,0.0000,0.0000,0.0000,0.0000,0.0000,-0.0015,-0.2618,-0.2623,-3.0138,0.0000,0.0000,-3.0138
1791436674.0501,0.0203,0.4947,0.0000,0.0000,0.0000,0.0000,0.0000,0.0000,0.0000,-0.0015,-0.2618,-0.2623,-3.0138,0.0000,0.0000,-3.0138
1791436674.0698,0.0197,1.2372,0.0000,0.0000,0.0000,0.0000,0.0000,0.0000,0.0000,-0.0015,-0.2618,-0.2623,-3.0138,0.0000,0.0000,-3.0138
1791436674.0900,0.0202,0.8650,0.0000,0.0000,0.0000,0.0000,0.0000,0.0000,0.0000,-0.0015,-0.2618,-0.2623,-3.0138,0.0000,0.0000,-3.0138
1791436674.1145,0.0245,1.5796,0.0000,0.0000,0.0000,0.0000,0.0000,0.0000,0.0000,-0.0015,-0.2618,-0.2623,-3.0138,0.0000,0.0000,-3.0138
1791436674.1345,0.0200,0.5892,0.0000,0.0000,0.0000,0.0000,0.0000,0.0000,0.0000,-0.0015,-0.2618,-0.2623,-3.0138,0.0000,0.0000,-3.0138
1791436674.1501,0.0157,2.3850,0.0000,0.0000,0.0000,0.0000,0.0000,0.0000,0.0000,-0.0015,-0.2618,-0.2623,-3.0138,0.0000,0.0000,-3.0138
1791436674.1697,0.0196,1.0270,0.0000,0.0000,0.0000,0.0000,0.0000,0.0000,0.0000,-0.0015,-0.2618,-0.2623,-3.0138,0.0000,0.0000,-3.0138
1791436674.1904,0.0207,2.5401,0.0000,0.0000,0.0000,0.0000,0.0000,0.0000,0.0000,-0.0015,-0.2618,-0.2623,-3.0138,0.0000,0.0000,-3.0138
1791436674.2097,0.0192,0.5861,0.0000,0.0000,0.0000,0.0000,0.0000,0.0000,0.0000,-0.0015,-0.2618,-0.2623,-3.0138,0.0000,0.0000,-3.0138
1791436674.2304,0.0207,0.6544,0.0000,0.0000,0.0000,0.0000,0.0000,0.0000,0.0000,0.0000,-0.2618,-0.2623,-3.0138,0.0000,0.0000,-3.0138
1791436674.2508,0.0204,0.9302,0.0000,0.0000,0.0000,0.0000,0.0000,0.0000,0.0000,0.0000,-0.2618,-0.2623,-3.0138,0.0000,0.0000,-3.0138
1791436674.2707,0.0199,0.9562,0.0000,0.0000,0.0000,0.0000,0.0000,0.0000,0.0000,-0.0015,-0.2618,-0.2623,-3.0138,0.0000,0.0000,-3.0138
1791436674.2906,0.0198,0.9205,0.0000,0.0000,0.0000,0.0000,0.0000,0.0000,0.0000,-0.0015,-0.2618,-0.2623,-3.0138,0.0000,0.0000,-3.0138
1791436674.3097,0.0192,0.9327,0.0000,0.0000,0.0000,0.0000,0.0000,0.0000,0.0000,-0.0015,-0.2618,-0.2623,-3.0139,0.0000,0.0000,-3.0139
1791436674.3297,0.0199,0.6298,0.0000,0.0000,0.0000,0.0000,0.0000,0.0000,0.0000,-0.0015,-0.2618,-0.2623,-3.0139,0.0000,0.0000,-3.0139
1791436674.3503,0.0206,0.3856,0.0000,0.0000,0.0000,0.0000,0.0000,0.0000,0.0000,-0.0015,-0.2618,-0.2623,-3.0138,0.0000,0.0000,-3.0138
1791436674.3698,0.0195,11.0082,0.0000,0.0000,0.0000,0.0000,0.0000,0.0000,0.0000,-0.0015,-0.2618,-0.2623,-3.0138,0.0000,0.0000,-3.0138
1791436674.3899,0.0201,9.3008,0.0000,0.0000,0.0000,0.0000,0.0000,0.0000,0.0000,-0.0015,-0.2618,-0.2623,-3.0138,0.0000,0.0000,-3.0138
1791436674.4097,0.0198,7.7012,0.0000,0.0000,0.0000,0.0000,0.0000,0.0000,0.0000,-0.0015,-0.2618,-0.2623,-3.0139,0.0000,0.0000,-3.0139
1791436674.4297,0.0200,1.9904,0.0000,0.0000,0.0000,0.0000,0.0000,0.0000,0.0000,-0.0015,-0.2618,-0.2623,-3.0139,0.0000,0.0000,-3.0139
1791436674.4511,0.0214,0.8423,0.0000,0.0000,0.0000,0.0000,0.0000,0.0000,0.0000,-0.0015,-0.2618,-0.2623,-3.0138,0.0000,0.0000,-3.0138
1791436674.4704,0.0192,4.1341,0.0000,0.0000,0.0000,0.0000,0.0000,0.0000,0.0000,-0.0015,-0.2618,-0.2623,-3.0139,0.0000,0.0000,-3.0139
1791436674.4905,0.0201,4.3985,0.0000,0.0000,0.0000,0.0000,0.0000,0.0000,0.0000,-0.0015,-0.2618,-0.2623,-3.0138,0.0000,0.0000,-3.0138
1791436674.5099,0.0193,3.0039,0.0000,0.0000,0.0000,0.0000,0.0000,0.0000,0.0000,-0.0015,-0.2618,-0.2623,-3.0138,0.0000,0.0000,-3.0138
1791436674.5323,0.0225,0.5812,0.0000,0.0000,0.0000,0.0000,0.0000,0.0000,0.0000,-0.0015,-0.2618,-0.2623,-3.0139,0.0000,0.0000,-3.0139
1791436674.5515,0.0191,11.1518,0.0000,0.0000,0.0000,0.0000,0.0000,0.0000,0.0000,-0.0015,-0.2618,-0.2623,-3.0139,0.0000,0.0000,-3.0139
1791436674.5698,0.0183,14.0757,0.0000,0.0000,0.0000,0.0000,0.0000,0.0000,0.0000,-0.0015,-0.2618,-0.2623,-3.0139,0.0000,0.0000,-3.0139
1791436674.5917,0.0219,13.8700,0.0000,0.0000,0.0000,0.0000,0.0000,0.0000,0.0000,0.0000,-0.2618,-0.2623,-3.0139,0.0000,0.0000,-3.0139
1791436674.6099,0.0181,16.8809,0.0000,0.0000,0.0000,0.0000,0.0000,0.0000,0.0000,0.0000,-0.2618,-0.2623,-3.0139,0.0000,0.0000,-3.0139
1791436674.6315,0.0216,16.2600,0.0000,0.0000,0.0000,0.0000,0.0000,0.0000,0.0000,-0.0015,-0.2618,-0.2623,-3.0139,0.0000,0.0000,-3.0139
1791436674.6569,0.0254,11.7417,0.0000,0.0000,0.0000,0.0000,0.0000,0.0000,0.0000,0.0000,-0.2618,-0.2623,-3.0139,0.0000,0.0000,-3.0139
1791436674.6697,0.0127,0.6518,0.0000,0.0000,0.0000,0.0000,0.0000,0.0000,0.0000,-0.0015,-0.2618,-0.2623,-3.0138,0.0000,0.0000,-3.0138
1791436674.6905,0.0208,1.1143,0.0000,0.0000,0.0000,0.0000,0.0000,0.0000,0.0000,-0.0015,-0.2618,-0.2623,-3.0138,0.0000,0.0000,-3.0138
1791436674.7097,0.0192,1.1342,0.0000,0.0000,0.0000,0.0000,0.0000,0.0000,0.0000,0.0000,-0.2618,-0.2623,-3.0139,0.0000,0.0000,-3.0139
1791436674.7298,0.0201,0.7338,0.0000,0.0000,0.0000,0.0000,0.0000,0.0000,0.0000,-0.0015,-0.2618,-0.2623,-3.0139,0.0000,0.0000,-3.0139
1791436674.7580,0.0282,9.0013,0.0000,0.0000,0.0000,0.0000,0.0000,0.0000,0.0000,0.0000,-0.2618,-0.2623,-3.0139,0.0000,0.0000,-3.0139
1791436674.7697,0.0117,4.6054,0.0000,0.0000,0.0000,0.0000,0.0000,0.0000,0.0000,-0.0015,-0.2618,-0.2623,-3.0139,0.0000,0.0000,-3.0139
1791436674.7899,0.0202,0.8943,0.0000,0.0000,0.0000,0.0000,0.0000,0.0000,0.0000,-0.0015,-0.2618,-0.2623,-3.0139,0.0000,0.0000,-3.0139
1791436674.8106,0.0207,11.4071,0.0000,0.0000,0.0000,0.0000,0.0000,0.0000,0.0000,-0.0015,-0.2618,-0.2623,-3.0139,0.0000,0.0000,-3.0139
1791436674.8300,0.0194,16.7522,0.0000,0.0000,0.0000,0.0000,0.0000,0.0000,0.0000,-0.0015,-0.2618,-0.2623,-3.0139,0.0000,0.0000,-3.0139
1791436674.8512,0.0212,10.7494,0.0000,0.0000,0.0000,0.0000,0.0000,0.0000,0.0000,-0.0015,-0.2618,-0.2623,-3.0139,0.0000,0.0000,-3.0139
1791436674.8699,0.0187,7.3681,0.0000,0.0000,0.0000,0.0000,0.0000,0.0000,0.0000,-0.0015,-0.2618,-0.2623,-3.0139,0.0000,0.0000,-3.0139
1791436674.8898,0.0199,7.7297,0.0000,0.0000,0.0000,0.0000,0.0000,0.0000,0.0000,-0.0015,-0.2618,-0.2623,-3.0139,0.0000,0.0000,-3.0139
1791436674.9114,0.0216,0.6468,0.0000,0.0000,0.0000,0.0000,0.0000,0.0000,0.0000,-0.0015,-0.2618,-0.2623,-3.0139,0.0000,0.0000,-3.0139
1791436674.9298,0.0184,0.9748,0.0000,0.0000,0.0000,0.0000,0.0000,0.0000,0.0000,-0.0015,-0.2618,-0.2623,-3.0139,0.0000,0.0000,-3.0139
1791436674.9516,0.0219,1.7172,0.0000,0.0000,0.0000,0.0000,0.0000,0.0000,0.0000,0.0000,-0.2618,-0.2623,-3.0139,0.0000,0.0000,-3.0139
1791436674.9703,0.0187,0.9555,0.0000,0.0000,0.0000,0.0000,0.0000,0.0000,0.0000,-0.0015,-0.2618,-0.2623,-3.0139,0.0000,0.0000,-3.0139
1791436674.9899,0.0196,1.1897,0.0000,0.0000,0.0000,0.0000,0.0000,0.0000,0.0000,0.0000,-0.2618,-0.2623,-3.0139,0.0000,0.0000,-3.0139
1791436675.0111,0.0212,2.1426,0.0000,0.0000,0.0000,0.0000,0.0000,0.0000,0.0000,0.0000,-0.2618,-0.2623,-3.0139,0.0000,0.0000,-3.0139
1791436675.0299,0.0188,3.0903,0.0000,0.0000,0.0000,0.0000,0.0000,0.0000,0.0000,0.0000,-0.2618,-0.2623,-3.0139,0.0000,0.0000,-3.0139
1791436675.0501,0.0202,0.8556,0.0000,0.0000,0.0000,0.0000,0.0000,0.0000,0.0000,-0.0015,-0.2618,-0.2623,-3.0139,0.0000,0.0000,-3.0139
1791436675.0705,0.0205,0.5727,0.0000,0.0000,0.0000,0.0000,0.0000,0.0000,0.0000,0.0000,-0.2618,-0.2623,-3.0140,0.0000,0.0000,-3.0140
1791436675.0901,0.0196,2.9787,0.0000,0.0000,0.0000,0.0000,0.0000,0.0000,0.0000,-0.0015,-0.2618,-0.2623,-3.0139,0.0000,0.0000,-3.0139
1791436675.1099,0.0198,1.3683,0.0000,0.0000,0.0000,0.0000,0.0000,0.0000,0.0000,-0.0015,-0.2618,-0.2623,-3.0139,0.0000,0.0000,-3.0139
1791436675.1298,0.0199,1.4259,0.0000,0.0000,0.0000,0.0000,0.0000,0.0000,0.0000,-0.0015,-0.2618,-0.2623,-3.0139,0.0000,0.0000,-3.0139
1791436675.1588,0.0291,5.6549,0.0000,0.0000,0.0000,0.0000,0.0000,0.0000,0.0000,-0.0015,-0.2618,-0.2623,-3.0139,0.0000,0.0000,-3.0139
1791436675.1714,0.0126,1.6388,0.0000,0.0000,0.0000,0.0000,0.0000,0.0000,0.0000,-0.0015,-0.2618,-0.2623,-3.0138,0.0000,0.0000,-3.0138
1791436675.1898,0.0184,2.9194,0.0000,0.0000,0.0000,0.0000,0.0000,0.0000,0.0000,-0.0015,-0.2618,-0.2623,-3.0138,0.0000,0.0000,-3.0138
1791436675.2097,0.0199,7.7378,0.0000,0.0000,0.0000,0.0000,0.0000,0.0000,0.0000,-0.0015,-0.2618,-0.2623,-3.0139,0.0000,0.0000,-3.0139
1791436675.2314,0.0217,1.1478,0.0000,0.0000,0.0000,0.0000,0.0000,0.0000,0.0000,-0.0015,-0.2618,-0.2623,-3.0139,0.0000,0.0000,-3.0139
1791436675.2537,0.0223,0.3637,0.0000,0.0000,0.0000,0.0000,0.0000,0.0000,0.0000,-0.0015,-0.2618,-0.2623,-3.0139,0.0000,0.0000,-3.0139
1791436675.2698,0.0161,2.0933,0.0000,0.0000,0.0000,0.0000,0.0000,0.0000,0.0000,-0.0015,-0.2618,-0.2623,-3.0139,0.0000,0.0000,-3.0139
1791436675.2902,0.0204,1.9242,0.0000,0.0000,0.0000,0.0000,0.0000,0.0000,0.0000,0.0000,-0.2618,-0.2623,-3.0139,0.0000,0.0000,-3.0139
1791436675.3100,0.0198,3.1227,0.0000,0.0000,0.0000,0.0000,0.0000,0.0000,0.0000,-0.0015,-0.2618,-0.2623,-3.0139,0.0000,0.0000,-3.0139
1791436675.3319,0.0219,1.5143,0.0000,0.0000,0.0000,0.0000,0.0000,0.0000,0.0000,-0.0015,-0.2618,-0.2623,-3.0139,0.0000,0.0000,-3.0139
1791436675.3509,0.0190,2.0395,0.0000,0.0000,0.0000,0.0000,0.0000,0.0000,0.0000,-0.0015,-0.2618,-0.2623,-3.0138,0.0000,0.0000,-3.0138
1791436675.3698,0.0189,2.1724,0.0000,0.0000,0.0000,0.0000,0.0000,0.0000,0.0000,-0.0015,-0.2618,-0.2623,-3.0139,0.0000,0.0000,-3.0139
1791436675.3904,0.0206,7.2200,0.0000,0.0000,0.0000,0.0000,0.0000,0.0000,0.0000,-0.0015,-0.2618,-0.2623,-3.0139,0.0000,0.0000,-3.0139
1791436675.4096,0.0192,3.1192,0.0000,0.0000,0.0000,0.0000,0.0000,0.0000,0.0000,-0.0015,-0.2618,-0.2623,-3.0139,0.0000,0.0000,-3.0139
1791436675.4304,0.0208,2.3812,0.0000,0.0000,0.0000,0.0000,0.0000,0.0000,0.0000,-0.0015,-0.2618,-0.2623,-3.0139,0.0000,0.0000,-3.0139
1791436675.4516,0.0212,1.3660,0.0000,0.0000,0.0000,0.0000,0.0000,0.0000,0.0000,0.0000,-0.2618,-0.2623,-3.0139,0.0000,0.0000,-3.0139
1791436675.4702,0.0186,1.9191,0.0000,0.0000,0.0000,0.0000,0.0000,0.0000,0.0000,0.0000,-0.2618,-0.2623,-3.0139,0.0000,0.0000,-3.0139
1791436675.4899,0.0197,1.6546,0.0000,0.0000,0.0000,0.0000,0.0000,0.0000,0.0000,0.0000,-0.2618,-0.2623,-3.0139,0.0000,0.0000,-3.0139
1791436675.5127,0.0228,7.3457,0.0000,0.0000,0.0000,0.0000,0.0000,0.0000,0.0000,-0.0015,-0.2618,-0.2623,-3.0139,0.0000,0.0000,-3.0139
1791436675.5305,0.0178,7.2751,0.0000,0.0000,0.0000,0.0000,0.0000,0.0000,0.0000,-0.0015,-0.2618,-0.2623,-3.0139,0.0000,0.0000,-3.0139
1791436675.5574,0.0269,7.4836,0.0000,0.0000,0.0000,0.0000,0.0000,0.0000,0.0000,0.0000,-0.2618,-0.2623,-3.0139,0.0000,0.0000,-3.0139
1791436675.5704,0.0130,0.5703,0.0000,0.0000,0.0000,0.0000,0.0000,0.0000,0.0000,-0.0015,-0.2618,-0.2623,-3.0139,0.0000,0.0000,-3.0139
1791436675.5897,0.0193,5.6734,0.0000,0.0000,0.0000,0.0000,0.0000,0.0000,0.0000,-0.0015,-0.2618,-0.2623,-3.0139,0.0000,0.0000,-3.0139
1791436675.6095,0.0199,0.6043,0.0000,0.0000,0.0000,0.0000,0.0000,0.0000,0.0000,-0.0015,-0.2618,-0.2623,-3.0139,0.0000,0.0000,-3.0139
1791436675.6299,0.0203,0.5567,0.0000,0.0000,0.0000,0.0000,0.0000,0.0000,0.0000,-0.0015,-0.2618,-0.2623,-3.0139,0.0000,0.0000,-3.0139
1791436675.6518,0.0219,0.7356,0.0000,0.0000,0.0000,0.0000,0.0000,0.0000,0.0000,0.0000,-0.2618,-0.2623,-3.0139,0.0000,0.0000,-3.0139
1791436675.6714,0.0196,0.4711,0.0000,0.0000,0.0000,0.0000,0.0000,0.0000,0.0000,-0.0015,-0.2618,-0.2623,-3.0139,0.0000,0.0000,-3.0139
1791436675.6899,0.0185,1.6338,0.0000,0.0000,0.0000,0.0000,0.0000,0.0000,0.0000,0.0000,-0.2618,-0.2623,-3.0139,0.0000,0.0000,-3.0139
1791436675.7098,0.0199,0.9914,0.0000,0.0000,0.0000,0.0000,0.0000,0.0000,0.0000,-0.0015,-0.2618,-0.2623,-3.0139,0.0000,0.0000,-3.0139
1791436675.7305,0.0207,8.3731,0.0000,0.0000,0.0000,0.0000,0.0000,0.0000,0.0000,-0.0015,-0.2618,-0.2623,-3.0139,0.0000,0.0000,-3.0139
1791436675.7559,0.0254,7.6192,0.0000,0.0000,0.0000,0.0000,0.0000,0.0000,0.0000,-0.0015,-0.2618,-0.2623,-3.0139,0.0000,0.0000,-3.0139
1791436675.7703,0.0144,7.0578,0.0000,0.0000,0.0000,0.0000,0.0000,0.0000,0.0000,-0.0015,-0.2618,-0.2623,-3.0140,0.0000,0.0000,-3.0140
1791436675.7910,0.0207,11.8146,0.0000,0.0000,0.0000,0.0000,0.0000,0.0000,0.0000,0.0000,-0.2618,-0.2623,-3.0139,0.0000,0.0000,-3.0139
1791436675.8100,0.0190,1.4926,0.0000,0.0000,0.0000,0.0000,0.0000,0.0000,0.0000,-0.0015,-0.2618,-0.2623,-3.0139,0.0000,0.0000,-3.0139
1791436675.8305,0.0206,1.0512,0.0000,0.0000,0.0000,0.0000,0.0000,0.0000,0.0000,-0.0015,-0.2618,-0.2623,-3.0139,0.0000,0.0000,-3.0139
1791436675.8508,0.0202,2.9616,0.0000,0.0000,0.0000,0.0000,0.0000,0.0000,0.0000,-0.0015,-0.2618,-0.2623,-3.0139,0.0000,0.0000,-3.0139
1791436675.8697,0.0190,1.0843,0.0000,0.0000,0.0000,0.0000,0.0000,0.0000,0.0000,-0.0015,-0.2618,-0.2623,-3.0139,0.0000,0.0000,-3.0139
1791436675.8900,0.0203,9.1214,0.0000,0.0000,0.0000,0.0000,0.0000,0.0000,0.0000,-0.0015,-0.2618,-0.2623,-3.0140,0.0000,0.0000,-3.0140
1791436675.9097,0.0197,1.9186,0.0000,0.0000,0.0000,0.0000,0.0000,0.0000,0.0000,-0.0015,-0.2618,-0.2623,-3.0139,0.0000,0.0000,-3.0139
1791436675.9301,0.0204,0.8019,0.0000,0.0000,0.0000,0.0000,0.0000,0.0000,0.0000,0.0000,-0.2618,-0.2623,-3.0139,0.0000,0.0000,-3.0139
1791436675.9513,0.0212,1.5991,0.0000,0.0000,0.0000,0.0000,0.0000,0.0000,0.0000,-0.0015,-0.2618,-0.2623,-3.0140,0.0000,0.0000,-3.0140
1791436675.9704,0.0191,0.9001,0.0000,0.0000,0.0000,0.0000,0.0000,0.0000,0.0000,-0.0015,-0.2618,-0.2623,-3.0139,0.0000,0.0000,-3.0139
1791436675.9897,0.0194,3.5336,0.0000,0.0000,0.0000,0.0000,0.0000,0.0000,0.0000,-0.0015,-0.2618,-0.2623,-3.0139,0.0000,0.0000,-3.0139
1791436676.0096,0.0199,8.0367,0.0000,0.0000,0.0000,0.0000,0.0000,0.0000,0.0000,-0.0015,-0.2618,-0.2623,-3.0139,0.0000,0.0000,-3.0139
1791436676.0314,0.0217,1.1495,0.0000,0.0000,0.0000,0.0000,0.0000,0.0000,0.0000,0.0000,-0.2618,-0.2623,-3.0139,0.0000,0.0000,-3.0139
1791436676.0508,0.0194,0.8844,0.0000,0.0000,0.0000,0.0000,0.0000,0.0000,0.0000,-0.0015,-0.2618,-0.2623,-3.0140,0.0000,0.0000,-3.0140
1791436676.0703,0.0196,1.2436,0.0000,0.0000,0.0000,0.0000,0.0000,0.0000,0.0000,0.0000,-0.2618,-0.2623,-3.0140,0.0000,0.0000,-3.0140
1791436676.0897,0.0193,0.5465,0.0000,0.0000,0.0000,0.0000,0.0000,0.0000,0.0000,-0.0015,-0.2618,-0.2623,-3.0139,0.0000,0.0000,-3.0139
1791436676.1099,0.0202,0.9431,0.0000,0.0000,0.0000,0.0000,0.0000,0.0000,0.0000,-0.0015,-0.2618,-0.2623,-3.0139,0.0000,0.0000,-3.0139
1791436676.1316,0.0217,1.9616,0.0000,0.0000,0.0000,0.0000,0.0000,0.0000,0.0000,-0.0015,-0.2618,-0.2623,-3.0140,0.0000,0.0000,-3.0140
1791436676.1508,0.0192,0.4887,0.0000,0.0000,0.0000,0.0000,0.0000,0.0000,0.0000,0.0000,-0.2618,-0.2623,-3.0140,0.0000,0.0000,-3.0140
1791436676.1700,0.0192,1.4803,0.0000,0.0000,0.0000,0.0000,0.0000,0.0000,0.0000,0.0000,-0.2618,-0.2623,-3.0139,0.0000,0.0000,-3.0139
1791436676.1897,0.0198,0.5373,0.0000,0.0000,0.0000,0.0000,0.0000,0.0000,0.0000,0.0000,-0.2618,-0.2623,-3.0140,0.0000,0.0000,-3.0140
1791436676.2097,0.0200,1.1349,0.0000,0.0000,0.0000,0.0000,0.0000,0.0000,0.0000,-0.0015,-0.2618,-0.2623,-3.0139,0.0000,0.0000,-3.0139
1791436676.2305,0.0208,3.0221,0.0000,0.0000,0.0000,0.0000,0.0000,0.0000,0.0000,-0.0015,-0.2618,-0.2623,-3.0139,0.0000,0.0000,-3.0139
1791436676.2509,0.0203,0.4309,0.0000,0.0000,0.0000,0.0000,0.0000,0.0000,0.0000,-0.0015,-0.2618,-0.2623,-3.0139,0.0000,0.0000,-3.0139
1791436676.2700,0.0191,6.6156,0.0000,0.0000,0.0000,0.0000,0.0000,0.0000,0.0000,-0.0015,-0.2618,-0.2623,-3.0140,0.0000,0.0000,-3.0140
1791436676.2916,0.0217,1.5368,0.0000,0.0000,0.0000,0.0000,0.0000,0.0000,0.0000,-0.0015,-0.2618,-0.2623,-3.0140,0.0000,0.0000,-3.0140
1791436676.3100,0.0184,8.8528,0.0000,0.0000,0.0000,0.0000,0.0000,0.0000,0.0000,-0.0015,-0.2618,-0.2623,-3.0139,0.0000,0.0000,-3.0139
1791436676.3297,0.0197,5.0458,0.0000,0.0000,0.0000,0.0000,0.0000,0.0000,0.0000,0.0000,-0.2618,-0.2623,-3.0139,0.0000,0.0000,-3.0139
1791436676.3567,0.0270,11.2945,0.0000,0.0000,0.0000,0.0000,0.0000,0.0000,0.0000,-0.0015,-0.2618,-0.2608,-3.0139,0.0000,0.0000,-3.0139
1791436676.3698,0.0130,9.1341,0.0000,0.0000,0.0000,0.0000,0.0000,0.0000,0.0000,-0.0015,-0.2618,-0.2623,-3.0139,0.0000,0.0000,-3.0139
1791436676.3902,0.0204,1.3617,0.0000,0.0000,0.0000,0.0000,0.0000,0.0000,0.0000,-0.0015,-0.2618,-0.2623,-3.0139,0.0000,0.0000,-3.0139
1791436676.4110,0.0208,1.7178,0.0000,0.0000,0.0000,0.0000,0.0000,0.0000,0.0000,-0.0015,-0.2618,-0.2623,-3.0140,0.0000,0.0000,-3.0140
1791436676.4304,0.0194,9.4919,0.0000,0.0000,0.0000,0.0000,0.0000,0.0000,0.0000,0.0000,-0.2618,-0.2623,-3.0140,0.0000,0.0000,-3.0140
1791436676.4580,0.0276,8.6430,0.0000,0.0000,0.0000,0.0000,0.0000,0.0000,0.0000,0.0000,-0.2618,-0.2623,-3.0140,0.0000,0.0000,-3.0140
1791436676.4707,0.0127,5.0678,0.0000,0.0000,0.0000,0.0000,0.0000,0.0000,0.0000,0.0000,-0.2618,-0.2623,-3.0139,0.0000,0.0000,-3.0139
1791436676.4897,0.0189,9.5711,0.0000,0.0000,0.0000,0.0000,0.0000,0.0000,0.0000,-0.0015,-0.2618,-0.2623,-3.0140,0.0000,0.0000,-3.0140
1791436676.5097,0.0200,7.4912,0.0000,0.0000,0.0000,0.0000,0.0000,0.0000,0.0000,-0.0015,-0.2618,-0.2623,-3.0139,0.0000,0.0000,-3.0139
1791436676.5303,0.0207,0.6876,0.0000,0.0000,0.0000,0.0000,0.0000,0.0000,0.0000,-0.0015,-0.2618,-0.2623,-3.0140,0.0000,0.0000,-3.0140
1791436676.5516,0.0212,0.3745,0.0000,0.0000,0.0000,0.0000,0.0000,0.0000,0.0000,0.0000,-0.2618,-0.2623,-3.0140,0.0000,0.0000,-3.0140
1791436676.5703,0.0188,0.6713,0.0000,0.0000,0.0000,0.0000,0.0000,0.0000,0.0000,-0.0015,-0.2618,-0.2623,-3.0140,0.0000,0.0000,-3.0140
1791436676.5899,0.0195,1.7273,0.0000,0.0000,0.0000,0.0000,0.0000,0.0000,0.0000,0.0000,-0.2618,-0.2623,-3.0140,0.0000,0.0000,-3.0140
1791436676.6099,0.0200,1.5638,0.0000,0.0000,0.0000,0.0000,0.0000,0.0000,0.0000,-0.0015,-0.2618,-0.2623,-3.0139,0.0000,0.0000,-3.0139
1791436676.6304,0.0205,0.9364,0.0000,0.0000,0.0000,0.0000,0.0000,0.0000,0.0000,-0.0015,-0.2618,-0.2623,-3.0139,0.0000,0.0000,-3.0139
1791436676.6530,0.0227,0.6431,0.0000,0.0000,0.0000,0.0000,0.0000,0.0000,0.0000,-0.0015,-0.2618,-0.2623,-3.0140,0.0000,0.0000,-3.0140
1791436676.6708,0.0178,3.7598,0.0000,0.0000,0.0000,0.0000,0.0000,0.0000,0.0000,-0.0015,-0.2618,-0.2623,-3.0140,0.0000,0.0000,-3.0140
1791436676.6904,0.0196,0.6936,0.0000,0.0000,0.0000,0.0000,0.0000,0.0000,0.0000,-0.0015,-0.2618,-0.2623,-3.0139,0.0000,0.0000,-3.0139
1791436676.7099,0.0195,11.4352,0.0000,0.0000,0.0000,0.0000,0.0000,0.0000,0.0000,-0.0015,-0.2618,-0.2623,-3.0140,0.0000,0.0000,-3.0140
1791436676.7297,0.0199,1.6339,0.0000,0.0000,0.0000,0.0000,0.0000,0.0000,0.0000,-0.0015,-0.2618,-0.2623,-3.0140,0.0000,0.0000,-3.0140
1791436676.7549,0.0251,8.4795,0.0000,0.0000,0.0000,0.0000,0.0000,0.0000,0.0000,0.0000,-0.2618,-0.2623,-3.0140,0.0000,0.0000,-3.0140
1791436676.7697,0.0149,2.2310,0.0000,0.0000,0.0000,0.0000,0.0000,0.0000,0.0000,0.0000,-0.2618,-0.2623,-3.0140,0.0000,0.0000,-3.0140
1791436676.7913,0.0216,1.0999,0.0000,0.0000,0.0000,0.0000,0.0000,0.0000,0.0000,-0.0015,-0.2618,-0.2623,-3.0140,0.0000,0.0000,-3.0140
1791436676.8098,0.0185,1.0937,0.0000,0.0000,0.0000,0.0000,0.0000,0.0000,0.0000,0.0000,-0.2618,-0.2623,-3.0140,0.0000,0.0000,-3.0140
1791436676.8299,0.0200,1.2782,0.0000,0.0000,0.0000,0.0000,0.0000,0.0000,0.0000,0.0000,-0.2618,-0.2623,-3.0140,0.0000,0.0000,-3.0140
1791436676.8563,0.0264,4.7440,0.0000,0.0000,0.0000,0.0000,0.0000,0.0000,0.0000,-0.0015,-0.2618,-0.2623,-3.0139,0.0000,0.0000,-3.0139
1791436676.8727,0.0164,4.3770,0.0000,0.0000,0.0000,0.0000,0.0000,0.0000,0.0000,0.0000,-0.2618,-0.2623,-3.0140,0.0000,0.0000,-3.0140
1791436676.8904,0.0176,7.3529,0.0000,0.0000,0.0000,0.0000,0.0000,0.0000,0.0000,-0.0015,-0.2618,-0.2623,-3.0140,0.0000,0.0000,-3.0140
1791436676.9099,0.0195,7.3326,0.0000,0.0000,0.0000,0.0000,0.0000,0.0000,0.0000,-0.0015,-0.2618,-0.2623,-3.0140,0.0000,0.0000,-3.0140
1791436676.9306,0.0208,2.0945,0.0000,0.0000,0.0000,0.0000,0.0000,0.0000,0.0000,-0.0015,-0.2618,-0.2623,-3.0140,0.0000,0.0000,-3.0140
1791436676.9506,0.0200,0.5464,0.0000,0.0000,0.0000,0.0000,0.0000,0.0000,0.0000,0.0000,-0.2618,-0.2623,-3.0140,0.0000,0.0000,-3.0140
1791436676.9698,0.0192,2.0021,0.0000,0.0000,0.0000,0.0000,0.0000,0.0000,0.0000,-0.0015,-0.2618,-0.2623,-3.0140,0.0000,0.0000,-3.0140
1791436676.9897,0.0198,2.4381,0.0000,0.0000,0.0000,0.0000,0.0000,0.0000,0.0000,-0.0015,-0.2618,-0.2623,-3.0140,0.0000,0.0000,-3.0140
1791436677.0099,0.0202,2.5284,0.0000,0.0000,0.0000,0.0000,0.0000,0.0000,0.0000,-0.0015,-0.2618,-0.2623,-3.0140,0.0000,0.0000,-3.0140
1791436677.0298,0.0199,13.2634,0.0000,0.0000,0.0000,0.0000,0.0000,0.0000,0.0000,0.0000,-0.2618,-0.2623,-3.0140,0.0000,0.0000,-3.0140
1791436677.0540,0.0242,3.5895,0.0000,0.0000,0.0000,0.0000,0.0000,0.0000,0.0000,-0.0015,-0.2618,-0.2623,-3.0140,0.0000,0.0000,-3.0140
1791436677.0698,0.0158,2.2488,0.0000,0.0000,0.0000,0.0000,0.0000,0.0000,0.0000,-0.0015,-0.2618,-0.2623,-3.0139,0.0000,0.0000,-3.0139
1791436677.0897,0.0199,1.6554,0.0000,0.0000,0.0000,0.0000,0.0000,0.0000,0.0000,-0.0015,-0.2618,-0.2608,-3.0140,0.0000,0.0000,-3.0140
1791436677.1114,0.0217,3.2855,0.0000,0.0000,0.0000,0.0000,0.0000,0.0000,0.0000,-0.0015,-0.2618,-0.2623,-3.0140,0.0000,0.0000,-3.0140
1791436677.1299,0.0185,2.8130,0.0000,0.0000,0.0000,0.0000,0.0000,0.0000,0.0000,-0.0015,-0.2618,-0.2623,-3.0140,0.0000,0.0000,-3.0140
1791436677.1533,0.0234,0.3206,0.0000,0.0000,0.0000,0.0000,0.0000,0.0000,0.0000,-0.0015,-0.2618,-0.2623,-3.0140,0.0000,0.0000,-3.0140
1791436677.1704,0.0170,0.4667,0.0000,0.0000,0.0000,0.0000,0.0000,0.0000,0.0000,-0.0015,-0.2618,-0.2623,-3.0140,0.0000,0.0000,-3.0140
1791436677.1899,0.0195,3.2026,0.0000,0.0000,0.0000,0.0000,0.0000,0.0000,0.0000,-0.0015,-0.2618,-0.2623,-3.0140,0.0000,0.0000,-3.0140
1791436677.2105,0.0206,1.3581,0.0000,0.0000,0.0000,0.0000,0.0000,0.0000,0.0000,-0.0015,-0.2618,-0.2623,-3.0140,0.0000,0.0000,-3.0140
1791436677.2305,0.0200,0.6860,0.0000,0.0000,0.0000,0.0000,0.0000,0.0000,0.0000,-0.0015,-0.2618,-0.2623,-3.0139,0.0000,0.0000,-3.0139
1791436677.2526,0.0221,0.3775,0.0000,0.0000,0.0000,0.0000,0.0000,0.0000,0.0000,-0.0015,-0.2618,-0.2623,-3.0140,0.0000,0.0000,-3.0140
1791436677.2700,0.0174,6.7147,0.0000,0.0000,0.0000,0.0000,0.0000,0.0000,0.0000,-0.0015,-0.2618,-0.2623,-3.0140,0.0000,0.0000,-3.0140
1791436677.2902,0.0202,4.1554,0.0000,0.0000,0.0000,0.0000,0.0000,0.0000,0.0000,0.0000,-0.2618,-0.2623,-3.0140,0.0000,0.0000,-3.0140
1791436677.3097,0.0195,2.9560,0.0000,0.0000,0.0000,0.0000,0.0000,0.0000,0.0000,0.0000,-0.2618,-0.2623,-3.0140,0.0000,0.0000,-3.0140
1791436677.3297,0.0200,7.8895,0.0000,0.0000,0.0000,0.0000,0.0000,0.0000,0.0000,-0.0015,-0.2618,-0.2623,-3.0140,0.0000,0.0000,-3.0140
1791436677.3577,0.0280,11.5252,0.0000,0.0000,0.0000,0.0000,0.0000,0.0000,0.0000,0.0000,-0.2618,-0.2623,-3.0140,0.0000,0.0000,-3.0140
1791436677.3696,0.0119,15.5129,0.0000,0.0000,0.0000,0.0000,0.0000,0.0000,0.0000,0.0000,-0.2618,-0.2623,-3.0141,0.0000,0.0000,-3.0141
1791436677.3919,0.0223,7.4870,0.0000,0.0000,0.0000,0.0000,0.0000,0.0000,0.0000,0.0000,-0.2618,-0.2623,-3.0140,0.0000,0.0000,-3.0140
1791436677.4106,0.0187,2.8619,0.0000,0.0000,0.0000,0.0000,0.0000,0.0000,0.0000,-0.0015,-0.2618,-0.2623,-3.0140,0.0000,0.0000,-3.0140
1791436677.4297,0.0191,4.8905,0.0000,0.0000,0.0000,0.0000,0.0000,0.0000,0.0000,-0.0015,-0.2618,-0.2623,-3.0139,0.0000,0.0000,-3.0139
1791436677.4506,0.0209,1.1343,0.0000,0.0000,0.0000,0.0000,0.0000,0.0000,0.0000,0.0000,-0.2618,-0.2623,-3.0140,0.0000,0.0000,-3.0140
1791436677.4699,0.0193,3.3680,0.0000,0.0000,0.0000,0.0000,0.0000,0.0000,0.0000,-0.0015,-0.2618,-0.2623,-3.0140,0.0000,0.0000,-3.0140
1791436677.4898,0.0200,0.8065,0.0000,0.0000,0.0000,0.0000,0.0000,0.0000,0.0000,-0.0015,-0.2618,-0.2623,-3.0140,0.0000,0.0000,-3.0140
1791436677.5104,0.0205,4.4240,0.0000,0.0000,0.0000,0.0000,0.0000,0.0000,0.0000,-0.0015,-0.2618,-0.2623,-3.0140,0.0000,0.0000,-3.0140
1791436677.5304,0.0200,0.7304,0.0000,0.0000,0.0000,0.0000,0.0000,0.0000,0.0000,-0.0015,-0.2618,-0.2623,-3.0140,0.0000,0.0000,-3.0140
1791436677.5582,0.0278,9.7159,0.0000,0.0000,0.0000,0.0000,0.0000,0.0000,0.0000,-0.0015,-0.2618,-0.2623,-3.0140,0.0000,0.0000,-3.0140
1791436677.5708,0.0127,3.7916,0.0000,0.0000,0.0000,0.0000,0.0000,0.0000,0.0000,0.0000,-0.2618,-0.2623,-3.0140,0.0000,0.0000,-3.0140
1791436677.5905,0.0197,8.0736,0.0000,0.0000,0.0000,0.0000,0.0000,0.0000,0.0000,-0.0015,-0.2618,-0.2623,-3.0140,0.0000,0.0000,-3.0140
1791436677.6095,0.0190,9.3666,0.0000,0.0000,0.0000,0.0000,0.0000,0.0000,0.0000,-0.0015,-0.2618,-0.2623,-3.0140,0.0000,0.0000,-3.0140
1791436677.6303,0.0208,8.3591,0.0000,0.0000,0.0000,0.0000,0.0000,0.0000,0.0000,-0.0015,-0.2618,-0.2623,-3.0140,0.0000,0.0000,-3.0140
1791436677.6545,0.0241,1.3871,0.0000,0.0000,0.0000,0.0000,0.0000,0.0000,0.0000,-0.0015,-0.2618,-0.2623,-3.0140,0.0000,0.0000,-3.0140
1791436677.6707,0.0162,14.7735,0.0000,0.0000,0.0000,0.0000,0.0000,0.0000,0.0000,-0.0015,-0.2618,-0.2623,-3.0140,0.0000,0.0000,-3.0140
1791436677.6907,0.0200,1.6604,0.0000,0.0000,0.0000,0.0000,0.0000,0.0000,0.0000,0.0000,-0.2618,-0.2623,-3.0140,0.0000,0.0000,-3.0140
1791436677.7105,0.0197,2.6901,0.0000,0.0000,0.0000,0.0000,0.0000,0.0000,0.0000,-0.0015,-0.2618,-0.2623,-3.0140,0.0000,0.0000,-3.0140
1791436677.7300,0.0196,0.6101,0.0000,0.0000,0.0000,0.0000,0.0000,0.0000,0.0000,-0.0015,-0.2618,-0.2623,-3.0140,0.0000,0.0000,-3.0140
1791436677.7530,0.0230,2.7632,0.0000,0.0000,0.0000,0.0000,0.0000,0.0000,0.0000,-0.0015,-0.2618,-0.2623,-3.0140,0.0000,0.0000,-3.0140
1791436677.7697,0.0167,2.0020,0.0000,0.0000,0.0000,0.0000,0.0000,0.0000,0.0000,-0.0015,-0.2618,-0.2623,-3.0140,0.0000,0.0000,-3.0140
1791436677.7897,0.0200,0.8444,0.0000,0.0000,0.0000,0.0000,0.0000,0.0000,0.0000,0.0000,-0.2618,-0.2623,-3.0140,0.0000,0.0000,-3.0140
1791436677.8161,0.0264,14.9985,0.0000,0.0000,0.0000,0.0000,0.0000,0.0000,0.0000,-0.0015,-0.2618,-0.2623,-3.0140,0.0000,0.0000,-3.0140
1791436677.8317,0.0156,7.4462,0.0000,0.0000,0.0000,0.0000,0.0000,0.0000,0.0000,-0.0015,-0.2618,-0.2623,-3.0140,0.0000,0.0000,-3.0140
1791436677.8594,0.0277,10.5586,0.0000,0.0000,0.0000,0.0000,0.0000,0.0000,0.0000,-0.0015,-0.2618,-0.2623,-3.0140,0.0000,0.0000,-3.0140
1791436677.8716,0.0122,15.1778,0.0000,0.0000,0.0000,0.0000,0.0000,0.0000,0.0000,0.0000,-0.2618,-0.2623,-3.0140,0.0000,0.0000,-3.0140
1791436677.8897,0.0181,19.8239,0.0000,0.0000,0.0000,0.0000,0.0000,0.0000,0.0000,-0.0015,-0.2618,-0.2623,-3.0140,0.0000,0.0000,-3.0140
1791436677.9099,0.0202,3.0870,0.0000,0.0000,0.0000,0.0000,0.0000,0.0000,0.0000,-0.0015,-0.2618,-0.2623,-3.0140,0.0000,0.0000,-3.0140
1791436677.9310,0.0211,1.4984,0.0000,0.0000,0.0000,0.0000,0.0000,0.0000,0.0000,-0.0015,-0.2618,-0.2623,-3.0140,0.0000,0.0000,-3.0140
1791436677.9501,0.0191,2.6508,0.0000,0.0000,0.0000,0.0000,0.0000,0.0000,0.0000,-0.0015,-0.2618,-0.2623,-3.0140,0.0000,0.0000,-3.0140
1791436677.9698,0.0197,1.0534,0.0000,0.0000,0.0000,0.0000,0.0000,0.0000,0.0000,-0.0015,-0.2618,-0.2623,-3.0140,0.0000,0.0000,-3.0140
1791436677.9898,0.0200,13.0856,0.0000,0.0000,0.0000,0.0000,0.0000,0.0000,0.0000,-0.0015,-0.2618,-0.2623,-3.0140,0.0000,0.0000,-3.0140
1791436678.0099,0.0201,12.1043,0.0000,0.0000,0.0000,0.0000,0.0000,0.0000,0.0000,-0.0015,-0.2618,-0.2623,-3.0140,0.0000,0.0000,-3.0140
1791436678.0320,0.0221,2.4748,0.0000,0.0000,0.0000,0.0000,0.0000,0.0000,0.0000,-0.0015,-0.2618,-0.2623,-3.0141,0.0000,0.0000,-3.0141
1791436678.0515,0.0196,2.9036,0.0000,0.0000,0.0000,0.0000,0.0000,0.0000,0.0000,-0.0015,-0.2618,-0.2623,-3.0140,0.0000,0.0000,-3.0140
1791436678.0706,0.0191,0.6794,0.0000,0.0000,0.0000,0.0000,0.0000,0.0000,0.0000,-0.0015,-0.2618,-0.2623,-3.0141,0.0000,0.0000,-3.0141
1791436678.0900,0.0193,4.2737,0.0000,0.0000,0.0000,0.0000,0.0000,0.0000,0.0000,-0.0015,-0.2618,-0.2623,-3.0140,0.0000,0.0000,-3.0140
1791436678.1097,0.0197,0.6063,0.0000,0.0000,0.0000,0.0000,0.0000,0.0000,0.0000,-0.0015,-0.2618,-0.2623,-3.0140,0.0000,0.0000,-3.0140
1791436678.1318,0.0221,1.2117,0.0000,0.0000,0.0000,0.0000,0.0000,0.0000,0.0000,-0.0015,-0.2618,-0.2623,-3.0140,0.0000,0.0000,-3.0140
1791436678.1520,0.0202,3.7782,0.0000,0.0000,0.0000,0.0000,0.0000,0.0000,0.0000,-0.0015,-0.2618,-0.2623,-3.0140,0.0000,0.0000,-3.0140
1791436678.1708,0.0188,3.6792,0.0000,0.0000,0.0000,0.0000,0.0000,0.0000,0.0000,-0.0015,-0.2618,-0.2623,-3.0140,0.0000,0.0000,-3.0140
1791436678.1898,0.0191,1.5950,0.0000,0.0000,0.0000,0.0000,0.0000,0.0000,0.0000,-0.0015,-0.2618,-0.2623,-3.0140,0.0000,0.0000,-3.0140
1791436678.2097,0.0199,2.1543,0.0000,0.0000,0.0000,0.0000,0.0000,0.0000,0.0000,-0.0015,-0.2618,-0.2623,-3.0140,0.0000,0.0000,-3.0140
1791436678.2315,0.0217,5.7262,0.0000,0.0000,0.0000,0.0000,0.0000,0.0000,0.0000,0.0000,-0.2618,-0.2623,-3.0141,0.0000,0.0000,-3.0141
1791436678.2588,0.0274,8.1523,0.0000,0.0000,0.0000,0.0000,0.0000,0.0000,0.0000,-0.0015,-0.2618,-0.2623,-3.0141,0.0000,0.0000,-3.0141
1791436678.2698,0.0110,1.8367,0.0000,0.0000,0.0000,0.0000,0.0000,0.0000,0.0000,-0.0015,-0.2618,-0.2623,-3.0140,0.0000,0.0000,-3.0140
1791436678.2897,0.0199,0.6124,0.0000,0.0000,0.0000,0.0000,0.0000,0.0000,0.0000,0.0000,-0.2618,-0.2623,-3.0140,0.0000,0.0000,-3.0140
1791436678.3097,0.0200,22.4154,0.0000,0.0000,0.0000,0.0000,0.0000,0.0000,0.0000,-0.0015,-0.2618,-0.2623,-3.0140,0.0000,0.0000,-3.0140
1791436678.3365,0.0268,7.1007,0.0000,0.0000,0.0000,0.0000,0.0000,0.0000,0.0000,-0.0015,-0.2618,-0.2623,-3.0141,0.0000,0.0000,-3.0141
1791436678.3555,0.0191,0.6295,0.0000,0.0000,0.0000,0.0000,0.0000,0.0000,0.0000,-0.0015,-0.2618,-0.2623,-3.0140,0.0000,0.0000,-3.0140
1791436678.3698,0.0142,9.7544,0.0000,0.0000,0.0000,0.0000,0.0000,0.0000,0.0000,-0.0015,-0.2618,-0.2623,-3.0140,0.0000,0.0000,-3.0140
1791436678.3905,0.0207,6.9825,0.0000,0.0000,0.0000,0.0000,0.0000,0.0000,0.0000,0.0000,-0.2618,-0.2623,-3.0140,0.0000,0.0000,-3.0140
1791436678.4097,0.0192,0.7630,0.0000,0.0000,0.0000,0.0000,0.0000,0.0000,0.0000,-0.0015,-0.2618,-0.2623,-3.0140,0.0000,0.0000,-3.0140
1791436678.4299,0.0201,5.3693,0.0000,0.0000,0.0000,0.0000,0.0000,0.0000,0.0000,-0.0015,-0.2618,-0.2623,-3.0140,0.0000,0.0000,-3.0140
1791436678.4563,0.0264,6.7146,0.0000,0.0000,0.0000,0.0000,0.0000,0.0000,0.0000,0.0000,-0.2618,-0.2623,-3.0140,0.0000,0.0000,-3.0140
1791436678.4705,0.0142,0.6653,0.0000,0.0000,0.0000,0.0000,0.0000,0.0000,0.0000,-0.0015,-0.2618,-0.2623,-3.0141,0.0000,0.0000,-3.0141
1791436678.4899,0.0194,6.1089,0.0000,0.0000,0.0000,0.0000,0.0000,0.0000,0.0000,-0.0015,-0.2618,-0.2623,-3.0140,0.0000,0.0000,-3.0140
1791436678.5097,0.0198,12.1313,0.0000,0.0000,0.0000,0.0000,0.0000,0.0000,0.0000,-0.0015,-0.2618,-0.2623,-3.0140,0.0000,0.0000,-3.0140
1791436678.5324,0.0227,6.2777,0.0000,0.0000,0.0000,0.0000,0.0000,0.0000,0.0000,-0.0015,-0.2618,-0.2623,-3.0140,0.0000,0.0000,-3.0140
1791436678.5575,0.0252,14.0981,0.0000,0.0000,0.0000,0.0000,0.0000,0.0000,0.0000,0.0000,-0.2618,-0.2623,-3.0140,0.0000,0.0000,-3.0140
1791436678.5735,0.0159,2.7459,0.0000,0.0000,0.0000,0.0000,0.0000,0.0000,0.0000,-0.0015,-0.2618,-0.2623,-3.0140,0.0000,0.0000,-3.0140
1791436678.5897,0.0162,5.9350,0.0000,0.0000,0.0000,0.0000,0.0000,0.0000,0.0000,0.0000,-0.2618,-0.2623,-3.0141,0.0000,0.0000,-3.0141
1791436678.6101,0.0204,1.6698,0.0000,0.0000,0.0000,0.0000,0.0000,0.0000,0.0000,0.0000,-0.2618,-0.2623,-3.0141,0.0000,0.0000,-3.0141
1791436678.6298,0.0196,2.3028,0.0000,0.0000,0.0000,0.0000,0.0000,0.0000,0.0000,-0.0015,-0.2618,-0.2623,-3.0140,0.0000,0.0000,-3.0140
1791436678.6533,0.0235,0.3817,0.0000,0.0000,0.0000,0.0000,0.0000,0.0000,0.0000,-0.0015,-0.2618,-0.2623,-3.0140,0.0000,0.0000,-3.0140
1791436678.6697,0.0164,0.8859,0.0000,0.0000,0.0000,0.0000,0.0000,0.0000,0.0000,-0.0015,-0.2618,-0.2623,-3.0140,0.0000,0.0000,-3.0140
1791436678.6898,0.0201,3.6305,0.0000,0.0000,0.0000,0.0000,0.0000,0.0000,0.0000,-0.0015,-0.2618,-0.2623,-3.0140,0.0000,0.0000,-3.0140
1791436678.7106,0.0208,14.1886,0.0000,0.0000,0.0000,0.0000,0.0000,0.0000,0.0000,0.0000,-0.2618,-0.2623,-3.0141,0.0000,0.0000,-3.0141
1791436678.7305,0.0200,0.9829,0.0000,0.0000,0.0000,0.0000,0.0000,0.0000,0.0000,0.0000,-0.2618,-0.2623,-3.0140,0.0000,0.0000,-3.0140
1791436678.7506,0.0200,1.1246,0.0000,0.0000,0.0000,0.0000,0.0000,0.0000,0.0000,0.0000,-0.2618,-0.2623,-3.0140,0.0000,0.0000,-3.0140
1791436678.7704,0.0198,0.8057,0.0000,0.0000,0.0000,0.0000,0.0000,0.0000,0.0000,-0.0015,-0.2618,-0.2623,-3.0140,0.0000,0.0000,-3.0140
1791436678.7896,0.0192,1.7050,0.0000,0.0000,0.0000,0.0000,0.0000,0.0000,0.0000,-0.0015,-0.2618,-0.2623,-3.0140,0.0000,0.0000,-3.0140
1791436678.8097,0.0201,0.8747,0.0000,0.0000,0.0000,0.0000,0.0000,0.0000,0.0000,0.0000,-0.2618,-0.2623,-3.0141,0.0000,0.0000,-3.0141
1791436678.8298,0.0200,0.9550,0.0000,0.0000,0.0000,0.0000,0.0000,0.0000,0.0000,-0.0015,-0.2618,-0.2623,-3.0140,0.0000,0.0000,-3.0140
1791436678.8505,0.0207,7.5219,0.0000,0.0000,0.0000,0.0000,0.0000,0.0000,0.0000,-0.0015,-0.2618,-0.2623,-3.0140,0.0000,0.0000,-3.0140
1791436678.8704,0.0199,2.4294,0.0000,0.0000,0.0000,0.0000,0.0000,0.0000,0.0000,0.0000,-0.2618,-0.2623,-3.0140,0.0000,0.0000,-3.0140
1791436678.8915,0.0211,5.7644,0.0000,0.0000,0.0000,0.0000,0.0000,0.0000,0.0000,0.0000,-0.2618,-0.2623,-3.0141,0.0000,0.0000,-3.0141
1791436678.9097,0.0182,1.8954,0.0000,0.0000,0.0000,0.0000,0.0000,0.0000,0.0000,-0.0015,-0.2618,-0.2623,-3.0141,0.0000,0.0000,-3.0141
1791436678.9298,0.0200,3.3638,0.0000,0.0000,0.0000,0.0000,0.0000,0.0000,0.0000,-0.0015,-0.2618,-0.2623,-3.0140,0.0000,0.0000,-3.0140
1791436678.9521,0.0223,0.4803,0.0000,0.0000,0.0000,0.0000,0.0000,0.0000,0.0000,-0.0015,-0.2618,-0.2623,-3.0140,0.0000,0.0000,-3.0140
1791436678.9698,0.0176,0.6451,0.0000,0.0000,0.0000,0.0000,0.0000,0.0000,0.0000,-0.0015,-0.2618,-0.2623,-3.0140,0.0000,0.0000,-3.0140
1791436678.9897,0.0199,0.6319,0.0000,0.0000,0.0000,0.0000,0.0000,0.0000,0.0000,0.0000,-0.2618,-0.2623,-3.0140,0.0000,0.0000,-3.0140
1791436679.0100,0.0203,0.9023,0.0000,0.0000,0.0000,0.0000,0.0000,0.0000,0.0000,-0.0015,-0.2618,-0.2623,-3.0140,0.0000,0.0000,-3.0140
1791436679.0301,0.0201,0.8456,0.0000,0.0000,0.0000,0.0000,0.0000,0.0000,0.0000,-0.0015,-0.2618,-0.2623,-3.0140,0.0000,0.0000,-3.0140
1791436679.0503,0.0201,1.0758,0.0000,0.0000,0.0000,0.0000,0.0000,0.0000,0.0000,-0.0015,-0.2618,-0.2623,-3.0141,0.0000,0.0000,-3.0141
1791436679.0697,0.0195,3.3876,0.0000,0.0000,0.0000,0.0000,0.0000,0.0000,0.0000,-0.0015,-0.2618,-0.2623,-3.0140,0.0000,0.0000,-3.0140
1791436679.0897,0.0199,2.4897,0.0000,0.0000,0.0000,0.0000,0.0000,0.0000,0.0000,-0.0015,-0.2618,-0.2623,-3.0140,0.0000,0.0000,-3.0140
1791436679.1096,0.0200,2.8980,0.0000,0.0000,0.0000,0.0000,0.0000,0.0000,0.0000,-0.0015,-0.2618,-0.2623,-3.0140,0.0000,0.0000,-3.0140
1791436679.1303,0.0206,1.9646,0.0000,0.0000,0.0000,0.0000,0.0000,0.0000,0.0000,-0.0015,-0.2618,-0.2623,-3.0141,0.0000,0.0000,-3.0141
1791436679.1530,0.0228,3.1355,0.0000,0.0000,0.0000,0.0000,0.0000,0.0000,0.0000,-0.0015,-0.2618,-0.2623,-3.0141,0.0000,0.0000,-3.0141
1791436679.1697,0.0167,0.6276,0.0000,0.0000,0.0000,0.0000,0.0000,0.0000,0.0000,-0.0015,-0.2618,-0.2623,-3.0141,0.0000,0.0000,-3.0141
1791436679.1897,0.0200,2.1852,0.0000,0.0000,0.0000,0.0000,0.0000,0.0000,0.0000,-0.0015,-0.2618,-0.2623,-3.0140,0.0000,0.0000,-3.0140
1791436679.2104,0.0207,1.4554,0.0000,0.0000,0.0000,0.0000,0.0000,0.0000,0.0000,-0.0015,-0.2618,-0.2623,-3.0140,0.0000,0.0000,-3.0140
1791436679.2298,0.0194,4.5913,0.0000,0.0000,0.0000,0.0000,0.0000,0.0000,0.0000,-0.0015,-0.2618,-0.2623,-3.0140,0.0000,0.0000,-3.0140
1791436679.2519,0.0221,2.2423,0.0000,0.0000,0.0000,0.0000,0.0000,0.0000,0.0000,0.0000,-0.2618,-0.2623,-3.0140,0.0000,0.0000,-3.0140
1791436679.2720,0.0201,2.9209,0.0000,0.0000,0.0000,0.0000,0.0000,0.0000,0.0000,0.0000,-0.2618,-0.2623,-3.0140,0.0000,0.0000,-3.0140
1791436679.2903,0.0183,0.5079,0.0000,0.0000,0.0000,0.0000,0.0000,0.0000,0.0000,-0.0015,-0.2618,-0.2623,-3.0141,0.0000,0.0000,-3.0141
1791436679.3113,0.0210,1.0090,0.0000,0.0000,0.0000,0.0000,0.0000,0.0000,0.0000,-0.0015,-0.2618,-0.2623,-3.0140,0.0000,0.0000,-3.0140
1791436679.3318,0.0205,4.7141,0.0000,0.0000,0.0000,0.0000,0.0000,0.0000,0.0000,-0.0015,-0.2618,-0.2623,-3.0140,0.0000,0.0000,-3.0140
1791436679.3593,0.0276,11.6585,0.0000,0.0000,0.0000,0.0000,0.0000,0.0000,0.0000,0.0000,-0.2618,-0.2623,-3.0140,0.0000,0.0000,-3.0140
1791436679.3724,0.0130,3.3412,0.0000,0.0000,0.0000,0.0000,0.0000,0.0000,0.0000,0.0000,-0.2618,-0.2623,-3.0140,0.0000,0.0000,-3.0140
1791436679.3921,0.0197,1.1163,0.0000,0.0000,0.0000,0.0000,0.0000,0.0000,0.0000,-0.0015,-0.2618,-0.2623,-3.0141,0.0000,0.0000,-3.0141
1791436679.4099,0.0178,3.8914,0.0000,0.0000,0.0000,0.0000,0.0000,0.0000,0.0000,-0.0015,-0.2618,-0.2623,-3.0140,0.0000,0.0000,-3.0140
1791436679.4306,0.0207,1.7026,0.0000,0.0000,0.0000,0.0000,0.0000,0.0000,0.0000,-0.0015,-0.2618,-0.2623,-3.0140,0.0000,0.0000,-3.0140
1791436679.4538,0.0232,1.1535,0.0000,0.0000,0.0000,0.0000,0.0000,0.0000,0.0000,0.0000,-0.2618,-0.2623,-3.0140,0.0000,0.0000,-3.0140
1791436679.4698,0.0160,2.6673,0.0000,0.0000,0.0000,0.0000,0.0000,0.0000,0.0000,-0.0015,-0.2618,-0.2623,-3.0141,0.0000,0.0000,-3.0141
1791436679.4906,0.0209,2.7153,0.0000,0.0000,0.0000,0.0000,0.0000,0.0000,0.0000,0.0000,-0.2618,-0.2623,-3.0140,0.0000,0.0000,-3.0140
1791436679.5101,0.0194,1.5466,0.0000,0.0000,0.0000,0.0000,0.0000,0.0000,0.0000,0.0000,-0.2618,-0.2623,-3.0141,0.0000,0.0000,-3.0141
1791436679.5307,0.0206,1.1028,0.0000,0.0000,0.0000,0.0000,0.0000,0.0000,0.0000,-0.0015,-0.2618,-0.2623,-3.0140,0.0000,0.0000,-3.0140
1791436679.5526,0.0219,0.7716,0.0000,0.0000,0.0000,0.0000,0.0000,0.0000,0.0000,-0.0015,-0.2618,-0.2623,-3.0141,0.0000,0.0000,-3.0141
1791436679.5698,0.0172,4.5001,0.0000,0.0000,0.0000,0.0000,0.0000,0.0000,0.0000,-0.0015,-0.2618,-0.2623,-3.0141,0.0000,0.0000,-3.0141
1791436679.5898,0.0200,1.4649,0.0000,0.0000,0.0000,0.0000,0.0000,0.0000,0.0000,-0.0015,-0.2618,-0.2623,-3.0141,0.0000,0.0000,-3.0141
1791436679.6095,0.0196,1.2390,0.0000,0.0000,0.0000,0.0000,0.0000,0.0000,0.0000,-0.0015,-0.2618,-0.2623,-3.0141,0.0000,0.0000,-3.0141
1791436679.6300,0.0205,2.6122,0.0000,0.0000,0.0000,0.0000,0.0000,0.0000,0.0000,-0.0015,-0.2618,-0.2623,-3.0141,0.0000,0.0000,-3.0141
1791436679.6508,0.0209,4.4620,0.0000,0.0000,0.0000,0.0000,0.0000,0.0000,0.0000,0.0000,-0.2618,-0.2623,-3.0141,0.0000,0.0000,-3.0141
1791436679.6697,0.0189,0.9521,0.0000,0.0000,0.0000,0.0000,0.0000,0.0000,0.0000,-0.0015,-0.2618,-0.2623,-3.0141,0.0000,0.0000,-3.0141
1791436679.6897,0.0200,0.6793,0.0000,0.0000,0.0000,0.0000,0.0000,0.0000,0.0000,0.0000,-0.2618,-0.2623,-3.0141,0.0000,0.0000,-3.0141
1791436679.7095,0.0198,0.4946,0.0000,0.0000,0.0000,0.0000,0.0000,0.0000,0.0000,-0.0015,-0.2618,-0.2623,-3.0141,0.0000,0.0000,-3.0141
1791436679.7322,0.0228,1.2542,0.0000,0.0000,0.0000,0.0000,0.0000,0.0000,0.0000,0.0000,-0.2618,-0.2623,-3.0141,0.0000,0.0000,-3.0141
1791436679.7671,0.0349,4.3357,0.0000,0.0000,0.0000,0.0000,0.0000,0.0000,0.0000,0.0000,-0.2618,-0.2623,-3.0140,0.0000,0.0000,-3.0140
1791436679.7717,0.0046,0.1038,0.0000,0.0000,0.0000,0.0000,0.0000,0.0000,0.0000,0.0000,-0.2618,-0.2623,-3.0140,0.0000,0.0000,-3.0140
1791436679.7906,0.0189,1.4407,0.0000,0.0000,0.0000,0.0000,0.0000,0.0000,0.0000,0.0000,-0.2618,-0.2623,-3.0141,0.0000,0.0000,-3.0141
1791436679.8097,0.0191,3.3816,0.0000,0.0000,0.0000,0.0000,0.0000,0.0000,0.0000,-0.0015,-0.2618,-0.2623,-3.0141,0.0000,0.0000,-3.0141
1791436679.8299,0.0202,1.4250,0.0000,0.0000,0.0000,0.0000,0.0000,0.0000,0.0000,-0.0015,-0.2618,-0.2623,-3.0141,0.0000,0.0000,-3.0141
1791436679.8510,0.0212,0.6119,0.0000,0.0000,0.0000,0.0000,0.0000,0.0000,0.0000,-0.0015,-0.2618,-0.2623,-3.0141,0.0000,0.0000,-3.0141
1791436679.8698,0.0187,1.6350,0.0000,0.0000,0.0000,0.0000,0.0000,0.0000,0.0000,-0.0015,-0.2618,-0.2623,-3.0140,0.0000,0.0000,-3.0140
1791436679.8899,0.0201,0.9751,0.0000,0.0000,0.0000,0.0000,0.0000,0.0000,0.0000,-0.0015,-0.2618,-0.2623,-3.0141,0.0000,0.0000,-3.0141
1791436679.9112,0.0213,0.6115,0.0000,0.0000,0.0000,0.0000,0.0000,0.0000,0.0000,0.0000,-0.2618,-0.2623,-3.0141,0.0000,0.0000,-3.0141
1791436679.9297,0.0186,5.0552,0.0000,0.0000,0.0000,0.0000,0.0000,0.0000,0.0000,-0.0015,-0.2618,-0.2623,-3.0141,0.0000,0.0000,-3.0141
1791436679.9639,0.0342,13.7341,0.0000,0.0000,0.0000,0.0000,0.0000,0.0000,0.0000,-0.0015,-0.2618,-0.2623,-3.0141,0.0000,0.0000,-3.0141
1791436679.9795,0.0155,11.9242,0.0000,0.0000,0.0000,0.0000,0.0000,0.0000,0.0000,-0.0015,-0.2618,-0.2623,-3.0141,0.0000,0.0000,-3.0141
1791436679.9929,0.0134,10.0982,0.0000,0.0000,0.0000,0.0000,0.0000,0.0000,0.0000,0.0000,-0.2618,-0.2623,-3.0141,0.0000,0.0000,-3.0141
1791436680.0117,0.0188,11.8391,0.0000,0.0000,0.0000,0.0000,0.0000,0.0000,0.0000,-0.0015,-0.2618,-0.2623,-3.0141,0.0000,0.0000,-3.0141
1791436680.0300,0.0183,25.8613,0.0000,0.0000,0.0000,0.0000,0.0000,0.0000,0.0000,-0.0015,-0.2618,-0.2623,-3.0141,0.0000,0.0000,-3.0141
1791436680.0762,0.0462,16.9383,0.0000,0.0000,0.0000,0.0000,0.0000,0.0000,0.0000,-0.0015,-0.2618,-0.2623,-3.0141,0.0000,0.0000,-3.0141
1791436680.0935,0.0173,0.9203,0.0000,0.0000,0.0000,0.0000,0.0000,0.0000,0.0000,-0.0015,-0.2618,-0.2623,-3.0141,0.0000,0.0000,-3.0141
1791436680.1097,0.0163,3.9830,0.0000,0.0000,0.0000,0.0000,0.0000,0.0000,0.0000,-0.0015,-0.2618,-0.2623,-3.0141,0.0000,0.0000,-3.0141
1791436680.1299,0.0202,4.4778,0.0000,0.0000,0.0000,0.0000,0.0000,0.0000,0.0000,-0.0015,-0.2618,-0.2623,-3.0141,0.0000,0.0000,-3.0141
1791436680.1500,0.0201,0.9011,0.0000,0.0000,0.0000,0.0000,0.0000,0.0000,0.0000,-0.0015,-0.2618,-0.2623,-3.0141,0.0000,0.0000,-3.0141
1791436680.1698,0.0198,1.5136,0.0000,0.0000,0.0000,0.0000,0.0000,0.0000,0.0000,0.0000,-0.2618,-0.2623,-3.0141,0.0000,0.0000,-3.0141
1791436680.1896,0.0198,0.5910,0.0000,0.0000,0.0000,0.0000,0.0000,0.0000,0.0000,0.0000,-0.2618,-0.2623,-3.0141,0.0000,0.0000,-3.0141
1791436680.2096,0.0200,0.5006,0.0000,0.0000,0.0000,0.0000,0.0000,0.0000,0.0000,-0.0015,-0.2618,-0.2623,-3.0141,0.0000,0.0000,-3.0141
1791436680.2297,0.0201,0.9659,0.0000,0.0000,0.0000,0.0000,0.0000,0.0000,0.0000,0.0000,-0.2618,-0.2623,-3.0141,0.0000,0.0000,-3.0141
1791436680.2508,0.0211,0.8492,0.0000,0.0000,0.0000,0.0000,0.0000,0.0000,0.0000,-0.0015,-0.2618,-0.2623,-3.0141,0.0000,0.0000,-3.0141
1791436680.2708,0.0200,1.1762,0.0000,0.0000,0.0000,0.0000,0.0000,0.0000,0.0000,-0.0015,-0.2618,-0.2623,-3.0141,0.0000,0.0000,-3.0141
1791436680.2897,0.0188,0.4855,0.0000,0.0000,0.0000,0.0000,0.0000,0.0000,0.0000,-0.0015,-0.2618,-0.2623,-3.0141,0.0000,0.0000,-3.0141
1791436680.3114,0.0217,1.1898,0.0000,0.0000,0.0000,0.0000,0.0000,0.0000,0.0000,-0.0015,-0.2618,-0.2623,-3.0141,0.0000,0.0000,-3.0141
1791436680.3301,0.0187,7.8899,0.0000,0.0000,0.0000,0.0000,0.0000,0.0000,0.0000,-0.0015,-0.2618,-0.2623,-3.0141,0.0000,0.0000,-3.0141
1791436680.3521,0.0220,18.3753,0.0000,0.0000,0.0000,0.0000,0.0000,0.0000,0.0000,-0.0015,-0.2618,-0.2623,-3.0141,0.0000,0.0000,-3.0141
1791436680.3713,0.0192,10.9489,0.0000,0.0000,0.0000,0.0000,0.0000,0.0000,0.0000,-0.0015,-0.2618,-0.2623,-3.0141,0.0000,0.0000,-3.0141
1791436680.3903,0.0190,7.3183,0.0000,0.0000,0.0000,0.0000,0.0000,0.0000,0.0000,-0.0015,-0.2618,-0.2623,-3.0141,0.0000,0.0000,-3.0141
1791436680.4098,0.0195,11.4991,0.0000,0.0000,0.0000,0.0000,0.0000,0.0000,0.0000,0.0000,-0.2618,-0.2623,-3.0141,0.0000,0.0000,-3.0141
1791436680.4298,0.0200,8.5919,0.0000,0.0000,0.0000,0.0000,0.0000,0.0000,0.0000,-0.0015,-0.2618,-0.2623,-3.0141,0.0000,0.0000,-3.0141
1791436680.4557,0.0258,8.7167,0.0000,0.0000,0.0000,0.0000,0.0000,0.0000,0.0000,-0.0015,-0.2618,-0.2623,-3.0141,0.0000,0.0000,-3.0141
1791436680.4698,0.0141,12.5076,0.0000,0.0000,0.0000,0.0000,0.0000,0.0000,0.0000,-0.0015,-0.2618,-0.2623,-3.0141,0.0000,0.0000,-3.0141
1791436680.4906,0.0208,4.8346,0.0000,0.0000,0.0000,0.0000,0.0000,0.0000,0.0000,-0.0015,-0.2618,-0.2623,-3.0142,0.0000,0.0000,-3.0142
1791436680.5107,0.0201,0.8612,0.0000,0.0000,0.0000,0.0000,0.0000,0.0000,0.0000,0.0000,-0.2618,-0.2623,-3.0142,0.0000,0.0000,-3.0142
1791436680.5305,0.0198,0.6490,0.0000,0.0000,0.0000,0.0000,0.0000,0.0000,0.0000,0.0000,-0.2618,-0.2623,-3.0141,0.0000,0.0000,-3.0141
1791436680.5519,0.0214,1.0450,0.0000,0.0000,0.0000,0.0000,0.0000,0.0000,0.0000,-0.0015,-0.2618,-0.2623,-3.0142,0.0000,0.0000,-3.0142
1791436680.5704,0.0185,0.9149,0.0000,0.0000,0.0000,0.0000,0.0000,0.0000,0.0000,-0.0015,-0.2618,-0.2623,-3.0141,0.0000,0.0000,-3.0141
1791436680.5898,0.0195,1.2838,0.0000,0.0000,0.0000,0.0000,0.0000,0.0000,0.0000,-0.0015,-0.2618,-0.2623,-3.0141,0.0000,0.0000,-3.0141
1791436680.6101,0.0203,7.7740,0.0000,0.0000,0.0000,0.0000,0.0000,0.0000,0.0000,-0.0015,-0.2618,-0.2623,-3.0141,0.0000,0.0000,-3.0141
1791436680.6302,0.0200,7.2349,0.0000,0.0000,0.0000,0.0000,0.0000,0.0000,0.0000,0.0000,-0.2618,-0.2623,-3.0142,0.0000,0.0000,-3.0142
1791436680.6574,0.0272,7.7381,0.0000,0.0000,0.0000,0.0000,0.0000,0.0000,0.0000,0.0000,-0.2618,-0.2623,-3.0141,0.0000,0.0000,-3.0141
1791436680.6699,0.0125,7.0908,0.0000,0.0000,0.0000,0.0000,0.0000,0.0000,0.0000,0.0000,-0.2618,-0.2623,-3.0141,0.0000,0.0000,-3.0141
1791436680.6903,0.0205,8.4863,0.0000,0.0000,0.0000,0.0000,0.0000,0.0000,0.0000,-0.0015,-0.2618,-0.2623,-3.0142,0.0000,0.0000,-3.0142
1791436680.7096,0.0192,5.2921,0.0000,0.0000,0.0000,0.0000,0.0000,0.0000,0.0000,-0.0015,-0.2618,-0.2623,-3.0141,0.0000,0.0000,-3.0141
1791436680.7306,0.0210,5.1900,0.0000,0.0000,0.0000,0.0000,0.0000,0.0000,0.0000,-0.0015,-0.2618,-0.2623,-3.0142,0.0000,0.0000,-3.0142
1791436680.7551,0.0245,3.5310,0.0000,0.0000,0.0000,0.0000,0.0000,0.0000,0.0000,-0.0015,-0.2618,-0.2623,-3.0141,0.0000,0.0000,-3.0141
1791436680.7697,0.0146,2.0726,0.0000,0.0000,0.0000,0.0000,0.0000,0.0000,0.0000,-0.0015,-0.2618,-0.2623,-3.0141,0.0000,0.0000,-3.0141
1791436680.7913,0.0216,0.4449,0.0000,0.0000,0.0000,0.0000,0.0000,0.0000,0.0000,-0.0015,-0.2618,-0.2623,-3.0141,0.0000,0.0000,-3.0141
1791436680.8097,0.0183,4.4210,0.0000,0.0000,0.0000,0.0000,0.0000,0.0000,0.0000,-0.0015,-0.2618,-0.2623,-3.0141,0.0000,0.0000,-3.0141
1791436680.8303,0.0207,1.8274,0.0000,0.0000,0.0000,0.0000,0.0000,0.0000,0.0000,-0.0015,-0.2618,-0.2623,-3.0141,0.0000,0.0000,-3.0141
1791436680.8545,0.0241,2.0236,0.0000,0.0000,0.0000,0.0000,0.0000,0.0000,0.0000,-0.0015,-0.2618,-0.2623,-3.0141,0.0000,0.0000,-3.0141
1791436680.8706,0.0161,5.1037,0.0000,0.0000,0.0000,0.0000,0.0000,0.0000,0.0000,-0.0015,-0.2618,-0.2623,-3.0141,0.0000,0.0000,-3.0141
1791436680.8906,0.0201,8.9277,0.0000,0.0000,0.0000,0.0000,0.0000,0.0000,0.0000,-0.0015,-0.2618,-0.2623,-3.0141,0.0000,0.0000,-3.0141
1791436680.9102,0.0196,5.2323,0.0000,0.0000,0.0000,0.0000,0.0000,0.0000,0.0000,-0.0015,-0.2618,-0.2623,-3.0142,0.0000,0.0000,-3.0142
1791436680.9304,0.0202,11.7477,0.0000,0.0000,0.0000,0.0000,0.0000,0.0000,0.0000,-0.0015,-0.2618,-0.2623,-3.0142,0.0000,0.0000,-3.0142
1791436680.9526,0.0222,13.3362,0.0000,0.0000,0.0000,0.0000,0.0000,0.0000,0.0000,-0.0015,-0.2618,-0.2623,-3.0142,0.0000,0.0000,-3.0142
1791436680.9705,0.0179,6.4552,0.0000,0.0000,0.0000,0.0000,0.0000,0.0000,0.0000,-0.0015,-0.2618,-0.2623,-3.0142,0.0000,0.0000,-3.0142
1791436680.9898,0.0193,3.1181,0.0000,0.0000,0.0000,0.0000,0.0000,0.0000,0.0000,-0.0015,-0.2618,-0.2623,-3.0142,0.0000,0.0000,-3.0142
1791436681.0098,0.0200,11.0461,0.0000,0.0000,0.0000,0.0000,0.0000,0.0000,0.0000,-0.0015,-0.2618,-0.2623,-3.0142,0.0000,0.0000,-3.0142
1791436681.0297,0.0199,5.1219,0.0000,0.0000,0.0000,0.0000,0.0000,0.0000,0.0000,-0.0015,-0.2618,-0.2623,-3.0142,0.0000,0.0000,-3.0142
1791436681.0508,0.0210,1.2397,0.0000,0.0000,0.0000,0.0000,0.0000,0.0000,0.0000,-0.0015,-0.2618,-0.2623,-3.0142,0.0000,0.0000,-3.0142
1791436681.0701,0.0194,11.5625,0.0000,0.0000,0.0000,0.0000,0.0000,0.0000,0.0000,-0.0015,-0.2618,-0.2623,-3.0142,0.0000,0.0000,-3.0142
1791436681.0905,0.0204,2.2329,0.0000,0.0000,0.0000,0.0000,0.0000,0.0000,0.0000,-0.0015,-0.2618,-0.2623,-3.0142,0.0000,0.0000,-3.0142
1791436681.1097,0.0191,1.4910,0.0000,0.0000,0.0000,0.0000,0.0000,0.0000,0.0000,-0.0015,-0.2618,-0.2623,-3.0142,0.0000,0.0000,-3.0142
1791436681.1304,0.0208,7.4705,0.0000,0.0000,0.0000,0.0000,0.0000,0.0000,0.0000,-0.0015,-0.2618,-0.2623,-3.0142,0.0000,0.0000,-3.0142
1791436681.1520,0.0216,0.5617,0.0000,0.0000,0.0000,0.0000,0.0000,0.0000,0.0000,-0.0015,-0.2618,-0.2623,-3.0142,0.0000,0.0000,-3.0142
1791436681.1698,0.0178,1.1359,0.0000,0.0000,0.0000,0.0000,0.0000,0.0000,0.0000,0.0000,-0.2618,-0.2623,-3.0142,0.0000,0.0000,-3.0142
1791436681.1903,0.0205,1.5791,0.0000,0.0000,0.0000,0.0000,0.0000,0.0000,0.0000,-0.0015,-0.2618,-0.2623,-3.0142,0.0000,0.0000,-3.0142
1791436681.2105,0.0202,0.5603,0.0000,0.0000,0.0000,0.0000,0.0000,0.0000,0.0000,0.0000,-0.2618,-0.2623,-3.0142,0.0000,0.0000,-3.0142
1791436681.2304,0.0199,2.4809,0.0000,0.0000,0.0000,0.0000,0.0000,0.0000,0.0000,-0.0015,-0.2618,-0.2623,-3.0142,0.0000,0.0000,-3.0142
1791436681.2505,0.0201,0.8843,0.0000,0.0000,0.0000,0.0000,0.0000,0.0000,0.0000,-0.0015,-0.2618,-0.2623,-3.0142,0.0000,0.0000,-3.0142
1791436681.2698,0.0193,0.6858,0.0000,0.0000,0.0000,0.0000,0.0000,0.0000,0.0000,-0.0015,-0.2618,-0.2623,-3.0142,0.0000,0.0000,-3.0142
1791436681.2905,0.0207,2.4144,0.0000,0.0000,0.0000,0.0000,0.0000,0.0000,0.0000,0.0000,-0.2618,-0.2623,-3.0142,0.0000,0.0000,-3.0142
1791436681.3104,0.0200,0.8818,0.0000,0.0000,0.0000,0.0000,0.0000,0.0000,0.0000,-0.0015,-0.2618,-0.2623,-3.0142,0.0000,0.0000,-3.0142
1791436681.3306,0.0202,1.0182,0.0000,0.0000,0.0000,0.0000,0.0000,0.0000,0.0000,-0.0015,-0.2618,-0.2623,-3.0142,0.0000,0.0000,-3.0142
1791436681.3510,0.0204,0.8008,0.0000,0.0000,0.0000,0.0000,0.0000,0.0000,0.0000,-0.0015,-0.2618,-0.2623,-3.0142,0.0000,0.0000,-3.0142
1791436681.3705,0.0195,6.0506,0.0000,0.0000,0.0000,0.0000,0.0000,0.0000,0.0000,-0.0015,-0.2618,-0.2623,-3.0142,0.0000,0.0000,-3.0142
1791436681.3904,0.0199,0.5524,0.0000,0.0000,0.0000,0.0000,0.0000,0.0000,0.0000,-0.0015,-0.2618,-0.2623,-3.0142,0.0000,0.0000,-3.0142
1791436681.4098,0.0194,0.6613,0.0000,0.0000,0.0000,0.0000,0.0000,0.0000,0.0000,0.0000,-0.2618,-0.2623,-3.0142,0.0000,0.0000,-3.0142
1791436681.4297,0.0199,3.6661,0.0000,0.0000,0.0000,0.0000,0.0000,0.0000,0.0000,-0.0015,-0.2618,-0.2623,-3.0142,0.0000,0.0000,-3.0142
1791436681.4517,0.0220,0.4494,0.0000,0.0000,0.0000,0.0000,0.0000,0.0000,0.0000,-0.0015,-0.2618,-0.2623,-3.0142,0.0000,0.0000,-3.0142
1791436681.4700,0.0183,0.9624,0.0000,0.0000,0.0000,0.0000,0.0000,0.0000,0.0000,-0.0015,-0.2618,-0.2623,-3.0142,0.0000,0.0000,-3.0142
1791436681.4905,0.0205,3.6374,0.0000,0.0000,0.0000,0.0000,0.0000,0.0000,0.0000,-0.0015,-0.2618,-0.2623,-3.0142,0.0000,0.0000,-3.0142
1791436681.5100,0.0195,1.0915,0.0000,0.0000,0.0000,0.0000,0.0000,0.0000,0.0000,-0.0015,-0.2618,-0.2623,-3.0142,0.0000,0.0000,-3.0142
1791436681.5308,0.0209,24.8199,0.0000,0.0000,0.0000,0.0000,0.0000,0.0000,0.0000,-0.0015,-0.2618,-0.2623,-3.0142,0.0000,0.0000,-3.0142
1791436681.5647,0.0339,10.6011,0.0000,0.0000,0.0000,0.0000,0.0000,0.0000,0.0000,0.0000,-0.2618,-0.2623,-3.0142,0.0000,0.0000,-3.0142
1791436681.5760,0.0113,15.5789,0.0000,0.0000,0.0000,0.0000,0.0000,0.0000,0.0000,-0.0015,-0.2618,-0.2623,-3.0142,0.0000,0.0000,-3.0142
1791436681.5918,0.0158,17.3721,0.0000,0.0000,0.0000,0.0000,0.0000,0.0000,0.0000,-0.0015,-0.2618,-0.2623,-3.0142,0.0000,0.0000,-3.0142
1791436681.6097,0.0179,15.2065,0.0000,0.0000,0.0000,0.0000,0.0000,0.0000,0.0000,0.0000,-0.2618,-0.2623,-3.0142,0.0000,0.0000,-3.0142
1791436681.6297,0.0200,8.5801,0.0000,0.0000,0.0000,0.0000,0.0000,0.0000,0.0000,-0.0015,-0.2618,-0.2623,-3.0142,0.0000,0.0000,-3.0142
1791436681.6579,0.0282,8.4683,0.0000,0.0000,0.0000,0.0000,0.0000,0.0000,0.0000,-0.0015,-0.2618,-0.2623,-3.0142,0.0000,0.0000,-3.0142
1791436681.6697,0.0119,4.1644,0.0000,0.0000,0.0000,0.0000,0.0000,0.0000,0.0000,-0.0015,-0.2618,-0.2623,-3.0142,0.0000,0.0000,-3.0142
1791436681.6898,0.0201,0.7105,0.0000,0.0000,0.0000,0.0000,0.0000,0.0000,0.0000,-0.0015,-0.2618,-0.2623,-3.0142,0.0000,0.0000,-3.0142
1791436681.7104,0.0206,0.5666,0.0000,0.0000,0.0000,0.0000,0.0000,0.0000,0.0000,-0.0015,-0.2618,-0.2623,-3.0142,0.0000,0.0000,-3.0142
1791436681.7304,0.0200,11.4216,0.0000,0.0000,0.0000,0.0000,0.0000,0.0000,0.0000,-0.0015,-0.2618,-0.2623,-3.0142,0.0000,0.0000,-3.0142
1791436681.7597,0.0292,9.4803,0.0000,0.0000,0.0000,0.0000,0.0000,0.0000,0.0000,-0.0015,-0.2618,-0.2623,-3.0142,0.0000,0.0000,-3.0142
1791436681.7703,0.0106,7.2697,0.0000,0.0000,0.0000,0.0000,0.0000,0.0000,0.0000,-0.0015,-0.2618,-0.2623,-3.0142,0.0000,0.0000,-3.0142
1791436681.7897,0.0194,7.8244,0.0000,0.0000,0.0000,0.0000,0.0000,0.0000,0.0000,-0.0015,-0.2618,-0.2623,-3.0142,0.0000,0.0000,-3.0142
1791436681.8098,0.0202,10.9885,0.0000,0.0000,0.0000,0.0000,0.0000,0.0000,0.0000,-0.0015,-0.2618,-0.2623,-3.0142,0.0000,0.0000,-3.0142
1791436681.8297,0.0199,3.2455,0.0000,0.0000,0.0000,0.0000,0.0000,0.0000,0.0000,-0.0015,-0.2618,-0.2623,-3.0142,0.0000,0.0000,-3.0142
1791436681.8536,0.0239,0.4168,0.0000,0.0000,0.0000,0.0000,0.0000,0.0000,0.0000,-0.0015,-0.2618,-0.2623,-3.0142,0.0000,0.0000,-3.0142
1791436681.8705,0.0169,1.3014,0.0000,0.0000,0.0000,0.0000,0.0000,0.0000,0.0000,-0.0015,-0.2618,-0.2623,-3.0142,0.0000,0.0000,-3.0142
1791436681.8930,0.0226,2.1203,0.0000,0.0000,0.0000,0.0000,0.0000,0.0000,0.0000,0.0000,-0.2618,-0.2623,-3.0142,0.0000,0.0000,-3.0142
1791436681.9100,0.0169,2.0458,0.0000,0.0000,0.0000,0.0000,0.0000,0.0000,0.0000,-0.0015,-0.2618,-0.2623,-3.0142,0.0000,0.0000,-3.0142
1791436681.9322,0.0223,12.6426,0.0000,0.0000,0.0000,0.0000,0.0000,0.0000,0.0000,-0.0015,-0.2618,-0.2623,-3.0142,0.0000,0.0000,-3.0142
1791436681.9501,0.0179,2.3932,0.0000,0.0000,0.0000,0.0000,0.0000,0.0000,0.0000,-0.0015,-0.2618,-0.2623,-3.0142,0.0000,0.0000,-3.0142
1791436681.9738,0.0237,3.8658,0.0000,0.0000,0.0000,0.0000,0.0000,0.0000,0.0000,0.0000,-0.2618,-0.2623,-3.0142,0.0000,0.0000,-3.0142
1791436681.9946,0.0208,2.5926,0.0000,0.0000,0.0000,0.0000,0.0000,0.0000,0.0000,0.0000,-0.2618,-0.2623,-3.0142,0.0000,0.0000,-3.0142
1791436682.0099,0.0153,3.8673,0.0000,0.0000,0.0000,0.0000,0.0000,0.0000,0.0000,-0.0015,-0.2618,-0.2623,-3.0142,0.0000,0.0000,-3.0142
1791436682.0298,0.0199,0.5573,0.0000,0.0000,0.0000,0.0000,0.0000,0.0000,0.0000,-0.0015,-0.2618,-0.2623,-3.0143,0.0000,0.0000,-3.0143
1791436682.0502,0.0205,1.4360,0.0000,0.0000,0.0000,0.0000,0.0000,0.0000,0.0000,-0.0015,-0.2618,-0.2623,-3.0142,0.0000,0.0000,-3.0142
1791436682.0698,0.0195,1.2075,0.0000,0.0000,0.0000,0.0000,0.0000,0.0000,0.0000,-0.0015,-0.2618,-0.2623,-3.0142,0.0000,0.0000,-3.0142
1791436682.0898,0.0200,0.5753,0.0000,0.0000,0.0000,0.0000,0.0000,0.0000,0.0000,-0.0015,-0.2618,-0.2623,-3.0142,0.0000,0.0000,-3.0142
1791436682.1100,0.0203,1.9489,0.0000,0.0000,0.0000,0.0000,0.0000,0.0000,0.0000,-0.0015,-0.2618,-0.2623,-3.0143,0.0000,0.0000,-3.0143
1791436682.1297,0.0197,3.8715,0.0000,0.0000,0.0000,0.0000,0.0000,0.0000,0.0000,-0.0015,-0.2618,-0.2623,-3.0142,0.0000,0.0000,-3.0142
1791436682.1599,0.0301,14.9210,0.0000,0.0000,0.0000,0.0000,0.0000,0.0000,0.0000,-0.0015,-0.2618,-0.2623,-3.0142,0.0000,0.0000,-3.0142
1791436682.1754,0.0155,11.9893,0.0000,0.0000,0.0000,0.0000,0.0000,0.0000,0.0000,-0.0015,-0.2618,-0.2623,-3.0142,0.0000,0.0000,-3.0142
1791436682.1904,0.0151,9.2601,0.0000,0.0000,0.0000,0.0000,0.0000,0.0000,0.0000,-0.0015,-0.2618,-0.2623,-3.0142,0.0000,0.0000,-3.0142
1791436682.2097,0.0192,6.8655,0.0000,0.0000,0.0000,0.0000,0.0000,0.0000,0.0000,-0.0015,-0.2618,-0.2623,-3.0142,0.0000,0.0000,-3.0142
1791436682.2305,0.0208,10.5164,0.0000,0.0000,0.0000,0.0000,0.0000,0.0000,0.0000,-0.0015,-0.2618,-0.2623,-3.0142,0.0000,0.0000,-3.0142
1791436682.2573,0.0268,5.3797,0.0000,0.0000,0.0000,0.0000,0.0000,0.0000,0.0000,-0.0015,-0.2618,-0.2623,-3.0142,0.0000,0.0000,-3.0142
1791436682.2704,0.0131,10.6884,0.0000,0.0000,0.0000,0.0000,0.0000,0.0000,0.0000,-0.0015,-0.2618,-0.2623,-3.0142,0.0000,0.0000,-3.0142
1791436682.2897,0.0193,8.4110,0.0000,0.0000,0.0000,0.0000,0.0000,0.0000,0.0000,-0.0015,-0.2618,-0.2623,-3.0142,0.0000,0.0000,-3.0142
1791436682.3098,0.0200,1.8617,0.0000,0.0000,0.0000,0.0000,0.0000,0.0000,0.0000,-0.0015,-0.2618,-0.2623,-3.0143,0.0000,0.0000,-3.0143
1791436682.3298,0.0200,8.0115,0.0000,0.0000,0.0000,0.0000,0.0000,0.0000,0.0000,0.0000,-0.2618,-0.2623,-3.0142,0.0000,0.0000,-3.0142
1791436682.3668,0.0370,23.6652,0.0000,0.0000,0.0000,0.0000,0.0000,0.0000,0.0000,-0.0015,-0.2618,-0.2623,-3.0143,0.0000,0.0000,-3.0143
1791436682.3907,0.0240,16.6102,0.0000,0.0000,0.0000,0.0000,0.0000,0.0000,0.0000,-0.0015,-0.2618,-0.2623,-3.0143,0.0000,0.0000,-3.0143
1791436682.4126,0.0218,26.2033,0.0000,0.0000,0.0000,0.0000,0.0000,0.0000,0.0000,-0.0015,-0.2618,-0.2623,-3.0143,0.0000,0.0000,-3.0143
1791436682.4440,0.0315,13.5921,0.0000,0.0000,0.0000,0.0000,0.0000,0.0000,0.0000,-0.0015,-0.2618,-0.2623,-3.0143,0.0000,0.0000,-3.0143
1791436682.4931,0.0491,7.4018,0.0000,0.0000,0.0000,0.0000,0.0000,0.0000,0.0000,0.0000,-0.2618,-0.2623,-3.0143,0.0000,0.0000,-3.0143
1791436682.5115,0.0184,0.5557,0.0000,0.0000,0.0000,0.0000,0.0000,0.0000,0.0000,-0.0015,-0.2618,-0.2623,-3.0142,0.0000,0.0000,-3.0142
1791436682.5297,0.0182,0.6034,0.0000,0.0000,0.0000,0.0000,0.0000,0.0000,0.0000,0.0000,-0.2618,-0.2623,-3.0142,0.0000,0.0000,-3.0142
1791436682.5507,0.0209,0.5877,0.0000,0.0000,0.0000,0.0000,0.0000,0.0000,0.0000,0.0000,-0.2618,-0.2623,-3.0142,0.0000,0.0000,-3.0142
1791436682.5734,0.0227,0.5825,0.0000,0.0000,0.0000,0.0000,0.0000,0.0000,0.0000,-0.0015,-0.2618,-0.2623,-3.0143,0.0000,0.0000,-3.0143
1791436682.5897,0.0164,0.4403,0.0000,0.0000,0.0000,0.0000,0.0000,0.0000,0.0000,0.0000,-0.2618,-0.2623,-3.0143,0.0000,0.0000,-3.0143
1791436682.6097,0.0200,0.7143,0.0000,0.0000,0.0000,0.0000,0.0000,0.0000,0.0000,0.0000,-0.2618,-0.2623,-3.0142,0.0000,0.0000,-3.0142
1791436682.6298,0.0201,0.9920,0.0000,0.0000,0.0000,0.0000,0.0000,0.0000,0.0000,-0.0015,-0.2618,-0.2623,-3.0143,0.0000,0.0000,-3.0143
1791436682.6502,0.0204,0.5820,0.0000,0.0000,0.0000,0.0000,0.0000,0.0000,0.0000,0.0000,-0.2618,-0.2623,-3.0143,0.0000,0.0000,-3.0143
1791436682.6706,0.0203,2.1271,0.0000,0.0000,0.0000,0.0000,0.0000,0.0000,0.0000,-0.0015,-0.2618,-0.2623,-3.0143,0.0000,0.0000,-3.0143
1791436682.6905,0.0200,1.0512,0.0000,0.0000,0.0000,0.0000,0.0000,0.0000,0.0000,-0.0015,-0.2618,-0.2623,-3.0143,0.0000,0.0000,-3.0143
1791436682.7096,0.0191,0.4755,0.0000,0.0000,0.0000,0.0000,0.0000,0.0000,0.0000,-0.0015,-0.2618,-0.2623,-3.0142,0.0000,0.0000,-3.0142
1791436682.7303,0.0207,0.7079,0.0000,0.0000,0.0000,0.0000,0.0000,0.0000,0.0000,-0.0015,-0.2618,-0.2623,-3.0142,0.0000,0.0000,-3.0142
1791436682.7502,0.0199,0.8444,0.0000,0.0000,0.0000,0.0000,0.0000,0.0000,0.0000,0.0000,-0.2618,-0.2623,-3.0143,0.0000,0.0000,-3.0143
1791436682.7699,0.0197,0.8603,0.0000,0.0000,0.0000,0.0000,0.0000,0.0000,0.0000,-0.0015,-0.2618,-0.2623,-3.0142,0.0000,0.0000,-3.0142
1791436682.7897,0.0198,0.9358,0.0000,0.0000,0.0000,0.0000,0.0000,0.0000,0.0000,0.0000,-0.2618,-0.2623,-3.0143,0.0000,0.0000,-3.0143
1791436682.8097,0.0200,0.7899,0.0000,0.0000,0.0000,0.0000,0.0000,0.0000,0.0000,-0.0015,-0.2618,-0.2623,-3.0143,0.0000,0.0000,-3.0143
1791436682.8298,0.0201,1.0212,0.0000,0.0000,0.0000,0.0000,0.0000,0.0000,0.0000,-0.0015,-0.2618,-0.2623,-3.0143,0.0000,0.0000,-3.0143
1791436682.8504,0.0206,3.6528,0.0000,0.0000,0.0000,0.0000,0.0000,0.0000,0.0000,-0.0015,-0.2618,-0.2623,-3.0143,0.0000,0.0000,-3.0143
1791436682.8698,0.0194,1.1584,0.0000,0.0000,0.0000,0.0000,0.0000,0.0000,0.0000,-0.0015,-0.2618,-0.2623,-3.0143,0.0000,0.0000,-3.0143
1791436682.8908,0.0210,0.9575,0.0000,0.0000,0.0000,0.0000,0.0000,0.0000,0.0000,-0.0015,-0.2618,-0.2623,-3.0143,0.0000,0.0000,-3.0143
1791436682.9097,0.0189,1.2908,0.0000,0.0000,0.0000,0.0000,0.0000,0.0000,0.0000,0.0000,-0.2618,-0.2623,-3.0143,0.0000,0.0000,-3.0143
1791436682.9305,0.0207,1.9978,0.0000,0.0000,0.0000,0.0000,0.0000,0.0000,0.0000,-0.0015,-0.2618,-0.2623,-3.0143,0.0000,0.0000,-3.0143
1791436682.9505,0.0200,0.3976,0.0000,0.0000,0.0000,0.0000,0.0000,0.0000,0.0000,-0.0015,-0.2618,-0.2623,-3.0143,0.0000,0.0000,-3.0143
1791436682.9699,0.0194,3.9833,0.0000,0.0000,0.0000,0.0000,0.0000,0.0000,0.0000,-0.0015,-0.2618,-0.2623,-3.0143,0.0000,0.0000,-3.0143
1791436682.9899,0.0201,4.1046,0.0000,0.0000,0.0000,0.0000,0.0000,0.0000,0.0000,-0.0015,-0.2618,-0.2623,-3.0143,0.0000,0.0000,-3.0143
1791436683.0120,0.0221,0.7815,0.0000,0.0000,0.0000,0.0000,0.0000,0.0000,0.0000,-0.0015,-0.2618,-0.2623,-3.0143,0.0000,0.0000,-3.0143
1791436683.0297,0.0177,0.8893,0.0000,0.0000,0.0000,0.0000,0.0000,0.0000,0.0000,-0.0015,-0.2618,-0.2623,-3.0143,0.0000,0.0000,-3.0143
1791436683.0580,0.0283,0.4806,0.0000,0.0000,0.0000,0.0000,0.0000,0.0000,0.0000,-0.0015,-0.2618,-0.2623,-3.0143,0.0000,0.0000,-3.0143
1791436683.0699,0.0119,1.3549,0.0000,0.0000,0.0000,0.0000,0.0000,0.0000,0.0000,-0.0015,-0.2618,-0.2623,-3.0143,0.0000,0.0000,-3.0143
1791436683.0904,0.0204,0.6528,0.0000,0.0000,0.0000,0.0000,0.0000,0.0000,0.0000,-0.0015,-0.2618,-0.2623,-3.0143,0.0000,0.0000,-3.0143
1791436683.1099,0.0196,0.7318,0.0000,0.0000,0.0000,0.0000,0.0000,0.0000,0.0000,-0.0015,-0.2618,-0.2623,-3.0143,0.0000,0.0000,-3.0143
1791436683.1300,0.0201,1.2467,0.0000,0.0000,0.0000,0.0000,0.0000,0.0000,0.0000,-0.0015,-0.2618,-0.2623,-3.0143,0.0000,0.0000,-3.0143
1791436683.1501,0.0201,0.4129,0.0000,0.0000,0.0000,0.0000,0.0000,0.0000,0.0000,-0.0015,-0.2618,-0.2623,-3.0143,0.0000,0.0000,-3.0143
1791436683.1702,0.0201,3.9595,0.0000,0.0000,0.0000,0.0000,0.0000,0.0000,0.0000,-0.0015,-0.2618,-0.2623,-3.0143,0.0000,0.0000,-3.0143
1791436683.1900,0.0198,1.3402,0.0000,0.0000,0.0000,0.0000,0.0000,0.0000,0.0000,-0.0015,-0.2618,-0.2623,-3.0143,0.0000,0.0000,-3.0143
1791436683.2105,0.0205,1.3040,0.0000,0.0000,0.0000,0.0000,0.0000,0.0000,0.0000,-0.0015,-0.2618,-0.2623,-3.0143,0.0000,0.0000,-3.0143
1791436683.2305,0.0199,0.6859,0.0000,0.0000,0.0000,0.0000,0.0000,0.0000,0.0000,-0.0015,-0.2618,-0.2623,-3.0143,0.0000,0.0000,-3.0143
1791436683.2500,0.0196,0.4266,0.0000,0.0000,0.0000,0.0000,0.0000,0.0000,0.0000,0.0000,-0.2618,-0.2623,-3.0143,0.0000,0.0000,-3.0143
1791436683.2699,0.0199,0.8767,0.0000,0.0000,0.0000,0.0000,0.0000,0.0000,0.0000,0.0000,-0.2618,-0.2623,-3.0143,0.0000,0.0000,-3.0143
1791436683.2907,0.0208,1.6160,0.0000,0.0000,0.0000,0.0000,0.0000,0.0000,0.0000,-0.0015,-0.2618,-0.2623,-3.0143,0.0000,0.0000,-3.0143
1791436683.3104,0.0197,0.6266,0.0000,0.0000,0.0000,0.0000,0.0000,0.0000,0.0000,-0.0015,-0.2618,-0.2623,-3.0143,0.0000,0.0000,-3.0143
1791436683.3305,0.0201,0.5283,0.0000,0.0000,0.0000,0.0000,0.0000,0.0000,0.0000,-0.0015,-0.2618,-0.2623,-3.0143,0.0000,0.0000,-3.0143
1791436683.3522,0.0218,0.6402,0.0000,0.0000,0.0000,0.0000,0.0000,0.0000,0.0000,0.0000,-0.2618,-0.2623,-3.0143,0.0000,0.0000,-3.0143
1791436683.3698,0.0176,0.9034,0.0000,0.0000,0.0000,0.0000,0.0000,0.0000,0.0000,-0.0015,-0.2618,-0.2623,-3.0143,0.0000,0.0000,-3.0143
1791436683.3916,0.0218,0.5716,0.0000,0.0000,0.0000,0.0000,0.0000,0.0000,0.0000,-0.0015,-0.2618,-0.2623,-3.0143,0.0000,0.0000,-3.0143
1791436683.4099,0.0183,0.8702,0.0000,0.0000,0.0000,0.0000,0.0000,0.0000,0.0000,-0.0015,-0.2618,-0.2623,-3.0143,0.0000,0.0000,-3.0143
1791436683.4301,0.0202,1.3593,0.0000,0.0000,0.0000,0.0000,0.0000,0.0000,0.0000,-0.0015,-0.2618,-0.2623,-3.0143,0.0000,0.0000,-3.0143
1791436683.4571,0.0271,5.7317,0.0000,0.0000,0.0000,0.0000,0.0000,0.0000,0.0000,0.0000,-0.2618,-0.2623,-3.0144,0.0000,0.0000,-3.0144
1791436683.4698,0.0127,20.1377,0.0000,0.0000,0.0000,0.0000,0.0000,0.0000,0.0000,-0.0015,-0.2618,-0.2623,-3.0143,0.0000,0.0000,-3.0143
1791436683.4902,0.0203,8.8583,0.0000,0.0000,0.0000,0.0000,0.0000,0.0000,0.0000,-0.0015,-0.2618,-0.2623,-3.0144,0.0000,0.0000,-3.0144
1791436683.5097,0.0195,7.7512,0.0000,0.0000,0.0000,0.0000,0.0000,0.0000,0.0000,-0.0015,-0.2618,-0.2623,-3.0143,0.0000,0.0000,-3.0143
1791436683.5304,0.0207,0.6413,0.0000,0.0000,0.0000,0.0000,0.0000,0.0000,0.0000,-0.0015,-0.2618,-0.2623,-3.0143,0.0000,0.0000,-3.0143
1791436683.5526,0.0222,0.4590,0.0000,0.0000,0.0000,0.0000,0.0000,0.0000,0.0000,-0.0015,-0.2618,-0.2623,-3.0143,0.0000,0.0000,-3.0143
1791436683.5698,0.0173,0.8976,0.0000,0.0000,0.0000,0.0000,0.0000,0.0000,0.0000,-0.0015,-0.2618,-0.2623,-3.0143,0.0000,0.0000,-3.0143
1791436683.5897,0.0199,0.6586,0.0000,0.0000,0.0000,0.0000,0.0000,0.0000,0.0000,-0.0015,-0.2618,-0.2623,-3.0143,0.0000,0.0000,-3.0143
1791436683.6097,0.0200,2.8100,0.0000,0.0000,0.0000,0.0000,0.0000,0.0000,0.0000,-0.0015,-0.2618,-0.2623,-3.0143,0.0000,0.0000,-3.0143
1791436683.6298,0.0201,0.8119,0.0000,0.0000,0.0000,0.0000,0.0000,0.0000,0.0000,-0.0015,-0.2618,-0.2623,-3.0144,0.0000,0.0000,-3.0144
1791436683.6507,0.0210,0.6430,0.0000,0.0000,0.0000,0.0000,0.0000,0.0000,0.0000,-0.0015,-0.2618,-0.2623,-3.0144,0.0000,0.0000,-3.0144
1791436683.6713,0.0206,1.3449,0.0000,0.0000,0.0000,0.0000,0.0000,0.0000,0.0000,-0.0015,-0.2618,-0.2623,-3.0143,0.0000,0.0000,-3.0143
1791436683.6928,0.0215,3.0669,0.0000,0.0000,0.0000,0.0000,0.0000,0.0000,0.0000,-0.0015,-0.2618,-0.2623,-3.0143,0.0000,0.0000,-3.0143
1791436683.7096,0.0168,1.5508,0.0000,0.0000,0.0000,0.0000,0.0000,0.0000,0.0000,-0.0015,-0.2618,-0.2623,-3.0143,0.0000,0.0000,-3.0143
1791436683.7346,0.0250,8.0166,0.0000,0.0000,0.0000,0.0000,0.0000,0.0000,0.0000,0.0000,-0.2618,-0.2623,-3.0143,0.0000,0.0000,-3.0143
1791436683.7519,0.0173,2.1580,0.0000,0.0000,0.0000,0.0000,0.0000,0.0000,0.0000,-0.0015,-0.2618,-0.2623,-3.0143,0.0000,0.0000,-3.0143
1791436683.7703,0.0184,1.3982,0.0000,0.0000,0.0000,0.0000,0.0000,0.0000,0.0000,0.0000,-0.2618,-0.2623,-3.0143,0.0000,0.0000,-3.0143
1791436683.7906,0.0202,2.6125,0.0000,0.0000,0.0000,0.0000,0.0000,0.0000,0.0000,-0.0015,-0.2618,-0.2623,-3.0144,0.0000,0.0000,-3.0144
1791436683.8103,0.0198,0.9604,0.0000,0.0000,0.0000,0.0000,0.0000,0.0000,0.0000,-0.0015,-0.2618,-0.2623,-3.0143,0.0000,0.0000,-3.0143
1791436683.8297,0.0193,2.0289,0.0000,0.0000,0.0000,0.0000,0.0000,0.0000,0.0000,-0.0015,-0.2618,-0.2623,-3.0143,0.0000,0.0000,-3.0143
1791436683.8529,0.0232,1.0104,0.0000,0.0000,0.0000,0.0000,0.0000,0.0000,0.0000,-0.0015,-0.2618,-0.2623,-3.0143,0.0000,0.0000,-3.0143
1791436683.8701,0.0172,11.1899,0.0000,0.0000,0.0000,0.0000,0.0000,0.0000,0.0000,0.0000,-0.2618,-0.2623,-3.0144,0.0000,0.0000,-3.0144
1791436683.8906,0.0205,4.2055,0.0000,0.0000,0.0000,0.0000,0.0000,0.0000,0.0000,-0.0015,-0.2618,-0.2623,-3.0144,0.0000,0.0000,-3.0144
1791436683.9103,0.0198,0.5056,0.0000,0.0000,0.0000,0.0000,0.0000,0.0000,0.0000,-0.0015,-0.2618,-0.2623,-3.0143,0.0000,0.0000,-3.0143
1791436683.9304,0.0201,7.4071,0.0000,0.0000,0.0000,0.0000,0.0000,0.0000,0.0000,-0.0015,-0.2618,-0.2623,-3.0144,0.0000,0.0000,-3.0144
1791436683.9508,0.0205,2.3069,0.0000,0.0000,0.0000,0.0000,0.0000,0.0000,0.0000,0.0000,-0.2618,-0.2623,-3.0143,0.0000,0.0000,-3.0143
1791436683.9700,0.0191,0.8322,0.0000,0.0000,0.0000,0.0000,0.0000,0.0000,0.0000,-0.0015,-0.2618,-0.2623,-3.0144,0.0000,0.0000,-3.0144
1791436683.9904,0.0204,1.8210,0.0000,0.0000,0.0000,0.0000,0.0000,0.0000,0.0000,0.0000,-0.2618,-0.2623,-3.0143,0.0000,0.0000,-3.0143
1791436684.0119,0.0215,4.8672,0.0000,0.0000,0.0000,0.0000,0.0000,0.0000,0.0000,-0.0015,-0.2618,-0.2623,-3.0143,0.0000,0.0000,-3.0143
1791436684.0304,0.0185,3.1531,0.0000,0.0000,0.0000,0.0000,0.0000,0.0000,0.0000,0.0000,-0.2618,-0.2623,-3.0144,0.0000,0.0000,-3.0144
1791436684.0584,0.0280,9.0205,0.0000,0.0000,0.0000,0.0000,0.0000,0.0000,0.0000,-0.0015,-0.2618,-0.2623,-3.0143,0.0000,0.0000,-3.0143
1791436684.0714,0.0130,8.9954,0.0000,0.0000,0.0000,0.0000,0.0000,0.0000,0.0000,-0.0015,-0.2618,-0.2623,-3.0143,0.0000,0.0000,-3.0143
1791436684.0900,0.0186,9.8594,0.0000,0.0000,0.0000,0.0000,0.0000,0.0000,0.0000,-0.0015,-0.2618,-0.2623,-3.0144,0.0000,0.0000,-3.0144
1791436684.1118,0.0218,5.0117,0.0000,0.0000,0.0000,0.0000,0.0000,0.0000,0.0000,-0.0015,-0.2618,-0.2623,-3.0144,0.0000,0.0000,-3.0144
1791436684.1303,0.0185,0.5306,0.0000,0.0000,0.0000,0.0000,0.0000,0.0000,0.0000,-0.0015,-0.2618,-0.2623,-3.0144,0.0000,0.0000,-3.0144
1791436684.1520,0.0217,0.4933,0.0000,0.0000,0.0000,0.0000,0.0000,0.0000,0.0000,0.0000,-0.2618,-0.2623,-3.0144,0.0000,0.0000,-3.0144
1791436684.1706,0.0186,0.5485,0.0000,0.0000,0.0000,0.0000,0.0000,0.0000,0.0000,-0.0015,-0.2618,-0.2623,-3.0143,0.0000,0.0000,-3.0143
1791436684.1900,0.0194,1.0236,0.0000,0.0000,0.0000,0.0000,0.0000,0.0000,0.0000,-0.0015,-0.2618,-0.2623,-3.0144,0.0000,0.0000,-3.0144
1791436684.2100,0.0200,1.2685,0.0000,0.0000,0.0000,0.0000,0.0000,0.0000,0.0000,-0.0015,-0.2618,-0.2623,-3.0144,0.0000,0.0000,-3.0144
1791436684.2298,0.0199,0.7980,0.0000,0.0000,0.0000,0.0000,0.0000,0.0000,0.0000,0.0000,-0.2618,-0.2623,-3.0144,0.0000,0.0000,-3.0144
1791436684.2512,0.0213,0.5142,0.0000,0.0000,0.0000,0.0000,0.0000,0.0000,0.0000,-0.0015,-0.2618,-0.2623,-3.0143,0.0000,0.0000,-3.0143
1791436684.2699,0.0187,1.0936,0.0000,0.0000,0.0000,0.0000,0.0000,0.0000,0.0000,-0.0015,-0.2618,-0.2623,-3.0144,0.0000,0.0000,-3.0144
1791436684.2899,0.0200,0.7559,0.0000,0.0000,0.0000,0.0000,0.0000,0.0000,0.0000,-0.0015,-0.2618,-0.2623,-3.0144,0.0000,0.0000,-3.0144
1791436684.3105,0.0206,3.7737,0.0000,0.0000,0.0000,0.0000,0.0000,0.0000,0.0000,-0.0015,-0.2618,-0.2623,-3.0144,0.0000,0.0000,-3.0144
1791436684.3302,0.0197,3.8104,0.0000,0.0000,0.0000,0.0000,0.0000,0.0000,0.0000,-0.0015,-0.2618,-0.2623,-3.0144,0.0000,0.0000,-3.0144
1791436684.3532,0.0230,2.8064,0.0000,0.0000,0.0000,0.0000,0.0000,0.0000,0.0000,-0.0015,-0.2618,-0.2623,-3.0144,0.0000,0.0000,-3.0144
1791436684.3698,0.0166,1.0627,0.0000,0.0000,0.0000,0.0000,0.0000,0.0000,0.0000,-0.0015,-0.2618,-0.2623,-3.0144,0.0000,0.0000,-3.0144
1791436684.3900,0.0202,4.0339,0.0000,0.0000,0.0000,0.0000,0.0000,0.0000,0.0000,-0.0015,-0.2618,-0.2623,-3.0144,0.0000,0.0000,-3.0144
1791436684.4096,0.0197,0.5441,0.0000,0.0000,0.0000,0.0000,0.0000,0.0000,0.0000,-0.0015,-0.2618,-0.2623,-3.0144,0.0000,0.0000,-3.0144
1791436684.4324,0.0227,1.1187,0.0000,0.0000,0.0000,0.0000,0.0000,0.0000,0.0000,-0.0015,-0.2618,-0.2623,-3.0144,0.0000,0.0000,-3.0144
1791436684.4501,0.0178,0.9200,0.0000,0.0000,0.0000,0.0000,0.0000,0.0000,0.0000,-0.0015,-0.2618,-0.2623,-3.0144,0.0000,0.0000,-3.0144
1791436684.4698,0.0196,4.2046,0.0000,0.0000,0.0000,0.0000,0.0000,0.0000,0.0000,0.0000,-0.2618,-0.2623,-3.0144,0.0000,0.0000,-3.0144
1791436684.4900,0.0202,1.3571,0.0000,0.0000,0.0000,0.0000,0.0000,0.0000,0.0000,-0.0015,-0.2618,-0.2623,-3.0144,0.0000,0.0000,-3.0144
1791436684.5097,0.0197,0.4422,0.0000,0.0000,0.0000,0.0000,0.0000,0.0000,0.0000,-0.0015,-0.2618,-0.2623,-3.0144,0.0000,0.0000,-3.0144
1791436684.5297,0.0201,0.7243,0.0000,0.0000,0.0000,0.0000,0.0000,0.0000,0.0000,-0.0015,-0.2618,-0.2623,-3.0144,0.0000,0.0000,-3.0144
1791436684.5542,0.0245,2.4791,0.0000,0.0000,0.0000,0.0000,0.0000,0.0000,0.0000,-0.0015,-0.2618,-0.2623,-3.0144,0.0000,0.0000,-3.0144
1791436684.5707,0.0165,10.2459,0.0000,0.0000,0.0000,0.0000,0.0000,0.0000,0.0000,-0.0015,-0.2618,-0.2623,-3.0144,0.0000,0.0000,-3.0144
1791436684.5897,0.0190,6.9979,0.0000,0.0000,0.0000,0.0000,0.0000,0.0000,0.0000,-0.0015,-0.2618,-0.2623,-3.0144,0.0000,0.0000,-3.0144
1791436684.6113,0.0215,0.7830,0.0000,0.0000,0.0000,0.0000,0.0000,0.0000,0.0000,0.0000,-0.2618,-0.2623,-3.0144,0.0000,0.0000,-3.0144
1791436684.6306,0.0193,5.6204,0.0000,0.0000,0.0000,0.0000,0.0000,0.0000,0.0000,-0.0015,-0.2618,-0.2623,-3.0144,0.0000,0.0000,-3.0144
1791436684.6563,0.0257,4.1433,0.0000,0.0000,0.0000,0.0000,0.0000,0.0000,0.0000,-0.0015,-0.2618,-0.2623,-3.0144,0.0000,0.0000,-3.0144
1791436684.6704,0.0141,0.8916,0.0000,0.0000,0.0000,0.0000,0.0000,0.0000,0.0000,-0.0015,-0.2618,-0.2623,-3.0144,0.0000,0.0000,-3.0144
1791436684.6905,0.0201,4.5520,0.0000,0.0000,0.0000,0.0000,0.0000,0.0000,0.0000,-0.0015,-0.2618,-0.2623,-3.0144,0.0000,0.0000,-3.0144
1791436684.7097,0.0192,6.9448,0.0000,0.0000,0.0000,0.0000,0.0000,0.0000,0.0000,0.0000,-0.2618,-0.2623,-3.0143,0.0000,0.0000,-3.0143
1791436684.7303,0.0206,5.3339,0.0000,0.0000,0.0000,0.0000,0.0000,0.0000,0.0000,-0.0015,-0.2618,-0.2623,-3.0144,0.0000,0.0000,-3.0144
1791436684.7543,0.0239,9.0244,0.0000,0.0000,0.0000,0.0000,0.0000,0.0000,0.0000,-0.0015,-0.2618,-0.2623,-3.0144,0.0000,0.0000,-3.0144
1791436684.7699,0.0156,1.3656,0.0000,0.0000,0.0000,0.0000,0.0000,0.0000,0.0000,-0.0015,-0.2618,-0.2623,-3.0144,0.0000,0.0000,-3.0144
1791436684.7901,0.0202,3.2923,0.0000,0.0000,0.0000,0.0000,0.0000,0.0000,0.0000,0.0000,-0.2618,-0.2623,-3.0144,0.0000,0.0000,-3.0144
1791436684.8125,0.0224,2.3097,0.0000,0.0000,0.0000,0.0000,0.0000,0.0000,0.0000,0.0000,-0.2618,-0.2623,-3.0144,0.0000,0.0000,-3.0144
1791436684.8298,0.0173,4.5560,0.0000,0.0000,0.0000,0.0000,0.0000,0.0000,0.0000,0.0000,-0.2618,-0.2623,-3.0144,0.0000,0.0000,-3.0144
1791436684.8581,0.0284,3.7645,0.0000,0.0000,0.0000,0.0000,0.0000,0.0000,0.0000,-0.0015,-0.2618,-0.2623,-3.0144,0.0000,0.0000,-3.0144
1791436684.8699,0.0118,6.7286,0.0000,0.0000,0.0000,0.0000,0.0000,0.0000,0.0000,-0.0015,-0.2618,-0.2623,-3.0144,0.0000,0.0000,-3.0144
1791436684.8919,0.0219,4.4120,0.0000,0.0000,0.0000,0.0000,0.0000,0.0000,0.0000,-0.0015,-0.2618,-0.2623,-3.0144,0.0000,0.0000,-3.0144
1791436684.9096,0.0178,2.2406,0.0000,0.0000,0.0000,0.0000,0.0000,0.0000,0.0000,-0.0015,-0.2618,-0.2623,-3.0144,0.0000,0.0000,-3.0144
1791436684.9297,0.0201,5.0607,0.0000,0.0000,0.0000,0.0000,0.0000,0.0000,0.0000,-0.0015,-0.2618,-0.2623,-3.0144,0.0000,0.0000,-3.0144
1791436684.9510,0.0212,0.7796,0.0000,0.0000,0.0000,0.0000,0.0000,0.0000,0.0000,0.0000,-0.2618,-0.2623,-3.0143,0.0000,0.0000,-3.0143
1791436684.9705,0.0195,0.5855,0.0000,0.0000,0.0000,0.0000,0.0000,0.0000,0.0000,0.0000,-0.2618,-0.2623,-3.0144,0.0000,0.0000,-3.0144
1791436684.9898,0.0194,0.9063,0.0000,0.0000,0.0000,0.0000,0.0000,0.0000,0.0000,-0.0015,-0.2618,-0.2623,-3.0144,0.0000,0.0000,-3.0144
1791436685.0099,0.0201,5.0483,0.0000,0.0000,0.0000,0.0000,0.0000,0.0000,0.0000,-0.0015,-0.2618,-0.2623,-3.0144,0.0000,0.0000,-3.0144
1791436685.0299,0.0199,0.6293,0.0000,0.0000,0.0000,0.0000,0.0000,0.0000,0.0000,-0.0015,-0.2618,-0.2623,-3.0144,0.0000,0.0000,-3.0144
1791436685.0559,0.0260,6.4621,0.0000,0.0000,0.0000,0.0000,0.0000,0.0000,0.0000,-0.0015,-0.2618,-0.2623,-3.0144,0.0000,0.0000,-3.0144
1791436685.0702,0.0142,2.4650,0.0000,0.0000,0.0000,0.0000,0.0000,0.0000,0.0000,-0.0015,-0.2618,-0.2623,-3.0144,0.0000,0.0000,-3.0144
1791436685.0898,0.0196,9.0636,0.0000,0.0000,0.0000,0.0000,0.0000,0.0000,0.0000,-0.0015,-0.2618,-0.2623,-3.0144,0.0000,0.0000,-3.0144
1791436685.1098,0.0200,12.8150,0.0000,0.0000,0.0000,0.0000,0.0000,0.0000,0.0000,0.0000,-0.2618,-0.2623,-3.0144,0.0000,0.0000,-3.0144
1791436685.1298,0.0200,11.8480,0.0000,0.0000,0.0000,0.0000,0.0000,0.0000,0.0000,0.0000,-0.2618,-0.2623,-3.0144,0.0000,0.0000,-3.0144
1791436685.1506,0.0209,0.7510,0.0000,0.0000,0.0000,0.0000,0.0000,0.0000,0.0000,0.0000,-0.2618,-0.2623,-3.0144,0.0000,0.0000,-3.0144
1791436685.1702,0.0196,4.4661,0.0000,0.0000,0.0000,0.0000,0.0000,0.0000,0.0000,-0.0015,-0.2618,-0.2623,-3.0144,0.0000,0.0000,-3.0144
1791436685.1905,0.0203,2.9910,0.0000,0.0000,0.0000,0.0000,0.0000,0.0000,0.0000,0.0000,-0.2618,-0.2608,-3.0144,0.0000,0.0000,-3.0144
1791436685.2104,0.0199,8.1875,0.0000,0.0000,0.0000,0.0000,0.0000,0.0000,0.0000,0.0000,-0.2618,-0.2623,-3.0144,0.0000,0.0000,-3.0144
1791436685.2321,0.0217,5.2690,0.0000,0.0000,0.0000,0.0000,0.0000,0.0000,0.0000,0.0000,-0.2618,-0.2623,-3.0144,0.0000,0.0000,-3.0144
1791436685.2564,0.0243,4.4332,0.0000,0.0000,0.0000,0.0000,0.0000,0.0000,0.0000,-0.0015,-0.2618,-0.2623,-3.0144,0.0000,0.0000,-3.0144
1791436685.2703,0.0139,8.5413,0.0000,0.0000,0.0000,0.0000,0.0000,0.0000,0.0000,-0.0015,-0.2618,-0.2623,-3.0144,0.0000,0.0000,-3.0144
1791436685.2897,0.0193,6.3908,0.0000,0.0000,0.0000,0.0000,0.0000,0.0000,0.0000,-0.0015,-0.2618,-0.2623,-3.0144,0.0000,0.0000,-3.0144
1791436685.3104,0.0207,4.4375,0.0000,0.0000,0.0000,0.0000,0.0000,0.0000,0.0000,-0.0015,-0.2618,-0.2623,-3.0144,0.0000,0.0000,-3.0144
1791436685.3298,0.0194,7.9206,0.0000,0.0000,0.0000,0.0000,0.0000,0.0000,0.0000,0.0000,-0.2618,-0.2623,-3.0144,0.0000,0.0000,-3.0144
1791436685.3615,0.0317,13.1098,0.0000,0.0000,0.0000,0.0000,0.0000,0.0000,0.0000,-0.0015,-0.2618,-0.2623,-3.0144,0.0000,0.0000,-3.0144
1791436685.3750,0.0135,10.6561,0.0000,0.0000,0.0000,0.0000,0.0000,0.0000,0.0000,0.0000,-0.2618,-0.2623,-3.0144,0.0000,0.0000,-3.0144
1791436685.3915,0.0165,6.7994,0.0000,0.0000,0.0000,0.0000,0.0000,0.0000,0.0000,-0.0015,-0.2618,-0.2623,-3.0144,0.0000,0.0000,-3.0144
1791436685.4124,0.0209,2.7144,0.0000,0.0000,0.0000,0.0000,0.0000,0.0000,0.0000,-0.0015,-0.2618,-0.2623,-3.0144,0.0000,0.0000,-3.0144
1791436685.4299,0.0175,1.1361,0.0000,0.0000,0.0000,0.0000,0.0000,0.0000,0.0000,-0.0015,-0.2618,-0.2623,-3.0144,0.0000,0.0000,-3.0144
1791436685.4509,0.0210,0.8168,0.0000,0.0000,0.0000,0.0000,0.0000,0.0000,0.0000,0.0000,-0.2618,-0.2608,-3.0144,0.0000,0.0000,-3.0144
1791436685.4706,0.0197,0.9143,0.0000,0.0000,0.0000,0.0000,0.0000,0.0000,0.0000,-0.0015,-0.2618,-0.2623,-3.0144,0.0000,0.0000,-3.0144
1791436685.4905,0.0199,4.2183,0.0000,0.0000,0.0000,0.0000,0.0000,0.0000,0.0000,0.0000,-0.2618,-0.2623,-3.0144,0.0000,0.0000,-3.0144
1791436685.5101,0.0195,1.3916,0.0000,0.0000,0.0000,0.0000,0.0000,0.0000,0.0000,-0.0015,-0.2618,-0.2623,-3.0144,0.0000,0.0000,-3.0144
1791436685.5300,0.0199,3.2066,0.0000,0.0000,0.0000,0.0000,0.0000,0.0000,0.0000,-0.0015,-0.2618,-0.2623,-3.0144,0.0000,0.0000,-3.0144
1791436685.5540,0.0240,5.9043,0.0000,0.0000,0.0000,0.0000,0.0000,0.0000,0.0000,-0.0015,-0.2618,-0.2623,-3.0144,0.0000,0.0000,-3.0144
1791436685.5697,0.0157,3.9431,0.0000,0.0000,0.0000,0.0000,0.0000,0.0000,0.0000,-0.0015,-0.2618,-0.2623,-3.0144,0.0000,0.0000,-3.0144
1791436685.5907,0.0210,3.7375,0.0000,0.0000,0.0000,0.0000,0.0000,0.0000,0.0000,-0.0015,-0.2618,-0.2623,-3.0144,0.0000,0.0000,-3.0144
1791436685.6097,0.0190,0.9584,0.0000,0.0000,0.0000,0.0000,0.0000,0.0000,0.0000,-0.0015,-0.2618,-0.2623,-3.0145,0.0000,0.0000,-3.0145
1791436685.6306,0.0210,1.1031,0.0000,0.0000,0.0000,0.0000,0.0000,0.0000,0.0000,-0.0015,-0.2618,-0.2623,-3.0144,0.0000,0.0000,-3.0144
1791436685.6512,0.0206,3.8212,0.0000,0.0000,0.0000,0.0000,0.0000,0.0000,0.0000,0.0000,-0.2618,-0.2623,-3.0144,0.0000,0.0000,-3.0144
1791436685.6698,0.0186,1.0885,0.0000,0.0000,0.0000,0.0000,0.0000,0.0000,0.0000,-0.0015,-0.2618,-0.2623,-3.0144,0.0000,0.0000,-3.0144
1791436685.6898,0.0200,0.9179,0.0000,0.0000,0.0000,0.0000,0.0000,0.0000,0.0000,-0.0015,-0.2618,-0.2623,-3.0144,0.0000,0.0000,-3.0144
1791436685.7096,0.0198,0.5397,0.0000,0.0000,0.0000,0.0000,0.0000,0.0000,0.0000,0.0000,-0.2618,-0.2623,-3.0144,0.0000,0.0000,-3.0144
1791436685.7299,0.0202,9.8672,0.0000,0.0000,0.0000,0.0000,0.0000,0.0000,0.0000,-0.0015,-0.2618,-0.2623,-3.0144,0.0000,0.0000,-3.0144
1791436685.7524,0.0225,0.3725,0.0000,0.0000,0.0000,0.0000,0.0000,0.0000,0.0000,-0.0015,-0.2618,-0.2623,-3.0145,0.0000,0.0000,-3.0145
1791436685.7697,0.0173,2.4522,0.0000,0.0000,0.0000,0.0000,0.0000,0.0000,0.0000,-0.0015,-0.2618,-0.2623,-3.0145,0.0000,0.0000,-3.0145
1791436685.7903,0.0207,0.8415,0.0000,0.0000,0.0000,0.0000,0.0000,0.0000,0.0000,-0.0015,-0.2618,-0.2623,-3.0144,0.0000,0.0000,-3.0144
1791436685.8096,0.0193,3.9309,0.0000,0.0000,0.0000,0.0000,0.0000,0.0000,0.0000,-0.0015,-0.2618,-0.2623,-3.0145,0.0000,0.0000,-3.0145
1791436685.8307,0.0211,0.8529,0.0000,0.0000,0.0000,0.0000,0.0000,0.0000,0.0000,-0.0015,-0.2618,-0.2623,-3.0144,0.0000,0.0000,-3.0144
1791436685.8583,0.0276,3.1436,0.0000,0.0000,0.0000,0.0000,0.0000,0.0000,0.0000,-0.0015,-0.2618,-0.2623,-3.0145,0.0000,0.0000,-3.0145
1791436685.8698,0.0115,14.7537,0.0000,0.0000,0.0000,0.0000,0.0000,0.0000,0.0000,-0.0015,-0.2618,-0.2623,-3.0145,0.0000,0.0000,-3.0145
1791436685.8905,0.0207,10.7674,0.0000,0.0000,0.0000,0.0000,0.0000,0.0000,0.0000,0.0000,-0.2618,-0.2623,-3.0144,0.0000,0.0000,-3.0144
1791436685.9096,0.0191,11.9211,0.0000,0.0000,0.0000,0.0000,0.0000,0.0000,0.0000,-0.0015,-0.2618,-0.2623,-3.0144,0.0000,0.0000,-3.0144
1791436685.9300,0.0204,9.9017,0.0000,0.0000,0.0000,0.0000,0.0000,0.0000,0.0000,-0.0015,-0.2618,-0.2623,-3.0144,0.0000,0.0000,-3.0144
1791436685.9586,0.0285,10.9800,0.0000,0.0000,0.0000,0.0000,0.0000,0.0000,0.0000,-0.0015,-0.2618,-0.2623,-3.0145,0.0000,0.0000,-3.0145
1791436685.9698,0.0113,10.2751,0.0000,0.0000,0.0000,0.0000,0.0000,0.0000,0.0000,-0.0015,-0.2618,-0.2623,-3.0145,0.0000,0.0000,-3.0145
1791436685.9897,0.0199,9.8842,0.0000,0.0000,0.0000,0.0000,0.0000,0.0000,0.0000,-0.0015,-0.2618,-0.2623,-3.0145,0.0000,0.0000,-3.0145
1791436686.0100,0.0202,4.1183,0.0000,0.0000,0.0000,0.0000,0.0000,0.0000,0.0000,-0.0015,-0.2618,-0.2623,-3.0145,0.0000,0.0000,-3.0145
1791436686.0300,0.0200,1.4587,0.0000,0.0000,0.0000,0.0000,0.0000,0.0000,0.0000,-0.0015,-0.2618,-0.2623,-3.0144,0.0000,0.0000,-3.0144
1791436686.0624,0.0324,6.0797,0.0000,0.0000,0.0000,0.0000,0.0000,0.0000,0.0000,-0.0015,-0.2618,-0.2623,-3.0145,0.0000,0.0000,-3.0145
1791436686.0697,0.0073,0.0882,0.0000,0.0000,0.0000,0.0000,0.0000,0.0000,0.0000,-0.0015,-0.2618,-0.2623,-3.0145,0.0000,0.0000,-3.0145
1791436686.0907,0.0210,6.0113,0.0000,0.0000,0.0000,0.0000,0.0000,0.0000,0.0000,-0.0015,-0.2618,-0.2623,-3.0145,0.0000,0.0000,-3.0145
1791436686.1097,0.0190,5.0349,0.0000,0.0000,0.0000,0.0000,0.0000,0.0000,0.0000,-0.0015,-0.2618,-0.2623,-3.0145,0.0000,0.0000,-3.0145
1791436686.1307,0.0210,1.3489,0.0000,0.0000,0.0000,0.0000,0.0000,0.0000,0.0000,-0.0015,-0.2618,-0.2623,-3.0145,0.0000,0.0000,-3.0145
1791436686.1537,0.0230,0.6041,0.0000,0.0000,0.0000,0.0000,0.0000,0.0000,0.0000,-0.0015,-0.2618,-0.2623,-3.0145,0.0000,0.0000,-3.0145
1791436686.1702,0.0164,1.5686,0.0000,0.0000,0.0000,0.0000,0.0000,0.0000,0.0000,-0.0015,-0.2618,-0.2623,-3.0145,0.0000,0.0000,-3.0145
1791436686.1899,0.0197,5.9445,0.0000,0.0000,0.0000,0.0000,0.0000,0.0000,0.0000,-0.0015,-0.2618,-0.2623,-3.0145,0.0000,0.0000,-3.0145
1791436686.2097,0.0198,2.8893,0.0000,0.0000,0.0000,0.0000,0.0000,0.0000,0.0000,-0.0015,-0.2618,-0.2623,-3.0145,0.0000,0.0000,-3.0145
1791436686.2297,0.0200,0.4486,0.0000,0.0000,0.0000,0.0000,0.0000,0.0000,0.0000,-0.0015,-0.2618,-0.2623,-3.0145,0.0000,0.0000,-3.0145
1791436686.2508,0.0212,0.5616,0.0000,0.0000,0.0000,0.0000,0.0000,0.0000,0.0000,-0.0015,-0.2618,-0.2623,-3.0145,0.0000,0.0000,-3.0145
1791436686.2706,0.0197,3.0888,0.0000,0.0000,0.0000,0.0000,0.0000,0.0000,0.0000,-0.0015,-0.2618,-0.2623,-3.0145,0.0000,0.0000,-3.0145
1791436686.2904,0.0199,3.0784,0.0000,0.0000,0.0000,0.0000,0.0000,0.0000,0.0000,0.0000,-0.2618,-0.2623,-3.0145,0.0000,0.0000,-3.0145
1791436686.3098,0.0194,14.4909,0.0000,0.0000,0.0000,0.0000,0.0000,0.0000,0.0000,-0.0015,-0.2618,-0.2623,-3.0145,0.0000,0.0000,-3.0145
1791436686.3311,0.0213,0.6690,0.0000,0.0000,0.0000,0.0000,0.0000,0.0000,0.0000,-0.0015,-0.2618,-0.2623,-3.0145,0.0000,0.0000,-3.0145
1791436686.3521,0.0209,4.0698,0.0000,0.0000,0.0000,0.0000,0.0000,0.0000,0.0000,0.0000,-0.2618,-0.2623,-3.0145,0.0000,0.0000,-3.0145
1791436686.3697,0.0176,1.3415,0.0000,0.0000,0.0000,0.0000,0.0000,0.0000,0.0000,-0.0015,-0.2618,-0.2623,-3.0145,0.0000,0.0000,-3.0145
1791436686.3898,0.0201,3.6093,0.0000,0.0000,0.0000,0.0000,0.0000,0.0000,0.0000,-0.0015,-0.2618,-0.2623,-3.0145,0.0000,0.0000,-3.0145
1791436686.4100,0.0202,10.8364,0.0000,0.0000,0.0000,0.0000,0.0000,0.0000,0.0000,-0.0015,-0.2618,-0.2623,-3.0145,0.0000,0.0000,-3.0145
1791436686.4315,0.0215,16.0393,0.0000,0.0000,0.0000,0.0000,0.0000,0.0000,0.0000,-0.0015,-0.2618,-0.2623,-3.0145,0.0000,0.0000,-3.0145
1791436686.4594,0.0279,8.0628,0.0000,0.0000,0.0000,0.0000,0.0000,0.0000,0.0000,0.0000,-0.2618,-0.2623,-3.0145,0.0000,0.0000,-3.0145
1791436686.4705,0.0111,8.8531,0.0000,0.0000,0.0000,0.0000,0.0000,0.0000,0.0000,-0.0015,-0.2618,-0.2623,-3.0145,0.0000,0.0000,-3.0145
1791436686.4914,0.0209,2.0801,0.0000,0.0000,0.0000,0.0000,0.0000,0.0000,0.0000,-0.0015,-0.2618,-0.2623,-3.0146,0.0000,0.0000,-3.0146
1791436686.5097,0.0183,4.7996,0.0000,0.0000,0.0000,0.0000,0.0000,0.0000,0.0000,-0.0015,-0.2618,-0.2623,-3.0145,0.0000,0.0000,-3.0145
1791436686.5303,0.0206,1.4041,0.0000,0.0000,0.0000,0.0000,0.0000,0.0000,0.0000,-0.0015,-0.2618,-0.2623,-3.0145,0.0000,0.0000,-3.0145
1791436686.5501,0.0198,0.8906,0.0000,0.0000,0.0000,0.0000,0.0000,0.0000,0.0000,-0.0015,-0.2618,-0.2623,-3.0145,0.0000,0.0000,-3.0145
1791436686.5703,0.0203,3.9892,0.0000,0.0000,0.0000,0.0000,0.0000,0.0000,0.0000,-0.0015,-0.2618,-0.2623,-3.0145,0.0000,0.0000,-3.0145
1791436686.5899,0.0195,1.7146,0.0000,0.0000,0.0000,0.0000,0.0000,0.0000,0.0000,-0.0015,-0.2618,-0.2623,-3.0145,0.0000,0.0000,-3.0145
1791436686.6108,0.0209,4.5054,0.0000,0.0000,0.0000,0.0000,0.0000,0.0000,0.0000,-0.0015,-0.2618,-0.2623,-3.0145,0.0000,0.0000,-3.0145
1791436686.6300,0.0192,2.1647,0.0000,0.0000,0.0000,0.0000,0.0000,0.0000,0.0000,-0.0015,-0.2618,-0.2623,-3.0146,0.0000,0.0000,-3.0146
1791436686.6502,0.0202,0.5017,0.0000,0.0000,0.0000,0.0000,0.0000,0.0000,0.0000,0.0000,-0.2618,-0.2623,-3.0146,0.0000,0.0000,-3.0146
1791436686.6716,0.0214,0.8095,0.0000,0.0000,0.0000,0.0000,0.0000,0.0000,0.0000,-0.0015,-0.2618,-0.2623,-3.0145,0.0000,0.0000,-3.0145
1791436686.6898,0.0182,5.6176,0.0000,0.0000,0.0000,0.0000,0.0000,0.0000,0.0000,0.0000,-0.2618,-0.2623,-3.0145,0.0000,0.0000,-3.0145
1791436686.7099,0.0201,12.5311,0.0000,0.0000,0.0000,0.0000,0.0000,0.0000,0.0000,-0.0015,-0.2618,-0.2623,-3.0145,0.0000,0.0000,-3.0145
1791436686.7307,0.0208,7.3782,0.0000,0.0000,0.0000,0.0000,0.0000,0.0000,0.0000,0.0000,-0.2618,-0.2623,-3.0145,0.0000,0.0000,-3.0145
1791436686.7537,0.0230,2.3880,0.0000,0.0000,0.0000,0.0000,0.0000,0.0000,0.0000,-0.0015,-0.2618,-0.2623,-3.0145,0.0000,0.0000,-3.0145
1791436686.7697,0.0160,2.9548,0.0000,0.0000,0.0000,0.0000,0.0000,0.0000,0.0000,-0.0015,-0.2618,-0.2623,-3.0145,0.0000,0.0000,-3.0145
1791436686.7897,0.0200,6.0097,0.0000,0.0000,0.0000,0.0000,0.0000,0.0000,0.0000,0.0000,-0.2618,-0.2623,-3.0145,0.0000,0.0000,-3.0145
1791436686.8097,0.0199,1.9766,0.0000,0.0000,0.0000,0.0000,0.0000,0.0000,0.0000,-0.0015,-0.2618,-0.2623,-3.0146,0.0000,0.0000,-3.0146
1791436686.8298,0.0202,2.6836,0.0000,0.0000,0.0000,0.0000,0.0000,0.0000,0.0000,-0.0015,-0.2618,-0.2623,-3.0146,0.0000,0.0000,-3.0146
1791436686.8501,0.0202,0.3526,0.0000,0.0000,0.0000,0.0000,0.0000,0.0000,0.0000,-0.0015,-0.2618,-0.2623,-3.0146,0.0000,0.0000,-3.0146
1791436686.8698,0.0197,0.9264,0.0000,0.0000,0.0000,0.0000,0.0000,0.0000,0.0000,-0.0015,-0.2618,-0.2623,-3.0145,0.0000,0.0000,-3.0145
1791436686.8901,0.0203,7.6352,0.0000,0.0000,0.0000,0.0000,0.0000,0.0000,0.0000,0.0000,-0.2618,-0.2623,-3.0146,0.0000,0.0000,-3.0146
1791436686.9098,0.0198,2.3849,0.0000,0.0000,0.0000,0.0000,0.0000,0.0000,0.0000,-0.0015,-0.2618,-0.2623,-3.0146,0.0000,0.0000,-3.0146
1791436686.9300,0.0202,1.2206,0.0000,0.0000,0.0000,0.0000,0.0000,0.0000,0.0000,-0.0015,-0.2618,-0.2623,-3.0146,0.0000,0.0000,-3.0146
1791436686.9521,0.0221,0.6754,0.0000,0.0000,0.0000,0.0000,0.0000,0.0000,0.0000,0.0000,-0.2618,-0.2623,-3.0146,0.0000,0.0000,-3.0146
1791436686.9695,0.0174,0.5301,0.0000,0.0000,0.0000,0.0000,0.0000,0.0000,0.0000,-0.0015,-0.2618,-0.2623,-3.0145,0.0000,0.0000,-3.0145
1791436686.9904,0.0209,4.4366,0.0000,0.0000,0.0000,0.0000,0.0000,0.0000,0.0000,-0.0015,-0.2618,-0.2623,-3.0145,0.0000,0.0000,-3.0145
1791436687.0098,0.0194,1.4190,0.0000,0.0000,0.0000,0.0000,0.0000,0.0000,0.0000,-0.0015,-0.2618,-0.2623,-3.0146,0.0000,0.0000,-3.0146
1791436687.0314,0.0215,0.6812,0.0000,0.0000,0.0000,0.0000,0.0000,0.0000,0.0000,-0.0015,-0.2618,-0.2623,-3.0146,0.0000,0.0000,-3.0146
1791436687.0501,0.0188,0.4641,0.0000,0.0000,0.0000,0.0000,0.0000,0.0000,0.0000,-0.0015,-0.2618,-0.2623,-3.0145,0.0000,0.0000,-3.0145
1791436687.0706,0.0205,2.0692,0.0000,0.0000,0.0000,0.0000,0.0000,0.0000,0.0000,-0.0015,-0.2618,-0.2623,-3.0146,0.0000,0.0000,-3.0146
1791436687.0898,0.0192,0.9493,0.0000,0.0000,0.0000,0.0000,0.0000,0.0000,0.0000,-0.0015,-0.2618,-0.2623,-3.0145,0.0000,0.0000,-3.0145
1791436687.1098,0.0200,0.7852,0.0000,0.0000,0.0000,0.0000,0.0000,0.0000,0.0000,-0.0015,-0.2618,-0.2623,-3.0146,0.0000,0.0000,-3.0146
1791436687.1304,0.0206,0.5523,0.0000,0.0000,0.0000,0.0000,0.0000,0.0000,0.0000,-0.0015,-0.2618,-0.2623,-3.0145,0.0000,0.0000,-3.0145
1791436687.1506,0.0202,1.0313,0.0000,0.0000,0.0000,0.0000,0.0000,0.0000,0.0000,-0.0015,-0.2618,-0.2623,-3.0146,0.0000,0.0000,-3.0146
1791436687.1698,0.0192,1.8871,0.0000,0.0000,0.0000,0.0000,0.0000,0.0000,0.0000,-0.0015,-0.2618,-0.2623,-3.0146,0.0000,0.0000,-3.0146
1791436687.1906,0.0208,3.5333,0.0000,0.0000,0.0000,0.0000,0.0000,0.0000,0.0000,-0.0015,-0.2618,-0.2623,-3.0146,0.0000,0.0000,-3.0146
1791436687.2105,0.0199,1.2102,0.0000,0.0000,0.0000,0.0000,0.0000,0.0000,0.0000,-0.0015,-0.2618,-0.2623,-3.0146,0.0000,0.0000,-3.0146
1791436687.2311,0.0206,1.0141,0.0000,0.0000,0.0000,0.0000,0.0000,0.0000,0.0000,-0.0015,-0.2618,-0.2623,-3.0146,0.0000,0.0000,-3.0146
1791436687.2561,0.0250,9.4097,0.0000,0.0000,0.0000,0.0000,0.0000,0.0000,0.0000,-0.0015,-0.2618,-0.2623,-3.0146,0.0000,0.0000,-3.0146
1791436687.2703,0.0142,11.4081,0.0000,0.0000,0.0000,0.0000,0.0000,0.0000,0.0000,-0.0015,-0.2618,-0.2623,-3.0146,0.0000,0.0000,-3.0146
1791436687.2899,0.0196,8.7221,0.0000,0.0000,0.0000,0.0000,0.0000,0.0000,0.0000,-0.0015,-0.2618,-0.2623,-3.0146,0.0000,0.0000,-3.0146
1791436687.3104,0.0205,6.1212,0.0000,0.0000,0.0000,0.0000,0.0000,0.0000,0.0000,-0.0015,-0.2618,-0.2623,-3.0146,0.0000,0.0000,-3.0146
1791436687.3297,0.0193,11.5579,0.0000,0.0000,0.0000,0.0000,0.0000,0.0000,0.0000,-0.0015,-0.2618,-0.2623,-3.0146,0.0000,0.0000,-3.0146
1791436687.3511,0.0214,1.6847,0.0000,0.0000,0.0000,0.0000,0.0000,0.0000,0.0000,-0.0015,-0.2618,-0.2623,-3.0146,0.0000,0.0000,-3.0146
1791436687.3704,0.0193,3.1261,0.0000,0.0000,0.0000,0.0000,0.0000,0.0000,0.0000,0.0000,-0.2618,-0.2623,-3.0146,0.0000,0.0000,-3.0146
1791436687.3898,0.0194,8.5815,0.0000,0.0000,0.0000,0.0000,0.0000,0.0000,0.0000,-0.0015,-0.2618,-0.2623,-3.0146,0.0000,0.0000,-3.0146
1791436687.4103,0.0205,3.4975,0.0000,0.0000,0.0000,0.0000,0.0000,0.0000,0.0000,-0.0015,-0.2618,-0.2623,-3.0146,0.0000,0.0000,-3.0146
1791436687.4305,0.0202,1.5006,0.0000,0.0000,0.0000,0.0000,0.0000,0.0000,0.0000,-0.0015,-0.2618,-0.2623,-3.0146,0.0000,0.0000,-3.0146
1791436687.4506,0.0201,0.8149,0.0000,0.0000,0.0000,0.0000,0.0000,0.0000,0.0000,-0.0015,-0.2618,-0.2623,-3.0146,0.0000,0.0000,-3.0146
1791436687.4698,0.0193,4.2743,0.0000,0.0000,0.0000,0.0000,0.0000,0.0000,0.0000,-0.0015,-0.2618,-0.2623,-3.0146,0.0000,0.0000,-3.0146
1791436687.4903,0.0205,3.2760,0.0000,0.0000,0.0000,0.0000,0.0000,0.0000,0.0000,-0.0015,-0.2618,-0.2623,-3.0146,0.0000,0.0000,-3.0146
1791436687.5097,0.0193,3.2914,0.0000,0.0000,0.0000,0.0000,0.0000,0.0000,0.0000,-0.0015,-0.2618,-0.2623,-3.0146,0.0000,0.0000,-3.0146
1791436687.5315,0.0218,1.2339,0.0000,0.0000,0.0000,0.0000,0.0000,0.0000,0.0000,-0.0015,-0.2618,-0.2623,-3.0146,0.0000,0.0000,-3.0146
1791436687.5534,0.0219,0.5053,0.0000,0.0000,0.0000,0.0000,0.0000,0.0000,0.0000,-0.0015,-0.2618,-0.2623,-3.0146,0.0000,0.0000,-3.0146
1791436687.5699,0.0165,3.6058,0.0000,0.0000,0.0000,0.0000,0.0000,0.0000,0.0000,-0.0015,-0.2618,-0.2623,-3.0146,0.0000,0.0000,-3.0146
1791436687.5899,0.0200,7.3646,0.0000,0.0000,0.0000,0.0000,0.0000,0.0000,0.0000,0.0000,-0.2618,-0.2623,-3.0146,0.0000,0.0000,-3.0146
1791436687.6101,0.0203,2.6881,0.0000,0.0000,0.0000,0.0000,0.0000,0.0000,0.0000,-0.0015,-0.2618,-0.2623,-3.0146,0.0000,0.0000,-3.0146
1791436687.6309,0.0208,5.6802,0.0000,0.0000,0.0000,0.0000,0.0000,0.0000,0.0000,-0.0015,-0.2618,-0.2623,-3.0146,0.0000,0.0000,-3.0146
1791436687.6501,0.0191,0.3137,0.0000,0.0000,0.0000,0.0000,0.0000,0.0000,0.0000,0.0000,-0.2618,-0.2623,-3.0146,0.0000,0.0000,-3.0146
1791436687.6698,0.0197,3.1406,0.0000,0.0000,0.0000,0.0000,0.0000,0.0000,0.0000,-0.0015,-0.2618,-0.2623,-3.0146,0.0000,0.0000,-3.0146
1791436687.6897,0.0199,9.8976,0.0000,0.0000,0.0000,0.0000,0.0000,0.0000,0.0000,-0.0015,-0.2618,-0.2623,-3.0146,0.0000,0.0000,-3.0146
1791436687.7104,0.0207,6.9114,0.0000,0.0000,0.0000,0.0000,0.0000,0.0000,0.0000,-0.0015,-0.2618,-0.2623,-3.0146,0.0000,0.0000,-3.0146
1791436687.7307,0.0202,6.1248,0.0000,0.0000,0.0000,0.0000,0.0000,0.0000,0.0000,-0.0015,-0.2618,-0.2623,-3.0146,0.0000,0.0000,-3.0146
1791436687.7530,0.0223,1.7603,0.0000,0.0000,0.0000,0.0000,0.0000,0.0000,0.0000,-0.0015,-0.2618,-0.2623,-3.0146,0.0000,0.0000,-3.0146
1791436687.7697,0.0167,5.1887,0.0000,0.0000,0.0000,0.0000,0.0000,0.0000,0.0000,-0.0015,-0.2618,-0.2623,-3.0146,0.0000,0.0000,-3.0146
1791436687.7898,0.0201,2.4990,0.0000,0.0000,0.0000,0.0000,0.0000,0.0000,0.0000,-0.0015,-0.2618,-0.2623,-3.0146,0.0000,0.0000,-3.0146
1791436687.8095,0.0197,2.2278,0.0000,0.0000,0.0000,0.0000,0.0000,0.0000,0.0000,-0.0015,-0.2618,-0.2623,-3.0146,0.0000,0.0000,-3.0146
1791436687.8297,0.0201,2.2579,0.0000,0.0000,0.0000,0.0000,0.0000,0.0000,0.0000,-0.0015,-0.2618,-0.2623,-3.0146,0.0000,0.0000,-3.0146
1791436687.8510,0.0213,1.0302,0.0000,0.0000,0.0000,0.0000,0.0000,0.0000,0.0000,-0.0015,-0.2618,-0.2623,-3.0146,0.0000,0.0000,-3.0146
1791436687.8704,0.0194,3.5254,0.0000,0.0000,0.0000,0.0000,0.0000,0.0000,0.0000,0.0000,-0.2618,-0.2623,-3.0146,0.0000,0.0000,-3.0146
1791436687.8898,0.0195,9.0942,0.0000,0.0000,0.0000,0.0000,0.0000,0.0000,0.0000,-0.0015,-0.2618,-0.2623,-3.0146,0.0000,0.0000,-3.0146
1791436687.9110,0.0212,3.7481,0.0000,0.0000,0.0000,0.0000,0.0000,0.0000,0.0000,0.0000,-0.2618,-0.2623,-3.0146,0.0000,0.0000,-3.0146
1791436687.9305,0.0194,5.3668,0.0000,0.0000,0.0000,0.0000,0.0000,0.0000,0.0000,-0.0015,-0.2618,-0.2623,-3.0146,0.0000,0.0000,-3.0146
1791436687.9529,0.0224,0.6247,-0.0112,-0.0190,-0.2494,0.0000,-0.4305,0.0000,-0.0253,-0.0015,-0.2148,-0.2623,-3.0146,0.0000,0.0000,-3.0146
1791436687.9700,0.0171,5.5175,-0.0198,-0.0190,-0.5086,0.0000,-0.6901,0.0000,-0.0253,-0.0015,-0.1789,-0.2623,-3.0146,0.0000,0.0000,-3.0146
1791436687.9897,0.0197,4.6866,-0.0296,-0.0190,-0.8069,0.0000,-0.9887,0.0000,-0.0253,-0.0015,-0.1377,-0.2608,-3.0146,0.0000,0.0000,-3.0146
1791436688.0097,0.0200,4.1378,-0.0396,-0.0190,-1.1099,0.0000,-1.2921,0.0000,-0.0253,-0.0061,-0.0958,-0.2485,-3.0147,0.0000,0.0000,-3.0147
1791436688.0315,0.0218,0.8160,-0.0505,-0.0190,-1.4404,-0.0959,-1.6229,-0.0719,-0.0253,-0.0138,-0.0501,-0.2286,-3.0146,-0.0028,0.0026,-3.0146
1791436688.0507,0.0191,0.3454,-0.0601,-0.0190,-1.7297,-0.2638,-1.9126,-0.2878,-0.0253,-0.0215,-0.0101,-0.1979,-3.0148,-0.0091,-0.0025,-3.0148
1791436688.0699,0.0193,1.0604,-0.0697,-0.0190,-2.0217,-0.5036,-2.2049,-0.6475,-0.0253,-0.0230,0.0303,-0.1626,-3.0150,-0.0190,-0.0151,-3.0150
1791436688.0897,0.0198,0.5592,-0.0796,-0.0165,-2.3329,-0.7914,-2.4924,-0.9353,-0.0222,-0.0230,0.0400,-0.1227,-3.0151,-0.0285,-0.0151,-3.0151
1791436688.1104,0.0207,0.8407,-0.0900,-0.0165,-2.6468,-1.1031,-2.8067,-1.2230,-0.0222,-0.0230,0.0400,-0.0844,-3.0153,-0.0384,-0.0125,-3.0153
1791436688.1305,0.0201,1.8593,-0.1000,-0.0165,-2.9502,-1.3669,-3.1104,-1.5348,-0.0222,-0.0230,0.0400,-0.0430,-3.0155,-0.0479,-0.0175,-3.0155
1791436688.1503,0.0198,0.4131,-0.1000,-0.0165,-2.9502,-1.6547,-3.1104,-1.8225,-0.0222,-0.0230,0.0400,-0.0138,-3.0157,-0.0574,-0.0175,-3.0157
1791436688.1698,0.0195,1.1202,-0.1000,-0.0165,-2.9502,-1.9904,-3.1104,-2.1583,-0.0222,-0.0230,0.0400,0.0061,-3.0159,-0.0685,-0.0174,-3.0159
1791436688.1898,0.0200,1.1118,-0.1000,-0.0165,-2.9502,-2.3022,-3.1104,-2.4700,-0.0222,-0.0230,0.0400,0.0184,-3.0160,-0.0787,-0.0174,-3.0160
1791436688.2101,0.0203,3.2128,-0.1000,-0.0165,-2.9502,-2.5180,-3.1104,-2.7098,-0.0222,-0.0230,0.0400,0.0245,-3.0163,-0.0863,-0.0198,-3.0163
1791436688.2322,0.0221,0.5832,-0.1000,-0.0165,-2.9502,-2.7098,-3.1104,-2.8537,-0.0222,-0.0230,0.0400,0.0307,-3.0164,-0.0918,-0.0149,-3.0164
1791436688.2516,0.0193,0.5986,-0.1000,-0.0115,-2.9744,-2.7818,-3.0862,-2.9496,-0.0160,-0.0230,0.0248,0.0337,-3.0165,-0.0946,-0.0173,-3.0165
1791436688.2703,0.0188,0.6568,-0.1000,-0.0115,-2.9744,-2.8058,-3.0862,-2.9976,-0.0160,-0.0230,0.0248,0.0353,-3.0167,-0.0958,-0.0198,-3.0167
1791436688.2898,0.0194,0.5978,-0.1000,-0.0115,-2.9744,-2.8537,-3.0862,-3.0456,-0.0160,-0.0230,0.0248,0.0368,-3.0170,-0.0973,-0.0198,-3.0170
1791436688.3097,0.0199,3.1971,-0.1000,-0.0115,-2.9744,-2.8777,-3.0862,-3.0935,-0.0160,-0.0199,0.0248,0.0337,-3.0173,-0.0985,-0.0223,-3.0173
1791436688.3302,0.0204,3.7497,-0.1000,-0.0115,-2.9744,-2.9257,-3.0862,-3.1175,-0.0160,-0.0184,0.0248,0.0291,-3.0174,-0.0997,-0.0198,-3.0174
1791436688.3508,0.0206,0.5903,-0.1000,-0.0115,-2.9744,-2.9496,-3.0862,-3.0935,-0.0160,-0.0169,0.0248,0.0276,-3.0175,-0.0997,-0.0148,-3.0175
1791436688.3699,0.0191,4.2890,-0.1000,-0.0115,-2.9744,-2.9496,-3.0862,-3.0695,-0.0160,-0.0169,0.0248,0.0261,-3.0177,-0.0993,-0.0124,-3.0177
1791436688.3915,0.0216,3.9005,-0.1000,-0.0115,-2.9744,-2.9496,-3.0862,-3.0695,-0.0160,-0.0169,0.0248,0.0261,-3.0180,-0.0993,-0.0124,-3.0180
1791436688.4096,0.0181,2.4122,-0.1000,-0.0084,-2.9896,-2.9496,-3.0710,-3.0695,-0.0160,-0.0169,0.0248,0.0261,-3.0185,-0.0993,-0.0124,-3.0185
1791436688.4300,0.0204,6.0711,-0.1000,-0.0084,-2.9896,-2.9496,-3.0710,-3.0935,-0.0121,-0.0169,0.0415,0.0261,-3.0188,-0.0997,-0.0148,-3.0188
1791436688.4551,0.0250,8.0331,-0.1000,-0.0084,-2.9896,-2.9496,-3.0710,-3.1175,-0.0121,-0.0169,0.0415,0.0261,-3.0191,-0.1001,-0.0173,-3.0191
1791436688.4766,0.0215,7.3084,-0.1000,-0.0084,-2.9896,-2.9736,-3.0710,-3.0695,-0.0121,-0.0169,0.0415,0.0276,-3.0192,-0.0997,-0.0099,-3.0192
1791436688.4905,0.0139,9.4631,-0.1000,-0.0084,-2.9896,-2.9736,-3.0710,-3.0695,-0.0121,-0.0153,0.0415,0.0291,-3.0192,-0.0997,-0.0099,-3.0192
1791436688.5097,0.0192,10.9231,-0.1000,-0.0084,-2.9896,-2.9736,-3.0710,-3.0456,-0.0121,-0.0138,0.0415,0.0337,-3.0191,-0.0993,-0.0074,-3.0191
1791436688.5298,0.0201,6.9873,-0.1000,-0.0084,-2.9896,-2.9736,-3.0710,-3.0456,-0.0121,-0.0138,0.0415,0.0368,-3.0191,-0.0993,-0.0074,-3.0191
1791436688.5513,0.0215,3.5849,-0.1000,-0.0084,-2.9896,-2.9736,-3.0710,-3.0695,-0.0121,-0.0138,0.0415,0.0383,-3.0191,-0.0997,-0.0099,-3.0191
1791436688.5701,0.0188,3.1644,-0.1000,-0.0218,-2.9248,-2.9736,-3.1358,-3.0935,-0.0288,-0.0138,0.0809,0.0399,-3.0191,-0.1001,-0.0124,-3.0191
1791436688.5915,0.0214,1.6187,-0.1000,-0.0218,-2.9248,-2.9976,-3.1358,-3.0935,-0.0288,-0.0138,0.0814,0.0399,-3.0191,-0.1005,-0.0099,-3.0191
1791436688.6095,0.0181,1.4673,-0.1000,-0.0218,-2.9248,-3.0216,-3.1358,-3.0935,-0.0288,-0.0153,0.0814,0.0414,-3.0190,-0.1009,-0.0074,-3.0190
1791436688.6304,0.0209,5.4057,-0.1000,-0.0218,-2.9248,-2.9736,-3.1358,-3.0695,-0.0288,-0.0169,0.0814,0.0552,-3.0189,-0.0997,-0.0099,-3.0189
1791436688.6525,0.0221,0.3750,-0.1000,-0.0218,-2.9248,-2.9736,-3.1358,-3.0695,-0.0288,-0.0215,0.0814,0.0644,-3.0189,-0.0997,-0.0099,-3.0189
1791436688.6705,0.0179,4.3515,-0.1000,-0.0218,-2.9248,-2.9496,-3.1358,-3.0935,-0.0288,-0.0291,0.0814,0.0690,-3.0193,-0.0997,-0.0148,-3.0193
1791436688.6897,0.0193,2.4172,-0.1000,-0.0218,-2.9248,-2.9496,-3.1358,-3.1175,-0.0288,-0.0291,0.0814,0.0736,-3.0196,-0.1001,-0.0173,-3.0196
1791436688.7104,0.0206,3.2081,-0.1000,-0.0218,-2.9248,-2.9496,-3.1358,-3.1415,-0.0288,-0.0276,0.0814,0.0767,-3.0199,-0.1005,-0.0198,-3.0199
1791436688.7297,0.0193,2.9254,-0.1000,-0.0237,-2.9157,-2.9496,-3.1450,-3.1415,-0.0311,-0.0291,0.0830,0.0782,-3.0200,-0.1005,-0.0198,-3.0200
1791436688.7526,0.0229,0.6401,-0.1000,-0.0237,-2.9157,-2.9496,-3.1450,-3.1175,-0.0311,-0.0291,0.0830,0.0798,-3.0202,-0.1001,-0.0173,-3.0202
1791436688.7706,0.0180,4.1063,-0.1000,-0.0237,-2.9157,-2.9257,-3.1450,-3.0935,-0.0311,-0.0291,0.0830,0.0798,-3.0203,-0.0993,-0.0173,-3.0203
1791436688.7897,0.0192,0.6499,-0.1000,-0.0237,-2.9157,-2.9257,-3.1450,-3.0935,-0.0311,-0.0291,0.0830,0.0798,-3.0204,-0.0993,-0.0173,-3.0204
1791436688.8105,0.0208,0.6857,-0.1000,-0.0237,-2.9157,-2.9257,-3.1450,-3.0935,-0.0311,-0.0291,0.0830,0.0798,-3.0206,-0.0993,-0.0173,-3.0206
1791436688.8297,0.0192,0.6746,-0.1000,-0.0237,-2.9157,-2.9257,-3.1450,-3.1175,-0.0311,-0.0291,0.0830,0.0813,-3.0210,-0.0997,-0.0198,-3.0210
1791436688.8584,0.0287,0.9977,-0.1000,-0.0237,-2.9157,-2.9257,-3.1450,-3.1175,-0.0311,-0.0291,0.0830,0.0813,-3.0215,-0.0997,-0.0198,-3.0215
1791436688.8699,0.0115,5.0460,-0.1000,-0.0237,-2.9157,-2.9496,-3.1450,-3.1175,-0.0311,-0.0291,0.0830,0.0813,-3.0217,-0.1001,-0.0173,-3.0217
1791436688.8898,0.0199,6.5649,-0.1000,-0.0263,-2.9028,-2.9257,-3.1578,-3.1175,-0.0345,-0.0276,0.0927,0.0813,-3.0220,-0.0997,-0.0198,-3.0220
1791436688.9099,0.0201,3.1276,-0.1000,-0.0263,-2.9028,-2.9257,-3.1578,-3.0935,-0.0345,-0.0291,0.0927,0.0798,-3.0223,-0.0993,-0.0173,-3.0223
1791436688.9300,0.0201,7.3870,-0.1000,-0.0263,-2.9028,-2.9017,-3.1578,-3.1175,-0.0345,-0.0291,0.0927,0.0813,-3.0225,-0.0993,-0.0223,-3.0225
1791436688.9510,0.0210,0.4109,-0.1000,-0.0263,-2.9028,-2.9017,-3.1578,-3.1175,-0.0345,-0.0307,0.0927,0.0828,-3.0228,-0.0993,-0.0223,-3.0228
1791436688.9714,0.0204,6.0158,-0.1000,-0.0263,-2.9028,-2.9257,-3.1578,-3.1415,-0.0345,-0.0322,0.0927,0.0874,-3.0231,-0.1001,-0.0223,-3.0231
1791436688.9904,0.0190,4.3865,-0.1000,-0.0263,-2.9028,-2.9017,-3.1578,-3.1415,-0.0345,-0.0322,0.0927,0.0874,-3.0238,-0.0997,-0.0247,-3.0238
1791436689.0098,0.0194,2.7310,-0.1000,-0.0263,-2.9028,-2.9017,-3.1578,-3.1415,-0.0345,-0.0322,0.0927,0.0890,-3.0245,-0.0997,-0.0247,-3.0245
1791436689.0300,0.0201,4.2055,-0.1000,-0.0727,-2.6780,-2.9017,-3.3826,-3.1415,-0.0767,-0.0322,0.1330,0.0905,-3.0250,-0.0997,-0.0247,-3.0250
1791436689.0570,0.0270,2.9556,-0.1000,-0.0727,-2.6780,-2.8777,-3.3826,-3.1415,-0.0925,-0.0322,0.1330,0.0905,-3.0258,-0.0993,-0.0272,-3.0258
1791436689.0706,0.0136,3.1377,-0.1000,-0.0727,-2.6780,-2.8777,-3.3826,-3.1415,-0.0925,-0.0337,0.1330,0.0920,-3.0261,-0.0993,-0.0272,-3.0261
1791436689.0905,0.0198,3.0831,-0.1000,-0.0727,-2.6780,-2.8537,-3.3826,-3.1894,-0.0925,-0.0430,0.1330,0.1043,-3.0271,-0.0997,-0.0346,-3.0271
1791436689.1096,0.0192,2.1632,-0.1000,-0.0727,-2.6780,-2.7818,-3.3826,-3.2374,-0.0925,-0.0583,0.1330,0.1150,-3.0282,-0.0993,-0.0470,-3.0282
1791436689.1307,0.0210,5.4167,-0.1000,-0.0727,-2.6780,-2.7338,-3.3826,-3.2854,-0.0925,-0.0767,0.1330,0.1212,-3.0297,-0.0993,-0.0569,-3.0297
1791436689.1532,0.0225,7.5001,-0.1000,-0.0727,-2.6780,-2.7098,-3.3826,-3.2854,-0.0925,-0.0828,0.1330,0.1258,-3.0314,-0.0989,-0.0594,-3.0314
1791436689.1705,0.0173,3.2023,-0.1000,-0.0727,-2.6780,-2.7098,-3.3826,-3.3333,-0.0925,-0.0828,0.1330,0.1289,-3.0332,-0.0997,-0.0643,-3.0332
1791436689.1898,0.0193,1.3471,-0.1000,-0.0727,-2.6780,-2.6859,-3.3826,-3.3573,-0.0925,-0.0874,0.1330,0.1304,-3.0348,-0.0997,-0.0693,-3.0348
1791436689.2101,0.0203,2.9850,-0.0899,-0.1071,-2.2048,-2.6859,-3.2407,-3.3813,-0.1350,-0.0890,0.1498,0.1319,-3.0363,-0.1001,-0.0718,-3.0363
1791436689.2298,0.0196,2.2631,-0.0808,-0.1071,-1.9311,-2.6859,-2.9652,-3.3813,-0.1354,-0.0905,0.1498,0.1319,-3.0379,-0.1001,-0.0718,-3.0379
1791436689.2526,0.0229,0.3947,-0.0808,-0.1071,-1.9311,-2.6859,-2.9652,-3.3573,-0.1354,-0.0920,0.1498,0.1335,-3.0392,-0.0997,-0.0693,-3.0392
1791436689.2697,0.0171,2.4166,-0.0808,-0.1071,-1.9311,-2.6619,-2.9652,-3.3573,-0.1354,-0.0982,0.1498,0.1350,-3.0399,-0.0993,-0.0718,-3.0399
1791436689.2898,0.0201,3.1818,-0.0808,-0.1071,-1.9311,-2.5420,-2.9652,-3.2854,-0.1354,-0.1120,0.1498,0.1411,-3.0418,-0.0962,-0.0768,-3.0418
1791436689.3098,0.0200,0.7368,-0.0808,-0.1071,-1.9311,-2.3261,-2.9652,-3.2134,-0.1354,-0.1258,0.1498,0.1427,-3.0442,-0.0914,-0.0917,-3.0442
1791436689.3299,0.0201,13.4887,-0.0808,-0.1071,-1.9311,-2.1583,-2.9652,-3.1175,-0.1354,-0.1304,0.1498,0.1457,-3.0466,-0.0871,-0.0992,-3.0466
1791436689.3501,0.0202,5.5061,-0.0808,-0.1071,-1.9311,-2.0624,-2.9652,-3.0695,-0.1354,-0.1304,0.1498,0.1457,-3.0490,-0.0847,-0.1042,-3.0490
1791436689.3698,0.0197,2.9449,-0.0808,-0.1071,-1.9311,-1.9904,-2.9652,-3.0216,-0.1354,-0.1304,0.1498,0.1488,-3.0516,-0.0827,-0.1068,-3.0516
1791436689.3898,0.0200,1.3424,-0.0738,-0.1154,-1.6793,-1.9664,-2.7918,-2.9976,-0.1458,-0.1335,0.1669,0.1488,-3.0541,-0.0819,-0.1068,-3.0541
1791436689.4109,0.0211,0.6859,-0.0738,-0.1154,-1.6793,-1.9664,-2.7918,-2.9976,-0.1458,-0.1350,0.1669,0.1488,-3.0565,-0.0819,-0.1068,-3.0565
1791436689.4297,0.0188,0.9067,-0.0738,-0.1154,-1.6793,-1.9424,-2.7918,-2.9976,-0.1458,-0.1350,0.1669,0.1503,-3.0590,-0.0815,-0.1093,-3.0590
1791436689.4512,0.0215,0.7832,-0.0738,-0.1154,-1.6793,-1.8945,-2.7918,-2.9257,-0.1458,-0.1381,0.1669,0.1549,-3.0614,-0.0795,-0.1068,-3.0614
1791436689.4699,0.0187,1.4580,-0.0738,-0.1154,-1.6793,-1.8225,-2.7918,-2.8537,-0.1458,-0.1427,0.1669,0.1595,-3.0636,-0.0772,-0.1069,-3.0636
1791436689.4900,0.0201,12.9560,-0.0738,-0.1154,-1.6793,-1.7506,-2.7918,-2.8297,-0.1458,-0.1473,0.1669,0.1626,-3.0662,-0.0756,-0.1119,-3.0662
1791436689.5105,0.0205,11.8999,-0.0738,-0.1154,-1.6793,-1.7026,-2.7918,-2.8058,-0.1458,-0.1457,0.1669,0.1641,-3.0687,-0.0744,-0.1144,-3.0687
1791436689.5324,0.0219,0.9103,-0.0684,-0.1182,-1.5025,-1.7026,-2.6415,-2.8058,-0.1494,-0.1427,0.1670,0.1657,-3.0712,-0.0744,-0.1144,-3.0712
1791436689.5511,0.0187,2.7264,-0.0684,-0.1182,-1.5025,-1.7026,-2.6415,-2.7818,-0.1494,-0.1442,0.1670,0.1657,-3.0736,-0.0740,-0.1119,-3.0736
1791436689.5700,0.0189,1.8548,-0.0684,-0.1182,-1.5025,-1.6787,-2.6415,-2.8058,-0.1494,-0.1442,0.1670,0.1657,-3.0761,-0.0740,-0.1169,-3.0761
1791436689.5897,0.0197,3.3052,-0.0684,-0.1182,-1.5025,-1.6307,-2.6415,-2.7818,-0.1494,-0.1473,0.1670,0.1657,-3.0784,-0.0728,-0.1194,-3.0784
1791436689.6097,0.0200,2.0264,-0.0684,-0.1182,-1.5025,-1.6067,-2.6415,-2.7098,-0.1494,-0.1473,0.1670,0.1657,-3.0808,-0.0712,-0.1145,-3.0808
1791436689.6298,0.0201,0.5840,-0.0684,-0.1182,-1.5025,-1.5588,-2.6415,-2.6859,-0.1494,-0.1473,0.1670,0.1657,-3.0832,-0.0700,-0.1170,-3.0832
1791436689.6500,0.0202,0.3604,-0.0684,-0.1182,-1.5025,-1.5348,-2.6415,-2.6619,-0.1494,-0.1473,0.1670,0.1657,-3.0856,-0.0692,-0.1170,-3.0856
1791436689.6700,0.0199,0.9173,-0.0684,-0.1182,-1.5025,-1.5348,-2.6415,-2.6619,-0.1494,-0.1473,0.1670,0.1657,-3.0881,-0.0692,-0.1170,-3.0881
1791436689.6901,0.0202,5.1474,-0.0583,-0.1343,-1.1211,-1.5348,-2.4120,-2.6619,-0.1694,-0.1473,0.1794,0.1641,-3.0906,-0.0692,-0.1170,-3.0906
1791436689.7104,0.0203,2.6064,-0.0550,-0.1343,-1.0206,-1.5348,-2.3107,-2.6619,-0.1694,-0.1473,0.1794,0.1657,-3.0930,-0.0692,-0.1170,-3.0930
1791436689.7297,0.0193,8.6621,-0.0550,-0.1343,-1.0206,-1.5108,-2.3107,-2.6619,-0.1694,-0.1488,0.1794,0.1657,-3.0956,-0.0688,-0.1195,-3.0956
1791436689.7572,0.0275,7.1341,-0.0550,-0.1343,-1.0206,-1.4388,-2.3107,-2.5899,-0.1694,-0.1565,0.1794,0.1703,-3.0981,-0.0665,-0.1195,-3.0981
1791436689.7698,0.0127,10.1047,-0.0550,-0.1343,-1.0206,-1.3669,-2.3107,-2.5420,-0.1694,-0.1595,0.1794,0.1718,-3.0995,-0.0645,-0.1221,-3.0995
1791436689.7907,0.0209,6.5313,-0.0550,-0.1343,-1.0206,-1.1990,-2.3107,-2.3981,-0.1694,-0.1657,0.1794,0.1749,-3.1035,-0.0594,-0.1247,-3.1035
1791436689.8097,0.0189,7.2863,-0.0550,-0.1343,-1.0206,-1.1511,-2.3107,-2.3741,-0.1694,-0.1657,0.1794,0.1764,-3.1049,-0.0582,-0.1272,-3.1049
1791436689.8298,0.0202,2.6260,-0.0550,-0.1343,-1.0206,-1.1031,-2.3107,-2.3501,-0.1694,-0.1657,0.1794,0.1764,-3.1079,-0.0570,-0.1297,-3.1079
1791436689.8511,0.0212,0.7705,-0.0550,-0.1343,-1.0206,-1.0552,-2.3107,-2.3261,-0.1694,-0.1672,0.1794,0.1779,-3.1107,-0.0558,-0.1323,-3.1107
1791436689.8701,0.0190,1.0412,-0.0550,-0.1343,-1.0206,-1.0312,-2.3107,-2.3022,-0.1694,-0.1672,0.1794,0.1779,-3.1135,-0.0550,-0.1323,-3.1135
1791436689.8897,0.0196,0.6710,-0.0452,-0.1598,-0.6025,-1.0072,-2.1346,-2.3261,-0.2013,-0.1672,0.2002,0.1779,-3.1163,-0.0550,-0.1373,-3.1163
1791436689.9110,0.0213,7.9137,-0.0345,-0.1598,-0.2821,-1.0312,-1.8111,-2.3022,-0.2013,-0.1672,0.2002,0.1779,-3.1191,-0.0550,-0.1323,-3.1191
1791436689.9299,0.0189,5.5598,-0.0326,-0.1598,-0.2233,-1.0072,-1.7517,-2.2782,-0.2013,-0.1687,0.2002,0.1795,-3.1219,-0.0542,-0.1323,-3.1219
1791436689.9628,0.0329,5.8592,-0.0326,-0.1598,-0.2233,-0.9113,-1.7517,-2.2302,-0.2013,-0.1856,0.2002,0.1887,-3.1264,-0.0518,-0.1374,-3.1264
1791436689.9697,0.0068,6.1924,-0.0326,-0.1598,-0.2233,-0.8393,-1.7517,-2.1823,-0.2013,-0.1902,0.2002,0.1917,-3.1278,-0.0499,-0.1399,-3.1278
1791436689.9905,0.0209,7.5663,-0.0326,-0.1598,-0.2233,-0.6954,-1.7517,-2.0624,-0.2013,-0.1963,0.2002,0.1963,-3.1309,-0.0455,-0.1425,-3.1309
1791436690.0108,0.0203,3.9885,-0.0326,-0.1598,-0.2233,-0.5036,-1.7517,-1.9424,-0.2013,-0.1963,0.2002,0.1979,-3.1342,-0.0404,-0.1502,-3.1342
1791436690.0298,0.0190,7.0773,-0.0326,-0.1598,-0.2233,-0.3357,-1.7517,-1.8705,-0.2013,-0.1963,0.2002,0.1979,-3.1378,-0.0364,-0.1603,-3.1378
1791436690.0518,0.0220,3.9868,-0.0220,-0.1729,0.1598,-0.2878,-1.4910,-1.8225,-0.2177,-0.1979,0.2139,0.1994,-3.1412,-0.0348,-0.1604,-3.1412
1791436690.0726,0.0208,0.7955,-0.0220,-0.1729,0.1598,-0.2878,-1.4910,-1.7986,-0.2177,-0.1994,0.2139,0.1994,3.1386,-0.0344,-0.1579,3.1386
1791436690.0899,0.0173,0.9024,-0.0220,-0.1729,0.1598,-0.2638,-1.4910,-1.7746,-0.2177,-0.1994,0.2139,0.1979,3.1353,-0.0336,-0.1579,3.1353
1791436690.1097,0.0198,0.8080,-0.0220,-0.1729,0.1598,-0.1918,-1.4910,-1.7266,-0.2177,-0.2040,0.2139,0.2040,3.1319,-0.0317,-0.1605,3.1319
1791436690.1313,0.0216,0.5845,-0.0220,-0.1729,0.1598,-0.0959,-1.4910,-1.6547,-0.2177,-0.2102,0.2139,0.2071,3.1283,-0.0289,-0.1631,3.1283
1791436690.1500,0.0186,0.4957,-0.0220,-0.1729,0.1598,0.0240,-1.4910,-1.5827,-0.2177,-0.2132,0.2139,0.2086,3.1245,-0.0257,-0.1682,3.1245
1791436690.1697,0.0198,0.5432,-0.0220,-0.1729,0.1598,0.0240,-1.4910,-1.5348,-0.2177,-0.2148,0.2139,0.2102,3.1212,-0.0249,-0.1632,3.1212
1791436690.1898,0.0200,1.4072,-0.0220,-0.1729,0.1598,0.0480,-1.4910,-1.5108,-0.2177,-0.2163,0.2139,0.2117,3.1176,-0.0241,-0.1632,3.1176
1791436690.2115,0.0217,3.2701,-0.0220,-0.1729,0.1598,0.1439,-1.4910,-1.4868,-0.2177,-0.2148,0.2139,0.2117,3.1138,-0.0222,-0.1708,3.1138
1791436690.2303,0.0188,0.6029,-0.0125,-0.2295,0.7131,0.1918,-1.4734,-1.4868,-0.2341,-0.2163,0.2262,0.2117,3.1099,-0.0214,-0.1759,3.1099
1791436690.2507,0.0204,0.5994,-0.0023,-0.2907,1.3113,0.1679,-1.4531,-1.4868,-0.2341,-0.2163,0.2262,0.2117,3.1061,-0.0218,-0.1733,3.1061
1791436690.2698,0.0191,1.1638,0.0000,-0.3479,1.6536,0.1679,-1.6536,-1.4868,-0.2341,-0.2178,0.2262,0.2132,3.1024,-0.0218,-0.1733,3.1024
1791436690.2900,0.0202,1.6835,0.0000,-0.3871,1.8400,0.1918,-1.8400,-1.4868,-0.2341,-0.2209,0.2262,0.2148,3.1005,-0.0214,-0.1759,3.1005
1791436690.3140,0.0240,1.3662,0.0000,-0.3871,1.8400,0.5036,-1.8400,-1.4628,-0.2341,-0.2286,0.2262,0.2194,3.0934,-0.0158,-0.2062,3.0934
1791436690.3313,0.0172,3.8149,0.0000,-0.3871,1.8400,0.8393,-1.8400,-1.5108,-0.2341,-0.2316,0.2262,0.2224,3.0876,-0.0111,-0.2467,3.0876
1791436690.3506,0.0193,0.4992,0.0000,-0.3871,1.8400,1.0072,-1.8400,-1.5588,-0.2341,-0.2316,0.2262,0.2224,3.0844,-0.0091,-0.2695,3.0844
1791436690.3698,0.0192,1.0582,0.0000,-0.3871,1.8400,1.2950,-1.8400,-1.6547,-0.2341,-0.2332,0.2262,0.2224,3.0774,-0.0059,-0.3100,3.0774
1791436690.3900,0.0202,2.1326,0.0000,-0.4140,1.9678,1.4868,-1.9678,-1.7026,-0.2502,-0.2332,0.2477,0.2240,3.0698,-0.0036,-0.3353,3.0698
1791436690.4116,0.0217,0.5589,0.0000,-0.4140,1.9678,1.6307,-1.9678,-1.7506,-0.2502,-0.2332,0.2477,0.2240,3.0621,-0.0020,-0.3556,3.0621
1791436690.4298,0.0182,9.4462,0.0000,-0.4140,1.9678,1.7266,-1.9678,-1.7746,-0.2502,-0.2332,0.2477,0.2224,3.0546,-0.0008,-0.3683,3.0546
1791436690.4603,0.0305,8.1626,0.0000,-0.4140,1.9678,1.7506,-1.9678,-1.8225,-0.2502,-0.2408,0.2477,0.2316,3.0432,-0.0012,-0.3758,3.0432
1791436690.4714,0.0111,2.7794,0.0000,-0.4140,1.9678,1.7986,-1.9678,-1.8225,-0.2502,-0.2424,0.2477,0.2347,3.0390,-0.0004,-0.3809,3.0390
1791436690.4911,0.0197,4.6159,0.0000,-0.4140,1.9678,1.8705,-1.9678,-1.8705,-0.2502,-0.2454,0.2477,0.2393,3.0304,0.0000,-0.3936,3.0304
1791436690.5127,0.0216,0.7972,0.0000,-0.4140,1.9678,1.9185,-1.9678,-1.9185,-0.2502,-0.2470,0.2477,0.2408,3.0216,0.0000,-0.4037,3.0216
1791436690.5305,0.0178,7.1690,0.0089,-0.3607,1.9911,1.9185,-1.4521,-1.9424,-0.2640,-0.2485,0.2486,0.2424,3.0128,-0.0004,-0.4061,3.0128
1791436690.5521,0.0216,0.5994,0.0197,-0.2958,2.0167,1.9424,-0.8223,-1.9664,-0.2640,-0.2485,0.2486,0.2439,3.0042,-0.0004,-0.4112,3.0042
1791436690.5706,0.0185,12.5736,0.0214,-0.2404,1.8024,1.9664,-0.5072,-1.9664,-0.2640,-0.2485,0.2486,0.2439,2.9956,0.0000,-0.4137,2.9956
1791436690.5897,0.0191,9.5605,0.0214,-0.2099,1.6559,1.9664,-0.3608,-1.9185,-0.2640,-0.2531,0.2486,0.2439,2.9869,0.0008,-0.4085,2.9869
1791436690.6120,0.0223,2.6446,0.0214,-0.2099,1.6559,1.9664,-0.3608,-1.6787,-0.2640,-0.2577,0.2486,0.2439,2.9792,0.0047,-0.3826,2.9792
1791436690.6297,0.0177,0.5777,0.0214,-0.2099,1.6559,1.9664,-0.3608,-1.3669,-0.2640,-0.2608,0.2486,0.2470,2.9725,0.0099,-0.3490,2.9725
1791436690.6527,0.0230,11.7383,0.0214,-0.2099,1.6559,1.8945,-0.3608,-1.0552,-0.2640,-0.2623,0.2486,0.2470,2.9666,0.0138,-0.3082,2.9666
1791436690.6699,0.0172,8.0601,0.0214,-0.2099,1.6559,1.7986,-0.3608,-0.7914,-0.2640,-0.2623,0.2486,0.2470,2.9614,0.0166,-0.2702,2.9614
1791436690.6898,0.0198,11.5156,0.0245,-0.2109,1.7582,1.7266,-0.2708,-0.5995,-0.2652,-0.2623,0.2539,0.2470,2.9567,0.0186,-0.2425,2.9567
1791436690.7098,0.0201,3.2168,0.0245,-0.2109,1.7582,1.7026,-0.2708,-0.5036,-0.2652,-0.2623,0.2539,0.2470,2.9521,0.0198,-0.2298,2.9521
1791436690.7307,0.0208,3.8044,0.0245,-0.2109,1.7582,1.6787,-0.2708,-0.4317,-0.2652,-0.2623,0.2539,0.2470,2.9475,0.0206,-0.2198,2.9475
1791436690.7511,0.0205,0.4599,0.0245,-0.2109,1.7582,1.6787,-0.2708,-0.4077,-0.2652,-0.2623,0.2539,0.2485,2.9429,0.0210,-0.2172,2.9429
1791436690.7700,0.0189,1.2330,0.0245,-0.2109,1.7582,1.7026,-0.2708,-0.3597,-0.2652,-0.2638,0.2539,0.2516,2.9383,0.0222,-0.2146,2.9383
1791436690.7896,0.0196,0.7062,0.0245,-0.2109,1.7582,1.7266,-0.2708,-0.3118,-0.2652,-0.2638,0.2539,0.2531,2.9338,0.0233,-0.2120,2.9338
1791436690.8104,0.0208,0.8790,0.0245,-0.2109,1.7582,1.7266,-0.2708,-0.3118,-0.2652,-0.2638,0.2539,0.2531,2.9295,0.0233,-0.2120,2.9295
1791436690.8304,0.0200,0.7462,0.0245,-0.2109,1.7582,1.7026,-0.2708,-0.2878,-0.2652,-0.2638,0.2539,0.2516,2.9253,0.0233,-0.2070,2.9253
1791436690.8504,0.0200,2.2006,0.0345,-0.1872,1.9518,1.7266,0.1415,-0.2638,-0.2356,-0.2638,0.2880,0.2531,2.9209,0.0241,-0.2069,2.9209
1791436690.8705,0.0201,2.3687,0.0375,-0.1872,2.0423,1.7266,0.2294,-0.2638,-0.2356,-0.2638,0.2880,0.2516,2.9166,0.0241,-0.2069,2.9166
1791436690.8925,0.0220,1.7553,0.0375,-0.1872,2.0423,1.7266,0.2294,-0.2638,-0.2356,-0.2623,0.2880,0.2546,2.9125,0.0241,-0.2069,2.9125
1791436690.9098,0.0173,1.9839,0.0375,-0.1872,2.0423,1.7266,0.2294,-0.2398,-0.2356,-0.2577,0.2880,0.2592,2.9106,0.0245,-0.2044,2.9106
1791436690.9304,0.0206,4.4167,0.0375,-0.1872,2.0423,1.7746,0.2294,-0.1199,-0.2356,-0.2500,0.2880,0.2684,2.9067,0.0273,-0.1966,2.9067
1791436690.9524,0.0220,7.8421,0.0375,-0.1872,2.0423,1.8945,0.2294,0.0719,-0.2356,-0.2424,0.2880,0.2792,2.9008,0.0324,-0.1887,2.9008
1791436690.9725,0.0200,6.0729,0.0375,-0.1872,2.0423,1.9424,0.2294,0.1439,-0.2356,-0.2393,0.2880,0.2823,2.8969,0.0344,-0.1860,2.8969
1791436690.9934,0.0209,3.0621,0.0375,-0.1872,2.0423,1.9904,0.2294,0.1679,-0.2356,-0.2378,0.2880,0.2853,2.8931,0.0356,-0.1884,2.8931
1791436691.0121,0.0187,2.7556,0.0375,-0.1872,2.0423,2.0144,0.2294,0.1679,-0.2356,-0.2378,0.2880,0.2853,2.8912,0.0360,-0.1908,2.8912
1791436691.0315,0.0194,3.8970,0.0371,-0.1736,1.9633,2.0384,0.2826,0.1918,-0.2186,-0.2378,0.2897,0.2869,2.8875,0.0368,-0.1907,2.8875
1791436691.0546,0.0231,0.9235,0.0371,-0.1736,1.9633,2.0144,0.2826,0.2158,-0.2186,-0.2378,0.2897,0.2869,2.8824,0.0368,-0.1858,2.8824
1791436691.0700,0.0155,2.3610,0.0371,-0.1736,1.9633,2.0144,0.2826,0.2158,-0.2186,-0.2378,0.2897,0.2869,2.8807,0.0368,-0.1858,2.8807
1791436691.0899,0.0199,6.4442,0.0371,-0.1736,1.9633,2.0144,0.2826,0.2158,-0.2186,-0.2362,0.2897,0.2869,2.8772,0.0368,-0.1858,2.8772
1791436691.1098,0.0199,3.0727,0.0371,-0.1736,1.9633,1.9904,0.2826,0.2398,-0.2186,-0.2301,0.2897,0.2884,2.8737,0.0368,-0.1808,2.8737
1791436691.1316,0.0218,5.0757,0.0371,-0.1736,1.9633,1.9904,0.2826,0.2638,-0.2186,-0.2240,0.2897,0.2884,2.8702,0.0372,-0.1783,2.8702
1791436691.1514,0.0197,1.0539,0.0342,-0.1579,1.8003,1.9904,0.2738,0.2878,-0.1989,-0.2178,0.2893,0.2884,2.8667,0.0376,-0.1758,2.8667
1791436691.1714,0.0201,0.6118,0.0342,-0.1579,1.8003,1.9664,0.2738,0.2638,-0.1989,-0.2194,0.2893,0.2884,2.8632,0.0368,-0.1759,2.8632
1791436691.1925,0.0211,0.6008,0.0342,-0.1579,1.8003,1.9664,0.2738,0.2638,-0.1989,-0.2178,0.2893,0.2884,2.8597,0.0368,-0.1759,2.8597
1791436691.2100,0.0175,5.3982,0.0342,-0.1579,1.8003,1.9664,0.2738,0.2638,-0.1989,-0.2148,0.2893,0.2884,2.8562,0.0368,-0.1759,2.8562
1791436691.2304,0.0204,0.8317,0.0342,-0.1579,1.8003,1.9185,0.2738,0.2638,-0.1989,-0.2102,0.2893,0.2869,2.8528,0.0360,-0.1710,2.8528
1791436691.2501,0.0197,0.3674,0.0342,-0.1579,1.8003,1.8465,0.2738,0.2638,-0.1989,-0.2025,0.2893,0.2869,2.8498,0.0348,-0.1637,2.8498
1791436691.2699,0.0198,1.8556,0.0342,-0.1579,1.8003,1.8225,0.2738,0.2398,-0.1989,-0.1994,0.2893,0.2869,2.8469,0.0340,-0.1637,2.8469
1791436691.2896,0.0198,0.5563,0.0342,-0.1579,1.8003,1.7986,0.2738,0.2398,-0.1989,-0.1994,0.2893,0.2884,2.8441,0.0336,-0.1613,2.8441
1791436691.3104,0.0207,0.6443,0.0342,-0.1579,1.8003,1.7746,0.2738,0.2638,-0.1989,-0.1994,0.2893,0.2884,2.8411,0.0336,-0.1563,2.8411
1791436691.3302,0.0199,1.3672,0.0340,-0.1547,1.7770,1.7746,0.2811,0.2398,-0.1950,-0.1994,0.2892,0.2884,2.8380,0.0332,-0.1588,2.8380
1791436691.3538,0.0235,0.6419,0.0340,-0.1547,1.7770,1.7746,0.2811,0.2638,-0.1950,-0.1994,0.2892,0.2884,2.8348,0.0336,-0.1563,2.8348
1791436691.3704,0.0167,7.4002,0.0340,-0.1547,1.7770,1.7986,0.2811,0.2638,-0.1950,-0.1994,0.2892,0.2884,2.8315,0.0340,-0.1588,2.8315
1791436691.3897,0.0192,9.1267,0.0340,-0.1547,1.7770,1.7986,0.2811,0.2398,-0.1950,-0.1994,0.2892,0.2884,2.8299,0.0336,-0.1613,2.8299
1791436691.4098,0.0201,0.6763,0.0340,-0.1547,1.7770,1.7746,0.2811,0.2638,-0.1950,-0.1994,0.2892,0.2884,2.8268,0.0336,-0.1563,2.8268
1791436691.4309,0.0211,2.6817,0.0340,-0.1547,1.7770,1.7746,0.2811,0.2638,-0.1950,-0.1994,0.2892,0.2884,2.8237,0.0336,-0.1563,2.8237
1791436691.4506,0.0197,0.3982,0.0340,-0.1547,1.7770,1.7986,0.2811,0.2638,-0.1950,-0.1979,0.2892,0.2884,2.8207,0.0340,-0.1588,2.8207
1791436691.4706,0.0200,13.9725,0.0340,-0.1547,1.7770,1.7746,0.2811,0.2638,-0.1950,-0.1963,0.2892,0.2884,2.8180,0.0336,-0.1563,2.8180
1791436691.4897,0.0191,0.5474,0.0296,-0.1421,1.5825,1.7506,0.2122,0.2638,-0.1792,-0.1963,0.2940,0.2884,2.8155,0.0332,-0.1539,2.8155
1791436691.5105,0.0208,8.4709,0.0296,-0.1421,1.5825,1.7266,0.2122,0.2638,-0.1792,-0.1963,0.2940,0.2884,2.8132,0.0328,-0.1514,2.8132
1791436691.5301,0.0196,0.9033,0.0296,-0.1421,1.5825,1.7266,0.2122,0.2638,-0.1792,-0.1948,0.2940,0.2884,2.8105,0.0328,-0.1514,2.8105
1791436691.5549,0.0249,4.7910,0.0296,-0.1421,1.5825,1.6787,0.2122,0.2398,-0.1792,-0.1871,0.2940,0.2915,2.8062,0.0317,-0.1490,2.8062
1791436691.5699,0.0149,10.5916,0.0296,-0.1421,1.5825,1.6547,0.2122,0.2398,-0.1792,-0.1841,0.2940,0.2915,2.8048,0.0313,-0.1466,2.8048
1791436691.5898,0.0199,8.2409,0.0296,-0.1421,1.5825,1.6307,0.2122,0.2158,-0.1792,-0.1810,0.2940,0.2930,2.8019,0.0305,-0.1466,2.8019
1791436691.6098,0.0200,1.0854,0.0296,-0.1421,1.5825,1.6307,0.2122,0.2158,-0.1792,-0.1810,0.2940,0.2930,2.7989,0.0305,-0.1466,2.7989
1791436691.6300,0.0202,7.6300,0.0296,-0.1421,1.5825,1.6067,0.2122,0.1918,-0.1792,-0.1825,0.2940,0.2930,2.7960,0.0297,-0.1467,2.7960
1791436691.6538,0.0238,0.3410,0.0296,-0.1421,1.5825,1.6067,0.2122,0.2158,-0.1792,-0.1810,0.2940,0.2930,2.7931,0.0301,-0.1442,2.7931
1791436691.6705,0.0167,12.1545,0.0296,-0.1421,1.5825,1.6067,0.2122,0.1918,-0.1792,-0.1825,0.2940,0.2930,2.7903,0.0297,-0.1467,2.7903
1791436691.6903,0.0198,0.6160,0.0296,-0.1421,1.5825,1.5827,0.2122,0.1439,-0.1792,-0.1810,0.2940,0.2915,2.7873,0.0285,-0.1493,2.7873
1791436691.7114,0.0211,1.6761,0.0288,-0.1398,1.5452,1.5827,0.1974,0.1439,-0.1763,-0.1810,0.2964,0.2930,2.7845,0.0285,-0.1493,2.7845
1791436691.7307,0.0193,1.5590,0.0288,-0.1398,1.5452,1.5827,0.1974,0.1918,-0.1763,-0.1810,0.2964,0.2930,2.7823,0.0293,-0.1442,2.7823
1791436691.7500,0.0193,0.4352,0.0288,-0.1398,1.5452,1.5588,0.1974,0.2158,-0.1763,-0.1810,0.2964,0.2930,2.7799,0.0293,-0.1392,2.7799
1791436691.7700,0.0200,0.9891,0.0288,-0.1398,1.5452,1.5588,0.1974,0.2158,-0.1763,-0.1795,0.2964,0.2930,2.7774,0.0293,-0.1392,2.7774
1791436691.7897,0.0197,0.6937,0.0288,-0.1398,1.5452,1.5348,0.1974,0.2398,-0.1763,-0.1779,0.2964,0.2945,2.7748,0.0293,-0.1343,2.7748
1791436691.8098,0.0201,0.9765,0.0288,-0.1398,1.5452,1.5348,0.1974,0.2398,-0.1763,-0.1779,0.2964,0.2945,2.7722,0.0293,-0.1343,2.7722
1791436691.8298,0.0200,1.0284,0.0288,-0.1398,1.5452,1.5348,0.1974,0.2398,-0.1763,-0.1779,0.2964,0.2945,2.7695,0.0293,-0.1343,2.7695
1791436691.8505,0.0207,0.7790,0.0250,-0.1283,1.3753,1.5348,0.1409,0.2158,-0.1619,-0.1779,0.2980,0.2930,2.7667,0.0289,-0.1368,2.7667
1791436691.8725,0.0220,1.4521,0.0250,-0.1283,1.3753,1.5348,0.1409,0.1918,-0.1619,-0.1779,0.2980,0.2945,2.7639,0.0285,-0.1393,2.7639
1791436691.8899,0.0174,1.0330,0.0250,-0.1283,1.3753,1.5108,0.1409,0.1918,-0.1619,-0.1779,0.2980,0.2945,2.7612,0.0281,-0.1368,2.7612
1791436691.9097,0.0198,0.8441,0.0250,-0.1283,1.3753,1.4868,0.1409,0.1679,-0.1619,-0.1718,0.2980,0.2961,2.7585,0.0273,-0.1369,2.7585
1791436691.9299,0.0201,1.7626,0.0250,-0.1283,1.3753,1.4628,0.1409,0.1679,-0.1619,-0.1687,0.2980,0.2961,2.7572,0.0269,-0.1344,2.7572
1791436691.9541,0.0242,0.4466,0.0250,-0.1283,1.3753,1.4149,0.1409,0.1199,-0.1619,-0.1657,0.2980,0.2961,2.7533,0.0253,-0.1345,2.7533
1791436691.9717,0.0176,8.2241,0.0250,-0.1283,1.3753,1.3909,0.1409,0.1439,-0.1619,-0.1657,0.2980,0.2961,2.7508,0.0253,-0.1296,2.7508
1791436691.9897,0.0180,0.9909,0.0160,-0.1218,1.0688,1.3669,-0.0979,0.1439,-0.1242,-0.1641,0.2877,0.2961,2.7496,0.0249,-0.1271,2.7496
1791436692.0097,0.0199,0.6343,0.0060,-0.1218,0.7637,1.3429,-0.3973,0.1199,-0.0824,-0.1641,0.2877,0.2961,2.7471,0.0241,-0.1271,2.7471
1791436692.0305,0.0208,2.2135,0.0000,-0.1218,0.5788,1.3429,-0.5788,0.1199,-0.0747,-0.1626,0.2877,0.2945,2.7446,0.0241,-0.1271,2.7446
1791436692.0509,0.0205,1.0814,0.0000,-0.1218,0.5788,1.2950,-0.5788,0.0719,-0.0747,-0.1488,0.2877,0.2915,2.7420,0.0226,-0.1272,2.7420
1791436692.0700,0.0191,1.8375,0.0000,-0.1218,0.5788,1.1990,-0.5788,-0.0240,-0.0747,-0.1289,0.2877,0.2899,2.7395,0.0194,-0.1274,2.7395
1791436692.0897,0.0197,0.6762,0.0000,-0.1218,0.5788,1.0312,-0.5788,-0.1679,-0.0747,-0.1089,0.2877,0.2899,2.7371,0.0142,-0.1253,2.7371
1791436692.1097,0.0199,1.4615,0.0000,-0.1218,0.5788,0.8633,-0.5788,-0.3118,-0.0747,-0.0966,0.2877,0.2899,2.7347,0.0091,-0.1231,2.7347
1791436692.1304,0.0207,3.9826,0.0000,-0.1218,0.5788,0.7434,-0.5788,-0.3837,-0.0747,-0.0890,0.2877,0.2899,2.7323,0.0059,-0.1182,2.7323
1791436692.1524,0.0220,5.3089,0.0000,-0.1218,0.5788,0.6715,-0.5788,-0.4556,-0.0747,-0.0828,0.2877,0.2899,2.7299,0.0036,-0.1184,2.7299
1791436692.1698,0.0174,7.1854,0.0000,-0.1089,0.5177,0.6235,-0.5177,-0.5036,-0.0670,-0.0798,0.2886,0.2899,2.7275,0.0020,-0.1185,2.7275
1791436692.1913,0.0215,0.6027,0.0000,-0.1089,0.5177,0.5995,-0.5177,-0.5036,-0.0670,-0.0782,0.2886,0.2899,2.7251,0.0016,-0.1160,2.7251
1791436692.2098,0.0184,0.8286,0.0000,-0.1089,0.5177,0.5995,-0.5177,-0.5276,-0.0670,-0.0767,0.2886,0.2899,2.7227,0.0012,-0.1185,2.7227
1791436692.2298,0.0200,0.9117,0.0000,-0.1089,0.5177,0.5755,-0.5177,-0.5276,-0.0670,-0.0721,0.2886,0.2899,2.7203,0.0008,-0.1160,2.7203
1791436692.2499,0.0201,0.4466,0.0000,-0.1089,0.5177,0.5516,-0.5177,-0.5276,-0.0670,-0.0706,0.2886,0.2899,2.7178,0.0004,-0.1135,2.7178
1791436692.2697,0.0197,4.2065,0.0000,-0.1089,0.5177,0.5516,-0.5177,-0.5276,-0.0670,-0.0690,0.2886,0.2899,2.7153,0.0004,-0.1135,2.7153
1791436692.2898,0.0201,0.6854,0.0000,-0.1089,0.5177,0.5516,-0.5177,-0.5276,-0.0670,-0.0690,0.2886,0.2899,2.7128,0.0004,-0.1135,2.7128
1791436692.3100,0.0202,3.7269,0.0000,-0.1089,0.5177,0.5516,-0.5177,-0.5276,-0.0670,-0.0690,0.2886,0.2899,2.7103,0.0004,-0.1135,2.7103
1791436692.3355,0.0255,1.8753,-0.0128,-0.0324,-0.2323,0.5276,-0.5408,-0.5276,-0.0136,-0.0690,0.2965,0.2899,2.7079,0.0000,-0.1110,2.7079
1791436692.3518,0.0163,0.7671,-0.0209,0.0053,-0.6576,0.5276,-0.6089,-0.5036,0.0051,-0.0706,0.2965,0.2899,2.7055,0.0004,-0.1085,2.7055
1791436692.3702,0.0184,4.1101,-0.0301,0.0053,-0.9361,0.5276,-0.8872,-0.5036,0.0051,-0.0675,0.2965,0.2899,2.7033,0.0004,-0.1085,2.7033
1791436692.3899,0.0197,0.6678,-0.0400,0.0053,-1.2353,0.4077,-1.1863,-0.5036,0.0051,-0.0522,0.2965,0.2930,2.7015,-0.0016,-0.0958,2.7015
1791436692.4099,0.0199,1.6427,-0.0499,0.0053,-1.5374,0.1199,-1.4883,-0.5036,0.0051,-0.0322,0.2965,0.2945,2.7006,-0.0063,-0.0655,2.7006
1791436692.4298,0.0200,1.6981,-0.0524,0.0053,-1.6130,-0.1679,-1.5639,-0.5755,0.0051,-0.0169,0.2965,0.2945,2.7002,-0.0123,-0.0428,2.7002
1791436692.4502,0.0203,0.6250,-0.0524,0.0053,-1.6130,-0.4077,-1.5639,-0.7194,0.0051,-0.0092,0.2965,0.2930,2.6997,-0.0186,-0.0327,2.6997
1791436692.4699,0.0197,16.4736,-0.0524,0.0053,-1.6130,-0.7674,-1.5639,-0.9113,0.0051,-0.0031,0.2965,0.2945,2.6995,-0.0277,-0.0151,2.6995
1791436692.4898,0.0200,0.6610,-0.0524,0.0053,-1.6130,-0.9353,-1.5639,-1.0312,0.0051,-0.0015,0.2965,0.2945,2.6995,-0.0324,-0.0100,2.6995
1791436692.5114,0.0216,7.5519,-0.0524,0.0053,-1.6130,-1.2230,-1.5639,-1.2470,0.0051,0.0000,0.2965,0.2945,2.6995,-0.0408,-0.0025,2.6995
1791436692.5315,0.0201,10.4560,-0.0625,0.0352,-2.0566,-1.3909,-1.7306,-1.3909,0.0424,0.0015,0.2918,0.2930,2.6995,-0.0459,0.0000,2.6995
1791436692.5563,0.0247,6.1249,-0.0626,0.0352,-2.0601,-1.4868,-1.7340,-1.5108,0.0424,0.0031,0.2918,0.2930,2.6995,-0.0495,-0.0025,2.6995
1791436692.5698,0.0136,4.6860,-0.0626,0.0352,-2.0601,-1.5108,-1.7340,-1.5108,0.0424,0.0031,0.2918,0.2945,2.6996,-0.0499,0.0000,2.6996
1791436692.5898,0.0200,10.3493,-0.0626,0.0352,-2.0601,-1.5588,-1.7340,-1.5348,0.0424,0.0046,0.2918,0.2945,2.6997,-0.0510,0.0026,2.6997
1791436692.6135,0.0237,10.8341,-0.0626,0.0352,-2.0601,-1.6307,-1.7340,-1.5588,0.0424,0.0169,0.2918,0.2930,2.7001,-0.0526,0.0078,2.7001
1791436692.6298,0.0163,15.5757,-0.0626,0.0352,-2.0601,-1.7506,-1.7340,-1.6067,0.0424,0.0261,0.2918,0.2930,2.7006,-0.0554,0.0156,2.7006
1791436692.6576,0.0278,11.7478,-0.0626,0.0352,-2.0601,-1.9185,-1.7340,-1.6787,0.0424,0.0353,0.2918,0.2930,2.7018,-0.0594,0.0259,2.7018
1791436692.6701,0.0125,8.0844,-0.0626,0.0352,-2.0601,-1.9424,-1.7340,-1.6787,0.0424,0.0368,0.2918,0.2930,2.7022,-0.0597,0.0285,2.7022
1791436692.6904,0.0203,1.6942,-0.0670,0.0728,-2.3664,-1.9664,-1.6913,-1.6787,0.0850,0.0399,0.2853,0.2930,2.7032,-0.0601,0.0311,2.7032
1791436692.7105,0.0201,1.1082,-0.0670,0.0728,-2.3664,-2.0144,-1.6913,-1.6787,0.0894,0.0399,0.2853,0.2945,2.7043,-0.0609,0.0363,2.7043
1791436692.7298,0.0193,0.7373,-0.0670,0.0728,-2.3664,-2.0384,-1.6913,-1.7026,0.0894,0.0414,0.2853,0.2915,2.7054,-0.0617,0.0363,2.7054
1791436692.7502,0.0204,0.5040,-0.0670,0.0728,-2.3664,-2.1103,-1.6913,-1.7026,0.0894,0.0568,0.2853,0.2899,2.7064,-0.0629,0.0440,2.7064
1791436692.7704,0.0202,3.1902,-0.0670,0.0728,-2.3664,-2.1823,-1.6913,-1.7026,0.0894,0.0690,0.2853,0.2869,2.7077,-0.0641,0.0518,2.7077
1791436692.7896,0.0192,1.4197,-0.0670,0.0728,-2.3664,-2.2782,-1.6913,-1.7026,0.0894,0.0767,0.2853,0.2869,2.7092,-0.0657,0.0621,2.7092
1791436692.8103,0.0207,0.7206,-0.0670,0.0728,-2.3664,-2.3261,-1.6913,-1.7266,0.0894,0.0813,0.2853,0.2869,2.7107,-0.0669,0.0646,2.7107
1791436692.8314,0.0211,1.2890,-0.0670,0.0728,-2.3664,-2.3261,-1.6913,-1.7026,0.0894,0.0844,0.2853,0.2869,2.7124,-0.0665,0.0672,2.7124
1791436692.8501,0.0187,0.9105,-0.0674,0.0973,-2.4945,-2.3501,-1.5915,-1.7026,0.1201,0.0859,0.2692,0.2869,2.7142,-0.0669,0.0698,2.7142
1791436692.8699,0.0198,2.8569,-0.0674,0.0973,-2.4945,-2.3501,-1.5915,-1.7026,0.1201,0.0874,0.2692,0.2869,2.7159,-0.0669,0.0698,2.7159
1791436692.8904,0.0205,0.8606,-0.0674,0.0973,-2.4945,-2.3501,-1.5915,-1.6787,0.1201,0.0890,0.2692,0.2853,2.7177,-0.0665,0.0724,2.7177
1791436692.9100,0.0196,0.8492,-0.0674,0.0973,-2.4945,-2.3741,-1.5915,-1.6547,0.1201,0.0982,0.2692,0.2807,2.7197,-0.0665,0.0776,2.7197
1791436692.9300,0.0200,0.7415,-0.0674,0.0973,-2.4945,-2.4221,-1.5915,-1.6307,0.1201,0.1074,0.2692,0.2761,2.7217,-0.0669,0.0853,2.7217
1791436692.9505,0.0205,2.7424,-0.0674,0.0973,-2.4945,-2.4460,-1.5915,-1.5827,0.1201,0.1120,0.2692,0.2730,2.7239,-0.0665,0.0931,2.7239
1791436692.9704,0.0199,0.9813,-0.0674,0.0973,-2.4945,-2.4700,-1.5915,-1.5827,0.1201,0.1150,0.2692,0.2715,2.7260,-0.0669,0.0957,2.7260
1791436692.9897,0.0194,0.7414,-0.0647,0.1034,-2.4382,-2.4700,-1.4803,-1.6067,0.1276,0.1166,0.2606,0.2730,2.7271,-0.0673,0.0931,2.7271
1791436693.0098,0.0201,1.0557,-0.0647,0.1034,-2.4382,-2.4700,-1.4803,-1.6067,0.1276,0.1181,0.2606,0.2715,2.7293,-0.0673,0.0931,2.7293
1791436693.0309,0.0211,0.9250,-0.0647,0.1034,-2.4382,-2.4700,-1.4803,-1.5827,0.1276,0.1181,0.2606,0.2700,2.7327,-0.0669,0.0957,2.7327
1791436693.0523,0.0214,0.7053,-0.0647,0.1034,-2.4382,-2.4700,-1.4803,-1.5827,0.1276,0.1212,0.2606,0.2684,2.7348,-0.0669,0.0957,2.7348
1791436693.0701,0.0177,3.0289,-0.0647,0.1034,-2.4382,-2.4700,-1.4803,-1.5588,0.1276,0.1227,0.2606,0.2654,2.7359,-0.0665,0.0983,2.7359
1791436693.0897,0.0196,1.1870,-0.0647,0.1034,-2.4382,-2.4460,-1.4803,-1.5348,0.1276,0.1243,0.2606,0.2623,2.7382,-0.0657,0.0983,2.7382
1791436693.1136,0.0239,4.2193,-0.0647,0.1034,-2.4382,-2.4460,-1.4803,-1.5108,0.1276,0.1258,0.2606,0.2623,2.7416,-0.0653,0.1009,2.7416
1791436693.1309,0.0173,0.9740,-0.0560,0.1004,-2.1608,-2.4460,-1.2327,-1.5108,0.1239,0.1258,0.2449,0.2623,2.7428,-0.0653,0.1009,2.7428
1791436693.1546,0.0237,0.4845,-0.0445,0.1004,-1.8103,-2.4221,-0.8852,-1.4868,0.1239,0.1258,0.2449,0.2623,2.7464,-0.0645,0.1009,2.7464
1791436693.1705,0.0159,1.0291,-0.0445,0.1004,-1.8103,-2.4221,-0.8852,-1.4868,0.1239,0.1258,0.2449,0.2608,2.7476,-0.0645,0.1009,2.7476
1791436693.1896,0.0192,0.9037,-0.0445,0.1004,-1.8103,-2.3981,-0.8852,-1.4149,0.1239,0.1258,0.2449,0.2562,2.7501,-0.0629,0.1061,2.7501
1791436693.2097,0.0201,0.4758,-0.0445,0.1004,-1.8103,-2.2782,-0.8852,-1.3189,0.1239,0.1258,0.2449,0.2516,2.7525,-0.0594,0.1036,2.7525
1791436693.2301,0.0204,10.2836,-0.0445,0.1004,-1.8103,-2.1583,-0.8852,-1.1751,0.1239,0.1243,0.2449,0.2485,2.7548,-0.0550,0.1064,2.7548
1791436693.2552,0.0251,10.1893,-0.0445,0.1004,-1.8103,-2.0144,-0.8852,-1.0552,0.1239,0.1258,0.2449,0.2470,2.7570,-0.0506,0.1039,2.7570
1791436693.2697,0.0146,12.6946,-0.0445,0.1004,-1.8103,-1.8945,-0.8852,-0.9832,0.1239,0.1258,0.2449,0.2470,2.7591,-0.0475,0.0988,2.7591
1791436693.2897,0.0200,10.7262,-0.0445,0.1004,-1.8103,-1.8465,-0.8852,-0.9353,0.1239,0.1258,0.2449,0.2470,2.7613,-0.0459,0.0988,2.7613
1791436693.3112,0.0215,18.0005,-0.0445,0.1004,-1.8103,-1.8465,-0.8852,-0.9113,0.1239,0.1258,0.2449,0.2470,2.7635,-0.0455,0.1015,2.7635
1791436693.3298,0.0186,14.4152,-0.0445,0.1004,-1.8103,-1.8225,-0.8852,-0.9113,0.1239,0.1258,0.2449,0.2470,2.7657,-0.0451,0.0989,2.7657
1791436693.3566,0.0268,6.1518,-0.0445,0.1004,-1.8103,-1.7986,-0.8852,-0.8873,0.1239,0.1258,0.2449,0.2470,2.7689,-0.0443,0.0989,2.7689
1791436693.3706,0.0139,3.5634,-0.0429,0.0977,-1.7485,-1.7986,-0.8488,-0.8873,0.1205,0.1258,0.2493,0.2470,2.7700,-0.0443,0.0989,2.7700
1791436693.3897,0.0191,0.4895,-0.0429,0.0977,-1.7485,-1.7746,-0.8488,-0.9113,0.1205,0.1258,0.2493,0.2470,2.7721,-0.0443,0.0937,2.7721
1791436693.4097,0.0201,2.1347,-0.0429,0.0977,-1.7485,-1.7746,-0.8488,-0.8873,0.1205,0.1258,0.2493,0.2470,2.7743,-0.0439,0.0963,2.7743
1791436693.4304,0.0207,0.5640,-0.0429,0.0977,-1.7485,-1.7746,-0.8488,-0.8633,0.1205,0.1227,0.2493,0.2485,2.7765,-0.0435,0.0989,2.7765
1791436693.4505,0.0201,0.7289,-0.0429,0.0977,-1.7485,-1.7746,-0.8488,-0.8393,0.1205,0.1227,0.2493,0.2485,2.7787,-0.0431,0.1015,2.7787
1791436693.4705,0.0200,11.7938,-0.0429,0.0977,-1.7485,-1.7746,-0.8488,-0.8393,0.1205,0.1227,0.2493,0.2485,2.7810,-0.0431,0.1015,2.7810
1791436693.4900,0.0195,9.2792,-0.0339,0.0963,-1.4682,-1.7506,-0.5835,-0.8393,0.1188,0.1227,0.2463,0.2485,2.7832,-0.0427,0.0989,2.7832
1791436693.5125,0.0225,7.1346,-0.0339,0.0963,-1.4682,-1.7506,-0.5835,-0.8393,0.1188,0.1227,0.2463,0.2485,2.7854,-0.0427,0.0989,2.7854
1791436693.5317,0.0193,12.8575,-0.0339,0.0963,-1.4682,-1.7266,-0.5835,-0.8153,0.1188,0.1227,0.2463,0.2485,2.7876,-0.0419,0.0990,2.7876
1791436693.5501,0.0184,0.4865,-0.0339,0.0963,-1.4682,-1.7266,-0.5835,-0.8153,0.1188,0.1212,0.2463,0.2485,2.7887,-0.0419,0.0990,2.7887
1791436693.5698,0.0197,10.4841,-0.0339,0.0963,-1.4682,-1.6787,-0.5835,-0.7674,0.1188,0.1212,0.2463,0.2470,2.7909,-0.0404,0.0990,2.7909
1791436693.5898,0.0200,7.2668,-0.0339,0.0963,-1.4682,-1.5827,-0.5835,-0.6954,0.1188,0.1197,0.2463,0.2485,2.7930,-0.0376,0.0965,2.7930
1791436693.6105,0.0208,2.9932,-0.0339,0.0963,-1.4682,-1.5108,-0.5835,-0.6475,0.1188,0.1197,0.2463,0.2470,2.7951,-0.0356,0.0939,2.7951
1791436693.6304,0.0199,1.2429,-0.0339,0.0963,-1.4682,-1.4868,-0.5835,-0.5995,0.1188,0.1197,0.2463,0.2470,2.7972,-0.0344,0.0966,2.7972
1791436693.6506,0.0201,1.1144,-0.0339,0.0963,-1.4682,-1.4868,-0.5835,-0.5755,0.1188,0.1197,0.2463,0.2485,2.7994,-0.0340,0.0992,2.7994
1791436693.6705,0.0199,4.9242,-0.0339,0.0963,-1.4682,-1.4868,-0.5835,-0.5755,0.1188,0.1197,0.2463,0.2485,2.8015,-0.0340,0.0992,2.8015
1791436693.6898,0.0193,0.5899,-0.0273,0.0962,-1.2685,-1.4628,-0.3861,-0.5755,0.1187,0.1197,0.2343,0.2485,2.8037,-0.0336,0.0966,2.8037
1791436693.7099,0.0201,0.7796,-0.0273,0.0962,-1.2685,-1.4628,-0.3861,-0.5516,0.1187,0.1197,0.2343,0.2485,2.8058,-0.0332,0.0992,2.8058
1791436693.7304,0.0205,1.5904,-0.0273,0.0962,-1.2685,-1.4628,-0.3861,-0.5755,0.1187,0.1197,0.2343,0.2470,2.8080,-0.0336,0.0966,2.8080
1791436693.7519,0.0216,3.8504,-0.0273,0.0962,-1.2685,-1.4388,-0.3861,-0.5276,0.1187,0.1197,0.2343,0.2424,2.8100,-0.0324,0.0992,2.8100
1791436693.7698,0.0178,3.2781,-0.0273,0.0962,-1.2685,-1.3669,-0.3861,-0.4796,0.1187,0.1197,0.2343,0.2393,2.8120,-0.0305,0.0967,2.8120
1791436693.7898,0.0200,0.6583,-0.0273,0.0962,-1.2685,-1.3189,-0.3861,-0.4556,0.1187,0.1197,0.2343,0.2362,2.8141,-0.0293,0.0941,2.8141
1791436693.8097,0.0199,1.1453,-0.0273,0.0962,-1.2685,-1.2710,-0.3861,-0.4317,0.1187,0.1197,0.2343,0.2347,2.8161,-0.0281,0.0915,2.8161
1791436693.8299,0.0202,1.0184,-0.0273,0.0962,-1.2685,-1.2710,-0.3861,-0.4077,0.1187,0.1197,0.2343,0.2362,2.8181,-0.0277,0.0941,2.8181
1791436693.8505,0.0206,0.9679,-0.0199,0.0887,-1.0096,-1.2710,-0.1979,-0.3837,0.1093,0.1197,0.2308,0.2347,2.8201,-0.0273,0.0967,2.8201
1791436693.8701,0.0196,1.0408,-0.0199,0.0887,-1.0096,-1.2470,-0.1979,-0.4077,0.1093,0.1197,0.2308,0.2347,2.8221,-0.0273,0.0915,2.8221
1791436693.8897,0.0197,0.5395,-0.0199,0.0887,-1.0096,-1.2230,-0.1979,-0.3837,0.1093,0.1181,0.2308,0.2347,2.8241,-0.0265,0.0915,2.8241
1791436693.9097,0.0199,3.1086,-0.0199,0.0887,-1.0096,-1.1990,-0.1979,-0.3597,0.1093,0.1150,0.2308,0.2332,2.8261,-0.0257,0.0916,2.8261
1791436693.9299,0.0202,1.5566,-0.0199,0.0887,-1.0096,-1.1511,-0.1979,-0.2878,0.1093,0.1120,0.2308,0.2316,2.8280,-0.0237,0.0942,2.8280
1791436693.9507,0.0208,2.6821,-0.0199,0.0887,-1.0096,-1.1031,-0.1979,-0.2638,0.1093,0.1104,0.2308,0.2316,2.8300,-0.0226,0.0916,2.8300
1791436693.9704,0.0197,0.6719,-0.0199,0.0887,-1.0096,-1.0552,-0.1979,-0.2158,0.1093,0.1104,0.2308,0.2316,2.8320,-0.0210,0.0917,2.8320
1791436693.9897,0.0193,13.0118,-0.0199,0.0887,-1.0096,-1.0312,-0.1979,-0.2158,0.1093,0.1104,0.2308,0.2316,2.8340,-0.0206,0.0891,2.8340
1791436694.0098,0.0201,4.1310,-0.0199,0.0887,-1.0096,-1.0072,-0.1979,-0.1918,0.1093,0.1104,0.2308,0.2316,2.8359,-0.0198,0.0891,2.8359
1791436694.0304,0.0207,0.5588,-0.0096,0.1507,-0.9782,-1.0072,0.3968,-0.1918,0.1088,0.1104,0.2286,0.2316,2.8379,-0.0198,0.0891,2.8379
1791436694.0501,0.0197,0.5074,0.0000,0.1837,-0.8361,-1.0072,0.8361,-0.1918,0.1088,0.1104,0.2286,0.2316,2.8398,-0.0198,0.0891,2.8398
1791436694.0717,0.0216,1.0271,0.0000,0.1837,-0.8361,-1.0072,0.8361,-0.1679,0.1088,0.1104,0.2286,0.2301,2.8417,-0.0194,0.0917,2.8417
1791436694.0905,0.0188,0.5802,0.0000,0.1837,-0.8361,-1.0072,0.8361,-0.1439,0.1088,0.1104,0.2286,0.2316,2.8428,-0.0190,0.0944,2.8428
1791436694.1101,0.0196,4.4052,0.0000,0.1837,-0.8361,-0.9832,0.8361,0.0000,0.1088,0.1104,0.2286,0.2301,2.8452,-0.0162,0.1075,2.8452
1791436694.1301,0.0200,6.1690,0.0000,0.1837,-0.8361,-0.9353,0.8361,0.1918,0.1088,0.1104,0.2286,0.2301,2.8479,-0.0123,0.1234,2.8479
1791436694.1505,0.0204,0.4534,0.0000,0.1847,-0.8406,-0.8873,0.8406,0.4556,0.1088,0.1104,0.2286,0.2301,2.8511,-0.0071,0.1473,2.8511
1791436694.1706,0.0201,2.6532,0.0000,0.1847,-0.8406,-0.8393,0.8406,0.6475,0.1094,0.1104,0.2369,0.2301,2.8547,-0.0032,0.1632,2.8547
1791436694.1902,0.0197,11.0474,0.0000,0.1847,-0.8406,-0.8393,0.8406,0.7434,0.1094,0.1104,0.2369,0.2301,2.8584,-0.0016,0.1738,2.8584
1791436694.2104,0.0201,3.0976,0.0000,0.1847,-0.8406,-0.8153,0.8406,0.7914,0.1094,0.1104,0.2369,0.2316,2.8620,-0.0004,0.1765,2.8620
1791436694.2366,0.0262,1.8063,0.0000,0.1847,-0.8406,-0.8153,0.8406,0.7914,0.1094,0.1104,0.2369,0.2332,2.8676,-0.0004,0.1765,2.8676
1791436694.2540,0.0174,9.6496,0.0000,0.1847,-0.8406,-0.8153,0.8406,0.7914,0.1094,0.1104,0.2369,0.2332,2.8713,-0.0004,0.1765,2.8713
1791436694.2699,0.0159,8.6305,0.0000,0.1847,-0.8406,-0.8153,0.8406,0.7914,0.1094,0.1104,0.2369,0.2347,2.8731,-0.0004,0.1765,2.8731
1791436694.2899,0.0200,9.2379,0.0000,0.1847,-0.8406,-0.8153,0.8406,0.7914,0.1094,0.1104,0.2369,0.2347,2.8767,-0.0004,0.1765,2.8767
1791436694.3103,0.0204,8.1014,0.0000,0.1847,-0.8406,-0.8153,0.8406,0.7914,0.1094,0.1104,0.2369,0.2347,2.8805,-0.0004,0.1765,2.8805
1791436694.3300,0.0196,11.7735,-0.0098,0.1259,-0.8716,-0.8153,0.2769,0.8153,0.1503,0.1104,0.2586,0.2347,2.8842,0.0000,0.1792,2.8842
1791436694.3508,0.0208,0.4399,-0.0202,0.1215,-1.1687,-0.8393,-0.0568,0.8153,0.1503,0.1104,0.2586,0.2347,2.8880,-0.0004,0.1818,2.8880
1791436694.3704,0.0196,0.7551,-0.0249,0.1215,-1.3100,-0.8393,-0.1966,0.8153,0.1503,0.1104,0.2586,0.2347,2.8919,-0.0004,0.1818,2.8919
1791436694.3897,0.0193,0.4706,-0.0249,0.1215,-1.3100,-0.8393,-0.1966,0.8153,0.1503,0.1181,0.2586,0.2393,2.8958,-0.0004,0.1818,2.8958
1791436694.4099,0.0202,0.8813,-0.0249,0.1215,-1.3100,-0.9113,-0.1966,0.6475,0.1503,0.1289,0.2586,0.2470,2.8992,-0.0044,0.1711,2.8992
1791436694.4299,0.0200,1.8271,-0.0249,0.1215,-1.3100,-1.0072,-0.1966,0.3597,0.1503,0.1381,0.2586,0.2516,2.9022,-0.0107,0.1497,2.9022
1791436694.4504,0.0205,1.4944,-0.0249,0.1215,-1.3100,-1.1031,-0.1966,0.1199,0.1503,0.1427,0.2586,0.2546,2.9049,-0.0162,0.1338,2.9049
1791436694.4701,0.0198,1.3569,-0.0249,0.1215,-1.3100,-1.1751,-0.1966,0.0000,0.1503,0.1457,0.2586,0.2546,2.9077,-0.0194,0.1284,2.9077
1791436694.4897,0.0196,0.8372,-0.0313,0.1487,-1.6302,-1.2470,-0.2653,-0.0719,0.1842,0.1473,0.2703,0.2577,2.9104,-0.0218,0.1283,2.9104
1791436694.5102,0.0205,0.4726,-0.0313,0.1487,-1.6302,-1.2710,-0.2653,-0.1199,0.1842,0.1488,0.2703,0.2577,2.9131,-0.0229,0.1257,2.9131
1791436694.5309,0.0207,7.7071,-0.0313,0.1487,-1.6302,-1.2950,-0.2653,-0.1439,0.1842,0.1503,0.2703,0.2592,2.9159,-0.0237,0.1256,2.9159
1791436694.5536,0.0227,7.6498,-0.0313,0.1487,-1.6302,-1.3429,-0.2653,-0.1679,0.1842,0.1611,0.2703,0.2623,2.9187,-0.0249,0.1282,2.9187
1791436694.5706,0.0170,7.8933,-0.0313,0.1487,-1.6302,-1.4149,-0.2653,-0.1679,0.1842,0.1687,0.2703,0.2654,2.9217,-0.0261,0.1360,2.9217
1791436694.5898,0.0193,0.9383,-0.0313,0.1487,-1.6302,-1.4628,-0.2653,-0.1918,0.1842,0.1718,0.2703,0.2669,2.9232,-0.0273,0.1386,2.9232
1791436694.6103,0.0205,1.1075,-0.0313,0.1487,-1.6302,-1.5348,-0.2653,-0.2398,0.1842,0.1764,0.2703,0.2669,2.9263,-0.0293,0.1411,2.9263
1791436694.6325,0.0222,0.9207,-0.0313,0.1487,-1.6302,-1.5827,-0.2653,-0.2398,0.1842,0.1810,0.2703,0.2684,2.9313,-0.0301,0.1463,2.9313
1791436694.6511,0.0186,0.5770,-0.0329,0.1639,-1.7512,-1.6067,-0.2454,-0.2158,0.2033,0.1825,0.2715,0.2669,2.9331,-0.0301,0.1515,2.9331
1791436694.6704,0.0193,0.8748,-0.0329,0.1639,-1.7512,-1.6067,-0.2454,-0.1918,0.2033,0.1825,0.2715,0.2684,2.9366,-0.0297,0.1542,2.9366
1791436694.6897,0.0193,1.3861,-0.0329,0.1639,-1.7512,-1.6307,-0.2454,-0.2158,0.2033,0.1825,0.2715,0.2684,2.9399,-0.0305,0.1541,2.9399
1791436694.7097,0.0200,6.3760,-0.0329,0.1639,-1.7512,-1.6547,-0.2454,-0.2398,0.2033,0.1871,0.2715,0.2684,2.9432,-0.0313,0.1541,2.9432
1791436694.7301,0.0204,4.9122,-0.0329,0.1639,-1.7512,-1.6787,-0.2454,-0.2638,0.2033,0.1933,0.2715,0.2700,2.9466,-0.0321,0.1541,2.9466
1791436694.7528,0.0227,0.9981,-0.0329,0.1639,-1.7512,-1.7266,-0.2454,-0.2398,0.2033,0.1979,0.2715,0.2700,2.9502,-0.0324,0.1619,2.9502
1791436694.7703,0.0176,1.5738,-0.0329,0.1639,-1.7512,-1.7266,-0.2454,-0.2398,0.2033,0.1994,0.2715,0.2700,2.9536,-0.0324,0.1619,2.9536
1791436694.7904,0.0200,2.3106,-0.0329,0.1639,-1.7512,-1.7266,-0.2454,-0.2158,0.2033,0.2025,0.2715,0.2700,2.9570,-0.0321,0.1645,2.9570
1791436694.8111,0.0207,0.9286,-0.0329,0.1639,-1.7512,-1.7026,-0.2454,-0.2158,0.2033,0.2025,0.2715,0.2700,2.9604,-0.0317,0.1619,2.9604
1791436694.8334,0.0223,0.4681,-0.0283,0.1836,-1.7013,-1.7026,-0.0167,-0.2158,0.2280,0.2025,0.2601,0.2684,2.9637,-0.0317,0.1619,2.9637
1791436694.8507,0.0174,1.8167,-0.0283,0.1836,-1.7013,-1.7026,-0.0167,-0.2158,0.2280,0.2025,0.2601,0.2700,2.9671,-0.0317,0.1619,2.9671
1791436694.8714,0.0207,13.1593,-0.0283,0.1836,-1.7013,-1.7266,-0.0167,-0.2158,0.2280,0.2040,0.2601,0.2684,2.9706,-0.0321,0.1645,2.9706
1791436694.8899,0.0185,3.6419,-0.0283,0.1836,-1.7013,-1.7266,-0.0167,-0.1918,0.2280,0.2117,0.2601,0.2669,2.9741,-0.0317,0.1671,2.9741
1791436694.9104,0.0205,10.2608,-0.0283,0.1836,-1.7013,-1.7026,-0.0167,-0.1679,0.2280,0.2178,0.2601,0.2638,2.9778,-0.0309,0.1672,2.9778
1791436694.9299,0.0195,10.0995,-0.0283,0.1836,-1.7013,-1.7266,-0.0167,-0.1199,0.2280,0.2224,0.2601,0.2623,2.9815,-0.0305,0.1750,2.9815
1791436694.9573,0.0274,6.4374,-0.0248,0.1899,-1.6221,-1.7266,0.1187,-0.0719,0.2359,0.2255,0.2558,0.2623,2.9854,-0.0297,0.1803,2.9854
1791436694.9698,0.0125,8.2887,-0.0248,0.1899,-1.6221,-1.7266,0.1187,-0.0480,0.2359,0.2270,0.2558,0.2623,2.9892,-0.0293,0.1829,2.9892
1791436694.9903,0.0205,20.1314,-0.0248,0.1899,-1.6221,-1.7026,0.1187,-0.0480,0.2359,0.2270,0.2558,0.2623,2.9929,-0.0289,0.1803,2.9929
1791436695.0106,0.0203,9.1921,-0.0248,0.1899,-1.6221,-1.7026,0.1187,0.0000,0.2359,0.2301,0.2558,0.2608,2.9968,-0.0281,0.1856,2.9968
1791436695.0298,0.0192,14.5223,-0.0248,0.1899,-1.6221,-1.6787,0.1187,0.0000,0.2359,0.2332,0.2558,0.2577,3.0007,-0.0277,0.1830,3.0007
1791436695.0570,0.0272,5.6687,-0.0248,0.1899,-1.6221,-1.6307,0.1187,0.0719,0.2359,0.2332,0.2558,0.2577,3.0046,-0.0257,0.1857,3.0046
1791436695.0704,0.0134,2.5245,-0.0248,0.1899,-1.6221,-1.6067,0.1187,0.0959,0.2359,0.2347,0.2558,0.2577,3.0086,-0.0249,0.1858,3.0086
1791436695.0900,0.0196,2.7968,-0.0248,0.1899,-1.6221,-1.6067,0.1187,0.1439,0.2359,0.2347,0.2558,0.2577,3.0127,-0.0241,0.1911,3.0127
1791436695.1125,0.0225,8.3569,-0.0222,0.1909,-1.5457,-1.6067,0.2026,0.1199,0.2371,0.2347,0.2534,0.2577,3.0167,-0.0245,0.1884,3.0167
1791436695.1329,0.0204,1.7285,-0.0222,0.1909,-1.5457,-1.6067,0.2026,0.0480,0.2371,0.2347,0.2534,0.2577,3.0204,-0.0257,0.1805,3.0204
1791436695.1527,0.0199,0.4951,-0.0222,0.1909,-1.5457,-1.6067,0.2026,0.0240,0.2371,0.2347,0.2534,0.2577,3.0241,-0.0261,0.1779,3.0241
1791436695.1698,0.0170,0.7107,-0.0222,0.1909,-1.5457,-1.6067,0.2026,0.0480,0.2371,0.2347,0.2534,0.2577,3.0261,-0.0257,0.1805,3.0261
1791436695.1901,0.0204,3.5487,-0.0222,0.1909,-1.5457,-1.6067,0.2026,0.1199,0.2371,0.2362,0.2534,0.2562,3.0303,-0.0245,0.1884,3.0303
1791436695.2114,0.0213,6.3757,-0.0222,0.1909,-1.5457,-1.6067,0.2026,0.1439,0.2371,0.2347,0.2534,0.2546,3.0344,-0.0241,0.1911,3.0344
1791436695.2306,0.0192,13.9931,-0.0222,0.1909,-1.5457,-1.5827,0.2026,0.1439,0.2371,0.2362,0.2534,0.2546,3.0383,-0.0237,0.1885,3.0383
1791436695.2571,0.0265,7.5949,-0.0222,0.1909,-1.5457,-1.5588,0.2026,0.1439,0.2371,0.2347,0.2534,0.2546,3.0440,-0.0233,0.1859,3.0440
1791436695.2698,0.0127,9.5755,-0.0222,0.1909,-1.5457,-1.5348,0.2026,0.1439,0.2371,0.2362,0.2534,0.2546,3.0459,-0.0229,0.1833,3.0459
1791436695.2898,0.0200,12.2256,-0.0122,0.2508,-1.5142,-1.5348,0.7765,0.1918,0.2472,0.2347,0.2384,0.2546,3.0498,-0.0222,0.1885,3.0498
1791436695.3130,0.0232,4.1067,-0.0006,0.3204,-1.4757,-1.5108,1.4407,0.1918,0.2472,0.2362,0.2384,0.2546,3.0537,-0.0218,0.1859,3.0537
1791436695.3297,0.0167,2.0911,0.0000,0.3704,-1.6857,-1.4868,1.6857,0.1918,0.2472,0.2362,0.2384,0.2546,3.0578,-0.0214,0.1833,3.0578
1791436695.3585,0.0288,0.6309,0.0000,0.4142,-1.8853,-1.5108,1.8853,0.2878,0.2472,0.2393,0.2384,0.2516,3.0642,-0.0202,0.1965,3.0642
1791436695.3704,0.0118,7.5115,0.0000,0.4142,-1.8853,-1.5348,1.8853,0.3837,0.2472,0.2408,0.2384,0.2485,3.0665,-0.0190,0.2097,3.0665
1791436695.3898,0.0195,3.8318,0.0000,0.4142,-1.8853,-1.5348,1.8853,0.6954,0.2472,0.2424,0.2384,0.2408,3.0718,-0.0138,0.2441,3.0718
1791436695.4095,0.0197,6.8978,0.0000,0.4142,-1.8853,-1.5827,1.8853,1.0791,0.2472,0.2439,0.2384,0.2393,3.0784,-0.0083,0.2918,3.0784
1791436695.4298,0.0203,6.7889,0.0000,0.4142,-1.8853,-1.6547,1.8853,1.3669,0.2472,0.2439,0.2384,0.2393,3.0855,-0.0047,0.3316,3.0855
1791436695.4510,0.0212,1.1586,0.0000,0.4142,-1.8853,-1.7506,1.8853,1.5588,0.2472,0.2439,0.2384,0.2393,3.0929,-0.0032,0.3633,3.0929
1791436695.4701,0.0191,3.2685,0.0000,0.4142,-1.8853,-1.7986,1.8853,1.6547,0.2472,0.2439,0.2384,0.2393,3.1004,-0.0024,0.3792,3.1004
1791436695.4901,0.0200,1.8630,0.0000,0.4221,-1.9221,-1.8225,1.9221,1.7506,0.2520,0.2439,0.2339,0.2393,3.1085,-0.0012,0.3925,3.1085
1791436695.5120,0.0219,0.5808,0.0000,0.4221,-1.9221,-1.8465,1.9221,1.8225,0.2520,0.2439,0.2339,0.2393,3.1169,-0.0004,0.4031,3.1169
1791436695.5308,0.0187,2.3538,0.0000,0.4221,-1.9221,-1.8705,1.9221,1.8705,0.2520,0.2470,0.2339,0.2393,3.1253,0.0000,0.4109,3.1253
1791436695.5584,0.0277,3.4300,0.0000,0.4221,-1.9221,-1.8705,1.9221,1.8945,0.2520,0.2485,0.2339,0.2362,3.1338,0.0004,0.4135,3.1338
1791436695.5714,0.0130,10.7834,0.0000,0.4221,-1.9221,-1.8945,1.9221,1.8945,0.2520,0.2485,0.2339,0.2347,-3.1410,0.0000,0.4161,-3.1410
1791436695.5899,0.0185,10.3255,0.0000,0.4221,-1.9221,-1.8945,1.9221,1.8945,0.2520,0.2500,0.2339,0.2347,-3.1369,0.0000,0.4161,-3.1369
1791436695.6098,0.0199,12.8981,0.0000,0.4221,-1.9221,-1.8945,1.9221,1.8705,0.2520,0.2500,0.2339,0.2347,-3.1250,-0.0004,0.4135,-3.1250
1791436695.6299,0.0201,3.0364,0.0000,0.4221,-1.9221,-1.8945,1.9221,1.8945,0.2520,0.2500,0.2339,0.2347,-3.1211,0.0000,0.4161,-3.1211
1791436695.6503,0.0205,10.9711,0.0000,0.4313,-1.9643,-1.8945,1.9643,1.8945,0.2575,0.2500,0.2284,0.2347,-3.1128,0.0000,0.4161,-3.1128
1791436695.6704,0.0200,3.2234,0.0000,0.4313,-1.9643,-1.9185,1.9643,1.8945,0.2575,0.2485,0.2284,0.2347,-3.1042,-0.0004,0.4187,-3.1042
1791436695.6924,0.0220,6.0331,0.0000,0.4313,-1.9643,-1.9185,1.9643,1.9185,0.2575,0.2500,0.2284,0.2347,-3.0912,0.0000,0.4214,-3.0912
1791436695.7112,0.0189,2.4356,0.0000,0.4313,-1.9643,-1.9185,1.9643,1.9424,0.2575,0.2516,0.2284,0.2332,-3.0869,0.0004,0.4239,-3.0869
1791436695.7305,0.0192,1.9113,0.0000,0.4313,-1.9643,-1.9424,1.9643,1.9424,0.2575,0.2546,0.2284,0.2301,-3.0783,0.0000,0.4266,-3.0783
1791436695.7514,0.0209,4.2521,0.0000,0.4313,-1.9643,-1.9424,1.9643,1.9185,0.2575,0.2562,0.2284,0.2301,-3.0698,-0.0004,0.4239,-3.0698
1791436695.7698,0.0183,1.5305,0.0000,0.4313,-1.9643,-1.9185,1.9643,1.9424,0.2575,0.2562,0.2284,0.2301,-3.0615,0.0004,0.4239,-3.0615
1791436695.7898,0.0201,1.0019,0.0000,0.4313,-1.9643,-1.9185,1.9643,1.9424,0.2575,0.2562,0.2284,0.2301,-3.0532,0.0004,0.4239,-3.0532
1791436695.8099,0.0200,3.3827,0.0000,0.4313,-1.9643,-1.9424,1.9643,1.9185,0.2575,0.2562,0.2284,0.2301,-3.0450,-0.0004,0.4239,-3.0450
1791436695.8300,0.0201,1.0814,0.0000,0.4271,-1.9451,-1.9424,1.9451,1.9185,0.2550,0.2562,0.2292,0.2301,-3.0366,-0.0004,0.4239,-3.0366
1791436695.8507,0.0206,0.7206,0.0000,0.4271,-1.9451,-1.9424,1.9451,1.9424,0.2550,0.2562,0.2292,0.2301,-3.0281,0.0000,0.4266,-3.0281
1791436695.8697,0.0190,1.8752,0.0000,0.4271,-1.9451,-1.9664,1.9451,1.9424,0.2550,0.2562,0.2292,0.2301,-3.0196,-0.0004,0.4291,-3.0196
1791436695.8898,0.0201,2.6776,0.0000,0.4271,-1.9451,-1.9664,1.9451,1.9185,0.2550,0.2562,0.2292,0.2301,-3.0111,-0.0008,0.4265,-3.0111
1791436695.9099,0.0201,1.5996,0.0000,0.4271,-1.9451,-1.9424,1.9451,1.9424,0.2550,0.2562,0.2292,0.2301,-3.0022,0.0000,0.4266,-3.0022
1791436695.9315,0.0216,8.8065,0.0000,0.4115,-1.8733,-1.9424,1.8733,1.9664,0.2456,0.2562,0.2242,0.2301,-2.9933,0.0004,0.4291,-2.9933
1791436695.9500,0.0185,0.4278,0.0000,0.4115,-1.8733,-1.9185,1.8733,1.9664,0.2456,0.2562,0.2242,0.2301,-2.9848,0.0008,0.4264,-2.9848
1791436695.9700,0.0200,0.8926,0.0000,0.4115,-1.8733,-1.9185,1.8733,1.9424,0.2456,0.2562,0.2242,0.2301,-2.9766,0.0004,0.4239,-2.9766
1791436695.9909,0.0209,0.4873,0.0000,0.4115,-1.8733,-1.8945,1.8733,1.9185,0.2456,0.2516,0.2242,0.2286,-2.9685,0.0004,0.4187,-2.9685
1791436696.0125,0.0216,1.0321,0.0000,0.4115,-1.8733,-1.8945,1.8733,1.8705,0.2456,0.2500,0.2242,0.2270,-2.9605,-0.0004,0.4135,-2.9605
1791436696.0306,0.0182,1.3683,0.0000,0.4115,-1.8733,-1.8705,1.8733,1.8465,0.2456,0.2485,0.2242,0.2255,-2.9524,-0.0004,0.4083,-2.9524
1791436696.0503,0.0197,2.1336,0.0000,0.4115,-1.8733,-1.8705,1.8733,1.8705,0.2456,0.2485,0.2242,0.2255,-2.9441,0.0000,0.4109,-2.9441
1791436696.0706,0.0202,3.9483,0.0000,0.4115,-1.8733,-1.8945,1.8733,1.8705,0.2456,0.2485,0.2242,0.2255,-2.9357,-0.0004,0.4135,-2.9357
1791436696.0902,0.0196,8.3335,0.0000,0.3974,-1.8083,-1.9185,1.8083,1.8465,0.2371,0.2485,0.2190,0.2255,-2.9275,-0.0012,0.4134,-2.9275
1791436696.1097,0.0195,3.0548,0.0000,0.3974,-1.8083,-1.8945,1.8083,1.8465,0.2371,0.2485,0.2190,0.2255,-2.9234,-0.0008,0.4108,-2.9234
1791436696.1299,0.0202,5.1650,0.0000,0.3974,-1.8083,-1.8705,1.8083,1.8465,0.2371,0.2485,0.2190,0.2255,-2.9151,-0.0004,0.4083,-2.9151
1791436696.1600,0.0301,4.9294,0.0000,0.3974,-1.8083,-1.8465,1.8083,1.8705,0.2371,0.2424,0.2190,0.2224,-2.9021,0.0004,0.4083,-2.9021
1791436696.1697,0.0097,5.1221,0.0000,0.3974,-1.8083,-1.8465,1.8083,1.8705,0.2371,0.2408,0.2190,0.2209,-2.8978,0.0004,0.4083,-2.8978
1791436696.1898,0.0200,8.0164,0.0000,0.3974,-1.8083,-1.7986,1.8083,1.8705,0.2371,0.2393,0.2190,0.2209,-2.8895,0.0012,0.4029,-2.8895
1791436696.2104,0.0206,0.7028,0.0000,0.3974,-1.8083,-1.7986,1.8083,1.8465,0.2371,0.2393,0.2190,0.2209,-2.8819,0.0008,0.4004,-2.8819
1791436696.2299,0.0195,2.2806,0.0000,0.3974,-1.8083,-1.7986,1.8083,1.7746,0.2371,0.2393,0.2190,0.2209,-2.8742,-0.0004,0.3926,-2.8742
1791436696.2501,0.0202,1.0597,0.0101,0.3366,-1.2308,-1.7986,1.8444,1.7266,0.2135,0.2393,0.2158,0.2209,-2.8664,-0.0012,0.3872,-2.8664
1791436696.2704,0.0203,2.5267,0.0203,0.2757,-0.6490,-1.7746,1.8785,1.7746,0.2135,0.2393,0.2158,0.2209,-2.8584,0.0000,0.3900,-2.8584
1791436696.2904,0.0200,12.3595,0.0210,0.2156,-0.3522,-1.7746,1.6253,1.7986,0.2135,0.2362,0.2158,0.2209,-2.8504,0.0004,0.3926,-2.8504
1791436696.3097,0.0192,7.0698,0.0210,0.1721,-0.1525,-1.7266,1.4256,1.7986,0.2135,0.2286,0.2158,0.2194,-2.8429,0.0012,0.3872,-2.8429
1791436696.3307,0.0210,1.5819,0.0210,0.1721,-0.1525,-1.5108,1.4256,1.7746,0.2135,0.2224,0.2158,0.2178,-2.8359,0.0044,0.3604,-2.8359
1791436696.3502,0.0196,0.4988,0.0210,0.1721,-0.1525,-1.2230,1.4256,1.7986,0.2135,0.2178,0.2158,0.2178,-2.8295,0.0095,0.3309,-2.8295
1791436696.3705,0.0203,1.7850,0.0210,0.1721,-0.1525,-0.9113,1.4256,1.7746,0.2135,0.2148,0.2158,0.2178,-2.8237,0.0142,0.2936,-2.8237
1791436696.3897,0.0192,2.1696,0.0210,0.1721,-0.1525,-0.6475,1.4256,1.6787,0.2135,0.2148,0.2158,0.2178,-2.8191,0.0170,0.2540,-2.8191
1791436696.4104,0.0207,4.5755,0.0210,0.1721,-0.1525,-0.4556,1.4256,1.5588,0.2135,0.2148,0.2158,0.2178,-2.8154,0.0182,0.2199,-2.8154
1791436696.4300,0.0196,2.2889,0.0238,0.1505,0.0305,-0.3118,1.4126,1.4868,0.1866,0.2148,0.2118,0.2178,-2.8120,0.0194,0.1962,-2.8120
1791436696.4548,0.0248,1.9386,0.0238,0.1505,0.0305,-0.2398,1.4126,1.4388,0.1866,0.2148,0.2118,0.2178,-2.8087,0.0198,0.1831,-2.8087
1791436696.4703,0.0156,0.5902,0.0238,0.1505,0.0305,-0.1918,1.4126,1.3909,0.1866,0.2132,0.2118,0.2178,-2.8057,0.0198,0.1727,-2.8057
1791436696.4897,0.0193,9.4441,0.0238,0.1505,0.0305,-0.1439,1.4126,1.3909,0.1866,0.2040,0.2118,0.2148,-2.8027,0.0206,0.1674,-2.8027
1791436696.5135,0.0239,6.7515,0.0238,0.1505,0.0305,-0.0719,1.4126,1.3909,0.1866,0.1963,0.2118,0.2132,-2.7997,0.0218,0.1595,-2.7997
1791436696.5299,0.0163,0.7578,0.0238,0.1505,0.0305,-0.0240,1.4126,1.3909,0.1866,0.1917,0.2118,0.2132,-2.7967,0.0226,0.1542,-2.7967
1791436696.5627,0.0329,4.1606,0.0238,0.1505,0.0305,0.0000,1.4126,1.4388,0.1866,0.1902,0.2118,0.2132,-2.7919,0.0237,0.1567,-2.7919
1791436696.5704,0.0077,4.8967,0.0235,0.1275,0.1272,0.0240,1.2978,1.4388,0.1705,0.1887,0.2091,0.2132,-2.7903,0.0241,0.1541,-2.7903
1791436696.5897,0.0193,3.7646,0.0235,0.1264,0.1325,0.0000,1.2925,1.4149,0.1564,0.1887,0.2091,0.2132,-2.7873,0.0233,0.1541,-2.7873
1791436696.6107,0.0210,6.6254,0.0235,0.1264,0.1325,0.0000,1.2925,1.4149,0.1564,0.1871,0.2091,0.2132,-2.7843,0.0233,0.1541,-2.7843
1791436696.6304,0.0197,3.8345,0.0235,0.1264,0.1325,0.0000,1.2925,1.4149,0.1564,0.1795,0.2091,0.2117,-2.7814,0.0233,0.1541,-2.7814
1791436696.6526,0.0221,0.4233,0.0235,0.1264,0.1325,0.0240,1.2925,1.3669,0.1564,0.1703,0.2091,0.2102,-2.7786,0.0229,0.1463,-2.7786
1791436696.6704,0.0179,11.9710,0.0235,0.1264,0.1325,0.0480,1.2925,1.3429,0.1564,0.1672,0.2091,0.2102,-2.7774,0.0229,0.1411,-2.7774
1791436696.6899,0.0194,10.8805,0.0235,0.1264,0.1325,0.1199,1.2925,1.2950,0.1564,0.1626,0.2091,0.2102,-2.7750,0.0233,0.1280,-2.7750
1791436696.7106,0.0207,10.5794,0.0235,0.1264,0.1325,0.1439,1.2925,1.2950,0.1564,0.1595,0.2091,0.2102,-2.7727,0.0237,0.1254,-2.7727
1791436696.7299,0.0193,14.9562,0.0235,0.1264,0.1325,0.1199,1.2925,1.2950,0.1564,0.1580,0.2091,0.2102,-2.7702,0.0233,0.1280,-2.7702
1791436696.7600,0.0301,6.7188,0.0235,0.1264,0.1325,0.1199,1.2925,1.2950,0.1564,0.1580,0.2091,0.2102,-2.7667,0.0233,0.1280,-2.7667
1791436696.7699,0.0099,6.9540,0.0243,0.1079,0.2409,0.1199,1.2319,1.2710,0.1356,0.1580,0.2066,0.2102,-2.7655,0.0229,0.1254,-2.7655
1791436696.7902,0.0203,1.0605,0.0243,0.1079,0.2409,0.1439,1.2319,1.2710,0.1333,0.1580,0.2066,0.2102,-2.7633,0.0233,0.1228,-2.7633
1791436696.8104,0.0202,1.2173,0.0243,0.1079,0.2409,0.1439,1.2319,1.2710,0.1333,0.1580,0.2066,0.2102,-2.7611,0.0233,0.1228,-2.7611
1791436696.8299,0.0195,1.7088,0.0243,0.1079,0.2409,0.1439,1.2319,1.2710,0.1333,0.1519,0.2066,0.2086,-2.7588,0.0233,0.1228,-2.7588
1791436696.8502,0.0204,0.4862,0.0243,0.1079,0.2409,0.1679,1.2319,1.2710,0.1333,0.1442,0.2066,0.2086,-2.7566,0.0237,0.1202,-2.7566
1791436696.8699,0.0197,1.5308,0.0243,0.1079,0.2409,0.1679,1.2319,1.2470,0.1333,0.1411,0.2066,0.2086,-2.7544,0.0233,0.1176,-2.7544
1791436696.8897,0.0198,1.3523,0.0209,0.0911,0.2150,0.1918,1.0508,1.2230,0.1124,0.1381,0.2123,0.2086,-2.7523,0.0233,0.1123,-2.7523
1791436696.9105,0.0208,0.5228,0.0209,0.0911,0.2150,0.2158,1.0508,1.1990,0.1124,0.1350,0.2123,0.2086,-2.7502,0.0233,0.1071,-2.7502
1791436696.9301,0.0196,1.2401,0.0209,0.0911,0.2150,0.2158,1.0508,1.1990,0.1124,0.1335,0.2123,0.2086,-2.7479,0.0233,0.1071,-2.7479
1791436696.9536,0.0235,9.6885,0.0209,0.0911,0.2150,0.2158,1.0508,1.1990,0.1124,0.1258,0.2123,0.2102,-2.7457,0.0233,0.1071,-2.7457
1791436696.9697,0.0161,10.9068,0.0209,0.0911,0.2150,0.1918,1.0508,1.1751,0.1124,0.1212,0.2123,0.2102,-2.7434,0.0226,0.1071,-2.7434
1791436696.9904,0.0207,2.6073,0.0209,0.0911,0.2150,0.1918,1.0508,1.1511,0.1124,0.1166,0.2123,0.2102,-2.7414,0.0222,0.1045,-2.7414
1791436697.0104,0.0200,0.8820,0.0209,0.0911,0.2150,0.1439,1.0508,1.0791,0.1124,0.1150,0.2123,0.2102,-2.7394,0.0202,0.1020,-2.7394
1791436697.0301,0.0197,3.7121,0.0209,0.0911,0.2150,0.1679,1.0508,1.0552,0.1124,0.1135,0.2123,0.2086,-2.7378,0.0202,0.0968,-2.7378
1791436697.0515,0.0214,0.6432,0.0102,0.1136,-0.2105,0.1918,0.8272,1.0312,0.0675,0.1135,0.2243,0.2102,-2.7362,0.0202,0.0915,-2.7362
1791436697.0697,0.0182,3.2872,0.0011,0.1136,-0.4846,0.2158,0.5496,1.0312,0.0667,0.1135,0.2243,0.2102,-2.7346,0.0206,0.0889,-2.7346
1791436697.0905,0.0208,0.5791,0.0000,0.1136,-0.5169,0.2398,0.5169,1.0312,0.0667,0.1120,0.2243,0.2117,-2.7330,0.0210,0.0863,-2.7330
1791436697.1097,0.0192,11.1020,0.0000,0.1136,-0.5169,0.2158,0.5169,1.0072,0.0667,0.1012,0.2243,0.2148,-2.7312,0.0202,0.0863,-2.7312
1791436697.1300,0.0203,3.2303,0.0000,0.1136,-0.5169,0.1439,0.5169,0.9592,0.0667,0.0936,0.2243,0.2163,-2.7303,0.0182,0.0890,-2.7303
1791436697.1499,0.0199,0.4755,0.0000,0.1136,-0.5169,-0.0959,0.5169,0.8393,0.0667,0.0798,0.2243,0.2194,-2.7280,0.0123,0.1023,-2.7280
1791436697.1714,0.0215,0.6380,0.0000,0.1136,-0.5169,-0.3597,0.5169,0.6715,0.0667,0.0721,0.2243,0.2224,-2.7247,0.0051,0.1131,-2.7247
1791436697.1901,0.0187,1.4641,0.0000,0.1136,-0.5169,-0.3837,0.5169,0.6235,0.0667,0.0706,0.2243,0.2209,-2.7236,0.0040,0.1105,-2.7236
1791436697.2098,0.0196,0.9720,0.0000,0.0918,-0.4176,-0.4317,0.4176,0.5755,0.0535,0.0675,0.2282,0.2224,-2.7214,0.0024,0.1106,-2.7214
1791436697.2304,0.0206,0.5090,0.0000,0.0918,-0.4176,-0.4556,0.4176,0.5516,0.0535,0.0675,0.2282,0.2209,-2.7191,0.0016,0.1106,-2.7191
1791436697.2505,0.0202,1.4074,0.0000,0.0918,-0.4176,-0.4556,0.4176,0.5516,0.0535,0.0660,0.2282,0.2224,-2.7167,0.0016,0.1106,-2.7167
1791436697.2704,0.0198,0.8128,0.0000,0.0918,-0.4176,-0.4556,0.4176,0.5276,0.0535,0.0629,0.2282,0.2255,-2.7144,0.0012,0.1080,-2.7144
1791436697.2897,0.0193,4.1156,0.0000,0.0918,-0.4176,-0.4317,0.4176,0.4796,0.0535,0.0568,0.2282,0.2270,-2.7123,0.0008,0.1001,-2.7123
1791436697.3097,0.0200,0.7399,0.0000,0.0918,-0.4176,-0.4077,0.4176,0.4556,0.0535,0.0552,0.2282,0.2270,-2.7104,0.0008,0.0948,-2.7104
1791436697.3314,0.0217,1.1318,0.0000,0.0918,-0.4176,-0.4077,0.4176,0.4556,0.0535,0.0552,0.2282,0.2270,-2.7085,0.0008,0.0948,-2.7085
1791436697.3524,0.0210,0.7537,0.0000,0.0918,-0.4176,-0.4077,0.4176,0.4317,0.0535,0.0552,0.2282,0.2270,-2.7065,0.0004,0.0922,-2.7065
1791436697.3708,0.0184,5.3877,0.0000,0.0365,-0.1662,-0.4077,0.1662,0.4077,0.0150,0.0552,0.2540,0.2270,-2.7048,0.0000,0.0896,-2.7048
1791436697.3905,0.0197,4.3836,0.0000,-0.0227,0.1077,-0.3837,-0.1077,0.4077,-0.0263,0.0552,0.2540,0.2270,-2.7030,0.0004,0.0869,-2.7030
1791436697.4097,0.0192,1.1800,0.0000,-0.0642,0.3053,-0.3837,-0.3053,0.3837,-0.0402,0.0537,0.2540,0.2286,-2.7013,0.0000,0.0843,-2.7013
1791436697.4299,0.0202,5.3260,0.0000,-0.0642,0.3053,-0.3597,-0.3053,0.3597,-0.0402,0.0445,0.2540,0.2362,-2.6998,0.0000,0.0790,-2.6998
1791436697.4527,0.0228,2.2233,0.0000,-0.0642,0.3053,-0.2638,-0.3053,0.2638,-0.0402,0.0245,0.2540,0.2424,-2.6987,0.0000,0.0580,-2.6987
1791436697.4703,0.0176,0.6474,0.0000,-0.0642,0.3053,-0.1199,-0.3053,0.1199,-0.0402,0.0015,0.2540,0.2485,-2.6986,0.0000,0.0263,-2.6986
1791436697.4899,0.0195,3.1665,0.0000,-0.0642,0.3053,0.0000,-0.3053,0.0000,-0.0402,-0.0153,0.2540,0.2500,-2.6989,0.0000,0.0000,-2.6989
1791436697.5107,0.0208,15.0812,0.0000,-0.0642,0.3053,0.0959,-0.3053,-0.1199,-0.0402,-0.0261,0.2540,0.2516,-2.6996,-0.0004,-0.0227,-2.6996
1791436697.5304,0.0197,2.4628,-0.0098,-0.0676,0.0236,0.1918,-0.6203,-0.1918,-0.0814,-0.0322,0.2543,0.2531,-2.7005,0.0000,-0.0404,-2.7005
1791436697.5594,0.0290,1.0610,-0.0229,-0.0676,-0.3717,0.2398,-1.0173,-0.2638,-0.0861,-0.0353,0.2543,0.2531,-2.7020,-0.0004,-0.0530,-2.7020
1791436697.5716,0.0122,8.3789,-0.0229,-0.0676,-0.3717,0.2398,-1.0173,-0.2638,-0.0861,-0.0368,0.2543,0.2531,-2.7025,-0.0004,-0.0530,-2.7025
1791436697.5897,0.0181,0.5428,-0.0229,-0.0676,-0.3717,0.1918,-1.0173,-0.2398,-0.0861,-0.0491,0.2543,0.2531,-2.7032,-0.0008,-0.0454,-2.7032
1791436697.6101,0.0205,6.0937,-0.0229,-0.0676,-0.3717,0.0959,-1.0173,-0.3118,-0.0861,-0.0629,0.2543,0.2531,-2.7041,-0.0036,-0.0429,-2.7041
1791436697.6297,0.0196,9.6758,-0.0229,-0.0676,-0.3717,0.0480,-1.0173,-0.4317,-0.0861,-0.0690,0.2543,0.2531,-2.7046,-0.0063,-0.0504,-2.7046
1791436697.6593,0.0295,13.7970,-0.0229,-0.0676,-0.3717,-0.2158,-1.0173,-0.8393,-0.0861,-0.0813,0.2543,0.2531,-2.7074,-0.0174,-0.0654,-2.7074
1791436697.6735,0.0142,6.9200,-0.0229,-0.0676,-0.3717,-0.2398,-1.0173,-0.8873,-0.0861,-0.0828,0.2543,0.2531,-2.7081,-0.0186,-0.0679,-2.7081
1791436697.6898,0.0163,8.3665,-0.0245,-0.0815,-0.3539,-0.2638,-1.1324,-0.9113,-0.1035,-0.0828,0.2561,0.2531,-2.7088,-0.0194,-0.0679,-2.7088
1791436697.7099,0.0201,24.0095,-0.0245,-0.0815,-0.3539,-0.2878,-1.1324,-0.9113,-0.1035,-0.0813,0.2561,0.2531,-2.7100,-0.0198,-0.0653,-2.7100
1791436697.7341,0.0242,1.2819,-0.0245,-0.0815,-0.3539,-0.3118,-1.1324,-0.9353,-0.1035,-0.0859,0.2561,0.2531,-2.7118,-0.0206,-0.0653,-2.7118
1791436697.7590,0.0249,1.3524,-0.0245,-0.0815,-0.3539,-0.3357,-1.1324,-0.9592,-0.1035,-0.0920,0.2561,0.2546,-2.7132,-0.0214,-0.0653,-2.7132
1791436697.7697,0.0107,7.0679,-0.0245,-0.0815,-0.3539,-0.3597,-1.1324,-0.9832,-0.1035,-0.0951,0.2561,0.2546,-2.7139,-0.0222,-0.0653,-2.7139
1791436697.7898,0.0201,8.1105,-0.0245,-0.0815,-0.3539,-0.3597,-1.1324,-1.0312,-0.1035,-0.0982,0.2561,0.2531,-2.7154,-0.0229,-0.0703,-2.7154
1791436697.8106,0.0209,15.7626,-0.0245,-0.0815,-0.3539,-0.3597,-1.1324,-1.0552,-0.1035,-0.1012,0.2561,0.2546,-2.7169,-0.0233,-0.0728,-2.7169
1791436697.8298,0.0192,7.0692,-0.0245,-0.0815,-0.3539,-0.3597,-1.1324,-1.0791,-0.1035,-0.1012,0.2561,0.2546,-2.7184,-0.0237,-0.0753,-2.7184
1791436697.8499,0.0201,0.2895,-0.0245,-0.0815,-0.3539,-0.3597,-1.1324,-1.1031,-0.1035,-0.1012,0.2561,0.2546,-2.7200,-0.0241,-0.0778,-2.7200
1791436697.8701,0.0201,6.0174,-0.0245,-0.0815,-0.3539,-0.3597,-1.1324,-1.1031,-0.1035,-0.1012,0.2561,0.2546,-2.7216,-0.0241,-0.0778,-2.7216
1791436697.8914,0.0213,10.2099,-0.0245,-0.0815,-0.3539,-0.3837,-1.1324,-1.1271,-0.1035,-0.1012,0.2561,0.2546,-2.7232,-0.0249,-0.0778,-2.7232
1791436697.9097,0.0183,8.5241,-0.0245,-0.0815,-0.3539,-0.3597,-1.1324,-1.1271,-0.1035,-0.1012,0.2561,0.2546,-2.7248,-0.0245,-0.0803,-2.7248
1791436697.9300,0.0203,11.8406,-0.0223,-0.0819,-0.2849,-0.3597,-1.0664,-1.1271,-0.1039,-0.1012,0.2532,0.2546,-2.7265,-0.0245,-0.0803,-2.7265
1791436697.9559,0.0259,13.3247,-0.0223,-0.0819,-0.2849,-0.3597,-1.0664,-1.1271,-0.1039,-0.1012,0.2532,0.2546,-2.7289,-0.0245,-0.0803,-2.7289
1791436697.9707,0.0148,10.2126,-0.0223,-0.0819,-0.2849,-0.3597,-1.0664,-1.1271,-0.1039,-0.1012,0.2532,0.2546,-2.7297,-0.0245,-0.0803,-2.7297
1791436697.9904,0.0197,0.5714,-0.0223,-0.0819,-0.2849,-0.3597,-1.0664,-1.1271,-0.1039,-0.1028,0.2532,0.2546,-2.7315,-0.0245,-0.0803,-2.7315
1791436698.0104,0.0201,8.3548,-0.0223,-0.0819,-0.2849,-0.3357,-1.0664,-1.1031,-0.1039,-0.1028,0.2532,0.2546,-2.7331,-0.0237,-0.0804,-2.7331
1791436698.0314,0.0209,1.7912,-0.0223,-0.0819,-0.2849,-0.3118,-1.0664,-1.0791,-0.1039,-0.1028,0.2532,0.2546,-2.7347,-0.0229,-0.0804,-2.7347
1791436698.0515,0.0201,6.4809,-0.0223,-0.0819,-0.2849,-0.2878,-1.0664,-1.0552,-0.1039,-0.1028,0.2532,0.2546,-2.7363,-0.0222,-0.0804,-2.7363
1791436698.0698,0.0183,2.2991,-0.0223,-0.0819,-0.2849,-0.2878,-1.0664,-1.0552,-0.1039,-0.1028,0.2532,0.2546,-2.7379,-0.0222,-0.0804,-2.7379
1791436698.0899,0.0201,1.8620,-0.0232,-0.0838,-0.3037,-0.2878,-1.1036,-1.0312,-0.1063,-0.1028,0.2541,0.2546,-2.7395,-0.0218,-0.0779,-2.7395
1791436698.1097,0.0198,1.1643,-0.0232,-0.0838,-0.3037,-0.2878,-1.1036,-1.0312,-0.1063,-0.1028,0.2541,0.2546,-2.7411,-0.0218,-0.0779,-2.7411
1791436698.1299,0.0202,10.7576,-0.0232,-0.0838,-0.3037,-0.2878,-1.1036,-1.0312,-0.1063,-0.1028,0.2541,0.2546,-2.7427,-0.0218,-0.0779,-2.7427
1791436698.1537,0.0238,0.3862,-0.0232,-0.0838,-0.3037,-0.2878,-1.1036,-1.0312,-0.1063,-0.1043,0.2541,0.2546,-2.7443,-0.0218,-0.0779,-2.7443
1791436698.1717,0.0180,4.0128,-0.0232,-0.0838,-0.3037,-0.2878,-1.1036,-1.0552,-0.1063,-0.1043,0.2541,0.2546,-2.7459,-0.0222,-0.0804,-2.7459
1791436698.1897,0.0180,0.5103,-0.0232,-0.0838,-0.3037,-0.2878,-1.1036,-1.0552,-0.1063,-0.1043,0.2541,0.2546,-2.7468,-0.0222,-0.0804,-2.7468
1791436698.2099,0.0202,0.8575,-0.0232,-0.0838,-0.3037,-0.2878,-1.1036,-1.0552,-0.1063,-0.1043,0.2541,0.2531,-2.7484,-0.0222,-0.0804,-2.7484
1791436698.2298,0.0199,1.6838,-0.0232,-0.0838,-0.3037,-0.2878,-1.1036,-1.0791,-0.1063,-0.1043,0.2541,0.2546,-2.7501,-0.0226,-0.0829,-2.7501
1791436698.2502,0.0204,5.4745,-0.0236,-0.0786,-0.3391,-0.3118,-1.0897,-1.1031,-0.0998,-0.1043,0.2545,0.2546,-2.7518,-0.0233,-0.0829,-2.7518
1791436698.2714,0.0213,0.6880,-0.0236,-0.0786,-0.3391,-0.3118,-1.0897,-1.1031,-0.0998,-0.1043,0.2545,0.2546,-2.7535,-0.0233,-0.0829,-2.7535
1791436698.2898,0.0184,1.0705,-0.0236,-0.0786,-0.3391,-0.3118,-1.0897,-1.1031,-0.0998,-0.1043,0.2545,0.2546,-2.7553,-0.0233,-0.0829,-2.7553
1791436698.3101,0.0202,5.5199,-0.0236,-0.0786,-0.3391,-0.3118,-1.0897,-1.1031,-0.0998,-0.1028,0.2545,0.2546,-2.7570,-0.0233,-0.0829,-2.7570
1791436698.3299,0.0199,4.9657,-0.0236,-0.0786,-0.3391,-0.3118,-1.0897,-1.1031,-0.0998,-0.1028,0.2545,0.2546,-2.7586,-0.0233,-0.0829,-2.7586
1791436698.3531,0.0231,6.9069,-0.0236,-0.0786,-0.3391,-0.3118,-1.0897,-1.1031,-0.0998,-0.1012,0.2545,0.2531,-2.7603,-0.0233,-0.0829,-2.7603
1791436698.3698,0.0167,4.8251,-0.0152,-0.1287,0.1519,-0.3118,-1.0749,-1.0791,-0.0814,-0.1012,0.2624,0.2546,-2.7620,-0.0229,-0.0804,-2.7620
1791436698.3911,0.0214,4.6863,-0.0045,-0.1329,0.4944,-0.3118,-0.7701,-1.0791,-0.0814,-0.0997,0.2624,0.2531,-2.7636,-0.0229,-0.0804,-2.7636
1791436698.4100,0.0189,11.4408,0.0000,-0.1329,0.6317,-0.3118,-0.6317,-1.0791,-0.0814,-0.0997,0.2624,0.2546,-2.7653,-0.0229,-0.0804,-2.7653
1791436698.4309,0.0209,8.8879,0.0000,-0.1329,0.6317,-0.2878,-0.6317,-1.1031,-0.0814,-0.0997,0.2624,0.2562,-2.7671,-0.0229,-0.0854,-2.7671
1791436698.4532,0.0224,1.8965,0.0000,-0.1329,0.6317,-0.1918,-0.6317,-1.0791,-0.0814,-0.0936,0.2624,0.2592,-2.7693,-0.0210,-0.0930,-2.7693
1791436698.4698,0.0166,1.3197,0.0000,-0.1329,0.6317,0.0000,-0.6317,-0.9592,-0.0814,-0.0874,0.2624,0.2592,-2.7714,-0.0158,-0.1006,-2.7714
1791436698.4912,0.0214,0.7189,0.0000,-0.1329,0.6317,0.2158,-0.6317,-0.8393,-0.0814,-0.0844,0.2624,0.2592,-2.7737,-0.0103,-0.1108,-2.7737
1791436698.5101,0.0189,3.5645,0.0000,-0.1329,0.6317,0.4317,-0.6317,-0.7434,-0.0814,-0.0828,0.2624,0.2608,-2.7765,-0.0051,-0.1235,-2.7765
1791436698.5299,0.0198,1.4155,0.0000,-0.1256,0.5969,0.5276,-0.5969,-0.6954,-0.0770,-0.0828,0.2604,0.2608,-2.7792,-0.0028,-0.1286,-2.7792
1791436698.5501,0.0202,12.7220,0.0000,-0.1256,0.5969,0.5516,-0.5969,-0.6475,-0.0770,-0.0828,0.2604,0.2592,-2.7818,-0.0016,-0.1261,-2.7818
1791436698.5699,0.0198,13.1311,0.0000,-0.1256,0.5969,0.5755,-0.5969,-0.6235,-0.0770,-0.0813,0.2604,0.2608,-2.7847,-0.0008,-0.1261,-2.7847
1791436698.5897,0.0198,10.1071,0.0000,-0.1256,0.5969,0.5755,-0.5969,-0.6235,-0.0770,-0.0813,0.2604,0.2592,-2.7873,-0.0008,-0.1261,-2.7873
1791436698.6121,0.0224,0.7462,0.0000,-0.1256,0.5969,0.5755,-0.5969,-0.5995,-0.0770,-0.0782,0.2604,0.2592,-2.7900,-0.0004,-0.1236,-2.7900
1791436698.6326,0.0204,2.5187,0.0000,-0.1256,0.5969,0.5755,-0.5969,-0.5995,-0.0770,-0.0782,0.2604,0.2592,-2.7927,-0.0004,-0.1236,-2.7927
1791436698.6513,0.0188,0.3939,0.0000,-0.1256,0.5969,0.5995,-0.5969,-0.5995,-0.0770,-0.0782,0.2604,0.2592,-2.7954,0.0000,-0.1261,-2.7954
1791436698.6697,0.0184,1.0030,0.0000,-0.1256,0.5969,0.5995,-0.5969,-0.5995,-0.0770,-0.0782,0.2604,0.2592,-2.7979,0.0000,-0.1261,-2.7979
1791436698.6897,0.0199,0.7417,0.0000,-0.1256,0.5969,0.5755,-0.5969,-0.5755,-0.0770,-0.0782,0.2604,0.2592,-2.7992,0.0000,-0.1211,-2.7992
1791436698.7099,0.0203,8.1355,0.0000,-0.1256,0.5969,0.5755,-0.5969,-0.5755,-0.0770,-0.0782,0.2604,0.2608,-2.8018,0.0000,-0.1211,-2.8018
1791436698.7326,0.0227,1.4932,0.0000,-0.1224,0.5815,0.5755,-0.5815,-0.5755,-0.0751,-0.0782,0.2554,0.2608,-2.8056,0.0000,-0.1211,-2.8056
1791436698.7588,0.0262,6.4129,0.0000,-0.1224,0.5815,0.5755,-0.5815,-0.5755,-0.0751,-0.0782,0.2554,0.2592,-2.8081,0.0000,-0.1211,-2.8081
1791436698.7704,0.0116,6.2219,0.0000,-0.1224,0.5815,0.5516,-0.5815,-0.5755,-0.0751,-0.0782,0.2554,0.2592,-2.8093,-0.0004,-0.1186,-2.8093
1791436698.7898,0.0194,7.3637,0.0000,-0.1224,0.5815,0.5516,-0.5815,-0.5755,-0.0751,-0.0767,0.2554,0.2592,-2.8118,-0.0004,-0.1186,-2.8118
1791436698.8097,0.0199,1.7237,0.0000,-0.1224,0.5815,0.5755,-0.5815,-0.5755,-0.0751,-0.0767,0.2554,0.2577,-2.8143,0.0000,-0.1211,-2.8143
1791436698.8301,0.0204,5.7355,0.0000,-0.1224,0.5815,0.5755,-0.5815,-0.5755,-0.0751,-0.0767,0.2554,0.2577,-2.8169,0.0000,-0.1211,-2.8169
1791436698.8519,0.0219,18.3375,0.0000,-0.1224,0.5815,0.5755,-0.5815,-0.5755,-0.0751,-0.0767,0.2554,0.2577,-2.8194,0.0000,-0.1211,-2.8194
1791436698.8707,0.0188,12.7247,0.0000,-0.1224,0.5815,0.5755,-0.5815,-0.5755,-0.0751,-0.0767,0.2554,0.2577,-2.8219,0.0000,-0.1211,-2.8219
1791436698.8898,0.0190,19.3578,0.0000,-0.1173,0.5574,0.5755,-0.5574,-0.5755,-0.0720,-0.0767,0.2599,0.2577,-2.8243,0.0000,-0.1211,-2.8243
1791436698.9098,0.0200,7.1010,0.0000,-0.1173,0.5574,0.5516,-0.5574,-0.5516,-0.0720,-0.0767,0.2599,0.2577,-2.8267,0.0000,-0.1160,-2.8267
1791436698.9298,0.0200,6.5699,0.0000,-0.1173,0.5574,0.5516,-0.5574,-0.5755,-0.0720,-0.0767,0.2599,0.2577,-2.8291,-0.0004,-0.1186,-2.8291
1791436698.9594,0.0296,8.1707,0.0000,-0.1173,0.5574,0.5516,-0.5574,-0.5755,-0.0720,-0.0752,0.2599,0.2577,-2.8327,-0.0004,-0.1186,-2.8327
1791436698.9704,0.0110,5.2028,0.0000,-0.1173,0.5574,0.5516,-0.5574,-0.5516,-0.0720,-0.0752,0.2599,0.2577,-2.8338,0.0000,-0.1160,-2.8338
1791436698.9899,0.0195,6.5432,0.0000,-0.1173,0.5574,0.5276,-0.5574,-0.5516,-0.0720,-0.0752,0.2599,0.2577,-2.8361,-0.0004,-0.1135,-2.8361
1791436699.0097,0.0198,5.4883,0.0000,-0.1173,0.5574,0.5276,-0.5574,-0.5516,-0.0720,-0.0752,0.2599,0.2577,-2.8384,-0.0004,-0.1135,-2.8384
1791436699.0306,0.0208,3.6820,0.0000,-0.1173,0.5574,0.5276,-0.5574,-0.5276,-0.0720,-0.0752,0.2599,0.2577,-2.8407,0.0000,-0.1110,-2.8407
1791436699.0556,0.0250,0.7274,0.0000,-0.1173,0.5574,0.5276,-0.5574,-0.5276,-0.0720,-0.0752,0.2599,0.2577,-2.8429,0.0000,-0.1110,-2.8429
1791436699.0707,0.0151,0.8769,0.0000,-0.1173,0.5574,0.5276,-0.5574,-0.5516,-0.0720,-0.0752,0.2599,0.2577,-2.8453,-0.0004,-0.1135,-2.8453
1791436699.0898,0.0191,1.4091,0.0000,-0.1057,0.5025,0.5516,-0.5025,-0.5276,-0.0651,-0.0752,0.2630,0.2577,-2.8477,0.0004,-0.1135,-2.8477
1791436699.1100,0.0201,0.9709,0.0000,-0.1057,0.5025,0.5516,-0.5025,-0.5276,-0.0651,-0.0752,0.2630,0.2577,-2.8502,0.0004,-0.1135,-2.8502
1791436699.1311,0.0212,1.0916,0.0000,-0.1057,0.5025,0.5516,-0.5025,-0.5276,-0.0651,-0.0721,0.2630,0.2577,-2.8526,0.0004,-0.1135,-2.8526
1791436699.1500,0.0189,0.5143,0.0000,-0.1057,0.5025,0.5516,-0.5025,-0.5276,-0.0651,-0.0690,0.2630,0.2592,-2.8550,0.0004,-0.1135,-2.8550
1791436699.1698,0.0198,0.9287,0.0000,-0.1057,0.5025,0.5276,-0.5025,-0.5276,-0.0651,-0.0675,0.2630,0.2592,-2.8573,0.0000,-0.1110,-2.8573
1791436699.1897,0.0199,0.5682,0.0000,-0.1057,0.5025,0.5036,-0.5025,-0.5036,-0.0651,-0.0660,0.2630,0.2608,-2.8595,0.0000,-0.1060,-2.8595
1791436699.2097,0.0200,0.7809,0.0000,-0.1057,0.5025,0.5036,-0.5025,-0.5036,-0.0651,-0.0660,0.2630,0.2608,-2.8617,0.0000,-0.1060,-2.8617
1791436699.2304,0.0207,5.2506,0.0000,-0.1057,0.5025,0.5036,-0.5025,-0.4796,-0.0651,-0.0660,0.2630,0.2608,-2.8638,0.0004,-0.1034,-2.8638
1791436699.2531,0.0227,6.3911,0.0000,-0.0812,0.3859,0.5036,-0.3859,-0.4796,-0.0503,-0.0660,0.2638,0.2608,-2.8659,0.0004,-0.1034,-2.8659
1791436699.2699,0.0169,12.6509,0.0000,-0.0812,0.3859,0.5036,-0.3859,-0.4796,-0.0503,-0.0660,0.2638,0.2608,-2.8670,0.0004,-0.1034,-2.8670
1791436699.2898,0.0198,2.7302,0.0000,-0.0812,0.3859,0.4796,-0.3859,-0.4796,-0.0503,-0.0660,0.2638,0.2608,-2.8691,0.0000,-0.1009,-2.8691
1791436699.3114,0.0216,2.4872,0.0000,-0.0812,0.3859,0.4796,-0.3859,-0.4796,-0.0503,-0.0598,0.2638,0.2623,-2.8723,0.0000,-0.1009,-2.8723
1791436699.3301,0.0187,1.3135,0.0000,-0.0812,0.3859,0.4556,-0.3859,-0.4556,-0.0503,-0.0568,0.2638,0.2608,-2.8732,0.0000,-0.0959,-2.8732
1791436699.3543,0.0242,0.9481,0.0000,-0.0812,0.3859,0.4077,-0.3859,-0.4077,-0.0503,-0.0537,0.2638,0.2623,-2.8758,0.0000,-0.0858,-2.8758
1791436699.3703,0.0160,0.6662,0.0000,-0.0812,0.3859,0.4077,-0.3859,-0.4077,-0.0503,-0.0522,0.2638,0.2623,-2.8767,0.0000,-0.0858,-2.8767
1791436699.3897,0.0193,0.8534,0.0000,-0.0812,0.3859,0.3837,-0.3859,-0.3837,-0.0503,-0.0522,0.2638,0.2623,-2.8784,0.0000,-0.0807,-2.8784
1791436699.4098,0.0201,1.0461,0.0000,-0.0812,0.3859,0.3837,-0.3859,-0.3837,-0.0503,-0.0522,0.2638,0.2623,-2.8801,0.0000,-0.0807,-2.8801
1791436699.4298,0.0200,0.9598,0.0000,-0.0678,0.3220,0.3837,-0.3220,-0.3837,-0.0423,-0.0522,0.2628,0.2623,-2.8819,0.0000,-0.0807,-2.8819
1791436699.4548,0.0250,2.2048,0.0000,-0.0678,0.3220,0.3837,-0.3220,-0.3837,-0.0423,-0.0522,0.2628,0.2608,-2.8844,0.0000,-0.0807,-2.8844
1791436699.4700,0.0152,1.5166,0.0000,-0.0678,0.3220,0.3837,-0.3220,-0.3837,-0.0423,-0.0506,0.2628,0.2623,-2.8853,0.0000,-0.0807,-2.8853
1791436699.4913,0.0213,0.5707,0.0000,-0.0678,0.3220,0.3597,-0.3220,-0.3597,-0.0423,-0.0476,0.2628,0.2623,-2.8869,0.0000,-0.0757,-2.8869
1791436699.5104,0.0190,0.5414,0.0000,-0.0678,0.3220,0.3357,-0.3220,-0.3597,-0.0423,-0.0460,0.2628,0.2608,-2.8885,-0.0004,-0.0732,-2.8885
1791436699.5300,0.0196,1.3416,0.0000,-0.0678,0.3220,0.3357,-0.3220,-0.3357,-0.0423,-0.0445,0.2628,0.2608,-2.8899,0.0000,-0.0706,-2.8899
1791436699.5528,0.0229,0.5257,0.0000,-0.0678,0.3220,0.3118,-0.3220,-0.3118,-0.0423,-0.0445,0.2628,0.2623,-2.8914,0.0000,-0.0656,-2.8914
1791436699.5704,0.0175,6.2040,0.0000,-0.0678,0.3220,0.3118,-0.3220,-0.2878,-0.0423,-0.0445,0.2628,0.2608,-2.8927,0.0004,-0.0631,-2.8927
1791436699.5897,0.0193,1.4968,0.0000,-0.0585,0.2782,0.3118,-0.2782,-0.3118,-0.0367,-0.0445,0.2633,0.2623,-2.8940,0.0000,-0.0656,-2.8940
1791436699.6106,0.0209,7.1475,0.0000,-0.0585,0.2782,0.2878,-0.2782,-0.2878,-0.0367,-0.0445,0.2633,0.2623,-2.8953,0.0000,-0.0605,-2.8953
1791436699.6298,0.0192,1.5916,0.0000,-0.0585,0.2782,0.2878,-0.2782,-0.3118,-0.0367,-0.0445,0.2633,0.2623,-2.8965,-0.0004,-0.0631,-2.8965
1791436699.6561,0.0262,1.7480,0.0000,-0.0585,0.2782,0.2878,-0.2782,-0.3118,-0.0367,-0.0414,0.2633,0.2623,-2.8978,-0.0004,-0.0631,-2.8978
1791436699.6704,0.0144,1.5704,0.0000,-0.0585,0.2782,0.2878,-0.2782,-0.2878,-0.0367,-0.0383,0.2633,0.2608,-2.8990,0.0000,-0.0605,-2.8990
1791436699.6897,0.0193,3.8420,0.0000,-0.0585,0.2782,0.2878,-0.2782,-0.2878,-0.0367,-0.0383,0.2633,0.2608,-2.9003,0.0000,-0.0605,-2.9003
1791436699.7095,0.0197,2.7523,0.0000,-0.0483,0.2298,0.2878,-0.2298,-0.2878,-0.0367,-0.0383,0.2633,0.2608,-2.9016,0.0000,-0.0605,-2.9016
1791436699.7345,0.0250,8.5701,0.0000,-0.0483,0.2298,0.2878,-0.2298,-0.2878,-0.0306,-0.0383,0.2669,0.2623,-2.9028,0.0000,-0.0605,-2.9028
1791436699.7508,0.0163,1.1161,0.0000,-0.0483,0.2298,0.2638,-0.2298,-0.2878,-0.0306,-0.0383,0.2669,0.2623,-2.9040,-0.0004,-0.0580,-2.9040
1791436699.7699,0.0192,15.3382,0.0000,-0.0483,0.2298,0.2638,-0.2298,-0.2638,-0.0306,-0.0383,0.2669,0.2623,-2.9052,0.0000,-0.0555,-2.9052
1791436699.7903,0.0204,4.7923,0.0000,-0.0483,0.2298,0.2638,-0.2298,-0.2638,-0.0306,-0.0383,0.2669,0.2623,-2.9058,0.0000,-0.0555,-2.9058
1791436699.8099,0.0196,2.6301,0.0000,-0.0483,0.2298,0.2398,-0.2298,-0.2638,-0.0306,-0.0353,0.2669,0.2638,-2.9069,-0.0004,-0.0530,-2.9069
1791436699.8306,0.0207,6.0406,0.0000,-0.0483,0.2298,0.2398,-0.2298,-0.2398,-0.0306,-0.0322,0.2669,0.2638,-2.9080,0.0000,-0.0505,-2.9080
1791436699.8509,0.0202,1.4247,0.0000,-0.0483,0.2298,0.2398,-0.2298,-0.2398,-0.0306,-0.0322,0.2669,0.2654,-2.9091,0.0000,-0.0505,-2.9091
1791436699.8708,0.0199,1.8895,0.0000,-0.0483,0.2298,0.2398,-0.2298,-0.2398,-0.0306,-0.0322,0.2669,0.2654,-2.9101,0.0000,-0.0505,-2.9101
1791436699.8897,0.0189,0.4997,0.0000,-0.0190,0.0902,0.2398,-0.0902,-0.2398,-0.0253,-0.0322,0.2679,0.2654,-2.9112,0.0000,-0.0505,-2.9112
1791436699.9097,0.0199,3.8127,0.0000,-0.0190,0.0902,0.2398,-0.0902,-0.2158,-0.0253,-0.0322,0.2679,0.2654,-2.9122,0.0004,-0.0479,-2.9122
1791436699.9299,0.0202,10.5971,0.0000,-0.0190,0.0902,0.2398,-0.0902,-0.2398,-0.0253,-0.0322,0.2679,0.2654,-2.9132,0.0000,-0.0505,-2.9132
1791436699.9503,0.0205,0.5003,0.0000,-0.0190,0.0902,0.1918,-0.0902,-0.1918,-0.0253,-0.0291,0.2679,0.2669,-2.9140,0.0000,-0.0404,-2.9140
1791436699.9699,0.0196,0.7735,0.0000,-0.0190,0.0902,0.1439,-0.0902,-0.1439,-0.0253,-0.0276,0.2679,0.2669,-2.9145,0.0000,-0.0303,-2.9145
1791436699.9903,0.0204,0.7305,0.0000,-0.0190,0.0902,0.1199,-0.0902,-0.1199,-0.0253,-0.0276,0.2679,0.2669,-2.9150,0.0000,-0.0252,-2.9150
1791436700.0099,0.0195,1.1108,0.0000,-0.0190,0.0902,0.1199,-0.0902,-0.0959,-0.0253,-0.0261,0.2679,0.2669,-2.9154,0.0004,-0.0227,-2.9154
1791436700.0305,0.0206,3.5351,0.0000,-0.0190,0.0902,0.0959,-0.0902,-0.0959,-0.0253,-0.0261,0.2679,0.2669,-2.9158,0.0000,-0.0202,-2.9158
1791436700.0520,0.0216,0.6138,0.0000,-0.0179,0.0853,0.0959,-0.0853,-0.0719,-0.0240,-0.0261,0.2690,0.2669,-2.9161,0.0004,-0.0177,-2.9161
1791436700.0698,0.0178,6.9638,0.0000,-0.0179,0.0853,0.0959,-0.0853,-0.0719,-0.0240,-0.0261,0.2690,0.2669,-2.9165,0.0004,-0.0177,-2.9165
1791436700.0903,0.0205,1.2207,0.0000,-0.0179,0.0853,0.0959,-0.0853,-0.0959,-0.0240,-0.0261,0.2690,0.2669,-2.9169,0.0000,-0.0202,-2.9169
1791436700.1095,0.0192,0.8006,0.0000,-0.0179,0.0853,0.0959,-0.0853,-0.0959,-0.0240,-0.0261,0.2690,0.2669,-2.9172,0.0000,-0.0202,-2.9172
1791436700.1308,0.0213,2.4016,0.0000,-0.0179,0.0853,0.0719,-0.0853,-0.0959,-0.0240,-0.0261,0.2690,0.2669,-2.9176,-0.0004,-0.0177,-2.9176
1791436700.1501,0.0192,0.4244,0.0000,-0.0179,0.0853,0.0719,-0.0853,-0.0959,-0.0240,-0.0261,0.2690,0.2669,-2.9180,-0.0004,-0.0177,-2.9180
1791436700.1706,0.0205,0.8930,0.0000,-0.0179,0.0853,0.0959,-0.0853,-0.0719,-0.0240,-0.0261,0.2690,0.2669,-2.9183,0.0004,-0.0177,-2.9183
1791436700.1916,0.0210,0.9675,0.0000,-0.0179,0.0853,0.0959,-0.0853,-0.0719,-0.0240,-0.0276,0.2690,0.2669,-2.9186,0.0004,-0.0177,-2.9186
1791436700.2119,0.0203,1.0823,0.0000,-0.0157,0.0744,0.0719,-0.0744,-0.0959,-0.0211,-0.0261,0.2625,0.2654,-2.9191,-0.0004,-0.0177,-2.9191
1791436700.2297,0.0178,0.6014,0.0000,-0.0157,0.0744,0.0719,-0.0744,-0.0959,-0.0211,-0.0276,0.2625,0.2669,-2.9194,-0.0004,-0.0177,-2.9194
1791436700.2530,0.0233,4.0511,0.0000,-0.0157,0.0744,0.0719,-0.0744,-0.0719,-0.0211,-0.0261,0.2625,0.2654,-2.9197,0.0000,-0.0151,-2.9197
1791436700.2700,0.0170,13.3745,0.0000,-0.0157,0.0744,0.0719,-0.0744,-0.0719,-0.0211,-0.0230,0.2625,0.2638,-2.9200,0.0000,-0.0151,-2.9200
1791436700.2896,0.0196,8.2418,0.0000,-0.0157,0.0744,0.0719,-0.0744,-0.0480,-0.0211,-0.0230,0.2625,0.2638,-2.9203,0.0004,-0.0126,-2.9203
1791436700.3098,0.0202,4.1739,0.0000,-0.0157,0.0744,0.0719,-0.0744,-0.0719,-0.0211,-0.0230,0.2625,0.2638,-2.9206,0.0000,-0.0151,-2.9206
1791436700.3297,0.0198,0.5822,0.0000,-0.0157,0.0744,0.0719,-0.0744,-0.0719,-0.0211,-0.0230,0.2625,0.2638,-2.9207,0.0000,-0.0151,-2.9207
1791436700.3522,0.0225,0.7254,0.0000,-0.0157,0.0744,0.0480,-0.0744,-0.0240,-0.0211,-0.0230,0.2625,0.2638,-2.9210,0.0004,-0.0076,-2.9210
1791436700.3698,0.0176,2.9492,0.0088,-0.0165,0.3461,0.0480,0.1886,-0.0480,-0.0222,-0.0230,0.2777,0.2638,-2.9212,0.0000,-0.0101,-2.9212
1791436700.3897,0.0198,0.8717,0.0187,-0.0165,0.6469,0.0719,0.4886,-0.0719,-0.0222,-0.0230,0.2777,0.2638,-2.9215,0.0000,-0.0151,-2.9215
1791436700.4105,0.0209,0.8825,0.0292,-0.0165,0.9638,0.0719,0.8047,-0.0480,-0.0222,-0.0230,0.2777,0.2638,-2.9218,0.0004,-0.0126,-2.9218
1791436700.4304,0.0198,1.1082,0.0391,-0.0165,1.2649,0.0719,1.1050,-0.0480,-0.0222,-0.0230,0.2777,0.2684,-2.9220,0.0004,-0.0126,-2.9220
1791436700.4509,0.0205,0.7313,0.0491,-0.0165,1.5691,0.1918,1.4084,0.0240,-0.0222,-0.0230,0.2777,0.2715,-2.9223,0.0036,-0.0176,-2.9223
1791436700.4697,0.0188,0.6597,0.0491,-0.0165,1.5691,0.3597,1.4084,0.1918,-0.0222,-0.0230,0.2777,0.2730,-2.9226,0.0091,-0.0176,-2.9226
1791436700.4903,0.0206,2.4283,0.0491,-0.0165,1.5691,0.5755,1.4084,0.3597,-0.0222,-0.0230,0.2777,0.2746,-2.9232,0.0154,-0.0225,-2.9232
1791436700.5099,0.0196,0.6137,0.0545,-0.0112,1.7065,0.8633,1.5975,0.5995,-0.0155,-0.0230,0.3187,0.2761,-2.9240,0.0241,-0.0274,-2.9240
1791436700.5297,0.0198,2.1252,0.0545,-0.0112,1.7065,1.1271,1.5975,0.9113,-0.0155,-0.0230,0.3187,0.2761,-2.9243,0.0336,-0.0223,-2.9243
1791436700.5505,0.0207,1.4567,0.0545,-0.0112,1.7065,1.3189,1.5975,1.1511,-0.0155,-0.0230,0.3187,0.2777,-2.9246,0.0408,-0.0173,-2.9246
1791436700.5710,0.0205,0.9576,0.0545,-0.0112,1.7065,1.4388,1.5975,1.3189,-0.0155,-0.0184,0.3187,0.2899,-2.9250,0.0455,-0.0123,-2.9250
1791436700.5907,0.0197,0.8799,0.0545,-0.0112,1.7065,1.5348,1.5975,1.4388,-0.0155,-0.0169,0.3187,0.3007,-2.9253,0.0491,-0.0098,-2.9253
1791436700.6098,0.0191,4.9106,0.0545,-0.0112,1.7065,1.6067,1.5975,1.4628,-0.0155,-0.0169,0.3187,0.3068,-2.9257,0.0506,-0.0148,-2.9257
1791436700.6298,0.0200,2.3830,0.0545,-0.0112,1.7065,1.6307,1.5975,1.4868,-0.0155,-0.0169,0.3187,0.3114,-2.9260,0.0514,-0.0148,-2.9260
1791436700.6507,0.0209,0.4189,0.0545,-0.0112,1.7065,1.6547,1.5975,1.5108,-0.0155,-0.0169,0.3187,0.3145,-2.9261,0.0522,-0.0147,-2.9261
1791436700.6702,0.0196,0.7330,0.0545,-0.0112,1.7065,1.6787,1.5975,1.5588,-0.0155,-0.0169,0.3187,0.3160,-2.9264,0.0534,-0.0123,-2.9264
1791436700.6917,0.0215,0.6177,0.0582,-0.0054,1.7887,1.7266,1.7358,1.5827,-0.0083,-0.0169,0.3208,0.3175,-2.9266,0.0546,-0.0147,-2.9266
1791436700.7098,0.0180,1.5249,0.0582,-0.0054,1.7887,1.7266,1.7358,1.5827,-0.0083,-0.0169,0.3208,0.3175,-2.9268,0.0546,-0.0147,-2.9268
1791436700.7305,0.0208,7.4391,0.0582,-0.0054,1.7887,1.7026,1.7358,1.6067,-0.0083,-0.0153,0.3208,0.3175,-2.9268,0.0546,-0.0098,-2.9268
1791436700.7603,0.0297,1.8122,0.0582,-0.0054,1.7887,1.7026,1.7358,1.6307,-0.0083,-0.0123,0.3208,0.3191,-2.9268,0.0550,-0.0074,-2.9268
1791436700.7699,0.0096,0.9864,0.0582,-0.0054,1.7887,1.7026,1.7358,1.6307,-0.0083,-0.0107,0.3208,0.3175,-2.9269,0.0550,-0.0074,-2.9269
1791436700.7897,0.0199,1.0373,0.0582,-0.0054,1.7887,1.7266,1.7358,1.6547,-0.0083,-0.0092,0.3208,0.3191,-2.9272,0.0558,-0.0074,-2.9272
1791436700.8116,0.0219,1.5548,0.0582,-0.0054,1.7887,1.7506,1.7358,1.6787,-0.0083,-0.0092,0.3208,0.3191,-2.9274,0.0566,-0.0074,-2.9274
1791436700.8304,0.0188,0.9892,0.0582,-0.0054,1.7887,1.7986,1.7358,1.7266,-0.0083,-0.0107,0.3208,0.3191,-2.9277,0.0582,-0.0074,-2.9277
1791436700.8502,0.0198,1.1409,0.0584,-0.0030,1.7852,1.7986,1.7555,1.7266,-0.0054,-0.0092,0.3174,0.3191,-2.9278,0.0582,-0.0074,-2.9278
1791436700.8704,0.0201,9.6521,0.0584,-0.0030,1.7852,1.7986,1.7555,1.7026,-0.0054,-0.0092,0.3174,0.3191,-2.9281,0.0578,-0.0098,-2.9281
1791436700.8897,0.0193,6.9513,0.0584,-0.0030,1.7852,1.7746,1.7555,1.7026,-0.0054,-0.0092,0.3174,0.3191,-2.9282,0.0574,-0.0074,-2.9282
1791436700.9100,0.0204,6.5854,0.0584,-0.0030,1.7852,1.7746,1.7555,1.7026,-0.0054,-0.0077,0.3174,0.3175,-2.9283,0.0574,-0.0074,-2.9283
1791436700.9297,0.0197,5.2597,0.0584,-0.0030,1.7852,1.7746,1.7555,1.7026,-0.0054,-0.0061,0.3174,0.3191,-2.9283,0.0574,-0.0074,-2.9283
1791436700.9544,0.0247,2.0863,0.0584,-0.0030,1.7852,1.7506,1.7555,1.6787,-0.0054,-0.0061,0.3174,0.3191,-2.9285,0.0566,-0.0074,-2.9285
1791436700.9701,0.0157,1.4662,0.0584,-0.0030,1.7852,1.7506,1.7555,1.7026,-0.0054,-0.0061,0.3174,0.3175,-2.9285,0.0570,-0.0049,-2.9285
1791436700.9898,0.0197,0.7889,0.0584,-0.0030,1.7852,1.7746,1.7555,1.7266,-0.0054,-0.0061,0.3174,0.3191,-2.9286,0.0578,-0.0049,-2.9286
1791436701.0112,0.0214,13.9561,0.0584,-0.0030,1.7852,1.7746,1.7555,1.7506,-0.0054,-0.0061,0.3174,0.3175,-2.9286,0.0582,-0.0025,-2.9286
1791436701.0297,0.0185,9.8509,0.0532,-0.0018,1.6209,1.7746,1.6038,1.7506,-0.0038,-0.0061,0.3239,0.3191,-2.9288,0.0582,-0.0025,-2.9288
1791436701.0575,0.0278,7.1868,0.0532,-0.0018,1.6209,1.7746,1.6038,1.7746,-0.0038,-0.0061,0.3239,0.3175,-2.9290,0.0586,0.0000,-2.9290
1791436701.0714,0.0139,14.4285,0.0532,-0.0018,1.6209,1.7746,1.6038,1.7746,-0.0038,-0.0061,0.3239,0.3191,-2.9290,0.0586,0.0000,-2.9290
1791436701.0899,0.0186,8.0099,0.0532,-0.0018,1.6209,1.7746,1.6038,1.7506,-0.0038,-0.0046,0.3239,0.3191,-2.9292,0.0582,-0.0025,-2.9292
1791436701.1098,0.0199,1.6669,0.0532,-0.0018,1.6209,1.7266,1.6038,1.7026,-0.0038,-0.0046,0.3239,0.3206,-2.9292,0.0566,-0.0025,-2.9292
1791436701.1301,0.0202,4.7632,0.0532,-0.0018,1.6209,1.6787,1.6038,1.6787,-0.0038,-0.0046,0.3239,0.3206,-2.9291,0.0554,0.0000,-2.9291
1791436701.1519,0.0218,0.7559,0.0439,-0.0007,1.3330,1.6547,1.3266,1.6547,-0.0024,-0.0046,0.3354,0.3221,-2.9292,0.0546,0.0000,-2.9292
1791436701.1704,0.0185,2.9601,0.0439,-0.0007,1.3330,1.6307,1.3266,1.6067,-0.0024,-0.0046,0.3354,0.3221,-2.9294,0.0534,-0.0025,-2.9294
1791436701.1898,0.0194,7.9651,0.0439,-0.0007,1.3330,1.6067,1.3266,1.5588,-0.0024,-0.0046,0.3354,0.3237,-2.9295,0.0522,-0.0049,-2.9295
1791436701.2099,0.0201,0.8790,0.0439,-0.0007,1.3330,1.5827,1.3266,1.5348,-0.0024,-0.0046,0.3354,0.3283,-2.9296,0.0514,-0.0049,-2.9296
1791436701.2303,0.0205,0.4867,0.0439,-0.0007,1.3330,1.5108,1.3266,1.4868,-0.0024,-0.0046,0.3354,0.3313,-2.9296,0.0495,-0.0025,-2.9296
1791436701.2503,0.0200,0.5906,0.0439,-0.0007,1.3330,1.4628,1.3266,1.4388,-0.0024,-0.0046,0.3354,0.3313,-2.9296,0.0479,-0.0025,-2.9296
1791436701.2700,0.0197,1.3093,0.0439,-0.0007,1.3330,1.3909,1.3266,1.3669,-0.0024,-0.0046,0.3354,0.3344,-2.9297,0.0455,-0.0025,-2.9297
1791436701.2898,0.0198,0.9335,0.0439,-0.0007,1.3330,1.3429,1.3266,1.3429,-0.0024,-0.0046,0.3354,0.3344,-2.9296,0.0443,0.0000,-2.9296
1791436701.3111,0.0213,2.1382,0.0439,-0.0007,1.3330,1.3429,1.3266,1.3189,-0.0024,-0.0046,0.3354,0.3344,-2.9296,0.0439,-0.0025,-2.9296
1791436701.3334,0.0223,7.2354,0.0359,0.0022,1.0779,1.3429,1.0978,1.3189,0.0011,-0.0046,0.3384,0.3344,-2.9295,0.0439,-0.0025,-2.9295
1791436701.3503,0.0169,10.9118,0.0359,0.0022,1.0779,1.3429,1.0978,1.3189,0.0011,-0.0046,0.3384,0.3329,-2.9293,0.0439,-0.0025,-2.9293
1791436701.3701,0.0198,5.4745,0.0359,0.0022,1.0779,1.3429,1.0978,1.3189,0.0011,-0.0046,0.3384,0.3344,-2.9293,0.0439,-0.0025,-2.9293
1791436701.3897,0.0196,0.8264,0.0359,0.0022,1.0779,1.3189,1.0978,1.3189,0.0011,-0.0046,0.3384,0.3344,-2.9292,0.0435,0.0000,-2.9292
1791436701.4117,0.0220,0.7371,0.0359,0.0022,1.0779,1.2470,1.0978,1.2470,0.0011,-0.0015,0.3384,0.3359,-2.9289,0.0412,0.0000,-2.9289
1791436701.4301,0.0184,9.8535,0.0359,0.0022,1.0779,1.1990,1.0978,1.1990,0.0011,0.0000,0.3384,0.3375,-2.9288,0.0396,0.0000,-2.9288
1791436701.4578,0.0277,12.7296,0.0359,0.0022,1.0779,1.1511,1.0978,1.1271,0.0011,0.0000,0.3384,0.3359,-2.9287,0.0376,-0.0025,-2.9287
1791436701.4710,0.0132,13.0042,0.0359,0.0022,1.0779,1.1271,1.0978,1.1271,0.0011,0.0000,0.3384,0.3375,-2.9287,0.0372,0.0000,-2.9287
1791436701.4904,0.0194,10.9452,0.0278,0.0054,0.8171,1.1031,0.8664,1.0791,0.0051,0.0000,0.3428,0.3375,-2.9287,0.0360,-0.0025,-2.9287
1791436701.5134,0.0230,2.3395,0.0278,0.0054,0.8171,1.0791,0.8664,1.0791,0.0051,0.0000,0.3428,0.3375,-2.9285,0.0356,0.0000,-2.9285
1791436701.5299,0.0165,0.9048,0.0278,0.0054,0.8171,1.0791,0.8664,1.0791,0.0051,0.0000,0.3428,0.3375,-2.9284,0.0356,0.0000,-2.9284
1791436701.5511,0.0212,0.4528,0.0278,0.0054,0.8171,1.0552,0.8664,1.0791,0.0051,0.0015,0.3428,0.3375,-2.9282,0.0352,0.0026,-2.9282
1791436701.5700,0.0189,1.0413,0.0278,0.0054,0.8171,1.0072,0.8664,1.0312,0.0051,0.0031,0.3428,0.3390,-2.9281,0.0336,0.0026,-2.9281
1791436701.5911,0.0211,0.6705,0.0278,0.0054,0.8171,0.9353,0.8664,0.9832,0.0051,0.0031,0.3428,0.3405,-2.9279,0.0317,0.0052,-2.9279
1791436701.6105,0.0195,1.0567,0.0278,0.0054,0.8171,0.9113,0.8664,0.9353,0.0051,0.0015,0.3428,0.3405,-2.9277,0.0305,0.0026,-2.9277
1791436701.6315,0.0210,4.3308,0.0278,0.0054,0.8171,0.8633,0.8664,0.8873,0.0051,0.0031,0.3428,0.3390,-2.9275,0.0289,0.0026,-2.9275
1791436701.6503,0.0187,0.5518,0.0184,0.0004,0.5560,0.8393,0.5595,0.8633,-0.0011,0.0031,0.3381,0.3390,-2.9273,0.0281,0.0026,-2.9273
1791436701.6704,0.0201,3.4042,0.0083,0.0004,0.2510,0.8153,0.2545,0.8633,-0.0011,0.0031,0.3381,0.3405,-2.9272,0.0277,0.0052,-2.9272
1791436701.6897,0.0193,2.0650,0.0000,0.0004,-0.0017,0.7914,0.0017,0.8633,-0.0011,0.0031,0.3381,0.3390,-2.9269,0.0273,0.0078,-2.9269
1791436701.7104,0.0208,1.0449,0.0000,0.0004,-0.0017,0.7674,0.0017,0.8153,-0.0011,0.0015,0.3381,0.3390,-2.9268,0.0261,0.0052,-2.9268
1791436701.7311,0.0207,5.9589,0.0000,0.0004,-0.0017,0.6475,0.0017,0.6954,-0.0011,0.0000,0.3381,0.3390,-2.9266,0.0222,0.0052,-2.9266
1791436701.7525,0.0214,0.6691,0.0000,0.0004,-0.0017,0.4556,0.0017,0.5036,-0.0011,0.0000,0.3381,0.3390,-2.9266,0.0158,0.0052,-2.9266
1791436701.7717,0.0191,1.4241,0.0000,0.0004,-0.0017,0.2638,0.0017,0.2878,-0.0011,0.0000,0.3381,0.3390,-2.9266,0.0091,0.0026,-2.9266
1791436701.7906,0.0190,11.0332,0.0000,-0.0038,0.0179,0.1439,-0.0179,0.1439,-0.0063,0.0000,0.3384,0.3390,-2.9266,0.0047,0.0000,-2.9266
1791436701.8103,0.0197,18.8547,0.0000,-0.0038,0.0179,0.0719,-0.0179,0.0719,-0.0063,0.0000,0.3384,0.3390,-2.9265,0.0024,0.0000,-2.9265
1791436701.8322,0.0219,10.4471,0.0000,-0.0038,0.0179,0.0000,-0.0179,0.0480,-0.0063,0.0000,0.3384,0.3390,-2.9265,0.0008,0.0053,-2.9265
1791436701.8584,0.0262,8.4385,0.0000,-0.0038,0.0179,0.0000,-0.0179,0.0000,-0.0063,-0.0015,0.3384,0.3390,-2.9265,0.0000,0.0000,-2.9265
1791436701.8716,0.0132,7.7192,0.0000,-0.0038,0.0179,0.0240,-0.0179,0.0000,-0.0063,-0.0031,0.3384,0.3390,-2.9265,0.0004,-0.0025,-2.9265
1791436701.8903,0.0187,5.0971,0.0000,-0.0038,0.0179,0.0240,-0.0179,0.0000,-0.0063,-0.0046,0.3384,0.3390,-2.9265,0.0004,-0.0025,-2.9265
1791436701.9101,0.0198,3.7075,0.0000,-0.0038,0.0179,0.0000,-0.0179,-0.0240,-0.0063,-0.0046,0.3384,0.3390,-2.9265,-0.0004,-0.0025,-2.9265
1791436701.9300,0.0200,1.4492,0.0000,-0.0092,0.0439,0.0000,-0.0439,-0.0240,-0.0131,-0.0046,0.3282,0.3405,-2.9265,-0.0004,-0.0025,-2.9265
1791436701.9577,0.0277,1.5904,0.0000,-0.0092,0.0439,0.0000,-0.0439,0.0000,-0.0131,-0.0046,0.3282,0.3390,-2.9265,0.0000,0.0000,-2.9265
1791436701.9705,0.0128,4.2282,0.0000,-0.0092,0.0439,0.0240,-0.0439,0.0000,-0.0131,-0.0046,0.3282,0.3390,-2.9265,0.0004,-0.0025,-2.9265
1791436701.9898,0.0193,0.9400,0.0000,-0.0092,0.0439,0.0240,-0.0439,0.0000,-0.0131,-0.0077,0.3282,0.3375,-2.9265,0.0004,-0.0025,-2.9265
1791436702.0105,0.0207,2.0774,0.0000,-0.0092,0.0439,0.0000,-0.0439,0.0000,-0.0131,-0.0107,0.3282,0.3329,-2.9265,0.0000,0.0000,-2.9265
1791436702.0298,0.0193,8.2275,0.0000,-0.0092,0.0439,0.0240,-0.0439,0.0000,-0.0131,-0.0123,0.3282,0.3298,-2.9265,0.0004,-0.0025,-2.9265
1791436702.0523,0.0225,1.3065,0.0000,-0.0092,0.0439,0.0240,-0.0439,0.0000,-0.0131,-0.0123,0.3282,0.3298,-2.9265,0.0004,-0.0025,-2.9265
1791436702.0709,0.0186,2.6009,0.0000,-0.0092,0.0439,0.0000,-0.0439,0.0000,-0.0131,-0.0123,0.3282,0.3298,-2.9265,0.0000,0.0000,-2.9265
1791436702.0915,0.0206,8.1666,0.0000,-0.0092,0.0439,0.0000,-0.0439,-0.0240,-0.0131,-0.0123,0.3282,0.3298,-2.9266,-0.0004,-0.0025,-2.9266
1791436702.1102,0.0187,9.1303,0.0000,-0.0081,0.0383,0.0240,-0.0383,-0.0480,-0.0116,-0.0123,0.3218,0.3298,-2.9268,-0.0004,-0.0076,-2.9268
1791436702.1305,0.0203,0.4694,0.0000,-0.0081,0.0383,0.0240,-0.0383,-0.0240,-0.0116,-0.0123,0.3218,0.3298,-2.9268,0.0000,-0.0050,-2.9268
1791436702.1583,0.0278,3.3561,0.0000,-0.0081,0.0383,0.0240,-0.0383,0.0000,-0.0116,-0.0123,0.3218,0.3298,-2.9269,0.0004,-0.0025,-2.9269
1791436702.1703,0.0120,5.1579,0.0000,-0.0081,0.0383,0.0480,-0.0383,-0.0240,-0.0116,-0.0123,0.3218,0.3283,-2.9269,0.0004,-0.0076,-2.9269
1791436702.1897,0.0194,8.0977,0.0000,-0.0081,0.0383,0.0240,-0.0383,-0.0480,-0.0116,-0.0123,0.3218,0.3252,-2.9272,-0.0004,-0.0076,-2.9272
1791436702.2097,0.0201,13.3484,0.0000,-0.0081,0.0383,0.0240,-0.0383,-0.0480,-0.0116,-0.0123,0.3218,0.3237,-2.9274,-0.0004,-0.0076,-2.9274
1791436702.2297,0.0200,4.3423,0.0000,-0.0081,0.0383,0.0480,-0.0383,-0.0480,-0.0116,-0.0123,0.3218,0.3237,-2.9275,0.0000,-0.0101,-2.9275
1791436702.2503,0.0206,1.2370,0.0000,-0.0081,0.0383,0.0480,-0.0383,-0.0240,-0.0116,-0.0123,0.3218,0.3237,-2.9276,0.0004,-0.0076,-2.9276
1791436702.2706,0.0202,7.6153,0.0000,-0.0081,0.0383,0.0240,-0.0383,-0.0719,-0.0116,-0.0123,0.3218,0.3237,-2.9279,-0.0008,-0.0101,-2.9279
1791436702.2915,0.0210,0.9832,0.0000,-0.0084,0.0397,0.0240,-0.0397,-0.0480,-0.0120,-0.0123,0.3220,0.3237,-2.9279,-0.0004,-0.0076,-2.9279
1791436702.3111,0.0196,0.9197,0.0000,-0.0084,0.0397,0.0240,-0.0397,-0.0240,-0.0120,-0.0123,0.3220,0.3237,-2.9280,0.0000,-0.0050,-2.9280
1791436702.3299,0.0188,0.8891,0.0000,-0.0084,0.0397,0.0240,-0.0397,-0.0480,-0.0120,-0.0123,0.3220,0.3237,-2.9283,-0.0004,-0.0076,-2.9283
1791436702.3508,0.0209,0.5857,0.0000,-0.0084,0.0397,0.0240,-0.0397,-0.0240,-0.0120,-0.0123,0.3220,0.3237,-2.9283,0.0000,-0.0050,-2.9283
1791436702.3712,0.0204,1.4060,0.0000,-0.0084,0.0397,0.0480,-0.0397,-0.0240,-0.0120,-0.0123,0.3220,0.3237,-2.9285,0.0004,-0.0076,-2.9285
1791436702.3897,0.0184,0.6266,0.0000,-0.0084,0.0397,0.0480,-0.0397,-0.0240,-0.0120,-0.0123,0.3220,0.3237,-2.9286,0.0004,-0.0076,-2.9286
1791436702.4097,0.0200,0.6862,0.0000,-0.0084,0.0397,0.0480,-0.0397,-0.0480,-0.0120,-0.0123,0.3220,0.3237,-2.9288,0.0000,-0.0101,-2.9288
1791436702.4302,0.0206,0.7010,0.0000,-0.0084,0.0397,0.0480,-0.0397,-0.0480,-0.0120,-0.0107,0.3220,0.3237,-2.9290,0.0000,-0.0101,-2.9290
1791436702.4503,0.0201,0.4308,0.0000,-0.0023,0.0109,0.0240,-0.0109,-0.0240,-0.0044,-0.0123,0.3420,0.3237,-2.9289,0.0000,-0.0050,-2.9289
1791436702.4701,0.0198,2.7125,0.0000,-0.0023,0.0109,0.0240,-0.0109,0.0000,-0.0044,-0.0123,0.3420,0.3237,-2.9290,0.0004,-0.0025,-2.9290
1791436702.4897,0.0196,3.5578,0.0000,-0.0023,0.0109,0.0240,-0.0109,-0.0240,-0.0044,-0.0123,0.3420,0.3237,-2.9292,0.0000,-0.0050,-2.9292
1791436702.5096,0.0199,0.5595,0.0000,-0.0023,0.0109,0.0240,-0.0109,-0.0480,-0.0044,-0.0092,0.3420,0.3283,-2.9293,-0.0004,-0.0076,-2.9293
1791436702.5304,0.0208,0.8351,0.0000,-0.0023,0.0109,0.0240,-0.0109,0.0000,-0.0044,-0.0092,0.3420,0.3329,-2.9294,0.0004,-0.0025,-2.9294
1791436702.5504,0.0199,0.4516,0.0000,-0.0023,0.0109,0.0000,-0.0109,0.0000,-0.0044,-0.0061,0.3420,0.3359,-2.9293,0.0000,0.0000,-2.9293
1791436702.5701,0.0197,0.5402,0.0000,-0.0023,0.0109,0.0000,-0.0109,0.0000,-0.0044,-0.0061,0.3420,0.3390,-2.9293,0.0000,0.0000,-2.9293
1791436702.5896,0.0196,0.9204,0.0000,-0.0023,0.0109,0.0000,-0.0109,0.0000,-0.0044,-0.0061,0.3420,0.3390,-2.9293,0.0000,0.0000,-2.9293
1791436702.6105,0.0209,3.9774,0.0000,-0.0023,0.0109,0.0000,-0.0109,0.0000,-0.0044,-0.0061,0.3420,0.3405,-2.9294,0.0000,0.0000,-2.9294
1791436702.6298,0.0193,1.3672,0.0000,-0.0031,0.0146,0.0000,-0.0146,0.0000,-0.0054,-0.0061,0.3542,0.3405,-2.9294,0.0000,0.0000,-2.9294
1791436702.6505,0.0207,1.1146,0.0000,-0.0031,0.0146,0.0240,-0.0146,0.0000,-0.0054,-0.0061,0.3542,0.3405,-2.9294,0.0004,-0.0025,-2.9294
1791436702.6702,0.0197,0.6147,0.0000,-0.0031,0.0146,0.0000,-0.0146,0.0000,-0.0054,-0.0061,0.3542,0.3421,-2.9294,0.0000,0.0000,-2.9294
1791436702.6899,0.0197,7.0068,0.0000,-0.0031,0.0146,0.0000,-0.0146,0.0000,-0.0054,-0.0061,0.3542,0.3467,-2.9294,0.0000,0.0000,-2.9294
1791436702.7097,0.0198,3.3888,0.0000,-0.0031,0.0146,0.0000,-0.0146,0.0000,-0.0054,-0.0061,0.3542,0.3497,-2.9294,0.0000,0.0000,-2.9294
1791436702.7299,0.0202,1.0013,0.0000,-0.0031,0.0146,0.0000,-0.0146,-0.0240,-0.0054,-0.0061,0.3542,0.3513,-2.9293,-0.0004,-0.0025,-2.9293
1791436702.7519,0.0220,0.5709,0.0000,-0.0031,0.0146,0.0000,-0.0146,-0.0240,-0.0054,-0.0061,0.3542,0.3528,-2.9293,-0.0004,-0.0025,-2.9293
1791436702.7728,0.0209,0.8278,0.0000,-0.0027,0.0127,0.0000,-0.0127,0.0000,-0.0049,-0.0061,0.3522,0.3528,-2.9293,0.0000,0.0000,-2.9293
1791436702.7898,0.0170,1.4741,0.0000,-0.0027,0.0127,0.0000,-0.0127,0.0000,-0.0049,-0.0061,0.3522,0.3513,-2.9294,0.0000,0.0000,-2.9294
1791436702.8100,0.0202,10.0186,0.0000,-0.0027,0.0127,0.0240,-0.0127,-0.0240,-0.0049,-0.0061,0.3522,0.3528,-2.9295,0.0000,-0.0050,-2.9295
1791436702.8298,0.0198,10.6442,0.0000,-0.0027,0.0127,0.0240,-0.0127,-0.0240,-0.0049,-0.0061,0.3522,0.3528,-2.9295,0.0000,-0.0050,-2.9295
1791436702.8572,0.0274,4.8035,0.0000,-0.0027,0.0127,0.0240,-0.0127,0.0000,-0.0049,-0.0061,0.3522,0.3513,-2.9295,0.0004,-0.0025,-2.9295
1791436702.8705,0.0132,11.0097,0.0000,-0.0027,0.0127,0.0240,-0.0127,0.0000,-0.0049,-0.0061,0.3522,0.3528,-2.9296,0.0004,-0.0025,-2.9296
1791436702.8949,0.0244,3.8032,0.0000,-0.0027,0.0127,0.0000,-0.0127,-0.0240,-0.0049,-0.0061,0.3522,0.3513,-2.9297,-0.0004,-0.0025,-2.9297
1791436702.9107,0.0159,3.6702,0.0000,-0.0027,0.0127,0.0000,-0.0127,0.0000,-0.0049,-0.0061,0.3522,0.3513,-2.9297,0.0000,0.0000,-2.9297
1791436702.9298,0.0191,21.9420,0.0000,0.0007,-0.0031,0.0000,0.0031,0.0000,-0.0007,-0.0061,0.3363,0.3528,-2.9298,0.0000,0.0000,-2.9298
1791436702.9614,0.0316,1.9700,0.0000,0.0007,-0.0031,0.0240,0.0031,-0.0240,-0.0007,-0.0061,0.3363,0.3528,-2.9299,0.0000,-0.0050,-2.9299
1791436702.9697,0.0083,0.1078,0.0000,0.0007,-0.0031,0.0240,0.0031,-0.0240,-0.0007,-0.0061,0.3363,0.3528,-2.9299,0.0000,-0.0050,-2.9299
1791436702.9899,0.0201,7.1681,0.0000,0.0007,-0.0031,0.0240,0.0031,0.0000,-0.0007,-0.0061,0.3363,0.3513,-2.9299,0.0004,-0.0025,-2.9299
1791436703.0096,0.0198,9.3312,0.0000,0.0007,-0.0031,0.0240,0.0031,0.0000,-0.0007,-0.0046,0.3363,0.3497,-2.9298,0.0004,-0.0025,-2.9298
1791436703.0298,0.0202,12.0144,0.0000,0.0007,-0.0031,0.0000,0.0031,0.0000,-0.0007,-0.0015,0.3363,0.3451,-2.9299,0.0000,0.0000,-2.9299
1791436703.0525,0.0227,0.8298,0.0000,0.0007,-0.0031,0.0000,0.0031,0.0000,-0.0007,-0.0015,0.3363,0.3375,-2.9298,0.0000,0.0000,-2.9298
1791436703.0706,0.0181,1.2682,0.0000,0.0007,-0.0031,0.0000,0.0031,0.0000,-0.0007,-0.0015,0.3363,0.3375,-2.9298,0.0000,0.0000,-2.9298
1791436703.0908,0.0203,1.0417,0.0000,0.0007,-0.0031,0.0000,0.0031,0.0000,-0.0007,-0.0015,0.3363,0.3375,-2.9298,0.0000,0.0000,-2.9298
1791436703.1104,0.0195,0.8024,0.0000,0.0007,-0.0031,0.0000,0.0031,0.0000,-0.0007,-0.0015,0.3363,0.3375,-2.9299,0.0000,0.0000,-2.9299
1791436703.1297,0.0193,1.2311,0.0000,0.0026,-0.0116,0.0000,0.0116,0.0000,0.0016,-0.0015,0.3343,0.3375,-2.9298,0.0000,0.0000,-2.9298
1791436703.1512,0.0215,3.5193,0.0000,0.0026,-0.0116,0.0000,0.0116,0.0000,0.0016,-0.0015,0.3343,0.3375,-2.9298,0.0000,0.0000,-2.9298
1791436703.1698,0.0186,1.3750,0.0000,0.0026,-0.0116,0.0000,0.0116,0.0000,0.0016,-0.0015,0.3343,0.3375,-2.9299,0.0000,0.0000,-2.9299
1791436703.1897,0.0199,0.6149,0.0000,0.0026,-0.0116,0.0000,0.0116,0.0000,0.0016,0.0000,0.3343,0.3359,-2.9299,0.0000,0.0000,-2.9299
1791436703.2099,0.0203,0.8725,0.0000,0.0026,-0.0116,0.0000,0.0116,0.0000,0.0016,0.0000,0.3343,0.3359,-2.9299,0.0000,0.0000,-2.9299
1791436703.2297,0.0197,0.5849,0.0000,0.0026,-0.0116,0.0000,0.0116,0.0000,0.0016,0.0000,0.3343,0.3359,-2.9299,0.0000,0.0000,-2.9299
1791436703.2504,0.0208,0.7669,0.0000,0.0037,-0.0170,0.0000,0.0170,0.0000,0.0031,0.0000,0.3316,0.3359,-2.9299,0.0000,0.0000,-2.9299
1791436703.2755,0.0251,1.2674,0.0000,0.0037,-0.0170,0.0000,0.0170,0.0000,0.0031,0.0000,0.3316,0.3359,-2.9299,0.0000,0.0000,-2.9299
1791436703.3048,0.0293,1.6796,0.0000,0.0037,-0.0170,0.0000,0.0170,0.0000,0.0031,0.0015,0.3316,0.3359,-2.9299,0.0000,0.0000,-2.9299
1791436703.3098,0.0049,0.8427,0.0000,0.0037,-0.0170,0.0000,0.0170,0.0000,0.0031,0.0015,0.3316,0.3344,-2.9299,0.0000,0.0000,-2.9299
1791436703.3298,0.0201,0.8543,0.0000,0.0037,-0.0170,0.0000,0.0170,0.0000,0.0031,0.0015,0.3316,0.3329,-2.9299,0.0000,0.0000,-2.9299
1791436703.3536,0.0238,0.4709,0.0000,0.0037,-0.0170,0.0000,0.0170,0.0000,0.0031,0.0015,0.3316,0.3329,-2.9299,0.0000,0.0000,-2.9299
1791436703.3699,0.0162,0.9469,0.0000,0.0037,-0.0170,0.0000,0.0170,0.0000,0.0031,0.0015,0.3316,0.3329,-2.9299,0.0000,0.0000,-2.9299
1791436703.3898,0.0199,4.3403,0.0000,0.0037,-0.0170,0.0000,0.0170,0.0000,0.0031,0.0015,0.3316,0.3329,-2.9299,0.0000,0.0000,-2.9299
1791436703.4102,0.0204,1.6807,0.0000,0.0037,-0.0170,0.0000,0.0170,0.0000,0.0031,0.0015,0.3316,0.3329,-2.9299,0.0000,0.0000,-2.9299
1791436703.4297,0.0195,10.2354,0.0000,0.0056,-0.0254,0.0000,0.0254,0.0000,0.0054,0.0015,0.3293,0.3329,-2.9299,0.0000,0.0000,-2.9299
1791436703.4565,0.0268,9.8664,0.0000,0.0056,-0.0254,0.0000,0.0254,0.0000,0.0054,0.0015,0.3293,0.3329,-2.9299,0.0000,0.0000,-2.9299
1791436703.4697,0.0132,6.9724,0.0000,0.0056,-0.0254,0.0000,0.0254,0.0000,0.0054,0.0015,0.3293,0.3329,-2.9299,0.0000,0.0000,-2.9299
1791436703.4896,0.0199,11.8970,0.0000,0.0056,-0.0254,-0.0240,0.0254,0.0000,0.0054,0.0031,0.3293,0.3313,-2.9298,-0.0004,0.0026,-2.9298
1791436703.5116,0.0220,8.3122,0.0000,0.0056,-0.0254,0.0000,0.0254,0.0000,0.0054,0.0046,0.3293,0.3313,-2.9298,0.0000,0.0000,-2.9298
1791436703.5305,0.0189,5.5787,0.0000,0.0056,-0.0254,0.0000,0.0254,0.0000,0.0054,0.0046,0.3293,0.3313,-2.9298,0.0000,0.0000,-2.9298
1791436703.5502,0.0197,0.6132,0.0000,0.0056,-0.0254,0.0000,0.0254,0.0000,0.0054,0.0031,0.3293,0.3313,-2.9297,0.0000,0.0000,-2.9297
1791436703.5725,0.0223,3.0188,0.0000,0.0056,-0.0254,0.0000,0.0254,0.0000,0.0054,0.0046,0.3293,0.3313,-2.9296,0.0000,0.0000,-2.9296
1791436703.5898,0.0173,6.8870,0.0000,0.0052,-0.0236,0.0000,0.0236,0.0240,0.0049,0.0046,0.3313,0.3313,-2.9295,0.0004,0.0026,-2.9295
1791436703.6126,0.0228,3.3203,0.0000,0.0052,-0.0236,0.0000,0.0236,0.0000,0.0049,0.0046,0.3313,0.3313,-2.9295,0.0000,0.0000,-2.9295
1791436703.6306,0.0180,1.6537,0.0000,0.0052,-0.0236,0.0000,0.0236,0.0000,0.0049,0.0046,0.3313,0.3313,-2.9295,0.0000,0.0000,-2.9295
1791436703.6500,0.0194,0.5333,0.0000,0.0052,-0.0236,0.0000,0.0236,0.0000,0.0049,0.0046,0.3313,0.3313,-2.9294,0.0000,0.0000,-2.9294
1791436703.6701,0.0200,8.2282,0.0000,0.0052,-0.0236,0.0000,0.0236,0.0000,0.0049,0.0046,0.3313,0.3313,-2.9294,0.0000,0.0000,-2.9294
1791436703.6904,0.0203,4.5288,0.0000,0.0052,-0.0236,0.0000,0.0236,0.0000,0.0049,0.0046,0.3313,0.3313,-2.9294,0.0000,0.0000,-2.9294
1791436703.7104,0.0199,0.5384,0.0000,0.0052,-0.0236,0.0000,0.0236,0.0000,0.0049,0.0046,0.3313,0.3313,-2.9294,0.0000,0.0000,-2.9294
1791436703.7297,0.0194,0.7991,0.0000,0.0052,-0.0236,0.0000,0.0236,0.0240,0.0049,0.0046,0.3313,0.3313,-2.9292,0.0004,0.0026,-2.9292
1791436703.7528,0.0231,0.5855,0.0000,0.0052,-0.0236,0.0000,0.0236,0.0480,0.0049,0.0046,0.3313,0.3313,-2.9291,0.0008,0.0053,-2.9291
1791436703.7698,0.0170,0.6944,0.0000,0.0088,-0.0400,0.0000,0.0400,0.0000,0.0094,0.0046,0.3247,0.3313,-2.9292,0.0000,0.0000,-2.9292
1791436703.7898,0.0200,0.6676,0.0000,0.0088,-0.0400,0.0000,0.0400,0.0000,0.0094,0.0046,0.3247,0.3313,-2.9291,0.0000,0.0000,-2.9291
1791436703.8096,0.0198,2.4866,0.0000,0.0088,-0.0400,0.0000,0.0400,0.0240,0.0094,0.0046,0.3247,0.3313,-2.9290,0.0004,0.0026,-2.9290
1791436703.8298,0.0202,1.4091,0.0000,0.0088,-0.0400,-0.0240,0.0400,0.0000,0.0094,0.0061,0.3247,0.3298,-2.9288,-0.0004,0.0026,-2.9288
1791436703.8505,0.0206,0.7722,0.0000,0.0088,-0.0400,-0.0240,0.0400,0.0240,0.0094,0.0077,0.3247,0.3283,-2.9287,0.0000,0.0053,-2.9287
1791436703.8725,0.0221,2.2532,0.0000,0.0088,-0.0400,-0.0240,0.0400,0.0480,0.0094,0.0077,0.3247,0.3252,-2.9283,0.0004,0.0079,-2.9283
1791436703.8897,0.0171,4.5375,0.0000,0.0088,-0.0400,-0.0480,0.0400,0.0480,0.0094,0.0077,0.3247,0.3252,-2.9280,0.0000,0.0105,-2.9280
1791436703.9098,0.0202,8.0344,0.0000,0.0088,-0.0400,-0.0240,0.0400,0.0240,0.0094,0.0061,0.3247,0.3267,-2.9280,0.0000,0.0053,-2.9280
1791436703.9306,0.0207,5.9086,0.0000,0.0100,-0.0454,-0.0240,0.0454,0.0240,0.0109,0.0077,0.3236,0.3252,-2.9279,0.0000,0.0053,-2.9279
1791436703.9565,0.0260,6.1768,0.0000,0.0100,-0.0454,-0.0240,0.0454,0.0240,0.0109,0.0077,0.3236,0.3252,-2.9277,0.0000,0.0053,-2.9277
1791436703.9698,0.0133,0.8156,0.0000,0.0100,-0.0454,-0.0480,0.0454,0.0240,0.0109,0.0077,0.3236,0.3267,-2.9274,-0.0004,0.0079,-2.9274
1791436703.9904,0.0206,3.8784,0.0000,0.0100,-0.0454,-0.0480,0.0454,0.0480,0.0109,0.0092,0.3236,0.3252,-2.9273,0.0000,0.0105,-2.9273
1791436704.0098,0.0194,3.2940,0.0000,0.0100,-0.0454,0.0000,0.0454,0.0240,0.0109,0.0092,0.3236,0.3252,-2.9272,0.0004,0.0026,-2.9272
1791436704.0299,0.0201,1.1296,0.0000,0.0100,-0.0454,-0.0480,0.0454,0.0240,0.0109,0.0092,0.3236,0.3252,-2.9269,-0.0004,0.0079,-2.9269
1791436704.0572,0.0273,7.3665,0.0000,0.0100,-0.0454,-0.0719,0.0454,0.0240,0.0109,0.0092,0.3236,0.3252,-2.9267,-0.0008,0.0105,-2.9267
1791436704.0697,0.0126,4.6846,0.0000,0.0100,-0.0454,-0.0480,0.0454,0.0240,0.0109,0.0092,0.3236,0.3252,-2.9266,-0.0004,0.0079,-2.9266
1791436704.0899,0.0202,2.0562,0.0000,0.0100,-0.0454,-0.0240,0.0454,0.0240,0.0109,0.0092,0.3236,0.3252,-2.9265,0.0000,0.0053,-2.9265
1791436704.1104,0.0205,0.6091,0.0000,0.0100,-0.0454,-0.0480,0.0454,0.0240,0.0109,0.0092,0.3236,0.3252,-2.9261,-0.0004,0.0079,-2.9261
1791436704.1300,0.0196,1.9758,0.0000,0.0009,-0.0040,-0.0480,0.0040,0.0240,-0.0005,0.0092,0.3171,0.3252,-2.9260,-0.0004,0.0079,-2.9260
1791436704.1496,0.0196,0.9113,0.0000,0.0009,-0.0040,-0.0480,0.0040,0.0240,-0.0005,0.0092,0.3171,0.3252,-2.9258,-0.0004,0.0079,-2.9258
1791436704.1747,0.0250,3.1822,0.0000,0.0009,-0.0040,-0.0240,0.0040,0.0240,-0.0005,0.0077,0.3171,0.3252,-2.9256,0.0000,0.0053,-2.9256
1791436704.1963,0.0216,0.6896,0.0000,0.0009,-0.0040,0.0000,0.0040,0.0240,-0.0005,0.0046,0.3171,0.3221,-2.9255,0.0004,0.0026,-2.9255
1791436704.2098,0.0135,0.6662,0.0000,0.0009,-0.0040,0.0000,0.0040,0.0000,-0.0005,0.0031,0.3171,0.3206,-2.9256,0.0000,0.0000,-2.9256
1791436704.2314,0.0216,12.8756,0.0000,0.0009,-0.0040,0.0000,0.0040,0.0000,-0.0005,0.0015,0.3171,0.3191,-2.9255,0.0000,0.0000,-2.9255
1791436704.2560,0.0246,0.6743,0.0000,-0.0058,0.0276,0.0000,-0.0276,0.0000,-0.0088,0.0015,0.3188,0.3191,-2.9255,0.0000,0.0000,-2.9255
1791436704.2701,0.0141,2.5575,0.0000,-0.0058,0.0276,0.0000,-0.0276,0.0000,-0.0088,0.0015,0.3188,0.3191,-2.9255,0.0000,0.0000,-2.9255
1791436704.2897,0.0196,0.6530,0.0000,-0.0058,0.0276,0.0000,-0.0276,0.0000,-0.0088,0.0015,0.3188,0.3191,-2.9255,0.0000,0.0000,-2.9255
1791436704.3103,0.0206,0.6840,0.0000,-0.0058,0.0276,0.0000,-0.0276,0.0000,-0.0088,-0.0015,0.3188,0.3191,-2.9255,0.0000,0.0000,-2.9255
1791436704.3299,0.0196,0.9979,0.0000,-0.0058,0.0276,0.0000,-0.0276,0.0000,-0.0088,-0.0046,0.3188,0.3191,-2.9255,0.0000,0.0000,-2.9255
1791436704.3499,0.0201,0.3982,0.0000,-0.0058,0.0276,0.0000,-0.0276,0.0000,-0.0088,-0.0077,0.3188,0.3191,-2.9256,0.0000,0.0000,-2.9256
1791436704.3705,0.0206,1.7555,0.0000,-0.0058,0.0276,0.0000,-0.0276,0.0000,-0.0088,-0.0077,0.3188,0.3191,-2.9255,0.0000,0.0000,-2.9255
1791436704.3900,0.0194,3.1725,0.0000,-0.0058,0.0276,0.0000,-0.0276,0.0000,-0.0088,-0.0077,0.3188,0.3191,-2.9256,0.0000,0.0000,-2.9256
1791436704.4109,0.0209,0.6617,0.0000,-0.0058,0.0276,0.0000,-0.0276,0.0000,-0.0088,-0.0077,0.3188,0.3191,-2.9255,0.0000,0.0000,-2.9255
1791436704.4339,0.0230,4.3071,0.0000,-0.0069,0.0330,0.0000,-0.0330,0.0000,-0.0102,-0.0077,0.3208,0.3191,-2.9255,0.0000,0.0000,-2.9255
1791436704.4531,0.0192,1.4139,0.0000,-0.0069,0.0330,0.0000,-0.0330,0.0000,-0.0102,-0.0077,0.3208,0.3191,-2.9256,0.0000,0.0000,-2.9256
1791436704.4698,0.0168,2.9780,0.0000,-0.0069,0.0330,0.0000,-0.0330,0.0000,-0.0102,-0.0077,0.3208,0.3191,-2.9255,0.0000,0.0000,-2.9255
1791436704.4897,0.0199,2.0906,0.0000,-0.0069,0.0330,0.0000,-0.0330,0.0000,-0.0102,-0.0077,0.3208,0.3191,-2.9255,0.0000,0.0000,-2.9255
1791436704.5110,0.0213,1.3681,0.0000,-0.0069,0.0330,0.0000,-0.0330,0.0000,-0.0102,-0.0092,0.3208,0.3191,-2.9255,0.0000,0.0000,-2.9255
1791436704.5297,0.0188,1.1507,0.0000,-0.0069,0.0330,0.0000,-0.0330,0.0000,-0.0102,-0.0092,0.3208,0.3191,-2.9255,0.0000,0.0000,-2.9255
1791436704.5505,0.0208,0.6766,0.0000,-0.0069,0.0330,0.0000,-0.0330,0.0000,-0.0102,-0.0092,0.3208,0.3191,-2.9256,0.0000,0.0000,-2.9256
1791436704.5699,0.0194,2.3651,0.0000,-0.0069,0.0330,0.0000,-0.0330,0.0000,-0.0102,-0.0092,0.3208,0.3191,-2.9255,0.0000,0.0000,-2.9255
1791436704.5900,0.0201,3.4445,0.0000,-0.0032,0.0153,0.0240,-0.0153,0.0000,-0.0056,-0.0092,0.3038,0.3191,-2.9255,0.0004,-0.0025,-2.9255
1791436704.6114,0.0213,0.6169,0.0000,-0.0032,0.0153,0.0000,-0.0153,0.0000,-0.0056,-0.0092,0.3038,0.3191,-2.9255,0.0000,0.0000,-2.9255
1791436704.6299,0.0185,2.7693,0.0000,-0.0032,0.0153,0.0000,-0.0153,0.0000,-0.0056,-0.0092,0.3038,0.3191,-2.9255,0.0000,0.0000,-2.9255
1791436704.6516,0.0217,0.5679,0.0000,-0.0032,0.0153,0.0240,-0.0153,-0.0240,-0.0056,-0.0077,0.3038,0.3145,-2.9256,0.0000,-0.0050,-2.9256
1791436704.6699,0.0183,1.7481,0.0000,-0.0032,0.0153,0.0240,-0.0153,-0.0240,-0.0056,-0.0092,0.3038,0.3114,-2.9256,0.0000,-0.0050,-2.9256
1791436704.6897,0.0198,0.9076,0.0000,-0.0032,0.0153,0.0000,-0.0153,0.0000,-0.0056,-0.0077,0.3038,0.3068,-2.9256,0.0000,0.0000,-2.9256
1791436704.7097,0.0200,4.6379,0.0000,-0.0032,0.0153,0.0000,-0.0153,0.0000,-0.0056,-0.0077,0.3038,0.3053,-2.9257,0.0000,0.0000,-2.9257
1791436704.7325,0.0228,0.8160,0.0000,-0.0032,0.0153,0.0000,-0.0153,-0.0240,-0.0056,-0.0077,0.3038,0.3053,-2.9258,-0.0004,-0.0025,-2.9258
1791436704.7557,0.0232,2.1370,0.0000,0.0030,-0.0136,0.0000,0.0136,0.0000,0.0022,-0.0077,0.2551,0.3053,-2.9257,0.0000,0.0000,-2.9257
1791436704.7705,0.0148,11.0717,0.0000,0.0030,-0.0136,0.0000,0.0136,0.0000,0.0022,-0.0077,0.2242,0.3053,-2.9258,0.0000,0.0000,-2.9258
1791436704.7901,0.0196,12.4643,0.0000,0.0030,-0.0136,0.0240,0.0136,-0.0240,0.0022,-0.0077,0.1831,0.3053,-2.9259,0.0000,-0.0050,-2.9259
1791436704.8108,0.0207,4.7275,0.0000,0.0030,-0.0136,0.0240,0.0136,-0.0240,0.0022,-0.0061,0.1663,0.3007,-2.9259,0.0000,-0.0050,-2.9259
1791436704.8297,0.0189,0.6170,0.0000,0.0030,-0.0136,0.0000,0.0136,0.0000,0.0022,-0.0031,0.1663,0.2807,-2.9259,0.0000,0.0000,-2.9259
1791436704.8584,0.0286,7.4103,0.0000,0.0030,-0.0136,0.0000,0.0136,0.0000,0.0022,0.0000,0.1663,0.2347,-2.9259,0.0000,0.0000,-2.9259
1791436704.8726,0.0142,12.0900,0.0000,0.0030,-0.0136,0.0000,0.0136,0.0000,0.0022,0.0000,0.1663,0.2209,-2.9258,0.0000,0.0000,-2.9258
1791436704.8896,0.0171,4.0030,0.0000,0.0030,-0.0136,0.0000,0.0136,0.0000,0.0022,0.0000,0.1663,0.1963,-2.9258,0.0000,0.0000,-2.9258
1791436704.9110,0.0214,12.4879,0.0000,0.0030,-0.0136,0.0000,0.0136,0.0000,0.0022,0.0000,0.1663,0.1856,-2.9258,0.0000,0.0000,-2.9258
1791436704.9304,0.0194,10.8326,0.0000,0.0030,-0.0136,0.0000,0.0136,0.0000,0.0022,0.0000,0.1663,0.1764,-2.9258,0.0000,0.0000,-2.9258
1791436704.9731,0.0427,8.1596,0.0000,0.0030,-0.0136,0.0000,0.0136,0.0000,0.0022,0.0000,0.1663,0.1687,-2.9258,0.0000,0.0000,-2.9258
1791436704.9897,0.0166,7.0886,0.0000,0.0011,-0.0049,0.0000,0.0049,0.0000,-0.0002,0.0000,0.1541,0.1672,-2.9259,0.0000,0.0000,-2.9259
1791436705.0096,0.0200,8.8245,0.0000,0.0011,-0.0049,0.0000,0.0049,0.0000,-0.0002,0.0000,0.1541,0.1672,-2.9258,0.0000,0.0000,-2.9258
1791436705.0307,0.0211,1.9427,0.0000,0.0011,-0.0049,0.0000,0.0049,0.0000,-0.0002,0.0000,0.1541,0.1672,-2.9258,0.0000,0.0000,-2.9258
1791436705.0500,0.0193,2.8671,0.0000,0.0011,-0.0049,0.0000,0.0049,0.0240,-0.0002,0.0000,0.1541,0.1641,-2.9258,0.0004,0.0026,-2.9258
1791436705.0701,0.0201,10.7787,0.0000,0.0011,-0.0049,0.0000,0.0049,0.0000,-0.0002,0.0000,0.1541,0.1595,-2.9258,0.0000,0.0000,-2.9258
1791436705.0900,0.0198,3.0316,0.0000,0.0011,-0.0049,0.0000,0.0049,0.0000,-0.0002,0.0000,0.1541,0.1565,-2.9258,0.0000,0.0000,-2.9258
1791436705.1104,0.0204,2.6136,0.0000,0.0011,-0.0049,0.0000,0.0049,0.0000,-0.0002,0.0000,0.1541,0.1549,-2.9258,0.0000,0.0000,-2.9258
1791436705.1298,0.0194,10.0168,0.0097,-0.0120,0.3513,0.0000,0.2368,0.0000,-0.0166,0.0000,0.1135,0.1549,-2.9258,0.0000,0.0000,-2.9258
1791436705.1527,0.0229,0.3764,0.0212,-0.0120,0.6986,0.0000,0.5834,0.0000,-0.0166,0.0000,0.0748,0.1549,-2.9258,0.0000,0.0000,-2.9258
1791436705.1706,0.0179,5.6301,0.0222,-0.0120,0.7297,0.0000,0.6145,0.0000,-0.0166,0.0000,0.0748,0.1549,-2.9258,0.0000,0.0000,-2.9258
1791436705.1915,0.0209,6.5379,0.0222,-0.0120,0.7297,0.0240,0.6145,0.0240,-0.0166,-0.0046,0.0748,0.1503,-2.9258,0.0008,0.0000,-2.9258
1791436705.2096,0.0182,4.9897,0.0222,-0.0120,0.7297,0.0719,0.6145,0.0719,-0.0166,-0.0077,0.0748,0.1411,-2.9258,0.0024,0.0000,-2.9258
1791436705.2299,0.0203,5.2844,0.0222,-0.0120,0.7297,0.2158,0.6145,0.1918,-0.0166,-0.0123,0.0748,0.1166,-2.9259,0.0067,-0.0025,-2.9259
1791436705.2566,0.0267,6.2078,0.0222,-0.0120,0.7297,0.4077,0.6145,0.3837,-0.0166,-0.0138,0.0748,0.0920,-2.9258,0.0131,-0.0025,-2.9258
1791436705.2701,0.0135,9.3129,0.0222,-0.0120,0.7297,0.4796,0.6145,0.4317,-0.0166,-0.0138,0.0748,0.0874,-2.9258,0.0150,-0.0050,-2.9258
1791436705.2904,0.0202,6.0139,0.0323,-0.0172,1.0618,0.5755,0.8959,0.5276,-0.0230,-0.0153,0.0324,0.0828,-2.9258,0.0182,-0.0050,-2.9258
1791436705.3127,0.0224,0.4149,0.0405,-0.0172,1.3110,0.6235,1.1444,0.5516,-0.0230,-0.0184,-0.0144,0.0798,-2.9259,0.0194,-0.0075,-2.9259
1791436705.3302,0.0174,0.5947,0.0405,-0.0172,1.3110,0.6475,1.1444,0.5516,-0.0230,-0.0184,-0.0509,0.0767,-2.9262,0.0198,-0.0100,-2.9262
1791436705.3549,0.0247,4.1527,0.0405,-0.0172,1.3110,0.7434,1.1444,0.6475,-0.0230,-0.0199,-0.1027,0.0644,-2.9264,0.0229,-0.0100,-2.9264
1791436705.3700,0.0151,10.3821,0.0405,-0.0172,1.3110,0.8153,1.1444,0.6954,-0.0230,-0.0215,-0.1218,0.0537,-2.9266,0.0249,-0.0125,-2.9266
1791436705.3901,0.0201,0.5810,0.0405,-0.0172,1.3110,0.9592,1.1444,0.8153,-0.0230,-0.0215,-0.1218,0.0215,-2.9270,0.0293,-0.0149,-2.9270
1791436705.4107,0.0206,0.6279,0.0405,-0.0172,1.3110,1.0791,1.1444,0.9353,-0.0230,-0.0215,-0.1218,-0.0153,-2.9274,0.0332,-0.0149,-2.9274
1791436705.4297,0.0189,0.5589,0.0405,-0.0172,1.3110,1.1751,1.1444,1.0312,-0.0230,-0.0215,-0.1218,-0.0537,-2.9277,0.0364,-0.0149,-2.9277
1791436705.4605,0.0308,5.6792,0.0436,-0.0175,1.4053,1.2710,1.2352,1.1031,-0.0235,-0.0215,-0.1472,-0.0874,-2.9281,0.0392,-0.0173,-2.9281
1791436705.4699,0.0094,6.3774,0.0436,-0.0175,1.4053,1.2950,1.2352,1.1031,-0.0235,-0.0215,-0.1472,-0.0951,-2.9283,0.0396,-0.0198,-2.9283
1791436705.4901,0.0202,5.2644,0.0436,-0.0175,1.4053,1.3189,1.2352,1.1271,-0.0235,-0.0215,-0.1472,-0.1058,-2.9286,0.0404,-0.0198,-2.9286
1791436705.5097,0.0197,4.9084,0.0436,-0.0175,1.4053,1.3189,1.2352,1.1511,-0.0235,-0.0215,-0.1472,-0.1135,-2.9289,0.0408,-0.0173,-2.9289
1791436705.5298,0.0201,3.9498,0.0436,-0.0175,1.4053,1.3429,1.2352,1.1751,-0.0235,-0.0215,-0.1472,-0.1243,-2.9292,0.0415,-0.0173,-2.9292
1791436705.5581,0.0283,4.8308,0.0436,-0.0175,1.4053,1.3669,1.2352,1.2230,-0.0235,-0.0215,-0.1472,-0.1365,-2.9295,0.0427,-0.0148,-2.9295
1791436705.5699,0.0118,4.2434,0.0436,-0.0175,1.4053,1.3669,1.2352,1.2230,-0.0235,-0.0215,-0.1472,-0.1396,-2.9296,0.0427,-0.0148,-2.9296
1791436705.5899,0.0200,3.3142,0.0436,-0.0175,1.4053,1.3909,1.2352,1.1990,-0.0235,-0.0215,-0.1472,-0.1427,-2.9299,0.0427,-0.0198,-2.9299
1791436705.6099,0.0200,0.9378,0.0436,-0.0175,1.4053,1.3909,1.2352,1.2230,-0.0235,-0.0215,-0.1472,-0.1457,-2.9300,0.0431,-0.0173,-2.9300
1791436705.6303,0.0204,2.4493,0.0538,-0.0219,1.7371,1.3669,1.5230,1.2470,-0.0290,-0.0215,-0.1900,-0.1457,-2.9299,0.0431,-0.0123,-2.9299
1791436705.6531,0.0227,3.0906,0.0652,-0.0219,2.0821,1.3429,1.8668,1.2230,-0.0290,-0.0215,-0.2377,-0.1457,-2.9300,0.0423,-0.0124,-2.9300
1791436705.6703,0.0173,2.8172,0.0674,-0.0219,2.1487,1.3669,1.9332,1.2230,-0.0290,-0.0230,-0.2464,-0.1488,-2.9303,0.0427,-0.0148,-2.9303
1791436705.6898,0.0195,5.0294,0.0674,-0.0219,2.1487,1.3909,1.9332,1.2470,-0.0290,-0.0230,-0.2464,-0.1549,-2.9305,0.0435,-0.0148,-2.9305
1791436705.7097,0.0199,6.8869,0.0674,-0.0219,2.1487,1.5108,1.9332,1.3189,-0.0290,-0.0276,-0.2464,-0.1764,-2.9310,0.0467,-0.0197,-2.9310
1791436705.7298,0.0201,2.3332,0.0674,-0.0219,2.1487,1.6787,1.9332,1.4628,-0.0290,-0.0276,-0.2464,-0.1994,-2.9316,0.0518,-0.0221,-2.9316
1791436705.7520,0.0222,4.9036,0.0674,-0.0219,2.1487,1.9424,1.9332,1.7026,-0.0290,-0.0276,-0.2464,-0.2240,-2.9324,0.0601,-0.0245,-2.9324
1791436705.7714,0.0194,1.7197,0.0703,-0.0230,2.2440,2.0144,2.0174,1.7506,-0.0303,-0.0276,-0.2597,-0.2286,-2.9326,0.0621,-0.0269,-2.9326
1791436705.7900,0.0185,2.7657,0.0703,-0.0230,2.2440,2.1103,2.0174,1.8465,-0.0303,-0.0276,-0.2597,-0.2362,-2.9331,0.0653,-0.0269,-2.9331
1791436705.8104,0.0204,1.7463,0.0703,-0.0230,2.2440,2.1103,2.0174,1.9185,-0.0303,-0.0276,-0.2597,-0.2408,-2.9333,0.0665,-0.0195,-2.9333
1791436705.8298,0.0194,7.6514,0.0703,-0.0230,2.2440,2.1103,2.0174,1.9424,-0.0303,-0.0291,-0.2597,-0.2470,-2.9333,0.0669,-0.0171,-2.9333
1791436705.8546,0.0248,4.2571,0.0703,-0.0230,2.2440,2.1343,2.0174,1.9185,-0.0303,-0.0291,-0.2597,-0.2531,-2.9335,0.0669,-0.0220,-2.9335
1791436705.8704,0.0158,7.2662,0.0703,-0.0230,2.2440,2.1583,2.0174,1.9424,-0.0303,-0.0291,-0.2597,-0.2546,-2.9336,0.0677,-0.0220,-2.9336
1791436705.8897,0.0193,3.2675,0.0703,-0.0230,2.2440,2.1823,2.0174,1.9904,-0.0303,-0.0291,-0.2597,-0.2577,-2.9338,0.0688,-0.0195,-2.9338
1791436705.9109,0.0212,1.1140,0.0703,-0.0230,2.2440,2.2302,2.0174,1.9664,-0.0303,-0.0291,-0.2597,-0.2577,-2.9344,0.0692,-0.0268,-2.9344
1791436705.9304,0.0195,7.9118,0.0615,-0.0216,1.9681,2.2302,1.7563,1.9664,-0.0286,-0.0291,-0.3005,-0.2577,-2.9351,0.0692,-0.0268,-2.9351
1791436705.9529,0.0224,1.8149,0.0615,-0.0216,1.9681,2.2542,1.7563,1.9904,-0.0286,-0.0291,-0.3371,-0.2577,-2.9357,0.0700,-0.0268,-2.9357
1791436705.9715,0.0187,1.0566,0.0615,-0.0216,1.9681,2.2542,1.7563,1.9904,-0.0286,-0.0291,-0.3371,-0.2577,-2.9362,0.0700,-0.0268,-2.9362
1791436705.9898,0.0183,4.7475,0.0615,-0.0216,1.9681,2.2302,1.7563,1.9664,-0.0286,-0.0291,-0.3371,-0.2654,-2.9366,0.0692,-0.0268,-2.9366
1791436706.0096,0.0199,12.0207,0.0615,-0.0216,1.9681,2.1343,1.7563,1.9424,-0.0286,-0.0291,-0.3371,-0.2884,-2.9368,0.0673,-0.0195,-2.9368
1791436706.0299,0.0203,3.0062,0.0615,-0.0216,1.9681,2.0624,1.7563,1.8705,-0.0286,-0.0291,-0.3371,-0.3068,-2.9371,0.0649,-0.0195,-2.9371
1791436706.0527,0.0228,0.3545,0.0615,-0.0216,1.9681,1.9904,1.7563,1.7986,-0.0286,-0.0291,-0.3371,-0.3191,-2.9375,0.0625,-0.0196,-2.9375
1791436706.0698,0.0171,7.5114,0.0615,-0.0216,1.9681,1.9904,1.7563,1.7746,-0.0286,-0.0291,-0.3371,-0.3252,-2.9380,0.0621,-0.0220,-2.9380
1791436706.0906,0.0208,1.4642,0.0615,-0.0216,1.9681,1.9904,1.7563,1.7746,-0.0286,-0.0291,-0.3371,-0.3313,-2.9386,0.0621,-0.0220,-2.9386
1791436706.1105,0.0199,0.7424,0.0615,-0.0216,1.9681,1.9664,1.7563,1.7506,-0.0286,-0.0291,-0.3371,-0.3344,-2.9391,0.0613,-0.0220,-2.9391
1791436706.1300,0.0195,0.8655,0.0612,-0.0224,1.9649,1.9664,1.7457,1.7266,-0.0295,-0.0291,-0.3755,-0.3359,-2.9397,0.0609,-0.0245,-2.9397
1791436706.1508,0.0207,0.3761,0.0612,-0.0224,1.9649,1.9424,1.7457,1.7266,-0.0295,-0.0291,-0.3755,-0.3359,-2.9403,0.0605,-0.0220,-2.9403
1791436706.1698,0.0190,0.7981,0.0612,-0.0224,1.9649,1.9664,1.7457,1.7266,-0.0295,-0.0291,-0.3755,-0.3375,-2.9408,0.0609,-0.0245,-2.9408
1791436706.1897,0.0200,2.6260,0.0612,-0.0224,1.9649,1.9664,1.7457,1.7266,-0.0295,-0.0291,-0.3755,-0.3451,-2.9409,0.0609,-0.0245,-2.9409
1791436706.2106,0.0208,2.9843,0.0612,-0.0224,1.9649,1.9424,1.7457,1.7026,-0.0295,-0.0291,-0.3755,-0.3620,-2.9413,0.0601,-0.0245,-2.9413
1791436706.2299,0.0194,4.1252,0.0612,-0.0224,1.9649,1.9424,1.7457,1.7026,-0.0295,-0.0291,-0.3755,-0.3651,-2.9414,0.0601,-0.0245,-2.9414
1791436706.2521,0.0222,0.5657,0.0580,-0.0307,1.9072,1.9424,1.6065,1.7506,-0.0400,-0.0291,-0.4219,-0.3728,-2.9417,0.0609,-0.0196,-2.9417
1791436706.2725,0.0204,0.8081,0.0580,-0.0307,1.9072,1.9424,1.6065,1.7746,-0.0400,-0.0291,-0.4278,-0.3743,-2.9420,0.0613,-0.0171,-2.9420
1791436706.2898,0.0173,2.2041,0.0580,-0.0307,1.9072,1.9424,1.6065,1.7506,-0.0400,-0.0291,-0.4278,-0.3743,-2.9423,0.0609,-0.0196,-2.9423
1791436706.3097,0.0199,0.7715,0.0580,-0.0307,1.9072,1.9664,1.6065,1.7026,-0.0400,-0.0322,-0.4278,-0.3820,-2.9431,0.0605,-0.0269,-2.9431
1791436706.3304,0.0207,0.5308,0.0580,-0.0307,1.9072,1.9664,1.6065,1.6787,-0.0400,-0.0353,-0.4278,-0.3973,-2.9439,0.0601,-0.0294,-2.9439
1791436706.3515,0.0212,0.6798,0.0580,-0.0307,1.9072,1.9424,1.6065,1.6547,-0.0400,-0.0368,-0.4278,-0.4096,-2.9450,0.0594,-0.0294,-2.9450
1791436706.3699,0.0184,0.9270,0.0580,-0.0307,1.9072,1.9424,1.6065,1.6067,-0.0400,-0.0383,-0.4278,-0.4172,-2.9459,0.0586,-0.0343,-2.9459
1791436706.3906,0.0206,12.1045,0.0580,-0.0307,1.9072,1.9424,1.6065,1.6067,-0.0400,-0.0383,-0.4278,-0.4218,-2.9465,0.0586,-0.0343,-2.9465
1791436706.4098,0.0192,4.9314,0.0539,-0.0344,1.8013,1.9185,1.4659,1.6307,-0.0445,-0.0383,-0.4432,-0.4249,-2.9471,0.0586,-0.0294,-2.9471
1791436706.4299,0.0201,2.0139,0.0539,-0.0344,1.8013,1.8945,1.4659,1.6067,-0.0445,-0.0383,-0.4432,-0.4264,-2.9476,0.0578,-0.0294,-2.9476
1791436706.4506,0.0207,1.4924,0.0539,-0.0344,1.8013,1.8945,1.4659,1.6067,-0.0445,-0.0383,-0.4432,-0.4264,-2.9482,0.0578,-0.0294,-2.9482
1791436706.4725,0.0219,0.7452,0.0539,-0.0344,1.8013,1.8945,1.4659,1.6067,-0.0445,-0.0399,-0.4432,-0.4310,-2.9488,0.0578,-0.0294,-2.9488
1791436706.4898,0.0173,4.0323,0.0539,-0.0344,1.8013,1.8705,1.4659,1.5827,-0.0445,-0.0430,-0.4432,-0.4357,-2.9495,0.0570,-0.0294,-2.9495
1791436706.5105,0.0207,1.8356,0.0539,-0.0344,1.8013,1.8465,1.4659,1.5348,-0.0445,-0.0430,-0.4432,-0.4387,-2.9503,0.0558,-0.0319,-2.9503
1791436706.5297,0.0192,0.4467,0.0539,-0.0344,1.8013,1.8465,1.4659,1.4868,-0.0445,-0.0430,-0.4432,-0.4403,-2.9511,0.0550,-0.0368,-2.9511
1791436706.5513,0.0216,0.5118,0.0539,-0.0344,1.8013,1.7986,1.4659,1.4628,-0.0445,-0.0430,-0.4432,-0.4403,-2.9519,0.0538,-0.0344,-2.9519
1791436706.5701,0.0189,10.5255,0.0445,-0.0331,1.5085,1.8225,1.1873,1.4628,-0.0429,-0.0430,-0.4519,-0.4403,-2.9527,0.0542,-0.0368,-2.9527
1791436706.5903,0.0202,1.0061,0.0405,-0.0331,1.3886,1.8225,1.0680,1.4628,-0.0429,-0.0430,-0.4519,-0.4403,-2.9536,0.0542,-0.0368,-2.9536
1791436706.6097,0.0194,0.8524,0.0405,-0.0331,1.3886,1.7986,1.0680,1.4388,-0.0429,-0.0430,-0.4519,-0.4433,-2.9543,0.0534,-0.0368,-2.9543
1791436706.6300,0.0203,3.1506,0.0405,-0.0331,1.3886,1.7506,1.0680,1.3909,-0.0429,-0.0430,-0.4519,-0.4449,-2.9549,0.0518,-0.0369,-2.9549
1791436706.6507,0.0208,0.3995,0.0405,-0.0331,1.3886,1.6547,1.0680,1.3429,-0.0429,-0.0430,-0.4519,-0.4479,-2.9554,0.0495,-0.0320,-2.9554
1791436706.6700,0.0192,0.7439,0.0405,-0.0331,1.3886,1.5588,1.0680,1.2710,-0.0429,-0.0430,-0.4519,-0.4510,-2.9559,0.0467,-0.0296,-2.9559
1791436706.6897,0.0198,9.5273,0.0405,-0.0331,1.3886,1.4868,1.0680,1.1990,-0.0429,-0.0430,-0.4519,-0.4510,-2.9564,0.0443,-0.0296,-2.9564
1791436706.7105,0.0208,4.7598,0.0405,-0.0331,1.3886,1.4388,1.0680,1.1271,-0.0429,-0.0430,-0.4519,-0.4510,-2.9569,0.0423,-0.0321,-2.9569
1791436706.7299,0.0194,6.8692,0.0308,-0.0299,1.0793,1.4149,0.7904,1.1271,-0.0390,-0.0430,-0.4520,-0.4510,-2.9572,0.0419,-0.0297,-2.9572
1791436706.7538,0.0240,0.6985,0.0272,-0.0299,0.9679,1.4149,0.6795,1.0791,-0.0390,-0.0430,-0.4520,-0.4510,-2.9582,0.0412,-0.0346,-2.9582
1791436706.7698,0.0160,4.2884,0.0272,-0.0299,0.9679,1.4149,0.6795,1.0791,-0.0390,-0.0430,-0.4520,-0.4510,-2.9585,0.0412,-0.0346,-2.9585
1791436706.7902,0.0204,0.4125,0.0272,-0.0299,0.9679,1.3909,0.6795,1.0791,-0.0390,-0.0414,-0.4520,-0.4510,-2.9591,0.0408,-0.0321,-2.9591
1791436706.8098,0.0195,0.5811,0.0272,-0.0299,0.9679,1.2950,0.6795,1.0072,-0.0390,-0.0399,-0.4520,-0.4510,-2.9596,0.0380,-0.0297,-2.9596
1791436706.8298,0.0201,1.8148,0.0272,-0.0299,0.9679,1.1990,0.6795,0.9353,-0.0390,-0.0399,-0.4520,-0.4510,-2.9599,0.0352,-0.0273,-2.9599
1791436706.8530,0.0232,1.8753,0.0272,-0.0299,0.9679,1.0791,0.6795,0.7914,-0.0390,-0.0399,-0.4520,-0.4510,-2.9606,0.0309,-0.0298,-2.9606
1791436706.8706,0.0176,1.8878,0.0272,-0.0299,0.9679,1.0312,0.6795,0.7434,-0.0390,-0.0399,-0.4520,-0.4510,-2.9608,0.0293,-0.0298,-2.9608
1791436706.8899,0.0193,4.3475,0.0175,-0.0588,0.8130,0.9832,0.2488,0.6954,-0.0369,-0.0399,-0.4647,-0.4510,-2.9614,0.0277,-0.0299,-2.9614
1791436706.9102,0.0203,1.2928,0.0074,-0.0588,0.5047,0.9592,-0.0567,0.6715,-0.0369,-0.0399,-0.4647,-0.4510,-2.9619,0.0269,-0.0299,-2.9619
1791436706.9307,0.0205,1.4553,0.0000,-0.0588,0.2797,0.9592,-0.2797,0.6715,-0.0369,-0.0399,-0.4647,-0.4525,-2.9624,0.0269,-0.0299,-2.9624
1791436706.9548,0.0241,0.9770,0.0000,-0.0588,0.2797,0.8633,-0.2797,0.5276,-0.0369,-0.0383,-0.4647,-0.4587,-2.9633,0.0229,-0.0349,-2.9633
1791436706.9706,0.0158,4.2855,0.0000,-0.0588,0.2797,0.8153,-0.2797,0.4317,-0.0369,-0.0383,-0.4647,-0.4617,-2.9637,0.0206,-0.0400,-2.9637
1791436706.9898,0.0192,2.3245,0.0000,-0.0588,0.2797,0.6715,-0.2797,0.2158,-0.0369,-0.0383,-0.4647,-0.4633,-2.9647,0.0146,-0.0476,-2.9647
1791436707.0129,0.0230,3.0028,0.0000,-0.0588,0.2797,0.5276,-0.2797,0.0240,-0.0369,-0.0383,-0.4647,-0.4633,-2.9656,0.0091,-0.0527,-2.9656
1791436707.0305,0.0176,2.1118,0.0000,-0.0588,0.2797,0.4077,-0.2797,-0.0719,-0.0369,-0.0383,-0.4647,-0.4633,-2.9664,0.0055,-0.0503,-2.9664
1791436707.0512,0.0207,3.1660,0.0000,-0.0599,0.2848,0.3357,-0.2848,-0.1199,-0.0376,-0.0383,-0.4706,-0.4633,-2.9672,0.0036,-0.0478,-2.9672
1791436707.0697,0.0185,17.8679,0.0000,-0.0599,0.2848,0.2878,-0.2848,-0.1439,-0.0376,-0.0383,-0.4706,-0.4648,-2.9681,0.0024,-0.0454,-2.9681
1791436707.0919,0.0222,0.8406,0.0000,-0.0599,0.2848,0.2878,-0.2848,-0.2158,-0.0376,-0.0383,-0.4706,-0.4648,-2.9694,0.0012,-0.0529,-2.9694
1791436707.1121,0.0201,0.9169,0.0000,-0.0599,0.2848,0.2878,-0.2848,-0.2638,-0.0376,-0.0383,-0.4706,-0.4679,-2.9707,0.0004,-0.0580,-2.9707
1791436707.1310,0.0189,10.5613,0.0000,-0.0599,0.2848,0.2878,-0.2848,-0.2878,-0.0376,-0.0383,-0.4706,-0.4694,-2.9718,0.0000,-0.0605,-2.9718
1791436707.1509,0.0199,0.9341,0.0000,-0.0599,0.2848,0.2638,-0.2848,-0.2638,-0.0376,-0.0383,-0.4706,-0.4694,-2.9729,0.0000,-0.0555,-2.9729
1791436707.1699,0.0190,1.1911,0.0000,-0.0599,0.2848,0.2638,-0.2848,-0.2638,-0.0376,-0.0383,-0.4706,-0.4694,-2.9741,0.0000,-0.0555,-2.9741
1791436707.1897,0.0198,9.4079,0.0000,-0.0548,0.2607,0.2638,-0.2607,-0.2638,-0.0345,-0.0383,-0.4804,-0.4694,-2.9752,0.0000,-0.0555,-2.9752
1791436707.2098,0.0201,13.2873,0.0000,-0.0548,0.2607,0.2878,-0.2607,-0.2638,-0.0345,-0.0383,-0.4804,-0.4709,-2.9764,0.0004,-0.0580,-2.9764
1791436707.2297,0.0199,12.5472,0.0000,-0.0548,0.2607,0.2638,-0.2607,-0.2638,-0.0345,-0.0383,-0.4804,-0.4709,-2.9776,0.0000,-0.0555,-2.9776
1791436707.2555,0.0258,1.6611,0.0000,-0.0548,0.2607,0.2638,-0.2607,-0.2638,-0.0345,-0.0368,-0.4804,-0.4740,-2.9788,0.0000,-0.0555,-2.9788
1791436707.2715,0.0159,3.8010,0.0000,-0.0548,0.2607,0.2878,-0.2607,-0.2638,-0.0345,-0.0353,-0.4804,-0.4755,-2.9799,0.0004,-0.0580,-2.9799
1791436707.2899,0.0185,3.4390,0.0000,-0.0548,0.2607,0.2638,-0.2607,-0.2398,-0.0345,-0.0353,-0.4804,-0.4771,-2.9804,0.0004,-0.0530,-2.9804
1791436707.3097,0.0198,1.6233,0.0000,-0.0548,0.2607,0.2638,-0.2607,-0.2398,-0.0345,-0.0353,-0.4804,-0.4786,-2.9815,0.0004,-0.0530,-2.9815
1791436707.3297,0.0200,0.6162,0.0000,-0.0548,0.2607,0.2638,-0.2607,-0.2398,-0.0345,-0.0353,-0.4804,-0.4786,-2.9826,0.0004,-0.0530,-2.9826
1791436707.3512,0.0215,4.9767,0.0000,-0.0548,0.2607,0.2638,-0.2607,-0.2398,-0.0345,-0.0353,-0.4804,-0.4786,-2.9837,0.0004,-0.0530,-2.9837
1791436707.3714,0.0202,1.4052,0.0000,-0.0540,0.2565,0.2638,-0.2565,-0.2398,-0.0340,-0.0368,-0.4814,-0.4786,-2.9854,0.0004,-0.0530,-2.9854
1791436707.3906,0.0192,0.7369,0.0000,-0.0540,0.2565,0.2638,-0.2565,-0.2398,-0.0340,-0.0368,-0.4814,-0.4786,-2.9860,0.0004,-0.0530,-2.9860
1791436707.4105,0.0199,1.0430,0.0000,-0.0540,0.2565,0.2638,-0.2565,-0.2638,-0.0340,-0.0353,-0.4814,-0.4801,-2.9872,0.0000,-0.0555,-2.9872
1791436707.4297,0.0192,4.3953,0.0000,-0.0540,0.2565,0.2638,-0.2565,-0.2398,-0.0340,-0.0353,-0.4814,-0.4801,-2.9884,0.0004,-0.0530,-2.9884
1791436707.4515,0.0218,0.3257,0.0000,-0.0540,0.2565,0.2638,-0.2565,-0.2398,-0.0340,-0.0353,-0.4814,-0.4801,-2.9895,0.0004,-0.0530,-2.9895
1791436707.4699,0.0183,1.6284,0.0000,-0.0540,0.2565,0.2638,-0.2565,-0.2398,-0.0340,-0.0353,-0.4814,-0.4817,-2.9906,0.0004,-0.0530,-2.9906
1791436707.4898,0.0199,0.8618,0.0000,-0.0540,0.2565,0.2638,-0.2565,-0.2398,-0.0340,-0.0353,-0.4814,-0.4801,-2.9917,0.0004,-0.0530,-2.9917
1791436707.5097,0.0199,0.7952,0.0000,-0.0474,0.2255,0.2398,-0.2255,-0.2398,-0.0301,-0.0353,-0.4851,-0.4817,-2.9928,0.0000,-0.0505,-2.9928
1791436707.5297,0.0200,0.5771,0.0000,-0.0474,0.2255,0.2638,-0.2255,-0.2398,-0.0301,-0.0353,-0.4851,-0.4817,-2.9939,0.0004,-0.0530,-2.9939
1791436707.5509,0.0212,1.0522,0.0000,-0.0474,0.2255,0.2398,-0.2255,-0.2398,-0.0301,-0.0353,-0.4851,-0.4817,-2.9951,0.0000,-0.0505,-2.9951
1791436707.5713,0.0204,0.5466,0.0000,-0.0474,0.2255,0.2398,-0.2255,-0.2638,-0.0301,-0.0337,-0.4851,-0.4832,-2.9961,-0.0004,-0.0530,-2.9961
1791436707.5898,0.0185,3.4532,0.0000,-0.0474,0.2255,0.2158,-0.2255,-0.2398,-0.0301,-0.0322,-0.4851,-0.4832,-2.9972,-0.0004,-0.0479,-2.9972
1791436707.6097,0.0199,14.5760,0.0000,-0.0474,0.2255,0.2158,-0.2255,-0.2158,-0.0301,-0.0322,-0.4851,-0.4832,-2.9981,0.0000,-0.0454,-2.9981
1791436707.6297,0.0199,6.1940,0.0000,-0.0474,0.2255,0.2158,-0.2255,-0.2158,-0.0301,-0.0322,-0.4851,-0.4847,-2.9990,0.0000,-0.0454,-2.9990
1791436707.6597,0.0301,11.4585,0.0000,-0.0474,0.2255,0.2158,-0.2255,-0.2158,-0.0301,-0.0322,-0.4851,-0.4832,-3.0004,0.0000,-0.0454,-3.0004
1791436707.6728,0.0131,7.5915,0.0000,-0.0474,0.2255,0.2158,-0.2255,-0.1918,-0.0301,-0.0322,-0.4851,-0.4847,-3.0008,0.0004,-0.0429,-3.0008
1791436707.6905,0.0176,4.9873,0.0000,-0.0474,0.2255,0.2158,-0.2255,-0.1918,-0.0301,-0.0322,-0.4851,-0.4847,-3.0018,0.0004,-0.0429,-3.0018
1791436707.7098,0.0194,6.7552,0.0000,-0.0474,0.2255,0.2158,-0.2255,-0.2158,-0.0301,-0.0322,-0.4851,-0.4847,-3.0028,0.0000,-0.0454,-3.0028
1791436707.7305,0.0207,7.9392,0.0000,-0.0165,0.0782,0.1918,-0.0782,-0.2158,-0.0221,-0.0322,-0.4852,-0.4847,-3.0037,-0.0004,-0.0429,-3.0037
1791436707.7577,0.0272,4.3170,0.0000,-0.0165,0.0782,0.2158,-0.0782,-0.2158,-0.0221,-0.0322,-0.4852,-0.4847,-3.0047,0.0000,-0.0454,-3.0047
1791436707.7702,0.0124,14.4935,0.0000,-0.0165,0.0782,0.2158,-0.0782,-0.1918,-0.0221,-0.0337,-0.4852,-0.4847,-3.0056,0.0004,-0.0429,-3.0056
1791436707.7898,0.0196,5.8856,0.0000,-0.0165,0.0782,0.1918,-0.0782,-0.1918,-0.0221,-0.0307,-0.4852,-0.4847,-3.0065,0.0000,-0.0404,-3.0065
1791436707.8097,0.0199,7.1191,0.0000,-0.0165,0.0782,0.1918,-0.0782,-0.1918,-0.0221,-0.0261,-0.4852,-0.4847,-3.0072,0.0000,-0.0404,-3.0072
1791436707.8297,0.0200,6.2163,0.0000,-0.0165,0.0782,0.1439,-0.0782,-0.1439,-0.0221,-0.0261,-0.4852,-0.4847,-3.0073,0.0000,-0.0303,-3.0073
1791436707.8582,0.0284,6.1682,0.0000,-0.0165,0.0782,0.0719,-0.0782,-0.0719,-0.0221,-0.0230,-0.4852,-0.4847,-3.0078,0.0000,-0.0151,-3.0078
1791436707.8697,0.0115,8.1369,0.0000,-0.0165,0.0782,0.0480,-0.0782,-0.0719,-0.0221,-0.0230,-0.4852,-0.4847,-3.0079,-0.0004,-0.0126,-3.0079
1791436707.8897,0.0200,7.7924,0.0000,-0.0165,0.0782,0.0480,-0.0782,-0.0719,-0.0221,-0.0230,-0.4852,-0.4847,-3.0082,-0.0004,-0.0126,-3.0082
1791436707.9104,0.0207,14.2244,0.0000,-0.0165,0.0782,0.0719,-0.0782,-0.0480,-0.0221,-0.0230,-0.4852,-0.4847,-3.0084,0.0004,-0.0126,-3.0084
1791436707.9316,0.0212,7.0326,0.0000,-0.0165,0.0782,0.0719,-0.0782,-0.0480,-0.0221,-0.0230,-0.4852,-0.4847,-3.0088,0.0004,-0.0126,-3.0088
1791436707.9579,0.0263,8.4008,0.0000,-0.0126,0.0600,0.0480,-0.0600,-0.0719,-0.0174,-0.0230,-0.4868,-0.4847,-3.0091,-0.0004,-0.0126,-3.0091
1791436707.9707,0.0128,5.6208,0.0000,-0.0126,0.0600,0.0480,-0.0600,-0.0480,-0.0174,-0.0230,-0.4868,-0.4847,-3.0092,0.0000,-0.0101,-3.0092
1791436707.9901,0.0194,8.3447,0.0000,-0.0126,0.0600,0.0480,-0.0600,-0.0480,-0.0174,-0.0230,-0.4868,-0.4847,-3.0095,0.0000,-0.0101,-3.0095
1791436708.0102,0.0201,9.6077,0.0000,-0.0126,0.0600,0.0480,-0.0600,-0.0480,-0.0174,-0.0230,-0.4868,-0.4847,-3.0097,0.0000,-0.0101,-3.0097
1791436708.0303,0.0201,6.7277,0.0000,-0.0126,0.0600,0.0480,-0.0600,-0.0480,-0.0174,-0.0199,-0.4868,-0.4847,-3.0100,0.0000,-0.0101,-3.0100
1791436708.0585,0.0282,6.5333,0.0000,-0.0126,0.0600,0.0719,-0.0600,-0.0719,-0.0174,-0.0184,-0.4868,-0.4847,-3.0105,0.0000,-0.0151,-3.0105
1791436708.0698,0.0113,5.9045,0.0000,-0.0126,0.0600,0.0719,-0.0600,-0.0719,-0.0174,-0.0184,-0.4868,-0.4847,-3.0107,0.0000,-0.0151,-3.0107
1791436708.0903,0.0205,6.3153,0.0000,-0.0126,0.0600,0.0719,-0.0600,-0.0719,-0.0174,-0.0184,-0.4868,-0.4847,-3.0110,0.0000,-0.0151,-3.0110
1791436708.1098,0.0195,3.4077,0.0000,-0.0126,0.0600,0.0480,-0.0600,-0.0480,-0.0174,-0.0184,-0.4868,-0.4847,-3.0112,0.0000,-0.0101,-3.0112
1791436708.1297,0.0199,4.8463,0.0000,-0.0126,0.0600,0.0480,-0.0600,-0.0480,-0.0174,-0.0184,-0.4868,-0.4847,-3.0115,0.0000,-0.0101,-3.0115
1791436708.1528,0.0231,4.1667,0.0000,-0.0126,0.0600,0.0480,-0.0600,-0.0480,-0.0174,-0.0184,-0.4868,-0.4847,-3.0118,0.0000,-0.0101,-3.0118
1791436708.1707,0.0179,11.8043,0.0000,-0.0080,0.0380,0.0480,-0.0380,-0.0480,-0.0116,-0.0184,-0.4847,-0.4847,-3.0120,0.0000,-0.0101,-3.0120
1791436708.1898,0.0191,1.9939,0.0000,-0.0080,0.0380,0.0719,-0.0380,-0.0719,-0.0116,-0.0184,-0.4847,-0.4847,-3.0124,0.0000,-0.0151,-3.0124
1791436708.2098,0.0199,1.0881,0.0000,-0.0080,0.0380,0.0719,-0.0380,-0.0719,-0.0116,-0.0184,-0.4847,-0.4847,-3.0126,0.0000,-0.0151,-3.0126
1791436708.2305,0.0207,4.9101,0.0000,-0.0080,0.0380,0.0480,-0.0380,-0.0480,-0.0116,-0.0169,-0.4847,-0.4847,-3.0128,0.0000,-0.0101,-3.0128
1791436708.2500,0.0195,0.3476,0.0000,-0.0080,0.0380,0.0480,-0.0380,-0.0480,-0.0116,-0.0138,-0.4847,-0.4847,-3.0129,0.0000,-0.0101,-3.0129
1791436708.2724,0.0224,0.8991,0.0000,-0.0080,0.0380,0.0240,-0.0380,-0.0240,-0.0116,-0.0138,-0.4847,-0.4847,-3.0130,0.0000,-0.0050,-3.0130
1791436708.2896,0.0173,1.0614,0.0000,-0.0080,0.0380,0.0240,-0.0380,-0.0240,-0.0116,-0.0138,-0.4847,-0.4847,-3.0132,0.0000,-0.0050,-3.0132
1791436708.3098,0.0201,7.4715,0.0000,-0.0052,0.0246,0.0480,-0.0246,-0.0240,-0.0080,-0.0138,-0.4837,-0.4847,-3.0134,0.0004,-0.0076,-3.0134
1791436708.3298,0.0200,2.4183,0.0000,-0.0052,0.0246,0.0480,-0.0246,-0.0240,-0.0080,-0.0138,-0.4837,-0.4847,-3.0136,0.0004,-0.0076,-3.0136
1791436708.3512,0.0214,3.8438,0.0000,-0.0052,0.0246,0.0240,-0.0246,-0.0480,-0.0080,-0.0138,-0.4837,-0.4847,-3.0138,-0.0004,-0.0076,-3.0138
1791436708.3736,0.0224,1.8559,0.0000,-0.0052,0.0246,0.0240,-0.0246,-0.0480,-0.0080,-0.0123,-0.4837,-0.4847,-3.0140,-0.0004,-0.0076,-3.0140
1791436708.3905,0.0169,0.8936,0.0000,-0.0052,0.0246,0.0240,-0.0246,-0.0240,-0.0080,-0.0107,-0.4837,-0.4847,-3.0141,0.0000,-0.0050,-3.0141
1791436708.4099,0.0195,1.6747,0.0000,-0.0052,0.0246,0.0240,-0.0246,-0.0240,-0.0080,-0.0092,-0.4837,-0.4847,-3.0142,0.0000,-0.0050,-3.0142
1791436708.4297,0.0198,0.8403,0.0000,-0.0052,0.0246,0.0240,-0.0246,0.0000,-0.0080,-0.0092,-0.4837,-0.4847,-3.0142,0.0004,-0.0025,-3.0142
1791436708.4551,0.0254,0.6521,0.0000,-0.0052,0.0246,0.0240,-0.0246,0.0000,-0.0080,-0.0107,-0.4837,-0.4847,-3.0142,0.0004,-0.0025,-3.0142
1791436708.4709,0.0157,5.1657,0.0000,-0.0052,0.0246,0.0240,-0.0246,0.0000,-0.0080,-0.0092,-0.4837,-0.4847,-3.0143,0.0004,-0.0025,-3.0143
1791436708.4915,0.0206,7.0473,0.0000,-0.0038,0.0179,0.0240,-0.0179,-0.0240,-0.0063,-0.0092,-0.4837,-0.4847,-3.0144,0.0000,-0.0050,-3.0144
1791436708.5108,0.0194,5.2377,0.0000,-0.0038,0.0179,0.0240,-0.0179,-0.0240,-0.0063,-0.0092,-0.4837,-0.4847,-3.0144,0.0000,-0.0050,-3.0144
1791436708.5298,0.0189,0.7836,0.0000,-0.0038,0.0179,0.0240,-0.0179,0.0000,-0.0063,-0.0092,-0.4837,-0.4847,-3.0145,0.0004,-0.0025,-3.0145
1791436708.5510,0.0212,2.3109,0.0000,-0.0038,0.0179,0.0240,-0.0179,0.0000,-0.0063,-0.0077,-0.4837,-0.4847,-3.0146,0.0004,-0.0025,-3.0146
1791436708.5698,0.0187,0.8973,0.0000,-0.0038,0.0179,0.0240,-0.0179,-0.0240,-0.0063,-0.0077,-0.4837,-0.4847,-3.0147,0.0000,-0.0050,-3.0147
1791436708.5939,0.0242,1.3475,0.0000,-0.0038,0.0179,0.0240,-0.0179,-0.0240,-0.0063,-0.0077,-0.4837,-0.4847,-3.0149,0.0000,-0.0050,-3.0149
1791436708.6100,0.0161,0.6195,0.0000,-0.0038,0.0179,0.0240,-0.0179,-0.0240,-0.0063,-0.0077,-0.4837,-0.4847,-3.0148,0.0000,-0.0050,-3.0148
1791436708.6297,0.0197,0.6192,0.0000,-0.0038,0.0179,0.0000,-0.0179,-0.0240,-0.0063,-0.0077,-0.4837,-0.4847,-3.0149,-0.0004,-0.0025,-3.0149
1791436708.6514,0.0216,0.4580,0.0000,-0.0033,0.0158,0.0240,-0.0158,0.0000,-0.0057,-0.0092,-0.4837,-0.4847,-3.0148,0.0004,-0.0025,-3.0148
1791436708.6698,0.0184,1.8784,0.0000,-0.0033,0.0158,0.0000,-0.0158,0.0000,-0.0057,-0.0077,-0.4837,-0.4847,-3.0148,0.0000,0.0000,-3.0148
1791436708.6898,0.0199,2.0682,0.0000,-0.0033,0.0158,0.0000,-0.0158,-0.0240,-0.0057,-0.0077,-0.4837,-0.4847,-3.0149,-0.0004,-0.0025,-3.0149
1791436708.7101,0.0203,1.7353,0.0000,-0.0033,0.0158,0.0000,-0.0158,-0.0240,-0.0057,-0.0077,-0.4837,-0.4847,-3.0149,-0.0004,-0.0025,-3.0149
1791436708.7300,0.0199,2.8449,0.0000,-0.0033,0.0158,0.0240,-0.0158,-0.0240,-0.0057,-0.0077,-0.4837,-0.4847,-3.0150,0.0000,-0.0050,-3.0150
1791436708.7577,0.0277,4.2638,0.0000,-0.0033,0.0158,0.0000,-0.0158,0.0000,-0.0057,-0.0077,-0.4837,-0.4847,-3.0150,0.0000,0.0000,-3.0150
1791436708.7699,0.0122,3.6934,0.0000,-0.0033,0.0158,0.0000,-0.0158,0.0000,-0.0057,-0.0077,-0.4837,-0.4847,-3.0150,0.0000,0.0000,-3.0150
1791436708.7899,0.0201,1.3372,0.0000,-0.0033,0.0158,0.0240,-0.0158,0.0000,-0.0057,-0.0077,-0.4837,-0.4847,-3.0150,0.0004,-0.0025,-3.0150
1791436708.8121,0.0221,18.0456,0.0000,-0.0033,0.0158,0.0240,-0.0158,-0.0240,-0.0057,-0.0077,-0.4837,-0.4847,-3.0150,0.0000,-0.0050,-3.0150
1791436708.8309,0.0189,6.3638,0.0000,-0.0031,0.0147,0.0000,-0.0147,-0.0240,-0.0054,-0.0077,-0.4847,-0.4847,-3.0150,-0.0004,-0.0025,-3.0150
1791436708.8889,0.0580,1.9833,0.0000,-0.0031,0.0147,0.0000,-0.0147,-0.0240,-0.0054,-0.0077,-0.4847,-0.4847,-3.0150,-0.0004,-0.0025,-3.0150
1791436708.8919,0.0030,0.2200,0.0000,-0.0031,0.0147,0.0000,-0.0147,-0.0240,-0.0054,-0.0077,-0.4847,-0.4847,-3.0150,-0.0004,-0.0025,-3.0150
1791436708.9105,0.0187,4.4358,0.0000,-0.0031,0.0147,0.0000,-0.0147,0.0000,-0.0054,-0.0077,-0.4847,-0.4847,-3.0150,0.0000,0.0000,-3.0150
1791436708.9299,0.0194,6.2240,0.0000,-0.0023,0.0109,0.0000,-0.0109,0.0000,-0.0044,-0.0077,-0.4847,-0.4847,-3.0151,0.0000,0.0000,-3.0151
1791436708.9530,0.0231,2.9465,0.0000,-0.0023,0.0109,0.0000,-0.0109,-0.0240,-0.0044,-0.0077,-0.4847,-0.4847,-3.0151,-0.0004,-0.0025,-3.0151
1791436708.9698,0.0168,3.9685,0.0000,-0.0023,0.0109,0.0240,-0.0109,0.0000,-0.0044,-0.0077,-0.4847,-0.4847,-3.0151,0.0004,-0.0025,-3.0151
1791436708.9900,0.0202,3.0914,0.0000,-0.0023,0.0109,0.0240,-0.0109,0.0000,-0.0044,-0.0061,-0.4847,-0.4847,-3.0151,0.0004,-0.0025,-3.0151
1791436709.0097,0.0197,2.6330,0.0000,-0.0023,0.0109,0.0240,-0.0109,0.0000,-0.0044,-0.0061,-0.4847,-0.4847,-3.0151,0.0004,-0.0025,-3.0151
1791436709.0317,0.0219,1.1219,0.0000,-0.0023,0.0109,0.0000,-0.0109,0.0000,-0.0044,-0.0061,-0.4847,-0.4847,-3.0151,0.0000,0.0000,-3.0151
1791436709.0514,0.0198,2.7513,0.0000,-0.0023,0.0109,0.0000,-0.0109,0.0000,-0.0044,-0.0061,-0.4847,-0.4847,-3.0151,0.0000,0.0000,-3.0151
1791436709.0705,0.0191,4.8306,0.0000,-0.0023,0.0109,0.0000,-0.0109,0.0000,-0.0044,-0.0061,-0.4847,-0.4847,-3.0151,0.0000,0.0000,-3.0151
1791436709.0899,0.0194,2.7771,0.0000,-0.0016,0.0076,0.0000,-0.0076,0.0000,-0.0036,-0.0061,-0.4837,-0.4847,-3.0151,0.0000,0.0000,-3.0151
1791436709.1098,0.0200,5.2116,0.0000,-0.0016,0.0076,0.0000,-0.0076,0.0000,-0.0036,-0.0061,-0.4837,-0.4847,-3.0151,0.0000,0.0000,-3.0151
1791436709.1301,0.0203,1.1902,0.0000,-0.0016,0.0076,0.0000,-0.0076,0.0000,-0.0036,-0.0061,-0.4837,-0.4847,-3.0151,0.0000,0.0000,-3.0151
1791436709.1550,0.0249,0.5574,0.0000,-0.0016,0.0076,0.0000,-0.0076,0.0000,-0.0036,-0.0046,-0.4837,-0.4847,-3.0151,0.0000,0.0000,-3.0151
1791436709.1702,0.0152,3.5889,0.0000,-0.0016,0.0076,0.0000,-0.0076,0.0000,-0.0036,-0.0046,-0.4837,-0.4847,-3.0151,0.0000,0.0000,-3.0151
1791436709.1910,0.0208,0.6569,0.0000,-0.0016,0.0076,0.0000,-0.0076,0.0000,-0.0036,-0.0046,-0.4837,-0.4847,-3.0151,0.0000,0.0000,-3.0151
1791436709.2097,0.0187,5.6655,0.0000,-0.0016,0.0076,0.0000,-0.0076,0.0000,-0.0036,-0.0046,-0.4837,-0.4847,-3.0151,0.0000,0.0000,-3.0151
1791436709.2298,0.0201,7.4582,0.0000,-0.0016,0.0076,0.0000,-0.0076,0.0000,-0.0036,-0.0046,-0.4837,-0.4847,-3.0151,0.0000,0.0000,-3.0151
1791436709.2533,0.0235,0.7946,0.0000,-0.0016,0.0076,0.0000,-0.0076,0.0000,-0.0036,-0.0046,-0.4837,-0.4847,-3.0151,0.0000,0.0000,-3.0151
1791436709.2704,0.0171,1.0108,0.0000,-0.0016,0.0076,0.0000,-0.0076,0.0000,-0.0036,-0.0046,-0.4847,-0.4847,-3.0151,0.0000,0.0000,-3.0151
1791436709.2901,0.0196,1.2784,0.0000,-0.0016,0.0076,0.0000,-0.0076,0.0000,-0.0036,-0.0046,-0.4847,-0.4847,-3.0151,0.0000,0.0000,-3.0151
1791436709.3106,0.0205,2.5554,0.0000,-0.0016,0.0076,0.0000,-0.0076,0.0000,-0.0036,-0.0046,-0.4847,-0.4847,-3.0151,0.0000,0.0000,-3.0151
1791436709.3304,0.0198,0.5532,0.0000,-0.0016,0.0076,0.0000,-0.0076,0.0000,-0.0036,-0.0046,-0.4847,-0.4847,-3.0152,0.0000,0.0000,-3.0152
1791436709.3508,0.0205,2.4996,0.0000,-0.0016,0.0076,0.0000,-0.0076,0.0000,-0.0036,-0.0046,-0.4847,-0.4847,-3.0151,0.0000,0.0000,-3.0151
1791436709.3698,0.0189,0.6131,0.0000,-0.0016,0.0076,0.0000,-0.0076,0.0000,-0.0036,-0.0046,-0.4847,-0.4847,-3.0151,0.0000,0.0000,-3.0151
1791436709.3901,0.0204,1.1202,0.0000,-0.0016,0.0076,0.0000,-0.0076,0.0000,-0.0036,-0.0046,-0.4847,-0.4847,-3.0151,0.0000,0.0000,-3.0151
1791436709.4098,0.0197,0.5697,0.0000,-0.0016,0.0076,0.0000,-0.0076,0.0000,-0.0036,-0.0046,-0.4847,-0.4847,-3.0152,0.0000,0.0000,-3.0152
1791436709.4297,0.0198,0.7482,0.0000,-0.0010,0.0046,0.0000,-0.0046,0.0000,-0.0028,-0.0046,-0.4847,-0.4847,-3.0152,0.0000,0.0000,-3.0152
1791436709.4506,0.0210,0.3748,0.0000,-0.0010,0.0046,0.0000,-0.0046,0.0000,-0.0028,-0.0046,-0.4847,-0.4847,-3.0151,0.0000,0.0000,-3.0151
1791436709.4697,0.0191,0.8504,0.0000,-0.0010,0.0046,0.0000,-0.0046,0.0000,-0.0028,-0.0046,-0.4847,-0.4847,-3.0151,0.0000,0.0000,-3.0151
1791436709.4902,0.0206,1.3999,0.0000,-0.0010,0.0046,0.0000,-0.0046,0.0000,-0.0028,-0.0061,-0.4847,-0.4847,-3.0151,0.0000,0.0000,-3.0151
1791436709.5101,0.0198,0.5994,0.0000,-0.0010,0.0046,0.0000,-0.0046,0.0000,-0.0028,-0.0046,-0.4847,-0.4847,-3.0151,0.0000,0.0000,-3.0151
1791436709.5297,0.0196,0.7959,0.0000,-0.0010,0.0046,0.0000,-0.0046,0.0000,-0.0028,-0.0046,-0.4847,-0.4847,-3.0151,0.0000,0.0000,-3.0151
1791436709.5505,0.0208,3.1992,0.0000,-0.0010,0.0046,0.0000,-0.0046,0.0000,-0.0028,-0.0046,-0.4847,-0.4847,-3.0151,0.0000,0.0000,-3.0151
1791436709.5733,0.0228,2.9878,0.0000,-0.0010,0.0046,0.0000,-0.0046,0.0000,-0.0028,-0.0046,-0.4847,-0.4847,-3.0151,0.0000,0.0000,-3.0151
1791436709.5898,0.0165,5.7670,0.0000,-0.0008,0.0037,0.0000,-0.0037,0.0000,-0.0026,-0.0046,-0.4837,-0.4847,-3.0151,0.0000,0.0000,-3.0151
1791436709.6099,0.0201,1.1221,0.0000,-0.0008,0.0037,0.0000,-0.0037,0.0000,-0.0026,-0.0046,-0.4837,-0.4847,-3.0151,0.0000,0.0000,-3.0151
1791436709.6298,0.0199,2.9113,0.0000,-0.0008,0.0037,0.0000,-0.0037,0.0000,-0.0026,-0.0046,-0.4837,-0.4847,-3.0151,0.0000,0.0000,-3.0151
1791436709.6501,0.0203,0.6118,0.0000,-0.0008,0.0037,0.0000,-0.0037,0.0000,-0.0026,-0.0046,-0.4837,-0.4847,-3.0151,0.0000,0.0000,-3.0151
1791436709.6705,0.0204,11.5607,0.0000,-0.0008,0.0037,0.0000,-0.0037,0.0000,-0.0026,-0.0046,-0.4837,-0.4847,-3.0151,0.0000,0.0000,-3.0151
1791436709.6898,0.0193,6.3273,0.0000,-0.0008,0.0037,0.0000,-0.0037,0.0000,-0.0026,-0.0046,-0.4837,-0.4847,-3.0151,0.0000,0.0000,-3.0151
1791436709.7115,0.0217,1.0404,0.0000,-0.0008,0.0037,0.0000,-0.0037,0.0000,-0.0026,-0.0046,-0.4837,-0.4847,-3.0151,0.0000,0.0000,-3.0151
1791436709.7297,0.0182,4.7607,0.0000,-0.0008,0.0037,0.0000,-0.0037,0.0000,-0.0026,-0.0046,-0.4858,-0.4847,-3.0151,0.0000,0.0000,-3.0151
1791436709.7580,0.0283,10.1561,0.0000,-0.0008,0.0037,0.0000,-0.0037,0.0000,-0.0026,-0.0046,-0.4858,-0.4847,-3.0151,0.0000,0.0000,-3.0151
1791436709.7697,0.0117,14.9047,0.0000,-0.0008,0.0037,0.0000,-0.0037,0.0000,-0.0026,-0.0046,-0.4858,-0.4847,-3.0151,0.0000,0.0000,-3.0151
1791436709.7904,0.0207,0.7782,0.0000,-0.0008,0.0037,0.0000,-0.0037,0.0000,-0.0026,-0.0046,-0.4858,-0.4847,-3.0151,0.0000,0.0000,-3.0151
1791436709.8108,0.0204,5.2022,0.0000,-0.0008,0.0037,0.0000,-0.0037,0.0000,-0.0026,-0.0046,-0.4858,-0.4847,-3.0151,0.0000,0.0000,-3.0151
1791436709.8314,0.0206,4.8768,0.0000,-0.0008,0.0037,0.0000,-0.0037,0.0000,-0.0026,-0.0046,-0.4858,-0.4847,-3.0151,0.0000,0.0000,-3.0151
1791436709.8545,0.0231,3.1869,0.0000,-0.0008,0.0037,0.0000,-0.0037,0.0000,-0.0026,-0.0046,-0.4858,-0.4847,-3.0151,0.0000,0.0000,-3.0151
1791436709.8697,0.0152,11.1815,0.0000,-0.0008,0.0037,0.0000,-0.0037,0.0000,-0.0026,-0.0046,-0.4858,-0.4847,-3.0151,0.0000,0.0000,-3.0151
1791436709.8897,0.0200,8.1448,0.0000,-0.0008,0.0037,0.0000,-0.0037,0.0000,-0.0026,-0.0046,-0.4858,-0.4847,-3.0151,0.0000,0.0000,-3.0151
1791436709.9097,0.0200,7.2574,0.0000,-0.0008,0.0037,0.0000,-0.0037,0.0000,-0.0026,-0.0046,-0.4858,-0.4847,-3.0151,0.0000,0.0000,-3.0151
1791436709.9297,0.0200,11.9906,0.0000,-0.0008,0.0037,0.0000,-0.0037,0.0000,-0.0026,-0.0046,-0.4858,-0.4847,-3.0151,0.0000,0.0000,-3.0151
1791436709.9538,0.0241,7.2550,0.0000,-0.0008,0.0037,0.0000,-0.0037,0.0000,-0.0026,-0.0046,-0.4858,-0.4847,-3.0151,0.0000,0.0000,-3.0151
1791436709.9700,0.0162,10.7510,0.0000,-0.0008,0.0037,0.0000,-0.0037,0.0000,-0.0026,-0.0046,-0.4847,-0.4847,-3.0151,0.0000,0.0000,-3.0151
1791436709.9897,0.0197,9.2836,0.0000,-0.0008,0.0037,0.0000,-0.0037,0.0000,-0.0026,-0.0046,-0.4847,-0.4847,-3.0151,0.0000,0.0000,-3.0151
1791436710.0098,0.0201,10.0297,0.0000,-0.0008,0.0037,0.0000,-0.0037,0.0000,-0.0026,-0.0046,-0.4847,-0.4847,-3.0151,0.0000,0.0000,-3.0151
1791436710.0298,0.0200,8.8149,0.0000,-0.0008,0.0037,0.0000,-0.0037,0.0000,-0.0026,-0.0061,-0.4847,-0.4847,-3.0151,0.0000,0.0000,-3.0151
1791436710.0536,0.0239,8.2808,0.0000,-0.0008,0.0037,0.0000,-0.0037,0.0000,-0.0026,-0.0046,-0.4847,-0.4847,-3.0151,0.0000,0.0000,-3.0151
1791436710.0697,0.0161,9.8454,0.0000,-0.0008,0.0037,0.0000,-0.0037,0.0000,-0.0026,-0.0046,-0.4847,-0.4847,-3.0151,0.0000,0.0000,-3.0151
1791436710.0905,0.0208,12.2189,0.0000,-0.0008,0.0037,0.0000,-0.0037,0.0000,-0.0026,-0.0046,-0.4847,-0.4847,-3.0151,0.0000,0.0000,-3.0151
1791436710.1100,0.0195,4.9476,0.0000,-0.0008,0.0037,0.0000,-0.0037,0.0000,-0.0026,-0.0046,-0.4847,-0.4847,-3.0151,0.0000,0.0000,-3.0151
1791436710.1300,0.0200,5.1314,0.0000,-0.0008,0.0037,0.0000,-0.0037,0.0000,-0.0026,-0.0046,-0.4847,-0.4847,-3.0151,0.0000,0.0000,-3.0151
1791436710.1505,0.0205,0.4033,0.0000,-0.0008,0.0037,0.0000,-0.0037,0.0000,-0.0026,-0.0046,-0.4847,-0.4847,-3.0151,0.0000,0.0000,-3.0151
1791436710.1699,0.0194,8.2448,0.0000,-0.0008,0.0037,0.0000,-0.0037,0.0000,-0.0026,-0.0046,-0.4847,-0.4847,-3.0151,0.0000,0.0000,-3.0151
1791436710.1913,0.0215,0.5087,0.0000,-0.0008,0.0037,0.0000,-0.0037,0.0000,-0.0026,-0.0046,-0.4847,-0.4847,-3.0151,0.0000,0.0000,-3.0151
1791436710.2101,0.0188,1.4396,0.0000,-0.0008,0.0037,0.0000,-0.0037,0.0000,-0.0026,-0.0046,-0.4847,-0.4847,-3.0151,0.0000,0.0000,-3.0151
1791436710.2297,0.0195,1.7880,0.0000,-0.0008,0.0037,0.0000,-0.0037,0.0000,-0.0026,-0.0046,-0.4847,-0.4847,-3.0151,0.0000,0.0000,-3.0151
1791436710.2502,0.0206,0.4765,0.0000,-0.0008,0.0037,0.0000,-0.0037,0.0000,-0.0026,-0.0046,-0.4847,-0.4847,-3.0151,0.0000,0.0000,-3.0151
1791436710.2698,0.0195,0.8747,0.0000,-0.0008,0.0037,0.0000,-0.0037,0.0000,-0.0026,-0.0046,-0.4847,-0.4847,-3.0151,0.0000,0.0000,-3.0151
1791436710.2906,0.0208,3.7935,0.0000,-0.0008,0.0037,0.0000,-0.0037,0.0000,-0.0026,-0.0046,-0.4847,-0.4847,-3.0151,0.0000,0.0000,-3.0151
1791436710.3113,0.0207,4.0786,0.0000,-0.0008,0.0037,0.0000,-0.0037,0.0000,-0.0026,-0.0046,-0.4847,-0.4847,-3.0151,0.0000,0.0000,-3.0151
1791436710.3299,0.0186,0.7066,0.0000,-0.0008,0.0037,0.0000,-0.0037,0.0000,-0.0026,-0.0061,-0.4847,-0.4847,-3.0151,0.0000,0.0000,-3.0151
1791436710.3500,0.0201,0.4526,0.0000,-0.0008,0.0037,0.0000,-0.0037,0.0000,-0.0026,-0.0046,-0.4847,-0.4847,-3.0151,0.0000,0.0000,-3.0151
1791436710.3714,0.0213,1.0326,0.0000,-0.0008,0.0037,0.0000,-0.0037,0.0000,-0.0026,-0.0046,-0.4847,-0.4847,-3.0151,0.0000,0.0000,-3.0151
1791436710.3910,0.0197,1.7723,0.0000,-0.0008,0.0037,0.0000,-0.0037,0.0000,-0.0026,-0.0046,-0.4847,-0.4847,-3.0151,0.0000,0.0000,-3.0151
1791436710.4111,0.0201,2.9398,0.0000,-0.0008,0.0037,0.0000,-0.0037,0.0000,-0.0026,-0.0046,-0.4847,-0.4847,-3.0151,0.0000,0.0000,-3.0151
1791436710.4304,0.0193,2.7000,0.0000,-0.0008,0.0037,0.0000,-0.0037,0.0000,-0.0026,-0.0046,-0.4847,-0.4847,-3.0151,0.0000,0.0000,-3.0151
1791436710.4511,0.0207,0.5973,0.0000,-0.0008,0.0037,0.0000,-0.0037,0.0000,-0.0026,-0.0046,-0.4847,-0.4847,-3.0151,0.0000,0.0000,-3.0151
1791436710.4698,0.0187,3.0816,0.0000,-0.0008,0.0037,0.0000,-0.0037,0.0000,-0.0026,-0.0046,-0.4847,-0.4847,-3.0151,0.0000,0.0000,-3.0151
1791436710.4898,0.0199,2.1523,0.0000,-0.0008,0.0037,0.0000,-0.0037,0.0000,-0.0026,-0.0046,-0.4847,-0.4847,-3.0151,0.0000,0.0000,-3.0151
1791436710.5103,0.0205,2.1939,0.0000,-0.0008,0.0037,0.0000,-0.0037,0.0000,-0.0026,-0.0046,-0.4847,-0.4847,-3.0151,0.0000,0.0000,-3.0151
1791436710.5297,0.0194,1.3543,0.0000,-0.0008,0.0037,0.0000,-0.0037,0.0000,-0.0026,-0.0046,-0.4847,-0.4847,-3.0151,0.0000,0.0000,-3.0151
1791436710.5535,0.0238,4.9833,0.0000,-0.0008,0.0037,0.0000,-0.0037,0.0000,-0.0026,-0.0046,-0.4847,-0.4847,-3.0151,0.0000,0.0000,-3.0151
1791436710.5698,0.0164,11.6529,0.0000,-0.0008,0.0037,0.0000,-0.0037,0.0000,-0.0026,-0.0046,-0.4847,-0.4847,-3.0151,0.0000,0.0000,-3.0151
1791436710.5898,0.0200,8.0991,0.0000,-0.0008,0.0037,0.0000,-0.0037,0.0000,-0.0026,-0.0046,-0.4847,-0.4847,-3.0152,0.0000,0.0000,-3.0152
1791436710.6097,0.0199,11.1427,0.0000,-0.0008,0.0037,0.0000,-0.0037,0.0000,-0.0026,-0.0046,-0.4847,-0.4847,-3.0151,0.0000,0.0000,-3.0151
1791436710.6298,0.0201,9.5106,0.0000,-0.0012,0.0058,0.0000,-0.0058,0.0000,-0.0031,-0.0046,-0.4847,-0.4847,-3.0151,0.0000,0.0000,-3.0151
1791436710.6571,0.0272,7.6756,0.0000,-0.0012,0.0058,0.0000,-0.0058,0.0000,-0.0031,-0.0061,-0.4847,-0.4847,-3.0151,0.0000,0.0000,-3.0151
1791436710.6697,0.0126,9.4438,0.0000,-0.0012,0.0058,0.0000,-0.0058,0.0000,-0.0031,-0.0046,-0.4847,-0.4847,-3.0151,0.0000,0.0000,-3.0151
1791436710.6903,0.0206,8.0237,0.0000,-0.0012,0.0058,0.0000,-0.0058,0.0000,-0.0031,-0.0046,-0.4847,-0.4847,-3.0151,0.0000,0.0000,-3.0151
1791436710.7097,0.0194,7.8655,0.0000,-0.0012,0.0058,0.0000,-0.0058,0.0000,-0.0031,-0.0046,-0.4847,-0.4847,-3.0152,0.0000,0.0000,-3.0152
1791436710.7297,0.0200,4.9807,0.0000,-0.0012,0.0058,0.0000,-0.0058,0.0000,-0.0031,-0.0046,-0.4847,-0.4847,-3.0151,0.0000,0.0000,-3.0151
1791436710.7516,0.0218,2.5060,0.0000,-0.0012,0.0058,0.0000,-0.0058,0.0000,-0.0031,-0.0046,-0.4847,-0.4847,-3.0151,0.0000,0.0000,-3.0151
1791436710.7697,0.0181,3.1528,0.0000,-0.0012,0.0058,0.0000,-0.0058,0.0000,-0.0031,-0.0046,-0.4847,-0.4847,-3.0151,0.0000,0.0000,-3.0151
1791436710.7902,0.0206,1.4441,0.0000,-0.0012,0.0058,0.0000,-0.0058,0.0000,-0.0031,-0.0046,-0.4847,-0.4847,-3.0151,0.0000,0.0000,-3.0151
1791436710.8103,0.0201,0.6394,0.0000,-0.0012,0.0058,0.0000,-0.0058,0.0000,-0.0031,-0.0046,-0.4847,-0.4847,-3.0151,0.0000,0.0000,-3.0151
1791436710.8312,0.0209,2.7860,0.0000,-0.0008,0.0037,0.0000,-0.0037,0.0000,-0.0026,-0.0046,-0.4858,-0.4847,-3.0151,0.0000,0.0000,-3.0151
1791436710.8501,0.0190,0.5759,0.0000,-0.0008,0.0037,0.0000,-0.0037,0.0000,-0.0026,-0.0046,-0.4858,-0.4847,-3.0151,0.0000,0.0000,-3.0151
1791436710.8699,0.0198,1.2075,0.0000,-0.0008,0.0037,0.0000,-0.0037,0.0000,-0.0026,-0.0046,-0.4858,-0.4847,-3.0151,0.0000,0.0000,-3.0151
1791436710.8898,0.0198,4.0978,0.0000,-0.0008,0.0037,0.0000,-0.0037,0.0000,-0.0026,-0.0046,-0.4858,-0.4847,-3.0152,0.0000,0.0000,-3.0152
1791436710.9098,0.0200,2.7383,0.0000,-0.0008,0.0037,0.0000,-0.0037,0.0000,-0.0026,-0.0046,-0.4858,-0.4847,-3.0151,0.0000,0.0000,-3.0151
1791436710.9305,0.0207,1.0254,0.0000,-0.0008,0.0037,0.0000,-0.0037,0.0000,-0.0026,-0.0046,-0.4858,-0.4847,-3.0151,0.0000,0.0000,-3.0151
1791436710.9508,0.0203,0.7298,0.0000,-0.0008,0.0037,0.0000,-0.0037,0.0000,-0.0026,-0.0046,-0.4858,-0.4847,-3.0151,0.0000,0.0000,-3.0151
1791436710.9716,0.0209,0.6314,0.0000,-0.0008,0.0037,0.0000,-0.0037,0.0000,-0.0026,-0.0046,-0.4858,-0.4847,-3.0152,0.0000,0.0000,-3.0152
1791436710.9909,0.0193,1.5977,0.0000,-0.0008,0.0037,0.0000,-0.0037,0.0000,-0.0026,-0.0046,-0.4858,-0.4847,-3.0151,0.0000,0.0000,-3.0151
1791436711.0213,0.0304,7.3249,0.0000,-0.0008,0.0037,0.0000,-0.0037,0.0000,-0.0026,-0.0046,-0.4858,-0.4847,-3.0151,0.0000,0.0000,-3.0151
1791436711.0325,0.0112,1.7890,0.0000,-0.0008,0.0037,0.0000,-0.0037,0.0000,-0.0026,-0.0046,-0.4858,-0.4847,-3.0152,0.0000,0.0000,-3.0152
1791436711.0516,0.0191,0.6812,0.0000,-0.0008,0.0037,0.0000,-0.0037,0.0000,-0.0026,-0.0046,-0.4858,-0.4847,-3.0151,0.0000,0.0000,-3.0151
1791436711.0699,0.0183,0.9769,0.0000,-0.0008,0.0037,0.0000,-0.0037,0.0000,-0.0026,-0.0046,-0.4858,-0.4847,-3.0151,0.0000,0.0000,-3.0151
1791436711.0897,0.0198,5.1687,0.0000,-0.0008,0.0037,0.0000,-0.0037,0.0000,-0.0026,-0.0046,-0.4858,-0.4847,-3.0151,0.0000,0.0000,-3.0151
1791436711.1115,0.0218,7.7357,0.0000,-0.0008,0.0037,0.0000,-0.0037,0.0000,-0.0026,-0.0046,-0.4858,-0.4847,-3.0151,0.0000,0.0000,-3.0151
1791436711.1297,0.0183,8.5812,0.0000,-0.0008,0.0037,0.0000,-0.0037,0.0000,-0.0026,-0.0046,-0.4858,-0.4847,-3.0151,0.0000,0.0000,-3.0151
1791436711.1511,0.0214,0.5624,0.0000,-0.0008,0.0037,0.0000,-0.0037,0.0000,-0.0026,-0.0046,-0.4858,-0.4847,-3.0151,0.0000,0.0000,-3.0151
1791436711.1698,0.0187,1.8533,0.0000,-0.0008,0.0037,0.0000,-0.0037,0.0000,-0.0026,-0.0046,-0.4858,-0.4847,-3.0151,0.0000,0.0000,-3.0151
1791436711.1898,0.0200,1.7380,0.0000,-0.0008,0.0037,0.0000,-0.0037,0.0000,-0.0026,-0.0046,-0.4837,-0.4847,-3.0152,0.0000,0.0000,-3.0152
1791436711.2095,0.0198,0.5427,0.0000,-0.0008,0.0037,0.0000,-0.0037,0.0000,-0.0026,-0.0061,-0.4837,-0.4847,-3.0152,0.0000,0.0000,-3.0152
1791436711.2304,0.0209,16.5589,0.0000,-0.0008,0.0037,0.0000,-0.0037,0.0000,-0.0026,-0.0046,-0.4837,-0.4847,-3.0151,0.0000,0.0000,-3.0151
1791436711.2573,0.0269,8.9777,0.0000,-0.0008,0.0037,0.0000,-0.0037,0.0000,-0.0026,-0.0046,-0.4837,-0.4847,-3.0151,0.0000,0.0000,-3.0151
1791436711.2698,0.0124,12.4112,0.0000,-0.0008,0.0037,0.0000,-0.0037,0.0000,-0.0026,-0.0061,-0.4837,-0.4847,-3.0151,0.0000,0.0000,-3.0151
1791436711.2906,0.0209,0.9428,0.0000,-0.0008,0.0037,0.0000,-0.0037,0.0000,-0.0026,-0.0061,-0.4837,-0.4847,-3.0152,0.0000,0.0000,-3.0152
1791436711.3113,0.0207,3.4388,0.0000,-0.0008,0.0037,0.0000,-0.0037,0.0000,-0.0026,-0.0046,-0.4837,-0.4847,-3.0151,0.0000,0.0000,-3.0151
1791436711.3297,0.0184,0.5617,0.0000,-0.0008,0.0037,0.0000,-0.0037,0.0000,-0.0026,-0.0046,-0.4847,-0.4847,-3.0151,0.0000,0.0000,-3.0151
1791436711.3508,0.0211,1.3794,0.0000,-0.0008,0.0037,0.0000,-0.0037,0.0000,-0.0026,-0.0046,-0.4847,-0.4847,-3.0151,0.0000,0.0000,-3.0151
1791436711.3697,0.0189,5.7107,0.0000,-0.0008,0.0037,0.0000,-0.0037,0.0000,-0.0026,-0.0046,-0.4847,-0.4847,-3.0151,0.0000,0.0000,-3.0151
1791436711.3897,0.0200,1.3725,0.0000,-0.0008,0.0037,0.0000,-0.0037,0.0000,-0.0026,-0.0046,-0.4847,-0.4847,-3.0152,0.0000,0.0000,-3.0152
1791436711.4097,0.0200,0.4706,0.0000,-0.0008,0.0037,0.0000,-0.0037,0.0000,-0.0026,-0.0046,-0.4847,-0.4847,-3.0151,0.0000,0.0000,-3.0151
1791436711.4297,0.0201,2.5701,0.0000,-0.0008,0.0037,0.0000,-0.0037,0.0000,-0.0026,-0.0046,-0.4847,-0.4847,-3.0152,0.0000,0.0000,-3.0152
1791436711.4505,0.0208,0.5939,0.0000,-0.0008,0.0037,0.0000,-0.0037,0.0000,-0.0026,-0.0046,-0.4847,-0.4847,-3.0151,0.0000,0.0000,-3.0151
1791436711.4697,0.0192,0.9811,0.0000,-0.0008,0.0037,0.0000,-0.0037,0.0000,-0.0026,-0.0046,-0.4847,-0.4847,-3.0151,0.0000,0.0000,-3.0151
1791436711.4908,0.0211,6.0179,0.0000,-0.0008,0.0037,0.0000,-0.0037,0.0000,-0.0026,-0.0046,-0.4847,-0.4847,-3.0152,0.0000,0.0000,-3.0152
1791436711.5099,0.0191,1.2541,0.0000,-0.0008,0.0037,0.0000,-0.0037,0.0000,-0.0026,-0.0046,-0.4847,-0.4847,-3.0152,0.0000,0.0000,-3.0152
1791436711.5297,0.0198,1.0433,0.0000,-0.0008,0.0037,0.0000,-0.0037,0.0000,-0.0026,-0.0046,-0.4847,-0.4847,-3.0152,0.0000,0.0000,-3.0152
1791436711.5501,0.0204,2.6173,0.0000,-0.0008,0.0037,0.0000,-0.0037,0.0000,-0.0026,-0.0046,-0.4847,-0.4847,-3.0152,0.0000,0.0000,-3.0152
1791436711.5697,0.0196,1.5541,0.0000,-0.0008,0.0037,0.0000,-0.0037,0.0000,-0.0026,-0.0046,-0.4847,-0.4847,-3.0152,0.0000,0.0000,-3.0152
1791436711.5899,0.0201,1.1147,0.0000,-0.0008,0.0037,0.0000,-0.0037,0.0000,-0.0026,-0.0046,-0.4847,-0.4847,-3.0152,0.0000,0.0000,-3.0152
1791436711.6116,0.0218,0.7753,0.0000,-0.0008,0.0037,0.0000,-0.0037,0.0000,-0.0026,-0.0046,-0.4847,-0.4847,-3.0152,0.0000,0.0000,-3.0152
1791436711.6313,0.0197,1.1667,0.0000,-0.0008,0.0037,0.0000,-0.0037,0.0000,-0.0026,-0.0046,-0.4847,-0.4847,-3.0152,0.0000,0.0000,-3.0152
1791436711.6572,0.0259,10.3721,0.0000,-0.0008,0.0037,0.0000,-0.0037,0.0000,-0.0026,-0.0046,-0.4847,-0.4847,-3.0152,0.0000,0.0000,-3.0152
1791436711.6697,0.0125,10.3490,0.0000,-0.0008,0.0037,0.0000,-0.0037,0.0000,-0.0026,-0.0046,-0.4847,-0.4847,-3.0152,0.0000,0.0000,-3.0152
1791436711.6898,0.0201,2.3935,0.0000,-0.0014,0.0067,0.0000,-0.0067,0.0000,-0.0033,-0.0046,-0.4847,-0.4847,-3.0152,0.0000,0.0000,-3.0152
1791436711.7105,0.0207,7.2681,0.0000,-0.0014,0.0067,0.0000,-0.0067,0.0000,-0.0033,-0.0046,-0.4847,-0.4847,-3.0152,0.0000,0.0000,-3.0152
1791436711.7297,0.0192,6.9046,0.0000,-0.0014,0.0067,0.0000,-0.0067,0.0000,-0.0033,-0.0046,-0.4847,-0.4847,-3.0152,0.0000,0.0000,-3.0152
1791436711.7544,0.0247,10.6079,0.0000,-0.0014,0.0067,0.0000,-0.0067,0.0000,-0.0033,-0.0046,-0.4847,-0.4847,-3.0152,0.0000,0.0000,-3.0152
1791436711.7697,0.0153,7.7996,0.0000,-0.0014,0.0067,0.0000,-0.0067,0.0000,-0.0033,-0.0046,-0.4847,-0.4847,-3.0152,0.0000,0.0000,-3.0152
1791436711.7898,0.0202,2.8906,0.0000,-0.0014,0.0067,0.0000,-0.0067,0.0000,-0.0033,-0.0061,-0.4847,-0.4847,-3.0152,0.0000,0.0000,-3.0152
1791436711.8099,0.0200,6.8322,0.0000,-0.0014,0.0067,0.0000,-0.0067,0.0000,-0.0033,-0.0046,-0.4847,-0.4847,-3.0152,0.0000,0.0000,-3.0152
1791436711.8296,0.0198,2.0067,0.0000,-0.0014,0.0067,0.0000,-0.0067,0.0000,-0.0033,-0.0046,-0.4847,-0.4847,-3.0152,0.0000,0.0000,-3.0152
1791436711.8607,0.0311,8.2070,0.0000,-0.0012,0.0058,0.0000,-0.0058,0.0000,-0.0033,-0.0046,-0.4847,-0.4847,-3.0152,0.0000,0.0000,-3.0152
1791436711.8697,0.0089,12.7616,0.0000,-0.0012,0.0058,0.0000,-0.0058,0.0000,-0.0031,-0.0046,-0.4847,-0.4847,-3.0152,0.0000,0.0000,-3.0152
1791436711.8899,0.0202,10.4272,0.0000,-0.0012,0.0058,0.0000,-0.0058,0.0000,-0.0031,-0.0061,-0.4847,-0.4847,-3.0152,0.0000,0.0000,-3.0152
1791436711.9099,0.0201,9.7770,0.0000,-0.0012,0.0058,0.0000,-0.0058,0.0000,-0.0031,-0.0046,-0.4847,-0.4847,-3.0152,0.0000,0.0000,-3.0152
1791436711.9297,0.0197,7.0602,0.0000,-0.0012,0.0058,0.0000,-0.0058,0.0000,-0.0031,-0.0046,-0.4847,-0.4863,-3.0152,0.0000,0.0000,-3.0152
1791436711.9568,0.0272,7.5000,0.0000,-0.0012,0.0058,0.0000,-0.0058,0.0000,-0.0031,-0.0046,-0.4847,-0.4847,-3.0152,0.0000,0.0000,-3.0152
1791436711.9705,0.0137,9.8611,0.0000,-0.0012,0.0058,0.0000,-0.0058,0.0000,-0.0031,-0.0046,-0.4847,-0.4847,-3.0152,0.0000,0.0000,-3.0152
1791436711.9904,0.0199,1.3827,0.0000,-0.0012,0.0058,0.0000,-0.0058,0.0000,-0.0031,-0.0046,-0.4847,-0.4847,-3.0152,0.0000,0.0000,-3.0152
1791436712.0096,0.0192,1.3863,0.0000,-0.0012,0.0058,0.0000,-0.0058,0.0000,-0.0031,-0.0046,-0.4847,-0.4863,-3.0152,0.0000,0.0000,-3.0152
1791436712.0317,0.0220,5.2169,0.0000,-0.0012,0.0058,0.0000,-0.0058,0.0000,-0.0031,-0.0046,-0.4847,-0.4847,-3.0152,0.0000,0.0000,-3.0152
1791436712.0514,0.0198,0.4956,0.0000,-0.0012,0.0058,0.0000,-0.0058,0.0000,-0.0031,-0.0046,-0.4847,-0.4847,-3.0152,0.0000,0.0000,-3.0152
1791436712.0705,0.0191,3.6718,0.0000,-0.0013,0.0062,0.0000,-0.0062,0.0000,-0.0032,-0.0046,-0.4847,-0.4847,-3.0152,0.0000,0.0000,-3.0152
1791436712.0899,0.0194,2.8378,0.0000,-0.0013,0.0062,0.0000,-0.0062,0.0000,-0.0032,-0.0046,-0.4847,-0.4847,-3.0152,0.0000,0.0000,-3.0152
1791436712.1108,0.0209,2.0819,0.0000,-0.0013,0.0062,0.0000,-0.0062,0.0000,-0.0032,-0.0046,-0.4847,-0.4847,-3.0152,0.0000,0.0000,-3.0152
1791436712.1300,0.0191,3.9570,0.0000,-0.0013,0.0062,0.0000,-0.0062,0.0000,-0.0032,-0.0046,-0.4847,-0.4847,-3.0152,0.0000,0.0000,-3.0152
1791436712.1566,0.0267,0.4045,0.0000,-0.0013,0.0062,0.0000,-0.0062,0.0000,-0.0032,-0.0046,-0.4847,-0.4847,-3.0152,0.0000,0.0000,-3.0152
1791436712.1904,0.0338,13.1854,0.0000,-0.0013,0.0062,0.0000,-0.0062,0.0000,-0.0032,-0.0046,-0.4847,-0.4847,-3.0152,0.0000,0.0000,-3.0152
1791436712.2124,0.0220,2.2162,0.0000,-0.0013,0.0062,0.0000,-0.0062,0.0000,-0.0032,-0.0046,-0.4847,-0.4847,-3.0152,0.0000,0.0000,-3.0152
1791436712.2297,0.0172,1.3340,0.0000,-0.0013,0.0062,0.0000,-0.0062,0.0000,-0.0032,-0.0046,-0.4847,-0.4847,-3.0152,0.0000,0.0000,-3.0152
1791436712.2503,0.0206,0.4958,0.0000,-0.0013,0.0062,0.0000,-0.0062,0.0000,-0.0032,-0.0046,-0.4847,-0.4847,-3.0152,0.0000,0.0000,-3.0152
1791436712.2697,0.0194,1.2577,0.0000,-0.0013,0.0062,0.0000,-0.0062,0.0000,-0.0032,-0.0046,-0.4847,-0.4847,-3.0152,0.0000,0.0000,-3.0152
1791436712.2908,0.0211,8.5682,0.0000,-0.0013,0.0062,0.0000,-0.0062,0.0000,-0.0032,-0.0046,-0.4847,-0.4847,-3.0152,0.0000,0.0000,-3.0152
1791436712.3096,0.0188,3.9852,0.0000,-0.0013,0.0062,0.0000,-0.0062,0.0000,-0.0032,-0.0046,-0.4847,-0.4847,-3.0152,0.0000,0.0000,-3.0152
1791436712.3299,0.0202,2.5996,0.0000,-0.0013,0.0062,0.0000,-0.0062,0.0000,-0.0032,-0.0046,-0.4847,-0.4847,-3.0152,0.0000,0.0000,-3.0152
1791436712.3525,0.0226,0.4705,0.0000,-0.0013,0.0062,0.0000,-0.0062,0.0000,-0.0032,-0.0061,-0.4847,-0.4847,-3.0152,0.0000,0.0000,-3.0152
1791436712.3714,0.0190,3.3610,0.0000,-0.0013,0.0062,0.0000,-0.0062,0.0000,-0.0032,-0.0046,-0.4847,-0.4847,-3.0152,0.0000,0.0000,-3.0152
1791436712.3907,0.0193,3.8393,0.0000,-0.0013,0.0062,0.0000,-0.0062,0.0000,-0.0032,-0.0046,-0.4847,-0.4847,-3.0153,0.0000,0.0000,-3.0153
1791436712.4116,0.0209,1.4439,0.0000,-0.0009,0.0043,0.0000,-0.0043,0.0000,-0.0027,-0.0046,-0.4847,-0.4847,-3.0152,0.0000,0.0000,-3.0152
1791436712.4299,0.0183,1.0461,0.0000,-0.0009,0.0043,0.0000,-0.0043,0.0000,-0.0027,-0.0046,-0.4847,-0.4847,-3.0152,0.0000,0.0000,-3.0152
1791436712.4517,0.0218,1.3474,0.0000,-0.0009,0.0043,0.0000,-0.0043,0.0000,-0.0027,-0.0046,-0.4847,-0.4847,-3.0152,0.0000,0.0000,-3.0152
1791436712.4705,0.0187,1.1297,0.0000,-0.0009,0.0043,0.0000,-0.0043,0.0000,-0.0027,-0.0046,-0.4847,-0.4847,-3.0153,0.0000,0.0000,-3.0153
1791436712.4900,0.0195,1.0287,0.0000,-0.0009,0.0043,0.0000,-0.0043,0.0000,-0.0027,-0.0046,-0.4847,-0.4847,-3.0152,0.0000,0.0000,-3.0152
1791436712.5097,0.0197,1.2953,0.0000,-0.0009,0.0043,0.0000,-0.0043,0.0000,-0.0027,-0.0046,-0.4847,-0.4847,-3.0152,0.0000,0.0000,-3.0152
1791436712.5305,0.0208,0.6323,0.0000,-0.0009,0.0043,0.0000,-0.0043,0.0000,-0.0027,-0.0046,-0.4847,-0.4847,-3.0152,0.0000,0.0000,-3.0152
1791436712.5502,0.0197,0.6032,0.0000,-0.0009,0.0043,0.0000,-0.0043,0.0000,-0.0027,-0.0046,-0.4847,-0.4847,-3.0153,0.0000,0.0000,-3.0153
1791436712.5707,0.0205,3.3683,0.0000,-0.0009,0.0043,0.0000,-0.0043,0.0000,-0.0027,-0.0046,-0.4847,-0.4847,-3.0153,0.0000,0.0000,-3.0153
1791436712.5899,0.0192,3.0858,0.0000,-0.0009,0.0043,0.0000,-0.0043,0.0000,-0.0027,-0.0046,-0.4847,-0.4847,-3.0152,0.0000,0.0000,-3.0152
1791436712.6107,0.0209,1.5526,0.0000,-0.0009,0.0043,0.0000,-0.0043,0.0000,-0.0027,-0.0046,-0.4847,-0.4847,-3.0152,0.0000,0.0000,-3.0152
1791436712.6305,0.0198,1.2876,0.0000,-0.0009,0.0043,0.0000,-0.0043,0.0000,-0.0027,-0.0046,-0.4847,-0.4847,-3.0152,0.0000,0.0000,-3.0152
1791436712.6534,0.0229,0.3388,0.0000,-0.0009,0.0043,0.0000,-0.0043,0.0000,-0.0027,-0.0046,-0.4847,-0.4847,-3.0152,0.0000,0.0000,-3.0152
1791436712.6703,0.0169,0.5444,0.0000,-0.0009,0.0043,0.0000,-0.0043,0.0000,-0.0027,-0.0046,-0.4847,-0.4847,-3.0153,0.0000,0.0000,-3.0153
1791436712.6904,0.0201,0.6711,0.0000,-0.0009,0.0043,0.0000,-0.0043,0.0000,-0.0027,-0.0046,-0.4847,-0.4847,-3.0153,0.0000,0.0000,-3.0153
1791436712.7116,0.0211,11.8148,0.0000,-0.0009,0.0043,0.0000,-0.0043,0.0000,-0.0027,-0.0046,-0.4847,-0.4847,-3.0153,0.0000,0.0000,-3.0153
1791436712.7298,0.0182,1.2168,0.0000,-0.0009,0.0043,0.0000,-0.0043,0.0000,-0.0027,-0.0046,-0.4847,-0.4847,-3.0153,0.0000,0.0000,-3.0153
1791436712.7535,0.0237,0.4048,0.0000,-0.0009,0.0043,0.0000,-0.0043,0.0000,-0.0027,-0.0046,-0.4847,-0.4847,-3.0153,0.0000,0.0000,-3.0153
1791436712.7708,0.0173,6.7050,0.0000,-0.0009,0.0043,0.0000,-0.0043,0.0000,-0.0027,-0.0046,-0.4847,-0.4847,-3.0152,0.0000,0.0000,-3.0152
1791436712.7907,0.0200,0.4800,0.0000,-0.0009,0.0043,0.0000,-0.0043,0.0000,-0.0027,-0.0046,-0.4847,-0.4847,-3.0152,0.0000,0.0000,-3.0152
1791436712.8100,0.0193,2.3665,0.0000,-0.0009,0.0043,0.0000,-0.0043,0.0000,-0.0027,-0.0046,-0.4847,-0.4847,-3.0153,0.0000,0.0000,-3.0153
1791436712.8298,0.0198,0.6724,0.0000,-0.0009,0.0043,0.0000,-0.0043,0.0000,-0.0027,-0.0046,-0.4847,-0.4847,-3.0153,0.0000,0.0000,-3.0153
1791436712.8537,0.0238,4.2328,0.0000,-0.0009,0.0043,0.0000,-0.0043,0.0000,-0.0027,-0.0046,-0.4847,-0.4847,-3.0153,0.0000,0.0000,-3.0153
1791436712.8698,0.0161,1.7713,0.0000,-0.0012,0.0058,0.0000,-0.0058,0.0000,-0.0031,-0.0046,-0.4847,-0.4847,-3.0153,0.0000,0.0000,-3.0153
1791436712.8905,0.0207,0.5366,0.0000,-0.0012,0.0058,0.0000,-0.0058,0.0000,-0.0031,-0.0046,-0.4847,-0.4847,-3.0153,0.0000,0.0000,-3.0153
1791436712.9100,0.0196,4.9674,0.0000,-0.0012,0.0058,0.0000,-0.0058,0.0000,-0.0031,-0.0046,-0.4847,-0.4847,-3.0153,0.0000,0.0000,-3.0153
1791436712.9297,0.0196,0.6191,0.0000,-0.0012,0.0058,0.0000,-0.0058,0.0000,-0.0031,-0.0046,-0.4847,-0.4847,-3.0152,0.0000,0.0000,-3.0152
1791436712.9501,0.0204,0.5608,0.0000,-0.0012,0.0058,0.0000,-0.0058,0.0000,-0.0031,-0.0046,-0.4847,-0.4847,-3.0153,0.0000,0.0000,-3.0153
1791436712.9703,0.0203,0.4657,0.0000,-0.0012,0.0058,0.0000,-0.0058,0.0000,-0.0031,-0.0046,-0.4847,-0.4847,-3.0152,0.0000,0.0000,-3.0152
1791436712.9907,0.0203,1.5214,0.0000,-0.0012,0.0058,0.0000,-0.0058,0.0000,-0.0031,-0.0046,-0.4847,-0.4847,-3.0153,0.0000,0.0000,-3.0153
1791436713.0105,0.0199,3.3855,0.0000,-0.0008,0.0037,0.0000,-0.0037,0.0000,-0.0026,-0.0046,-0.4847,-0.4847,-3.0153,0.0000,0.0000,-3.0153
1791436713.0297,0.0192,1.4304,0.0000,-0.0008,0.0037,0.0000,-0.0037,0.0000,-0.0026,-0.0046,-0.4847,-0.4847,-3.0153,0.0000,0.0000,-3.0153
1791436713.0500,0.0202,3.4246,0.0000,-0.0008,0.0037,0.0000,-0.0037,0.0000,-0.0026,-0.0046,-0.4847,-0.4847,-3.0152,0.0000,0.0000,-3.0152
1791436713.0697,0.0197,6.7490,0.0000,-0.0008,0.0037,0.0000,-0.0037,0.0000,-0.0026,-0.0046,-0.4847,-0.4847,-3.0152,0.0000,0.0000,-3.0152
1791436713.0898,0.0200,3.2983,0.0000,-0.0008,0.0037,0.0000,-0.0037,0.0000,-0.0026,-0.0046,-0.4847,-0.4847,-3.0152,0.0000,0.0000,-3.0152
1791436713.1101,0.0204,1.5190,0.0000,-0.0008,0.0037,0.0000,-0.0037,0.0000,-0.0026,-0.0046,-0.4847,-0.4847,-3.0153,0.0000,0.0000,-3.0153
1791436713.1300,0.0199,2.6539,0.0000,-0.0008,0.0037,0.0000,-0.0037,0.0000,-0.0026,-0.0046,-0.4847,-0.4847,-3.0153,0.0000,0.0000,-3.0153
1791436713.1521,0.0221,0.4648,0.0000,-0.0008,0.0037,0.0000,-0.0037,0.0000,-0.0026,-0.0046,-0.4847,-0.4847,-3.0153,0.0000,0.0000,-3.0153
1791436713.1714,0.0193,0.8449,0.0000,-0.0008,0.0037,0.0000,-0.0037,0.0000,-0.0026,-0.0046,-0.4847,-0.4847,-3.0153,0.0000,0.0000,-3.0153
1791436713.1899,0.0185,1.4700,0.0000,-0.0008,0.0037,0.0000,-0.0037,0.0000,-0.0026,-0.0046,-0.4847,-0.4847,-3.0153,0.0000,0.0000,-3.0153
1791436713.2098,0.0199,1.9215,0.0000,-0.0008,0.0037,0.0000,-0.0037,0.0000,-0.0026,-0.0046,-0.4847,-0.4847,-3.0153,0.0000,0.0000,-3.0153
1791436713.2307,0.0210,1.6221,0.0000,-0.0008,0.0037,0.0000,-0.0037,0.0000,-0.0026,-0.0046,-0.4847,-0.4847,-3.0153,0.0000,0.0000,-3.0153
1791436713.2536,0.0229,0.5941,0.0000,-0.0008,0.0037,0.0000,-0.0037,0.0000,-0.0026,-0.0046,-0.4847,-0.4847,-3.0153,0.0000,0.0000,-3.0153
1791436713.2701,0.0164,4.9413,0.0000,-0.0008,0.0037,0.0000,-0.0037,0.0000,-0.0026,-0.0046,-0.4847,-0.4847,-3.0153,0.0000,0.0000,-3.0153
1791436713.2897,0.0197,0.6920,0.0000,-0.0008,0.0037,0.0000,-0.0037,0.0000,-0.0026,-0.0046,-0.4847,-0.4847,-3.0153,0.0000,0.0000,-3.0153
1791436713.3110,0.0213,2.9640,0.0000,-0.0008,0.0037,0.0000,-0.0037,0.0000,-0.0026,-0.0046,-0.4847,-0.4847,-3.0153,0.0000,0.0000,-3.0153
1791436713.3302,0.0192,0.5416,0.0000,-0.0008,0.0037,0.0000,-0.0037,0.0000,-0.0026,-0.0046,-0.4847,-0.4847,-3.0153,0.0000,0.0000,-3.0153
1791436713.3505,0.0202,0.4406,0.0000,-0.0008,0.0037,0.0000,-0.0037,0.0000,-0.0026,-0.0046,-0.4847,-0.4847,-3.0153,0.0000,0.0000,-3.0153
1791436713.3705,0.0200,2.9200,0.0000,-0.0008,0.0037,0.0000,-0.0037,0.0000,-0.0026,-0.0046,-0.4847,-0.4847,-3.0153,0.0000,0.0000,-3.0153
1791436713.3927,0.0223,8.0483,0.0000,-0.0008,0.0037,0.0000,-0.0037,0.0000,-0.0026,-0.0046,-0.4847,-0.4847,-3.0153,0.0000,0.0000,-3.0153
1791436713.4108,0.0181,1.8465,0.0000,-0.0008,0.0037,0.0000,-0.0037,0.0000,-0.0026,-0.0046,-0.4847,-0.4847,-3.0153,0.0000,0.0000,-3.0153
1791436713.4297,0.0188,1.9345,0.0000,-0.0008,0.0037,0.0000,-0.0037,0.0000,-0.0026,-0.0046,-0.4837,-0.4847,-3.0153,0.0000,0.0000,-3.0153
1791436713.4555,0.0258,1.0409,0.0000,-0.0008,0.0037,0.0000,-0.0037,0.0000,-0.0026,-0.0046,-0.4837,-0.4847,-3.0153,0.0000,0.0000,-3.0153
1791436713.4699,0.0144,1.1764,0.0000,-0.0008,0.0037,0.0000,-0.0037,0.0000,-0.0026,-0.0046,-0.4837,-0.4847,-3.0153,0.0000,0.0000,-3.0153
1791436713.4904,0.0206,1.2388,0.0000,-0.0008,0.0037,0.0000,-0.0037,0.0000,-0.0026,-0.0061,-0.4837,-0.4847,-3.0153,0.0000,0.0000,-3.0153
1791436713.5098,0.0194,1.7796,0.0000,-0.0008,0.0037,0.0000,-0.0037,0.0000,-0.0026,-0.0046,-0.4837,-0.4847,-3.0153,0.0000,0.0000,-3.0153
1791436713.5300,0.0202,1.3605,0.0000,-0.0008,0.0037,0.0000,-0.0037,0.0000,-0.0026,-0.0046,-0.4837,-0.4847,-3.0153,0.0000,0.0000,-3.0153
1791436713.5531,0.0231,0.7089,0.0000,-0.0008,0.0037,0.0000,-0.0037,0.0000,-0.0026,-0.0046,-0.4837,-0.4847,-3.0153,0.0000,0.0000,-3.0153
1791436713.5704,0.0172,0.7674,0.0000,-0.0008,0.0037,0.0000,-0.0037,0.0000,-0.0026,-0.0061,-0.4837,-0.4847,-3.0153,0.0000,0.0000,-3.0153
1791436713.5898,0.0195,1.7370,0.0000,-0.0008,0.0037,0.0000,-0.0037,0.0000,-0.0026,-0.0046,-0.4847,-0.4847,-3.0153,0.0000,0.0000,-3.0153
1791436713.6109,0.0210,1.8769,0.0000,-0.0008,0.0037,0.0000,-0.0037,0.0000,-0.0026,-0.0046,-0.4847,-0.4847,-3.0153,0.0000,0.0000,-3.0153
1791436713.6305,0.0196,1.5586,0.0000,-0.0008,0.0037,0.0000,-0.0037,0.0000,-0.0026,-0.0046,-0.4847,-0.4847,-3.0153,0.0000,0.0000,-3.0153
1791436713.6506,0.0201,1.6982,0.0000,-0.0008,0.0037,0.0000,-0.0037,0.0000,-0.0026,-0.0046,-0.4847,-0.4847,-3.0153,0.0000,0.0000,-3.0153
1791436713.6704,0.0198,0.5240,0.0000,-0.0008,0.0037,0.0000,-0.0037,0.0000,-0.0026,-0.0046,-0.4847,-0.4847,-3.0153,0.0000,0.0000,-3.0153
1791436713.6919,0.0214,0.8734,0.0000,-0.0008,0.0037,0.0000,-0.0037,0.0000,-0.0026,-0.0046,-0.4847,-0.4847,-3.0153,0.0000,0.0000,-3.0153
1791436713.7105,0.0187,3.4337,0.0000,-0.0008,0.0037,0.0000,-0.0037,0.0000,-0.0026,-0.0046,-0.4847,-0.4847,-3.0153,0.0000,0.0000,-3.0153
1791436713.7299,0.0193,4.2823,0.0000,-0.0012,0.0058,0.0000,-0.0058,0.0000,-0.0031,-0.0046,-0.4837,-0.4847,-3.0153,0.0000,0.0000,-3.0153
1791436713.7514,0.0215,0.6351,0.0000,-0.0012,0.0058,0.0000,-0.0058,0.0000,-0.0031,-0.0046,-0.4837,-0.4847,-3.0153,0.0000,0.0000,-3.0153
1791436713.7697,0.0183,0.6915,0.0000,-0.0012,0.0058,0.0000,-0.0058,0.0000,-0.0031,-0.0046,-0.4837,-0.4847,-3.0153,0.0000,0.0000,-3.0153
1791436713.7898,0.0200,0.7458,0.0000,-0.0012,0.0058,0.0000,-0.0058,0.0000,-0.0031,-0.0046,-0.4837,-0.4847,-3.0153,0.0000,0.0000,-3.0153
1791436713.8099,0.0202,1.1872,0.0000,-0.0012,0.0058,0.0000,-0.0058,0.0000,-0.0031,-0.0046,-0.4837,-0.4847,-3.0153,0.0000,0.0000,-3.0153
1791436713.8297,0.0198,0.5164,0.0000,-0.0012,0.0058,0.0000,-0.0058,0.0000,-0.0031,-0.0046,-0.4837,-0.4847,-3.0153,0.0000,0.0000,-3.0153
1791436713.8520,0.0222,0.4399,0.0000,-0.0012,0.0058,0.0000,-0.0058,0.0000,-0.0031,-0.0046,-0.4837,-0.4847,-3.0153,0.0000,0.0000,-3.0153
1791436713.8701,0.0181,0.6334,0.0000,-0.0012,0.0058,0.0000,-0.0058,0.0000,-0.0031,-0.0046,-0.4837,-0.4847,-3.0153,0.0000,0.0000,-3.0153
1791436713.8906,0.0206,3.0812,0.0000,-0.0008,0.0037,0.0000,-0.0037,0.0000,-0.0026,-0.0046,-0.4837,-0.4847,-3.0153,0.0000,0.0000,-3.0153
1791436713.9098,0.0191,0.9700,0.0000,-0.0008,0.0037,0.0000,-0.0037,0.0000,-0.0026,-0.0046,-0.4837,-0.4847,-3.0153,0.0000,0.0000,-3.0153
1791436713.9300,0.0202,1.3115,0.0000,-0.0008,0.0037,0.0000,-0.0037,0.0000,-0.0026,-0.0046,-0.4837,-0.4847,-3.0154,0.0000,0.0000,-3.0154
1791436713.9501,0.0201,0.4927,0.0000,-0.0008,0.0037,0.0000,-0.0037,0.0000,-0.0026,-0.0046,-0.4837,-0.4847,-3.0153,0.0000,0.0000,-3.0153
1791436713.9698,0.0198,0.6679,0.0000,-0.0008,0.0037,0.0000,-0.0037,0.0000,-0.0026,-0.0046,-0.4837,-0.4847,-3.0154,0.0000,0.0000,-3.0154
1791436713.9897,0.0199,0.8484,0.0000,-0.0008,0.0037,0.0000,-0.0037,0.0000,-0.0026,-0.0046,-0.4837,-0.4847,-3.0153,0.0000,0.0000,-3.0153
1791436714.0099,0.0202,2.9280,0.0000,-0.0013,0.0060,0.0000,-0.0060,0.0000,-0.0032,-0.0046,-0.4837,-0.4847,-3.0153,0.0000,0.0000,-3.0153
1791436714.0297,0.0198,0.5831,0.0000,-0.0013,0.0060,0.0000,-0.0060,0.0000,-0.0032,-0.0061,-0.4837,-0.4847,-3.0154,0.0000,0.0000,-3.0154
1791436714.0531,0.0234,0.7511,0.0000,-0.0013,0.0060,0.0000,-0.0060,0.0000,-0.0032,-0.0046,-0.4837,-0.4847,-3.0154,0.0000,0.0000,-3.0154
1791436714.0715,0.0184,0.9527,0.0000,-0.0013,0.0060,0.0000,-0.0060,0.0000,-0.0032,-0.0046,-0.4837,-0.4847,-3.0154,0.0000,0.0000,-3.0154
1791436714.0914,0.0199,6.2025,0.0000,-0.0013,0.0060,0.0000,-0.0060,0.0000,-0.0032,-0.0046,-0.4837,-0.4847,-3.0154,0.0000,0.0000,-3.0154
1791436714.1097,0.0183,4.2167,0.0000,-0.0013,0.0060,0.0000,-0.0060,0.0000,-0.0032,-0.0046,-0.4837,-0.4847,-3.0153,0.0000,0.0000,-3.0153
1791436714.1299,0.0202,1.1268,0.0000,-0.0013,0.0060,0.0000,-0.0060,0.0000,-0.0032,-0.0046,-0.4837,-0.4847,-3.0154,0.0000,0.0000,-3.0154
1791436714.1527,0.0228,0.8713,0.0000,-0.0013,0.0060,0.0000,-0.0060,0.0000,-0.0032,-0.0046,-0.4837,-0.4847,-3.0154,0.0000,0.0000,-3.0154
1791436714.1724,0.0197,0.8640,0.0000,-0.0013,0.0060,0.0000,-0.0060,0.0000,-0.0032,-0.0046,-0.4837,-0.4847,-3.0153,0.0000,0.0000,-3.0153
1791436714.1900,0.0176,0.8786,0.0000,-0.0013,0.0060,0.0000,-0.0060,0.0000,-0.0032,-0.0046,-0.4837,-0.4847,-3.0154,0.0000,0.0000,-3.0154
1791436714.2106,0.0206,1.0476,0.0000,-0.0013,0.0060,0.0000,-0.0060,0.0000,-0.0032,-0.0061,-0.4837,-0.4847,-3.0154,0.0000,0.0000,-3.0154
1791436714.2314,0.0208,0.8337,0.0000,-0.0013,0.0060,0.0000,-0.0060,0.0000,-0.0032,-0.0046,-0.4837,-0.4847,-3.0154,0.0000,0.0000,-3.0154
1791436714.2508,0.0194,0.5491,0.0000,-0.0013,0.0060,0.0000,-0.0060,0.0000,-0.0032,-0.0046,-0.4837,-0.4847,-3.0153,0.0000,0.0000,-3.0153
1791436714.2698,0.0190,1.8905,0.0000,-0.0013,0.0060,0.0000,-0.0060,0.0000,-0.0032,-0.0046,-0.4837,-0.4847,-3.0154,0.0000,0.0000,-3.0154
1791436714.2900,0.0202,5.7543,0.0000,-0.0013,0.0060,0.0000,-0.0060,0.0000,-0.0032,-0.0046,-0.4837,-0.4847,-3.0154,0.0000,0.0000,-3.0154
1791436714.3098,0.0198,6.1423,0.0000,-0.0013,0.0060,0.0000,-0.0060,0.0000,-0.0032,-0.0046,-0.4837,-0.4847,-3.0154,0.0000,0.0000,-3.0154
1791436714.3298,0.0200,2.2422,0.0000,-0.0013,0.0060,0.0000,-0.0060,0.0000,-0.0032,-0.0046,-0.4837,-0.4847,-3.0154,0.0000,0.0000,-3.0154
1791436714.3526,0.0228,5.1344,0.0000,-0.0013,0.0060,0.0000,-0.0060,0.0000,-0.0032,-0.0046,-0.4837,-0.4847,-3.0154,0.0000,0.0000,-3.0154
1791436714.3710,0.0184,6.4518,0.0000,-0.0008,0.0037,0.0000,-0.0037,0.0000,-0.0026,-0.0046,-0.4837,-0.4847,-3.0154,0.0000,0.0000,-3.0154
1791436714.3915,0.0205,0.9175,0.0000,-0.0008,0.0037,0.0000,-0.0037,0.0000,-0.0026,-0.0046,-0.4837,-0.4847,-3.0154,0.0000,0.0000,-3.0154
1791436714.4109,0.0194,3.2996,0.0000,-0.0008,0.0037,0.0000,-0.0037,0.0000,-0.0026,-0.0046,-0.4837,-0.4847,-3.0154,0.0000,0.0000,-3.0154
1791436714.4297,0.0188,2.2653,0.0000,-0.0008,0.0037,0.0000,-0.0037,0.0000,-0.0026,-0.0046,-0.4837,-0.4847,-3.0154,0.0000,0.0000,-3.0154
1791436714.4501,0.0204,5.0610,0.0000,-0.0008,0.0037,0.0000,-0.0037,0.0000,-0.0026,-0.0046,-0.4837,-0.4847,-3.0154,0.0000,0.0000,-3.0154
1791436714.4698,0.0197,1.1347,0.0000,-0.0008,0.0037,0.0000,-0.0037,0.0000,-0.0026,-0.0046,-0.4837,-0.4847,-3.0154,0.0000,0.0000,-3.0154
1791436714.4905,0.0207,1.3076,0.0000,-0.0008,0.0037,0.0000,-0.0037,0.0000,-0.0026,-0.0046,-0.4837,-0.4847,-3.0154,0.0000,0.0000,-3.0154
1791436714.5097,0.0193,0.9193,0.0000,-0.0008,0.0037,0.0000,-0.0037,0.0000,-0.0026,-0.0046,-0.4837,-0.4847,-3.0154,0.0000,0.0000,-3.0154
1791436714.5297,0.0200,0.8465,0.0000,-0.0008,0.0037,0.0000,-0.0037,0.0000,-0.0026,-0.0046,-0.4837,-0.4847,-3.0154,0.0000,0.0000,-3.0154
1791436714.5504,0.0206,0.6500,0.0000,-0.0008,0.0037,0.0000,-0.0037,0.0000,-0.0026,-0.0046,-0.4837,-0.4847,-3.0154,0.0000,0.0000,-3.0154
1791436714.5697,0.0194,0.5997,0.0000,-0.0008,0.0037,0.0000,-0.0037,0.0000,-0.0026,-0.0046,-0.4837,-0.4847,-3.0154,0.0000,0.0000,-3.0154
1791436714.5906,0.0209,1.1739,0.0000,-0.0008,0.0037,0.0000,-0.0037,0.0000,-0.0026,-0.0046,-0.4837,-0.4847,-3.0154,0.0000,0.0000,-3.0154
1791436714.6104,0.0198,0.7186,0.0000,-0.0008,0.0037,0.0000,-0.0037,0.0000,-0.0026,-0.0046,-0.4837,-0.4847,-3.0154,0.0000,0.0000,-3.0154
1791436714.6300,0.0196,1.0955,0.0000,-0.0008,0.0037,0.0000,-0.0037,0.0000,-0.0026,-0.0046,-0.4837,-0.4847,-3.0154,0.0000,0.0000,-3.0154
1791436714.6511,0.0210,0.4851,0.0000,-0.0008,0.0037,0.0000,-0.0037,0.0000,-0.0026,-0.0046,-0.4837,-0.4847,-3.0154,0.0000,0.0000,-3.0154
1791436714.6704,0.0194,1.4783,0.0000,-0.0008,0.0037,0.0000,-0.0037,0.0000,-0.0026,-0.0046,-0.4837,-0.4847,-3.0154,0.0000,0.0000,-3.0154
1791436714.6926,0.0222,1.5072,0.0000,-0.0008,0.0037,0.0000,-0.0037,0.0000,-0.0026,-0.0046,-0.4837,-0.4847,-3.0154,0.0000,0.0000,-3.0154
1791436714.7105,0.0180,3.9652,0.0000,-0.0008,0.0037,0.0000,-0.0037,0.0000,-0.0026,-0.0046,-0.4837,-0.4847,-3.0154,0.0000,0.0000,-3.0154
1791436714.7297,0.0192,1.6637,0.0000,-0.0008,0.0037,0.0000,-0.0037,0.0000,-0.0026,-0.0046,-0.4837,-0.4847,-3.0154,0.0000,0.0000,-3.0154
1791436714.7521,0.0224,0.9883,0.0000,-0.0008,0.0037,0.0000,-0.0037,0.0000,-0.0026,-0.0046,-0.4837,-0.4847,-3.0154,0.0000,0.0000,-3.0154
1791436714.7698,0.0177,0.4770,0.0000,-0.0008,0.0037,0.0000,-0.0037,0.0000,-0.0026,-0.0046,-0.4837,-0.4847,-3.0154,0.0000,0.0000,-3.0154
1791436714.7906,0.0208,3.1939,0.0000,-0.0008,0.0037,0.0000,-0.0037,0.0000,-0.0026,-0.0046,-0.4837,-0.4847,-3.0154,0.0000,0.0000,-3.0154
1791436714.8100,0.0194,0.7165,0.0000,-0.0008,0.0037,0.0000,-0.0037,0.0000,-0.0026,-0.0046,-0.4847,-0.4847,-3.0154,0.0000,0.0000,-3.0154
1791436714.8298,0.0199,0.7682,0.0000,-0.0008,0.0037,0.0000,-0.0037,0.0000,-0.0026,-0.0046,-0.4847,-0.4847,-3.0154,0.0000,0.0000,-3.0154
1791436714.8509,0.0211,1.4174,0.0000,-0.0008,0.0037,0.0000,-0.0037,0.0000,-0.0026,-0.0046,-0.4847,-0.4847,-3.0154,0.0000,0.0000,-3.0154
1791436714.8698,0.0188,2.1468,0.0000,-0.0008,0.0037,0.0000,-0.0037,0.0000,-0.0026,-0.0046,-0.4847,-0.4847,-3.0154,0.0000,0.0000,-3.0154
1791436714.8899,0.0201,2.1421,0.0000,-0.0008,0.0037,0.0000,-0.0037,0.0000,-0.0026,-0.0046,-0.4847,-0.4847,-3.0154,0.0000,0.0000,-3.0154
1791436714.9104,0.0205,1.6373,0.0000,-0.0008,0.0037,0.0000,-0.0037,0.0000,-0.0026,-0.0061,-0.4847,-0.4847,-3.0154,0.0000,0.0000,-3.0154
1791436714.9298,0.0194,3.1707,0.0000,-0.0008,0.0037,0.0000,-0.0037,0.0000,-0.0026,-0.0046,-0.4837,-0.4847,-3.0154,0.0000,0.0000,-3.0154
1791436714.9537,0.0239,0.6018,0.0000,-0.0008,0.0037,0.0000,-0.0037,0.0000,-0.0026,-0.0046,-0.4837,-0.4847,-3.0154,0.0000,0.0000,-3.0154
1791436714.9697,0.0160,3.3095,0.0000,-0.0008,0.0037,0.0000,-0.0037,0.0000,-0.0026,-0.0046,-0.4837,-0.4847,-3.0154,0.0000,0.0000,-3.0154
1791436714.9898,0.0200,3.6674,0.0000,-0.0008,0.0037,0.0000,-0.0037,0.0000,-0.0026,-0.0046,-0.4837,-0.4847,-3.0154,0.0000,0.0000,-3.0154
1791436715.0096,0.0199,2.4258,0.0000,-0.0008,0.0037,0.0000,-0.0037,0.0000,-0.0026,-0.0046,-0.4837,-0.4847,-3.0154,0.0000,0.0000,-3.0154
1791436715.0304,0.0208,1.0524,0.0000,-0.0008,0.0037,0.0000,-0.0037,0.0000,-0.0026,-0.0046,-0.4837,-0.4847,-3.0154,0.0000,0.0000,-3.0154
1791436715.0504,0.0200,0.5454,0.0000,-0.0008,0.0037,0.0000,-0.0037,0.0000,-0.0026,-0.0046,-0.4837,-0.4847,-3.0154,0.0000,0.0000,-3.0154
1791436715.0698,0.0194,0.8134,0.0000,-0.0008,0.0037,0.0000,-0.0037,0.0000,-0.0026,-0.0046,-0.4837,-0.4847,-3.0154,0.0000,0.0000,-3.0154
1791436715.0897,0.0199,0.9036,0.0000,-0.0008,0.0037,0.0000,-0.0037,0.0000,-0.0026,-0.0046,-0.4837,-0.4847,-3.0154,0.0000,0.0000,-3.0154
1791436715.1098,0.0201,3.6502,0.0000,-0.0008,0.0037,0.0000,-0.0037,0.0000,-0.0026,-0.0046,-0.4837,-0.4847,-3.0154,0.0000,0.0000,-3.0154
1791436715.1297,0.0199,1.7309,0.0000,-0.0008,0.0037,0.0000,-0.0037,0.0000,-0.0026,-0.0046,-0.4837,-0.4847,-3.0154,0.0000,0.0000,-3.0154
1791436715.1523,0.0226,0.5013,0.0000,-0.0008,0.0037,0.0000,-0.0037,0.0000,-0.0026,-0.0046,-0.4837,-0.4847,-3.0154,0.0000,0.0000,-3.0154
1791436715.1700,0.0178,0.7893,0.0000,-0.0008,0.0037,0.0000,-0.0037,0.0000,-0.0026,-0.0046,-0.4837,-0.4847,-3.0154,0.0000,0.0000,-3.0154
1791436715.1899,0.0199,1.3883,0.0000,-0.0008,0.0037,0.0000,-0.0037,0.0000,-0.0026,-0.0046,-0.4837,-0.4847,-3.0154,0.0000,0.0000,-3.0154
1791436715.2104,0.0205,0.6496,0.0000,-0.0008,0.0037,0.0000,-0.0037,0.0000,-0.0026,-0.0046,-0.4837,-0.4847,-3.0154,0.0000,0.0000,-3.0154
1791436715.2298,0.0194,1.5494,0.0000,-0.0008,0.0037,0.0000,-0.0037,0.0000,-0.0026,-0.0046,-0.4837,-0.4847,-3.0154,0.0000,0.0000,-3.0154
1791436715.2528,0.0230,0.3777,0.0000,-0.0008,0.0037,0.0000,-0.0037,0.0000,-0.0026,-0.0046,-0.4837,-0.4847,-3.0155,0.0000,0.0000,-3.0155
1791436715.2702,0.0174,1.7664,0.0000,-0.0008,0.0037,0.0000,-0.0037,0.0000,-0.0026,-0.0046,-0.4837,-0.4847,-3.0154,0.0000,0.0000,-3.0154
1791436715.2899,0.0198,5.1586,0.0000,-0.0008,0.0037,0.0000,-0.0037,0.0000,-0.0026,-0.0046,-0.4847,-0.4847,-3.0154,0.0000,0.0000,-3.0154
1791436715.3104,0.0204,5.2743,0.0000,-0.0008,0.0037,0.0000,-0.0037,0.0000,-0.0026,-0.0046,-0.4847,-0.4847,-3.0155,0.0000,0.0000,-3.0155
1791436715.3297,0.0194,2.9356,0.0000,-0.0008,0.0037,0.0000,-0.0037,0.0000,-0.0026,-0.0046,-0.4847,-0.4847,-3.0154,0.0000,0.0000,-3.0154
1791436715.3523,0.0225,0.5481,0.0000,-0.0008,0.0037,0.0000,-0.0037,0.0000,-0.0026,-0.0046,-0.4847,-0.4847,-3.0154,0.0000,0.0000,-3.0154
1791436715.3699,0.0176,2.7422,0.0000,-0.0008,0.0037,0.0000,-0.0037,0.0000,-0.0026,-0.0046,-0.4847,-0.4847,-3.0155,0.0000,0.0000,-3.0155
1791436715.3932,0.0233,0.6500,0.0000,-0.0008,0.0037,0.0000,-0.0037,0.0000,-0.0026,-0.0046,-0.4847,-0.4847,-3.0155,0.0000,0.0000,-3.0155
1791436715.4099,0.0167,5.5539,0.0000,-0.0008,0.0037,0.0000,-0.0037,0.0000,-0.0026,-0.0046,-0.4847,-0.4847,-3.0155,0.0000,0.0000,-3.0155
1791436715.4297,0.0198,2.8933,0.0000,-0.0008,0.0037,0.0000,-0.0037,0.0000,-0.0026,-0.0046,-0.4847,-0.4847,-3.0154,0.0000,0.0000,-3.0154
1791436715.4501,0.0204,4.1085,0.0000,-0.0008,0.0037,0.0000,-0.0037,0.0000,-0.0026,-0.0046,-0.4847,-0.4847,-3.0154,0.0000,0.0000,-3.0154
1791436715.4697,0.0197,0.9537,0.0000,-0.0008,0.0037,0.0000,-0.0037,0.0000,-0.0026,-0.0046,-0.4847,-0.4847,-3.0154,0.0000,0.0000,-3.0154
1791436715.4905,0.0207,1.8849,0.0000,-0.0008,0.0037,0.0000,-0.0037,0.0000,-0.0026,-0.0046,-0.4847,-0.4847,-3.0155,0.0000,0.0000,-3.0155
1791436715.5098,0.0194,1.4720,0.0000,-0.0008,0.0037,0.0000,-0.0037,0.0000,-0.0026,-0.0046,-0.4837,-0.4847,-3.0154,0.0000,0.0000,-3.0154
1791436715.5304,0.0205,0.4745,0.0000,-0.0008,0.0037,0.0000,-0.0037,0.0000,-0.0026,-0.0046,-0.4837,-0.4847,-3.0154,0.0000,0.0000,-3.0154
1791436715.5501,0.0197,0.4731,0.0000,-0.0008,0.0037,0.0000,-0.0037,0.0000,-0.0026,-0.0046,-0.4837,-0.4847,-3.0154,0.0000,0.0000,-3.0154
1791436715.5698,0.0198,0.5649,0.0000,-0.0008,0.0037,0.0000,-0.0037,0.0000,-0.0026,-0.0046,-0.4837,-0.4847,-3.0154,0.0000,0.0000,-3.0154
1791436715.5902,0.0203,1.3185,0.0000,-0.0008,0.0037,0.0000,-0.0037,0.0000,-0.0026,-0.0046,-0.4837,-0.4847,-3.0154,0.0000,0.0000,-3.0154
1791436715.6102,0.0200,0.8587,0.0000,-0.0008,0.0037,0.0000,-0.0037,0.0000,-0.0026,-0.0046,-0.4837,-0.4847,-3.0154,0.0000,0.0000,-3.0154
1791436715.6301,0.0199,0.6316,0.0000,-0.0008,0.0037,0.0000,-0.0037,0.0000,-0.0026,-0.0046,-0.4837,-0.4847,-3.0155,0.0000,0.0000,-3.0155
1791436715.6510,0.0209,0.5226,0.0000,-0.0008,0.0037,0.0000,-0.0037,0.0000,-0.0026,-0.0046,-0.4837,-0.4847,-3.0155,0.0000,0.0000,-3.0155
1791436715.6698,0.0188,1.0359,0.0000,-0.0008,0.0037,0.0000,-0.0037,0.0000,-0.0026,-0.0046,-0.4837,-0.4847,-3.0155,0.0000,0.0000,-3.0155
1791436715.6904,0.0206,0.9032,0.0000,-0.0008,0.0037,0.0000,-0.0037,0.0000,-0.0026,-0.0046,-0.4837,-0.4847,-3.0154,0.0000,0.0000,-3.0154
1791436715.7134,0.0231,4.3999,0.0000,-0.0008,0.0037,0.0000,-0.0037,0.0000,-0.0026,-0.0046,-0.4837,-0.4847,-3.0155,0.0000,0.0000,-3.0155
1791436715.7297,0.0163,0.5203,0.0000,-0.0008,0.0037,0.0000,-0.0037,0.0000,-0.0026,-0.0046,-0.4837,-0.4847,-3.0155,0.0000,0.0000,-3.0155
1791436715.7501,0.0204,2.2496,0.0000,-0.0008,0.0037,0.0000,-0.0037,0.0000,-0.0026,-0.0046,-0.4837,-0.4847,-3.0155,0.0000,0.0000,-3.0155
1791436715.7697,0.0196,1.1204,0.0000,-0.0008,0.0037,0.0000,-0.0037,0.0000,-0.0026,-0.0046,-0.4837,-0.4847,-3.0155,0.0000,0.0000,-3.0155
1791436715.7900,0.0202,0.9893,0.0000,-0.0008,0.0037,0.0000,-0.0037,0.0000,-0.0026,-0.0046,-0.4837,-0.4847,-3.0155,0.0000,0.0000,-3.0155
1791436715.8118,0.0218,0.7455,0.0000,-0.0008,0.0037,0.0000,-0.0037,0.0000,-0.0026,-0.0046,-0.4837,-0.4847,-3.0154,0.0000,0.0000,-3.0154
1791436715.8306,0.0188,1.9389,0.0000,-0.0008,0.0037,0.0000,-0.0037,0.0000,-0.0026,-0.0046,-0.4837,-0.4847,-3.0155,0.0000,0.0000,-3.0155
1791436715.8516,0.0210,3.2048,0.0000,-0.0008,0.0037,0.0000,-0.0037,0.0000,-0.0026,-0.0046,-0.4837,-0.4847,-3.0155,0.0000,0.0000,-3.0155
1791436715.8699,0.0183,0.9759,0.0000,-0.0008,0.0037,0.0000,-0.0037,0.0000,-0.0026,-0.0046,-0.4847,-0.4847,-3.0155,0.0000,0.0000,-3.0155
1791436715.8900,0.0201,1.0208,0.0000,-0.0008,0.0037,0.0000,-0.0037,0.0000,-0.0026,-0.0046,-0.4847,-0.4847,-3.0155,0.0000,0.0000,-3.0155
1791436715.9114,0.0214,1.1467,0.0000,-0.0008,0.0037,0.0000,-0.0037,0.0000,-0.0026,-0.0046,-0.4847,-0.4847,-3.0155,0.0000,0.0000,-3.0155
1791436715.9325,0.0211,1.1341,0.0000,-0.0008,0.0037,0.0000,-0.0037,0.0000,-0.0026,-0.0046,-0.4847,-0.4847,-3.0155,0.0000,0.0000,-3.0155
1791436715.9499,0.0174,0.4096,0.0000,-0.0008,0.0037,0.0000,-0.0037,0.0000,-0.0026,-0.0046,-0.4837,-0.4847,-3.0155,0.0000,0.0000,-3.0155
1791436715.9704,0.0204,0.5278,0.0000,-0.0008,0.0037,0.0000,-0.0037,0.0000,-0.0026,-0.0046,-0.4837,-0.4847,-3.0155,0.0000,0.0000,-3.0155
1791436715.9901,0.0197,0.6059,0.0000,-0.0008,0.0037,0.0000,-0.0037,0.0000,-0.0026,-0.0046,-0.4837,-0.4847,-3.0155,0.0000,0.0000,-3.0155
1791436716.0101,0.0200,0.7882,0.0000,-0.0008,0.0037,0.0000,-0.0037,0.0000,-0.0026,-0.0046,-0.4837,-0.4847,-3.0155,0.0000,0.0000,-3.0155
1791436716.0316,0.0216,2.2221,0.0000,-0.0008,0.0037,0.0000,-0.0037,0.0000,-0.0026,-0.0046,-0.4837,-0.4847,-3.0155,0.0000,0.0000,-3.0155
1791436716.0516,0.0200,2.3678,0.0000,-0.0008,0.0037,0.0000,-0.0037,0.0000,-0.0026,-0.0046,-0.4847,-0.4847,-3.0155,0.0000,0.0000,-3.0155
1791436716.0697,0.0181,1.1420,0.0000,-0.0008,0.0037,0.0000,-0.0037,0.0000,-0.0026,-0.0046,-0.4847,-0.4847,-3.0155,0.0000,0.0000,-3.0155
1791436716.0909,0.0212,0.9002,0.0000,-0.0008,0.0037,0.0000,-0.0037,0.0000,-0.0026,-0.0046,-0.4847,-0.4847,-3.0155,0.0000,0.0000,-3.0155
1791436716.1098,0.0189,0.7434,0.0000,-0.0008,0.0037,0.0000,-0.0037,0.0000,-0.0026,-0.0046,-0.4847,-0.4847,-3.0155,0.0000,0.0000,-3.0155
1791436716.1305,0.0207,1.0682,0.0000,-0.0008,0.0037,0.0000,-0.0037,0.0000,-0.0026,-0.0046,-0.4847,-0.4847,-3.0155,0.0000,0.0000,-3.0155
1791436716.1503,0.0198,0.2992,0.0000,-0.0008,0.0037,0.0000,-0.0037,0.0000,-0.0026,-0.0046,-0.4847,-0.4847,-3.0155,0.0000,0.0000,-3.0155
1791436716.1723,0.0220,0.7626,0.0000,-0.0008,0.0037,0.0000,-0.0037,0.0000,-0.0026,-0.0046,-0.4847,-0.4847,-3.0155,0.0000,0.0000,-3.0155
1791436716.1897,0.0174,2.1354,0.0000,-0.0008,0.0037,0.0000,-0.0037,0.0000,-0.0026,-0.0046,-0.4847,-0.4847,-3.0155,0.0000,0.0000,-3.0155
1791436716.2115,0.0218,0.9043,0.0000,-0.0008,0.0037,0.0000,-0.0037,0.0000,-0.0026,-0.0046,-0.4847,-0.4847,-3.0155,0.0000,0.0000,-3.0155
1791436716.2299,0.0184,0.8848,0.0000,-0.0008,0.0037,0.0000,-0.0037,0.0000,-0.0026,-0.0046,-0.4847,-0.4847,-3.0155,0.0000,0.0000,-3.0155
1791436716.2527,0.0228,2.1312,0.0000,-0.0008,0.0037,0.0000,-0.0037,0.0000,-0.0026,-0.0046,-0.4847,-0.4847,-3.0155,0.0000,0.0000,-3.0155
1791436716.2700,0.0173,2.6079,0.0000,-0.0008,0.0037,0.0000,-0.0037,0.0000,-0.0026,-0.0046,-0.4847,-0.4847,-3.0155,0.0000,0.0000,-3.0155
1791436716.2897,0.0197,0.6927,0.0000,-0.0008,0.0037,0.0000,-0.0037,0.0000,-0.0026,-0.0046,-0.4847,-0.4847,-3.0155,0.0000,0.0000,-3.0155
1791436716.3114,0.0216,0.6849,0.0000,-0.0008,0.0037,0.0000,-0.0037,0.0000,-0.0026,-0.0046,-0.4847,-0.4863,-3.0155,0.0000,0.0000,-3.0155
1791436716.3299,0.0185,1.9811,0.0000,-0.0008,0.0037,0.0000,-0.0037,0.0000,-0.0026,-0.0046,-0.4847,-0.4847,-3.0155,0.0000,0.0000,-3.0155
1791436716.3508,0.0209,1.8777,0.0000,-0.0008,0.0037,0.0000,-0.0037,0.0000,-0.0026,-0.0046,-0.4847,-0.4847,-3.0155,0.0000,0.0000,-3.0155
1791436716.3702,0.0194,2.3946,0.0000,-0.0008,0.0037,0.0000,-0.0037,0.0000,-0.0026,-0.0046,-0.4847,-0.4847,-3.0155,0.0000,0.0000,-3.0155
1791436716.3898,0.0197,4.1523,0.0000,-0.0008,0.0037,0.0000,-0.0037,0.0000,-0.0026,-0.0046,-0.4837,-0.4847,-3.0155,0.0000,0.0000,-3.0155
1791436716.4098,0.0199,5.7272,0.0000,-0.0008,0.0037,0.0000,-0.0037,0.0000,-0.0026,-0.0046,-0.4837,-0.4847,-3.0155,0.0000,0.0000,-3.0155
1791436716.4298,0.0200,3.5262,0.0000,-0.0008,0.0037,0.0000,-0.0037,0.0000,-0.0026,-0.0046,-0.4837,-0.4847,-3.0155,0.0000,0.0000,-3.0155
1791436716.4521,0.0224,2.4668,0.0000,-0.0008,0.0037,0.0000,-0.0037,0.0000,-0.0026,-0.0046,-0.4837,-0.4847,-3.0155,0.0000,0.0000,-3.0155
1791436716.4725,0.0204,1.4124,0.0000,-0.0008,0.0037,0.0000,-0.0037,0.0000,-0.0026,-0.0046,-0.4837,-0.4847,-3.0155,0.0000,0.0000,-3.0155
1791436716.4904,0.0179,0.7907,0.0000,-0.0008,0.0037,0.0000,-0.0037,0.0000,-0.0026,-0.0046,-0.4837,-0.4847,-3.0155,0.0000,0.0000,-3.0155
1791436716.5116,0.0212,5.4281,0.0000,-0.0008,0.0037,0.0000,-0.0037,0.0000,-0.0026,-0.0046,-0.4837,-0.4847,-3.0155,0.0000,0.0000,-3.0155
1791436716.5298,0.0182,0.9224,0.0000,-0.0008,0.0037,0.0000,-0.0037,0.0000,-0.0026,-0.0046,-0.4837,-0.4847,-3.0156,0.0000,0.0000,-3.0156
1791436716.5558,0.0260,3.2458,0.0000,-0.0008,0.0037,0.0000,-0.0037,0.0000,-0.0026,-0.0046,-0.4837,-0.4847,-3.0156,0.0000,0.0000,-3.0156
1791436716.5713,0.0155,0.4773,0.0000,-0.0008,0.0037,0.0000,-0.0037,0.0000,-0.0026,-0.0046,-0.4837,-0.4847,-3.0155,0.0000,0.0000,-3.0155
1791436716.5906,0.0193,2.7328,0.0000,-0.0008,0.0037,0.0000,-0.0037,0.0000,-0.0026,-0.0046,-0.4837,-0.4847,-3.0156,0.0000,0.0000,-3.0156
1791436716.6098,0.0193,4.4539,0.0000,-0.0008,0.0037,0.0000,-0.0037,0.0000,-0.0026,-0.0046,-0.4837,-0.4847,-3.0156,0.0000,0.0000,-3.0156
1791436716.6298,0.0200,3.9973,0.0000,-0.0008,0.0037,0.0000,-0.0037,0.0000,-0.0026,-0.0046,-0.4837,-0.4847,-3.0156,0.0000,0.0000,-3.0156
1791436716.6510,0.0212,4.1693,0.0000,-0.0008,0.0037,0.0000,-0.0037,0.0000,-0.0026,-0.0046,-0.4837,-0.4847,-3.0156,0.0000,0.0000,-3.0156
1791436716.6699,0.0189,2.4664,0.0000,-0.0008,0.0037,0.0000,-0.0037,0.0000,-0.0026,-0.0046,-0.4837,-0.4847,-3.0155,0.0000,0.0000,-3.0155
1791436716.6901,0.0202,0.9575,0.0000,-0.0008,0.0037,0.0000,-0.0037,0.0000,-0.0026,-0.0031,-0.4837,-0.4847,-3.0156,0.0000,0.0000,-3.0156
1791436716.7115,0.0214,4.7815,0.0000,-0.0008,0.0037,0.0000,-0.0037,0.0000,-0.0026,-0.0046,-0.4837,-0.4847,-3.0156,0.0000,0.0000,-3.0156
1791436716.7298,0.0182,2.7377,0.0000,-0.0008,0.0037,0.0000,-0.0037,0.0000,-0.0026,-0.0046,-0.4837,-0.4847,-3.0156,0.0000,0.0000,-3.0156
1791436716.7529,0.0232,0.6080,0.0000,-0.0008,0.0037,0.0000,-0.0037,0.0000,-0.0026,-0.0046,-0.4837,-0.4847,-3.0156,0.0000,0.0000,-3.0156
1791436716.7715,0.0185,0.8668,0.0000,-0.0008,0.0037,0.0000,-0.0037,0.0000,-0.0026,-0.0046,-0.4837,-0.4847,-3.0156,0.0000,0.0000,-3.0156
1791436716.7903,0.0189,0.5895,0.0000,-0.0008,0.0037,0.0000,-0.0037,0.0000,-0.0026,-0.0046,-0.4837,-0.4847,-3.0156,0.0000,0.0000,-3.0156
1791436716.8126,0.0222,1.1464,0.0000,-0.0008,0.0037,0.0000,-0.0037,0.0000,-0.0026,-0.0046,-0.4837,-0.4847,-3.0155,0.0000,0.0000,-3.0155
1791436716.8297,0.0172,0.9953,0.0000,-0.0008,0.0037,0.0000,-0.0037,0.0000,-0.0026,-0.0046,-0.4837,-0.4847,-3.0156,0.0000,0.0000,-3.0156
1791436716.8510,0.0213,0.7616,0.0000,-0.0008,0.0037,0.0000,-0.0037,0.0000,-0.0026,-0.0046,-0.4837,-0.4847,-3.0156,0.0000,0.0000,-3.0156
1791436716.8699,0.0188,0.7943,0.0000,-0.0008,0.0037,0.0000,-0.0037,0.0000,-0.0026,-0.0046,-0.4837,-0.4847,-3.0155,0.0000,0.0000,-3.0155
1791436716.8905,0.0207,0.1977,0.0000,0.0000,0.0000,0.0000,0.0000,0.0000,-0.0026,-0.0046,-0.4837,-0.4847,-3.0155,0.0000,0.0000,-3.0155
