run_id,time_s,frame_id,detected,ex,ey,depth_m,state,reason,miss_streak,detect_streak,heading_source,cmd_v,cmd_w,arm_pan_cmd,arm_tilt_cmd,command_unit
BAG,1791436608.3762,2,0,0.0000,0.0000,0.000,fault,mcu_diag_recovering,2,0,none,0.0000,0.0000,0.00,0.00,v:m/s;w:rad/s;arm:deg
BAG,1791436608.4080,2,0,0.0000,0.0000,0.000,fault,mcu_diag_recovering,2,0,none,0.0000,0.0000,0.00,0.00,v:m/s;w:rad/s;arm:deg
BAG,1791436608.4426,2,0,0.0000,0.0000,0.000,fault,mcu_diag_recovering,2,0,none,0.0000,0.0000,0.00,0.00,v:m/s;w:rad/s;arm:deg
BAG,1791436608.4724,2,0,0.0000,0.0000,0.000,fault,mcu_diag_recovering,2,0,none,0.0000,0.0000,0.00,0.00,v:m/s;w:rad/s;arm:deg
BAG,1791436608.5084,3,0,0.0000,0.0000,0.000,fault,mcu_diag_recovering,3,0,none,0.0000,0.0000,0.00,0.00,v:m/s;w:rad/s;arm:deg
BAG,1791436608.5469,3,0,0.0000,0.0000,0.000,fault,mcu_diag_recovering,3,0,none,0.0000,0.0000,0.00,0.00,v:m/s;w:rad/s;arm:deg
BAG,1791436608.5749,3,0,0.0000,0.0000,0.000,fault,camera_diag_recovering,3,0,imu,0.0000,0.0000,0.00,0.00,v:m/s;w:rad/s;arm:deg
BAG,1791436608.6106,4,0,0.0000,0.0000,0.000,idle,recovered_from:mcu_diag_recovering,3,0,imu,0.0000,0.0000,0.00,-15.00,v:m/s;w:rad/s;arm:deg
BAG,1791436608.6884,4,0,0.0000,0.0000,0.000,idle,recovered_from:mcu_diag_recovering,3,0,imu,0.0000,0.0000,0.00,-15.00,v:m/s;w:rad/s;arm:deg
BAG,1791436608.7085,4,0,0.0000,0.0000,0.000,idle,recovered_from:mcu_diag_recovering,3,0,imu,0.0000,0.0000,0.00,-15.00,v:m/s;w:rad/s;arm:deg
BAG,1791436608.7510,5,1,-0.5031,-0.9528,0.801,idle,recovered_from:mcu_diag_recovering,0,1,imu,0.0000,0.0000,0.00,-15.00,v:m/s;w:rad/s;arm:deg
BAG,1791436608.7729,5,1,-0.5031,-0.9528,0.801,idle,recovered_from:mcu_diag_recovering,0,1,imu,0.0000,0.0000,0.00,-15.00,v:m/s;w:rad/s;arm:deg
BAG,1791436608.8082,5,1,-0.5031,-0.9528,0.801,idle,recovered_from:mcu_diag_recovering,0,1,imu,0.0000,0.0000,0.00,-15.00,v:m/s;w:rad/s;arm:deg
BAG,1791436608.8454,6,0,0.0000,0.0000,0.000,idle,recovered_from:mcu_diag_recovering,1,0,imu,0.0000,0.0000,0.00,-15.00,v:m/s;w:rad/s;arm:deg
BAG,1791436608.8818,6,0,0.0000,0.0000,0.000,idle,recovered_from:mcu_diag_recovering,1,0,imu,0.0000,0.0000,0.00,-15.00,v:m/s;w:rad/s;arm:deg
BAG,1791436608.9095,6,0,0.0000,0.0000,0.000,idle,recovered_from:mcu_diag_recovering,1,0,imu,0.0000,0.0000,0.00,-15.00,v:m/s;w:rad/s;arm:deg
BAG,1791436608.9455,7,0,0.0000,0.0000,0.000,idle,recovered_from:mcu_diag_recovering,2,0,imu,0.0000,0.0000,0.00,-15.00,v:m/s;w:rad/s;arm:deg
BAG,1791436608.9745,7,0,0.0000,0.0000,0.000,idle,recovered_from:mcu_diag_recovering,2,0,imu,0.0000,0.0000,0.00,-15.00,v:m/s;w:rad/s;arm:deg
BAG,1791436609.0069,7,0,0.0000,0.0000,0.000,idle,recovered_from:mcu_diag_recovering,2,0,imu,0.0000,0.0000,0.00,-15.00,v:m/s;w:rad/s;arm:deg
BAG,1791436609.0431,7,0,0.0000,0.0000,0.000,idle,recovered_from:mcu_diag_recovering,2,0,imu,0.0000,0.0000,0.00,-15.00,v:m/s;w:rad/s;arm:deg
BAG,1791436609.0740,8,0,0.0000,0.0000,0.000,idle,recovered_from:mcu_diag_recovering,3,0,imu,0.0000,0.0000,0.00,-15.00,v:m/s;w:rad/s;arm:deg
BAG,1791436609.1080,8,0,0.0000,0.0000,0.000,idle,recovered_from:mcu_diag_recovering,3,0,imu,0.0000,0.0000,0.00,-15.00,v:m/s;w:rad/s;arm:deg
BAG,1791436609.1483,8,0,0.0000,0.0000,0.000,idle,recovered_from:mcu_diag_recovering,3,0,imu,0.0000,0.0000,0.00,-15.00,v:m/s;w:rad/s;arm:deg
BAG,1791436609.1773,9,0,0.0000,0.0000,0.000,idle,recovered_from:mcu_diag_recovering,3,0,imu,0.0000,0.0000,0.00,-15.00,v:m/s;w:rad/s;arm:deg
BAG,1791436609.2084,9,0,0.0000,0.0000,0.000,idle,recovered_from:mcu_diag_recovering,3,0,imu,0.0000,0.0000,0.00,-15.00,v:m/s;w:rad/s;arm:deg
BAG,1791436609.2458,9,0,0.0000,0.0000,0.000,idle,recovered_from:mcu_diag_recovering,3,0,imu,0.0000,0.0000,0.00,-15.00,v:m/s;w:rad/s;arm:deg
BAG,1791436609.2764,10,0,0.0000,0.0000,0.000,idle,recovered_from:mcu_diag_recovering,3,0,imu,0.0000,0.0000,0.00,-15.00,v:m/s;w:rad/s;arm:deg
BAG,1791436609.3058,10,0,0.0000,0.0000,0.000,idle,recovered_from:mcu_diag_recovering,3,0,imu,0.0000,0.0000,0.00,-15.00,v:m/s;w:rad/s;arm:deg
BAG,1791436609.3522,10,0,0.0000,0.0000,0.000,idle,recovered_from:mcu_diag_recovering,3,0,imu,0.0000,0.0000,0.00,-15.00,v:m/s;w:rad/s;arm:deg
BAG,1791436609.3756,11,0,0.0000,0.0000,0.000,idle,recovered_from:mcu_diag_recovering,3,0,imu,0.0000,0.0000,0.00,-15.00,v:m/s;w:rad/s;arm:deg
BAG,1791436609.4065,11,0,0.0000,0.0000,0.000,idle,recovered_from:mcu_diag_recovering,3,0,imu,0.0000,0.0000,0.00,-15.00,v:m/s;w:rad/s;arm:deg
BAG,1791436609.4453,11,0,0.0000,0.0000,0.000,idle,recovered_from:mcu_diag_recovering,3,0,imu,0.0000,0.0000,0.00,-15.00,v:m/s;w:rad/s;arm:deg
BAG,1791436609.4743,12,0,0.0000,0.0000,0.000,idle,recovered_from:mcu_diag_recovering,3,0,imu,0.0000,0.0000,0.00,-15.00,v:m/s;w:rad/s;arm:deg
BAG,1791436609.5068,12,0,0.0000,0.0000,0.000,idle,recovered_from:mcu_diag_recovering,3,0,imu,0.0000,0.0000,0.00,-15.00,v:m/s;w:rad/s;arm:deg
BAG,1791436609.5528,12,0,0.0000,0.0000,0.000,idle,recovered_from:mcu_diag_recovering,3,0,imu,0.0000,0.0000,0.00,-15.00,v:m/s;w:rad/s;arm:deg
BAG,1791436609.5729,12,0,0.0000,0.0000,0.000,idle,recovered_from:mcu_diag_recovering,3,0,imu,0.0000,0.0000,0.00,-15.00,v:m/s;w:rad/s;arm:deg
BAG,1791436609.6088,13,0,0.0000,0.0000,0.000,idle,recovered_from:mcu_diag_recovering,3,0,imu,0.0000,0.0000,0.00,-15.00,v:m/s;w:rad/s;arm:deg
BAG,1791436609.6409,13,0,0.0000,0.0000,0.000,idle,recovered_from:mcu_diag_recovering,3,0,imu,0.0000,0.0000,0.00,-15.00,v:m/s;w:rad/s;arm:deg
BAG,1791436609.6757,13,0,0.0000,0.0000,0.000,idle,recovered_from:mcu_diag_recovering,3,0,imu,0.0000,0.0000,0.00,-15.00,v:m/s;w:rad/s;arm:deg
BAG,1791436609.7142,14,0,0.0000,0.0000,0.000,idle,recovered_from:mcu_diag_recovering,3,0,imu,0.0000,0.0000,0.00,-15.00,v:m/s;w:rad/s;arm:deg
BAG,1791436609.7445,14,0,0.0000,0.0000,0.000,idle,recovered_from:mcu_diag_recovering,3,0,imu,0.0000,0.0000,0.00,-15.00,v:m/s;w:rad/s;arm:deg
BAG,1791436609.7759,14,0,0.0000,0.0000,0.000,idle,recovered_from:mcu_diag_recovering,3,0,imu,0.0000,0.0000,0.00,-15.00,v:m/s;w:rad/s;arm:deg
BAG,1791436609.8090,14,0,0.0000,0.0000,0.000,idle,recovered_from:mcu_diag_recovering,3,0,imu,0.0000,0.0000,0.00,-15.00,v:m/s;w:rad/s;arm:deg
BAG,1791436609.8413,15,0,0.0000,0.0000,0.000,idle,recovered_from:mcu_diag_recovering,3,0,imu,0.0000,0.0000,0.00,-15.00,v:m/s;w:rad/s;arm:deg
BAG,1791436609.8732,15,0,0.0000,0.0000,0.000,idle,recovered_from:mcu_diag_recovering,3,0,imu,0.0000,0.0000,0.00,-15.00,v:m/s;w:rad/s;arm:deg
BAG,1791436609.9080,15,0,0.0000,0.0000,0.000,idle,recovered_from:mcu_diag_recovering,3,0,imu,0.0000,0.0000,0.00,-15.00,v:m/s;w:rad/s;arm:deg
BAG,1791436609.9602,16,0,0.0000,0.0000,0.000,idle,recovered_from:mcu_diag_recovering,3,0,imu,0.0000,0.0000,0.00,-15.00,v:m/s;w:rad/s;arm:deg
BAG,1791436609.9863,16,0,0.0000,0.0000,0.000,idle,recovered_from:mcu_diag_recovering,3,0,imu,0.0000,0.0000,0.00,-15.00,v:m/s;w:rad/s;arm:deg
BAG,1791436610.0093,16,0,0.0000,0.0000,0.000,idle,recovered_from:mcu_diag_recovering,3,0,imu,0.0000,0.0000,0.00,-15.00,v:m/s;w:rad/s;arm:deg
BAG,1791436610.0436,17,0,0.0000,0.0000,0.000,idle,recovered_from:mcu_diag_recovering,3,0,imu,0.0000,0.0000,0.00,-15.00,v:m/s;w:rad/s;arm:deg
BAG,1791436610.0751,17,0,0.0000,0.0000,0.000,idle,recovered_from:mcu_diag_recovering,3,0,imu,0.0000,0.0000,0.00,-15.00,v:m/s;w:rad/s;arm:deg
BAG,1791436610.1070,17,0,0.0000,0.0000,0.000,idle,recovered_from:mcu_diag_recovering,3,0,imu,0.0000,0.0000,0.00,-15.00,v:m/s;w:rad/s;arm:deg
BAG,1791436610.1465,18,0,0.0000,0.0000,0.000,idle,recovered_from:mcu_diag_recovering,3,0,imu,0.0000,0.0000,0.00,-15.00,v:m/s;w:rad/s;arm:deg
BAG,1791436610.1792,18,0,0.0000,0.0000,0.000,idle,recovered_from:mcu_diag_recovering,3,0,imu,0.0000,0.0000,0.00,-15.00,v:m/s;w:rad/s;arm:deg
BAG,1791436610.2074,18,0,0.0000,0.0000,0.000,idle,recovered_from:mcu_diag_recovering,3,0,imu,0.0000,0.0000,0.00,-15.00,v:m/s;w:rad/s;arm:deg
BAG,1791436610.2420,19,0,0.0000,0.0000,0.000,idle,recovered_from:mcu_diag_recovering,3,0,imu,0.0000,0.0000,0.00,-15.00,v:m/s;w:rad/s;arm:deg
BAG,1791436610.2744,19,0,0.0000,0.0000,0.000,idle,recovered_from:mcu_diag_recovering,3,0,imu,0.0000,0.0000,0.00,-15.00,v:m/s;w:rad/s;arm:deg
BAG,1791436610.3084,19,0,0.0000,0.0000,0.000,idle,recovered_from:mcu_diag_recovering,3,0,imu,0.0000,0.0000,0.00,-15.00,v:m/s;w:rad/s;arm:deg
BAG,1791436610.3496,20,0,0.0000,0.0000,0.000,idle,recovered_from:mcu_diag_recovering,3,0,imu,0.0000,0.0000,0.00,-15.00,v:m/s;w:rad/s;arm:deg
BAG,1791436610.3751,20,0,0.0000,0.0000,0.000,idle,recovered_from:mcu_diag_recovering,3,0,imu,0.0000,0.0000,0.00,-15.00,v:m/s;w:rad/s;arm:deg
BAG,1791436610.4083,20,0,0.0000,0.0000,0.000,idle,recovered_from:mcu_diag_recovering,3,0,imu,0.0000,0.0000,0.00,-15.00,v:m/s;w:rad/s;arm:deg
BAG,1791436610.4445,20,0,0.0000,0.0000,0.000,idle,recovered_from:mcu_diag_recovering,3,0,imu,0.0000,0.0000,0.00,-15.00,v:m/s;w:rad/s;arm:deg
BAG,1791436610.4730,21,0,0.0000,0.0000,0.000,idle,recovered_from:mcu_diag_recovering,3,0,imu,0.0000,0.0000,0.00,-15.00,v:m/s;w:rad/s;arm:deg
BAG,1791436610.5074,21,0,0.0000,0.0000,0.000,idle,recovered_from:mcu_diag_recovering,3,0,imu,0.0000,0.0000,0.00,-15.00,v:m/s;w:rad/s;arm:deg
BAG,1791436610.5476,21,0,0.0000,0.0000,0.000,idle,recovered_from:mcu_diag_recovering,3,0,imu,0.0000,0.0000,0.00,-15.00,v:m/s;w:rad/s;arm:deg
BAG,1791436610.5793,22,0,0.0000,0.0000,0.000,idle,recovered_from:mcu_diag_recovering,3,0,imu,0.0000,0.0000,0.00,-15.00,v:m/s;w:rad/s;arm:deg
BAG,1791436610.6087,22,0,0.0000,0.0000,0.000,idle,ok,3,0,imu,0.0000,0.0000,0.00,-15.00,v:m/s;w:rad/s;arm:deg
BAG,1791436610.6414,22,0,0.0000,0.0000,0.000,idle,ok,3,0,imu,0.0000,0.0000,0.00,-15.00,v:m/s;w:rad/s;arm:deg
BAG,1791436610.6770,23,0,0.0000,0.0000,0.000,idle,ok,3,0,imu,0.0000,0.0000,0.00,-15.00,v:m/s;w:rad/s;arm:deg
BAG,1791436610.7087,23,0,0.0000,0.0000,0.000,idle,ok,3,0,imu,0.0000,0.0000,0.00,-15.00,v:m/s;w:rad/s;arm:deg
BAG,1791436610.7505,23,0,0.0000,0.0000,0.000,idle,ok,3,0,imu,0.0000,0.0000,0.00,-15.00,v:m/s;w:rad/s;arm:deg
BAG,1791436610.7756,24,0,0.0000,0.0000,0.000,idle,ok,3,0,imu,0.0000,0.0000,0.00,-15.00,v:m/s;w:rad/s;arm:deg
BAG,1791436610.8072,24,0,0.0000,0.0000,0.000,idle,ok,3,0,imu,0.0000,0.0000,0.00,-15.00,v:m/s;w:rad/s;arm:deg
BAG,1791436610.8465,24,0,0.0000,0.0000,0.000,idle,ok,3,0,imu,0.0000,0.0000,0.00,-15.00,v:m/s;w:rad/s;arm:deg
BAG,1791436610.8794,25,0,0.0000,0.0000,0.000,idle,ok,3,0,imu,0.0000,0.0000,0.00,-15.00,v:m/s;w:rad/s;arm:deg
BAG,1791436610.9087,25,0,0.0000,0.0000,0.000,idle,ok,3,0,imu,0.0000,0.0000,0.00,-15.00,v:m/s;w:rad/s;arm:deg
BAG,1791436610.9534,25,0,0.0000,0.0000,0.000,idle,ok,3,0,imu,0.0000,0.0000,0.00,-15.00,v:m/s;w:rad/s;arm:deg
BAG,1791436610.9749,25,0,0.0000,0.0000,0.000,idle,ok,3,0,imu,0.0000,0.0000,0.00,-15.00,v:m/s;w:rad/s;arm:deg
BAG,1791436611.0057,26,0,0.0000,0.0000,0.000,idle,ok,3,0,imu,0.0000,0.0000,0.00,-15.00,v:m/s;w:rad/s;arm:deg
BAG,1791436611.0440,26,0,0.0000,0.0000,0.000,idle,ok,3,0,imu,0.0000,0.0000,0.00,-15.00,v:m/s;w:rad/s;arm:deg
BAG,1791436611.0738,26,0,0.0000,0.0000,0.000,idle,ok,3,0,imu,0.0000,0.0000,0.00,-15.00,v:m/s;w:rad/s;arm:deg
BAG,1791436611.1131,27,0,0.0000,0.0000,0.000,idle,ok,3,0,imu,0.0000,0.0000,0.00,-15.00,v:m/s;w:rad/s;arm:deg
BAG,1791436611.1502,27,0,0.0000,0.0000,0.000,idle,ok,3,0,imu,0.0000,0.0000,0.00,-15.00,v:m/s;w:rad/s;arm:deg
BAG,1791436611.1729,27,0,0.0000,0.0000,0.000,idle,ok,3,0,imu,0.0000,0.0000,0.00,-15.00,v:m/s;w:rad/s;arm:deg
BAG,1791436611.2132,28,0,0.0000,0.0000,0.000,idle,ok,3,0,imu,0.0000,0.0000,0.00,-15.00,v:m/s;w:rad/s;arm:deg
BAG,1791436611.2435,28,0,0.0000,0.0000,0.000,idle,ok,3,0,imu,0.0000,0.0000,0.00,-15.00,v:m/s;w:rad/s;arm:deg
BAG,1791436611.2758,28,0,0.0000,0.0000,0.000,idle,ok,3,0,imu,0.0000,0.0000,0.00,-15.00,v:m/s;w:rad/s;arm:deg
BAG,1791436611.3095,29,0,0.0000,0.0000,0.000,idle,ok,3,0,imu,0.0000,0.0000,0.00,-15.00,v:m/s;w:rad/s;arm:deg
BAG,1791436611.3550,29,0,0.0000,0.0000,0.000,idle,ok,3,0,imu,0.0000,0.0000,0.00,-15.00,v:m/s;w:rad/s;arm:deg
BAG,1791436611.3760,29,0,0.0000,0.0000,0.000,idle,ok,3,0,imu,0.0000,0.0000,0.00,-15.00,v:m/s;w:rad/s;arm:deg
BAG,1791436611.4064,29,0,0.0000,0.0000,0.000,idle,ok,3,0,imu,0.0000,0.0000,0.00,-15.00,v:m/s;w:rad/s;arm:deg
BAG,1791436611.4436,30,0,0.0000,0.0000,0.000,idle,ok,3,0,imu,0.0000,0.0000,0.00,-15.00,v:m/s;w:rad/s;arm:deg
BAG,1791436611.4740,30,0,0.0000,0.0000,0.000,idle,ok,3,0,imu,0.0000,0.0000,0.00,-15.00,v:m/s;w:rad/s;arm:deg
BAG,1791436611.5074,30,0,0.0000,0.0000,0.000,idle,ok,3,0,imu,0.0000,0.0000,0.00,-15.00,v:m/s;w:rad/s;arm:deg
BAG,1791436611.5493,31,0,0.0000,0.0000,0.000,idle,ok,3,0,imu,0.0000,0.0000,0.00,-15.00,v:m/s;w:rad/s;arm:deg
BAG,1791436611.5739,31,0,0.0000,0.0000,0.000,idle,ok,3,0,imu,0.0000,0.0000,0.00,-15.00,v:m/s;w:rad/s;arm:deg
BAG,1791436611.6088,31,0,0.0000,0.0000,0.000,idle,ok,3,0,imu,0.0000,0.0000,0.00,-15.00,v:m/s;w:rad/s;arm:deg
BAG,1791436611.6473,31,0,0.0000,0.0000,0.000,idle,ok,3,0,imu,0.0000,0.0000,0.00,-15.00,v:m/s;w:rad/s;arm:deg
BAG,1791436611.6798,32,0,0.0000,0.0000,0.000,idle,ok,3,0,imu,0.0000,0.0000,0.00,-15.00,v:m/s;w:rad/s;arm:deg
BAG,1791436611.7078,32,0,0.0000,0.0000,0.000,idle,ok,3,0,imu,0.0000,0.0000,0.00,-15.00,v:m/s;w:rad/s;arm:deg
BAG,1791436611.7479,32,0,0.0000,0.0000,0.000,idle,ok,3,0,imu,0.0000,0.0000,0.00,-15.00,v:m/s;w:rad/s;arm:deg
BAG,1791436611.7784,33,0,0.0000,0.0000,0.000,idle,ok,3,0,imu,0.0000,0.0000,0.00,-15.00,v:m/s;w:rad/s;arm:deg
BAG,1791436611.8073,33,0,0.0000,0.0000,0.000,idle,ok,3,0,imu,0.0000,0.0000,0.00,-15.00,v:m/s;w:rad/s;arm:deg
BAG,1791436611.8409,33,0,0.0000,0.0000,0.000,idle,ok,3,0,imu,0.0000,0.0000,0.00,-15.00,v:m/s;w:rad/s;arm:deg
BAG,1791436611.8775,34,0,0.0000,0.0000,0.000,idle,ok,3,0,imu,0.0000,0.0000,0.00,-15.00,v:m/s;w:rad/s;arm:deg
BAG,1791436611.9074,34,0,0.0000,0.0000,0.000,idle,ok,3,0,imu,0.0000,0.0000,0.00,-15.00,v:m/s;w:rad/s;arm:deg
BAG,1791436611.9446,34,0,0.0000,0.0000,0.000,idle,ok,3,0,imu,0.0000,0.0000,0.00,-15.00,v:m/s;w:rad/s;arm:deg
BAG,1791436611.9771,34,0,0.0000,0.0000,0.000,idle,ok,3,0,imu,0.0000,0.0000,0.00,-15.00,v:m/s;w:rad/s;arm:deg
BAG,1791436612.0083,35,0,0.0000,0.0000,0.000,idle,ok,3,0,imu,0.0000,0.0000,0.00,-15.00,v:m/s;w:rad/s;arm:deg
BAG,1791436612.0431,35,0,0.0000,0.0000,0.000,idle,ok,3,0,imu,0.0000,0.0000,0.00,-15.00,v:m/s;w:rad/s;arm:deg
BAG,1791436612.0765,36,0,0.0000,0.0000,0.000,idle,ok,3,0,imu,0.0000,0.0000,0.00,-15.00,v:m/s;w:rad/s;arm:deg
BAG,1791436612.1071,36,0,0.0000,0.0000,0.000,idle,ok,3,0,imu,0.0000,0.0000,0.00,-15.00,v:m/s;w:rad/s;arm:deg
BAG,1791436612.1447,36,0,0.0000,0.0000,0.000,idle,ok,3,0,imu,0.0000,0.0000,0.00,-15.00,v:m/s;w:rad/s;arm:deg
BAG,1791436612.1731,36,0,0.0000,0.0000,0.000,idle,ok,3,0,imu,0.0000,0.0000,0.00,-15.00,v:m/s;w:rad/s;arm:deg
BAG,1791436612.2082,37,0,0.0000,0.0000,0.000,idle,ok,3,0,imu,0.0000,0.0000,0.00,-15.00,v:m/s;w:rad/s;arm:deg
BAG,1791436612.2410,37,0,0.0000,0.0000,0.000,idle,ok,3,0,imu,0.0000,0.0000,0.00,-15.00,v:m/s;w:rad/s;arm:deg
BAG,1791436612.2784,37,0,0.0000,0.0000,0.000,idle,ok,3,0,imu,0.0000,0.0000,0.00,-15.00,v:m/s;w:rad/s;arm:deg
BAG,1791436612.3115,38,0,0.0000,0.0000,0.000,idle,ok,3,0,imu,0.0000,0.0000,0.00,-15.00,v:m/s;w:rad/s;arm:deg
BAG,1791436612.3487,38,0,0.0000,0.0000,0.000,idle,ok,3,0,imu,0.0000,0.0000,0.00,-15.00,v:m/s;w:rad/s;arm:deg
BAG,1791436612.3744,38,0,0.0000,0.0000,0.000,idle,ok,3,0,imu,0.0000,0.0000,0.00,-15.00,v:m/s;w:rad/s;arm:deg
BAG,1791436612.4072,38,0,0.0000,0.0000,0.000,idle,ok,3,0,imu,0.0000,0.0000,0.00,-15.00,v:m/s;w:rad/s;arm:deg
BAG,1791436612.4426,39,0,0.0000,0.0000,0.000,idle,ok,3,0,imu,0.0000,0.0000,0.00,-15.00,v:m/s;w:rad/s;arm:deg
BAG,1791436612.4736,39,0,0.0000,0.0000,0.000,idle,ok,3,0,imu,0.0000,0.0000,0.00,-15.00,v:m/s;w:rad/s;arm:deg
BAG,1791436612.5071,39,0,0.0000,0.0000,0.000,idle,ok,3,0,imu,0.0000,0.0000,0.00,-15.00,v:m/s;w:rad/s;arm:deg
BAG,1791436612.5543,40,0,0.0000,0.0000,0.000,idle,ok,3,0,imu,0.0000,0.0000,0.00,-15.00,v:m/s;w:rad/s;arm:deg
BAG,1791436612.5754,40,0,0.0000,0.0000,0.000,idle,ok,3,0,imu,0.0000,0.0000,0.00,-15.00,v:m/s;w:rad/s;arm:deg
BAG,1791436612.6059,40,0,0.0000,0.0000,0.000,idle,ok,3,0,imu,0.0000,0.0000,0.00,-15.00,v:m/s;w:rad/s;arm:deg
BAG,1791436612.6476,40,0,0.0000,0.0000,0.000,idle,ok,3,0,imu,0.0000,0.0000,0.00,-15.00,v:m/s;w:rad/s;arm:deg
BAG,1791436612.6751,41,0,0.0000,0.0000,0.000,idle,ok,3,0,imu,0.0000,0.0000,0.00,-15.00,v:m/s;w:rad/s;arm:deg
BAG,1791436612.7088,41,0,0.0000,0.0000,0.000,idle,ok,3,0,imu,0.0000,0.0000,0.00,-15.00,v:m/s;w:rad/s;arm:deg
BAG,1791436612.7510,41,0,0.0000,0.0000,0.000,idle,ok,3,0,imu,0.0000,0.0000,0.00,-15.00,v:m/s;w:rad/s;arm:deg
BAG,1791436612.7766,42,0,0.0000,0.0000,0.000,idle,ok,3,0,imu,0.0000,0.0000,0.00,-15.00,v:m/s;w:rad/s;arm:deg
BAG,1791436612.8079,42,0,0.0000,0.0000,0.000,idle,ok,3,0,imu,0.0000,0.0000,0.00,-15.00,v:m/s;w:rad/s;arm:deg
BAG,1791436612.8444,42,0,0.0000,0.0000,0.000,idle,ok,3,0,imu,0.0000,0.0000,0.00,-15.00,v:m/s;w:rad/s;arm:deg
BAG,1791436612.8762,43,0,0.0000,0.0000,0.000,idle,ok,3,0,imu,0.0000,0.0000,0.00,-15.00,v:m/s;w:rad/s;arm:deg
BAG,1791436612.9082,43,0,0.0000,0.0000,0.000,idle,ok,3,0,imu,0.0000,0.0000,0.00,-15.00,v:m/s;w:rad/s;arm:deg
BAG,1791436612.9457,43,0,0.0000,0.0000,0.000,idle,ok,3,0,imu,0.0000,0.0000,0.00,-15.00,v:m/s;w:rad/s;arm:deg
BAG,1791436612.9749,43,0,0.0000,0.0000,0.000,idle,ok,3,0,imu,0.0000,0.0000,0.00,-15.00,v:m/s;w:rad/s;arm:deg
BAG,1791436613.0079,44,0,0.0000,0.0000,0.000,idle,ok,3,0,imu,0.0000,0.0000,0.00,-15.00,v:m/s;w:rad/s;arm:deg
BAG,1791436613.0425,44,0,0.0000,0.0000,0.000,idle,ok,3,0,imu,0.0000,0.0000,0.00,-15.00,v:m/s;w:rad/s;arm:deg
BAG,1791436613.0768,44,0,0.0000,0.0000,0.000,idle,ok,3,0,imu,0.0000,0.0000,0.00,-15.00,v:m/s;w:rad/s;arm:deg
BAG,1791436613.1086,45,0,0.0000,0.0000,0.000,idle,ok,3,0,imu,0.0000,0.0000,0.00,-15.00,v:m/s;w:rad/s;arm:deg
BAG,1791436613.1499,45,0,0.0000,0.0000,0.000,idle,ok,3,0,imu,0.0000,0.0000,0.00,-15.00,v:m/s;w:rad/s;arm:deg
BAG,1791436613.1749,45,0,0.0000,0.0000,0.000,idle,ok,3,0,imu,0.0000,0.0000,0.00,-15.00,v:m/s;w:rad/s;arm:deg
BAG,1791436613.2094,46,0,0.0000,0.0000,0.000,idle,ok,3,0,imu,0.0000,0.0000,0.00,-15.00,v:m/s;w:rad/s;arm:deg
BAG,1791436613.2439,46,0,0.0000,0.0000,0.000,idle,ok,3,0,imu,0.0000,0.0000,0.00,-15.00,v:m/s;w:rad/s;arm:deg
BAG,1791436613.2770,46,0,0.0000,0.0000,0.000,idle,ok,3,0,imu,0.0000,0.0000,0.00,-15.00,v:m/s;w:rad/s;arm:deg
BAG,1791436613.3092,47,0,0.0000,0.0000,0.000,idle,ok,3,0,imu,0.0000,0.0000,0.00,-15.00,v:m/s;w:rad/s;arm:deg
BAG,1791436613.3454,47,0,0.0000,0.0000,0.000,idle,ok,3,0,imu,0.0000,0.0000,0.00,-15.00,v:m/s;w:rad/s;arm:deg
BAG,1791436613.3736,47,0,0.0000,0.0000,0.000,idle,ok,3,0,imu,0.0000,0.0000,0.00,-15.00,v:m/s;w:rad/s;arm:deg
BAG,1791436613.4135,48,0,0.0000,0.0000,0.000,idle,ok,3,0,imu,0.0000,0.0000,0.00,-15.00,v:m/s;w:rad/s;arm:deg
BAG,1791436613.4427,48,0,0.0000,0.0000,0.000,idle,ok,3,0,imu,0.0000,0.0000,0.00,-15.00,v:m/s;w:rad/s;arm:deg
BAG,1791436613.4762,48,0,0.0000,0.0000,0.000,idle,ok,3,0,imu,0.0000,0.0000,0.00,-15.00,v:m/s;w:rad/s;arm:deg
BAG,1791436613.5114,49,0,0.0000,0.0000,0.000,idle,ok,3,0,imu,0.0000,0.0000,0.00,-15.00,v:m/s;w:rad/s;arm:deg
BAG,1791436613.5494,49,0,0.0000,0.0000,0.000,idle,ok,3,0,imu,0.0000,0.0000,0.00,-15.00,v:m/s;w:rad/s;arm:deg
BAG,1791436613.5799,49,0,0.0000,0.0000,0.000,idle,ok,3,0,imu,0.0000,0.0000,0.00,-15.00,v:m/s;w:rad/s;arm:deg
BAG,1791436613.6076,49,0,0.0000,0.0000,0.000,idle,ok,3,0,imu,0.0000,0.0000,0.00,-15.00,v:m/s;w:rad/s;arm:deg
BAG,1791436613.6442,50,0,0.0000,0.0000,0.000,idle,ok,3,0,imu,0.0000,0.0000,0.00,-15.00,v:m/s;w:rad/s;arm:deg
BAG,1791436613.6734,50,0,0.0000,0.0000,0.000,idle,ok,3,0,imu,0.0000,0.0000,0.00,-15.00,v:m/s;w:rad/s;arm:deg
BAG,1791436613.7080,50,0,0.0000,0.0000,0.000,idle,ok,3,0,imu,0.0000,0.0000,0.00,-15.00,v:m/s;w:rad/s;arm:deg
BAG,1791436613.7438,51,0,0.0000,0.0000,0.000,idle,ok,3,0,imu,0.0000,0.0000,0.00,-15.00,v:m/s;w:rad/s;arm:deg
BAG,1791436613.7755,51,0,0.0000,0.0000,0.000,idle,ok,3,0,imu,0.0000,0.0000,0.00,-15.00,v:m/s;w:rad/s;arm:deg
BAG,1791436613.8087,51,0,0.0000,0.0000,0.000,idle,ok,3,0,imu,0.0000,0.0000,0.00,-15.00,v:m/s;w:rad/s;arm:deg
BAG,1791436613.8480,52,0,0.0000,0.0000,0.000,idle,ok,3,0,imu,0.0000,0.0000,0.00,-15.00,v:m/s;w:rad/s;arm:deg
BAG,1791436613.8756,52,0,0.0000,0.0000,0.000,idle,ok,3,0,imu,0.0000,0.0000,0.00,-15.00,v:m/s;w:rad/s;arm:deg
BAG,1791436613.9095,52,0,0.0000,0.0000,0.000,idle,ok,3,0,imu,0.0000,0.0000,0.00,-15.00,v:m/s;w:rad/s;arm:deg
BAG,1791436613.9441,52,0,0.0000,0.0000,0.000,idle,ok,3,0,imu,0.0000,0.0000,0.00,-15.00,v:m/s;w:rad/s;arm:deg
BAG,1791436613.9743,53,0,0.0000,0.0000,0.000,idle,ok,3,0,imu,0.0000,0.0000,0.00,-15.00,v:m/s;w:rad/s;arm:deg
BAG,1791436614.0087,53,0,0.0000,0.0000,0.000,idle,ok,3,0,imu,0.0000,0.0000,0.00,-15.00,v:m/s;w:rad/s;arm:deg
BAG,1791436614.0434,53,0,0.0000,0.0000,0.000,idle,ok,3,0,imu,0.0000,0.0000,0.00,-15.00,v:m/s;w:rad/s;arm:deg
BAG,1791436614.0735,54,0,0.0000,0.0000,0.000,idle,ok,3,0,imu,0.0000,0.0000,0.00,-15.00,v:m/s;w:rad/s;arm:deg
BAG,1791436614.1074,54,0,0.0000,0.0000,0.000,idle,ok,3,0,imu,0.0000,0.0000,0.00,-15.00,v:m/s;w:rad/s;arm:deg
BAG,1791436614.1433,54,0,0.0000,0.0000,0.000,idle,ok,3,0,imu,0.0000,0.0000,0.00,-15.00,v:m/s;w:rad/s;arm:deg
BAG,1791436614.1738,55,0,0.0000,0.0000,0.000,idle,ok,3,0,imu,0.0000,0.0000,0.00,-15.00,v:m/s;w:rad/s;arm:deg
BAG,1791436614.2078,55,0,0.0000,0.0000,0.000,idle,ok,3,0,imu,0.0000,0.0000,0.00,-15.00,v:m/s;w:rad/s;arm:deg
BAG,1791436614.2463,55,0,0.0000,0.0000,0.000,idle,ok,3,0,imu,0.0000,0.0000,0.00,-15.00,v:m/s;w:rad/s;arm:deg
BAG,1791436614.2747,56,0,0.0000,0.0000,0.000,idle,ok,3,0,imu,0.0000,0.0000,0.00,-15.00,v:m/s;w:rad/s;arm:deg
BAG,1791436614.3079,56,0,0.0000,0.0000,0.000,idle,ok,3,0,imu,0.0000,0.0000,0.00,-15.00,v:m/s;w:rad/s;arm:deg
BAG,1791436614.3575,56,0,0.0000,0.0000,0.000,idle,ok,3,0,imu,0.0000,0.0000,0.00,-15.00,v:m/s;w:rad/s;arm:deg
BAG,1791436614.3753,56,0,0.0000,0.0000,0.000,idle,ok,3,0,imu,0.0000,0.0000,0.00,-15.00,v:m/s;w:rad/s;arm:deg
BAG,1791436614.4076,57,0,0.0000,0.0000,0.000,idle,ok,3,0,imu,0.0000,0.0000,0.00,-15.00,v:m/s;w:rad/s;arm:deg
BAG,1791436614.4536,57,0,0.0000,0.0000,0.000,idle,ok,3,0,imu,0.0000,0.0000,0.00,-15.00,v:m/s;w:rad/s;arm:deg
BAG,1791436614.4791,57,0,0.0000,0.0000,0.000,idle,ok,3,0,imu,0.0000,0.0000,0.00,-15.00,v:m/s;w:rad/s;arm:deg
BAG,1791436614.5129,58,0,0.0000,0.0000,0.000,idle,ok,3,0,imu,0.0000,0.0000,0.00,-15.00,v:m/s;w:rad/s;arm:deg
BAG,1791436614.5518,58,0,0.0000,0.0000,0.000,idle,ok,3,0,imu,0.0000,0.0000,0.00,-15.00,v:m/s;w:rad/s;arm:deg
BAG,1791436614.5764,58,0,0.0000,0.0000,0.000,idle,ok,3,0,imu,0.0000,0.0000,0.00,-15.00,v:m/s;w:rad/s;arm:deg
BAG,1791436614.6094,59,0,0.0000,0.0000,0.000,idle,ok,3,0,imu,0.0000,0.0000,0.00,-15.00,v:m/s;w:rad/s;arm:deg
BAG,1791436614.6424,59,0,0.0000,0.0000,0.000,idle,ok,3,0,imu,0.0000,0.0000,0.00,-15.00,v:m/s;w:rad/s;arm:deg
BAG,1791436614.6740,59,0,0.0000,0.0000,0.000,idle,ok,3,0,imu,0.0000,0.0000,0.00,-15.00,v:m/s;w:rad/s;arm:deg
BAG,1791436614.7078,59,0,0.0000,0.0000,0.000,idle,ok,3,0,imu,0.0000,0.0000,0.00,-15.00,v:m/s;w:rad/s;arm:deg
BAG,1791436614.7466,60,0,0.0000,0.0000,0.000,idle,ok,3,0,imu,0.0000,0.0000,0.00,-15.00,v:m/s;w:rad/s;arm:deg
BAG,1791436614.7725,60,0,0.0000,0.0000,0.000,idle,ok,3,0,imu,0.0000,0.0000,0.00,-15.00,v:m/s;w:rad/s;arm:deg
BAG,1791436614.8075,60,0,0.0000,0.0000,0.000,idle,ok,3,0,imu,0.0000,0.0000,0.00,-15.00,v:m/s;w:rad/s;arm:deg
BAG,1791436614.8429,61,0,0.0000,0.0000,0.000,idle,ok,3,0,imu,0.0000,0.0000,0.00,-15.00,v:m/s;w:rad/s;arm:deg
BAG,1791436614.8742,61,0,0.0000,0.0000,0.000,idle,ok,3,0,imu,0.0000,0.0000,0.00,-15.00,v:m/s;w:rad/s;arm:deg
BAG,1791436614.9086,61,0,0.0000,0.0000,0.000,idle,ok,3,0,imu,0.0000,0.0000,0.00,-15.00,v:m/s;w:rad/s;arm:deg
BAG,1791436614.9495,61,0,0.0000,0.0000,0.000,idle,ok,3,0,imu,0.0000,0.0000,0.00,-15.00,v:m/s;w:rad/s;arm:deg
BAG,1791436614.9737,62,0,0.0000,0.0000,0.000,idle,ok,3,0,imu,0.0000,0.0000,0.00,-15.00,v:m/s;w:rad/s;arm:deg
BAG,1791436615.0076,62,0,0.0000,0.0000,0.000,idle,ok,3,0,imu,0.0000,0.0000,0.00,-15.00,v:m/s;w:rad/s;arm:deg
BAG,1791436615.0439,62,0,0.0000,0.0000,0.000,idle,ok,3,0,imu,0.0000,0.0000,0.00,-15.00,v:m/s;w:rad/s;arm:deg
BAG,1791436615.0766,63,0,0.0000,0.0000,0.000,idle,ok,3,0,imu,0.0000,0.0000,0.00,-15.00,v:m/s;w:rad/s;arm:deg
BAG,1791436615.1091,63,0,0.0000,0.0000,0.000,idle,ok,3,0,imu,0.0000,0.0000,0.00,-15.00,v:m/s;w:rad/s;arm:deg
BAG,1791436615.1544,63,0,0.0000,0.0000,0.000,idle,ok,3,0,imu,0.0000,0.0000,0.00,-15.00,v:m/s;w:rad/s;arm:deg
BAG,1791436615.1825,64,0,0.0000,0.0000,0.000,idle,ok,3,0,imu,0.0000,0.0000,0.00,-15.00,v:m/s;w:rad/s;arm:deg
BAG,1791436615.2087,64,0,0.0000,0.0000,0.000,idle,ok,3,0,imu,0.0000,0.0000,0.00,-15.00,v:m/s;w:rad/s;arm:deg
BAG,1791436615.2438,64,0,0.0000,0.0000,0.000,idle,ok,3,0,imu,0.0000,0.0000,0.00,-15.00,v:m/s;w:rad/s;arm:deg
BAG,1791436615.2735,65,0,0.0000,0.0000,0.000,idle,ok,3,0,imu,0.0000,0.0000,0.00,-15.00,v:m/s;w:rad/s;arm:deg
BAG,1791436615.3085,65,0,0.0000,0.0000,0.000,idle,ok,3,0,imu,0.0000,0.0000,0.00,-15.00,v:m/s;w:rad/s;arm:deg
BAG,1791436615.3556,65,0,0.0000,0.0000,0.000,idle,ok,3,0,imu,0.0000,0.0000,0.00,-15.00,v:m/s;w:rad/s;arm:deg
BAG,1791436615.3764,65,0,0.0000,0.0000,0.000,idle,ok,3,0,imu,0.0000,0.0000,0.00,-15.00,v:m/s;w:rad/s;arm:deg
BAG,1791436615.4124,66,0,0.0000,0.0000,0.000,idle,ok,3,0,imu,0.0000,0.0000,0.00,-15.00,v:m/s;w:rad/s;arm:deg
BAG,1791436615.4459,66,0,0.0000,0.0000,0.000,idle,ok,3,0,imu,0.0000,0.0000,0.00,-15.00,v:m/s;w:rad/s;arm:deg
BAG,1791436615.4748,66,0,0.0000,0.0000,0.000,idle,ok,3,0,imu,0.0000,0.0000,0.00,-15.00,v:m/s;w:rad/s;arm:deg
BAG,1791436615.5105,67,0,0.0000,0.0000,0.000,idle,ok,3,0,imu,0.0000,0.0000,0.00,-15.00,v:m/s;w:rad/s;arm:deg
BAG,1791436615.5507,67,0,0.0000,0.0000,0.000,idle,ok,3,0,imu,0.0000,0.0000,0.00,-15.00,v:m/s;w:rad/s;arm:deg
BAG,1791436615.5761,67,0,0.0000,0.0000,0.000,idle,ok,3,0,imu,0.0000,0.0000,0.00,-15.00,v:m/s;w:rad/s;arm:deg
BAG,1791436615.6098,68,0,0.0000,0.0000,0.000,idle,ok,3,0,imu,0.0000,0.0000,0.00,-15.00,v:m/s;w:rad/s;arm:deg
BAG,1791436615.6423,68,0,0.0000,0.0000,0.000,idle,ok,3,0,imu,0.0000,0.0000,0.00,-15.00,v:m/s;w:rad/s;arm:deg
BAG,1791436615.6745,68,0,0.0000,0.0000,0.000,idle,ok,3,0,imu,0.0000,0.0000,0.00,-15.00,v:m/s;w:rad/s;arm:deg
BAG,1791436615.7087,69,0,0.0000,0.0000,0.000,idle,ok,3,0,imu,0.0000,0.0000,0.00,-15.00,v:m/s;w:rad/s;arm:deg
BAG,1791436615.7525,69,0,0.0000,0.0000,0.000,idle,ok,3,0,imu,0.0000,0.0000,0.00,-15.00,v:m/s;w:rad/s;arm:deg
BAG,1791436615.7743,69,0,0.0000,0.0000,0.000,idle,ok,3,0,imu,0.0000,0.0000,0.00,-15.00,v:m/s;w:rad/s;arm:deg
BAG,1791436615.8072,69,0,0.0000,0.0000,0.000,idle,ok,3,0,imu,0.0000,0.0000,0.00,-15.00,v:m/s;w:rad/s;arm:deg
BAG,1791436615.8458,70,0,0.0000,0.0000,0.000,idle,ok,3,0,imu,0.0000,0.0000,0.00,-15.00,v:m/s;w:rad/s;arm:deg
BAG,1791436615.8766,70,0,0.0000,0.0000,0.000,idle,ok,3,0,imu,0.0000,0.0000,0.00,-15.00,v:m/s;w:rad/s;arm:deg
BAG,1791436615.9076,70,0,0.0000,0.0000,0.000,idle,ok,3,0,imu,0.0000,0.0000,0.00,-15.00,v:m/s;w:rad/s;arm:deg
BAG,1791436615.9533,71,0,0.0000,0.0000,0.000,idle,ok,3,0,imu,0.0000,0.0000,0.00,-15.00,v:m/s;w:rad/s;arm:deg
BAG,1791436615.9730,71,0,0.0000,0.0000,0.000,idle,ok,3,0,imu,0.0000,0.0000,0.00,-15.00,v:m/s;w:rad/s;arm:deg
BAG,1791436616.0082,71,0,0.0000,0.0000,0.000,idle,ok,3,0,imu,0.0000,0.0000,0.00,-15.00,v:m/s;w:rad/s;arm:deg
BAG,1791436616.0443,71,0,0.0000,0.0000,0.000,idle,ok,3,0,imu,0.0000,0.0000,0.00,-15.00,v:m/s;w:rad/s;arm:deg
BAG,1791436616.0745,72,0,0.0000,0.0000,0.000,idle,ok,3,0,imu,0.0000,0.0000,0.00,-15.00,v:m/s;w:rad/s;arm:deg
BAG,1791436616.1114,72,0,0.0000,0.0000,0.000,idle,ok,3,0,imu,0.0000,0.0000,0.00,-15.00,v:m/s;w:rad/s;arm:deg
BAG,1791436616.1455,72,0,0.0000,0.0000,0.000,idle,ok,3,0,imu,0.0000,0.0000,0.00,-15.00,v:m/s;w:rad/s;arm:deg
BAG,1791436616.1819,73,0,0.0000,0.0000,0.000,idle,ok,3,0,imu,0.0000,0.0000,0.00,-15.00,v:m/s;w:rad/s;arm:deg
BAG,1791436616.2080,73,0,0.0000,0.0000,0.000,idle,ok,3,0,imu,0.0000,0.0000,0.00,-15.00,v:m/s;w:rad/s;arm:deg
BAG,1791436616.2442,73,0,0.0000,0.0000,0.000,idle,ok,3,0,imu,0.0000,0.0000,0.00,-15.00,v:m/s;w:rad/s;arm:deg
BAG,1791436616.2813,74,0,0.0000,0.0000,0.000,idle,ok,3,0,imu,0.0000,0.0000,0.00,-15.00,v:m/s;w:rad/s;arm:deg
BAG,1791436616.3097,74,0,0.0000,0.0000,0.000,idle,ok,3,0,imu,0.0000,0.0000,0.00,-15.00,v:m/s;w:rad/s;arm:deg
BAG,1791436616.3537,74,0,0.0000,0.0000,0.000,idle,ok,3,0,imu,0.0000,0.0000,0.00,-15.00,v:m/s;w:rad/s;arm:deg
BAG,1791436616.3754,74,0,0.0000,0.0000,0.000,idle,ok,3,0,imu,0.0000,0.0000,0.00,-15.00,v:m/s;w:rad/s;arm:deg
BAG,1791436616.4128,75,0,0.0000,0.0000,0.000,idle,ok,3,0,imu,0.0000,0.0000,0.00,-15.00,v:m/s;w:rad/s;arm:deg
BAG,1791436616.4468,75,0,0.0000,0.0000,0.000,idle,ok,3,0,imu,0.0000,0.0000,0.00,-15.00,v:m/s;w:rad/s;arm:deg
BAG,1791436616.4814,75,0,0.0000,0.0000,0.000,idle,ok,3,0,imu,0.0000,0.0000,0.00,-15.00,v:m/s;w:rad/s;arm:deg
BAG,1791436616.5170,76,0,0.0000,0.0000,0.000,idle,ok,3,0,imu,0.0000,0.0000,0.00,-15.00,v:m/s;w:rad/s;arm:deg
BAG,1791436616.5485,76,0,0.0000,0.0000,0.000,idle,ok,3,0,imu,0.0000,0.0000,0.00,-15.00,v:m/s;w:rad/s;arm:deg
BAG,1791436616.5720,76,0,0.0000,0.0000,0.000,idle,ok,3,0,imu,0.0000,0.0000,0.00,-15.00,v:m/s;w:rad/s;arm:deg
BAG,1791436616.6150,77,0,0.0000,0.0000,0.000,idle,ok,3,0,imu,0.0000,0.0000,0.00,-15.00,v:m/s;w:rad/s;arm:deg
BAG,1791436616.6387,77,0,0.0000,0.0000,0.000,idle,ok,3,0,imu,0.0000,0.0000,0.00,-15.00,v:m/s;w:rad/s;arm:deg
BAG,1791436616.6749,77,0,0.0000,0.0000,0.000,idle,ok,3,0,imu,0.0000,0.0000,0.00,-15.00,v:m/s;w:rad/s;arm:deg
BAG,1791436616.7076,77,0,0.0000,0.0000,0.000,idle,ok,3,0,imu,0.0000,0.0000,0.00,-15.00,v:m/s;w:rad/s;arm:deg
BAG,1791436616.7459,78,0,0.0000,0.0000,0.000,idle,ok,3,0,imu,0.0000,0.0000,0.00,-15.00,v:m/s;w:rad/s;arm:deg
BAG,1791436616.7753,78,0,0.0000,0.0000,0.000,idle,ok,3,0,imu,0.0000,0.0000,0.00,-15.00,v:m/s;w:rad/s;arm:deg
BAG,1791436616.8090,78,0,0.0000,0.0000,0.000,idle,ok,3,0,imu,0.0000,0.0000,0.00,-15.00,v:m/s;w:rad/s;arm:deg
BAG,1791436616.8462,79,0,0.0000,0.0000,0.000,idle,ok,3,0,imu,0.0000,0.0000,0.00,-15.00,v:m/s;w:rad/s;arm:deg
BAG,1791436616.8739,79,0,0.0000,0.0000,0.000,idle,ok,3,0,imu,0.0000,0.0000,0.00,-15.00,v:m/s;w:rad/s;arm:deg
BAG,1791436616.9114,79,0,0.0000,0.0000,0.000,idle,ok,3,0,imu,0.0000,0.0000,0.00,-15.00,v:m/s;w:rad/s;arm:deg
BAG,1791436616.9561,80,0,0.0000,0.0000,0.000,idle,ok,3,0,imu,0.0000,0.0000,0.00,-15.00,v:m/s;w:rad/s;arm:deg
BAG,1791436616.9736,80,0,0.0000,0.0000,0.000,idle,ok,3,0,imu,0.0000,0.0000,0.00,-15.00,v:m/s;w:rad/s;arm:deg
BAG,1791436617.0070,80,0,0.0000,0.0000,0.000,idle,ok,3,0,imu,0.0000,0.0000,0.00,-15.00,v:m/s;w:rad/s;arm:deg
BAG,1791436617.0398,80,0,0.0000,0.0000,0.000,idle,ok,3,0,imu,0.0000,0.0000,0.00,-15.00,v:m/s;w:rad/s;arm:deg
BAG,1791436617.0788,81,0,0.0000,0.0000,0.000,idle,ok,3,0,imu,0.0000,0.0000,0.00,-15.00,v:m/s;w:rad/s;arm:deg
BAG,1791436617.1087,81,0,0.0000,0.0000,0.000,idle,ok,3,0,imu,0.0000,0.0000,0.00,-15.00,v:m/s;w:rad/s;arm:deg
BAG,1791436617.1521,81,0,0.0000,0.0000,0.000,idle,ok,3,0,imu,0.0000,0.0000,0.00,-15.00,v:m/s;w:rad/s;arm:deg
BAG,1791436617.1825,82,0,0.0000,0.0000,0.000,idle,ok,3,0,imu,0.0000,0.0000,0.00,-15.00,v:m/s;w:rad/s;arm:deg
BAG,1791436617.2108,82,0,0.0000,0.0000,0.000,idle,ok,3,0,imu,0.0000,0.0000,0.00,-15.00,v:m/s;w:rad/s;arm:deg
BAG,1791436617.2486,82,0,0.0000,0.0000,0.000,idle,ok,3,0,imu,0.0000,0.0000,0.00,-15.00,v:m/s;w:rad/s;arm:deg
BAG,1791436617.2790,83,0,0.0000,0.0000,0.000,idle,ok,3,0,imu,0.0000,0.0000,0.00,-15.00,v:m/s;w:rad/s;arm:deg
BAG,1791436617.3071,83,0,0.0000,0.0000,0.000,idle,ok,3,0,imu,0.0000,0.0000,0.00,-15.00,v:m/s;w:rad/s;arm:deg
BAG,1791436617.3503,83,0,0.0000,0.0000,0.000,idle,ok,3,0,imu,0.0000,0.0000,0.00,-15.00,v:m/s;w:rad/s;arm:deg
BAG,1791436617.3733,83,0,0.0000,0.0000,0.000,idle,ok,3,0,imu,0.0000,0.0000,0.00,-15.00,v:m/s;w:rad/s;arm:deg
BAG,1791436617.4085,84,0,0.0000,0.0000,0.000,idle,ok,3,0,imu,0.0000,0.0000,0.00,-15.00,v:m/s;w:rad/s;arm:deg
BAG,1791436617.4408,84,0,0.0000,0.0000,0.000,idle,ok,3,0,imu,0.0000,0.0000,0.00,-15.00,v:m/s;w:rad/s;arm:deg
BAG,1791436617.4801,84,0,0.0000,0.0000,0.000,idle,ok,3,0,imu,0.0000,0.0000,0.00,-15.00,v:m/s;w:rad/s;arm:deg
BAG,1791436617.5081,85,0,0.0000,0.0000,0.000,idle,ok,3,0,imu,0.0000,0.0000,0.00,-15.00,v:m/s;w:rad/s;arm:deg
BAG,1791436617.5467,85,0,0.0000,0.0000,0.000,idle,ok,3,0,imu,0.0000,0.0000,0.00,-15.00,v:m/s;w:rad/s;arm:deg
BAG,1791436617.5751,85,0,0.0000,0.0000,0.000,idle,ok,3,0,imu,0.0000,0.0000,0.00,-15.00,v:m/s;w:rad/s;arm:deg
BAG,1791436617.6077,85,0,0.0000,0.0000,0.000,idle,ok,3,0,imu,0.0000,0.0000,0.00,-15.00,v:m/s;w:rad/s;arm:deg
BAG,1791436617.6410,86,0,0.0000,0.0000,0.000,idle,ok,3,0,imu,0.0000,0.0000,0.00,-15.00,v:m/s;w:rad/s;arm:deg
BAG,1791436617.6759,86,0,0.0000,0.0000,0.000,idle,ok,3,0,imu,0.0000,0.0000,0.00,-15.00,v:m/s;w:rad/s;arm:deg
BAG,1791436617.7065,86,0,0.0000,0.0000,0.000,idle,ok,3,0,imu,0.0000,0.0000,0.00,-15.00,v:m/s;w:rad/s;arm:deg
BAG,1791436617.7504,87,0,0.0000,0.0000,0.000,idle,ok,3,0,imu,0.0000,0.0000,0.00,-15.00,v:m/s;w:rad/s;arm:deg
BAG,1791436617.7727,87,0,0.0000,0.0000,0.000,idle,ok,3,0,imu,0.0000,0.0000,0.00,-15.00,v:m/s;w:rad/s;arm:deg
BAG,1791436617.8081,87,0,0.0000,0.0000,0.000,idle,ok,3,0,imu,0.0000,0.0000,0.00,-15.00,v:m/s;w:rad/s;arm:deg
BAG,1791436617.8417,87,0,0.0000,0.0000,0.000,idle,ok,3,0,imu,0.0000,0.0000,0.00,-15.00,v:m/s;w:rad/s;arm:deg
BAG,1791436617.8749,88,0,0.0000,0.0000,0.000,idle,ok,3,0,imu,0.0000,0.0000,0.00,-15.00,v:m/s;w:rad/s;arm:deg
BAG,1791436617.9089,88,0,0.0000,0.0000,0.000,idle,ok,3,0,imu,0.0000,0.0000,0.00,-15.00,v:m/s;w:rad/s;arm:deg
BAG,1791436617.9468,88,0,0.0000,0.0000,0.000,idle,ok,3,0,imu,0.0000,0.0000,0.00,-15.00,v:m/s;w:rad/s;arm:deg
BAG,1791436617.9770,89,0,0.0000,0.0000,0.000,idle,ok,3,0,imu,0.0000,0.0000,0.00,-15.00,v:m/s;w:rad/s;arm:deg
BAG,1791436618.0079,89,0,0.0000,0.0000,0.000,idle,ok,3,0,imu,0.0000,0.0000,0.00,-15.00,v:m/s;w:rad/s;arm:deg
BAG,1791436618.0429,89,0,0.0000,0.0000,0.000,idle,ok,3,0,imu,0.0000,0.0000,0.00,-15.00,v:m/s;w:rad/s;arm:deg
BAG,1791436618.0764,90,0,0.0000,0.0000,0.000,idle,ok,3,0,imu,0.0000,0.0000,0.00,-15.00,v:m/s;w:rad/s;arm:deg
BAG,1791436618.1071,90,0,0.0000,0.0000,0.000,idle,ok,3,0,imu,0.0000,0.0000,0.00,-15.00,v:m/s;w:rad/s;arm:deg
BAG,1791436618.1456,90,0,0.0000,0.0000,0.000,idle,ok,3,0,imu,0.0000,0.0000,0.00,-15.00,v:m/s;w:rad/s;arm:deg
BAG,1791436618.1734,90,0,0.0000,0.0000,0.000,idle,ok,3,0,imu,0.0000,0.0000,0.00,-15.00,v:m/s;w:rad/s;arm:deg
BAG,1791436618.2067,91,0,0.0000,0.0000,0.000,idle,ok,3,0,imu,0.0000,0.0000,0.00,-15.00,v:m/s;w:rad/s;arm:deg
BAG,1791436618.2428,91,0,0.0000,0.0000,0.000,idle,ok,3,0,imu,0.0000,0.0000,0.00,-15.00,v:m/s;w:rad/s;arm:deg
BAG,1791436618.2718,91,0,0.0000,0.0000,0.000,idle,ok,3,0,imu,0.0000,0.0000,0.00,-15.00,v:m/s;w:rad/s;arm:deg
BAG,1791436618.3069,92,0,0.0000,0.0000,0.000,idle,ok,3,0,imu,0.0000,0.0000,0.00,-15.00,v:m/s;w:rad/s;arm:deg
BAG,1791436618.3549,92,0,0.0000,0.0000,0.000,idle,ok,3,0,imu,0.0000,0.0000,0.00,-15.00,v:m/s;w:rad/s;arm:deg
BAG,1791436618.3754,92,0,0.0000,0.0000,0.000,idle,ok,3,0,imu,0.0000,0.0000,0.00,-15.00,v:m/s;w:rad/s;arm:deg
BAG,1791436618.4117,93,0,0.0000,0.0000,0.000,idle,ok,3,0,imu,0.0000,0.0000,0.00,-15.00,v:m/s;w:rad/s;arm:deg
BAG,1791436618.4447,93,0,0.0000,0.0000,0.000,idle,ok,3,0,imu,0.0000,0.0000,0.00,-15.00,v:m/s;w:rad/s;arm:deg
BAG,1791436618.4769,93,0,0.0000,0.0000,0.000,idle,ok,3,0,imu,0.0000,0.0000,0.00,-15.00,v:m/s;w:rad/s;arm:deg
BAG,1791436618.5100,94,0,0.0000,0.0000,0.000,idle,ok,3,0,imu,0.0000,0.0000,0.00,-15.00,v:m/s;w:rad/s;arm:deg
BAG,1791436618.5443,94,0,0.0000,0.0000,0.000,idle,ok,3,0,imu,0.0000,0.0000,0.00,-15.00,v:m/s;w:rad/s;arm:deg
BAG,1791436618.5724,94,0,0.0000,0.0000,0.000,idle,ok,3,0,imu,0.0000,0.0000,0.00,-15.00,v:m/s;w:rad/s;arm:deg
BAG,1791436618.6055,94,0,0.0000,0.0000,0.000,idle,ok,3,0,imu,0.0000,0.0000,0.00,-15.00,v:m/s;w:rad/s;arm:deg
BAG,1791436618.6446,95,0,0.0000,0.0000,0.000,idle,ok,3,0,imu,0.0000,0.0000,0.00,-15.00,v:m/s;w:rad/s;arm:deg
BAG,1791436618.6723,95,0,0.0000,0.0000,0.000,idle,ok,3,0,imu,0.0000,0.0000,0.00,-15.00,v:m/s;w:rad/s;arm:deg
BAG,1791436618.7064,95,0,0.0000,0.0000,0.000,idle,ok,3,0,imu,0.0000,0.0000,0.00,-15.00,v:m/s;w:rad/s;arm:deg
BAG,1791436618.7541,96,0,0.0000,0.0000,0.000,idle,ok,3,0,imu,0.0000,0.0000,0.00,-15.00,v:m/s;w:rad/s;arm:deg
BAG,1791436618.7742,96,0,0.0000,0.0000,0.000,idle,ok,3,0,imu,0.0000,0.0000,0.00,-15.00,v:m/s;w:rad/s;arm:deg
BAG,1791436618.8075,96,0,0.0000,0.0000,0.000,idle,ok,3,0,imu,0.0000,0.0000,0.00,-15.00,v:m/s;w:rad/s;arm:deg
BAG,1791436618.8477,97,0,0.0000,0.0000,0.000,idle,ok,3,0,imu,0.0000,0.0000,0.00,-15.00,v:m/s;w:rad/s;arm:deg
BAG,1791436618.8742,97,0,0.0000,0.0000,0.000,idle,ok,3,0,imu,0.0000,0.0000,0.00,-15.00,v:m/s;w:rad/s;arm:deg
BAG,1791436618.9074,97,0,0.0000,0.0000,0.000,idle,ok,3,0,imu,0.0000,0.0000,0.00,-15.00,v:m/s;w:rad/s;arm:deg
BAG,1791436618.9457,97,0,0.0000,0.0000,0.000,idle,ok,3,0,imu,0.0000,0.0000,0.00,-15.00,v:m/s;w:rad/s;arm:deg
BAG,1791436618.9724,98,0,0.0000,0.0000,0.000,idle,ok,3,0,imu,0.0000,0.0000,0.00,-15.00,v:m/s;w:rad/s;arm:deg
BAG,1791436619.0061,98,0,0.0000,0.0000,0.000,idle,ok,3,0,imu,0.0000,0.0000,0.00,-15.00,v:m/s;w:rad/s;arm:deg
BAG,1791436619.0494,98,0,0.0000,0.0000,0.000,idle,ok,3,0,imu,0.0000,0.0000,0.00,-15.00,v:m/s;w:rad/s;arm:deg
BAG,1791436619.0796,98,0,0.0000,0.0000,0.000,idle,ok,3,0,imu,0.0000,0.0000,0.00,-15.00,v:m/s;w:rad/s;arm:deg
BAG,1791436619.1051,99,0,0.0000,0.0000,0.000,idle,ok,3,0,imu,0.0000,0.0000,0.00,-15.00,v:m/s;w:rad/s;arm:deg
BAG,1791436619.1493,99,0,0.0000,0.0000,0.000,idle,ok,3,0,imu,0.0000,0.0000,0.00,-15.00,v:m/s;w:rad/s;arm:deg
BAG,1791436619.1793,100,0,0.0000,0.0000,0.000,idle,ok,3,0,imu,0.0000,0.0000,0.00,-15.00,v:m/s;w:rad/s;arm:deg
BAG,1791436619.2089,100,0,0.0000,0.0000,0.000,idle,ok,3,0,imu,0.0000,0.0000,0.00,-15.00,v:m/s;w:rad/s;arm:deg
BAG,1791436619.2408,100,0,0.0000,0.0000,0.000,idle,ok,3,0,imu,0.0000,0.0000,0.00,-15.00,v:m/s;w:rad/s;arm:deg
BAG,1791436619.2852,101,0,0.0000,0.0000,0.000,idle,ok,3,0,imu,0.0000,0.0000,0.00,-15.00,v:m/s;w:rad/s;arm:deg
BAG,1791436619.3080,101,0,0.0000,0.0000,0.000,idle,ok,3,0,imu,0.0000,0.0000,0.00,-15.00,v:m/s;w:rad/s;arm:deg
BAG,1791436619.3458,101,0,0.0000,0.0000,0.000,idle,ok,3,0,imu,0.0000,0.0000,0.00,-15.00,v:m/s;w:rad/s;arm:deg
BAG,1791436619.3770,101,0,0.0000,0.0000,0.000,idle,ok,3,0,imu,0.0000,0.0000,0.00,-15.00,v:m/s;w:rad/s;arm:deg
BAG,1791436619.4103,102,0,0.0000,0.0000,0.000,idle,ok,3,0,imu,0.0000,0.0000,0.00,-15.00,v:m/s;w:rad/s;arm:deg
BAG,1791436619.4385,102,0,0.0000,0.0000,0.000,idle,ok,3,0,imu,0.0000,0.0000,0.00,-15.00,v:m/s;w:rad/s;arm:deg
BAG,1791436619.4744,102,0,0.0000,0.0000,0.000,idle,ok,3,0,imu,0.0000,0.0000,0.00,-15.00,v:m/s;w:rad/s;arm:deg
BAG,1791436619.5080,103,0,0.0000,0.0000,0.000,idle,ok,3,0,imu,0.0000,0.0000,0.00,-15.00,v:m/s;w:rad/s;arm:deg
BAG,1791436619.5452,103,0,0.0000,0.0000,0.000,idle,ok,3,0,imu,0.0000,0.0000,0.00,-15.00,v:m/s;w:rad/s;arm:deg
BAG,1791436619.5745,103,0,0.0000,0.0000,0.000,idle,ok,3,0,imu,0.0000,0.0000,0.00,-15.00,v:m/s;w:rad/s;arm:deg
BAG,1791436619.6074,104,0,0.0000,0.0000,0.000,idle,ok,3,0,imu,0.0000,0.0000,0.00,-15.00,v:m/s;w:rad/s;arm:deg
BAG,1791436619.6406,104,0,0.0000,0.0000,0.000,idle,ok,3,0,imu,0.0000,0.0000,0.00,-15.00,v:m/s;w:rad/s;arm:deg
BAG,1791436619.6732,104,0,0.0000,0.0000,0.000,idle,ok,3,0,imu,0.0000,0.0000,0.00,-15.00,v:m/s;w:rad/s;arm:deg
BAG,1791436619.7126,105,0,0.0000,0.0000,0.000,idle,ok,3,0,imu,0.0000,0.0000,0.00,-15.00,v:m/s;w:rad/s;arm:deg
BAG,1791436619.7460,105,0,0.0000,0.0000,0.000,idle,ok,3,0,imu,0.0000,0.0000,0.00,-15.00,v:m/s;w:rad/s;arm:deg
BAG,1791436619.7740,105,0,0.0000,0.0000,0.000,idle,ok,3,0,imu,0.0000,0.0000,0.00,-15.00,v:m/s;w:rad/s;arm:deg
BAG,1791436619.8059,105,0,0.0000,0.0000,0.000,idle,ok,3,0,imu,0.0000,0.0000,0.00,-15.00,v:m/s;w:rad/s;arm:deg
BAG,1791436619.8419,106,0,0.0000,0.0000,0.000,idle,ok,3,0,imu,0.0000,0.0000,0.00,-15.00,v:m/s;w:rad/s;arm:deg
BAG,1791436619.8732,106,0,0.0000,0.0000,0.000,idle,ok,3,0,imu,0.0000,0.0000,0.00,-15.00,v:m/s;w:rad/s;arm:deg
BAG,1791436619.9060,106,0,0.0000,0.0000,0.000,idle,ok,3,0,imu,0.0000,0.0000,0.00,-15.00,v:m/s;w:rad/s;arm:deg
BAG,1791436619.9502,107,0,0.0000,0.0000,0.000,idle,ok,3,0,imu,0.0000,0.0000,0.00,-15.00,v:m/s;w:rad/s;arm:deg
BAG,1791436619.9767,107,0,0.0000,0.0000,0.000,idle,ok,3,0,imu,0.0000,0.0000,0.00,-15.00,v:m/s;w:rad/s;arm:deg
BAG,1791436620.0059,107,0,0.0000,0.0000,0.000,idle,ok,3,0,imu,0.0000,0.0000,0.00,-15.00,v:m/s;w:rad/s;arm:deg
BAG,1791436620.0523,108,0,0.0000,0.0000,0.000,idle,ok,3,0,imu,0.0000,0.0000,0.00,-15.00,v:m/s;w:rad/s;arm:deg
BAG,1791436620.0743,108,0,0.0000,0.0000,0.000,idle,ok,3,0,imu,0.0000,0.0000,0.00,-15.00,v:m/s;w:rad/s;arm:deg
BAG,1791436620.1069,108,0,0.0000,0.0000,0.000,idle,ok,3,0,imu,0.0000,0.0000,0.00,-15.00,v:m/s;w:rad/s;arm:deg
BAG,1791436620.1560,109,0,0.0000,0.0000,0.000,idle,ok,3,0,imu,0.0000,0.0000,0.00,-15.00,v:m/s;w:rad/s;arm:deg
BAG,1791436620.1726,109,0,0.0000,0.0000,0.000,idle,ok,3,0,imu,0.0000,0.0000,0.00,-15.00,v:m/s;w:rad/s;arm:deg
BAG,1791436620.2053,109,0,0.0000,0.0000,0.000,idle,ok,3,0,imu,0.0000,0.0000,0.00,-15.00,v:m/s;w:rad/s;arm:deg
BAG,1791436620.2431,109,0,0.0000,0.0000,0.000,idle,ok,3,0,imu,0.0000,0.0000,0.00,-15.00,v:m/s;w:rad/s;arm:deg
BAG,1791436620.2741,110,0,0.0000,0.0000,0.000,idle,ok,3,0,imu,0.0000,0.0000,0.00,-15.00,v:m/s;w:rad/s;arm:deg
BAG,1791436620.3053,110,0,0.0000,0.0000,0.000,idle,ok,3,0,imu,0.0000,0.0000,0.00,-15.00,v:m/s;w:rad/s;arm:deg
BAG,1791436620.3499,110,0,0.0000,0.0000,0.000,idle,ok,3,0,imu,0.0000,0.0000,0.00,-15.00,v:m/s;w:rad/s;arm:deg
BAG,1791436620.3764,111,0,0.0000,0.0000,0.000,idle,ok,3,0,imu,0.0000,0.0000,0.00,-15.00,v:m/s;w:rad/s;arm:deg
BAG,1791436620.4060,111,0,0.0000,0.0000,0.000,idle,ok,3,0,imu,0.0000,0.0000,0.00,-15.00,v:m/s;w:rad/s;arm:deg
BAG,1791436620.4449,111,0,0.0000,0.0000,0.000,idle,ok,3,0,imu,0.0000,0.0000,0.00,-15.00,v:m/s;w:rad/s;arm:deg
BAG,1791436620.4836,112,0,0.0000,0.0000,0.000,idle,ok,3,0,imu,0.0000,0.0000,0.00,-15.00,v:m/s;w:rad/s;arm:deg
BAG,1791436620.5066,112,0,0.0000,0.0000,0.000,idle,ok,3,0,imu,0.0000,0.0000,0.00,-15.00,v:m/s;w:rad/s;arm:deg
BAG,1791436620.5480,112,0,0.0000,0.0000,0.000,idle,ok,3,0,imu,0.0000,0.0000,0.00,-15.00,v:m/s;w:rad/s;arm:deg
BAG,1791436620.5735,113,0,0.0000,0.0000,0.000,idle,ok,3,0,imu,0.0000,0.0000,0.00,-15.00,v:m/s;w:rad/s;arm:deg
BAG,1791436620.6058,113,0,0.0000,0.0000,0.000,idle,ok,3,0,imu,0.0000,0.0000,0.00,-15.00,v:m/s;w:rad/s;arm:deg
BAG,1791436620.6419,113,0,0.0000,0.0000,0.000,idle,ok,3,0,imu,0.0000,0.0000,0.00,-15.00,v:m/s;w:rad/s;arm:deg
BAG,1791436620.6789,114,0,0.0000,0.0000,0.000,idle,ok,3,0,imu,0.0000,0.0000,0.00,-15.00,v:m/s;w:rad/s;arm:deg
BAG,1791436620.7056,114,0,0.0000,0.0000,0.000,idle,ok,3,0,imu,0.0000,0.0000,0.00,-15.00,v:m/s;w:rad/s;arm:deg
BAG,1791436620.7449,114,0,0.0000,0.0000,0.000,idle,ok,3,0,imu,0.0000,0.0000,0.00,-15.00,v:m/s;w:rad/s;arm:deg
BAG,1791436620.7717,114,0,0.0000,0.0000,0.000,idle,ok,3,0,imu,0.0000,0.0000,0.00,-15.00,v:m/s;w:rad/s;arm:deg
BAG,1791436620.8066,115,0,0.0000,0.0000,0.000,idle,ok,3,0,imu,0.0000,0.0000,0.00,-15.00,v:m/s;w:rad/s;arm:deg
BAG,1791436620.8396,115,0,0.0000,0.0000,0.000,idle,ok,3,0,imu,0.0000,0.0000,0.00,-15.00,v:m/s;w:rad/s;arm:deg
BAG,1791436620.8725,115,0,0.0000,0.0000,0.000,idle,ok,3,0,imu,0.0000,0.0000,0.00,-15.00,v:m/s;w:rad/s;arm:deg
BAG,1791436620.9059,116,0,0.0000,0.0000,0.000,idle,ok,3,0,imu,0.0000,0.0000,0.00,-15.00,v:m/s;w:rad/s;arm:deg
BAG,1791436620.9460,116,0,0.0000,0.0000,0.000,idle,ok,3,0,imu,0.0000,0.0000,0.00,-15.00,v:m/s;w:rad/s;arm:deg
BAG,1791436620.9720,116,0,0.0000,0.0000,0.000,idle,ok,3,0,imu,0.0000,0.0000,0.00,-15.00,v:m/s;w:rad/s;arm:deg
BAG,1791436621.0108,117,0,0.0000,0.0000,0.000,idle,ok,3,0,imu,0.0000,0.0000,0.00,-15.00,v:m/s;w:rad/s;arm:deg
BAG,1791436621.0415,117,0,0.0000,0.0000,0.000,idle,ok,3,0,imu,0.0000,0.0000,0.00,-15.00,v:m/s;w:rad/s;arm:deg
BAG,1791436621.0722,117,0,0.0000,0.0000,0.000,idle,ok,3,0,imu,0.0000,0.0000,0.00,-15.00,v:m/s;w:rad/s;arm:deg
BAG,1791436621.1077,118,0,0.0000,0.0000,0.000,idle,ok,3,0,imu,0.0000,0.0000,0.00,-15.00,v:m/s;w:rad/s;arm:deg
BAG,1791436621.1452,118,0,0.0000,0.0000,0.000,idle,ok,3,0,imu,0.0000,0.0000,0.00,-15.00,v:m/s;w:rad/s;arm:deg
BAG,1791436621.1723,118,0,0.0000,0.0000,0.000,idle,ok,3,0,imu,0.0000,0.0000,0.00,-15.00,v:m/s;w:rad/s;arm:deg
BAG,1791436621.2060,118,0,0.0000,0.0000,0.000,idle,ok,3,0,imu,0.0000,0.0000,0.00,-15.00,v:m/s;w:rad/s;arm:deg
BAG,1791436621.2421,119,0,0.0000,0.0000,0.000,idle,ok,3,0,imu,0.0000,0.0000,0.00,-15.00,v:m/s;w:rad/s;arm:deg
BAG,1791436621.2721,119,0,0.0000,0.0000,0.000,idle,ok,3,0,imu,0.0000,0.0000,0.00,-15.00,v:m/s;w:rad/s;arm:deg
BAG,1791436621.3058,119,0,0.0000,0.0000,0.000,idle,ok,3,0,imu,0.0000,0.0000,0.00,-15.00,v:m/s;w:rad/s;arm:deg
BAG,1791436621.3479,120,0,0.0000,0.0000,0.000,idle,ok,3,0,imu,0.0000,0.0000,0.00,-15.00,v:m/s;w:rad/s;arm:deg
BAG,1791436621.3737,120,0,0.0000,0.0000,0.000,idle,ok,3,0,imu,0.0000,0.0000,0.00,-15.00,v:m/s;w:rad/s;arm:deg
BAG,1791436621.4053,120,0,0.0000,0.0000,0.000,idle,ok,3,0,imu,0.0000,0.0000,0.00,-15.00,v:m/s;w:rad/s;arm:deg
BAG,1791436621.4412,121,0,0.0000,0.0000,0.000,idle,ok,3,0,imu,0.0000,0.0000,0.00,-15.00,v:m/s;w:rad/s;arm:deg
BAG,1791436621.4723,121,0,0.0000,0.0000,0.000,idle,ok,3,0,imu,0.0000,0.0000,0.00,-15.00,v:m/s;w:rad/s;arm:deg
BAG,1791436621.5050,121,0,0.0000,0.0000,0.000,idle,ok,3,0,imu,0.0000,0.0000,0.00,-15.00,v:m/s;w:rad/s;arm:deg
BAG,1791436621.5481,121,0,0.0000,0.0000,0.000,idle,ok,3,0,imu,0.0000,0.0000,0.00,-15.00,v:m/s;w:rad/s;arm:deg
BAG,1791436621.5729,122,0,0.0000,0.0000,0.000,idle,ok,3,0,imu,0.0000,0.0000,0.00,-15.00,v:m/s;w:rad/s;arm:deg
BAG,1791436621.6087,122,0,0.0000,0.0000,0.000,idle,ok,3,0,imu,0.0000,0.0000,0.00,-15.00,v:m/s;w:rad/s;arm:deg
BAG,1791436621.6394,122,0,0.0000,0.0000,0.000,idle,ok,3,0,imu,0.0000,0.0000,0.00,-15.00,v:m/s;w:rad/s;arm:deg
BAG,1791436621.6731,123,0,0.0000,0.0000,0.000,idle,ok,3,0,imu,0.0000,0.0000,0.00,-15.00,v:m/s;w:rad/s;arm:deg
BAG,1791436621.7051,123,0,0.0000,0.0000,0.000,idle,ok,3,0,imu,0.0000,0.0000,0.00,-15.00,v:m/s;w:rad/s;arm:deg
BAG,1791436621.7428,123,0,0.0000,0.0000,0.000,idle,ok,3,0,imu,0.0000,0.0000,0.00,-15.00,v:m/s;w:rad/s;arm:deg
BAG,1791436621.7772,124,0,0.0000,0.0000,0.000,idle,ok,3,0,imu,0.0000,0.0000,0.00,-15.00,v:m/s;w:rad/s;arm:deg
BAG,1791436621.8052,124,0,0.0000,0.0000,0.000,idle,ok,3,0,imu,0.0000,0.0000,0.00,-15.00,v:m/s;w:rad/s;arm:deg
BAG,1791436621.8474,124,0,0.0000,0.0000,0.000,idle,ok,3,0,imu,0.0000,0.0000,0.00,-15.00,v:m/s;w:rad/s;arm:deg
BAG,1791436621.8851,125,0,0.0000,0.0000,0.000,idle,ok,3,0,imu,0.0000,0.0000,0.00,-15.00,v:m/s;w:rad/s;arm:deg
BAG,1791436621.9096,125,0,0.0000,0.0000,0.000,idle,ok,3,0,imu,0.0000,0.0000,0.00,-15.00,v:m/s;w:rad/s;arm:deg
BAG,1791436621.9414,125,0,0.0000,0.0000,0.000,idle,ok,3,0,imu,0.0000,0.0000,0.00,-15.00,v:m/s;w:rad/s;arm:deg
BAG,1791436621.9807,126,0,0.0000,0.0000,0.000,idle,ok,3,0,imu,0.0000,0.0000,0.00,-15.00,v:m/s;w:rad/s;arm:deg
BAG,1791436622.0069,126,0,0.0000,0.0000,0.000,idle,ok,3,0,imu,0.0000,0.0000,0.00,-15.00,v:m/s;w:rad/s;arm:deg
BAG,1791436622.0410,126,0,0.0000,0.0000,0.000,idle,ok,3,0,imu,0.0000,0.0000,0.00,-15.00,v:m/s;w:rad/s;arm:deg
BAG,1791436622.0729,126,0,0.0000,0.0000,0.000,idle,ok,3,0,imu,0.0000,0.0000,0.00,-15.00,v:m/s;w:rad/s;arm:deg
BAG,1791436622.1063,127,0,0.0000,0.0000,0.000,idle,ok,3,0,imu,0.0000,0.0000,0.00,-15.00,v:m/s;w:rad/s;arm:deg
BAG,1791436622.1421,127,0,0.0000,0.0000,0.000,idle,ok,3,0,imu,0.0000,0.0000,0.00,-15.00,v:m/s;w:rad/s;arm:deg
BAG,1791436622.1727,127,0,0.0000,0.0000,0.000,idle,ok,3,0,imu,0.0000,0.0000,0.00,-15.00,v:m/s;w:rad/s;arm:deg
BAG,1791436622.2061,128,0,0.0000,0.0000,0.000,idle,ok,3,0,imu,0.0000,0.0000,0.00,-15.00,v:m/s;w:rad/s;arm:deg
BAG,1791436622.2400,128,0,0.0000,0.0000,0.000,idle,ok,3,0,imu,0.0000,0.0000,0.00,-15.00,v:m/s;w:rad/s;arm:deg
BAG,1791436622.2732,128,0,0.0000,0.0000,0.000,idle,ok,3,0,imu,0.0000,0.0000,0.00,-15.00,v:m/s;w:rad/s;arm:deg
BAG,1791436622.3081,129,0,0.0000,0.0000,0.000,idle,ok,3,0,imu,0.0000,0.0000,0.00,-15.00,v:m/s;w:rad/s;arm:deg
BAG,1791436622.3437,129,0,0.0000,0.0000,0.000,idle,ok,3,0,imu,0.0000,0.0000,0.00,-15.00,v:m/s;w:rad/s;arm:deg
BAG,1791436622.3721,129,0,0.0000,0.0000,0.000,idle,ok,3,0,imu,0.0000,0.0000,0.00,-15.00,v:m/s;w:rad/s;arm:deg
BAG,1791436622.4057,129,0,0.0000,0.0000,0.000,idle,ok,3,0,imu,0.0000,0.0000,0.00,-15.00,v:m/s;w:rad/s;arm:deg
BAG,1791436622.4429,130,0,0.0000,0.0000,0.000,idle,ok,3,0,imu,0.0000,0.0000,0.00,-15.00,v:m/s;w:rad/s;arm:deg
BAG,1791436622.4719,130,0,0.0000,0.0000,0.000,idle,ok,3,0,imu,0.0000,0.0000,0.00,-15.00,v:m/s;w:rad/s;arm:deg
BAG,1791436622.5058,130,0,0.0000,0.0000,0.000,idle,ok,3,0,imu,0.0000,0.0000,0.00,-15.00,v:m/s;w:rad/s;arm:deg
BAG,1791436622.5446,131,0,0.0000,0.0000,0.000,idle,ok,3,0,imu,0.0000,0.0000,0.00,-15.00,v:m/s;w:rad/s;arm:deg
BAG,1791436622.5794,131,0,0.0000,0.0000,0.000,idle,ok,3,0,imu,0.0000,0.0000,0.00,-15.00,v:m/s;w:rad/s;arm:deg
BAG,1791436622.6059,131,0,0.0000,0.0000,0.000,idle,ok,3,0,imu,0.0000,0.0000,0.00,-15.00,v:m/s;w:rad/s;arm:deg
BAG,1791436622.6409,131,0,0.0000,0.0000,0.000,idle,ok,3,0,imu,0.0000,0.0000,0.00,-15.00,v:m/s;w:rad/s;arm:deg
BAG,1791436622.6721,132,0,0.0000,0.0000,0.000,idle,ok,3,0,imu,0.0000,0.0000,0.00,-15.00,v:m/s;w:rad/s;arm:deg
BAG,1791436622.7064,132,0,0.0000,0.0000,0.000,idle,ok,3,0,imu,0.0000,0.0000,0.00,-15.00,v:m/s;w:rad/s;arm:deg
BAG,1791436622.7420,132,0,0.0000,0.0000,0.000,idle,ok,3,0,imu,0.0000,0.0000,0.00,-15.00,v:m/s;w:rad/s;arm:deg
BAG,1791436622.7725,133,0,0.0000,0.0000,0.000,idle,ok,3,0,imu,0.0000,0.0000,0.00,-15.00,v:m/s;w:rad/s;arm:deg
BAG,1791436622.8060,133,0,0.0000,0.0000,0.000,idle,ok,3,0,imu,0.0000,0.0000,0.00,-15.00,v:m/s;w:rad/s;arm:deg
BAG,1791436622.8398,133,0,0.0000,0.0000,0.000,idle,ok,3,0,imu,0.0000,0.0000,0.00,-15.00,v:m/s;w:rad/s;arm:deg
BAG,1791436622.8746,134,0,0.0000,0.0000,0.000,idle,ok,3,0,imu,0.0000,0.0000,0.00,-15.00,v:m/s;w:rad/s;arm:deg
BAG,1791436622.9060,134,0,0.0000,0.0000,0.000,idle,ok,3,0,imu,0.0000,0.0000,0.00,-15.00,v:m/s;w:rad/s;arm:deg
BAG,1791436622.9472,134,0,0.0000,0.0000,0.000,idle,ok,3,0,imu,0.0000,0.0000,0.00,-15.00,v:m/s;w:rad/s;arm:deg
BAG,1791436622.9770,135,0,0.0000,0.0000,0.000,idle,ok,3,0,imu,0.0000,0.0000,0.00,-15.00,v:m/s;w:rad/s;arm:deg
BAG,1791436623.0059,135,0,0.0000,0.0000,0.000,idle,ok,3,0,imu,0.0000,0.0000,0.00,-15.00,v:m/s;w:rad/s;arm:deg
BAG,1791436623.0434,135,0,0.0000,0.0000,0.000,idle,ok,3,0,imu,0.0000,0.0000,0.00,-15.00,v:m/s;w:rad/s;arm:deg
BAG,1791436623.0795,136,0,0.0000,0.0000,0.000,idle,ok,3,0,imu,0.0000,0.0000,0.00,-15.00,v:m/s;w:rad/s;arm:deg
BAG,1791436623.1070,136,0,0.0000,0.0000,0.000,idle,ok,3,0,imu,0.0000,0.0000,0.00,-15.00,v:m/s;w:rad/s;arm:deg
BAG,1791436623.1427,136,0,0.0000,0.0000,0.000,idle,ok,3,0,imu,0.0000,0.0000,0.00,-15.00,v:m/s;w:rad/s;arm:deg
BAG,1791436623.1806,136,0,0.0000,0.0000,0.000,idle,ok,3,0,imu,0.0000,0.0000,0.00,-15.00,v:m/s;w:rad/s;arm:deg
BAG,1791436623.2119,137,0,0.0000,0.0000,0.000,idle,ok,3,0,imu,0.0000,0.0000,0.00,-15.00,v:m/s;w:rad/s;arm:deg
BAG,1791436623.2427,137,0,0.0000,0.0000,0.000,idle,ok,3,0,imu,0.0000,0.0000,0.00,-15.00,v:m/s;w:rad/s;arm:deg
BAG,1791436623.2726,137,0,0.0000,0.0000,0.000,idle,ok,3,0,imu,0.0000,0.0000,0.00,-15.00,v:m/s;w:rad/s;arm:deg
BAG,1791436623.3066,137,0,0.0000,0.0000,0.000,idle,ok,3,0,imu,0.0000,0.0000,0.00,-15.00,v:m/s;w:rad/s;arm:deg
BAG,1791436623.3459,137,0,0.0000,0.0000,0.000,idle,ok,3,0,imu,0.0000,0.0000,0.00,-15.00,v:m/s;w:rad/s;arm:deg
BAG,1791436623.3788,137,0,0.0000,0.0000,0.000,idle,ok,3,0,imu,0.0000,0.0000,0.00,-15.00,v:m/s;w:rad/s;arm:deg
BAG,1791436623.4099,138,0,0.0000,0.0000,0.000,idle,ok,3,0,imu,0.0000,0.0000,0.00,-15.00,v:m/s;w:rad/s;arm:deg
BAG,1791436623.4412,138,0,0.0000,0.0000,0.000,idle,ok,3,0,imu,0.0000,0.0000,0.00,-15.00,v:m/s;w:rad/s;arm:deg
BAG,1791436623.4722,138,0,0.0000,0.0000,0.000,idle,ok,3,0,imu,0.0000,0.0000,0.00,-15.00,v:m/s;w:rad/s;arm:deg
BAG,1791436623.5072,138,0,0.0000,0.0000,0.000,idle,ok,3,0,imu,0.0000,0.0000,0.00,-15.00,v:m/s;w:rad/s;arm:deg
BAG,1791436623.5470,138,0,0.0000,0.0000,0.000,idle,ok,3,0,imu,0.0000,0.0000,0.00,-15.00,v:m/s;w:rad/s;arm:deg
BAG,1791436623.5720,138,0,0.0000,0.0000,0.000,idle,ok,3,0,imu,0.0000,0.0000,0.00,-15.00,v:m/s;w:rad/s;arm:deg
BAG,1791436623.6085,139,0,0.0000,0.0000,0.000,idle,ok,3,0,imu,0.0000,0.0000,0.00,-15.00,v:m/s;w:rad/s;arm:deg
BAG,1791436623.6396,139,0,0.0000,0.0000,0.000,idle,ok,3,0,imu,0.0000,0.0000,0.00,-15.00,v:m/s;w:rad/s;arm:deg
BAG,1791436623.6726,139,0,0.0000,0.0000,0.000,idle,ok,3,0,imu,0.0000,0.0000,0.00,-15.00,v:m/s;w:rad/s;arm:deg
BAG,1791436623.7087,139,0,0.0000,0.0000,0.000,idle,ok,3,0,imu,0.0000,0.0000,0.00,-15.00,v:m/s;w:rad/s;arm:deg
BAG,1791436623.7554,140,0,0.0000,0.0000,0.000,idle,ok,3,0,imu,0.0000,0.0000,0.00,-15.00,v:m/s;w:rad/s;arm:deg
BAG,1791436623.7721,140,0,0.0000,0.0000,0.000,idle,ok,3,0,imu,0.0000,0.0000,0.00,-15.00,v:m/s;w:rad/s;arm:deg
BAG,1791436623.8048,140,0,0.0000,0.0000,0.000,idle,ok,3,0,imu,0.0000,0.0000,0.00,-15.00,v:m/s;w:rad/s;arm:deg
BAG,1791436623.8400,140,0,0.0000,0.0000,0.000,idle,ok,3,0,imu,0.0000,0.0000,0.00,-15.00,v:m/s;w:rad/s;arm:deg
BAG,1791436623.8740,140,0,0.0000,0.0000,0.000,idle,ok,3,0,imu,0.0000,0.0000,0.00,-15.00,v:m/s;w:rad/s;arm:deg
BAG,1791436623.9070,140,0,0.0000,0.0000,0.000,idle,ok,3,0,imu,0.0000,0.0000,0.00,-15.00,v:m/s;w:rad/s;arm:deg
BAG,1791436623.9665,141,0,0.0000,0.0000,0.000,idle,ok,3,0,imu,0.0000,0.0000,0.00,-15.00,v:m/s;w:rad/s;arm:deg
BAG,1791436623.9790,141,0,0.0000,0.0000,0.000,idle,ok,3,0,imu,0.0000,0.0000,0.00,-15.00,v:m/s;w:rad/s;arm:deg
BAG,1791436624.0138,141,0,0.0000,0.0000,0.000,idle,ok,3,0,imu,0.0000,0.0000,0.00,-15.00,v:m/s;w:rad/s;arm:deg
BAG,1791436624.0384,141,0,0.0000,0.0000,0.000,idle,ok,3,0,imu,0.0000,0.0000,0.00,-15.00,v:m/s;w:rad/s;arm:deg
BAG,1791436624.0726,141,0,0.0000,0.0000,0.000,idle,ok,3,0,imu,0.0000,0.0000,0.00,-15.00,v:m/s;w:rad/s;arm:deg
BAG,1791436624.1058,141,0,0.0000,0.0000,0.000,idle,ok,3,0,imu,0.0000,0.0000,0.00,-15.00,v:m/s;w:rad/s;arm:deg
BAG,1791436624.1407,141,0,0.0000,0.0000,0.000,idle,ok,3,0,imu,0.0000,0.0000,0.00,-15.00,v:m/s;w:rad/s;arm:deg
BAG,1791436624.1727,141,0,0.0000,0.0000,0.000,idle,ok,3,0,imu,0.0000,0.0000,0.00,-15.00,v:m/s;w:rad/s;arm:deg
BAG,1791436624.2110,142,0,0.0000,0.0000,0.000,idle,ok,3,0,imu,0.0000,0.0000,0.00,-15.00,v:m/s;w:rad/s;arm:deg
BAG,1791436624.2389,142,0,0.0000,0.0000,0.000,idle,ok,3,0,imu,0.0000,0.0000,0.00,-15.00,v:m/s;w:rad/s;arm:deg
BAG,1791436624.2799,142,0,0.0000,0.0000,0.000,idle,ok,3,0,imu,0.0000,0.0000,0.00,-15.00,v:m/s;w:rad/s;arm:deg
BAG,1791436624.3060,142,0,0.0000,0.0000,0.000,idle,ok,3,0,imu,0.0000,0.0000,0.00,-15.00,v:m/s;w:rad/s;arm:deg
BAG,1791436624.3528,142,0,0.0000,0.0000,0.000,idle,ok,3,0,imu,0.0000,0.0000,0.00,-15.00,v:m/s;w:rad/s;arm:deg
BAG,1791436624.3718,142,0,0.0000,0.0000,0.000,idle,ok,3,0,imu,0.0000,0.0000,0.00,-15.00,v:m/s;w:rad/s;arm:deg
BAG,1791436624.4130,143,0,0.0000,0.0000,0.000,idle,ok,3,0,imu,0.0000,0.0000,0.00,-15.00,v:m/s;w:rad/s;arm:deg
BAG,1791436624.4428,143,0,0.0000,0.0000,0.000,idle,ok,3,0,imu,0.0000,0.0000,0.00,-15.00,v:m/s;w:rad/s;arm:deg
BAG,1791436624.4719,143,0,0.0000,0.0000,0.000,idle,ok,3,0,imu,0.0000,0.0000,0.00,-15.00,v:m/s;w:rad/s;arm:deg
BAG,1791436624.5066,143,0,0.0000,0.0000,0.000,idle,ok,3,0,imu,0.0000,0.0000,0.00,-15.00,v:m/s;w:rad/s;arm:deg
BAG,1791436624.5438,143,0,0.0000,0.0000,0.000,idle,ok,3,0,imu,0.0000,0.0000,0.00,-15.00,v:m/s;w:rad/s;arm:deg
BAG,1791436624.5750,144,0,0.0000,0.0000,0.000,idle,ok,3,0,imu,0.0000,0.0000,0.00,-15.00,v:m/s;w:rad/s;arm:deg
BAG,1791436624.6061,144,0,0.0000,0.0000,0.000,idle,ok,3,0,imu,0.0000,0.0000,0.00,-15.00,v:m/s;w:rad/s;arm:deg
BAG,1791436624.6406,144,0,0.0000,0.0000,0.000,idle,ok,3,0,imu,0.0000,0.0000,0.00,-15.00,v:m/s;w:rad/s;arm:deg
BAG,1791436624.6745,144,0,0.0000,0.0000,0.000,idle,ok,3,0,imu,0.0000,0.0000,0.00,-15.00,v:m/s;w:rad/s;arm:deg
BAG,1791436624.7138,145,0,0.0000,0.0000,0.000,idle,ok,3,0,imu,0.0000,0.0000,0.00,-15.00,v:m/s;w:rad/s;arm:deg
BAG,1791436624.7446,145,0,0.0000,0.0000,0.000,idle,ok,3,0,imu,0.0000,0.0000,0.00,-15.00,v:m/s;w:rad/s;arm:deg
BAG,1791436624.7773,145,0,0.0000,0.0000,0.000,idle,ok,3,0,imu,0.0000,0.0000,0.00,-15.00,v:m/s;w:rad/s;arm:deg
BAG,1791436624.8061,145,0,0.0000,0.0000,0.000,idle,ok,3,0,imu,0.0000,0.0000,0.00,-15.00,v:m/s;w:rad/s;arm:deg
BAG,1791436624.8419,145,0,0.0000,0.0000,0.000,idle,ok,3,0,imu,0.0000,0.0000,0.00,-15.00,v:m/s;w:rad/s;arm:deg
BAG,1791436624.8740,145,0,0.0000,0.0000,0.000,idle,ok,3,0,imu,0.0000,0.0000,0.00,-15.00,v:m/s;w:rad/s;arm:deg
BAG,1791436624.9073,146,0,0.0000,0.0000,0.000,idle,ok,3,0,imu,0.0000,0.0000,0.00,-15.00,v:m/s;w:rad/s;arm:deg
BAG,1791436624.9517,146,0,0.0000,0.0000,0.000,idle,ok,3,0,imu,0.0000,0.0000,0.00,-15.00,v:m/s;w:rad/s;arm:deg
BAG,1791436624.9805,146,0,0.0000,0.0000,0.000,idle,ok,3,0,imu,0.0000,0.0000,0.00,-15.00,v:m/s;w:rad/s;arm:deg
BAG,1791436625.0077,146,0,0.0000,0.0000,0.000,idle,ok,3,0,imu,0.0000,0.0000,0.00,-15.00,v:m/s;w:rad/s;arm:deg
BAG,1791436625.0446,146,0,0.0000,0.0000,0.000,idle,ok,3,0,imu,0.0000,0.0000,0.00,-15.00,v:m/s;w:rad/s;arm:deg
BAG,1791436625.0754,147,0,0.0000,0.0000,0.000,idle,ok,3,0,imu,0.0000,0.0000,0.00,-15.00,v:m/s;w:rad/s;arm:deg
BAG,1791436625.1066,147,0,0.0000,0.0000,0.000,idle,ok,3,0,imu,0.0000,0.0000,0.00,-15.00,v:m/s;w:rad/s;arm:deg
BAG,1791436625.1429,147,0,0.0000,0.0000,0.000,idle,ok,3,0,imu,0.0000,0.0000,0.00,-15.00,v:m/s;w:rad/s;arm:deg
BAG,1791436625.1816,147,0,0.0000,0.0000,0.000,idle,ok,3,0,imu,0.0000,0.0000,0.00,-15.00,v:m/s;w:rad/s;arm:deg
BAG,1791436625.2131,148,0,0.0000,0.0000,0.000,idle,ok,3,0,imu,0.0000,0.0000,0.00,-15.00,v:m/s;w:rad/s;arm:deg
BAG,1791436625.2451,148,0,0.0000,0.0000,0.000,idle,ok,3,0,imu,0.0000,0.0000,0.00,-15.00,v:m/s;w:rad/s;arm:deg
BAG,1791436625.2732,148,0,0.0000,0.0000,0.000,idle,ok,3,0,imu,0.0000,0.0000,0.00,-15.00,v:m/s;w:rad/s;arm:deg
BAG,1791436625.3072,148,0,0.0000,0.0000,0.000,idle,ok,3,0,imu,0.0000,0.0000,0.00,-15.00,v:m/s;w:rad/s;arm:deg
BAG,1791436625.3419,148,0,0.0000,0.0000,0.000,idle,ok,3,0,imu,0.0000,0.0000,0.00,-15.00,v:m/s;w:rad/s;arm:deg
BAG,1791436625.3745,148,0,0.0000,0.0000,0.000,idle,ok,3,0,imu,0.0000,0.0000,0.00,-15.00,v:m/s;w:rad/s;arm:deg
BAG,1791436625.4061,148,0,0.0000,0.0000,0.000,idle,ok,3,0,imu,0.0000,0.0000,0.00,-15.00,v:m/s;w:rad/s;arm:deg
BAG,1791436625.4451,149,0,0.0000,0.0000,0.000,idle,ok,3,0,imu,0.0000,0.0000,0.00,-15.00,v:m/s;w:rad/s;arm:deg
BAG,1791436625.4740,149,0,0.0000,0.0000,0.000,idle,ok,3,0,imu,0.0000,0.0000,0.00,-15.00,v:m/s;w:rad/s;arm:deg
BAG,1791436625.5067,149,0,0.0000,0.0000,0.000,idle,ok,3,0,imu,0.0000,0.0000,0.00,-15.00,v:m/s;w:rad/s;arm:deg
BAG,1791436625.5435,149,0,0.0000,0.0000,0.000,idle,ok,3,0,imu,0.0000,0.0000,0.00,-15.00,v:m/s;w:rad/s;arm:deg
BAG,1791436625.5800,149,0,0.0000,0.0000,0.000,idle,ok,3,0,imu,0.0000,0.0000,0.00,-15.00,v:m/s;w:rad/s;arm:deg
BAG,1791436625.6070,150,0,0.0000,0.0000,0.000,idle,ok,3,0,imu,0.0000,0.0000,0.00,-15.00,v:m/s;w:rad/s;arm:deg
BAG,1791436625.6445,150,0,0.0000,0.0000,0.000,idle,ok,3,0,imu,0.0000,0.0000,0.00,-15.00,v:m/s;w:rad/s;arm:deg
BAG,1791436625.6735,150,0,0.0000,0.0000,0.000,idle,ok,3,0,imu,0.0000,0.0000,0.00,-15.00,v:m/s;w:rad/s;arm:deg
BAG,1791436625.7055,150,0,0.0000,0.0000,0.000,idle,ok,3,0,imu,0.0000,0.0000,0.00,-15.00,v:m/s;w:rad/s;arm:deg
BAG,1791436625.7417,150,0,0.0000,0.0000,0.000,idle,ok,3,0,imu,0.0000,0.0000,0.00,-15.00,v:m/s;w:rad/s;arm:deg
BAG,1791436625.7738,150,0,0.0000,0.0000,0.000,idle,ok,3,0,imu,0.0000,0.0000,0.00,-15.00,v:m/s;w:rad/s;arm:deg
BAG,1791436625.8056,150,0,0.0000,0.0000,0.000,idle,ok,3,0,imu,0.0000,0.0000,0.00,-15.00,v:m/s;w:rad/s;arm:deg
BAG,1791436625.8422,151,0,0.0000,0.0000,0.000,idle,ok,3,0,imu,0.0000,0.0000,0.00,-15.00,v:m/s;w:rad/s;arm:deg
BAG,1791436625.8768,151,0,0.0000,0.0000,0.000,idle,ok,3,0,imu,0.0000,0.0000,0.00,-15.00,v:m/s;w:rad/s;arm:deg
BAG,1791436625.9079,151,0,0.0000,0.0000,0.000,idle,ok,3,0,imu,0.0000,0.0000,0.00,-15.00,v:m/s;w:rad/s;arm:deg
BAG,1791436625.9491,151,0,0.0000,0.0000,0.000,idle,ok,3,0,imu,0.0000,0.0000,0.00,-15.00,v:m/s;w:rad/s;arm:deg
BAG,1791436625.9716,151,0,0.0000,0.0000,0.000,idle,ok,3,0,imu,0.0000,0.0000,0.00,-15.00,v:m/s;w:rad/s;arm:deg
BAG,1791436626.0061,151,0,0.0000,0.0000,0.000,idle,ok,3,0,imu,0.0000,0.0000,0.00,-15.00,v:m/s;w:rad/s;arm:deg
BAG,1791436626.0402,152,0,0.0000,0.0000,0.000,idle,ok,3,0,imu,0.0000,0.0000,0.00,-15.00,v:m/s;w:rad/s;arm:deg
BAG,1791436626.0724,152,0,0.0000,0.0000,0.000,idle,ok,3,0,imu,0.0000,0.0000,0.00,-15.00,v:m/s;w:rad/s;arm:deg
BAG,1791436626.1056,152,0,0.0000,0.0000,0.000,idle,ok,3,0,imu,0.0000,0.0000,0.00,-15.00,v:m/s;w:rad/s;arm:deg
BAG,1791436626.1420,152,0,0.0000,0.0000,0.000,idle,ok,3,0,imu,0.0000,0.0000,0.00,-15.00,v:m/s;w:rad/s;arm:deg
BAG,1791436626.1728,153,0,0.0000,0.0000,0.000,idle,ok,3,0,imu,0.0000,0.0000,0.00,-15.00,v:m/s;w:rad/s;arm:deg
BAG,1791436626.2198,153,0,0.0000,0.0000,0.000,idle,ok,3,0,imu,0.0000,0.0000,0.00,-15.00,v:m/s;w:rad/s;arm:deg
BAG,1791436626.2411,153,0,0.0000,0.0000,0.000,idle,ok,3,0,imu,0.0000,0.0000,0.00,-15.00,v:m/s;w:rad/s;arm:deg
BAG,1791436626.2724,153,0,0.0000,0.0000,0.000,idle,ok,3,0,imu,0.0000,0.0000,0.00,-15.00,v:m/s;w:rad/s;arm:deg
BAG,1791436626.3061,154,0,0.0000,0.0000,0.000,idle,ok,3,0,imu,0.0000,0.0000,0.00,-15.00,v:m/s;w:rad/s;arm:deg
BAG,1791436626.3460,154,0,0.0000,0.0000,0.000,idle,ok,3,0,imu,0.0000,0.0000,0.00,-15.00,v:m/s;w:rad/s;arm:deg
BAG,1791436626.3733,154,0,0.0000,0.0000,0.000,idle,ok,3,0,imu,0.0000,0.0000,0.00,-15.00,v:m/s;w:rad/s;arm:deg
BAG,1791436626.4060,154,0,0.0000,0.0000,0.000,idle,ok,3,0,imu,0.0000,0.0000,0.00,-15.00,v:m/s;w:rad/s;arm:deg
BAG,1791436626.4425,155,0,0.0000,0.0000,0.000,idle,ok,3,0,imu,0.0000,0.0000,0.00,-15.00,v:m/s;w:rad/s;arm:deg
BAG,1791436626.4720,155,0,0.0000,0.0000,0.000,idle,ok,3,0,imu,0.0000,0.0000,0.00,-15.00,v:m/s;w:rad/s;arm:deg
BAG,1791436626.5056,155,0,0.0000,0.0000,0.000,idle,ok,3,0,imu,0.0000,0.0000,0.00,-15.00,v:m/s;w:rad/s;arm:deg
BAG,1791436626.5458,156,0,0.0000,0.0000,0.000,idle,ok,3,0,imu,0.0000,0.0000,0.00,-15.00,v:m/s;w:rad/s;arm:deg
BAG,1791436626.5730,156,0,0.0000,0.0000,0.000,idle,ok,3,0,imu,0.0000,0.0000,0.00,-15.00,v:m/s;w:rad/s;arm:deg
BAG,1791436626.6055,156,0,0.0000,0.0000,0.000,idle,ok,3,0,imu,0.0000,0.0000,0.00,-15.00,v:m/s;w:rad/s;arm:deg
BAG,1791436626.6430,156,0,0.0000,0.0000,0.000,idle,ok,3,0,imu,0.0000,0.0000,0.00,-15.00,v:m/s;w:rad/s;arm:deg
BAG,1791436626.6742,157,0,0.0000,0.0000,0.000,idle,ok,3,0,imu,0.0000,0.0000,0.00,-15.00,v:m/s;w:rad/s;arm:deg
BAG,1791436626.7053,157,0,0.0000,0.0000,0.000,idle,ok,3,0,imu,0.0000,0.0000,0.00,-15.00,v:m/s;w:rad/s;arm:deg
BAG,1791436626.7436,157,0,0.0000,0.0000,0.000,idle,ok,3,0,imu,0.0000,0.0000,0.00,-15.00,v:m/s;w:rad/s;arm:deg
BAG,1791436626.7919,158,0,0.0000,0.0000,0.000,idle,ok,3,0,imu,0.0000,0.0000,0.00,-15.00,v:m/s;w:rad/s;arm:deg
BAG,1791436626.8105,158,0,0.0000,0.0000,0.000,idle,ok,3,0,imu,0.0000,0.0000,0.00,-15.00,v:m/s;w:rad/s;arm:deg
BAG,1791436626.8397,158,0,0.0000,0.0000,0.000,idle,ok,3,0,imu,0.0000,0.0000,0.00,-15.00,v:m/s;w:rad/s;arm:deg
BAG,1791436626.8743,159,0,0.0000,0.0000,0.000,idle,ok,3,0,imu,0.0000,0.0000,0.00,-15.00,v:m/s;w:rad/s;arm:deg
BAG,1791436626.9049,159,0,0.0000,0.0000,0.000,idle,ok,3,0,imu,0.0000,0.0000,0.00,-15.00,v:m/s;w:rad/s;arm:deg
BAG,1791436626.9421,159,0,0.0000,0.0000,0.000,idle,ok,3,0,imu,0.0000,0.0000,0.00,-15.00,v:m/s;w:rad/s;arm:deg
BAG,1791436626.9721,159,0,0.0000,0.0000,0.000,idle,ok,3,0,imu,0.0000,0.0000,0.00,-15.00,v:m/s;w:rad/s;arm:deg
BAG,1791436627.0116,160,0,0.0000,0.0000,0.000,idle,ok,3,0,imu,0.0000,0.0000,0.00,-15.00,v:m/s;w:rad/s;arm:deg
BAG,1791436627.0403,160,0,0.0000,0.0000,0.000,idle,ok,3,0,imu,0.0000,0.0000,0.00,-15.00,v:m/s;w:rad/s;arm:deg
BAG,1791436627.0731,160,0,0.0000,0.0000,0.000,idle,ok,3,0,imu,0.0000,0.0000,0.00,-15.00,v:m/s;w:rad/s;arm:deg
BAG,1791436627.1072,160,0,0.0000,0.0000,0.000,idle,ok,3,0,imu,0.0000,0.0000,0.00,-15.00,v:m/s;w:rad/s;arm:deg
BAG,1791436627.1455,161,0,0.0000,0.0000,0.000,idle,ok,3,0,imu,0.0000,0.0000,0.00,-15.00,v:m/s;w:rad/s;arm:deg
BAG,1791436627.1717,161,0,0.0000,0.0000,0.000,idle,ok,3,0,imu,0.0000,0.0000,0.00,-15.00,v:m/s;w:rad/s;arm:deg
BAG,1791436627.2085,161,0,0.0000,0.0000,0.000,idle,ok,3,0,imu,0.0000,0.0000,0.00,-15.00,v:m/s;w:rad/s;arm:deg
BAG,1791436627.2385,161,0,0.0000,0.0000,0.000,idle,ok,3,0,imu,0.0000,0.0000,0.00,-15.00,v:m/s;w:rad/s;arm:deg
BAG,1791436627.2719,162,0,0.0000,0.0000,0.000,idle,ok,3,0,imu,0.0000,0.0000,0.00,-15.00,v:m/s;w:rad/s;arm:deg
BAG,1791436627.3071,162,0,0.0000,0.0000,0.000,idle,ok,3,0,imu,0.0000,0.0000,0.00,-15.00,v:m/s;w:rad/s;arm:deg
BAG,1791436627.3598,162,0,0.0000,0.0000,0.000,idle,ok,3,0,imu,0.0000,0.0000,0.00,-15.00,v:m/s;w:rad/s;arm:deg
BAG,1791436627.3848,163,0,0.0000,0.0000,0.000,idle,ok,3,0,imu,0.0000,0.0000,0.00,-15.00,v:m/s;w:rad/s;arm:deg
BAG,1791436627.4061,163,0,0.0000,0.0000,0.000,idle,ok,3,0,imu,0.0000,0.0000,0.00,-15.00,v:m/s;w:rad/s;arm:deg
BAG,1791436627.4395,163,0,0.0000,0.0000,0.000,idle,ok,3,0,imu,0.0000,0.0000,0.00,-15.00,v:m/s;w:rad/s;arm:deg
BAG,1791436627.4768,163,0,0.0000,0.0000,0.000,idle,ok,3,0,imu,0.0000,0.0000,0.00,-15.00,v:m/s;w:rad/s;arm:deg
BAG,1791436627.5076,164,0,0.0000,0.0000,0.000,idle,ok,3,0,imu,0.0000,0.0000,0.00,-15.00,v:m/s;w:rad/s;arm:deg
BAG,1791436627.5476,164,0,0.0000,0.0000,0.000,idle,ok,3,0,imu,0.0000,0.0000,0.00,-15.00,v:m/s;w:rad/s;arm:deg
BAG,1791436627.5716,164,0,0.0000,0.0000,0.000,idle,ok,3,0,imu,0.0000,0.0000,0.00,-15.00,v:m/s;w:rad/s;arm:deg
BAG,1791436627.6069,164,0,0.0000,0.0000,0.000,idle,ok,3,0,imu,0.0000,0.0000,0.00,-15.00,v:m/s;w:rad/s;arm:deg
BAG,1791436627.6399,165,0,0.0000,0.0000,0.000,idle,ok,3,0,imu,0.0000,0.0000,0.00,-15.00,v:m/s;w:rad/s;arm:deg
BAG,1791436627.6724,165,0,0.0000,0.0000,0.000,idle,ok,3,0,imu,0.0000,0.0000,0.00,-15.00,v:m/s;w:rad/s;arm:deg
BAG,1791436627.7066,165,0,0.0000,0.0000,0.000,idle,ok,3,0,imu,0.0000,0.0000,0.00,-15.00,v:m/s;w:rad/s;arm:deg
BAG,1791436627.7458,165,0,0.0000,0.0000,0.000,idle,ok,3,0,imu,0.0000,0.0000,0.00,-15.00,v:m/s;w:rad/s;arm:deg
BAG,1791436627.7727,166,0,0.0000,0.0000,0.000,idle,ok,3,0,imu,0.0000,0.0000,0.00,-15.00,v:m/s;w:rad/s;arm:deg
BAG,1791436627.8048,166,0,0.0000,0.0000,0.000,idle,ok,3,0,imu,0.0000,0.0000,0.00,-15.00,v:m/s;w:rad/s;arm:deg
BAG,1791436627.8408,166,0,0.0000,0.0000,0.000,idle,ok,3,0,imu,0.0000,0.0000,0.00,-15.00,v:m/s;w:rad/s;arm:deg
BAG,1791436627.8735,166,0,0.0000,0.0000,0.000,idle,ok,3,0,imu,0.0000,0.0000,0.00,-15.00,v:m/s;w:rad/s;arm:deg
BAG,1791436627.9056,167,0,0.0000,0.0000,0.000,idle,ok,3,0,imu,0.0000,0.0000,0.00,-15.00,v:m/s;w:rad/s;arm:deg
BAG,1791436627.9435,167,0,0.0000,0.0000,0.000,idle,ok,3,0,imu,0.0000,0.0000,0.00,-15.00,v:m/s;w:rad/s;arm:deg
BAG,1791436627.9736,167,0,0.0000,0.0000,0.000,idle,ok,3,0,imu,0.0000,0.0000,0.00,-15.00,v:m/s;w:rad/s;arm:deg
BAG,1791436628.0071,167,0,0.0000,0.0000,0.000,idle,ok,3,0,imu,0.0000,0.0000,0.00,-15.00,v:m/s;w:rad/s;arm:deg
BAG,1791436628.0432,168,0,0.0000,0.0000,0.000,idle,ok,3,0,imu,0.0000,0.0000,0.00,-15.00,v:m/s;w:rad/s;arm:deg
BAG,1791436628.0758,168,0,0.0000,0.0000,0.000,idle,ok,3,0,imu,0.0000,0.0000,0.00,-15.00,v:m/s;w:rad/s;arm:deg
BAG,1791436628.1114,168,0,0.0000,0.0000,0.000,idle,ok,3,0,imu,0.0000,0.0000,0.00,-15.00,v:m/s;w:rad/s;arm:deg
BAG,1791436628.1585,168,0,0.0000,0.0000,0.000,idle,ok,3,0,imu,0.0000,0.0000,0.00,-15.00,v:m/s;w:rad/s;arm:deg
BAG,1791436628.1810,169,0,0.0000,0.0000,0.000,idle,ok,3,0,imu,0.0000,0.0000,0.00,-15.00,v:m/s;w:rad/s;arm:deg
BAG,1791436628.2120,169,0,0.0000,0.0000,0.000,idle,ok,3,0,imu,0.0000,0.0000,0.00,-15.00,v:m/s;w:rad/s;arm:deg
BAG,1791436628.2415,169,0,0.0000,0.0000,0.000,idle,ok,3,0,imu,0.0000,0.0000,0.00,-15.00,v:m/s;w:rad/s;arm:deg
BAG,1791436628.2816,169,0,0.0000,0.0000,0.000,idle,ok,3,0,imu,0.0000,0.0000,0.00,-15.00,v:m/s;w:rad/s;arm:deg
BAG,1791436628.3060,169,0,0.0000,0.0000,0.000,idle,ok,3,0,imu,0.0000,0.0000,0.00,-15.00,v:m/s;w:rad/s;arm:deg
BAG,1791436628.3571,169,0,0.0000,0.0000,0.000,idle,ok,3,0,imu,0.0000,0.0000,0.00,-15.00,v:m/s;w:rad/s;arm:deg
BAG,1791436628.3794,169,0,0.0000,0.0000,0.000,idle,ok,3,0,imu,0.0000,0.0000,0.00,-15.00,v:m/s;w:rad/s;arm:deg
BAG,1791436628.4077,170,0,0.0000,0.0000,0.000,idle,ok,3,0,imu,0.0000,0.0000,0.00,-15.00,v:m/s;w:rad/s;arm:deg
BAG,1791436628.4401,170,0,0.0000,0.0000,0.000,idle,ok,3,0,imu,0.0000,0.0000,0.00,-15.00,v:m/s;w:rad/s;arm:deg
BAG,1791436628.4747,170,0,0.0000,0.0000,0.000,idle,ok,3,0,imu,0.0000,0.0000,0.00,-15.00,v:m/s;w:rad/s;arm:deg
BAG,1791436628.5041,170,0,0.0000,0.0000,0.000,idle,ok,3,0,imu,0.0000,0.0000,0.00,-15.00,v:m/s;w:rad/s;arm:deg
BAG,1791436628.5470,170,0,0.0000,0.0000,0.000,idle,ok,3,0,imu,0.0000,0.0000,0.00,-15.00,v:m/s;w:rad/s;arm:deg
BAG,1791436628.5721,170,0,0.0000,0.0000,0.000,idle,ok,3,0,imu,0.0000,0.0000,0.00,-15.00,v:m/s;w:rad/s;arm:deg
BAG,1791436628.6096,171,0,0.0000,0.0000,0.000,idle,ok,3,0,imu,0.0000,0.0000,0.00,-15.00,v:m/s;w:rad/s;arm:deg
BAG,1791436628.6411,171,0,0.0000,0.0000,0.000,idle,ok,3,0,imu,0.0000,0.0000,0.00,-15.00,v:m/s;w:rad/s;arm:deg
BAG,1791436628.6736,171,0,0.0000,0.0000,0.000,idle,ok,3,0,imu,0.0000,0.0000,0.00,-15.00,v:m/s;w:rad/s;arm:deg
BAG,1791436628.7065,172,0,0.0000,0.0000,0.000,idle,ok,3,0,imu,0.0000,0.0000,0.00,-15.00,v:m/s;w:rad/s;arm:deg
BAG,1791436628.7446,172,0,0.0000,0.0000,0.000,idle,ok,3,0,imu,0.0000,0.0000,0.00,-15.00,v:m/s;w:rad/s;arm:deg
BAG,1791436628.7743,172,0,0.0000,0.0000,0.000,idle,ok,3,0,imu,0.0000,0.0000,0.00,-15.00,v:m/s;w:rad/s;arm:deg
BAG,1791436628.8052,172,0,0.0000,0.0000,0.000,idle,ok,3,0,imu,0.0000,0.0000,0.00,-15.00,v:m/s;w:rad/s;arm:deg
BAG,1791436628.8438,173,0,0.0000,0.0000,0.000,idle,ok,3,0,imu,0.0000,0.0000,0.00,-15.00,v:m/s;w:rad/s;arm:deg
BAG,1791436628.8850,173,0,0.0000,0.0000,0.000,idle,ok,3,0,imu,0.0000,0.0000,0.00,-15.00,v:m/s;w:rad/s;arm:deg
BAG,1791436628.9089,173,0,0.0000,0.0000,0.000,idle,ok,3,0,imu,0.0000,0.0000,0.00,-15.00,v:m/s;w:rad/s;arm:deg
BAG,1791436628.9529,173,0,0.0000,0.0000,0.000,idle,ok,3,0,imu,0.0000,0.0000,0.00,-15.00,v:m/s;w:rad/s;arm:deg
BAG,1791436628.9864,174,0,0.0000,0.0000,0.000,idle,ok,3,0,imu,0.0000,0.0000,0.00,-15.00,v:m/s;w:rad/s;arm:deg
BAG,1791436629.0061,174,0,0.0000,0.0000,0.000,idle,ok,3,0,imu,0.0000,0.0000,0.00,-15.00,v:m/s;w:rad/s;arm:deg
BAG,1791436629.0414,174,0,0.0000,0.0000,0.000,idle,ok,3,0,imu,0.0000,0.0000,0.00,-15.00,v:m/s;w:rad/s;arm:deg
BAG,1791436629.0759,174,0,0.0000,0.0000,0.000,idle,ok,3,0,imu,0.0000,0.0000,0.00,-15.00,v:m/s;w:rad/s;arm:deg
BAG,1791436629.1068,174,0,0.0000,0.0000,0.000,idle,ok,3,0,imu,0.0000,0.0000,0.00,-15.00,v:m/s;w:rad/s;arm:deg
BAG,1791436629.1491,175,0,0.0000,0.0000,0.000,idle,ok,3,0,imu,0.0000,0.0000,0.00,-15.00,v:m/s;w:rad/s;arm:deg
BAG,1791436629.1759,175,0,0.0000,0.0000,0.000,idle,ok,3,0,imu,0.0000,0.0000,0.00,-15.00,v:m/s;w:rad/s;arm:deg
BAG,1791436629.2084,175,0,0.0000,0.0000,0.000,idle,ok,3,0,imu,0.0000,0.0000,0.00,-15.00,v:m/s;w:rad/s;arm:deg
BAG,1791436629.2408,175,0,0.0000,0.0000,0.000,idle,ok,3,0,imu,0.0000,0.0000,0.00,-15.00,v:m/s;w:rad/s;arm:deg
BAG,1791436629.2758,175,0,0.0000,0.0000,0.000,idle,ok,3,0,imu,0.0000,0.0000,0.00,-15.00,v:m/s;w:rad/s;arm:deg
BAG,1791436629.3059,175,0,0.0000,0.0000,0.000,idle,ok,3,0,imu,0.0000,0.0000,0.00,-15.00,v:m/s;w:rad/s;arm:deg
BAG,1791436629.3571,176,0,0.0000,0.0000,0.000,idle,ok,3,0,imu,0.0000,0.0000,0.00,-15.00,v:m/s;w:rad/s;arm:deg
BAG,1791436629.3742,176,0,0.0000,0.0000,0.000,idle,ok,3,0,imu,0.0000,0.0000,0.00,-15.00,v:m/s;w:rad/s;arm:deg
BAG,1791436629.4057,176,0,0.0000,0.0000,0.000,idle,ok,3,0,imu,0.0000,0.0000,0.00,-15.00,v:m/s;w:rad/s;arm:deg
BAG,1791436629.4403,176,0,0.0000,0.0000,0.000,idle,ok,3,0,imu,0.0000,0.0000,0.00,-15.00,v:m/s;w:rad/s;arm:deg
BAG,1791436629.4744,176,0,0.0000,0.0000,0.000,idle,ok,3,0,imu,0.0000,0.0000,0.00,-15.00,v:m/s;w:rad/s;arm:deg
BAG,1791436629.5055,177,0,0.0000,0.0000,0.000,idle,ok,3,0,imu,0.0000,0.0000,0.00,-15.00,v:m/s;w:rad/s;arm:deg
BAG,1791436629.5418,177,0,0.0000,0.0000,0.000,idle,ok,3,0,imu,0.0000,0.0000,0.00,-15.00,v:m/s;w:rad/s;arm:deg
BAG,1791436629.5735,177,0,0.0000,0.0000,0.000,idle,ok,3,0,imu,0.0000,0.0000,0.00,-15.00,v:m/s;w:rad/s;arm:deg
BAG,1791436629.6073,177,0,0.0000,0.0000,0.000,idle,ok,3,0,imu,0.0000,0.0000,0.00,-15.00,v:m/s;w:rad/s;arm:deg
BAG,1791436629.6432,177,0,0.0000,0.0000,0.000,idle,ok,3,0,imu,0.0000,0.0000,0.00,-15.00,v:m/s;w:rad/s;arm:deg
BAG,1791436629.6969,178,0,0.0000,0.0000,0.000,idle,ok,3,0,imu,0.0000,0.0000,0.00,-15.00,v:m/s;w:rad/s;arm:deg
BAG,1791436629.7082,178,0,0.0000,0.0000,0.000,idle,ok,3,0,imu,0.0000,0.0000,0.00,-15.00,v:m/s;w:rad/s;arm:deg
BAG,1791436629.7510,178,0,0.0000,0.0000,0.000,idle,ok,3,0,imu,0.0000,0.0000,0.00,-15.00,v:m/s;w:rad/s;arm:deg
BAG,1791436629.7719,178,0,0.0000,0.0000,0.000,idle,ok,3,0,imu,0.0000,0.0000,0.00,-15.00,v:m/s;w:rad/s;arm:deg
BAG,1791436629.8064,179,0,0.0000,0.0000,0.000,idle,ok,3,0,imu,0.0000,0.0000,0.00,-15.00,v:m/s;w:rad/s;arm:deg
BAG,1791436629.8449,179,0,0.0000,0.0000,0.000,idle,ok,3,0,imu,0.0000,0.0000,0.00,-15.00,v:m/s;w:rad/s;arm:deg
BAG,1791436629.8716,179,0,0.0000,0.0000,0.000,idle,ok,3,0,imu,0.0000,0.0000,0.00,-15.00,v:m/s;w:rad/s;arm:deg
BAG,1791436629.9122,179,0,0.0000,0.0000,0.000,idle,ok,3,0,imu,0.0000,0.0000,0.00,-15.00,v:m/s;w:rad/s;arm:deg
BAG,1791436629.9431,179,0,0.0000,0.0000,0.000,idle,ok,3,0,imu,0.0000,0.0000,0.00,-15.00,v:m/s;w:rad/s;arm:deg
BAG,1791436629.9725,179,0,0.0000,0.0000,0.000,idle,ok,3,0,imu,0.0000,0.0000,0.00,-15.00,v:m/s;w:rad/s;arm:deg
BAG,1791436630.0065,180,0,0.0000,0.0000,0.000,idle,ok,3,0,imu,0.0000,0.0000,0.00,-15.00,v:m/s;w:rad/s;arm:deg
BAG,1791436630.0423,180,0,0.0000,0.0000,0.000,idle,ok,3,0,imu,0.0000,0.0000,0.00,-15.00,v:m/s;w:rad/s;arm:deg
BAG,1791436630.0724,180,0,0.0000,0.0000,0.000,idle,ok,3,0,imu,0.0000,0.0000,0.00,-15.00,v:m/s;w:rad/s;arm:deg
BAG,1791436630.1098,180,0,0.0000,0.0000,0.000,idle,ok,3,0,imu,0.0000,0.0000,0.00,-15.00,v:m/s;w:rad/s;arm:deg
BAG,1791436630.1443,181,0,0.0000,0.0000,0.000,idle,ok,3,0,imu,0.0000,0.0000,0.00,-15.00,v:m/s;w:rad/s;arm:deg
BAG,1791436630.1748,181,0,0.0000,0.0000,0.000,idle,ok,3,0,imu,0.0000,0.0000,0.00,-15.00,v:m/s;w:rad/s;arm:deg
BAG,1791436630.2047,181,0,0.0000,0.0000,0.000,idle,ok,3,0,imu,0.0000,0.0000,0.00,-15.00,v:m/s;w:rad/s;arm:deg
BAG,1791436630.2395,181,0,0.0000,0.0000,0.000,idle,ok,3,0,imu,0.0000,0.0000,0.00,-15.00,v:m/s;w:rad/s;arm:deg
BAG,1791436630.2742,182,0,0.0000,0.0000,0.000,idle,ok,3,0,imu,0.0000,0.0000,0.00,-15.00,v:m/s;w:rad/s;arm:deg
BAG,1791436630.3057,182,0,0.0000,0.0000,0.000,idle,ok,3,0,imu,0.0000,0.0000,0.00,-15.00,v:m/s;w:rad/s;arm:deg
BAG,1791436630.3436,182,0,0.0000,0.0000,0.000,idle,ok,3,0,imu,0.0000,0.0000,0.00,-15.00,v:m/s;w:rad/s;arm:deg
BAG,1791436630.3731,182,0,0.0000,0.0000,0.000,idle,ok,3,0,imu,0.0000,0.0000,0.00,-15.00,v:m/s;w:rad/s;arm:deg
BAG,1791436630.4059,182,0,0.0000,0.0000,0.000,idle,ok,3,0,imu,0.0000,0.0000,0.00,-15.00,v:m/s;w:rad/s;arm:deg
BAG,1791436630.4420,182,0,0.0000,0.0000,0.000,idle,ok,3,0,imu,0.0000,0.0000,0.00,-15.00,v:m/s;w:rad/s;arm:deg
BAG,1791436630.4736,183,0,0.0000,0.0000,0.000,idle,ok,3,0,imu,0.0000,0.0000,0.00,-15.00,v:m/s;w:rad/s;arm:deg
BAG,1791436630.5076,183,0,0.0000,0.0000,0.000,idle,ok,3,0,imu,0.0000,0.0000,0.00,-15.00,v:m/s;w:rad/s;arm:deg
BAG,1791436630.5608,183,0,0.0000,0.0000,0.000,idle,ok,3,0,imu,0.0000,0.0000,0.00,-15.00,v:m/s;w:rad/s;arm:deg
BAG,1791436630.5886,184,0,0.0000,0.0000,0.000,idle,ok,3,0,imu,0.0000,0.0000,0.00,-15.00,v:m/s;w:rad/s;arm:deg
BAG,1791436630.6076,184,0,0.0000,0.0000,0.000,idle,ok,3,0,imu,0.0000,0.0000,0.00,-15.00,v:m/s;w:rad/s;arm:deg
BAG,1791436630.6423,184,0,0.0000,0.0000,0.000,idle,ok,3,0,imu,0.0000,0.0000,0.00,-15.00,v:m/s;w:rad/s;arm:deg
BAG,1791436630.6731,184,0,0.0000,0.0000,0.000,idle,ok,3,0,imu,0.0000,0.0000,0.00,-15.00,v:m/s;w:rad/s;arm:deg
BAG,1791436630.7080,185,0,0.0000,0.0000,0.000,idle,ok,3,0,imu,0.0000,0.0000,0.00,-15.00,v:m/s;w:rad/s;arm:deg
BAG,1791436630.7445,185,0,0.0000,0.0000,0.000,idle,ok,3,0,imu,0.0000,0.0000,0.00,-15.00,v:m/s;w:rad/s;arm:deg
BAG,1791436630.7779,185,0,0.0000,0.0000,0.000,idle,ok,3,0,imu,0.0000,0.0000,0.00,-15.00,v:m/s;w:rad/s;arm:deg
BAG,1791436630.8108,185,0,0.0000,0.0000,0.000,idle,ok,3,0,imu,0.0000,0.0000,0.00,-15.00,v:m/s;w:rad/s;arm:deg
BAG,1791436630.8430,186,0,0.0000,0.0000,0.000,idle,ok,3,0,imu,0.0000,0.0000,0.00,-15.00,v:m/s;w:rad/s;arm:deg
BAG,1791436630.8725,186,0,0.0000,0.0000,0.000,idle,ok,3,0,imu,0.0000,0.0000,0.00,-15.00,v:m/s;w:rad/s;arm:deg
BAG,1791436630.9058,186,0,0.0000,0.0000,0.000,idle,ok,3,0,imu,0.0000,0.0000,0.00,-15.00,v:m/s;w:rad/s;arm:deg
BAG,1791436630.9421,186,0,0.0000,0.0000,0.000,idle,ok,3,0,imu,0.0000,0.0000,0.00,-15.00,v:m/s;w:rad/s;arm:deg
BAG,1791436630.9737,187,0,0.0000,0.0000,0.000,idle,ok,3,0,imu,0.0000,0.0000,0.00,-15.00,v:m/s;w:rad/s;arm:deg
BAG,1791436631.0061,187,0,0.0000,0.0000,0.000,idle,ok,3,0,imu,0.0000,0.0000,0.00,-15.00,v:m/s;w:rad/s;arm:deg
BAG,1791436631.0403,187,0,0.0000,0.0000,0.000,idle,ok,3,0,imu,0.0000,0.0000,0.00,-15.00,v:m/s;w:rad/s;arm:deg
BAG,1791436631.0778,188,0,0.0000,0.0000,0.000,idle,ok,3,0,imu,0.0000,0.0000,0.00,-15.00,v:m/s;w:rad/s;arm:deg
BAG,1791436631.1058,188,0,0.0000,0.0000,0.000,idle,ok,3,0,imu,0.0000,0.0000,0.00,-15.00,v:m/s;w:rad/s;arm:deg
BAG,1791436631.1418,188,0,0.0000,0.0000,0.000,idle,ok,3,0,imu,0.0000,0.0000,0.00,-15.00,v:m/s;w:rad/s;arm:deg
BAG,1791436631.1734,188,0,0.0000,0.0000,0.000,idle,ok,3,0,imu,0.0000,0.0000,0.00,-15.00,v:m/s;w:rad/s;arm:deg
BAG,1791436631.2072,189,0,0.0000,0.0000,0.000,idle,ok,3,0,imu,0.0000,0.0000,0.00,-15.00,v:m/s;w:rad/s;arm:deg
BAG,1791436631.2414,189,0,0.0000,0.0000,0.000,idle,ok,3,0,imu,0.0000,0.0000,0.00,-15.00,v:m/s;w:rad/s;arm:deg
BAG,1791436631.2745,189,0,0.0000,0.0000,0.000,idle,ok,3,0,imu,0.0000,0.0000,0.00,-15.00,v:m/s;w:rad/s;arm:deg
BAG,1791436631.3071,189,0,0.0000,0.0000,0.000,idle,ok,3,0,imu,0.0000,0.0000,0.00,-15.00,v:m/s;w:rad/s;arm:deg
BAG,1791436631.3496,189,0,0.0000,0.0000,0.000,idle,ok,3,0,imu,0.0000,0.0000,0.00,-15.00,v:m/s;w:rad/s;arm:deg
BAG,1791436631.3720,189,0,0.0000,0.0000,0.000,idle,ok,3,0,imu,0.0000,0.0000,0.00,-15.00,v:m/s;w:rad/s;arm:deg
BAG,1791436631.4060,189,0,0.0000,0.0000,0.000,idle,ok,3,0,imu,0.0000,0.0000,0.00,-15.00,v:m/s;w:rad/s;arm:deg
BAG,1791436631.4487,190,0,0.0000,0.0000,0.000,idle,ok,3,0,imu,0.0000,0.0000,0.00,-15.00,v:m/s;w:rad/s;arm:deg
BAG,1791436631.4760,190,0,0.0000,0.0000,0.000,idle,ok,3,0,imu,0.0000,0.0000,0.00,-15.00,v:m/s;w:rad/s;arm:deg
BAG,1791436631.5055,190,0,0.0000,0.0000,0.000,idle,ok,3,0,imu,0.0000,0.0000,0.00,-15.00,v:m/s;w:rad/s;arm:deg
BAG,1791436631.5487,190,0,0.0000,0.0000,0.000,idle,ok,3,0,imu,0.0000,0.0000,0.00,-15.00,v:m/s;w:rad/s;arm:deg
BAG,1791436631.5746,190,0,0.0000,0.0000,0.000,idle,ok,3,0,imu,0.0000,0.0000,0.00,-15.00,v:m/s;w:rad/s;arm:deg
BAG,1791436631.6066,190,0,0.0000,0.0000,0.000,idle,ok,3,0,imu,0.0000,0.0000,0.00,-15.00,v:m/s;w:rad/s;arm:deg
BAG,1791436631.6431,190,0,0.0000,0.0000,0.000,idle,ok,3,0,imu,0.0000,0.0000,0.00,-15.00,v:m/s;w:rad/s;arm:deg
BAG,1791436631.6787,191,0,0.0000,0.0000,0.000,idle,ok,3,0,imu,0.0000,0.0000,0.00,-15.00,v:m/s;w:rad/s;arm:deg
BAG,1791436631.7049,191,0,0.0000,0.0000,0.000,idle,ok,3,0,imu,0.0000,0.0000,0.00,-15.00,v:m/s;w:rad/s;arm:deg
BAG,1791436631.7435,191,0,0.0000,0.0000,0.000,idle,ok,3,0,imu,0.0000,0.0000,0.00,-15.00,v:m/s;w:rad/s;arm:deg
BAG,1791436631.7729,191,0,0.0000,0.0000,0.000,idle,ok,3,0,imu,0.0000,0.0000,0.00,-15.00,v:m/s;w:rad/s;arm:deg
BAG,1791436631.8049,191,0,0.0000,0.0000,0.000,idle,ok,3,0,imu,0.0000,0.0000,0.00,-15.00,v:m/s;w:rad/s;arm:deg
BAG,1791436631.8389,191,0,0.0000,0.0000,0.000,idle,ok,3,0,imu,0.0000,0.0000,0.00,-15.00,v:m/s;w:rad/s;arm:deg
BAG,1791436631.8718,191,0,0.0000,0.0000,0.000,idle,ok,3,0,imu,0.0000,0.0000,0.00,-15.00,v:m/s;w:rad/s;arm:deg
BAG,1791436631.9109,192,0,0.0000,0.0000,0.000,idle,ok,3,0,imu,0.0000,0.0000,0.00,-15.00,v:m/s;w:rad/s;arm:deg
BAG,1791436631.9519,192,0,0.0000,0.0000,0.000,idle,ok,3,0,imu,0.0000,0.0000,0.00,-15.00,v:m/s;w:rad/s;arm:deg
BAG,1791436631.9734,192,0,0.0000,0.0000,0.000,idle,ok,3,0,imu,0.0000,0.0000,0.00,-15.00,v:m/s;w:rad/s;arm:deg
BAG,1791436632.0060,192,0,0.0000,0.0000,0.000,idle,ok,3,0,imu,0.0000,0.0000,0.00,-15.00,v:m/s;w:rad/s;arm:deg
BAG,1791436632.0391,192,0,0.0000,0.0000,0.000,idle,ok,3,0,imu,0.0000,0.0000,0.00,-15.00,v:m/s;w:rad/s;arm:deg
BAG,1791436632.0740,192,0,0.0000,0.0000,0.000,idle,ok,3,0,imu,0.0000,0.0000,0.00,-15.00,v:m/s;w:rad/s;arm:deg
BAG,1791436632.1060,192,0,0.0000,0.0000,0.000,idle,ok,3,0,imu,0.0000,0.0000,0.00,-15.00,v:m/s;w:rad/s;arm:deg
BAG,1791436632.1457,192,0,0.0000,0.0000,0.000,idle,ok,3,0,imu,0.0000,0.0000,0.00,-15.00,v:m/s;w:rad/s;arm:deg
BAG,1791436632.1755,193,0,0.0000,0.0000,0.000,idle,ok,3,0,imu,0.0000,0.0000,0.00,-15.00,v:m/s;w:rad/s;arm:deg
BAG,1791436632.2059,193,0,0.0000,0.0000,0.000,idle,ok,3,0,imu,0.0000,0.0000,0.00,-15.00,v:m/s;w:rad/s;arm:deg
BAG,1791436632.2395,193,0,0.0000,0.0000,0.000,idle,ok,3,0,imu,0.0000,0.0000,0.00,-15.00,v:m/s;w:rad/s;arm:deg
BAG,1791436632.2779,193,0,0.0000,0.0000,0.000,idle,ok,3,0,imu,0.0000,0.0000,0.00,-15.00,v:m/s;w:rad/s;arm:deg
BAG,1791436632.3086,194,0,0.0000,0.0000,0.000,idle,ok,3,0,imu,0.0000,0.0000,0.00,-15.00,v:m/s;w:rad/s;arm:deg
BAG,1791436632.3471,194,0,0.0000,0.0000,0.000,idle,ok,3,0,imu,0.0000,0.0000,0.00,-15.00,v:m/s;w:rad/s;arm:deg
BAG,1791436632.3727,194,0,0.0000,0.0000,0.000,idle,ok,3,0,imu,0.0000,0.0000,0.00,-15.00,v:m/s;w:rad/s;arm:deg
BAG,1791436632.4068,194,0,0.0000,0.0000,0.000,idle,ok,3,0,imu,0.0000,0.0000,0.00,-15.00,v:m/s;w:rad/s;arm:deg
BAG,1791436632.4512,195,0,0.0000,0.0000,0.000,idle,ok,3,0,imu,0.0000,0.0000,0.00,-15.00,v:m/s;w:rad/s;arm:deg
BAG,1791436632.4765,195,0,0.0000,0.0000,0.000,idle,ok,3,0,imu,0.0000,0.0000,0.00,-15.00,v:m/s;w:rad/s;arm:deg
BAG,1791436632.5079,195,0,0.0000,0.0000,0.000,idle,ok,3,0,imu,0.0000,0.0000,0.00,-15.00,v:m/s;w:rad/s;arm:deg
BAG,1791436632.5474,195,0,0.0000,0.0000,0.000,idle,ok,3,0,imu,0.0000,0.0000,0.00,-15.00,v:m/s;w:rad/s;arm:deg
BAG,1791436632.5731,195,0,0.0000,0.0000,0.000,idle,ok,3,0,imu,0.0000,0.0000,0.00,-15.00,v:m/s;w:rad/s;arm:deg
BAG,1791436632.6060,196,0,0.0000,0.0000,0.000,idle,ok,3,0,imu,0.0000,0.0000,0.00,-15.00,v:m/s;w:rad/s;arm:deg
BAG,1791436632.6425,196,0,0.0000,0.0000,0.000,idle,ok,3,0,imu,0.0000,0.0000,0.00,-15.00,v:m/s;w:rad/s;arm:deg
BAG,1791436632.6748,196,0,0.0000,0.0000,0.000,idle,ok,3,0,imu,0.0000,0.0000,0.00,-15.00,v:m/s;w:rad/s;arm:deg
BAG,1791436632.7099,196,0,0.0000,0.0000,0.000,idle,ok,3,0,imu,0.0000,0.0000,0.00,-15.00,v:m/s;w:rad/s;arm:deg
BAG,1791436632.7448,197,0,0.0000,0.0000,0.000,idle,ok,3,0,imu,0.0000,0.0000,0.00,-15.00,v:m/s;w:rad/s;arm:deg
BAG,1791436632.7724,197,0,0.0000,0.0000,0.000,idle,ok,3,0,imu,0.0000,0.0000,0.00,-15.00,v:m/s;w:rad/s;arm:deg
BAG,1791436632.8057,197,0,0.0000,0.0000,0.000,idle,ok,3,0,imu,0.0000,0.0000,0.00,-15.00,v:m/s;w:rad/s;arm:deg
BAG,1791436632.8440,197,0,0.0000,0.0000,0.000,idle,ok,3,0,imu,0.0000,0.0000,0.00,-15.00,v:m/s;w:rad/s;arm:deg
BAG,1791436632.8741,198,0,0.0000,0.0000,0.000,idle,ok,3,0,imu,0.0000,0.0000,0.00,-15.00,v:m/s;w:rad/s;arm:deg
BAG,1791436632.9060,198,0,0.0000,0.0000,0.000,idle,ok,3,0,imu,0.0000,0.0000,0.00,-15.00,v:m/s;w:rad/s;arm:deg
BAG,1791436632.9410,198,0,0.0000,0.0000,0.000,idle,ok,3,0,imu,0.0000,0.0000,0.00,-15.00,v:m/s;w:rad/s;arm:deg
BAG,1791436632.9741,198,0,0.0000,0.0000,0.000,idle,ok,3,0,imu,0.0000,0.0000,0.00,-15.00,v:m/s;w:rad/s;arm:deg
BAG,1791436633.0085,199,0,0.0000,0.0000,0.000,idle,ok,3,0,imu,0.0000,0.0000,0.00,-15.00,v:m/s;w:rad/s;arm:deg
BAG,1791436633.0408,199,0,0.0000,0.0000,0.000,idle,ok,3,0,imu,0.0000,0.0000,0.00,-15.00,v:m/s;w:rad/s;arm:deg
BAG,1791436633.0724,199,0,0.0000,0.0000,0.000,idle,ok,3,0,imu,0.0000,0.0000,0.00,-15.00,v:m/s;w:rad/s;arm:deg
BAG,1791436633.1069,200,0,0.0000,0.0000,0.000,idle,ok,3,0,imu,0.0000,0.0000,0.00,-15.00,v:m/s;w:rad/s;arm:deg
BAG,1791436633.1444,200,0,0.0000,0.0000,0.000,idle,ok,3,0,imu,0.0000,0.0000,0.00,-15.00,v:m/s;w:rad/s;arm:deg
BAG,1791436633.1733,200,0,0.0000,0.0000,0.000,idle,ok,3,0,imu,0.0000,0.0000,0.00,-15.00,v:m/s;w:rad/s;arm:deg
BAG,1791436633.2073,200,0,0.0000,0.0000,0.000,idle,ok,3,0,imu,0.0000,0.0000,0.00,-15.00,v:m/s;w:rad/s;arm:deg
BAG,1791436633.2431,200,0,0.0000,0.0000,0.000,idle,ok,3,0,imu,0.0000,0.0000,0.00,-15.00,v:m/s;w:rad/s;arm:deg
BAG,1791436633.2772,201,0,0.0000,0.0000,0.000,idle,ok,3,0,imu,0.0000,0.0000,0.00,-15.00,v:m/s;w:rad/s;arm:deg
BAG,1791436633.3059,201,0,0.0000,0.0000,0.000,idle,ok,3,0,imu,0.0000,0.0000,0.00,-15.00,v:m/s;w:rad/s;arm:deg
BAG,1791436633.3477,201,0,0.0000,0.0000,0.000,idle,ok,3,0,imu,0.0000,0.0000,0.00,-15.00,v:m/s;w:rad/s;arm:deg
BAG,1791436633.3721,201,0,0.0000,0.0000,0.000,idle,ok,3,0,imu,0.0000,0.0000,0.00,-15.00,v:m/s;w:rad/s;arm:deg
BAG,1791436633.4111,202,0,0.0000,0.0000,0.000,idle,ok,3,0,imu,0.0000,0.0000,0.00,-15.00,v:m/s;w:rad/s;arm:deg
BAG,1791436633.4407,202,0,0.0000,0.0000,0.000,idle,ok,3,0,imu,0.0000,0.0000,0.00,-15.00,v:m/s;w:rad/s;arm:deg
BAG,1791436633.4735,202,0,0.0000,0.0000,0.000,idle,ok,3,0,imu,0.0000,0.0000,0.00,-15.00,v:m/s;w:rad/s;arm:deg
BAG,1791436633.5066,202,0,0.0000,0.0000,0.000,idle,ok,3,0,imu,0.0000,0.0000,0.00,-15.00,v:m/s;w:rad/s;arm:deg
BAG,1791436633.5447,203,0,0.0000,0.0000,0.000,idle,ok,3,0,imu,0.0000,0.0000,0.00,-15.00,v:m/s;w:rad/s;arm:deg
BAG,1791436633.5780,203,0,0.0000,0.0000,0.000,idle,ok,3,0,imu,0.0000,0.0000,0.00,-15.00,v:m/s;w:rad/s;arm:deg
BAG,1791436633.6066,203,0,0.0000,0.0000,0.000,idle,ok,3,0,imu,0.0000,0.0000,0.00,-15.00,v:m/s;w:rad/s;arm:deg
BAG,1791436633.6403,203,0,0.0000,0.0000,0.000,idle,ok,3,0,imu,0.0000,0.0000,0.00,-15.00,v:m/s;w:rad/s;arm:deg
BAG,1791436633.6748,203,0,0.0000,0.0000,0.000,idle,ok,3,0,imu,0.0000,0.0000,0.00,-15.00,v:m/s;w:rad/s;arm:deg
BAG,1791436633.7075,204,0,0.0000,0.0000,0.000,idle,ok,3,0,imu,0.0000,0.0000,0.00,-15.00,v:m/s;w:rad/s;arm:deg
BAG,1791436633.7436,204,0,0.0000,0.0000,0.000,idle,ok,3,0,imu,0.0000,0.0000,0.00,-15.00,v:m/s;w:rad/s;arm:deg
BAG,1791436633.7717,204,0,0.0000,0.0000,0.000,idle,ok,3,0,imu,0.0000,0.0000,0.00,-15.00,v:m/s;w:rad/s;arm:deg
BAG,1791436633.8090,204,0,0.0000,0.0000,0.000,idle,ok,3,0,imu,0.0000,0.0000,0.00,-15.00,v:m/s;w:rad/s;arm:deg
BAG,1791436633.8477,205,0,0.0000,0.0000,0.000,idle,ok,3,0,imu,0.0000,0.0000,0.00,-15.00,v:m/s;w:rad/s;arm:deg
BAG,1791436633.8765,205,0,0.0000,0.0000,0.000,idle,ok,3,0,imu,0.0000,0.0000,0.00,-15.00,v:m/s;w:rad/s;arm:deg
BAG,1791436633.9075,205,0,0.0000,0.0000,0.000,idle,ok,3,0,imu,0.0000,0.0000,0.00,-15.00,v:m/s;w:rad/s;arm:deg
BAG,1791436633.9487,206,0,0.0000,0.0000,0.000,idle,ok,3,0,imu,0.0000,0.0000,0.00,-15.00,v:m/s;w:rad/s;arm:deg
BAG,1791436633.9744,206,0,0.0000,0.0000,0.000,idle,ok,3,0,imu,0.0000,0.0000,0.00,-15.00,v:m/s;w:rad/s;arm:deg
BAG,1791436634.0064,206,0,0.0000,0.0000,0.000,idle,ok,3,0,imu,0.0000,0.0000,0.00,-15.00,v:m/s;w:rad/s;arm:deg
BAG,1791436634.0394,206,0,0.0000,0.0000,0.000,idle,ok,3,0,imu,0.0000,0.0000,0.00,-15.00,v:m/s;w:rad/s;arm:deg
BAG,1791436634.0739,206,0,0.0000,0.0000,0.000,idle,ok,3,0,imu,0.0000,0.0000,0.00,-15.00,v:m/s;w:rad/s;arm:deg
BAG,1791436634.1069,207,0,0.0000,0.0000,0.000,idle,ok,3,0,imu,0.0000,0.0000,0.00,-15.00,v:m/s;w:rad/s;arm:deg
BAG,1791436634.1450,207,0,0.0000,0.0000,0.000,idle,ok,3,0,imu,0.0000,0.0000,0.00,-15.00,v:m/s;w:rad/s;arm:deg
BAG,1791436634.1711,207,0,0.0000,0.0000,0.000,idle,ok,3,0,imu,0.0000,0.0000,0.00,-15.00,v:m/s;w:rad/s;arm:deg
BAG,1791436634.2054,207,0,0.0000,0.0000,0.000,idle,ok,3,0,imu,0.0000,0.0000,0.00,-15.00,v:m/s;w:rad/s;arm:deg
BAG,1791436634.2417,207,0,0.0000,0.0000,0.000,idle,ok,3,0,imu,0.0000,0.0000,0.00,-15.00,v:m/s;w:rad/s;arm:deg
BAG,1791436634.2739,208,0,0.0000,0.0000,0.000,idle,ok,3,0,imu,0.0000,0.0000,0.00,-15.00,v:m/s;w:rad/s;arm:deg
BAG,1791436634.3058,208,0,0.0000,0.0000,0.000,idle,ok,3,0,imu,0.0000,0.0000,0.00,-15.00,v:m/s;w:rad/s;arm:deg
BAG,1791436634.3450,208,0,0.0000,0.0000,0.000,idle,ok,3,0,imu,0.0000,0.0000,0.00,-15.00,v:m/s;w:rad/s;arm:deg
BAG,1791436634.3763,208,0,0.0000,0.0000,0.000,idle,ok,3,0,imu,0.0000,0.0000,0.00,-15.00,v:m/s;w:rad/s;arm:deg
BAG,1791436634.4085,209,0,0.0000,0.0000,0.000,idle,ok,3,0,imu,0.0000,0.0000,0.00,-15.00,v:m/s;w:rad/s;arm:deg
BAG,1791436634.4416,209,0,0.0000,0.0000,0.000,idle,ok,3,0,imu,0.0000,0.0000,0.00,-15.00,v:m/s;w:rad/s;arm:deg
BAG,1791436634.4736,209,0,0.0000,0.0000,0.000,idle,ok,3,0,imu,0.0000,0.0000,0.00,-15.00,v:m/s;w:rad/s;arm:deg
BAG,1791436634.5065,209,0,0.0000,0.0000,0.000,idle,ok,3,0,imu,0.0000,0.0000,0.00,-15.00,v:m/s;w:rad/s;arm:deg
BAG,1791436634.5438,210,0,0.0000,0.0000,0.000,idle,ok,3,0,imu,0.0000,0.0000,0.00,-15.00,v:m/s;w:rad/s;arm:deg
BAG,1791436634.5729,210,0,0.0000,0.0000,0.000,idle,ok,3,0,imu,0.0000,0.0000,0.00,-15.00,v:m/s;w:rad/s;arm:deg
BAG,1791436634.6046,210,0,0.0000,0.0000,0.000,idle,ok,3,0,imu,0.0000,0.0000,0.00,-15.00,v:m/s;w:rad/s;arm:deg
BAG,1791436634.6420,210,0,0.0000,0.0000,0.000,idle,ok,3,0,imu,0.0000,0.0000,0.00,-15.00,v:m/s;w:rad/s;arm:deg
BAG,1791436634.6798,211,0,0.0000,0.0000,0.000,idle,ok,3,0,imu,0.0000,0.0000,0.00,-15.00,v:m/s;w:rad/s;arm:deg
BAG,1791436634.7099,211,0,0.0000,0.0000,0.000,idle,ok,3,0,imu,0.0000,0.0000,0.00,-15.00,v:m/s;w:rad/s;arm:deg
BAG,1791436634.7458,211,0,0.0000,0.0000,0.000,idle,ok,3,0,imu,0.0000,0.0000,0.00,-15.00,v:m/s;w:rad/s;arm:deg
BAG,1791436634.7767,211,0,0.0000,0.0000,0.000,idle,ok,3,0,imu,0.0000,0.0000,0.00,-15.00,v:m/s;w:rad/s;arm:deg
BAG,1791436634.8101,212,0,0.0000,0.0000,0.000,idle,ok,3,0,imu,0.0000,0.0000,0.00,-15.00,v:m/s;w:rad/s;arm:deg
BAG,1791436634.8426,212,0,0.0000,0.0000,0.000,idle,ok,3,0,imu,0.0000,0.0000,0.00,-15.00,v:m/s;w:rad/s;arm:deg
BAG,1791436634.8738,212,0,0.0000,0.0000,0.000,idle,ok,3,0,imu,0.0000,0.0000,0.00,-15.00,v:m/s;w:rad/s;arm:deg
BAG,1791436634.9059,212,0,0.0000,0.0000,0.000,idle,ok,3,0,imu,0.0000,0.0000,0.00,-15.00,v:m/s;w:rad/s;arm:deg
BAG,1791436634.9447,213,0,0.0000,0.0000,0.000,idle,ok,3,0,imu,0.0000,0.0000,0.00,-15.00,v:m/s;w:rad/s;arm:deg
BAG,1791436634.9758,213,0,0.0000,0.0000,0.000,idle,ok,3,0,imu,0.0000,0.0000,0.00,-15.00,v:m/s;w:rad/s;arm:deg
BAG,1791436635.0068,213,0,0.0000,0.0000,0.000,idle,ok,3,0,imu,0.0000,0.0000,0.00,-15.00,v:m/s;w:rad/s;arm:deg
BAG,1791436635.0421,213,0,0.0000,0.0000,0.000,idle,ok,3,0,imu,0.0000,0.0000,0.00,-15.00,v:m/s;w:rad/s;arm:deg
BAG,1791436635.0761,214,0,0.0000,0.0000,0.000,idle,ok,3,0,imu,0.0000,0.0000,0.00,-15.00,v:m/s;w:rad/s;arm:deg
BAG,1791436635.1074,214,0,0.0000,0.0000,0.000,idle,ok,3,0,imu,0.0000,0.0000,0.00,-15.00,v:m/s;w:rad/s;arm:deg
BAG,1791436635.1561,214,0,0.0000,0.0000,0.000,idle,ok,3,0,imu,0.0000,0.0000,0.00,-15.00,v:m/s;w:rad/s;arm:deg
BAG,1791436635.1726,214,0,0.0000,0.0000,0.000,idle,ok,3,0,imu,0.0000,0.0000,0.00,-15.00,v:m/s;w:rad/s;arm:deg
BAG,1791436635.2081,215,0,0.0000,0.0000,0.000,idle,ok,3,0,imu,0.0000,0.0000,0.00,-15.00,v:m/s;w:rad/s;arm:deg
BAG,1791436635.2461,215,0,0.0000,0.0000,0.000,idle,ok,3,0,imu,0.0000,0.0000,0.00,-15.00,v:m/s;w:rad/s;arm:deg
BAG,1791436635.2724,215,0,0.0000,0.0000,0.000,idle,ok,3,0,imu,0.0000,0.0000,0.00,-15.00,v:m/s;w:rad/s;arm:deg
BAG,1791436635.3091,215,0,0.0000,0.0000,0.000,idle,ok,3,0,imu,0.0000,0.0000,0.00,-15.00,v:m/s;w:rad/s;arm:deg
BAG,1791436635.3516,216,0,0.0000,0.0000,0.000,idle,ok,3,0,imu,0.0000,0.0000,0.00,-15.00,v:m/s;w:rad/s;arm:deg
BAG,1791436635.3735,216,0,0.0000,0.0000,0.000,idle,ok,3,0,imu,0.0000,0.0000,0.00,-15.00,v:m/s;w:rad/s;arm:deg
BAG,1791436635.4058,216,0,0.0000,0.0000,0.000,idle,ok,3,0,imu,0.0000,0.0000,0.00,-15.00,v:m/s;w:rad/s;arm:deg
BAG,1791436635.4393,216,0,0.0000,0.0000,0.000,idle,ok,3,0,imu,0.0000,0.0000,0.00,-15.00,v:m/s;w:rad/s;arm:deg
BAG,1791436635.4768,217,0,0.0000,0.0000,0.000,idle,ok,3,0,imu,0.0000,0.0000,0.00,-15.00,v:m/s;w:rad/s;arm:deg
BAG,1791436635.5066,217,0,0.0000,0.0000,0.000,idle,ok,3,0,imu,0.0000,0.0000,0.00,-15.00,v:m/s;w:rad/s;arm:deg
BAG,1791436635.5406,217,0,0.0000,0.0000,0.000,idle,ok,3,0,imu,0.0000,0.0000,0.00,-15.00,v:m/s;w:rad/s;arm:deg
BAG,1791436635.5722,217,0,0.0000,0.0000,0.000,idle,ok,3,0,imu,0.0000,0.0000,0.00,-15.00,v:m/s;w:rad/s;arm:deg
BAG,1791436635.6064,218,0,0.0000,0.0000,0.000,idle,ok,3,0,imu,0.0000,0.0000,0.00,-15.00,v:m/s;w:rad/s;arm:deg
BAG,1791436635.6431,218,0,0.0000,0.0000,0.000,idle,ok,3,0,imu,0.0000,0.0000,0.00,-15.00,v:m/s;w:rad/s;arm:deg
BAG,1791436635.6719,218,0,0.0000,0.0000,0.000,idle,ok,3,0,imu,0.0000,0.0000,0.00,-15.00,v:m/s;w:rad/s;arm:deg
BAG,1791436635.7051,218,0,0.0000,0.0000,0.000,idle,ok,3,0,imu,0.0000,0.0000,0.00,-15.00,v:m/s;w:rad/s;arm:deg
BAG,1791436635.7460,219,0,0.0000,0.0000,0.000,idle,ok,3,0,imu,0.0000,0.0000,0.00,-15.00,v:m/s;w:rad/s;arm:deg
BAG,1791436635.7736,219,0,0.0000,0.0000,0.000,idle,ok,3,0,imu,0.0000,0.0000,0.00,-15.00,v:m/s;w:rad/s;arm:deg
BAG,1791436635.8087,219,0,0.0000,0.0000,0.000,idle,ok,3,0,imu,0.0000,0.0000,0.00,-15.00,v:m/s;w:rad/s;arm:deg
BAG,1791436635.8395,219,0,0.0000,0.0000,0.000,idle,ok,3,0,imu,0.0000,0.0000,0.00,-15.00,v:m/s;w:rad/s;arm:deg
BAG,1791436635.8733,219,0,0.0000,0.0000,0.000,idle,ok,3,0,imu,0.0000,0.0000,0.00,-15.00,v:m/s;w:rad/s;arm:deg
BAG,1791436635.9081,220,0,0.0000,0.0000,0.000,idle,ok,3,0,imu,0.0000,0.0000,0.00,-15.00,v:m/s;w:rad/s;arm:deg
BAG,1791436635.9492,220,0,0.0000,0.0000,0.000,idle,ok,3,0,imu,0.0000,0.0000,0.00,-15.00,v:m/s;w:rad/s;arm:deg
BAG,1791436635.9736,220,0,0.0000,0.0000,0.000,idle,ok,3,0,imu,0.0000,0.0000,0.00,-15.00,v:m/s;w:rad/s;arm:deg
BAG,1791436636.0065,220,0,0.0000,0.0000,0.000,idle,ok,3,0,imu,0.0000,0.0000,0.00,-15.00,v:m/s;w:rad/s;arm:deg
BAG,1791436636.0442,221,0,0.0000,0.0000,0.000,idle,ok,3,0,imu,0.0000,0.0000,0.00,-15.00,v:m/s;w:rad/s;arm:deg
BAG,1791436636.0728,221,0,0.0000,0.0000,0.000,idle,ok,3,0,imu,0.0000,0.0000,0.00,-15.00,v:m/s;w:rad/s;arm:deg
BAG,1791436636.1066,221,0,0.0000,0.0000,0.000,idle,ok,3,0,imu,0.0000,0.0000,0.00,-15.00,v:m/s;w:rad/s;arm:deg
BAG,1791436636.1452,221,0,0.0000,0.0000,0.000,idle,ok,3,0,imu,0.0000,0.0000,0.00,-15.00,v:m/s;w:rad/s;arm:deg
BAG,1791436636.1786,222,0,0.0000,0.0000,0.000,idle,ok,3,0,imu,0.0000,0.0000,0.00,-15.00,v:m/s;w:rad/s;arm:deg
BAG,1791436636.2085,222,0,0.0000,0.0000,0.000,idle,ok,3,0,imu,0.0000,0.0000,0.00,-15.00,v:m/s;w:rad/s;arm:deg
BAG,1791436636.2426,222,0,0.0000,0.0000,0.000,idle,ok,3,0,imu,0.0000,0.0000,0.00,-15.00,v:m/s;w:rad/s;arm:deg
BAG,1791436636.2742,222,0,0.0000,0.0000,0.000,idle,ok,3,0,imu,0.0000,0.0000,0.00,-15.00,v:m/s;w:rad/s;arm:deg
BAG,1791436636.3082,223,0,0.0000,0.0000,0.000,idle,ok,3,0,imu,0.0000,0.0000,0.00,-15.00,v:m/s;w:rad/s;arm:deg
BAG,1791436636.3535,223,0,0.0000,0.0000,0.000,idle,ok,3,0,imu,0.0000,0.0000,0.00,-15.00,v:m/s;w:rad/s;arm:deg
BAG,1791436636.3726,223,0,0.0000,0.0000,0.000,idle,ok,3,0,imu,0.0000,0.0000,0.00,-15.00,v:m/s;w:rad/s;arm:deg
BAG,1791436636.4065,223,0,0.0000,0.0000,0.000,idle,ok,3,0,imu,0.0000,0.0000,0.00,-15.00,v:m/s;w:rad/s;arm:deg
BAG,1791436636.4482,224,0,0.0000,0.0000,0.000,idle,ok,3,0,imu,0.0000,0.0000,0.00,-15.00,v:m/s;w:rad/s;arm:deg
BAG,1791436636.4745,224,0,0.0000,0.0000,0.000,idle,ok,3,0,imu,0.0000,0.0000,0.00,-15.00,v:m/s;w:rad/s;arm:deg
BAG,1791436636.5081,224,0,0.0000,0.0000,0.000,idle,ok,3,0,imu,0.0000,0.0000,0.00,-15.00,v:m/s;w:rad/s;arm:deg
BAG,1791436636.5478,224,0,0.0000,0.0000,0.000,idle,ok,3,0,imu,0.0000,0.0000,0.00,-15.00,v:m/s;w:rad/s;arm:deg
BAG,1791436636.5762,225,0,0.0000,0.0000,0.000,idle,ok,3,0,imu,0.0000,0.0000,0.00,-15.00,v:m/s;w:rad/s;arm:deg
BAG,1791436636.6073,225,0,0.0000,0.0000,0.000,idle,ok,3,0,imu,0.0000,0.0000,0.00,-15.00,v:m/s;w:rad/s;arm:deg
BAG,1791436636.6421,225,0,0.0000,0.0000,0.000,idle,ok,3,0,imu,0.0000,0.0000,0.00,-15.00,v:m/s;w:rad/s;arm:deg
BAG,1791436636.6751,225,0,0.0000,0.0000,0.000,idle,ok,3,0,imu,0.0000,0.0000,0.00,-15.00,v:m/s;w:rad/s;arm:deg
BAG,1791436636.7107,226,0,0.0000,0.0000,0.000,idle,ok,3,0,imu,0.0000,0.0000,0.00,-15.00,v:m/s;w:rad/s;arm:deg
BAG,1791436636.7453,226,0,0.0000,0.0000,0.000,idle,ok,3,0,imu,0.0000,0.0000,0.00,-15.00,v:m/s;w:rad/s;arm:deg
BAG,1791436636.7810,226,0,0.0000,0.0000,0.000,idle,ok,3,0,imu,0.0000,0.0000,0.00,-15.00,v:m/s;w:rad/s;arm:deg
BAG,1791436636.8096,226,0,0.0000,0.0000,0.000,idle,ok,3,0,imu,0.0000,0.0000,0.00,-15.00,v:m/s;w:rad/s;arm:deg
BAG,1791436636.8473,227,0,0.0000,0.0000,0.000,idle,ok,3,0,imu,0.0000,0.0000,0.00,-15.00,v:m/s;w:rad/s;arm:deg
BAG,1791436636.8739,227,0,0.0000,0.0000,0.000,idle,ok,3,0,imu,0.0000,0.0000,0.00,-15.00,v:m/s;w:rad/s;arm:deg
BAG,1791436636.9070,227,0,0.0000,0.0000,0.000,idle,ok,3,0,imu,0.0000,0.0000,0.00,-15.00,v:m/s;w:rad/s;arm:deg
BAG,1791436636.9428,227,0,0.0000,0.0000,0.000,idle,ok,3,0,imu,0.0000,0.0000,0.00,-15.00,v:m/s;w:rad/s;arm:deg
BAG,1791436636.9788,227,0,0.0000,0.0000,0.000,idle,ok,3,0,imu,0.0000,0.0000,0.00,-15.00,v:m/s;w:rad/s;arm:deg
BAG,1791436637.0080,228,0,0.0000,0.0000,0.000,idle,ok,3,0,imu,0.0000,0.0000,0.00,-15.00,v:m/s;w:rad/s;arm:deg
BAG,1791436637.0443,228,0,0.0000,0.0000,0.000,idle,ok,3,0,imu,0.0000,0.0000,0.00,-15.00,v:m/s;w:rad/s;arm:deg
BAG,1791436637.0720,228,0,0.0000,0.0000,0.000,idle,ok,3,0,imu,0.0000,0.0000,0.00,-15.00,v:m/s;w:rad/s;arm:deg
BAG,1791436637.1075,229,0,0.0000,0.0000,0.000,idle,ok,3,0,imu,0.0000,0.0000,0.00,-15.00,v:m/s;w:rad/s;arm:deg
BAG,1791436637.1453,229,0,0.0000,0.0000,0.000,idle,ok,3,0,imu,0.0000,0.0000,0.00,-15.00,v:m/s;w:rad/s;arm:deg
BAG,1791436637.1727,229,0,0.0000,0.0000,0.000,idle,ok,3,0,imu,0.0000,0.0000,0.00,-15.00,v:m/s;w:rad/s;arm:deg
BAG,1791436637.2058,229,0,0.0000,0.0000,0.000,idle,ok,3,0,imu,0.0000,0.0000,0.00,-15.00,v:m/s;w:rad/s;arm:deg
BAG,1791436637.2386,229,0,0.0000,0.0000,0.000,idle,ok,3,0,imu,0.0000,0.0000,0.00,-15.00,v:m/s;w:rad/s;arm:deg
BAG,1791436637.2760,230,0,0.0000,0.0000,0.000,idle,ok,3,0,imu,0.0000,0.0000,0.00,-15.00,v:m/s;w:rad/s;arm:deg
BAG,1791436637.3066,230,0,0.0000,0.0000,0.000,idle,ok,3,0,imu,0.0000,0.0000,0.00,-15.00,v:m/s;w:rad/s;arm:deg
BAG,1791436637.3431,230,0,0.0000,0.0000,0.000,idle,ok,3,0,imu,0.0000,0.0000,0.00,-15.00,v:m/s;w:rad/s;arm:deg
BAG,1791436637.3754,230,0,0.0000,0.0000,0.000,idle,ok,3,0,imu,0.0000,0.0000,0.00,-15.00,v:m/s;w:rad/s;arm:deg
BAG,1791436637.4093,231,0,0.0000,0.0000,0.000,idle,ok,3,0,imu,0.0000,0.0000,0.00,-15.00,v:m/s;w:rad/s;arm:deg
BAG,1791436637.4418,231,0,0.0000,0.0000,0.000,idle,ok,3,0,imu,0.0000,0.0000,0.00,-15.00,v:m/s;w:rad/s;arm:deg
BAG,1791436637.4727,231,0,0.0000,0.0000,0.000,idle,ok,3,0,imu,0.0000,0.0000,0.00,-15.00,v:m/s;w:rad/s;arm:deg
BAG,1791436637.5109,231,0,0.0000,0.0000,0.000,idle,ok,3,0,imu,0.0000,0.0000,0.00,-15.00,v:m/s;w:rad/s;arm:deg
BAG,1791436637.5504,232,0,0.0000,0.0000,0.000,idle,ok,3,0,imu,0.0000,0.0000,0.00,-15.00,v:m/s;w:rad/s;arm:deg
BAG,1791436637.5786,232,0,0.0000,0.0000,0.000,idle,ok,3,0,imu,0.0000,0.0000,0.00,-15.00,v:m/s;w:rad/s;arm:deg
BAG,1791436637.6076,232,0,0.0000,0.0000,0.000,idle,ok,3,0,imu,0.0000,0.0000,0.00,-15.00,v:m/s;w:rad/s;arm:deg
BAG,1791436637.6405,232,0,0.0000,0.0000,0.000,idle,ok,3,0,imu,0.0000,0.0000,0.00,-15.00,v:m/s;w:rad/s;arm:deg
BAG,1791436637.6799,233,0,0.0000,0.0000,0.000,idle,ok,3,0,imu,0.0000,0.0000,0.00,-15.00,v:m/s;w:rad/s;arm:deg
BAG,1791436637.7083,233,0,0.0000,0.0000,0.000,idle,ok,3,0,imu,0.0000,0.0000,0.00,-15.00,v:m/s;w:rad/s;arm:deg
BAG,1791436637.7462,233,0,0.0000,0.0000,0.000,idle,ok,3,0,imu,0.0000,0.0000,0.00,-15.00,v:m/s;w:rad/s;arm:deg
BAG,1791436637.7747,233,0,0.0000,0.0000,0.000,idle,ok,3,0,imu,0.0000,0.0000,0.00,-15.00,v:m/s;w:rad/s;arm:deg
BAG,1791436637.8067,233,0,0.0000,0.0000,0.000,idle,ok,3,0,imu,0.0000,0.0000,0.00,-15.00,v:m/s;w:rad/s;arm:deg
BAG,1791436637.8434,234,0,0.0000,0.0000,0.000,idle,ok,3,0,imu,0.0000,0.0000,0.00,-15.00,v:m/s;w:rad/s;arm:deg
BAG,1791436637.8747,234,0,0.0000,0.0000,0.000,idle,ok,3,0,imu,0.0000,0.0000,0.00,-15.00,v:m/s;w:rad/s;arm:deg
BAG,1791436637.9059,234,0,0.0000,0.0000,0.000,idle,ok,3,0,imu,0.0000,0.0000,0.00,-15.00,v:m/s;w:rad/s;arm:deg
BAG,1791436637.9519,235,0,0.0000,0.0000,0.000,idle,ok,3,0,imu,0.0000,0.0000,0.00,-15.00,v:m/s;w:rad/s;arm:deg
BAG,1791436637.9745,235,0,0.0000,0.0000,0.000,idle,ok,3,0,imu,0.0000,0.0000,0.00,-15.00,v:m/s;w:rad/s;arm:deg
BAG,1791436638.0077,235,0,0.0000,0.0000,0.000,idle,ok,3,0,imu,0.0000,0.0000,0.00,-15.00,v:m/s;w:rad/s;arm:deg
BAG,1791436638.0448,235,0,0.0000,0.0000,0.000,idle,ok,3,0,imu,0.0000,0.0000,0.00,-15.00,v:m/s;w:rad/s;arm:deg
BAG,1791436638.0861,236,0,0.0000,0.0000,0.000,idle,ok,3,0,imu,0.0000,0.0000,0.00,-15.00,v:m/s;w:rad/s;arm:deg
BAG,1791436638.1095,236,0,0.0000,0.0000,0.000,idle,ok,3,0,imu,0.0000,0.0000,0.00,-15.00,v:m/s;w:rad/s;arm:deg
BAG,1791436638.1456,236,0,0.0000,0.0000,0.000,idle,ok,3,0,imu,0.0000,0.0000,0.00,-15.00,v:m/s;w:rad/s;arm:deg
BAG,1791436638.1727,236,0,0.0000,0.0000,0.000,idle,ok,3,0,imu,0.0000,0.0000,0.00,-15.00,v:m/s;w:rad/s;arm:deg
BAG,1791436638.2148,237,0,0.0000,0.0000,0.000,idle,ok,3,0,imu,0.0000,0.0000,0.00,-15.00,v:m/s;w:rad/s;arm:deg
BAG,1791436638.2435,237,0,0.0000,0.0000,0.000,idle,ok,3,0,imu,0.0000,0.0000,0.00,-15.00,v:m/s;w:rad/s;arm:deg
BAG,1791436638.2751,237,0,0.0000,0.0000,0.000,idle,ok,3,0,imu,0.0000,0.0000,0.00,-15.00,v:m/s;w:rad/s;arm:deg
BAG,1791436638.3177,237,0,0.0000,0.0000,0.000,idle,ok,3,0,imu,0.0000,0.0000,0.00,-15.00,v:m/s;w:rad/s;arm:deg
BAG,1791436638.3481,238,0,0.0000,0.0000,0.000,idle,ok,3,0,imu,0.0000,0.0000,0.00,-15.00,v:m/s;w:rad/s;arm:deg
BAG,1791436638.3743,238,0,0.0000,0.0000,0.000,idle,ok,3,0,imu,0.0000,0.0000,0.00,-15.00,v:m/s;w:rad/s;arm:deg
BAG,1791436638.4060,238,0,0.0000,0.0000,0.000,idle,ok,3,0,imu,0.0000,0.0000,0.00,-15.00,v:m/s;w:rad/s;arm:deg
BAG,1791436638.4421,238,0,0.0000,0.0000,0.000,idle,ok,3,0,imu,0.0000,0.0000,0.00,-15.00,v:m/s;w:rad/s;arm:deg
BAG,1791436638.4716,238,0,0.0000,0.0000,0.000,idle,ok,3,0,imu,0.0000,0.0000,0.00,-15.00,v:m/s;w:rad/s;arm:deg
BAG,1791436638.5070,239,0,0.0000,0.0000,0.000,idle,ok,3,0,imu,0.0000,0.0000,0.00,-15.00,v:m/s;w:rad/s;arm:deg
BAG,1791436638.5469,239,0,0.0000,0.0000,0.000,idle,ok,3,0,imu,0.0000,0.0000,0.00,-15.00,v:m/s;w:rad/s;arm:deg
BAG,1791436638.5776,239,0,0.0000,0.0000,0.000,idle,ok,3,0,imu,0.0000,0.0000,0.00,-15.00,v:m/s;w:rad/s;arm:deg
BAG,1791436638.6072,239,0,0.0000,0.0000,0.000,idle,ok,3,0,imu,0.0000,0.0000,0.00,-15.00,v:m/s;w:rad/s;arm:deg
BAG,1791436638.6419,240,0,0.0000,0.0000,0.000,idle,ok,3,0,imu,0.0000,0.0000,0.00,-15.00,v:m/s;w:rad/s;arm:deg
BAG,1791436638.6742,240,0,0.0000,0.0000,0.000,idle,ok,3,0,imu,0.0000,0.0000,0.00,-15.00,v:m/s;w:rad/s;arm:deg
BAG,1791436638.7067,240,0,0.0000,0.0000,0.000,idle,ok,3,0,imu,0.0000,0.0000,0.00,-15.00,v:m/s;w:rad/s;arm:deg
BAG,1791436638.7508,240,0,0.0000,0.0000,0.000,idle,ok,3,0,imu,0.0000,0.0000,0.00,-15.00,v:m/s;w:rad/s;arm:deg
BAG,1791436638.7772,241,0,0.0000,0.0000,0.000,idle,ok,3,0,imu,0.0000,0.0000,0.00,-15.00,v:m/s;w:rad/s;arm:deg
BAG,1791436638.8062,241,0,0.0000,0.0000,0.000,idle,ok,3,0,imu,0.0000,0.0000,0.00,-15.00,v:m/s;w:rad/s;arm:deg
BAG,1791436638.8409,241,0,0.0000,0.0000,0.000,idle,ok,3,0,imu,0.0000,0.0000,0.00,-15.00,v:m/s;w:rad/s;arm:deg
BAG,1791436638.8736,241,0,0.0000,0.0000,0.000,idle,ok,3,0,imu,0.0000,0.0000,0.00,-15.00,v:m/s;w:rad/s;arm:deg
BAG,1791436638.9073,242,0,0.0000,0.0000,0.000,idle,ok,3,0,imu,0.0000,0.0000,0.00,-15.00,v:m/s;w:rad/s;arm:deg
BAG,1791436638.9439,242,0,0.0000,0.0000,0.000,idle,ok,3,0,imu,0.0000,0.0000,0.00,-15.00,v:m/s;w:rad/s;arm:deg
BAG,1791436638.9747,242,0,0.0000,0.0000,0.000,idle,ok,3,0,imu,0.0000,0.0000,0.00,-15.00,v:m/s;w:rad/s;arm:deg
BAG,1791436639.0079,242,0,0.0000,0.0000,0.000,idle,ok,3,0,imu,0.0000,0.0000,0.00,-15.00,v:m/s;w:rad/s;arm:deg
BAG,1791436639.0441,242,0,0.0000,0.0000,0.000,idle,ok,3,0,imu,0.0000,0.0000,0.00,-15.00,v:m/s;w:rad/s;arm:deg
BAG,1791436639.0772,243,0,0.0000,0.0000,0.000,idle,ok,3,0,imu,0.0000,0.0000,0.00,-15.00,v:m/s;w:rad/s;arm:deg
BAG,1791436639.1071,243,0,0.0000,0.0000,0.000,idle,ok,3,0,imu,0.0000,0.0000,0.00,-15.00,v:m/s;w:rad/s;arm:deg
BAG,1791436639.1480,243,0,0.0000,0.0000,0.000,idle,ok,3,0,imu,0.0000,0.0000,0.00,-15.00,v:m/s;w:rad/s;arm:deg
BAG,1791436639.1774,244,0,0.0000,0.0000,0.000,idle,ok,3,0,imu,0.0000,0.0000,0.00,-15.00,v:m/s;w:rad/s;arm:deg
BAG,1791436639.2110,244,0,0.0000,0.0000,0.000,idle,ok,3,0,imu,0.0000,0.0000,0.00,-15.00,v:m/s;w:rad/s;arm:deg
BAG,1791436639.2407,244,0,0.0000,0.0000,0.000,idle,ok,3,0,imu,0.0000,0.0000,0.00,-15.00,v:m/s;w:rad/s;arm:deg
BAG,1791436639.2738,244,0,0.0000,0.0000,0.000,idle,ok,3,0,imu,0.0000,0.0000,0.00,-15.00,v:m/s;w:rad/s;arm:deg
BAG,1791436639.3081,245,0,0.0000,0.0000,0.000,idle,ok,3,0,imu,0.0000,0.0000,0.00,-15.00,v:m/s;w:rad/s;arm:deg
BAG,1791436639.3502,245,0,0.0000,0.0000,0.000,idle,ok,3,0,imu,0.0000,0.0000,0.00,-15.00,v:m/s;w:rad/s;arm:deg
BAG,1791436639.3737,245,0,0.0000,0.0000,0.000,idle,ok,3,0,imu,0.0000,0.0000,0.00,-15.00,v:m/s;w:rad/s;arm:deg
BAG,1791436639.4121,245,0,0.0000,0.0000,0.000,idle,ok,3,0,imu,0.0000,0.0000,0.00,-15.00,v:m/s;w:rad/s;arm:deg
BAG,1791436639.4503,246,0,0.0000,0.0000,0.000,idle,ok,3,0,imu,0.0000,0.0000,0.00,-15.00,v:m/s;w:rad/s;arm:deg
BAG,1791436639.4763,246,0,0.0000,0.0000,0.000,idle,ok,3,0,imu,0.0000,0.0000,0.00,-15.00,v:m/s;w:rad/s;arm:deg
BAG,1791436639.5071,246,0,0.0000,0.0000,0.000,idle,ok,3,0,imu,0.0000,0.0000,0.00,-15.00,v:m/s;w:rad/s;arm:deg
BAG,1791436639.5592,246,0,0.0000,0.0000,0.000,idle,ok,3,0,imu,0.0000,0.0000,0.00,-15.00,v:m/s;w:rad/s;arm:deg
BAG,1791436639.5803,247,0,0.0000,0.0000,0.000,idle,ok,3,0,imu,0.0000,0.0000,0.00,-15.00,v:m/s;w:rad/s;arm:deg
BAG,1791436639.6067,247,0,0.0000,0.0000,0.000,idle,ok,3,0,imu,0.0000,0.0000,0.00,-15.00,v:m/s;w:rad/s;arm:deg
BAG,1791436639.6396,247,0,0.0000,0.0000,0.000,idle,ok,3,0,imu,0.0000,0.0000,0.00,-15.00,v:m/s;w:rad/s;arm:deg
BAG,1791436639.6728,247,0,0.0000,0.0000,0.000,idle,ok,3,0,imu,0.0000,0.0000,0.00,-15.00,v:m/s;w:rad/s;arm:deg
BAG,1791436639.7082,248,0,0.0000,0.0000,0.000,idle,ok,3,0,imu,0.0000,0.0000,0.00,-15.00,v:m/s;w:rad/s;arm:deg
BAG,1791436639.7459,248,0,0.0000,0.0000,0.000,idle,ok,3,0,imu,0.0000,0.0000,0.00,-15.00,v:m/s;w:rad/s;arm:deg
BAG,1791436639.7730,248,0,0.0000,0.0000,0.000,idle,ok,3,0,imu,0.0000,0.0000,0.00,-15.00,v:m/s;w:rad/s;arm:deg
BAG,1791436639.8062,248,0,0.0000,0.0000,0.000,idle,ok,3,0,imu,0.0000,0.0000,0.00,-15.00,v:m/s;w:rad/s;arm:deg
BAG,1791436639.8477,249,0,0.0000,0.0000,0.000,idle,ok,3,0,imu,0.0000,0.0000,0.00,-15.00,v:m/s;w:rad/s;arm:deg
BAG,1791436639.8780,249,0,0.0000,0.0000,0.000,idle,ok,3,0,imu,0.0000,0.0000,0.00,-15.00,v:m/s;w:rad/s;arm:deg
BAG,1791436639.9076,249,0,0.0000,0.0000,0.000,idle,ok,3,0,imu,0.0000,0.0000,0.00,-15.00,v:m/s;w:rad/s;arm:deg
BAG,1791436639.9473,249,0,0.0000,0.0000,0.000,idle,ok,3,0,imu,0.0000,0.0000,0.00,-15.00,v:m/s;w:rad/s;arm:deg
BAG,1791436639.9770,250,0,0.0000,0.0000,0.000,idle,ok,3,0,imu,0.0000,0.0000,0.00,-15.00,v:m/s;w:rad/s;arm:deg
BAG,1791436640.0078,250,0,0.0000,0.0000,0.000,idle,ok,3,0,imu,0.0000,0.0000,0.00,-15.00,v:m/s;w:rad/s;arm:deg
BAG,1791436640.0418,250,0,0.0000,0.0000,0.000,idle,ok,3,0,imu,0.0000,0.0000,0.00,-15.00,v:m/s;w:rad/s;arm:deg
BAG,1791436640.0741,250,0,0.0000,0.0000,0.000,idle,ok,3,0,imu,0.0000,0.0000,0.00,-15.00,v:m/s;w:rad/s;arm:deg
BAG,1791436640.1079,251,0,0.0000,0.0000,0.000,idle,ok,3,0,imu,0.0000,0.0000,0.00,-15.00,v:m/s;w:rad/s;arm:deg
BAG,1791436640.1475,251,0,0.0000,0.0000,0.000,idle,ok,3,0,imu,0.0000,0.0000,0.00,-15.00,v:m/s;w:rad/s;arm:deg
BAG,1791436640.1742,251,0,0.0000,0.0000,0.000,idle,ok,3,0,imu,0.0000,0.0000,0.00,-15.00,v:m/s;w:rad/s;arm:deg
BAG,1791436640.2076,251,0,0.0000,0.0000,0.000,idle,ok,3,0,imu,0.0000,0.0000,0.00,-15.00,v:m/s;w:rad/s;arm:deg
BAG,1791436640.2499,252,0,0.0000,0.0000,0.000,idle,ok,3,0,imu,0.0000,0.0000,0.00,-15.00,v:m/s;w:rad/s;arm:deg
BAG,1791436640.2766,252,0,0.0000,0.0000,0.000,idle,ok,3,0,imu,0.0000,0.0000,0.00,-15.00,v:m/s;w:rad/s;arm:deg
BAG,1791436640.3066,252,0,0.0000,0.0000,0.000,idle,ok,3,0,imu,0.0000,0.0000,0.00,-15.00,v:m/s;w:rad/s;arm:deg
BAG,1791436640.3504,252,0,0.0000,0.0000,0.000,idle,ok,3,0,imu,0.0000,0.0000,0.00,-15.00,v:m/s;w:rad/s;arm:deg
BAG,1791436640.3789,253,0,0.0000,0.0000,0.000,idle,ok,3,0,imu,0.0000,0.0000,0.00,-15.00,v:m/s;w:rad/s;arm:deg
BAG,1791436640.4065,253,0,0.0000,0.0000,0.000,idle,ok,3,0,imu,0.0000,0.0000,0.00,-15.00,v:m/s;w:rad/s;arm:deg
BAG,1791436640.4436,253,0,0.0000,0.0000,0.000,idle,ok,3,0,imu,0.0000,0.0000,0.00,-15.00,v:m/s;w:rad/s;arm:deg
BAG,1791436640.4745,253,0,0.0000,0.0000,0.000,idle,ok,3,0,imu,0.0000,0.0000,0.00,-15.00,v:m/s;w:rad/s;arm:deg
BAG,1791436640.5091,254,0,0.0000,0.0000,0.000,idle,ok,3,0,imu,0.0000,0.0000,0.00,-15.00,v:m/s;w:rad/s;arm:deg
BAG,1791436640.5474,254,0,0.0000,0.0000,0.000,idle,ok,3,0,imu,0.0000,0.0000,0.00,-15.00,v:m/s;w:rad/s;arm:deg
BAG,1791436640.5761,254,0,0.0000,0.0000,0.000,idle,ok,3,0,imu,0.0000,0.0000,0.00,-15.00,v:m/s;w:rad/s;arm:deg
BAG,1791436640.6068,254,0,0.0000,0.0000,0.000,idle,ok,3,0,imu,0.0000,0.0000,0.00,-15.00,v:m/s;w:rad/s;arm:deg
BAG,1791436640.6426,254,0,0.0000,0.0000,0.000,idle,ok,3,0,imu,0.0000,0.0000,0.00,-15.00,v:m/s;w:rad/s;arm:deg
BAG,1791436640.6819,255,0,0.0000,0.0000,0.000,idle,ok,3,0,imu,0.0000,0.0000,0.00,-15.00,v:m/s;w:rad/s;arm:deg
BAG,1791436640.7117,255,0,0.0000,0.0000,0.000,idle,ok,3,0,imu,0.0000,0.0000,0.00,-15.00,v:m/s;w:rad/s;arm:deg
BAG,1791436640.7483,255,0,0.0000,0.0000,0.000,idle,ok,3,0,imu,0.0000,0.0000,0.00,-15.00,v:m/s;w:rad/s;arm:deg
BAG,1791436640.7759,255,0,0.0000,0.0000,0.000,idle,ok,3,0,imu,0.0000,0.0000,0.00,-15.00,v:m/s;w:rad/s;arm:deg
BAG,1791436640.8074,256,0,0.0000,0.0000,0.000,idle,ok,3,0,imu,0.0000,0.0000,0.00,-15.00,v:m/s;w:rad/s;arm:deg
BAG,1791436640.8459,256,0,0.0000,0.0000,0.000,idle,ok,3,0,imu,0.0000,0.0000,0.00,-15.00,v:m/s;w:rad/s;arm:deg
BAG,1791436640.8790,256,0,0.0000,0.0000,0.000,idle,ok,3,0,imu,0.0000,0.0000,0.00,-15.00,v:m/s;w:rad/s;arm:deg
BAG,1791436640.9051,256,0,0.0000,0.0000,0.000,idle,ok,3,0,imu,0.0000,0.0000,0.00,-15.00,v:m/s;w:rad/s;arm:deg
BAG,1791436640.9465,257,0,0.0000,0.0000,0.000,idle,ok,3,0,imu,0.0000,0.0000,0.00,-15.00,v:m/s;w:rad/s;arm:deg
BAG,1791436640.9744,257,0,0.0000,0.0000,0.000,idle,ok,3,0,imu,0.0000,0.0000,0.00,-15.00,v:m/s;w:rad/s;arm:deg
BAG,1791436641.0070,257,0,0.0000,0.0000,0.000,idle,ok,3,0,imu,0.0000,0.0000,0.00,-15.00,v:m/s;w:rad/s;arm:deg
BAG,1791436641.0439,257,0,0.0000,0.0000,0.000,idle,ok,3,0,imu,0.0000,0.0000,0.00,-15.00,v:m/s;w:rad/s;arm:deg
BAG,1791436641.0747,258,0,0.0000,0.0000,0.000,idle,ok,3,0,imu,0.0000,0.0000,0.00,-15.00,v:m/s;w:rad/s;arm:deg
BAG,1791436641.1109,258,0,0.0000,0.0000,0.000,idle,ok,3,0,imu,0.0000,0.0000,0.00,-15.00,v:m/s;w:rad/s;arm:deg
BAG,1791436641.1446,258,0,0.0000,0.0000,0.000,idle,ok,3,0,imu,0.0000,0.0000,0.00,-15.00,v:m/s;w:rad/s;arm:deg
BAG,1791436641.1755,258,0,0.0000,0.0000,0.000,idle,ok,3,0,imu,0.0000,0.0000,0.00,-15.00,v:m/s;w:rad/s;arm:deg
BAG,1791436641.2090,258,0,0.0000,0.0000,0.000,idle,ok,3,0,imu,0.0000,0.0000,0.00,-15.00,v:m/s;w:rad/s;arm:deg
BAG,1791436641.2451,259,0,0.0000,0.0000,0.000,idle,ok,3,0,imu,0.0000,0.0000,0.00,-15.00,v:m/s;w:rad/s;arm:deg
BAG,1791436641.2730,259,0,0.0000,0.0000,0.000,idle,ok,3,0,imu,0.0000,0.0000,0.00,-15.00,v:m/s;w:rad/s;arm:deg
BAG,1791436641.3104,259,0,0.0000,0.0000,0.000,idle,ok,3,0,imu,0.0000,0.0000,0.00,-15.00,v:m/s;w:rad/s;arm:deg
BAG,1791436641.3517,260,0,0.0000,0.0000,0.000,idle,ok,3,0,imu,0.0000,0.0000,0.00,-15.00,v:m/s;w:rad/s;arm:deg
BAG,1791436641.3793,260,0,0.0000,0.0000,0.000,idle,ok,3,0,imu,0.0000,0.0000,0.00,-15.00,v:m/s;w:rad/s;arm:deg
BAG,1791436641.4075,260,0,0.0000,0.0000,0.000,idle,ok,3,0,imu,0.0000,0.0000,0.00,-15.00,v:m/s;w:rad/s;arm:deg
BAG,1791436641.4399,260,0,0.0000,0.0000,0.000,idle,ok,3,0,imu,0.0000,0.0000,0.00,-15.00,v:m/s;w:rad/s;arm:deg
BAG,1791436641.4763,261,0,0.0000,0.0000,0.000,idle,ok,3,0,imu,0.0000,0.0000,0.00,-15.00,v:m/s;w:rad/s;arm:deg
BAG,1791436641.5096,261,0,0.0000,0.0000,0.000,idle,ok,3,0,imu,0.0000,0.0000,0.00,-15.00,v:m/s;w:rad/s;arm:deg
BAG,1791436641.5472,261,0,0.0000,0.0000,0.000,idle,ok,3,0,imu,0.0000,0.0000,0.00,-15.00,v:m/s;w:rad/s;arm:deg
BAG,1791436641.5727,261,0,0.0000,0.0000,0.000,idle,ok,3,0,imu,0.0000,0.0000,0.00,-15.00,v:m/s;w:rad/s;arm:deg
BAG,1791436641.6064,261,0,0.0000,0.0000,0.000,idle,ok,3,0,imu,0.0000,0.0000,0.00,-15.00,v:m/s;w:rad/s;arm:deg
BAG,1791436641.6434,262,0,0.0000,0.0000,0.000,idle,ok,3,0,imu,0.0000,0.0000,0.00,-15.00,v:m/s;w:rad/s;arm:deg
BAG,1791436641.6761,262,0,0.0000,0.0000,0.000,idle,ok,3,0,imu,0.0000,0.0000,0.00,-15.00,v:m/s;w:rad/s;arm:deg
BAG,1791436641.7076,262,0,0.0000,0.0000,0.000,idle,ok,3,0,imu,0.0000,0.0000,0.00,-15.00,v:m/s;w:rad/s;arm:deg
BAG,1791436641.7575,263,0,0.0000,0.0000,0.000,idle,ok,3,0,imu,0.0000,0.0000,0.00,-15.00,v:m/s;w:rad/s;arm:deg
BAG,1791436641.7744,263,0,0.0000,0.0000,0.000,idle,ok,3,0,imu,0.0000,0.0000,0.00,-15.00,v:m/s;w:rad/s;arm:deg
BAG,1791436641.8077,263,0,0.0000,0.0000,0.000,idle,ok,3,0,imu,0.0000,0.0000,0.00,-15.00,v:m/s;w:rad/s;arm:deg
BAG,1791436641.8417,263,0,0.0000,0.0000,0.000,idle,ok,3,0,imu,0.0000,0.0000,0.00,-15.00,v:m/s;w:rad/s;arm:deg
BAG,1791436641.8745,264,0,0.0000,0.0000,0.000,idle,ok,3,0,imu,0.0000,0.0000,0.00,-15.00,v:m/s;w:rad/s;arm:deg
BAG,1791436641.9090,264,0,0.0000,0.0000,0.000,idle,ok,3,0,imu,0.0000,0.0000,0.00,-15.00,v:m/s;w:rad/s;arm:deg
BAG,1791436641.9487,264,0,0.0000,0.0000,0.000,idle,ok,3,0,imu,0.0000,0.0000,0.00,-15.00,v:m/s;w:rad/s;arm:deg
BAG,1791436641.9735,264,0,0.0000,0.0000,0.000,idle,ok,3,0,imu,0.0000,0.0000,0.00,-15.00,v:m/s;w:rad/s;arm:deg
BAG,1791436642.0105,264,0,0.0000,0.0000,0.000,idle,ok,3,0,imu,0.0000,0.0000,0.00,-15.00,v:m/s;w:rad/s;arm:deg
BAG,1791436642.0435,265,0,0.0000,0.0000,0.000,idle,ok,3,0,imu,0.0000,0.0000,0.00,-15.00,v:m/s;w:rad/s;arm:deg
BAG,1791436642.0756,265,0,0.0000,0.0000,0.000,idle,ok,3,0,imu,0.0000,0.0000,0.00,-15.00,v:m/s;w:rad/s;arm:deg
BAG,1791436642.1081,265,0,0.0000,0.0000,0.000,idle,ok,3,0,imu,0.0000,0.0000,0.00,-15.00,v:m/s;w:rad/s;arm:deg
BAG,1791436642.1426,265,0,0.0000,0.0000,0.000,idle,ok,3,0,imu,0.0000,0.0000,0.00,-15.00,v:m/s;w:rad/s;arm:deg
BAG,1791436642.1735,265,0,0.0000,0.0000,0.000,idle,ok,3,0,imu,0.0000,0.0000,0.00,-15.00,v:m/s;w:rad/s;arm:deg
BAG,1791436642.2076,266,0,0.0000,0.0000,0.000,idle,ok,3,0,imu,0.0000,0.0000,0.00,-15.00,v:m/s;w:rad/s;arm:deg
BAG,1791436642.2463,266,0,0.0000,0.0000,0.000,idle,ok,3,0,imu,0.0000,0.0000,0.00,-15.00,v:m/s;w:rad/s;arm:deg
BAG,1791436642.2753,266,0,0.0000,0.0000,0.000,idle,ok,3,0,imu,0.0000,0.0000,0.00,-15.00,v:m/s;w:rad/s;arm:deg
BAG,1791436642.3114,267,0,0.0000,0.0000,0.000,idle,ok,3,0,imu,0.0000,0.0000,0.00,-15.00,v:m/s;w:rad/s;arm:deg
BAG,1791436642.3461,267,0,0.0000,0.0000,0.000,idle,ok,3,0,imu,0.0000,0.0000,0.00,-15.00,v:m/s;w:rad/s;arm:deg
BAG,1791436642.3759,267,0,0.0000,0.0000,0.000,idle,ok,3,0,imu,0.0000,0.0000,0.00,-15.00,v:m/s;w:rad/s;arm:deg
BAG,1791436642.4099,267,0,0.0000,0.0000,0.000,idle,ok,3,0,imu,0.0000,0.0000,0.00,-15.00,v:m/s;w:rad/s;arm:deg
BAG,1791436642.4489,268,0,0.0000,0.0000,0.000,idle,ok,3,0,imu,0.0000,0.0000,0.00,-15.00,v:m/s;w:rad/s;arm:deg
BAG,1791436642.4750,268,0,0.0000,0.0000,0.000,idle,ok,3,0,imu,0.0000,0.0000,0.00,-15.00,v:m/s;w:rad/s;arm:deg
BAG,1791436642.5075,268,0,0.0000,0.0000,0.000,idle,ok,3,0,imu,0.0000,0.0000,0.00,-15.00,v:m/s;w:rad/s;arm:deg
BAG,1791436642.5529,268,0,0.0000,0.0000,0.000,idle,ok,3,0,imu,0.0000,0.0000,0.00,-15.00,v:m/s;w:rad/s;arm:deg
BAG,1791436642.5835,268,0,0.0000,0.0000,0.000,idle,ok,3,0,imu,0.0000,0.0000,0.00,-15.00,v:m/s;w:rad/s;arm:deg
BAG,1791436642.6106,269,0,0.0000,0.0000,0.000,idle,ok,3,0,imu,0.0000,0.0000,0.00,-15.00,v:m/s;w:rad/s;arm:deg
BAG,1791436642.6446,269,0,0.0000,0.0000,0.000,idle,ok,3,0,imu,0.0000,0.0000,0.00,-15.00,v:m/s;w:rad/s;arm:deg
BAG,1791436642.6736,269,0,0.0000,0.0000,0.000,idle,ok,3,0,imu,0.0000,0.0000,0.00,-15.00,v:m/s;w:rad/s;arm:deg
BAG,1791436642.7080,269,0,0.0000,0.0000,0.000,idle,ok,3,0,imu,0.0000,0.0000,0.00,-15.00,v:m/s;w:rad/s;arm:deg
BAG,1791436642.7503,270,0,0.0000,0.0000,0.000,idle,ok,3,0,imu,0.0000,0.0000,0.00,-15.00,v:m/s;w:rad/s;arm:deg
BAG,1791436642.7730,270,0,0.0000,0.0000,0.000,idle,ok,3,0,imu,0.0000,0.0000,0.00,-15.00,v:m/s;w:rad/s;arm:deg
BAG,1791436642.8089,270,0,0.0000,0.0000,0.000,idle,ok,3,0,imu,0.0000,0.0000,0.00,-15.00,v:m/s;w:rad/s;arm:deg
BAG,1791436642.8418,270,0,0.0000,0.0000,0.000,idle,ok,3,0,imu,0.0000,0.0000,0.00,-15.00,v:m/s;w:rad/s;arm:deg
BAG,1791436642.8731,271,0,0.0000,0.0000,0.000,idle,ok,3,0,imu,0.0000,0.0000,0.00,-15.00,v:m/s;w:rad/s;arm:deg
BAG,1791436642.9078,271,0,0.0000,0.0000,0.000,idle,ok,3,0,imu,0.0000,0.0000,0.00,-15.00,v:m/s;w:rad/s;arm:deg
BAG,1791436642.9459,271,0,0.0000,0.0000,0.000,idle,ok,3,0,imu,0.0000,0.0000,0.00,-15.00,v:m/s;w:rad/s;arm:deg
BAG,1791436642.9744,271,0,0.0000,0.0000,0.000,idle,ok,3,0,imu,0.0000,0.0000,0.00,-15.00,v:m/s;w:rad/s;arm:deg
BAG,1791436643.0091,272,0,0.0000,0.0000,0.000,idle,ok,3,0,imu,0.0000,0.0000,0.00,-15.00,v:m/s;w:rad/s;arm:deg
BAG,1791436643.0428,272,0,0.0000,0.0000,0.000,idle,ok,3,0,imu,0.0000,0.0000,0.00,-15.00,v:m/s;w:rad/s;arm:deg
BAG,1791436643.0741,272,0,0.0000,0.0000,0.000,idle,ok,3,0,imu,0.0000,0.0000,0.00,-15.00,v:m/s;w:rad/s;arm:deg
BAG,1791436643.1083,272,0,0.0000,0.0000,0.000,idle,ok,3,0,imu,0.0000,0.0000,0.00,-15.00,v:m/s;w:rad/s;arm:deg
BAG,1791436643.1453,273,0,0.0000,0.0000,0.000,idle,ok,3,0,imu,0.0000,0.0000,0.00,-15.00,v:m/s;w:rad/s;arm:deg
BAG,1791436643.1762,273,0,0.0000,0.0000,0.000,idle,ok,3,0,imu,0.0000,0.0000,0.00,-15.00,v:m/s;w:rad/s;arm:deg
BAG,1791436643.2066,273,0,0.0000,0.0000,0.000,idle,ok,3,0,imu,0.0000,0.0000,0.00,-15.00,v:m/s;w:rad/s;arm:deg
BAG,1791436643.2443,273,0,0.0000,0.0000,0.000,idle,ok,3,0,imu,0.0000,0.0000,0.00,-15.00,v:m/s;w:rad/s;arm:deg
BAG,1791436643.2761,274,0,0.0000,0.0000,0.000,idle,ok,3,0,imu,0.0000,0.0000,0.00,-15.00,v:m/s;w:rad/s;arm:deg
BAG,1791436643.3081,274,0,0.0000,0.0000,0.000,idle,ok,3,0,imu,0.0000,0.0000,0.00,-15.00,v:m/s;w:rad/s;arm:deg
BAG,1791436643.3466,274,0,0.0000,0.0000,0.000,idle,ok,3,0,imu,0.0000,0.0000,0.00,-15.00,v:m/s;w:rad/s;arm:deg
BAG,1791436643.3744,274,0,0.0000,0.0000,0.000,idle,ok,3,0,imu,0.0000,0.0000,0.00,-15.00,v:m/s;w:rad/s;arm:deg
BAG,1791436643.4069,274,0,0.0000,0.0000,0.000,idle,ok,3,0,imu,0.0000,0.0000,0.00,-15.00,v:m/s;w:rad/s;arm:deg
BAG,1791436643.4392,275,0,0.0000,0.0000,0.000,idle,ok,3,0,imu,0.0000,0.0000,0.00,-15.00,v:m/s;w:rad/s;arm:deg
BAG,1791436643.4741,275,0,0.0000,0.0000,0.000,idle,ok,3,0,imu,0.0000,0.0000,0.00,-15.00,v:m/s;w:rad/s;arm:deg
BAG,1791436643.5077,275,0,0.0000,0.0000,0.000,idle,ok,3,0,imu,0.0000,0.0000,0.00,-15.00,v:m/s;w:rad/s;arm:deg
BAG,1791436643.5448,275,0,0.0000,0.0000,0.000,idle,ok,3,0,imu,0.0000,0.0000,0.00,-15.00,v:m/s;w:rad/s;arm:deg
BAG,1791436643.5734,275,0,0.0000,0.0000,0.000,idle,ok,3,0,imu,0.0000,0.0000,0.00,-15.00,v:m/s;w:rad/s;arm:deg
BAG,1791436643.6079,276,0,0.0000,0.0000,0.000,idle,ok,3,0,imu,0.0000,0.0000,0.00,-15.00,v:m/s;w:rad/s;arm:deg
BAG,1791436643.6437,276,0,0.0000,0.0000,0.000,idle,ok,3,0,imu,0.0000,0.0000,0.00,-15.00,v:m/s;w:rad/s;arm:deg
BAG,1791436643.6773,276,0,0.0000,0.0000,0.000,idle,ok,3,0,imu,0.0000,0.0000,0.00,-15.00,v:m/s;w:rad/s;arm:deg
BAG,1791436643.7170,277,0,0.0000,0.0000,0.000,idle,ok,3,0,imu,0.0000,0.0000,0.00,-15.00,v:m/s;w:rad/s;arm:deg
BAG,1791436643.7493,277,0,0.0000,0.0000,0.000,idle,ok,3,0,imu,0.0000,0.0000,0.00,-15.00,v:m/s;w:rad/s;arm:deg
BAG,1791436643.7726,277,0,0.0000,0.0000,0.000,idle,ok,3,0,imu,0.0000,0.0000,0.00,-15.00,v:m/s;w:rad/s;arm:deg
BAG,1791436643.8097,277,0,0.0000,0.0000,0.000,idle,ok,3,0,imu,0.0000,0.0000,0.00,-15.00,v:m/s;w:rad/s;arm:deg
BAG,1791436643.8481,277,0,0.0000,0.0000,0.000,idle,ok,3,0,imu,0.0000,0.0000,0.00,-15.00,v:m/s;w:rad/s;arm:deg
BAG,1791436643.8765,278,0,0.0000,0.0000,0.000,idle,ok,3,0,imu,0.0000,0.0000,0.00,-15.00,v:m/s;w:rad/s;arm:deg
BAG,1791436643.9102,278,0,0.0000,0.0000,0.000,idle,ok,3,0,imu,0.0000,0.0000,0.00,-15.00,v:m/s;w:rad/s;arm:deg
BAG,1791436643.9476,278,0,0.0000,0.0000,0.000,idle,ok,3,0,imu,0.0000,0.0000,0.00,-15.00,v:m/s;w:rad/s;arm:deg
BAG,1791436643.9737,278,0,0.0000,0.0000,0.000,idle,ok,3,0,imu,0.0000,0.0000,0.00,-15.00,v:m/s;w:rad/s;arm:deg
BAG,1791436644.0068,279,0,0.0000,0.0000,0.000,idle,ok,3,0,imu,0.0000,0.0000,0.00,-15.00,v:m/s;w:rad/s;arm:deg
BAG,1791436644.0410,279,0,0.0000,0.0000,0.000,idle,ok,3,0,imu,0.0000,0.0000,0.00,-15.00,v:m/s;w:rad/s;arm:deg
BAG,1791436644.0801,279,0,0.0000,0.0000,0.000,idle,ok,3,0,imu,0.0000,0.0000,0.00,-15.00,v:m/s;w:rad/s;arm:deg
BAG,1791436644.1097,280,0,0.0000,0.0000,0.000,idle,ok,3,0,imu,0.0000,0.0000,0.00,-15.00,v:m/s;w:rad/s;arm:deg
BAG,1791436644.1521,280,0,0.0000,0.0000,0.000,idle,ok,3,0,imu,0.0000,0.0000,0.00,-15.00,v:m/s;w:rad/s;arm:deg
BAG,1791436644.1786,280,0,0.0000,0.0000,0.000,idle,ok,3,0,imu,0.0000,0.0000,0.00,-15.00,v:m/s;w:rad/s;arm:deg
BAG,1791436644.2066,280,0,0.0000,0.0000,0.000,idle,ok,3,0,imu,0.0000,0.0000,0.00,-15.00,v:m/s;w:rad/s;arm:deg
BAG,1791436644.2440,281,0,0.0000,0.0000,0.000,idle,ok,3,0,imu,0.0000,0.0000,0.00,-15.00,v:m/s;w:rad/s;arm:deg
BAG,1791436644.2735,281,0,0.0000,0.0000,0.000,idle,ok,3,0,imu,0.0000,0.0000,0.00,-15.00,v:m/s;w:rad/s;arm:deg
BAG,1791436644.3063,281,0,0.0000,0.0000,0.000,idle,ok,3,0,imu,0.0000,0.0000,0.00,-15.00,v:m/s;w:rad/s;arm:deg
BAG,1791436644.3462,281,0,0.0000,0.0000,0.000,idle,ok,3,0,imu,0.0000,0.0000,0.00,-15.00,v:m/s;w:rad/s;arm:deg
BAG,1791436644.3719,281,0,0.0000,0.0000,0.000,idle,ok,3,0,imu,0.0000,0.0000,0.00,-15.00,v:m/s;w:rad/s;arm:deg
BAG,1791436644.4133,282,0,0.0000,0.0000,0.000,idle,ok,3,0,imu,0.0000,0.0000,0.00,-15.00,v:m/s;w:rad/s;arm:deg
BAG,1791436644.4444,282,0,0.0000,0.0000,0.000,idle,ok,3,0,imu,0.0000,0.0000,0.00,-15.00,v:m/s;w:rad/s;arm:deg
BAG,1791436644.4791,282,0,0.0000,0.0000,0.000,idle,ok,3,0,imu,0.0000,0.0000,0.00,-15.00,v:m/s;w:rad/s;arm:deg
BAG,1791436644.5098,283,0,0.0000,0.0000,0.000,idle,ok,3,0,imu,0.0000,0.0000,0.00,-15.00,v:m/s;w:rad/s;arm:deg
BAG,1791436644.5476,283,0,0.0000,0.0000,0.000,idle,ok,3,0,imu,0.0000,0.0000,0.00,-15.00,v:m/s;w:rad/s;arm:deg
BAG,1791436644.5753,283,0,0.0000,0.0000,0.000,idle,ok,3,0,imu,0.0000,0.0000,0.00,-15.00,v:m/s;w:rad/s;arm:deg
BAG,1791436644.6104,283,0,0.0000,0.0000,0.000,idle,ok,3,0,imu,0.0000,0.0000,0.00,-15.00,v:m/s;w:rad/s;arm:deg
BAG,1791436644.6423,283,0,0.0000,0.0000,0.000,idle,ok,3,0,imu,0.0000,0.0000,0.00,-15.00,v:m/s;w:rad/s;arm:deg
BAG,1791436644.6750,284,0,0.0000,0.0000,0.000,idle,ok,3,0,imu,0.0000,0.0000,0.00,-15.00,v:m/s;w:rad/s;arm:deg
BAG,1791436644.7078,284,0,0.0000,0.0000,0.000,idle,ok,3,0,imu,0.0000,0.0000,0.00,-15.00,v:m/s;w:rad/s;arm:deg
BAG,1791436644.7456,284,0,0.0000,0.0000,0.000,idle,ok,3,0,imu,0.0000,0.0000,0.00,-15.00,v:m/s;w:rad/s;arm:deg
BAG,1791436644.7790,284,0,0.0000,0.0000,0.000,idle,ok,3,0,imu,0.0000,0.0000,0.00,-15.00,v:m/s;w:rad/s;arm:deg
BAG,1791436644.8060,285,0,0.0000,0.0000,0.000,idle,ok,3,0,imu,0.0000,0.0000,0.00,-15.00,v:m/s;w:rad/s;arm:deg
BAG,1791436644.8445,285,0,0.0000,0.0000,0.000,idle,ok,3,0,imu,0.0000,0.0000,0.00,-15.00,v:m/s;w:rad/s;arm:deg
BAG,1791436644.8736,285,0,0.0000,0.0000,0.000,idle,ok,3,0,imu,0.0000,0.0000,0.00,-15.00,v:m/s;w:rad/s;arm:deg
BAG,1791436644.9075,285,0,0.0000,0.0000,0.000,idle,ok,3,0,imu,0.0000,0.0000,0.00,-15.00,v:m/s;w:rad/s;arm:deg
BAG,1791436644.9517,286,0,0.0000,0.0000,0.000,idle,ok,3,0,imu,0.0000,0.0000,0.00,-15.00,v:m/s;w:rad/s;arm:deg
BAG,1791436644.9752,286,0,0.0000,0.0000,0.000,idle,ok,3,0,imu,0.0000,0.0000,0.00,-15.00,v:m/s;w:rad/s;arm:deg
BAG,1791436645.0077,286,0,0.0000,0.0000,0.000,idle,ok,3,0,imu,0.0000,0.0000,0.00,-15.00,v:m/s;w:rad/s;arm:deg
BAG,1791436645.0464,286,0,0.0000,0.0000,0.000,idle,ok,3,0,imu,0.0000,0.0000,0.00,-15.00,v:m/s;w:rad/s;arm:deg
BAG,1791436645.0769,287,0,0.0000,0.0000,0.000,idle,ok,3,0,imu,0.0000,0.0000,0.00,-15.00,v:m/s;w:rad/s;arm:deg
BAG,1791436645.1085,287,0,0.0000,0.0000,0.000,idle,ok,3,0,imu,0.0000,0.0000,0.00,-15.00,v:m/s;w:rad/s;arm:deg
BAG,1791436645.1467,287,0,0.0000,0.0000,0.000,idle,ok,3,0,imu,0.0000,0.0000,0.00,-15.00,v:m/s;w:rad/s;arm:deg
BAG,1791436645.1749,287,0,0.0000,0.0000,0.000,idle,ok,3,0,imu,0.0000,0.0000,0.00,-15.00,v:m/s;w:rad/s;arm:deg
BAG,1791436645.2087,287,0,0.0000,0.0000,0.000,idle,ok,3,0,imu,0.0000,0.0000,0.00,-15.00,v:m/s;w:rad/s;arm:deg
BAG,1791436645.2455,288,0,0.0000,0.0000,0.000,idle,ok,3,0,imu,0.0000,0.0000,0.00,-15.00,v:m/s;w:rad/s;arm:deg
BAG,1791436645.2749,288,0,0.0000,0.0000,0.000,idle,ok,3,0,imu,0.0000,0.0000,0.00,-15.00,v:m/s;w:rad/s;arm:deg
BAG,1791436645.3093,288,0,0.0000,0.0000,0.000,idle,ok,3,0,imu,0.0000,0.0000,0.00,-15.00,v:m/s;w:rad/s;arm:deg
BAG,1791436645.3469,288,0,0.0000,0.0000,0.000,idle,ok,3,0,imu,0.0000,0.0000,0.00,-15.00,v:m/s;w:rad/s;arm:deg
BAG,1791436645.3791,289,0,0.0000,0.0000,0.000,idle,ok,3,0,imu,0.0000,0.0000,0.00,-15.00,v:m/s;w:rad/s;arm:deg
BAG,1791436645.4090,289,0,0.0000,0.0000,0.000,idle,ok,3,0,imu,0.0000,0.0000,0.00,-15.00,v:m/s;w:rad/s;arm:deg
BAG,1791436645.4438,289,0,0.0000,0.0000,0.000,idle,ok,3,0,imu,0.0000,0.0000,0.00,-15.00,v:m/s;w:rad/s;arm:deg
BAG,1791436645.4777,289,0,0.0000,0.0000,0.000,idle,ok,3,0,imu,0.0000,0.0000,0.00,-15.00,v:m/s;w:rad/s;arm:deg
BAG,1791436645.5103,290,0,0.0000,0.0000,0.000,idle,ok,3,0,imu,0.0000,0.0000,0.00,-15.00,v:m/s;w:rad/s;arm:deg
BAG,1791436645.5510,290,0,0.0000,0.0000,0.000,idle,ok,3,0,imu,0.0000,0.0000,0.00,-15.00,v:m/s;w:rad/s;arm:deg
BAG,1791436645.5784,290,0,0.0000,0.0000,0.000,idle,ok,3,0,imu,0.0000,0.0000,0.00,-15.00,v:m/s;w:rad/s;arm:deg
BAG,1791436645.6091,290,0,0.0000,0.0000,0.000,idle,ok,3,0,imu,0.0000,0.0000,0.00,-15.00,v:m/s;w:rad/s;arm:deg
BAG,1791436645.6436,291,0,0.0000,0.0000,0.000,idle,ok,3,0,imu,0.0000,0.0000,0.00,-15.00,v:m/s;w:rad/s;arm:deg
BAG,1791436645.6735,291,0,0.0000,0.0000,0.000,idle,ok,3,0,imu,0.0000,0.0000,0.00,-15.00,v:m/s;w:rad/s;arm:deg
BAG,1791436645.7159,291,0,0.0000,0.0000,0.000,idle,ok,3,0,imu,0.0000,0.0000,0.00,-15.00,v:m/s;w:rad/s;arm:deg
BAG,1791436645.7470,291,0,0.0000,0.0000,0.000,idle,ok,3,0,imu,0.0000,0.0000,0.00,-15.00,v:m/s;w:rad/s;arm:deg
BAG,1791436645.7802,292,0,0.0000,0.0000,0.000,idle,ok,3,0,imu,0.0000,0.0000,0.00,-15.00,v:m/s;w:rad/s;arm:deg
BAG,1791436645.8099,292,0,0.0000,0.0000,0.000,idle,ok,3,0,imu,0.0000,0.0000,0.00,-15.00,v:m/s;w:rad/s;arm:deg
BAG,1791436645.8425,292,0,0.0000,0.0000,0.000,idle,ok,3,0,imu,0.0000,0.0000,0.00,-15.00,v:m/s;w:rad/s;arm:deg
BAG,1791436645.8738,292,0,0.0000,0.0000,0.000,idle,ok,3,0,imu,0.0000,0.0000,0.00,-15.00,v:m/s;w:rad/s;arm:deg
BAG,1791436645.9063,293,0,0.0000,0.0000,0.000,idle,ok,3,0,imu,0.0000,0.0000,0.00,-15.00,v:m/s;w:rad/s;arm:deg
BAG,1791436645.9532,293,0,0.0000,0.0000,0.000,idle,ok,3,0,imu,0.0000,0.0000,0.00,-15.00,v:m/s;w:rad/s;arm:deg
BAG,1791436645.9750,293,0,0.0000,0.0000,0.000,idle,ok,3,0,imu,0.0000,0.0000,0.00,-15.00,v:m/s;w:rad/s;arm:deg
BAG,1791436646.0076,293,0,0.0000,0.0000,0.000,idle,ok,3,0,imu,0.0000,0.0000,0.00,-15.00,v:m/s;w:rad/s;arm:deg
BAG,1791436646.0464,294,0,0.0000,0.0000,0.000,idle,ok,3,0,imu,0.0000,0.0000,0.00,-15.00,v:m/s;w:rad/s;arm:deg
BAG,1791436646.0781,294,0,0.0000,0.0000,0.000,idle,ok,3,0,imu,0.0000,0.0000,0.00,-15.00,v:m/s;w:rad/s;arm:deg
BAG,1791436646.1093,294,0,0.0000,0.0000,0.000,idle,ok,3,0,imu,0.0000,0.0000,0.00,-15.00,v:m/s;w:rad/s;arm:deg
BAG,1791436646.1454,294,0,0.0000,0.0000,0.000,idle,ok,3,0,imu,0.0000,0.0000,0.00,-15.00,v:m/s;w:rad/s;arm:deg
BAG,1791436646.1827,295,0,0.0000,0.0000,0.000,idle,ok,3,0,imu,0.0000,0.0000,0.00,-15.00,v:m/s;w:rad/s;arm:deg
BAG,1791436646.2094,295,0,0.0000,0.0000,0.000,idle,ok,3,0,imu,0.0000,0.0000,0.00,-15.00,v:m/s;w:rad/s;arm:deg
BAG,1791436646.2436,295,0,0.0000,0.0000,0.000,idle,ok,3,0,imu,0.0000,0.0000,0.00,-15.00,v:m/s;w:rad/s;arm:deg
BAG,1791436646.2740,295,0,0.0000,0.0000,0.000,idle,ok,3,0,imu,0.0000,0.0000,0.00,-15.00,v:m/s;w:rad/s;arm:deg
BAG,1791436646.3134,296,0,0.0000,0.0000,0.000,idle,ok,3,0,imu,0.0000,0.0000,0.00,-15.00,v:m/s;w:rad/s;arm:deg
BAG,1791436646.3485,296,0,0.0000,0.0000,0.000,idle,ok,3,0,imu,0.0000,0.0000,0.00,-15.00,v:m/s;w:rad/s;arm:deg
BAG,1791436646.3764,296,0,0.0000,0.0000,0.000,idle,ok,3,0,imu,0.0000,0.0000,0.00,-15.00,v:m/s;w:rad/s;arm:deg
BAG,1791436646.4082,296,0,0.0000,0.0000,0.000,idle,ok,3,0,imu,0.0000,0.0000,0.00,-15.00,v:m/s;w:rad/s;arm:deg
BAG,1791436646.4409,296,0,0.0000,0.0000,0.000,idle,ok,3,0,imu,0.0000,0.0000,0.00,-15.00,v:m/s;w:rad/s;arm:deg
BAG,1791436646.4753,297,0,0.0000,0.0000,0.000,idle,ok,3,0,imu,0.0000,0.0000,0.00,-15.00,v:m/s;w:rad/s;arm:deg
BAG,1791436646.5070,297,0,0.0000,0.0000,0.000,idle,ok,3,0,imu,0.0000,0.0000,0.00,-15.00,v:m/s;w:rad/s;arm:deg
BAG,1791436646.5475,297,0,0.0000,0.0000,0.000,idle,ok,3,0,imu,0.0000,0.0000,0.00,-15.00,v:m/s;w:rad/s;arm:deg
BAG,1791436646.5722,297,0,0.0000,0.0000,0.000,idle,ok,3,0,imu,0.0000,0.0000,0.00,-15.00,v:m/s;w:rad/s;arm:deg
BAG,1791436646.6066,298,0,0.0000,0.0000,0.000,idle,ok,3,0,imu,0.0000,0.0000,0.00,-15.00,v:m/s;w:rad/s;arm:deg
BAG,1791436646.6425,298,0,0.0000,0.0000,0.000,idle,ok,3,0,imu,0.0000,0.0000,0.00,-15.00,v:m/s;w:rad/s;arm:deg
BAG,1791436646.6746,298,0,0.0000,0.0000,0.000,idle,ok,3,0,imu,0.0000,0.0000,0.00,-15.00,v:m/s;w:rad/s;arm:deg
BAG,1791436646.7084,298,0,0.0000,0.0000,0.000,idle,ok,3,0,imu,0.0000,0.0000,0.00,-15.00,v:m/s;w:rad/s;arm:deg
BAG,1791436646.7470,299,0,0.0000,0.0000,0.000,idle,ok,3,0,imu,0.0000,0.0000,0.00,-15.00,v:m/s;w:rad/s;arm:deg
BAG,1791436646.7789,299,0,0.0000,0.0000,0.000,idle,ok,3,0,imu,0.0000,0.0000,0.00,-15.00,v:m/s;w:rad/s;arm:deg
BAG,1791436646.8066,299,0,0.0000,0.0000,0.000,idle,ok,3,0,imu,0.0000,0.0000,0.00,-15.00,v:m/s;w:rad/s;arm:deg
BAG,1791436646.8479,299,0,0.0000,0.0000,0.000,idle,ok,3,0,imu,0.0000,0.0000,0.00,-15.00,v:m/s;w:rad/s;arm:deg
BAG,1791436646.8766,300,0,0.0000,0.0000,0.000,idle,ok,3,0,imu,0.0000,0.0000,0.00,-15.00,v:m/s;w:rad/s;arm:deg
BAG,1791436646.9071,300,0,0.0000,0.0000,0.000,idle,ok,3,0,imu,0.0000,0.0000,0.00,-15.00,v:m/s;w:rad/s;arm:deg
BAG,1791436646.9521,300,0,0.0000,0.0000,0.000,idle,ok,3,0,imu,0.0000,0.0000,0.00,-15.00,v:m/s;w:rad/s;arm:deg
BAG,1791436646.9741,300,0,0.0000,0.0000,0.000,idle,ok,3,0,imu,0.0000,0.0000,0.00,-15.00,v:m/s;w:rad/s;arm:deg
BAG,1791436647.0134,301,0,0.0000,0.0000,0.000,idle,ok,3,0,imu,0.0000,0.0000,0.00,-15.00,v:m/s;w:rad/s;arm:deg
BAG,1791436647.0459,301,0,0.0000,0.0000,0.000,idle,ok,3,0,imu,0.0000,0.0000,0.00,-15.00,v:m/s;w:rad/s;arm:deg
BAG,1791436647.0772,301,0,0.0000,0.0000,0.000,idle,ok,3,0,imu,0.0000,0.0000,0.00,-15.00,v:m/s;w:rad/s;arm:deg
BAG,1791436647.1066,301,0,0.0000,0.0000,0.000,idle,ok,3,0,imu,0.0000,0.0000,0.00,-15.00,v:m/s;w:rad/s;arm:deg
BAG,1791436647.1641,302,0,0.0000,0.0000,0.000,idle,ok,3,0,imu,0.0000,0.0000,0.00,-15.00,v:m/s;w:rad/s;arm:deg
BAG,1791436647.1796,302,0,0.0000,0.0000,0.000,idle,ok,3,0,imu,0.0000,0.0000,0.00,-15.00,v:m/s;w:rad/s;arm:deg
BAG,1791436647.2063,302,0,0.0000,0.0000,0.000,idle,ok,3,0,imu,0.0000,0.0000,0.00,-15.00,v:m/s;w:rad/s;arm:deg
BAG,1791436647.2399,302,0,0.0000,0.0000,0.000,idle,ok,3,0,imu,0.0000,0.0000,0.00,-15.00,v:m/s;w:rad/s;arm:deg
BAG,1791436647.2784,303,1,0.1531,-0.8667,0.242,idle,ok,0,1,imu,0.0000,0.0000,0.00,-15.00,v:m/s;w:rad/s;arm:deg
BAG,1791436647.3138,303,1,0.1531,-0.8667,0.242,idle,ok,0,1,imu,0.0000,0.0000,0.00,-15.00,v:m/s;w:rad/s;arm:deg
BAG,1791436647.3489,303,1,0.1531,-0.8667,0.242,idle,ok,0,1,imu,0.0000,0.0000,0.00,-15.00,v:m/s;w:rad/s;arm:deg
BAG,1791436647.3806,303,1,0.1531,-0.8667,0.242,idle,ok,0,1,imu,0.0000,0.0000,0.00,-15.00,v:m/s;w:rad/s;arm:deg
BAG,1791436647.4106,303,1,0.1531,-0.8667,0.242,idle,ok,0,1,imu,0.0000,0.0000,0.00,-15.00,v:m/s;w:rad/s;arm:deg
BAG,1791436647.4543,304,1,0.1000,-0.7694,0.234,idle,ok,0,2,imu,0.0000,0.0000,0.00,-15.00,v:m/s;w:rad/s;arm:deg
BAG,1791436647.4756,304,1,0.1000,-0.7694,0.234,idle,ok,0,2,imu,0.0000,0.0000,0.00,-15.00,v:m/s;w:rad/s;arm:deg
BAG,1791436647.5106,304,1,0.1000,-0.7694,0.234,idle,ok,0,2,imu,0.0000,0.0000,0.00,-15.00,v:m/s;w:rad/s;arm:deg
BAG,1791436647.5553,305,1,0.0750,-0.7278,0.237,tracking,ok,0,3,imu,0.0000,0.0000,0.00,-15.00,v:m/s;w:rad/s;arm:deg
BAG,1791436647.5781,305,1,0.0750,-0.7278,0.237,tracking,ok,0,3,imu,-0.1000,-0.0174,-1.34,0.25,v:m/s;w:rad/s;arm:deg
BAG,1791436647.6100,305,1,0.0750,-0.7278,0.237,tracking,ok,0,3,imu,-0.1000,-0.0174,-1.34,0.25,v:m/s;w:rad/s;arm:deg
BAG,1791436647.6432,305,1,0.0750,-0.7278,0.237,tracking,ok,0,3,imu,-0.1000,-0.0174,-1.34,0.25,v:m/s;w:rad/s;arm:deg
BAG,1791436647.6740,305,1,0.0750,-0.7278,0.237,tracking,ok,0,3,imu,-0.1000,-0.0174,-1.34,0.25,v:m/s;w:rad/s;arm:deg
BAG,1791436647.7123,306,1,0.0609,-0.6917,0.242,tracking,ok,0,3,imu,-0.1000,-0.0142,-1.11,-0.50,v:m/s;w:rad/s;arm:deg
BAG,1791436647.7547,306,1,0.0609,-0.6917,0.242,tracking,ok,0,3,imu,-0.1000,-0.0142,-1.11,-0.50,v:m/s;w:rad/s;arm:deg
BAG,1791436647.7769,306,1,0.0609,-0.6917,0.242,tracking,ok,0,3,imu,-0.1000,-0.0142,-1.11,-0.50,v:m/s;w:rad/s;arm:deg
BAG,1791436647.8140,307,1,0.0484,-0.6361,0.245,tracking,ok,0,3,imu,-0.1000,-0.0113,-0.90,-1.67,v:m/s;w:rad/s;arm:deg
BAG,1791436647.8433,307,1,0.0484,-0.6361,0.245,tracking,ok,0,3,imu,-0.1000,-0.0113,-0.90,-1.67,v:m/s;w:rad/s;arm:deg
BAG,1791436647.8742,307,1,0.0484,-0.6361,0.245,tracking,ok,0,3,imu,-0.1000,-0.0113,-0.90,-1.67,v:m/s;w:rad/s;arm:deg
BAG,1791436647.9081,307,1,0.0484,-0.6361,0.245,tracking,ok,0,3,imu,-0.1000,-0.0113,-0.90,-1.67,v:m/s;w:rad/s;arm:deg
BAG,1791436647.9474,307,1,0.0484,-0.6361,0.245,tracking,ok,0,3,imu,-0.1000,-0.0113,-0.90,-1.67,v:m/s;w:rad/s;arm:deg
BAG,1791436647.9747,308,1,0.0422,-0.6250,0.245,tracking,ok,0,3,imu,-0.1000,-0.0099,-0.80,-1.90,v:m/s;w:rad/s;arm:deg
BAG,1791436648.0084,308,1,0.0422,-0.6250,0.245,tracking,ok,0,3,imu,-0.1000,-0.0099,-0.80,-1.90,v:m/s;w:rad/s;arm:deg
BAG,1791436648.0466,308,1,0.0422,-0.6250,0.245,tracking,ok,0,3,imu,-0.1000,-0.0099,-0.80,-1.90,v:m/s;w:rad/s;arm:deg
BAG,1791436648.0761,308,1,0.0422,-0.6250,0.245,tracking,ok,0,3,imu,-0.1000,-0.0099,-0.80,-1.90,v:m/s;w:rad/s;arm:deg
BAG,1791436648.1098,309,1,0.0266,0.0667,0.240,tracking,ok,0,3,imu,-0.1000,-0.0125,-0.99,-2.88,v:m/s;w:rad/s;arm:deg
BAG,1791436648.1524,309,1,0.0266,0.0667,0.240,tracking,ok,0,3,imu,-0.1000,-0.0125,-0.99,-2.88,v:m/s;w:rad/s;arm:deg
BAG,1791436648.1734,309,1,0.0266,0.0667,0.240,tracking,ok,0,3,imu,-0.1000,-0.0125,-0.99,-2.88,v:m/s;w:rad/s;arm:deg
BAG,1791436648.2097,309,1,0.0266,0.0667,0.240,tracking,ok,0,3,imu,-0.1000,-0.0125,-0.99,-2.88,v:m/s;w:rad/s;arm:deg
BAG,1791436648.2464,310,1,0.0344,0.0417,0.240,tracking,ok,0,3,imu,-0.1000,-0.0144,-1.12,-2.46,v:m/s;w:rad/s;arm:deg
BAG,1791436648.2727,310,1,0.0344,0.0417,0.240,tracking,ok,0,3,imu,-0.1000,-0.0144,-1.12,-2.46,v:m/s;w:rad/s;arm:deg
BAG,1791436648.3049,310,1,0.0344,0.0417,0.240,tracking,ok,0,3,imu,-0.1000,-0.0144,-1.12,-2.46,v:m/s;w:rad/s;arm:deg
BAG,1791436648.3467,310,1,0.0344,0.0417,0.240,tracking,ok,0,3,imu,-0.1000,-0.0144,-1.12,-2.46,v:m/s;w:rad/s;arm:deg
BAG,1791436648.3763,311,1,0.0344,0.0278,0.240,tracking,ok,0,3,imu,-0.1000,-0.0144,-1.12,-2.24,v:m/s;w:rad/s;arm:deg
BAG,1791436648.4069,311,1,0.0344,0.0278,0.240,tracking,ok,0,3,imu,-0.1000,-0.0144,-1.12,-2.24,v:m/s;w:rad/s;arm:deg
BAG,1791436648.4474,311,1,0.0344,0.0278,0.240,tracking,ok,0,3,imu,-0.1000,-0.0144,-1.12,-2.24,v:m/s;w:rad/s;arm:deg
BAG,1791436648.4856,311,1,0.0344,0.0278,0.240,tracking,ok,0,3,imu,-0.1000,-0.0144,-1.12,-2.24,v:m/s;w:rad/s;arm:deg
BAG,1791436648.5076,312,1,0.0063,-0.0361,0.244,tracking,ok,0,3,imu,-0.1000,-0.0070,-0.59,-1.26,v:m/s;w:rad/s;arm:deg
BAG,1791436648.5448,312,1,0.0063,-0.0361,0.244,tracking,ok,0,3,imu,-0.1000,-0.0070,-0.59,-1.26,v:m/s;w:rad/s;arm:deg
BAG,1791436648.5762,312,1,0.0063,-0.0361,0.244,tracking,ok,0,3,imu,-0.1000,-0.0070,-0.59,-1.26,v:m/s;w:rad/s;arm:deg
BAG,1791436648.6098,312,1,0.0063,-0.0361,0.244,tracking,ok,0,3,imu,-0.1000,-0.0070,-0.59,-1.26,v:m/s;w:rad/s;arm:deg
BAG,1791436648.6458,313,1,0.0031,-0.0639,0.243,tracking,ok,0,3,imu,-0.1000,-0.0063,-0.54,-1.07,v:m/s;w:rad/s;arm:deg
BAG,1791436648.6739,313,1,0.0031,-0.0639,0.243,tracking,ok,0,3,imu,-0.1000,-0.0063,-0.54,-1.07,v:m/s;w:rad/s;arm:deg
BAG,1791436648.7075,313,1,0.0031,-0.0639,0.243,tracking,ok,0,3,imu,-0.1000,-0.0063,-0.54,-1.07,v:m/s;w:rad/s;arm:deg
BAG,1791436648.7456,313,1,0.0031,-0.0639,0.243,tracking,ok,0,3,imu,-0.1000,-0.0063,-0.54,-1.07,v:m/s;w:rad/s;arm:deg
BAG,1791436648.7737,314,1,-0.0500,-0.1556,0.232,tracking,ok,0,3,imu,-0.1000,0.0047,0.24,0.64,v:m/s;w:rad/s;arm:deg
BAG,1791436648.8068,314,1,-0.0500,-0.1556,0.232,tracking,ok,0,3,imu,-0.1000,0.0047,0.24,0.64,v:m/s;w:rad/s;arm:deg
BAG,1791436648.8390,314,1,-0.0500,-0.1556,0.232,tracking,ok,0,3,imu,-0.1000,0.0047,0.24,0.64,v:m/s;w:rad/s;arm:deg
BAG,1791436648.8758,314,1,-0.0500,-0.1556,0.232,tracking,ok,0,3,imu,-0.1000,0.0047,0.24,0.64,v:m/s;w:rad/s;arm:deg
BAG,1791436648.9109,315,1,-0.0609,-0.1472,0.229,tracking,ok,0,3,imu,-0.1000,0.0073,0.43,0.72,v:m/s;w:rad/s;arm:deg
BAG,1791436648.9602,315,1,-0.0609,-0.1472,0.229,tracking,ok,0,3,imu,-0.1000,0.0073,0.43,0.72,v:m/s;w:rad/s;arm:deg
BAG,1791436648.9913,315,1,-0.0609,-0.1472,0.229,tracking,ok,0,3,imu,-0.1000,0.0073,0.43,0.72,v:m/s;w:rad/s;arm:deg
BAG,1791436649.0136,315,1,-0.0609,-0.1472,0.229,tracking,ok,0,3,imu,-0.1000,0.0073,0.43,0.72,v:m/s;w:rad/s;arm:deg
BAG,1791436649.0442,315,1,-0.0609,-0.1472,0.229,tracking,ok,0,3,imu,-0.1000,0.0073,0.43,0.72,v:m/s;w:rad/s;arm:deg
BAG,1791436649.0725,316,1,-0.0891,-0.1556,0.223,tracking,ok,0,3,imu,-0.1000,0.0178,1.18,2.02,v:m/s;w:rad/s;arm:deg
BAG,1791436649.1076,316,1,-0.0891,-0.1556,0.223,tracking,ok,0,3,imu,-0.1000,0.0178,1.18,2.02,v:m/s;w:rad/s;arm:deg
BAG,1791436649.1467,316,1,-0.0891,-0.1556,0.223,tracking,ok,0,3,imu,-0.1000,0.0178,1.18,2.02,v:m/s;w:rad/s;arm:deg
BAG,1791436649.1727,316,1,-0.0891,-0.1556,0.223,tracking,ok,0,3,imu,-0.1000,0.0178,1.18,2.02,v:m/s;w:rad/s;arm:deg
BAG,1791436649.2078,317,1,-0.0953,-0.0917,0.225,tracking,ok,0,3,imu,-0.1000,0.0218,1.47,1.41,v:m/s;w:rad/s;arm:deg
BAG,1791436649.2437,317,1,-0.0953,-0.0917,0.225,tracking,ok,0,3,imu,-0.1000,0.0218,1.47,1.41,v:m/s;w:rad/s;arm:deg
BAG,1791436649.2741,317,1,-0.0953,-0.0917,0.225,tracking,ok,0,3,imu,-0.1000,0.0218,1.47,1.41,v:m/s;w:rad/s;arm:deg
BAG,1791436649.3128,318,1,-0.0844,-0.0472,0.227,tracking,ok,0,3,imu,-0.1000,0.0222,1.50,1.47,v:m/s;w:rad/s;arm:deg
BAG,1791436649.3521,318,1,-0.0844,-0.0472,0.227,tracking,ok,0,3,imu,-0.1000,0.0222,1.50,1.47,v:m/s;w:rad/s;arm:deg
BAG,1791436649.3790,318,1,-0.0844,-0.0472,0.227,tracking,ok,0,3,imu,-0.1000,0.0222,1.50,1.47,v:m/s;w:rad/s;arm:deg
BAG,1791436649.4113,318,1,-0.0844,-0.0472,0.227,tracking,ok,0,3,imu,-0.1000,0.0222,1.50,1.47,v:m/s;w:rad/s;arm:deg
BAG,1791436649.4429,318,1,-0.0844,-0.0472,0.227,tracking,ok,0,3,imu,-0.1000,0.0222,1.50,1.47,v:m/s;w:rad/s;arm:deg
BAG,1791436649.4729,319,1,-0.0766,-0.0472,0.227,tracking,ok,0,3,imu,-0.1000,0.0210,1.42,1.52,v:m/s;w:rad/s;arm:deg
BAG,1791436649.5063,319,1,-0.0766,-0.0472,0.227,tracking,ok,0,3,imu,-0.1000,0.0210,1.42,1.52,v:m/s;w:rad/s;arm:deg
BAG,1791436649.5535,319,1,-0.0766,-0.0472,0.227,tracking,ok,0,3,imu,-0.1000,0.0210,1.42,1.52,v:m/s;w:rad/s;arm:deg
BAG,1791436649.5739,319,1,-0.0766,-0.0472,0.227,tracking,ok,0,3,imu,-0.1000,0.0210,1.42,1.52,v:m/s;w:rad/s;arm:deg
BAG,1791436649.6093,320,1,-0.0031,-0.0250,0.240,tracking,ok,0,3,imu,-0.1000,0.0107,0.68,2.09,v:m/s;w:rad/s;arm:deg
BAG,1791436649.6418,320,1,-0.0031,-0.0250,0.240,tracking,ok,0,3,imu,-0.1000,0.0107,0.68,2.09,v:m/s;w:rad/s;arm:deg
BAG,1791436649.6780,320,1,-0.0031,-0.0250,0.240,tracking,ok,0,3,imu,-0.1000,0.0107,0.68,2.09,v:m/s;w:rad/s;arm:deg
BAG,1791436649.7086,320,1,-0.0031,-0.0250,0.240,tracking,ok,0,3,imu,-0.1000,0.0107,0.68,2.09,v:m/s;w:rad/s;arm:deg
BAG,1791436649.7508,321,1,0.0109,-0.0694,0.253,tracking,ok,0,3,imu,-0.1000,0.0078,0.47,2.95,v:m/s;w:rad/s;arm:deg
BAG,1791436649.7735,321,1,0.0109,-0.0694,0.253,tracking,ok,0,3,imu,-0.1000,0.0078,0.47,2.95,v:m/s;w:rad/s;arm:deg
BAG,1791436649.8071,321,1,0.0109,-0.0694,0.253,tracking,ok,0,3,imu,-0.1000,0.0078,0.47,2.95,v:m/s;w:rad/s;arm:deg
BAG,1791436649.8446,321,1,0.0109,-0.0694,0.253,tracking,ok,0,3,imu,-0.1000,0.0078,0.47,2.95,v:m/s;w:rad/s;arm:deg
BAG,1791436649.8795,322,1,0.0172,-0.0750,0.258,tracking,ok,0,3,imu,-0.1000,0.0060,0.34,3.07,v:m/s;w:rad/s;arm:deg
BAG,1791436649.9088,322,1,0.0172,-0.0750,0.258,tracking,ok,0,3,imu,-0.1000,0.0060,0.34,3.07,v:m/s;w:rad/s;arm:deg
BAG,1791436649.9444,322,1,0.0172,-0.0750,0.258,tracking,ok,0,3,imu,-0.1000,0.0060,0.34,3.07,v:m/s;w:rad/s;arm:deg
BAG,1791436649.9771,322,1,0.0172,-0.0750,0.258,tracking,ok,0,3,imu,-0.1000,0.0060,0.34,3.07,v:m/s;w:rad/s;arm:deg
BAG,1791436650.0078,322,1,0.0172,-0.0750,0.258,tracking,ok,0,3,imu,-0.1000,0.0060,0.34,3.07,v:m/s;w:rad/s;arm:deg
BAG,1791436650.0475,323,1,0.0328,-0.0806,0.290,tracking,ok,0,3,imu,-0.1000,0.0009,-0.03,3.37,v:m/s;w:rad/s;arm:deg
BAG,1791436650.0788,323,1,0.0328,-0.0806,0.290,tracking,ok,0,3,imu,-0.1000,0.0009,-0.03,3.37,v:m/s;w:rad/s;arm:deg
BAG,1791436650.1074,323,1,0.0328,-0.0806,0.290,tracking,ok,0,3,imu,-0.1000,0.0009,-0.03,3.37,v:m/s;w:rad/s;arm:deg
BAG,1791436650.1515,324,1,0.0328,-0.0556,0.294,tracking,ok,0,3,imu,-0.1000,-0.0013,-0.18,3.03,v:m/s;w:rad/s;arm:deg
BAG,1791436650.1797,324,1,0.0328,-0.0556,0.294,tracking,ok,0,3,imu,-0.1000,-0.0013,-0.18,3.03,v:m/s;w:rad/s;arm:deg
BAG,1791436650.2094,324,1,0.0328,-0.0556,0.294,tracking,ok,0,3,imu,-0.1000,-0.0013,-0.18,3.03,v:m/s;w:rad/s;arm:deg
BAG,1791436650.2439,324,1,0.0328,-0.0556,0.294,tracking,ok,0,3,imu,-0.1000,-0.0013,-0.18,3.03,v:m/s;w:rad/s;arm:deg
BAG,1791436650.2827,325,1,0.0484,0.0306,0.333,tracking,ok,0,3,imu,-0.0671,-0.0074,-0.62,2.24,v:m/s;w:rad/s;arm:deg
BAG,1791436650.3097,325,1,0.0484,0.0306,0.333,tracking,ok,0,3,imu,-0.0671,-0.0074,-0.62,2.24,v:m/s;w:rad/s;arm:deg
BAG,1791436650.3479,325,1,0.0484,0.0306,0.333,tracking,ok,0,3,imu,-0.0671,-0.0074,-0.62,2.24,v:m/s;w:rad/s;arm:deg
BAG,1791436650.3785,325,1,0.0484,0.0306,0.333,tracking,ok,0,3,imu,-0.0671,-0.0074,-0.62,2.24,v:m/s;w:rad/s;arm:deg
BAG,1791436650.4081,325,1,0.0484,0.0306,0.333,tracking,ok,0,3,imu,-0.0671,-0.0074,-0.62,2.24,v:m/s;w:rad/s;arm:deg
BAG,1791436650.4469,326,1,0.0609,0.0639,0.356,tracking,ok,0,3,imu,-0.0438,-0.0110,-0.88,1.56,v:m/s;w:rad/s;arm:deg
BAG,1791436650.4777,326,1,0.0609,0.0639,0.356,tracking,ok,0,3,imu,-0.0438,-0.0110,-0.88,1.56,v:m/s;w:rad/s;arm:deg
BAG,1791436650.5092,326,1,0.0609,0.0639,0.356,tracking,ok,0,3,imu,-0.0438,-0.0110,-0.88,1.56,v:m/s;w:rad/s;arm:deg
BAG,1791436650.5444,326,1,0.0609,0.0639,0.356,tracking,ok,0,3,imu,-0.0438,-0.0110,-0.88,1.56,v:m/s;w:rad/s;arm:deg
BAG,1791436650.5835,327,1,0.0578,0.0833,0.361,tracking,ok,0,3,imu,-0.0387,-0.0105,-0.84,1.28,v:m/s;w:rad/s;arm:deg
BAG,1791436650.6068,327,1,0.0578,0.0833,0.361,tracking,ok,0,3,imu,-0.0387,-0.0105,-0.84,1.28,v:m/s;w:rad/s;arm:deg
BAG,1791436650.6452,327,1,0.0578,0.0833,0.361,tracking,ok,0,3,imu,-0.0387,-0.0105,-0.84,1.28,v:m/s;w:rad/s;arm:deg
BAG,1791436650.6738,327,1,0.0578,0.0833,0.361,tracking,ok,0,3,imu,-0.0387,-0.0105,-0.84,1.28,v:m/s;w:rad/s;arm:deg
BAG,1791436650.7084,328,1,0.0594,0.1028,0.387,tracking,ok,0,3,imu,0.0000,-0.0136,-1.06,0.93,v:m/s;w:rad/s;arm:deg
BAG,1791436650.7524,328,1,0.0594,0.1028,0.387,tracking,ok,0,3,imu,0.0000,-0.0136,-1.06,0.93,v:m/s;w:rad/s;arm:deg
BAG,1791436650.7745,328,1,0.0594,0.1028,0.387,tracking,ok,0,3,imu,0.0000,-0.0136,-1.06,0.93,v:m/s;w:rad/s;arm:deg
BAG,1791436650.8075,328,1,0.0594,0.1028,0.387,tracking,ok,0,3,imu,0.0000,-0.0136,-1.06,0.93,v:m/s;w:rad/s;arm:deg
BAG,1791436650.8455,329,1,0.0688,0.1056,0.414,tracking,ok,0,3,imu,0.0000,-0.0165,-1.27,0.78,v:m/s;w:rad/s;arm:deg
BAG,1791436650.8759,329,1,0.0688,0.1056,0.414,tracking,ok,0,3,imu,0.0000,-0.0165,-1.27,0.78,v:m/s;w:rad/s;arm:deg
BAG,1791436650.9087,329,1,0.0688,0.1056,0.414,tracking,ok,0,3,imu,0.0000,-0.0165,-1.27,0.78,v:m/s;w:rad/s;arm:deg
BAG,1791436650.9557,329,1,0.0688,0.1056,0.414,tracking,ok,0,3,imu,0.0000,-0.0165,-1.27,0.78,v:m/s;w:rad/s;arm:deg
BAG,1791436650.9807,330,1,0.0469,0.1028,0.465,tracking,ok,0,3,imu,0.0654,-0.0162,-1.25,-0.57,v:m/s;w:rad/s;arm:deg
BAG,1791436651.0077,330,1,0.0469,0.1028,0.465,tracking,ok,0,3,imu,0.0654,-0.0162,-1.25,-0.57,v:m/s;w:rad/s;arm:deg
BAG,1791436651.0430,330,1,0.0469,0.1028,0.465,tracking,ok,0,3,imu,0.0654,-0.0162,-1.25,-0.57,v:m/s;w:rad/s;arm:deg
BAG,1791436651.0727,330,1,0.0469,0.1028,0.465,tracking,ok,0,3,imu,0.0654,-0.0162,-1.25,-0.57,v:m/s;w:rad/s;arm:deg
BAG,1791436651.1099,331,1,0.0453,0.1000,0.467,tracking,ok,0,3,imu,0.0674,-0.0158,-1.22,-0.66,v:m/s;w:rad/s;arm:deg
BAG,1791436651.1470,331,1,0.0453,0.1000,0.467,tracking,ok,0,3,imu,0.0674,-0.0158,-1.22,-0.66,v:m/s;w:rad/s;arm:deg
BAG,1791436651.1757,331,1,0.0453,0.1000,0.467,tracking,ok,0,3,imu,0.0674,-0.0158,-1.22,-0.66,v:m/s;w:rad/s;arm:deg
BAG,1791436651.2091,331,1,0.0453,0.1000,0.467,tracking,ok,0,3,imu,0.0674,-0.0158,-1.22,-0.66,v:m/s;w:rad/s;arm:deg
BAG,1791436651.2456,332,0,0.0000,0.0000,0.000,tracking,ok,1,0,imu,0.0000,0.0000,-1.22,-0.66,v:m/s;w:rad/s;arm:deg
BAG,1791436651.2753,332,0,0.0000,0.0000,0.000,tracking,ok,1,0,imu,0.0000,0.0000,-1.22,-0.66,v:m/s;w:rad/s;arm:deg
BAG,1791436651.3082,332,0,0.0000,0.0000,0.000,tracking,ok,1,0,imu,0.0000,0.0000,-1.22,-0.66,v:m/s;w:rad/s;arm:deg
BAG,1791436651.3479,332,0,0.0000,0.0000,0.000,tracking,ok,1,0,imu,0.0000,0.0000,-1.22,-0.66,v:m/s;w:rad/s;arm:deg
BAG,1791436651.3854,333,1,0.0047,0.0417,0.474,tracking,ok,0,1,imu,0.0740,-0.0085,-0.70,-0.08,v:m/s;w:rad/s;arm:deg
BAG,1791436651.4087,333,1,0.0047,0.0417,0.474,tracking,ok,0,1,imu,0.0740,-0.0085,-0.70,-0.08,v:m/s;w:rad/s;arm:deg
BAG,1791436651.4456,333,1,0.0047,0.0417,0.474,tracking,ok,0,1,imu,0.0740,-0.0085,-0.70,-0.08,v:m/s;w:rad/s;arm:deg
BAG,1791436651.4738,333,1,0.0047,0.0417,0.474,tracking,ok,0,1,imu,0.0740,-0.0085,-0.70,-0.08,v:m/s;w:rad/s;arm:deg
BAG,1791436651.5121,334,1,-0.0016,0.0083,0.468,tracking,ok,0,2,imu,0.0680,-0.0070,-0.59,-0.61,v:m/s;w:rad/s;arm:deg
BAG,1791436651.5443,334,1,-0.0016,0.0083,0.468,tracking,ok,0,2,imu,0.0680,-0.0070,-0.59,-0.61,v:m/s;w:rad/s;arm:deg
BAG,1791436651.5731,334,1,-0.0016,0.0083,0.468,tracking,ok,0,2,imu,0.0680,-0.0070,-0.59,-0.61,v:m/s;w:rad/s;arm:deg
BAG,1791436651.6065,334,1,-0.0016,0.0083,0.468,tracking,ok,0,2,imu,0.0680,-0.0070,-0.59,-0.61,v:m/s;w:rad/s;arm:deg
BAG,1791436651.6416,334,1,-0.0016,0.0083,0.468,tracking,ok,0,2,imu,0.0680,-0.0070,-0.59,-0.61,v:m/s;w:rad/s;arm:deg
BAG,1791436651.6799,335,1,-0.0125,0.0028,0.461,tracking,ok,0,3,imu,0.0610,-0.0043,-0.40,-0.59,v:m/s;w:rad/s;arm:deg
BAG,1791436651.7089,335,1,-0.0125,0.0028,0.461,tracking,ok,0,3,imu,0.0610,-0.0043,-0.40,-0.59,v:m/s;w:rad/s;arm:deg
BAG,1791436651.7458,335,1,-0.0125,0.0028,0.461,tracking,ok,0,3,imu,0.0610,-0.0043,-0.40,-0.59,v:m/s;w:rad/s;arm:deg
BAG,1791436651.7766,335,1,-0.0125,0.0028,0.461,tracking,ok,0,3,imu,0.0610,-0.0043,-0.40,-0.59,v:m/s;w:rad/s;arm:deg
BAG,1791436651.8087,336,1,-0.0141,0.0111,0.458,tracking,ok,0,3,imu,0.0580,-0.0040,-0.37,-0.76,v:m/s;w:rad/s;arm:deg
BAG,1791436651.8429,336,1,-0.0141,0.0111,0.458,tracking,ok,0,3,imu,0.0580,-0.0040,-0.37,-0.76,v:m/s;w:rad/s;arm:deg
BAG,1791436651.8737,336,1,-0.0141,0.0111,0.458,tracking,ok,0,3,imu,0.0580,-0.0040,-0.37,-0.76,v:m/s;w:rad/s;arm:deg
BAG,1791436651.9067,336,1,-0.0141,0.0111,0.458,tracking,ok,0,3,imu,0.0580,-0.0040,-0.37,-0.76,v:m/s;w:rad/s;arm:deg
BAG,1791436651.9473,337,1,-0.0063,0.0083,0.450,tracking,ok,0,3,imu,0.0500,-0.0028,-0.29,-0.70,v:m/s;w:rad/s;arm:deg
BAG,1791436651.9737,337,1,-0.0063,0.0083,0.450,tracking,ok,0,3,imu,0.0500,-0.0028,-0.29,-0.70,v:m/s;w:rad/s;arm:deg
BAG,1791436652.0060,337,1,-0.0063,0.0083,0.450,tracking,ok,0,3,imu,0.0500,-0.0028,-0.29,-0.70,v:m/s;w:rad/s;arm:deg
BAG,1791436652.0487,337,1,-0.0063,0.0083,0.450,tracking,ok,0,3,imu,0.0500,-0.0028,-0.29,-0.70,v:m/s;w:rad/s;arm:deg
BAG,1791436652.0803,337,1,-0.0063,0.0083,0.450,tracking,ok,0,3,imu,0.0500,-0.0028,-0.29,-0.70,v:m/s;w:rad/s;arm:deg
BAG,1791436652.1121,338,1,-0.0063,0.0083,0.448,tracking,ok,0,3,imu,0.0480,-0.0028,-0.29,-0.70,v:m/s;w:rad/s;arm:deg
BAG,1791436652.1494,338,1,-0.0063,0.0083,0.448,tracking,ok,0,3,imu,0.0480,-0.0028,-0.29,-0.70,v:m/s;w:rad/s;arm:deg
BAG,1791436652.1770,338,1,-0.0063,0.0083,0.448,tracking,ok,0,3,imu,0.0480,-0.0028,-0.29,-0.70,v:m/s;w:rad/s;arm:deg
BAG,1791436652.2068,338,1,-0.0063,0.0083,0.448,tracking,ok,0,3,imu,0.0480,-0.0028,-0.29,-0.70,v:m/s;w:rad/s;arm:deg
BAG,1791436652.2395,338,1,-0.0063,0.0083,0.448,tracking,ok,0,3,imu,0.0480,-0.0028,-0.29,-0.70,v:m/s;w:rad/s;arm:deg
BAG,1791436652.2727,338,1,-0.0063,0.0083,0.448,tracking,ok,0,3,imu,0.0480,-0.0028,-0.29,-0.70,v:m/s;w:rad/s;arm:deg
BAG,1791436652.3087,339,1,-0.0047,0.0028,0.442,tracking,ok,0,3,imu,0.0420,-0.0032,-0.32,-0.59,v:m/s;w:rad/s;arm:deg
BAG,1791436652.3625,339,1,-0.0047,0.0028,0.442,tracking,ok,0,3,imu,0.0420,-0.0032,-0.32,-0.59,v:m/s;w:rad/s;arm:deg
BAG,1791436652.3889,339,1,-0.0047,0.0028,0.442,tracking,ok,0,3,imu,0.0420,-0.0032,-0.32,-0.59,v:m/s;w:rad/s;arm:deg
BAG,1791436652.4089,339,1,-0.0047,0.0028,0.442,tracking,ok,0,3,imu,0.0420,-0.0032,-0.32,-0.59,v:m/s;w:rad/s;arm:deg
BAG,1791436652.4390,339,1,-0.0047,0.0028,0.442,tracking,ok,0,3,imu,0.0420,-0.0032,-0.32,-0.59,v:m/s;w:rad/s;arm:deg
BAG,1791436652.4719,339,1,-0.0047,0.0028,0.442,tracking,ok,0,3,imu,0.0420,-0.0032,-0.32,-0.59,v:m/s;w:rad/s;arm:deg
BAG,1791436652.5071,339,1,-0.0047,0.0028,0.442,tracking,ok,0,3,imu,0.0420,-0.0032,-0.32,-0.59,v:m/s;w:rad/s;arm:deg
BAG,1791436652.5440,339,1,-0.0047,0.0028,0.442,tracking,ok,0,3,imu,0.0420,-0.0032,-0.32,-0.59,v:m/s;w:rad/s;arm:deg
BAG,1791436652.5757,339,1,-0.0047,0.0028,0.442,tracking,ok,0,3,imu,0.0420,-0.0032,-0.32,-0.59,v:m/s;w:rad/s;arm:deg
BAG,1791436652.6051,339,1,-0.0047,0.0028,0.442,tracking,ok,0,3,imu,0.0420,-0.0032,-0.32,-0.59,v:m/s;w:rad/s;arm:deg
BAG,1791436652.6409,340,1,0.0063,-0.0083,0.420,tracking,ok,0,3,imu,0.0000,-0.0033,-0.33,-0.53,v:m/s;w:rad/s;arm:deg
BAG,1791436652.6794,340,1,0.0063,-0.0083,0.420,tracking,ok,0,3,imu,0.0000,-0.0033,-0.33,-0.53,v:m/s;w:rad/s;arm:deg
BAG,1791436652.7061,340,1,0.0063,-0.0083,0.420,tracking,ok,0,3,imu,0.0000,-0.0033,-0.33,-0.53,v:m/s;w:rad/s;arm:deg
BAG,1791436652.7498,340,1,0.0063,-0.0083,0.420,tracking,ok,0,3,imu,0.0000,-0.0033,-0.33,-0.53,v:m/s;w:rad/s;arm:deg
BAG,1791436652.7736,340,1,0.0063,-0.0083,0.420,tracking,ok,0,3,imu,0.0000,-0.0033,-0.33,-0.53,v:m/s;w:rad/s;arm:deg
BAG,1791436652.8129,340,1,0.0063,-0.0083,0.420,tracking,ok,0,3,imu,0.0000,-0.0033,-0.33,-0.53,v:m/s;w:rad/s;arm:deg
BAG,1791436652.8490,341,1,-0.0031,-0.0028,0.410,tracking,ok,0,3,imu,0.0000,-0.0011,-0.17,-0.64,v:m/s;w:rad/s;arm:deg
BAG,1791436652.8769,341,1,-0.0031,-0.0028,0.410,tracking,ok,0,3,imu,0.0000,-0.0011,-0.17,-0.64,v:m/s;w:rad/s;arm:deg
BAG,1791436652.9086,341,1,-0.0031,-0.0028,0.410,tracking,ok,0,3,imu,0.0000,-0.0011,-0.17,-0.64,v:m/s;w:rad/s;arm:deg
BAG,1791436652.9481,341,1,-0.0031,-0.0028,0.410,tracking,ok,0,3,imu,0.0000,-0.0011,-0.17,-0.64,v:m/s;w:rad/s;arm:deg
BAG,1791436652.9718,341,1,-0.0031,-0.0028,0.410,tracking,ok,0,3,imu,0.0000,-0.0011,-0.17,-0.64,v:m/s;w:rad/s;arm:deg
BAG,1791436653.0049,341,1,-0.0031,-0.0028,0.410,tracking,ok,0,3,imu,0.0000,-0.0011,-0.17,-0.64,v:m/s;w:rad/s;arm:deg
BAG,1791436653.0416,341,1,-0.0031,-0.0028,0.410,tracking,ok,0,3,imu,0.0000,-0.0011,-0.17,-0.64,v:m/s;w:rad/s;arm:deg
BAG,1791436653.0731,341,1,-0.0031,-0.0028,0.410,tracking,ok,0,3,imu,0.0000,-0.0011,-0.17,-0.64,v:m/s;w:rad/s;arm:deg
BAG,1791436653.1128,342,1,-0.0109,-0.0056,0.399,tracking,ok,0,3,imu,0.0000,0.0008,-0.03,-0.59,v:m/s;w:rad/s;arm:deg
BAG,1791436653.1543,342,1,-0.0109,-0.0056,0.399,tracking,ok,0,3,imu,0.0000,0.0008,-0.03,-0.59,v:m/s;w:rad/s;arm:deg
BAG,1791436653.1768,342,1,-0.0109,-0.0056,0.399,tracking,ok,0,3,imu,0.0000,0.0008,-0.03,-0.59,v:m/s;w:rad/s;arm:deg
BAG,1791436653.2127,342,1,-0.0109,-0.0056,0.399,tracking,ok,0,3,imu,0.0000,0.0008,-0.03,-0.59,v:m/s;w:rad/s;arm:deg
BAG,1791436653.2454,342,1,-0.0109,-0.0056,0.399,tracking,ok,0,3,imu,0.0000,0.0008,-0.03,-0.59,v:m/s;w:rad/s;arm:deg
BAG,1791436653.2828,342,1,-0.0109,-0.0056,0.399,tracking,ok,0,3,imu,0.0000,0.0008,-0.03,-0.59,v:m/s;w:rad/s;arm:deg
BAG,1791436653.3121,342,1,-0.0109,-0.0056,0.399,tracking,ok,0,3,imu,0.0000,0.0008,-0.03,-0.59,v:m/s;w:rad/s;arm:deg
BAG,1791436653.3555,343,1,0.0063,-0.0028,0.394,tracking,ok,0,3,imu,0.0000,-0.0033,-0.33,-0.58,v:m/s;w:rad/s;arm:deg
BAG,1791436653.3741,343,1,0.0063,-0.0028,0.394,tracking,ok,0,3,imu,0.0000,-0.0033,-0.33,-0.58,v:m/s;w:rad/s;arm:deg
BAG,1791436653.4124,343,1,0.0063,-0.0028,0.394,tracking,ok,0,3,imu,0.0000,-0.0033,-0.33,-0.58,v:m/s;w:rad/s;arm:deg
BAG,1791436653.4478,343,1,0.0063,-0.0028,0.394,tracking,ok,0,3,imu,0.0000,-0.0033,-0.33,-0.58,v:m/s;w:rad/s;arm:deg
BAG,1791436653.4831,343,1,0.0063,-0.0028,0.394,tracking,ok,0,3,imu,0.0000,-0.0033,-0.33,-0.58,v:m/s;w:rad/s;arm:deg
BAG,1791436653.5079,343,1,0.0063,-0.0028,0.394,tracking,ok,0,3,imu,0.0000,-0.0033,-0.33,-0.58,v:m/s;w:rad/s;arm:deg
BAG,1791436653.5429,343,1,0.0063,-0.0028,0.394,tracking,ok,0,3,imu,0.0000,-0.0033,-0.33,-0.58,v:m/s;w:rad/s;arm:deg
BAG,1791436653.5768,344,0,0.0000,0.0000,0.000,tracking,ok,1,0,imu,0.0000,0.0000,-0.33,-0.58,v:m/s;w:rad/s;arm:deg
BAG,1791436653.6080,344,0,0.0000,0.0000,0.000,tracking,ok,1,0,imu,0.0000,0.0000,-0.33,-0.58,v:m/s;w:rad/s;arm:deg
BAG,1791436653.6429,344,0,0.0000,0.0000,0.000,tracking,ok,1,0,imu,0.0000,0.0000,-0.33,-0.58,v:m/s;w:rad/s;arm:deg
BAG,1791436653.6779,344,0,0.0000,0.0000,0.000,tracking,ok,1,0,imu,0.0000,0.0000,-0.33,-0.58,v:m/s;w:rad/s;arm:deg
BAG,1791436653.7064,344,0,0.0000,0.0000,0.000,tracking,ok,1,0,imu,0.0000,0.0000,-0.33,-0.58,v:m/s;w:rad/s;arm:deg
BAG,1791436653.7563,344,0,0.0000,0.0000,0.000,tracking,ok,1,0,imu,0.0000,0.0000,-0.33,-0.58,v:m/s;w:rad/s;arm:deg
BAG,1791436653.7809,344,0,0.0000,0.0000,0.000,tracking,ok,1,0,imu,0.0000,0.0000,-0.33,-0.58,v:m/s;w:rad/s;arm:deg
BAG,1791436653.8053,344,0,0.0000,0.0000,0.000,tracking,ok,1,0,imu,0.0000,0.0000,-0.33,-0.58,v:m/s;w:rad/s;arm:deg
BAG,1791436653.8433,344,0,0.0000,0.0000,0.000,tracking,ok,1,0,imu,0.0000,0.0000,-0.33,-0.58,v:m/s;w:rad/s;arm:deg
BAG,1791436653.8751,344,0,0.0000,0.0000,0.000,tracking,ok,1,0,imu,0.0000,0.0000,-0.33,-0.58,v:m/s;w:rad/s;arm:deg
BAG,1791436653.9168,345,1,0.3766,-0.1361,0.368,tracking,ok,0,1,imu,-0.0216,-0.0906,-6.58,2.10,v:m/s;w:rad/s;arm:deg
BAG,1791436653.9475,345,1,0.3766,-0.1361,0.368,tracking,ok,0,1,imu,-0.0216,-0.0906,-6.58,2.10,v:m/s;w:rad/s;arm:deg
BAG,1791436653.9766,345,1,0.3766,-0.1361,0.368,tracking,ok,0,1,imu,-0.0216,-0.0906,-6.58,2.10,v:m/s;w:rad/s;arm:deg
BAG,1791436654.0077,345,1,0.3766,-0.1361,0.368,tracking,ok,0,1,imu,-0.0216,-0.0906,-6.58,2.10,v:m/s;w:rad/s;arm:deg
BAG,1791436654.0424,345,1,0.3766,-0.1361,0.368,tracking,ok,0,1,imu,-0.0216,-0.0906,-6.58,2.10,v:m/s;w:rad/s;arm:deg
BAG,1791436654.0761,345,1,0.3766,-0.1361,0.368,tracking,ok,0,1,imu,-0.0216,-0.0906,-6.58,2.10,v:m/s;w:rad/s;arm:deg
BAG,1791436654.1119,345,1,0.3766,-0.1361,0.368,tracking,ok,0,1,imu,-0.0216,-0.0906,-6.58,2.10,v:m/s;w:rad/s;arm:deg
BAG,1791436654.1756,345,1,0.3766,-0.1361,0.368,tracking,ok,0,1,imu,-0.0216,-0.0906,-6.58,2.10,v:m/s;w:rad/s;arm:deg
BAG,1791436654.1872,345,1,0.3766,-0.1361,0.368,tracking,ok,0,1,imu,-0.0216,-0.0906,-6.58,2.10,v:m/s;w:rad/s;arm:deg
BAG,1791436654.2173,346,1,0.6047,-0.2028,0.355,tracking,ok,0,2,imu,0.0000,-0.3054,-10.60,3.32,v:m/s;w:rad/s;arm:deg
BAG,1791436654.2461,346,1,0.6047,-0.2028,0.355,tracking,ok,0,2,imu,0.0000,-0.3054,-10.60,3.32,v:m/s;w:rad/s;arm:deg
BAG,1791436654.2878,346,1,0.6047,-0.2028,0.355,tracking,ok,0,2,imu,0.0000,-0.3054,-10.60,3.32,v:m/s;w:rad/s;arm:deg
BAG,1791436654.3070,346,1,0.6047,-0.2028,0.355,tracking,ok,0,2,imu,0.0000,-0.3054,-10.60,3.32,v:m/s;w:rad/s;arm:deg
BAG,1791436654.3446,346,1,0.6047,-0.2028,0.355,tracking,ok,0,2,imu,0.0000,-0.3054,-10.60,3.32,v:m/s;w:rad/s;arm:deg
BAG,1791436654.3745,346,1,0.6047,-0.2028,0.355,tracking,ok,0,2,imu,0.0000,-0.3054,-10.60,3.32,v:m/s;w:rad/s;arm:deg
BAG,1791436654.4066,346,1,0.6047,-0.2028,0.355,tracking,ok,0,2,imu,0.0000,-0.3054,-10.60,3.32,v:m/s;w:rad/s;arm:deg
BAG,1791436654.4496,347,1,0.7703,-0.2556,0.346,tracking,ok,0,3,imu,0.0000,-0.3883,-13.45,4.17,v:m/s;w:rad/s;arm:deg
BAG,1791436654.4793,347,1,0.7703,-0.2556,0.346,tracking,ok,0,3,imu,0.0000,-0.3883,-13.45,4.17,v:m/s;w:rad/s;arm:deg
BAG,1791436654.5113,347,1,0.7703,-0.2556,0.346,tracking,ok,0,3,imu,0.0000,-0.3883,-13.45,4.17,v:m/s;w:rad/s;arm:deg
BAG,1791436654.5450,347,1,0.7703,-0.2556,0.346,tracking,ok,0,3,imu,0.0000,-0.3883,-13.45,4.17,v:m/s;w:rad/s;arm:deg
BAG,1791436654.5746,347,1,0.7703,-0.2556,0.346,tracking,ok,0,3,imu,0.0000,-0.3883,-13.45,4.17,v:m/s;w:rad/s;arm:deg
BAG,1791436654.6060,347,1,0.7703,-0.2556,0.346,tracking,ok,0,3,imu,0.0000,-0.3883,-13.45,4.17,v:m/s;w:rad/s;arm:deg
BAG,1791436654.6423,347,1,0.7703,-0.2556,0.346,tracking,ok,0,3,imu,0.0000,-0.3883,-13.45,4.17,v:m/s;w:rad/s;arm:deg
BAG,1791436654.6782,347,1,0.7703,-0.2556,0.346,tracking,ok,0,3,imu,0.0000,-0.3883,-13.45,4.17,v:m/s;w:rad/s;arm:deg
BAG,1791436654.7061,347,1,0.7703,-0.2556,0.346,tracking,ok,0,3,imu,0.0000,-0.3883,-13.45,4.17,v:m/s;w:rad/s;arm:deg
BAG,1791436654.7499,348,1,0.6016,-0.0833,0.370,tracking,ok,0,3,imu,0.0000,-0.4070,-14.10,3.92,v:m/s;w:rad/s;arm:deg
BAG,1791436654.7967,348,1,0.6016,-0.0833,0.370,tracking,ok,0,3,imu,0.0000,-0.4070,-14.10,3.92,v:m/s;w:rad/s;arm:deg
BAG,1791436654.8154,348,1,0.6016,-0.0833,0.370,tracking,ok,0,3,imu,0.0000,-0.4070,-14.10,3.92,v:m/s;w:rad/s;arm:deg
BAG,1791436654.8435,348,1,0.6016,-0.0833,0.370,tracking,ok,0,3,imu,0.0000,-0.4070,-14.10,3.92,v:m/s;w:rad/s;arm:deg
BAG,1791436654.8786,348,1,0.6016,-0.0833,0.370,tracking,ok,0,3,imu,0.0000,-0.4070,-14.10,3.92,v:m/s;w:rad/s;arm:deg
BAG,1791436654.9066,348,1,0.6016,-0.0833,0.370,tracking,ok,0,3,imu,0.0000,-0.4070,-14.10,3.92,v:m/s;w:rad/s;arm:deg
BAG,1791436654.9471,348,1,0.6016,-0.0833,0.370,tracking,ok,0,3,imu,0.0000,-0.4070,-14.10,3.92,v:m/s;w:rad/s;arm:deg
BAG,1791436654.9802,348,1,0.6016,-0.0833,0.370,tracking,ok,0,3,imu,0.0000,-0.4070,-14.10,3.92,v:m/s;w:rad/s;arm:deg
BAG,1791436655.0108,349,1,0.3422,-0.0417,0.378,tracking,ok,0,3,imu,0.0000,-0.3604,-12.49,4.73,v:m/s;w:rad/s;arm:deg
BAG,1791436655.0391,349,1,0.3422,-0.0417,0.378,tracking,ok,0,3,imu,0.0000,-0.3604,-12.49,4.73,v:m/s;w:rad/s;arm:deg
BAG,1791436655.0731,349,1,0.3422,-0.0417,0.378,tracking,ok,0,3,imu,0.0000,-0.3604,-12.49,4.73,v:m/s;w:rad/s;arm:deg
BAG,1791436655.1127,349,1,0.3422,-0.0417,0.378,tracking,ok,0,3,imu,0.0000,-0.3604,-12.49,4.73,v:m/s;w:rad/s;arm:deg
BAG,1791436655.1437,349,1,0.3422,-0.0417,0.378,tracking,ok,0,3,imu,0.0000,-0.3604,-12.49,4.73,v:m/s;w:rad/s;arm:deg
BAG,1791436655.1751,349,1,0.3422,-0.0417,0.378,tracking,ok,0,3,imu,0.0000,-0.3604,-12.49,4.73,v:m/s;w:rad/s;arm:deg
BAG,1791436655.2147,349,1,0.3422,-0.0417,0.378,tracking,ok,0,3,imu,0.0000,-0.3604,-12.49,4.73,v:m/s;w:rad/s;arm:deg
BAG,1791436655.2429,349,1,0.3422,-0.0417,0.378,tracking,ok,0,3,imu,0.0000,-0.3604,-12.49,4.73,v:m/s;w:rad/s;arm:deg
BAG,1791436655.2830,350,1,0.3219,-0.0444,0.378,tracking,ok,0,3,imu,0.0000,-0.3536,-12.26,4.88,v:m/s;w:rad/s;arm:deg
BAG,1791436655.3174,350,1,0.3219,-0.0444,0.378,tracking,ok,0,3,imu,0.0000,-0.3536,-12.26,4.88,v:m/s;w:rad/s;arm:deg
BAG,1791436655.3554,350,1,0.3219,-0.0444,0.378,tracking,ok,0,3,imu,0.0000,-0.3536,-12.26,4.88,v:m/s;w:rad/s;arm:deg
BAG,1791436655.3775,350,1,0.3219,-0.0444,0.378,tracking,ok,0,3,imu,0.0000,-0.3536,-12.26,4.88,v:m/s;w:rad/s;arm:deg
BAG,1791436655.4084,350,1,0.3219,-0.0444,0.378,tracking,ok,0,3,imu,0.0000,-0.3536,-12.26,4.88,v:m/s;w:rad/s;arm:deg
BAG,1791436655.4387,350,1,0.3219,-0.0444,0.378,tracking,ok,0,3,imu,0.0000,-0.3536,-12.26,4.88,v:m/s;w:rad/s;arm:deg
BAG,1791436655.4739,350,1,0.3219,-0.0444,0.378,tracking,ok,0,3,imu,0.0000,-0.3536,-12.26,4.88,v:m/s;w:rad/s;arm:deg
BAG,1791436655.5071,350,1,0.3219,-0.0444,0.378,tracking,ok,0,3,imu,0.0000,-0.3536,-12.26,4.88,v:m/s;w:rad/s;arm:deg
BAG,1791436655.5570,350,1,0.3219,-0.0444,0.378,tracking,ok,0,3,imu,0.0000,-0.3536,-12.26,4.88,v:m/s;w:rad/s;arm:deg
BAG,1791436655.5864,351,1,0.0797,-0.0833,0.377,tracking,ok,0,3,imu,-0.0232,-0.1162,-8.41,5.70,v:m/s;w:rad/s;arm:deg
BAG,1791436655.6202,351,1,0.0797,-0.0833,0.377,tracking,ok,0,3,imu,-0.0232,-0.1162,-8.41,5.70,v:m/s;w:rad/s;arm:deg
BAG,1791436655.6409,351,1,0.0797,-0.0833,0.377,tracking,ok,0,3,imu,-0.0232,-0.1162,-8.41,5.70,v:m/s;w:rad/s;arm:deg
BAG,1791436655.6785,351,1,0.0797,-0.0833,0.377,tracking,ok,0,3,imu,-0.0232,-0.1162,-8.41,5.70,v:m/s;w:rad/s;arm:deg
BAG,1791436655.7107,351,1,0.0797,-0.0833,0.377,tracking,ok,0,3,imu,-0.0232,-0.1162,-8.41,5.70,v:m/s;w:rad/s;arm:deg
BAG,1791436655.7454,351,1,0.0797,-0.0833,0.377,tracking,ok,0,3,imu,-0.0232,-0.1162,-8.41,5.70,v:m/s;w:rad/s;arm:deg
BAG,1791436655.7793,351,1,0.0797,-0.0833,0.377,tracking,ok,0,3,imu,-0.0232,-0.1162,-8.41,5.70,v:m/s;w:rad/s;arm:deg
BAG,1791436655.8135,351,1,0.0797,-0.0833,0.377,tracking,ok,0,3,imu,-0.0232,-0.1162,-8.41,5.70,v:m/s;w:rad/s;arm:deg
BAG,1791436655.8413,351,1,0.0797,-0.0833,0.377,tracking,ok,0,3,imu,-0.0232,-0.1162,-8.41,5.70,v:m/s;w:rad/s;arm:deg
BAG,1791436655.8795,351,1,0.0797,-0.0833,0.377,tracking,ok,0,3,imu,-0.0232,-0.1162,-8.41,5.70,v:m/s;w:rad/s;arm:deg
BAG,1791436655.9119,352,1,-0.0797,-0.0444,0.365,tracking,ok,0,3,imu,-0.0358,-0.0662,-4.83,5.67,v:m/s;w:rad/s;arm:deg
BAG,1791436655.9615,352,1,-0.0797,-0.0444,0.365,tracking,ok,0,3,imu,-0.0358,-0.0662,-4.83,5.67,v:m/s;w:rad/s;arm:deg
BAG,1791436655.9815,352,1,-0.0797,-0.0444,0.365,tracking,ok,0,3,imu,-0.0358,-0.0662,-4.83,5.67,v:m/s;w:rad/s;arm:deg
BAG,1791436656.0081,352,1,-0.0797,-0.0444,0.365,tracking,ok,0,3,imu,-0.0358,-0.0662,-4.83,5.67,v:m/s;w:rad/s;arm:deg
BAG,1791436656.0427,352,1,-0.0797,-0.0444,0.365,tracking,ok,0,3,imu,-0.0358,-0.0662,-4.83,5.67,v:m/s;w:rad/s;arm:deg
BAG,1791436656.0772,352,1,-0.0797,-0.0444,0.365,tracking,ok,0,3,imu,-0.0358,-0.0662,-4.83,5.67,v:m/s;w:rad/s;arm:deg
BAG,1791436656.1075,352,1,-0.0797,-0.0444,0.365,tracking,ok,0,3,imu,-0.0358,-0.0662,-4.83,5.67,v:m/s;w:rad/s;arm:deg
BAG,1791436656.1457,352,1,-0.0797,-0.0444,0.365,tracking,ok,0,3,imu,-0.0358,-0.0662,-4.83,5.67,v:m/s;w:rad/s;arm:deg
BAG,1791436656.1736,352,1,-0.0797,-0.0444,0.365,tracking,ok,0,3,imu,-0.0358,-0.0662,-4.83,5.67,v:m/s;w:rad/s;arm:deg
BAG,1791436656.2115,353,1,-0.3078,0.0167,0.345,tracking,ok,0,3,imu,-0.0502,-0.0013,-0.19,4.87,v:m/s;w:rad/s;arm:deg
BAG,1791436656.2428,353,1,-0.3078,0.0167,0.345,tracking,ok,0,3,imu,-0.0502,-0.0013,-0.19,4.87,v:m/s;w:rad/s;arm:deg
BAG,1791436656.2877,353,1,-0.3078,0.0167,0.345,tracking,ok,0,3,imu,-0.0502,-0.0013,-0.19,4.87,v:m/s;w:rad/s;arm:deg
BAG,1791436656.3070,353,1,-0.3078,0.0167,0.345,tracking,ok,0,3,imu,-0.0502,-0.0013,-0.19,4.87,v:m/s;w:rad/s;arm:deg
BAG,1791436656.3438,353,1,-0.3078,0.0167,0.345,tracking,ok,0,3,imu,-0.0502,-0.0013,-0.19,4.87,v:m/s;w:rad/s;arm:deg
BAG,1791436656.3737,353,1,-0.3078,0.0167,0.345,tracking,ok,0,3,imu,-0.0502,-0.0013,-0.19,4.87,v:m/s;w:rad/s;arm:deg
BAG,1791436656.4106,353,1,-0.3078,0.0167,0.345,tracking,ok,0,3,imu,-0.0502,-0.0013,-0.19,4.87,v:m/s;w:rad/s;arm:deg
BAG,1791436656.4452,353,1,-0.3078,0.0167,0.345,tracking,ok,0,3,imu,-0.0502,-0.0013,-0.19,4.87,v:m/s;w:rad/s;arm:deg
BAG,1791436656.4782,353,1,-0.3078,0.0167,0.345,tracking,ok,0,3,imu,-0.0502,-0.0013,-0.19,4.87,v:m/s;w:rad/s;arm:deg
BAG,1791436656.5094,354,1,-0.4875,0.0917,0.333,tracking,ok,0,3,imu,-0.0520,0.0593,4.16,3.51,v:m/s;w:rad/s;arm:deg
BAG,1791436656.5443,354,1,-0.4875,0.0917,0.333,tracking,ok,0,3,imu,-0.0520,0.0593,4.16,3.51,v:m/s;w:rad/s;arm:deg
BAG,1791436656.5820,354,1,-0.4875,0.0917,0.333,tracking,ok,0,3,imu,-0.0520,0.0593,4.16,3.51,v:m/s;w:rad/s;arm:deg
BAG,1791436656.6068,354,1,-0.4875,0.0917,0.333,tracking,ok,0,3,imu,-0.0520,0.0593,4.16,3.51,v:m/s;w:rad/s;arm:deg
BAG,1791436656.6399,354,1,-0.4875,0.0917,0.333,tracking,ok,0,3,imu,-0.0520,0.0593,4.16,3.51,v:m/s;w:rad/s;arm:deg
BAG,1791436656.6742,354,1,-0.4875,0.0917,0.333,tracking,ok,0,3,imu,-0.0520,0.0593,4.16,3.51,v:m/s;w:rad/s;arm:deg
BAG,1791436656.7065,354,1,-0.4875,0.0917,0.333,tracking,ok,0,3,imu,-0.0520,0.0593,4.16,3.51,v:m/s;w:rad/s;arm:deg
BAG,1791436656.7437,354,1,-0.4875,0.0917,0.333,tracking,ok,0,3,imu,-0.0520,0.0593,4.16,3.51,v:m/s;w:rad/s;arm:deg
BAG,1791436656.7774,354,1,-0.4875,0.0917,0.333,tracking,ok,0,3,imu,-0.0520,0.0593,4.16,3.51,v:m/s;w:rad/s;arm:deg
BAG,1791436656.8173,355,1,-0.4719,0.1028,0.344,tracking,ok,0,3,imu,-0.0404,0.1013,7.16,2.65,v:m/s;w:rad/s;arm:deg
BAG,1791436656.8520,355,1,-0.4719,0.1028,0.344,tracking,ok,0,3,imu,-0.0404,0.1013,7.16,2.65,v:m/s;w:rad/s;arm:deg
BAG,1791436656.8779,355,1,-0.4719,0.1028,0.344,tracking,ok,0,3,imu,-0.0404,0.1013,7.16,2.65,v:m/s;w:rad/s;arm:deg
BAG,1791436656.9063,355,1,-0.4719,0.1028,0.344,tracking,ok,0,3,imu,-0.0404,0.1013,7.16,2.65,v:m/s;w:rad/s;arm:deg
BAG,1791436656.9427,355,1,-0.4719,0.1028,0.344,tracking,ok,0,3,imu,-0.0404,0.1013,7.16,2.65,v:m/s;w:rad/s;arm:deg
BAG,1791436656.9741,355,1,-0.4719,0.1028,0.344,tracking,ok,0,3,imu,-0.0404,0.1013,7.16,2.65,v:m/s;w:rad/s;arm:deg
BAG,1791436657.0081,355,1,-0.4719,0.1028,0.344,tracking,ok,0,3,imu,-0.0404,0.1013,7.16,2.65,v:m/s;w:rad/s;arm:deg
BAG,1791436657.0419,355,1,-0.4719,0.1028,0.344,tracking,ok,0,3,imu,-0.0404,0.1013,7.16,2.65,v:m/s;w:rad/s;arm:deg
BAG,1791436657.0794,355,1,-0.4719,0.1028,0.344,tracking,ok,0,3,imu,-0.0404,0.1013,7.16,2.65,v:m/s;w:rad/s;arm:deg
BAG,1791436657.1160,356,1,-0.5203,0.1333,0.354,tracking,ok,0,3,imu,-0.0264,0.1245,8.83,1.95,v:m/s;w:rad/s;arm:deg
BAG,1791436657.1536,356,1,-0.5203,0.1333,0.354,tracking,ok,0,3,imu,-0.0264,0.1245,8.83,1.95,v:m/s;w:rad/s;arm:deg
BAG,1791436657.1769,356,1,-0.5203,0.1333,0.354,tracking,ok,0,3,imu,-0.0264,0.1245,8.83,1.95,v:m/s;w:rad/s;arm:deg
BAG,1791436657.2080,356,1,-0.5203,0.1333,0.354,tracking,ok,0,3,imu,-0.0264,0.1245,8.83,1.95,v:m/s;w:rad/s;arm:deg
BAG,1791436657.2401,356,1,-0.5203,0.1333,0.354,tracking,ok,0,3,imu,-0.0264,0.1245,8.83,1.95,v:m/s;w:rad/s;arm:deg
BAG,1791436657.2796,356,1,-0.5203,0.1333,0.354,tracking,ok,0,3,imu,-0.0264,0.1245,8.83,1.95,v:m/s;w:rad/s;arm:deg
BAG,1791436657.3119,356,1,-0.5203,0.1333,0.354,tracking,ok,0,3,imu,-0.0264,0.1245,8.83,1.95,v:m/s;w:rad/s;arm:deg
BAG,1791436657.3472,356,1,-0.5203,0.1333,0.354,tracking,ok,0,3,imu,-0.0264,0.1245,8.83,1.95,v:m/s;w:rad/s;arm:deg
BAG,1791436657.3804,357,1,-0.4844,0.0833,0.360,tracking,ok,0,3,imu,-0.0223,0.1539,10.93,1.27,v:m/s;w:rad/s;arm:deg
BAG,1791436657.4109,357,1,-0.4844,0.0833,0.360,tracking,ok,0,3,imu,-0.0223,0.1539,10.93,1.27,v:m/s;w:rad/s;arm:deg
BAG,1791436657.4477,357,1,-0.4844,0.0833,0.360,tracking,ok,0,3,imu,-0.0223,0.1539,10.93,1.27,v:m/s;w:rad/s;arm:deg
BAG,1791436657.4769,357,1,-0.4844,0.0833,0.360,tracking,ok,0,3,imu,-0.0223,0.1539,10.93,1.27,v:m/s;w:rad/s;arm:deg
BAG,1791436657.5092,357,1,-0.4844,0.0833,0.360,tracking,ok,0,3,imu,-0.0223,0.1539,10.93,1.27,v:m/s;w:rad/s;arm:deg
BAG,1791436657.5486,357,1,-0.4844,0.0833,0.360,tracking,ok,0,3,imu,-0.0223,0.1539,10.93,1.27,v:m/s;w:rad/s;arm:deg
BAG,1791436657.5744,357,1,-0.4844,0.0833,0.360,tracking,ok,0,3,imu,-0.0223,0.1539,10.93,1.27,v:m/s;w:rad/s;arm:deg
BAG,1791436657.6059,357,1,-0.4844,0.0833,0.360,tracking,ok,0,3,imu,-0.0223,0.1539,10.93,1.27,v:m/s;w:rad/s;arm:deg
BAG,1791436657.6405,357,1,-0.4844,0.0833,0.360,tracking,ok,0,3,imu,-0.0223,0.1539,10.93,1.27,v:m/s;w:rad/s;arm:deg
BAG,1791436657.6748,357,1,-0.4844,0.0833,0.360,tracking,ok,0,3,imu,-0.0223,0.1539,10.93,1.27,v:m/s;w:rad/s;arm:deg
BAG,1791436657.7110,358,0,0.0000,0.0000,0.000,tracking,ok,1,0,imu,0.0000,0.0000,10.93,1.27,v:m/s;w:rad/s;arm:deg
BAG,1791436657.7523,358,0,0.0000,0.0000,0.000,tracking,ok,1,0,imu,0.0000,0.0000,10.93,1.27,v:m/s;w:rad/s;arm:deg
BAG,1791436657.7716,358,0,0.0000,0.0000,0.000,tracking,ok,1,0,imu,0.0000,0.0000,10.93,1.27,v:m/s;w:rad/s;arm:deg
BAG,1791436657.8070,358,0,0.0000,0.0000,0.000,tracking,ok,1,0,imu,0.0000,0.0000,10.93,1.27,v:m/s;w:rad/s;arm:deg
BAG,1791436657.8395,358,0,0.0000,0.0000,0.000,tracking,ok,1,0,imu,0.0000,0.0000,10.93,1.27,v:m/s;w:rad/s;arm:deg
BAG,1791436657.8755,358,0,0.0000,0.0000,0.000,tracking,ok,1,0,imu,0.0000,0.0000,10.93,1.27,v:m/s;w:rad/s;arm:deg
BAG,1791436657.9177,358,0,0.0000,0.0000,0.000,tracking,ok,1,0,imu,0.0000,0.0000,10.93,1.27,v:m/s;w:rad/s;arm:deg
BAG,1791436657.9487,359,1,-0.4688,0.0083,0.358,tracking,ok,0,1,imu,-0.0245,0.1831,13.02,1.28,v:m/s;w:rad/s;arm:deg
BAG,1791436657.9774,359,1,-0.4688,0.0083,0.358,tracking,ok,0,1,imu,-0.0245,0.1831,13.02,1.28,v:m/s;w:rad/s;arm:deg
BAG,1791436658.0104,359,1,-0.4688,0.0083,0.358,tracking,ok,0,1,imu,-0.0245,0.1831,13.02,1.28,v:m/s;w:rad/s;arm:deg
BAG,1791436658.0485,359,1,-0.4688,0.0083,0.358,tracking,ok,0,1,imu,-0.0245,0.1831,13.02,1.28,v:m/s;w:rad/s;arm:deg
BAG,1791436658.0761,359,1,-0.4688,0.0083,0.358,tracking,ok,0,1,imu,-0.0245,0.1831,13.02,1.28,v:m/s;w:rad/s;arm:deg
BAG,1791436658.1150,359,1,-0.4688,0.0083,0.358,tracking,ok,0,1,imu,-0.0245,0.1831,13.02,1.28,v:m/s;w:rad/s;arm:deg
BAG,1791436658.1749,359,1,-0.4688,0.0083,0.358,tracking,ok,0,1,imu,-0.0245,0.1831,13.02,1.28,v:m/s;w:rad/s;arm:deg
BAG,1791436658.1863,359,1,-0.4688,0.0083,0.358,tracking,ok,0,1,imu,-0.0245,0.1831,13.02,1.28,v:m/s;w:rad/s;arm:deg
BAG,1791436658.2119,359,1,-0.4688,0.0083,0.358,tracking,ok,0,1,imu,-0.0245,0.1831,13.02,1.28,v:m/s;w:rad/s;arm:deg
BAG,1791436658.2486,359,1,-0.4688,0.0083,0.358,tracking,ok,0,1,imu,-0.0245,0.1831,13.02,1.28,v:m/s;w:rad/s;arm:deg
BAG,1791436658.2783,359,1,-0.4688,0.0083,0.358,tracking,ok,0,1,imu,-0.0245,0.1831,13.02,1.28,v:m/s;w:rad/s;arm:deg
BAG,1791436658.3151,359,1,-0.4688,0.0083,0.358,tracking,ok,0,1,imu,-0.0245,0.1831,13.02,1.28,v:m/s;w:rad/s;arm:deg
BAG,1791436658.3486,359,1,-0.4688,0.0083,0.358,tracking,ok,0,1,imu,-0.0245,0.1831,13.02,1.28,v:m/s;w:rad/s;arm:deg
BAG,1791436658.3741,359,1,-0.4688,0.0083,0.358,tracking,ok,0,1,imu,-0.0245,0.1831,13.02,1.28,v:m/s;w:rad/s;arm:deg
BAG,1791436658.4109,359,1,-0.4688,0.0083,0.358,tracking,ok,0,1,imu,-0.0245,0.1831,13.02,1.28,v:m/s;w:rad/s;arm:deg
BAG,1791436658.4600,359,1,-0.4688,0.0083,0.358,fault,camera_diag_timeout,0,0,imu,0.0000,0.0000,0.00,0.00,v:m/s;w:rad/s;arm:deg
BAG,1791436658.4966,359,1,-0.4688,0.0083,0.358,fault,camera_diag_timeout,0,0,imu,0.0000,0.0000,0.00,0.00,v:m/s;w:rad/s;arm:deg
BAG,1791436658.5386,359,1,-0.4688,0.0083,0.358,fault,camera_diag_timeout,0,0,imu,0.0000,0.0000,0.00,0.00,v:m/s;w:rad/s;arm:deg
BAG,1791436658.5606,360,1,-0.4844,-0.0222,0.351,fault,camera_diag_error,0,0,imu,0.0000,0.0000,0.00,0.00,v:m/s;w:rad/s;arm:deg
BAG,1791436658.5945,360,1,-0.4844,-0.0222,0.351,fault,camera_diag_error,0,0,imu,0.0000,0.0000,0.00,0.00,v:m/s;w:rad/s;arm:deg
BAG,1791436658.6168,360,1,-0.4844,-0.0222,0.351,fault,camera_diag_error,0,0,imu,0.0000,0.0000,0.00,0.00,v:m/s;w:rad/s;arm:deg
BAG,1791436658.6397,360,1,-0.4844,-0.0222,0.351,fault,camera_diag_error,0,0,imu,0.0000,0.0000,0.00,0.00,v:m/s;w:rad/s;arm:deg
BAG,1791436658.6754,360,1,-0.4844,-0.0222,0.351,fault,camera_diag_error,0,0,imu,0.0000,0.0000,0.00,0.00,v:m/s;w:rad/s;arm:deg
BAG,1791436658.7082,360,1,-0.4844,-0.0222,0.351,fault,camera_diag_error,0,0,imu,0.0000,0.0000,0.00,0.00,v:m/s;w:rad/s;arm:deg
BAG,1791436658.7500,361,1,-0.5078,-0.0333,0.337,fault,camera_diag_recovering,0,0,imu,0.0000,0.0000,0.00,0.00,v:m/s;w:rad/s;arm:deg
BAG,1791436658.7779,361,1,-0.5078,-0.0333,0.337,fault,camera_diag_recovering,0,0,imu,0.0000,0.0000,0.00,0.00,v:m/s;w:rad/s;arm:deg
BAG,1791436658.8090,361,1,-0.5078,-0.0333,0.337,fault,camera_diag_recovering,0,0,imu,0.0000,0.0000,0.00,0.00,v:m/s;w:rad/s;arm:deg
BAG,1791436658.8435,361,1,-0.5078,-0.0333,0.337,fault,camera_diag_recovering,0,0,imu,0.0000,0.0000,0.00,0.00,v:m/s;w:rad/s;arm:deg
BAG,1791436658.8778,361,1,-0.5078,-0.0333,0.337,fault,camera_diag_recovering,0,0,imu,0.0000,0.0000,0.00,0.00,v:m/s;w:rad/s;arm:deg
BAG,1791436658.9087,362,1,-0.5250,-0.0667,0.321,fault,camera_diag_recovering,0,0,imu,0.0000,0.0000,0.00,0.00,v:m/s;w:rad/s;arm:deg
BAG,1791436658.9475,362,1,-0.5250,-0.0667,0.321,fault,camera_diag_recovering,0,0,imu,0.0000,0.0000,0.00,0.00,v:m/s;w:rad/s;arm:deg
BAG,1791436658.9828,362,1,-0.5250,-0.0667,0.321,fault,camera_diag_recovering,0,0,imu,0.0000,0.0000,0.00,0.00,v:m/s;w:rad/s;arm:deg
BAG,1791436659.0117,362,1,-0.5250,-0.0667,0.321,fault,camera_diag_recovering,0,0,imu,0.0000,0.0000,0.00,0.00,v:m/s;w:rad/s;arm:deg
BAG,1791436659.0424,362,1,-0.5250,-0.0667,0.321,fault,camera_diag_recovering,0,0,imu,0.0000,0.0000,0.00,0.00,v:m/s;w:rad/s;arm:deg
BAG,1791436659.0772,363,1,-0.8781,-0.1472,0.272,idle,recovered_from:camera_diag_error,0,1,imu,0.0000,0.0000,0.00,-15.00,v:m/s;w:rad/s;arm:deg
BAG,1791436659.1177,363,1,-0.8781,-0.1472,0.272,idle,recovered_from:camera_diag_error,0,1,imu,0.0000,0.0000,0.00,-15.00,v:m/s;w:rad/s;arm:deg
BAG,1791436659.1491,363,1,-0.8781,-0.1472,0.272,idle,recovered_from:camera_diag_error,0,1,imu,0.0000,0.0000,0.00,-15.00,v:m/s;w:rad/s;arm:deg
BAG,1791436659.1753,363,1,-0.8781,-0.1472,0.272,idle,recovered_from:camera_diag_error,0,1,imu,0.0000,0.0000,0.00,-15.00,v:m/s;w:rad/s;arm:deg
BAG,1791436659.2201,363,1,-0.8781,-0.1472,0.272,idle,recovered_from:camera_diag_error,0,1,imu,0.0000,0.0000,0.00,-15.00,v:m/s;w:rad/s;arm:deg
BAG,1791436659.2427,364,1,-0.9000,-0.1611,0.266,idle,recovered_from:camera_diag_error,0,2,imu,0.0000,0.0000,0.00,-15.00,v:m/s;w:rad/s;arm:deg
BAG,1791436659.2752,364,1,-0.9000,-0.1611,0.266,idle,recovered_from:camera_diag_error,0,2,imu,0.0000,0.0000,0.00,-15.00,v:m/s;w:rad/s;arm:deg
BAG,1791436659.3068,364,1,-0.9000,-0.1611,0.266,idle,recovered_from:camera_diag_error,0,2,imu,0.0000,0.0000,0.00,-15.00,v:m/s;w:rad/s;arm:deg
BAG,1791436659.3553,364,1,-0.9000,-0.1611,0.266,idle,recovered_from:camera_diag_error,0,2,imu,0.0000,0.0000,0.00,-15.00,v:m/s;w:rad/s;arm:deg
BAG,1791436659.3735,364,1,-0.9000,-0.1611,0.266,idle,recovered_from:camera_diag_error,0,2,imu,0.0000,0.0000,0.00,-15.00,v:m/s;w:rad/s;arm:deg
BAG,1791436659.4071,364,1,-0.9000,-0.1611,0.266,idle,recovered_from:camera_diag_error,0,2,imu,0.0000,0.0000,0.00,-15.00,v:m/s;w:rad/s;arm:deg
BAG,1791436659.4459,365,0,0.0000,0.0000,0.000,idle,recovered_from:camera_diag_error,1,0,imu,0.0000,0.0000,0.00,-15.00,v:m/s;w:rad/s;arm:deg
BAG,1791436659.4876,365,0,0.0000,0.0000,0.000,idle,recovered_from:camera_diag_error,1,0,imu,0.0000,0.0000,0.00,-15.00,v:m/s;w:rad/s;arm:deg
BAG,1791436659.5121,365,0,0.0000,0.0000,0.000,idle,recovered_from:camera_diag_error,1,0,imu,0.0000,0.0000,0.00,-15.00,v:m/s;w:rad/s;arm:deg
BAG,1791436659.5479,365,0,0.0000,0.0000,0.000,idle,recovered_from:camera_diag_error,1,0,imu,0.0000,0.0000,0.00,-15.00,v:m/s;w:rad/s;arm:deg
BAG,1791436659.5759,365,0,0.0000,0.0000,0.000,idle,recovered_from:camera_diag_error,1,0,imu,0.0000,0.0000,0.00,-15.00,v:m/s;w:rad/s;arm:deg
BAG,1791436659.6131,366,0,0.0000,0.0000,0.000,idle,recovered_from:camera_diag_error,2,0,imu,0.0000,0.0000,0.00,-15.00,v:m/s;w:rad/s;arm:deg
BAG,1791436659.6487,366,0,0.0000,0.0000,0.000,idle,recovered_from:camera_diag_error,2,0,imu,0.0000,0.0000,0.00,-15.00,v:m/s;w:rad/s;arm:deg
BAG,1791436659.6718,366,0,0.0000,0.0000,0.000,idle,recovered_from:camera_diag_error,2,0,imu,0.0000,0.0000,0.00,-15.00,v:m/s;w:rad/s;arm:deg
BAG,1791436659.7140,366,0,0.0000,0.0000,0.000,idle,recovered_from:camera_diag_error,2,0,imu,0.0000,0.0000,0.00,-15.00,v:m/s;w:rad/s;arm:deg
BAG,1791436659.7521,367,0,0.0000,0.0000,0.000,idle,recovered_from:camera_diag_error,3,0,imu,0.0000,0.0000,0.00,-15.00,v:m/s;w:rad/s;arm:deg
BAG,1791436659.7766,367,0,0.0000,0.0000,0.000,idle,recovered_from:camera_diag_error,3,0,imu,0.0000,0.0000,0.00,-15.00,v:m/s;w:rad/s;arm:deg
BAG,1791436659.8099,367,0,0.0000,0.0000,0.000,idle,recovered_from:camera_diag_error,3,0,imu,0.0000,0.0000,0.00,-15.00,v:m/s;w:rad/s;arm:deg
BAG,1791436659.8464,367,0,0.0000,0.0000,0.000,idle,recovered_from:camera_diag_error,3,0,imu,0.0000,0.0000,0.00,-15.00,v:m/s;w:rad/s;arm:deg
BAG,1791436659.8770,367,0,0.0000,0.0000,0.000,idle,recovered_from:camera_diag_error,3,0,imu,0.0000,0.0000,0.00,-15.00,v:m/s;w:rad/s;arm:deg
BAG,1791436659.9173,368,0,0.0000,0.0000,0.000,idle,recovered_from:camera_diag_error,3,0,imu,0.0000,0.0000,0.00,-15.00,v:m/s;w:rad/s;arm:deg
BAG,1791436659.9478,368,0,0.0000,0.0000,0.000,idle,recovered_from:camera_diag_error,3,0,imu,0.0000,0.0000,0.00,-15.00,v:m/s;w:rad/s;arm:deg
BAG,1791436659.9756,368,0,0.0000,0.0000,0.000,idle,recovered_from:camera_diag_error,3,0,imu,0.0000,0.0000,0.00,-15.00,v:m/s;w:rad/s;arm:deg
BAG,1791436660.0067,368,0,0.0000,0.0000,0.000,idle,recovered_from:camera_diag_error,3,0,imu,0.0000,0.0000,0.00,-15.00,v:m/s;w:rad/s;arm:deg
BAG,1791436660.0419,368,0,0.0000,0.0000,0.000,idle,recovered_from:camera_diag_error,3,0,imu,0.0000,0.0000,0.00,-15.00,v:m/s;w:rad/s;arm:deg
BAG,1791436660.0757,368,0,0.0000,0.0000,0.000,idle,recovered_from:camera_diag_error,3,0,imu,0.0000,0.0000,0.00,-15.00,v:m/s;w:rad/s;arm:deg
BAG,1791436660.1098,369,1,-0.4781,-0.9056,0.282,idle,recovered_from:camera_diag_error,0,1,imu,0.0000,0.0000,0.00,-15.00,v:m/s;w:rad/s;arm:deg
BAG,1791436660.1505,369,1,-0.4781,-0.9056,0.282,idle,recovered_from:camera_diag_error,0,1,imu,0.0000,0.0000,0.00,-15.00,v:m/s;w:rad/s;arm:deg
BAG,1791436660.1763,369,1,-0.4781,-0.9056,0.282,idle,recovered_from:camera_diag_error,0,1,imu,0.0000,0.0000,0.00,-15.00,v:m/s;w:rad/s;arm:deg
BAG,1791436660.2122,369,1,-0.4781,-0.9056,0.282,idle,recovered_from:camera_diag_error,0,1,imu,0.0000,0.0000,0.00,-15.00,v:m/s;w:rad/s;arm:deg
BAG,1791436660.2426,369,1,-0.4781,-0.9056,0.282,idle,recovered_from:camera_diag_error,0,1,imu,0.0000,0.0000,0.00,-15.00,v:m/s;w:rad/s;arm:deg
BAG,1791436660.2743,370,1,-0.5078,-0.9111,0.324,idle,recovered_from:camera_diag_error,0,2,imu,0.0000,0.0000,0.00,-15.00,v:m/s;w:rad/s;arm:deg
BAG,1791436660.3109,370,1,-0.5078,-0.9111,0.324,idle,recovered_from:camera_diag_error,0,2,imu,0.0000,0.0000,0.00,-15.00,v:m/s;w:rad/s;arm:deg
BAG,1791436660.3553,370,1,-0.5078,-0.9111,0.324,idle,recovered_from:camera_diag_error,0,2,imu,0.0000,0.0000,0.00,-15.00,v:m/s;w:rad/s;arm:deg
BAG,1791436660.3879,370,1,-0.5078,-0.9111,0.324,idle,recovered_from:camera_diag_error,0,2,imu,0.0000,0.0000,0.00,-15.00,v:m/s;w:rad/s;arm:deg
BAG,1791436660.4159,371,0,0.0000,0.0000,0.000,idle,recovered_from:camera_diag_error,1,0,imu,0.0000,0.0000,0.00,-15.00,v:m/s;w:rad/s;arm:deg
BAG,1791436660.4428,371,0,0.0000,0.0000,0.000,idle,recovered_from:camera_diag_error,1,0,imu,0.0000,0.0000,0.00,-15.00,v:m/s;w:rad/s;arm:deg
BAG,1791436660.4736,371,0,0.0000,0.0000,0.000,idle,recovered_from:camera_diag_error,1,0,imu,0.0000,0.0000,0.00,-15.00,v:m/s;w:rad/s;arm:deg
BAG,1791436660.5093,371,0,0.0000,0.0000,0.000,idle,recovered_from:camera_diag_error,1,0,imu,0.0000,0.0000,0.00,-15.00,v:m/s;w:rad/s;arm:deg
BAG,1791436660.5524,371,0,0.0000,0.0000,0.000,idle,recovered_from:camera_diag_error,1,0,imu,0.0000,0.0000,0.00,-15.00,v:m/s;w:rad/s;arm:deg
BAG,1791436660.5787,372,0,0.0000,0.0000,0.000,idle,recovered_from:camera_diag_error,2,0,imu,0.0000,0.0000,0.00,-15.00,v:m/s;w:rad/s;arm:deg
BAG,1791436660.6246,372,0,0.0000,0.0000,0.000,idle,recovered_from:camera_diag_error,2,0,imu,0.0000,0.0000,0.00,-15.00,v:m/s;w:rad/s;arm:deg
BAG,1791436660.6408,372,0,0.0000,0.0000,0.000,idle,recovered_from:camera_diag_error,2,0,imu,0.0000,0.0000,0.00,-15.00,v:m/s;w:rad/s;arm:deg
BAG,1791436660.6732,372,0,0.0000,0.0000,0.000,idle,recovered_from:camera_diag_error,2,0,imu,0.0000,0.0000,0.00,-15.00,v:m/s;w:rad/s;arm:deg
BAG,1791436660.7125,372,0,0.0000,0.0000,0.000,idle,recovered_from:camera_diag_error,2,0,imu,0.0000,0.0000,0.00,-15.00,v:m/s;w:rad/s;arm:deg
BAG,1791436660.7525,373,0,0.0000,0.0000,0.000,idle,recovered_from:camera_diag_error,3,0,imu,0.0000,0.0000,0.00,-15.00,v:m/s;w:rad/s;arm:deg
BAG,1791436660.7765,373,0,0.0000,0.0000,0.000,idle,recovered_from:camera_diag_error,3,0,imu,0.0000,0.0000,0.00,-15.00,v:m/s;w:rad/s;arm:deg
BAG,1791436660.8103,373,0,0.0000,0.0000,0.000,idle,recovered_from:camera_diag_error,3,0,imu,0.0000,0.0000,0.00,-15.00,v:m/s;w:rad/s;arm:deg
BAG,1791436660.8424,373,0,0.0000,0.0000,0.000,idle,recovered_from:camera_diag_error,3,0,imu,0.0000,0.0000,0.00,-15.00,v:m/s;w:rad/s;arm:deg
BAG,1791436660.8739,373,0,0.0000,0.0000,0.000,idle,recovered_from:camera_diag_error,3,0,imu,0.0000,0.0000,0.00,-15.00,v:m/s;w:rad/s;arm:deg
BAG,1791436660.9108,373,0,0.0000,0.0000,0.000,idle,recovered_from:camera_diag_error,3,0,imu,0.0000,0.0000,0.00,-15.00,v:m/s;w:rad/s;arm:deg
BAG,1791436660.9575,374,0,0.0000,0.0000,0.000,idle,recovered_from:camera_diag_error,3,0,imu,0.0000,0.0000,0.00,-15.00,v:m/s;w:rad/s;arm:deg
BAG,1791436660.9844,374,0,0.0000,0.0000,0.000,idle,recovered_from:camera_diag_error,3,0,imu,0.0000,0.0000,0.00,-15.00,v:m/s;w:rad/s;arm:deg
BAG,1791436661.0089,374,0,0.0000,0.0000,0.000,idle,recovered_from:camera_diag_error,3,0,imu,0.0000,0.0000,0.00,-15.00,v:m/s;w:rad/s;arm:deg
BAG,1791436661.0413,374,0,0.0000,0.0000,0.000,idle,recovered_from:camera_diag_error,3,0,imu,0.0000,0.0000,0.00,-15.00,v:m/s;w:rad/s;arm:deg
BAG,1791436661.0798,375,0,0.0000,0.0000,0.000,idle,ok,3,0,imu,0.0000,0.0000,0.00,-15.00,v:m/s;w:rad/s;arm:deg
BAG,1791436661.1094,375,0,0.0000,0.0000,0.000,idle,ok,3,0,imu,0.0000,0.0000,0.00,-15.00,v:m/s;w:rad/s;arm:deg
BAG,1791436661.1499,375,0,0.0000,0.0000,0.000,idle,ok,3,0,imu,0.0000,0.0000,0.00,-15.00,v:m/s;w:rad/s;arm:deg
BAG,1791436661.1745,375,0,0.0000,0.0000,0.000,idle,ok,3,0,imu,0.0000,0.0000,0.00,-15.00,v:m/s;w:rad/s;arm:deg
BAG,1791436661.2211,375,0,0.0000,0.0000,0.000,idle,ok,3,0,imu,0.0000,0.0000,0.00,-15.00,v:m/s;w:rad/s;arm:deg
BAG,1791436661.2438,376,0,0.0000,0.0000,0.000,idle,ok,3,0,imu,0.0000,0.0000,0.00,-15.00,v:m/s;w:rad/s;arm:deg
BAG,1791436661.2798,376,0,0.0000,0.0000,0.000,idle,ok,3,0,imu,0.0000,0.0000,0.00,-15.00,v:m/s;w:rad/s;arm:deg
BAG,1791436661.3079,376,0,0.0000,0.0000,0.000,idle,ok,3,0,imu,0.0000,0.0000,0.00,-15.00,v:m/s;w:rad/s;arm:deg
BAG,1791436661.3478,376,0,0.0000,0.0000,0.000,idle,ok,3,0,imu,0.0000,0.0000,0.00,-15.00,v:m/s;w:rad/s;arm:deg
BAG,1791436661.3742,376,0,0.0000,0.0000,0.000,idle,ok,3,0,imu,0.0000,0.0000,0.00,-15.00,v:m/s;w:rad/s;arm:deg
BAG,1791436661.4073,376,0,0.0000,0.0000,0.000,idle,ok,3,0,imu,0.0000,0.0000,0.00,-15.00,v:m/s;w:rad/s;arm:deg
BAG,1791436661.4487,377,0,0.0000,0.0000,0.000,idle,ok,3,0,imu,0.0000,0.0000,0.00,-15.00,v:m/s;w:rad/s;arm:deg
BAG,1791436661.4777,377,0,0.0000,0.0000,0.000,idle,ok,3,0,imu,0.0000,0.0000,0.00,-15.00,v:m/s;w:rad/s;arm:deg
BAG,1791436661.5075,377,0,0.0000,0.0000,0.000,idle,ok,3,0,imu,0.0000,0.0000,0.00,-15.00,v:m/s;w:rad/s;arm:deg
BAG,1791436661.5505,377,0,0.0000,0.0000,0.000,idle,ok,3,0,imu,0.0000,0.0000,0.00,-15.00,v:m/s;w:rad/s;arm:deg
BAG,1791436661.5747,377,0,0.0000,0.0000,0.000,idle,ok,3,0,imu,0.0000,0.0000,0.00,-15.00,v:m/s;w:rad/s;arm:deg
BAG,1791436661.6211,378,0,0.0000,0.0000,0.000,idle,ok,3,0,imu,0.0000,0.0000,0.00,-15.00,v:m/s;w:rad/s;arm:deg
BAG,1791436661.6491,378,0,0.0000,0.0000,0.000,idle,ok,3,0,imu,0.0000,0.0000,0.00,-15.00,v:m/s;w:rad/s;arm:deg
BAG,1791436661.6798,378,0,0.0000,0.0000,0.000,idle,ok,3,0,imu,0.0000,0.0000,0.00,-15.00,v:m/s;w:rad/s;arm:deg
BAG,1791436661.7137,378,0,0.0000,0.0000,0.000,idle,ok,3,0,imu,0.0000,0.0000,0.00,-15.00,v:m/s;w:rad/s;arm:deg
BAG,1791436661.7578,378,0,0.0000,0.0000,0.000,idle,ok,3,0,imu,0.0000,0.0000,0.00,-15.00,v:m/s;w:rad/s;arm:deg
BAG,1791436661.7756,379,0,0.0000,0.0000,0.000,idle,ok,3,0,imu,0.0000,0.0000,0.00,-15.00,v:m/s;w:rad/s;arm:deg
BAG,1791436661.8073,379,0,0.0000,0.0000,0.000,idle,ok,3,0,imu,0.0000,0.0000,0.00,-15.00,v:m/s;w:rad/s;arm:deg
BAG,1791436661.8608,379,0,0.0000,0.0000,0.000,idle,ok,3,0,imu,0.0000,0.0000,0.00,-15.00,v:m/s;w:rad/s;arm:deg
BAG,1791436661.8820,379,0,0.0000,0.0000,0.000,idle,ok,3,0,imu,0.0000,0.0000,0.00,-15.00,v:m/s;w:rad/s;arm:deg
BAG,1791436661.9129,380,0,0.0000,0.0000,0.000,idle,ok,3,0,imu,0.0000,0.0000,0.00,-15.00,v:m/s;w:rad/s;arm:deg
BAG,1791436661.9507,380,0,0.0000,0.0000,0.000,idle,ok,3,0,imu,0.0000,0.0000,0.00,-15.00,v:m/s;w:rad/s;arm:deg
BAG,1791436661.9758,380,0,0.0000,0.0000,0.000,idle,ok,3,0,imu,0.0000,0.0000,0.00,-15.00,v:m/s;w:rad/s;arm:deg
BAG,1791436662.0109,380,0,0.0000,0.0000,0.000,idle,ok,3,0,imu,0.0000,0.0000,0.00,-15.00,v:m/s;w:rad/s;arm:deg
BAG,1791436662.0406,380,0,0.0000,0.0000,0.000,idle,ok,3,0,imu,0.0000,0.0000,0.00,-15.00,v:m/s;w:rad/s;arm:deg
BAG,1791436662.0725,380,0,0.0000,0.0000,0.000,idle,ok,3,0,imu,0.0000,0.0000,0.00,-15.00,v:m/s;w:rad/s;arm:deg
BAG,1791436662.1097,381,0,0.0000,0.0000,0.000,idle,ok,3,0,imu,0.0000,0.0000,0.00,-15.00,v:m/s;w:rad/s;arm:deg
BAG,1791436662.1546,381,0,0.0000,0.0000,0.000,idle,ok,3,0,imu,0.0000,0.0000,0.00,-15.00,v:m/s;w:rad/s;arm:deg
BAG,1791436662.1787,381,0,0.0000,0.0000,0.000,idle,ok,3,0,imu,0.0000,0.0000,0.00,-15.00,v:m/s;w:rad/s;arm:deg
BAG,1791436662.2156,381,0,0.0000,0.0000,0.000,idle,ok,3,0,imu,0.0000,0.0000,0.00,-15.00,v:m/s;w:rad/s;arm:deg
BAG,1791436662.2443,381,0,0.0000,0.0000,0.000,idle,ok,3,0,imu,0.0000,0.0000,0.00,-15.00,v:m/s;w:rad/s;arm:deg
BAG,1791436662.2832,382,0,0.0000,0.0000,0.000,idle,ok,3,0,imu,0.0000,0.0000,0.00,-15.00,v:m/s;w:rad/s;arm:deg
BAG,1791436662.3089,382,0,0.0000,0.0000,0.000,idle,ok,3,0,imu,0.0000,0.0000,0.00,-15.00,v:m/s;w:rad/s;arm:deg
BAG,1791436662.3557,382,0,0.0000,0.0000,0.000,idle,ok,3,0,imu,0.0000,0.0000,0.00,-15.00,v:m/s;w:rad/s;arm:deg
BAG,1791436662.3745,382,0,0.0000,0.0000,0.000,idle,ok,3,0,imu,0.0000,0.0000,0.00,-15.00,v:m/s;w:rad/s;arm:deg
BAG,1791436662.4138,383,0,0.0000,0.0000,0.000,idle,ok,3,0,imu,0.0000,0.0000,0.00,-15.00,v:m/s;w:rad/s;arm:deg
BAG,1791436662.4424,383,0,0.0000,0.0000,0.000,idle,ok,3,0,imu,0.0000,0.0000,0.00,-15.00,v:m/s;w:rad/s;arm:deg
BAG,1791436662.4741,383,0,0.0000,0.0000,0.000,idle,ok,3,0,imu,0.0000,0.0000,0.00,-15.00,v:m/s;w:rad/s;arm:deg
BAG,1791436662.5073,383,0,0.0000,0.0000,0.000,idle,ok,3,0,imu,0.0000,0.0000,0.00,-15.00,v:m/s;w:rad/s;arm:deg
BAG,1791436662.5451,383,0,0.0000,0.0000,0.000,idle,ok,3,0,imu,0.0000,0.0000,0.00,-15.00,v:m/s;w:rad/s;arm:deg
BAG,1791436662.5772,384,0,0.0000,0.0000,0.000,idle,ok,3,0,imu,0.0000,0.0000,0.00,-15.00,v:m/s;w:rad/s;arm:deg
BAG,1791436662.6180,384,0,0.0000,0.0000,0.000,idle,ok,3,0,imu,0.0000,0.0000,0.00,-15.00,v:m/s;w:rad/s;arm:deg
BAG,1791436662.6429,384,0,0.0000,0.0000,0.000,idle,ok,3,0,imu,0.0000,0.0000,0.00,-15.00,v:m/s;w:rad/s;arm:deg
BAG,1791436662.6752,384,0,0.0000,0.0000,0.000,idle,ok,3,0,imu,0.0000,0.0000,0.00,-15.00,v:m/s;w:rad/s;arm:deg
BAG,1791436662.7110,385,0,0.0000,0.0000,0.000,idle,ok,3,0,imu,0.0000,0.0000,0.00,-15.00,v:m/s;w:rad/s;arm:deg
BAG,1791436662.7570,385,0,0.0000,0.0000,0.000,idle,ok,3,0,imu,0.0000,0.0000,0.00,-15.00,v:m/s;w:rad/s;arm:deg
BAG,1791436662.7799,385,0,0.0000,0.0000,0.000,idle,ok,3,0,imu,0.0000,0.0000,0.00,-15.00,v:m/s;w:rad/s;arm:deg
BAG,1791436662.8151,385,0,0.0000,0.0000,0.000,idle,ok,3,0,imu,0.0000,0.0000,0.00,-15.00,v:m/s;w:rad/s;arm:deg
BAG,1791436662.8456,385,0,0.0000,0.0000,0.000,idle,ok,3,0,imu,0.0000,0.0000,0.00,-15.00,v:m/s;w:rad/s;arm:deg
BAG,1791436662.8806,385,0,0.0000,0.0000,0.000,idle,ok,3,0,imu,0.0000,0.0000,0.00,-15.00,v:m/s;w:rad/s;arm:deg
BAG,1791436662.9131,386,0,0.0000,0.0000,0.000,idle,ok,3,0,imu,0.0000,0.0000,0.00,-15.00,v:m/s;w:rad/s;arm:deg
BAG,1791436662.9474,386,0,0.0000,0.0000,0.000,idle,ok,3,0,imu,0.0000,0.0000,0.00,-15.00,v:m/s;w:rad/s;arm:deg
BAG,1791436662.9760,386,0,0.0000,0.0000,0.000,idle,ok,3,0,imu,0.0000,0.0000,0.00,-15.00,v:m/s;w:rad/s;arm:deg
BAG,1791436663.0105,386,0,0.0000,0.0000,0.000,idle,ok,3,0,imu,0.0000,0.0000,0.00,-15.00,v:m/s;w:rad/s;arm:deg
BAG,1791436663.0432,386,0,0.0000,0.0000,0.000,idle,ok,3,0,imu,0.0000,0.0000,0.00,-15.00,v:m/s;w:rad/s;arm:deg
BAG,1791436663.0779,386,0,0.0000,0.0000,0.000,idle,ok,3,0,imu,0.0000,0.0000,0.00,-15.00,v:m/s;w:rad/s;arm:deg
BAG,1791436663.1123,387,0,0.0000,0.0000,0.000,idle,ok,3,0,imu,0.0000,0.0000,0.00,-15.00,v:m/s;w:rad/s;arm:deg
BAG,1791436663.1537,387,0,0.0000,0.0000,0.000,idle,ok,3,0,imu,0.0000,0.0000,0.00,-15.00,v:m/s;w:rad/s;arm:deg
BAG,1791436663.1783,387,0,0.0000,0.0000,0.000,idle,ok,3,0,imu,0.0000,0.0000,0.00,-15.00,v:m/s;w:rad/s;arm:deg
BAG,1791436663.2071,387,0,0.0000,0.0000,0.000,idle,ok,3,0,imu,0.0000,0.0000,0.00,-15.00,v:m/s;w:rad/s;arm:deg
BAG,1791436663.2412,388,0,0.0000,0.0000,0.000,idle,ok,3,0,imu,0.0000,0.0000,0.00,-15.00,v:m/s;w:rad/s;arm:deg
BAG,1791436663.2766,388,0,0.0000,0.0000,0.000,idle,ok,3,0,imu,0.0000,0.0000,0.00,-15.00,v:m/s;w:rad/s;arm:deg
BAG,1791436663.3105,388,0,0.0000,0.0000,0.000,idle,ok,3,0,imu,0.0000,0.0000,0.00,-15.00,v:m/s;w:rad/s;arm:deg
BAG,1791436663.3502,388,0,0.0000,0.0000,0.000,idle,ok,3,0,imu,0.0000,0.0000,0.00,-15.00,v:m/s;w:rad/s;arm:deg
BAG,1791436663.3780,388,0,0.0000,0.0000,0.000,idle,ok,3,0,imu,0.0000,0.0000,0.00,-15.00,v:m/s;w:rad/s;arm:deg
BAG,1791436663.4087,389,0,0.0000,0.0000,0.000,idle,ok,3,0,imu,0.0000,0.0000,0.00,-15.00,v:m/s;w:rad/s;arm:deg
BAG,1791436663.4564,389,0,0.0000,0.0000,0.000,idle,ok,3,0,imu,0.0000,0.0000,0.00,-15.00,v:m/s;w:rad/s;arm:deg
BAG,1791436663.4814,389,0,0.0000,0.0000,0.000,idle,ok,3,0,imu,0.0000,0.0000,0.00,-15.00,v:m/s;w:rad/s;arm:deg
BAG,1791436663.5078,389,0,0.0000,0.0000,0.000,idle,ok,3,0,imu,0.0000,0.0000,0.00,-15.00,v:m/s;w:rad/s;arm:deg
BAG,1791436663.5486,389,0,0.0000,0.0000,0.000,idle,ok,3,0,imu,0.0000,0.0000,0.00,-15.00,v:m/s;w:rad/s;arm:deg
BAG,1791436663.5768,390,0,0.0000,0.0000,0.000,idle,ok,3,0,imu,0.0000,0.0000,0.00,-15.00,v:m/s;w:rad/s;arm:deg
BAG,1791436663.6083,390,0,0.0000,0.0000,0.000,idle,ok,3,0,imu,0.0000,0.0000,0.00,-15.00,v:m/s;w:rad/s;arm:deg
BAG,1791436663.6471,390,0,0.0000,0.0000,0.000,idle,ok,3,0,imu,0.0000,0.0000,0.00,-15.00,v:m/s;w:rad/s;arm:deg
BAG,1791436663.6741,390,0,0.0000,0.0000,0.000,idle,ok,3,0,imu,0.0000,0.0000,0.00,-15.00,v:m/s;w:rad/s;arm:deg
BAG,1791436663.7077,391,0,0.0000,0.0000,0.000,idle,ok,3,0,imu,0.0000,0.0000,0.00,-15.00,v:m/s;w:rad/s;arm:deg
BAG,1791436663.7495,391,0,0.0000,0.0000,0.000,idle,ok,3,0,imu,0.0000,0.0000,0.00,-15.00,v:m/s;w:rad/s;arm:deg
BAG,1791436663.7785,391,0,0.0000,0.0000,0.000,idle,ok,3,0,imu,0.0000,0.0000,0.00,-15.00,v:m/s;w:rad/s;arm:deg
BAG,1791436663.8103,391,0,0.0000,0.0000,0.000,idle,ok,3,0,imu,0.0000,0.0000,0.00,-15.00,v:m/s;w:rad/s;arm:deg
BAG,1791436663.8496,391,0,0.0000,0.0000,0.000,idle,ok,3,0,imu,0.0000,0.0000,0.00,-15.00,v:m/s;w:rad/s;arm:deg
BAG,1791436663.8832,392,0,0.0000,0.0000,0.000,idle,ok,3,0,imu,0.0000,0.0000,0.00,-15.00,v:m/s;w:rad/s;arm:deg
BAG,1791436663.9107,392,0,0.0000,0.0000,0.000,idle,ok,3,0,imu,0.0000,0.0000,0.00,-15.00,v:m/s;w:rad/s;arm:deg
BAG,1791436663.9455,392,0,0.0000,0.0000,0.000,idle,ok,3,0,imu,0.0000,0.0000,0.00,-15.00,v:m/s;w:rad/s;arm:deg
BAG,1791436663.9762,392,0,0.0000,0.0000,0.000,idle,ok,3,0,imu,0.0000,0.0000,0.00,-15.00,v:m/s;w:rad/s;arm:deg
BAG,1791436664.0080,392,0,0.0000,0.0000,0.000,idle,ok,3,0,imu,0.0000,0.0000,0.00,-15.00,v:m/s;w:rad/s;arm:deg
BAG,1791436664.0447,393,0,0.0000,0.0000,0.000,idle,ok,3,0,imu,0.0000,0.0000,0.00,-15.00,v:m/s;w:rad/s;arm:deg
BAG,1791436664.0723,393,0,0.0000,0.0000,0.000,idle,ok,3,0,imu,0.0000,0.0000,0.00,-15.00,v:m/s;w:rad/s;arm:deg
BAG,1791436664.1066,393,0,0.0000,0.0000,0.000,idle,ok,3,0,imu,0.0000,0.0000,0.00,-15.00,v:m/s;w:rad/s;arm:deg
BAG,1791436664.1449,393,0,0.0000,0.0000,0.000,idle,ok,3,0,imu,0.0000,0.0000,0.00,-15.00,v:m/s;w:rad/s;arm:deg
BAG,1791436664.1748,393,0,0.0000,0.0000,0.000,idle,ok,3,0,imu,0.0000,0.0000,0.00,-15.00,v:m/s;w:rad/s;arm:deg
BAG,1791436664.2072,393,0,0.0000,0.0000,0.000,idle,ok,3,0,imu,0.0000,0.0000,0.00,-15.00,v:m/s;w:rad/s;arm:deg
BAG,1791436664.2397,394,0,0.0000,0.0000,0.000,idle,ok,3,0,imu,0.0000,0.0000,0.00,-15.00,v:m/s;w:rad/s;arm:deg
BAG,1791436664.2791,394,0,0.0000,0.0000,0.000,idle,ok,3,0,imu,0.0000,0.0000,0.00,-15.00,v:m/s;w:rad/s;arm:deg
BAG,1791436664.3124,394,0,0.0000,0.0000,0.000,idle,ok,3,0,imu,0.0000,0.0000,0.00,-15.00,v:m/s;w:rad/s;arm:deg
BAG,1791436664.3474,394,0,0.0000,0.0000,0.000,idle,ok,3,0,imu,0.0000,0.0000,0.00,-15.00,v:m/s;w:rad/s;arm:deg
BAG,1791436664.3759,394,0,0.0000,0.0000,0.000,idle,ok,3,0,imu,0.0000,0.0000,0.00,-15.00,v:m/s;w:rad/s;arm:deg
BAG,1791436664.4107,395,0,0.0000,0.0000,0.000,idle,ok,3,0,imu,0.0000,0.0000,0.00,-15.00,v:m/s;w:rad/s;arm:deg
BAG,1791436664.4500,395,0,0.0000,0.0000,0.000,idle,ok,3,0,imu,0.0000,0.0000,0.00,-15.00,v:m/s;w:rad/s;arm:deg
BAG,1791436664.4730,395,0,0.0000,0.0000,0.000,idle,ok,3,0,imu,0.0000,0.0000,0.00,-15.00,v:m/s;w:rad/s;arm:deg
BAG,1791436664.5073,395,0,0.0000,0.0000,0.000,idle,ok,3,0,imu,0.0000,0.0000,0.00,-15.00,v:m/s;w:rad/s;arm:deg
BAG,1791436664.5437,395,0,0.0000,0.0000,0.000,idle,ok,3,0,imu,0.0000,0.0000,0.00,-15.00,v:m/s;w:rad/s;arm:deg
BAG,1791436664.5836,396,0,0.0000,0.0000,0.000,idle,ok,3,0,imu,0.0000,0.0000,0.00,-15.00,v:m/s;w:rad/s;arm:deg
BAG,1791436664.6071,396,0,0.0000,0.0000,0.000,idle,ok,3,0,imu,0.0000,0.0000,0.00,-15.00,v:m/s;w:rad/s;arm:deg
BAG,1791436664.6417,396,0,0.0000,0.0000,0.000,idle,ok,3,0,imu,0.0000,0.0000,0.00,-15.00,v:m/s;w:rad/s;arm:deg
BAG,1791436664.6760,396,0,0.0000,0.0000,0.000,idle,ok,3,0,imu,0.0000,0.0000,0.00,-15.00,v:m/s;w:rad/s;arm:deg
BAG,1791436664.7074,396,0,0.0000,0.0000,0.000,idle,ok,3,0,imu,0.0000,0.0000,0.00,-15.00,v:m/s;w:rad/s;arm:deg
BAG,1791436664.7473,397,0,0.0000,0.0000,0.000,idle,ok,3,0,imu,0.0000,0.0000,0.00,-15.00,v:m/s;w:rad/s;arm:deg
BAG,1791436664.7812,397,0,0.0000,0.0000,0.000,idle,ok,3,0,imu,0.0000,0.0000,0.00,-15.00,v:m/s;w:rad/s;arm:deg
BAG,1791436664.8145,397,0,0.0000,0.0000,0.000,idle,ok,3,0,imu,0.0000,0.0000,0.00,-15.00,v:m/s;w:rad/s;arm:deg
BAG,1791436664.8503,397,0,0.0000,0.0000,0.000,idle,ok,3,0,imu,0.0000,0.0000,0.00,-15.00,v:m/s;w:rad/s;arm:deg
BAG,1791436664.8770,397,0,0.0000,0.0000,0.000,idle,ok,3,0,imu,0.0000,0.0000,0.00,-15.00,v:m/s;w:rad/s;arm:deg
BAG,1791436664.9171,398,0,0.0000,0.0000,0.000,idle,ok,3,0,imu,0.0000,0.0000,0.00,-15.00,v:m/s;w:rad/s;arm:deg
BAG,1791436664.9508,398,0,0.0000,0.0000,0.000,idle,ok,3,0,imu,0.0000,0.0000,0.00,-15.00,v:m/s;w:rad/s;arm:deg
BAG,1791436664.9717,398,0,0.0000,0.0000,0.000,idle,ok,3,0,imu,0.0000,0.0000,0.00,-15.00,v:m/s;w:rad/s;arm:deg
BAG,1791436665.0059,398,0,0.0000,0.0000,0.000,idle,ok,3,0,imu,0.0000,0.0000,0.00,-15.00,v:m/s;w:rad/s;arm:deg
BAG,1791436665.0423,398,0,0.0000,0.0000,0.000,idle,ok,3,0,imu,0.0000,0.0000,0.00,-15.00,v:m/s;w:rad/s;arm:deg
BAG,1791436665.0736,399,0,0.0000,0.0000,0.000,idle,ok,3,0,imu,0.0000,0.0000,0.00,-15.00,v:m/s;w:rad/s;arm:deg
BAG,1791436665.1050,399,0,0.0000,0.0000,0.000,idle,ok,3,0,imu,0.0000,0.0000,0.00,-15.00,v:m/s;w:rad/s;arm:deg
BAG,1791436665.1456,399,0,0.0000,0.0000,0.000,idle,ok,3,0,imu,0.0000,0.0000,0.00,-15.00,v:m/s;w:rad/s;arm:deg
BAG,1791436665.1729,399,0,0.0000,0.0000,0.000,idle,ok,3,0,imu,0.0000,0.0000,0.00,-15.00,v:m/s;w:rad/s;arm:deg
BAG,1791436665.2145,400,0,0.0000,0.0000,0.000,idle,ok,3,0,imu,0.0000,0.0000,0.00,-15.00,v:m/s;w:rad/s;arm:deg
BAG,1791436665.2385,400,0,0.0000,0.0000,0.000,idle,ok,3,0,imu,0.0000,0.0000,0.00,-15.00,v:m/s;w:rad/s;arm:deg
BAG,1791436665.2725,400,0,0.0000,0.0000,0.000,idle,ok,3,0,imu,0.0000,0.0000,0.00,-15.00,v:m/s;w:rad/s;arm:deg
BAG,1791436665.3170,400,0,0.0000,0.0000,0.000,idle,ok,3,0,imu,0.0000,0.0000,0.00,-15.00,v:m/s;w:rad/s;arm:deg
BAG,1791436665.3492,400,0,0.0000,0.0000,0.000,idle,ok,3,0,imu,0.0000,0.0000,0.00,-15.00,v:m/s;w:rad/s;arm:deg
BAG,1791436665.3742,401,0,0.0000,0.0000,0.000,idle,ok,3,0,imu,0.0000,0.0000,0.00,-15.00,v:m/s;w:rad/s;arm:deg
BAG,1791436665.4087,401,0,0.0000,0.0000,0.000,idle,ok,3,0,imu,0.0000,0.0000,0.00,-15.00,v:m/s;w:rad/s;arm:deg
BAG,1791436665.4441,401,0,0.0000,0.0000,0.000,idle,ok,3,0,imu,0.0000,0.0000,0.00,-15.00,v:m/s;w:rad/s;arm:deg
BAG,1791436665.4763,401,0,0.0000,0.0000,0.000,idle,ok,3,0,imu,0.0000,0.0000,0.00,-15.00,v:m/s;w:rad/s;arm:deg
BAG,1791436665.5055,401,0,0.0000,0.0000,0.000,idle,ok,3,0,imu,0.0000,0.0000,0.00,-15.00,v:m/s;w:rad/s;arm:deg
BAG,1791436665.5469,402,0,0.0000,0.0000,0.000,idle,ok,3,0,imu,0.0000,0.0000,0.00,-15.00,v:m/s;w:rad/s;arm:deg
BAG,1791436665.5736,402,0,0.0000,0.0000,0.000,idle,ok,3,0,imu,0.0000,0.0000,0.00,-15.00,v:m/s;w:rad/s;arm:deg
BAG,1791436665.6061,402,0,0.0000,0.0000,0.000,idle,ok,3,0,imu,0.0000,0.0000,0.00,-15.00,v:m/s;w:rad/s;arm:deg
BAG,1791436665.6480,402,0,0.0000,0.0000,0.000,idle,ok,3,0,imu,0.0000,0.0000,0.00,-15.00,v:m/s;w:rad/s;arm:deg
BAG,1791436665.6820,402,0,0.0000,0.0000,0.000,idle,ok,3,0,imu,0.0000,0.0000,0.00,-15.00,v:m/s;w:rad/s;arm:deg
BAG,1791436665.7195,403,0,0.0000,0.0000,0.000,idle,ok,3,0,imu,0.0000,0.0000,0.00,-15.00,v:m/s;w:rad/s;arm:deg
BAG,1791436665.7422,403,0,0.0000,0.0000,0.000,idle,ok,3,0,imu,0.0000,0.0000,0.00,-15.00,v:m/s;w:rad/s;arm:deg
BAG,1791436665.7724,403,0,0.0000,0.0000,0.000,idle,ok,3,0,imu,0.0000,0.0000,0.00,-15.00,v:m/s;w:rad/s;arm:deg
BAG,1791436665.8074,403,0,0.0000,0.0000,0.000,idle,ok,3,0,imu,0.0000,0.0000,0.00,-15.00,v:m/s;w:rad/s;arm:deg
BAG,1791436665.8450,403,0,0.0000,0.0000,0.000,idle,ok,3,0,imu,0.0000,0.0000,0.00,-15.00,v:m/s;w:rad/s;arm:deg
BAG,1791436665.8829,404,0,0.0000,0.0000,0.000,idle,ok,3,0,imu,0.0000,0.0000,0.00,-15.00,v:m/s;w:rad/s;arm:deg
BAG,1791436665.9111,404,0,0.0000,0.0000,0.000,idle,ok,3,0,imu,0.0000,0.0000,0.00,-15.00,v:m/s;w:rad/s;arm:deg
BAG,1791436665.9543,404,0,0.0000,0.0000,0.000,idle,ok,3,0,imu,0.0000,0.0000,0.00,-15.00,v:m/s;w:rad/s;arm:deg
BAG,1791436665.9792,404,0,0.0000,0.0000,0.000,idle,ok,3,0,imu,0.0000,0.0000,0.00,-15.00,v:m/s;w:rad/s;arm:deg
BAG,1791436666.0153,404,0,0.0000,0.0000,0.000,idle,ok,3,0,imu,0.0000,0.0000,0.00,-15.00,v:m/s;w:rad/s;arm:deg
BAG,1791436666.0497,405,0,0.0000,0.0000,0.000,idle,ok,3,0,imu,0.0000,0.0000,0.00,-15.00,v:m/s;w:rad/s;arm:deg
BAG,1791436666.0731,405,0,0.0000,0.0000,0.000,idle,ok,3,0,imu,0.0000,0.0000,0.00,-15.00,v:m/s;w:rad/s;arm:deg
BAG,1791436666.1066,405,0,0.0000,0.0000,0.000,idle,ok,3,0,imu,0.0000,0.0000,0.00,-15.00,v:m/s;w:rad/s;arm:deg
BAG,1791436666.1505,405,0,0.0000,0.0000,0.000,idle,ok,3,0,imu,0.0000,0.0000,0.00,-15.00,v:m/s;w:rad/s;arm:deg
BAG,1791436666.1828,406,0,0.0000,0.0000,0.000,idle,ok,3,0,imu,0.0000,0.0000,0.00,-15.00,v:m/s;w:rad/s;arm:deg
BAG,1791436666.2130,406,0,0.0000,0.0000,0.000,idle,ok,3,0,imu,0.0000,0.0000,0.00,-15.00,v:m/s;w:rad/s;arm:deg
BAG,1791436666.2442,406,0,0.0000,0.0000,0.000,idle,ok,3,0,imu,0.0000,0.0000,0.00,-15.00,v:m/s;w:rad/s;arm:deg
BAG,1791436666.2757,406,0,0.0000,0.0000,0.000,idle,ok,3,0,imu,0.0000,0.0000,0.00,-15.00,v:m/s;w:rad/s;arm:deg
BAG,1791436666.3070,406,0,0.0000,0.0000,0.000,idle,ok,3,0,imu,0.0000,0.0000,0.00,-15.00,v:m/s;w:rad/s;arm:deg
BAG,1791436666.3509,407,0,0.0000,0.0000,0.000,idle,ok,3,0,imu,0.0000,0.0000,0.00,-15.00,v:m/s;w:rad/s;arm:deg
BAG,1791436666.3769,407,0,0.0000,0.0000,0.000,idle,ok,3,0,imu,0.0000,0.0000,0.00,-15.00,v:m/s;w:rad/s;arm:deg
BAG,1791436666.4077,407,0,0.0000,0.0000,0.000,idle,ok,3,0,imu,0.0000,0.0000,0.00,-15.00,v:m/s;w:rad/s;arm:deg
BAG,1791436666.4415,407,0,0.0000,0.0000,0.000,idle,ok,3,0,imu,0.0000,0.0000,0.00,-15.00,v:m/s;w:rad/s;arm:deg
BAG,1791436666.4733,407,0,0.0000,0.0000,0.000,idle,ok,3,0,imu,0.0000,0.0000,0.00,-15.00,v:m/s;w:rad/s;arm:deg
BAG,1791436666.5109,407,0,0.0000,0.0000,0.000,idle,ok,3,0,imu,0.0000,0.0000,0.00,-15.00,v:m/s;w:rad/s;arm:deg
BAG,1791436666.5431,408,0,0.0000,0.0000,0.000,idle,ok,3,0,imu,0.0000,0.0000,0.00,-15.00,v:m/s;w:rad/s;arm:deg
BAG,1791436666.5738,408,0,0.0000,0.0000,0.000,idle,ok,3,0,imu,0.0000,0.0000,0.00,-15.00,v:m/s;w:rad/s;arm:deg
BAG,1791436666.6059,408,0,0.0000,0.0000,0.000,idle,ok,3,0,imu,0.0000,0.0000,0.00,-15.00,v:m/s;w:rad/s;arm:deg
BAG,1791436666.6442,408,0,0.0000,0.0000,0.000,idle,ok,3,0,imu,0.0000,0.0000,0.00,-15.00,v:m/s;w:rad/s;arm:deg
BAG,1791436666.6752,408,0,0.0000,0.0000,0.000,idle,ok,3,0,imu,0.0000,0.0000,0.00,-15.00,v:m/s;w:rad/s;arm:deg
BAG,1791436666.7136,409,0,0.0000,0.0000,0.000,idle,ok,3,0,imu,0.0000,0.0000,0.00,-15.00,v:m/s;w:rad/s;arm:deg
BAG,1791436666.7492,409,0,0.0000,0.0000,0.000,idle,ok,3,0,imu,0.0000,0.0000,0.00,-15.00,v:m/s;w:rad/s;arm:deg
BAG,1791436666.7776,409,0,0.0000,0.0000,0.000,idle,ok,3,0,imu,0.0000,0.0000,0.00,-15.00,v:m/s;w:rad/s;arm:deg
BAG,1791436666.8101,409,0,0.0000,0.0000,0.000,idle,ok,3,0,imu,0.0000,0.0000,0.00,-15.00,v:m/s;w:rad/s;arm:deg
BAG,1791436666.8433,409,0,0.0000,0.0000,0.000,idle,ok,3,0,imu,0.0000,0.0000,0.00,-15.00,v:m/s;w:rad/s;arm:deg
BAG,1791436666.8743,409,0,0.0000,0.0000,0.000,idle,ok,3,0,imu,0.0000,0.0000,0.00,-15.00,v:m/s;w:rad/s;arm:deg
BAG,1791436666.9082,410,0,0.0000,0.0000,0.000,idle,ok,3,0,imu,0.0000,0.0000,0.00,-15.00,v:m/s;w:rad/s;arm:deg
BAG,1791436666.9462,410,0,0.0000,0.0000,0.000,idle,ok,3,0,imu,0.0000,0.0000,0.00,-15.00,v:m/s;w:rad/s;arm:deg
BAG,1791436666.9727,410,0,0.0000,0.0000,0.000,idle,ok,3,0,imu,0.0000,0.0000,0.00,-15.00,v:m/s;w:rad/s;arm:deg
BAG,1791436667.0112,410,0,0.0000,0.0000,0.000,idle,ok,3,0,imu,0.0000,0.0000,0.00,-15.00,v:m/s;w:rad/s;arm:deg
BAG,1791436667.0487,410,0,0.0000,0.0000,0.000,idle,ok,3,0,imu,0.0000,0.0000,0.00,-15.00,v:m/s;w:rad/s;arm:deg
BAG,1791436667.0764,411,0,0.0000,0.0000,0.000,idle,ok,3,0,imu,0.0000,0.0000,0.00,-15.00,v:m/s;w:rad/s;arm:deg
BAG,1791436667.1093,411,0,0.0000,0.0000,0.000,idle,ok,3,0,imu,0.0000,0.0000,0.00,-15.00,v:m/s;w:rad/s;arm:deg
BAG,1791436667.1414,411,0,0.0000,0.0000,0.000,idle,ok,3,0,imu,0.0000,0.0000,0.00,-15.00,v:m/s;w:rad/s;arm:deg
BAG,1791436667.1740,411,0,0.0000,0.0000,0.000,idle,ok,3,0,imu,0.0000,0.0000,0.00,-15.00,v:m/s;w:rad/s;arm:deg
BAG,1791436667.2099,411,0,0.0000,0.0000,0.000,idle,ok,3,0,imu,0.0000,0.0000,0.00,-15.00,v:m/s;w:rad/s;arm:deg
BAG,1791436667.2453,412,0,0.0000,0.0000,0.000,idle,ok,3,0,imu,0.0000,0.0000,0.00,-15.00,v:m/s;w:rad/s;arm:deg
BAG,1791436667.2774,412,0,0.0000,0.0000,0.000,idle,ok,3,0,imu,0.0000,0.0000,0.00,-15.00,v:m/s;w:rad/s;arm:deg
BAG,1791436667.3105,412,0,0.0000,0.0000,0.000,idle,ok,3,0,imu,0.0000,0.0000,0.00,-15.00,v:m/s;w:rad/s;arm:deg
BAG,1791436667.3474,412,0,0.0000,0.0000,0.000,idle,ok,3,0,imu,0.0000,0.0000,0.00,-15.00,v:m/s;w:rad/s;arm:deg
BAG,1791436667.3758,412,0,0.0000,0.0000,0.000,idle,ok,3,0,imu,0.0000,0.0000,0.00,-15.00,v:m/s;w:rad/s;arm:deg
BAG,1791436667.4105,413,0,0.0000,0.0000,0.000,idle,ok,3,0,imu,0.0000,0.0000,0.00,-15.00,v:m/s;w:rad/s;arm:deg
BAG,1791436667.4434,413,0,0.0000,0.0000,0.000,idle,ok,3,0,imu,0.0000,0.0000,0.00,-15.00,v:m/s;w:rad/s;arm:deg
BAG,1791436667.4792,413,0,0.0000,0.0000,0.000,idle,ok,3,0,imu,0.0000,0.0000,0.00,-15.00,v:m/s;w:rad/s;arm:deg
BAG,1791436667.5152,413,0,0.0000,0.0000,0.000,idle,ok,3,0,imu,0.0000,0.0000,0.00,-15.00,v:m/s;w:rad/s;arm:deg
BAG,1791436667.5486,413,0,0.0000,0.0000,0.000,idle,ok,3,0,imu,0.0000,0.0000,0.00,-15.00,v:m/s;w:rad/s;arm:deg
BAG,1791436667.5786,413,0,0.0000,0.0000,0.000,idle,ok,3,0,imu,0.0000,0.0000,0.00,-15.00,v:m/s;w:rad/s;arm:deg
BAG,1791436667.6117,414,0,0.0000,0.0000,0.000,idle,ok,3,0,imu,0.0000,0.0000,0.00,-15.00,v:m/s;w:rad/s;arm:deg
BAG,1791436667.6426,414,0,0.0000,0.0000,0.000,idle,ok,3,0,imu,0.0000,0.0000,0.00,-15.00,v:m/s;w:rad/s;arm:deg
BAG,1791436667.6753,414,0,0.0000,0.0000,0.000,idle,ok,3,0,imu,0.0000,0.0000,0.00,-15.00,v:m/s;w:rad/s;arm:deg
BAG,1791436667.7062,414,0,0.0000,0.0000,0.000,idle,ok,3,0,imu,0.0000,0.0000,0.00,-15.00,v:m/s;w:rad/s;arm:deg
BAG,1791436667.7446,414,0,0.0000,0.0000,0.000,idle,ok,3,0,imu,0.0000,0.0000,0.00,-15.00,v:m/s;w:rad/s;arm:deg
BAG,1791436667.7847,415,0,0.0000,0.0000,0.000,idle,ok,3,0,imu,0.0000,0.0000,0.00,-15.00,v:m/s;w:rad/s;arm:deg
BAG,1791436667.8065,415,0,0.0000,0.0000,0.000,idle,ok,3,0,imu,0.0000,0.0000,0.00,-15.00,v:m/s;w:rad/s;arm:deg
BAG,1791436667.8528,415,0,0.0000,0.0000,0.000,idle,ok,3,0,imu,0.0000,0.0000,0.00,-15.00,v:m/s;w:rad/s;arm:deg
BAG,1791436667.8794,415,0,0.0000,0.0000,0.000,idle,ok,3,0,imu,0.0000,0.0000,0.00,-15.00,v:m/s;w:rad/s;arm:deg
BAG,1791436667.9155,415,0,0.0000,0.0000,0.000,idle,ok,3,0,imu,0.0000,0.0000,0.00,-15.00,v:m/s;w:rad/s;arm:deg
BAG,1791436667.9485,416,0,0.0000,0.0000,0.000,idle,ok,3,0,imu,0.0000,0.0000,0.00,-15.00,v:m/s;w:rad/s;arm:deg
BAG,1791436667.9746,416,0,0.0000,0.0000,0.000,idle,ok,3,0,imu,0.0000,0.0000,0.00,-15.00,v:m/s;w:rad/s;arm:deg
BAG,1791436668.0078,416,0,0.0000,0.0000,0.000,idle,ok,3,0,imu,0.0000,0.0000,0.00,-15.00,v:m/s;w:rad/s;arm:deg
BAG,1791436668.0400,416,0,0.0000,0.0000,0.000,idle,ok,3,0,imu,0.0000,0.0000,0.00,-15.00,v:m/s;w:rad/s;arm:deg
BAG,1791436668.0827,417,0,0.0000,0.0000,0.000,idle,ok,3,0,imu,0.0000,0.0000,0.00,-15.00,v:m/s;w:rad/s;arm:deg
BAG,1791436668.1128,417,0,0.0000,0.0000,0.000,idle,ok,3,0,imu,0.0000,0.0000,0.00,-15.00,v:m/s;w:rad/s;arm:deg
BAG,1791436668.1457,417,0,0.0000,0.0000,0.000,idle,ok,3,0,imu,0.0000,0.0000,0.00,-15.00,v:m/s;w:rad/s;arm:deg
BAG,1791436668.1728,417,0,0.0000,0.0000,0.000,idle,ok,3,0,imu,0.0000,0.0000,0.00,-15.00,v:m/s;w:rad/s;arm:deg
BAG,1791436668.2055,417,0,0.0000,0.0000,0.000,idle,ok,3,0,imu,0.0000,0.0000,0.00,-15.00,v:m/s;w:rad/s;arm:deg
BAG,1791436668.2431,417,0,0.0000,0.0000,0.000,idle,ok,3,0,imu,0.0000,0.0000,0.00,-15.00,v:m/s;w:rad/s;arm:deg
BAG,1791436668.2792,418,0,0.0000,0.0000,0.000,idle,ok,3,0,imu,0.0000,0.0000,0.00,-15.00,v:m/s;w:rad/s;arm:deg
BAG,1791436668.3064,418,0,0.0000,0.0000,0.000,idle,ok,3,0,imu,0.0000,0.0000,0.00,-15.00,v:m/s;w:rad/s;arm:deg
BAG,1791436668.3493,418,0,0.0000,0.0000,0.000,idle,ok,3,0,imu,0.0000,0.0000,0.00,-15.00,v:m/s;w:rad/s;arm:deg
BAG,1791436668.3767,418,0,0.0000,0.0000,0.000,idle,ok,3,0,imu,0.0000,0.0000,0.00,-15.00,v:m/s;w:rad/s;arm:deg
BAG,1791436668.4071,418,0,0.0000,0.0000,0.000,idle,ok,3,0,imu,0.0000,0.0000,0.00,-15.00,v:m/s;w:rad/s;arm:deg
BAG,1791436668.4475,419,0,0.0000,0.0000,0.000,idle,ok,3,0,imu,0.0000,0.0000,0.00,-15.00,v:m/s;w:rad/s;arm:deg
BAG,1791436668.4855,419,0,0.0000,0.0000,0.000,idle,ok,3,0,imu,0.0000,0.0000,0.00,-15.00,v:m/s;w:rad/s;arm:deg
BAG,1791436668.5124,419,0,0.0000,0.0000,0.000,idle,ok,3,0,imu,0.0000,0.0000,0.00,-15.00,v:m/s;w:rad/s;arm:deg
BAG,1791436668.5594,420,0,0.0000,0.0000,0.000,idle,ok,3,0,imu,0.0000,0.0000,0.00,-15.00,v:m/s;w:rad/s;arm:deg
BAG,1791436668.5875,420,0,0.0000,0.0000,0.000,idle,ok,3,0,imu,0.0000,0.0000,0.00,-15.00,v:m/s;w:rad/s;arm:deg
BAG,1791436668.6156,420,0,0.0000,0.0000,0.000,idle,ok,3,0,imu,0.0000,0.0000,0.00,-15.00,v:m/s;w:rad/s;arm:deg
BAG,1791436668.6475,420,0,0.0000,0.0000,0.000,idle,ok,3,0,imu,0.0000,0.0000,0.00,-15.00,v:m/s;w:rad/s;arm:deg
BAG,1791436668.6809,420,0,0.0000,0.0000,0.000,idle,ok,3,0,imu,0.0000,0.0000,0.00,-15.00,v:m/s;w:rad/s;arm:deg
BAG,1791436668.7095,420,0,0.0000,0.0000,0.000,idle,ok,3,0,imu,0.0000,0.0000,0.00,-15.00,v:m/s;w:rad/s;arm:deg
BAG,1791436668.7537,421,0,0.0000,0.0000,0.000,idle,ok,3,0,imu,0.0000,0.0000,0.00,-15.00,v:m/s;w:rad/s;arm:deg
BAG,1791436668.7757,421,0,0.0000,0.0000,0.000,idle,ok,3,0,imu,0.0000,0.0000,0.00,-15.00,v:m/s;w:rad/s;arm:deg
BAG,1791436668.8095,421,0,0.0000,0.0000,0.000,idle,ok,3,0,imu,0.0000,0.0000,0.00,-15.00,v:m/s;w:rad/s;arm:deg
BAG,1791436668.8530,421,0,0.0000,0.0000,0.000,idle,ok,3,0,imu,0.0000,0.0000,0.00,-15.00,v:m/s;w:rad/s;arm:deg
BAG,1791436668.8955,421,0,0.0000,0.0000,0.000,idle,ok,3,0,imu,0.0000,0.0000,0.00,-15.00,v:m/s;w:rad/s;arm:deg
BAG,1791436668.9154,422,0,0.0000,0.0000,0.000,idle,ok,3,0,imu,0.0000,0.0000,0.00,-15.00,v:m/s;w:rad/s;arm:deg
BAG,1791436668.9460,422,0,0.0000,0.0000,0.000,idle,ok,3,0,imu,0.0000,0.0000,0.00,-15.00,v:m/s;w:rad/s;arm:deg
BAG,1791436668.9748,422,0,0.0000,0.0000,0.000,idle,ok,3,0,imu,0.0000,0.0000,0.00,-15.00,v:m/s;w:rad/s;arm:deg
BAG,1791436669.0059,422,0,0.0000,0.0000,0.000,idle,ok,3,0,imu,0.0000,0.0000,0.00,-15.00,v:m/s;w:rad/s;arm:deg
BAG,1791436669.0453,422,0,0.0000,0.0000,0.000,idle,ok,3,0,imu,0.0000,0.0000,0.00,-15.00,v:m/s;w:rad/s;arm:deg
BAG,1791436669.0764,423,0,0.0000,0.0000,0.000,idle,ok,3,0,imu,0.0000,0.0000,0.00,-15.00,v:m/s;w:rad/s;arm:deg
BAG,1791436669.1075,423,0,0.0000,0.0000,0.000,idle,ok,3,0,imu,0.0000,0.0000,0.00,-15.00,v:m/s;w:rad/s;arm:deg
BAG,1791436669.1419,423,0,0.0000,0.0000,0.000,idle,ok,3,0,imu,0.0000,0.0000,0.00,-15.00,v:m/s;w:rad/s;arm:deg
BAG,1791436669.1734,423,0,0.0000,0.0000,0.000,idle,ok,3,0,imu,0.0000,0.0000,0.00,-15.00,v:m/s;w:rad/s;arm:deg
BAG,1791436669.2148,424,0,0.0000,0.0000,0.000,idle,ok,3,0,imu,0.0000,0.0000,0.00,-15.00,v:m/s;w:rad/s;arm:deg
BAG,1791436669.2411,424,0,0.0000,0.0000,0.000,idle,ok,3,0,imu,0.0000,0.0000,0.00,-15.00,v:m/s;w:rad/s;arm:deg
BAG,1791436669.2741,424,0,0.0000,0.0000,0.000,idle,ok,3,0,imu,0.0000,0.0000,0.00,-15.00,v:m/s;w:rad/s;arm:deg
BAG,1791436669.3082,424,0,0.0000,0.0000,0.000,idle,ok,3,0,imu,0.0000,0.0000,0.00,-15.00,v:m/s;w:rad/s;arm:deg
BAG,1791436669.3545,424,0,0.0000,0.0000,0.000,idle,ok,3,0,imu,0.0000,0.0000,0.00,-15.00,v:m/s;w:rad/s;arm:deg
BAG,1791436669.3800,425,0,0.0000,0.0000,0.000,idle,ok,3,0,imu,0.0000,0.0000,0.00,-15.00,v:m/s;w:rad/s;arm:deg
BAG,1791436669.4084,425,0,0.0000,0.0000,0.000,idle,ok,3,0,imu,0.0000,0.0000,0.00,-15.00,v:m/s;w:rad/s;arm:deg
BAG,1791436669.4418,425,0,0.0000,0.0000,0.000,idle,ok,3,0,imu,0.0000,0.0000,0.00,-15.00,v:m/s;w:rad/s;arm:deg
BAG,1791436669.4767,425,0,0.0000,0.0000,0.000,idle,ok,3,0,imu,0.0000,0.0000,0.00,-15.00,v:m/s;w:rad/s;arm:deg
BAG,1791436669.5075,425,0,0.0000,0.0000,0.000,idle,ok,3,0,imu,0.0000,0.0000,0.00,-15.00,v:m/s;w:rad/s;arm:deg
BAG,1791436669.5505,426,0,0.0000,0.0000,0.000,idle,ok,3,0,imu,0.0000,0.0000,0.00,-15.00,v:m/s;w:rad/s;arm:deg
BAG,1791436669.6109,426,0,0.0000,0.0000,0.000,idle,ok,3,0,imu,0.0000,0.0000,0.00,-15.00,v:m/s;w:rad/s;arm:deg
BAG,1791436669.6230,426,0,0.0000,0.0000,0.000,idle,ok,3,0,imu,0.0000,0.0000,0.00,-15.00,v:m/s;w:rad/s;arm:deg
BAG,1791436669.6404,426,0,0.0000,0.0000,0.000,idle,ok,3,0,imu,0.0000,0.0000,0.00,-15.00,v:m/s;w:rad/s;arm:deg
BAG,1791436669.6748,427,0,0.0000,0.0000,0.000,idle,ok,3,0,imu,0.0000,0.0000,0.00,-15.00,v:m/s;w:rad/s;arm:deg
BAG,1791436669.7062,427,0,0.0000,0.0000,0.000,idle,ok,3,0,imu,0.0000,0.0000,0.00,-15.00,v:m/s;w:rad/s;arm:deg
BAG,1791436669.7445,427,0,0.0000,0.0000,0.000,idle,ok,3,0,imu,0.0000,0.0000,0.00,-15.00,v:m/s;w:rad/s;arm:deg
BAG,1791436669.7725,427,0,0.0000,0.0000,0.000,idle,ok,3,0,imu,0.0000,0.0000,0.00,-15.00,v:m/s;w:rad/s;arm:deg
BAG,1791436669.8076,427,0,0.0000,0.0000,0.000,idle,ok,3,0,imu,0.0000,0.0000,0.00,-15.00,v:m/s;w:rad/s;arm:deg
BAG,1791436669.8386,427,0,0.0000,0.0000,0.000,idle,ok,3,0,imu,0.0000,0.0000,0.00,-15.00,v:m/s;w:rad/s;arm:deg
BAG,1791436669.8750,428,0,0.0000,0.0000,0.000,idle,ok,3,0,imu,0.0000,0.0000,0.00,-15.00,v:m/s;w:rad/s;arm:deg
BAG,1791436669.9063,428,0,0.0000,0.0000,0.000,idle,ok,3,0,imu,0.0000,0.0000,0.00,-15.00,v:m/s;w:rad/s;arm:deg
BAG,1791436669.9479,428,0,0.0000,0.0000,0.000,idle,ok,3,0,imu,0.0000,0.0000,0.00,-15.00,v:m/s;w:rad/s;arm:deg
BAG,1791436669.9733,428,0,0.0000,0.0000,0.000,idle,ok,3,0,imu,0.0000,0.0000,0.00,-15.00,v:m/s;w:rad/s;arm:deg
BAG,1791436670.0084,428,0,0.0000,0.0000,0.000,idle,ok,3,0,imu,0.0000,0.0000,0.00,-15.00,v:m/s;w:rad/s;arm:deg
BAG,1791436670.0397,429,0,0.0000,0.0000,0.000,idle,ok,3,0,imu,0.0000,0.0000,0.00,-15.00,v:m/s;w:rad/s;arm:deg
BAG,1791436670.0781,429,0,0.0000,0.0000,0.000,idle,ok,3,0,imu,0.0000,0.0000,0.00,-15.00,v:m/s;w:rad/s;arm:deg
BAG,1791436670.1068,429,0,0.0000,0.0000,0.000,idle,ok,3,0,imu,0.0000,0.0000,0.00,-15.00,v:m/s;w:rad/s;arm:deg
BAG,1791436670.1439,429,0,0.0000,0.0000,0.000,idle,ok,3,0,imu,0.0000,0.0000,0.00,-15.00,v:m/s;w:rad/s;arm:deg
BAG,1791436670.1759,429,0,0.0000,0.0000,0.000,idle,ok,3,0,imu,0.0000,0.0000,0.00,-15.00,v:m/s;w:rad/s;arm:deg
BAG,1791436670.2078,429,0,0.0000,0.0000,0.000,idle,ok,3,0,imu,0.0000,0.0000,0.00,-15.00,v:m/s;w:rad/s;arm:deg
BAG,1791436670.2382,430,0,0.0000,0.0000,0.000,idle,ok,3,0,imu,0.0000,0.0000,0.00,-15.00,v:m/s;w:rad/s;arm:deg
BAG,1791436670.2733,430,0,0.0000,0.0000,0.000,idle,ok,3,0,imu,0.0000,0.0000,0.00,-15.00,v:m/s;w:rad/s;arm:deg
BAG,1791436670.3063,430,0,0.0000,0.0000,0.000,idle,ok,3,0,imu,0.0000,0.0000,0.00,-15.00,v:m/s;w:rad/s;arm:deg
BAG,1791436670.3557,430,0,0.0000,0.0000,0.000,idle,ok,3,0,imu,0.0000,0.0000,0.00,-15.00,v:m/s;w:rad/s;arm:deg
BAG,1791436670.3758,431,0,0.0000,0.0000,0.000,idle,ok,3,0,imu,0.0000,0.0000,0.00,-15.00,v:m/s;w:rad/s;arm:deg
BAG,1791436670.4117,431,0,0.0000,0.0000,0.000,idle,ok,3,0,imu,0.0000,0.0000,0.00,-15.00,v:m/s;w:rad/s;arm:deg
BAG,1791436670.4517,431,0,0.0000,0.0000,0.000,idle,ok,3,0,imu,0.0000,0.0000,0.00,-15.00,v:m/s;w:rad/s;arm:deg
BAG,1791436670.4755,431,0,0.0000,0.0000,0.000,idle,ok,3,0,imu,0.0000,0.0000,0.00,-15.00,v:m/s;w:rad/s;arm:deg
BAG,1791436670.5060,431,0,0.0000,0.0000,0.000,idle,ok,3,0,imu,0.0000,0.0000,0.00,-15.00,v:m/s;w:rad/s;arm:deg
BAG,1791436670.5485,432,0,0.0000,0.0000,0.000,idle,ok,3,0,imu,0.0000,0.0000,0.00,-15.00,v:m/s;w:rad/s;arm:deg
BAG,1791436670.5790,432,0,0.0000,0.0000,0.000,idle,ok,3,0,imu,0.0000,0.0000,0.00,-15.00,v:m/s;w:rad/s;arm:deg
BAG,1791436670.6084,432,0,0.0000,0.0000,0.000,idle,ok,3,0,imu,0.0000,0.0000,0.00,-15.00,v:m/s;w:rad/s;arm:deg
BAG,1791436670.6410,432,0,0.0000,0.0000,0.000,idle,ok,3,0,imu,0.0000,0.0000,0.00,-15.00,v:m/s;w:rad/s;arm:deg
BAG,1791436670.6724,432,0,0.0000,0.0000,0.000,idle,ok,3,0,imu,0.0000,0.0000,0.00,-15.00,v:m/s;w:rad/s;arm:deg
BAG,1791436670.7079,433,0,0.0000,0.0000,0.000,idle,ok,3,0,imu,0.0000,0.0000,0.00,-15.00,v:m/s;w:rad/s;arm:deg
BAG,1791436670.7483,433,0,0.0000,0.0000,0.000,idle,ok,3,0,imu,0.0000,0.0000,0.00,-15.00,v:m/s;w:rad/s;arm:deg
BAG,1791436670.7776,433,0,0.0000,0.0000,0.000,idle,ok,3,0,imu,0.0000,0.0000,0.00,-15.00,v:m/s;w:rad/s;arm:deg
BAG,1791436670.8075,433,0,0.0000,0.0000,0.000,idle,ok,3,0,imu,0.0000,0.0000,0.00,-15.00,v:m/s;w:rad/s;arm:deg
BAG,1791436670.8413,433,0,0.0000,0.0000,0.000,idle,ok,3,0,imu,0.0000,0.0000,0.00,-15.00,v:m/s;w:rad/s;arm:deg
BAG,1791436670.8778,433,0,0.0000,0.0000,0.000,idle,ok,3,0,imu,0.0000,0.0000,0.00,-15.00,v:m/s;w:rad/s;arm:deg
BAG,1791436670.9091,434,0,0.0000,0.0000,0.000,idle,ok,3,0,imu,0.0000,0.0000,0.00,-15.00,v:m/s;w:rad/s;arm:deg
BAG,1791436670.9523,434,0,0.0000,0.0000,0.000,idle,ok,3,0,imu,0.0000,0.0000,0.00,-15.00,v:m/s;w:rad/s;arm:deg
BAG,1791436670.9751,434,0,0.0000,0.0000,0.000,idle,ok,3,0,imu,0.0000,0.0000,0.00,-15.00,v:m/s;w:rad/s;arm:deg
BAG,1791436671.0113,434,0,0.0000,0.0000,0.000,idle,ok,3,0,imu,0.0000,0.0000,0.00,-15.00,v:m/s;w:rad/s;arm:deg
BAG,1791436671.0473,435,0,0.0000,0.0000,0.000,idle,ok,3,0,imu,0.0000,0.0000,0.00,-15.00,v:m/s;w:rad/s;arm:deg
BAG,1791436671.0755,435,0,0.0000,0.0000,0.000,idle,ok,3,0,imu,0.0000,0.0000,0.00,-15.00,v:m/s;w:rad/s;arm:deg
BAG,1791436671.1059,435,0,0.0000,0.0000,0.000,idle,ok,3,0,imu,0.0000,0.0000,0.00,-15.00,v:m/s;w:rad/s;arm:deg
BAG,1791436671.1430,435,0,0.0000,0.0000,0.000,idle,ok,3,0,imu,0.0000,0.0000,0.00,-15.00,v:m/s;w:rad/s;arm:deg
BAG,1791436671.1718,435,0,0.0000,0.0000,0.000,idle,ok,3,0,imu,0.0000,0.0000,0.00,-15.00,v:m/s;w:rad/s;arm:deg
BAG,1791436671.2081,436,0,0.0000,0.0000,0.000,idle,ok,3,0,imu,0.0000,0.0000,0.00,-15.00,v:m/s;w:rad/s;arm:deg
BAG,1791436671.2393,436,0,0.0000,0.0000,0.000,idle,ok,3,0,imu,0.0000,0.0000,0.00,-15.00,v:m/s;w:rad/s;arm:deg
BAG,1791436671.2719,436,0,0.0000,0.0000,0.000,idle,ok,3,0,imu,0.0000,0.0000,0.00,-15.00,v:m/s;w:rad/s;arm:deg
BAG,1791436671.3062,436,0,0.0000,0.0000,0.000,idle,ok,3,0,imu,0.0000,0.0000,0.00,-15.00,v:m/s;w:rad/s;arm:deg
BAG,1791436671.3452,436,0,0.0000,0.0000,0.000,idle,ok,3,0,imu,0.0000,0.0000,0.00,-15.00,v:m/s;w:rad/s;arm:deg
BAG,1791436671.3729,437,0,0.0000,0.0000,0.000,idle,ok,3,0,imu,0.0000,0.0000,0.00,-15.00,v:m/s;w:rad/s;arm:deg
BAG,1791436671.4070,437,0,0.0000,0.0000,0.000,idle,ok,3,0,imu,0.0000,0.0000,0.00,-15.00,v:m/s;w:rad/s;arm:deg
BAG,1791436671.4388,437,0,0.0000,0.0000,0.000,idle,ok,3,0,imu,0.0000,0.0000,0.00,-15.00,v:m/s;w:rad/s;arm:deg
BAG,1791436671.4746,437,0,0.0000,0.0000,0.000,idle,ok,3,0,imu,0.0000,0.0000,0.00,-15.00,v:m/s;w:rad/s;arm:deg
BAG,1791436671.5050,437,0,0.0000,0.0000,0.000,idle,ok,3,0,imu,0.0000,0.0000,0.00,-15.00,v:m/s;w:rad/s;arm:deg
BAG,1791436671.5447,438,0,0.0000,0.0000,0.000,idle,ok,3,0,imu,0.0000,0.0000,0.00,-15.00,v:m/s;w:rad/s;arm:deg
BAG,1791436671.5754,438,0,0.0000,0.0000,0.000,idle,ok,3,0,imu,0.0000,0.0000,0.00,-15.00,v:m/s;w:rad/s;arm:deg
BAG,1791436671.6065,438,0,0.0000,0.0000,0.000,idle,ok,3,0,imu,0.0000,0.0000,0.00,-15.00,v:m/s;w:rad/s;arm:deg
BAG,1791436671.6418,438,0,0.0000,0.0000,0.000,idle,ok,3,0,imu,0.0000,0.0000,0.00,-15.00,v:m/s;w:rad/s;arm:deg
BAG,1791436671.6769,438,0,0.0000,0.0000,0.000,idle,ok,3,0,imu,0.0000,0.0000,0.00,-15.00,v:m/s;w:rad/s;arm:deg
BAG,1791436671.7084,439,0,0.0000,0.0000,0.000,idle,ok,3,0,imu,0.0000,0.0000,0.00,-15.00,v:m/s;w:rad/s;arm:deg
BAG,1791436671.7489,439,0,0.0000,0.0000,0.000,idle,ok,3,0,imu,0.0000,0.0000,0.00,-15.00,v:m/s;w:rad/s;arm:deg
BAG,1791436671.7756,439,0,0.0000,0.0000,0.000,idle,ok,3,0,imu,0.0000,0.0000,0.00,-15.00,v:m/s;w:rad/s;arm:deg
BAG,1791436671.8090,439,0,0.0000,0.0000,0.000,idle,ok,3,0,imu,0.0000,0.0000,0.00,-15.00,v:m/s;w:rad/s;arm:deg
BAG,1791436671.8404,439,0,0.0000,0.0000,0.000,idle,ok,3,0,imu,0.0000,0.0000,0.00,-15.00,v:m/s;w:rad/s;arm:deg
BAG,1791436671.8823,440,0,0.0000,0.0000,0.000,idle,ok,3,0,imu,0.0000,0.0000,0.00,-15.00,v:m/s;w:rad/s;arm:deg
BAG,1791436671.9068,440,0,0.0000,0.0000,0.000,idle,ok,3,0,imu,0.0000,0.0000,0.00,-15.00,v:m/s;w:rad/s;arm:deg
BAG,1791436671.9447,440,0,0.0000,0.0000,0.000,idle,ok,3,0,imu,0.0000,0.0000,0.00,-15.00,v:m/s;w:rad/s;arm:deg
BAG,1791436671.9755,440,0,0.0000,0.0000,0.000,idle,ok,3,0,imu,0.0000,0.0000,0.00,-15.00,v:m/s;w:rad/s;arm:deg
BAG,1791436672.0064,440,0,0.0000,0.0000,0.000,idle,ok,3,0,imu,0.0000,0.0000,0.00,-15.00,v:m/s;w:rad/s;arm:deg
BAG,1791436672.0566,441,0,0.0000,0.0000,0.000,idle,ok,3,0,imu,0.0000,0.0000,0.00,-15.00,v:m/s;w:rad/s;arm:deg
BAG,1791436672.0755,441,0,0.0000,0.0000,0.000,idle,ok,3,0,imu,0.0000,0.0000,0.00,-15.00,v:m/s;w:rad/s;arm:deg
BAG,1791436672.1078,441,0,0.0000,0.0000,0.000,idle,ok,3,0,imu,0.0000,0.0000,0.00,-15.00,v:m/s;w:rad/s;arm:deg
BAG,1791436672.1438,441,0,0.0000,0.0000,0.000,idle,ok,3,0,imu,0.0000,0.0000,0.00,-15.00,v:m/s;w:rad/s;arm:deg
BAG,1791436672.1734,441,0,0.0000,0.0000,0.000,idle,ok,3,0,imu,0.0000,0.0000,0.00,-15.00,v:m/s;w:rad/s;arm:deg
BAG,1791436672.2083,442,0,0.0000,0.0000,0.000,idle,ok,3,0,imu,0.0000,0.0000,0.00,-15.00,v:m/s;w:rad/s;arm:deg
BAG,1791436672.2414,442,0,0.0000,0.0000,0.000,idle,ok,3,0,imu,0.0000,0.0000,0.00,-15.00,v:m/s;w:rad/s;arm:deg
BAG,1791436672.2725,442,0,0.0000,0.0000,0.000,idle,ok,3,0,imu,0.0000,0.0000,0.00,-15.00,v:m/s;w:rad/s;arm:deg
BAG,1791436672.3074,442,0,0.0000,0.0000,0.000,idle,ok,3,0,imu,0.0000,0.0000,0.00,-15.00,v:m/s;w:rad/s;arm:deg
BAG,1791436672.3672,443,0,0.0000,0.0000,0.000,idle,ok,3,0,imu,0.0000,0.0000,0.00,-15.00,v:m/s;w:rad/s;arm:deg
BAG,1791436672.3830,443,0,0.0000,0.0000,0.000,idle,ok,3,0,imu,0.0000,0.0000,0.00,-15.00,v:m/s;w:rad/s;arm:deg
BAG,1791436672.4150,443,0,0.0000,0.0000,0.000,idle,ok,3,0,imu,0.0000,0.0000,0.00,-15.00,v:m/s;w:rad/s;arm:deg
BAG,1791436672.4393,443,0,0.0000,0.0000,0.000,idle,ok,3,0,imu,0.0000,0.0000,0.00,-15.00,v:m/s;w:rad/s;arm:deg
BAG,1791436672.4753,443,0,0.0000,0.0000,0.000,idle,ok,3,0,imu,0.0000,0.0000,0.00,-15.00,v:m/s;w:rad/s;arm:deg
BAG,1791436672.5110,444,0,0.0000,0.0000,0.000,idle,ok,3,0,imu,0.0000,0.0000,0.00,-15.00,v:m/s;w:rad/s;arm:deg
BAG,1791436672.5554,444,0,0.0000,0.0000,0.000,idle,ok,3,0,imu,0.0000,0.0000,0.00,-15.00,v:m/s;w:rad/s;arm:deg
BAG,1791436672.5767,444,0,0.0000,0.0000,0.000,idle,ok,3,0,imu,0.0000,0.0000,0.00,-15.00,v:m/s;w:rad/s;arm:deg
BAG,1791436672.6082,444,0,0.0000,0.0000,0.000,idle,ok,3,0,imu,0.0000,0.0000,0.00,-15.00,v:m/s;w:rad/s;arm:deg
BAG,1791436672.6455,444,0,0.0000,0.0000,0.000,idle,ok,3,0,imu,0.0000,0.0000,0.00,-15.00,v:m/s;w:rad/s;arm:deg
BAG,1791436672.6796,445,0,0.0000,0.0000,0.000,idle,ok,3,0,imu,0.0000,0.0000,0.00,-15.00,v:m/s;w:rad/s;arm:deg
BAG,1791436672.7057,445,0,0.0000,0.0000,0.000,idle,ok,3,0,imu,0.0000,0.0000,0.00,-15.00,v:m/s;w:rad/s;arm:deg
BAG,1791436672.7449,445,0,0.0000,0.0000,0.000,idle,ok,3,0,imu,0.0000,0.0000,0.00,-15.00,v:m/s;w:rad/s;arm:deg
BAG,1791436672.7730,445,0,0.0000,0.0000,0.000,idle,ok,3,0,imu,0.0000,0.0000,0.00,-15.00,v:m/s;w:rad/s;arm:deg
BAG,1791436672.8085,445,0,0.0000,0.0000,0.000,idle,ok,3,0,imu,0.0000,0.0000,0.00,-15.00,v:m/s;w:rad/s;arm:deg
BAG,1791436672.8416,446,0,0.0000,0.0000,0.000,idle,ok,3,0,imu,0.0000,0.0000,0.00,-15.00,v:m/s;w:rad/s;arm:deg
BAG,1791436672.8728,446,0,0.0000,0.0000,0.000,idle,ok,3,0,imu,0.0000,0.0000,0.00,-15.00,v:m/s;w:rad/s;arm:deg
BAG,1791436672.9089,446,0,0.0000,0.0000,0.000,idle,ok,3,0,imu,0.0000,0.0000,0.00,-15.00,v:m/s;w:rad/s;arm:deg
BAG,1791436672.9535,446,0,0.0000,0.0000,0.000,idle,ok,3,0,imu,0.0000,0.0000,0.00,-15.00,v:m/s;w:rad/s;arm:deg
BAG,1791436672.9867,447,0,0.0000,0.0000,0.000,idle,ok,3,0,imu,0.0000,0.0000,0.00,-15.00,v:m/s;w:rad/s;arm:deg
BAG,1791436673.0178,447,0,0.0000,0.0000,0.000,idle,ok,3,0,imu,0.0000,0.0000,0.00,-15.00,v:m/s;w:rad/s;arm:deg
BAG,1791436673.0483,447,0,0.0000,0.0000,0.000,idle,ok,3,0,imu,0.0000,0.0000,0.00,-15.00,v:m/s;w:rad/s;arm:deg
BAG,1791436673.0767,447,0,0.0000,0.0000,0.000,idle,ok,3,0,imu,0.0000,0.0000,0.00,-15.00,v:m/s;w:rad/s;arm:deg
BAG,1791436673.1084,448,0,0.0000,0.0000,0.000,idle,ok,3,0,imu,0.0000,0.0000,0.00,-15.00,v:m/s;w:rad/s;arm:deg
BAG,1791436673.1470,448,0,0.0000,0.0000,0.000,idle,ok,3,0,imu,0.0000,0.0000,0.00,-15.00,v:m/s;w:rad/s;arm:deg
BAG,1791436673.1764,448,0,0.0000,0.0000,0.000,idle,ok,3,0,imu,0.0000,0.0000,0.00,-15.00,v:m/s;w:rad/s;arm:deg
BAG,1791436673.2093,448,0,0.0000,0.0000,0.000,idle,ok,3,0,imu,0.0000,0.0000,0.00,-15.00,v:m/s;w:rad/s;arm:deg
BAG,1791436673.2456,448,0,0.0000,0.0000,0.000,idle,ok,3,0,imu,0.0000,0.0000,0.00,-15.00,v:m/s;w:rad/s;arm:deg
BAG,1791436673.2805,449,0,0.0000,0.0000,0.000,idle,ok,3,0,imu,0.0000,0.0000,0.00,-15.00,v:m/s;w:rad/s;arm:deg
BAG,1791436673.3059,449,0,0.0000,0.0000,0.000,idle,ok,3,0,imu,0.0000,0.0000,0.00,-15.00,v:m/s;w:rad/s;arm:deg
BAG,1791436673.3438,449,0,0.0000,0.0000,0.000,idle,ok,3,0,imu,0.0000,0.0000,0.00,-15.00,v:m/s;w:rad/s;arm:deg
BAG,1791436673.3721,449,0,0.0000,0.0000,0.000,idle,ok,3,0,imu,0.0000,0.0000,0.00,-15.00,v:m/s;w:rad/s;arm:deg
BAG,1791436673.4056,449,0,0.0000,0.0000,0.000,idle,ok,3,0,imu,0.0000,0.0000,0.00,-15.00,v:m/s;w:rad/s;arm:deg
BAG,1791436673.4420,450,0,0.0000,0.0000,0.000,idle,ok,3,0,imu,0.0000,0.0000,0.00,-15.00,v:m/s;w:rad/s;arm:deg
BAG,1791436673.4741,450,0,0.0000,0.0000,0.000,idle,ok,3,0,imu,0.0000,0.0000,0.00,-15.00,v:m/s;w:rad/s;arm:deg
BAG,1791436673.5112,450,0,0.0000,0.0000,0.000,idle,ok,3,0,imu,0.0000,0.0000,0.00,-15.00,v:m/s;w:rad/s;arm:deg
BAG,1791436673.5463,450,0,0.0000,0.0000,0.000,idle,ok,3,0,imu,0.0000,0.0000,0.00,-15.00,v:m/s;w:rad/s;arm:deg
BAG,1791436673.5734,450,0,0.0000,0.0000,0.000,idle,ok,3,0,imu,0.0000,0.0000,0.00,-15.00,v:m/s;w:rad/s;arm:deg
BAG,1791436673.6065,451,0,0.0000,0.0000,0.000,idle,ok,3,0,imu,0.0000,0.0000,0.00,-15.00,v:m/s;w:rad/s;arm:deg
BAG,1791436673.6408,451,0,0.0000,0.0000,0.000,idle,ok,3,0,imu,0.0000,0.0000,0.00,-15.00,v:m/s;w:rad/s;arm:deg
BAG,1791436673.6740,451,0,0.0000,0.0000,0.000,idle,ok,3,0,imu,0.0000,0.0000,0.00,-15.00,v:m/s;w:rad/s;arm:deg
BAG,1791436673.7056,451,0,0.0000,0.0000,0.000,idle,ok,3,0,imu,0.0000,0.0000,0.00,-15.00,v:m/s;w:rad/s;arm:deg
BAG,1791436673.7441,452,0,0.0000,0.0000,0.000,idle,ok,3,0,imu,0.0000,0.0000,0.00,-15.00,v:m/s;w:rad/s;arm:deg
BAG,1791436673.7753,452,0,0.0000,0.0000,0.000,idle,ok,3,0,imu,0.0000,0.0000,0.00,-15.00,v:m/s;w:rad/s;arm:deg
BAG,1791436673.8085,452,0,0.0000,0.0000,0.000,idle,ok,3,0,imu,0.0000,0.0000,0.00,-15.00,v:m/s;w:rad/s;arm:deg
BAG,1791436673.8425,452,0,0.0000,0.0000,0.000,idle,ok,3,0,imu,0.0000,0.0000,0.00,-15.00,v:m/s;w:rad/s;arm:deg
BAG,1791436673.8765,452,0,0.0000,0.0000,0.000,idle,ok,3,0,imu,0.0000,0.0000,0.00,-15.00,v:m/s;w:rad/s;arm:deg
BAG,1791436673.9165,453,0,0.0000,0.0000,0.000,idle,ok,3,0,imu,0.0000,0.0000,0.00,-15.00,v:m/s;w:rad/s;arm:deg
BAG,1791436673.9513,453,0,0.0000,0.0000,0.000,idle,ok,3,0,imu,0.0000,0.0000,0.00,-15.00,v:m/s;w:rad/s;arm:deg
BAG,1791436673.9787,453,0,0.0000,0.0000,0.000,idle,ok,3,0,imu,0.0000,0.0000,0.00,-15.00,v:m/s;w:rad/s;arm:deg
BAG,1791436674.0095,453,0,0.0000,0.0000,0.000,idle,ok,3,0,imu,0.0000,0.0000,0.00,-15.00,v:m/s;w:rad/s;arm:deg
BAG,1791436674.0456,453,0,0.0000,0.0000,0.000,idle,ok,3,0,imu,0.0000,0.0000,0.00,-15.00,v:m/s;w:rad/s;arm:deg
BAG,1791436674.0762,453,0,0.0000,0.0000,0.000,idle,ok,3,0,imu,0.0000,0.0000,0.00,-15.00,v:m/s;w:rad/s;arm:deg
BAG,1791436674.1088,454,0,0.0000,0.0000,0.000,idle,ok,3,0,imu,0.0000,0.0000,0.00,-15.00,v:m/s;w:rad/s;arm:deg
BAG,1791436674.1419,454,0,0.0000,0.0000,0.000,idle,ok,3,0,imu,0.0000,0.0000,0.00,-15.00,v:m/s;w:rad/s;arm:deg
BAG,1791436674.1724,454,0,0.0000,0.0000,0.000,idle,ok,3,0,imu,0.0000,0.0000,0.00,-15.00,v:m/s;w:rad/s;arm:deg
BAG,1791436674.2066,454,0,0.0000,0.0000,0.000,idle,ok,3,0,imu,0.0000,0.0000,0.00,-15.00,v:m/s;w:rad/s;arm:deg
BAG,1791436674.2424,454,0,0.0000,0.0000,0.000,idle,ok,3,0,imu,0.0000,0.0000,0.00,-15.00,v:m/s;w:rad/s;arm:deg
BAG,1791436674.2760,455,0,0.0000,0.0000,0.000,idle,ok,3,0,imu,0.0000,0.0000,0.00,-15.00,v:m/s;w:rad/s;arm:deg
BAG,1791436674.3055,455,0,0.0000,0.0000,0.000,idle,ok,3,0,imu,0.0000,0.0000,0.00,-15.00,v:m/s;w:rad/s;arm:deg
BAG,1791436674.3450,455,0,0.0000,0.0000,0.000,idle,ok,3,0,imu,0.0000,0.0000,0.00,-15.00,v:m/s;w:rad/s;arm:deg
BAG,1791436674.3762,455,0,0.0000,0.0000,0.000,idle,ok,3,0,imu,0.0000,0.0000,0.00,-15.00,v:m/s;w:rad/s;arm:deg
BAG,1791436674.4065,455,0,0.0000,0.0000,0.000,idle,ok,3,0,imu,0.0000,0.0000,0.00,-15.00,v:m/s;w:rad/s;arm:deg
BAG,1791436674.4452,456,0,0.0000,0.0000,0.000,idle,ok,3,0,imu,0.0000,0.0000,0.00,-15.00,v:m/s;w:rad/s;arm:deg
BAG,1791436674.4755,456,0,0.0000,0.0000,0.000,idle,ok,3,0,imu,0.0000,0.0000,0.00,-15.00,v:m/s;w:rad/s;arm:deg
BAG,1791436674.5060,456,0,0.0000,0.0000,0.000,idle,ok,3,0,imu,0.0000,0.0000,0.00,-15.00,v:m/s;w:rad/s;arm:deg
BAG,1791436674.5511,456,0,0.0000,0.0000,0.000,idle,ok,3,0,imu,0.0000,0.0000,0.00,-15.00,v:m/s;w:rad/s;arm:deg
BAG,1791436674.5758,456,0,0.0000,0.0000,0.000,idle,ok,3,0,imu,0.0000,0.0000,0.00,-15.00,v:m/s;w:rad/s;arm:deg
BAG,1791436674.6082,457,0,0.0000,0.0000,0.000,idle,ok,3,0,imu,0.0000,0.0000,0.00,-15.00,v:m/s;w:rad/s;arm:deg
BAG,1791436674.6415,457,0,0.0000,0.0000,0.000,idle,ok,3,0,imu,0.0000,0.0000,0.00,-15.00,v:m/s;w:rad/s;arm:deg
BAG,1791436674.6747,457,0,0.0000,0.0000,0.000,idle,ok,3,0,imu,0.0000,0.0000,0.00,-15.00,v:m/s;w:rad/s;arm:deg
BAG,1791436674.7064,457,0,0.0000,0.0000,0.000,idle,ok,3,0,imu,0.0000,0.0000,0.00,-15.00,v:m/s;w:rad/s;arm:deg
BAG,1791436674.7429,457,0,0.0000,0.0000,0.000,idle,ok,3,0,imu,0.0000,0.0000,0.00,-15.00,v:m/s;w:rad/s;arm:deg
BAG,1791436674.7742,457,0,0.0000,0.0000,0.000,idle,ok,3,0,imu,0.0000,0.0000,0.00,-15.00,v:m/s;w:rad/s;arm:deg
BAG,1791436674.8069,458,0,0.0000,0.0000,0.000,idle,ok,3,0,imu,0.0000,0.0000,0.00,-15.00,v:m/s;w:rad/s;arm:deg
BAG,1791436674.8426,458,0,0.0000,0.0000,0.000,idle,ok,3,0,imu,0.0000,0.0000,0.00,-15.00,v:m/s;w:rad/s;arm:deg
BAG,1791436674.8735,458,0,0.0000,0.0000,0.000,idle,ok,3,0,imu,0.0000,0.0000,0.00,-15.00,v:m/s;w:rad/s;arm:deg
BAG,1791436674.9108,458,0,0.0000,0.0000,0.000,idle,ok,3,0,imu,0.0000,0.0000,0.00,-15.00,v:m/s;w:rad/s;arm:deg
BAG,1791436674.9501,458,0,0.0000,0.0000,0.000,idle,ok,3,0,imu,0.0000,0.0000,0.00,-15.00,v:m/s;w:rad/s;arm:deg
BAG,1791436674.9793,458,0,0.0000,0.0000,0.000,idle,ok,3,0,imu,0.0000,0.0000,0.00,-15.00,v:m/s;w:rad/s;arm:deg
BAG,1791436675.0099,459,0,0.0000,0.0000,0.000,idle,ok,3,0,imu,0.0000,0.0000,0.00,-15.00,v:m/s;w:rad/s;arm:deg
BAG,1791436675.0443,459,0,0.0000,0.0000,0.000,idle,ok,3,0,imu,0.0000,0.0000,0.00,-15.00,v:m/s;w:rad/s;arm:deg
BAG,1791436675.0759,459,0,0.0000,0.0000,0.000,idle,ok,3,0,imu,0.0000,0.0000,0.00,-15.00,v:m/s;w:rad/s;arm:deg
BAG,1791436675.1057,459,0,0.0000,0.0000,0.000,idle,ok,3,0,imu,0.0000,0.0000,0.00,-15.00,v:m/s;w:rad/s;arm:deg
BAG,1791436675.1516,460,0,0.0000,0.0000,0.000,idle,ok,3,0,imu,0.0000,0.0000,0.00,-15.00,v:m/s;w:rad/s;arm:deg
BAG,1791436675.1724,460,0,0.0000,0.0000,0.000,idle,ok,3,0,imu,0.0000,0.0000,0.00,-15.00,v:m/s;w:rad/s;arm:deg
BAG,1791436675.2063,460,0,0.0000,0.0000,0.000,idle,ok,3,0,imu,0.0000,0.0000,0.00,-15.00,v:m/s;w:rad/s;arm:deg
BAG,1791436675.2426,460,0,0.0000,0.0000,0.000,idle,ok,3,0,imu,0.0000,0.0000,0.00,-15.00,v:m/s;w:rad/s;arm:deg
BAG,1791436675.2741,461,0,0.0000,0.0000,0.000,idle,ok,3,0,imu,0.0000,0.0000,0.00,-15.00,v:m/s;w:rad/s;arm:deg
BAG,1791436675.3066,461,0,0.0000,0.0000,0.000,idle,ok,3,0,imu,0.0000,0.0000,0.00,-15.00,v:m/s;w:rad/s;arm:deg
BAG,1791436675.3522,461,0,0.0000,0.0000,0.000,idle,ok,3,0,imu,0.0000,0.0000,0.00,-15.00,v:m/s;w:rad/s;arm:deg
BAG,1791436675.3809,461,0,0.0000,0.0000,0.000,idle,ok,3,0,imu,0.0000,0.0000,0.00,-15.00,v:m/s;w:rad/s;arm:deg
BAG,1791436675.4092,461,0,0.0000,0.0000,0.000,idle,ok,3,0,imu,0.0000,0.0000,0.00,-15.00,v:m/s;w:rad/s;arm:deg
BAG,1791436675.4505,461,0,0.0000,0.0000,0.000,idle,ok,3,0,imu,0.0000,0.0000,0.00,-15.00,v:m/s;w:rad/s;arm:deg
BAG,1791436675.4811,462,0,0.0000,0.0000,0.000,idle,ok,3,0,imu,0.0000,0.0000,0.00,-15.00,v:m/s;w:rad/s;arm:deg
BAG,1791436675.5094,462,0,0.0000,0.0000,0.000,idle,ok,3,0,imu,0.0000,0.0000,0.00,-15.00,v:m/s;w:rad/s;arm:deg
BAG,1791436675.5424,462,0,0.0000,0.0000,0.000,idle,ok,3,0,imu,0.0000,0.0000,0.00,-15.00,v:m/s;w:rad/s;arm:deg
BAG,1791436675.5727,462,0,0.0000,0.0000,0.000,idle,ok,3,0,imu,0.0000,0.0000,0.00,-15.00,v:m/s;w:rad/s;arm:deg
BAG,1791436675.6067,462,0,0.0000,0.0000,0.000,idle,ok,3,0,imu,0.0000,0.0000,0.00,-15.00,v:m/s;w:rad/s;arm:deg
BAG,1791436675.6414,463,0,0.0000,0.0000,0.000,idle,ok,3,0,imu,0.0000,0.0000,0.00,-15.00,v:m/s;w:rad/s;arm:deg
BAG,1791436675.6720,463,0,0.0000,0.0000,0.000,idle,ok,3,0,imu,0.0000,0.0000,0.00,-15.00,v:m/s;w:rad/s;arm:deg
BAG,1791436675.7065,463,0,0.0000,0.0000,0.000,idle,ok,3,0,imu,0.0000,0.0000,0.00,-15.00,v:m/s;w:rad/s;arm:deg
BAG,1791436675.7421,463,0,0.0000,0.0000,0.000,idle,ok,3,0,imu,0.0000,0.0000,0.00,-15.00,v:m/s;w:rad/s;arm:deg
BAG,1791436675.7744,463,0,0.0000,0.0000,0.000,idle,ok,3,0,imu,0.0000,0.0000,0.00,-15.00,v:m/s;w:rad/s;arm:deg
BAG,1791436675.8185,464,0,0.0000,0.0000,0.000,idle,ok,3,0,imu,0.0000,0.0000,0.00,-15.00,v:m/s;w:rad/s;arm:deg
BAG,1791436675.8433,464,0,0.0000,0.0000,0.000,idle,ok,3,0,imu,0.0000,0.0000,0.00,-15.00,v:m/s;w:rad/s;arm:deg
BAG,1791436675.8748,464,0,0.0000,0.0000,0.000,idle,ok,3,0,imu,0.0000,0.0000,0.00,-15.00,v:m/s;w:rad/s;arm:deg
BAG,1791436675.9076,464,0,0.0000,0.0000,0.000,idle,ok,3,0,imu,0.0000,0.0000,0.00,-15.00,v:m/s;w:rad/s;arm:deg
BAG,1791436675.9497,464,0,0.0000,0.0000,0.000,idle,ok,3,0,imu,0.0000,0.0000,0.00,-15.00,v:m/s;w:rad/s;arm:deg
BAG,1791436675.9725,465,0,0.0000,0.0000,0.000,idle,ok,3,0,imu,0.0000,0.0000,0.00,-15.00,v:m/s;w:rad/s;arm:deg
BAG,1791436676.0083,465,0,0.0000,0.0000,0.000,idle,ok,3,0,imu,0.0000,0.0000,0.00,-15.00,v:m/s;w:rad/s;arm:deg
BAG,1791436676.0482,465,0,0.0000,0.0000,0.000,idle,ok,3,0,imu,0.0000,0.0000,0.00,-15.00,v:m/s;w:rad/s;arm:deg
BAG,1791436676.0737,465,0,0.0000,0.0000,0.000,idle,ok,3,0,imu,0.0000,0.0000,0.00,-15.00,v:m/s;w:rad/s;arm:deg
BAG,1791436676.1054,466,0,0.0000,0.0000,0.000,idle,ok,3,0,imu,0.0000,0.0000,0.00,-15.00,v:m/s;w:rad/s;arm:deg
BAG,1791436676.1472,466,0,0.0000,0.0000,0.000,idle,ok,3,0,imu,0.0000,0.0000,0.00,-15.00,v:m/s;w:rad/s;arm:deg
BAG,1791436676.1747,466,0,0.0000,0.0000,0.000,idle,ok,3,0,imu,0.0000,0.0000,0.00,-15.00,v:m/s;w:rad/s;arm:deg
BAG,1791436676.2061,466,0,0.0000,0.0000,0.000,idle,ok,3,0,imu,0.0000,0.0000,0.00,-15.00,v:m/s;w:rad/s;arm:deg
BAG,1791436676.2426,466,0,0.0000,0.0000,0.000,idle,ok,3,0,imu,0.0000,0.0000,0.00,-15.00,v:m/s;w:rad/s;arm:deg
BAG,1791436676.2798,467,0,0.0000,0.0000,0.000,idle,ok,3,0,imu,0.0000,0.0000,0.00,-15.00,v:m/s;w:rad/s;arm:deg
BAG,1791436676.3169,467,0,0.0000,0.0000,0.000,idle,ok,3,0,imu,0.0000,0.0000,0.00,-15.00,v:m/s;w:rad/s;arm:deg
BAG,1791436676.3473,467,0,0.0000,0.0000,0.000,idle,ok,3,0,imu,0.0000,0.0000,0.00,-15.00,v:m/s;w:rad/s;arm:deg
BAG,1791436676.3770,467,0,0.0000,0.0000,0.000,idle,ok,3,0,imu,0.0000,0.0000,0.00,-15.00,v:m/s;w:rad/s;arm:deg
BAG,1791436676.4132,467,0,0.0000,0.0000,0.000,idle,ok,3,0,imu,0.0000,0.0000,0.00,-15.00,v:m/s;w:rad/s;arm:deg
BAG,1791436676.4449,468,0,0.0000,0.0000,0.000,idle,ok,3,0,imu,0.0000,0.0000,0.00,-15.00,v:m/s;w:rad/s;arm:deg
BAG,1791436676.4750,468,0,0.0000,0.0000,0.000,idle,ok,3,0,imu,0.0000,0.0000,0.00,-15.00,v:m/s;w:rad/s;arm:deg
BAG,1791436676.5084,468,0,0.0000,0.0000,0.000,idle,ok,3,0,imu,0.0000,0.0000,0.00,-15.00,v:m/s;w:rad/s;arm:deg
BAG,1791436676.5497,468,0,0.0000,0.0000,0.000,idle,ok,3,0,imu,0.0000,0.0000,0.00,-15.00,v:m/s;w:rad/s;arm:deg
BAG,1791436676.5956,468,0,0.0000,0.0000,0.000,idle,ok,3,0,imu,0.0000,0.0000,0.00,-15.00,v:m/s;w:rad/s;arm:deg
BAG,1791436676.6130,468,0,0.0000,0.0000,0.000,idle,ok,3,0,imu,0.0000,0.0000,0.00,-15.00,v:m/s;w:rad/s;arm:deg
BAG,1791436676.6409,469,0,0.0000,0.0000,0.000,idle,ok,3,0,imu,0.0000,0.0000,0.00,-15.00,v:m/s;w:rad/s;arm:deg
BAG,1791436676.6728,469,0,0.0000,0.0000,0.000,idle,ok,3,0,imu,0.0000,0.0000,0.00,-15.00,v:m/s;w:rad/s;arm:deg
BAG,1791436676.7050,469,0,0.0000,0.0000,0.000,idle,ok,3,0,imu,0.0000,0.0000,0.00,-15.00,v:m/s;w:rad/s;arm:deg
BAG,1791436676.7442,469,0,0.0000,0.0000,0.000,idle,ok,3,0,imu,0.0000,0.0000,0.00,-15.00,v:m/s;w:rad/s;arm:deg
BAG,1791436676.7721,469,0,0.0000,0.0000,0.000,idle,ok,3,0,imu,0.0000,0.0000,0.00,-15.00,v:m/s;w:rad/s;arm:deg
BAG,1791436676.8098,470,0,0.0000,0.0000,0.000,idle,ok,3,0,imu,0.0000,0.0000,0.00,-15.00,v:m/s;w:rad/s;arm:deg
BAG,1791436676.8448,470,0,0.0000,0.0000,0.000,idle,ok,3,0,imu,0.0000,0.0000,0.00,-15.00,v:m/s;w:rad/s;arm:deg
BAG,1791436676.8721,470,0,0.0000,0.0000,0.000,idle,ok,3,0,imu,0.0000,0.0000,0.00,-15.00,v:m/s;w:rad/s;arm:deg
BAG,1791436676.9065,470,0,0.0000,0.0000,0.000,idle,ok,3,0,imu,0.0000,0.0000,0.00,-15.00,v:m/s;w:rad/s;arm:deg
BAG,1791436676.9462,470,0,0.0000,0.0000,0.000,idle,ok,3,0,imu,0.0000,0.0000,0.00,-15.00,v:m/s;w:rad/s;arm:deg
BAG,1791436676.9749,470,0,0.0000,0.0000,0.000,idle,ok,3,0,imu,0.0000,0.0000,0.00,-15.00,v:m/s;w:rad/s;arm:deg
BAG,1791436677.0086,471,0,0.0000,0.0000,0.000,idle,ok,3,0,imu,0.0000,0.0000,0.00,-15.00,v:m/s;w:rad/s;arm:deg
BAG,1791436677.0422,471,0,0.0000,0.0000,0.000,idle,ok,3,0,imu,0.0000,0.0000,0.00,-15.00,v:m/s;w:rad/s;arm:deg
BAG,1791436677.0748,471,0,0.0000,0.0000,0.000,idle,ok,3,0,imu,0.0000,0.0000,0.00,-15.00,v:m/s;w:rad/s;arm:deg
BAG,1791436677.1092,471,0,0.0000,0.0000,0.000,idle,ok,3,0,imu,0.0000,0.0000,0.00,-15.00,v:m/s;w:rad/s;arm:deg
BAG,1791436677.1425,471,0,0.0000,0.0000,0.000,idle,ok,3,0,imu,0.0000,0.0000,0.00,-15.00,v:m/s;w:rad/s;arm:deg
BAG,1791436677.1742,472,0,0.0000,0.0000,0.000,idle,ok,3,0,imu,0.0000,0.0000,0.00,-15.00,v:m/s;w:rad/s;arm:deg
BAG,1791436677.2095,472,0,0.0000,0.0000,0.000,idle,ok,3,0,imu,0.0000,0.0000,0.00,-15.00,v:m/s;w:rad/s;arm:deg
BAG,1791436677.2386,472,0,0.0000,0.0000,0.000,idle,ok,3,0,imu,0.0000,0.0000,0.00,-15.00,v:m/s;w:rad/s;arm:deg
BAG,1791436677.2758,472,0,0.0000,0.0000,0.000,idle,ok,3,0,imu,0.0000,0.0000,0.00,-15.00,v:m/s;w:rad/s;arm:deg
BAG,1791436677.3073,472,0,0.0000,0.0000,0.000,idle,ok,3,0,imu,0.0000,0.0000,0.00,-15.00,v:m/s;w:rad/s;arm:deg
BAG,1791436677.3498,473,0,0.0000,0.0000,0.000,idle,ok,3,0,imu,0.0000,0.0000,0.00,-15.00,v:m/s;w:rad/s;arm:deg
BAG,1791436677.3758,473,0,0.0000,0.0000,0.000,idle,ok,3,0,imu,0.0000,0.0000,0.00,-15.00,v:m/s;w:rad/s;arm:deg
BAG,1791436677.4064,473,0,0.0000,0.0000,0.000,idle,ok,3,0,imu,0.0000,0.0000,0.00,-15.00,v:m/s;w:rad/s;arm:deg
BAG,1791436677.4396,473,0,0.0000,0.0000,0.000,idle,ok,3,0,imu,0.0000,0.0000,0.00,-15.00,v:m/s;w:rad/s;arm:deg
BAG,1791436677.4728,473,0,0.0000,0.0000,0.000,idle,ok,3,0,imu,0.0000,0.0000,0.00,-15.00,v:m/s;w:rad/s;arm:deg
BAG,1791436677.5107,474,0,0.0000,0.0000,0.000,idle,ok,3,0,imu,0.0000,0.0000,0.00,-15.00,v:m/s;w:rad/s;arm:deg
BAG,1791436677.5444,474,0,0.0000,0.0000,0.000,idle,ok,3,0,imu,0.0000,0.0000,0.00,-15.00,v:m/s;w:rad/s;arm:deg
BAG,1791436677.5746,474,0,0.0000,0.0000,0.000,idle,ok,3,0,imu,0.0000,0.0000,0.00,-15.00,v:m/s;w:rad/s;arm:deg
BAG,1791436677.6065,474,0,0.0000,0.0000,0.000,idle,ok,3,0,imu,0.0000,0.0000,0.00,-15.00,v:m/s;w:rad/s;arm:deg
BAG,1791436677.6474,474,0,0.0000,0.0000,0.000,idle,ok,3,0,imu,0.0000,0.0000,0.00,-15.00,v:m/s;w:rad/s;arm:deg
BAG,1791436677.6774,475,0,0.0000,0.0000,0.000,idle,ok,3,0,imu,0.0000,0.0000,0.00,-15.00,v:m/s;w:rad/s;arm:deg
BAG,1791436677.7120,475,0,0.0000,0.0000,0.000,idle,ok,3,0,imu,0.0000,0.0000,0.00,-15.00,v:m/s;w:rad/s;arm:deg
BAG,1791436677.7435,475,0,0.0000,0.0000,0.000,idle,ok,3,0,imu,0.0000,0.0000,0.00,-15.00,v:m/s;w:rad/s;arm:deg
BAG,1791436677.7764,475,0,0.0000,0.0000,0.000,idle,ok,3,0,imu,0.0000,0.0000,0.00,-15.00,v:m/s;w:rad/s;arm:deg
BAG,1791436677.8117,475,0,0.0000,0.0000,0.000,idle,ok,3,0,imu,0.0000,0.0000,0.00,-15.00,v:m/s;w:rad/s;arm:deg
BAG,1791436677.8448,476,0,0.0000,0.0000,0.000,idle,ok,3,0,imu,0.0000,0.0000,0.00,-15.00,v:m/s;w:rad/s;arm:deg
BAG,1791436677.8749,476,0,0.0000,0.0000,0.000,idle,ok,3,0,imu,0.0000,0.0000,0.00,-15.00,v:m/s;w:rad/s;arm:deg
BAG,1791436677.9207,476,0,0.0000,0.0000,0.000,idle,ok,3,0,imu,0.0000,0.0000,0.00,-15.00,v:m/s;w:rad/s;arm:deg
BAG,1791436677.9438,476,0,0.0000,0.0000,0.000,idle,ok,3,0,imu,0.0000,0.0000,0.00,-15.00,v:m/s;w:rad/s;arm:deg
BAG,1791436677.9730,476,0,0.0000,0.0000,0.000,idle,ok,3,0,imu,0.0000,0.0000,0.00,-15.00,v:m/s;w:rad/s;arm:deg
BAG,1791436678.0088,476,0,0.0000,0.0000,0.000,idle,ok,3,0,imu,0.0000,0.0000,0.00,-15.00,v:m/s;w:rad/s;arm:deg
BAG,1791436678.0390,477,0,0.0000,0.0000,0.000,idle,ok,3,0,imu,0.0000,0.0000,0.00,-15.00,v:m/s;w:rad/s;arm:deg
BAG,1791436678.0756,477,0,0.0000,0.0000,0.000,idle,ok,3,0,imu,0.0000,0.0000,0.00,-15.00,v:m/s;w:rad/s;arm:deg
BAG,1791436678.1068,477,0,0.0000,0.0000,0.000,idle,ok,3,0,imu,0.0000,0.0000,0.00,-15.00,v:m/s;w:rad/s;arm:deg
BAG,1791436678.1500,477,0,0.0000,0.0000,0.000,idle,ok,3,0,imu,0.0000,0.0000,0.00,-15.00,v:m/s;w:rad/s;arm:deg
BAG,1791436678.1748,478,0,0.0000,0.0000,0.000,idle,ok,3,0,imu,0.0000,0.0000,0.00,-15.00,v:m/s;w:rad/s;arm:deg
BAG,1791436678.2061,478,0,0.0000,0.0000,0.000,idle,ok,3,0,imu,0.0000,0.0000,0.00,-15.00,v:m/s;w:rad/s;arm:deg
BAG,1791436678.2414,478,0,0.0000,0.0000,0.000,idle,ok,3,0,imu,0.0000,0.0000,0.00,-15.00,v:m/s;w:rad/s;arm:deg
BAG,1791436678.2759,478,0,0.0000,0.0000,0.000,idle,ok,3,0,imu,0.0000,0.0000,0.00,-15.00,v:m/s;w:rad/s;arm:deg
BAG,1791436678.3060,478,0,0.0000,0.0000,0.000,idle,ok,3,0,imu,0.0000,0.0000,0.00,-15.00,v:m/s;w:rad/s;arm:deg
BAG,1791436678.3554,479,0,0.0000,0.0000,0.000,idle,ok,3,0,imu,0.0000,0.0000,0.00,-15.00,v:m/s;w:rad/s;arm:deg
BAG,1791436678.3813,479,0,0.0000,0.0000,0.000,idle,ok,3,0,imu,0.0000,0.0000,0.00,-15.00,v:m/s;w:rad/s;arm:deg
BAG,1791436678.4050,479,0,0.0000,0.0000,0.000,idle,ok,3,0,imu,0.0000,0.0000,0.00,-15.00,v:m/s;w:rad/s;arm:deg
BAG,1791436678.4391,479,0,0.0000,0.0000,0.000,idle,ok,3,0,imu,0.0000,0.0000,0.00,-15.00,v:m/s;w:rad/s;arm:deg
BAG,1791436678.4718,479,0,0.0000,0.0000,0.000,idle,ok,3,0,imu,0.0000,0.0000,0.00,-15.00,v:m/s;w:rad/s;arm:deg
BAG,1791436678.5064,479,0,0.0000,0.0000,0.000,idle,ok,3,0,imu,0.0000,0.0000,0.00,-15.00,v:m/s;w:rad/s;arm:deg
BAG,1791436678.5487,480,0,0.0000,0.0000,0.000,idle,ok,3,0,imu,0.0000,0.0000,0.00,-15.00,v:m/s;w:rad/s;arm:deg
BAG,1791436678.5742,480,0,0.0000,0.0000,0.000,idle,ok,3,0,imu,0.0000,0.0000,0.00,-15.00,v:m/s;w:rad/s;arm:deg
BAG,1791436678.6103,480,0,0.0000,0.0000,0.000,idle,ok,3,0,imu,0.0000,0.0000,0.00,-15.00,v:m/s;w:rad/s;arm:deg
BAG,1791436678.6430,480,0,0.0000,0.0000,0.000,idle,ok,3,0,imu,0.0000,0.0000,0.00,-15.00,v:m/s;w:rad/s;arm:deg
BAG,1791436678.6785,481,0,0.0000,0.0000,0.000,idle,ok,3,0,imu,0.0000,0.0000,0.00,-15.00,v:m/s;w:rad/s;arm:deg
BAG,1791436678.7094,481,0,0.0000,0.0000,0.000,idle,ok,3,0,imu,0.0000,0.0000,0.00,-15.00,v:m/s;w:rad/s;arm:deg
BAG,1791436678.7511,481,0,0.0000,0.0000,0.000,idle,ok,3,0,imu,0.0000,0.0000,0.00,-15.00,v:m/s;w:rad/s;arm:deg
BAG,1791436678.7751,481,0,0.0000,0.0000,0.000,idle,ok,3,0,imu,0.0000,0.0000,0.00,-15.00,v:m/s;w:rad/s;arm:deg
BAG,1791436678.8086,481,0,0.0000,0.0000,0.000,idle,ok,3,0,imu,0.0000,0.0000,0.00,-15.00,v:m/s;w:rad/s;arm:deg
BAG,1791436678.8414,481,0,0.0000,0.0000,0.000,idle,ok,3,0,imu,0.0000,0.0000,0.00,-15.00,v:m/s;w:rad/s;arm:deg
BAG,1791436678.8755,482,0,0.0000,0.0000,0.000,idle,ok,3,0,imu,0.0000,0.0000,0.00,-15.00,v:m/s;w:rad/s;arm:deg
BAG,1791436678.9099,482,0,0.0000,0.0000,0.000,idle,ok,3,0,imu,0.0000,0.0000,0.00,-15.00,v:m/s;w:rad/s;arm:deg
BAG,1791436678.9421,482,0,0.0000,0.0000,0.000,idle,ok,3,0,imu,0.0000,0.0000,0.00,-15.00,v:m/s;w:rad/s;arm:deg
BAG,1791436678.9763,482,0,0.0000,0.0000,0.000,idle,ok,3,0,imu,0.0000,0.0000,0.00,-15.00,v:m/s;w:rad/s;arm:deg
BAG,1791436679.0078,482,0,0.0000,0.0000,0.000,idle,ok,3,0,imu,0.0000,0.0000,0.00,-15.00,v:m/s;w:rad/s;arm:deg
BAG,1791436679.0474,483,0,0.0000,0.0000,0.000,idle,ok,3,0,imu,0.0000,0.0000,0.00,-15.00,v:m/s;w:rad/s;arm:deg
BAG,1791436679.0730,483,0,0.0000,0.0000,0.000,idle,ok,3,0,imu,0.0000,0.0000,0.00,-15.00,v:m/s;w:rad/s;arm:deg
BAG,1791436679.1078,483,0,0.0000,0.0000,0.000,idle,ok,3,0,imu,0.0000,0.0000,0.00,-15.00,v:m/s;w:rad/s;arm:deg
BAG,1791436679.1458,483,0,0.0000,0.0000,0.000,idle,ok,3,0,imu,0.0000,0.0000,0.00,-15.00,v:m/s;w:rad/s;arm:deg
BAG,1791436679.1758,484,0,0.0000,0.0000,0.000,idle,ok,3,0,imu,0.0000,0.0000,0.00,-15.00,v:m/s;w:rad/s;arm:deg
BAG,1791436679.2077,484,0,0.0000,0.0000,0.000,idle,ok,3,0,imu,0.0000,0.0000,0.00,-15.00,v:m/s;w:rad/s;arm:deg
BAG,1791436679.2394,484,0,0.0000,0.0000,0.000,idle,ok,3,0,imu,0.0000,0.0000,0.00,-15.00,v:m/s;w:rad/s;arm:deg
BAG,1791436679.2773,484,0,0.0000,0.0000,0.000,idle,ok,3,0,imu,0.0000,0.0000,0.00,-15.00,v:m/s;w:rad/s;arm:deg
BAG,1791436679.3077,484,0,0.0000,0.0000,0.000,idle,ok,3,0,imu,0.0000,0.0000,0.00,-15.00,v:m/s;w:rad/s;arm:deg
BAG,1791436679.3478,485,0,0.0000,0.0000,0.000,idle,ok,3,0,imu,0.0000,0.0000,0.00,-15.00,v:m/s;w:rad/s;arm:deg
BAG,1791436679.3741,485,0,0.0000,0.0000,0.000,idle,ok,3,0,imu,0.0000,0.0000,0.00,-15.00,v:m/s;w:rad/s;arm:deg
BAG,1791436679.4152,485,0,0.0000,0.0000,0.000,idle,ok,3,0,imu,0.0000,0.0000,0.00,-15.00,v:m/s;w:rad/s;arm:deg
BAG,1791436679.4416,485,0,0.0000,0.0000,0.000,idle,ok,3,0,imu,0.0000,0.0000,0.00,-15.00,v:m/s;w:rad/s;arm:deg
BAG,1791436679.4758,485,0,0.0000,0.0000,0.000,idle,ok,3,0,imu,0.0000,0.0000,0.00,-15.00,v:m/s;w:rad/s;arm:deg
BAG,1791436679.5236,486,0,0.0000,0.0000,0.000,idle,ok,3,0,imu,0.0000,0.0000,0.00,-15.00,v:m/s;w:rad/s;arm:deg
BAG,1791436679.5494,486,0,0.0000,0.0000,0.000,idle,ok,3,0,imu,0.0000,0.0000,0.00,-15.00,v:m/s;w:rad/s;arm:deg
BAG,1791436679.5759,486,0,0.0000,0.0000,0.000,idle,ok,3,0,imu,0.0000,0.0000,0.00,-15.00,v:m/s;w:rad/s;arm:deg
BAG,1791436679.6080,486,0,0.0000,0.0000,0.000,idle,ok,3,0,imu,0.0000,0.0000,0.00,-15.00,v:m/s;w:rad/s;arm:deg
BAG,1791436679.6428,487,0,0.0000,0.0000,0.000,idle,ok,3,0,imu,0.0000,0.0000,0.00,-15.00,v:m/s;w:rad/s;arm:deg
BAG,1791436679.6935,487,0,0.0000,0.0000,0.000,idle,ok,3,0,imu,0.0000,0.0000,0.00,-15.00,v:m/s;w:rad/s;arm:deg
BAG,1791436679.7071,487,0,0.0000,0.0000,0.000,idle,ok,3,0,imu,0.0000,0.0000,0.00,-15.00,v:m/s;w:rad/s;arm:deg
BAG,1791436679.7541,487,0,0.0000,0.0000,0.000,idle,ok,3,0,imu,0.0000,0.0000,0.00,-15.00,v:m/s;w:rad/s;arm:deg
BAG,1791436679.7801,488,0,0.0000,0.0000,0.000,idle,ok,3,0,imu,0.0000,0.0000,0.00,-15.00,v:m/s;w:rad/s;arm:deg
BAG,1791436679.8068,488,0,0.0000,0.0000,0.000,idle,ok,3,0,imu,0.0000,0.0000,0.00,-15.00,v:m/s;w:rad/s;arm:deg
BAG,1791436679.8440,488,0,0.0000,0.0000,0.000,idle,ok,3,0,imu,0.0000,0.0000,0.00,-15.00,v:m/s;w:rad/s;arm:deg
BAG,1791436679.8825,488,0,0.0000,0.0000,0.000,idle,ok,3,0,imu,0.0000,0.0000,0.00,-15.00,v:m/s;w:rad/s;arm:deg
BAG,1791436679.9141,488,0,0.0000,0.0000,0.000,idle,ok,3,0,imu,0.0000,0.0000,0.00,-15.00,v:m/s;w:rad/s;arm:deg
BAG,1791436679.9593,489,0,0.0000,0.0000,0.000,idle,ok,3,0,imu,0.0000,0.0000,0.00,-15.00,v:m/s;w:rad/s;arm:deg
BAG,1791436679.9733,489,0,0.0000,0.0000,0.000,idle,ok,3,0,imu,0.0000,0.0000,0.00,-15.00,v:m/s;w:rad/s;arm:deg
BAG,1791436680.0099,489,0,0.0000,0.0000,0.000,idle,ok,3,0,imu,0.0000,0.0000,0.00,-15.00,v:m/s;w:rad/s;arm:deg
BAG,1791436680.0414,489,0,0.0000,0.0000,0.000,idle,ok,3,0,imu,0.0000,0.0000,0.00,-15.00,v:m/s;w:rad/s;arm:deg
BAG,1791436680.0733,490,0,0.0000,0.0000,0.000,idle,ok,3,0,imu,0.0000,0.0000,0.00,-15.00,v:m/s;w:rad/s;arm:deg
BAG,1791436680.1069,490,0,0.0000,0.0000,0.000,idle,ok,3,0,imu,0.0000,0.0000,0.00,-15.00,v:m/s;w:rad/s;arm:deg
BAG,1791436680.1410,490,0,0.0000,0.0000,0.000,idle,ok,3,0,imu,0.0000,0.0000,0.00,-15.00,v:m/s;w:rad/s;arm:deg
BAG,1791436680.1732,490,0,0.0000,0.0000,0.000,idle,ok,3,0,imu,0.0000,0.0000,0.00,-15.00,v:m/s;w:rad/s;arm:deg
BAG,1791436680.2058,490,0,0.0000,0.0000,0.000,idle,ok,3,0,imu,0.0000,0.0000,0.00,-15.00,v:m/s;w:rad/s;arm:deg
BAG,1791436680.2457,491,0,0.0000,0.0000,0.000,idle,ok,3,0,imu,0.0000,0.0000,0.00,-15.00,v:m/s;w:rad/s;arm:deg
BAG,1791436680.2770,491,0,0.0000,0.0000,0.000,idle,ok,3,0,imu,0.0000,0.0000,0.00,-15.00,v:m/s;w:rad/s;arm:deg
BAG,1791436680.3075,491,0,0.0000,0.0000,0.000,idle,ok,3,0,imu,0.0000,0.0000,0.00,-15.00,v:m/s;w:rad/s;arm:deg
BAG,1791436680.3595,491,0,0.0000,0.0000,0.000,idle,ok,3,0,imu,0.0000,0.0000,0.00,-15.00,v:m/s;w:rad/s;arm:deg
BAG,1791436680.3789,492,0,0.0000,0.0000,0.000,idle,ok,3,0,imu,0.0000,0.0000,0.00,-15.00,v:m/s;w:rad/s;arm:deg
BAG,1791436680.4074,492,0,0.0000,0.0000,0.000,idle,ok,3,0,imu,0.0000,0.0000,0.00,-15.00,v:m/s;w:rad/s;arm:deg
BAG,1791436680.4466,492,0,0.0000,0.0000,0.000,idle,ok,3,0,imu,0.0000,0.0000,0.00,-15.00,v:m/s;w:rad/s;arm:deg
BAG,1791436680.4751,492,0,0.0000,0.0000,0.000,idle,ok,3,0,imu,0.0000,0.0000,0.00,-15.00,v:m/s;w:rad/s;arm:deg
BAG,1791436680.5086,492,0,0.0000,0.0000,0.000,idle,ok,3,0,imu,0.0000,0.0000,0.00,-15.00,v:m/s;w:rad/s;arm:deg
BAG,1791436680.5461,492,0,0.0000,0.0000,0.000,idle,ok,3,0,imu,0.0000,0.0000,0.00,-15.00,v:m/s;w:rad/s;arm:deg
BAG,1791436680.5741,493,0,0.0000,0.0000,0.000,idle,ok,3,0,imu,0.0000,0.0000,0.00,-15.00,v:m/s;w:rad/s;arm:deg
BAG,1791436680.6085,493,0,0.0000,0.0000,0.000,idle,ok,3,0,imu,0.0000,0.0000,0.00,-15.00,v:m/s;w:rad/s;arm:deg
BAG,1791436680.6405,493,0,0.0000,0.0000,0.000,idle,ok,3,0,imu,0.0000,0.0000,0.00,-15.00,v:m/s;w:rad/s;arm:deg
BAG,1791436680.6732,493,0,0.0000,0.0000,0.000,idle,ok,3,0,imu,0.0000,0.0000,0.00,-15.00,v:m/s;w:rad/s;arm:deg
BAG,1791436680.7083,493,0,0.0000,0.0000,0.000,idle,ok,3,0,imu,0.0000,0.0000,0.00,-15.00,v:m/s;w:rad/s;arm:deg
BAG,1791436680.7443,494,0,0.0000,0.0000,0.000,idle,ok,3,0,imu,0.0000,0.0000,0.00,-15.00,v:m/s;w:rad/s;arm:deg
BAG,1791436680.7751,494,0,0.0000,0.0000,0.000,idle,ok,3,0,imu,0.0000,0.0000,0.00,-15.00,v:m/s;w:rad/s;arm:deg
BAG,1791436680.8160,494,0,0.0000,0.0000,0.000,idle,ok,3,0,imu,0.0000,0.0000,0.00,-15.00,v:m/s;w:rad/s;arm:deg
BAG,1791436680.8483,494,0,0.0000,0.0000,0.000,idle,ok,3,0,imu,0.0000,0.0000,0.00,-15.00,v:m/s;w:rad/s;arm:deg
BAG,1791436680.8769,494,0,0.0000,0.0000,0.000,idle,ok,3,0,imu,0.0000,0.0000,0.00,-15.00,v:m/s;w:rad/s;arm:deg
BAG,1791436680.9092,495,0,0.0000,0.0000,0.000,idle,ok,3,0,imu,0.0000,0.0000,0.00,-15.00,v:m/s;w:rad/s;arm:deg
BAG,1791436680.9526,495,0,0.0000,0.0000,0.000,idle,ok,3,0,imu,0.0000,0.0000,0.00,-15.00,v:m/s;w:rad/s;arm:deg
BAG,1791436680.9776,495,0,0.0000,0.0000,0.000,idle,ok,3,0,imu,0.0000,0.0000,0.00,-15.00,v:m/s;w:rad/s;arm:deg
BAG,1791436681.0080,495,0,0.0000,0.0000,0.000,idle,ok,3,0,imu,0.0000,0.0000,0.00,-15.00,v:m/s;w:rad/s;arm:deg
BAG,1791436681.0441,495,0,0.0000,0.0000,0.000,idle,ok,3,0,imu,0.0000,0.0000,0.00,-15.00,v:m/s;w:rad/s;arm:deg
BAG,1791436681.0926,496,0,0.0000,0.0000,0.000,idle,ok,3,0,imu,0.0000,0.0000,0.00,-15.00,v:m/s;w:rad/s;arm:deg
BAG,1791436681.1072,496,0,0.0000,0.0000,0.000,idle,ok,3,0,imu,0.0000,0.0000,0.00,-15.00,v:m/s;w:rad/s;arm:deg
BAG,1791436681.1520,496,0,0.0000,0.0000,0.000,idle,ok,3,0,imu,0.0000,0.0000,0.00,-15.00,v:m/s;w:rad/s;arm:deg
BAG,1791436681.1794,496,0,0.0000,0.0000,0.000,idle,ok,3,0,imu,0.0000,0.0000,0.00,-15.00,v:m/s;w:rad/s;arm:deg
BAG,1791436681.2159,497,0,0.0000,0.0000,0.000,idle,ok,3,0,imu,0.0000,0.0000,0.00,-15.00,v:m/s;w:rad/s;arm:deg
BAG,1791436681.2441,497,0,0.0000,0.0000,0.000,idle,ok,3,0,imu,0.0000,0.0000,0.00,-15.00,v:m/s;w:rad/s;arm:deg
BAG,1791436681.2732,497,0,0.0000,0.0000,0.000,idle,ok,3,0,imu,0.0000,0.0000,0.00,-15.00,v:m/s;w:rad/s;arm:deg
BAG,1791436681.3062,497,0,0.0000,0.0000,0.000,idle,ok,3,0,imu,0.0000,0.0000,0.00,-15.00,v:m/s;w:rad/s;arm:deg
BAG,1791436681.3557,497,0,0.0000,0.0000,0.000,idle,ok,3,0,imu,0.0000,0.0000,0.00,-15.00,v:m/s;w:rad/s;arm:deg
BAG,1791436681.3779,498,0,0.0000,0.0000,0.000,idle,ok,3,0,imu,0.0000,0.0000,0.00,-15.00,v:m/s;w:rad/s;arm:deg
BAG,1791436681.4059,498,0,0.0000,0.0000,0.000,idle,ok,3,0,imu,0.0000,0.0000,0.00,-15.00,v:m/s;w:rad/s;arm:deg
BAG,1791436681.4416,498,0,0.0000,0.0000,0.000,idle,ok,3,0,imu,0.0000,0.0000,0.00,-15.00,v:m/s;w:rad/s;arm:deg
BAG,1791436681.4733,498,0,0.0000,0.0000,0.000,idle,ok,3,0,imu,0.0000,0.0000,0.00,-15.00,v:m/s;w:rad/s;arm:deg
BAG,1791436681.5155,499,0,0.0000,0.0000,0.000,idle,ok,3,0,imu,0.0000,0.0000,0.00,-15.00,v:m/s;w:rad/s;arm:deg
BAG,1791436681.5498,499,0,0.0000,0.0000,0.000,idle,ok,3,0,imu,0.0000,0.0000,0.00,-15.00,v:m/s;w:rad/s;arm:deg
BAG,1791436681.5899,499,0,0.0000,0.0000,0.000,idle,ok,3,0,imu,0.0000,0.0000,0.00,-15.00,v:m/s;w:rad/s;arm:deg
BAG,1791436681.6056,499,0,0.0000,0.0000,0.000,idle,ok,3,0,imu,0.0000,0.0000,0.00,-15.00,v:m/s;w:rad/s;arm:deg
BAG,1791436681.6397,499,0,0.0000,0.0000,0.000,idle,ok,3,0,imu,0.0000,0.0000,0.00,-15.00,v:m/s;w:rad/s;arm:deg
BAG,1791436681.6733,499,0,0.0000,0.0000,0.000,idle,ok,3,0,imu,0.0000,0.0000,0.00,-15.00,v:m/s;w:rad/s;arm:deg
BAG,1791436681.7100,500,0,0.0000,0.0000,0.000,idle,ok,3,0,imu,0.0000,0.0000,0.00,-15.00,v:m/s;w:rad/s;arm:deg
BAG,1791436681.7443,500,0,0.0000,0.0000,0.000,idle,ok,3,0,imu,0.0000,0.0000,0.00,-15.00,v:m/s;w:rad/s;arm:deg
BAG,1791436681.7741,500,0,0.0000,0.0000,0.000,idle,ok,3,0,imu,0.0000,0.0000,0.00,-15.00,v:m/s;w:rad/s;arm:deg
BAG,1791436681.8077,500,0,0.0000,0.0000,0.000,idle,ok,3,0,imu,0.0000,0.0000,0.00,-15.00,v:m/s;w:rad/s;arm:deg
BAG,1791436681.8408,500,0,0.0000,0.0000,0.000,idle,ok,3,0,imu,0.0000,0.0000,0.00,-15.00,v:m/s;w:rad/s;arm:deg
BAG,1791436681.8765,501,0,0.0000,0.0000,0.000,idle,ok,3,0,imu,0.0000,0.0000,0.00,-15.00,v:m/s;w:rad/s;arm:deg
BAG,1791436681.9105,501,0,0.0000,0.0000,0.000,idle,ok,3,0,imu,0.0000,0.0000,0.00,-15.00,v:m/s;w:rad/s;arm:deg
BAG,1791436681.9556,501,0,0.0000,0.0000,0.000,idle,ok,3,0,imu,0.0000,0.0000,0.00,-15.00,v:m/s;w:rad/s;arm:deg
BAG,1791436681.9802,501,0,0.0000,0.0000,0.000,idle,ok,3,0,imu,0.0000,0.0000,0.00,-15.00,v:m/s;w:rad/s;arm:deg
BAG,1791436682.0105,501,0,0.0000,0.0000,0.000,idle,ok,3,0,imu,0.0000,0.0000,0.00,-15.00,v:m/s;w:rad/s;arm:deg
BAG,1791436682.0455,502,0,0.0000,0.0000,0.000,idle,ok,3,0,imu,0.0000,0.0000,0.00,-15.00,v:m/s;w:rad/s;arm:deg
BAG,1791436682.0801,502,0,0.0000,0.0000,0.000,idle,ok,3,0,imu,0.0000,0.0000,0.00,-15.00,v:m/s;w:rad/s;arm:deg
BAG,1791436682.1108,502,0,0.0000,0.0000,0.000,idle,ok,3,0,imu,0.0000,0.0000,0.00,-15.00,v:m/s;w:rad/s;arm:deg
BAG,1791436682.1441,502,0,0.0000,0.0000,0.000,idle,ok,3,0,imu,0.0000,0.0000,0.00,-15.00,v:m/s;w:rad/s;arm:deg
BAG,1791436682.1810,502,0,0.0000,0.0000,0.000,idle,ok,3,0,imu,0.0000,0.0000,0.00,-15.00,v:m/s;w:rad/s;arm:deg
BAG,1791436682.2077,503,0,0.0000,0.0000,0.000,idle,ok,3,0,imu,0.0000,0.0000,0.00,-15.00,v:m/s;w:rad/s;arm:deg
BAG,1791436682.2404,503,0,0.0000,0.0000,0.000,idle,ok,3,0,imu,0.0000,0.0000,0.00,-15.00,v:m/s;w:rad/s;arm:deg
BAG,1791436682.2753,503,0,0.0000,0.0000,0.000,idle,ok,3,0,imu,0.0000,0.0000,0.00,-15.00,v:m/s;w:rad/s;arm:deg
BAG,1791436682.3059,503,0,0.0000,0.0000,0.000,idle,ok,3,0,imu,0.0000,0.0000,0.00,-15.00,v:m/s;w:rad/s;arm:deg
BAG,1791436682.3533,503,0,0.0000,0.0000,0.000,idle,ok,3,0,imu,0.0000,0.0000,0.00,-15.00,v:m/s;w:rad/s;arm:deg
BAG,1791436682.3753,504,0,0.0000,0.0000,0.000,idle,ok,3,0,imu,0.0000,0.0000,0.00,-15.00,v:m/s;w:rad/s;arm:deg
BAG,1791436682.4096,504,0,0.0000,0.0000,0.000,idle,ok,3,0,imu,0.0000,0.0000,0.00,-15.00,v:m/s;w:rad/s;arm:deg
BAG,1791436682.4519,504,0,0.0000,0.0000,0.000,idle,ok,3,0,imu,0.0000,0.0000,0.00,-15.00,v:m/s;w:rad/s;arm:deg
BAG,1791436682.4776,505,0,0.0000,0.0000,0.000,idle,ok,3,0,imu,0.0000,0.0000,0.00,-15.00,v:m/s;w:rad/s;arm:deg
BAG,1791436682.5090,505,0,0.0000,0.0000,0.000,idle,ok,3,0,imu,0.0000,0.0000,0.00,-15.00,v:m/s;w:rad/s;arm:deg
BAG,1791436682.5424,505,0,0.0000,0.0000,0.000,idle,ok,3,0,imu,0.0000,0.0000,0.00,-15.00,v:m/s;w:rad/s;arm:deg
BAG,1791436682.5730,505,0,0.0000,0.0000,0.000,idle,ok,3,0,imu,0.0000,0.0000,0.00,-15.00,v:m/s;w:rad/s;arm:deg
BAG,1791436682.6056,505,0,0.0000,0.0000,0.000,idle,ok,3,0,imu,0.0000,0.0000,0.00,-15.00,v:m/s;w:rad/s;arm:deg
BAG,1791436682.6423,505,0,0.0000,0.0000,0.000,idle,ok,3,0,imu,0.0000,0.0000,0.00,-15.00,v:m/s;w:rad/s;arm:deg
BAG,1791436682.6751,506,0,0.0000,0.0000,0.000,idle,ok,3,0,imu,0.0000,0.0000,0.00,-15.00,v:m/s;w:rad/s;arm:deg
BAG,1791436682.7069,506,0,0.0000,0.0000,0.000,idle,ok,3,0,imu,0.0000,0.0000,0.00,-15.00,v:m/s;w:rad/s;arm:deg
BAG,1791436682.7410,506,0,0.0000,0.0000,0.000,idle,ok,3,0,imu,0.0000,0.0000,0.00,-15.00,v:m/s;w:rad/s;arm:deg
BAG,1791436682.7753,506,0,0.0000,0.0000,0.000,idle,ok,3,0,imu,0.0000,0.0000,0.00,-15.00,v:m/s;w:rad/s;arm:deg
BAG,1791436682.8067,507,0,0.0000,0.0000,0.000,idle,ok,3,0,imu,0.0000,0.0000,0.00,-15.00,v:m/s;w:rad/s;arm:deg
BAG,1791436682.8428,507,0,0.0000,0.0000,0.000,idle,ok,3,0,imu,0.0000,0.0000,0.00,-15.00,v:m/s;w:rad/s;arm:deg
BAG,1791436682.8796,507,0,0.0000,0.0000,0.000,idle,ok,3,0,imu,0.0000,0.0000,0.00,-15.00,v:m/s;w:rad/s;arm:deg
BAG,1791436682.9102,507,0,0.0000,0.0000,0.000,idle,ok,3,0,imu,0.0000,0.0000,0.00,-15.00,v:m/s;w:rad/s;arm:deg
BAG,1791436682.9453,507,0,0.0000,0.0000,0.000,idle,ok,3,0,imu,0.0000,0.0000,0.00,-15.00,v:m/s;w:rad/s;arm:deg
BAG,1791436682.9735,507,0,0.0000,0.0000,0.000,idle,ok,3,0,imu,0.0000,0.0000,0.00,-15.00,v:m/s;w:rad/s;arm:deg
BAG,1791436683.0120,508,0,0.0000,0.0000,0.000,idle,ok,3,0,imu,0.0000,0.0000,0.00,-15.00,v:m/s;w:rad/s;arm:deg
BAG,1791436683.0471,508,0,0.0000,0.0000,0.000,idle,ok,3,0,imu,0.0000,0.0000,0.00,-15.00,v:m/s;w:rad/s;arm:deg
BAG,1791436683.0813,508,0,0.0000,0.0000,0.000,idle,ok,3,0,imu,0.0000,0.0000,0.00,-15.00,v:m/s;w:rad/s;arm:deg
BAG,1791436683.1118,509,0,0.0000,0.0000,0.000,idle,ok,3,0,imu,0.0000,0.0000,0.00,-15.00,v:m/s;w:rad/s;arm:deg
BAG,1791436683.1486,509,0,0.0000,0.0000,0.000,idle,ok,3,0,imu,0.0000,0.0000,0.00,-15.00,v:m/s;w:rad/s;arm:deg
BAG,1791436683.1771,509,0,0.0000,0.0000,0.000,idle,ok,3,0,imu,0.0000,0.0000,0.00,-15.00,v:m/s;w:rad/s;arm:deg
BAG,1791436683.2062,509,0,0.0000,0.0000,0.000,idle,ok,3,0,imu,0.0000,0.0000,0.00,-15.00,v:m/s;w:rad/s;arm:deg
BAG,1791436683.2411,509,0,0.0000,0.0000,0.000,idle,ok,3,0,imu,0.0000,0.0000,0.00,-15.00,v:m/s;w:rad/s;arm:deg
BAG,1791436683.2757,510,0,0.0000,0.0000,0.000,idle,ok,3,0,imu,0.0000,0.0000,0.00,-15.00,v:m/s;w:rad/s;arm:deg
BAG,1791436683.3061,510,0,0.0000,0.0000,0.000,idle,ok,3,0,imu,0.0000,0.0000,0.00,-15.00,v:m/s;w:rad/s;arm:deg
BAG,1791436683.3456,510,0,0.0000,0.0000,0.000,idle,ok,3,0,imu,0.0000,0.0000,0.00,-15.00,v:m/s;w:rad/s;arm:deg
BAG,1791436683.3738,510,0,0.0000,0.0000,0.000,idle,ok,3,0,imu,0.0000,0.0000,0.00,-15.00,v:m/s;w:rad/s;arm:deg
BAG,1791436683.4061,510,0,0.0000,0.0000,0.000,idle,ok,3,0,imu,0.0000,0.0000,0.00,-15.00,v:m/s;w:rad/s;arm:deg
BAG,1791436683.4475,511,0,0.0000,0.0000,0.000,idle,ok,3,0,imu,0.0000,0.0000,0.00,-15.00,v:m/s;w:rad/s;arm:deg
BAG,1791436683.4740,511,0,0.0000,0.0000,0.000,idle,ok,3,0,imu,0.0000,0.0000,0.00,-15.00,v:m/s;w:rad/s;arm:deg
BAG,1791436683.5075,511,0,0.0000,0.0000,0.000,idle,ok,3,0,imu,0.0000,0.0000,0.00,-15.00,v:m/s;w:rad/s;arm:deg
BAG,1791436683.5505,511,0,0.0000,0.0000,0.000,idle,ok,3,0,imu,0.0000,0.0000,0.00,-15.00,v:m/s;w:rad/s;arm:deg
BAG,1791436683.5795,512,0,0.0000,0.0000,0.000,idle,ok,3,0,imu,0.0000,0.0000,0.00,-15.00,v:m/s;w:rad/s;arm:deg
BAG,1791436683.6083,512,0,0.0000,0.0000,0.000,idle,ok,3,0,imu,0.0000,0.0000,0.00,-15.00,v:m/s;w:rad/s;arm:deg
BAG,1791436683.6478,512,0,0.0000,0.0000,0.000,idle,ok,3,0,imu,0.0000,0.0000,0.00,-15.00,v:m/s;w:rad/s;arm:deg
BAG,1791436683.6746,512,0,0.0000,0.0000,0.000,idle,ok,3,0,imu,0.0000,0.0000,0.00,-15.00,v:m/s;w:rad/s;arm:deg
BAG,1791436683.7162,513,0,0.0000,0.0000,0.000,idle,ok,3,0,imu,0.0000,0.0000,0.00,-15.00,v:m/s;w:rad/s;arm:deg
BAG,1791436683.7430,513,0,0.0000,0.0000,0.000,idle,ok,3,0,imu,0.0000,0.0000,0.00,-15.00,v:m/s;w:rad/s;arm:deg
BAG,1791436683.7799,513,0,0.0000,0.0000,0.000,idle,ok,3,0,imu,0.0000,0.0000,0.00,-15.00,v:m/s;w:rad/s;arm:deg
BAG,1791436683.8090,513,0,0.0000,0.0000,0.000,idle,ok,3,0,imu,0.0000,0.0000,0.00,-15.00,v:m/s;w:rad/s;arm:deg
BAG,1791436683.8415,513,0,0.0000,0.0000,0.000,idle,ok,3,0,imu,0.0000,0.0000,0.00,-15.00,v:m/s;w:rad/s;arm:deg
BAG,1791436683.8731,513,0,0.0000,0.0000,0.000,idle,ok,3,0,imu,0.0000,0.0000,0.00,-15.00,v:m/s;w:rad/s;arm:deg
BAG,1791436683.9063,514,0,0.0000,0.0000,0.000,idle,ok,3,0,imu,0.0000,0.0000,0.00,-15.00,v:m/s;w:rad/s;arm:deg
BAG,1791436683.9434,514,0,0.0000,0.0000,0.000,idle,ok,3,0,imu,0.0000,0.0000,0.00,-15.00,v:m/s;w:rad/s;arm:deg
BAG,1791436683.9755,514,0,0.0000,0.0000,0.000,idle,ok,3,0,imu,0.0000,0.0000,0.00,-15.00,v:m/s;w:rad/s;arm:deg
BAG,1791436684.0122,514,0,0.0000,0.0000,0.000,idle,ok,3,0,imu,0.0000,0.0000,0.00,-15.00,v:m/s;w:rad/s;arm:deg
BAG,1791436684.0454,515,0,0.0000,0.0000,0.000,idle,ok,3,0,imu,0.0000,0.0000,0.00,-15.00,v:m/s;w:rad/s;arm:deg
BAG,1791436684.0751,515,0,0.0000,0.0000,0.000,idle,ok,3,0,imu,0.0000,0.0000,0.00,-15.00,v:m/s;w:rad/s;arm:deg
BAG,1791436684.1111,515,0,0.0000,0.0000,0.000,idle,ok,3,0,imu,0.0000,0.0000,0.00,-15.00,v:m/s;w:rad/s;arm:deg
BAG,1791436684.1463,515,0,0.0000,0.0000,0.000,idle,ok,3,0,imu,0.0000,0.0000,0.00,-15.00,v:m/s;w:rad/s;arm:deg
BAG,1791436684.1751,515,0,0.0000,0.0000,0.000,idle,ok,3,0,imu,0.0000,0.0000,0.00,-15.00,v:m/s;w:rad/s;arm:deg
BAG,1791436684.2118,516,0,0.0000,0.0000,0.000,idle,ok,3,0,imu,0.0000,0.0000,0.00,-15.00,v:m/s;w:rad/s;arm:deg
BAG,1791436684.2431,516,0,0.0000,0.0000,0.000,idle,ok,3,0,imu,0.0000,0.0000,0.00,-15.00,v:m/s;w:rad/s;arm:deg
BAG,1791436684.2740,516,0,0.0000,0.0000,0.000,idle,ok,3,0,imu,0.0000,0.0000,0.00,-15.00,v:m/s;w:rad/s;arm:deg
BAG,1791436684.3069,516,0,0.0000,0.0000,0.000,idle,ok,3,0,imu,0.0000,0.0000,0.00,-15.00,v:m/s;w:rad/s;arm:deg
BAG,1791436684.3603,517,0,0.0000,0.0000,0.000,idle,ok,3,0,imu,0.0000,0.0000,0.00,-15.00,v:m/s;w:rad/s;arm:deg
BAG,1791436684.3806,517,0,0.0000,0.0000,0.000,idle,ok,3,0,imu,0.0000,0.0000,0.00,-15.00,v:m/s;w:rad/s;arm:deg
BAG,1791436684.4087,517,0,0.0000,0.0000,0.000,idle,ok,3,0,imu,0.0000,0.0000,0.00,-15.00,v:m/s;w:rad/s;arm:deg
BAG,1791436684.4498,517,0,0.0000,0.0000,0.000,idle,ok,3,0,imu,0.0000,0.0000,0.00,-15.00,v:m/s;w:rad/s;arm:deg
BAG,1791436684.4749,517,0,0.0000,0.0000,0.000,idle,ok,3,0,imu,0.0000,0.0000,0.00,-15.00,v:m/s;w:rad/s;arm:deg
BAG,1791436684.5071,518,0,0.0000,0.0000,0.000,idle,ok,3,0,imu,0.0000,0.0000,0.00,-15.00,v:m/s;w:rad/s;arm:deg
BAG,1791436684.5512,518,0,0.0000,0.0000,0.000,idle,ok,3,0,imu,0.0000,0.0000,0.00,-15.00,v:m/s;w:rad/s;arm:deg
BAG,1791436684.5807,518,0,0.0000,0.0000,0.000,idle,ok,3,0,imu,0.0000,0.0000,0.00,-15.00,v:m/s;w:rad/s;arm:deg
BAG,1791436684.6097,518,0,0.0000,0.0000,0.000,idle,ok,3,0,imu,0.0000,0.0000,0.00,-15.00,v:m/s;w:rad/s;arm:deg
BAG,1791436684.6424,518,0,0.0000,0.0000,0.000,idle,ok,3,0,imu,0.0000,0.0000,0.00,-15.00,v:m/s;w:rad/s;arm:deg
BAG,1791436684.6783,519,0,0.0000,0.0000,0.000,idle,ok,3,0,imu,0.0000,0.0000,0.00,-15.00,v:m/s;w:rad/s;arm:deg
BAG,1791436684.7067,519,0,0.0000,0.0000,0.000,idle,ok,3,0,imu,0.0000,0.0000,0.00,-15.00,v:m/s;w:rad/s;arm:deg
BAG,1791436684.7425,519,0,0.0000,0.0000,0.000,idle,ok,3,0,imu,0.0000,0.0000,0.00,-15.00,v:m/s;w:rad/s;arm:deg
BAG,1791436684.7725,519,0,0.0000,0.0000,0.000,idle,ok,3,0,imu,0.0000,0.0000,0.00,-15.00,v:m/s;w:rad/s;arm:deg
BAG,1791436684.8071,519,0,0.0000,0.0000,0.000,idle,ok,3,0,imu,0.0000,0.0000,0.00,-15.00,v:m/s;w:rad/s;arm:deg
BAG,1791436684.8436,520,0,0.0000,0.0000,0.000,idle,ok,3,0,imu,0.0000,0.0000,0.00,-15.00,v:m/s;w:rad/s;arm:deg
BAG,1791436684.8755,520,0,0.0000,0.0000,0.000,idle,ok,3,0,imu,0.0000,0.0000,0.00,-15.00,v:m/s;w:rad/s;arm:deg
BAG,1791436684.9089,520,0,0.0000,0.0000,0.000,idle,ok,3,0,imu,0.0000,0.0000,0.00,-15.00,v:m/s;w:rad/s;arm:deg
BAG,1791436684.9460,520,0,0.0000,0.0000,0.000,idle,ok,3,0,imu,0.0000,0.0000,0.00,-15.00,v:m/s;w:rad/s;arm:deg
BAG,1791436684.9804,520,0,0.0000,0.0000,0.000,idle,ok,3,0,imu,0.0000,0.0000,0.00,-15.00,v:m/s;w:rad/s;arm:deg
BAG,1791436685.0073,520,0,0.0000,0.0000,0.000,idle,ok,3,0,imu,0.0000,0.0000,0.00,-15.00,v:m/s;w:rad/s;arm:deg
BAG,1791436685.0439,521,0,0.0000,0.0000,0.000,idle,ok,3,0,imu,0.0000,0.0000,0.00,-15.00,v:m/s;w:rad/s;arm:deg
BAG,1791436685.0750,521,0,0.0000,0.0000,0.000,idle,ok,3,0,imu,0.0000,0.0000,0.00,-15.00,v:m/s;w:rad/s;arm:deg
BAG,1791436685.1068,521,0,0.0000,0.0000,0.000,idle,ok,3,0,imu,0.0000,0.0000,0.00,-15.00,v:m/s;w:rad/s;arm:deg
BAG,1791436685.1431,521,0,0.0000,0.0000,0.000,idle,ok,3,0,imu,0.0000,0.0000,0.00,-15.00,v:m/s;w:rad/s;arm:deg
BAG,1791436685.1730,522,0,0.0000,0.0000,0.000,idle,ok,3,0,imu,0.0000,0.0000,0.00,-15.00,v:m/s;w:rad/s;arm:deg
BAG,1791436685.2076,522,0,0.0000,0.0000,0.000,idle,ok,3,0,imu,0.0000,0.0000,0.00,-15.00,v:m/s;w:rad/s;arm:deg
BAG,1791436685.2410,522,0,0.0000,0.0000,0.000,idle,ok,3,0,imu,0.0000,0.0000,0.00,-15.00,v:m/s;w:rad/s;arm:deg
BAG,1791436685.2824,522,0,0.0000,0.0000,0.000,idle,ok,3,0,imu,0.0000,0.0000,0.00,-15.00,v:m/s;w:rad/s;arm:deg
BAG,1791436685.3094,522,0,0.0000,0.0000,0.000,idle,ok,3,0,imu,0.0000,0.0000,0.00,-15.00,v:m/s;w:rad/s;arm:deg
BAG,1791436685.3708,522,0,0.0000,0.0000,0.000,idle,ok,3,0,imu,0.0000,0.0000,0.00,-15.00,v:m/s;w:rad/s;arm:deg
BAG,1791436685.3811,522,0,0.0000,0.0000,0.000,idle,ok,3,0,imu,0.0000,0.0000,0.00,-15.00,v:m/s;w:rad/s;arm:deg
BAG,1791436685.4096,522,0,0.0000,0.0000,0.000,idle,ok,3,0,imu,0.0000,0.0000,0.00,-15.00,v:m/s;w:rad/s;arm:deg
BAG,1791436685.4451,523,0,0.0000,0.0000,0.000,idle,ok,3,0,imu,0.0000,0.0000,0.00,-15.00,v:m/s;w:rad/s;arm:deg
BAG,1791436685.4732,523,0,0.0000,0.0000,0.000,idle,ok,3,0,imu,0.0000,0.0000,0.00,-15.00,v:m/s;w:rad/s;arm:deg
BAG,1791436685.5124,523,0,0.0000,0.0000,0.000,idle,ok,3,0,imu,0.0000,0.0000,0.00,-15.00,v:m/s;w:rad/s;arm:deg
BAG,1791436685.5480,523,0,0.0000,0.0000,0.000,idle,ok,3,0,imu,0.0000,0.0000,0.00,-15.00,v:m/s;w:rad/s;arm:deg
BAG,1791436685.5768,523,0,0.0000,0.0000,0.000,idle,ok,3,0,imu,0.0000,0.0000,0.00,-15.00,v:m/s;w:rad/s;arm:deg
BAG,1791436685.6075,524,0,0.0000,0.0000,0.000,idle,ok,3,0,imu,0.0000,0.0000,0.00,-15.00,v:m/s;w:rad/s;arm:deg
BAG,1791436685.6478,524,0,0.0000,0.0000,0.000,idle,ok,3,0,imu,0.0000,0.0000,0.00,-15.00,v:m/s;w:rad/s;arm:deg
BAG,1791436685.6775,524,0,0.0000,0.0000,0.000,idle,ok,3,0,imu,0.0000,0.0000,0.00,-15.00,v:m/s;w:rad/s;arm:deg
BAG,1791436685.7066,524,0,0.0000,0.0000,0.000,idle,ok,3,0,imu,0.0000,0.0000,0.00,-15.00,v:m/s;w:rad/s;arm:deg
BAG,1791436685.7521,525,0,0.0000,0.0000,0.000,idle,ok,3,0,imu,0.0000,0.0000,0.00,-15.00,v:m/s;w:rad/s;arm:deg
BAG,1791436685.7736,525,0,0.0000,0.0000,0.000,idle,ok,3,0,imu,0.0000,0.0000,0.00,-15.00,v:m/s;w:rad/s;arm:deg
BAG,1791436685.8154,525,0,0.0000,0.0000,0.000,idle,ok,3,0,imu,0.0000,0.0000,0.00,-15.00,v:m/s;w:rad/s;arm:deg
BAG,1791436685.8432,525,0,0.0000,0.0000,0.000,idle,ok,3,0,imu,0.0000,0.0000,0.00,-15.00,v:m/s;w:rad/s;arm:deg
BAG,1791436685.8752,525,0,0.0000,0.0000,0.000,idle,ok,3,0,imu,0.0000,0.0000,0.00,-15.00,v:m/s;w:rad/s;arm:deg
BAG,1791436685.9085,526,0,0.0000,0.0000,0.000,idle,ok,3,0,imu,0.0000,0.0000,0.00,-15.00,v:m/s;w:rad/s;arm:deg
BAG,1791436685.9453,526,0,0.0000,0.0000,0.000,idle,ok,3,0,imu,0.0000,0.0000,0.00,-15.00,v:m/s;w:rad/s;arm:deg
BAG,1791436685.9754,526,0,0.0000,0.0000,0.000,idle,ok,3,0,imu,0.0000,0.0000,0.00,-15.00,v:m/s;w:rad/s;arm:deg
BAG,1791436686.0057,526,0,0.0000,0.0000,0.000,idle,ok,3,0,imu,0.0000,0.0000,0.00,-15.00,v:m/s;w:rad/s;arm:deg
BAG,1791436686.0475,526,0,0.0000,0.0000,0.000,idle,ok,3,0,imu,0.0000,0.0000,0.00,-15.00,v:m/s;w:rad/s;arm:deg
BAG,1791436686.0734,526,0,0.0000,0.0000,0.000,idle,ok,3,0,imu,0.0000,0.0000,0.00,-15.00,v:m/s;w:rad/s;arm:deg
BAG,1791436686.1143,527,0,0.0000,0.0000,0.000,idle,ok,3,0,imu,0.0000,0.0000,0.00,-15.00,v:m/s;w:rad/s;arm:deg
BAG,1791436686.1461,527,0,0.0000,0.0000,0.000,idle,ok,3,0,imu,0.0000,0.0000,0.00,-15.00,v:m/s;w:rad/s;arm:deg
BAG,1791436686.1716,527,0,0.0000,0.0000,0.000,idle,ok,3,0,imu,0.0000,0.0000,0.00,-15.00,v:m/s;w:rad/s;arm:deg
BAG,1791436686.2134,527,0,0.0000,0.0000,0.000,idle,ok,3,0,imu,0.0000,0.0000,0.00,-15.00,v:m/s;w:rad/s;arm:deg
BAG,1791436686.2426,527,0,0.0000,0.0000,0.000,idle,ok,3,0,imu,0.0000,0.0000,0.00,-15.00,v:m/s;w:rad/s;arm:deg
BAG,1791436686.2756,528,0,0.0000,0.0000,0.000,idle,ok,3,0,imu,0.0000,0.0000,0.00,-15.00,v:m/s;w:rad/s;arm:deg
BAG,1791436686.3109,528,0,0.0000,0.0000,0.000,idle,ok,3,0,imu,0.0000,0.0000,0.00,-15.00,v:m/s;w:rad/s;arm:deg
BAG,1791436686.3517,528,0,0.0000,0.0000,0.000,idle,ok,3,0,imu,0.0000,0.0000,0.00,-15.00,v:m/s;w:rad/s;arm:deg
BAG,1791436686.3725,528,0,0.0000,0.0000,0.000,idle,ok,3,0,imu,0.0000,0.0000,0.00,-15.00,v:m/s;w:rad/s;arm:deg
BAG,1791436686.4149,529,0,0.0000,0.0000,0.000,idle,ok,3,0,imu,0.0000,0.0000,0.00,-15.00,v:m/s;w:rad/s;arm:deg
BAG,1791436686.4492,529,0,0.0000,0.0000,0.000,idle,ok,3,0,imu,0.0000,0.0000,0.00,-15.00,v:m/s;w:rad/s;arm:deg
BAG,1791436686.4780,529,0,0.0000,0.0000,0.000,idle,ok,3,0,imu,0.0000,0.0000,0.00,-15.00,v:m/s;w:rad/s;arm:deg
BAG,1791436686.5069,529,0,0.0000,0.0000,0.000,idle,ok,3,0,imu,0.0000,0.0000,0.00,-15.00,v:m/s;w:rad/s;arm:deg
BAG,1791436686.5495,529,0,0.0000,0.0000,0.000,idle,ok,3,0,imu,0.0000,0.0000,0.00,-15.00,v:m/s;w:rad/s;arm:deg
BAG,1791436686.5752,530,0,0.0000,0.0000,0.000,idle,ok,3,0,imu,0.0000,0.0000,0.00,-15.00,v:m/s;w:rad/s;arm:deg
BAG,1791436686.6073,530,0,0.0000,0.0000,0.000,idle,ok,3,0,imu,0.0000,0.0000,0.00,-15.00,v:m/s;w:rad/s;arm:deg
BAG,1791436686.6420,530,0,0.0000,0.0000,0.000,idle,ok,3,0,imu,0.0000,0.0000,0.00,-15.00,v:m/s;w:rad/s;arm:deg
BAG,1791436686.6741,530,0,0.0000,0.0000,0.000,idle,ok,3,0,imu,0.0000,0.0000,0.00,-15.00,v:m/s;w:rad/s;arm:deg
BAG,1791436686.7070,530,0,0.0000,0.0000,0.000,idle,ok,3,0,imu,0.0000,0.0000,0.00,-15.00,v:m/s;w:rad/s;arm:deg
BAG,1791436686.7418,531,0,0.0000,0.0000,0.000,idle,ok,3,0,imu,0.0000,0.0000,0.00,-15.00,v:m/s;w:rad/s;arm:deg
BAG,1791436686.7738,531,0,0.0000,0.0000,0.000,idle,ok,3,0,imu,0.0000,0.0000,0.00,-15.00,v:m/s;w:rad/s;arm:deg
BAG,1791436686.8107,531,0,0.0000,0.0000,0.000,idle,ok,3,0,imu,0.0000,0.0000,0.00,-15.00,v:m/s;w:rad/s;arm:deg
BAG,1791436686.8494,531,0,0.0000,0.0000,0.000,idle,ok,3,0,imu,0.0000,0.0000,0.00,-15.00,v:m/s;w:rad/s;arm:deg
BAG,1791436686.8778,531,0,0.0000,0.0000,0.000,idle,ok,3,0,imu,0.0000,0.0000,0.00,-15.00,v:m/s;w:rad/s;arm:deg
BAG,1791436686.9145,532,0,0.0000,0.0000,0.000,idle,ok,3,0,imu,0.0000,0.0000,0.00,-15.00,v:m/s;w:rad/s;arm:deg
BAG,1791436686.9701,532,0,0.0000,0.0000,0.000,idle,ok,3,0,imu,0.0000,0.0000,0.00,-15.00,v:m/s;w:rad/s;arm:deg
BAG,1791436686.9891,532,0,0.0000,0.0000,0.000,idle,ok,3,0,imu,0.0000,0.0000,0.00,-15.00,v:m/s;w:rad/s;arm:deg
BAG,1791436687.0126,532,0,0.0000,0.0000,0.000,idle,ok,3,0,imu,0.0000,0.0000,0.00,-15.00,v:m/s;w:rad/s;arm:deg
BAG,1791436687.0414,532,0,0.0000,0.0000,0.000,idle,ok,3,0,imu,0.0000,0.0000,0.00,-15.00,v:m/s;w:rad/s;arm:deg
BAG,1791436687.0741,533,0,0.0000,0.0000,0.000,idle,ok,3,0,imu,0.0000,0.0000,0.00,-15.00,v:m/s;w:rad/s;arm:deg
BAG,1791436687.1071,533,0,0.0000,0.0000,0.000,idle,ok,3,0,imu,0.0000,0.0000,0.00,-15.00,v:m/s;w:rad/s;arm:deg
BAG,1791436687.1425,533,0,0.0000,0.0000,0.000,idle,ok,3,0,imu,0.0000,0.0000,0.00,-15.00,v:m/s;w:rad/s;arm:deg
BAG,1791436687.1730,533,0,0.0000,0.0000,0.000,idle,ok,3,0,imu,0.0000,0.0000,0.00,-15.00,v:m/s;w:rad/s;arm:deg
BAG,1791436687.2076,533,0,0.0000,0.0000,0.000,idle,ok,3,0,imu,0.0000,0.0000,0.00,-15.00,v:m/s;w:rad/s;arm:deg
BAG,1791436687.2460,534,0,0.0000,0.0000,0.000,idle,ok,3,0,imu,0.0000,0.0000,0.00,-15.00,v:m/s;w:rad/s;arm:deg
BAG,1791436687.2774,534,0,0.0000,0.0000,0.000,idle,ok,3,0,imu,0.0000,0.0000,0.00,-15.00,v:m/s;w:rad/s;arm:deg
BAG,1791436687.3092,534,0,0.0000,0.0000,0.000,idle,ok,3,0,imu,0.0000,0.0000,0.00,-15.00,v:m/s;w:rad/s;arm:deg
BAG,1791436687.3426,534,0,0.0000,0.0000,0.000,idle,ok,3,0,imu,0.0000,0.0000,0.00,-15.00,v:m/s;w:rad/s;arm:deg
BAG,1791436687.3729,534,0,0.0000,0.0000,0.000,idle,ok,3,0,imu,0.0000,0.0000,0.00,-15.00,v:m/s;w:rad/s;arm:deg
BAG,1791436687.4070,534,0,0.0000,0.0000,0.000,idle,ok,3,0,imu,0.0000,0.0000,0.00,-15.00,v:m/s;w:rad/s;arm:deg
BAG,1791436687.4534,535,0,0.0000,0.0000,0.000,idle,ok,3,0,imu,0.0000,0.0000,0.00,-15.00,v:m/s;w:rad/s;arm:deg
BAG,1791436687.4738,535,0,0.0000,0.0000,0.000,idle,ok,3,0,imu,0.0000,0.0000,0.00,-15.00,v:m/s;w:rad/s;arm:deg
BAG,1791436687.5091,535,0,0.0000,0.0000,0.000,idle,ok,3,0,imu,0.0000,0.0000,0.00,-15.00,v:m/s;w:rad/s;arm:deg
BAG,1791436687.5457,535,0,0.0000,0.0000,0.000,idle,ok,3,0,imu,0.0000,0.0000,0.00,-15.00,v:m/s;w:rad/s;arm:deg
BAG,1791436687.5784,536,1,0.0828,-0.9222,0.336,idle,ok,0,1,imu,0.0000,0.0000,0.00,-15.00,v:m/s;w:rad/s;arm:deg
BAG,1791436687.6079,536,1,0.0828,-0.9222,0.336,idle,ok,0,1,imu,0.0000,0.0000,0.00,-15.00,v:m/s;w:rad/s;arm:deg
BAG,1791436687.6428,536,1,0.0828,-0.9222,0.336,idle,ok,0,1,imu,0.0000,0.0000,0.00,-15.00,v:m/s;w:rad/s;arm:deg
BAG,1791436687.6736,536,1,0.0828,-0.9222,0.336,idle,ok,0,1,imu,0.0000,0.0000,0.00,-15.00,v:m/s;w:rad/s;arm:deg
BAG,1791436687.7069,536,1,0.0828,-0.9222,0.336,idle,ok,0,1,imu,0.0000,0.0000,0.00,-15.00,v:m/s;w:rad/s;arm:deg
BAG,1791436687.7423,536,1,0.0828,-0.9222,0.336,idle,ok,0,1,imu,0.0000,0.0000,0.00,-15.00,v:m/s;w:rad/s;arm:deg
BAG,1791436687.7747,537,1,0.1172,-0.8889,0.319,idle,ok,0,2,imu,0.0000,0.0000,0.00,-15.00,v:m/s;w:rad/s;arm:deg
BAG,1791436687.8128,537,1,0.1172,-0.8889,0.319,idle,ok,0,2,imu,0.0000,0.0000,0.00,-15.00,v:m/s;w:rad/s;arm:deg
BAG,1791436687.8400,537,1,0.1172,-0.8889,0.319,idle,ok,0,2,imu,0.0000,0.0000,0.00,-15.00,v:m/s;w:rad/s;arm:deg
BAG,1791436687.8733,537,1,0.1172,-0.8889,0.319,idle,ok,0,2,imu,0.0000,0.0000,0.00,-15.00,v:m/s;w:rad/s;arm:deg
BAG,1791436687.9112,538,1,0.0828,-0.8389,0.265,tracking,ok,0,3,imu,0.0000,0.0000,0.00,-15.00,v:m/s;w:rad/s;arm:deg
BAG,1791436687.9478,538,1,0.0828,-0.8389,0.265,tracking,ok,0,3,imu,-0.1000,-0.0190,-1.45,2.58,v:m/s;w:rad/s;arm:deg
BAG,1791436687.9766,538,1,0.0828,-0.8389,0.265,tracking,ok,0,3,imu,-0.1000,-0.0190,-1.45,2.58,v:m/s;w:rad/s;arm:deg
BAG,1791436688.0074,538,1,0.0828,-0.8389,0.265,tracking,ok,0,3,imu,-0.1000,-0.0190,-1.45,2.58,v:m/s;w:rad/s;arm:deg
BAG,1791436688.0455,538,1,0.0828,-0.8389,0.265,tracking,ok,0,3,imu,-0.1000,-0.0190,-1.45,2.58,v:m/s;w:rad/s;arm:deg
BAG,1791436688.0761,539,1,0.0719,-0.8250,0.250,tracking,ok,0,3,imu,-0.1000,-0.0165,-1.27,2.29,v:m/s;w:rad/s;arm:deg
BAG,1791436688.1073,539,1,0.0719,-0.8250,0.250,tracking,ok,0,3,imu,-0.1000,-0.0165,-1.27,2.29,v:m/s;w:rad/s;arm:deg
BAG,1791436688.1498,539,1,0.0719,-0.8250,0.250,tracking,ok,0,3,imu,-0.1000,-0.0165,-1.27,2.29,v:m/s;w:rad/s;arm:deg
BAG,1791436688.1801,539,1,0.0719,-0.8250,0.250,tracking,ok,0,3,imu,-0.1000,-0.0165,-1.27,2.29,v:m/s;w:rad/s;arm:deg
BAG,1791436688.2112,539,1,0.0719,-0.8250,0.250,tracking,ok,0,3,imu,-0.1000,-0.0165,-1.27,2.29,v:m/s;w:rad/s;arm:deg
BAG,1791436688.2455,540,1,0.0500,-0.7833,0.219,tracking,ok,0,3,imu,-0.1000,-0.0115,-0.92,1.42,v:m/s;w:rad/s;arm:deg
BAG,1791436688.2754,540,1,0.0500,-0.7833,0.219,tracking,ok,0,3,imu,-0.1000,-0.0115,-0.92,1.42,v:m/s;w:rad/s;arm:deg
BAG,1791436688.3066,540,1,0.0500,-0.7833,0.219,tracking,ok,0,3,imu,-0.1000,-0.0115,-0.92,1.42,v:m/s;w:rad/s;arm:deg
BAG,1791436688.3503,540,1,0.0500,-0.7833,0.219,tracking,ok,0,3,imu,-0.1000,-0.0115,-0.92,1.42,v:m/s;w:rad/s;arm:deg
BAG,1791436688.3737,540,1,0.0500,-0.7833,0.219,tracking,ok,0,3,imu,-0.1000,-0.0115,-0.92,1.42,v:m/s;w:rad/s;arm:deg
BAG,1791436688.4095,541,1,0.0203,-0.7583,0.208,tracking,ok,0,3,imu,-0.1000,-0.0084,-0.69,2.38,v:m/s;w:rad/s;arm:deg
BAG,1791436688.4428,541,1,0.0203,-0.7583,0.208,tracking,ok,0,3,imu,-0.1000,-0.0084,-0.69,2.38,v:m/s;w:rad/s;arm:deg
BAG,1791436688.4737,541,1,0.0203,-0.7583,0.208,tracking,ok,0,3,imu,-0.1000,-0.0084,-0.69,2.38,v:m/s;w:rad/s;arm:deg
BAG,1791436688.5066,541,1,0.0203,-0.7583,0.208,tracking,ok,0,3,imu,-0.1000,-0.0084,-0.69,2.38,v:m/s;w:rad/s;arm:deg
BAG,1791436688.5528,542,1,0.0547,-0.1722,0.225,tracking,ok,0,3,imu,-0.1000,-0.0218,-1.65,4.67,v:m/s;w:rad/s;arm:deg
BAG,1791436688.5788,542,1,0.0547,-0.1722,0.225,tracking,ok,0,3,imu,-0.1000,-0.0218,-1.65,4.67,v:m/s;w:rad/s;arm:deg
BAG,1791436688.6094,542,1,0.0547,-0.1722,0.225,tracking,ok,0,3,imu,-0.1000,-0.0218,-1.65,4.67,v:m/s;w:rad/s;arm:deg
BAG,1791436688.6415,542,1,0.0547,-0.1722,0.225,tracking,ok,0,3,imu,-0.1000,-0.0218,-1.65,4.67,v:m/s;w:rad/s;arm:deg
BAG,1791436688.6766,542,1,0.0547,-0.1722,0.225,tracking,ok,0,3,imu,-0.1000,-0.0218,-1.65,4.67,v:m/s;w:rad/s;arm:deg
BAG,1791436688.7116,543,1,0.0625,-0.1500,0.228,tracking,ok,0,3,imu,-0.1000,-0.0237,-1.78,4.75,v:m/s;w:rad/s;arm:deg
BAG,1791436688.7492,543,1,0.0625,-0.1500,0.228,tracking,ok,0,3,imu,-0.1000,-0.0237,-1.78,4.75,v:m/s;w:rad/s;arm:deg
BAG,1791436688.7765,543,1,0.0625,-0.1500,0.228,tracking,ok,0,3,imu,-0.1000,-0.0237,-1.78,4.75,v:m/s;w:rad/s;arm:deg
BAG,1791436688.8087,543,1,0.0625,-0.1500,0.228,tracking,ok,0,3,imu,-0.1000,-0.0237,-1.78,4.75,v:m/s;w:rad/s;arm:deg
BAG,1791436688.8438,543,1,0.0625,-0.1500,0.228,tracking,ok,0,3,imu,-0.1000,-0.0237,-1.78,4.75,v:m/s;w:rad/s;arm:deg
BAG,1791436688.8795,544,1,0.0734,-0.1528,0.234,tracking,ok,0,3,imu,-0.1000,-0.0263,-1.97,5.31,v:m/s;w:rad/s;arm:deg
BAG,1791436688.9081,544,1,0.0734,-0.1528,0.234,tracking,ok,0,3,imu,-0.1000,-0.0263,-1.97,5.31,v:m/s;w:rad/s;arm:deg
BAG,1791436688.9498,544,1,0.0734,-0.1528,0.234,tracking,ok,0,3,imu,-0.1000,-0.0263,-1.97,5.31,v:m/s;w:rad/s;arm:deg
BAG,1791436688.9767,544,1,0.0734,-0.1528,0.234,tracking,ok,0,3,imu,-0.1000,-0.0263,-1.97,5.31,v:m/s;w:rad/s;arm:deg
BAG,1791436689.0124,545,1,0.2641,-0.1889,0.284,tracking,ok,0,3,imu,-0.1000,-0.0727,-5.30,7.62,v:m/s;w:rad/s;arm:deg
BAG,1791436689.0467,545,1,0.2641,-0.1889,0.284,tracking,ok,0,3,imu,-0.1000,-0.0727,-5.30,7.62,v:m/s;w:rad/s;arm:deg
BAG,1791436689.0793,545,1,0.2641,-0.1889,0.284,tracking,ok,0,3,imu,-0.1000,-0.0727,-5.30,7.62,v:m/s;w:rad/s;arm:deg
BAG,1791436689.1080,545,1,0.2641,-0.1889,0.284,tracking,ok,0,3,imu,-0.1000,-0.0727,-5.30,7.62,v:m/s;w:rad/s;arm:deg
BAG,1791436689.1437,545,1,0.2641,-0.1889,0.284,tracking,ok,0,3,imu,-0.1000,-0.0727,-5.30,7.62,v:m/s;w:rad/s;arm:deg
BAG,1791436689.1769,545,1,0.2641,-0.1889,0.284,tracking,ok,0,3,imu,-0.1000,-0.0727,-5.30,7.62,v:m/s;w:rad/s;arm:deg
BAG,1791436689.2091,546,1,0.3953,-0.2000,0.310,tracking,ok,0,3,imu,-0.0808,-0.1071,-7.76,8.58,v:m/s;w:rad/s;arm:deg
BAG,1791436689.2471,546,1,0.3953,-0.2000,0.310,tracking,ok,0,3,imu,-0.0808,-0.1071,-7.76,8.58,v:m/s;w:rad/s;arm:deg
BAG,1791436689.2736,546,1,0.3953,-0.2000,0.310,tracking,ok,0,3,imu,-0.0808,-0.1071,-7.76,8.58,v:m/s;w:rad/s;arm:deg
BAG,1791436689.3091,546,1,0.3953,-0.2000,0.310,tracking,ok,0,3,imu,-0.0808,-0.1071,-7.76,8.58,v:m/s;w:rad/s;arm:deg
BAG,1791436689.3466,546,1,0.3953,-0.2000,0.310,tracking,ok,0,3,imu,-0.0808,-0.1071,-7.76,8.58,v:m/s;w:rad/s;arm:deg
BAG,1791436689.3828,547,1,0.4234,-0.2250,0.316,tracking,ok,0,3,imu,-0.0738,-0.1154,-8.35,9.56,v:m/s;w:rad/s;arm:deg
BAG,1791436689.4128,547,1,0.4234,-0.2250,0.316,tracking,ok,0,3,imu,-0.0738,-0.1154,-8.35,9.56,v:m/s;w:rad/s;arm:deg
BAG,1791436689.4433,547,1,0.4234,-0.2250,0.316,tracking,ok,0,3,imu,-0.0738,-0.1154,-8.35,9.56,v:m/s;w:rad/s;arm:deg
BAG,1791436689.4754,547,1,0.4234,-0.2250,0.316,tracking,ok,0,3,imu,-0.0738,-0.1154,-8.35,9.56,v:m/s;w:rad/s;arm:deg
BAG,1791436689.5134,548,1,0.4172,-0.1861,0.322,tracking,ok,0,3,imu,-0.0684,-0.1182,-8.56,9.57,v:m/s;w:rad/s;arm:deg
BAG,1791436689.5497,548,1,0.4172,-0.1861,0.322,tracking,ok,0,3,imu,-0.0684,-0.1182,-8.56,9.57,v:m/s;w:rad/s;arm:deg
BAG,1791436689.5744,548,1,0.4172,-0.1861,0.322,tracking,ok,0,3,imu,-0.0684,-0.1182,-8.56,9.57,v:m/s;w:rad/s;arm:deg
BAG,1791436689.6073,548,1,0.4172,-0.1861,0.322,tracking,ok,0,3,imu,-0.0684,-0.1182,-8.56,9.57,v:m/s;w:rad/s;arm:deg
BAG,1791436689.6401,548,1,0.4172,-0.1861,0.322,tracking,ok,0,3,imu,-0.0684,-0.1182,-8.56,9.57,v:m/s;w:rad/s;arm:deg
BAG,1791436689.6776,549,1,0.3984,-0.1389,0.337,tracking,ok,0,3,imu,-0.0550,-0.1343,-9.71,10.28,v:m/s;w:rad/s;arm:deg
BAG,1791436689.7144,549,1,0.3984,-0.1389,0.337,tracking,ok,0,3,imu,-0.0550,-0.1343,-9.71,10.28,v:m/s;w:rad/s;arm:deg
BAG,1791436689.7510,549,1,0.3984,-0.1389,0.337,tracking,ok,0,3,imu,-0.0550,-0.1343,-9.71,10.28,v:m/s;w:rad/s;arm:deg
BAG,1791436689.7808,549,1,0.3984,-0.1389,0.337,tracking,ok,0,3,imu,-0.0550,-0.1343,-9.71,10.28,v:m/s;w:rad/s;arm:deg
BAG,1791436689.8075,549,1,0.3984,-0.1389,0.337,tracking,ok,0,3,imu,-0.0550,-0.1343,-9.71,10.28,v:m/s;w:rad/s;arm:deg
BAG,1791436689.8429,549,1,0.3984,-0.1389,0.337,tracking,ok,0,3,imu,-0.0550,-0.1343,-9.71,10.28,v:m/s;w:rad/s;arm:deg
BAG,1791436689.8788,550,1,0.4187,-0.1139,0.360,tracking,ok,0,3,imu,-0.0326,-0.1598,-11.53,11.47,v:m/s;w:rad/s;arm:deg
BAG,1791436689.9095,550,1,0.4187,-0.1139,0.360,tracking,ok,0,3,imu,-0.0326,-0.1598,-11.53,11.47,v:m/s;w:rad/s;arm:deg
BAG,1791436689.9492,550,1,0.4187,-0.1139,0.360,tracking,ok,0,3,imu,-0.0326,-0.1598,-11.53,11.47,v:m/s;w:rad/s;arm:deg
BAG,1791436689.9736,550,1,0.4187,-0.1139,0.360,tracking,ok,0,3,imu,-0.0326,-0.1598,-11.53,11.47,v:m/s;w:rad/s;arm:deg
BAG,1791436690.0101,550,1,0.4187,-0.1139,0.360,tracking,ok,0,3,imu,-0.0326,-0.1598,-11.53,11.47,v:m/s;w:rad/s;arm:deg
BAG,1791436690.0469,551,1,0.4656,-0.1556,0.369,tracking,ok,0,3,imu,-0.0220,-0.1729,-12.48,12.25,v:m/s;w:rad/s;arm:deg
BAG,1791436690.0740,551,1,0.4656,-0.1556,0.369,tracking,ok,0,3,imu,-0.0220,-0.1729,-12.48,12.25,v:m/s;w:rad/s;arm:deg
BAG,1791436690.1084,551,1,0.4656,-0.1556,0.369,tracking,ok,0,3,imu,-0.0220,-0.1729,-12.48,12.25,v:m/s;w:rad/s;arm:deg
BAG,1791436690.1462,551,1,0.4656,-0.1556,0.369,tracking,ok,0,3,imu,-0.0220,-0.1729,-12.48,12.25,v:m/s;w:rad/s;arm:deg
BAG,1791436690.1750,551,1,0.4656,-0.1556,0.369,tracking,ok,0,3,imu,-0.0220,-0.1729,-12.48,12.25,v:m/s;w:rad/s;arm:deg
BAG,1791436690.2117,552,1,0.4875,-0.1639,0.382,tracking,ok,0,3,imu,0.0000,-0.3871,-13.41,12.96,v:m/s;w:rad/s;arm:deg
BAG,1791436690.2466,552,1,0.4875,-0.1639,0.382,tracking,ok,0,3,imu,0.0000,-0.3871,-13.41,12.96,v:m/s;w:rad/s;arm:deg
BAG,1791436690.2730,552,1,0.4875,-0.1639,0.382,tracking,ok,0,3,imu,0.0000,-0.3871,-13.41,12.96,v:m/s;w:rad/s;arm:deg
BAG,1791436690.3125,552,1,0.4875,-0.1639,0.382,tracking,ok,0,3,imu,0.0000,-0.3871,-13.41,12.96,v:m/s;w:rad/s;arm:deg
BAG,1791436690.3486,552,1,0.4875,-0.1639,0.382,tracking,ok,0,3,imu,0.0000,-0.3871,-13.41,12.96,v:m/s;w:rad/s;arm:deg
BAG,1791436690.3817,553,1,0.4875,-0.1667,0.398,tracking,ok,0,3,imu,0.0000,-0.4140,-14.34,14.19,v:m/s;w:rad/s;arm:deg
BAG,1791436690.4145,553,1,0.4875,-0.1667,0.398,tracking,ok,0,3,imu,0.0000,-0.4140,-14.34,14.19,v:m/s;w:rad/s;arm:deg
BAG,1791436690.4430,553,1,0.4875,-0.1667,0.398,tracking,ok,0,3,imu,0.0000,-0.4140,-14.34,14.19,v:m/s;w:rad/s;arm:deg
BAG,1791436690.4740,553,1,0.4875,-0.1667,0.398,tracking,ok,0,3,imu,0.0000,-0.4140,-14.34,14.19,v:m/s;w:rad/s;arm:deg
BAG,1791436690.5133,554,1,0.5000,-0.1333,0.418,tracking,ok,0,3,imu,0.0214,-0.2099,-15.13,14.24,v:m/s;w:rad/s;arm:deg
BAG,1791436690.5459,554,1,0.5000,-0.1333,0.418,tracking,ok,0,3,imu,0.0214,-0.2099,-15.13,14.24,v:m/s;w:rad/s;arm:deg
BAG,1791436690.5786,554,1,0.5000,-0.1333,0.418,tracking,ok,0,3,imu,0.0214,-0.2099,-15.13,14.24,v:m/s;w:rad/s;arm:deg
BAG,1791436690.6103,554,1,0.5000,-0.1333,0.418,tracking,ok,0,3,imu,0.0214,-0.2099,-15.13,14.24,v:m/s;w:rad/s;arm:deg
BAG,1791436690.6441,554,1,0.5000,-0.1333,0.418,tracking,ok,0,3,imu,0.0214,-0.2099,-15.13,14.24,v:m/s;w:rad/s;arm:deg
BAG,1791436690.6733,555,1,0.5016,-0.1472,0.422,tracking,ok,0,3,imu,0.0245,-0.2109,-15.19,14.55,v:m/s;w:rad/s;arm:deg
BAG,1791436690.7177,555,1,0.5016,-0.1472,0.422,tracking,ok,0,3,imu,0.0245,-0.2109,-15.19,14.55,v:m/s;w:rad/s;arm:deg
BAG,1791436690.7466,555,1,0.5016,-0.1472,0.422,tracking,ok,0,3,imu,0.0245,-0.2109,-15.19,14.55,v:m/s;w:rad/s;arm:deg
BAG,1791436690.7762,555,1,0.5016,-0.1472,0.422,tracking,ok,0,3,imu,0.0245,-0.2109,-15.19,14.55,v:m/s;w:rad/s;arm:deg
BAG,1791436690.8079,555,1,0.5016,-0.1472,0.422,tracking,ok,0,3,imu,0.0245,-0.2109,-15.19,14.55,v:m/s;w:rad/s;arm:deg
BAG,1791436690.8470,556,1,0.3531,-0.1444,0.450,tracking,ok,0,3,imu,0.0375,-0.1872,-13.50,16.50,v:m/s;w:rad/s;arm:deg
BAG,1791436690.8757,556,1,0.3531,-0.1444,0.450,tracking,ok,0,3,imu,0.0375,-0.1872,-13.50,16.50,v:m/s;w:rad/s;arm:deg
BAG,1791436690.9081,556,1,0.3531,-0.1444,0.450,tracking,ok,0,3,imu,0.0375,-0.1872,-13.50,16.50,v:m/s;w:rad/s;arm:deg
BAG,1791436690.9546,556,1,0.3531,-0.1444,0.450,tracking,ok,0,3,imu,0.0375,-0.1872,-13.50,16.50,v:m/s;w:rad/s;arm:deg
BAG,1791436690.9896,556,1,0.3531,-0.1444,0.450,tracking,ok,0,3,imu,0.0375,-0.1872,-13.50,16.50,v:m/s;w:rad/s;arm:deg
BAG,1791436691.0284,557,1,0.2797,-0.1306,0.453,tracking,ok,0,3,imu,0.0371,-0.1736,-12.52,16.60,v:m/s;w:rad/s;arm:deg
BAG,1791436691.0447,557,1,0.2797,-0.1306,0.453,tracking,ok,0,3,imu,0.0371,-0.1736,-12.52,16.60,v:m/s;w:rad/s;arm:deg
BAG,1791436691.0761,557,1,0.2797,-0.1306,0.453,tracking,ok,0,3,imu,0.0371,-0.1736,-12.52,16.60,v:m/s;w:rad/s;arm:deg
BAG,1791436691.1155,557,1,0.2797,-0.1306,0.453,tracking,ok,0,3,imu,0.0371,-0.1736,-12.52,16.60,v:m/s;w:rad/s;arm:deg
BAG,1791436691.1451,558,1,0.2109,-0.1083,0.452,tracking,ok,0,3,imu,0.0342,-0.1579,-11.40,16.58,v:m/s;w:rad/s;arm:deg
BAG,1791436691.1775,558,1,0.2109,-0.1083,0.452,tracking,ok,0,3,imu,0.0342,-0.1579,-11.40,16.58,v:m/s;w:rad/s;arm:deg
BAG,1791436691.2069,558,1,0.2109,-0.1083,0.452,tracking,ok,0,3,imu,0.0342,-0.1579,-11.40,16.58,v:m/s;w:rad/s;arm:deg
BAG,1791436691.2480,558,1,0.2109,-0.1083,0.452,tracking,ok,0,3,imu,0.0342,-0.1579,-11.40,16.58,v:m/s;w:rad/s;arm:deg
BAG,1791436691.2830,558,1,0.2109,-0.1083,0.452,tracking,ok,0,3,imu,0.0342,-0.1579,-11.40,16.58,v:m/s;w:rad/s;arm:deg
BAG,1791436691.3106,559,1,0.1984,-0.1056,0.452,tracking,ok,0,3,imu,0.0340,-0.1547,-11.17,16.57,v:m/s;w:rad/s;arm:deg
BAG,1791436691.3584,559,1,0.1984,-0.1056,0.452,tracking,ok,0,3,imu,0.0340,-0.1547,-11.17,16.57,v:m/s;w:rad/s;arm:deg
BAG,1791436691.3718,559,1,0.1984,-0.1056,0.452,tracking,ok,0,3,imu,0.0340,-0.1547,-11.17,16.57,v:m/s;w:rad/s;arm:deg
BAG,1791436691.4067,559,1,0.1984,-0.1056,0.452,tracking,ok,0,3,imu,0.0340,-0.1547,-11.17,16.57,v:m/s;w:rad/s;arm:deg
BAG,1791436691.4403,559,1,0.1984,-0.1056,0.452,tracking,ok,0,3,imu,0.0340,-0.1547,-11.17,16.57,v:m/s;w:rad/s;arm:deg
BAG,1791436691.4776,560,1,0.1891,-0.0250,0.448,tracking,ok,0,3,imu,0.0296,-0.1421,-10.26,16.85,v:m/s;w:rad/s;arm:deg
BAG,1791436691.5079,560,1,0.1891,-0.0250,0.448,tracking,ok,0,3,imu,0.0296,-0.1421,-10.26,16.85,v:m/s;w:rad/s;arm:deg
BAG,1791436691.5528,560,1,0.1891,-0.0250,0.448,tracking,ok,0,3,imu,0.0296,-0.1421,-10.26,16.85,v:m/s;w:rad/s;arm:deg
BAG,1791436691.5745,560,1,0.1891,-0.0250,0.448,tracking,ok,0,3,imu,0.0296,-0.1421,-10.26,16.85,v:m/s;w:rad/s;arm:deg
BAG,1791436691.6081,560,1,0.1891,-0.0250,0.448,tracking,ok,0,3,imu,0.0296,-0.1421,-10.26,16.85,v:m/s;w:rad/s;arm:deg
BAG,1791436691.6445,560,1,0.1891,-0.0250,0.448,tracking,ok,0,3,imu,0.0296,-0.1421,-10.26,16.85,v:m/s;w:rad/s;arm:deg
BAG,1791436691.6894,561,1,0.1984,-0.0278,0.447,tracking,ok,0,3,imu,0.0288,-0.1398,-10.10,16.98,v:m/s;w:rad/s;arm:deg
BAG,1791436691.7121,561,1,0.1984,-0.0278,0.447,tracking,ok,0,3,imu,0.0288,-0.1398,-10.10,16.98,v:m/s;w:rad/s;arm:deg
BAG,1791436691.7473,561,1,0.1984,-0.0278,0.447,tracking,ok,0,3,imu,0.0288,-0.1398,-10.10,16.98,v:m/s;w:rad/s;arm:deg
BAG,1791436691.7771,561,1,0.1984,-0.0278,0.447,tracking,ok,0,3,imu,0.0288,-0.1398,-10.10,16.98,v:m/s;w:rad/s;arm:deg
BAG,1791436691.8084,561,1,0.1984,-0.0278,0.447,tracking,ok,0,3,imu,0.0288,-0.1398,-10.10,16.98,v:m/s;w:rad/s;arm:deg
BAG,1791436691.8480,562,1,0.1922,-0.0361,0.443,tracking,ok,0,3,imu,0.0250,-0.1283,-9.28,17.08,v:m/s;w:rad/s;arm:deg
BAG,1791436691.8775,562,1,0.1922,-0.0361,0.443,tracking,ok,0,3,imu,0.0250,-0.1283,-9.28,17.08,v:m/s;w:rad/s;arm:deg
BAG,1791436691.9077,562,1,0.1922,-0.0361,0.443,tracking,ok,0,3,imu,0.0250,-0.1283,-9.28,17.08,v:m/s;w:rad/s;arm:deg
BAG,1791436691.9457,562,1,0.1922,-0.0361,0.443,tracking,ok,0,3,imu,0.0250,-0.1283,-9.28,17.08,v:m/s;w:rad/s;arm:deg
BAG,1791436691.9820,563,1,-0.0547,0.0139,0.401,tracking,ok,0,3,imu,0.0000,-0.1218,-4.28,16.49,v:m/s;w:rad/s;arm:deg
BAG,1791436692.0124,563,1,-0.0547,0.0139,0.401,tracking,ok,0,3,imu,0.0000,-0.1218,-4.28,16.49,v:m/s;w:rad/s;arm:deg
BAG,1791436692.0472,563,1,-0.0547,0.0139,0.401,tracking,ok,0,3,imu,0.0000,-0.1218,-4.28,16.49,v:m/s;w:rad/s;arm:deg
BAG,1791436692.0811,563,1,-0.0547,0.0139,0.401,tracking,ok,0,3,imu,0.0000,-0.1218,-4.28,16.49,v:m/s;w:rad/s;arm:deg
BAG,1791436692.1119,563,1,-0.0547,0.0139,0.401,tracking,ok,0,3,imu,0.0000,-0.1218,-4.28,16.49,v:m/s;w:rad/s;arm:deg
BAG,1791436692.1505,564,1,-0.0781,0.0111,0.397,tracking,ok,0,3,imu,0.0000,-0.1089,-3.84,16.53,v:m/s;w:rad/s;arm:deg
BAG,1791436692.1786,564,1,-0.0781,0.0111,0.397,tracking,ok,0,3,imu,0.0000,-0.1089,-3.84,16.53,v:m/s;w:rad/s;arm:deg
BAG,1791436692.2123,564,1,-0.0781,0.0111,0.397,tracking,ok,0,3,imu,0.0000,-0.1089,-3.84,16.53,v:m/s;w:rad/s;arm:deg
BAG,1791436692.2454,564,1,-0.0781,0.0111,0.397,tracking,ok,0,3,imu,0.0000,-0.1089,-3.84,16.53,v:m/s;w:rad/s;arm:deg
BAG,1791436692.2771,564,1,-0.0781,0.0111,0.397,tracking,ok,0,3,imu,0.0000,-0.1089,-3.84,16.53,v:m/s;w:rad/s;arm:deg
BAG,1791436692.3119,565,1,-0.2875,-0.0139,0.358,tracking,ok,0,3,imu,-0.0524,0.0053,0.29,16.99,v:m/s;w:rad/s;arm:deg
BAG,1791436692.3574,565,1,-0.2875,-0.0139,0.358,tracking,ok,0,3,imu,-0.0524,0.0053,0.29,16.99,v:m/s;w:rad/s;arm:deg
BAG,1791436692.3796,565,1,-0.2875,-0.0139,0.358,tracking,ok,0,3,imu,-0.0524,0.0053,0.29,16.99,v:m/s;w:rad/s;arm:deg
BAG,1791436692.4075,565,1,-0.2875,-0.0139,0.358,tracking,ok,0,3,imu,-0.0524,0.0053,0.29,16.99,v:m/s;w:rad/s;arm:deg
BAG,1791436692.4423,565,1,-0.2875,-0.0139,0.358,tracking,ok,0,3,imu,-0.0524,0.0053,0.29,16.99,v:m/s;w:rad/s;arm:deg
BAG,1791436692.4761,565,1,-0.2875,-0.0139,0.358,tracking,ok,0,3,imu,-0.0524,0.0053,0.29,16.99,v:m/s;w:rad/s;arm:deg
BAG,1791436692.5098,566,1,-0.3078,-0.0194,0.346,tracking,ok,0,3,imu,-0.0626,0.0352,2.43,16.72,v:m/s;w:rad/s;arm:deg
BAG,1791436692.5511,566,1,-0.3078,-0.0194,0.346,tracking,ok,0,3,imu,-0.0626,0.0352,2.43,16.72,v:m/s;w:rad/s;arm:deg
BAG,1791436692.5811,566,1,-0.3078,-0.0194,0.346,tracking,ok,0,3,imu,-0.0626,0.0352,2.43,16.72,v:m/s;w:rad/s;arm:deg
BAG,1791436692.6103,566,1,-0.3078,-0.0194,0.346,tracking,ok,0,3,imu,-0.0626,0.0352,2.43,16.72,v:m/s;w:rad/s;arm:deg
BAG,1791436692.6430,566,1,-0.3078,-0.0194,0.346,tracking,ok,0,3,imu,-0.0626,0.0352,2.43,16.72,v:m/s;w:rad/s;arm:deg
BAG,1791436692.6802,567,1,-0.3984,-0.0111,0.336,tracking,ok,0,3,imu,-0.0670,0.0728,5.12,16.35,v:m/s;w:rad/s;arm:deg
BAG,1791436692.7075,567,1,-0.3984,-0.0111,0.336,tracking,ok,0,3,imu,-0.0670,0.0728,5.12,16.35,v:m/s;w:rad/s;arm:deg
BAG,1791436692.7470,567,1,-0.3984,-0.0111,0.336,tracking,ok,0,3,imu,-0.0670,0.0728,5.12,16.35,v:m/s;w:rad/s;arm:deg
BAG,1791436692.7741,567,1,-0.3984,-0.0111,0.336,tracking,ok,0,3,imu,-0.0670,0.0728,5.12,16.35,v:m/s;w:rad/s;arm:deg
BAG,1791436692.8119,567,1,-0.3984,-0.0111,0.336,tracking,ok,0,3,imu,-0.0670,0.0728,5.12,16.35,v:m/s;w:rad/s;arm:deg
BAG,1791436692.8457,568,1,-0.4187,0.0444,0.332,tracking,ok,0,3,imu,-0.0674,0.0973,6.88,15.42,v:m/s;w:rad/s;arm:deg
BAG,1791436692.8769,568,1,-0.4187,0.0444,0.332,tracking,ok,0,3,imu,-0.0674,0.0973,6.88,15.42,v:m/s;w:rad/s;arm:deg
BAG,1791436692.9080,568,1,-0.4187,0.0444,0.332,tracking,ok,0,3,imu,-0.0674,0.0973,6.88,15.42,v:m/s;w:rad/s;arm:deg
BAG,1791436692.9490,568,1,-0.4187,0.0444,0.332,tracking,ok,0,3,imu,-0.0674,0.0973,6.88,15.42,v:m/s;w:rad/s;arm:deg
BAG,1791436692.9774,569,1,-0.4141,0.0694,0.334,tracking,ok,0,3,imu,-0.0647,0.1034,7.31,14.93,v:m/s;w:rad/s;arm:deg
BAG,1791436693.0088,569,1,-0.4141,0.0694,0.334,tracking,ok,0,3,imu,-0.0647,0.1034,7.31,14.93,v:m/s;w:rad/s;arm:deg
BAG,1791436693.0469,569,1,-0.4141,0.0694,0.334,tracking,ok,0,3,imu,-0.0647,0.1034,7.31,14.93,v:m/s;w:rad/s;arm:deg
BAG,1791436693.0775,569,1,-0.4141,0.0694,0.334,tracking,ok,0,3,imu,-0.0647,0.1034,7.31,14.93,v:m/s;w:rad/s;arm:deg
BAG,1791436693.1110,570,1,-0.2672,0.1056,0.360,tracking,ok,0,3,imu,-0.0445,0.1004,7.10,14.03,v:m/s;w:rad/s;arm:deg
BAG,1791436693.1449,570,1,-0.2672,0.1056,0.360,tracking,ok,0,3,imu,-0.0445,0.1004,7.10,14.03,v:m/s;w:rad/s;arm:deg
BAG,1791436693.1765,570,1,-0.2672,0.1056,0.360,tracking,ok,0,3,imu,-0.0445,0.1004,7.10,14.03,v:m/s;w:rad/s;arm:deg
BAG,1791436693.2069,570,1,-0.2672,0.1056,0.360,tracking,ok,0,3,imu,-0.0445,0.1004,7.10,14.03,v:m/s;w:rad/s;arm:deg
BAG,1791436693.3420,570,1,-0.2672,0.1056,0.360,tracking,ok,0,3,imu,-0.0445,0.1004,7.10,14.03,v:m/s;w:rad/s;arm:deg
BAG,1791436693.3576,571,1,-0.2453,0.0889,0.363,tracking,ok,0,3,imu,-0.0429,0.0977,6.91,14.28,v:m/s;w:rad/s;arm:deg
BAG,1791436693.3781,571,1,-0.2453,0.0889,0.363,tracking,ok,0,3,imu,-0.0429,0.0977,6.91,14.28,v:m/s;w:rad/s;arm:deg
BAG,1791436693.4108,571,1,-0.2453,0.0889,0.363,tracking,ok,0,3,imu,-0.0429,0.0977,6.91,14.28,v:m/s;w:rad/s;arm:deg
BAG,1791436693.4467,571,1,-0.2453,0.0889,0.363,tracking,ok,0,3,imu,-0.0429,0.0977,6.91,14.28,v:m/s;w:rad/s;arm:deg
BAG,1791436693.4784,572,1,-0.1891,0.0528,0.374,tracking,ok,0,3,imu,-0.0339,0.0963,6.81,14.11,v:m/s;w:rad/s;arm:deg
BAG,1791436693.5111,572,1,-0.1891,0.0528,0.374,tracking,ok,0,3,imu,-0.0339,0.0963,6.81,14.11,v:m/s;w:rad/s;arm:deg
BAG,1791436693.5471,572,1,-0.1891,0.0528,0.374,tracking,ok,0,3,imu,-0.0339,0.0963,6.81,14.11,v:m/s;w:rad/s;arm:deg
BAG,1791436693.5764,572,1,-0.1891,0.0528,0.374,tracking,ok,0,3,imu,-0.0339,0.0963,6.81,14.11,v:m/s;w:rad/s;arm:deg
BAG,1791436693.6111,572,1,-0.1891,0.0528,0.374,tracking,ok,0,3,imu,-0.0339,0.0963,6.81,14.11,v:m/s;w:rad/s;arm:deg
BAG,1791436693.6446,572,1,-0.1891,0.0528,0.374,tracking,ok,0,3,imu,-0.0339,0.0963,6.81,14.11,v:m/s;w:rad/s;arm:deg
BAG,1791436693.6746,573,1,-0.1828,0.0306,0.380,tracking,ok,0,3,imu,-0.0273,0.0962,6.80,13.43,v:m/s;w:rad/s;arm:deg
BAG,1791436693.7092,573,1,-0.1828,0.0306,0.380,tracking,ok,0,3,imu,-0.0273,0.0962,6.80,13.43,v:m/s;w:rad/s;arm:deg
BAG,1791436693.7529,573,1,-0.1828,0.0306,0.380,tracking,ok,0,3,imu,-0.0273,0.0962,6.80,13.43,v:m/s;w:rad/s;arm:deg
BAG,1791436693.7773,573,1,-0.1828,0.0306,0.380,tracking,ok,0,3,imu,-0.0273,0.0962,6.80,13.43,v:m/s;w:rad/s;arm:deg
BAG,1791436693.8079,573,1,-0.1828,0.0306,0.380,tracking,ok,0,3,imu,-0.0273,0.0962,6.80,13.43,v:m/s;w:rad/s;arm:deg
BAG,1791436693.8441,574,1,-0.1625,0.0444,0.388,tracking,ok,0,3,imu,-0.0199,0.0887,6.26,13.22,v:m/s;w:rad/s;arm:deg
BAG,1791436693.8824,574,1,-0.1625,0.0444,0.388,tracking,ok,0,3,imu,-0.0199,0.0887,6.26,13.22,v:m/s;w:rad/s;arm:deg
BAG,1791436693.9093,574,1,-0.1625,0.0444,0.388,tracking,ok,0,3,imu,-0.0199,0.0887,6.26,13.22,v:m/s;w:rad/s;arm:deg
BAG,1791436693.9748,574,1,-0.1625,0.0444,0.388,tracking,ok,0,3,imu,-0.0199,0.0887,6.26,13.22,v:m/s;w:rad/s;arm:deg
BAG,1791436693.9869,574,1,-0.1625,0.0444,0.388,tracking,ok,0,3,imu,-0.0199,0.0887,6.26,13.22,v:m/s;w:rad/s;arm:deg
BAG,1791436694.0240,575,1,-0.1609,0.0472,0.389,tracking,ok,0,3,imu,0.0000,0.1837,6.23,13.10,v:m/s;w:rad/s;arm:deg
BAG,1791436694.0466,575,1,-0.1609,0.0472,0.389,tracking,ok,0,3,imu,0.0000,0.1837,6.23,13.10,v:m/s;w:rad/s;arm:deg
BAG,1791436694.0795,575,1,-0.1609,0.0472,0.389,tracking,ok,0,3,imu,0.0000,0.1837,6.23,13.10,v:m/s;w:rad/s;arm:deg
BAG,1791436694.1111,575,1,-0.1609,0.0472,0.389,tracking,ok,0,3,imu,0.0000,0.1837,6.23,13.10,v:m/s;w:rad/s;arm:deg
BAG,1791436694.1438,576,1,-0.1625,0.0083,0.394,tracking,ok,0,3,imu,0.0000,0.1847,6.27,13.57,v:m/s;w:rad/s;arm:deg
BAG,1791436694.1746,576,1,-0.1625,0.0083,0.394,tracking,ok,0,3,imu,0.0000,0.1847,6.27,13.57,v:m/s;w:rad/s;arm:deg
BAG,1791436694.2117,576,1,-0.1625,0.0083,0.394,tracking,ok,0,3,imu,0.0000,0.1847,6.27,13.57,v:m/s;w:rad/s;arm:deg
BAG,1791436694.2391,576,1,-0.1625,0.0083,0.394,tracking,ok,0,3,imu,0.0000,0.1847,6.27,13.57,v:m/s;w:rad/s;arm:deg
BAG,1791436694.2765,576,1,-0.1625,0.0083,0.394,tracking,ok,0,3,imu,0.0000,0.1847,6.27,13.57,v:m/s;w:rad/s;arm:deg
BAG,1791436694.3077,577,1,-0.3078,-0.0861,0.380,tracking,ok,0,3,imu,-0.0249,0.1215,8.61,14.82,v:m/s;w:rad/s;arm:deg
BAG,1791436694.3621,577,1,-0.3078,-0.0861,0.380,tracking,ok,0,3,imu,-0.0249,0.1215,8.61,14.82,v:m/s;w:rad/s;arm:deg
BAG,1791436694.3837,577,1,-0.3078,-0.0861,0.380,tracking,ok,0,3,imu,-0.0249,0.1215,8.61,14.82,v:m/s;w:rad/s;arm:deg
BAG,1791436694.4175,577,1,-0.3078,-0.0861,0.380,tracking,ok,0,3,imu,-0.0249,0.1215,8.61,14.82,v:m/s;w:rad/s;arm:deg
BAG,1791436694.4656,577,1,-0.3078,-0.0861,0.380,tracking,ok,0,3,imu,-0.0249,0.1215,8.61,14.82,v:m/s;w:rad/s;arm:deg
BAG,1791436694.4818,578,1,-0.4156,-0.1306,0.368,tracking,ok,0,3,imu,-0.0313,0.1487,10.56,15.49,v:m/s;w:rad/s;arm:deg
BAG,1791436694.5158,578,1,-0.4156,-0.1306,0.368,tracking,ok,0,3,imu,-0.0313,0.1487,10.56,15.49,v:m/s;w:rad/s;arm:deg
BAG,1791436694.5478,578,1,-0.4156,-0.1306,0.368,tracking,ok,0,3,imu,-0.0313,0.1487,10.56,15.49,v:m/s;w:rad/s;arm:deg
BAG,1791436694.5820,578,1,-0.4156,-0.1306,0.368,tracking,ok,0,3,imu,-0.0313,0.1487,10.56,15.49,v:m/s;w:rad/s;arm:deg
BAG,1791436694.6103,578,1,-0.4156,-0.1306,0.368,tracking,ok,0,3,imu,-0.0313,0.1487,10.56,15.49,v:m/s;w:rad/s;arm:deg
BAG,1791436694.6441,579,1,-0.4766,-0.1444,0.362,tracking,ok,0,3,imu,-0.0329,0.1639,11.65,15.55,v:m/s;w:rad/s;arm:deg
BAG,1791436694.6744,579,1,-0.4766,-0.1444,0.362,tracking,ok,0,3,imu,-0.0329,0.1639,11.65,15.55,v:m/s;w:rad/s;arm:deg
BAG,1791436694.7076,579,1,-0.4766,-0.1444,0.362,tracking,ok,0,3,imu,-0.0329,0.1639,11.65,15.55,v:m/s;w:rad/s;arm:deg
BAG,1791436694.7465,579,1,-0.4766,-0.1444,0.362,tracking,ok,0,3,imu,-0.0329,0.1639,11.65,15.55,v:m/s;w:rad/s;arm:deg
BAG,1791436694.7728,579,1,-0.4766,-0.1444,0.362,tracking,ok,0,3,imu,-0.0329,0.1639,11.65,15.55,v:m/s;w:rad/s;arm:deg
BAG,1791436694.8065,580,1,-0.5141,-0.0611,0.363,tracking,ok,0,3,imu,-0.0283,0.1836,13.06,14.90,v:m/s;w:rad/s;arm:deg
BAG,1791436694.8460,580,1,-0.5141,-0.0611,0.363,tracking,ok,0,3,imu,-0.0283,0.1836,13.06,14.90,v:m/s;w:rad/s;arm:deg
BAG,1791436694.8731,580,1,-0.5141,-0.0611,0.363,tracking,ok,0,3,imu,-0.0283,0.1836,13.06,14.90,v:m/s;w:rad/s;arm:deg
BAG,1791436694.9086,580,1,-0.5141,-0.0611,0.363,tracking,ok,0,3,imu,-0.0283,0.1836,13.06,14.90,v:m/s;w:rad/s;arm:deg
BAG,1791436694.9430,581,1,-0.5188,-0.0278,0.366,tracking,ok,0,3,imu,-0.0248,0.1899,13.51,14.66,v:m/s;w:rad/s;arm:deg
BAG,1791436694.9742,581,1,-0.5188,-0.0278,0.366,tracking,ok,0,3,imu,-0.0248,0.1899,13.51,14.66,v:m/s;w:rad/s;arm:deg
BAG,1791436695.0075,581,1,-0.5188,-0.0278,0.366,tracking,ok,0,3,imu,-0.0248,0.1899,13.51,14.66,v:m/s;w:rad/s;arm:deg
BAG,1791436695.0445,581,1,-0.5188,-0.0278,0.366,tracking,ok,0,3,imu,-0.0248,0.1899,13.51,14.66,v:m/s;w:rad/s;arm:deg
BAG,1791436695.0903,582,1,-0.5000,-0.0056,0.370,tracking,ok,0,3,imu,-0.0222,0.1909,13.58,14.52,v:m/s;w:rad/s;arm:deg
BAG,1791436695.1196,582,1,-0.5000,-0.0056,0.370,tracking,ok,0,3,imu,-0.0222,0.1909,13.58,14.52,v:m/s;w:rad/s;arm:deg
BAG,1791436695.1617,582,1,-0.5000,-0.0056,0.370,tracking,ok,0,3,imu,-0.0222,0.1909,13.58,14.52,v:m/s;w:rad/s;arm:deg
BAG,1791436695.1849,582,1,-0.5000,-0.0056,0.370,tracking,ok,0,3,imu,-0.0222,0.1909,13.58,14.52,v:m/s;w:rad/s;arm:deg
BAG,1791436695.2129,582,1,-0.5000,-0.0056,0.370,tracking,ok,0,3,imu,-0.0222,0.1909,13.58,14.52,v:m/s;w:rad/s;arm:deg
BAG,1791436695.2434,582,1,-0.5000,-0.0056,0.370,tracking,ok,0,3,imu,-0.0222,0.1909,13.58,14.52,v:m/s;w:rad/s;arm:deg
BAG,1791436695.2769,583,1,-0.4563,0.0500,0.386,tracking,ok,0,3,imu,0.0000,0.4142,14.16,13.66,v:m/s;w:rad/s;arm:deg
BAG,1791436695.3108,583,1,-0.4563,0.0500,0.386,tracking,ok,0,3,imu,0.0000,0.4142,14.16,13.66,v:m/s;w:rad/s;arm:deg
BAG,1791436695.3584,583,1,-0.4563,0.0500,0.386,tracking,ok,0,3,imu,0.0000,0.4142,14.16,13.66,v:m/s;w:rad/s;arm:deg
BAG,1791436695.3762,583,1,-0.4563,0.0500,0.386,tracking,ok,0,3,imu,0.0000,0.4142,14.16,13.66,v:m/s;w:rad/s;arm:deg
BAG,1791436695.4080,583,1,-0.4563,0.0500,0.386,tracking,ok,0,3,imu,0.0000,0.4142,14.16,13.66,v:m/s;w:rad/s;arm:deg
BAG,1791436695.4446,583,1,-0.4563,0.0500,0.386,tracking,ok,0,3,imu,0.0000,0.4142,14.16,13.66,v:m/s;w:rad/s;arm:deg
BAG,1791436695.4875,584,1,-0.4391,0.0417,0.394,tracking,ok,0,3,imu,0.0000,0.4221,14.44,13.40,v:m/s;w:rad/s;arm:deg
BAG,1791436695.5104,584,1,-0.4391,0.0417,0.394,tracking,ok,0,3,imu,0.0000,0.4221,14.44,13.40,v:m/s;w:rad/s;arm:deg
BAG,1791436695.5464,584,1,-0.4391,0.0417,0.394,tracking,ok,0,3,imu,0.0000,0.4221,14.44,13.40,v:m/s;w:rad/s;arm:deg
BAG,1791436695.5785,584,1,-0.4391,0.0417,0.394,tracking,ok,0,3,imu,0.0000,0.4221,14.44,13.40,v:m/s;w:rad/s;arm:deg
BAG,1791436695.6113,584,1,-0.4391,0.0417,0.394,tracking,ok,0,3,imu,0.0000,0.4221,14.44,13.40,v:m/s;w:rad/s;arm:deg
BAG,1791436695.6423,585,1,-0.4531,0.0472,0.398,tracking,ok,0,3,imu,0.0000,0.4313,14.75,13.09,v:m/s;w:rad/s;arm:deg
BAG,1791436695.6774,585,1,-0.4531,0.0472,0.398,tracking,ok,0,3,imu,0.0000,0.4313,14.75,13.09,v:m/s;w:rad/s;arm:deg
BAG,1791436695.7147,585,1,-0.4531,0.0472,0.398,tracking,ok,0,3,imu,0.0000,0.4313,14.75,13.09,v:m/s;w:rad/s;arm:deg
BAG,1791436695.7450,585,1,-0.4531,0.0472,0.398,tracking,ok,0,3,imu,0.0000,0.4313,14.75,13.09,v:m/s;w:rad/s;arm:deg
BAG,1791436695.7746,585,1,-0.4531,0.0472,0.398,tracking,ok,0,3,imu,0.0000,0.4313,14.75,13.09,v:m/s;w:rad/s;arm:deg
BAG,1791436695.8118,586,1,-0.4344,0.0083,0.399,tracking,ok,0,3,imu,0.0000,0.4271,14.61,13.13,v:m/s;w:rad/s;arm:deg
BAG,1791436695.8437,586,1,-0.4344,0.0083,0.399,tracking,ok,0,3,imu,0.0000,0.4271,14.61,13.13,v:m/s;w:rad/s;arm:deg
BAG,1791436695.8796,586,1,-0.4344,0.0083,0.399,tracking,ok,0,3,imu,0.0000,0.4271,14.61,13.13,v:m/s;w:rad/s;arm:deg
BAG,1791436695.9125,587,1,-0.3953,0.0139,0.408,tracking,ok,0,3,imu,0.0000,0.4115,14.07,12.84,v:m/s;w:rad/s;arm:deg
BAG,1791436695.9517,587,1,-0.3953,0.0139,0.408,tracking,ok,0,3,imu,0.0000,0.4115,14.07,12.84,v:m/s;w:rad/s;arm:deg
BAG,1791436695.9800,587,1,-0.3953,0.0139,0.408,tracking,ok,0,3,imu,0.0000,0.4115,14.07,12.84,v:m/s;w:rad/s;arm:deg
BAG,1791436696.0116,587,1,-0.3953,0.0139,0.408,tracking,ok,0,3,imu,0.0000,0.4115,14.07,12.84,v:m/s;w:rad/s;arm:deg
BAG,1791436696.0477,587,1,-0.3953,0.0139,0.408,tracking,ok,0,3,imu,0.0000,0.4115,14.07,12.84,v:m/s;w:rad/s;arm:deg
BAG,1791436696.0778,588,1,-0.3672,0.0278,0.415,tracking,ok,0,3,imu,0.0000,0.3974,13.58,12.55,v:m/s;w:rad/s;arm:deg
BAG,1791436696.1067,588,1,-0.3672,0.0278,0.415,tracking,ok,0,3,imu,0.0000,0.3974,13.58,12.55,v:m/s;w:rad/s;arm:deg
BAG,1791436696.1445,588,1,-0.3672,0.0278,0.415,tracking,ok,0,3,imu,0.0000,0.3974,13.58,12.55,v:m/s;w:rad/s;arm:deg
BAG,1791436696.1720,588,1,-0.3672,0.0278,0.415,tracking,ok,0,3,imu,0.0000,0.3974,13.58,12.55,v:m/s;w:rad/s;arm:deg
BAG,1791436696.2109,588,1,-0.3672,0.0278,0.415,tracking,ok,0,3,imu,0.0000,0.3974,13.58,12.55,v:m/s;w:rad/s;arm:deg
BAG,1791436696.2417,589,1,-0.2797,0.0306,0.427,tracking,ok,0,3,imu,0.0210,0.1721,12.23,12.36,v:m/s;w:rad/s;arm:deg
BAG,1791436696.2807,589,1,-0.2797,0.0306,0.427,tracking,ok,0,3,imu,0.0210,0.1721,12.23,12.36,v:m/s;w:rad/s;arm:deg
BAG,1791436696.3075,589,1,-0.2797,0.0306,0.427,tracking,ok,0,3,imu,0.0210,0.1721,12.23,12.36,v:m/s;w:rad/s;arm:deg
BAG,1791436696.3474,589,1,-0.2797,0.0306,0.427,tracking,ok,0,3,imu,0.0210,0.1721,12.23,12.36,v:m/s;w:rad/s;arm:deg
BAG,1791436696.3729,589,1,-0.2797,0.0306,0.427,tracking,ok,0,3,imu,0.0210,0.1721,12.23,12.36,v:m/s;w:rad/s;arm:deg
BAG,1791436696.4153,590,1,-0.2047,0.0333,0.432,tracking,ok,0,3,imu,0.0238,0.1505,10.69,12.14,v:m/s;w:rad/s;arm:deg
BAG,1791436696.4408,590,1,-0.2047,0.0333,0.432,tracking,ok,0,3,imu,0.0238,0.1505,10.69,12.14,v:m/s;w:rad/s;arm:deg
BAG,1791436696.4763,590,1,-0.2047,0.0333,0.432,tracking,ok,0,3,imu,0.0238,0.1505,10.69,12.14,v:m/s;w:rad/s;arm:deg
BAG,1791436696.5116,590,1,-0.2047,0.0333,0.432,tracking,ok,0,3,imu,0.0238,0.1505,10.69,12.14,v:m/s;w:rad/s;arm:deg
BAG,1791436696.5525,591,1,-0.1219,0.0306,0.433,tracking,ok,0,3,imu,0.0235,0.1264,8.96,11.98,v:m/s;w:rad/s;arm:deg
BAG,1791436696.5779,591,1,-0.1219,0.0306,0.433,tracking,ok,0,3,imu,0.0235,0.1264,8.96,11.98,v:m/s;w:rad/s;arm:deg
BAG,1791436696.6079,591,1,-0.1219,0.0306,0.433,tracking,ok,0,3,imu,0.0235,0.1264,8.96,11.98,v:m/s;w:rad/s;arm:deg
BAG,1791436696.6409,591,1,-0.1219,0.0306,0.433,tracking,ok,0,3,imu,0.0235,0.1264,8.96,11.98,v:m/s;w:rad/s;arm:deg
BAG,1791436696.6744,591,1,-0.1219,0.0306,0.433,tracking,ok,0,3,imu,0.0235,0.1264,8.96,11.98,v:m/s;w:rad/s;arm:deg
BAG,1791436696.7091,591,1,-0.1219,0.0306,0.433,tracking,ok,0,3,imu,0.0235,0.1264,8.96,11.98,v:m/s;w:rad/s;arm:deg
BAG,1791436696.7509,592,1,-0.0734,0.0306,0.434,tracking,ok,0,3,imu,0.0243,0.1079,7.64,11.84,v:m/s;w:rad/s;arm:deg
BAG,1791436696.7753,592,1,-0.0734,0.0306,0.434,tracking,ok,0,3,imu,0.0243,0.1079,7.64,11.84,v:m/s;w:rad/s;arm:deg
BAG,1791436696.8099,592,1,-0.0734,0.0306,0.434,tracking,ok,0,3,imu,0.0243,0.1079,7.64,11.84,v:m/s;w:rad/s;arm:deg
BAG,1791436696.8415,592,1,-0.0734,0.0306,0.434,tracking,ok,0,3,imu,0.0243,0.1079,7.64,11.84,v:m/s;w:rad/s;arm:deg
BAG,1791436696.8848,593,1,-0.0391,0.0056,0.431,tracking,ok,0,3,imu,0.0209,0.0911,6.44,12.16,v:m/s;w:rad/s;arm:deg
BAG,1791436696.9109,593,1,-0.0391,0.0056,0.431,tracking,ok,0,3,imu,0.0209,0.0911,6.44,12.16,v:m/s;w:rad/s;arm:deg
BAG,1791436696.9477,593,1,-0.0391,0.0056,0.431,tracking,ok,0,3,imu,0.0209,0.0911,6.44,12.16,v:m/s;w:rad/s;arm:deg
BAG,1791436696.9782,593,1,-0.0391,0.0056,0.431,tracking,ok,0,3,imu,0.0209,0.0911,6.44,12.16,v:m/s;w:rad/s;arm:deg
BAG,1791436697.0151,593,1,-0.0391,0.0056,0.431,tracking,ok,0,3,imu,0.0209,0.0911,6.44,12.16,v:m/s;w:rad/s;arm:deg
BAG,1791436697.0467,594,1,0.0547,-0.0389,0.420,tracking,ok,0,3,imu,0.0000,0.1136,3.82,12.85,v:m/s;w:rad/s;arm:deg
BAG,1791436697.0819,594,1,0.0547,-0.0389,0.420,tracking,ok,0,3,imu,0.0000,0.1136,3.82,12.85,v:m/s;w:rad/s;arm:deg
BAG,1791436697.1078,594,1,0.0547,-0.0389,0.420,tracking,ok,0,3,imu,0.0000,0.1136,3.82,12.85,v:m/s;w:rad/s;arm:deg
BAG,1791436697.1500,594,1,0.0547,-0.0389,0.420,tracking,ok,0,3,imu,0.0000,0.1136,3.82,12.85,v:m/s;w:rad/s;arm:deg
BAG,1791436697.1753,594,1,0.0547,-0.0389,0.420,tracking,ok,0,3,imu,0.0000,0.1136,3.82,12.85,v:m/s;w:rad/s;arm:deg
BAG,1791436697.2058,595,1,0.0859,-0.0500,0.416,tracking,ok,0,3,imu,0.0000,0.0918,3.07,13.07,v:m/s;w:rad/s;arm:deg
BAG,1791436697.2423,595,1,0.0859,-0.0500,0.416,tracking,ok,0,3,imu,0.0000,0.0918,3.07,13.07,v:m/s;w:rad/s;arm:deg
BAG,1791436697.2819,595,1,0.0859,-0.0500,0.416,tracking,ok,0,3,imu,0.0000,0.0918,3.07,13.07,v:m/s;w:rad/s;arm:deg
BAG,1791436697.3077,595,1,0.0859,-0.0500,0.416,tracking,ok,0,3,imu,0.0000,0.0918,3.07,13.07,v:m/s;w:rad/s;arm:deg
BAG,1791436697.3558,596,1,0.3250,-0.1333,0.387,tracking,ok,0,3,imu,0.0000,-0.0642,-2.30,14.55,v:m/s;w:rad/s;arm:deg
BAG,1791436697.3758,596,1,0.3250,-0.1333,0.387,tracking,ok,0,3,imu,0.0000,-0.0642,-2.30,14.55,v:m/s;w:rad/s;arm:deg
BAG,1791436697.4079,596,1,0.3250,-0.1333,0.387,tracking,ok,0,3,imu,0.0000,-0.0642,-2.30,14.55,v:m/s;w:rad/s;arm:deg
BAG,1791436697.4434,596,1,0.3250,-0.1333,0.387,tracking,ok,0,3,imu,0.0000,-0.0642,-2.30,14.55,v:m/s;w:rad/s;arm:deg
BAG,1791436697.4743,596,1,0.3250,-0.1333,0.387,tracking,ok,0,3,imu,0.0000,-0.0642,-2.30,14.55,v:m/s;w:rad/s;arm:deg
BAG,1791436697.5204,597,1,0.3953,-0.1111,0.378,tracking,ok,0,3,imu,-0.0229,-0.0676,-4.93,14.57,v:m/s;w:rad/s;arm:deg
BAG,1791436697.5636,597,1,0.3953,-0.1111,0.378,tracking,ok,0,3,imu,-0.0229,-0.0676,-4.93,14.57,v:m/s;w:rad/s;arm:deg
BAG,1791436697.5789,597,1,0.3953,-0.1111,0.378,tracking,ok,0,3,imu,-0.0229,-0.0676,-4.93,14.57,v:m/s;w:rad/s;arm:deg
BAG,1791436697.6056,597,1,0.3953,-0.1111,0.378,tracking,ok,0,3,imu,-0.0229,-0.0676,-4.93,14.57,v:m/s;w:rad/s;arm:deg
BAG,1791436697.6425,597,1,0.3953,-0.1111,0.378,tracking,ok,0,3,imu,-0.0229,-0.0676,-4.93,14.57,v:m/s;w:rad/s;arm:deg
BAG,1791436697.6777,598,1,0.4203,-0.1028,0.375,tracking,ok,0,3,imu,-0.0245,-0.0815,-5.93,14.67,v:m/s;w:rad/s;arm:deg
BAG,1791436697.7111,598,1,0.4203,-0.1028,0.375,tracking,ok,0,3,imu,-0.0245,-0.0815,-5.93,14.67,v:m/s;w:rad/s;arm:deg
BAG,1791436697.7544,598,1,0.4203,-0.1028,0.375,tracking,ok,0,3,imu,-0.0245,-0.0815,-5.93,14.67,v:m/s;w:rad/s;arm:deg
BAG,1791436697.7773,598,1,0.4203,-0.1028,0.375,tracking,ok,0,3,imu,-0.0245,-0.0815,-5.93,14.67,v:m/s;w:rad/s;arm:deg
BAG,1791436697.8184,598,1,0.4203,-0.1028,0.375,tracking,ok,0,3,imu,-0.0245,-0.0815,-5.93,14.67,v:m/s;w:rad/s;arm:deg
BAG,1791436697.8411,598,1,0.4203,-0.1028,0.375,tracking,ok,0,3,imu,-0.0245,-0.0815,-5.93,14.67,v:m/s;w:rad/s;arm:deg
BAG,1791436697.8723,598,1,0.4203,-0.1028,0.375,tracking,ok,0,3,imu,-0.0245,-0.0815,-5.93,14.67,v:m/s;w:rad/s;arm:deg
BAG,1791436697.9080,599,1,0.3500,-0.0361,0.381,tracking,ok,0,3,imu,-0.0223,-0.0819,-5.95,14.51,v:m/s;w:rad/s;arm:deg
BAG,1791436697.9525,599,1,0.3500,-0.0361,0.381,tracking,ok,0,3,imu,-0.0223,-0.0819,-5.95,14.51,v:m/s;w:rad/s;arm:deg
BAG,1791436697.9760,599,1,0.3500,-0.0361,0.381,tracking,ok,0,3,imu,-0.0223,-0.0819,-5.95,14.51,v:m/s;w:rad/s;arm:deg
BAG,1791436698.0091,599,1,0.3500,-0.0361,0.381,tracking,ok,0,3,imu,-0.0223,-0.0819,-5.95,14.51,v:m/s;w:rad/s;arm:deg
BAG,1791436698.0488,599,1,0.3500,-0.0361,0.381,tracking,ok,0,3,imu,-0.0223,-0.0819,-5.95,14.51,v:m/s;w:rad/s;arm:deg
BAG,1791436698.0771,600,1,0.3094,-0.0222,0.382,tracking,ok,0,3,imu,-0.0232,-0.0838,-6.09,14.56,v:m/s;w:rad/s;arm:deg
BAG,1791436698.1073,600,1,0.3094,-0.0222,0.382,tracking,ok,0,3,imu,-0.0232,-0.0838,-6.09,14.56,v:m/s;w:rad/s;arm:deg
BAG,1791436698.1610,600,1,0.3094,-0.0222,0.382,tracking,ok,0,3,imu,-0.0232,-0.0838,-6.09,14.56,v:m/s;w:rad/s;arm:deg
BAG,1791436698.1803,600,1,0.3094,-0.0222,0.382,tracking,ok,0,3,imu,-0.0232,-0.0838,-6.09,14.56,v:m/s;w:rad/s;arm:deg
BAG,1791436698.2150,600,1,0.3094,-0.0222,0.382,tracking,ok,0,3,imu,-0.0232,-0.0838,-6.09,14.56,v:m/s;w:rad/s;arm:deg
BAG,1791436698.2473,601,1,0.1875,-0.0083,0.386,tracking,ok,0,3,imu,-0.0236,-0.0786,-5.72,14.58,v:m/s;w:rad/s;arm:deg
BAG,1791436698.2846,601,1,0.1875,-0.0083,0.386,tracking,ok,0,3,imu,-0.0236,-0.0786,-5.72,14.58,v:m/s;w:rad/s;arm:deg
BAG,1791436698.3243,601,1,0.1875,-0.0083,0.386,tracking,ok,0,3,imu,-0.0236,-0.0786,-5.72,14.58,v:m/s;w:rad/s;arm:deg
BAG,1791436698.3506,602,1,0.0938,-0.0222,0.395,tracking,ok,0,3,imu,0.0000,-0.1329,-4.66,15.03,v:m/s;w:rad/s;arm:deg
BAG,1791436698.3751,602,1,0.0938,-0.0222,0.395,tracking,ok,0,3,imu,0.0000,-0.1329,-4.66,15.03,v:m/s;w:rad/s;arm:deg
BAG,1791436698.4087,602,1,0.0938,-0.0222,0.395,tracking,ok,0,3,imu,0.0000,-0.1329,-4.66,15.03,v:m/s;w:rad/s;arm:deg
BAG,1791436698.4487,602,1,0.0938,-0.0222,0.395,tracking,ok,0,3,imu,0.0000,-0.1329,-4.66,15.03,v:m/s;w:rad/s;arm:deg
BAG,1791436698.4803,602,1,0.0938,-0.0222,0.395,tracking,ok,0,3,imu,0.0000,-0.1329,-4.66,15.03,v:m/s;w:rad/s;arm:deg
BAG,1791436698.5141,603,1,0.0797,-0.0167,0.398,tracking,ok,0,3,imu,0.0000,-0.1256,-4.41,14.92,v:m/s;w:rad/s;arm:deg
BAG,1791436698.5453,603,1,0.0797,-0.0167,0.398,tracking,ok,0,3,imu,0.0000,-0.1256,-4.41,14.92,v:m/s;w:rad/s;arm:deg
BAG,1791436698.5761,603,1,0.0797,-0.0167,0.398,tracking,ok,0,3,imu,0.0000,-0.1256,-4.41,14.92,v:m/s;w:rad/s;arm:deg
BAG,1791436698.6110,603,1,0.0797,-0.0167,0.398,tracking,ok,0,3,imu,0.0000,-0.1256,-4.41,14.92,v:m/s;w:rad/s;arm:deg
BAG,1791436698.6425,603,1,0.0797,-0.0167,0.398,tracking,ok,0,3,imu,0.0000,-0.1256,-4.41,14.92,v:m/s;w:rad/s;arm:deg
BAG,1791436698.6751,603,1,0.0797,-0.0167,0.398,tracking,ok,0,3,imu,0.0000,-0.1256,-4.41,14.92,v:m/s;w:rad/s;arm:deg
BAG,1791436698.7188,604,1,0.0719,-0.0028,0.402,tracking,ok,0,3,imu,0.0000,-0.1224,-4.30,14.63,v:m/s;w:rad/s;arm:deg
BAG,1791436698.7479,604,1,0.0719,-0.0028,0.402,tracking,ok,0,3,imu,0.0000,-0.1224,-4.30,14.63,v:m/s;w:rad/s;arm:deg
BAG,1791436698.7782,604,1,0.0719,-0.0028,0.402,tracking,ok,0,3,imu,0.0000,-0.1224,-4.30,14.63,v:m/s;w:rad/s;arm:deg
BAG,1791436698.8071,604,1,0.0719,-0.0028,0.402,tracking,ok,0,3,imu,0.0000,-0.1224,-4.30,14.63,v:m/s;w:rad/s;arm:deg
BAG,1791436698.8445,604,1,0.0719,-0.0028,0.402,tracking,ok,0,3,imu,0.0000,-0.1224,-4.30,14.63,v:m/s;w:rad/s;arm:deg
BAG,1791436698.8807,605,1,0.0844,-0.0028,0.404,tracking,ok,0,3,imu,0.0000,-0.1173,-4.13,14.89,v:m/s;w:rad/s;arm:deg
BAG,1791436698.9071,605,1,0.0844,-0.0028,0.404,tracking,ok,0,3,imu,0.0000,-0.1173,-4.13,14.89,v:m/s;w:rad/s;arm:deg
BAG,1791436698.9561,605,1,0.0844,-0.0028,0.404,tracking,ok,0,3,imu,0.0000,-0.1173,-4.13,14.89,v:m/s;w:rad/s;arm:deg
BAG,1791436698.9783,605,1,0.0844,-0.0028,0.404,tracking,ok,0,3,imu,0.0000,-0.1173,-4.13,14.89,v:m/s;w:rad/s;arm:deg
BAG,1791436699.0076,605,1,0.0844,-0.0028,0.404,tracking,ok,0,3,imu,0.0000,-0.1173,-4.13,14.89,v:m/s;w:rad/s;arm:deg
BAG,1791436699.0476,605,1,0.0844,-0.0028,0.404,tracking,ok,0,3,imu,0.0000,-0.1173,-4.13,14.89,v:m/s;w:rad/s;arm:deg
BAG,1791436699.0756,606,1,0.0750,-0.0083,0.405,tracking,ok,0,3,imu,0.0000,-0.1057,-3.73,15.07,v:m/s;w:rad/s;arm:deg
BAG,1791436699.1069,606,1,0.0750,-0.0083,0.405,tracking,ok,0,3,imu,0.0000,-0.1057,-3.73,15.07,v:m/s;w:rad/s;arm:deg
BAG,1791436699.1441,606,1,0.0750,-0.0083,0.405,tracking,ok,0,3,imu,0.0000,-0.1057,-3.73,15.07,v:m/s;w:rad/s;arm:deg
BAG,1791436699.1823,606,1,0.0750,-0.0083,0.405,tracking,ok,0,3,imu,0.0000,-0.1057,-3.73,15.07,v:m/s;w:rad/s;arm:deg
BAG,1791436699.2049,606,1,0.0750,-0.0083,0.405,tracking,ok,0,3,imu,0.0000,-0.1057,-3.73,15.07,v:m/s;w:rad/s;arm:deg
BAG,1791436699.2475,607,1,0.0359,-0.0167,0.406,tracking,ok,0,3,imu,0.0000,-0.0812,-2.88,15.11,v:m/s;w:rad/s;arm:deg
BAG,1791436699.2749,607,1,0.0359,-0.0167,0.406,tracking,ok,0,3,imu,0.0000,-0.0812,-2.88,15.11,v:m/s;w:rad/s;arm:deg
BAG,1791436699.3082,607,1,0.0359,-0.0167,0.406,tracking,ok,0,3,imu,0.0000,-0.0812,-2.88,15.11,v:m/s;w:rad/s;arm:deg
BAG,1791436699.3490,607,1,0.0359,-0.0167,0.406,tracking,ok,0,3,imu,0.0000,-0.0812,-2.88,15.11,v:m/s;w:rad/s;arm:deg
BAG,1791436699.3766,607,1,0.0359,-0.0167,0.406,tracking,ok,0,3,imu,0.0000,-0.0812,-2.88,15.11,v:m/s;w:rad/s;arm:deg
BAG,1791436699.4105,608,1,0.0125,-0.0139,0.405,tracking,ok,0,3,imu,0.0000,-0.0678,-2.42,15.06,v:m/s;w:rad/s;arm:deg
BAG,1791436699.4421,608,1,0.0125,-0.0139,0.405,tracking,ok,0,3,imu,0.0000,-0.0678,-2.42,15.06,v:m/s;w:rad/s;arm:deg
BAG,1791436699.4726,608,1,0.0125,-0.0139,0.405,tracking,ok,0,3,imu,0.0000,-0.0678,-2.42,15.06,v:m/s;w:rad/s;arm:deg
BAG,1791436699.5088,608,1,0.0125,-0.0139,0.405,tracking,ok,0,3,imu,0.0000,-0.0678,-2.42,15.06,v:m/s;w:rad/s;arm:deg
BAG,1791436699.5595,608,1,0.0125,-0.0139,0.405,tracking,ok,0,3,imu,0.0000,-0.0678,-2.42,15.06,v:m/s;w:rad/s;arm:deg
BAG,1791436699.5848,609,1,0.0063,-0.0111,0.405,tracking,ok,0,3,imu,0.0000,-0.0585,-2.10,15.09,v:m/s;w:rad/s;arm:deg
BAG,1791436699.6071,609,1,0.0063,-0.0111,0.405,tracking,ok,0,3,imu,0.0000,-0.0585,-2.10,15.09,v:m/s;w:rad/s;arm:deg
BAG,1791436699.6570,609,1,0.0063,-0.0111,0.405,tracking,ok,0,3,imu,0.0000,-0.0585,-2.10,15.09,v:m/s;w:rad/s;arm:deg
BAG,1791436699.6746,609,1,0.0063,-0.0111,0.405,tracking,ok,0,3,imu,0.0000,-0.0585,-2.10,15.09,v:m/s;w:rad/s;arm:deg
BAG,1791436699.7102,610,1,0.0047,-0.0167,0.405,tracking,ok,0,3,imu,0.0000,-0.0483,-1.75,15.29,v:m/s;w:rad/s;arm:deg
BAG,1791436699.7453,610,1,0.0047,-0.0167,0.405,tracking,ok,0,3,imu,0.0000,-0.0483,-1.75,15.29,v:m/s;w:rad/s;arm:deg
BAG,1791436699.7763,610,1,0.0047,-0.0167,0.405,tracking,ok,0,3,imu,0.0000,-0.0483,-1.75,15.29,v:m/s;w:rad/s;arm:deg
BAG,1791436699.8091,610,1,0.0047,-0.0167,0.405,tracking,ok,0,3,imu,0.0000,-0.0483,-1.75,15.29,v:m/s;w:rad/s;arm:deg
BAG,1791436699.8519,610,1,0.0047,-0.0167,0.405,tracking,ok,0,3,imu,0.0000,-0.0483,-1.75,15.29,v:m/s;w:rad/s;arm:deg
BAG,1791436699.8836,611,1,0.0031,-0.0167,0.411,tracking,ok,0,3,imu,0.0000,-0.0190,-1.45,15.35,v:m/s;w:rad/s;arm:deg
BAG,1791436699.9158,611,1,0.0031,-0.0167,0.411,tracking,ok,0,3,imu,0.0000,-0.0190,-1.45,15.35,v:m/s;w:rad/s;arm:deg
BAG,1791436699.9493,611,1,0.0031,-0.0167,0.411,tracking,ok,0,3,imu,0.0000,-0.0190,-1.45,15.35,v:m/s;w:rad/s;arm:deg
BAG,1791436699.9746,611,1,0.0031,-0.0167,0.411,tracking,ok,0,3,imu,0.0000,-0.0190,-1.45,15.35,v:m/s;w:rad/s;arm:deg
BAG,1791436700.0098,611,1,0.0031,-0.0167,0.411,tracking,ok,0,3,imu,0.0000,-0.0190,-1.45,15.35,v:m/s;w:rad/s;arm:deg
BAG,1791436700.0423,612,1,0.0031,-0.0222,0.413,tracking,ok,0,3,imu,0.0000,-0.0179,-1.38,15.41,v:m/s;w:rad/s;arm:deg
BAG,1791436700.0782,612,1,0.0031,-0.0222,0.413,tracking,ok,0,3,imu,0.0000,-0.0179,-1.38,15.41,v:m/s;w:rad/s;arm:deg
BAG,1791436700.1111,612,1,0.0031,-0.0222,0.413,tracking,ok,0,3,imu,0.0000,-0.0179,-1.38,15.41,v:m/s;w:rad/s;arm:deg
BAG,1791436700.1553,612,1,0.0031,-0.0222,0.413,tracking,ok,0,3,imu,0.0000,-0.0179,-1.38,15.41,v:m/s;w:rad/s;arm:deg
BAG,1791436700.1817,612,1,0.0031,-0.0222,0.413,tracking,ok,0,3,imu,0.0000,-0.0179,-1.38,15.41,v:m/s;w:rad/s;arm:deg
BAG,1791436700.2145,613,1,0.0016,-0.0028,0.432,tracking,ok,0,3,imu,0.0000,-0.0157,-1.21,15.04,v:m/s;w:rad/s;arm:deg
BAG,1791436700.2475,613,1,0.0016,-0.0028,0.432,tracking,ok,0,3,imu,0.0000,-0.0157,-1.21,15.04,v:m/s;w:rad/s;arm:deg
BAG,1791436700.2767,613,1,0.0016,-0.0028,0.432,tracking,ok,0,3,imu,0.0000,-0.0157,-1.21,15.04,v:m/s;w:rad/s;arm:deg
BAG,1791436700.3181,613,1,0.0016,-0.0028,0.432,tracking,ok,0,3,imu,0.0000,-0.0157,-1.21,15.04,v:m/s;w:rad/s;arm:deg
BAG,1791436700.3609,614,1,0.0172,-0.0333,0.467,tracking,ok,0,3,imu,0.0491,-0.0165,-1.27,15.91,v:m/s;w:rad/s;arm:deg
BAG,1791436700.3807,614,1,0.0172,-0.0333,0.467,tracking,ok,0,3,imu,0.0491,-0.0165,-1.27,15.91,v:m/s;w:rad/s;arm:deg
BAG,1791436700.4153,614,1,0.0172,-0.0333,0.467,tracking,ok,0,3,imu,0.0491,-0.0165,-1.27,15.91,v:m/s;w:rad/s;arm:deg
BAG,1791436700.4410,614,1,0.0172,-0.0333,0.467,tracking,ok,0,3,imu,0.0491,-0.0165,-1.27,15.91,v:m/s;w:rad/s;arm:deg
BAG,1791436700.4756,614,1,0.0172,-0.0333,0.467,tracking,ok,0,3,imu,0.0491,-0.0165,-1.27,15.91,v:m/s;w:rad/s;arm:deg
BAG,1791436700.5071,615,1,0.0031,-0.1417,0.478,tracking,ok,0,3,imu,0.0545,-0.0112,-0.89,18.26,v:m/s;w:rad/s;arm:deg
BAG,1791436700.5450,615,1,0.0031,-0.1417,0.478,tracking,ok,0,3,imu,0.0545,-0.0112,-0.89,18.26,v:m/s;w:rad/s;arm:deg
BAG,1791436700.5730,615,1,0.0031,-0.1417,0.478,tracking,ok,0,3,imu,0.0545,-0.0112,-0.89,18.26,v:m/s;w:rad/s;arm:deg
BAG,1791436700.6063,615,1,0.0031,-0.1417,0.478,tracking,ok,0,3,imu,0.0545,-0.0112,-0.89,18.26,v:m/s;w:rad/s;arm:deg
BAG,1791436700.6429,615,1,0.0031,-0.1417,0.478,tracking,ok,0,3,imu,0.0545,-0.0112,-0.89,18.26,v:m/s;w:rad/s;arm:deg
BAG,1791436700.6824,616,1,-0.0125,-0.1556,0.482,tracking,ok,0,3,imu,0.0582,-0.0054,-0.48,18.38,v:m/s;w:rad/s;arm:deg
BAG,1791436700.7117,616,1,-0.0125,-0.1556,0.482,tracking,ok,0,3,imu,0.0582,-0.0054,-0.48,18.38,v:m/s;w:rad/s;arm:deg
BAG,1791436700.7519,616,1,-0.0125,-0.1556,0.482,tracking,ok,0,3,imu,0.0582,-0.0054,-0.48,18.38,v:m/s;w:rad/s;arm:deg
BAG,1791436700.7770,616,1,-0.0125,-0.1556,0.482,tracking,ok,0,3,imu,0.0582,-0.0054,-0.48,18.38,v:m/s;w:rad/s;arm:deg
BAG,1791436700.8116,616,1,-0.0125,-0.1556,0.482,tracking,ok,0,3,imu,0.0582,-0.0054,-0.48,18.38,v:m/s;w:rad/s;arm:deg
BAG,1791436700.8491,617,1,-0.0219,-0.1222,0.482,tracking,ok,0,3,imu,0.0584,-0.0030,-0.31,18.19,v:m/s;w:rad/s;arm:deg
BAG,1791436700.8733,617,1,-0.0219,-0.1222,0.482,tracking,ok,0,3,imu,0.0584,-0.0030,-0.31,18.19,v:m/s;w:rad/s;arm:deg
BAG,1791436700.9075,617,1,-0.0219,-0.1222,0.482,tracking,ok,0,3,imu,0.0584,-0.0030,-0.31,18.19,v:m/s;w:rad/s;arm:deg
BAG,1791436700.9446,617,1,-0.0219,-0.1222,0.482,tracking,ok,0,3,imu,0.0584,-0.0030,-0.31,18.19,v:m/s;w:rad/s;arm:deg
BAG,1791436700.9726,617,1,-0.0219,-0.1222,0.482,tracking,ok,0,3,imu,0.0584,-0.0030,-0.31,18.19,v:m/s;w:rad/s;arm:deg
BAG,1791436701.0132,618,1,-0.0172,-0.0333,0.478,tracking,ok,0,3,imu,0.0532,-0.0018,-0.22,18.56,v:m/s;w:rad/s;arm:deg
BAG,1791436701.0424,618,1,-0.0172,-0.0333,0.478,tracking,ok,0,3,imu,0.0532,-0.0018,-0.22,18.56,v:m/s;w:rad/s;arm:deg
BAG,1791436701.0914,618,1,-0.0172,-0.0333,0.478,tracking,ok,0,3,imu,0.0532,-0.0018,-0.22,18.56,v:m/s;w:rad/s;arm:deg
BAG,1791436701.1127,618,1,-0.0172,-0.0333,0.478,tracking,ok,0,3,imu,0.0532,-0.0018,-0.22,18.56,v:m/s;w:rad/s;arm:deg
BAG,1791436701.1489,619,1,-0.0094,-0.0444,0.470,tracking,ok,0,3,imu,0.0439,-0.0007,-0.14,19.21,v:m/s;w:rad/s;arm:deg
BAG,1791436701.1815,619,1,-0.0094,-0.0444,0.470,tracking,ok,0,3,imu,0.0439,-0.0007,-0.14,19.21,v:m/s;w:rad/s;arm:deg
BAG,1791436701.2100,619,1,-0.0094,-0.0444,0.470,tracking,ok,0,3,imu,0.0439,-0.0007,-0.14,19.21,v:m/s;w:rad/s;arm:deg
BAG,1791436701.2388,619,1,-0.0094,-0.0444,0.470,tracking,ok,0,3,imu,0.0439,-0.0007,-0.14,19.21,v:m/s;w:rad/s;arm:deg
BAG,1791436701.2761,619,1,-0.0094,-0.0444,0.470,tracking,ok,0,3,imu,0.0439,-0.0007,-0.14,19.21,v:m/s;w:rad/s;arm:deg
BAG,1791436701.3106,620,1,-0.0156,-0.0528,0.462,tracking,ok,0,3,imu,0.0359,0.0022,0.06,19.39,v:m/s;w:rad/s;arm:deg
BAG,1791436701.3569,620,1,-0.0156,-0.0528,0.462,tracking,ok,0,3,imu,0.0359,0.0022,0.06,19.39,v:m/s;w:rad/s;arm:deg
BAG,1791436701.3741,620,1,-0.0156,-0.0528,0.462,tracking,ok,0,3,imu,0.0359,0.0022,0.06,19.39,v:m/s;w:rad/s;arm:deg
BAG,1791436701.4148,620,1,-0.0156,-0.0528,0.462,tracking,ok,0,3,imu,0.0359,0.0022,0.06,19.39,v:m/s;w:rad/s;arm:deg
BAG,1791436701.4457,620,1,-0.0156,-0.0528,0.462,tracking,ok,0,3,imu,0.0359,0.0022,0.06,19.39,v:m/s;w:rad/s;arm:deg
BAG,1791436701.4818,621,1,-0.0281,-0.0667,0.454,tracking,ok,0,3,imu,0.0278,0.0054,0.29,19.64,v:m/s;w:rad/s;arm:deg
BAG,1791436701.5110,621,1,-0.0281,-0.0667,0.454,tracking,ok,0,3,imu,0.0278,0.0054,0.29,19.64,v:m/s;w:rad/s;arm:deg
BAG,1791436701.5474,621,1,-0.0281,-0.0667,0.454,tracking,ok,0,3,imu,0.0278,0.0054,0.29,19.64,v:m/s;w:rad/s;arm:deg
BAG,1791436701.5731,621,1,-0.0281,-0.0667,0.454,tracking,ok,0,3,imu,0.0278,0.0054,0.29,19.64,v:m/s;w:rad/s;arm:deg
BAG,1791436701.6119,621,1,-0.0281,-0.0667,0.454,tracking,ok,0,3,imu,0.0278,0.0054,0.29,19.64,v:m/s;w:rad/s;arm:deg
BAG,1791436701.6475,622,1,-0.0063,-0.0111,0.442,tracking,ok,0,3,imu,0.0000,0.0004,-0.06,19.37,v:m/s;w:rad/s;arm:deg
BAG,1791436701.6881,622,1,-0.0063,-0.0111,0.442,tracking,ok,0,3,imu,0.0000,0.0004,-0.06,19.37,v:m/s;w:rad/s;arm:deg
BAG,1791436701.7088,622,1,-0.0063,-0.0111,0.442,tracking,ok,0,3,imu,0.0000,0.0004,-0.06,19.37,v:m/s;w:rad/s;arm:deg
BAG,1791436701.7458,622,1,-0.0063,-0.0111,0.442,tracking,ok,0,3,imu,0.0000,0.0004,-0.06,19.37,v:m/s;w:rad/s;arm:deg
BAG,1791436701.7789,623,1,0.0172,-0.0028,0.439,tracking,ok,0,3,imu,0.0000,-0.0038,-0.36,19.39,v:m/s;w:rad/s;arm:deg
BAG,1791436701.8095,623,1,0.0172,-0.0028,0.439,tracking,ok,0,3,imu,0.0000,-0.0038,-0.36,19.39,v:m/s;w:rad/s;arm:deg
BAG,1791436701.8455,623,1,0.0172,-0.0028,0.439,tracking,ok,0,3,imu,0.0000,-0.0038,-0.36,19.39,v:m/s;w:rad/s;arm:deg
BAG,1791436701.8846,623,1,0.0172,-0.0028,0.439,tracking,ok,0,3,imu,0.0000,-0.0038,-0.36,19.39,v:m/s;w:rad/s;arm:deg
BAG,1791436701.9178,624,1,0.0391,0.0250,0.433,tracking,ok,0,3,imu,0.0000,-0.0092,-0.75,18.81,v:m/s;w:rad/s;arm:deg
BAG,1791436701.9571,624,1,0.0391,0.0250,0.433,tracking,ok,0,3,imu,0.0000,-0.0092,-0.75,18.81,v:m/s;w:rad/s;arm:deg
BAG,1791436701.9737,624,1,0.0391,0.0250,0.433,tracking,ok,0,3,imu,0.0000,-0.0092,-0.75,18.81,v:m/s;w:rad/s;arm:deg
BAG,1791436702.0056,624,1,0.0391,0.0250,0.433,tracking,ok,0,3,imu,0.0000,-0.0092,-0.75,18.81,v:m/s;w:rad/s;arm:deg
BAG,1791436702.0404,624,1,0.0391,0.0250,0.433,tracking,ok,0,3,imu,0.0000,-0.0092,-0.75,18.81,v:m/s;w:rad/s;arm:deg
BAG,1791436702.0737,624,1,0.0391,0.0250,0.433,tracking,ok,0,3,imu,0.0000,-0.0092,-0.75,18.81,v:m/s;w:rad/s;arm:deg
BAG,1791436702.1077,625,1,0.0391,0.0500,0.431,tracking,ok,0,3,imu,0.0000,-0.0081,-0.67,18.43,v:m/s;w:rad/s;arm:deg
BAG,1791436702.1479,625,1,0.0391,0.0500,0.431,tracking,ok,0,3,imu,0.0000,-0.0081,-0.67,18.43,v:m/s;w:rad/s;arm:deg
BAG,1791436702.1760,625,1,0.0391,0.0500,0.431,tracking,ok,0,3,imu,0.0000,-0.0081,-0.67,18.43,v:m/s;w:rad/s;arm:deg
BAG,1791436702.2081,625,1,0.0391,0.0500,0.431,tracking,ok,0,3,imu,0.0000,-0.0081,-0.67,18.43,v:m/s;w:rad/s;arm:deg
BAG,1791436702.2435,625,1,0.0391,0.0500,0.431,tracking,ok,0,3,imu,0.0000,-0.0081,-0.67,18.43,v:m/s;w:rad/s;arm:deg
BAG,1791436702.2824,626,1,0.0281,0.0500,0.429,tracking,ok,0,3,imu,0.0000,-0.0084,-0.69,18.45,v:m/s;w:rad/s;arm:deg
BAG,1791436702.3106,626,1,0.0281,0.0500,0.429,tracking,ok,0,3,imu,0.0000,-0.0084,-0.69,18.45,v:m/s;w:rad/s;arm:deg
BAG,1791436702.3573,626,1,0.0281,0.0500,0.429,tracking,ok,0,3,imu,0.0000,-0.0084,-0.69,18.45,v:m/s;w:rad/s;arm:deg
BAG,1791436702.3771,626,1,0.0281,0.0500,0.429,tracking,ok,0,3,imu,0.0000,-0.0084,-0.69,18.45,v:m/s;w:rad/s;arm:deg
BAG,1791436702.4077,626,1,0.0281,0.0500,0.429,tracking,ok,0,3,imu,0.0000,-0.0084,-0.69,18.45,v:m/s;w:rad/s;arm:deg
BAG,1791436702.4459,627,1,-0.0078,-0.0333,0.433,tracking,ok,0,3,imu,0.0000,-0.0023,-0.25,19.60,v:m/s;w:rad/s;arm:deg
BAG,1791436702.4761,627,1,-0.0078,-0.0333,0.433,tracking,ok,0,3,imu,0.0000,-0.0023,-0.25,19.60,v:m/s;w:rad/s;arm:deg
BAG,1791436702.5092,627,1,-0.0078,-0.0333,0.433,tracking,ok,0,3,imu,0.0000,-0.0023,-0.25,19.60,v:m/s;w:rad/s;arm:deg
BAG,1791436702.5445,627,1,-0.0078,-0.0333,0.433,tracking,ok,0,3,imu,0.0000,-0.0023,-0.25,19.60,v:m/s;w:rad/s;arm:deg
BAG,1791436702.5737,627,1,-0.0078,-0.0333,0.433,tracking,ok,0,3,imu,0.0000,-0.0023,-0.25,19.60,v:m/s;w:rad/s;arm:deg
BAG,1791436702.6177,628,1,-0.0047,-0.0833,0.432,tracking,ok,0,3,imu,0.0000,-0.0031,-0.31,20.29,v:m/s;w:rad/s;arm:deg
BAG,1791436702.6436,628,1,-0.0047,-0.0833,0.432,tracking,ok,0,3,imu,0.0000,-0.0031,-0.31,20.29,v:m/s;w:rad/s;arm:deg
BAG,1791436702.6776,628,1,-0.0047,-0.0833,0.432,tracking,ok,0,3,imu,0.0000,-0.0031,-0.31,20.29,v:m/s;w:rad/s;arm:deg
BAG,1791436702.7140,628,1,-0.0047,-0.0833,0.432,tracking,ok,0,3,imu,0.0000,-0.0031,-0.31,20.29,v:m/s;w:rad/s;arm:deg
BAG,1791436702.7549,629,1,-0.0063,-0.0778,0.431,tracking,ok,0,3,imu,0.0000,-0.0027,-0.28,20.18,v:m/s;w:rad/s;arm:deg
BAG,1791436702.7811,629,1,-0.0063,-0.0778,0.431,tracking,ok,0,3,imu,0.0000,-0.0027,-0.28,20.18,v:m/s;w:rad/s;arm:deg
BAG,1791436702.8079,629,1,-0.0063,-0.0778,0.431,tracking,ok,0,3,imu,0.0000,-0.0027,-0.28,20.18,v:m/s;w:rad/s;arm:deg
BAG,1791436702.8423,629,1,-0.0063,-0.0778,0.431,tracking,ok,0,3,imu,0.0000,-0.0027,-0.28,20.18,v:m/s;w:rad/s;arm:deg
BAG,1791436702.8783,629,1,-0.0063,-0.0778,0.431,tracking,ok,0,3,imu,0.0000,-0.0027,-0.28,20.18,v:m/s;w:rad/s;arm:deg
BAG,1791436702.9112,630,1,-0.0141,-0.0083,0.430,tracking,ok,0,3,imu,0.0000,0.0007,-0.04,19.27,v:m/s;w:rad/s;arm:deg
BAG,1791436702.9536,630,1,-0.0141,-0.0083,0.430,tracking,ok,0,3,imu,0.0000,0.0007,-0.04,19.27,v:m/s;w:rad/s;arm:deg
BAG,1791436702.9800,630,1,-0.0141,-0.0083,0.430,tracking,ok,0,3,imu,0.0000,0.0007,-0.04,19.27,v:m/s;w:rad/s;arm:deg
BAG,1791436703.0074,630,1,-0.0141,-0.0083,0.430,tracking,ok,0,3,imu,0.0000,0.0007,-0.04,19.27,v:m/s;w:rad/s;arm:deg
BAG,1791436703.0403,630,1,-0.0141,-0.0083,0.430,tracking,ok,0,3,imu,0.0000,0.0007,-0.04,19.27,v:m/s;w:rad/s;arm:deg
BAG,1791436703.0738,630,1,-0.0141,-0.0083,0.430,tracking,ok,0,3,imu,0.0000,0.0007,-0.04,19.27,v:m/s;w:rad/s;arm:deg
BAG,1791436703.1131,631,1,-0.0172,0.0111,0.431,tracking,ok,0,3,imu,0.0000,0.0026,0.09,19.16,v:m/s;w:rad/s;arm:deg
BAG,1791436703.1491,631,1,-0.0172,0.0111,0.431,tracking,ok,0,3,imu,0.0000,0.0026,0.09,19.16,v:m/s;w:rad/s;arm:deg
BAG,1791436703.1722,631,1,-0.0172,0.0111,0.431,tracking,ok,0,3,imu,0.0000,0.0026,0.09,19.16,v:m/s;w:rad/s;arm:deg
BAG,1791436703.2099,631,1,-0.0172,0.0111,0.431,tracking,ok,0,3,imu,0.0000,0.0026,0.09,19.16,v:m/s;w:rad/s;arm:deg
BAG,1791436703.2477,632,1,-0.0219,0.0222,0.431,tracking,ok,0,3,imu,0.0000,0.0037,0.18,19.00,v:m/s;w:rad/s;arm:deg
BAG,1791436703.2800,632,1,-0.0219,0.0222,0.431,tracking,ok,0,3,imu,0.0000,0.0037,0.18,19.00,v:m/s;w:rad/s;arm:deg
BAG,1791436703.3144,632,1,-0.0219,0.0222,0.431,tracking,ok,0,3,imu,0.0000,0.0037,0.18,19.00,v:m/s;w:rad/s;arm:deg
BAG,1791436703.3536,632,1,-0.0219,0.0222,0.431,tracking,ok,0,3,imu,0.0000,0.0037,0.18,19.00,v:m/s;w:rad/s;arm:deg
BAG,1791436703.3773,632,1,-0.0219,0.0222,0.431,tracking,ok,0,3,imu,0.0000,0.0037,0.18,19.00,v:m/s;w:rad/s;arm:deg
BAG,1791436703.4101,633,1,-0.0219,0.0222,0.427,tracking,ok,0,3,imu,0.0000,0.0056,0.31,18.87,v:m/s;w:rad/s;arm:deg
BAG,1791436703.4421,633,1,-0.0219,0.0222,0.427,tracking,ok,0,3,imu,0.0000,0.0056,0.31,18.87,v:m/s;w:rad/s;arm:deg
BAG,1791436703.4751,633,1,-0.0219,0.0222,0.427,tracking,ok,0,3,imu,0.0000,0.0056,0.31,18.87,v:m/s;w:rad/s;arm:deg
BAG,1791436703.5108,633,1,-0.0219,0.0222,0.427,tracking,ok,0,3,imu,0.0000,0.0056,0.31,18.87,v:m/s;w:rad/s;arm:deg
BAG,1791436703.5479,633,1,-0.0219,0.0222,0.427,tracking,ok,0,3,imu,0.0000,0.0056,0.31,18.87,v:m/s;w:rad/s;arm:deg
BAG,1791436703.5868,634,1,-0.0203,0.0167,0.427,tracking,ok,0,3,imu,0.0000,0.0052,0.28,18.98,v:m/s;w:rad/s;arm:deg
BAG,1791436703.6133,634,1,-0.0203,0.0167,0.427,tracking,ok,0,3,imu,0.0000,0.0052,0.28,18.98,v:m/s;w:rad/s;arm:deg
BAG,1791436703.6448,634,1,-0.0203,0.0167,0.427,tracking,ok,0,3,imu,0.0000,0.0052,0.28,18.98,v:m/s;w:rad/s;arm:deg
BAG,1791436703.6748,634,1,-0.0203,0.0167,0.427,tracking,ok,0,3,imu,0.0000,0.0052,0.28,18.98,v:m/s;w:rad/s;arm:deg
BAG,1791436703.7075,634,1,-0.0203,0.0167,0.427,tracking,ok,0,3,imu,0.0000,0.0052,0.28,18.98,v:m/s;w:rad/s;arm:deg
BAG,1791436703.7580,635,1,-0.0297,0.0222,0.421,tracking,ok,0,3,imu,0.0000,0.0088,0.54,18.60,v:m/s;w:rad/s;arm:deg
BAG,1791436703.7859,635,1,-0.0297,0.0222,0.421,tracking,ok,0,3,imu,0.0000,0.0088,0.54,18.60,v:m/s;w:rad/s;arm:deg
BAG,1791436703.8104,635,1,-0.0297,0.0222,0.421,tracking,ok,0,3,imu,0.0000,0.0088,0.54,18.60,v:m/s;w:rad/s;arm:deg
BAG,1791436703.8423,635,1,-0.0297,0.0222,0.421,tracking,ok,0,3,imu,0.0000,0.0088,0.54,18.60,v:m/s;w:rad/s;arm:deg
BAG,1791436703.8764,635,1,-0.0297,0.0222,0.421,tracking,ok,0,3,imu,0.0000,0.0088,0.54,18.60,v:m/s;w:rad/s;arm:deg
BAG,1791436703.9112,636,1,-0.0344,0.0250,0.421,tracking,ok,0,3,imu,0.0000,0.0100,0.62,18.54,v:m/s;w:rad/s;arm:deg
BAG,1791436703.9493,636,1,-0.0344,0.0250,0.421,tracking,ok,0,3,imu,0.0000,0.0100,0.62,18.54,v:m/s;w:rad/s;arm:deg
BAG,1791436703.9741,636,1,-0.0344,0.0250,0.421,tracking,ok,0,3,imu,0.0000,0.0100,0.62,18.54,v:m/s;w:rad/s;arm:deg
BAG,1791436704.0074,636,1,-0.0344,0.0250,0.421,tracking,ok,0,3,imu,0.0000,0.0100,0.62,18.54,v:m/s;w:rad/s;arm:deg
BAG,1791436704.0494,636,1,-0.0344,0.0250,0.421,tracking,ok,0,3,imu,0.0000,0.0100,0.62,18.54,v:m/s;w:rad/s;arm:deg
BAG,1791436704.0805,636,1,-0.0344,0.0250,0.421,tracking,ok,0,3,imu,0.0000,0.0100,0.62,18.54,v:m/s;w:rad/s;arm:deg
BAG,1791436704.1132,637,1,0.0063,0.0389,0.426,tracking,ok,0,3,imu,0.0000,0.0009,-0.03,18.17,v:m/s;w:rad/s;arm:deg
BAG,1791436704.1480,637,1,0.0063,0.0389,0.426,tracking,ok,0,3,imu,0.0000,0.0009,-0.03,18.17,v:m/s;w:rad/s;arm:deg
BAG,1791436704.1801,637,1,0.0063,0.0389,0.426,tracking,ok,0,3,imu,0.0000,0.0009,-0.03,18.17,v:m/s;w:rad/s;arm:deg
BAG,1791436704.2125,637,1,0.0063,0.0389,0.426,tracking,ok,0,3,imu,0.0000,0.0009,-0.03,18.17,v:m/s;w:rad/s;arm:deg
BAG,1791436704.2469,638,1,0.0375,0.0194,0.430,tracking,ok,0,3,imu,0.0000,-0.0058,-0.51,18.26,v:m/s;w:rad/s;arm:deg
BAG,1791436704.2769,638,1,0.0375,0.0194,0.430,tracking,ok,0,3,imu,0.0000,-0.0058,-0.51,18.26,v:m/s;w:rad/s;arm:deg
BAG,1791436704.3075,638,1,0.0375,0.0194,0.430,tracking,ok,0,3,imu,0.0000,-0.0058,-0.51,18.26,v:m/s;w:rad/s;arm:deg
BAG,1791436704.3524,638,1,0.0375,0.0194,0.430,tracking,ok,0,3,imu,0.0000,-0.0058,-0.51,18.26,v:m/s;w:rad/s;arm:deg
BAG,1791436704.3783,638,1,0.0375,0.0194,0.430,tracking,ok,0,3,imu,0.0000,-0.0058,-0.51,18.26,v:m/s;w:rad/s;arm:deg
BAG,1791436704.4196,639,1,0.0406,0.0139,0.431,tracking,ok,0,3,imu,0.0000,-0.0069,-0.59,18.38,v:m/s;w:rad/s;arm:deg
BAG,1791436704.4449,639,1,0.0406,0.0139,0.431,tracking,ok,0,3,imu,0.0000,-0.0069,-0.59,18.38,v:m/s;w:rad/s;arm:deg
BAG,1791436704.4772,639,1,0.0406,0.0139,0.431,tracking,ok,0,3,imu,0.0000,-0.0069,-0.59,18.38,v:m/s;w:rad/s;arm:deg
BAG,1791436704.5070,639,1,0.0406,0.0139,0.431,tracking,ok,0,3,imu,0.0000,-0.0069,-0.59,18.38,v:m/s;w:rad/s;arm:deg
BAG,1791436704.5439,639,1,0.0406,0.0139,0.431,tracking,ok,0,3,imu,0.0000,-0.0069,-0.59,18.38,v:m/s;w:rad/s;arm:deg
BAG,1791436704.5737,640,1,0.0281,0.0583,0.433,tracking,ok,0,3,imu,0.0000,-0.0032,-0.32,17.41,v:m/s;w:rad/s;arm:deg
BAG,1791436704.6089,640,1,0.0281,0.0583,0.433,tracking,ok,0,3,imu,0.0000,-0.0032,-0.32,17.41,v:m/s;w:rad/s;arm:deg
BAG,1791436704.6416,640,1,0.0281,0.0583,0.433,tracking,ok,0,3,imu,0.0000,-0.0032,-0.32,17.41,v:m/s;w:rad/s;arm:deg
BAG,1791436704.6733,640,1,0.0281,0.0583,0.433,tracking,ok,0,3,imu,0.0000,-0.0032,-0.32,17.41,v:m/s;w:rad/s;arm:deg
BAG,1791436704.7071,640,1,0.0281,0.0583,0.433,tracking,ok,0,3,imu,0.0000,-0.0032,-0.32,17.41,v:m/s;w:rad/s;arm:deg
BAG,1791436704.7458,641,1,-0.0250,0.4167,0.420,tracking,ok,0,3,imu,0.0000,0.0030,0.12,9.53,v:m/s;w:rad/s;arm:deg
BAG,1791436704.7801,641,1,-0.0250,0.4167,0.420,tracking,ok,0,3,imu,0.0000,0.0030,0.12,9.53,v:m/s;w:rad/s;arm:deg
BAG,1791436704.8100,641,1,-0.0250,0.4167,0.420,tracking,ok,0,3,imu,0.0000,0.0030,0.12,9.53,v:m/s;w:rad/s;arm:deg
BAG,1791436704.8417,641,1,-0.0250,0.4167,0.420,tracking,ok,0,3,imu,0.0000,0.0030,0.12,9.53,v:m/s;w:rad/s;arm:deg
BAG,1791436704.8758,641,1,-0.0250,0.4167,0.420,tracking,ok,0,3,imu,0.0000,0.0030,0.12,9.53,v:m/s;w:rad/s;arm:deg
BAG,1791436704.9086,641,1,-0.0250,0.4167,0.420,tracking,ok,0,3,imu,0.0000,0.0030,0.12,9.53,v:m/s;w:rad/s;arm:deg
BAG,1791436704.9454,642,1,-0.0172,0.4500,0.418,tracking,ok,0,3,imu,0.0000,0.0011,-0.01,8.83,v:m/s;w:rad/s;arm:deg
BAG,1791436704.9856,642,1,-0.0172,0.4500,0.418,tracking,ok,0,3,imu,0.0000,0.0011,-0.01,8.83,v:m/s;w:rad/s;arm:deg
BAG,1791436705.0096,642,1,-0.0172,0.4500,0.418,tracking,ok,0,3,imu,0.0000,0.0011,-0.01,8.83,v:m/s;w:rad/s;arm:deg
BAG,1791436705.0564,642,1,-0.0172,0.4500,0.418,tracking,ok,0,3,imu,0.0000,0.0011,-0.01,8.83,v:m/s;w:rad/s;arm:deg
BAG,1791436705.0837,642,1,-0.0172,0.4500,0.418,tracking,ok,0,3,imu,0.0000,0.0011,-0.01,8.83,v:m/s;w:rad/s;arm:deg
BAG,1791436705.1116,643,1,0.0406,0.6306,0.412,tracking,ok,0,3,imu,0.0222,-0.0120,-0.95,4.29,v:m/s;w:rad/s;arm:deg
BAG,1791436705.1514,643,1,0.0406,0.6306,0.412,tracking,ok,0,3,imu,0.0222,-0.0120,-0.95,4.29,v:m/s;w:rad/s;arm:deg
BAG,1791436705.1783,643,1,0.0406,0.6306,0.412,tracking,ok,0,3,imu,0.0222,-0.0120,-0.95,4.29,v:m/s;w:rad/s;arm:deg
BAG,1791436705.2086,643,1,0.0406,0.6306,0.412,tracking,ok,0,3,imu,0.0222,-0.0120,-0.95,4.29,v:m/s;w:rad/s;arm:deg
BAG,1791436705.2420,643,1,0.0406,0.6306,0.412,tracking,ok,0,3,imu,0.0222,-0.0120,-0.95,4.29,v:m/s;w:rad/s;arm:deg
BAG,1791436705.2773,644,1,0.0766,0.7889,0.425,tracking,ok,0,3,imu,0.0405,-0.0172,-1.32,-6.98,v:m/s;w:rad/s;arm:deg
BAG,1791436705.3130,644,1,0.0766,0.7889,0.425,tracking,ok,0,3,imu,0.0405,-0.0172,-1.32,-6.98,v:m/s;w:rad/s;arm:deg
BAG,1791436705.3502,644,1,0.0766,0.7889,0.425,tracking,ok,0,3,imu,0.0405,-0.0172,-1.32,-6.98,v:m/s;w:rad/s;arm:deg
BAG,1791436705.3834,644,1,0.0766,0.7889,0.425,tracking,ok,0,3,imu,0.0405,-0.0172,-1.32,-6.98,v:m/s;w:rad/s;arm:deg
BAG,1791436705.4129,644,1,0.0766,0.7889,0.425,tracking,ok,0,3,imu,0.0405,-0.0172,-1.32,-6.98,v:m/s;w:rad/s;arm:deg
BAG,1791436705.4536,645,1,0.0781,0.8389,0.427,tracking,ok,0,3,imu,0.0436,-0.0175,-1.34,-8.44,v:m/s;w:rad/s;arm:deg
BAG,1791436705.4787,645,1,0.0781,0.8389,0.427,tracking,ok,0,3,imu,0.0436,-0.0175,-1.34,-8.44,v:m/s;w:rad/s;arm:deg
BAG,1791436705.5117,645,1,0.0781,0.8389,0.427,tracking,ok,0,3,imu,0.0436,-0.0175,-1.34,-8.44,v:m/s;w:rad/s;arm:deg
BAG,1791436705.5481,645,1,0.0781,0.8389,0.427,tracking,ok,0,3,imu,0.0436,-0.0175,-1.34,-8.44,v:m/s;w:rad/s;arm:deg
BAG,1791436705.5746,645,1,0.0781,0.8389,0.427,tracking,ok,0,3,imu,0.0436,-0.0175,-1.34,-8.44,v:m/s;w:rad/s;arm:deg
BAG,1791436705.6146,646,1,0.0672,0.8944,0.456,tracking,ok,0,3,imu,0.0674,-0.0219,-1.66,-14.12,v:m/s;w:rad/s;arm:deg
BAG,1791436705.6432,646,1,0.0672,0.8944,0.456,tracking,ok,0,3,imu,0.0674,-0.0219,-1.66,-14.12,v:m/s;w:rad/s;arm:deg
BAG,1791436705.6775,646,1,0.0672,0.8944,0.456,tracking,ok,0,3,imu,0.0674,-0.0219,-1.66,-14.12,v:m/s;w:rad/s;arm:deg
BAG,1791436705.7136,646,1,0.0672,0.8944,0.456,tracking,ok,0,3,imu,0.0674,-0.0219,-1.66,-14.12,v:m/s;w:rad/s;arm:deg
BAG,1791436705.7591,647,1,0.0625,0.7111,0.470,tracking,ok,0,3,imu,0.0703,-0.0230,-1.74,-14.88,v:m/s;w:rad/s;arm:deg
BAG,1791436705.7926,647,1,0.0625,0.7111,0.470,tracking,ok,0,3,imu,0.0703,-0.0230,-1.74,-14.88,v:m/s;w:rad/s;arm:deg
BAG,1791436705.8114,647,1,0.0625,0.7111,0.470,tracking,ok,0,3,imu,0.0703,-0.0230,-1.74,-14.88,v:m/s;w:rad/s;arm:deg
BAG,1791436705.8443,647,1,0.0625,0.7111,0.470,tracking,ok,0,3,imu,0.0703,-0.0230,-1.74,-14.88,v:m/s;w:rad/s;arm:deg
BAG,1791436705.8747,647,1,0.0625,0.7111,0.470,tracking,ok,0,3,imu,0.0703,-0.0230,-1.74,-14.88,v:m/s;w:rad/s;arm:deg
BAG,1791436705.9117,648,1,0.0547,0.5750,0.478,tracking,ok,0,3,imu,0.0615,-0.0216,-1.64,-19.32,v:m/s;w:rad/s;arm:deg
BAG,1791436705.9445,648,1,0.0547,0.5750,0.478,tracking,ok,0,3,imu,0.0615,-0.0216,-1.64,-19.32,v:m/s;w:rad/s;arm:deg
BAG,1791436705.9819,648,1,0.0547,0.5750,0.478,tracking,ok,0,3,imu,0.0615,-0.0216,-1.64,-19.32,v:m/s;w:rad/s;arm:deg
BAG,1791436706.0074,648,1,0.0547,0.5750,0.478,tracking,ok,0,3,imu,0.0615,-0.0216,-1.64,-19.32,v:m/s;w:rad/s;arm:deg
BAG,1791436706.0500,648,1,0.0547,0.5750,0.478,tracking,ok,0,3,imu,0.0615,-0.0216,-1.64,-19.32,v:m/s;w:rad/s;arm:deg
BAG,1791436706.0756,648,1,0.0547,0.5750,0.478,tracking,ok,0,3,imu,0.0615,-0.0216,-1.64,-19.32,v:m/s;w:rad/s;arm:deg
BAG,1791436706.1124,649,1,0.0500,0.5667,0.485,tracking,ok,0,3,imu,0.0612,-0.0224,-1.69,-21.51,v:m/s;w:rad/s;arm:deg
BAG,1791436706.1596,649,1,0.0500,0.5667,0.485,tracking,ok,0,3,imu,0.0612,-0.0224,-1.69,-21.51,v:m/s;w:rad/s;arm:deg
BAG,1791436706.1920,649,1,0.0500,0.5667,0.485,tracking,ok,0,3,imu,0.0612,-0.0224,-1.69,-21.51,v:m/s;w:rad/s;arm:deg
BAG,1791436706.2169,649,1,0.0500,0.5667,0.485,tracking,ok,0,3,imu,0.0612,-0.0224,-1.69,-21.51,v:m/s;w:rad/s;arm:deg
BAG,1791436706.2470,650,1,0.0781,0.5167,0.494,tracking,ok,0,3,imu,0.0580,-0.0307,-2.29,-24.51,v:m/s;w:rad/s;arm:deg
BAG,1791436706.2746,650,1,0.0781,0.5167,0.494,tracking,ok,0,3,imu,0.0580,-0.0307,-2.29,-24.51,v:m/s;w:rad/s;arm:deg
BAG,1791436706.3149,650,1,0.0781,0.5167,0.494,tracking,ok,0,3,imu,0.0580,-0.0307,-2.29,-24.51,v:m/s;w:rad/s;arm:deg
BAG,1791436706.3456,650,1,0.0781,0.5167,0.494,tracking,ok,0,3,imu,0.0580,-0.0307,-2.29,-24.51,v:m/s;w:rad/s;arm:deg
BAG,1791436706.3767,650,1,0.0781,0.5167,0.494,tracking,ok,0,3,imu,0.0580,-0.0307,-2.29,-24.51,v:m/s;w:rad/s;arm:deg
BAG,1791436706.4075,651,1,0.0891,0.5167,0.493,tracking,ok,0,3,imu,0.0539,-0.0344,-2.55,-25.39,v:m/s;w:rad/s;arm:deg
BAG,1791436706.4451,651,1,0.0891,0.5167,0.493,tracking,ok,0,3,imu,0.0539,-0.0344,-2.55,-25.39,v:m/s;w:rad/s;arm:deg
BAG,1791436706.4761,651,1,0.0891,0.5167,0.493,tracking,ok,0,3,imu,0.0539,-0.0344,-2.55,-25.39,v:m/s;w:rad/s;arm:deg
BAG,1791436706.5087,651,1,0.0891,0.5167,0.493,tracking,ok,0,3,imu,0.0539,-0.0344,-2.55,-25.39,v:m/s;w:rad/s;arm:deg
BAG,1791436706.5515,652,1,0.0828,0.3139,0.486,tracking,ok,0,3,imu,0.0405,-0.0331,-2.46,-25.89,v:m/s;w:rad/s;arm:deg
BAG,1791436706.5735,652,1,0.0828,0.3139,0.486,tracking,ok,0,3,imu,0.0405,-0.0331,-2.46,-25.89,v:m/s;w:rad/s;arm:deg
BAG,1791436706.6084,652,1,0.0828,0.3139,0.486,tracking,ok,0,3,imu,0.0405,-0.0331,-2.46,-25.89,v:m/s;w:rad/s;arm:deg
BAG,1791436706.6464,652,1,0.0828,0.3139,0.486,tracking,ok,0,3,imu,0.0405,-0.0331,-2.46,-25.89,v:m/s;w:rad/s;arm:deg
BAG,1791436706.6741,652,1,0.0828,0.3139,0.486,tracking,ok,0,3,imu,0.0405,-0.0331,-2.46,-25.89,v:m/s;w:rad/s;arm:deg
BAG,1791436706.7145,653,1,0.0609,0.1417,0.474,tracking,ok,0,3,imu,0.0272,-0.0299,-2.23,-25.90,v:m/s;w:rad/s;arm:deg
BAG,1791436706.7583,653,1,0.0609,0.1417,0.474,tracking,ok,0,3,imu,0.0272,-0.0299,-2.23,-25.90,v:m/s;w:rad/s;arm:deg
BAG,1791436706.7791,653,1,0.0609,0.1417,0.474,tracking,ok,0,3,imu,0.0272,-0.0299,-2.23,-25.90,v:m/s;w:rad/s;arm:deg
BAG,1791436706.8090,653,1,0.0609,0.1417,0.474,tracking,ok,0,3,imu,0.0272,-0.0299,-2.23,-25.90,v:m/s;w:rad/s;arm:deg
BAG,1791436706.8436,653,1,0.0609,0.1417,0.474,tracking,ok,0,3,imu,0.0272,-0.0299,-2.23,-25.90,v:m/s;w:rad/s;arm:deg
BAG,1791436706.8892,654,1,0.0484,0.0944,0.465,tracking,ok,0,3,imu,0.0000,-0.0588,-2.12,-26.63,v:m/s;w:rad/s;arm:deg
BAG,1791436706.9161,654,1,0.0484,0.0944,0.465,tracking,ok,0,3,imu,0.0000,-0.0588,-2.12,-26.63,v:m/s;w:rad/s;arm:deg
BAG,1791436706.9596,654,1,0.0484,0.0944,0.465,tracking,ok,0,3,imu,0.0000,-0.0588,-2.12,-26.63,v:m/s;w:rad/s;arm:deg
BAG,1791436706.9827,654,1,0.0484,0.0944,0.465,tracking,ok,0,3,imu,0.0000,-0.0588,-2.12,-26.63,v:m/s;w:rad/s;arm:deg
BAG,1791436707.0152,654,1,0.0484,0.0944,0.465,tracking,ok,0,3,imu,0.0000,-0.0588,-2.12,-26.63,v:m/s;w:rad/s;arm:deg
BAG,1791436707.0492,655,1,0.0453,0.0833,0.462,tracking,ok,0,3,imu,0.0000,-0.0599,-2.15,-26.96,v:m/s;w:rad/s;arm:deg
BAG,1791436707.0815,655,1,0.0453,0.0833,0.462,tracking,ok,0,3,imu,0.0000,-0.0599,-2.15,-26.96,v:m/s;w:rad/s;arm:deg
BAG,1791436707.1110,655,1,0.0453,0.0833,0.462,tracking,ok,0,3,imu,0.0000,-0.0599,-2.15,-26.96,v:m/s;w:rad/s;arm:deg
BAG,1791436707.1550,655,1,0.0453,0.0833,0.462,tracking,ok,0,3,imu,0.0000,-0.0599,-2.15,-26.96,v:m/s;w:rad/s;arm:deg
BAG,1791436707.1858,656,1,0.0406,0.0806,0.450,tracking,ok,0,3,imu,0.0000,-0.0548,-1.98,-27.52,v:m/s;w:rad/s;arm:deg
BAG,1791436707.2163,656,1,0.0406,0.0806,0.450,tracking,ok,0,3,imu,0.0000,-0.0548,-1.98,-27.52,v:m/s;w:rad/s;arm:deg
BAG,1791436707.2537,656,1,0.0406,0.0806,0.450,tracking,ok,0,3,imu,0.0000,-0.0548,-1.98,-27.52,v:m/s;w:rad/s;arm:deg
BAG,1791436707.2819,656,1,0.0406,0.0806,0.450,tracking,ok,0,3,imu,0.0000,-0.0548,-1.98,-27.52,v:m/s;w:rad/s;arm:deg
BAG,1791436707.3141,656,1,0.0406,0.0806,0.450,tracking,ok,0,3,imu,0.0000,-0.0548,-1.98,-27.52,v:m/s;w:rad/s;arm:deg
BAG,1791436707.3602,657,1,0.0391,0.0833,0.450,tracking,ok,0,3,imu,0.0000,-0.0540,-1.95,-27.58,v:m/s;w:rad/s;arm:deg
BAG,1791436707.3808,657,1,0.0391,0.0833,0.450,tracking,ok,0,3,imu,0.0000,-0.0540,-1.95,-27.58,v:m/s;w:rad/s;arm:deg
BAG,1791436707.4145,657,1,0.0391,0.0833,0.450,tracking,ok,0,3,imu,0.0000,-0.0540,-1.95,-27.58,v:m/s;w:rad/s;arm:deg
BAG,1791436707.4418,657,1,0.0391,0.0833,0.450,tracking,ok,0,3,imu,0.0000,-0.0540,-1.95,-27.58,v:m/s;w:rad/s;arm:deg
BAG,1791436707.4797,657,1,0.0391,0.0833,0.450,tracking,ok,0,3,imu,0.0000,-0.0540,-1.95,-27.58,v:m/s;w:rad/s;arm:deg
BAG,1791436707.5094,658,1,0.0297,0.0556,0.447,tracking,ok,0,3,imu,0.0000,-0.0474,-1.72,-27.79,v:m/s;w:rad/s;arm:deg
BAG,1791436707.5510,658,1,0.0297,0.0556,0.447,tracking,ok,0,3,imu,0.0000,-0.0474,-1.72,-27.79,v:m/s;w:rad/s;arm:deg
BAG,1791436707.5771,658,1,0.0297,0.0556,0.447,tracking,ok,0,3,imu,0.0000,-0.0474,-1.72,-27.79,v:m/s;w:rad/s;arm:deg
BAG,1791436707.6080,658,1,0.0297,0.0556,0.447,tracking,ok,0,3,imu,0.0000,-0.0474,-1.72,-27.79,v:m/s;w:rad/s;arm:deg
BAG,1791436707.6461,658,1,0.0297,0.0556,0.447,tracking,ok,0,3,imu,0.0000,-0.0474,-1.72,-27.79,v:m/s;w:rad/s;arm:deg
BAG,1791436707.6795,658,1,0.0297,0.0556,0.447,tracking,ok,0,3,imu,0.0000,-0.0474,-1.72,-27.79,v:m/s;w:rad/s;arm:deg
BAG,1791436707.7132,659,1,0.0109,0.0194,0.444,tracking,ok,0,3,imu,0.0000,-0.0165,-1.27,-27.80,v:m/s;w:rad/s;arm:deg
BAG,1791436707.7489,659,1,0.0109,0.0194,0.444,tracking,ok,0,3,imu,0.0000,-0.0165,-1.27,-27.80,v:m/s;w:rad/s;arm:deg
BAG,1791436707.7762,659,1,0.0109,0.0194,0.444,tracking,ok,0,3,imu,0.0000,-0.0165,-1.27,-27.80,v:m/s;w:rad/s;arm:deg
BAG,1791436707.8087,659,1,0.0109,0.0194,0.444,tracking,ok,0,3,imu,0.0000,-0.0165,-1.27,-27.80,v:m/s;w:rad/s;arm:deg
BAG,1791436707.8419,659,1,0.0109,0.0194,0.444,tracking,ok,0,3,imu,0.0000,-0.0165,-1.27,-27.80,v:m/s;w:rad/s;arm:deg
BAG,1791436707.8744,659,1,0.0109,0.0194,0.444,tracking,ok,0,3,imu,0.0000,-0.0165,-1.27,-27.80,v:m/s;w:rad/s;arm:deg
BAG,1791436707.9124,659,1,0.0109,0.0194,0.444,tracking,ok,0,3,imu,0.0000,-0.0165,-1.27,-27.80,v:m/s;w:rad/s;arm:deg
BAG,1791436707.9469,660,1,-0.0031,0.0139,0.445,tracking,ok,0,3,imu,0.0000,-0.0126,-0.99,-27.89,v:m/s;w:rad/s;arm:deg
BAG,1791436707.9841,660,1,-0.0031,0.0139,0.445,tracking,ok,0,3,imu,0.0000,-0.0126,-0.99,-27.89,v:m/s;w:rad/s;arm:deg
BAG,1791436708.0093,660,1,-0.0031,0.0139,0.445,tracking,ok,0,3,imu,0.0000,-0.0126,-0.99,-27.89,v:m/s;w:rad/s;arm:deg
BAG,1791436708.0402,660,1,-0.0031,0.0139,0.445,tracking,ok,0,3,imu,0.0000,-0.0126,-0.99,-27.89,v:m/s;w:rad/s;arm:deg
BAG,1791436708.0775,660,1,-0.0031,0.0139,0.445,tracking,ok,0,3,imu,0.0000,-0.0126,-0.99,-27.89,v:m/s;w:rad/s;arm:deg
BAG,1791436708.1127,660,1,-0.0031,0.0139,0.445,tracking,ok,0,3,imu,0.0000,-0.0126,-0.99,-27.89,v:m/s;w:rad/s;arm:deg
BAG,1791436708.1595,661,1,-0.0156,0.0000,0.442,tracking,ok,0,3,imu,0.0000,-0.0080,-0.66,-27.77,v:m/s;w:rad/s;arm:deg
BAG,1791436708.1795,661,1,-0.0156,0.0000,0.442,tracking,ok,0,3,imu,0.0000,-0.0080,-0.66,-27.77,v:m/s;w:rad/s;arm:deg
BAG,1791436708.2082,661,1,-0.0156,0.0000,0.442,tracking,ok,0,3,imu,0.0000,-0.0080,-0.66,-27.77,v:m/s;w:rad/s;arm:deg
BAG,1791436708.2433,661,1,-0.0156,0.0000,0.442,tracking,ok,0,3,imu,0.0000,-0.0080,-0.66,-27.77,v:m/s;w:rad/s;arm:deg
BAG,1791436708.2738,661,1,-0.0156,0.0000,0.442,tracking,ok,0,3,imu,0.0000,-0.0080,-0.66,-27.77,v:m/s;w:rad/s;arm:deg
BAG,1791436708.3083,662,1,-0.0125,-0.0028,0.444,tracking,ok,0,3,imu,0.0000,-0.0052,-0.46,-27.71,v:m/s;w:rad/s;arm:deg
BAG,1791436708.3468,662,1,-0.0125,-0.0028,0.444,tracking,ok,0,3,imu,0.0000,-0.0052,-0.46,-27.71,v:m/s;w:rad/s;arm:deg
BAG,1791436708.3942,662,1,-0.0125,-0.0028,0.444,tracking,ok,0,3,imu,0.0000,-0.0052,-0.46,-27.71,v:m/s;w:rad/s;arm:deg
BAG,1791436708.4131,662,1,-0.0125,-0.0028,0.444,tracking,ok,0,3,imu,0.0000,-0.0052,-0.46,-27.71,v:m/s;w:rad/s;arm:deg
BAG,1791436708.4496,662,1,-0.0125,-0.0028,0.444,tracking,ok,0,3,imu,0.0000,-0.0052,-0.46,-27.71,v:m/s;w:rad/s;arm:deg
BAG,1791436708.4787,663,1,-0.0109,-0.0028,0.443,tracking,ok,0,3,imu,0.0000,-0.0038,-0.36,-27.71,v:m/s;w:rad/s;arm:deg
BAG,1791436708.5136,663,1,-0.0109,-0.0028,0.443,tracking,ok,0,3,imu,0.0000,-0.0038,-0.36,-27.71,v:m/s;w:rad/s;arm:deg
BAG,1791436708.5579,663,1,-0.0109,-0.0028,0.443,tracking,ok,0,3,imu,0.0000,-0.0038,-0.36,-27.71,v:m/s;w:rad/s;arm:deg
BAG,1791436708.5780,663,1,-0.0109,-0.0028,0.443,tracking,ok,0,3,imu,0.0000,-0.0038,-0.36,-27.71,v:m/s;w:rad/s;arm:deg
BAG,1791436708.6058,663,1,-0.0109,-0.0028,0.443,tracking,ok,0,3,imu,0.0000,-0.0038,-0.36,-27.71,v:m/s;w:rad/s;arm:deg
BAG,1791436708.6452,664,1,-0.0125,-0.0028,0.443,tracking,ok,0,3,imu,0.0000,-0.0033,-0.33,-27.71,v:m/s;w:rad/s;arm:deg
BAG,1791436708.6741,664,1,-0.0125,-0.0028,0.443,tracking,ok,0,3,imu,0.0000,-0.0033,-0.33,-27.71,v:m/s;w:rad/s;arm:deg
BAG,1791436708.7078,664,1,-0.0125,-0.0028,0.443,tracking,ok,0,3,imu,0.0000,-0.0033,-0.33,-27.71,v:m/s;w:rad/s;arm:deg
BAG,1791436708.7669,664,1,-0.0125,-0.0028,0.443,tracking,ok,0,3,imu,0.0000,-0.0033,-0.33,-27.71,v:m/s;w:rad/s;arm:deg
BAG,1791436708.7806,664,1,-0.0125,-0.0028,0.443,tracking,ok,0,3,imu,0.0000,-0.0033,-0.33,-27.71,v:m/s;w:rad/s;arm:deg
BAG,1791436708.8085,665,1,-0.0047,0.0000,0.444,tracking,ok,0,3,imu,0.0000,-0.0031,-0.31,-27.77,v:m/s;w:rad/s;arm:deg
BAG,1791436708.8865,665,1,-0.0047,0.0000,0.444,tracking,ok,0,3,imu,0.0000,-0.0031,-0.31,-27.77,v:m/s;w:rad/s;arm:deg
BAG,1791436708.8997,665,1,-0.0047,0.0000,0.444,tracking,ok,0,3,imu,0.0000,-0.0031,-0.31,-27.77,v:m/s;w:rad/s;arm:deg
BAG,1791436708.9259,666,1,-0.0031,0.0000,0.444,tracking,ok,0,3,imu,0.0000,-0.0023,-0.25,-27.77,v:m/s;w:rad/s;arm:deg
BAG,1791436708.9562,666,1,-0.0031,0.0000,0.444,tracking,ok,0,3,imu,0.0000,-0.0023,-0.25,-27.77,v:m/s;w:rad/s;arm:deg
BAG,1791436708.9959,666,1,-0.0031,0.0000,0.444,tracking,ok,0,3,imu,0.0000,-0.0023,-0.25,-27.77,v:m/s;w:rad/s;arm:deg
BAG,1791436709.0145,666,1,-0.0031,0.0000,0.444,tracking,ok,0,3,imu,0.0000,-0.0023,-0.25,-27.77,v:m/s;w:rad/s;arm:deg
BAG,1791436709.0416,666,1,-0.0031,0.0000,0.444,tracking,ok,0,3,imu,0.0000,-0.0023,-0.25,-27.77,v:m/s;w:rad/s;arm:deg
BAG,1791436709.0842,667,1,-0.0031,-0.0028,0.444,tracking,ok,0,3,imu,0.0000,-0.0016,-0.20,-27.72,v:m/s;w:rad/s;arm:deg
BAG,1791436709.1076,667,1,-0.0031,-0.0028,0.444,tracking,ok,0,3,imu,0.0000,-0.0016,-0.20,-27.72,v:m/s;w:rad/s;arm:deg
BAG,1791436709.1484,667,1,-0.0031,-0.0028,0.444,tracking,ok,0,3,imu,0.0000,-0.0016,-0.20,-27.72,v:m/s;w:rad/s;arm:deg
BAG,1791436709.1839,667,1,-0.0031,-0.0028,0.444,tracking,ok,0,3,imu,0.0000,-0.0016,-0.20,-27.72,v:m/s;w:rad/s;arm:deg
BAG,1791436709.2088,667,1,-0.0031,-0.0028,0.444,tracking,ok,0,3,imu,0.0000,-0.0016,-0.20,-27.72,v:m/s;w:rad/s;arm:deg
BAG,1791436709.2540,668,1,-0.0031,0.0000,0.445,tracking,ok,0,3,imu,0.0000,-0.0016,-0.20,-27.77,v:m/s;w:rad/s;arm:deg
BAG,1791436709.2767,668,1,-0.0031,0.0000,0.445,tracking,ok,0,3,imu,0.0000,-0.0016,-0.20,-27.77,v:m/s;w:rad/s;arm:deg
BAG,1791436709.3143,668,1,-0.0031,0.0000,0.445,tracking,ok,0,3,imu,0.0000,-0.0016,-0.20,-27.77,v:m/s;w:rad/s;arm:deg
BAG,1791436709.3505,668,1,-0.0031,0.0000,0.445,tracking,ok,0,3,imu,0.0000,-0.0016,-0.20,-27.77,v:m/s;w:rad/s;arm:deg
BAG,1791436709.3789,668,1,-0.0031,0.0000,0.445,tracking,ok,0,3,imu,0.0000,-0.0016,-0.20,-27.77,v:m/s;w:rad/s;arm:deg
BAG,1791436709.4148,669,1,-0.0031,0.0000,0.444,tracking,ok,0,3,imu,0.0000,-0.0010,-0.16,-27.77,v:m/s;w:rad/s;arm:deg
BAG,1791436709.4467,669,1,-0.0031,0.0000,0.444,tracking,ok,0,3,imu,0.0000,-0.0010,-0.16,-27.77,v:m/s;w:rad/s;arm:deg
BAG,1791436709.4757,669,1,-0.0031,0.0000,0.444,tracking,ok,0,3,imu,0.0000,-0.0010,-0.16,-27.77,v:m/s;w:rad/s;arm:deg
BAG,1791436709.5083,669,1,-0.0031,0.0000,0.444,tracking,ok,0,3,imu,0.0000,-0.0010,-0.16,-27.77,v:m/s;w:rad/s;arm:deg
BAG,1791436709.5429,669,1,-0.0031,0.0000,0.444,tracking,ok,0,3,imu,0.0000,-0.0010,-0.16,-27.77,v:m/s;w:rad/s;arm:deg
BAG,1791436709.5758,670,1,-0.0016,-0.0028,0.443,tracking,ok,0,3,imu,0.0000,-0.0008,-0.15,-27.72,v:m/s;w:rad/s;arm:deg
BAG,1791436709.6184,670,1,-0.0016,-0.0028,0.443,tracking,ok,0,3,imu,0.0000,-0.0008,-0.15,-27.72,v:m/s;w:rad/s;arm:deg
BAG,1791436709.6497,670,1,-0.0016,-0.0028,0.443,tracking,ok,0,3,imu,0.0000,-0.0008,-0.15,-27.72,v:m/s;w:rad/s;arm:deg
BAG,1791436709.6741,670,1,-0.0016,-0.0028,0.443,tracking,ok,0,3,imu,0.0000,-0.0008,-0.15,-27.72,v:m/s;w:rad/s;arm:deg
BAG,1791436709.7167,671,1,-0.0016,0.0028,0.444,tracking,ok,0,3,imu,0.0000,-0.0008,-0.15,-27.83,v:m/s;w:rad/s;arm:deg
BAG,1791436709.7456,671,1,-0.0016,0.0028,0.444,tracking,ok,0,3,imu,0.0000,-0.0008,-0.15,-27.83,v:m/s;w:rad/s;arm:deg
BAG,1791436709.7774,671,1,-0.0016,0.0028,0.444,tracking,ok,0,3,imu,0.0000,-0.0008,-0.15,-27.83,v:m/s;w:rad/s;arm:deg
BAG,1791436709.8079,671,1,-0.0016,0.0028,0.444,tracking,ok,0,3,imu,0.0000,-0.0008,-0.15,-27.83,v:m/s;w:rad/s;arm:deg
BAG,1791436709.8439,671,1,-0.0016,0.0028,0.444,tracking,ok,0,3,imu,0.0000,-0.0008,-0.15,-27.83,v:m/s;w:rad/s;arm:deg
BAG,1791436709.8777,671,1,-0.0016,0.0028,0.444,tracking,ok,0,3,imu,0.0000,-0.0008,-0.15,-27.83,v:m/s;w:rad/s;arm:deg
BAG,1791436709.9057,671,1,-0.0016,0.0028,0.444,tracking,ok,0,3,imu,0.0000,-0.0008,-0.15,-27.83,v:m/s;w:rad/s;arm:deg
BAG,1791436709.9486,672,1,-0.0016,0.0000,0.444,tracking,ok,0,3,imu,0.0000,-0.0008,-0.15,-27.77,v:m/s;w:rad/s;arm:deg
BAG,1791436709.9761,672,1,-0.0016,0.0000,0.444,tracking,ok,0,3,imu,0.0000,-0.0008,-0.15,-27.77,v:m/s;w:rad/s;arm:deg
BAG,1791436710.0072,672,1,-0.0016,0.0000,0.444,tracking,ok,0,3,imu,0.0000,-0.0008,-0.15,-27.77,v:m/s;w:rad/s;arm:deg
BAG,1791436710.0415,672,1,-0.0016,0.0000,0.444,tracking,ok,0,3,imu,0.0000,-0.0008,-0.15,-27.77,v:m/s;w:rad/s;arm:deg
BAG,1791436710.0728,672,1,-0.0016,0.0000,0.444,tracking,ok,0,3,imu,0.0000,-0.0008,-0.15,-27.77,v:m/s;w:rad/s;arm:deg
BAG,1791436710.1093,672,1,-0.0016,0.0000,0.444,tracking,ok,0,3,imu,0.0000,-0.0008,-0.15,-27.77,v:m/s;w:rad/s;arm:deg
BAG,1791436710.1509,673,1,-0.0016,0.0000,0.444,tracking,ok,0,3,imu,0.0000,-0.0008,-0.15,-27.77,v:m/s;w:rad/s;arm:deg
BAG,1791436710.1756,673,1,-0.0016,0.0000,0.444,tracking,ok,0,3,imu,0.0000,-0.0008,-0.15,-27.77,v:m/s;w:rad/s;arm:deg
BAG,1791436710.2133,673,1,-0.0016,0.0000,0.444,tracking,ok,0,3,imu,0.0000,-0.0008,-0.15,-27.77,v:m/s;w:rad/s;arm:deg
BAG,1791436710.2472,673,1,-0.0016,0.0000,0.444,tracking,ok,0,3,imu,0.0000,-0.0008,-0.15,-27.77,v:m/s;w:rad/s;arm:deg
BAG,1791436710.2730,673,1,-0.0016,0.0000,0.444,tracking,ok,0,3,imu,0.0000,-0.0008,-0.15,-27.77,v:m/s;w:rad/s;arm:deg
BAG,1791436710.3064,674,1,-0.0016,0.0000,0.444,tracking,ok,0,3,imu,0.0000,-0.0008,-0.15,-27.77,v:m/s;w:rad/s;arm:deg
BAG,1791436710.3540,674,1,-0.0016,0.0000,0.444,tracking,ok,0,3,imu,0.0000,-0.0008,-0.15,-27.77,v:m/s;w:rad/s;arm:deg
BAG,1791436710.3740,674,1,-0.0016,0.0000,0.444,tracking,ok,0,3,imu,0.0000,-0.0008,-0.15,-27.77,v:m/s;w:rad/s;arm:deg
BAG,1791436710.4109,674,1,-0.0016,0.0000,0.444,tracking,ok,0,3,imu,0.0000,-0.0008,-0.15,-27.77,v:m/s;w:rad/s;arm:deg
BAG,1791436710.4509,675,1,-0.0016,0.0000,0.444,tracking,ok,0,3,imu,0.0000,-0.0008,-0.15,-27.77,v:m/s;w:rad/s;arm:deg
BAG,1791436710.4778,675,1,-0.0016,0.0000,0.444,tracking,ok,0,3,imu,0.0000,-0.0008,-0.15,-27.77,v:m/s;w:rad/s;arm:deg
BAG,1791436710.5084,675,1,-0.0016,0.0000,0.444,tracking,ok,0,3,imu,0.0000,-0.0008,-0.15,-27.77,v:m/s;w:rad/s;arm:deg
BAG,1791436710.5485,675,1,-0.0016,0.0000,0.444,tracking,ok,0,3,imu,0.0000,-0.0008,-0.15,-27.77,v:m/s;w:rad/s;arm:deg
BAG,1791436710.5789,675,1,-0.0016,0.0000,0.444,tracking,ok,0,3,imu,0.0000,-0.0008,-0.15,-27.77,v:m/s;w:rad/s;arm:deg
BAG,1791436710.6165,676,1,0.0000,0.0000,0.445,tracking,ok,0,3,imu,0.0000,-0.0012,-0.18,-27.77,v:m/s;w:rad/s;arm:deg
BAG,1791436710.6429,676,1,0.0000,0.0000,0.445,tracking,ok,0,3,imu,0.0000,-0.0012,-0.18,-27.77,v:m/s;w:rad/s;arm:deg
BAG,1791436710.6747,676,1,0.0000,0.0000,0.445,tracking,ok,0,3,imu,0.0000,-0.0012,-0.18,-27.77,v:m/s;w:rad/s;arm:deg
BAG,1791436710.7054,676,1,0.0000,0.0000,0.445,tracking,ok,0,3,imu,0.0000,-0.0012,-0.18,-27.77,v:m/s;w:rad/s;arm:deg
BAG,1791436710.7442,676,1,0.0000,0.0000,0.445,tracking,ok,0,3,imu,0.0000,-0.0012,-0.18,-27.77,v:m/s;w:rad/s;arm:deg
BAG,1791436710.7803,676,1,0.0000,0.0000,0.445,tracking,ok,0,3,imu,0.0000,-0.0012,-0.18,-27.77,v:m/s;w:rad/s;arm:deg
BAG,1791436710.8107,677,1,-0.0016,0.0028,0.443,tracking,ok,0,3,imu,0.0000,-0.0008,-0.15,-27.83,v:m/s;w:rad/s;arm:deg
BAG,1791436710.8445,677,1,-0.0016,0.0028,0.443,tracking,ok,0,3,imu,0.0000,-0.0008,-0.15,-27.83,v:m/s;w:rad/s;arm:deg
BAG,1791436710.8793,677,1,-0.0016,0.0028,0.443,tracking,ok,0,3,imu,0.0000,-0.0008,-0.15,-27.83,v:m/s;w:rad/s;arm:deg
BAG,1791436710.9085,677,1,-0.0016,0.0028,0.443,tracking,ok,0,3,imu,0.0000,-0.0008,-0.15,-27.83,v:m/s;w:rad/s;arm:deg
BAG,1791436710.9481,677,1,-0.0016,0.0028,0.443,tracking,ok,0,3,imu,0.0000,-0.0008,-0.15,-27.83,v:m/s;w:rad/s;arm:deg
BAG,1791436710.9722,677,1,-0.0016,0.0028,0.443,tracking,ok,0,3,imu,0.0000,-0.0008,-0.15,-27.83,v:m/s;w:rad/s;arm:deg
BAG,1791436711.0105,678,1,-0.0016,0.0028,0.443,tracking,ok,0,3,imu,0.0000,-0.0008,-0.15,-27.83,v:m/s;w:rad/s;arm:deg
BAG,1791436711.0453,678,1,-0.0016,0.0028,0.443,tracking,ok,0,3,imu,0.0000,-0.0008,-0.15,-27.83,v:m/s;w:rad/s;arm:deg
BAG,1791436711.0785,678,1,-0.0016,0.0028,0.443,tracking,ok,0,3,imu,0.0000,-0.0008,-0.15,-27.83,v:m/s;w:rad/s;arm:deg
BAG,1791436711.1067,678,1,-0.0016,0.0028,0.443,tracking,ok,0,3,imu,0.0000,-0.0008,-0.15,-27.83,v:m/s;w:rad/s;arm:deg
BAG,1791436711.1491,678,1,-0.0016,0.0028,0.443,tracking,ok,0,3,imu,0.0000,-0.0008,-0.15,-27.83,v:m/s;w:rad/s;arm:deg
BAG,1791436711.1794,679,1,-0.0016,-0.0028,0.443,tracking,ok,0,3,imu,0.0000,-0.0008,-0.15,-27.72,v:m/s;w:rad/s;arm:deg
BAG,1791436711.2098,679,1,-0.0016,-0.0028,0.443,tracking,ok,0,3,imu,0.0000,-0.0008,-0.15,-27.72,v:m/s;w:rad/s;arm:deg
BAG,1791436711.2415,679,1,-0.0016,-0.0028,0.443,tracking,ok,0,3,imu,0.0000,-0.0008,-0.15,-27.72,v:m/s;w:rad/s;arm:deg
BAG,1791436711.2792,679,1,-0.0016,-0.0028,0.443,tracking,ok,0,3,imu,0.0000,-0.0008,-0.15,-27.72,v:m/s;w:rad/s;arm:deg
BAG,1791436711.3144,680,1,-0.0016,0.0000,0.444,tracking,ok,0,3,imu,0.0000,-0.0008,-0.15,-27.77,v:m/s;w:rad/s;arm:deg
BAG,1791436711.3559,680,1,-0.0016,0.0000,0.444,tracking,ok,0,3,imu,0.0000,-0.0008,-0.15,-27.77,v:m/s;w:rad/s;arm:deg
BAG,1791436711.3815,680,1,-0.0016,0.0000,0.444,tracking,ok,0,3,imu,0.0000,-0.0008,-0.15,-27.77,v:m/s;w:rad/s;arm:deg
BAG,1791436711.4076,680,1,-0.0016,0.0000,0.444,tracking,ok,0,3,imu,0.0000,-0.0008,-0.15,-27.77,v:m/s;w:rad/s;arm:deg
BAG,1791436711.4450,680,1,-0.0016,0.0000,0.444,tracking,ok,0,3,imu,0.0000,-0.0008,-0.15,-27.77,v:m/s;w:rad/s;arm:deg
BAG,1791436711.4720,680,1,-0.0016,0.0000,0.444,tracking,ok,0,3,imu,0.0000,-0.0008,-0.15,-27.77,v:m/s;w:rad/s;arm:deg
BAG,1791436711.5204,681,1,-0.0016,0.0000,0.444,tracking,ok,0,3,imu,0.0000,-0.0008,-0.15,-27.77,v:m/s;w:rad/s;arm:deg
BAG,1791436711.5548,681,1,-0.0016,0.0000,0.444,tracking,ok,0,3,imu,0.0000,-0.0008,-0.15,-27.77,v:m/s;w:rad/s;arm:deg
BAG,1791436711.5814,681,1,-0.0016,0.0000,0.444,tracking,ok,0,3,imu,0.0000,-0.0008,-0.15,-27.77,v:m/s;w:rad/s;arm:deg
BAG,1791436711.6202,681,1,-0.0016,0.0000,0.444,tracking,ok,0,3,imu,0.0000,-0.0008,-0.15,-27.77,v:m/s;w:rad/s;arm:deg
BAG,1791436711.6471,681,1,-0.0016,0.0000,0.444,tracking,ok,0,3,imu,0.0000,-0.0008,-0.15,-27.77,v:m/s;w:rad/s;arm:deg
BAG,1791436711.6791,682,1,-0.0016,0.0000,0.444,tracking,ok,0,3,imu,0.0000,-0.0014,-0.19,-27.77,v:m/s;w:rad/s;arm:deg
BAG,1791436711.7078,682,1,-0.0016,0.0000,0.444,tracking,ok,0,3,imu,0.0000,-0.0014,-0.19,-27.77,v:m/s;w:rad/s;arm:deg
BAG,1791436711.7447,682,1,-0.0016,0.0000,0.444,tracking,ok,0,3,imu,0.0000,-0.0014,-0.19,-27.77,v:m/s;w:rad/s;arm:deg
BAG,1791436711.7729,682,1,-0.0016,0.0000,0.444,tracking,ok,0,3,imu,0.0000,-0.0014,-0.19,-27.77,v:m/s;w:rad/s;arm:deg
BAG,1791436711.8153,682,1,-0.0016,0.0000,0.444,tracking,ok,0,3,imu,0.0000,-0.0014,-0.19,-27.77,v:m/s;w:rad/s;arm:deg
BAG,1791436711.8500,683,1,0.0000,0.0000,0.445,tracking,ok,0,3,imu,0.0000,-0.0012,-0.18,-27.77,v:m/s;w:rad/s;arm:deg
BAG,1791436711.8770,683,1,0.0000,0.0000,0.445,tracking,ok,0,3,imu,0.0000,-0.0012,-0.18,-27.77,v:m/s;w:rad/s;arm:deg
BAG,1791436711.9070,683,1,0.0000,0.0000,0.445,tracking,ok,0,3,imu,0.0000,-0.0012,-0.18,-27.77,v:m/s;w:rad/s;arm:deg
BAG,1791436711.9430,683,1,0.0000,0.0000,0.445,tracking,ok,0,3,imu,0.0000,-0.0012,-0.18,-27.77,v:m/s;w:rad/s;arm:deg
BAG,1791436711.9744,683,1,0.0000,0.0000,0.445,tracking,ok,0,3,imu,0.0000,-0.0012,-0.18,-27.77,v:m/s;w:rad/s;arm:deg
BAG,1791436712.0069,683,1,0.0000,0.0000,0.445,tracking,ok,0,3,imu,0.0000,-0.0012,-0.18,-27.77,v:m/s;w:rad/s;arm:deg
BAG,1791436712.0471,684,1,0.0000,0.0000,0.446,tracking,ok,0,3,imu,0.0000,-0.0013,-0.18,-27.77,v:m/s;w:rad/s;arm:deg
BAG,1791436712.0741,684,1,0.0000,0.0000,0.446,tracking,ok,0,3,imu,0.0000,-0.0013,-0.18,-27.77,v:m/s;w:rad/s;arm:deg
BAG,1791436712.1066,684,1,0.0000,0.0000,0.446,tracking,ok,0,3,imu,0.0000,-0.0013,-0.18,-27.77,v:m/s;w:rad/s;arm:deg
BAG,1791436712.1490,684,1,0.0000,0.0000,0.446,tracking,ok,0,3,imu,0.0000,-0.0013,-0.18,-27.77,v:m/s;w:rad/s;arm:deg
BAG,1791436712.1798,684,1,0.0000,0.0000,0.446,tracking,ok,0,3,imu,0.0000,-0.0013,-0.18,-27.77,v:m/s;w:rad/s;arm:deg
BAG,1791436712.2273,684,1,0.0000,0.0000,0.446,tracking,ok,0,3,imu,0.0000,-0.0013,-0.18,-27.77,v:m/s;w:rad/s;arm:deg
BAG,1791436712.2402,684,1,0.0000,0.0000,0.446,tracking,ok,0,3,imu,0.0000,-0.0013,-0.18,-27.77,v:m/s;w:rad/s;arm:deg
BAG,1791436712.2876,684,1,0.0000,0.0000,0.446,tracking,ok,0,3,imu,0.0000,-0.0013,-0.18,-27.77,v:m/s;w:rad/s;arm:deg
BAG,1791436712.3082,684,1,0.0000,0.0000,0.446,tracking,ok,0,3,imu,0.0000,-0.0013,-0.18,-27.77,v:m/s;w:rad/s;arm:deg
BAG,1791436712.3581,684,1,0.0000,0.0000,0.446,tracking,ok,0,3,imu,0.0000,-0.0013,-0.18,-27.77,v:m/s;w:rad/s;arm:deg
BAG,1791436712.3874,685,1,-0.0016,0.0000,0.444,tracking,ok,0,3,imu,0.0000,-0.0009,-0.15,-27.77,v:m/s;w:rad/s;arm:deg
BAG,1791436712.4102,685,1,-0.0016,0.0000,0.444,tracking,ok,0,3,imu,0.0000,-0.0009,-0.15,-27.77,v:m/s;w:rad/s;arm:deg
BAG,1791436712.4449,685,1,-0.0016,0.0000,0.444,tracking,ok,0,3,imu,0.0000,-0.0009,-0.15,-27.77,v:m/s;w:rad/s;arm:deg
BAG,1791436712.4766,685,1,-0.0016,0.0000,0.444,tracking,ok,0,3,imu,0.0000,-0.0009,-0.15,-27.77,v:m/s;w:rad/s;arm:deg
BAG,1791436712.5082,685,1,-0.0016,0.0000,0.444,tracking,ok,0,3,imu,0.0000,-0.0009,-0.15,-27.77,v:m/s;w:rad/s;arm:deg
BAG,1791436712.5513,685,1,-0.0016,0.0000,0.444,tracking,ok,0,3,imu,0.0000,-0.0009,-0.15,-27.77,v:m/s;w:rad/s;arm:deg
BAG,1791436712.5757,685,1,-0.0016,0.0000,0.444,tracking,ok,0,3,imu,0.0000,-0.0009,-0.15,-27.77,v:m/s;w:rad/s;arm:deg
BAG,1791436712.6101,685,1,-0.0016,0.0000,0.444,tracking,ok,0,3,imu,0.0000,-0.0009,-0.15,-27.77,v:m/s;w:rad/s;arm:deg
BAG,1791436712.6477,685,1,-0.0016,0.0000,0.444,tracking,ok,0,3,imu,0.0000,-0.0009,-0.15,-27.77,v:m/s;w:rad/s;arm:deg
BAG,1791436712.6748,685,1,-0.0016,0.0000,0.444,tracking,ok,0,3,imu,0.0000,-0.0009,-0.15,-27.77,v:m/s;w:rad/s;arm:deg
BAG,1791436712.7072,685,1,-0.0016,0.0000,0.444,tracking,ok,0,3,imu,0.0000,-0.0009,-0.15,-27.77,v:m/s;w:rad/s;arm:deg
BAG,1791436712.7584,685,1,-0.0016,0.0000,0.444,tracking,ok,0,3,imu,0.0000,-0.0009,-0.15,-27.77,v:m/s;w:rad/s;arm:deg
BAG,1791436712.7841,685,1,-0.0016,0.0000,0.444,tracking,ok,0,3,imu,0.0000,-0.0009,-0.15,-27.77,v:m/s;w:rad/s;arm:deg
BAG,1791436712.8111,685,1,-0.0016,0.0000,0.444,tracking,ok,0,3,imu,0.0000,-0.0009,-0.15,-27.77,v:m/s;w:rad/s;arm:deg
BAG,1791436712.8476,686,1,0.0000,0.0000,0.444,tracking,ok,0,3,imu,0.0000,-0.0012,-0.18,-27.77,v:m/s;w:rad/s;arm:deg
BAG,1791436712.8736,686,1,0.0000,0.0000,0.444,tracking,ok,0,3,imu,0.0000,-0.0012,-0.18,-27.77,v:m/s;w:rad/s;arm:deg
BAG,1791436712.9135,686,1,0.0000,0.0000,0.444,tracking,ok,0,3,imu,0.0000,-0.0012,-0.18,-27.77,v:m/s;w:rad/s;arm:deg
BAG,1791436712.9439,686,1,0.0000,0.0000,0.444,tracking,ok,0,3,imu,0.0000,-0.0012,-0.18,-27.77,v:m/s;w:rad/s;arm:deg
BAG,1791436712.9718,686,1,0.0000,0.0000,0.444,tracking,ok,0,3,imu,0.0000,-0.0012,-0.18,-27.77,v:m/s;w:rad/s;arm:deg
BAG,1791436713.0090,687,1,-0.0016,0.0000,0.444,tracking,ok,0,3,imu,0.0000,-0.0008,-0.15,-27.77,v:m/s;w:rad/s;arm:deg
BAG,1791436713.0417,687,1,-0.0016,0.0000,0.444,tracking,ok,0,3,imu,0.0000,-0.0008,-0.15,-27.77,v:m/s;w:rad/s;arm:deg
BAG,1791436713.0741,687,1,-0.0016,0.0000,0.444,tracking,ok,0,3,imu,0.0000,-0.0008,-0.15,-27.77,v:m/s;w:rad/s;arm:deg
BAG,1791436713.1060,687,1,-0.0016,0.0000,0.444,tracking,ok,0,3,imu,0.0000,-0.0008,-0.15,-27.77,v:m/s;w:rad/s;arm:deg
BAG,1791436713.1471,688,1,-0.0016,0.0000,0.444,tracking,ok,0,3,imu,0.0000,-0.0008,-0.15,-27.77,v:m/s;w:rad/s;arm:deg
BAG,1791436713.1730,688,1,-0.0016,0.0000,0.444,tracking,ok,0,3,imu,0.0000,-0.0008,-0.15,-27.77,v:m/s;w:rad/s;arm:deg
BAG,1791436713.2055,688,1,-0.0016,0.0000,0.444,tracking,ok,0,3,imu,0.0000,-0.0008,-0.15,-27.77,v:m/s;w:rad/s;arm:deg
BAG,1791436713.2429,688,1,-0.0016,0.0000,0.444,tracking,ok,0,3,imu,0.0000,-0.0008,-0.15,-27.77,v:m/s;w:rad/s;arm:deg
BAG,1791436713.2823,689,1,-0.0016,0.0000,0.444,tracking,ok,0,3,imu,0.0000,-0.0008,-0.15,-27.77,v:m/s;w:rad/s;arm:deg
BAG,1791436713.3068,689,1,-0.0016,0.0000,0.444,tracking,ok,0,3,imu,0.0000,-0.0008,-0.15,-27.77,v:m/s;w:rad/s;arm:deg
BAG,1791436713.3588,689,1,-0.0016,0.0000,0.444,tracking,ok,0,3,imu,0.0000,-0.0008,-0.15,-27.77,v:m/s;w:rad/s;arm:deg
BAG,1791436713.3839,689,1,-0.0016,0.0000,0.444,tracking,ok,0,3,imu,0.0000,-0.0008,-0.15,-27.77,v:m/s;w:rad/s;arm:deg
BAG,1791436713.4135,690,1,-0.0016,-0.0028,0.444,tracking,ok,0,3,imu,0.0000,-0.0008,-0.15,-27.72,v:m/s;w:rad/s;arm:deg
BAG,1791436713.4481,690,1,-0.0016,-0.0028,0.444,tracking,ok,0,3,imu,0.0000,-0.0008,-0.15,-27.72,v:m/s;w:rad/s;arm:deg
BAG,1791436713.4758,690,1,-0.0016,-0.0028,0.444,tracking,ok,0,3,imu,0.0000,-0.0008,-0.15,-27.72,v:m/s;w:rad/s;arm:deg
BAG,1791436713.5059,690,1,-0.0016,-0.0028,0.444,tracking,ok,0,3,imu,0.0000,-0.0008,-0.15,-27.72,v:m/s;w:rad/s;arm:deg
BAG,1791436713.5497,690,1,-0.0016,-0.0028,0.444,tracking,ok,0,3,imu,0.0000,-0.0008,-0.15,-27.72,v:m/s;w:rad/s;arm:deg
BAG,1791436713.5848,691,1,-0.0016,0.0000,0.444,tracking,ok,0,3,imu,0.0000,-0.0008,-0.15,-27.77,v:m/s;w:rad/s;arm:deg
BAG,1791436713.6092,691,1,-0.0016,0.0000,0.444,tracking,ok,0,3,imu,0.0000,-0.0008,-0.15,-27.77,v:m/s;w:rad/s;arm:deg
BAG,1791436713.6439,691,1,-0.0016,0.0000,0.444,tracking,ok,0,3,imu,0.0000,-0.0008,-0.15,-27.77,v:m/s;w:rad/s;arm:deg
BAG,1791436713.6720,691,1,-0.0016,0.0000,0.444,tracking,ok,0,3,imu,0.0000,-0.0008,-0.15,-27.77,v:m/s;w:rad/s;arm:deg
BAG,1791436713.7105,692,1,0.0000,-0.0028,0.443,tracking,ok,0,3,imu,0.0000,-0.0012,-0.18,-27.72,v:m/s;w:rad/s;arm:deg
BAG,1791436713.7579,692,1,0.0000,-0.0028,0.443,tracking,ok,0,3,imu,0.0000,-0.0012,-0.18,-27.72,v:m/s;w:rad/s;arm:deg
BAG,1791436713.7750,692,1,0.0000,-0.0028,0.443,tracking,ok,0,3,imu,0.0000,-0.0012,-0.18,-27.72,v:m/s;w:rad/s;arm:deg
BAG,1791436713.8068,692,1,0.0000,-0.0028,0.443,tracking,ok,0,3,imu,0.0000,-0.0012,-0.18,-27.72,v:m/s;w:rad/s;arm:deg
BAG,1791436713.8418,692,1,0.0000,-0.0028,0.443,tracking,ok,0,3,imu,0.0000,-0.0012,-0.18,-27.72,v:m/s;w:rad/s;arm:deg
BAG,1791436713.8741,693,1,-0.0016,-0.0028,0.444,tracking,ok,0,3,imu,0.0000,-0.0008,-0.15,-27.72,v:m/s;w:rad/s;arm:deg
BAG,1791436713.9064,693,1,-0.0016,-0.0028,0.444,tracking,ok,0,3,imu,0.0000,-0.0008,-0.15,-27.72,v:m/s;w:rad/s;arm:deg
BAG,1791436713.9449,693,1,-0.0016,-0.0028,0.444,tracking,ok,0,3,imu,0.0000,-0.0008,-0.15,-27.72,v:m/s;w:rad/s;arm:deg
BAG,1791436713.9721,693,1,-0.0016,-0.0028,0.444,tracking,ok,0,3,imu,0.0000,-0.0008,-0.15,-27.72,v:m/s;w:rad/s;arm:deg
BAG,1791436714.0068,694,1,-0.0016,-0.0028,0.445,tracking,ok,0,3,imu,0.0000,-0.0013,-0.18,-27.72,v:m/s;w:rad/s;arm:deg
BAG,1791436714.0459,694,1,-0.0016,-0.0028,0.445,tracking,ok,0,3,imu,0.0000,-0.0013,-0.18,-27.72,v:m/s;w:rad/s;arm:deg
BAG,1791436714.0839,694,1,-0.0016,-0.0028,0.445,tracking,ok,0,3,imu,0.0000,-0.0013,-0.18,-27.72,v:m/s;w:rad/s;arm:deg
BAG,1791436714.1096,694,1,-0.0016,-0.0028,0.445,tracking,ok,0,3,imu,0.0000,-0.0013,-0.18,-27.72,v:m/s;w:rad/s;arm:deg
BAG,1791436714.1488,694,1,-0.0016,-0.0028,0.445,tracking,ok,0,3,imu,0.0000,-0.0013,-0.18,-27.72,v:m/s;w:rad/s;arm:deg
BAG,1791436714.2039,694,1,-0.0016,-0.0028,0.445,tracking,ok,0,3,imu,0.0000,-0.0013,-0.18,-27.72,v:m/s;w:rad/s;arm:deg
BAG,1791436714.2193,694,1,-0.0016,-0.0028,0.445,tracking,ok,0,3,imu,0.0000,-0.0013,-0.18,-27.72,v:m/s;w:rad/s;arm:deg
BAG,1791436714.2405,694,1,-0.0016,-0.0028,0.445,tracking,ok,0,3,imu,0.0000,-0.0013,-0.18,-27.72,v:m/s;w:rad/s;arm:deg
BAG,1791436714.2726,694,1,-0.0016,-0.0028,0.445,tracking,ok,0,3,imu,0.0000,-0.0013,-0.18,-27.72,v:m/s;w:rad/s;arm:deg
BAG,1791436714.3114,694,1,-0.0016,-0.0028,0.445,tracking,ok,0,3,imu,0.0000,-0.0013,-0.18,-27.72,v:m/s;w:rad/s;arm:deg
BAG,1791436714.3629,695,1,-0.0016,-0.0028,0.444,tracking,ok,0,3,imu,0.0000,-0.0008,-0.15,-27.72,v:m/s;w:rad/s;arm:deg
BAG,1791436714.3831,695,1,-0.0016,-0.0028,0.444,tracking,ok,0,3,imu,0.0000,-0.0008,-0.15,-27.72,v:m/s;w:rad/s;arm:deg
BAG,1791436714.4186,695,1,-0.0016,-0.0028,0.444,tracking,ok,0,3,imu,0.0000,-0.0008,-0.15,-27.72,v:m/s;w:rad/s;arm:deg
BAG,1791436714.4435,695,1,-0.0016,-0.0028,0.444,tracking,ok,0,3,imu,0.0000,-0.0008,-0.15,-27.72,v:m/s;w:rad/s;arm:deg
BAG,1791436714.4729,695,1,-0.0016,-0.0028,0.444,tracking,ok,0,3,imu,0.0000,-0.0008,-0.15,-27.72,v:m/s;w:rad/s;arm:deg
BAG,1791436714.5061,695,1,-0.0016,-0.0028,0.444,tracking,ok,0,3,imu,0.0000,-0.0008,-0.15,-27.72,v:m/s;w:rad/s;arm:deg
BAG,1791436714.5481,695,1,-0.0016,-0.0028,0.444,tracking,ok,0,3,imu,0.0000,-0.0008,-0.15,-27.72,v:m/s;w:rad/s;arm:deg
BAG,1791436714.5796,696,1,-0.0016,-0.0028,0.443,tracking,ok,0,3,imu,0.0000,-0.0008,-0.15,-27.72,v:m/s;w:rad/s;arm:deg
BAG,1791436714.6062,696,1,-0.0016,-0.0028,0.443,tracking,ok,0,3,imu,0.0000,-0.0008,-0.15,-27.72,v:m/s;w:rad/s;arm:deg
BAG,1791436714.6425,696,1,-0.0016,-0.0028,0.443,tracking,ok,0,3,imu,0.0000,-0.0008,-0.15,-27.72,v:m/s;w:rad/s;arm:deg
BAG,1791436714.6807,697,1,-0.0016,-0.0028,0.443,tracking,ok,0,3,imu,0.0000,-0.0008,-0.15,-27.72,v:m/s;w:rad/s;arm:deg
BAG,1791436714.7147,697,1,-0.0016,-0.0028,0.443,tracking,ok,0,3,imu,0.0000,-0.0008,-0.15,-27.72,v:m/s;w:rad/s;arm:deg
BAG,1791436714.7481,697,1,-0.0016,-0.0028,0.443,tracking,ok,0,3,imu,0.0000,-0.0008,-0.15,-27.72,v:m/s;w:rad/s;arm:deg
BAG,1791436714.7734,697,1,-0.0016,-0.0028,0.443,tracking,ok,0,3,imu,0.0000,-0.0008,-0.15,-27.72,v:m/s;w:rad/s;arm:deg
BAG,1791436714.8072,698,1,-0.0016,0.0000,0.444,tracking,ok,0,3,imu,0.0000,-0.0008,-0.15,-27.77,v:m/s;w:rad/s;arm:deg
BAG,1791436714.8406,698,1,-0.0016,0.0000,0.444,tracking,ok,0,3,imu,0.0000,-0.0008,-0.15,-27.77,v:m/s;w:rad/s;arm:deg
BAG,1791436714.8736,698,1,-0.0016,0.0000,0.444,tracking,ok,0,3,imu,0.0000,-0.0008,-0.15,-27.77,v:m/s;w:rad/s;arm:deg
BAG,1791436714.9209,699,1,-0.0016,-0.0028,0.445,tracking,ok,0,3,imu,0.0000,-0.0008,-0.15,-27.72,v:m/s;w:rad/s;arm:deg
BAG,1791436714.9514,699,1,-0.0016,-0.0028,0.445,tracking,ok,0,3,imu,0.0000,-0.0008,-0.15,-27.72,v:m/s;w:rad/s;arm:deg
BAG,1791436714.9731,699,1,-0.0016,-0.0028,0.445,tracking,ok,0,3,imu,0.0000,-0.0008,-0.15,-27.72,v:m/s;w:rad/s;arm:deg
BAG,1791436715.0099,699,1,-0.0016,-0.0028,0.445,tracking,ok,0,3,imu,0.0000,-0.0008,-0.15,-27.72,v:m/s;w:rad/s;arm:deg
BAG,1791436715.0435,700,1,-0.0016,-0.0028,0.444,tracking,ok,0,3,imu,0.0000,-0.0008,-0.15,-27.72,v:m/s;w:rad/s;arm:deg
BAG,1791436715.0730,700,1,-0.0016,-0.0028,0.444,tracking,ok,0,3,imu,0.0000,-0.0008,-0.15,-27.72,v:m/s;w:rad/s;arm:deg
BAG,1791436715.1059,700,1,-0.0016,-0.0028,0.444,tracking,ok,0,3,imu,0.0000,-0.0008,-0.15,-27.72,v:m/s;w:rad/s;arm:deg
BAG,1791436715.1457,700,1,-0.0016,-0.0028,0.444,tracking,ok,0,3,imu,0.0000,-0.0008,-0.15,-27.72,v:m/s;w:rad/s;arm:deg
BAG,1791436715.1737,701,1,-0.0016,-0.0028,0.443,tracking,ok,0,3,imu,0.0000,-0.0008,-0.15,-27.72,v:m/s;w:rad/s;arm:deg
BAG,1791436715.2054,701,1,-0.0016,-0.0028,0.443,tracking,ok,0,3,imu,0.0000,-0.0008,-0.15,-27.72,v:m/s;w:rad/s;arm:deg
BAG,1791436715.2394,701,1,-0.0016,-0.0028,0.443,tracking,ok,0,3,imu,0.0000,-0.0008,-0.15,-27.72,v:m/s;w:rad/s;arm:deg
BAG,1791436715.2768,702,1,-0.0016,0.0000,0.444,tracking,ok,0,3,imu,0.0000,-0.0008,-0.15,-27.77,v:m/s;w:rad/s;arm:deg
BAG,1791436715.3061,702,1,-0.0016,0.0000,0.444,tracking,ok,0,3,imu,0.0000,-0.0008,-0.15,-27.77,v:m/s;w:rad/s;arm:deg
BAG,1791436715.3453,702,1,-0.0016,0.0000,0.444,tracking,ok,0,3,imu,0.0000,-0.0008,-0.15,-27.77,v:m/s;w:rad/s;arm:deg
BAG,1791436715.3780,702,1,-0.0016,0.0000,0.444,tracking,ok,0,3,imu,0.0000,-0.0008,-0.15,-27.77,v:m/s;w:rad/s;arm:deg
BAG,1791436715.4061,703,1,-0.0016,0.0000,0.445,tracking,ok,0,3,imu,0.0000,-0.0008,-0.15,-27.77,v:m/s;w:rad/s;arm:deg
BAG,1791436715.4399,703,1,-0.0016,0.0000,0.445,tracking,ok,0,3,imu,0.0000,-0.0008,-0.15,-27.77,v:m/s;w:rad/s;arm:deg
BAG,1791436715.4730,703,1,-0.0016,0.0000,0.445,tracking,ok,0,3,imu,0.0000,-0.0008,-0.15,-27.77,v:m/s;w:rad/s;arm:deg
BAG,1791436715.5068,704,1,-0.0016,-0.0028,0.443,tracking,ok,0,3,imu,0.0000,-0.0008,-0.15,-27.72,v:m/s;w:rad/s;arm:deg
BAG,1791436715.5447,704,1,-0.0016,-0.0028,0.443,tracking,ok,0,3,imu,0.0000,-0.0008,-0.15,-27.72,v:m/s;w:rad/s;arm:deg
BAG,1791436715.5738,704,1,-0.0016,-0.0028,0.443,tracking,ok,0,3,imu,0.0000,-0.0008,-0.15,-27.72,v:m/s;w:rad/s;arm:deg
BAG,1791436715.6087,705,1,-0.0016,-0.0028,0.444,tracking,ok,0,3,imu,0.0000,-0.0008,-0.15,-27.72,v:m/s;w:rad/s;arm:deg
BAG,1791436715.6413,705,1,-0.0016,-0.0028,0.444,tracking,ok,0,3,imu,0.0000,-0.0008,-0.15,-27.72,v:m/s;w:rad/s;arm:deg
BAG,1791436715.6767,705,1,-0.0016,-0.0028,0.444,tracking,ok,0,3,imu,0.0000,-0.0008,-0.15,-27.72,v:m/s;w:rad/s;arm:deg
BAG,1791436715.7129,706,1,-0.0016,-0.0028,0.444,tracking,ok,0,3,imu,0.0000,-0.0008,-0.15,-27.72,v:m/s;w:rad/s;arm:deg
BAG,1791436715.7430,706,1,-0.0016,-0.0028,0.444,tracking,ok,0,3,imu,0.0000,-0.0008,-0.15,-27.72,v:m/s;w:rad/s;arm:deg
BAG,1791436715.7745,706,1,-0.0016,-0.0028,0.444,tracking,ok,0,3,imu,0.0000,-0.0008,-0.15,-27.72,v:m/s;w:rad/s;arm:deg
BAG,1791436715.8074,706,1,-0.0016,-0.0028,0.444,tracking,ok,0,3,imu,0.0000,-0.0008,-0.15,-27.72,v:m/s;w:rad/s;arm:deg
BAG,1791436715.8502,707,1,-0.0016,0.0000,0.443,tracking,ok,0,3,imu,0.0000,-0.0008,-0.15,-27.77,v:m/s;w:rad/s;arm:deg
BAG,1791436715.8737,707,1,-0.0016,0.0000,0.443,tracking,ok,0,3,imu,0.0000,-0.0008,-0.15,-27.77,v:m/s;w:rad/s;arm:deg
BAG,1791436715.9070,707,1,-0.0016,0.0000,0.443,tracking,ok,0,3,imu,0.0000,-0.0008,-0.15,-27.77,v:m/s;w:rad/s;arm:deg
BAG,1791436715.9491,708,1,-0.0016,-0.0028,0.444,tracking,ok,0,3,imu,0.0000,-0.0008,-0.15,-27.72,v:m/s;w:rad/s;arm:deg
BAG,1791436715.9724,708,1,-0.0016,-0.0028,0.444,tracking,ok,0,3,imu,0.0000,-0.0008,-0.15,-27.72,v:m/s;w:rad/s;arm:deg
BAG,1791436716.0065,708,1,-0.0016,-0.0028,0.444,tracking,ok,0,3,imu,0.0000,-0.0008,-0.15,-27.72,v:m/s;w:rad/s;arm:deg
BAG,1791436716.0427,709,1,-0.0016,0.0000,0.444,tracking,ok,0,3,imu,0.0000,-0.0008,-0.15,-27.77,v:m/s;w:rad/s;arm:deg
BAG,1791436716.0748,709,1,-0.0016,0.0000,0.444,tracking,ok,0,3,imu,0.0000,-0.0008,-0.15,-27.77,v:m/s;w:rad/s;arm:deg
BAG,1791436716.1068,709,1,-0.0016,0.0000,0.444,tracking,ok,0,3,imu,0.0000,-0.0008,-0.15,-27.77,v:m/s;w:rad/s;arm:deg
BAG,1791436716.1469,710,1,-0.0016,0.0000,0.444,tracking,ok,0,3,imu,0.0000,-0.0008,-0.15,-27.77,v:m/s;w:rad/s;arm:deg
BAG,1791436716.1760,710,1,-0.0016,0.0000,0.444,tracking,ok,0,3,imu,0.0000,-0.0008,-0.15,-27.77,v:m/s;w:rad/s;arm:deg
BAG,1791436716.2070,710,1,-0.0016,0.0000,0.444,tracking,ok,0,3,imu,0.0000,-0.0008,-0.15,-27.77,v:m/s;w:rad/s;arm:deg
BAG,1791436716.2403,710,1,-0.0016,0.0000,0.444,tracking,ok,0,3,imu,0.0000,-0.0008,-0.15,-27.77,v:m/s;w:rad/s;arm:deg
BAG,1791436716.2731,711,1,-0.0016,0.0000,0.446,tracking,ok,0,3,imu,0.0000,-0.0008,-0.15,-27.77,v:m/s;w:rad/s;arm:deg
BAG,1791436716.3057,711,1,-0.0016,0.0000,0.446,tracking,ok,0,3,imu,0.0000,-0.0008,-0.15,-27.77,v:m/s;w:rad/s;arm:deg
BAG,1791436716.3458,711,1,-0.0016,0.0000,0.446,tracking,ok,0,3,imu,0.0000,-0.0008,-0.15,-27.77,v:m/s;w:rad/s;arm:deg
BAG,1791436716.3762,712,1,-0.0016,-0.0028,0.444,tracking,ok,0,3,imu,0.0000,-0.0008,-0.15,-27.72,v:m/s;w:rad/s;arm:deg
BAG,1791436716.4064,712,1,-0.0016,-0.0028,0.444,tracking,ok,0,3,imu,0.0000,-0.0008,-0.15,-27.72,v:m/s;w:rad/s;arm:deg
BAG,1791436716.4401,712,1,-0.0016,-0.0028,0.444,tracking,ok,0,3,imu,0.0000,-0.0008,-0.15,-27.72,v:m/s;w:rad/s;arm:deg
BAG,1791436716.4790,713,1,-0.0016,-0.0028,0.444,tracking,ok,0,3,imu,0.0000,-0.0008,-0.15,-27.72,v:m/s;w:rad/s;arm:deg
BAG,1791436716.5068,713,1,-0.0016,-0.0028,0.444,tracking,ok,0,3,imu,0.0000,-0.0008,-0.15,-27.72,v:m/s;w:rad/s;arm:deg
BAG,1791436716.5459,713,1,-0.0016,-0.0028,0.444,tracking,ok,0,3,imu,0.0000,-0.0008,-0.15,-27.72,v:m/s;w:rad/s;arm:deg
BAG,1791436716.5761,714,1,-0.0016,-0.0028,0.444,tracking,ok,0,3,imu,0.0000,-0.0008,-0.15,-27.72,v:m/s;w:rad/s;arm:deg
BAG,1791436716.6058,714,1,-0.0016,-0.0028,0.444,tracking,ok,0,3,imu,0.0000,-0.0008,-0.15,-27.72,v:m/s;w:rad/s;arm:deg
BAG,1791436716.6415,714,1,-0.0016,-0.0028,0.444,tracking,ok,0,3,imu,0.0000,-0.0008,-0.15,-27.72,v:m/s;w:rad/s;arm:deg
BAG,1791436716.6790,715,1,-0.0016,-0.0028,0.444,tracking,ok,0,3,imu,0.0000,-0.0008,-0.15,-27.72,v:m/s;w:rad/s;arm:deg
BAG,1791436716.7062,715,1,-0.0016,-0.0028,0.444,tracking,ok,0,3,imu,0.0000,-0.0008,-0.15,-27.72,v:m/s;w:rad/s;arm:deg
BAG,1791436716.7451,715,1,-0.0016,-0.0028,0.444,tracking,ok,0,3,imu,0.0000,-0.0008,-0.15,-27.72,v:m/s;w:rad/s;arm:deg
BAG,1791436716.7737,715,1,-0.0016,-0.0028,0.444,tracking,ok,0,3,imu,0.0000,-0.0008,-0.15,-27.72,v:m/s;w:rad/s;arm:deg
BAG,1791436716.8067,716,1,-0.0016,-0.0028,0.444,tracking,ok,0,3,imu,0.0000,-0.0008,-0.15,-27.72,v:m/s;w:rad/s;arm:deg
BAG,1791436716.8393,716,1,-0.0016,-0.0028,0.444,tracking,ok,0,3,imu,0.0000,-0.0008,-0.15,-27.72,v:m/s;w:rad/s;arm:deg
BAG,1791436716.8736,716,1,-0.0016,-0.0028,0.444,tracking,ok,0,3,imu,0.0000,-0.0008,-0.15,-27.72,v:m/s;w:rad/s;arm:deg
