t,dt,loop_ms,v_ref,w_ref,wL_ref,wL,wR_ref,wR,thL_err,thR_err,wL_cmd,wR_cmd,yaw_cmd,yaw,pitch_cmd,pitch,imu_yaw
1791000640.7951,0.0200,0.2351,0.0000,0.0000,0.0000,0.0000,0.0000,0.0000,0.0000,0.0000,0.0000,0.0000,0.0476,0.0476,-0.2516,-0.2516,0.0000
1791000640.8151,0.0199,0.0563,0.0000,0.0000,0.0000,0.0000,0.0000,0.0000,0.0000,0.0000,0.0000,0.0000,0.0476,0.0476,-0.2516,-0.2516,0.0000
1791000640.8352,0.0201,0.0657,0.0000,0.0000,0.0000,0.0000,0.0000,0.0000,0.0000,0.0000,0.0000,0.0000,0.0476,0.0476,-0.2516,-0.2516,0.0000
1791000640.8552,0.0200,0.0645,0.0000,0.0000,0.0000,0.0000,0.0000,0.0000,0.0000,0.0000,0.0000,0.0000,0.0476,0.0476,-0.2516,-0.2516,0.0000
1791000640.8751,0.0199,0.0720,0.0000,0.0000,0.0000,0.0000,0.0000,0.0000,0.0000,0.0000,0.0000,0.0000,0.0476,0.0476,-0.2516,-0.2516,0.0000
1791000640.8952,0.0201,0.0686,0.0000,0.0000,0.0000,0.0000,0.0000,0.0000,0.0000,0.0000,0.0000,0.0000,0.0476,0.0476,-0.2516,-0.2516,0.0000
1791000640.9152,0.0200,0.0677,0.0000,0.0000,0.0000,0.0000,0.0000,0.0000,-0.0015,0.0000,0.0000,0.0000,0.0476,0.0476,-0.2516,-0.2516,0.0000
1791000640.9351,0.0200,0.0707,0.0000,0.0000,0.0000,0.0000,0.0000,0.0000,0.0015,0.0000,0.0000,0.0000,0.0476,0.0476,-0.2516,-0.2516,0.0000
1791000640.9552,0.0200,0.0678,0.0000,0.0000,0.0000,0.0000,0.0000,0.0000,0.0000,0.0000,0.0000,0.0000,0.0476,0.0476,-0.2516,-0.2516,0.0000
1791000640.9752,0.0200,0.0675,0.0000,0.0000,0.0000,0.0000,0.0000,0.0000,0.0000,0.0000,0.0000,0.0000,0.0476,0.0476,-0.2516,-0.2516,0.0000
1791000640.9952,0.0200,0.0674,0.0000,0.0000,0.0000,0.0000,0.0000,0.0000,-0.0015,0.0000,0.0000,0.0000,0.0476,0.0476,-0.2516,-0.2516,0.0000
1791000641.0152,0.0200,0.0677,0.0000,0.0000,0.0000,0.0000,0.0000,0.0000,0.0015,0.0000,0.0000,0.0000,0.0476,0.0476,-0.2516,-0.2516,0.0000
1791000641.0351,0.0199,0.0684,0.0000,0.0000,0.0000,0.0000,0.0000,0.0000,0.0000,0.0000,0.0000,0.0000,0.0476,0.0476,-0.2516,-0.2516,0.0000
1791000641.0550,0.0199,0.0677,0.0000,0.0000,0.0000,0.0000,0.0000,0.0000,0.0000,0.0000,0.0000,0.0000,0.0476,0.0476,-0.2516,-0.2516,0.0000
1791000641.0751,0.0201,0.0675,0.0000,0.0000,0.0000,0.0000,0.0000,0.0000,0.0000,0.0000,0.0000,0.0000,0.0476,0.0476,-0.2516,-0.2516,0.0000
1791000641.0952,0.0201,0.0678,0.0000,0.0000,0.0000,0.0000,0.0000,0.0000,0.0000,0.0000,0.0000,0.0000,0.0476,0.0476,-0.2516,-0.2516,0.0000
1791000641.1151,0.0199,0.1250,0.0000,0.0000,0.0000,0.0000,0.0000,0.0000,0.0000,0.0000,0.0000,0.0000,0.0476,0.0476,-0.2516,-0.2516,0.0000
1791000641.1351,0.0200,0.0982,0.0000,0.0000,0.0000,0.0000,0.0000,0.0000,-0.0015,0.0000,0.0000,0.0000,0.0476,0.0476,-0.2516,-0.2516,0.0000
1791000641.1551,0.0201,0.0720,0.0000,0.0000,0.0000,0.0000,0.0000,0.0000,0.0015,0.0000,0.0000,0.0000,0.0476,0.0476,-0.2516,-0.2516,0.0000
1791000641.1751,0.0200,0.0727,0.0000,0.0000,0.0000,0.0000,0.0000,0.0000,0.0000,0.0000,0.0000,0.0000,0.0476,0.0476,-0.2516,-0.2516,0.0000
1791000641.1951,0.0200,0.0760,0.0000,0.0000,0.0000,0.0000,0.0000,0.0000,0.0000,0.0000,0.0000,0.0000,0.0476,0.0476,-0.2516,-0.2516,0.0000
1791000641.2151,0.0200,0.0516,0.0000,0.0000,0.0000,0.0000,0.0000,0.0000,-0.0015,0.0000,0.0000,0.0000,0.0476,0.0476,-0.2516,-0.2516,0.0000
1791000641.2351,0.0200,0.0518,0.0000,0.0000,0.0000,0.0000,0.0000,0.0000,0.0015,0.0000,0.0000,0.0000,0.0476,0.0476,-0.2516,-0.2516,0.0000
1791000641.2551,0.0200,0.0542,0.0000,0.0000,0.0000,0.0000,0.0000,0.0000,0.0000,0.0000,0.0000,0.0000,0.0476,0.0476,-0.2516,-0.2516,0.0000
1791000641.2751,0.0200,0.0621,0.0000,0.0000,0.0000,0.0000,0.0000,0.0000,0.0000,0.0000,0.0000,0.0000,0.0476,0.0476,-0.2516,-0.2516,0.0000
1791000641.2950,0.0199,0.0636,0.0000,0.0000,0.0000,0.0000,0.0000,0.0000,0.0000,0.0000,0.0000,0.0000,0.0476,0.0476,-0.2516,-0.2516,0.0000
1791000641.3151,0.0201,0.0591,0.0000,0.0000,0.0000,0.0000,0.0000,0.0000,0.0000,0.0000,0.0000,0.0000,0.0476,0.0476,-0.2516,-0.2516,0.0000
1791000641.3351,0.0200,0.0604,0.0000,0.0000,0.0000,0.0000,0.0000,0.0000,0.0000,0.0000,0.0000,0.0000,0.0476,0.0476,-0.2516,-0.2516,0.0000
1791000641.3551,0.0200,0.0712,0.0000,0.0000,0.0000,0.0000,0.0000,0.0000,0.0000,0.0000,0.0000,0.0000,0.0476,0.0476,-0.2516,-0.2516,0.0000
1791000641.3751,0.0200,0.0588,0.0000,0.0000,0.0000,0.0000,0.0000,0.0000,0.0000,0.0000,0.0000,0.0000,0.0476,0.0476,-0.2516,-0.2516,0.0000
1791000641.3951,0.0200,0.0573,0.0000,0.0000,0.0000,0.0000,0.0000,0.0000,0.0000,0.0000,0.0000,0.0000,0.0476,0.0476,-0.2516,-0.2516,0.0000
1791000641.4151,0.0200,0.0630,0.0000,0.0000,0.0000,0.0000,0.0000,0.0000,0.0000,0.0000,0.0000,0.0000,0.0476,0.0476,-0.2516,-0.2516,0.0000
1791000641.4351,0.0200,0.0613,0.0000,0.0000,0.0000,0.0000,0.0000,0.0000,0.0000,0.0000,0.0000,0.0000,0.0476,0.0476,-0.2516,-0.2516,0.0000
1791000641.4551,0.0200,0.0541,0.0000,0.0000,0.0000,0.0000,0.0000,0.0000,0.0000,0.0000,0.0000,0.0000,0.0476,0.0476,-0.2516,-0.2516,0.0000
1791000641.4751,0.0200,0.0527,0.0000,0.0000,0.0000,0.0000,0.0000,0.0000,0.0000,0.0000,0.0000,0.0000,0.0476,0.0476,-0.2516,-0.2516,0.0000
1791000641.4952,0.0201,0.0663,0.0000,0.0000,0.0000,0.0000,0.0000,0.0000,0.0000,0.0000,0.0000,0.0000,0.0476,0.0476,-0.2516,-0.2516,0.0000
1791000641.5151,0.0200,0.1151,0.0000,0.0000,0.0000,0.0000,0.0000,0.0000,0.0000,0.0000,0.0000,0.0000,0.0476,0.0476,-0.2516,-0.2516,0.0000
1791000641.5351,0.0200,0.0804,0.0000,0.0000,0.0000,0.0000,0.0000,0.0000,0.0000,0.0000,0.0000,0.0000,0.0476,0.0476,-0.2516,-0.2516,0.0000
1791000641.5550,0.0199,0.0756,0.0000,0.0000,0.0000,0.0000,0.0000,0.0000,0.0000,0.0000,0.0000,0.0000,0.0476,0.0476,-0.2516,-0.2516,0.0000
1791000641.5751,0.0201,0.0708,0.0000,0.0000,0.0000,0.0000,0.0000,0.0000,0.0000,-0.0015,0.0000,0.0000,0.0476,0.0476,-0.2516,-0.2516,0.0000
1791000641.5951,0.0200,0.0714,0.0000,0.0000,0.0000,0.0000,0.0000,0.0000,0.0000,0.0015,0.0000,0.0000,0.0476,0.0476,-0.2516,-0.2516,0.0000
1791000641.6151,0.0200,0.0706,0.0000,0.0000,0.0000,0.0000,0.0000,0.0000,0.0000,0.0000,0.0000,0.0000,0.0476,0.0476,-0.2516,-0.2516,0.0000
1791000641.6352,0.0200,0.0724,0.0000,0.0000,0.0000,0.0000,0.0000,0.0000,0.0000,0.0000,0.0000,0.0000,0.0476,0.0476,-0.2516,-0.2516,0.0000
1791000641.6551,0.0199,0.0698,0.0000,0.0000,0.0000,0.0000,0.0000,0.0000,0.0000,0.0000,0.0000,0.0000,0.0476,0.0476,-0.2516,-0.2516,0.0000
1791000641.6752,0.0201,0.0707,0.0000,0.0000,0.0000,0.0000,0.0000,0.0000,0.0000,-0.0015,0.0000,0.0000,0.0476,0.0476,-0.2516,-0.2516,0.0000
1791000641.6951,0.0199,0.0700,0.0000,0.0000,0.0000,0.0000,0.0000,0.0000,0.0000,0.0015,0.0000,0.0000,0.0476,0.0476,-0.2516,-0.2516,0.0000
1791000641.7152,0.0201,0.0702,0.0000,0.0000,0.0000,0.0000,0.0000,0.0000,0.0000,0.0000,0.0000,0.0000,0.0476,0.0476,-0.2516,-0.2516,0.0000
1791000641.7351,0.0200,0.0704,0.0000,0.0000,0.0000,0.0000,0.0000,0.0000,0.0000,0.0000,0.0000,0.0000,0.0476,0.0476,-0.2516,-0.2516,0.0000
1791000641.7552,0.0200,0.0807,0.0000,0.0000,0.0000,0.0000,0.0000,0.0000,0.0000,0.0000,0.0000,0.0000,0.0476,0.0476,-0.2516,-0.2516,0.0000
1791000641.7751,0.0200,0.0760,0.0000,0.0000,0.0000,0.0000,0.0000,0.0000,0.0000,0.0000,0.0000,0.0000,0.0476,0.0476,-0.2516,-0.2531,0.0000
1791000641.7951,0.0200,0.0825,0.0000,0.0000,0.0000,0.0000,0.0000,0.0000,0.0000,0.0000,0.0000,0.0000,0.0476,0.0476,-0.2516,-0.2516,0.0000
1791000641.8150,0.0199,0.0735,0.0000,0.0000,0.0000,0.0000,0.0000,0.0000,0.0000,0.0000,0.0000,0.0000,0.0476,0.0476,-0.2516,-0.2516,0.0000
1791000641.8351,0.0201,0.0700,0.0000,0.0000,0.0000,0.0000,0.0000,0.0000,0.0000,0.0000,0.0000,0.0000,0.0476,0.0476,-0.2516,-0.2516,0.0000
1791000641.8551,0.0200,0.0562,0.0000,0.0000,0.0000,0.0000,0.0000,0.0000,0.0000,0.0000,0.0000,0.0000,0.0476,0.0476,-0.2516,-0.2516,0.0000
1791000641.8751,0.0200,0.0559,0.0000,0.0000,0.0000,0.0000,0.0000,0.0000,0.0000,0.0000,0.0000,0.0000,0.0476,0.0476,-0.2516,-0.2516,0.0000
1791000641.8951,0.0200,0.0554,0.0000,0.0000,0.0000,0.0000,0.0000,0.0000,0.0000,0.0000,0.0000,0.0000,0.0476,0.0476,-0.2516,-0.2516,0.0000
1791000641.9150,0.0199,0.0559,0.0000,0.0000,0.0000,0.0000,0.0000,0.0000,0.0000,0.0000,0.0000,0.0000,0.0476,0.0476,-0.2516,-0.2516,0.0000
1791000641.9351,0.0201,0.0557,0.0000,0.0000,0.0000,0.0000,0.0000,0.0000,0.0000,0.0000,0.0000,0.0000,0.0476,0.0476,-0.2516,-0.2516,0.0000
1791000641.9551,0.0200,0.0560,0.0000,0.0000,0.0000,0.0000,0.0000,0.0000,-0.0015,0.0000,0.0000,0.0000,0.0476,0.0476,-0.2516,-0.2516,0.0000
1791000641.9751,0.0200,0.0587,0.0000,0.0000,0.0000,0.0000,0.0000,0.0000,0.0015,0.0000,0.0000,0.0000,0.0476,0.0476,-0.2516,-0.2516,0.0000
1791000641.9951,0.0200,0.0556,0.0000,0.0000,0.0000,0.0000,0.0000,0.0000,0.0000,0.0000,0.0000,0.0000,0.0476,0.0476,-0.2516,-0.2516,0.0000
1791000642.0151,0.0200,0.0560,0.0000,0.0000,0.0000,0.0000,0.0000,0.0000,0.0000,0.0000,0.0000,0.0000,0.0476,0.0476,-0.2516,-0.2516,0.0000
1791000642.0351,0.0200,0.0561,0.0000,0.0000,0.0000,0.0000,0.0000,0.0000,-0.0015,0.0000,0.0000,0.0000,0.0476,0.0476,-0.2516,-0.2516,0.0000
1791000642.0551,0.0201,0.0711,0.0000,0.0000,0.0000,0.0000,0.0000,0.0000,0.0015,0.0000,0.0000,0.0000,0.0476,0.0476,-0.2516,-0.2531,0.0000
1791000642.0751,0.0200,0.0698,0.0000,0.0000,0.0000,0.0000,0.0000,0.0000,0.0000,0.0000,0.0000,0.0000,0.0476,0.0476,-0.2516,-0.2516,0.0000
1791000642.0952,0.0200,0.0718,0.0000,0.0000,0.0000,0.0000,0.0000,0.0000,0.0000,0.0000,0.0000,0.0000,0.0476,0.0476,-0.2516,-0.2516,0.0000
1791000642.1152,0.0200,0.0718,0.0000,0.0000,0.0000,0.0000,0.0000,0.0000,0.0000,0.0000,0.0000,0.0000,0.0476,0.0476,-0.2516,-0.2516,0.0000
1791000642.1352,0.0200,0.0717,0.0000,0.0000,0.0000,0.0000,0.0000,0.0000,0.0000,0.0000,0.0000,0.0000,0.0476,0.0476,-0.2516,-0.2516,0.0000
1791000642.1552,0.0200,0.0733,0.0000,0.0000,0.0000,0.0000,0.0000,0.0000,0.0000,0.0000,0.0000,0.0000,0.0476,0.0476,-0.2516,-0.2516,0.0000
1791000642.1751,0.0199,0.0807,0.0000,0.0000,0.0000,0.0000,0.0000,0.0000,0.0000,0.0000,0.0000,0.0000,0.0476,0.0476,-0.2516,-0.2516,0.0000
1791000642.1951,0.0200,0.0739,0.0000,0.0000,0.0000,0.0000,0.0000,0.0000,0.0000,0.0000,0.0000,0.0000,0.0476,0.0476,-0.2516,-0.2516,0.0000
1791000642.2151,0.0200,0.0887,0.0000,0.0000,0.0000,0.0000,0.0000,0.0000,0.0000,0.0000,0.0000,0.0000,0.0476,0.0476,-0.2516,-0.2516,0.0000
1791000642.2352,0.0201,0.0713,0.0000,0.0000,0.0000,0.0000,0.0000,0.0000,0.0000,0.0000,0.0000,0.0000,0.0476,0.0476,-0.2516,-0.2516,0.0000
1791000642.2552,0.0199,0.0747,0.0000,0.0000,0.0000,0.0000,0.0000,0.0000,0.0000,0.0000,0.0000,0.0000,0.0476,0.0476,-0.2516,-0.2516,0.0000
1791000642.2752,0.0200,0.0729,0.0000,0.0000,0.0000,0.0000,0.0000,0.0000,0.0000,0.0000,0.0000,0.0000,0.0476,0.0476,-0.2516,-0.2516,0.0000
1791000642.2952,0.0200,0.0717,0.0000,0.0000,0.0000,0.0000,0.0000,0.0000,0.0000,0.0000,0.0000,0.0000,0.0476,0.0476,-0.2516,-0.2516,0.0000
1791000642.3151,0.0200,0.0722,0.0000,0.0000,0.0000,0.0000,0.0000,0.0000,0.0000,0.0000,0.0000,0.0000,0.0476,0.0476,-0.2516,-0.2516,0.0000
1791000642.3351,0.0200,0.0691,0.0000,0.0000,0.0000,0.0000,0.0000,0.0000,-0.0015,0.0000,0.0000,0.0000,0.0476,0.0476,-0.2516,-0.2516,0.0000
1791000642.3551,0.0200,0.0693,0.0000,0.0000,0.0000,0.0000,0.0000,0.0000,0.0015,0.0000,0.0000,0.0000,0.0476,0.0476,-0.2516,-0.2516,0.0000
1791000642.3751,0.0200,0.0832,0.0000,0.0000,0.0000,0.0000,0.0000,0.0000,0.0000,0.0000,0.0000,0.0000,0.0476,0.0476,-0.2516,-0.2516,0.0000
1791000642.3951,0.0200,0.0701,0.0000,0.0000,0.0000,0.0000,0.0000,0.0000,0.0000,0.0000,0.0000,0.0000,0.0476,0.0476,-0.2516,-0.2516,0.0000
1791000642.4151,0.0200,0.0690,0.0000,0.0000,0.0000,0.0000,0.0000,0.0000,0.0000,0.0000,0.0000,0.0000,0.0476,0.0476,-0.2516,-0.2516,0.0000
1791000642.4352,0.0201,0.0700,0.0000,0.0000,0.0000,0.0000,0.0000,0.0000,0.0000,0.0000,0.0000,0.0000,0.0476,0.0476,-0.2516,-0.2516,0.0000
1791000642.4552,0.0200,0.0691,0.0000,0.0000,0.0000,0.0000,0.0000,0.0000,0.0000,0.0000,0.0000,0.0000,0.0476,0.0476,-0.2516,-0.2516,0.0000
1791000642.4751,0.0199,0.0697,0.0000,0.0000,0.0000,0.0000,0.0000,0.0000,0.0000,0.0000,0.0000,0.0000,0.0476,0.0476,-0.2516,-0.2516,0.0000
1791000642.4952,0.0200,0.0670,0.0000,0.0000,0.0000,0.0000,0.0000,0.0000,0.0000,-0.0015,0.0000,0.0000,0.0476,0.0476,-0.2516,-0.2516,0.0000
1791000642.5151,0.0200,0.0669,0.0000,0.0000,0.0000,0.0000,0.0000,0.0000,-0.0015,0.0015,0.0000,0.0000,0.0476,0.0476,-0.2516,-0.2516,0.0000
1791000642.5352,0.0200,0.0659,0.0000,0.0000,0.0000,0.0000,0.0000,0.0000,0.0015,0.0000,0.0000,0.0000,0.0476,0.0476,-0.2516,-0.2516,0.0000
1791000642.5551,0.0200,0.0697,0.0000,0.0000,0.0000,0.0000,0.0000,0.0000,-0.0015,0.0000,0.0000,0.0000,0.0476,0.0506,-0.2516,-0.2516,0.0000
1791000642.5751,0.0200,0.0756,0.0000,0.0000,0.0000,0.0000,0.0000,0.0000,0.0015,0.0000,0.0000,0.0000,0.0476,0.0476,-0.2516,-0.2516,0.0000
1791000642.5952,0.0200,0.0816,0.0000,0.0000,0.0000,0.0000,0.0000,0.0000,0.0000,0.0000,0.0000,0.0000,0.0476,0.0476,-0.2516,-0.2516,0.0000
1791000642.6150,0.0199,0.0649,0.0000,0.0000,0.0000,0.0000,0.0000,0.0000,-0.0015,0.0000,0.0000,0.0000,0.0476,0.0476,-0.2516,-0.2516,0.0000
1791000642.6352,0.0201,0.0645,0.0000,0.0000,0.0000,0.0000,0.0000,0.0000,0.0015,0.0000,0.0000,0.0000,0.0476,0.0476,-0.2516,-0.2516,0.0000
1791000642.6551,0.0199,0.0643,0.0000,0.0000,0.0000,0.0000,0.0000,0.0000,0.0000,0.0000,0.0000,0.0000,0.0476,0.0476,-0.2516,-0.2516,0.0000
1791000642.6752,0.0200,0.0640,0.0000,0.0000,0.0000,0.0000,0.0000,0.0000,0.0000,0.0000,0.0000,0.0000,0.0476,0.0476,-0.2516,-0.2516,0.0000
1791000642.6952,0.0200,0.0642,0.0000,0.0000,0.0000,0.0000,0.0000,0.0000,0.0000,0.0000,0.0000,0.0000,0.0476,0.0476,-0.2516,-0.2516,0.0000
1791000642.7152,0.0200,0.0678,0.0000,0.0000,0.0000,0.0000,0.0000,0.0000,0.0000,0.0000,0.0000,0.0000,0.0476,0.0476,-0.2516,-0.2516,0.0000
1791000642.7352,0.0200,0.0677,0.0000,0.0000,0.0000,0.0000,0.0000,0.0000,0.0000,0.0000,0.0000,0.0000,0.0476,0.0476,-0.2516,-0.2516,0.0000
1791000642.7552,0.0200,0.0669,0.0000,0.0000,0.0000,0.0000,0.0000,0.0000,0.0000,0.0000,0.0000,0.0000,0.0476,0.0476,-0.2516,-0.2516,0.0000
1791000642.7751,0.0199,0.0673,0.0000,0.0000,0.0000,0.0000,0.0000,0.0000,0.0000,0.0000,0.0000,0.0000,0.0476,0.0476,-0.2516,-0.2516,0.0000
1791000642.7951,0.0200,0.0681,0.0000,0.0000,0.0000,0.0000,0.0000,0.0000,0.0000,0.0000,0.0000,0.0000,0.0476,0.0476,-0.2516,-0.2516,0.0000
1791000642.8151,0.0200,0.0672,0.0000,0.0000,0.0000,0.0000,0.0000,0.0000,0.0000,0.0000,0.0000,0.0000,0.0476,0.0476,-0.2516,-0.2516,0.0000
1791000642.8352,0.0201,0.1981,0.0000,0.0000,0.0000,0.0000,0.0000,0.0000,0.0000,0.0000,0.0000,0.0000,0.0476,0.0476,-0.2516,-0.2516,0.0000
1791000642.8552,0.0200,0.1235,0.0000,0.0000,0.0000,0.0000,0.0000,0.0000,0.0000,0.0000,0.0000,0.0000,0.0476,0.0476,-0.2516,-0.2516,0.0000
1791000642.8751,0.0200,0.1241,0.0000,0.0000,0.0000,0.0000,0.0000,0.0000,0.0000,0.0000,0.0000,0.0000,0.0476,0.0476,-0.2516,-0.2516,0.0000
1791000642.8951,0.0199,0.1184,0.0000,0.0000,0.0000,0.0000,0.0000,0.0000,0.0000,0.0000,0.0000,0.0000,0.0476,0.0476,-0.2516,-0.2516,0.0000
1791000642.9151,0.0201,0.1076,0.0000,0.0000,0.0000,0.0000,0.0000,0.0000,0.0000,0.0000,0.0000,0.0000,0.0476,0.0476,-0.2516,-0.2516,0.0000
1791000642.9351,0.0200,0.0926,0.0000,0.0000,0.0000,0.0000,0.0000,0.0000,-0.0015,0.0000,0.0000,0.0000,0.0476,0.0476,-0.2516,-0.2516,0.0000
1791000642.9551,0.0199,0.0556,0.0000,0.0000,0.0000,0.0000,0.0000,0.0000,0.0000,0.0000,0.0000,0.0000,0.0476,0.0476,-0.2516,-0.2516,0.0000
1791000642.9751,0.0200,0.0544,0.0000,0.0000,0.0000,0.0000,0.0000,0.0000,0.0015,0.0000,0.0000,0.0000,0.0476,0.0476,-0.2516,-0.2516,0.0000
1791000642.9951,0.0200,0.0780,0.0000,0.0000,0.0000,0.0000,0.0000,0.0000,0.0000,0.0000,0.0000,0.0000,0.0476,0.0476,-0.2516,-0.2516,0.0000
1791000643.0152,0.0200,0.0675,0.0000,0.0000,0.0000,0.0000,0.0000,0.0000,0.0000,0.0000,0.0000,0.0000,0.0476,0.0476,-0.2516,-0.2516,0.0000
1791000643.0352,0.0200,0.0963,0.0000,0.0000,0.0000,0.0000,0.0000,0.0000,0.0000,0.0000,0.0000,0.0000,0.0476,0.0476,-0.2516,-0.2516,0.0000
1791000643.0552,0.0200,0.1121,0.0000,0.0000,0.0000,0.0000,0.0000,0.0000,0.0000,0.0000,0.0000,0.0000,0.0476,0.0476,-0.2516,-0.2516,0.0000
1791000643.0751,0.0199,0.1098,0.0000,0.0000,0.0000,0.0000,0.0000,0.0000,-0.0015,0.0000,0.0000,0.0000,0.0476,0.0476,-0.2516,-0.2516,0.0000
1791000643.0950,0.0200,0.0878,0.0000,0.0000,0.0000,0.0000,0.0000,0.0000,0.0015,0.0000,0.0000,0.0000,0.0476,0.0476,-0.2516,-0.2516,0.0000
1791000643.1150,0.0200,0.0851,0.0000,0.0000,0.0000,0.0000,0.0000,0.0000,0.0000,0.0000,0.0000,0.0000,0.0476,0.0476,-0.2516,-0.2516,0.0000
1791000643.1350,0.0200,0.0547,0.0000,0.0000,0.0000,0.0000,0.0000,0.0000,0.0000,0.0000,0.0000,0.0000,0.0476,0.0476,-0.2516,-0.2516,0.0000
1791000643.1551,0.0201,0.0543,0.0000,0.0000,0.0000,0.0000,0.0000,0.0000,0.0000,0.0000,0.0000,0.0000,0.0476,0.0476,-0.2516,-0.2516,0.0000
1791000643.1750,0.0199,0.0643,0.0000,0.0000,0.0000,0.0000,0.0000,0.0000,0.0000,0.0000,0.0000,0.0000,0.0476,0.0476,-0.2516,-0.2516,0.0000
1791000643.1950,0.0200,0.0564,0.0000,0.0000,0.0000,0.0000,0.0000,0.0000,0.0000,0.0000,0.0000,0.0000,0.0476,0.0476,-0.2516,-0.2516,0.0000
1791000643.2151,0.0201,0.0532,0.0000,0.0000,0.0000,0.0000,0.0000,0.0000,0.0000,0.0000,0.0000,0.0000,0.0476,0.0476,-0.2516,-0.2516,0.0000
1791000643.2350,0.0199,0.0685,0.0000,0.0000,0.0000,0.0000,0.0000,0.0000,0.0000,0.0000,0.0000,0.0000,0.0476,0.0476,-0.2516,-0.2516,0.0000
1791000643.2550,0.0200,0.0699,0.0000,0.0000,0.0000,0.0000,0.0000,0.0000,0.0000,0.0000,0.0000,0.0000,0.0476,0.0476,-0.2516,-0.2516,0.0000
1791000643.2750,0.0200,0.0706,0.0000,0.0000,0.0000,0.0000,0.0000,0.0000,0.0000,0.0000,0.0000,0.0000,0.0476,0.0476,-0.2516,-0.2516,0.0000
1791000643.2950,0.0200,0.0688,0.0000,0.0000,0.0000,0.0000,0.0000,0.0000,-0.0015,0.0000,0.0000,0.0000,0.0476,0.0476,-0.2516,-0.2516,0.0000
1791000643.3150,0.0200,0.0554,0.0000,0.0000,0.0000,0.0000,0.0000,0.0000,0.0015,0.0000,0.0000,0.0000,0.0476,0.0476,-0.2516,-0.2516,0.0000
1791000643.3351,0.0201,0.0697,0.0000,0.0000,0.0000,0.0000,0.0000,0.0000,0.0000,0.0000,0.0000,0.0000,0.0476,0.0476,-0.2516,-0.2516,0.0000
1791000643.3550,0.0199,0.0784,0.0000,0.0000,0.0000,0.0000,0.0000,0.0000,0.0000,0.0000,0.0000,0.0000,0.0476,0.0476,-0.2516,-0.2516,0.0000
1791000643.3750,0.0200,0.0713,0.0000,0.0000,0.0000,0.0000,0.0000,0.0000,0.0000,0.0000,0.0000,0.0000,0.0476,0.0476,-0.2516,-0.2516,0.0000
1791000643.3950,0.0200,0.0847,0.0000,0.0000,0.0000,0.0000,0.0000,0.0000,0.0000,0.0000,0.0000,0.0000,0.0476,0.0476,-0.2516,-0.2516,0.0000
1791000643.4150,0.0200,0.0653,0.0000,0.0000,0.0000,0.0000,0.0000,0.0000,-0.0015,0.0000,0.0000,0.0000,0.0476,0.0476,-0.2516,-0.2516,0.0000
1791000643.4350,0.0200,0.0379,0.0000,0.0000,0.0000,0.0000,0.0000,0.0000,0.0015,0.0000,0.0000,0.0000,0.0476,0.0476,-0.2516,-0.2516,0.0000
1791000643.4551,0.0201,0.0538,0.0000,0.0000,0.0000,0.0000,0.0000,0.0000,-0.0015,0.0000,0.0000,0.0000,0.0476,0.0476,-0.2516,-0.2516,0.0000
1791000643.4751,0.0200,0.0540,0.0000,0.0000,0.0000,0.0000,0.0000,0.0000,0.0015,0.0000,0.0000,0.0000,0.0476,0.0476,-0.2516,-0.2516,0.0000
1791000643.4951,0.0200,0.0723,0.0000,0.0000,0.0000,0.0000,0.0000,0.0000,0.0000,0.0000,0.0000,0.0000,0.0476,0.0476,-0.2516,-0.2516,0.0000
1791000643.5151,0.0200,0.0701,0.0000,0.0000,0.0000,0.0000,0.0000,0.0000,0.0000,0.0000,0.0000,0.0000,0.0476,0.0476,-0.2516,-0.2516,0.0000
1791000643.5351,0.0200,0.0694,0.0000,0.0000,0.0000,0.0000,0.0000,0.0000,0.0000,0.0000,0.0000,0.0000,0.0476,0.0476,-0.2516,-0.2516,0.0000
1791000643.5551,0.0200,0.0693,0.0000,0.0000,0.0000,0.0000,0.0000,0.0000,0.0000,0.0000,0.0000,0.0000,0.0476,0.0476,-0.2516,-0.2516,0.0000
1791000643.5751,0.0200,0.0671,0.0000,0.0000,0.0000,0.0000,0.0000,0.0000,0.0000,0.0000,0.0000,0.0000,0.0476,0.0506,-0.2516,-0.2516,0.0000
1791000643.5951,0.0200,0.0670,0.0000,0.0000,0.0000,0.0000,0.0000,0.0000,0.0000,0.0000,0.0000,0.0000,0.0476,0.0476,-0.2516,-0.2531,0.0000
1791000643.6150,0.0199,0.0771,0.0000,0.0000,0.0000,0.0000,0.0000,0.0000,0.0000,0.0000,0.0000,0.0000,0.0476,0.0476,-0.2516,-0.2516,0.0000
1791000643.6352,0.0201,0.0678,0.0000,0.0000,0.0000,0.0000,0.0000,0.0000,0.0000,0.0000,0.0000,0.0000,0.0476,0.0476,-0.2516,-0.2516,0.0000
1791000643.6551,0.0200,0.0654,0.0000,0.0000,0.0000,0.0000,0.0000,0.0000,0.0000,0.0000,0.0000,0.0000,0.0476,0.0476,-0.2516,-0.2516,0.0000
1791000643.6750,0.0199,0.0675,0.0000,0.0000,0.0000,0.0000,0.0000,0.0000,0.0000,0.0000,0.0000,0.0000,0.0476,0.0476,-0.2516,-0.2516,0.0000
1791000643.6951,0.0201,0.0667,0.0000,0.0000,0.0000,0.0000,0.0000,0.0000,0.0000,0.0000,0.0000,0.0000,0.0476,0.0476,-0.2516,-0.2516,0.0000
1791000643.7151,0.0200,0.0748,0.0000,0.0000,0.0000,0.0000,0.0000,0.0000,0.0000,0.0000,0.0000,0.0000,0.0476,0.0476,-0.2516,-0.2516,0.0000
1791000643.7351,0.0200,0.0685,0.0000,0.0000,0.0000,0.0000,0.0000,0.0000,0.0000,0.0000,0.0000,0.0000,0.0476,0.0476,-0.2516,-0.2516,0.0000
1791000643.7550,0.0199,0.0677,0.0000,0.0000,0.0000,0.0000,0.0000,0.0000,0.0000,0.0000,0.0000,0.0000,0.0476,0.0476,-0.2516,-0.2516,0.0000
1791000643.7751,0.0201,0.0682,0.0000,0.0000,0.0000,0.0000,0.0000,0.0000,0.0000,0.0000,0.0000,0.0000,0.0476,0.0476,-0.2516,-0.2516,0.0000
1791000643.7952,0.0200,0.0662,0.0000,0.0000,0.0000,0.0000,0.0000,0.0000,0.0000,0.0000,0.0000,0.0000,0.0476,0.0476,-0.2516,-0.2516,0.0000
1791000643.8150,0.0199,0.0747,0.0000,0.0000,0.0000,0.0000,0.0000,0.0000,-0.0015,0.0000,0.0000,0.0000,0.0476,0.0476,-0.2516,-0.2516,0.0000
1791000643.8351,0.0201,0.0739,0.0000,0.0000,0.0000,0.0000,0.0000,0.0000,0.0015,0.0000,0.0000,0.0000,0.0476,0.0476,-0.2516,-0.2516,0.0000
1791000643.8551,0.0200,0.0680,0.0000,0.0000,0.0000,0.0000,0.0000,0.0000,0.0000,0.0000,0.0000,0.0000,0.0476,0.0476,-0.2516,-0.2516,0.0000
1791000643.8751,0.0200,0.0672,0.0000,0.0000,0.0000,0.0000,0.0000,0.0000,-0.0015,0.0000,0.0000,0.0000,0.0476,0.0476,-0.2516,-0.2516,0.0000
1791000643.8952,0.0201,0.0673,0.0000,0.0000,0.0000,0.0000,0.0000,0.0000,0.0000,0.0000,0.0000,0.0000,0.0476,0.0476,-0.2516,-0.2516,0.0000
1791000643.9152,0.0200,0.0696,0.0000,0.0000,0.0000,0.0000,0.0000,0.0000,0.0015,0.0000,0.0000,0.0000,0.0476,0.0476,-0.2516,-0.2516,0.0000
1791000643.9350,0.0199,0.0704,0.0000,0.0000,0.0000,0.0000,0.0000,0.0000,0.0000,0.0000,0.0000,0.0000,0.0476,0.0476,-0.2516,-0.2516,0.0000
1791000643.9551,0.0201,0.0668,0.0000,0.0000,0.0000,0.0000,0.0000,0.0000,0.0000,0.0000,0.0000,0.0000,0.0476,0.0476,-0.2516,-0.2516,0.0000
1791000643.9751,0.0200,0.0698,0.0000,0.0000,0.0000,0.0000,0.0000,0.0000,0.0000,0.0000,0.0000,0.0000,0.0476,0.0476,-0.2516,-0.2516,0.0000
1791000643.9951,0.0200,0.0691,0.0000,0.0000,0.0000,0.0000,0.0000,0.0000,0.0000,0.0000,0.0000,0.0000,0.0476,0.0476,-0.2516,-0.2516,0.0000
1791000644.0151,0.0200,0.0719,0.0000,0.0000,0.0000,0.0000,0.0000,0.0000,0.0000,0.0000,0.0000,0.0000,0.0476,0.0476,-0.2516,-0.2516,0.0000
1791000644.0351,0.0200,0.0843,0.0000,0.0000,0.0000,0.0000,0.0000,0.0000,-0.0015,-0.0015,0.0000,0.0000,0.0476,0.0476,-0.2516,-0.2516,0.0000
1791000644.0551,0.0200,0.0680,0.0000,0.0000,0.0000,0.0000,0.0000,0.0000,0.0015,0.0015,0.0000,0.0000,0.0476,0.0476,-0.2516,-0.2516,0.0000
1791000644.0751,0.0200,0.0674,0.0000,0.0000,0.0000,0.0000,0.0000,0.0000,0.0000,0.0000,0.0000,0.0000,0.0476,0.0476,-0.2516,-0.2516,0.0000
1791000644.0951,0.0200,0.0717,0.0000,0.0000,0.0000,0.0000,0.0000,0.0000,-0.0015,0.0000,0.0000,0.0000,0.0476,0.0476,-0.2516,-0.2516,0.0000
1791000644.1151,0.0200,0.0677,0.0000,0.0000,0.0000,0.0000,0.0000,0.0000,0.0015,0.0000,0.0000,0.0000,0.0476,0.0476,-0.2516,-0.2516,0.0000
1791000644.1350,0.0199,0.0675,0.0000,0.0000,0.0000,0.0000,0.0000,0.0000,0.0000,0.0000,0.0000,0.0000,0.0476,0.0476,-0.2516,-0.2516,0.0000
1791000644.1551,0.0201,0.0667,0.0000,0.0000,0.0000,0.0000,0.0000,0.0000,0.0000,0.0000,0.0000,0.0000,0.0476,0.0476,-0.2516,-0.2516,0.0000
1791000644.1750,0.0199,0.0630,0.0000,0.0000,0.0000,0.0000,0.0000,0.0000,0.0000,0.0000,0.0000,0.0000,0.0476,0.0476,-0.2516,-0.2516,0.0000
1791000644.1950,0.0200,0.0646,0.0000,0.0000,0.0000,0.0000,0.0000,0.0000,0.0000,0.0000,0.0000,0.0000,0.0476,0.0476,-0.2516,-0.2516,0.0000
1791000644.2151,0.0201,0.0650,0.0000,0.0000,0.0000,0.0000,0.0000,0.0000,0.0000,0.0000,0.0000,0.0000,0.0476,0.0476,-0.2516,-0.2516,0.0000
1791000644.2352,0.0201,0.0747,0.0000,0.0000,0.0000,0.0000,0.0000,0.0000,0.0000,0.0000,0.0000,0.0000,0.0476,0.0476,-0.2516,-0.2516,0.0000
1791000644.2551,0.0199,0.0505,0.0000,0.0000,0.0000,0.0000,0.0000,0.0000,0.0000,0.0000,0.0000,0.0000,0.0476,0.0476,-0.2516,-0.2516,0.0000
1791000644.2751,0.0200,0.0504,0.0000,0.0000,0.0000,0.0000,0.0000,0.0000,0.0000,0.0000,0.0000,0.0000,0.0476,0.0476,-0.2516,-0.2516,0.0000
1791000644.2951,0.0200,0.0651,0.0000,0.0000,0.0000,0.0000,0.0000,0.0000,0.0000,0.0000,0.0000,0.0000,0.0476,0.0476,-0.2516,-0.2516,0.0000
1791000644.3151,0.0200,0.0507,0.0000,0.0000,0.0000,0.0000,0.0000,0.0000,0.0000,0.0000,0.0000,0.0000,0.0476,0.0476,-0.2516,-0.2516,0.0000
1791000644.3350,0.0199,0.0505,0.0000,0.0000,0.0000,0.0000,0.0000,0.0000,-0.0015,0.0000,0.0000,0.0000,0.0476,0.0476,-0.2516,-0.2516,0.0000
1791000644.3551,0.0201,0.0501,0.0000,0.0000,0.0000,0.0000,0.0000,0.0000,0.0015,0.0000,0.0000,0.0000,0.0476,0.0476,-0.2516,-0.2516,0.0000
1791000644.3751,0.0200,0.0639,0.0000,0.0000,0.0000,0.0000,0.0000,0.0000,0.0000,0.0000,0.0000,0.0000,0.0476,0.0476,-0.2516,-0.2516,0.0000
1791000644.3951,0.0200,0.0642,0.0000,0.0000,0.0000,0.0000,0.0000,0.0000,0.0000,0.0000,0.0000,0.0000,0.0476,0.0476,-0.2516,-0.2516,0.0000
1791000644.4152,0.0200,0.0639,0.0000,0.0000,0.0000,0.0000,0.0000,0.0000,0.0000,0.0000,0.0000,0.0000,0.0476,0.0476,-0.2516,-0.2516,0.0000
1791000644.4351,0.0200,0.0650,0.0000,0.0000,0.0000,0.0000,0.0000,0.0000,0.0000,0.0000,0.0000,0.0000,0.0476,0.0476,-0.2516,-0.2516,0.0000
1791000644.4552,0.0200,0.0638,0.0000,0.0000,0.0000,0.0000,0.0000,0.0000,0.0000,0.0000,0.0000,0.0000,0.0476,0.0476,-0.2516,-0.2516,0.0000
1791000644.4751,0.0199,0.0668,0.0000,0.0000,0.0000,0.0000,0.0000,0.0000,0.0000,0.0000,0.0000,0.0000,0.0476,0.0476,-0.2516,-0.2516,0.0000
1791000644.4951,0.0200,0.0664,0.0000,0.0000,0.0000,0.0000,0.0000,0.0000,0.0000,0.0000,0.0000,0.0000,0.0476,0.0476,-0.2516,-0.2516,0.0000
1791000644.5152,0.0201,0.0674,0.0000,0.0000,0.0000,0.0000,0.0000,0.0000,0.0000,0.0000,0.0000,0.0000,0.0476,0.0476,-0.2516,-0.2516,0.0000
1791000644.5352,0.0200,0.0673,0.0000,0.0000,0.0000,0.0000,0.0000,0.0000,0.0000,0.0000,0.0000,0.0000,0.0476,0.0506,-0.2516,-0.2516,0.0000
1791000644.5552,0.0200,0.0672,0.0000,0.0000,0.0000,0.0000,0.0000,0.0000,0.0000,0.0000,0.0000,0.0000,0.0476,0.0476,-0.2516,-0.2516,0.0000
1791000644.5752,0.0200,0.0673,0.0000,0.0000,0.0000,0.0000,0.0000,0.0000,0.0000,0.0000,0.0000,0.0000,0.0476,0.0476,-0.2516,-0.2516,0.0000
1791000644.5952,0.0200,0.0668,0.0000,0.0000,0.0000,0.0000,0.0000,0.0000,0.0000,0.0000,0.0000,0.0000,0.0476,0.0476,-0.2516,-0.2516,0.0000
1791000644.6152,0.0200,0.0670,0.0000,0.0000,0.0000,0.0000,0.0000,0.0000,0.0000,0.0000,0.0000,0.0000,0.0476,0.0506,-0.2516,-0.2516,0.0000
1791000644.6352,0.0200,0.0667,0.0000,0.0000,0.0000,0.0000,0.0000,0.0000,0.0000,0.0000,0.0000,0.0000,0.0476,0.0476,-0.2516,-0.2516,0.0000
1791000644.6551,0.0200,0.0685,0.0000,0.0000,0.0000,0.0000,0.0000,0.0000,0.0000,0.0000,0.0000,0.0000,0.0476,0.0476,-0.2516,-0.2516,0.0000
1791000644.6752,0.0201,0.0670,0.0000,0.0000,0.0000,0.0000,0.0000,0.0000,0.0000,0.0000,0.0000,0.0000,0.0476,0.0476,-0.2516,-0.2516,0.0000
1791000644.6952,0.0200,0.0672,0.0000,0.0000,0.0000,0.0000,0.0000,0.0000,0.0000,0.0000,0.0000,0.0000,0.0476,0.0476,-0.2516,-0.2516,0.0000
1791000644.7151,0.0200,0.0675,0.0000,0.0000,0.0000,0.0000,0.0000,0.0000,0.0000,0.0000,0.0000,0.0000,0.0476,0.0476,-0.2516,-0.2516,0.0000
1791000644.7352,0.0200,0.0670,0.0000,0.0000,0.0000,0.0000,0.0000,0.0000,0.0000,0.0000,0.0000,0.0000,0.0476,0.0476,-0.2516,-0.2516,0.0000
1791000644.7552,0.0200,0.0671,0.0000,0.0000,0.0000,0.0000,0.0000,0.0000,0.0000,0.0000,0.0000,0.0000,0.0476,0.0476,-0.2516,-0.2516,0.0000
1791000644.7751,0.0200,0.0670,0.0000,0.0000,0.0000,0.0000,0.0000,0.0000,-0.0015,0.0000,0.0000,0.0000,0.0476,0.0476,-0.2516,-0.2516,0.0000
1791000644.7951,0.0200,0.0678,0.0000,0.0000,0.0000,0.0000,0.0000,0.0000,0.0015,0.0000,0.0000,0.0000,0.0476,0.0476,-0.2516,-0.2516,0.0000
1791000644.8151,0.0200,0.0673,0.0000,0.0000,0.0000,0.0000,0.0000,0.0000,-0.0015,0.0000,0.0000,0.0000,0.0476,0.0476,-0.2516,-0.2516,0.0000
1791000644.8351,0.0200,0.0672,0.0000,0.0000,0.0000,0.0000,0.0000,0.0000,0.0015,0.0000,0.0000,0.0000,0.0476,0.0476,-0.2516,-0.2516,0.0000
1791000644.8552,0.0200,0.0671,0.0000,0.0000,0.0000,0.0000,0.0000,0.0000,0.0000,0.0000,0.0000,0.0000,0.0476,0.0476,-0.2516,-0.2516,0.0000
1791000644.8752,0.0200,0.0672,0.0000,0.0000,0.0000,0.0000,0.0000,0.0000,0.0000,0.0000,0.0000,0.0000,0.0476,0.0476,-0.2516,-0.2516,0.0000
1791000644.8951,0.0200,0.0669,0.0000,0.0000,0.0000,0.0000,0.0000,0.0000,-0.0015,0.0000,0.0000,0.0000,0.0476,0.0476,-0.2516,-0.2516,0.0000
1791000644.9151,0.0200,0.0668,0.0000,0.0000,0.0000,0.0000,0.0000,0.0000,0.0015,0.0000,0.0000,0.0000,0.0476,0.0476,-0.2516,-0.2516,0.0000
1791000644.9351,0.0200,0.0670,0.0000,0.0000,0.0000,0.0000,0.0000,0.0000,-0.0015,0.0000,0.0000,0.0000,0.0476,0.0476,-0.2516,-0.2516,0.0000
1791000644.9552,0.0200,0.0668,0.0000,0.0000,0.0000,0.0000,0.0000,0.0000,0.0015,0.0000,0.0000,0.0000,0.0476,0.0476,-0.2516,-0.2516,0.0000
1791000644.9751,0.0200,0.0669,0.0000,0.0000,0.0000,0.0000,0.0000,0.0000,0.0000,0.0000,0.0000,0.0000,0.0476,0.0476,-0.2516,-0.2516,0.0000
1791000644.9951,0.0200,0.0676,0.0000,0.0000,0.0000,0.0000,0.0000,0.0000,0.0000,0.0000,0.0000,0.0000,0.0476,0.0476,-0.2516,-0.2516,0.0000
1791000645.0152,0.0200,0.0673,0.0000,0.0000,0.0000,0.0000,0.0000,0.0000,0.0000,0.0000,0.0000,0.0000,0.0476,0.0476,-0.2516,-0.2516,0.0000
1791000645.0351,0.0200,0.0670,0.0000,0.0000,0.0000,0.0000,0.0000,0.0000,0.0000,0.0000,0.0000,0.0000,0.0476,0.0476,-0.2516,-0.2516,0.0000
1791000645.0552,0.0200,0.0673,0.0000,0.0000,0.0000,0.0000,0.0000,0.0000,0.0000,0.0000,0.0000,0.0000,0.0476,0.0476,-0.2516,-0.2516,0.0000
1791000645.0751,0.0200,0.0693,0.0000,0.0000,0.0000,0.0000,0.0000,0.0000,0.0000,0.0000,0.0000,0.0000,0.0476,0.0476,-0.2516,-0.2516,0.0000
1791000645.0951,0.0200,0.0702,0.0000,0.0000,0.0000,0.0000,0.0000,0.0000,0.0000,0.0000,0.0000,0.0000,0.0476,0.0476,-0.2516,-0.2516,0.0000
1791000645.1152,0.0201,0.0702,0.0000,0.0000,0.0000,0.0000,0.0000,0.0000,0.0000,0.0000,0.0000,0.0000,0.0476,0.0476,-0.2516,-0.2516,0.0000
1791000645.1352,0.0200,0.0698,0.0000,0.0000,0.0000,0.0000,0.0000,0.0000,0.0000,-0.0015,0.0000,0.0000,0.0476,0.0476,-0.2516,-0.2516,0.0000
1791000645.1551,0.0200,0.0694,0.0000,0.0000,0.0000,0.0000,0.0000,0.0000,-0.0015,0.0015,0.0000,0.0000,0.0476,0.0476,-0.2516,-0.2516,0.0000
1791000645.1751,0.0200,0.0701,0.0000,0.0000,0.0000,0.0000,0.0000,0.0000,0.0015,0.0000,0.0000,0.0000,0.0476,0.0476,-0.2516,-0.2516,0.0000
1791000645.1952,0.0200,0.0712,0.0000,0.0000,0.0000,0.0000,0.0000,0.0000,0.0000,0.0000,0.0000,0.0000,0.0476,0.0476,-0.2516,-0.2516,0.0000
1791000645.2152,0.0200,0.0704,0.0000,0.0000,0.0000,0.0000,0.0000,0.0000,0.0000,0.0000,0.0000,0.0000,0.0476,0.0476,-0.2516,-0.2516,0.0000
1791000645.2352,0.0200,0.0699,0.0000,0.0000,0.0000,0.0000,0.0000,0.0000,0.0000,0.0000,0.0000,0.0000,0.0476,0.0476,-0.2516,-0.2516,0.0000
1791000645.2551,0.0200,0.0705,0.0000,0.0000,0.0000,0.0000,0.0000,0.0000,0.0000,0.0000,0.0000,0.0000,0.0476,0.0476,-0.2516,-0.2516,0.0000
1791000645.2752,0.0201,0.0701,0.0000,0.0000,0.0000,0.0000,0.0000,0.0000,0.0000,0.0000,0.0000,0.0000,0.0476,0.0476,-0.2516,-0.2516,0.0000
1791000645.2950,0.0199,0.0704,0.0000,0.0000,0.0000,0.0000,0.0000,0.0000,0.0000,0.0000,0.0000,0.0000,0.0476,0.0476,-0.2516,-0.2516,0.0000
1791000645.3151,0.0201,0.0703,0.0000,0.0000,0.0000,0.0000,0.0000,0.0000,-0.0015,0.0000,0.0000,0.0000,0.0476,0.0476,-0.2516,-0.2516,0.0000
1791000645.3352,0.0200,0.0700,0.0000,0.0000,0.0000,0.0000,0.0000,0.0000,0.0000,0.0000,0.0000,0.0000,0.0476,0.0476,-0.2516,-0.2516,0.0000
1791000645.3552,0.0200,0.0735,0.0000,0.0000,0.0000,0.0000,0.0000,0.0000,0.0015,0.0000,0.0000,0.0000,0.0476,0.0476,-0.2516,-0.2516,0.0000
1791000645.3752,0.0200,0.0737,0.0000,0.0000,0.0000,0.0000,0.0000,0.0000,0.0000,0.0000,0.0000,0.0000,0.0476,0.0476,-0.2516,-0.2516,0.0000
1791000645.3952,0.0200,0.0739,0.0000,0.0000,0.0000,0.0000,0.0000,0.0000,0.0000,0.0000,0.0000,0.0000,0.0476,0.0476,-0.2516,-0.2516,0.0000
1791000645.4152,0.0200,0.0739,0.0000,0.0000,0.0000,0.0000,0.0000,0.0000,0.0000,0.0000,0.0000,0.0000,0.0476,0.0476,-0.2516,-0.2516,0.0000
1791000645.4352,0.0200,0.0741,0.0000,0.0000,0.0000,0.0000,0.0000,0.0000,0.0000,0.0000,0.0000,0.0000,0.0476,0.0476,-0.2516,-0.2516,0.0000
1791000645.4552,0.0200,0.0738,0.0000,0.0000,0.0000,0.0000,0.0000,0.0000,0.0000,0.0000,0.0000,0.0000,0.0476,0.0506,-0.2516,-0.2516,0.0000
1791000645.4751,0.0200,0.0739,0.0000,0.0000,0.0000,0.0000,0.0000,0.0000,0.0000,0.0000,0.0000,0.0000,0.0476,0.0476,-0.2516,-0.2516,0.0000
1791000645.4951,0.0200,0.0741,0.0000,0.0000,0.0000,0.0000,0.0000,0.0000,-0.0015,0.0000,0.0000,0.0000,0.0476,0.0476,-0.2516,-0.2516,0.0000
1791000645.5151,0.0200,0.0740,0.0000,0.0000,0.0000,0.0000,0.0000,0.0000,0.0015,0.0000,0.0000,0.0000,0.0476,0.0476,-0.2516,-0.2516,0.0000
1791000645.5351,0.0200,0.0736,0.0000,0.0000,0.0000,0.0000,0.0000,0.0000,0.0000,-0.0015,0.0000,0.0000,0.0476,0.0476,-0.2516,-0.2516,0.0000
1791000645.5551,0.0200,0.0724,0.0000,0.0000,0.0000,0.0000,0.0000,0.0000,0.0000,0.0015,0.0000,0.0000,0.0476,0.0476,-0.2516,-0.2516,0.0000
1791000645.5752,0.0201,0.0741,0.0000,0.0000,0.0000,0.0000,0.0000,0.0000,0.0000,-0.0015,0.0000,0.0000,0.0476,0.0476,-0.2516,-0.2516,0.0000
1791000645.5952,0.0200,0.0701,0.0000,0.0000,0.0000,0.0000,0.0000,0.0000,0.0000,0.0015,0.0000,0.0000,0.0476,0.0476,-0.2516,-0.2516,0.0000
1791000645.6152,0.0200,0.0700,0.0000,0.0000,0.0000,0.0000,0.0000,0.0000,0.0000,0.0000,0.0000,0.0000,0.0476,0.0476,-0.2516,-0.2516,0.0000
1791000645.6352,0.0200,0.0699,0.0000,0.0000,0.0000,0.0000,0.0000,0.0000,0.0000,0.0000,0.0000,0.0000,0.0476,0.0476,-0.2516,-0.2516,0.0000
1791000645.6552,0.0200,0.0702,0.0000,0.0000,0.0000,0.0000,0.0000,0.0000,-0.0015,0.0000,0.0000,0.0000,0.0476,0.0476,-0.2516,-0.2516,0.0000
1791000645.6752,0.0200,0.0706,0.0000,0.0000,0.0000,0.0000,0.0000,0.0000,0.0015,0.0000,0.0000,0.0000,0.0476,0.0476,-0.2516,-0.2516,0.0000
1791000645.6952,0.0200,0.0697,0.0000,0.0000,0.0000,0.0000,0.0000,0.0000,0.0000,0.0000,0.0000,0.0000,0.0476,0.0476,-0.2516,-0.2516,0.0000
1791000645.7152,0.0200,0.0741,0.0000,0.0000,0.0000,0.0000,0.0000,0.0000,0.0000,0.0000,0.0000,0.0000,0.0476,0.0476,-0.2516,-0.2516,0.0000
1791000645.7352,0.0199,0.0702,0.0000,0.0000,0.0000,0.0000,0.0000,0.0000,0.0000,0.0000,0.0000,0.0000,0.0476,0.0476,-0.2516,-0.2516,0.0000
1791000645.7552,0.0200,0.0698,0.0000,0.0000,0.0000,0.0000,0.0000,0.0000,0.0000,0.0000,0.0000,0.0000,0.0476,0.0476,-0.2516,-0.2516,0.0000
1791000645.7752,0.0200,0.0699,0.0000,0.0000,0.0000,0.0000,0.0000,0.0000,-0.0015,0.0000,0.0000,0.0000,0.0476,0.0476,-0.2516,-0.2516,0.0000
1791000645.7952,0.0200,0.0743,0.0000,0.0000,0.0000,0.0000,0.0000,0.0000,0.0000,0.0000,0.0000,0.0000,0.0476,0.0476,-0.2516,-0.2516,0.0000
1791000645.8152,0.0200,0.0739,0.0000,0.0000,0.0000,0.0000,0.0000,0.0000,0.0015,0.0000,0.0000,0.0000,0.0476,0.0476,-0.2516,-0.2516,0.0000
1791000645.8351,0.0199,0.0726,0.0000,0.0000,0.0000,0.0000,0.0000,0.0000,0.0000,0.0000,0.0000,0.0000,0.0476,0.0476,-0.2516,-0.2516,0.0000
1791000645.8552,0.0201,0.0708,0.0000,0.0000,0.0000,0.0000,0.0000,0.0000,0.0000,0.0000,0.0000,0.0000,0.0476,0.0476,-0.2516,-0.2516,0.0000
1791000645.8751,0.0199,0.0705,0.0000,0.0000,0.0000,0.0000,0.0000,0.0000,0.0000,0.0000,0.0000,0.0000,0.0476,0.0476,-0.2516,-0.2516,0.0000
1791000645.8952,0.0201,0.0704,0.0000,0.0000,0.0000,0.0000,0.0000,0.0000,0.0000,0.0000,0.0000,0.0000,0.0476,0.0476,-0.2516,-0.2516,0.0000
1791000645.9152,0.0200,0.0741,0.0000,0.0000,0.0000,0.0000,0.0000,0.0000,0.0000,0.0000,0.0000,0.0000,0.0476,0.0476,-0.2516,-0.2516,0.0000
1791000645.9351,0.0199,0.0700,0.0000,0.0000,0.0000,0.0000,0.0000,0.0000,0.0000,0.0000,0.0000,0.0000,0.0476,0.0476,-0.2516,-0.2516,0.0000
1791000645.9552,0.0200,0.0739,0.0000,0.0000,0.0000,0.0000,0.0000,0.0000,0.0000,0.0000,0.0000,0.0000,0.0476,0.0476,-0.2516,-0.2516,0.0000
1791000645.9752,0.0200,0.0699,0.0000,0.0000,0.0000,0.0000,0.0000,0.0000,0.0000,0.0000,0.0000,0.0000,0.0476,0.0506,-0.2516,-0.2516,0.0000
1791000645.9952,0.0200,0.0703,0.0000,0.0000,0.0000,0.0000,0.0000,0.0000,0.0000,0.0000,0.0000,0.0000,0.0476,0.0476,-0.2516,-0.2516,0.0000
1791000646.0151,0.0200,0.0702,0.0000,0.0000,0.0000,0.0000,0.0000,0.0000,0.0000,0.0000,0.0000,0.0000,0.0476,0.0476,-0.2516,-0.2516,0.0000
1791000646.0352,0.0200,0.0699,0.0000,0.0000,0.0000,0.0000,0.0000,0.0000,0.0000,0.0000,0.0000,0.0000,0.0476,0.0476,-0.2516,-0.2516,0.0000
1791000646.0552,0.0200,0.0705,0.0000,0.0000,0.0000,0.0000,0.0000,0.0000,0.0000,0.0000,0.0000,0.0000,0.0476,0.0476,-0.2516,-0.2516,0.0000
1791000646.0752,0.0200,0.0698,0.0000,0.0000,0.0000,0.0000,0.0000,0.0000,0.0000,0.0000,0.0000,0.0000,0.0476,0.0476,-0.2516,-0.2516,0.0000
1791000646.0951,0.0200,0.0697,0.0000,0.0000,0.0000,0.0000,0.0000,0.0000,0.0000,0.0000,0.0000,0.0000,0.0476,0.0476,-0.2516,-0.2516,0.0000
1791000646.1151,0.0200,0.0699,0.0000,0.0000,0.0000,0.0000,0.0000,0.0000,-0.0015,0.0000,0.0000,0.0000,0.0476,0.0506,-0.2516,-0.2516,0.0000
1791000646.1351,0.0200,0.0702,0.0000,0.0000,0.0000,0.0000,0.0000,0.0000,0.0015,0.0000,0.0000,0.0000,0.0476,0.0476,-0.2516,-0.2516,0.0000
1791000646.1552,0.0200,0.0699,0.0000,0.0000,0.0000,0.0000,0.0000,0.0000,-0.0015,0.0000,0.0000,0.0000,0.0476,0.0476,-0.2516,-0.2516,0.0000
1791000646.1751,0.0200,0.0700,0.0000,0.0000,0.0000,0.0000,0.0000,0.0000,0.0015,-0.0015,0.0000,0.0000,0.0476,0.0476,-0.2516,-0.2516,0.0000
1791000646.1951,0.0200,0.0690,0.0000,0.0000,0.0000,0.0000,0.0000,0.0000,0.0000,0.0015,0.0000,0.0000,0.0476,0.0476,-0.2516,-0.2516,0.0000
1791000646.2150,0.0199,0.0717,0.0000,0.0000,0.0000,0.0000,0.0000,0.0000,0.0000,0.0000,0.0000,0.0000,0.0476,0.0476,-0.2516,-0.2516,0.0000
1791000646.2350,0.0200,0.0844,0.0000,0.0000,0.0000,0.0000,0.0000,0.0000,0.0000,0.0000,0.0000,0.0000,0.0476,0.0476,-0.2516,-0.2516,0.0000
1791000646.2550,0.0200,0.0842,0.0000,0.0000,0.0000,0.0000,0.0000,0.0000,0.0000,0.0000,0.0000,0.0000,0.0476,0.0476,-0.2516,-0.2516,0.0000
1791000646.2751,0.0201,0.0840,0.0000,0.0000,0.0000,0.0000,0.0000,0.0000,0.0000,0.0000,0.0000,0.0000,0.0476,0.0476,-0.2516,-0.2516,0.0000
1791000646.2951,0.0200,0.1083,0.0000,0.0000,0.0000,0.0000,0.0000,0.0000,0.0000,0.0000,0.0000,0.0000,0.0476,0.0476,-0.2516,-0.2516,0.0000
1791000646.3151,0.0200,0.0755,0.0000,0.0000,0.0000,0.0000,0.0000,0.0000,0.0000,0.0000,0.0000,0.0000,0.0476,0.0476,-0.2516,-0.2516,0.0000
1791000646.3352,0.0200,0.0818,0.0000,0.0000,0.0000,0.0000,0.0000,0.0000,0.0000,0.0000,0.0000,0.0000,0.0476,0.0476,-0.2516,-0.2516,0.0000
1791000646.3550,0.0199,0.0781,0.0000,0.0000,0.0000,0.0000,0.0000,0.0000,0.0000,0.0000,0.0000,0.0000,0.0476,0.0476,-0.2516,-0.2516,0.0000
1791000646.3751,0.0200,0.1275,0.0000,0.0000,0.0000,0.0000,0.0000,0.0000,0.0000,0.0000,0.0000,0.0000,0.0476,0.0476,-0.2516,-0.2516,0.0000
1791000646.3950,0.0200,0.0803,0.0000,0.0000,0.0000,0.0000,0.0000,0.0000,-0.0015,0.0000,0.0000,0.0000,0.0476,0.0476,-0.2516,-0.2516,0.0000
1791000646.4150,0.0200,0.0673,0.0000,0.0000,0.0000,0.0000,0.0000,0.0000,0.0015,0.0000,0.0000,0.0000,0.0476,0.0476,-0.2516,-0.2516,0.0000
1791000646.4350,0.0200,0.0748,0.0000,0.0000,0.0000,0.0000,0.0000,0.0000,0.0000,0.0000,0.0000,0.0000,0.0476,0.0476,-0.2516,-0.2516,0.0000
1791000646.4550,0.0200,0.0625,0.0000,0.0000,0.0000,0.0000,0.0000,0.0000,0.0000,0.0000,0.0000,0.0000,0.0476,0.0476,-0.2516,-0.2516,0.0000
1791000646.4750,0.0200,0.0359,0.0000,0.0000,0.0000,0.0000,0.0000,0.0000,0.0000,0.0000,0.0000,0.0000,0.0476,0.0476,-0.2516,-0.2516,0.0000
1791000646.4951,0.0200,0.1138,0.0000,0.0000,0.0000,0.0000,0.0000,0.0000,0.0000,0.0000,0.0000,0.0000,0.0476,0.0476,-0.2516,-0.2516,0.0000
1791000646.5151,0.0200,0.1563,0.0000,0.0000,0.0000,0.0000,0.0000,0.0000,0.0000,0.0000,0.0000,0.0000,0.0476,0.0476,-0.2516,-0.2516,0.0000
1791000646.5352,0.0201,0.1820,0.0000,0.0000,0.0000,0.0000,0.0000,0.0000,0.0000,0.0000,0.0000,0.0000,0.0476,0.0476,-0.2516,-0.2516,0.0000
1791000646.5552,0.0200,0.1205,0.0000,0.0000,0.0000,0.0000,0.0000,0.0000,-0.0015,0.0000,0.0000,0.0000,0.0476,0.0476,-0.2516,-0.2516,0.0000
1791000646.5751,0.0199,0.1190,0.0000,0.0000,0.0000,0.0000,0.0000,0.0000,0.0015,0.0000,0.0000,0.0000,0.0476,0.0476,-0.2516,-0.2516,0.0000
1791000646.5951,0.0201,0.1224,0.0000,0.0000,0.0000,0.0000,0.0000,0.0000,0.0000,0.0000,0.0000,0.0000,0.0476,0.0476,-0.2516,-0.2516,0.0000
1791000646.6152,0.0200,0.0901,0.0000,0.0000,0.0000,0.0000,0.0000,0.0000,0.0000,0.0000,0.0000,0.0000,0.0476,0.0476,-0.2516,-0.2516,0.0000
1791000646.6351,0.0200,0.0892,0.0000,0.0000,0.0000,0.0000,0.0000,0.0000,-0.0015,0.0000,0.0000,0.0000,0.0476,0.0476,-0.2516,-0.2516,0.0000
1791000646.6551,0.0200,0.0864,0.0000,0.0000,0.0000,0.0000,0.0000,0.0000,0.0015,0.0000,0.0000,0.0000,0.0476,0.0476,-0.2516,-0.2516,0.0000
1791000646.6751,0.0200,0.0811,0.0000,0.0000,0.0000,0.0000,0.0000,0.0000,-0.0015,0.0000,0.0000,0.0000,0.0476,0.0476,-0.2516,-0.2516,0.0000
1791000646.6951,0.0200,0.0950,0.0000,0.0000,0.0000,0.0000,0.0000,0.0000,0.0015,0.0000,0.0000,0.0000,0.0476,0.0476,-0.2516,-0.2516,0.0000
1791000646.7151,0.0200,0.0949,0.0000,0.0000,0.0000,0.0000,0.0000,0.0000,-0.0015,0.0000,0.0000,0.0000,0.0476,0.0476,-0.2516,-0.2516,0.0000
1791000646.7351,0.0200,0.0798,0.0000,0.0000,0.0000,0.0000,0.0000,0.0000,0.0015,0.0000,0.0000,0.0000,0.0476,0.0476,-0.2516,-0.2516,0.0000
1791000646.7551,0.0200,0.0834,0.0000,0.0000,0.0000,0.0000,0.0000,0.0000,0.0000,0.0000,0.0000,0.0000,0.0476,0.0476,-0.2516,-0.2516,0.0000
1791000646.7752,0.0200,0.0818,0.0000,0.0000,0.0000,0.0000,0.0000,0.0000,-0.0015,0.0000,0.0000,0.0000,0.0476,0.0476,-0.2516,-0.2516,0.0000
1791000646.7951,0.0199,0.0707,0.0000,0.0000,0.0000,0.0000,0.0000,0.0000,0.0015,0.0000,0.0000,0.0000,0.0476,0.0476,-0.2516,-0.2516,0.0000
1791000646.8151,0.0201,0.0712,0.0000,0.0000,0.0000,0.0000,0.0000,0.0000,0.0000,0.0000,0.0000,0.0000,0.0476,0.0476,-0.2516,-0.2516,0.0000
1791000646.8351,0.0200,0.0709,0.0000,0.0000,0.0000,0.0000,0.0000,0.0000,-0.0015,0.0000,0.0000,0.0000,0.0476,0.0476,-0.2516,-0.2516,0.0000
1791000646.8551,0.0200,0.0724,0.0000,0.0000,0.0000,0.0000,0.0000,0.0000,0.0000,-0.0015,0.0000,0.0000,0.0476,0.0476,-0.2516,-0.2516,0.0000
1791000646.8751,0.0200,0.0896,0.0000,0.0000,0.0000,0.0000,0.0000,0.0000,0.0015,0.0015,0.0000,0.0000,0.0476,0.0476,-0.2516,-0.2516,0.0000
1791000646.8951,0.0200,0.0887,0.0000,0.0000,0.0000,0.0000,0.0000,0.0000,0.0000,-0.0015,0.0000,0.0000,0.0476,0.0476,-0.2516,-0.2516,0.0000
1791000646.9152,0.0200,0.1184,0.0000,0.0000,0.0000,0.0000,0.0000,0.0000,0.0000,0.0015,0.0000,0.0000,0.0476,0.0476,-0.2516,-0.2516,0.0000
1791000646.9352,0.0200,0.1258,0.0000,0.0000,0.0000,0.0000,0.0000,0.0000,0.0000,0.0000,0.0000,0.0000,0.0476,0.0476,-0.2516,-0.2516,0.0000
1791000646.9551,0.0200,0.1131,0.0000,0.0000,0.0000,0.0000,0.0000,0.0000,0.0000,-0.0015,0.0000,0.0000,0.0476,0.0476,-0.2516,-0.2516,0.0000
1791000646.9751,0.0199,0.1192,0.0000,0.0000,0.0000,0.0000,0.0000,0.0000,0.0000,0.0015,0.0000,0.0000,0.0476,0.0476,-0.2516,-0.2516,0.0000
1791000646.9951,0.0200,0.1062,0.0000,0.0000,0.0000,0.0000,0.0000,0.0000,-0.0015,0.0000,0.0000,0.0000,0.0476,0.0476,-0.2516,-0.2516,0.0000
1791000647.0151,0.0200,0.1049,0.0000,0.0000,0.0000,0.0000,0.0000,0.0000,0.0015,0.0000,0.0000,0.0000,0.0476,0.0476,-0.2516,-0.2516,0.0000
1791000647.0352,0.0201,0.0845,0.0000,0.0000,0.0000,0.0000,0.0000,0.0000,0.0000,0.0000,0.0000,0.0000,0.0476,0.0476,-0.2516,-0.2516,0.0000
1791000647.0551,0.0200,0.0834,0.0000,0.0000,0.0000,0.0000,0.0000,0.0000,0.0000,0.0000,0.0000,0.0000,0.0476,0.0476,-0.2516,-0.2516,0.0000
1791000647.0751,0.0199,0.1227,0.0000,0.0000,0.0000,0.0000,0.0000,0.0000,-0.0015,0.0000,0.0000,0.0000,0.0476,0.0476,-0.2516,-0.2516,0.0000
1791000647.0951,0.0200,0.1316,0.0000,0.0000,0.0000,0.0000,0.0000,0.0000,0.0000,-0.0015,0.0000,0.0000,0.0476,0.0476,-0.2516,-0.2516,0.0000
1791000647.1152,0.0201,0.1187,0.0000,0.0000,0.0000,0.0000,0.0000,0.0000,0.0015,0.0015,0.0000,0.0000,0.0476,0.0476,-0.2516,-0.2516,0.0000
1791000647.1352,0.0200,0.1064,0.0000,0.0000,0.0000,0.0000,0.0000,0.0000,-0.0015,0.0000,0.0000,0.0000,0.0476,0.0476,-0.2516,-0.2516,0.0000
1791000647.1552,0.0200,0.1050,0.0000,0.0000,0.0000,0.0000,0.0000,0.0000,0.0015,0.0000,0.0000,0.0000,0.0476,0.0476,-0.2516,-0.2516,0.0000
1791000647.1752,0.0200,0.1032,0.0000,0.0000,0.0000,0.0000,0.0000,0.0000,0.0000,0.0000,0.0000,0.0000,0.0476,0.0476,-0.2516,-0.2516,0.0000
1791000647.1951,0.0200,0.0973,0.0000,0.0000,0.0000,0.0000,0.0000,0.0000,0.0000,0.0000,0.0000,0.0000,0.0476,0.0476,-0.2516,-0.2516,0.0000
1791000647.2152,0.0201,0.1013,0.0000,0.0000,0.0000,0.0000,0.0000,0.0000,0.0000,0.0000,0.0000,0.0000,0.0476,0.0476,-0.2516,-0.2516,0.0000
1791000647.2351,0.0200,0.0887,0.0000,0.0000,0.0000,0.0000,0.0000,0.0000,0.0000,0.0000,0.0000,0.0000,0.0476,0.0476,-0.2516,-0.2516,0.0000
1791000647.2552,0.0200,0.1011,0.0000,0.0000,0.0000,0.0000,0.0000,0.0000,0.0000,0.0000,0.0000,0.0000,0.0476,0.0476,-0.2516,-0.2516,0.0000
1791000647.2750,0.0199,0.0833,0.0000,0.0000,0.0000,0.0000,0.0000,0.0000,0.0000,0.0000,0.0000,0.0000,0.0476,0.0476,-0.2516,-0.2516,0.0000
1791000647.2950,0.0200,0.0858,0.0000,0.0000,0.0000,0.0000,0.0000,0.0000,0.0000,0.0000,0.0000,0.0000,0.0476,0.0476,-0.2516,-0.2516,0.0000
1791000647.3150,0.0200,0.0885,0.0000,0.0000,0.0000,0.0000,0.0000,0.0000,0.0000,0.0000,0.0000,0.0000,0.0476,0.0476,-0.2516,-0.2516,0.0000
1791000647.3350,0.0200,0.0897,0.0000,0.0000,0.0000,0.0000,0.0000,0.0000,0.0000,0.0000,0.0000,0.0000,0.0476,0.0476,-0.2516,-0.2516,0.0000
1791000647.3550,0.0200,0.0662,0.0000,0.0000,0.0000,0.0000,0.0000,0.0000,0.0000,0.0000,0.0000,0.0000,0.0476,0.0476,-0.2516,-0.2516,0.0000
1791000647.3750,0.0200,0.0574,0.0000,0.0000,0.0000,0.0000,0.0000,0.0000,0.0000,0.0000,0.0000,0.0000,0.0476,0.0476,-0.2516,-0.2516,0.0000
1791000647.3950,0.0200,0.0703,0.0000,0.0000,0.0000,0.0000,0.0000,0.0000,0.0000,0.0000,0.0000,0.0000,0.0476,0.0476,-0.2516,-0.2516,0.0000
1791000647.4150,0.0200,0.0725,0.0000,0.0000,0.0000,0.0000,0.0000,0.0000,-0.0015,0.0000,0.0000,0.0000,0.0476,0.0476,-0.2516,-0.2516,0.0000
1791000647.4351,0.0201,0.0715,0.0000,0.0000,0.0000,0.0000,0.0000,0.0000,0.0015,0.0000,0.0000,0.0000,0.0476,0.0476,-0.2516,-0.2531,0.0000
1791000647.4550,0.0199,0.0744,0.0000,0.0000,0.0000,0.0000,0.0000,0.0000,0.0000,0.0000,0.0000,0.0000,0.0476,0.0476,-0.2516,-0.2516,0.0000
1791000647.4750,0.0200,0.0699,0.0000,0.0000,0.0000,0.0000,0.0000,0.0000,-0.0015,0.0000,0.0000,0.0000,0.0476,0.0476,-0.2516,-0.2516,0.0000
1791000647.4950,0.0200,0.0735,0.0000,0.0000,0.0000,0.0000,0.0000,0.0000,0.0000,0.0000,0.0000,0.0000,0.0476,0.0476,-0.2516,-0.2516,0.0000
1791000647.5150,0.0200,0.0707,0.0000,0.0000,0.0000,0.0000,0.0000,0.0000,0.0015,0.0000,0.0000,0.0000,0.0476,0.0476,-0.2516,-0.2516,0.0000
1791000647.5350,0.0200,0.0874,0.0000,0.0000,0.0000,0.0000,0.0000,0.0000,0.0000,0.0000,0.0000,0.0000,0.0476,0.0476,-0.2516,-0.2516,0.0000
1791000647.5550,0.0200,0.0709,0.0000,0.0000,0.0000,0.0000,0.0000,0.0000,0.0000,0.0000,0.0000,0.0000,0.0476,0.0476,-0.2516,-0.2516,0.0000
1791000647.5750,0.0200,0.0720,0.0000,0.0000,0.0000,0.0000,0.0000,0.0000,0.0000,0.0000,0.0000,0.0000,0.0476,0.0476,-0.2516,-0.2516,0.0000
1791000647.5950,0.0200,0.0700,0.0000,0.0000,0.0000,0.0000,0.0000,0.0000,0.0000,0.0000,0.0000,0.0000,0.0476,0.0476,-0.2516,-0.2516,0.0000
1791000647.6150,0.0200,0.0704,0.0000,0.0000,0.0000,0.0000,0.0000,0.0000,0.0000,0.0000,0.0000,0.0000,0.0476,0.0476,-0.2516,-0.2516,0.0000
1791000647.6350,0.0200,0.0713,0.0000,0.0000,0.0000,0.0000,0.0000,0.0000,0.0000,0.0000,0.0000,0.0000,0.0476,0.0476,-0.2516,-0.2516,0.0000
1791000647.6550,0.0200,0.0683,0.0000,0.0000,0.0000,0.0000,0.0000,0.0000,0.0000,0.0000,0.0000,0.0000,0.0476,0.0476,-0.2516,-0.2516,0.0000
1791000647.6750,0.0200,0.0678,0.0000,0.0000,0.0000,0.0000,0.0000,0.0000,0.0000,0.0000,0.0000,0.0000,0.0476,0.0476,-0.2516,-0.2516,0.0000
1791000647.6950,0.0200,0.0673,0.0000,0.0000,0.0000,0.0000,0.0000,0.0000,0.0000,0.0000,0.0000,0.0000,0.0476,0.0476,-0.2516,-0.2516,0.0000
1791000647.7150,0.0200,0.0720,0.0000,0.0000,0.0000,0.0000,0.0000,0.0000,0.0000,0.0000,0.0000,0.0000,0.0476,0.0476,-0.2516,-0.2516,0.0000
1791000647.7350,0.0200,0.0716,0.0000,0.0000,0.0000,0.0000,0.0000,0.0000,0.0000,0.0000,0.0000,0.0000,0.0476,0.0476,-0.2516,-0.2516,0.0000
1791000647.7550,0.0200,0.0786,0.0000,0.0000,0.0000,0.0000,0.0000,0.0000,0.0000,0.0000,0.0000,0.0000,0.0476,0.0476,-0.2516,-0.2516,0.0000
1791000647.7750,0.0200,0.0738,0.0000,0.0000,0.0000,0.0000,0.0000,0.0000,-0.0015,0.0000,0.0000,0.0000,0.0476,0.0476,-0.2516,-0.2516,0.0000
1791000647.7950,0.0200,0.0709,0.0000,0.0000,0.0000,0.0000,0.0000,0.0000,0.0000,0.0000,0.0000,0.0000,0.0476,0.0476,-0.2516,-0.2516,0.0000
1791000647.8150,0.0200,0.0695,0.0000,0.0000,0.0000,0.0000,0.0000,0.0000,0.0015,0.0000,0.0000,0.0000,0.0476,0.0506,-0.2516,-0.2516,0.0000
1791000647.8350,0.0200,0.0684,0.0000,0.0000,0.0000,0.0000,0.0000,0.0000,-0.0015,0.0000,0.0000,0.0000,0.0476,0.0476,-0.2516,-0.2516,0.0000
1791000647.8551,0.0201,0.0705,0.0000,0.0000,0.0000,0.0000,0.0000,0.0000,0.0015,0.0000,0.0000,0.0000,0.0476,0.0476,-0.2516,-0.2516,0.0000
1791000647.8751,0.0200,0.1004,0.0000,0.0000,0.0000,0.0000,0.0000,0.0000,-0.0015,0.0000,0.0000,0.0000,0.0476,0.0476,-0.2516,-0.2516,0.0000
1791000647.8950,0.0200,0.0698,0.0000,0.0000,0.0000,0.0000,0.0000,0.0000,0.0015,0.0000,0.0000,0.0000,0.0476,0.0476,-0.2516,-0.2516,0.0000
1791000647.9151,0.0201,0.0656,0.0000,0.0000,0.0000,0.0000,0.0000,0.0000,0.0000,0.0000,0.0000,0.0000,0.0476,0.0476,-0.2516,-0.2516,0.0000
1791000647.9351,0.0200,0.0506,0.0000,0.0000,0.0000,0.0000,0.0000,0.0000,-0.0015,0.0000,0.0000,0.0000,0.0476,0.0476,-0.2516,-0.2516,0.0000
1791000647.9551,0.0200,0.0513,0.0000,0.0000,0.0000,0.0000,0.0000,0.0000,0.0015,0.0000,0.0000,0.0000,0.0476,0.0476,-0.2516,-0.2516,0.0000
1791000647.9751,0.0200,0.0678,0.0000,0.0000,0.0000,0.0000,0.0000,0.0000,0.0000,0.0000,0.0000,0.0000,0.0476,0.0476,-0.2516,-0.2516,0.0000
1791000647.9952,0.0201,0.0671,0.0000,0.0000,0.0000,0.0000,0.0000,0.0000,0.0000,0.0000,0.0000,0.0000,0.0476,0.0476,-0.2516,-0.2516,0.0000
1791000648.0151,0.0199,0.0668,0.0000,0.0000,0.0000,0.0000,0.0000,0.0000,0.0000,0.0000,0.0000,0.0000,0.0476,0.0476,-0.2516,-0.2516,0.0000
1791000648.0352,0.0201,0.0672,0.0000,0.0000,0.0000,0.0000,0.0000,0.0000,0.0000,0.0000,0.0000,0.0000,0.0476,0.0476,-0.2516,-0.2516,0.0000
1791000648.0552,0.0200,0.0671,0.0000,0.0000,0.0000,0.0000,0.0000,0.0000,-0.0015,-0.0015,0.0000,0.0000,0.0476,0.0476,-0.2516,-0.2516,0.0000
1791000648.0751,0.0200,0.0672,0.0000,0.0000,0.0000,0.0000,0.0000,0.0000,0.0015,0.0015,0.0000,0.0000,0.0476,0.0506,-0.2516,-0.2516,0.0000
1791000648.0951,0.0200,0.0667,0.0000,0.0000,0.0000,0.0000,0.0000,0.0000,0.0000,0.0000,0.0000,0.0000,0.0476,0.0476,-0.2516,-0.2516,0.0000
1791000648.1152,0.0200,0.0673,0.0000,0.0000,0.0000,0.0000,0.0000,0.0000,0.0000,0.0000,0.0000,0.0000,0.0476,0.0476,-0.2516,-0.2516,0.0000
1791000648.1352,0.0200,0.0678,0.0000,0.0000,0.0000,0.0000,0.0000,0.0000,0.0000,0.0000,0.0000,0.0000,0.0476,0.0476,-0.2516,-0.2516,0.0000
1791000648.1552,0.0200,0.0702,0.0000,0.0000,0.0000,0.0000,0.0000,0.0000,0.0000,0.0000,0.0000,0.0000,0.0476,0.0476,-0.2516,-0.2516,0.0000
1791000648.1751,0.0199,0.0705,0.0000,0.0000,0.0000,0.0000,0.0000,0.0000,0.0000,0.0000,0.0000,0.0000,0.0476,0.0476,-0.2516,-0.2516,0.0000
1791000648.1951,0.0200,0.0698,0.0000,0.0000,0.0000,0.0000,0.0000,0.0000,-0.0015,-0.0015,0.0000,0.0000,0.0476,0.0476,-0.2516,-0.2516,0.0000
1791000648.2151,0.0200,0.0698,0.0000,0.0000,0.0000,0.0000,0.0000,0.0000,0.0015,0.0015,0.0000,0.0000,0.0476,0.0476,-0.2516,-0.2516,0.0000
1791000648.2351,0.0200,0.0706,0.0000,0.0000,0.0000,0.0000,0.0000,0.0000,0.0000,0.0000,0.0000,0.0000,0.0476,0.0476,-0.2516,-0.2516,0.0000
1791000648.2551,0.0200,0.0672,0.0000,0.0000,0.0000,0.0000,0.0000,0.0000,0.0000,0.0000,0.0000,0.0000,0.0476,0.0506,-0.2516,-0.2516,0.0000
1791000648.2751,0.0200,0.0656,0.0000,0.0000,0.0000,0.0000,0.0000,0.0000,0.0000,0.0000,0.0000,0.0000,0.0476,0.0476,-0.2516,-0.2516,0.0000
1791000648.2951,0.0200,0.0670,0.0000,0.0000,0.0000,0.0000,0.0000,0.0000,0.0000,0.0000,0.0000,0.0000,0.0476,0.0476,-0.2516,-0.2516,0.0000
1791000648.3151,0.0200,0.0688,0.0000,0.0000,0.0000,0.0000,0.0000,0.0000,-0.0015,0.0000,0.0000,0.0000,0.0476,0.0506,-0.2516,-0.2516,0.0000
1791000648.3352,0.0200,0.0699,0.0000,0.0000,0.0000,0.0000,0.0000,0.0000,0.0015,0.0000,0.0000,0.0000,0.0476,0.0476,-0.2516,-0.2516,0.0000
1791000648.3551,0.0200,0.0677,0.0000,0.0000,0.0000,0.0000,0.0000,0.0000,-0.0015,0.0000,0.0000,0.0000,0.0476,0.0476,-0.2516,-0.2516,0.0000
1791000648.3751,0.0200,0.0699,0.0000,0.0000,0.0000,0.0000,0.0000,0.0000,0.0015,0.0000,0.0000,0.0000,0.0476,0.0476,-0.2516,-0.2516,0.0000
1791000648.3952,0.0200,0.0672,0.0000,0.0000,0.0000,0.0000,0.0000,0.0000,0.0000,0.0000,0.0000,0.0000,0.0476,0.0476,-0.2516,-0.2516,0.0000
1791000648.4151,0.0199,0.0669,0.0000,0.0000,0.0000,0.0000,0.0000,0.0000,-0.0015,0.0000,0.0000,0.0000,0.0476,0.0476,-0.2516,-0.2516,0.0000
1791000648.4352,0.0201,0.0671,0.0000,0.0000,0.0000,0.0000,0.0000,0.0000,0.0015,0.0000,0.0000,0.0000,0.0476,0.0476,-0.2516,-0.2516,0.0000
1791000648.4552,0.0200,0.0701,0.0000,0.0000,0.0000,0.0000,0.0000,0.0000,-0.0015,0.0000,0.0000,0.0000,0.0476,0.0476,-0.2516,-0.2516,0.0000
1791000648.4750,0.0199,0.0854,0.0000,0.0000,0.0000,0.0000,0.0000,0.0000,0.0015,0.0000,0.0000,0.0000,0.0476,0.0476,-0.2516,-0.2516,0.0000
1791000648.4952,0.0201,0.0705,0.0000,0.0000,0.0000,0.0000,0.0000,0.0000,0.0000,0.0000,0.0000,0.0000,0.0476,0.0476,-0.2516,-0.2516,0.0000
1791000648.5151,0.0200,0.0702,0.0000,0.0000,0.0000,0.0000,0.0000,0.0000,-0.0015,-0.0015,0.0000,0.0000,0.0476,0.0476,-0.2516,-0.2516,0.0000
1791000648.5352,0.0201,0.0698,0.0000,0.0000,0.0000,0.0000,0.0000,0.0000,0.0015,0.0015,0.0000,0.0000,0.0476,0.0476,-0.2516,-0.2516,0.0000
1791000648.5551,0.0199,0.0702,0.0000,0.0000,0.0000,0.0000,0.0000,0.0000,0.0000,0.0000,0.0000,0.0000,0.0476,0.0476,-0.2516,-0.2516,0.0000
1791000648.5752,0.0200,0.0708,0.0000,0.0000,0.0000,0.0000,0.0000,0.0000,0.0000,0.0000,0.0000,0.0000,0.0476,0.0476,-0.2516,-0.2500,0.0000
1791000648.5951,0.0200,0.0732,0.0000,0.0000,0.0000,0.0000,0.0000,0.0000,0.0000,0.0000,0.0000,0.0000,0.0476,0.0476,-0.2516,-0.2516,0.0000
1791000648.6151,0.0200,0.0784,0.0000,0.0000,0.0000,0.0000,0.0000,0.0000,0.0000,0.0000,0.0000,0.0000,0.0476,0.0476,-0.2516,-0.2516,0.0000
1791000648.6351,0.0200,0.0685,0.0000,0.0000,0.0000,0.0000,0.0000,0.0000,0.0000,0.0000,0.0000,0.0000,0.0476,0.0506,-0.2516,-0.2516,0.0000
1791000648.6552,0.0201,0.0904,0.0000,0.0000,0.0000,0.0000,0.0000,0.0000,0.0000,0.0000,0.0000,0.0000,0.0476,0.0476,-0.2516,-0.2516,0.0000
1791000648.6751,0.0199,0.0853,0.0000,0.0000,0.0000,0.0000,0.0000,0.0000,0.0000,0.0000,0.0000,0.0000,0.0476,0.0476,-0.2516,-0.2516,0.0000
1791000648.6951,0.0200,0.0703,0.0000,0.0000,0.0000,0.0000,0.0000,0.0000,0.0000,0.0000,0.0000,0.0000,0.0476,0.0476,-0.2516,-0.2516,0.0000
1791000648.7151,0.0200,0.0673,0.0000,0.0000,0.0000,0.0000,0.0000,0.0000,0.0000,0.0000,0.0000,0.0000,0.0476,0.0476,-0.2516,-0.2516,0.0000
1791000648.7351,0.0200,0.0659,0.0000,0.0000,0.0000,0.0000,0.0000,0.0000,-0.0015,0.0000,0.0000,0.0000,0.0476,0.0476,-0.2516,-0.2516,0.0000
1791000648.7551,0.0200,0.0672,0.0000,0.0000,0.0000,0.0000,0.0000,0.0000,0.0015,0.0000,0.0000,0.0000,0.0476,0.0476,-0.2516,-0.2516,0.0000
1791000648.7752,0.0200,0.0733,0.0000,0.0000,0.0000,0.0000,0.0000,0.0000,0.0000,0.0000,0.0000,0.0000,0.0476,0.0476,-0.2516,-0.2516,0.0000
1791000648.7951,0.0200,0.0684,0.0000,0.0000,0.0000,0.0000,0.0000,0.0000,-0.0015,0.0000,0.0000,0.0000,0.0476,0.0476,-0.2516,-0.2516,0.0000
1791000648.8151,0.0200,0.0680,0.0000,0.0000,0.0000,0.0000,0.0000,0.0000,0.0015,0.0000,0.0000,0.0000,0.0476,0.0476,-0.2516,-0.2516,0.0000
1791000648.8352,0.0200,0.0677,0.0000,0.0000,0.0000,0.0000,0.0000,0.0000,0.0000,-0.0015,0.0000,0.0000,0.0476,0.0476,-0.2516,-0.2516,0.0000
1791000648.8551,0.0200,0.0676,0.0000,0.0000,0.0000,0.0000,0.0000,0.0000,-0.0015,0.0015,0.0000,0.0000,0.0476,0.0476,-0.2516,-0.2516,0.0000
1791000648.8752,0.0200,0.0679,0.0000,0.0000,0.0000,0.0000,0.0000,0.0000,0.0015,0.0000,0.0000,0.0000,0.0476,0.0476,-0.2516,-0.2516,0.0000
1791000648.8951,0.0200,0.0666,0.0000,0.0000,0.0000,0.0000,0.0000,0.0000,0.0000,0.0000,0.0000,0.0000,0.0476,0.0476,-0.2516,-0.2516,0.0000
1791000648.9152,0.0201,0.0672,0.0000,0.0000,0.0000,0.0000,0.0000,0.0000,0.0000,0.0000,0.0000,0.0000,0.0476,0.0476,-0.2516,-0.2516,0.0000
1791000648.9352,0.0200,0.0676,0.0000,0.0000,0.0000,0.0000,0.0000,0.0000,0.0000,0.0000,0.0000,0.0000,0.0476,0.0476,-0.2516,-0.2516,0.0000
1791000648.9551,0.0199,0.0666,0.0000,0.0000,0.0000,0.0000,0.0000,0.0000,-0.0015,0.0000,0.0000,0.0000,0.0476,0.0476,-0.2516,-0.2516,0.0000
1791000648.9751,0.0200,0.0686,0.0000,0.0000,0.0000,0.0000,0.0000,0.0000,0.0015,0.0000,0.0000,0.0000,0.0476,0.0476,-0.2516,-0.2516,0.0000
1791000648.9952,0.0200,0.0673,0.0000,0.0000,0.0000,0.0000,0.0000,0.0000,0.0000,0.0000,0.0000,0.0000,0.0476,0.0476,-0.2516,-0.2516,0.0000
1791000649.0152,0.0200,0.0669,0.0000,0.0000,0.0000,0.0000,0.0000,0.0000,0.0000,0.0000,0.0000,0.0000,0.0476,0.0476,-0.2516,-0.2516,0.0000
1791000649.0352,0.0200,0.0676,0.0000,0.0000,0.0000,0.0000,0.0000,0.0000,0.0000,0.0000,0.0000,0.0000,0.0476,0.0476,-0.2516,-0.2516,0.0000
1791000649.0552,0.0200,0.0671,0.0000,0.0000,0.0000,0.0000,0.0000,0.0000,0.0000,0.0000,0.0000,0.0000,0.0476,0.0476,-0.2516,-0.2516,0.0000
1791000649.0752,0.0200,0.0670,0.0000,0.0000,0.0000,0.0000,0.0000,0.0000,0.0000,0.0000,0.0000,0.0000,0.0476,0.0476,-0.2516,-0.2516,0.0000
1791000649.0952,0.0200,0.0668,0.0000,0.0000,0.0000,0.0000,0.0000,0.0000,0.0000,0.0000,0.0000,0.0000,0.0476,0.0476,-0.2516,-0.2516,0.0000
1791000649.1152,0.0200,0.0672,0.0000,0.0000,0.0000,0.0000,0.0000,0.0000,-0.0015,0.0000,0.0000,0.0000,0.0476,0.0476,-0.2516,-0.2516,0.0000
1791000649.1352,0.0200,0.0671,0.0000,0.0000,0.0000,0.0000,0.0000,0.0000,0.0000,0.0000,0.0000,0.0000,0.0476,0.0476,-0.2516,-0.2516,0.0000
1791000649.1551,0.0199,0.0663,0.0000,0.0000,0.0000,0.0000,0.0000,0.0000,0.0015,0.0000,0.0000,0.0000,0.0476,0.0476,-0.2516,-0.2516,0.0000
1791000649.1751,0.0200,0.0676,0.0000,0.0000,0.0000,0.0000,0.0000,0.0000,0.0000,0.0000,0.0000,0.0000,0.0476,0.0476,-0.2516,-0.2516,0.0000
1791000649.1951,0.0200,0.0697,0.0000,0.0000,0.0000,0.0000,0.0000,0.0000,0.0000,0.0000,0.0000,0.0000,0.0476,0.0476,-0.2516,-0.2516,0.0000
1791000649.2151,0.0200,0.0702,0.0000,0.0000,0.0000,0.0000,0.0000,0.0000,-0.0015,0.0000,0.0000,0.0000,0.0476,0.0476,-0.2516,-0.2516,0.0000
1791000649.2350,0.0199,0.0756,0.0000,0.0000,0.0000,0.0000,0.0000,0.0000,0.0015,0.0000,0.0000,0.0000,0.0476,0.0476,-0.2516,-0.2516,0.0000
1791000649.2552,0.0201,0.0714,0.0000,0.0000,0.0000,0.0000,0.0000,0.0000,0.0000,0.0000,0.0000,0.0000,0.0476,0.0506,-0.2516,-0.2516,0.0000
1791000649.2751,0.0199,0.0678,0.0000,0.0000,0.0000,0.0000,0.0000,0.0000,0.0000,0.0000,0.0000,0.0000,0.0476,0.0476,-0.2516,-0.2516,0.0000
1791000649.2952,0.0201,0.0717,0.0000,0.0000,0.0000,0.0000,0.0000,0.0000,0.0000,0.0000,0.0000,0.0000,0.0476,0.0476,-0.2516,-0.2516,0.0000
1791000649.3151,0.0200,0.0697,0.0000,0.0000,0.0000,0.0000,0.0000,0.0000,-0.0015,0.0000,0.0000,0.0000,0.0476,0.0476,-0.2516,-0.2516,0.0000
1791000649.3352,0.0201,0.0672,0.0000,0.0000,0.0000,0.0000,0.0000,0.0000,0.0015,0.0000,0.0000,0.0000,0.0476,0.0476,-0.2516,-0.2516,0.0000
1791000649.3552,0.0200,0.0853,0.0000,0.0000,0.0000,0.0000,0.0000,0.0000,0.0000,0.0000,0.0000,0.0000,0.0476,0.0476,-0.2516,-0.2516,0.0000
1791000649.3751,0.0199,0.0806,0.0000,0.0000,0.0000,0.0000,0.0000,0.0000,0.0000,0.0000,0.0000,0.0000,0.0476,0.0476,-0.2516,-0.2516,0.0000
1791000649.3952,0.0200,0.0907,0.0000,0.0000,0.0000,0.0000,0.0000,0.0000,0.0000,0.0000,0.0000,0.0000,0.0476,0.0476,-0.2516,-0.2516,0.0000
1791000649.4150,0.0199,0.0753,0.0000,0.0000,0.0000,0.0000,0.0000,0.0000,0.0000,0.0000,0.0000,0.0000,0.0476,0.0476,-0.2516,-0.2516,0.0000
1791000649.4351,0.0201,0.0734,0.0000,0.0000,0.0000,0.0000,0.0000,0.0000,0.0000,0.0000,0.0000,0.0000,0.0476,0.0476,-0.2516,-0.2516,0.0000
1791000649.4550,0.0199,0.0741,0.0000,0.0000,0.0000,0.0000,0.0000,0.0000,-0.0015,0.0000,0.0000,0.0000,0.0476,0.0476,-0.2516,-0.2516,0.0000
1791000649.4750,0.0200,0.0749,0.0000,0.0000,0.0000,0.0000,0.0000,0.0000,0.0015,0.0000,0.0000,0.0000,0.0476,0.0476,-0.2516,-0.2516,0.0000
1791000649.4950,0.0200,0.0833,0.0000,0.0000,0.0000,0.0000,0.0000,0.0000,0.0000,0.0000,0.0000,0.0000,0.0476,0.0476,-0.2516,-0.2516,0.0000
1791000649.5150,0.0200,0.0366,0.0000,0.0000,0.0000,0.0000,0.0000,0.0000,-0.0015,-0.0015,0.0000,0.0000,0.0476,0.0476,-0.2516,-0.2516,0.0000
1791000649.5350,0.0200,0.0326,0.0000,0.0000,0.0000,0.0000,0.0000,0.0000,0.0015,0.0000,0.0000,0.0000,0.0476,0.0476,-0.2516,-0.2516,0.0000
1791000649.5551,0.0201,0.0552,0.0000,0.0000,0.0000,0.0000,0.0000,0.0000,0.0000,0.0015,0.0000,0.0000,0.0476,0.0476,-0.2516,-0.2516,0.0000
1791000649.5751,0.0200,0.0547,0.0000,0.0000,0.0000,0.0000,0.0000,0.0000,0.0000,0.0000,0.0000,0.0000,0.0476,0.0476,-0.2516,-0.2516,0.0000
1791000649.5951,0.0200,0.0577,0.0000,0.0000,0.0000,0.0000,0.0000,0.0000,0.0000,0.0000,0.0000,0.0000,0.0476,0.0476,-0.2516,-0.2516,0.0000
1791000649.6151,0.0200,0.0795,0.0000,0.0000,0.0000,0.0000,0.0000,0.0000,0.0000,0.0000,0.0000,0.0000,0.0476,0.0476,-0.2516,-0.2516,0.0000
1791000649.6352,0.0201,0.0925,0.0000,0.0000,0.0000,0.0000,0.0000,0.0000,0.0000,0.0000,0.0000,0.0000,0.0476,0.0476,-0.2516,-0.2516,0.0000
1791000649.6551,0.0200,0.0690,0.0000,0.0000,0.0000,0.0000,0.0000,0.0000,0.0000,0.0000,0.0000,0.0000,0.0476,0.0476,-0.2516,-0.2516,0.0000
1791000649.6752,0.0200,0.0676,0.0000,0.0000,0.0000,0.0000,0.0000,0.0000,0.0000,0.0000,0.0000,0.0000,0.0476,0.0476,-0.2516,-0.2516,0.0000
1791000649.6951,0.0200,0.0675,0.0000,0.0000,0.0000,0.0000,0.0000,0.0000,0.0000,-0.0015,0.0000,0.0000,0.0476,0.0476,-0.2516,-0.2516,0.0000
1791000649.7152,0.0200,0.0676,0.0000,0.0000,0.0000,0.0000,0.0000,0.0000,0.0000,0.0015,0.0000,0.0000,0.0476,0.0476,-0.2516,-0.2516,0.0000
1791000649.7352,0.0200,0.0676,0.0000,0.0000,0.0000,0.0000,0.0000,0.0000,0.0000,0.0000,0.0000,0.0000,0.0476,0.0476,-0.2516,-0.2516,0.0000
1791000649.7550,0.0199,0.0707,0.0000,0.0000,0.0000,0.0000,0.0000,0.0000,0.0000,-0.0015,0.0000,0.0000,0.0476,0.0476,-0.2516,-0.2516,0.0000
1791000649.7751,0.0201,0.0802,0.0000,0.0000,0.0000,0.0000,0.0000,0.0000,0.0000,0.0015,0.0000,0.0000,0.0476,0.0506,-0.2516,-0.2516,0.0000
1791000649.7950,0.0199,0.0912,0.0000,0.0000,0.0000,0.0000,0.0000,0.0000,0.0000,0.0000,0.0000,0.0000,0.0476,0.0476,-0.2516,-0.2516,0.0000
1791000649.8151,0.0201,0.0823,0.0000,0.0000,0.0000,0.0000,0.0000,0.0000,-0.0015,0.0000,0.0000,0.0000,0.0476,0.0476,-0.2516,-0.2516,0.0000
1791000649.8351,0.0200,0.0737,0.0000,0.0000,0.0000,0.0000,0.0000,0.0000,0.0015,0.0000,0.0000,0.0000,0.0476,0.0476,-0.2516,-0.2516,0.0000
1791000649.8551,0.0200,0.0708,0.0000,0.0000,0.0000,0.0000,0.0000,0.0000,0.0000,0.0000,0.0000,0.0000,0.0476,0.0476,-0.2516,-0.2516,0.0000
1791000649.8752,0.0201,0.0737,0.0000,0.0000,0.0000,0.0000,0.0000,0.0000,-0.0015,0.0000,0.0000,0.0000,0.0476,0.0476,-0.2516,-0.2516,0.0000
1791000649.8951,0.0199,0.0758,0.0000,0.0000,0.0000,0.0000,0.0000,0.0000,0.0000,0.0000,0.0000,0.0000,0.0476,0.0476,-0.2516,-0.2516,0.0000
1791000649.9152,0.0201,0.0749,0.0000,0.0000,0.0000,0.0000,0.0000,0.0000,0.0015,0.0000,0.0000,0.0000,0.0476,0.0476,-0.2516,-0.2516,0.0000
1791000649.9352,0.0200,0.0754,0.0000,0.0000,0.0000,0.0000,0.0000,0.0000,-0.0015,0.0000,0.0000,0.0000,0.0476,0.0476,-0.2516,-0.2516,0.0000
1791000649.9551,0.0199,0.0733,0.0000,0.0000,0.0000,0.0000,0.0000,0.0000,0.0015,0.0000,0.0000,0.0000,0.0476,0.0476,-0.2516,-0.2516,0.0000
1791000649.9751,0.0200,0.0750,0.0000,0.0000,0.0000,0.0000,0.0000,0.0000,0.0000,0.0000,0.0000,0.0000,0.0476,0.0476,-0.2516,-0.2516,0.0000
1791000649.9951,0.0200,0.0703,0.0000,0.0000,0.0000,0.0000,0.0000,0.0000,0.0000,0.0000,0.0000,0.0000,0.0476,0.0476,-0.2516,-0.2516,0.0000
1791000650.0150,0.0199,0.0778,0.0000,0.0000,0.0000,0.0000,0.0000,0.0000,0.0000,0.0000,0.0000,0.0000,0.0476,0.0476,-0.2516,-0.2516,0.0000
1791000650.0352,0.0202,0.1020,0.0000,0.0000,0.0000,0.0000,0.0000,0.0000,-0.0015,0.0000,0.0000,0.0000,0.0476,0.0476,-0.2516,-0.2516,0.0000
1791000650.0551,0.0199,0.0929,0.0000,0.0000,0.0000,0.0000,0.0000,0.0000,0.0000,0.0000,0.0000,0.0000,0.0476,0.0476,-0.2516,-0.2516,0.0000
1791000650.0750,0.0199,0.0824,0.0000,0.0000,0.0000,0.0000,0.0000,0.0000,0.0015,0.0000,0.0000,0.0000,0.0476,0.0476,-0.2516,-0.2516,0.0000
1791000650.0951,0.0201,0.0541,0.0000,0.0000,0.0000,0.0000,0.0000,0.0000,0.0000,0.0000,0.0000,0.0000,0.0476,0.0476,-0.2516,-0.2516,0.0000
1791000650.1151,0.0200,0.0542,0.0000,0.0000,0.0000,0.0000,0.0000,0.0000,0.0000,0.0000,0.0000,0.0000,0.0476,0.0476,-0.2516,-0.2516,0.0000
1791000650.1351,0.0200,0.0693,0.0000,0.0000,0.0000,0.0000,0.0000,0.0000,0.0000,0.0000,0.0000,0.0000,0.0476,0.0476,-0.2516,-0.2516,0.0000
1791000650.1551,0.0200,0.1017,0.0000,0.0000,0.0000,0.0000,0.0000,0.0000,-0.0015,0.0000,0.0000,0.0000,0.0476,0.0476,-0.2516,-0.2516,0.0000
1791000650.1751,0.0200,0.0692,0.0000,0.0000,0.0000,0.0000,0.0000,0.0000,0.0015,0.0000,0.0000,0.0000,0.0476,0.0476,-0.2516,-0.2516,0.0000
1791000650.1952,0.0200,0.0725,0.0000,0.0000,0.0000,0.0000,0.0000,0.0000,0.0000,0.0000,0.0000,0.0000,0.0476,0.0476,-0.2516,-0.2516,0.0000
1791000650.2151,0.0200,0.0787,0.0000,0.0000,0.0000,0.0000,0.0000,0.0000,-0.0015,0.0000,0.0000,0.0000,0.0476,0.0476,-0.2516,-0.2516,0.0000
1791000650.2351,0.0199,0.1416,0.0000,0.0000,0.0000,0.0000,0.0000,0.0000,0.0015,0.0000,0.0000,0.0000,0.0476,0.0476,-0.2516,-0.2516,0.0000
1791000650.2552,0.0201,0.1128,0.0000,0.0000,0.0000,0.0000,0.0000,0.0000,-0.0015,0.0000,0.0000,0.0000,0.0476,0.0476,-0.2516,-0.2516,0.0000
1791000650.2752,0.0200,0.1084,0.0000,0.0000,0.0000,0.0000,0.0000,0.0000,0.0015,-0.0015,0.0000,0.0000,0.0476,0.0476,-0.2516,-0.2516,0.0000
1791000650.2952,0.0200,0.0772,0.0000,0.0000,0.0000,0.0000,0.0000,0.0000,0.0000,0.0015,0.0000,0.0000,0.0476,0.0476,-0.2516,-0.2516,0.0000
1791000650.3151,0.0199,0.0682,0.0000,0.0000,0.0000,0.0000,0.0000,0.0000,0.0000,0.0000,0.0000,0.0000,0.0476,0.0476,-0.2516,-0.2516,0.0000
1791000650.3351,0.0200,0.0670,0.0000,0.0000,0.0000,0.0000,0.0000,0.0000,0.0000,0.0000,0.0000,0.0000,0.0476,0.0476,-0.2516,-0.2516,0.0000
1791000650.3550,0.0199,0.0660,0.0000,0.0000,0.0000,0.0000,0.0000,0.0000,0.0000,0.0000,0.0000,0.0000,0.0476,0.0476,-0.2516,-0.2516,0.0000
1791000650.3751,0.0201,0.0744,0.0000,0.0000,0.0000,0.0000,0.0000,0.0000,0.0000,0.0000,0.0000,0.0000,0.0476,0.0476,-0.2516,-0.2516,0.0000
1791000650.3950,0.0199,0.0793,0.0000,0.0000,0.0000,0.0000,0.0000,0.0000,0.0000,0.0000,0.0000,0.0000,0.0476,0.0476,-0.2516,-0.2516,0.0000
1791000650.4151,0.0201,0.0714,0.0000,0.0000,0.0000,0.0000,0.0000,0.0000,-0.0015,0.0000,0.0000,0.0000,0.0476,0.0476,-0.2516,-0.2516,0.0000
1791000650.4352,0.0200,0.0776,0.0000,0.0000,0.0000,0.0000,0.0000,0.0000,0.0015,0.0000,0.0000,0.0000,0.0476,0.0476,-0.2516,-0.2516,0.0000
1791000650.4552,0.0200,0.0691,0.0000,0.0000,0.0000,0.0000,0.0000,0.0000,0.0000,0.0000,0.0000,0.0000,0.0476,0.0476,-0.2516,-0.2516,0.0000
1791000650.4752,0.0200,0.0694,0.0000,0.0000,0.0000,0.0000,0.0000,0.0000,0.0000,0.0000,0.0000,0.0000,0.0476,0.0476,-0.2516,-0.2516,0.0000
1791000650.4950,0.0198,0.0781,0.0000,0.0000,0.0000,0.0000,0.0000,0.0000,0.0000,0.0000,0.0000,0.0000,0.0476,0.0476,-0.2516,-0.2516,0.0000
1791000650.5151,0.0201,0.0680,0.0000,0.0000,0.0000,0.0000,0.0000,0.0000,0.0000,0.0000,0.0000,0.0000,0.0476,0.0506,-0.2516,-0.2516,0.0000
1791000650.5350,0.0199,0.0674,0.0000,0.0000,0.0000,0.0000,0.0000,0.0000,0.0000,0.0000,0.0000,0.0000,0.0476,0.0476,-0.2516,-0.2516,0.0000
1791000650.5550,0.0200,0.0454,0.0000,0.0000,0.0000,0.0000,0.0000,0.0000,0.0000,0.0000,0.0000,0.0000,0.0476,0.0476,-0.2516,-0.2516,0.0000
1791000650.5750,0.0200,0.0336,0.0000,0.0000,0.0000,0.0000,0.0000,0.0000,-0.0015,0.0000,0.0000,0.0000,0.0476,0.0476,-0.2516,-0.2516,0.0000
1791000650.5952,0.0202,0.0691,0.0000,0.0000,0.0000,0.0000,0.0000,0.0000,0.0015,0.0000,0.0000,0.0000,0.0476,0.0476,-0.2516,-0.2516,0.0000
1791000650.6152,0.0200,0.0691,0.0000,0.0000,0.0000,0.0000,0.0000,0.0000,0.0000,0.0000,0.0000,0.0000,0.0476,0.0476,-0.2516,-0.2516,0.0000
1791000650.6351,0.0200,0.0763,0.0000,0.0000,0.0000,0.0000,0.0000,0.0000,-0.0015,0.0000,0.0000,0.0000,0.0476,0.0476,-0.2516,-0.2516,0.0000
1791000650.6552,0.0200,0.0668,0.0000,0.0000,0.0000,0.0000,0.0000,0.0000,0.0015,0.0000,0.0000,0.0000,0.0476,0.0476,-0.2516,-0.2516,0.0000
1791000650.6751,0.0199,0.0658,0.0000,0.0000,0.0000,0.0000,0.0000,0.0000,0.0000,0.0000,0.0000,0.0000,0.0476,0.0476,-0.2516,-0.2516,0.0000
1791000650.6951,0.0200,0.0655,0.0000,0.0000,0.0000,0.0000,0.0000,0.0000,0.0000,0.0000,0.0000,0.0000,0.0476,0.0476,-0.2516,-0.2516,0.0000
1791000650.7152,0.0200,0.0673,0.0000,0.0000,0.0000,0.0000,0.0000,0.0000,0.0000,0.0000,0.0000,0.0000,0.0476,0.0476,-0.2516,-0.2516,0.0000
1791000650.7351,0.0200,0.0676,0.0000,0.0000,0.0000,0.0000,0.0000,0.0000,0.0000,0.0000,0.0000,0.0000,0.0476,0.0476,-0.2516,-0.2516,0.0000
1791000650.7552,0.0200,0.0660,0.0000,0.0000,0.0000,0.0000,0.0000,0.0000,0.0000,0.0000,0.0000,0.0000,0.0476,0.0476,-0.2516,-0.2516,0.0000
1791000650.7751,0.0200,0.0675,0.0000,0.0000,0.0000,0.0000,0.0000,0.0000,-0.0015,0.0000,0.0000,0.0000,0.0476,0.0476,-0.2516,-0.2516,0.0000
1791000650.7951,0.0200,0.0653,0.0000,0.0000,0.0000,0.0000,0.0000,0.0000,0.0015,0.0000,0.0000,0.0000,0.0476,0.0476,-0.2516,-0.2516,0.0000
1791000650.8151,0.0200,0.0655,0.0000,0.0000,0.0000,0.0000,0.0000,0.0000,0.0000,0.0000,0.0000,0.0000,0.0476,0.0476,-0.2516,-0.2516,0.0000
1791000650.8351,0.0200,0.0688,0.0000,0.0000,0.0000,0.0000,0.0000,0.0000,0.0000,0.0000,0.0000,0.0000,0.0476,0.0476,-0.2516,-0.2516,0.0000
1791000650.8551,0.0200,0.0697,0.0000,0.0000,0.0000,0.0000,0.0000,0.0000,0.0000,0.0000,0.0000,0.0000,0.0476,0.0476,-0.2516,-0.2516,0.0000
1791000650.8751,0.0200,0.0663,0.0000,0.0000,0.0000,0.0000,0.0000,0.0000,-0.0015,0.0000,0.0000,0.0000,0.0476,0.0476,-0.2516,-0.2516,0.0000
1791000650.8951,0.0200,0.0663,0.0000,0.0000,0.0000,0.0000,0.0000,0.0000,0.0015,-0.0015,0.0000,0.0000,0.0476,0.0476,-0.2516,-0.2516,0.0000
1791000650.9151,0.0200,0.0663,0.0000,0.0000,0.0000,0.0000,0.0000,0.0000,0.0000,0.0015,0.0000,0.0000,0.0476,0.0476,-0.2516,-0.2516,0.0000
1791000650.9352,0.0201,0.0681,0.0000,0.0000,0.0000,0.0000,0.0000,0.0000,0.0000,0.0000,0.0000,0.0000,0.0476,0.0476,-0.2516,-0.2516,0.0000
1791000650.9551,0.0200,0.0667,0.0000,0.0000,0.0000,0.0000,0.0000,0.0000,0.0000,0.0000,0.0000,0.0000,0.0476,0.0476,-0.2516,-0.2531,0.0000
1791000650.9751,0.0200,0.0678,0.0000,0.0000,0.0000,0.0000,0.0000,0.0000,0.0000,0.0000,0.0000,0.0000,0.0476,0.0476,-0.2516,-0.2516,0.0000
1791000650.9951,0.0200,0.0642,0.0000,0.0000,0.0000,0.0000,0.0000,0.0000,0.0000,0.0000,0.0000,0.0000,0.0476,0.0476,-0.2516,-0.2516,0.0000
1791000651.0151,0.0200,0.0632,0.0000,0.0000,0.0000,0.0000,0.0000,0.0000,0.0000,0.0000,0.0000,0.0000,0.0476,0.0476,-0.2516,-0.2516,0.0000
1791000651.0351,0.0200,0.0647,0.0000,0.0000,0.0000,0.0000,0.0000,0.0000,0.0000,0.0000,0.0000,0.0000,0.0476,0.0476,-0.2516,-0.2516,0.0000
1791000651.0551,0.0200,0.0703,0.0000,0.0000,0.0000,0.0000,0.0000,0.0000,-0.0015,0.0000,0.0000,0.0000,0.0476,0.0476,-0.2516,-0.2516,0.0000
1791000651.0751,0.0200,0.0662,0.0000,0.0000,0.0000,0.0000,0.0000,0.0000,0.0015,0.0000,0.0000,0.0000,0.0476,0.0476,-0.2516,-0.2516,0.0000
1791000651.0952,0.0200,0.0777,0.0000,0.0000,0.0000,0.0000,0.0000,0.0000,-0.0015,0.0000,0.0000,0.0000,0.0476,0.0476,-0.2516,-0.2516,0.0000
1791000651.1151,0.0199,0.0635,0.0000,0.0000,0.0000,0.0000,0.0000,0.0000,0.0015,0.0000,0.0000,0.0000,0.0476,0.0476,-0.2516,-0.2516,0.0000
1791000651.1351,0.0200,0.0663,0.0000,0.0000,0.0000,0.0000,0.0000,0.0000,0.0000,-0.0015,0.0000,0.0000,0.0476,0.0476,-0.2516,-0.2516,0.0000
1791000651.1550,0.0199,0.0669,0.0000,0.0000,0.0000,0.0000,0.0000,0.0000,0.0000,0.0015,0.0000,0.0000,0.0476,0.0476,-0.2516,-0.2516,0.0000
1791000651.1751,0.0201,0.0688,0.0000,0.0000,0.0000,0.0000,0.0000,0.0000,0.0000,0.0000,0.0000,0.0000,0.0476,0.0476,-0.2516,-0.2516,0.0000
1791000651.1952,0.0200,0.0624,0.0000,0.0000,0.0000,0.0000,0.0000,0.0000,0.0000,0.0000,0.0000,0.0000,0.0476,0.0476,-0.2516,-0.2516,0.0000
1791000651.2151,0.0200,0.0648,0.0000,0.0000,0.0000,0.0000,0.0000,0.0000,0.0000,0.0000,0.0000,0.0000,0.0476,0.0476,-0.2516,-0.2516,0.0000
1791000651.2352,0.0200,0.0642,0.0000,0.0000,0.0000,0.0000,0.0000,0.0000,0.0000,0.0000,0.0000,0.0000,0.0476,0.0476,-0.2516,-0.2516,0.0000
1791000651.2551,0.0200,0.0671,0.0000,0.0000,0.0000,0.0000,0.0000,0.0000,0.0000,0.0000,0.0000,0.0000,0.0476,0.0476,-0.2516,-0.2516,0.0000
1791000651.2752,0.0200,0.0638,0.0000,0.0000,0.0000,0.0000,0.0000,0.0000,0.0000,0.0000,0.0000,0.0000,0.0476,0.0476,-0.2516,-0.2516,0.0000
1791000651.2952,0.0200,0.0639,0.0000,0.0000,0.0000,0.0000,0.0000,0.0000,-0.0015,0.0000,0.0000,0.0000,0.0476,0.0476,-0.2516,-0.2516,0.0000
1791000651.3152,0.0200,0.0644,0.0000,0.0000,0.0000,0.0000,0.0000,0.0000,0.0015,0.0000,0.0000,0.0000,0.0476,0.0476,-0.2516,-0.2516,0.0000
1791000651.3352,0.0200,0.0640,0.0000,0.0000,0.0000,0.0000,0.0000,0.0000,0.0000,0.0000,0.0000,0.0000,0.0476,0.0476,-0.2516,-0.2516,0.0000
1791000651.3552,0.0200,0.0677,0.0000,0.0000,0.0000,0.0000,0.0000,0.0000,0.0000,0.0000,0.0000,0.0000,0.0476,0.0476,-0.2516,-0.2516,0.0000
1791000651.3751,0.0200,0.0673,0.0000,0.0000,0.0000,0.0000,0.0000,0.0000,0.0000,0.0000,0.0000,0.0000,0.0476,0.0476,-0.2516,-0.2516,0.0000
1791000651.3952,0.0200,0.0677,0.0000,0.0000,0.0000,0.0000,0.0000,0.0000,-0.0015,0.0000,0.0000,0.0000,0.0476,0.0476,-0.2516,-0.2516,0.0000
1791000651.4152,0.0200,0.0670,0.0000,0.0000,0.0000,0.0000,0.0000,0.0000,0.0015,0.0000,0.0000,0.0000,0.0476,0.0476,-0.2516,-0.2516,0.0000
1791000651.4352,0.0200,0.0675,0.0000,0.0000,0.0000,0.0000,0.0000,0.0000,0.0000,0.0000,0.0000,0.0000,0.0476,0.0476,-0.2516,-0.2516,0.0000
1791000651.4552,0.0200,0.0675,0.0000,0.0000,0.0000,0.0000,0.0000,0.0000,0.0000,0.0000,0.0000,0.0000,0.0476,0.0476,-0.2516,-0.2516,0.0000
1791000651.4752,0.0200,0.0672,0.0000,0.0000,0.0000,0.0000,0.0000,0.0000,0.0000,0.0000,0.0000,0.0000,0.0476,0.0476,-0.2516,-0.2516,0.0000
1791000651.4952,0.0200,0.0676,0.0000,0.0000,0.0000,0.0000,0.0000,0.0000,0.0000,0.0000,0.0000,0.0000,0.0476,0.0476,-0.2516,-0.2516,0.0000
1791000651.5152,0.0200,0.0674,0.0000,0.0000,0.0000,0.0000,0.0000,0.0000,0.0000,0.0000,0.0000,0.0000,0.0476,0.0476,-0.2516,-0.2516,0.0000
1791000651.5352,0.0200,0.0676,0.0000,0.0000,0.0000,0.0000,0.0000,0.0000,0.0000,0.0000,0.0000,0.0000,0.0476,0.0476,-0.2516,-0.2516,0.0000
1791000651.5551,0.0200,0.0677,0.0000,0.0000,0.0000,0.0000,0.0000,0.0000,0.0000,0.0000,0.0000,0.0000,0.0476,0.0476,-0.2516,-0.2516,0.0000
1791000651.5752,0.0200,0.0672,0.0000,0.0000,0.0000,0.0000,0.0000,0.0000,0.0000,0.0000,0.0000,0.0000,0.0476,0.0476,-0.2516,-0.2516,0.0000
1791000651.5951,0.0200,0.0700,0.0000,0.0000,0.0000,0.0000,0.0000,0.0000,0.0000,0.0000,0.0000,0.0000,0.0476,0.0476,-0.2516,-0.2516,0.0000
1791000651.6152,0.0200,0.0673,0.0000,0.0000,0.0000,0.0000,0.0000,0.0000,0.0000,0.0000,0.0000,0.0000,0.0476,0.0476,-0.2516,-0.2516,0.0000
1791000651.6352,0.0200,0.0704,0.0000,0.0000,0.0000,0.0000,0.0000,0.0000,-0.0015,0.0000,0.0000,0.0000,0.0476,0.0476,-0.2516,-0.2531,0.0000
1791000651.6551,0.0200,0.0679,0.0000,0.0000,0.0000,0.0000,0.0000,0.0000,0.0015,0.0000,0.0000,0.0000,0.0476,0.0476,-0.2516,-0.2516,0.0000
1791000651.6751,0.0200,0.0673,0.0000,0.0000,0.0000,0.0000,0.0000,0.0000,0.0000,0.0000,0.0000,0.0000,0.0476,0.0476,-0.2516,-0.2516,0.0000
1791000651.6951,0.0200,0.0885,0.0000,0.0000,0.0000,0.0000,0.0000,0.0000,0.0000,0.0000,0.0000,0.0000,0.0476,0.0476,-0.2516,-0.2516,0.0000
1791000651.7151,0.0200,0.0746,0.0000,0.0000,0.0000,0.0000,0.0000,0.0000,0.0000,0.0000,0.0000,0.0000,0.0476,0.0476,-0.2516,-0.2516,0.0000
1791000651.7352,0.0200,0.0651,0.0000,0.0000,0.0000,0.0000,0.0000,0.0000,-0.0015,0.0000,0.0000,0.0000,0.0476,0.0476,-0.2516,-0.2516,0.0000
1791000651.7551,0.0200,0.0650,0.0000,0.0000,0.0000,0.0000,0.0000,0.0000,0.0015,0.0000,0.0000,0.0000,0.0476,0.0476,-0.2516,-0.2516,0.0000
1791000651.7751,0.0200,0.0643,0.0000,0.0000,0.0000,0.0000,0.0000,0.0000,0.0000,0.0000,0.0000,0.0000,0.0476,0.0476,-0.2516,-0.2516,0.0000
1791000651.7951,0.0200,0.0661,0.0000,0.0000,0.0000,0.0000,0.0000,0.0000,0.0000,0.0000,0.0000,0.0000,0.0476,0.0476,-0.2516,-0.2516,0.0000
1791000651.8151,0.0200,0.0644,0.0000,0.0000,0.0000,0.0000,0.0000,0.0000,0.0000,0.0000,0.0000,0.0000,0.0476,0.0476,-0.2516,-0.2516,0.0000
1791000651.8351,0.0200,0.0647,0.0000,0.0000,0.0000,0.0000,0.0000,0.0000,0.0000,0.0000,0.0000,0.0000,0.0476,0.0476,-0.2516,-0.2516,0.0000
1791000651.8551,0.0200,0.0635,0.0000,0.0000,0.0000,0.0000,0.0000,0.0000,0.0000,0.0000,0.0000,0.0000,0.0476,0.0476,-0.2516,-0.2516,0.0000
1791000651.8751,0.0200,0.0650,0.0000,0.0000,0.0000,0.0000,0.0000,0.0000,0.0000,0.0000,0.0000,0.0000,0.0476,0.0476,-0.2516,-0.2516,0.0000
1791000651.8951,0.0200,0.0637,0.0000,0.0000,0.0000,0.0000,0.0000,0.0000,0.0000,0.0000,0.0000,0.0000,0.0476,0.0506,-0.2516,-0.2516,0.0000
1791000651.9151,0.0200,0.0640,0.0000,0.0000,0.0000,0.0000,0.0000,0.0000,0.0000,0.0000,0.0000,0.0000,0.0476,0.0476,-0.2516,-0.2516,0.0000
1791000651.9351,0.0200,0.0658,0.0000,0.0000,0.0000,0.0000,0.0000,0.0000,0.0000,-0.0015,0.0000,0.0000,0.0476,0.0476,-0.2516,-0.2516,0.0000
1791000651.9551,0.0200,0.0619,0.0000,0.0000,0.0000,0.0000,0.0000,0.0000,0.0000,0.0015,0.0000,0.0000,0.0476,0.0476,-0.2516,-0.2516,0.0000
1791000651.9751,0.0200,0.0621,0.0000,0.0000,0.0000,0.0000,0.0000,0.0000,0.0000,0.0000,0.0000,0.0000,0.0476,0.0476,-0.2516,-0.2516,0.0000
1791000651.9951,0.0200,0.0619,0.0000,0.0000,0.0000,0.0000,0.0000,0.0000,0.0000,0.0000,0.0000,0.0000,0.0476,0.0476,-0.2516,-0.2516,0.0000
1791000652.0151,0.0200,0.0616,0.0000,0.0000,0.0000,0.0000,0.0000,0.0000,0.0000,0.0000,0.0000,0.0000,0.0476,0.0476,-0.2516,-0.2516,0.0000
1791000652.0351,0.0200,0.0627,0.0000,0.0000,0.0000,0.0000,0.0000,0.0000,0.0000,0.0000,0.0000,0.0000,0.0476,0.0476,-0.2516,-0.2516,0.0000
1791000652.0551,0.0200,0.0617,0.0000,0.0000,0.0000,0.0000,0.0000,0.0000,0.0000,0.0000,0.0000,0.0000,0.0476,0.0476,-0.2516,-0.2516,0.0000
1791000652.0750,0.0199,0.0626,0.0000,0.0000,0.0000,0.0000,0.0000,0.0000,0.0000,0.0000,0.0000,0.0000,0.0476,0.0476,-0.2516,-0.2516,0.0000
1791000652.0951,0.0201,0.0616,0.0000,0.0000,0.0000,0.0000,0.0000,0.0000,0.0000,0.0000,0.0000,0.0000,0.0476,0.0476,-0.2516,-0.2516,0.0000
1791000652.1151,0.0200,0.0630,0.0000,0.0000,0.0000,0.0000,0.0000,0.0000,0.0000,0.0000,0.0000,0.0000,0.0476,0.0476,-0.2516,-0.2516,0.0000
1791000652.1350,0.0199,0.0667,0.0000,0.0000,0.0000,0.0000,0.0000,0.0000,0.0000,0.0000,0.0000,0.0000,0.0476,0.0476,-0.2516,-0.2516,0.0000
1791000652.1551,0.0201,0.0693,0.0000,0.0000,0.0000,0.0000,0.0000,0.0000,0.0000,0.0000,0.0000,0.0000,0.0476,0.0476,-0.2516,-0.2516,0.0000
1791000652.1750,0.0199,0.0652,0.0000,0.0000,0.0000,0.0000,0.0000,0.0000,0.0000,0.0000,0.0000,0.0000,0.0476,0.0476,-0.2516,-0.2516,0.0000
1791000652.1951,0.0201,0.0647,0.0000,0.0000,0.0000,0.0000,0.0000,0.0000,0.0000,0.0000,0.0000,0.0000,0.0476,0.0476,-0.2516,-0.2516,0.0000
1791000652.2151,0.0200,0.0646,0.0000,0.0000,0.0000,0.0000,0.0000,0.0000,0.0000,0.0000,0.0000,0.0000,0.0476,0.0476,-0.2516,-0.2516,0.0000
1791000652.2351,0.0200,0.0640,0.0000,0.0000,0.0000,0.0000,0.0000,0.0000,0.0000,0.0000,0.0000,0.0000,0.0476,0.0476,-0.2516,-0.2516,0.0000
1791000652.2550,0.0199,0.0644,0.0000,0.0000,0.0000,0.0000,0.0000,0.0000,0.0000,0.0000,0.0000,0.0000,0.0476,0.0476,-0.2516,-0.2516,0.0000
1791000652.2751,0.0201,0.0644,0.0000,0.0000,0.0000,0.0000,0.0000,0.0000,0.0000,0.0000,0.0000,0.0000,0.0476,0.0476,-0.2516,-0.2516,0.0000
1791000652.2951,0.0200,0.0654,0.0000,0.0000,0.0000,0.0000,0.0000,0.0000,0.0000,0.0000,0.0000,0.0000,0.0476,0.0476,-0.2516,-0.2516,0.0000
1791000652.3151,0.0200,0.0648,0.0000,0.0000,0.0000,0.0000,0.0000,0.0000,0.0000,0.0000,0.0000,0.0000,0.0476,0.0476,-0.2516,-0.2516,0.0000
1791000652.3351,0.0200,0.0623,0.0000,0.0000,0.0000,0.0000,0.0000,0.0000,0.0000,0.0000,0.0000,0.0000,0.0476,0.0476,-0.2516,-0.2516,0.0000
1791000652.3551,0.0200,0.0621,0.0000,0.0000,0.0000,0.0000,0.0000,0.0000,0.0000,0.0000,0.0000,0.0000,0.0476,0.0506,-0.2516,-0.2516,0.0000
1791000652.3751,0.0200,0.0618,0.0000,0.0000,0.0000,0.0000,0.0000,0.0000,0.0000,0.0000,0.0000,0.0000,0.0476,0.0476,-0.2516,-0.2516,0.0000
1791000652.3951,0.0200,0.0617,0.0000,0.0000,0.0000,0.0000,0.0000,0.0000,0.0000,0.0000,0.0000,0.0000,0.0476,0.0476,-0.2516,-0.2516,0.0000
1791000652.4151,0.0200,0.0617,0.0000,0.0000,0.0000,0.0000,0.0000,0.0000,0.0000,0.0000,0.0000,0.0000,0.0476,0.0476,-0.2516,-0.2516,0.0000
1791000652.4351,0.0200,0.0660,0.0000,0.0000,0.0000,0.0000,0.0000,0.0000,0.0000,0.0000,0.0000,0.0000,0.0476,0.0476,-0.2516,-0.2516,0.0000
1791000652.4551,0.0200,0.0606,0.0000,0.0000,0.0000,0.0000,0.0000,0.0000,0.0000,-0.0015,0.0000,0.0000,0.0476,0.0476,-0.2516,-0.2516,0.0000
1791000652.4751,0.0200,0.0595,0.0000,0.0000,0.0000,0.0000,0.0000,0.0000,0.0000,0.0015,0.0000,0.0000,0.0476,0.0476,-0.2516,-0.2516,0.0000
1791000652.4951,0.0200,0.0603,0.0000,0.0000,0.0000,0.0000,0.0000,0.0000,0.0000,0.0000,0.0000,0.0000,0.0476,0.0476,-0.2516,-0.2516,0.0000
1791000652.5151,0.0200,0.0600,0.0000,0.0000,0.0000,0.0000,0.0000,0.0000,0.0000,0.0000,0.0000,0.0000,0.0476,0.0476,-0.2516,-0.2516,0.0000
1791000652.5352,0.0201,0.0748,0.0000,0.0000,0.0000,0.0000,0.0000,0.0000,0.0000,0.0000,0.0000,0.0000,0.0476,0.0476,-0.2516,-0.2516,0.0000
1791000652.5552,0.0200,0.0613,0.0000,0.0000,0.0000,0.0000,0.0000,0.0000,0.0000,0.0000,0.0000,0.0000,0.0476,0.0476,-0.2516,-0.2516,0.0000
1791000652.5752,0.0200,0.0640,0.0000,0.0000,0.0000,0.0000,0.0000,0.0000,0.0000,0.0000,0.0000,0.0000,0.0476,0.0476,-0.2516,-0.2516,0.0000
1791000652.5952,0.0200,0.0642,0.0000,0.0000,0.0000,0.0000,0.0000,0.0000,0.0000,0.0000,0.0000,0.0000,0.0476,0.0476,-0.2516,-0.2516,0.0000
1791000652.6152,0.0200,0.0643,0.0000,0.0000,0.0000,0.0000,0.0000,0.0000,0.0000,0.0000,0.0000,0.0000,0.0476,0.0476,-0.2516,-0.2516,0.0000
1791000652.6350,0.0199,0.0617,0.0000,0.0000,0.0000,0.0000,0.0000,0.0000,0.0000,0.0000,0.0000,0.0000,0.0476,0.0476,-0.2516,-0.2516,0.0000
1791000652.6551,0.0201,0.0644,0.0000,0.0000,0.0000,0.0000,0.0000,0.0000,0.0000,0.0000,0.0000,0.0000,0.0476,0.0476,-0.2516,-0.2516,0.0000
1791000652.6751,0.0200,0.0649,0.0000,0.0000,0.0000,0.0000,0.0000,0.0000,0.0000,0.0000,0.0000,0.0000,0.0476,0.0476,-0.2516,-0.2516,0.0000
1791000652.6951,0.0200,0.0663,0.0000,0.0000,0.0000,0.0000,0.0000,0.0000,0.0000,0.0000,0.0000,0.0000,0.0476,0.0476,-0.2516,-0.2516,0.0000
1791000652.7151,0.0200,0.0617,0.0000,0.0000,0.0000,0.0000,0.0000,0.0000,0.0000,0.0000,0.0000,0.0000,0.0476,0.0476,-0.2516,-0.2516,0.0000
1791000652.7351,0.0200,0.0613,0.0000,0.0000,0.0000,0.0000,0.0000,0.0000,0.0000,0.0000,0.0000,0.0000,0.0476,0.0476,-0.2516,-0.2516,0.0000
1791000652.7551,0.0200,0.0617,0.0000,0.0000,0.0000,0.0000,0.0000,0.0000,0.0000,0.0000,0.0000,0.0000,0.0476,0.0476,-0.2516,-0.2516,0.0000
1791000652.7752,0.0200,0.0896,0.0000,0.0000,0.0000,0.0000,0.0000,0.0000,0.0000,0.0000,0.0000,0.0000,0.0476,0.0476,-0.2516,-0.2516,0.0000
1791000652.7951,0.0200,0.0981,0.0000,0.0000,0.0000,0.0000,0.0000,0.0000,0.0000,0.0000,0.0000,0.0000,0.0476,0.0476,-0.2516,-0.2516,0.0000
1791000652.8151,0.0200,0.0912,0.0000,0.0000,0.0000,0.0000,0.0000,0.0000,0.0000,0.0000,0.0000,0.0000,0.0476,0.0476,-0.2516,-0.2516,0.0000
1791000652.8351,0.0200,0.0907,0.0000,0.0000,0.0000,0.0000,0.0000,0.0000,0.0000,0.0000,0.0000,0.0000,0.0476,0.0476,-0.2516,-0.2516,0.0000
1791000652.8551,0.0200,0.0910,0.0000,0.0000,0.0000,0.0000,0.0000,0.0000,0.0000,0.0000,0.0000,0.0000,0.0476,0.0476,-0.2516,-0.2516,0.0000
1791000652.8751,0.0200,0.0902,0.0000,0.0000,0.0000,0.0000,0.0000,0.0000,0.0000,0.0000,0.0000,0.0000,0.0476,0.0476,-0.2516,-0.2516,0.0000
1791000652.8952,0.0200,0.0906,0.0000,0.0000,0.0000,0.0000,0.0000,0.0000,-0.0015,0.0000,0.0000,0.0000,0.0476,0.0476,-0.2516,-0.2516,0.0000
1791000652.9152,0.0200,0.0910,0.0000,0.0000,0.0000,0.0000,0.0000,0.0000,0.0015,0.0000,0.0000,0.0000,0.0476,0.0476,-0.2516,-0.2516,0.0000
1791000652.9351,0.0200,0.1043,0.0000,0.0000,0.0000,0.0000,0.0000,0.0000,0.0000,0.0000,0.0000,0.0000,0.0476,0.0476,-0.2516,-0.2516,0.0000
1791000652.9552,0.0201,0.0925,0.0000,0.0000,0.0000,0.0000,0.0000,0.0000,0.0000,0.0000,0.0000,0.0000,0.0476,0.0476,-0.2516,-0.2516,0.0000
1791000652.9752,0.0199,0.0892,0.0000,0.0000,0.0000,0.0000,0.0000,0.0000,-0.0015,0.0000,0.0000,0.0000,0.0476,0.0476,-0.2516,-0.2516,0.0000
1791000652.9952,0.0200,0.0898,0.0000,0.0000,0.0000,0.0000,0.0000,0.0000,0.0015,0.0000,0.0000,0.0000,0.0476,0.0506,-0.2516,-0.2516,0.0000
1791000653.0152,0.0200,0.0915,0.0000,0.0000,0.0000,0.0000,0.0000,0.0000,-0.0015,0.0000,0.0000,0.0000,0.0476,0.0476,-0.2516,-0.2516,0.0000
1791000653.0351,0.0199,0.0896,0.0000,0.0000,0.0000,0.0000,0.0000,0.0000,0.0015,0.0000,0.0000,0.0000,0.0476,0.0476,-0.2516,-0.2516,0.0000
1791000653.0551,0.0200,0.1376,0.0000,0.0000,0.0000,0.0000,0.0000,0.0000,0.0000,0.0000,0.0000,0.0000,0.0476,0.0476,-0.2516,-0.2516,0.0000
1791000653.0750,0.0199,0.0705,0.0000,0.0000,0.0000,0.0000,0.0000,0.0000,0.0000,-0.0015,0.0000,0.0000,0.0476,0.0476,-0.2516,-0.2516,0.0000
1791000653.0951,0.0201,0.0698,0.0000,0.0000,0.0000,0.0000,0.0000,0.0000,0.0000,0.0015,0.0000,0.0000,0.0476,0.0476,-0.2516,-0.2516,0.0000
1791000653.1152,0.0201,0.0964,0.0000,0.0000,0.0000,0.0000,0.0000,0.0000,0.0000,0.0000,0.0000,0.0000,0.0476,0.0476,-0.2516,-0.2516,0.0000
1791000653.1351,0.0199,0.0920,0.0000,0.0000,0.0000,0.0000,0.0000,0.0000,0.0000,0.0000,0.0000,0.0000,0.0476,0.0476,-0.2516,-0.2516,0.0000
1791000653.1551,0.0200,0.0910,0.0000,0.0000,0.0000,0.0000,0.0000,0.0000,0.0000,0.0000,0.0000,0.0000,0.0476,0.0476,-0.2516,-0.2516,0.0000
1791000653.1751,0.0200,0.0921,0.0000,0.0000,0.0000,0.0000,0.0000,0.0000,0.0000,0.0000,0.0000,0.0000,0.0476,0.0476,-0.2516,-0.2516,0.0000
1791000653.1951,0.0200,0.0954,0.0000,0.0000,0.0000,0.0000,0.0000,0.0000,0.0000,0.0000,0.0000,0.0000,0.0476,0.0476,-0.2516,-0.2516,0.0000
1791000653.2152,0.0201,0.0935,0.0000,0.0000,0.0000,0.0000,0.0000,0.0000,0.0000,0.0000,0.0000,0.0000,0.0476,0.0476,-0.2516,-0.2516,0.0000
1791000653.2350,0.0198,0.0934,0.0000,0.0000,0.0000,0.0000,0.0000,0.0000,0.0000,0.0000,0.0000,0.0000,0.0476,0.0476,-0.2516,-0.2516,0.0000
1791000653.2550,0.0200,0.0989,0.0000,0.0000,0.0000,0.0000,0.0000,0.0000,0.0000,0.0000,0.0000,0.0000,0.0476,0.0476,-0.2516,-0.2516,0.0000
1791000653.2750,0.0200,0.0948,0.0000,0.0000,0.0000,0.0000,0.0000,0.0000,0.0000,0.0000,0.0000,0.0000,0.0476,0.0476,-0.2516,-0.2516,0.0000
1791000653.2950,0.0200,0.0960,0.0000,0.0000,0.0000,0.0000,0.0000,0.0000,0.0000,0.0000,0.0000,0.0000,0.0476,0.0476,-0.2516,-0.2516,0.0000
1791000653.3150,0.0200,0.0943,0.0000,0.0000,0.0000,0.0000,0.0000,0.0000,0.0000,0.0000,0.0000,0.0000,0.0476,0.0476,-0.2516,-0.2516,0.0000
1791000653.3350,0.0200,0.0936,0.0000,0.0000,0.0000,0.0000,0.0000,0.0000,0.0000,0.0000,0.0000,0.0000,0.0476,0.0476,-0.2516,-0.2516,0.0000
1791000653.3552,0.0202,0.0956,0.0000,0.0000,0.0000,0.0000,0.0000,0.0000,0.0000,0.0000,0.0000,0.0000,0.0476,0.0476,-0.2516,-0.2516,0.0000
1791000653.3752,0.0200,0.0934,0.0000,0.0000,0.0000,0.0000,0.0000,0.0000,-0.0015,0.0000,0.0000,0.0000,0.0476,0.0476,-0.2516,-0.2516,0.0000
1791000653.3952,0.0200,0.0946,0.0000,0.0000,0.0000,0.0000,0.0000,0.0000,0.0015,0.0000,0.0000,0.0000,0.0476,0.0476,-0.2516,-0.2516,0.0000
1791000653.4152,0.0200,0.0935,0.0000,0.0000,0.0000,0.0000,0.0000,0.0000,0.0000,0.0000,0.0000,0.0000,0.0476,0.0476,-0.2516,-0.2516,0.0000
1791000653.4352,0.0200,0.0941,0.0000,0.0000,0.0000,0.0000,0.0000,0.0000,0.0000,0.0000,0.0000,0.0000,0.0476,0.0476,-0.2516,-0.2516,0.0000
1791000653.4551,0.0200,0.1032,0.0000,0.0000,0.0000,0.0000,0.0000,0.0000,0.0000,0.0000,0.0000,0.0000,0.0476,0.0476,-0.2516,-0.2516,0.0000
1791000653.4752,0.0200,0.0987,0.0000,0.0000,0.0000,0.0000,0.0000,0.0000,0.0000,0.0000,0.0000,0.0000,0.0476,0.0476,-0.2516,-0.2516,0.0000
1791000653.4952,0.0200,0.0950,0.0000,0.0000,0.0000,0.0000,0.0000,0.0000,0.0000,0.0000,0.0000,0.0000,0.0476,0.0476,-0.2516,-0.2516,0.0000
1791000653.5152,0.0200,0.0947,0.0000,0.0000,0.0000,0.0000,0.0000,0.0000,0.0000,0.0000,0.0000,0.0000,0.0476,0.0476,-0.2516,-0.2516,0.0000
1791000653.5352,0.0200,0.0944,0.0000,0.0000,0.0000,0.0000,0.0000,0.0000,0.0000,0.0000,0.0000,0.0000,0.0476,0.0476,-0.2516,-0.2516,0.0000
1791000653.5551,0.0200,0.0961,0.0000,0.0000,0.0000,0.0000,0.0000,0.0000,0.0000,0.0000,0.0000,0.0000,0.0476,0.0476,-0.2516,-0.2516,0.0000
1791000653.5752,0.0200,0.0940,0.0000,0.0000,0.0000,0.0000,0.0000,0.0000,0.0000,0.0000,0.0000,0.0000,0.0476,0.0476,-0.2516,-0.2516,0.0000
1791000653.5952,0.0200,0.0934,0.0000,0.0000,0.0000,0.0000,0.0000,0.0000,0.0000,0.0000,0.0000,0.0000,0.0476,0.0476,-0.2516,-0.2516,0.0000
1791000653.6152,0.0201,0.0936,0.0000,0.0000,0.0000,0.0000,0.0000,0.0000,0.0000,0.0000,0.0000,0.0000,0.0476,0.0476,-0.2516,-0.2516,0.0000
1791000653.6351,0.0199,0.0902,0.0000,0.0000,0.0000,0.0000,0.0000,0.0000,0.0000,0.0000,0.0000,0.0000,0.0476,0.0476,-0.2516,-0.2516,0.0000
1791000653.6552,0.0201,0.0894,0.0000,0.0000,0.0000,0.0000,0.0000,0.0000,-0.0015,0.0000,0.0000,0.0000,0.0476,0.0476,-0.2516,-0.2516,0.0000
1791000653.6752,0.0200,0.1014,0.0000,0.0000,0.0000,0.0000,0.0000,0.0000,0.0015,0.0000,0.0000,0.0000,0.0476,0.0476,-0.2516,-0.2516,0.0000
1791000653.6952,0.0200,0.0910,0.0000,0.0000,0.0000,0.0000,0.0000,0.0000,0.0000,0.0000,0.0000,0.0000,0.0476,0.0476,-0.2516,-0.2516,0.0000
1791000653.7151,0.0200,0.0909,0.0000,0.0000,0.0000,0.0000,0.0000,0.0000,0.0000,0.0000,0.0000,0.0000,0.0476,0.0476,-0.2516,-0.2516,0.0000
1791000653.7352,0.0200,0.0895,0.0000,0.0000,0.0000,0.0000,0.0000,0.0000,0.0000,0.0000,0.0000,0.0000,0.0476,0.0476,-0.2516,-0.2516,0.0000
1791000653.7551,0.0200,0.0917,0.0000,0.0000,0.0000,0.0000,0.0000,0.0000,-0.0015,0.0000,0.0000,0.0000,0.0476,0.0476,-0.2516,-0.2516,0.0000
1791000653.7752,0.0200,0.0891,0.0000,0.0000,0.0000,0.0000,0.0000,0.0000,0.0015,0.0000,0.0000,0.0000,0.0476,0.0476,-0.2516,-0.2516,0.0000
1791000653.7951,0.0200,0.0904,0.0000,0.0000,0.0000,0.0000,0.0000,0.0000,0.0000,0.0000,0.0000,0.0000,0.0476,0.0476,-0.2516,-0.2516,0.0000
1791000653.8152,0.0200,0.0891,0.0000,0.0000,0.0000,0.0000,0.0000,0.0000,0.0000,0.0000,0.0000,0.0000,0.0476,0.0476,-0.2516,-0.2516,0.0000
1791000653.8352,0.0200,0.0889,0.0000,0.0000,0.0000,0.0000,0.0000,0.0000,0.0000,0.0000,0.0000,0.0000,0.0476,0.0476,-0.2516,-0.2516,0.0000
1791000653.8552,0.0200,0.0888,0.0000,0.0000,0.0000,0.0000,0.0000,0.0000,0.0000,0.0000,0.0000,0.0000,0.0476,0.0476,-0.2516,-0.2516,0.0000
1791000653.8751,0.0199,0.0976,0.0000,0.0000,0.0000,0.0000,0.0000,0.0000,0.0000,0.0000,0.0000,0.0000,0.0476,0.0476,-0.2516,-0.2516,0.0000
1791000653.8951,0.0200,0.0915,0.0000,0.0000,0.0000,0.0000,0.0000,0.0000,0.0000,0.0000,0.0000,0.0000,0.0476,0.0476,-0.2516,-0.2516,0.0000
1791000653.9151,0.0200,0.0900,0.0000,0.0000,0.0000,0.0000,0.0000,0.0000,0.0000,0.0000,0.0000,0.0000,0.0476,0.0476,-0.2516,-0.2516,0.0000
1791000653.9352,0.0200,0.0901,0.0000,0.0000,0.0000,0.0000,0.0000,0.0000,0.0000,0.0000,0.0000,0.0000,0.0476,0.0476,-0.2516,-0.2516,0.0000
1791000653.9551,0.0199,0.0921,0.0000,0.0000,0.0000,0.0000,0.0000,0.0000,0.0000,0.0000,0.0000,0.0000,0.0476,0.0460,-0.2516,-0.2516,0.0000
1791000653.9751,0.0200,0.0882,0.0000,0.0000,0.0000,0.0000,0.0000,0.0000,0.0000,0.0000,0.0000,0.0000,0.0476,0.0476,-0.2516,-0.2516,0.0000
1791000653.9951,0.0200,0.0960,0.0000,0.0000,0.0000,0.0000,0.0000,0.0000,0.0000,0.0000,0.0000,0.0000,0.0476,0.0476,-0.2516,-0.2516,0.0000
1791000654.0152,0.0200,0.0897,0.0000,0.0000,0.0000,0.0000,0.0000,0.0000,0.0000,0.0000,0.0000,0.0000,0.0476,0.0476,-0.2516,-0.2516,0.0000
1791000654.0351,0.0199,0.0898,0.0000,0.0000,0.0000,0.0000,0.0000,0.0000,0.0000,0.0000,0.0000,0.0000,0.0476,0.0476,-0.2516,-0.2516,0.0000
1791000654.0551,0.0200,0.0897,0.0000,0.0000,0.0000,0.0000,0.0000,0.0000,0.0000,0.0000,0.0000,0.0000,0.0476,0.0476,-0.2516,-0.2516,0.0000
1791000654.0751,0.0200,0.0970,0.0000,0.0000,0.0000,0.0000,0.0000,0.0000,0.0000,0.0000,0.0000,0.0000,0.0476,0.0506,-0.2516,-0.2516,0.0000
1791000654.0951,0.0200,0.0951,0.0000,0.0000,0.0000,0.0000,0.0000,0.0000,0.0000,0.0000,0.0000,0.0000,0.0476,0.0476,-0.2516,-0.2516,0.0000
1791000654.1151,0.0200,0.0898,0.0000,0.0000,0.0000,0.0000,0.0000,0.0000,0.0000,0.0000,0.0000,0.0000,0.0476,0.0476,-0.2516,-0.2516,0.0000
1791000654.1351,0.0200,0.0893,0.0000,0.0000,0.0000,0.0000,0.0000,0.0000,0.0000,0.0000,0.0000,0.0000,0.0476,0.0476,-0.2516,-0.2516,0.0000
1791000654.1552,0.0200,0.0914,0.0000,0.0000,0.0000,0.0000,0.0000,0.0000,0.0000,0.0000,0.0000,0.0000,0.0476,0.0476,-0.2516,-0.2516,0.0000
1791000654.1752,0.0200,0.0890,0.0000,0.0000,0.0000,0.0000,0.0000,0.0000,0.0000,0.0000,0.0000,0.0000,0.0476,0.0476,-0.2516,-0.2516,0.0000
1791000654.1952,0.0201,0.0899,0.0000,0.0000,0.0000,0.0000,0.0000,0.0000,0.0000,0.0000,0.0000,0.0000,0.0476,0.0476,-0.2516,-0.2516,0.0000
1791000654.2152,0.0200,0.0888,0.0000,0.0000,0.0000,0.0000,0.0000,0.0000,0.0000,0.0000,0.0000,0.0000,0.0476,0.0476,-0.2516,-0.2516,0.0000
1791000654.2352,0.0200,0.0924,0.0000,0.0000,0.0000,0.0000,0.0000,0.0000,0.0000,0.0000,0.0000,0.0000,0.0476,0.0476,-0.2516,-0.2516,0.0000
1791000654.2551,0.0199,0.0894,0.0000,0.0000,0.0000,0.0000,0.0000,0.0000,0.0000,0.0000,0.0000,0.0000,0.0476,0.0476,-0.2516,-0.2516,0.0000
1791000654.2751,0.0200,0.0910,0.0000,0.0000,0.0000,0.0000,0.0000,0.0000,0.0000,0.0000,0.0000,0.0000,0.0476,0.0476,-0.2516,-0.2516,0.0000
1791000654.2951,0.0200,0.1073,0.0000,0.0000,0.0000,0.0000,0.0000,0.0000,0.0000,0.0000,0.0000,0.0000,0.0476,0.0476,-0.2516,-0.2516,0.0000
1791000654.3151,0.0200,0.0917,0.0000,0.0000,0.0000,0.0000,0.0000,0.0000,0.0000,0.0000,0.0000,0.0000,0.0476,0.0476,-0.2516,-0.2516,0.0000
1791000654.3352,0.0201,0.0912,0.0000,0.0000,0.0000,0.0000,0.0000,0.0000,0.0000,0.0000,0.0000,0.0000,0.0476,0.0476,-0.2516,-0.2516,0.0000
1791000654.3551,0.0199,0.0920,0.0000,0.0000,0.0000,0.0000,0.0000,0.0000,0.0000,0.0000,0.0000,0.0000,0.0476,0.0476,-0.2516,-0.2516,0.0000
1791000654.3751,0.0200,0.0902,0.0000,0.0000,0.0000,0.0000,0.0000,0.0000,0.0000,0.0000,0.0000,0.0000,0.0476,0.0476,-0.2516,-0.2516,0.0000
1791000654.3951,0.0200,0.0905,0.0000,0.0000,0.0000,0.0000,0.0000,0.0000,0.0000,0.0000,0.0000,0.0000,0.0476,0.0476,-0.2516,-0.2516,0.0000
1791000654.4151,0.0200,0.0887,0.0000,0.0000,0.0000,0.0000,0.0000,0.0000,0.0000,0.0000,0.0000,0.0000,0.0476,0.0476,-0.2516,-0.2516,0.0000
1791000654.4351,0.0200,0.0897,0.0000,0.0000,0.0000,0.0000,0.0000,0.0000,-0.0015,-0.0015,0.0000,0.0000,0.0476,0.0476,-0.2516,-0.2516,0.0000
1791000654.4551,0.0200,0.0885,0.0000,0.0000,0.0000,0.0000,0.0000,0.0000,0.0000,0.0015,0.0000,0.0000,0.0476,0.0476,-0.2516,-0.2516,0.0000
1791000654.4751,0.0200,0.0885,0.0000,0.0000,0.0000,0.0000,0.0000,0.0000,0.0015,0.0000,0.0000,0.0000,0.0476,0.0476,-0.2516,-0.2516,0.0000
1791000654.4951,0.0200,0.1118,0.0000,0.0000,0.0000,0.0000,0.0000,0.0000,0.0000,0.0000,0.0000,0.0000,0.0476,0.0476,-0.2516,-0.2516,0.0000
1791000654.5152,0.0200,0.0939,0.0000,0.0000,0.0000,0.0000,0.0000,0.0000,0.0000,0.0000,0.0000,0.0000,0.0476,0.0476,-0.2516,-0.2516,0.0000
1791000654.5352,0.0200,0.0904,0.0000,0.0000,0.0000,0.0000,0.0000,0.0000,-0.0015,0.0000,0.0000,0.0000,0.0476,0.0476,-0.2516,-0.2516,0.0000
1791000654.5551,0.0200,0.0917,0.0000,0.0000,0.0000,0.0000,0.0000,0.0000,0.0015,0.0000,0.0000,0.0000,0.0476,0.0476,-0.2516,-0.2516,0.0000
1791000654.5751,0.0200,0.0900,0.0000,0.0000,0.0000,0.0000,0.0000,0.0000,0.0000,0.0000,0.0000,0.0000,0.0476,0.0476,-0.2516,-0.2516,0.0000
1791000654.5951,0.0200,0.0897,0.0000,0.0000,0.0000,0.0000,0.0000,0.0000,-0.0015,0.0000,0.0000,0.0000,0.0476,0.0476,-0.2516,-0.2516,0.0000
1791000654.6152,0.0200,0.0888,0.0000,0.0000,0.0000,0.0000,0.0000,0.0000,0.0015,0.0000,0.0000,0.0000,0.0476,0.0476,-0.2516,-0.2516,0.0000
1791000654.6352,0.0200,0.0891,0.0000,0.0000,0.0000,0.0000,0.0000,0.0000,0.0000,0.0000,0.0000,0.0000,0.0476,0.0476,-0.2516,-0.2516,0.0000
1791000654.6551,0.0200,0.0893,0.0000,0.0000,0.0000,0.0000,0.0000,0.0000,0.0000,0.0000,0.0000,0.0000,0.0476,0.0476,-0.2516,-0.2516,0.0000
1791000654.6752,0.0200,0.0891,0.0000,0.0000,0.0000,0.0000,0.0000,0.0000,0.0000,0.0000,0.0000,0.0000,0.0476,0.0476,-0.2516,-0.2516,0.0000
1791000654.6951,0.0199,0.0894,0.0000,0.0000,0.0000,0.0000,0.0000,0.0000,-0.0015,-0.0015,0.0000,0.0000,0.0476,0.0476,-0.2516,-0.2516,0.0000
1791000654.7151,0.0200,0.0922,0.0000,0.0000,0.0000,0.0000,0.0000,0.0000,0.0015,0.0015,0.0000,0.0000,0.0476,0.0476,-0.2516,-0.2516,0.0000
1791000654.7352,0.0201,0.0897,0.0000,0.0000,0.0000,0.0000,0.0000,0.0000,0.0000,0.0000,0.0000,0.0000,0.0476,0.0476,-0.2516,-0.2516,0.0000
1791000654.7552,0.0200,0.0906,0.0000,0.0000,0.0000,0.0000,0.0000,0.0000,0.0000,0.0000,0.0000,0.0000,0.0476,0.0476,-0.2516,-0.2516,0.0000
1791000654.7752,0.0200,0.0920,0.0000,0.0000,0.0000,0.0000,0.0000,0.0000,0.0000,0.0000,0.0000,0.0000,0.0476,0.0476,-0.2516,-0.2516,0.0000
1791000654.7951,0.0200,0.0888,0.0000,0.0000,0.0000,0.0000,0.0000,0.0000,0.0000,0.0000,0.0000,0.0000,0.0476,0.0476,-0.2516,-0.2516,0.0000
1791000654.8152,0.0200,0.0889,0.0000,0.0000,0.0000,0.0000,0.0000,0.0000,0.0000,0.0000,0.0000,0.0000,0.0476,0.0476,-0.2516,-0.2516,0.0000
1791000654.8351,0.0199,0.0892,0.0000,0.0000,0.0000,0.0000,0.0000,0.0000,0.0000,0.0000,0.0000,0.0000,0.0476,0.0476,-0.2516,-0.2516,0.0000
1791000654.8552,0.0201,0.0887,0.0000,0.0000,0.0000,0.0000,0.0000,0.0000,0.0000,0.0000,0.0000,0.0000,0.0476,0.0476,-0.2516,-0.2516,0.0000
1791000654.8752,0.0200,0.0893,0.0000,0.0000,0.0000,0.0000,0.0000,0.0000,0.0000,0.0000,0.0000,0.0000,0.0476,0.0476,-0.2516,-0.2516,0.0000
1791000654.8952,0.0200,0.0901,0.0000,0.0000,0.0000,0.0000,0.0000,0.0000,0.0000,0.0000,0.0000,0.0000,0.0476,0.0476,-0.2516,-0.2516,0.0000
1791000654.9151,0.0200,0.1023,0.0000,0.0000,0.0000,0.0000,0.0000,0.0000,-0.0015,0.0000,0.0000,0.0000,0.0476,0.0476,-0.2516,-0.2516,0.0000
1791000654.9351,0.0200,0.0893,0.0000,0.0000,0.0000,0.0000,0.0000,0.0000,0.0015,0.0000,0.0000,0.0000,0.0476,0.0476,-0.2516,-0.2516,0.0000
1791000654.9551,0.0200,0.0907,0.0000,0.0000,0.0000,0.0000,0.0000,0.0000,0.0000,0.0000,0.0000,0.0000,0.0476,0.0476,-0.2516,-0.2516,0.0000
1791000654.9751,0.0200,0.0882,0.0000,0.0000,0.0000,0.0000,0.0000,0.0000,0.0000,0.0000,0.0000,0.0000,0.0476,0.0476,-0.2516,-0.2516,0.0000
1791000654.9951,0.0200,0.0902,0.0000,0.0000,0.0000,0.0000,0.0000,0.0000,0.0000,0.0000,0.0000,0.0000,0.0476,0.0476,-0.2516,-0.2516,0.0000
1791000655.0152,0.0200,0.0892,0.0000,0.0000,0.0000,0.0000,0.0000,0.0000,0.0000,0.0000,0.0000,0.0000,0.0476,0.0476,-0.2516,-0.2516,0.0000
1791000655.0352,0.0200,0.0929,0.0000,0.0000,0.0000,0.0000,0.0000,0.0000,0.0000,0.0000,0.0000,0.0000,0.0476,0.0476,-0.2516,-0.2516,0.0000
1791000655.0551,0.0200,0.0916,0.0000,0.0000,0.0000,0.0000,0.0000,0.0000,0.0000,0.0000,0.0000,0.0000,0.0476,0.0476,-0.2516,-0.2516,0.0000
1791000655.0752,0.0201,0.0896,0.0000,0.0000,0.0000,0.0000,0.0000,0.0000,0.0000,-0.0015,0.0000,0.0000,0.0476,0.0476,-0.2516,-0.2516,0.0000
1791000655.0952,0.0200,0.0893,0.0000,0.0000,0.0000,0.0000,0.0000,0.0000,0.0000,0.0015,0.0000,0.0000,0.0476,0.0476,-0.2516,-0.2516,0.0000
1791000655.1152,0.0200,0.1006,0.0000,0.0000,0.0000,0.0000,0.0000,0.0000,0.0000,0.0000,0.0000,0.0000,0.0476,0.0476,-0.2516,-0.2516,0.0000
1791000655.1352,0.0200,0.0901,0.0000,0.0000,0.0000,0.0000,0.0000,0.0000,-0.0015,0.0000,0.0000,0.0000,0.0476,0.0476,-0.2516,-0.2516,0.0000
1791000655.1552,0.0200,0.0925,0.0000,0.0000,0.0000,0.0000,0.0000,0.0000,0.0015,0.0000,0.0000,0.0000,0.0476,0.0476,-0.2516,-0.2516,0.0000
1791000655.1750,0.0199,0.0910,0.0000,0.0000,0.0000,0.0000,0.0000,0.0000,0.0000,0.0000,0.0000,0.0000,0.0476,0.0476,-0.2516,-0.2516,0.0000
1791000655.1951,0.0201,0.0939,0.0000,0.0000,0.0000,0.0000,0.0000,0.0000,0.0000,0.0000,0.0000,0.0000,0.0476,0.0476,-0.2516,-0.2516,0.0000
1791000655.2151,0.0200,0.0886,0.0000,0.0000,0.0000,0.0000,0.0000,0.0000,0.0000,0.0000,0.0000,0.0000,0.0476,0.0506,-0.2516,-0.2516,0.0000
1791000655.2352,0.0200,0.0896,0.0000,0.0000,0.0000,0.0000,0.0000,0.0000,0.0000,0.0000,0.0000,0.0000,0.0476,0.0476,-0.2516,-0.2516,0.0000
1791000655.2551,0.0199,0.0893,0.0000,0.0000,0.0000,0.0000,0.0000,0.0000,0.0000,0.0000,0.0000,0.0000,0.0476,0.0476,-0.2516,-0.2516,0.0000
1791000655.2751,0.0200,0.0895,0.0000,0.0000,0.0000,0.0000,0.0000,0.0000,0.0000,0.0000,0.0000,0.0000,0.0476,0.0476,-0.2516,-0.2516,0.0000
1791000655.2951,0.0200,0.1176,0.0000,0.0000,0.0000,0.0000,0.0000,0.0000,-0.0015,0.0000,0.0000,0.0000,0.0476,0.0476,-0.2516,-0.2516,0.0000
1791000655.3151,0.0200,0.1012,0.0000,0.0000,0.0000,0.0000,0.0000,0.0000,0.0015,0.0000,0.0000,0.0000,0.0476,0.0476,-0.2516,-0.2516,0.0000
1791000655.3351,0.0200,0.1123,0.0000,0.0000,0.0000,0.0000,0.0000,0.0000,-0.0015,0.0000,0.0000,0.0000,0.0476,0.0476,-0.2516,-0.2516,0.0000
1791000655.3551,0.0200,0.0965,0.0000,0.0000,0.0000,0.0000,0.0000,0.0000,0.0015,0.0000,0.0000,0.0000,0.0476,0.0476,-0.2516,-0.2516,0.0000
1791000655.3751,0.0200,0.0938,0.0000,0.0000,0.0000,0.0000,0.0000,0.0000,0.0000,-0.0015,0.0000,0.0000,0.0476,0.0476,-0.2516,-0.2516,0.0000
1791000655.3951,0.0200,0.0932,0.0000,0.0000,0.0000,0.0000,0.0000,0.0000,0.0000,0.0015,0.0000,0.0000,0.0476,0.0476,-0.2516,-0.2516,0.0000
1791000655.4151,0.0200,0.0928,0.0000,0.0000,0.0000,0.0000,0.0000,0.0000,0.0000,0.0000,0.0000,0.0000,0.0476,0.0476,-0.2516,-0.2516,0.0000
1791000655.4351,0.0200,0.0937,0.0000,0.0000,0.0000,0.0000,0.0000,0.0000,0.0000,0.0000,0.0000,0.0000,0.0476,0.0476,-0.2516,-0.2516,0.0000
1791000655.4552,0.0201,0.0888,0.0000,0.0000,0.0000,0.0000,0.0000,0.0000,0.0000,0.0000,0.0000,0.0000,0.0476,0.0476,-0.2516,-0.2516,0.0000
1791000655.4752,0.0200,0.0897,0.0000,0.0000,0.0000,0.0000,0.0000,0.0000,0.0000,0.0000,0.0000,0.0000,0.0476,0.0476,-0.2516,-0.2516,0.0000
1791000655.4951,0.0200,0.0896,0.0000,0.0000,0.0000,0.0000,0.0000,0.0000,0.0000,-0.0015,0.0000,0.0000,0.0476,0.0476,-0.2516,-0.2516,0.0000
1791000655.5151,0.0200,0.0888,0.0000,0.0000,0.0000,0.0000,0.0000,0.0000,0.0000,0.0015,0.0000,0.0000,0.0476,0.0476,-0.2516,-0.2516,0.0000
1791000655.5351,0.0200,0.1042,0.0000,0.0000,0.0000,0.0000,0.0000,0.0000,0.0000,0.0000,0.0000,0.0000,0.0476,0.0476,-0.2516,-0.2516,0.0000
1791000655.5551,0.0200,0.0932,0.0000,0.0000,0.0000,0.0000,0.0000,0.0000,0.0000,0.0000,0.0000,0.0000,0.0476,0.0476,-0.2516,-0.2516,0.0000
1791000655.5751,0.0200,0.0880,0.0000,0.0000,0.0000,0.0000,0.0000,0.0000,0.0000,0.0000,0.0000,0.0000,0.0476,0.0476,-0.2516,-0.2516,0.0000
1791000655.5951,0.0200,0.0899,0.0000,0.0000,0.0000,0.0000,0.0000,0.0000,0.0000,0.0000,0.0000,0.0000,0.0476,0.0476,-0.2516,-0.2516,0.0000
1791000655.6151,0.0200,0.0887,0.0000,0.0000,0.0000,0.0000,0.0000,0.0000,0.0000,0.0000,0.0000,0.0000,0.0476,0.0476,-0.2516,-0.2516,0.0000
1791000655.6352,0.0200,0.0894,0.0000,0.0000,0.0000,0.0000,0.0000,0.0000,0.0000,0.0000,0.0000,0.0000,0.0476,0.0476,-0.2516,-0.2516,0.0000
1791000655.6551,0.0200,0.0890,0.0000,0.0000,0.0000,0.0000,0.0000,0.0000,0.0000,0.0000,0.0000,0.0000,0.0476,0.0476,-0.2516,-0.2516,0.0000
1791000655.6750,0.0199,0.0898,0.0000,0.0000,0.0000,0.0000,0.0000,0.0000,0.0000,0.0000,0.0000,0.0000,0.0476,0.0476,-0.2516,-0.2516,0.0000
1791000655.6951,0.0201,0.0895,0.0000,0.0000,0.0000,0.0000,0.0000,0.0000,0.0000,0.0000,0.0000,0.0000,0.0476,0.0476,-0.2516,-0.2516,0.0000
1791000655.7152,0.0200,0.0913,0.0000,0.0000,0.0000,0.0000,0.0000,0.0000,0.0000,0.0000,0.0000,0.0000,0.0476,0.0476,-0.2516,-0.2516,0.0000
1791000655.7351,0.0199,0.0936,0.0000,0.0000,0.0000,0.0000,0.0000,0.0000,0.0000,0.0000,0.0000,0.0000,0.0476,0.0476,-0.2516,-0.2516,0.0000
1791000655.7551,0.0200,0.0921,0.0000,0.0000,0.0000,0.0000,0.0000,0.0000,0.0000,0.0000,0.0000,0.0000,0.0476,0.0476,-0.2516,-0.2516,0.0000
1791000655.7751,0.0200,0.0990,0.0000,0.0000,0.0000,0.0000,0.0000,0.0000,0.0000,0.0000,0.0000,0.0000,0.0476,0.0476,-0.2516,-0.2516,0.0000
1791000655.7951,0.0200,0.0990,0.0000,0.0000,0.0000,0.0000,0.0000,0.0000,0.0000,0.0000,0.0000,0.0000,0.0476,0.0476,-0.2516,-0.2516,0.0000
1791000655.8151,0.0200,0.0927,0.0000,0.0000,0.0000,0.0000,0.0000,0.0000,0.0000,0.0000,0.0000,0.0000,0.0476,0.0476,-0.2516,-0.2516,0.0000
1791000655.8351,0.0200,0.0909,0.0000,0.0000,0.0000,0.0000,0.0000,0.0000,0.0000,0.0000,0.0000,0.0000,0.0476,0.0476,-0.2516,-0.2516,0.0000
1791000655.8551,0.0200,0.0893,0.0000,0.0000,0.0000,0.0000,0.0000,0.0000,0.0000,0.0000,0.0000,0.0000,0.0476,0.0476,-0.2516,-0.2516,0.0000
1791000655.8751,0.0200,0.0895,0.0000,0.0000,0.0000,0.0000,0.0000,0.0000,0.0000,0.0000,0.0000,0.0000,0.0476,0.0476,-0.2516,-0.2516,0.0000
1791000655.8951,0.0200,0.0902,0.0000,0.0000,0.0000,0.0000,0.0000,0.0000,0.0000,-0.0015,0.0000,0.0000,0.0476,0.0476,-0.2516,-0.2516,0.0000
1791000655.9151,0.0200,0.0899,0.0000,0.0000,0.0000,0.0000,0.0000,0.0000,0.0000,0.0015,0.0000,0.0000,0.0476,0.0506,-0.2516,-0.2516,0.0000
1791000655.9351,0.0200,0.0902,0.0000,0.0000,0.0000,0.0000,0.0000,0.0000,0.0000,0.0000,0.0000,0.0000,0.0476,0.0476,-0.2516,-0.2516,0.0000
1791000655.9551,0.0200,0.0945,0.0000,0.0000,0.0000,0.0000,0.0000,0.0000,0.0000,0.0000,0.0000,0.0000,0.0476,0.0476,-0.2516,-0.2516,0.0000
1791000655.9751,0.0200,0.0912,0.0000,0.0000,0.0000,0.0000,0.0000,0.0000,0.0000,0.0000,0.0000,0.0000,0.0476,0.0476,-0.2516,-0.2516,0.0000
1791000655.9951,0.0200,0.0893,0.0000,0.0000,0.0000,0.0000,0.0000,0.0000,0.0000,0.0000,0.0000,0.0000,0.0476,0.0476,-0.2516,-0.2516,0.0000
1791000656.0152,0.0200,0.0895,0.0000,0.0000,0.0000,0.0000,0.0000,0.0000,0.0000,0.0000,0.0000,0.0000,0.0476,0.0476,-0.2516,-0.2516,0.0000
1791000656.0352,0.0200,0.0952,0.0000,0.0000,0.0000,0.0000,0.0000,0.0000,0.0000,0.0000,0.0000,0.0000,0.0476,0.0476,-0.2516,-0.2516,0.0000
1791000656.0552,0.0200,0.0930,0.0000,0.0000,0.0000,0.0000,0.0000,0.0000,0.0000,0.0000,0.0000,0.0000,0.0476,0.0476,-0.2516,-0.2516,0.0000
1791000656.0752,0.0200,0.0899,0.0000,0.0000,0.0000,0.0000,0.0000,0.0000,0.0000,0.0000,0.0000,0.0000,0.0476,0.0476,-0.2516,-0.2516,0.0000
1791000656.0952,0.0199,0.0911,0.0000,0.0000,0.0000,0.0000,0.0000,0.0000,0.0000,0.0000,0.0000,0.0000,0.0476,0.0476,-0.2516,-0.2516,0.0000
1791000656.1150,0.0199,0.1206,0.0000,0.0000,0.0000,0.0000,0.0000,0.0000,0.0000,0.0000,0.0000,0.0000,0.0476,0.0476,-0.2516,-0.2516,0.0000
1791000656.1350,0.0200,0.1143,0.0000,0.0000,0.0000,0.0000,0.0000,0.0000,0.0000,0.0000,0.0000,0.0000,0.0476,0.0476,-0.2516,-0.2516,0.0000
1791000656.1552,0.0201,0.1336,0.0000,0.0000,0.0000,0.0000,0.0000,0.0000,-0.0015,0.0000,0.0000,0.0000,0.0476,0.0476,-0.2516,-0.2516,0.0000
1791000656.1751,0.0199,0.0839,0.0000,0.0000,0.0000,0.0000,0.0000,0.0000,0.0015,0.0000,0.0000,0.0000,0.0476,0.0476,-0.2516,-0.2516,0.0000
1791000656.1951,0.0200,0.0751,0.0000,0.0000,0.0000,0.0000,0.0000,0.0000,-0.0015,0.0000,0.0000,0.0000,0.0476,0.0476,-0.2516,-0.2516,0.0000
1791000656.2151,0.0200,0.0746,0.0000,0.0000,0.0000,0.0000,0.0000,0.0000,0.0015,-0.0015,0.0000,0.0000,0.0476,0.0476,-0.2516,-0.2516,0.0000
1791000656.2352,0.0201,0.1258,0.0000,0.0000,0.0000,0.0000,0.0000,0.0000,0.0000,0.0015,0.0000,0.0000,0.0476,0.0476,-0.2516,-0.2516,0.0000
1791000656.2551,0.0200,0.0964,0.0000,0.0000,0.0000,0.0000,0.0000,0.0000,0.0000,0.0000,0.0000,0.0000,0.0476,0.0476,-0.2516,-0.2516,0.0000
1791000656.2752,0.0200,0.0930,0.0000,0.0000,0.0000,0.0000,0.0000,0.0000,0.0000,0.0000,0.0000,0.0000,0.0476,0.0476,-0.2516,-0.2516,0.0000
1791000656.2950,0.0199,0.1106,0.0000,0.0000,0.0000,0.0000,0.0000,0.0000,0.0000,0.0000,0.0000,0.0000,0.0476,0.0476,-0.2516,-0.2516,0.0000
1791000656.3151,0.0201,0.0942,0.0000,0.0000,0.0000,0.0000,0.0000,0.0000,0.0000,0.0000,0.0000,0.0000,0.0476,0.0476,-0.2516,-0.2516,0.0000
1791000656.3351,0.0200,0.0912,0.0000,0.0000,0.0000,0.0000,0.0000,0.0000,0.0000,0.0000,0.0000,0.0000,0.0476,0.0506,-0.2516,-0.2516,0.0000
1791000656.3550,0.0199,0.1310,0.0000,0.0000,0.0000,0.0000,0.0000,0.0000,0.0000,0.0000,0.0000,0.0000,0.0476,0.0476,-0.2516,-0.2516,0.0000
1791000656.3752,0.0201,0.1478,0.0000,0.0000,0.0000,0.0000,0.0000,0.0000,0.0000,0.0000,0.0000,0.0000,0.0476,0.0476,-0.2516,-0.2516,0.0000
1791000656.3950,0.0199,0.0979,0.0000,0.0000,0.0000,0.0000,0.0000,0.0000,0.0000,0.0000,0.0000,0.0000,0.0476,0.0476,-0.2516,-0.2516,0.0000
1791000656.4150,0.0200,0.0922,0.0000,0.0000,0.0000,0.0000,0.0000,0.0000,0.0000,0.0000,0.0000,0.0000,0.0476,0.0476,-0.2516,-0.2516,0.0000
1791000656.4350,0.0200,0.0915,0.0000,0.0000,0.0000,0.0000,0.0000,0.0000,0.0000,0.0000,0.0000,0.0000,0.0476,0.0476,-0.2516,-0.2516,0.0000
1791000656.4550,0.0200,0.0883,0.0000,0.0000,0.0000,0.0000,0.0000,0.0000,0.0000,0.0000,0.0000,0.0000,0.0476,0.0476,-0.2516,-0.2516,0.0000
1791000656.4750,0.0200,0.0813,0.0000,0.0000,0.0000,0.0000,0.0000,0.0000,0.0000,0.0000,0.0000,0.0000,0.0476,0.0476,-0.2516,-0.2516,0.0000
1791000656.4950,0.0200,0.1279,0.0000,0.0000,0.0000,0.0000,0.0000,0.0000,0.0000,0.0000,0.0000,0.0000,0.0476,0.0476,-0.2516,-0.2516,0.0000
1791000656.5150,0.0200,0.1031,0.0000,0.0000,0.0000,0.0000,0.0000,0.0000,0.0000,0.0000,0.0000,0.0000,0.0476,0.0476,-0.2516,-0.2516,0.0000
1791000656.5350,0.0200,0.1040,0.0000,0.0000,0.0000,0.0000,0.0000,0.0000,0.0000,0.0000,0.0000,0.0000,0.0476,0.0476,-0.2516,-0.2516,0.0000
1791000656.5550,0.0200,0.0718,0.0000,0.0000,0.0000,0.0000,0.0000,0.0000,0.0000,0.0000,0.0000,0.0000,0.0476,0.0476,-0.2516,-0.2516,0.0000
1791000656.5750,0.0200,0.1335,0.0000,0.0000,0.0000,0.0000,0.0000,0.0000,0.0000,0.0000,0.0000,0.0000,0.0476,0.0476,-0.2516,-0.2516,0.0000
1791000656.5950,0.0200,0.1168,0.0000,0.0000,0.0000,0.0000,0.0000,0.0000,0.0000,0.0000,0.0000,0.0000,0.0476,0.0476,-0.2516,-0.2516,0.0000
1791000656.6150,0.0200,0.0975,0.0000,0.0000,0.0000,0.0000,0.0000,0.0000,0.0000,0.0000,0.0000,0.0000,0.0476,0.0476,-0.2516,-0.2516,0.0000
1791000656.6350,0.0200,0.0965,0.0000,0.0000,0.0000,0.0000,0.0000,0.0000,-0.0015,0.0000,0.0000,0.0000,0.0476,0.0476,-0.2516,-0.2516,0.0000
1791000656.6550,0.0200,0.0904,0.0000,0.0000,0.0000,0.0000,0.0000,0.0000,0.0015,0.0000,0.0000,0.0000,0.0476,0.0476,-0.2516,-0.2516,0.0000
1791000656.6750,0.0200,0.0915,0.0000,0.0000,0.0000,0.0000,0.0000,0.0000,0.0000,0.0000,0.0000,0.0000,0.0476,0.0476,-0.2516,-0.2516,0.0000
1791000656.6952,0.0202,0.1077,0.0000,0.0000,0.0000,0.0000,0.0000,0.0000,0.0000,0.0000,0.0000,0.0000,0.0476,0.0476,-0.2516,-0.2516,0.0000
1791000656.7152,0.0200,0.0931,0.0000,0.0000,0.0000,0.0000,0.0000,0.0000,-0.0015,0.0000,0.0000,0.0000,0.0476,0.0476,-0.2516,-0.2516,0.0000
1791000656.7351,0.0199,0.0945,0.0000,0.0000,0.0000,0.0000,0.0000,0.0000,0.0015,0.0000,0.0000,0.0000,0.0476,0.0476,-0.2516,-0.2516,0.0000
1791000656.7552,0.0200,0.0929,0.0000,0.0000,0.0000,0.0000,0.0000,0.0000,0.0000,0.0000,0.0000,0.0000,0.0476,0.0476,-0.2516,-0.2516,0.0000
1791000656.7752,0.0200,0.1180,0.0000,0.0000,0.0000,0.0000,0.0000,0.0000,0.0000,0.0000,0.0000,0.0000,0.0476,0.0476,-0.2516,-0.2516,0.0000
1791000656.7952,0.0200,0.1010,0.0000,0.0000,0.0000,0.0000,0.0000,0.0000,0.0000,0.0000,0.0000,0.0000,0.0476,0.0476,-0.2516,-0.2516,0.0000
1791000656.8150,0.0198,0.1154,0.0000,0.0000,0.0000,0.0000,0.0000,0.0000,0.0000,0.0000,0.0000,0.0000,0.0476,0.0476,-0.2516,-0.2516,0.0000
1791000656.8351,0.0201,0.0925,0.0000,0.0000,0.0000,0.0000,0.0000,0.0000,-0.0015,0.0000,0.0000,0.0000,0.0476,0.0476,-0.2516,-0.2516,0.0000
1791000656.8551,0.0200,0.0931,0.0000,0.0000,0.0000,0.0000,0.0000,0.0000,0.0015,0.0000,0.0000,0.0000,0.0476,0.0476,-0.2516,-0.2516,0.0000
1791000656.8751,0.0200,0.0928,0.0000,0.0000,0.0000,0.0000,0.0000,0.0000,0.0000,0.0000,0.0000,0.0000,0.0476,0.0476,-0.2516,-0.2516,0.0000
1791000656.8952,0.0200,0.0964,0.0000,0.0000,0.0000,0.0000,0.0000,0.0000,0.0000,0.0000,0.0000,0.0000,0.0476,0.0476,-0.2516,-0.2516,0.0000
1791000656.9151,0.0200,0.0915,0.0000,0.0000,0.0000,0.0000,0.0000,0.0000,0.0000,0.0000,0.0000,0.0000,0.0476,0.0476,-0.2516,-0.2516,0.0000
1791000656.9352,0.0200,0.0963,0.0000,0.0000,0.0000,0.0000,0.0000,0.0000,0.0000,0.0000,0.0000,0.0000,0.0476,0.0476,-0.2516,-0.2516,0.0000
1791000656.9551,0.0200,0.0915,0.0000,0.0000,0.0000,0.0000,0.0000,0.0000,0.0000,0.0000,0.0000,0.0000,0.0476,0.0476,-0.2516,-0.2516,0.0000
1791000656.9751,0.0200,0.0942,0.0000,0.0000,0.0000,0.0000,0.0000,0.0000,0.0000,0.0000,0.0000,0.0000,0.0476,0.0476,-0.2516,-0.2516,0.0000
1791000656.9951,0.0200,0.0960,0.0000,0.0000,0.0000,0.0000,0.0000,0.0000,0.0000,0.0000,0.0000,0.0000,0.0476,0.0476,-0.2516,-0.2516,0.0000
1791000657.0151,0.0200,0.1325,0.0000,0.0000,0.0000,0.0000,0.0000,0.0000,0.0000,0.0000,0.0000,0.0000,0.0476,0.0476,-0.2516,-0.2516,0.0000
1791000657.0351,0.0200,0.1070,0.0000,0.0000,0.0000,0.0000,0.0000,0.0000,0.0000,0.0000,0.0000,0.0000,0.0476,0.0476,-0.2516,-0.2516,0.0000
1791000657.0551,0.0200,0.0722,0.0000,0.0000,0.0000,0.0000,0.0000,0.0000,0.0000,0.0000,0.0000,0.0000,0.0476,0.0476,-0.2516,-0.2516,0.0000
1791000657.0752,0.0201,0.0967,0.0000,0.0000,0.0000,0.0000,0.0000,0.0000,0.0000,0.0000,0.0000,0.0000,0.0476,0.0476,-0.2516,-0.2516,0.0000
1791000657.0951,0.0200,0.1116,0.0000,0.0000,0.0000,0.0000,0.0000,0.0000,0.0000,0.0000,0.0000,0.0000,0.0476,0.0476,-0.2516,-0.2516,0.0000
1791000657.1150,0.0199,0.1159,0.0000,0.0000,0.0000,0.0000,0.0000,0.0000,-0.0015,0.0000,0.0000,0.0000,0.0476,0.0476,-0.2516,-0.2516,0.0000
1791000657.1350,0.0200,0.1114,0.0000,0.0000,0.0000,0.0000,0.0000,0.0000,0.0015,0.0000,0.0000,0.0000,0.0476,0.0476,-0.2516,-0.2516,0.0000
1791000657.1552,0.0201,0.1157,0.0000,0.0000,0.0000,0.0000,0.0000,0.0000,0.0000,0.0000,0.0000,0.0000,0.0476,0.0476,-0.2516,-0.2516,0.0000
1791000657.1751,0.0200,0.1087,0.0000,0.0000,0.0000,0.0000,0.0000,0.0000,0.0000,0.0000,0.0000,0.0000,0.0476,0.0476,-0.2516,-0.2516,0.0000
1791000657.1951,0.0199,0.1461,0.0000,0.0000,0.0000,0.0000,0.0000,0.0000,0.0000,0.0000,0.0000,0.0000,0.0476,0.0476,-0.2516,-0.2516,0.0000
1791000657.2151,0.0201,0.1171,0.0000,0.0000,0.0000,0.0000,0.0000,0.0000,0.0000,0.0000,0.0000,0.0000,0.0476,0.0476,-0.2516,-0.2516,0.0000
1791000657.2351,0.0200,0.0991,0.0000,0.0000,0.0000,0.0000,0.0000,0.0000,0.0000,0.0000,0.0000,0.0000,0.0476,0.0476,-0.2516,-0.2516,0.0000
1791000657.2550,0.0199,0.0938,0.0000,0.0000,0.0000,0.0000,0.0000,0.0000,0.0000,0.0000,0.0000,0.0000,0.0476,0.0506,-0.2516,-0.2516,0.0000
1791000657.2750,0.0200,0.1096,0.0000,0.0000,0.0000,0.0000,0.0000,0.0000,0.0000,0.0000,0.0000,0.0000,0.0476,0.0476,-0.2516,-0.2516,0.0000
1791000657.2950,0.0200,0.1034,0.0000,0.0000,0.0000,0.0000,0.0000,0.0000,0.0000,0.0000,0.0000,0.0000,0.0476,0.0476,-0.2516,-0.2516,0.0000
1791000657.3152,0.0201,0.0939,0.0000,0.0000,0.0000,0.0000,0.0000,0.0000,0.0000,0.0000,0.0000,0.0000,0.0476,0.0476,-0.2516,-0.2516,0.0000
1791000657.3351,0.0200,0.0941,0.0000,0.0000,0.0000,0.0000,0.0000,0.0000,0.0000,0.0000,0.0000,0.0000,0.0476,0.0476,-0.2516,-0.2516,0.0000
1791000657.3552,0.0201,0.0917,0.0000,0.0000,0.0000,0.0000,0.0000,0.0000,-0.0015,0.0000,0.0000,0.0000,0.0476,0.0476,-0.2516,-0.2516,0.0000
1791000657.3751,0.0199,0.0956,0.0000,0.0000,0.0000,0.0000,0.0000,0.0000,0.0000,0.0000,0.0000,0.0000,0.0476,0.0476,-0.2516,-0.2516,0.0000
1791000657.3951,0.0200,0.1231,0.0000,0.0000,0.0000,0.0000,0.0000,0.0000,0.0015,0.0000,0.0000,0.0000,0.0476,0.0476,-0.2516,-0.2516,0.0000
1791000657.4151,0.0200,0.0720,0.0000,0.0000,0.0000,0.0000,0.0000,0.0000,0.0000,0.0000,0.0000,0.0000,0.0476,0.0476,-0.2516,-0.2516,0.0000
1791000657.4351,0.0200,0.0721,0.0000,0.0000,0.0000,0.0000,0.0000,0.0000,0.0000,0.0000,0.0000,0.0000,0.0476,0.0476,-0.2516,-0.2516,0.0000
1791000657.4551,0.0200,0.0711,0.0000,0.0000,0.0000,0.0000,0.0000,0.0000,0.0000,0.0000,0.0000,0.0000,0.0476,0.0476,-0.2516,-0.2516,0.0000
1791000657.4751,0.0200,0.0798,0.0000,0.0000,0.0000,0.0000,0.0000,0.0000,0.0000,0.0000,0.0000,0.0000,0.0476,0.0476,-0.2516,-0.2516,0.0000
1791000657.4950,0.0200,0.1279,0.0000,0.0000,0.0000,0.0000,0.0000,0.0000,0.0000,0.0000,0.0000,0.0000,0.0476,0.0476,-0.2516,-0.2516,0.0000
1791000657.5150,0.0200,0.1129,0.0000,0.0000,0.0000,0.0000,0.0000,0.0000,0.0000,0.0000,0.0000,0.0000,0.0476,0.0476,-0.2516,-0.2516,0.0000
1791000657.5351,0.0201,0.0838,0.0000,0.0000,0.0000,0.0000,0.0000,0.0000,0.0000,0.0000,0.0000,0.0000,0.0476,0.0476,-0.2516,-0.2516,0.0000
1791000657.5552,0.0200,0.0773,0.0000,0.0000,0.0000,0.0000,0.0000,0.0000,0.0000,0.0000,0.0000,0.0000,0.0476,0.0476,-0.2516,-0.2516,0.0000
1791000657.5751,0.0199,0.1526,0.0000,0.0000,0.0000,0.0000,0.0000,0.0000,0.0000,0.0000,0.0000,0.0000,0.0476,0.0476,-0.2516,-0.2516,0.0000
1791000657.5950,0.0200,0.1124,0.0000,0.0000,0.0000,0.0000,0.0000,0.0000,0.0000,0.0000,0.0000,0.0000,0.0476,0.0506,-0.2516,-0.2516,0.0000
1791000657.6152,0.0201,0.1293,0.0000,0.0000,0.0000,0.0000,0.0000,0.0000,0.0000,0.0000,0.0000,0.0000,0.0476,0.0476,-0.2516,-0.2516,0.0000
1791000657.6351,0.0200,0.1053,0.0000,0.0000,0.0000,0.0000,0.0000,0.0000,0.0000,0.0000,0.0000,0.0000,0.0476,0.0476,-0.2516,-0.2516,0.0000
1791000657.6551,0.0200,0.1002,0.0000,0.0000,0.0000,0.0000,0.0000,0.0000,0.0000,0.0000,0.0000,0.0000,0.0476,0.0476,-0.2516,-0.2516,0.0000
1791000657.6751,0.0200,0.0968,0.0000,0.0000,0.0000,0.0000,0.0000,0.0000,0.0000,0.0000,0.0000,0.0000,0.0476,0.0476,-0.2516,-0.2516,0.0000
1791000657.6952,0.0200,0.1070,0.0000,0.0000,0.0000,0.0000,0.0000,0.0000,0.0000,0.0000,0.0000,0.0000,0.0476,0.0476,-0.2516,-0.2516,0.0000
1791000657.7152,0.0200,0.1098,0.0000,0.0000,0.0000,0.0000,0.0000,0.0000,0.0000,0.0000,0.0000,0.0000,0.0476,0.0476,-0.2516,-0.2516,0.0000
1791000657.7351,0.0199,0.1059,0.0000,0.0000,0.0000,0.0000,0.0000,0.0000,0.0000,0.0000,0.0000,0.0000,0.0476,0.0476,-0.2516,-0.2516,0.0000
1791000657.7551,0.0200,0.1054,0.0000,0.0000,0.0000,0.0000,0.0000,0.0000,0.0000,0.0000,0.0000,0.0000,0.0476,0.0506,-0.2516,-0.2516,0.0000
1791000657.7751,0.0200,0.1088,0.0000,0.0000,0.0000,0.0000,0.0000,0.0000,0.0000,0.0000,0.0000,0.0000,0.0476,0.0476,-0.2516,-0.2516,0.0000
1791000657.7951,0.0200,0.0956,0.0000,0.0000,0.0000,0.0000,0.0000,0.0000,0.0000,0.0000,0.0000,0.0000,0.0476,0.0476,-0.2516,-0.2516,0.0000
1791000657.8152,0.0200,0.1161,0.0000,0.0000,0.0000,0.0000,0.0000,0.0000,0.0000,0.0000,0.0000,0.0000,0.0476,0.0476,-0.2516,-0.2531,0.0000
1791000657.8351,0.0200,0.0935,0.0000,0.0000,0.0000,0.0000,0.0000,0.0000,0.0000,0.0000,0.0000,0.0000,0.0476,0.0476,-0.2516,-0.2516,0.0000
1791000657.8551,0.0200,0.1228,0.0000,0.0000,0.0000,0.0000,0.0000,0.0000,0.0000,0.0000,0.0000,0.0000,0.0476,0.0476,-0.2516,-0.2516,0.0000
1791000657.8751,0.0200,0.0735,0.0000,0.0000,0.0000,0.0000,0.0000,0.0000,0.0000,0.0000,0.0000,0.0000,0.0476,0.0476,-0.2516,-0.2516,0.0000
1791000657.8951,0.0200,0.0880,0.0000,0.0000,0.0000,0.0000,0.0000,0.0000,0.0000,0.0000,0.0000,0.0000,0.0476,0.0476,-0.2516,-0.2516,0.0000
1791000657.9151,0.0200,0.0757,0.0000,0.0000,0.0000,0.0000,0.0000,0.0000,0.0000,0.0000,0.0000,0.0000,0.0476,0.0476,-0.2516,-0.2516,0.0000
1791000657.9351,0.0200,0.0765,0.0000,0.0000,0.0000,0.0000,0.0000,0.0000,0.0000,0.0000,0.0000,0.0000,0.0476,0.0476,-0.2516,-0.2516,0.0000
1791000657.9551,0.0200,0.0735,0.0000,0.0000,0.0000,0.0000,0.0000,0.0000,0.0000,0.0000,0.0000,0.0000,0.0476,0.0476,-0.2516,-0.2516,0.0000
1791000657.9751,0.0200,0.0805,0.0000,0.0000,0.0000,0.0000,0.0000,0.0000,0.0000,0.0000,0.0000,0.0000,0.0476,0.0476,-0.2516,-0.2516,0.0000
1791000657.9951,0.0200,0.0754,0.0000,0.0000,0.0000,0.0000,0.0000,0.0000,0.0000,0.0000,0.0000,0.0000,0.0476,0.0476,-0.2516,-0.2516,0.0000
1791000658.0150,0.0199,0.1036,0.0000,0.0000,0.0000,0.0000,0.0000,0.0000,0.0000,0.0000,0.0000,0.0000,0.0476,0.0476,-0.2516,-0.2516,0.0000
1791000658.0350,0.0200,0.0827,0.0000,0.0000,0.0000,0.0000,0.0000,0.0000,0.0000,0.0000,0.0000,0.0000,0.0476,0.0476,-0.2516,-0.2516,0.0000
1791000658.0551,0.0201,0.0788,0.0000,0.0000,0.0000,0.0000,0.0000,0.0000,0.0000,0.0000,0.0000,0.0000,0.0476,0.0476,-0.2516,-0.2516,0.0000
1791000658.0751,0.0200,0.1101,0.0000,0.0000,0.0000,0.0000,0.0000,0.0000,0.0000,0.0000,0.0000,0.0000,0.0476,0.0476,-0.2516,-0.2516,0.0000
1791000658.0951,0.0200,0.0965,0.0000,0.0000,0.0000,0.0000,0.0000,0.0000,0.0000,0.0000,0.0000,0.0000,0.0476,0.0476,-0.2516,-0.2516,0.0000
1791000658.1151,0.0200,0.0905,0.0000,0.0000,0.0000,0.0000,0.0000,0.0000,-0.0015,-0.0015,0.0000,0.0000,0.0476,0.0506,-0.2516,-0.2516,0.0000
1791000658.1350,0.0199,0.0927,0.0000,0.0000,0.0000,0.0000,0.0000,0.0000,0.0015,0.0015,0.0000,0.0000,0.0476,0.0476,-0.2516,-0.2516,0.0000
1791000658.1551,0.0201,0.0953,0.0000,0.0000,0.0000,0.0000,0.0000,0.0000,0.0000,0.0000,0.0000,0.0000,0.0476,0.0476,-0.2516,-0.2516,0.0000
1791000658.1751,0.0200,0.1040,0.0000,0.0000,0.0000,0.0000,0.0000,0.0000,0.0000,0.0000,0.0000,0.0000,0.0476,0.0506,-0.2516,-0.2516,0.0000
1791000658.1951,0.0200,0.0883,0.0000,0.0000,0.0000,0.0000,0.0000,0.0000,0.0000,0.0000,0.0000,0.0000,0.0476,0.0476,-0.2516,-0.2516,0.0000
1791000658.2150,0.0199,0.1080,0.0000,0.0000,0.0000,0.0000,0.0000,0.0000,0.0000,0.0000,0.0000,0.0000,0.0476,0.0476,-0.2516,-0.2516,0.0000
1791000658.2351,0.0201,0.1034,0.0000,0.0000,0.0000,0.0000,0.0000,0.0000,0.0000,0.0000,0.0000,0.0000,0.0476,0.0476,-0.2516,-0.2516,0.0000
1791000658.2552,0.0200,0.0907,0.0000,0.0000,0.0000,0.0000,0.0000,0.0000,-0.0015,0.0000,0.0000,0.0000,0.0476,0.0476,-0.2516,-0.2516,0.0000
1791000658.2751,0.0200,0.0942,0.0000,0.0000,0.0000,0.0000,0.0000,0.0000,0.0015,0.0000,0.0000,0.0000,0.0476,0.0476,-0.2516,-0.2516,0.0000
1791000658.2951,0.0200,0.0937,0.0000,0.0000,0.0000,0.0000,0.0000,0.0000,0.0000,0.0000,0.0000,0.0000,0.0476,0.0476,-0.2516,-0.2516,0.0000
1791000658.3151,0.0200,0.0872,0.0000,0.0000,0.0000,0.0000,0.0000,0.0000,0.0000,0.0000,0.0000,0.0000,0.0476,0.0476,-0.2516,-0.2516,0.0000
1791000658.3351,0.0200,0.0874,0.0000,0.0000,0.0000,0.0000,0.0000,0.0000,-0.0015,0.0000,0.0000,0.0000,0.0476,0.0506,-0.2516,-0.2516,0.0000
1791000658.3551,0.0200,0.0870,0.0000,0.0000,0.0000,0.0000,0.0000,0.0000,0.0015,0.0000,0.0000,0.0000,0.0476,0.0476,-0.2516,-0.2516,0.0000
1791000658.3751,0.0200,0.0896,0.0000,0.0000,0.0000,0.0000,0.0000,0.0000,0.0000,0.0000,0.0000,0.0000,0.0476,0.0476,-0.2516,-0.2516,0.0000
1791000658.3951,0.0200,0.0859,0.0000,0.0000,0.0000,0.0000,0.0000,0.0000,0.0000,0.0000,0.0000,0.0000,0.0476,0.0506,-0.2516,-0.2516,0.0000
1791000658.4151,0.0200,0.0866,0.0000,0.0000,0.0000,0.0000,0.0000,0.0000,0.0000,-0.0015,0.0000,0.0000,0.0476,0.0476,-0.2516,-0.2516,0.0000
1791000658.4352,0.0200,0.1123,0.0000,0.0000,0.0000,0.0000,0.0000,0.0000,0.0000,0.0015,0.0000,0.0000,0.0476,0.0476,-0.2516,-0.2516,0.0000
1791000658.4551,0.0199,0.0859,0.0000,0.0000,0.0000,0.0000,0.0000,0.0000,0.0000,0.0000,0.0000,0.0000,0.0476,0.0476,-0.2516,-0.2516,0.0000
1791000658.4751,0.0200,0.0855,0.0000,0.0000,0.0000,0.0000,0.0000,0.0000,0.0000,0.0000,0.0000,0.0000,0.0476,0.0476,-0.2516,-0.2516,0.0000
1791000658.4951,0.0200,0.0873,0.0000,0.0000,0.0000,0.0000,0.0000,0.0000,0.0000,0.0000,0.0000,0.0000,0.0476,0.0476,-0.2516,-0.2516,0.0000
1791000658.5151,0.0200,0.0863,0.0000,0.0000,0.0000,0.0000,0.0000,0.0000,0.0000,0.0000,0.0000,0.0000,0.0476,0.0476,-0.2516,-0.2516,0.0000
1791000658.5351,0.0200,0.0867,0.0000,0.0000,0.0000,0.0000,0.0000,0.0000,0.0000,0.0000,0.0000,0.0000,0.0476,0.0476,-0.2516,-0.2516,0.0000
1791000658.5551,0.0200,0.0864,0.0000,0.0000,0.0000,0.0000,0.0000,0.0000,0.0000,0.0000,0.0000,0.0000,0.0476,0.0476,-0.2516,-0.2516,0.0000
1791000658.5751,0.0200,0.0891,0.0000,0.0000,0.0000,0.0000,0.0000,0.0000,0.0000,0.0000,0.0000,0.0000,0.0476,0.0476,-0.2516,-0.2516,0.0000
1791000658.5952,0.0201,0.0859,0.0000,0.0000,0.0000,0.0000,0.0000,0.0000,0.0000,0.0000,0.0000,0.0000,0.0476,0.0476,-0.2516,-0.2516,0.0000
1791000658.6152,0.0200,0.0854,0.0000,0.0000,0.0000,0.0000,0.0000,0.0000,0.0000,0.0000,0.0000,0.0000,0.0476,0.0476,-0.2516,-0.2516,0.0000
1791000658.6351,0.0200,0.1016,0.0000,0.0000,0.0000,0.0000,0.0000,0.0000,0.0000,0.0000,0.0000,0.0000,0.0476,0.0476,-0.2516,-0.2516,0.0000
1791000658.6551,0.0200,0.0877,0.0000,0.0000,0.0000,0.0000,0.0000,0.0000,0.0000,0.0000,0.0000,0.0000,0.0476,0.0476,-0.2516,-0.2516,0.0000
1791000658.6752,0.0200,0.0898,0.0000,0.0000,0.0000,0.0000,0.0000,0.0000,0.0000,0.0000,0.0000,0.0000,0.0476,0.0476,-0.2516,-0.2516,0.0000
1791000658.6951,0.0200,0.0854,0.0000,0.0000,0.0000,0.0000,0.0000,0.0000,-0.0015,0.0000,0.0000,0.0000,0.0476,0.0476,-0.2516,-0.2516,0.0000
1791000658.7151,0.0200,0.0862,0.0000,0.0000,0.0000,0.0000,0.0000,0.0000,0.0015,0.0000,0.0000,0.0000,0.0476,0.0476,-0.2516,-0.2516,0.0000
1791000658.7352,0.0200,0.0857,0.0000,0.0000,0.0000,0.0000,0.0000,0.0000,0.0000,0.0000,0.0000,0.0000,0.0476,0.0476,-0.2516,-0.2516,0.0000
1791000658.7550,0.0199,0.1117,0.0000,0.0000,0.0000,0.0000,0.0000,0.0000,-0.0015,0.0000,0.0000,0.0000,0.0476,0.0476,-0.2516,-0.2516,0.0000
1791000658.7750,0.0200,0.0546,0.0000,0.0000,0.0000,0.0000,0.0000,0.0000,0.0015,0.0000,0.0000,0.0000,0.0476,0.0476,-0.2516,-0.2516,0.0000
1791000658.7951,0.0201,0.0996,0.0000,0.0000,0.0000,0.0000,0.0000,0.0000,0.0000,0.0000,0.0000,0.0000,0.0476,0.0476,-0.2516,-0.2516,0.0000
1791000658.8151,0.0200,0.1076,0.0000,0.0000,0.0000,0.0000,0.0000,0.0000,0.0000,0.0000,0.0000,0.0000,0.0476,0.0476,-0.2516,-0.2516,0.0000
1791000658.8351,0.0200,0.1047,0.0000,0.0000,0.0000,0.0000,0.0000,0.0000,0.0000,0.0000,0.0000,0.0000,0.0476,0.0476,-0.2516,-0.2516,0.0000
1791000658.8551,0.0200,0.1178,0.0000,0.0000,0.0000,0.0000,0.0000,0.0000,-0.0015,0.0000,0.0000,0.0000,0.0476,0.0476,-0.2516,-0.2516,0.0000
1791000658.8752,0.0200,0.0993,0.0000,0.0000,0.0000,0.0000,0.0000,0.0000,0.0015,0.0000,0.0000,0.0000,0.0476,0.0476,-0.2516,-0.2516,0.0000
1791000658.8952,0.0200,0.1064,0.0000,0.0000,0.0000,0.0000,0.0000,0.0000,0.0000,-0.0015,0.0000,0.0000,0.0476,0.0476,-0.2516,-0.2516,0.0000
1791000658.9151,0.0200,0.1079,0.0000,0.0000,0.0000,0.0000,0.0000,0.0000,0.0000,0.0015,0.0000,0.0000,0.0476,0.0476,-0.2516,-0.2516,0.0000
1791000658.9351,0.0200,0.1158,0.0000,0.0000,0.0000,0.0000,0.0000,0.0000,0.0000,0.0000,0.0000,0.0000,0.0476,0.0476,-0.2516,-0.2516,0.0000
1791000658.9551,0.0200,0.1096,0.0000,0.0000,0.0000,0.0000,0.0000,0.0000,-0.0015,0.0000,0.0000,0.0000,0.0476,0.0476,-0.2516,-0.2516,0.0000
1791000658.9751,0.0200,0.1150,0.0000,0.0000,0.0000,0.0000,0.0000,0.0000,0.0015,0.0000,0.0000,0.0000,0.0476,0.0476,-0.2516,-0.2516,0.0000
1791000658.9951,0.0200,0.0937,0.0000,0.0000,0.0000,0.0000,0.0000,0.0000,0.0000,0.0000,0.0000,0.0000,0.0476,0.0476,-0.2516,-0.2516,0.0000
1791000659.0151,0.0200,0.0926,0.0000,0.0000,0.0000,0.0000,0.0000,0.0000,0.0000,0.0000,0.0000,0.0000,0.0476,0.0476,-0.2516,-0.2516,0.0000
1791000659.0352,0.0200,0.0932,0.0000,0.0000,0.0000,0.0000,0.0000,0.0000,0.0000,0.0000,0.0000,0.0000,0.0476,0.0476,-0.2516,-0.2516,0.0000
1791000659.0552,0.0200,0.1358,0.0000,0.0000,0.0000,0.0000,0.0000,0.0000,0.0000,0.0000,0.0000,0.0000,0.0476,0.0476,-0.2516,-0.2516,0.0000
1791000659.0751,0.0199,0.0967,0.0000,0.0000,0.0000,0.0000,0.0000,0.0000,0.0000,0.0000,0.0000,0.0000,0.0476,0.0476,-0.2516,-0.2516,0.0000
1791000659.0951,0.0200,0.0947,0.0000,0.0000,0.0000,0.0000,0.0000,0.0000,0.0000,0.0000,0.0000,0.0000,0.0476,0.0476,-0.2516,-0.2516,0.0000
1791000659.1151,0.0200,0.0954,0.0000,0.0000,0.0000,0.0000,0.0000,0.0000,0.0000,0.0000,0.0000,0.0000,0.0476,0.0476,-0.2516,-0.2516,0.0000
1791000659.1350,0.0199,0.0930,0.0000,0.0000,0.0000,0.0000,0.0000,0.0000,0.0000,0.0000,0.0000,0.0000,0.0476,0.0476,-0.2516,-0.2516,0.0000
1791000659.1552,0.0201,0.0883,0.0000,0.0000,0.0000,0.0000,0.0000,0.0000,0.0000,0.0000,0.0000,0.0000,0.0476,0.0476,-0.2516,-0.2516,0.0000
1791000659.1751,0.0200,0.0913,0.0000,0.0000,0.0000,0.0000,0.0000,0.0000,0.0000,0.0000,0.0000,0.0000,0.0476,0.0476,-0.2516,-0.2516,0.0000
1791000659.1952,0.0200,0.0863,0.0000,0.0000,0.0000,0.0000,0.0000,0.0000,-0.0015,0.0000,0.0000,0.0000,0.0476,0.0476,-0.2516,-0.2531,0.0000
1791000659.2150,0.0199,0.0915,0.0000,0.0000,0.0000,0.0000,0.0000,0.0000,0.0015,0.0000,0.0000,0.0000,0.0476,0.0476,-0.2516,-0.2516,0.0000
1791000659.2351,0.0201,0.0908,0.0000,0.0000,0.0000,0.0000,0.0000,0.0000,0.0000,0.0000,0.0000,0.0000,0.0476,0.0476,-0.2516,-0.2516,0.0000
1791000659.2551,0.0200,0.1169,0.0000,0.0000,0.0000,0.0000,0.0000,0.0000,0.0000,0.0000,0.0000,0.0000,0.0476,0.0476,-0.2516,-0.2516,0.0000
1791000659.2751,0.0200,0.0897,0.0000,0.0000,0.0000,0.0000,0.0000,0.0000,0.0000,0.0000,0.0000,0.0000,0.0476,0.0476,-0.2516,-0.2516,0.0000
1791000659.2950,0.0199,0.1415,0.0000,0.0000,0.0000,0.0000,0.0000,0.0000,0.0000,0.0000,0.0000,0.0000,0.0476,0.0476,-0.2516,-0.2516,0.0000
1791000659.3151,0.0200,0.2312,0.0000,0.0000,0.0000,0.0000,0.0000,0.0000,0.0000,0.0000,0.0000,0.0000,0.0476,0.0476,-0.2516,-0.2516,0.0000
1791000659.3351,0.0200,0.1668,0.0000,0.0000,0.0000,0.0000,0.0000,0.0000,0.0000,0.0000,0.0000,0.0000,0.0476,0.0476,-0.2516,-0.2516,0.0000
1791000659.3551,0.0200,0.1239,0.0000,0.0000,0.0000,0.0000,0.0000,0.0000,0.0000,0.0000,0.0000,0.0000,0.0476,0.0476,-0.2516,-0.2516,0.0000
1791000659.3751,0.0200,0.0725,0.0000,0.0000,0.0000,0.0000,0.0000,0.0000,0.0000,0.0000,0.0000,0.0000,0.0476,0.0476,-0.2516,-0.2516,0.0000
1791000659.3952,0.0200,0.0951,0.0000,0.0000,0.0000,0.0000,0.0000,0.0000,0.0000,-0.0015,0.0000,0.0000,0.0476,0.0476,-0.2516,-0.2516,0.0000
1791000659.4151,0.0200,0.0858,0.0000,0.0000,0.0000,0.0000,0.0000,0.0000,0.0000,0.0000,0.0000,0.0000,0.0476,0.0476,-0.2516,-0.2516,0.0000
1791000659.4351,0.0200,0.0856,0.0000,0.0000,0.0000,0.0000,0.0000,0.0000,0.0000,0.0015,0.0000,0.0000,0.0476,0.0476,-0.2516,-0.2516,0.0000
1791000659.4550,0.0199,0.0858,0.0000,0.0000,0.0000,0.0000,0.0000,0.0000,0.0000,0.0000,0.0000,0.0000,0.0476,0.0476,-0.2516,-0.2516,0.0000
1791000659.4750,0.0200,0.1115,0.0000,0.0000,0.0000,0.0000,0.0000,0.0000,0.0000,0.0000,0.0000,0.0000,0.0476,0.0476,-0.2516,-0.2516,0.0000
1791000659.4950,0.0200,0.1257,0.0000,0.0000,0.0000,0.0000,0.0000,0.0000,0.0000,0.0000,0.0000,0.0000,0.0476,0.0476,-0.2516,-0.2516,0.0000
1791000659.5151,0.0200,0.1369,0.0000,0.0000,0.0000,0.0000,0.0000,0.0000,0.0000,0.0000,0.0000,0.0000,0.0476,0.0476,-0.2516,-0.2516,0.0000
1791000659.5350,0.0200,0.1412,0.0000,0.0000,0.0000,0.0000,0.0000,0.0000,0.0000,0.0000,0.0000,0.0000,0.0476,0.0476,-0.2516,-0.2516,0.0000
1791000659.5551,0.0200,0.1812,0.0000,0.0000,0.0000,0.0000,0.0000,0.0000,0.0000,0.0000,0.0000,0.0000,0.0476,0.0476,-0.2516,-0.2516,0.0000
1791000659.5750,0.0200,0.1368,0.0000,0.0000,0.0000,0.0000,0.0000,0.0000,0.0000,0.0000,0.0000,0.0000,0.0476,0.0506,-0.2516,-0.2516,0.0000
1791000659.5950,0.0200,0.0502,0.0000,0.0000,0.0000,0.0000,0.0000,0.0000,0.0000,0.0000,0.0000,0.0000,0.0476,0.0476,-0.2516,-0.2516,0.0000
1791000659.6151,0.0201,0.0823,0.0000,0.0000,0.0000,0.0000,0.0000,0.0000,0.0000,0.0000,0.0000,0.0000,0.0476,0.0476,-0.2516,-0.2516,0.0000
1791000659.6351,0.0200,0.0959,0.0000,0.0000,0.0000,0.0000,0.0000,0.0000,0.0000,-0.0015,0.0000,0.0000,0.0476,0.0476,-0.2516,-0.2516,0.0000
1791000659.6551,0.0201,0.1066,0.0000,0.0000,0.0000,0.0000,0.0000,0.0000,0.0000,0.0015,0.0000,0.0000,0.0476,0.0476,-0.2516,-0.2516,0.0000
1791000659.6750,0.0199,0.1176,0.0000,0.0000,0.0000,0.0000,0.0000,0.0000,0.0000,0.0000,0.0000,0.0000,0.0476,0.0476,-0.2516,-0.2516,0.0000
1791000659.6951,0.0201,0.0973,0.0000,0.0000,0.0000,0.0000,0.0000,0.0000,0.0000,0.0000,0.0000,0.0000,0.0476,0.0476,-0.2516,-0.2516,0.0000
1791000659.7150,0.0199,0.1399,0.0000,0.0000,0.0000,0.0000,0.0000,0.0000,0.0000,0.0000,0.0000,0.0000,0.0476,0.0476,-0.2516,-0.2516,0.0000
1791000659.7351,0.0201,0.1517,0.0000,0.0000,0.0000,0.0000,0.0000,0.0000,0.0000,0.0000,0.0000,0.0000,0.0476,0.0476,-0.2516,-0.2516,0.0000
1791000659.7551,0.0200,0.0731,0.0000,0.0000,0.0000,0.0000,0.0000,0.0000,0.0000,0.0000,0.0000,0.0000,0.0476,0.0476,-0.2516,-0.2516,0.0000
1791000659.7750,0.0199,0.0986,0.0000,0.0000,0.0000,0.0000,0.0000,0.0000,0.0000,0.0000,0.0000,0.0000,0.0476,0.0476,-0.2516,-0.2516,0.0000
1791000659.7950,0.0200,0.0993,0.0000,0.0000,0.0000,0.0000,0.0000,0.0000,0.0000,0.0000,0.0000,0.0000,0.0476,0.0476,-0.2516,-0.2516,0.0000
1791000659.8151,0.0201,0.0963,0.0000,0.0000,0.0000,0.0000,0.0000,0.0000,0.0000,0.0000,0.0000,0.0000,0.0476,0.0476,-0.2516,-0.2516,0.0000
1791000659.8351,0.0200,0.1058,0.0000,0.0000,0.0000,0.0000,0.0000,0.0000,0.0000,0.0000,0.0000,0.0000,0.0476,0.0476,-0.2516,-0.2516,0.0000
1791000659.8551,0.0200,0.0987,0.0000,0.0000,0.0000,0.0000,0.0000,0.0000,0.0000,0.0000,0.0000,0.0000,0.0476,0.0476,-0.2516,-0.2516,0.0000
1791000659.8750,0.0199,0.1235,0.0000,0.0000,0.0000,0.0000,0.0000,0.0000,0.0000,0.0000,0.0000,0.0000,0.0476,0.0476,-0.2516,-0.2516,0.0000
1791000659.8952,0.0201,0.0979,0.0000,0.0000,0.0000,0.0000,0.0000,0.0000,0.0000,0.0000,0.0000,0.0000,0.0476,0.0476,-0.2516,-0.2516,0.0000
1791000659.9151,0.0200,0.0940,0.0000,0.0000,0.0000,0.0000,0.0000,0.0000,0.0000,0.0000,0.0000,0.0000,0.0476,0.0476,-0.2516,-0.2516,0.0000
1791000659.9351,0.0200,0.0905,0.0000,0.0000,0.0000,0.0000,0.0000,0.0000,0.0000,0.0000,0.0000,0.0000,0.0476,0.0506,-0.2516,-0.2516,0.0000
1791000659.9552,0.0201,0.1036,0.0000,0.0000,0.0000,0.0000,0.0000,0.0000,0.0000,0.0000,0.0000,0.0000,0.0476,0.0476,-0.2516,-0.2516,0.0000
1791000659.9752,0.0200,0.0932,0.0000,0.0000,0.0000,0.0000,0.0000,0.0000,0.0000,0.0000,0.0000,0.0000,0.0476,0.0476,-0.2516,-0.2516,0.0000
1791000659.9951,0.0199,0.0902,0.0000,0.0000,0.0000,0.0000,0.0000,0.0000,0.0000,0.0000,0.0000,0.0000,0.0476,0.0476,-0.2516,-0.2516,0.0000
1791000660.0151,0.0200,0.0920,0.0000,0.0000,0.0000,0.0000,0.0000,0.0000,0.0000,0.0000,0.0000,0.0000,0.0476,0.0476,-0.2516,-0.2516,0.0000
1791000660.0351,0.0200,0.0909,0.0000,0.0000,0.0000,0.0000,0.0000,0.0000,0.0000,0.0000,0.0000,0.0000,0.0476,0.0476,-0.2516,-0.2516,0.0000
1791000660.0551,0.0200,0.0919,0.0000,0.0000,0.0000,0.0000,0.0000,0.0000,0.0000,0.0000,0.0000,0.0000,0.0476,0.0476,-0.2516,-0.2516,0.0000
1791000660.0751,0.0200,0.0912,0.0000,0.0000,0.0000,0.0000,0.0000,0.0000,0.0000,0.0000,0.0000,0.0000,0.0476,0.0476,-0.2516,-0.2516,0.0000
1791000660.0952,0.0200,0.1085,0.0000,0.0000,0.0000,0.0000,0.0000,0.0000,0.0000,0.0000,0.0000,0.0000,0.0476,0.0476,-0.2516,-0.2516,0.0000
1791000660.1151,0.0200,0.0937,0.0000,0.0000,0.0000,0.0000,0.0000,0.0000,0.0000,0.0000,0.0000,0.0000,0.0476,0.0476,-0.2516,-0.2516,0.0000
1791000660.1351,0.0200,0.0910,0.0000,0.0000,0.0000,0.0000,0.0000,0.0000,0.0000,0.0000,0.0000,0.0000,0.0476,0.0476,-0.2516,-0.2516,0.0000
1791000660.1551,0.0200,0.0922,0.0000,0.0000,0.0000,0.0000,0.0000,0.0000,0.0000,0.0000,0.0000,0.0000,0.0476,0.0476,-0.2516,-0.2516,0.0000
1791000660.1752,0.0200,0.0921,0.0000,0.0000,0.0000,0.0000,0.0000,0.0000,0.0000,0.0000,0.0000,0.0000,0.0476,0.0476,-0.2516,-0.2516,0.0000
1791000660.1951,0.0200,0.0917,0.0000,0.0000,0.0000,0.0000,0.0000,0.0000,0.0000,0.0000,0.0000,0.0000,0.0476,0.0476,-0.2516,-0.2516,0.0000
1791000660.2150,0.0199,0.1179,0.0000,0.0000,0.0000,0.0000,0.0000,0.0000,0.0000,0.0000,0.0000,0.0000,0.0476,0.0476,-0.2516,-0.2516,0.0000
1791000660.2352,0.0202,0.1523,0.0000,0.0000,0.0000,0.0000,0.0000,0.0000,0.0000,0.0000,0.0000,0.0000,0.0476,0.0476,-0.2516,-0.2516,0.0000
1791000660.2552,0.0200,0.1271,0.0000,0.0000,0.0000,0.0000,0.0000,0.0000,0.0000,0.0000,0.0000,0.0000,0.0476,0.0476,-0.2516,-0.2516,0.0000
1791000660.2752,0.0200,0.0955,0.0000,0.0000,0.0000,0.0000,0.0000,0.0000,0.0000,0.0000,0.0000,0.0000,0.0476,0.0476,-0.2516,-0.2516,0.0000
1791000660.2950,0.0198,0.1081,0.0000,0.0000,0.0000,0.0000,0.0000,0.0000,0.0000,0.0000,0.0000,0.0000,0.0476,0.0476,-0.2516,-0.2516,0.0000
1791000660.3151,0.0201,0.0967,0.0000,0.0000,0.0000,0.0000,0.0000,0.0000,0.0000,0.0000,0.0000,0.0000,0.0476,0.0476,-0.2516,-0.2516,0.0000
1791000660.3350,0.0199,0.0939,0.0000,0.0000,0.0000,0.0000,0.0000,0.0000,0.0000,-0.0015,0.0000,0.0000,0.0476,0.0476,-0.2516,-0.2516,0.0000
1791000660.3551,0.0201,0.0963,0.0000,0.0000,0.0000,0.0000,0.0000,0.0000,0.0000,0.0015,0.0000,0.0000,0.0476,0.0476,-0.2516,-0.2516,0.0000
1791000660.3751,0.0200,0.0968,0.0000,0.0000,0.0000,0.0000,0.0000,0.0000,0.0000,0.0000,0.0000,0.0000,0.0476,0.0476,-0.2516,-0.2516,0.0000
1791000660.3950,0.0199,0.1151,0.0000,0.0000,0.0000,0.0000,0.0000,0.0000,0.0000,0.0000,0.0000,0.0000,0.0476,0.0476,-0.2516,-0.2516,0.0000
1791000660.4152,0.0202,0.1203,0.0000,0.0000,0.0000,0.0000,0.0000,0.0000,0.0000,0.0000,0.0000,0.0000,0.0476,0.0476,-0.2516,-0.2516,0.0000
1791000660.4350,0.0198,0.1024,0.0000,0.0000,0.0000,0.0000,0.0000,0.0000,0.0000,0.0000,0.0000,0.0000,0.0476,0.0476,-0.2516,-0.2516,0.0000
1791000660.4550,0.0200,0.1029,0.0000,0.0000,0.0000,0.0000,0.0000,0.0000,0.0000,0.0000,0.0000,0.0000,0.0476,0.0476,-0.2516,-0.2516,0.0000
1791000660.4751,0.0201,0.1056,0.0000,0.0000,0.0000,0.0000,0.0000,0.0000,0.0000,0.0000,0.0000,0.0000,0.0476,0.0476,-0.2516,-0.2516,0.0000
1791000660.4951,0.0199,0.1822,0.0000,0.0000,0.0000,0.0000,0.0000,0.0000,0.0000,0.0000,0.0000,0.0000,0.0476,0.0476,-0.2516,-0.2516,0.0000
1791000660.5151,0.0201,0.1148,0.0000,0.0000,0.0000,0.0000,0.0000,0.0000,0.0000,0.0000,0.0000,0.0000,0.0476,0.0476,-0.2516,-0.2516,0.0000
1791000660.5352,0.0200,0.1036,0.0000,0.0000,0.0000,0.0000,0.0000,0.0000,0.0000,-0.0015,0.0000,0.0000,0.0476,0.0476,-0.2516,-0.2516,0.0000
1791000660.5551,0.0199,0.0961,0.0000,0.0000,0.0000,0.0000,0.0000,0.0000,0.0000,0.0015,0.0000,0.0000,0.0476,0.0476,-0.2516,-0.2516,0.0000
1791000660.5752,0.0201,0.0971,0.0000,0.0000,0.0000,0.0000,0.0000,0.0000,0.0000,0.0000,0.0000,0.0000,0.0476,0.0476,-0.2516,-0.2516,0.0000
1791000660.5952,0.0200,0.0949,0.0000,0.0000,0.0000,0.0000,0.0000,0.0000,0.0000,0.0000,0.0000,0.0000,0.0476,0.0476,-0.2516,-0.2516,0.0000
1791000660.6152,0.0201,0.0945,0.0000,0.0000,0.0000,0.0000,0.0000,0.0000,0.0000,0.0000,0.0000,0.0000,0.0476,0.0476,-0.2516,-0.2516,0.0000
1791000660.6352,0.0200,0.0946,0.0000,0.0000,0.0000,0.0000,0.0000,0.0000,0.0000,0.0000,0.0000,0.0000,0.0476,0.0476,-0.2516,-0.2516,0.0000
1791000660.6552,0.0200,0.0951,0.0000,0.0000,0.0000,0.0000,0.0000,0.0000,0.0000,0.0000,0.0000,0.0000,0.0476,0.0476,-0.2516,-0.2516,0.0000
1791000660.6752,0.0200,0.0945,0.0000,0.0000,0.0000,0.0000,0.0000,0.0000,0.0000,0.0000,0.0000,0.0000,0.0476,0.0476,-0.2516,-0.2516,0.0000
1791000660.6950,0.0199,0.0934,0.0000,0.0000,0.0000,0.0000,0.0000,0.0000,-0.0015,0.0000,0.0000,0.0000,0.0476,0.0476,-0.2516,-0.2516,0.0000
1791000660.7152,0.0201,0.1085,0.0000,0.0000,0.0000,0.0000,0.0000,0.0000,0.0015,0.0000,0.0000,0.0000,0.0476,0.0476,-0.2516,-0.2516,0.0000
1791000660.7351,0.0200,0.1763,0.0000,0.0000,0.0000,0.0000,0.0000,0.0000,0.0000,0.0000,0.0000,0.0000,0.0476,0.0476,-0.2516,-0.2516,0.0000
1791000660.7552,0.0200,0.1611,0.0000,0.0000,0.0000,0.0000,0.0000,0.0000,0.0000,0.0000,0.0000,0.0000,0.0476,0.0476,-0.2516,-0.2516,0.0000
1791000660.7751,0.0199,0.1774,0.0000,0.0000,0.0000,0.0000,0.0000,0.0000,0.0000,0.0000,0.0000,0.0000,0.0476,0.0476,-0.2516,-0.2516,0.0000
1791000660.7951,0.0200,0.1576,0.0000,0.0000,0.0000,0.0000,0.0000,0.0000,0.0000,0.0000,0.0000,0.0000,0.0476,0.0476,-0.2516,-0.2516,0.0000
1791000660.8151,0.0200,0.1839,0.0000,0.0000,0.0000,0.0000,0.0000,0.0000,0.0000,0.0000,0.0000,0.0000,0.0476,0.0476,-0.2516,-0.2516,0.0000
1791000660.8351,0.0200,0.1810,0.0000,0.0000,0.0000,0.0000,0.0000,0.0000,0.0000,0.0000,0.0000,0.0000,0.0476,0.0476,-0.2516,-0.2516,0.0000
1791000660.8551,0.0200,0.1779,0.0000,0.0000,0.0000,0.0000,0.0000,0.0000,0.0000,0.0000,0.0000,0.0000,0.0476,0.0476,-0.2516,-0.2516,0.0000
1791000660.8752,0.0201,0.1808,0.0000,0.0000,0.0000,0.0000,0.0000,0.0000,-0.0015,-0.0015,0.0000,0.0000,0.0476,0.0476,-0.2516,-0.2516,0.0000
1791000660.8951,0.0199,0.1793,0.0000,0.0000,0.0000,0.0000,0.0000,0.0000,0.0015,0.0015,0.0000,0.0000,0.0476,0.0476,-0.2516,-0.2516,0.0000
1791000660.9151,0.0200,0.1716,0.0000,0.0000,0.0000,0.0000,0.0000,0.0000,0.0000,0.0000,0.0000,0.0000,0.0476,0.0476,-0.2516,-0.2516,0.0000
1791000660.9350,0.0200,0.1297,0.0000,0.0000,0.0000,0.0000,0.0000,0.0000,0.0000,0.0000,0.0000,0.0000,0.0476,0.0476,-0.2516,-0.2516,0.0000
1791000660.9550,0.0200,0.0622,0.0000,0.0000,0.0000,0.0000,0.0000,0.0000,0.0000,0.0000,0.0000,0.0000,0.0476,0.0476,-0.2516,-0.2516,0.0000
1791000660.9751,0.0200,0.1763,0.0000,0.0000,0.0000,0.0000,0.0000,0.0000,0.0000,0.0000,0.0000,0.0000,0.0476,0.0476,-0.2516,-0.2516,0.0000
1791000660.9950,0.0200,0.1080,0.0000,0.0000,0.0000,0.0000,0.0000,0.0000,0.0000,0.0000,0.0000,0.0000,0.0476,0.0476,-0.2516,-0.2516,0.0000
1791000661.0150,0.0200,0.1195,0.0000,0.0000,0.0000,0.0000,0.0000,0.0000,0.0000,0.0000,0.0000,0.0000,0.0476,0.0476,-0.2516,-0.2516,0.0000
1791000661.0351,0.0200,0.1220,0.0000,0.0000,0.0000,0.0000,0.0000,0.0000,0.0000,0.0000,0.0000,0.0000,0.0476,0.0476,-0.2516,-0.2516,0.0000
1791000661.0551,0.0200,0.1256,0.0000,0.0000,0.0000,0.0000,0.0000,0.0000,0.0000,0.0000,0.0000,0.0000,0.0476,0.0476,-0.2516,-0.2516,0.0000
1791000661.0751,0.0200,0.1477,0.0000,0.0000,0.0000,0.0000,0.0000,0.0000,0.0000,0.0000,0.0000,0.0000,0.0476,0.0476,-0.2516,-0.2516,0.0000
1791000661.0951,0.0199,0.1562,0.0000,0.0000,0.0000,0.0000,0.0000,0.0000,-0.0015,0.0000,0.0000,0.0000,0.0476,0.0476,-0.2516,-0.2516,0.0000
1791000661.1151,0.0200,0.2074,0.0000,0.0000,0.0000,0.0000,0.0000,0.0000,0.0015,0.0000,0.0000,0.0000,0.0476,0.0476,-0.2516,-0.2516,0.0000
1791000661.1350,0.0200,0.1209,0.0000,0.0000,0.0000,0.0000,0.0000,0.0000,0.0000,0.0000,0.0000,0.0000,0.0476,0.0476,-0.2516,-0.2516,0.0000
1791000661.1551,0.0201,0.1120,0.0000,0.0000,0.0000,0.0000,0.0000,0.0000,0.0000,0.0000,0.0000,0.0000,0.0476,0.0476,-0.2516,-0.2516,0.0000
1791000661.1751,0.0200,0.1060,0.0000,0.0000,0.0000,0.0000,0.0000,0.0000,0.0000,0.0000,0.0000,0.0000,0.0476,0.0476,-0.2516,-0.2516,0.0000
1791000661.1951,0.0200,0.0993,0.0000,0.0000,0.0000,0.0000,0.0000,0.0000,0.0000,0.0000,0.0000,0.0000,0.0476,0.0476,-0.2516,-0.2516,0.0000
1791000661.2151,0.0200,0.1003,0.0000,0.0000,0.0000,0.0000,0.0000,0.0000,0.0000,0.0000,0.0000,0.0000,0.0476,0.0476,-0.2516,-0.2516,0.0000
1791000661.2350,0.0199,0.1018,0.0000,0.0000,0.0000,0.0000,0.0000,0.0000,0.0000,0.0000,0.0000,0.0000,0.0476,0.0476,-0.2516,-0.2516,0.0000
1791000661.2552,0.0202,0.0981,0.0000,0.0000,0.0000,0.0000,0.0000,0.0000,0.0000,0.0000,0.0000,0.0000,0.0476,0.0476,-0.2516,-0.2516,0.0000
1791000661.2752,0.0200,0.1153,0.0000,0.0000,0.0000,0.0000,0.0000,0.0000,0.0000,0.0000,0.0000,0.0000,0.0476,0.0476,-0.2516,-0.2516,0.0000
1791000661.2951,0.0200,0.1491,0.0000,0.0000,0.0000,0.0000,0.0000,0.0000,0.0000,0.0000,0.0000,0.0000,0.0476,0.0476,-0.2516,-0.2516,0.0000
1791000661.3152,0.0200,0.1043,0.0000,0.0000,0.0000,0.0000,0.0000,0.0000,0.0000,0.0000,0.0000,0.0000,0.0476,0.0476,-0.2516,-0.2516,0.0000
1791000661.3351,0.0199,0.1417,0.0000,0.0000,0.0000,0.0000,0.0000,0.0000,0.0000,0.0000,0.0000,0.0000,0.0476,0.0476,-0.2516,-0.2516,0.0000
1791000661.3551,0.0201,0.1029,0.0000,0.0000,0.0000,0.0000,0.0000,0.0000,0.0000,0.0000,0.0000,0.0000,0.0476,0.0476,-0.2516,-0.2516,0.0000
1791000661.3752,0.0201,0.1112,0.0000,0.0000,0.0000,0.0000,0.0000,0.0000,0.0000,0.0000,0.0000,0.0000,0.0476,0.0506,-0.2516,-0.2516,0.0000
1791000661.3952,0.0200,0.1184,0.0000,0.0000,0.0000,0.0000,0.0000,0.0000,0.0000,0.0000,0.0000,0.0000,0.0476,0.0476,-0.2516,-0.2516,0.0000
1791000661.4151,0.0200,0.1052,0.0000,0.0000,0.0000,0.0000,0.0000,0.0000,0.0000,0.0000,0.0000,0.0000,0.0476,0.0476,-0.2516,-0.2516,0.0000
1791000661.4351,0.0200,0.1027,0.0000,0.0000,0.0000,0.0000,0.0000,0.0000,0.0000,0.0000,0.0000,0.0000,0.0476,0.0476,-0.2516,-0.2516,0.0000
1791000661.4551,0.0200,0.0991,0.0000,0.0000,0.0000,0.0000,0.0000,0.0000,0.0000,0.0000,0.0000,0.0000,0.0476,0.0476,-0.2516,-0.2516,0.0000
1791000661.4752,0.0200,0.0989,0.0000,0.0000,0.0000,0.0000,0.0000,0.0000,0.0000,0.0000,0.0000,0.0000,0.0476,0.0476,-0.2516,-0.2516,0.0000
1791000661.4952,0.0200,0.0995,0.0000,0.0000,0.0000,0.0000,0.0000,0.0000,0.0000,0.0000,0.0000,0.0000,0.0476,0.0476,-0.2516,-0.2516,0.0000
1791000661.5151,0.0199,0.0991,0.0000,0.0000,0.0000,0.0000,0.0000,0.0000,0.0000,-0.0015,0.0000,0.0000,0.0476,0.0476,-0.2516,-0.2516,0.0000
1791000661.5350,0.0199,0.1068,0.0000,0.0000,0.0000,0.0000,0.0000,0.0000,0.0000,0.0000,0.0000,0.0000,0.0476,0.0476,-0.2516,-0.2516,0.0000
1791000661.5551,0.0201,0.1057,0.0000,0.0000,0.0000,0.0000,0.0000,0.0000,0.0000,0.0015,0.0000,0.0000,0.0476,0.0476,-0.2516,-0.2516,0.0000
1791000661.5752,0.0201,0.1011,0.0000,0.0000,0.0000,0.0000,0.0000,0.0000,0.0000,0.0000,0.0000,0.0000,0.0476,0.0476,-0.2516,-0.2531,0.0000
1791000661.5952,0.0200,0.0987,0.0000,0.0000,0.0000,0.0000,0.0000,0.0000,0.0000,0.0000,0.0000,0.0000,0.0476,0.0476,-0.2516,-0.2516,0.0000
1791000661.6152,0.0200,0.0983,0.0000,0.0000,0.0000,0.0000,0.0000,0.0000,0.0000,0.0000,0.0000,0.0000,0.0476,0.0476,-0.2516,-0.2516,0.0000
1791000661.6350,0.0199,0.1011,0.0000,0.0000,0.0000,0.0000,0.0000,0.0000,0.0000,0.0000,0.0000,0.0000,0.0476,0.0476,-0.2516,-0.2516,0.0000
1791000661.6551,0.0201,0.0991,0.0000,0.0000,0.0000,0.0000,0.0000,0.0000,0.0000,0.0000,0.0000,0.0000,0.0476,0.0476,-0.2516,-0.2516,0.0000
1791000661.6751,0.0200,0.0981,0.0000,0.0000,0.0000,0.0000,0.0000,0.0000,0.0000,0.0000,0.0000,0.0000,0.0476,0.0476,-0.2516,-0.2516,0.0000
1791000661.6952,0.0200,0.0981,0.0000,0.0000,0.0000,0.0000,0.0000,0.0000,0.0000,0.0000,0.0000,0.0000,0.0476,0.0476,-0.2516,-0.2516,0.0000
1791000661.7152,0.0200,0.1055,0.0000,0.0000,0.0000,0.0000,0.0000,0.0000,0.0000,0.0000,0.0000,0.0000,0.0476,0.0476,-0.2516,-0.2516,0.0000
1791000661.7352,0.0201,0.1517,0.0000,0.0000,0.0000,0.0000,0.0000,0.0000,0.0000,0.0000,0.0000,0.0000,0.0476,0.0476,-0.2516,-0.2516,0.0000
1791000661.7551,0.0199,0.1275,0.0000,0.0000,0.0000,0.0000,0.0000,0.0000,0.0000,0.0000,0.0000,0.0000,0.0476,0.0476,-0.2516,-0.2516,0.0000
1791000661.7750,0.0199,0.1145,0.0000,0.0000,0.0000,0.0000,0.0000,0.0000,0.0000,0.0000,0.0000,0.0000,0.0476,0.0476,-0.2516,-0.2516,0.0000
1791000661.7950,0.0200,0.1397,0.0000,0.0000,0.0000,0.0000,0.0000,0.0000,0.0000,0.0000,0.0000,0.0000,0.0476,0.0476,-0.2516,-0.2516,0.0000
1791000661.8151,0.0200,0.1447,0.0000,0.0000,0.0000,0.0000,0.0000,0.0000,0.0000,0.0000,0.0000,0.0000,0.0476,0.0476,-0.2516,-0.2516,0.0000
1791000661.8351,0.0200,0.1837,0.0000,0.0000,0.0000,0.0000,0.0000,0.0000,0.0000,0.0000,0.0000,0.0000,0.0476,0.0476,-0.2516,-0.2516,0.0000
1791000661.8551,0.0200,0.1510,0.0000,0.0000,0.0000,0.0000,0.0000,0.0000,0.0000,0.0000,0.0000,0.0000,0.0476,0.0476,-0.2516,-0.2516,0.0000
1791000661.8751,0.0200,0.1942,0.0000,0.0000,0.0000,0.0000,0.0000,0.0000,0.0000,0.0000,0.0000,0.0000,0.0476,0.0476,-0.2516,-0.2516,0.0000
1791000661.8951,0.0200,0.1688,0.0000,0.0000,0.0000,0.0000,0.0000,0.0000,0.0000,0.0000,0.0000,0.0000,0.0476,0.0476,-0.2516,-0.2516,0.0000
1791000661.9150,0.0200,0.1237,0.0000,0.0000,0.0000,0.0000,0.0000,0.0000,0.0000,0.0000,0.0000,0.0000,0.0476,0.0476,-0.2516,-0.2516,0.0000
1791000661.9350,0.0200,0.1199,0.0000,0.0000,0.0000,0.0000,0.0000,0.0000,0.0000,0.0000,0.0000,0.0000,0.0476,0.0476,-0.2516,-0.2516,0.0000
1791000661.9550,0.0200,0.1268,0.0000,0.0000,0.0000,0.0000,0.0000,0.0000,0.0000,0.0000,0.0000,0.0000,0.0476,0.0476,-0.2516,-0.2516,0.0000
1791000661.9752,0.0201,0.1089,0.0000,0.0000,0.0000,0.0000,0.0000,0.0000,0.0000,0.0000,0.0000,0.0000,0.0476,0.0476,-0.2516,-0.2516,0.0000
1791000661.9950,0.0199,0.1117,0.0000,0.0000,0.0000,0.0000,0.0000,0.0000,0.0000,0.0000,0.0000,0.0000,0.0476,0.0476,-0.2516,-0.2516,0.0000
1791000662.0151,0.0201,0.1036,0.0000,0.0000,0.0000,0.0000,0.0000,0.0000,0.0000,0.0000,0.0000,0.0000,0.0476,0.0476,-0.2516,-0.2516,0.0000
1791000662.0351,0.0200,0.1012,0.0000,0.0000,0.0000,0.0000,0.0000,0.0000,0.0000,0.0000,0.0000,0.0000,0.0476,0.0476,-0.2516,-0.2516,0.0000
1791000662.0551,0.0200,0.1134,0.0000,0.0000,0.0000,0.0000,0.0000,0.0000,0.0000,0.0000,0.0000,0.0000,0.0476,0.0476,-0.2516,-0.2516,0.0000
1791000662.0751,0.0200,0.1015,0.0000,0.0000,0.0000,0.0000,0.0000,0.0000,0.0000,-0.0015,0.0000,0.0000,0.0476,0.0476,-0.2516,-0.2516,0.0000
1791000662.0952,0.0200,0.0996,0.0000,0.0000,0.0000,0.0000,0.0000,0.0000,0.0000,0.0015,0.0000,0.0000,0.0476,0.0476,-0.2516,-0.2516,0.0000
1791000662.1152,0.0200,0.1050,0.0000,0.0000,0.0000,0.0000,0.0000,0.0000,0.0000,0.0000,0.0000,0.0000,0.0476,0.0476,-0.2516,-0.2516,0.0000
1791000662.1350,0.0198,0.1004,0.0000,0.0000,0.0000,0.0000,0.0000,0.0000,0.0000,0.0000,0.0000,0.0000,0.0476,0.0476,-0.2516,-0.2516,0.0000
1791000662.1551,0.0201,0.1013,0.0000,0.0000,0.0000,0.0000,0.0000,0.0000,0.0000,0.0000,0.0000,0.0000,0.0476,0.0476,-0.2516,-0.2516,0.0000
1791000662.1751,0.0200,0.1053,0.0000,0.0000,0.0000,0.0000,0.0000,0.0000,0.0000,-0.0015,0.0000,0.0000,0.0476,0.0476,-0.2516,-0.2516,0.0000
1791000662.1952,0.0201,0.0996,0.0000,0.0000,0.0000,0.0000,0.0000,0.0000,0.0000,0.0015,0.0000,0.0000,0.0476,0.0476,-0.2516,-0.2516,0.0000
1791000662.2152,0.0200,0.0993,0.0000,0.0000,0.0000,0.0000,0.0000,0.0000,0.0000,0.0000,0.0000,0.0000,0.0476,0.0476,-0.2516,-0.2516,0.0000
1791000662.2352,0.0200,0.0985,0.0000,0.0000,0.0000,0.0000,0.0000,0.0000,0.0000,0.0000,0.0000,0.0000,0.0476,0.0476,-0.2516,-0.2516,0.0000
1791000662.2550,0.0199,0.1020,0.0000,0.0000,0.0000,0.0000,0.0000,0.0000,0.0000,0.0000,0.0000,0.0000,0.0476,0.0476,-0.2516,-0.2516,0.0000
1791000662.2750,0.0200,0.1064,0.0000,0.0000,0.0000,0.0000,0.0000,0.0000,0.0000,-0.0015,0.0000,0.0000,0.0476,0.0476,-0.2516,-0.2516,0.0000
1791000662.2950,0.0200,0.1292,0.0000,0.0000,0.0000,0.0000,0.0000,0.0000,0.0000,0.0015,0.0000,0.0000,0.0476,0.0476,-0.2516,-0.2516,0.0000
1791000662.3150,0.0200,0.1487,0.0000,0.0000,0.0000,0.0000,0.0000,0.0000,0.0000,0.0000,0.0000,0.0000,0.0476,0.0476,-0.2516,-0.2516,0.0000
1791000662.3350,0.0200,0.1280,0.0000,0.0000,0.0000,0.0000,0.0000,0.0000,0.0000,0.0000,0.0000,0.0000,0.0476,0.0476,-0.2516,-0.2516,0.0000
1791000662.3550,0.0200,0.1110,0.0000,0.0000,0.0000,0.0000,0.0000,0.0000,0.0000,0.0000,0.0000,0.0000,0.0476,0.0506,-0.2516,-0.2516,0.0000
1791000662.3751,0.0201,0.1146,0.0000,0.0000,0.0000,0.0000,0.0000,0.0000,0.0000,0.0000,0.0000,0.0000,0.0476,0.0476,-0.2516,-0.2516,0.0000
1791000662.3951,0.0200,0.1064,0.0000,0.0000,0.0000,0.0000,0.0000,0.0000,0.0000,0.0000,0.0000,0.0000,0.0476,0.0476,-0.2516,-0.2516,0.0000
1791000662.4152,0.0200,0.0991,0.0000,0.0000,0.0000,0.0000,0.0000,0.0000,0.0000,-0.0015,0.0000,0.0000,0.0476,0.0476,-0.2516,-0.2516,0.0000
1791000662.4351,0.0200,0.0976,0.0000,0.0000,0.0000,0.0000,0.0000,0.0000,0.0000,0.0015,0.0000,0.0000,0.0476,0.0476,-0.2516,-0.2516,0.0000
1791000662.4551,0.0200,0.1035,0.0000,0.0000,0.0000,0.0000,0.0000,0.0000,0.0000,0.0000,0.0000,0.0000,0.0476,0.0476,-0.2516,-0.2516,0.0000
1791000662.4750,0.0199,0.1051,0.0000,0.0000,0.0000,0.0000,0.0000,0.0000,0.0000,0.0000,0.0000,0.0000,0.0476,0.0476,-0.2516,-0.2516,0.0000
1791000662.4952,0.0201,0.1280,0.0000,0.0000,0.0000,0.0000,0.0000,0.0000,0.0000,0.0000,0.0000,0.0000,0.0476,0.0476,-0.2516,-0.2516,0.0000
1791000662.5151,0.0199,0.1179,0.0000,0.0000,0.0000,0.0000,0.0000,0.0000,0.0000,0.0000,0.0000,0.0000,0.0476,0.0476,-0.2516,-0.2516,0.0000
1791000662.5352,0.0201,0.1103,0.0000,0.0000,0.0000,0.0000,0.0000,0.0000,0.0000,0.0000,0.0000,0.0000,0.0476,0.0476,-0.2516,-0.2516,0.0000
1791000662.5552,0.0200,0.1087,0.0000,0.0000,0.0000,0.0000,0.0000,0.0000,0.0000,0.0000,0.0000,0.0000,0.0476,0.0476,-0.2516,-0.2516,0.0000
1791000662.5751,0.0199,0.1650,0.0000,0.0000,0.0000,0.0000,0.0000,0.0000,0.0000,0.0000,0.0000,0.0000,0.0476,0.0476,-0.2516,-0.2516,0.0000
1791000662.5951,0.0200,0.1305,0.0000,0.0000,0.0000,0.0000,0.0000,0.0000,0.0000,0.0000,0.0000,0.0000,0.0476,0.0476,-0.2516,-0.2516,0.0000
1791000662.6150,0.0200,0.1081,0.0000,0.0000,0.0000,0.0000,0.0000,0.0000,0.0000,-0.0015,0.0000,0.0000,0.0476,0.0476,-0.2516,-0.2516,0.0000
1791000662.6350,0.0200,0.1018,0.0000,0.0000,0.0000,0.0000,0.0000,0.0000,0.0000,0.0015,0.0000,0.0000,0.0476,0.0476,-0.2516,-0.2516,0.0000
1791000662.6551,0.0201,0.1040,0.0000,0.0000,0.0000,0.0000,0.0000,0.0000,0.0000,0.0000,0.0000,0.0000,0.0476,0.0476,-0.2516,-0.2516,0.0000
1791000662.6750,0.0199,0.1065,0.0000,0.0000,0.0000,0.0000,0.0000,0.0000,0.0000,0.0000,0.0000,0.0000,0.0476,0.0476,-0.2516,-0.2516,0.0000
1791000662.6950,0.0200,0.1069,0.0000,0.0000,0.0000,0.0000,0.0000,0.0000,0.0000,0.0000,0.0000,0.0000,0.0476,0.0476,-0.2516,-0.2516,0.0000
1791000662.7150,0.0200,0.1111,0.0000,0.0000,0.0000,0.0000,0.0000,0.0000,0.0000,0.0000,0.0000,0.0000,0.0476,0.0476,-0.2516,-0.2516,0.0000
1791000662.7350,0.0200,0.0999,0.0000,0.0000,0.0000,0.0000,0.0000,0.0000,0.0000,0.0000,0.0000,0.0000,0.0476,0.0476,-0.2516,-0.2516,0.0000
1791000662.7550,0.0200,0.1032,0.0000,0.0000,0.0000,0.0000,0.0000,0.0000,0.0000,-0.0015,0.0000,0.0000,0.0476,0.0476,-0.2516,-0.2516,0.0000
1791000662.7751,0.0201,0.1067,0.0000,0.0000,0.0000,0.0000,0.0000,0.0000,0.0000,0.0015,0.0000,0.0000,0.0476,0.0476,-0.2516,-0.2516,0.0000
1791000662.7951,0.0200,0.1111,0.0000,0.0000,0.0000,0.0000,0.0000,0.0000,0.0000,0.0000,0.0000,0.0000,0.0476,0.0476,-0.2516,-0.2516,0.0000
1791000662.8151,0.0200,0.0994,0.0000,0.0000,0.0000,0.0000,0.0000,0.0000,0.0000,0.0000,0.0000,0.0000,0.0476,0.0476,-0.2516,-0.2516,0.0000
1791000662.8351,0.0200,0.1022,0.0000,0.0000,0.0000,0.0000,0.0000,0.0000,0.0000,0.0000,0.0000,0.0000,0.0476,0.0476,-0.2516,-0.2516,0.0000
1791000662.8551,0.0200,0.0983,0.0000,0.0000,0.0000,0.0000,0.0000,0.0000,0.0000,0.0000,0.0000,0.0000,0.0476,0.0476,-0.2516,-0.2516,0.0000
1791000662.8752,0.0200,0.0975,0.0000,0.0000,0.0000,0.0000,0.0000,0.0000,0.0000,0.0000,0.0000,0.0000,0.0476,0.0476,-0.2516,-0.2516,0.0000
1791000662.8952,0.0200,0.0992,0.0000,0.0000,0.0000,0.0000,0.0000,0.0000,0.0000,-0.0015,0.0000,0.0000,0.0476,0.0476,-0.2516,-0.2516,0.0000
1791000662.9151,0.0200,0.1021,0.0000,0.0000,0.0000,0.0000,0.0000,0.0000,0.0000,0.0015,0.0000,0.0000,0.0476,0.0476,-0.2516,-0.2516,0.0000
1791000662.9351,0.0200,0.0985,0.0000,0.0000,0.0000,0.0000,0.0000,0.0000,0.0000,0.0000,0.0000,0.0000,0.0476,0.0476,-0.2516,-0.2516,0.0000
1791000662.9551,0.0200,0.1025,0.0000,0.0000,0.0000,0.0000,0.0000,0.0000,0.0000,0.0000,0.0000,0.0000,0.0476,0.0476,-0.2516,-0.2516,0.0000
1791000662.9751,0.0200,0.1002,0.0000,0.0000,0.0000,0.0000,0.0000,0.0000,0.0000,-0.0015,0.0000,0.0000,0.0476,0.0476,-0.2516,-0.2516,0.0000
1791000662.9951,0.0200,0.1075,0.0000,0.0000,0.0000,0.0000,0.0000,0.0000,0.0000,0.0015,0.0000,0.0000,0.0476,0.0476,-0.2516,-0.2516,0.0000
1791000663.0151,0.0200,0.0997,0.0000,0.0000,0.0000,0.0000,0.0000,0.0000,0.0000,0.0000,0.0000,0.0000,0.0476,0.0476,-0.2516,-0.2516,0.0000
1791000663.0351,0.0200,0.0980,0.0000,0.0000,0.0000,0.0000,0.0000,0.0000,-0.0015,0.0000,0.0000,0.0000,0.0476,0.0476,-0.2516,-0.2516,0.0000
1791000663.0551,0.0200,0.0948,0.0000,0.0000,0.0000,0.0000,0.0000,0.0000,0.0015,0.0000,0.0000,0.0000,0.0476,0.0506,-0.2516,-0.2516,0.0000
1791000663.0752,0.0200,0.0948,0.0000,0.0000,0.0000,0.0000,0.0000,0.0000,0.0000,0.0000,0.0000,0.0000,0.0476,0.0476,-0.2516,-0.2516,0.0000
1791000663.0951,0.0200,0.0943,0.0000,0.0000,0.0000,0.0000,0.0000,0.0000,0.0000,0.0000,0.0000,0.0000,0.0476,0.0476,-0.2516,-0.2516,0.0000
1791000663.1152,0.0201,0.0949,0.0000,0.0000,0.0000,0.0000,0.0000,0.0000,0.0000,0.0000,0.0000,0.0000,0.0476,0.0476,-0.2516,-0.2516,0.0000
1791000663.1350,0.0199,0.1011,0.0000,0.0000,0.0000,0.0000,0.0000,0.0000,0.0000,-0.0015,0.0000,0.0000,0.0476,0.0476,-0.2516,-0.2516,0.0000
1791000663.1551,0.0201,0.0954,0.0000,0.0000,0.0000,0.0000,0.0000,0.0000,0.0000,0.0015,0.0000,0.0000,0.0476,0.0476,-0.2516,-0.2516,0.0000
1791000663.1751,0.0200,0.1043,0.0000,0.0000,0.0000,0.0000,0.0000,0.0000,0.0000,-0.0015,0.0000,0.0000,0.0476,0.0476,-0.2516,-0.2516,0.0000
1791000663.1951,0.0200,0.0954,0.0000,0.0000,0.0000,0.0000,0.0000,0.0000,0.0000,0.0015,0.0000,0.0000,0.0476,0.0476,-0.2516,-0.2516,0.0000
1791000663.2151,0.0200,0.1148,0.0000,0.0000,0.0000,0.0000,0.0000,0.0000,0.0000,0.0000,0.0000,0.0000,0.0476,0.0476,-0.2516,-0.2516,0.0000
1791000663.2352,0.0201,0.1100,0.0000,0.0000,0.0000,0.0000,0.0000,0.0000,0.0000,0.0000,0.0000,0.0000,0.0476,0.0476,-0.2516,-0.2516,0.0000
1791000663.2550,0.0198,0.1048,0.0000,0.0000,0.0000,0.0000,0.0000,0.0000,0.0000,0.0000,0.0000,0.0000,0.0476,0.0476,-0.2516,-0.2516,0.0000
1791000663.2751,0.0201,0.1063,0.0000,0.0000,0.0000,0.0000,0.0000,0.0000,0.0000,0.0000,0.0000,0.0000,0.0476,0.0476,-0.2516,-0.2516,0.0000
1791000663.2951,0.0200,0.1080,0.0000,0.0000,0.0000,0.0000,0.0000,0.0000,0.0000,0.0000,0.0000,0.0000,0.0476,0.0476,-0.2516,-0.2516,0.0000
1791000663.3150,0.0199,0.1073,0.0000,0.0000,0.0000,0.0000,0.0000,0.0000,0.0000,-0.0015,0.0000,0.0000,0.0476,0.0476,-0.2516,-0.2516,0.0000
1791000663.3350,0.0200,0.1139,0.0000,0.0000,0.0000,0.0000,0.0000,0.0000,0.0000,0.0015,0.0000,0.0000,0.0476,0.0476,-0.2516,-0.2516,0.0000
1791000663.3551,0.0201,0.1076,0.0000,0.0000,0.0000,0.0000,0.0000,0.0000,0.0000,0.0000,0.0000,0.0000,0.0476,0.0476,-0.2516,-0.2516,0.0000
1791000663.3752,0.0200,0.1273,0.0000,0.0000,0.0000,0.0000,0.0000,0.0000,0.0000,0.0000,0.0000,0.0000,0.0476,0.0476,-0.2516,-0.2516,0.0000
1791000663.3952,0.0200,0.1012,0.0000,0.0000,0.0000,0.0000,0.0000,0.0000,0.0000,0.0000,0.0000,0.0000,0.0476,0.0476,-0.2516,-0.2516,0.0000
1791000663.4150,0.0199,0.1092,0.0000,0.0000,0.0000,0.0000,0.0000,0.0000,0.0000,-0.0015,0.0000,0.0000,0.0476,0.0476,-0.2516,-0.2516,0.0000
1791000663.4350,0.0200,0.0999,0.0000,0.0000,0.0000,0.0000,0.0000,0.0000,0.0000,0.0015,0.0000,0.0000,0.0476,0.0476,-0.2516,-0.2516,0.0000
1791000663.4551,0.0201,0.1062,0.0000,0.0000,0.0000,0.0000,0.0000,0.0000,0.0000,-0.0015,0.0000,0.0000,0.0476,0.0506,-0.2516,-0.2516,0.0000
1791000663.4751,0.0200,0.0987,0.0000,0.0000,0.0000,0.0000,0.0000,0.0000,0.0000,0.0015,0.0000,0.0000,0.0476,0.0476,-0.2516,-0.2516,0.0000
1791000663.4952,0.0201,0.0998,0.0000,0.0000,0.0000,0.0000,0.0000,0.0000,0.0000,0.0000,0.0000,0.0000,0.0476,0.0476,-0.2516,-0.2516,0.0000
1791000663.5152,0.0200,0.1004,0.0000,0.0000,0.0000,0.0000,0.0000,0.0000,0.0000,-0.0015,0.0000,0.0000,0.0476,0.0476,-0.2516,-0.2516,0.0000
1791000663.5351,0.0199,0.0999,0.0000,0.0000,0.0000,0.0000,0.0000,0.0000,0.0000,0.0015,0.0000,0.0000,0.0476,0.0476,-0.2516,-0.2516,0.0000
1791000663.5552,0.0201,0.1002,0.0000,0.0000,0.0000,0.0000,0.0000,0.0000,0.0000,0.0000,0.0000,0.0000,0.0476,0.0476,-0.2516,-0.2516,0.0000
1791000663.5752,0.0200,0.1021,0.0000,0.0000,0.0000,0.0000,0.0000,0.0000,0.0000,0.0000,0.0000,0.0000,0.0476,0.0476,-0.2516,-0.2516,0.0000
1791000663.5952,0.0200,0.0983,0.0000,0.0000,0.0000,0.0000,0.0000,0.0000,0.0000,0.0000,0.0000,0.0000,0.0476,0.0476,-0.2516,-0.2516,0.0000
1791000663.6150,0.0199,0.1011,0.0000,0.0000,0.0000,0.0000,0.0000,0.0000,0.0000,0.0000,0.0000,0.0000,0.0476,0.0476,-0.2516,-0.2516,0.0000
1791000663.6350,0.0200,0.1006,0.0000,0.0000,0.0000,0.0000,0.0000,0.0000,0.0000,0.0000,0.0000,0.0000,0.0476,0.0476,-0.2516,-0.2516,0.0000
1791000663.6551,0.0201,0.1027,0.0000,0.0000,0.0000,0.0000,0.0000,0.0000,0.0000,0.0000,0.0000,0.0000,0.0476,0.0476,-0.2516,-0.2516,0.0000
1791000663.6751,0.0200,0.0990,0.0000,0.0000,0.0000,0.0000,0.0000,0.0000,0.0000,0.0000,0.0000,0.0000,0.0476,0.0476,-0.2516,-0.2516,0.0000
1791000663.6952,0.0200,0.0985,0.0000,0.0000,0.0000,0.0000,0.0000,0.0000,0.0000,-0.0015,0.0000,0.0000,0.0476,0.0476,-0.2516,-0.2516,0.0000
1791000663.7150,0.0199,0.0997,0.0000,0.0000,0.0000,0.0000,0.0000,0.0000,0.0000,0.0015,0.0000,0.0000,0.0476,0.0476,-0.2516,-0.2516,0.0000
1791000663.7352,0.0201,0.1049,0.0000,0.0000,0.0000,0.0000,0.0000,0.0000,0.0000,0.0000,0.0000,0.0000,0.0476,0.0476,-0.2516,-0.2516,0.0000
1791000663.7552,0.0200,0.0991,0.0000,0.0000,0.0000,0.0000,0.0000,0.0000,0.0000,0.0000,0.0000,0.0000,0.0476,0.0476,-0.2516,-0.2516,0.0000
1791000663.7752,0.0200,0.1016,0.0000,0.0000,0.0000,0.0000,0.0000,0.0000,0.0000,0.0000,0.0000,0.0000,0.0476,0.0476,-0.2516,-0.2516,0.0000
1791000663.7952,0.0200,0.0981,0.0000,0.0000,0.0000,0.0000,0.0000,0.0000,0.0000,0.0000,0.0000,0.0000,0.0476,0.0476,-0.2516,-0.2516,0.0000
1791000663.8150,0.0198,0.0986,0.0000,0.0000,0.0000,0.0000,0.0000,0.0000,0.0000,0.0000,0.0000,0.0000,0.0476,0.0476,-0.2516,-0.2516,0.0000
1791000663.8350,0.0200,0.1052,0.0000,0.0000,0.0000,0.0000,0.0000,0.0000,0.0000,0.0000,0.0000,0.0000,0.0476,0.0476,-0.2516,-0.2516,0.0000
1791000663.8552,0.0201,0.0986,0.0000,0.0000,0.0000,0.0000,0.0000,0.0000,0.0000,0.0000,0.0000,0.0000,0.0476,0.0506,-0.2516,-0.2516,0.0000
1791000663.8750,0.0199,0.1124,0.0000,0.0000,0.0000,0.0000,0.0000,0.0000,0.0000,0.0000,0.0000,0.0000,0.0476,0.0476,-0.2516,-0.2516,0.0000
1791000663.8950,0.0200,0.1048,0.0000,0.0000,0.0000,0.0000,0.0000,0.0000,0.0000,0.0000,0.0000,0.0000,0.0476,0.0476,-0.2516,-0.2516,0.0000
1791000663.9150,0.0200,0.1174,0.0000,0.0000,0.0000,0.0000,0.0000,0.0000,0.0000,0.0000,0.0000,0.0000,0.0476,0.0476,-0.2516,-0.2516,0.0000
1791000663.9350,0.0200,0.1115,0.0000,0.0000,0.0000,0.0000,0.0000,0.0000,0.0000,0.0000,0.0000,0.0000,0.0476,0.0476,-0.2516,-0.2516,0.0000
1791000663.9551,0.0201,0.1062,0.0000,0.0000,0.0000,0.0000,0.0000,0.0000,0.0000,0.0000,0.0000,0.0000,0.0476,0.0476,-0.2516,-0.2516,0.0000
1791000663.9750,0.0199,0.1082,0.0000,0.0000,0.0000,0.0000,0.0000,0.0000,0.0000,0.0000,0.0000,0.0000,0.0476,0.0476,-0.2516,-0.2516,0.0000
1791000663.9951,0.0201,0.1121,0.0000,0.0000,0.0000,0.0000,0.0000,0.0000,0.0000,0.0000,0.0000,0.0000,0.0476,0.0476,-0.2516,-0.2516,0.0000
1791000664.0151,0.0200,0.1093,0.0000,0.0000,0.0000,0.0000,0.0000,0.0000,0.0000,0.0000,0.0000,0.0000,0.0476,0.0476,-0.2516,-0.2516,0.0000
1791000664.0350,0.0199,0.1308,0.0000,0.0000,0.0000,0.0000,0.0000,0.0000,0.0000,0.0000,0.0000,0.0000,0.0476,0.0476,-0.2516,-0.2516,0.0000
1791000664.0550,0.0200,0.1140,0.0000,0.0000,0.0000,0.0000,0.0000,0.0000,0.0000,0.0000,0.0000,0.0000,0.0476,0.0476,-0.2516,-0.2516,0.0000
1791000664.0751,0.0201,0.1092,0.0000,0.0000,0.0000,0.0000,0.0000,0.0000,0.0000,0.0000,0.0000,0.0000,0.0476,0.0476,-0.2516,-0.2516,0.0000
1791000664.0951,0.0200,0.1288,0.0000,0.0000,0.0000,0.0000,0.0000,0.0000,0.0000,0.0000,0.0000,0.0000,0.0476,0.0476,-0.2516,-0.2516,0.0000
1791000664.1151,0.0200,0.1441,0.0000,0.0000,0.0000,0.0000,0.0000,0.0000,0.0000,0.0000,0.0000,0.0000,0.0476,0.0476,-0.2516,-0.2516,0.0000
1791000664.1350,0.0199,0.1060,0.0000,0.0000,0.0000,0.0000,0.0000,0.0000,0.0000,0.0000,0.0000,0.0000,0.0476,0.0476,-0.2516,-0.2516,0.0000
1791000664.1551,0.0201,0.1035,0.0000,0.0000,0.0000,0.0000,0.0000,0.0000,0.0000,0.0000,0.0000,0.0000,0.0476,0.0476,-0.2516,-0.2516,0.0000
1791000664.1750,0.0199,0.1069,0.0000,0.0000,0.0000,0.0000,0.0000,0.0000,0.0000,-0.0015,0.0000,0.0000,0.0476,0.0506,-0.2516,-0.2516,0.0000
1791000664.1951,0.0201,0.0999,0.0000,0.0000,0.0000,0.0000,0.0000,0.0000,0.0000,0.0015,0.0000,0.0000,0.0476,0.0476,-0.2516,-0.2516,0.0000
1791000664.2151,0.0200,0.0969,0.0000,0.0000,0.0000,0.0000,0.0000,0.0000,0.0000,0.0000,0.0000,0.0000,0.0476,0.0476,-0.2516,-0.2516,0.0000
1791000664.2351,0.0200,0.1075,0.0000,0.0000,0.0000,0.0000,0.0000,0.0000,0.0000,0.0000,0.0000,0.0000,0.0476,0.0476,-0.2516,-0.2516,0.0000
1791000664.2551,0.0200,0.1166,0.0000,0.0000,0.0000,0.0000,0.0000,0.0000,0.0000,0.0000,0.0000,0.0000,0.0476,0.0476,-0.2516,-0.2516,0.0000
1791000664.2752,0.0200,0.1073,0.0000,0.0000,0.0000,0.0000,0.0000,0.0000,0.0000,-0.0015,0.0000,0.0000,0.0476,0.0476,-0.2516,-0.2516,0.0000
1791000664.2950,0.0199,0.1075,0.0000,0.0000,0.0000,0.0000,0.0000,0.0000,0.0000,0.0015,0.0000,0.0000,0.0476,0.0476,-0.2516,-0.2516,0.0000
1791000664.3150,0.0200,0.1073,0.0000,0.0000,0.0000,0.0000,0.0000,0.0000,0.0000,0.0000,0.0000,0.0000,0.0476,0.0476,-0.2516,-0.2516,0.0000
1791000664.3351,0.0201,0.1052,0.0000,0.0000,0.0000,0.0000,0.0000,0.0000,0.0000,0.0000,0.0000,0.0000,0.0476,0.0476,-0.2516,-0.2516,0.0000
1791000664.3551,0.0200,0.0990,0.0000,0.0000,0.0000,0.0000,0.0000,0.0000,0.0000,0.0000,0.0000,0.0000,0.0476,0.0476,-0.2516,-0.2516,0.0000
1791000664.3751,0.0200,0.1024,0.0000,0.0000,0.0000,0.0000,0.0000,0.0000,0.0000,0.0000,0.0000,0.0000,0.0476,0.0506,-0.2516,-0.2516,0.0000
1791000664.3951,0.0200,0.0992,0.0000,0.0000,0.0000,0.0000,0.0000,0.0000,0.0000,0.0000,0.0000,0.0000,0.0476,0.0476,-0.2516,-0.2516,0.0000
1791000664.4152,0.0200,0.0973,0.0000,0.0000,0.0000,0.0000,0.0000,0.0000,0.0000,0.0000,0.0000,0.0000,0.0476,0.0476,-0.2516,-0.2516,0.0000
1791000664.4352,0.0200,0.0984,0.0000,0.0000,0.0000,0.0000,0.0000,0.0000,0.0000,0.0000,0.0000,0.0000,0.0476,0.0476,-0.2516,-0.2516,0.0000
1791000664.4551,0.0199,0.1237,0.0000,0.0000,0.0000,0.0000,0.0000,0.0000,0.0000,0.0000,0.0000,0.0000,0.0476,0.0476,-0.2516,-0.2516,0.0000
1791000664.4751,0.0200,0.1000,0.0000,0.0000,0.0000,0.0000,0.0000,0.0000,0.0000,0.0000,0.0000,0.0000,0.0476,0.0476,-0.2516,-0.2516,0.0000
1791000664.4951,0.0200,0.0987,0.0000,0.0000,0.0000,0.0000,0.0000,0.0000,0.0000,0.0000,0.0000,0.0000,0.0476,0.0476,-0.2516,-0.2516,0.0000
1791000664.5152,0.0201,0.0993,0.0000,0.0000,0.0000,0.0000,0.0000,0.0000,0.0000,-0.0015,0.0000,0.0000,0.0476,0.0476,-0.2516,-0.2516,0.0000
1791000664.5351,0.0199,0.1002,0.0000,0.0000,0.0000,0.0000,0.0000,0.0000,0.0000,0.0015,0.0000,0.0000,0.0476,0.0476,-0.2516,-0.2516,0.0000
1791000664.5552,0.0201,0.0991,0.0000,0.0000,0.0000,0.0000,0.0000,0.0000,0.0000,0.0000,0.0000,0.0000,0.0476,0.0476,-0.2516,-0.2516,0.0000
1791000664.5751,0.0199,0.1017,0.0000,0.0000,0.0000,0.0000,0.0000,0.0000,0.0000,0.0000,0.0000,0.0000,0.0476,0.0476,-0.2516,-0.2516,0.0000
1791000664.5952,0.0201,0.0979,0.0000,0.0000,0.0000,0.0000,0.0000,0.0000,0.0000,0.0000,0.0000,0.0000,0.0476,0.0476,-0.2516,-0.2516,0.0000
1791000664.6152,0.0200,0.0987,0.0000,0.0000,0.0000,0.0000,0.0000,0.0000,0.0000,-0.0015,0.0000,0.0000,0.0476,0.0506,-0.2516,-0.2516,0.0000
1791000664.6351,0.0199,0.0985,0.0000,0.0000,0.0000,0.0000,0.0000,0.0000,0.0000,0.0015,0.0000,0.0000,0.0476,0.0476,-0.2516,-0.2516,0.0000
1791000664.6551,0.0200,0.0979,0.0000,0.0000,0.0000,0.0000,0.0000,0.0000,0.0000,-0.0015,0.0000,0.0000,0.0476,0.0476,-0.2516,-0.2516,0.0000
1791000664.6751,0.0200,0.0960,0.0000,0.0000,0.0000,0.0000,0.0000,0.0000,0.0000,0.0015,0.0000,0.0000,0.0476,0.0476,-0.2516,-0.2516,0.0000
1791000664.6951,0.0200,0.0999,0.0000,0.0000,0.0000,0.0000,0.0000,0.0000,0.0000,0.0000,0.0000,0.0000,0.0476,0.0476,-0.2516,-0.2516,0.0000
1791000664.7151,0.0200,0.1049,0.0000,0.0000,0.0000,0.0000,0.0000,0.0000,0.0000,0.0000,0.0000,0.0000,0.0476,0.0476,-0.2516,-0.2516,0.0000
1791000664.7351,0.0200,0.0967,0.0000,0.0000,0.0000,0.0000,0.0000,0.0000,0.0000,-0.0015,0.0000,0.0000,0.0476,0.0476,-0.2516,-0.2516,0.0000
1791000664.7552,0.0200,0.1138,0.0000,0.0000,0.0000,0.0000,0.0000,0.0000,0.0000,0.0015,0.0000,0.0000,0.0476,0.0476,-0.2516,-0.2516,0.0000
1791000664.7750,0.0199,0.1149,0.0000,0.0000,0.0000,0.0000,0.0000,0.0000,0.0000,0.0000,0.0000,0.0000,0.0476,0.0476,-0.2516,-0.2516,0.0000
1791000664.7950,0.0200,0.1039,0.0000,0.0000,0.0000,0.0000,0.0000,0.0000,0.0000,0.0000,0.0000,0.0000,0.0476,0.0476,-0.2516,-0.2516,0.0000
1791000664.8151,0.0201,0.1146,0.0000,0.0000,0.0000,0.0000,0.0000,0.0000,0.0000,0.0000,0.0000,0.0000,0.0476,0.0476,-0.2516,-0.2516,0.0000
1791000664.8350,0.0199,0.1106,0.0000,0.0000,0.0000,0.0000,0.0000,0.0000,0.0000,0.0000,0.0000,0.0000,0.0476,0.0476,-0.2516,-0.2516,0.0000
1791000664.8550,0.0200,0.1344,0.0000,0.0000,0.0000,0.0000,0.0000,0.0000,0.0000,0.0000,0.0000,0.0000,0.0476,0.0476,-0.2516,-0.2516,0.0000
1791000664.8750,0.0200,0.1301,0.0000,0.0000,0.0000,0.0000,0.0000,0.0000,0.0000,0.0000,0.0000,0.0000,0.0476,0.0476,-0.2516,-0.2516,0.0000
1791000664.8951,0.0200,0.1568,0.0000,0.0000,0.0000,0.0000,0.0000,0.0000,0.0000,0.0000,0.0000,0.0000,0.0476,0.0476,-0.2516,-0.2516,0.0000
1791000664.9151,0.0200,0.1884,0.0000,0.0000,0.0000,0.0000,0.0000,0.0000,0.0000,0.0000,0.0000,0.0000,0.0476,0.0476,-0.2516,-0.2516,0.0000
1791000664.9351,0.0200,0.1568,0.0000,0.0000,0.0000,0.0000,0.0000,0.0000,0.0000,0.0000,0.0000,0.0000,0.0476,0.0476,-0.2516,-0.2516,0.0000
1791000664.9551,0.0200,0.1331,0.0000,0.0000,0.0000,0.0000,0.0000,0.0000,0.0000,-0.0015,0.0000,0.0000,0.0476,0.0476,-0.2516,-0.2516,0.0000
1791000664.9750,0.0200,0.1259,0.0000,0.0000,0.0000,0.0000,0.0000,0.0000,0.0000,0.0015,0.0000,0.0000,0.0476,0.0506,-0.2516,-0.2516,0.0000
1791000664.9950,0.0200,0.1129,0.0000,0.0000,0.0000,0.0000,0.0000,0.0000,0.0000,0.0000,0.0000,0.0000,0.0476,0.0476,-0.2516,-0.2516,0.0000
1791000665.0150,0.0200,0.1136,0.0000,0.0000,0.0000,0.0000,0.0000,0.0000,0.0000,0.0000,0.0000,0.0000,0.0476,0.0476,-0.2516,-0.2516,0.0000
1791000665.0350,0.0200,0.1191,0.0000,0.0000,0.0000,0.0000,0.0000,0.0000,0.0000,0.0000,0.0000,0.0000,0.0476,0.0476,-0.2516,-0.2516,0.0000
1791000665.0550,0.0200,0.0804,0.0000,0.0000,0.0000,0.0000,0.0000,0.0000,0.0000,0.0000,0.0000,0.0000,0.0476,0.0476,-0.2516,-0.2516,0.0000
1791000665.0751,0.0200,0.1637,0.0000,0.0000,0.0000,0.0000,0.0000,0.0000,0.0000,0.0000,0.0000,0.0000,0.0476,0.0476,-0.2516,-0.2516,0.0000
1791000665.0951,0.0200,0.1422,0.0000,0.0000,0.0000,0.0000,0.0000,0.0000,0.0000,0.0000,0.0000,0.0000,0.0476,0.0476,-0.2516,-0.2516,0.0000
1791000665.1151,0.0200,0.1605,0.0000,0.0000,0.0000,0.0000,0.0000,0.0000,0.0000,0.0000,0.0000,0.0000,0.0476,0.0476,-0.2516,-0.2516,0.0000
1791000665.1350,0.0200,0.1339,0.0000,0.0000,0.0000,0.0000,0.0000,0.0000,0.0000,0.0000,0.0000,0.0000,0.0476,0.0476,-0.2516,-0.2516,0.0000
1791000665.1551,0.0201,0.1293,0.0000,0.0000,0.0000,0.0000,0.0000,0.0000,0.0000,-0.0015,0.0000,0.0000,0.0476,0.0476,-0.2516,-0.2516,0.0000
1791000665.1750,0.0199,0.1250,0.0000,0.0000,0.0000,0.0000,0.0000,0.0000,0.0000,0.0015,0.0000,0.0000,0.0476,0.0476,-0.2516,-0.2516,0.0000
1791000665.1950,0.0200,0.1214,0.0000,0.0000,0.0000,0.0000,0.0000,0.0000,0.0000,0.0000,0.0000,0.0000,0.0476,0.0476,-0.2516,-0.2516,0.0000
1791000665.2151,0.0201,0.1331,0.0000,0.0000,0.0000,0.0000,0.0000,0.0000,0.0000,0.0000,0.0000,0.0000,0.0476,0.0476,-0.2516,-0.2516,0.0000
1791000665.2351,0.0200,0.1857,0.0000,0.0000,0.0000,0.0000,0.0000,0.0000,0.0000,0.0000,0.0000,0.0000,0.0476,0.0476,-0.2516,-0.2516,0.0000
1791000665.2552,0.0200,0.1555,0.0000,0.0000,0.0000,0.0000,0.0000,0.0000,0.0000,0.0000,0.0000,0.0000,0.0476,0.0476,-0.2516,-0.2516,0.0000
1791000665.2752,0.0200,0.1407,0.0000,0.0000,0.0000,0.0000,0.0000,0.0000,0.0000,0.0000,0.0000,0.0000,0.0476,0.0506,-0.2516,-0.2516,0.0000
1791000665.2953,0.0201,0.1398,0.0000,0.0000,0.0000,0.0000,0.0000,0.0000,0.0000,0.0000,0.0000,0.0000,0.0476,0.0476,-0.2516,-0.2516,0.0000
1791000665.3151,0.0199,0.1011,0.0000,0.0000,0.0000,0.0000,0.0000,0.0000,0.0000,0.0000,0.0000,0.0000,0.0476,0.0506,-0.2516,-0.2516,0.0000
1791000665.3352,0.0200,0.1009,0.0000,0.0000,0.0000,0.0000,0.0000,0.0000,0.0000,0.0000,0.0000,0.0000,0.0476,0.0476,-0.2516,-0.2516,0.0000
1791000665.3552,0.0200,0.1001,0.0000,0.0000,0.0000,0.0000,0.0000,0.0000,0.0000,0.0000,0.0000,0.0000,0.0476,0.0476,-0.2516,-0.2516,0.0000
1791000665.3751,0.0200,0.1011,0.0000,0.0000,0.0000,0.0000,0.0000,0.0000,0.0000,0.0000,0.0000,0.0000,0.0476,0.0476,-0.2516,-0.2516,0.0000
1791000665.3952,0.0200,0.1059,0.0000,0.0000,0.0000,0.0000,0.0000,0.0000,0.0000,0.0000,0.0000,0.0000,0.0476,0.0476,-0.2516,-0.2516,0.0000
1791000665.4151,0.0200,0.1002,0.0000,0.0000,0.0000,0.0000,0.0000,0.0000,0.0000,0.0000,0.0000,0.0000,0.0476,0.0476,-0.2516,-0.2516,0.0000
1791000665.4350,0.0199,0.1046,0.0000,0.0000,0.0000,0.0000,0.0000,0.0000,0.0000,0.0000,0.0000,0.0000,0.0476,0.0476,-0.2516,-0.2516,0.0000
1791000665.4552,0.0201,0.1080,0.0000,0.0000,0.0000,0.0000,0.0000,0.0000,0.0000,0.0000,0.0000,0.0000,0.0476,0.0476,-0.2516,-0.2516,0.0000
1791000665.4752,0.0200,0.1031,0.0000,0.0000,0.0000,0.0000,0.0000,0.0000,0.0000,0.0000,0.0000,0.0000,0.0476,0.0476,-0.2516,-0.2516,0.0000
1791000665.4951,0.0199,0.1120,0.0000,0.0000,0.0000,0.0000,0.0000,0.0000,0.0000,0.0000,0.0000,0.0000,0.0476,0.0476,-0.2516,-0.2516,0.0000
1791000665.5151,0.0200,0.1043,0.0000,0.0000,0.0000,0.0000,0.0000,0.0000,0.0000,0.0000,0.0000,0.0000,0.0476,0.0476,-0.2516,-0.2516,0.0000
1791000665.5352,0.0200,0.1059,0.0000,0.0000,0.0000,0.0000,0.0000,0.0000,0.0000,0.0000,0.0000,0.0000,0.0476,0.0476,-0.2516,-0.2516,0.0000
1791000665.5552,0.0200,0.0979,0.0000,0.0000,0.0000,0.0000,0.0000,0.0000,0.0000,0.0000,0.0000,0.0000,0.0476,0.0506,-0.2516,-0.2516,0.0000
1791000665.5751,0.0200,0.1027,0.0000,0.0000,0.0000,0.0000,0.0000,0.0000,0.0000,0.0000,0.0000,0.0000,0.0476,0.0476,-0.2516,-0.2516,0.0000
1791000665.5951,0.0200,0.0963,0.0000,0.0000,0.0000,0.0000,0.0000,0.0000,0.0000,0.0000,0.0000,0.0000,0.0476,0.0476,-0.2516,-0.2516,0.0000
1791000665.6152,0.0201,0.0966,0.0000,0.0000,0.0000,0.0000,0.0000,0.0000,0.0000,0.0000,0.0000,0.0000,0.0476,0.0476,-0.2516,-0.2516,0.0000
1791000665.6351,0.0199,0.0955,0.0000,0.0000,0.0000,0.0000,0.0000,0.0000,0.0000,0.0000,0.0000,0.0000,0.0476,0.0476,-0.2516,-0.2516,0.0000
1791000665.6551,0.0200,0.1358,0.0000,0.0000,0.0000,0.0000,0.0000,0.0000,0.0000,0.0000,0.0000,0.0000,0.0476,0.0476,-0.2516,-0.2516,0.0000
1791000665.6751,0.0200,0.1139,0.0000,0.0000,0.0000,0.0000,0.0000,0.0000,0.0000,0.0000,0.0000,0.0000,0.0476,0.0476,-0.2516,-0.2516,0.0000
1791000665.6951,0.0199,0.1643,0.0000,0.0000,0.0000,0.0000,0.0000,0.0000,0.0000,0.0000,0.0000,0.0000,0.0476,0.0476,-0.2516,-0.2516,0.0000
1791000665.7152,0.0201,0.1378,0.0000,0.0000,0.0000,0.0000,0.0000,0.0000,0.0000,0.0000,0.0000,0.0000,0.0476,0.0476,-0.2516,-0.2516,0.0000
1791000665.7351,0.0200,0.1300,0.0000,0.0000,0.0000,0.0000,0.0000,0.0000,0.0000,-0.0015,0.0000,0.0000,0.0476,0.0476,-0.2516,-0.2516,0.0000
1791000665.7552,0.0200,0.1298,0.0000,0.0000,0.0000,0.0000,0.0000,0.0000,0.0000,0.0015,0.0000,0.0000,0.0476,0.0476,-0.2516,-0.2531,0.0000
1791000665.7751,0.0200,0.1435,0.0000,0.0000,0.0000,0.0000,0.0000,0.0000,0.0000,0.0000,0.0000,0.0000,0.0476,0.0476,-0.2516,-0.2516,0.0000
1791000665.7951,0.0199,0.1496,0.0000,0.0000,0.0000,0.0000,0.0000,0.0000,0.0000,0.0000,0.0000,0.0000,0.0476,0.0476,-0.2516,-0.2516,0.0000
1791000665.8151,0.0200,0.1564,0.0000,0.0000,0.0000,0.0000,0.0000,0.0000,0.0000,0.0000,0.0000,0.0000,0.0476,0.0476,-0.2516,-0.2516,0.0000
1791000665.8351,0.0200,0.1586,0.0000,0.0000,0.0000,0.0000,0.0000,0.0000,0.0000,0.0000,0.0000,0.0000,0.0476,0.0476,-0.2516,-0.2516,0.0000
1791000665.8551,0.0201,0.1647,0.0000,0.0000,0.0000,0.0000,0.0000,0.0000,0.0000,0.0000,0.0000,0.0000,0.0476,0.0476,-0.2516,-0.2516,0.0000
1791000665.8751,0.0200,0.1064,0.0000,0.0000,0.0000,0.0000,0.0000,0.0000,0.0000,0.0000,0.0000,0.0000,0.0476,0.0476,-0.2516,-0.2516,0.0000
1791000665.8952,0.0201,0.1470,0.0000,0.0000,0.0000,0.0000,0.0000,0.0000,0.0000,-0.0015,0.0000,0.0000,0.0476,0.0476,-0.2516,-0.2516,0.0000
1791000665.9152,0.0200,0.1132,0.0000,0.0000,0.0000,0.0000,0.0000,0.0000,0.0000,0.0015,0.0000,0.0000,0.0476,0.0506,-0.2516,-0.2516,0.0000
1791000665.9350,0.0199,0.1154,0.0000,0.0000,0.0000,0.0000,0.0000,0.0000,0.0000,0.0000,0.0000,0.0000,0.0476,0.0476,-0.2516,-0.2516,0.0000
1791000665.9551,0.0201,0.1472,0.0000,0.0000,0.0000,0.0000,0.0000,0.0000,0.0000,0.0000,0.0000,0.0000,0.0476,0.0476,-0.2516,-0.2516,0.0000
1791000665.9752,0.0200,0.1343,0.0000,0.0000,0.0000,0.0000,0.0000,0.0000,0.0000,-0.0015,0.0000,0.0000,0.0476,0.0476,-0.2516,-0.2516,0.0000
1791000665.9950,0.0199,0.1192,0.0000,0.0000,0.0000,0.0000,0.0000,0.0000,0.0000,0.0000,0.0000,0.0000,0.0476,0.0476,-0.2516,-0.2516,0.0000
1791000666.0150,0.0200,0.1093,0.0000,0.0000,0.0000,0.0000,0.0000,0.0000,0.0000,0.0015,0.0000,0.0000,0.0476,0.0476,-0.2516,-0.2516,0.0000
1791000666.0350,0.0200,0.1299,0.0000,0.0000,0.0000,0.0000,0.0000,0.0000,0.0000,0.0000,0.0000,0.0000,0.0476,0.0476,-0.2516,-0.2516,0.0000
1791000666.0551,0.0201,0.1006,0.0000,0.0000,0.0000,0.0000,0.0000,0.0000,0.0000,0.0000,0.0000,0.0000,0.0476,0.0476,-0.2516,-0.2516,0.0000
1791000666.0750,0.0199,0.1064,0.0000,0.0000,0.0000,0.0000,0.0000,0.0000,0.0000,0.0000,0.0000,0.0000,0.0476,0.0476,-0.2516,-0.2516,0.0000
1791000666.0952,0.0201,0.1280,0.0000,0.0000,0.0000,0.0000,0.0000,0.0000,0.0000,0.0000,0.0000,0.0000,0.0476,0.0476,-0.2516,-0.2516,0.0000
1791000666.1152,0.0200,0.1664,0.0000,0.0000,0.0000,0.0000,0.0000,0.0000,0.0000,-0.0015,0.0000,0.0000,0.0476,0.0476,-0.2516,-0.2516,0.0000
1791000666.1351,0.0200,0.1115,0.0000,0.0000,0.0000,0.0000,0.0000,0.0000,0.0000,0.0015,0.0000,0.0000,0.0476,0.0476,-0.2516,-0.2516,0.0000
1791000666.1550,0.0199,0.1245,0.0000,0.0000,0.0000,0.0000,0.0000,0.0000,0.0000,0.0000,0.0000,0.0000,0.0476,0.0476,-0.2516,-0.2516,0.0000
1791000666.1752,0.0202,0.1788,0.0000,0.0000,0.0000,0.0000,0.0000,0.0000,0.0000,0.0000,0.0000,0.0000,0.0476,0.0476,-0.2516,-0.2516,0.0000
1791000666.1951,0.0198,0.1492,0.0000,0.0000,0.0000,0.0000,0.0000,0.0000,0.0000,0.0000,0.0000,0.0000,0.0476,0.0476,-0.2516,-0.2516,0.0000
1791000666.2151,0.0201,0.1284,0.0000,0.0000,0.0000,0.0000,0.0000,0.0000,0.0000,-0.0015,0.0000,0.0000,0.0476,0.0476,-0.2516,-0.2516,0.0000
1791000666.2352,0.0200,0.1068,0.0000,0.0000,0.0000,0.0000,0.0000,0.0000,0.0000,0.0015,0.0000,0.0000,0.0476,0.0476,-0.2516,-0.2516,0.0000
1791000666.2552,0.0200,0.1309,0.0000,0.0000,0.0000,0.0000,0.0000,0.0000,0.0000,0.0000,0.0000,0.0000,0.0476,0.0476,-0.2516,-0.2516,0.0000
1791000666.2750,0.0199,0.1153,0.0000,0.0000,0.0000,0.0000,0.0000,0.0000,0.0000,0.0000,0.0000,0.0000,0.0476,0.0476,-0.2516,-0.2516,0.0000
1791000666.2951,0.0201,0.1390,0.0000,0.0000,0.0000,0.0000,0.0000,0.0000,0.0000,0.0000,0.0000,0.0000,0.0476,0.0476,-0.2516,-0.2516,0.0000
1791000666.3151,0.0200,0.1418,0.0000,0.0000,0.0000,0.0000,0.0000,0.0000,0.0000,0.0000,0.0000,0.0000,0.0476,0.0476,-0.2516,-0.2516,0.0000
1791000666.3352,0.0200,0.1393,0.0000,0.0000,0.0000,0.0000,0.0000,0.0000,0.0000,0.0000,0.0000,0.0000,0.0476,0.0476,-0.2516,-0.2516,0.0000
1791000666.3552,0.0200,0.1472,0.0000,0.0000,0.0000,0.0000,0.0000,0.0000,0.0000,0.0000,0.0000,0.0000,0.0476,0.0476,-0.2516,-0.2516,0.0000
1791000666.3752,0.0200,0.1190,0.0000,0.0000,0.0000,0.0000,0.0000,0.0000,0.0000,-0.0015,0.0000,0.0000,0.0476,0.0476,-0.2516,-0.2516,0.0000
1791000666.3952,0.0200,0.1443,0.0000,0.0000,0.0000,0.0000,0.0000,0.0000,0.0000,0.0015,0.0000,0.0000,0.0476,0.0476,-0.2516,-0.2516,0.0000
1791000666.4151,0.0200,0.1124,0.0000,0.0000,0.0000,0.0000,0.0000,0.0000,0.0000,0.0000,0.0000,0.0000,0.0476,0.0476,-0.2516,-0.2516,0.0000
1791000666.4351,0.0200,0.1174,0.0000,0.0000,0.0000,0.0000,0.0000,0.0000,0.0000,-0.0015,0.0000,0.0000,0.0476,0.0476,-0.2516,-0.2516,0.0000
1791000666.4551,0.0200,0.1141,0.0000,0.0000,0.0000,0.0000,0.0000,0.0000,0.0000,0.0015,0.0000,0.0000,0.0476,0.0476,-0.2516,-0.2516,0.0000
1791000666.4752,0.0200,0.1240,0.0000,0.0000,0.0000,0.0000,0.0000,0.0000,0.0000,0.0000,0.0000,0.0000,0.0476,0.0476,-0.2516,-0.2516,0.0000
1791000666.4952,0.0200,0.1355,0.0000,0.0000,0.0000,0.0000,0.0000,0.0000,0.0000,-0.0015,0.0000,0.0000,0.0476,0.0476,-0.2516,-0.2516,0.0000
1791000666.5150,0.0199,0.1347,0.0000,0.0000,0.0000,0.0000,0.0000,0.0000,0.0000,0.0015,0.0000,0.0000,0.0476,0.0476,-0.2516,-0.2516,0.0000
1791000666.5350,0.0200,0.1376,0.0000,0.0000,0.0000,0.0000,0.0000,0.0000,0.0000,-0.0015,0.0000,0.0000,0.0476,0.0476,-0.2516,-0.2516,0.0000
1791000666.5551,0.0201,0.1207,0.0000,0.0000,0.0000,0.0000,0.0000,0.0000,0.0000,0.0015,0.0000,0.0000,0.0476,0.0476,-0.2516,-0.2516,0.0000
1791000666.5752,0.0200,0.1269,0.0000,0.0000,0.0000,0.0000,0.0000,0.0000,0.0000,0.0000,0.0000,0.0000,0.0476,0.0476,-0.2516,-0.2516,0.0000
1791000666.5951,0.0200,0.1349,0.0000,0.0000,0.0000,0.0000,0.0000,0.0000,0.0000,0.0000,0.0000,0.0000,0.0476,0.0476,-0.2516,-0.2516,0.0000
1791000666.6152,0.0200,0.1367,0.0000,0.0000,0.0000,0.0000,0.0000,0.0000,0.0000,0.0000,0.0000,0.0000,0.0476,0.0476,-0.2516,-0.2516,0.0000
1791000666.6352,0.0200,0.1348,0.0000,0.0000,0.0000,0.0000,0.0000,0.0000,0.0000,0.0000,0.0000,0.0000,0.0476,0.0476,-0.2516,-0.2516,0.0000
1791000666.6552,0.0200,0.1205,0.0000,0.0000,0.0000,0.0000,0.0000,0.0000,0.0000,0.0000,0.0000,0.0000,0.0476,0.0476,-0.2516,-0.2516,0.0000
1791000666.6751,0.0200,0.1191,0.0000,0.0000,0.0000,0.0000,0.0000,0.0000,0.0000,0.0000,0.0000,0.0000,0.0476,0.0476,-0.2516,-0.2516,0.0000
1791000666.6952,0.0200,0.1074,0.0000,0.0000,0.0000,0.0000,0.0000,0.0000,0.0000,0.0000,0.0000,0.0000,0.0476,0.0476,-0.2516,-0.2516,0.0000
1791000666.7151,0.0200,0.0964,0.0000,0.0000,0.0000,0.0000,0.0000,0.0000,0.0000,0.0000,0.0000,0.0000,0.0476,0.0476,-0.2516,-0.2516,0.0000
1791000666.7351,0.0200,0.0972,0.0000,0.0000,0.0000,0.0000,0.0000,0.0000,0.0000,0.0000,0.0000,0.0000,0.0476,0.0476,-0.2516,-0.2516,0.0000
1791000666.7551,0.0200,0.0998,0.0000,0.0000,0.0000,0.0000,0.0000,0.0000,0.0000,0.0000,0.0000,0.0000,0.0476,0.0476,-0.2516,-0.2516,0.0000
1791000666.7751,0.0200,0.0968,0.0000,0.0000,0.0000,0.0000,0.0000,0.0000,0.0000,0.0000,0.0000,0.0000,0.0476,0.0476,-0.2516,-0.2516,0.0000
1791000666.7951,0.0200,0.0950,0.0000,0.0000,0.0000,0.0000,0.0000,0.0000,0.0000,0.0000,0.0000,0.0000,0.0476,0.0476,-0.2516,-0.2516,0.0000
1791000666.8151,0.0200,0.0964,0.0000,0.0000,0.0000,0.0000,0.0000,0.0000,0.0000,0.0000,0.0000,0.0000,0.0476,0.0506,-0.2516,-0.2516,0.0000
1791000666.8352,0.0200,0.0954,0.0000,0.0000,0.0000,0.0000,0.0000,0.0000,0.0000,0.0000,0.0000,0.0000,0.0476,0.0476,-0.2516,-0.2516,0.0000
1791000666.8552,0.0200,0.0942,0.0000,0.0000,0.0000,0.0000,0.0000,0.0000,0.0000,0.0000,0.0000,0.0000,0.0476,0.0476,-0.2516,-0.2516,0.0000
1791000666.8752,0.0200,0.1148,0.0000,0.0000,0.0000,0.0000,0.0000,0.0000,0.0000,0.0000,0.0000,0.0000,0.0476,0.0476,-0.2516,-0.2516,0.0000
1791000666.8952,0.0200,0.0977,0.0000,0.0000,0.0000,0.0000,0.0000,0.0000,0.0000,0.0000,0.0000,0.0000,0.0476,0.0476,-0.2516,-0.2516,0.0000
1791000666.9152,0.0200,0.0946,0.0000,0.0000,0.0000,0.0000,0.0000,0.0000,0.0000,0.0000,0.0000,0.0000,0.0476,0.0476,-0.2516,-0.2516,0.0000
1791000666.9351,0.0200,0.0948,0.0000,0.0000,0.0000,0.0000,0.0000,0.0000,0.0000,-0.0015,0.0000,0.0000,0.0476,0.0476,-0.2516,-0.2516,0.0000
1791000666.9551,0.0199,0.1959,0.0000,0.0000,0.0000,0.0000,0.0000,0.0000,0.0000,0.0000,0.0000,0.0000,0.0476,0.0476,-0.2516,-0.2516,0.0000
1791000666.9751,0.0201,0.1316,0.0000,0.0000,0.0000,0.0000,0.0000,0.0000,0.0000,0.0000,0.0000,0.0000,0.0476,0.0476,-0.2516,-0.2516,0.0000
1791000666.9952,0.0200,0.1073,0.0000,0.0000,0.0000,0.0000,0.0000,0.0000,0.0000,0.0015,0.0000,0.0000,0.0476,0.0476,-0.2516,-0.2516,0.0000
1791000667.0150,0.0199,0.0981,0.0000,0.0000,0.0000,0.0000,0.0000,0.0000,0.0000,0.0000,0.0000,0.0000,0.0476,0.0476,-0.2516,-0.2516,0.0000
1791000667.0350,0.0200,0.0966,0.0000,0.0000,0.0000,0.0000,0.0000,0.0000,0.0000,0.0000,0.0000,0.0000,0.0476,0.0476,-0.2516,-0.2516,0.0000
1791000667.0550,0.0200,0.1053,0.0000,0.0000,0.0000,0.0000,0.0000,0.0000,0.0000,0.0000,0.0000,0.0000,0.0476,0.0476,-0.2516,-0.2516,0.0000
1791000667.0752,0.0201,0.1201,0.0000,0.0000,0.0000,0.0000,0.0000,0.0000,0.0000,0.0000,0.0000,0.0000,0.0476,0.0476,-0.2516,-0.2516,0.0000
1791000667.0951,0.0199,0.1501,0.0000,0.0000,0.0000,0.0000,0.0000,0.0000,0.0000,0.0000,0.0000,0.0000,0.0476,0.0476,-0.2516,-0.2516,0.0000
1791000667.1151,0.0200,0.1577,0.0000,0.0000,0.0000,0.0000,0.0000,0.0000,0.0000,0.0000,0.0000,0.0000,0.0476,0.0476,-0.2516,-0.2516,0.0000
1791000667.1352,0.0202,0.1650,0.0000,0.0000,0.0000,0.0000,0.0000,0.0000,0.0000,0.0000,0.0000,0.0000,0.0476,0.0476,-0.2516,-0.2516,0.0000
1791000667.1552,0.0200,0.1548,0.0000,0.0000,0.0000,0.0000,0.0000,0.0000,0.0000,0.0000,0.0000,0.0000,0.0476,0.0476,-0.2516,-0.2516,0.0000
1791000667.1752,0.0200,0.1913,0.0000,0.0000,0.0000,0.0000,0.0000,0.0000,0.0000,0.0000,0.0000,0.0000,0.0476,0.0476,-0.2516,-0.2516,0.0000
1791000667.1951,0.0198,0.1739,0.0000,0.0000,0.0000,0.0000,0.0000,0.0000,0.0000,-0.0015,0.0000,0.0000,0.0476,0.0476,-0.2516,-0.2516,0.0000
1791000667.2151,0.0200,0.1439,0.0000,0.0000,0.0000,0.0000,0.0000,0.0000,0.0000,0.0015,0.0000,0.0000,0.0476,0.0476,-0.2516,-0.2516,0.0000
1791000667.2351,0.0200,0.1368,0.0000,0.0000,0.0000,0.0000,0.0000,0.0000,0.0000,0.0000,0.0000,0.0000,0.0476,0.0476,-0.2516,-0.2516,0.0000
1791000667.2552,0.0201,0.1423,0.0000,0.0000,0.0000,0.0000,0.0000,0.0000,0.0000,0.0000,0.0000,0.0000,0.0476,0.0476,-0.2516,-0.2516,0.0000
1791000667.2752,0.0200,0.1641,0.0000,0.0000,0.0000,0.0000,0.0000,0.0000,0.0000,0.0000,0.0000,0.0000,0.0476,0.0476,-0.2516,-0.2516,0.0000
1791000667.2952,0.0200,0.2148,0.0000,0.0000,0.0000,0.0000,0.0000,0.0000,0.0000,0.0000,0.0000,0.0000,0.0476,0.0476,-0.2516,-0.2516,0.0000
1791000667.3151,0.0199,0.1245,0.0000,0.0000,0.0000,0.0000,0.0000,0.0000,0.0000,-0.0015,0.0000,0.0000,0.0476,0.0476,-0.2516,-0.2516,0.0000
1791000667.3351,0.0200,0.1893,0.0000,0.0000,0.0000,0.0000,0.0000,0.0000,0.0000,0.0015,0.0000,0.0000,0.0476,0.0476,-0.2516,-0.2516,0.0000
1791000667.3552,0.0201,0.1551,0.0000,0.0000,0.0000,0.0000,0.0000,0.0000,0.0000,0.0000,0.0000,0.0000,0.0476,0.0506,-0.2516,-0.2516,0.0000
1791000667.3752,0.0200,0.1397,0.0000,0.0000,0.0000,0.0000,0.0000,0.0000,0.0000,0.0000,0.0000,0.0000,0.0476,0.0476,-0.2516,-0.2516,0.0000
1791000667.3951,0.0200,0.1243,0.0000,0.0000,0.0000,0.0000,0.0000,0.0000,0.0000,-0.0015,0.0000,0.0000,0.0476,0.0476,-0.2516,-0.2516,0.0000
1791000667.4151,0.0200,0.1221,0.0000,0.0000,0.0000,0.0000,0.0000,0.0000,0.0000,0.0015,0.0000,0.0000,0.0476,0.0476,-0.2516,-0.2516,0.0000
1791000667.4352,0.0200,0.1290,0.0000,0.0000,0.0000,0.0000,0.0000,0.0000,0.0000,-0.0015,0.0000,0.0000,0.0476,0.0476,-0.2516,-0.2516,0.0000
1791000667.4552,0.0200,0.1355,0.0000,0.0000,0.0000,0.0000,0.0000,0.0000,0.0000,0.0015,0.0000,0.0000,0.0476,0.0476,-0.2516,-0.2516,0.0000
1791000667.4752,0.0200,0.1360,0.0000,0.0000,0.0000,0.0000,0.0000,0.0000,0.0000,-0.0015,0.0000,0.0000,0.0476,0.0476,-0.2516,-0.2516,0.0000
1791000667.4951,0.0200,0.1274,0.0000,0.0000,0.0000,0.0000,0.0000,0.0000,0.0000,0.0015,0.0000,0.0000,0.0476,0.0476,-0.2516,-0.2516,0.0000
1791000667.5152,0.0200,0.1448,0.0000,0.0000,0.0000,0.0000,0.0000,0.0000,0.0000,0.0000,0.0000,0.0000,0.0476,0.0476,-0.2516,-0.2516,0.0000
1791000667.5351,0.0200,0.1560,0.0000,0.0000,0.0000,0.0000,0.0000,0.0000,0.0000,0.0000,0.0000,0.0000,0.0476,0.0476,-0.2516,-0.2516,0.0000
1791000667.5552,0.0200,0.1300,0.0000,0.0000,0.0000,0.0000,0.0000,0.0000,0.0000,0.0000,0.0000,0.0000,0.0476,0.0476,-0.2516,-0.2516,0.0000
1791000667.5752,0.0200,0.1838,0.0000,0.0000,0.0000,0.0000,0.0000,0.0000,0.0000,0.0000,0.0000,0.0000,0.0476,0.0476,-0.2516,-0.2516,0.0000
1791000667.5950,0.0199,0.1196,0.0000,0.0000,0.0000,0.0000,0.0000,0.0000,0.0000,0.0000,0.0000,0.0000,0.0476,0.0476,-0.2516,-0.2516,0.0000
1791000667.6150,0.0200,0.1264,0.0000,0.0000,0.0000,0.0000,0.0000,0.0000,0.0000,0.0000,0.0000,0.0000,0.0476,0.0476,-0.2516,-0.2516,0.0000
1791000667.6350,0.0200,0.1286,0.0000,0.0000,0.0000,0.0000,0.0000,0.0000,0.0000,0.0000,0.0000,0.0000,0.0476,0.0476,-0.2516,-0.2516,0.0000
1791000667.6550,0.0200,0.1364,0.0000,0.0000,0.0000,0.0000,0.0000,0.0000,0.0000,0.0000,0.0000,0.0000,0.0476,0.0476,-0.2516,-0.2516,0.0000
1791000667.6750,0.0200,0.1089,0.0000,0.0000,0.0000,0.0000,0.0000,0.0000,0.0000,0.0000,0.0000,0.0000,0.0476,0.0476,-0.2516,-0.2516,0.0000
1791000667.6951,0.0201,0.1125,0.0000,0.0000,0.0000,0.0000,0.0000,0.0000,0.0000,0.0000,0.0000,0.0000,0.0476,0.0476,-0.2516,-0.2516,0.0000
1791000667.7150,0.0199,0.1105,0.0000,0.0000,0.0000,0.0000,0.0000,0.0000,0.0000,0.0000,0.0000,0.0000,0.0476,0.0476,-0.2516,-0.2516,0.0000
1791000667.7351,0.0201,0.1083,0.0000,0.0000,0.0000,0.0000,0.0000,0.0000,0.0000,0.0000,0.0000,0.0000,0.0476,0.0476,-0.2516,-0.2516,0.0000
1791000667.7551,0.0200,0.1034,0.0000,0.0000,0.0000,0.0000,0.0000,0.0000,0.0000,0.0000,0.0000,0.0000,0.0476,0.0476,-0.2516,-0.2516,0.0000
1791000667.7751,0.0200,0.1153,0.0000,0.0000,0.0000,0.0000,0.0000,0.0000,0.0000,0.0000,0.0000,0.0000,0.0476,0.0476,-0.2516,-0.2516,0.0000
1791000667.7952,0.0200,0.1035,0.0000,0.0000,0.0000,0.0000,0.0000,0.0000,0.0000,0.0000,0.0000,0.0000,0.0476,0.0476,-0.2516,-0.2516,0.0000
1791000667.8151,0.0200,0.0984,0.0000,0.0000,0.0000,0.0000,0.0000,0.0000,0.0000,0.0000,0.0000,0.0000,0.0476,0.0476,-0.2516,-0.2516,0.0000
1791000667.8352,0.0200,0.0974,0.0000,0.0000,0.0000,0.0000,0.0000,0.0000,0.0000,-0.0015,0.0000,0.0000,0.0476,0.0476,-0.2516,-0.2516,0.0000
1791000667.8551,0.0200,0.0955,0.0000,0.0000,0.0000,0.0000,0.0000,0.0000,0.0000,0.0015,0.0000,0.0000,0.0476,0.0476,-0.2516,-0.2516,0.0000
1791000667.8752,0.0200,0.0960,0.0000,0.0000,0.0000,0.0000,0.0000,0.0000,0.0000,0.0000,0.0000,0.0000,0.0476,0.0476,-0.2516,-0.2516,0.0000
1791000667.8951,0.0199,0.1045,0.0000,0.0000,0.0000,0.0000,0.0000,0.0000,0.0000,0.0000,0.0000,0.0000,0.0476,0.0476,-0.2516,-0.2516,0.0000
1791000667.9150,0.0200,0.1037,0.0000,0.0000,0.0000,0.0000,0.0000,0.0000,0.0000,0.0000,0.0000,0.0000,0.0476,0.0476,-0.2516,-0.2516,0.0000
1791000667.9352,0.0201,0.1033,0.0000,0.0000,0.0000,0.0000,0.0000,0.0000,0.0000,0.0000,0.0000,0.0000,0.0476,0.0476,-0.2516,-0.2516,0.0000
1791000667.9551,0.0199,0.2086,0.0000,0.0000,0.0000,0.0000,0.0000,0.0000,0.0000,0.0000,0.0000,0.0000,0.0476,0.0476,-0.2516,-0.2516,0.0000
1791000667.9752,0.0201,0.1334,0.0000,0.0000,0.0000,0.0000,0.0000,0.0000,0.0000,0.0000,0.0000,0.0000,0.0476,0.0476,-0.2516,-0.2516,0.0000
1791000667.9952,0.0200,0.1403,0.0000,0.0000,0.0000,0.0000,0.0000,0.0000,-0.0015,0.0000,0.0000,0.0000,0.0476,0.0476,-0.2516,-0.2516,0.0000
1791000668.0151,0.0200,0.1248,0.0000,0.0000,0.0000,0.0000,0.0000,0.0000,0.0015,0.0000,0.0000,0.0000,0.0476,0.0476,-0.2516,-0.2516,0.0000
1791000668.0351,0.0200,0.1109,0.0000,0.0000,0.0000,0.0000,0.0000,0.0000,0.0000,0.0000,0.0000,0.0000,0.0476,0.0476,-0.2516,-0.2516,0.0000
1791000668.0552,0.0200,0.1062,0.0000,0.0000,0.0000,0.0000,0.0000,0.0000,0.0000,0.0000,0.0000,0.0000,0.0476,0.0476,-0.2516,-0.2516,0.0000
1791000668.0751,0.0200,0.1232,0.0000,0.0000,0.0000,0.0000,0.0000,0.0000,0.0000,0.0000,0.0000,0.0000,0.0476,0.0476,-0.2516,-0.2516,0.0000
1791000668.0951,0.0200,0.0930,0.0000,0.0000,0.0000,0.0000,0.0000,0.0000,0.0000,0.0000,0.0000,0.0000,0.0476,0.0476,-0.2516,-0.2516,0.0000
1791000668.1150,0.0199,0.0963,0.0000,0.0000,0.0000,0.0000,0.0000,0.0000,0.0000,0.0000,0.0000,0.0000,0.0476,0.0476,-0.2516,-0.2516,0.0000
1791000668.1351,0.0201,0.0829,0.0000,0.0000,0.0000,0.0000,0.0000,0.0000,0.0000,0.0000,0.0000,0.0000,0.0476,0.0476,-0.2516,-0.2516,0.0000
1791000668.1552,0.0201,0.1111,0.0000,0.0000,0.0000,0.0000,0.0000,0.0000,0.0000,0.0000,0.0000,0.0000,0.0476,0.0476,-0.2516,-0.2516,0.0000
1791000668.1751,0.0200,0.1052,0.0000,0.0000,0.0000,0.0000,0.0000,0.0000,0.0000,0.0000,0.0000,0.0000,0.0476,0.0476,-0.2516,-0.2516,0.0000
1791000668.1952,0.0200,0.1143,0.0000,0.0000,0.0000,0.0000,0.0000,0.0000,0.0000,0.0000,0.0000,0.0000,0.0476,0.0476,-0.2516,-0.2516,0.0000
1791000668.2150,0.0199,0.1036,0.0000,0.0000,0.0000,0.0000,0.0000,0.0000,0.0000,0.0000,0.0000,0.0000,0.0476,0.0476,-0.2516,-0.2516,0.0000
1791000668.2351,0.0201,0.0974,0.0000,0.0000,0.0000,0.0000,0.0000,0.0000,0.0000,0.0000,0.0000,0.0000,0.0476,0.0476,-0.2516,-0.2516,0.0000
1791000668.2551,0.0200,0.0969,0.0000,0.0000,0.0000,0.0000,0.0000,0.0000,0.0000,0.0000,0.0000,0.0000,0.0476,0.0476,-0.2516,-0.2516,0.0000
1791000668.2751,0.0200,0.0960,0.0000,0.0000,0.0000,0.0000,0.0000,0.0000,0.0000,-0.0015,0.0000,0.0000,0.0476,0.0476,-0.2516,-0.2516,0.0000
1791000668.2952,0.0200,0.1014,0.0000,0.0000,0.0000,0.0000,0.0000,0.0000,0.0000,0.0015,0.0000,0.0000,0.0476,0.0506,-0.2516,-0.2516,0.0000
1791000668.3150,0.0199,0.0975,0.0000,0.0000,0.0000,0.0000,0.0000,0.0000,0.0000,0.0000,0.0000,0.0000,0.0476,0.0506,-0.2516,-0.2516,0.0000
1791000668.3352,0.0201,0.0981,0.0000,0.0000,0.0000,0.0000,0.0000,0.0000,0.0000,0.0000,0.0000,0.0000,0.0476,0.0476,-0.2516,-0.2516,0.0000
1791000668.3551,0.0200,0.0976,0.0000,0.0000,0.0000,0.0000,0.0000,0.0000,0.0000,0.0000,0.0000,0.0000,0.0476,0.0476,-0.2516,-0.2516,0.0000
1791000668.3751,0.0200,0.0987,0.0000,0.0000,0.0000,0.0000,0.0000,0.0000,0.0000,0.0000,0.0000,0.0000,0.0476,0.0476,-0.2516,-0.2516,0.0000
1791000668.3951,0.0200,0.0960,0.0000,0.0000,0.0000,0.0000,0.0000,0.0000,0.0000,-0.0015,0.0000,0.0000,0.0476,0.0476,-0.2516,-0.2516,0.0000
1791000668.4151,0.0200,0.1109,0.0000,0.0000,0.0000,0.0000,0.0000,0.0000,0.0000,0.0015,0.0000,0.0000,0.0476,0.0476,-0.2516,-0.2516,0.0000
1791000668.4351,0.0200,0.0950,0.0000,0.0000,0.0000,0.0000,0.0000,0.0000,0.0000,0.0000,0.0000,0.0000,0.0476,0.0476,-0.2516,-0.2516,0.0000
1791000668.4552,0.0200,0.0952,0.0000,0.0000,0.0000,0.0000,0.0000,0.0000,0.0000,-0.0015,0.0000,0.0000,0.0476,0.0476,-0.2516,-0.2516,0.0000
1791000668.4752,0.0200,0.0972,0.0000,0.0000,0.0000,0.0000,0.0000,0.0000,0.0000,0.0000,0.0000,0.0000,0.0476,0.0476,-0.2516,-0.2516,0.0000
1791000668.4952,0.0200,0.1165,0.0000,0.0000,0.0000,0.0000,0.0000,0.0000,0.0000,0.0015,0.0000,0.0000,0.0476,0.0476,-0.2516,-0.2516,0.0000
1791000668.5150,0.0199,0.0996,0.0000,0.0000,0.0000,0.0000,0.0000,0.0000,0.0000,0.0000,0.0000,0.0000,0.0476,0.0476,-0.2516,-0.2516,0.0000
1791000668.5351,0.0201,0.0987,0.0000,0.0000,0.0000,0.0000,0.0000,0.0000,0.0000,0.0000,0.0000,0.0000,0.0476,0.0476,-0.2516,-0.2516,0.0000
1791000668.5551,0.0200,0.0976,0.0000,0.0000,0.0000,0.0000,0.0000,0.0000,0.0000,-0.0015,0.0000,0.0000,0.0476,0.0476,-0.2516,-0.2516,0.0000
1791000668.5751,0.0200,0.1017,0.0000,0.0000,0.0000,0.0000,0.0000,0.0000,0.0000,0.0015,0.0000,0.0000,0.0476,0.0476,-0.2516,-0.2516,0.0000
1791000668.5952,0.0201,0.0922,0.0000,0.0000,0.0000,0.0000,0.0000,0.0000,-0.0015,0.0000,0.0000,0.0000,0.0476,0.0476,-0.2516,-0.2516,0.0000
1791000668.6151,0.0199,0.1424,0.0000,0.0000,0.0000,0.0000,0.0000,0.0000,0.0015,-0.0015,0.0000,0.0000,0.0476,0.0476,-0.2516,-0.2516,0.0000
1791000668.6351,0.0201,0.1000,0.0000,0.0000,0.0000,0.0000,0.0000,0.0000,0.0000,0.0015,0.0000,0.0000,0.0476,0.0476,-0.2516,-0.2516,0.0000
1791000668.6551,0.0200,0.0938,0.0000,0.0000,0.0000,0.0000,0.0000,0.0000,0.0000,0.0000,0.0000,0.0000,0.0476,0.0476,-0.2516,-0.2516,0.0000
1791000668.6751,0.0200,0.0931,0.0000,0.0000,0.0000,0.0000,0.0000,0.0000,0.0000,0.0000,0.0000,0.0000,0.0476,0.0476,-0.2516,-0.2516,0.0000
1791000668.6951,0.0200,0.0943,0.0000,0.0000,0.0000,0.0000,0.0000,0.0000,0.0000,0.0000,0.0000,0.0000,0.0476,0.0476,-0.2516,-0.2516,0.0000
1791000668.7150,0.0199,0.1275,0.0000,0.0000,0.0000,0.0000,0.0000,0.0000,0.0000,-0.0015,0.0000,0.0000,0.0476,0.0476,-0.2516,-0.2516,0.0000
1791000668.7351,0.0201,0.0993,0.0000,0.0000,0.0000,0.0000,0.0000,0.0000,0.0000,0.0015,0.0000,0.0000,0.0476,0.0476,-0.2516,-0.2516,0.0000
1791000668.7551,0.0200,0.0936,0.0000,0.0000,0.0000,0.0000,0.0000,0.0000,0.0000,-0.0015,0.0000,0.0000,0.0476,0.0506,-0.2516,-0.2516,0.0000
1791000668.7751,0.0200,0.0959,0.0000,0.0000,0.0000,0.0000,0.0000,0.0000,0.0000,0.0015,0.0000,0.0000,0.0476,0.0476,-0.2516,-0.2516,0.0000
1791000668.7952,0.0200,0.0912,0.0000,0.0000,0.0000,0.0000,0.0000,0.0000,0.0000,0.0000,0.0000,0.0000,0.0476,0.0476,-0.2516,-0.2516,0.0000
1791000668.8151,0.0200,0.0970,0.0000,0.0000,0.0000,0.0000,0.0000,0.0000,0.0000,0.0000,0.0000,0.0000,0.0476,0.0476,-0.2516,-0.2516,0.0000
1791000668.8351,0.0200,0.1129,0.0000,0.0000,0.0000,0.0000,0.0000,0.0000,0.0000,0.0000,0.0000,0.0000,0.0476,0.0476,-0.2516,-0.2516,0.0000
1791000668.8551,0.0200,0.0706,0.0000,0.0000,0.0000,0.0000,0.0000,0.0000,0.0000,0.0000,0.0000,0.0000,0.0476,0.0476,-0.2516,-0.2516,0.0000
1791000668.8751,0.0200,0.0709,0.0000,0.0000,0.0000,0.0000,0.0000,0.0000,0.0000,0.0000,0.0000,0.0000,0.0476,0.0476,-0.2516,-0.2516,0.0000
1791000668.8951,0.0200,0.0745,0.0000,0.0000,0.0000,0.0000,0.0000,0.0000,0.0000,0.0000,0.0000,0.0000,0.0476,0.0476,-0.2516,-0.2516,0.0000
1791000668.9150,0.0199,0.0940,0.0000,0.0000,0.0000,0.0000,0.0000,0.0000,0.0000,0.0000,0.0000,0.0000,0.0476,0.0506,-0.2516,-0.2516,0.0000
1791000668.9351,0.0201,0.0926,0.0000,0.0000,0.0000,0.0000,0.0000,0.0000,0.0000,0.0000,0.0000,0.0000,0.0476,0.0476,-0.2516,-0.2516,0.0000
1791000668.9551,0.0200,0.1114,0.0000,0.0000,0.0000,0.0000,0.0000,0.0000,0.0000,0.0000,0.0000,0.0000,0.0476,0.0476,-0.2516,-0.2516,0.0000
1791000668.9752,0.0200,0.0956,0.0000,0.0000,0.0000,0.0000,0.0000,0.0000,0.0000,0.0000,0.0000,0.0000,0.0476,0.0476,-0.2516,-0.2516,0.0000
1791000668.9952,0.0200,0.1048,0.0000,0.0000,0.0000,0.0000,0.0000,0.0000,0.0000,0.0000,0.0000,0.0000,0.0476,0.0476,-0.2516,-0.2516,0.0000
1791000669.0152,0.0200,0.0953,0.0000,0.0000,0.0000,0.0000,0.0000,0.0000,0.0000,0.0000,0.0000,0.0000,0.0476,0.0476,-0.2516,-0.2516,0.0000
1791000669.0351,0.0200,0.1274,0.0000,0.0000,0.0000,0.0000,0.0000,0.0000,0.0000,0.0000,0.0000,0.0000,0.0476,0.0476,-0.2516,-0.2516,0.0000
1791000669.0551,0.0200,0.0954,0.0000,0.0000,0.0000,0.0000,0.0000,0.0000,0.0000,0.0000,0.0000,0.0000,0.0476,0.0476,-0.2516,-0.2516,0.0000
1791000669.0751,0.0200,0.0911,0.0000,0.0000,0.0000,0.0000,0.0000,0.0000,0.0000,0.0000,0.0000,0.0000,0.0476,0.0476,-0.2516,-0.2516,0.0000
1791000669.0951,0.0200,0.0960,0.0000,0.0000,0.0000,0.0000,0.0000,0.0000,0.0000,-0.0015,0.0000,0.0000,0.0476,0.0476,-0.2516,-0.2516,0.0000
1791000669.1150,0.0199,0.1013,0.0000,0.0000,0.0000,0.0000,0.0000,0.0000,0.0000,0.0015,0.0000,0.0000,0.0476,0.0476,-0.2516,-0.2516,0.0000
1791000669.1352,0.0201,0.0946,0.0000,0.0000,0.0000,0.0000,0.0000,0.0000,0.0000,-0.0015,0.0000,0.0000,0.0476,0.0476,-0.2516,-0.2516,0.0000
1791000669.1552,0.0200,0.0942,0.0000,0.0000,0.0000,0.0000,0.0000,0.0000,0.0000,0.0000,0.0000,0.0000,0.0476,0.0476,-0.2516,-0.2516,0.0000
1791000669.1750,0.0198,0.0936,0.0000,0.0000,0.0000,0.0000,0.0000,0.0000,0.0000,0.0015,0.0000,0.0000,0.0476,0.0476,-0.2516,-0.2516,0.0000
1791000669.1951,0.0201,0.0906,0.0000,0.0000,0.0000,0.0000,0.0000,0.0000,0.0000,0.0000,0.0000,0.0000,0.0476,0.0476,-0.2516,-0.2516,0.0000
1791000669.2150,0.0199,0.0907,0.0000,0.0000,0.0000,0.0000,0.0000,0.0000,0.0000,0.0000,0.0000,0.0000,0.0476,0.0476,-0.2516,-0.2516,0.0000
1791000669.2352,0.0201,0.1025,0.0000,0.0000,0.0000,0.0000,0.0000,0.0000,0.0000,0.0000,0.0000,0.0000,0.0476,0.0476,-0.2516,-0.2516,0.0000
1791000669.2551,0.0200,0.0925,0.0000,0.0000,0.0000,0.0000,0.0000,0.0000,0.0000,0.0000,0.0000,0.0000,0.0476,0.0476,-0.2516,-0.2516,0.0000
1791000669.2751,0.0200,0.0893,0.0000,0.0000,0.0000,0.0000,0.0000,0.0000,0.0000,0.0000,0.0000,0.0000,0.0476,0.0476,-0.2516,-0.2516,0.0000
1791000669.2951,0.0200,0.0979,0.0000,0.0000,0.0000,0.0000,0.0000,0.0000,0.0000,0.0000,0.0000,0.0000,0.0476,0.0476,-0.2516,-0.2516,0.0000
1791000669.3150,0.0199,0.0958,0.0000,0.0000,0.0000,0.0000,0.0000,0.0000,0.0000,0.0000,0.0000,0.0000,0.0476,0.0476,-0.2516,-0.2516,0.0000
1791000669.3352,0.0201,0.0917,0.0000,0.0000,0.0000,0.0000,0.0000,0.0000,0.0000,0.0000,0.0000,0.0000,0.0476,0.0506,-0.2516,-0.2516,0.0000
1791000669.3552,0.0200,0.0906,0.0000,0.0000,0.0000,0.0000,0.0000,0.0000,0.0000,0.0000,0.0000,0.0000,0.0476,0.0476,-0.2516,-0.2516,0.0000
1791000669.3752,0.0200,0.0934,0.0000,0.0000,0.0000,0.0000,0.0000,0.0000,0.0000,0.0000,0.0000,0.0000,0.0476,0.0476,-0.2516,-0.2516,0.0000
1791000669.3952,0.0200,0.1016,0.0000,0.0000,0.0000,0.0000,0.0000,0.0000,0.0000,0.0000,0.0000,0.0000,0.0476,0.0476,-0.2516,-0.2516,0.0000
1791000669.4151,0.0200,0.0907,0.0000,0.0000,0.0000,0.0000,0.0000,0.0000,0.0000,0.0000,0.0000,0.0000,0.0476,0.0476,-0.2516,-0.2516,0.0000
1791000669.4351,0.0200,0.0891,0.0000,0.0000,0.0000,0.0000,0.0000,0.0000,0.0000,0.0000,0.0000,0.0000,0.0476,0.0476,-0.2516,-0.2516,0.0000
1791000669.4551,0.0200,0.1002,0.0000,0.0000,0.0000,0.0000,0.0000,0.0000,0.0000,0.0000,0.0000,0.0000,0.0476,0.0476,-0.2516,-0.2516,0.0000
1791000669.4751,0.0200,0.0913,0.0000,0.0000,0.0000,0.0000,0.0000,0.0000,0.0000,0.0000,0.0000,0.0000,0.0476,0.0476,-0.2516,-0.2516,0.0000
1791000669.4952,0.0200,0.0910,0.0000,0.0000,0.0000,0.0000,0.0000,0.0000,0.0000,0.0000,0.0000,0.0000,0.0476,0.0476,-0.2516,-0.2516,0.0000
1791000669.5150,0.0199,0.0890,0.0000,0.0000,0.0000,0.0000,0.0000,0.0000,0.0000,0.0000,0.0000,0.0000,0.0476,0.0476,-0.2516,-0.2516,0.0000
1791000669.5352,0.0202,0.0944,0.0000,0.0000,0.0000,0.0000,0.0000,0.0000,0.0000,-0.0015,0.0000,0.0000,0.0476,0.0476,-0.2516,-0.2516,0.0000
1791000669.5551,0.0200,0.0909,0.0000,0.0000,0.0000,0.0000,0.0000,0.0000,0.0000,0.0000,0.0000,0.0000,0.0476,0.0476,-0.2516,-0.2516,0.0000
1791000669.5752,0.0200,0.0939,0.0000,0.0000,0.0000,0.0000,0.0000,0.0000,0.0000,0.0015,0.0000,0.0000,0.0476,0.0506,-0.2516,-0.2516,0.0000
1791000669.5951,0.0200,0.0893,0.0000,0.0000,0.0000,0.0000,0.0000,0.0000,0.0000,0.0000,0.0000,0.0000,0.0476,0.0476,-0.2516,-0.2516,0.0000
1791000669.6152,0.0200,0.0909,0.0000,0.0000,0.0000,0.0000,0.0000,0.0000,0.0000,0.0000,0.0000,0.0000,0.0476,0.0476,-0.2516,-0.2516,0.0000
1791000669.6351,0.0200,0.0899,0.0000,0.0000,0.0000,0.0000,0.0000,0.0000,0.0000,0.0000,0.0000,0.0000,0.0476,0.0476,-0.2516,-0.2516,0.0000
1791000669.6552,0.0200,0.1066,0.0000,0.0000,0.0000,0.0000,0.0000,0.0000,0.0000,0.0000,0.0000,0.0000,0.0476,0.0476,-0.2516,-0.2516,0.0000
1791000669.6752,0.0200,0.0909,0.0000,0.0000,0.0000,0.0000,0.0000,0.0000,0.0000,0.0000,0.0000,0.0000,0.0476,0.0476,-0.2516,-0.2516,0.0000
1791000669.6951,0.0200,0.0956,0.0000,0.0000,0.0000,0.0000,0.0000,0.0000,0.0000,0.0000,0.0000,0.0000,0.0476,0.0476,-0.2516,-0.2516,0.0000
1791000669.7150,0.0199,0.0926,0.0000,0.0000,0.0000,0.0000,0.0000,0.0000,0.0000,-0.0015,0.0000,0.0000,0.0476,0.0476,-0.2516,-0.2516,0.0000
1791000669.7351,0.0201,0.0924,0.0000,0.0000,0.0000,0.0000,0.0000,0.0000,0.0000,0.0015,0.0000,0.0000,0.0476,0.0476,-0.2516,-0.2516,0.0000
1791000669.7551,0.0200,0.0916,0.0000,0.0000,0.0000,0.0000,0.0000,0.0000,0.0000,-0.0015,0.0000,0.0000,0.0476,0.0476,-0.2516,-0.2516,0.0000
1791000669.7752,0.0200,0.0936,0.0000,0.0000,0.0000,0.0000,0.0000,0.0000,0.0000,0.0015,0.0000,0.0000,0.0476,0.0476,-0.2516,-0.2516,0.0000
1791000669.7951,0.0200,0.0910,0.0000,0.0000,0.0000,0.0000,0.0000,0.0000,0.0000,0.0000,0.0000,0.0000,0.0476,0.0476,-0.2516,-0.2516,0.0000
1791000669.8152,0.0200,0.0885,0.0000,0.0000,0.0000,0.0000,0.0000,0.0000,0.0000,0.0000,0.0000,0.0000,0.0476,0.0476,-0.2516,-0.2516,0.0000
1791000669.8351,0.0200,0.0887,0.0000,0.0000,0.0000,0.0000,0.0000,0.0000,0.0000,0.0000,0.0000,0.0000,0.0476,0.0476,-0.2516,-0.2516,0.0000
1791000669.8551,0.0200,0.0914,0.0000,0.0000,0.0000,0.0000,0.0000,0.0000,0.0000,0.0000,0.0000,0.0000,0.0476,0.0476,-0.2516,-0.2516,0.0000
1791000669.8751,0.0200,0.0972,0.0000,0.0000,0.0000,0.0000,0.0000,0.0000,0.0000,-0.0015,0.0000,0.0000,0.0476,0.0476,-0.2516,-0.2516,0.0000
1791000669.8951,0.0200,0.0880,0.0000,0.0000,0.0000,0.0000,0.0000,0.0000,0.0000,0.0000,0.0000,0.0000,0.0476,0.0476,-0.2516,-0.2516,0.0000
1791000669.9150,0.0199,0.0890,0.0000,0.0000,0.0000,0.0000,0.0000,0.0000,0.0000,0.0015,0.0000,0.0000,0.0476,0.0476,-0.2516,-0.2516,0.0000
1791000669.9351,0.0201,0.0946,0.0000,0.0000,0.0000,0.0000,0.0000,0.0000,0.0000,0.0000,0.0000,0.0000,0.0476,0.0476,-0.2516,-0.2516,0.0000
1791000669.9551,0.0200,0.0941,0.0000,0.0000,0.0000,0.0000,0.0000,0.0000,0.0000,0.0000,0.0000,0.0000,0.0476,0.0476,-0.2516,-0.2516,0.0000
1791000669.9751,0.0200,0.0931,0.0000,0.0000,0.0000,0.0000,0.0000,0.0000,0.0000,0.0000,0.0000,0.0000,0.0476,0.0476,-0.2516,-0.2516,0.0000
1791000669.9951,0.0200,0.0889,0.0000,0.0000,0.0000,0.0000,0.0000,0.0000,0.0000,0.0000,0.0000,0.0000,0.0476,0.0476,-0.2516,-0.2516,0.0000
1791000670.0152,0.0200,0.1021,0.0000,0.0000,0.0000,0.0000,0.0000,0.0000,0.0000,0.0000,0.0000,0.0000,0.0476,0.0476,-0.2516,-0.2516,0.0000
1791000670.0352,0.0200,0.1284,0.0000,0.0000,0.0000,0.0000,0.0000,0.0000,0.0000,0.0000,0.0000,0.0000,0.0476,0.0476,-0.2516,-0.2516,0.0000
1791000670.0552,0.0200,0.1283,0.0000,0.0000,0.0000,0.0000,0.0000,0.0000,0.0000,0.0000,0.0000,0.0000,0.0476,0.0476,-0.2516,-0.2516,0.0000
1791000670.0751,0.0200,0.1465,0.0000,0.0000,0.0000,0.0000,0.0000,0.0000,0.0000,0.0000,0.0000,0.0000,0.0476,0.0476,-0.2516,-0.2516,0.0000
1791000670.0951,0.0200,0.1367,0.0000,0.0000,0.0000,0.0000,0.0000,0.0000,0.0000,0.0000,0.0000,0.0000,0.0476,0.0476,-0.2516,-0.2516,0.0000
1791000670.1151,0.0200,0.1185,0.0000,0.0000,0.0000,0.0000,0.0000,0.0000,-0.0015,0.0000,0.0000,0.0000,0.0476,0.0476,-0.2516,-0.2516,0.0000
1791000670.1350,0.0199,0.0962,0.0000,0.0000,0.0000,0.0000,0.0000,0.0000,0.0015,0.0000,0.0000,0.0000,0.0476,0.0476,-0.2516,-0.2516,0.0000
1791000670.1551,0.0201,0.0717,0.0000,0.0000,0.0000,0.0000,0.0000,0.0000,0.0000,0.0000,0.0000,0.0000,0.0476,0.0476,-0.2516,-0.2516,0.0000
1791000670.1751,0.0200,0.1219,0.0000,0.0000,0.0000,0.0000,0.0000,0.0000,0.0000,-0.0015,0.0000,0.0000,0.0476,0.0476,-0.2516,-0.2516,0.0000
1791000670.1951,0.0200,0.1038,0.0000,0.0000,0.0000,0.0000,0.0000,0.0000,0.0000,0.0015,0.0000,0.0000,0.0476,0.0476,-0.2516,-0.2516,0.0000
1791000670.2151,0.0200,0.0769,0.0000,0.0000,0.0000,0.0000,0.0000,0.0000,0.0000,0.0000,0.0000,0.0000,0.0476,0.0476,-0.2516,-0.2516,0.0000
1791000670.2351,0.0200,0.0797,0.0000,0.0000,0.0000,0.0000,0.0000,0.0000,0.0000,0.0000,0.0000,0.0000,0.0476,0.0476,-0.2516,-0.2516,0.0000
1791000670.2551,0.0200,0.0785,0.0000,0.0000,0.0000,0.0000,0.0000,0.0000,0.0000,0.0000,0.0000,0.0000,0.0476,0.0476,-0.2516,-0.2516,0.0000
1791000670.2751,0.0200,0.0941,0.0000,0.0000,0.0000,0.0000,0.0000,0.0000,0.0000,0.0000,0.0000,0.0000,0.0476,0.0476,-0.2516,-0.2516,0.0000
1791000670.2951,0.0200,0.0896,0.0000,0.0000,0.0000,0.0000,0.0000,0.0000,0.0000,0.0000,0.0000,0.0000,0.0476,0.0476,-0.2516,-0.2516,0.0000
1791000670.3151,0.0200,0.0864,0.0000,0.0000,0.0000,0.0000,0.0000,0.0000,0.0000,0.0000,0.0000,0.0000,0.0476,0.0476,-0.2516,-0.2516,0.0000
1791000670.3350,0.0199,0.0515,0.0000,0.0000,0.0000,0.0000,0.0000,0.0000,0.0000,0.0000,0.0000,0.0000,0.0476,0.0476,-0.2516,-0.2516,0.0000
1791000670.3552,0.0202,0.0939,0.0000,0.0000,0.0000,0.0000,0.0000,0.0000,0.0000,0.0000,0.0000,0.0000,0.0476,0.0476,-0.2516,-0.2516,0.0000
1791000670.3752,0.0200,0.0938,0.0000,0.0000,0.0000,0.0000,0.0000,0.0000,0.0000,0.0000,0.0000,0.0000,0.0476,0.0476,-0.2516,-0.2516,0.0000
1791000670.3951,0.0200,0.0945,0.0000,0.0000,0.0000,0.0000,0.0000,0.0000,0.0000,0.0000,0.0000,0.0000,0.0476,0.0476,-0.2516,-0.2516,0.0000
1791000670.4151,0.0200,0.0898,0.0000,0.0000,0.0000,0.0000,0.0000,0.0000,0.0000,0.0000,0.0000,0.0000,0.0476,0.0476,-0.2516,-0.2516,0.0000
1791000670.4351,0.0199,0.0884,0.0000,0.0000,0.0000,0.0000,0.0000,0.0000,0.0000,0.0000,0.0000,0.0000,0.0476,0.0476,-0.2516,-0.2516,0.0000
1791000670.4552,0.0201,0.0904,0.0000,0.0000,0.0000,0.0000,0.0000,0.0000,0.0000,0.0000,0.0000,0.0000,0.0476,0.0476,-0.2516,-0.2516,0.0000
1791000670.4751,0.0199,0.0899,0.0000,0.0000,0.0000,0.0000,0.0000,0.0000,0.0000,0.0000,0.0000,0.0000,0.0476,0.0476,-0.2516,-0.2531,0.0000
1791000670.4951,0.0200,0.0929,0.0000,0.0000,0.0000,0.0000,0.0000,0.0000,0.0000,0.0000,0.0000,0.0000,0.0476,0.0476,-0.2516,-0.2516,0.0000
1791000670.5151,0.0200,0.0909,0.0000,0.0000,0.0000,0.0000,0.0000,0.0000,0.0000,0.0000,0.0000,0.0000,0.0476,0.0476,-0.2516,-0.2516,0.0000
1791000670.5351,0.0200,0.0908,0.0000,0.0000,0.0000,0.0000,0.0000,0.0000,0.0000,0.0000,0.0000,0.0000,0.0476,0.0476,-0.2516,-0.2516,0.0000
1791000670.5551,0.0200,0.0904,0.0000,0.0000,0.0000,0.0000,0.0000,0.0000,0.0000,-0.0015,0.0000,0.0000,0.0476,0.0476,-0.2516,-0.2516,0.0000
1791000670.5751,0.0200,0.0925,0.0000,0.0000,0.0000,0.0000,0.0000,0.0000,0.0000,0.0015,0.0000,0.0000,0.0476,0.0476,-0.2516,-0.2516,0.0000
1791000670.5952,0.0200,0.0903,0.0000,0.0000,0.0000,0.0000,0.0000,0.0000,0.0000,-0.0015,0.0000,0.0000,0.0476,0.0476,-0.2516,-0.2516,0.0000
1791000670.6151,0.0199,0.0906,0.0000,0.0000,0.0000,0.0000,0.0000,0.0000,0.0000,0.0015,0.0000,0.0000,0.0476,0.0476,-0.2516,-0.2516,0.0000
1791000670.6351,0.0201,0.0912,0.0000,0.0000,0.0000,0.0000,0.0000,0.0000,0.0000,0.0000,0.0000,0.0000,0.0476,0.0476,-0.2516,-0.2516,0.0000
1791000670.6552,0.0200,0.0904,0.0000,0.0000,0.0000,0.0000,0.0000,0.0000,0.0000,0.0000,0.0000,0.0000,0.0476,0.0476,-0.2516,-0.2516,0.0000
1791000670.6752,0.0200,0.0897,0.0000,0.0000,0.0000,0.0000,0.0000,0.0000,0.0000,0.0000,0.0000,0.0000,0.0476,0.0476,-0.2516,-0.2516,0.0000
1791000670.6951,0.0200,0.0975,0.0000,0.0000,0.0000,0.0000,0.0000,0.0000,0.0000,-0.0015,0.0000,0.0000,0.0476,0.0476,-0.2516,-0.2516,0.0000
1791000670.7151,0.0200,0.0966,0.0000,0.0000,0.0000,0.0000,0.0000,0.0000,0.0000,0.0015,0.0000,0.0000,0.0476,0.0476,-0.2516,-0.2516,0.0000
1791000670.7352,0.0201,0.0903,0.0000,0.0000,0.0000,0.0000,0.0000,0.0000,0.0000,0.0000,0.0000,0.0000,0.0476,0.0476,-0.2516,-0.2516,0.0000
1791000670.7552,0.0200,0.0900,0.0000,0.0000,0.0000,0.0000,0.0000,0.0000,0.0000,0.0000,0.0000,0.0000,0.0476,0.0476,-0.2516,-0.2516,0.0000
1791000670.7752,0.0200,0.0937,0.0000,0.0000,0.0000,0.0000,0.0000,0.0000,0.0000,0.0000,0.0000,0.0000,0.0476,0.0476,-0.2516,-0.2516,0.0000
1791000670.7952,0.0200,0.0901,0.0000,0.0000,0.0000,0.0000,0.0000,0.0000,0.0000,0.0000,0.0000,0.0000,0.0476,0.0476,-0.2516,-0.2516,0.0000
1791000670.8152,0.0200,0.0922,0.0000,0.0000,0.0000,0.0000,0.0000,0.0000,0.0000,0.0000,0.0000,0.0000,0.0476,0.0476,-0.2516,-0.2516,0.0000
1791000670.8352,0.0200,0.0899,0.0000,0.0000,0.0000,0.0000,0.0000,0.0000,0.0000,-0.0015,0.0000,0.0000,0.0476,0.0476,-0.2516,-0.2516,0.0000
1791000670.8551,0.0200,0.0896,0.0000,0.0000,0.0000,0.0000,0.0000,0.0000,0.0000,0.0000,0.0000,0.0000,0.0476,0.0476,-0.2516,-0.2516,0.0000
1791000670.8752,0.0200,0.0898,0.0000,0.0000,0.0000,0.0000,0.0000,0.0000,0.0000,0.0015,0.0000,0.0000,0.0476,0.0476,-0.2516,-0.2516,0.0000
1791000670.8952,0.0200,0.0999,0.0000,0.0000,0.0000,0.0000,0.0000,0.0000,0.0000,0.0000,0.0000,0.0000,0.0476,0.0476,-0.2516,-0.2516,0.0000
1791000670.9152,0.0200,0.0925,0.0000,0.0000,0.0000,0.0000,0.0000,0.0000,0.0000,0.0000,0.0000,0.0000,0.0476,0.0476,-0.2516,-0.2516,0.0000
1791000670.9352,0.0200,0.0979,0.0000,0.0000,0.0000,0.0000,0.0000,0.0000,0.0000,0.0000,0.0000,0.0000,0.0476,0.0476,-0.2516,-0.2516,0.0000
1791000670.9551,0.0200,0.0956,0.0000,0.0000,0.0000,0.0000,0.0000,0.0000,0.0000,0.0000,0.0000,0.0000,0.0476,0.0476,-0.2516,-0.2516,0.0000
1791000670.9751,0.0200,0.0964,0.0000,0.0000,0.0000,0.0000,0.0000,0.0000,0.0000,0.0000,0.0000,0.0000,0.0476,0.0476,-0.2516,-0.2516,0.0000
1791000670.9951,0.0200,0.0948,0.0000,0.0000,0.0000,0.0000,0.0000,0.0000,0.0000,0.0000,0.0000,0.0000,0.0476,0.0476,-0.2516,-0.2516,0.0000
1791000671.0151,0.0200,0.0945,0.0000,0.0000,0.0000,0.0000,0.0000,0.0000,0.0000,0.0000,0.0000,0.0000,0.0476,0.0476,-0.2516,-0.2516,0.0000
1791000671.0351,0.0200,0.0946,0.0000,0.0000,0.0000,0.0000,0.0000,0.0000,0.0000,-0.0015,0.0000,0.0000,0.0476,0.0476,-0.2516,-0.2516,0.0000
1791000671.0551,0.0200,0.0946,0.0000,0.0000,0.0000,0.0000,0.0000,0.0000,0.0000,0.0015,0.0000,0.0000,0.0476,0.0476,-0.2516,-0.2516,0.0000
1791000671.0752,0.0200,0.0907,0.0000,0.0000,0.0000,0.0000,0.0000,0.0000,0.0000,0.0000,0.0000,0.0000,0.0476,0.0476,-0.2516,-0.2516,0.0000
1791000671.0951,0.0200,0.0908,0.0000,0.0000,0.0000,0.0000,0.0000,0.0000,0.0000,0.0000,0.0000,0.0000,0.0476,0.0476,-0.2516,-0.2516,0.0000
1791000671.1151,0.0200,0.1092,0.0000,0.0000,0.0000,0.0000,0.0000,0.0000,0.0000,0.0000,0.0000,0.0000,0.0476,0.0476,-0.2516,-0.2516,0.0000
1791000671.1350,0.0199,0.0972,0.0000,0.0000,0.0000,0.0000,0.0000,0.0000,0.0000,0.0000,0.0000,0.0000,0.0476,0.0476,-0.2516,-0.2516,0.0000
1791000671.1551,0.0201,0.0963,0.0000,0.0000,0.0000,0.0000,0.0000,0.0000,0.0000,0.0000,0.0000,0.0000,0.0476,0.0476,-0.2516,-0.2516,0.0000
1791000671.1751,0.0200,0.0968,0.0000,0.0000,0.0000,0.0000,0.0000,0.0000,0.0000,0.0000,0.0000,0.0000,0.0476,0.0476,-0.2516,-0.2516,0.0000
1791000671.1952,0.0201,0.0946,0.0000,0.0000,0.0000,0.0000,0.0000,0.0000,0.0000,0.0000,0.0000,0.0000,0.0476,0.0476,-0.2516,-0.2516,0.0000
1791000671.2151,0.0199,0.0940,0.0000,0.0000,0.0000,0.0000,0.0000,0.0000,0.0000,0.0000,0.0000,0.0000,0.0476,0.0476,-0.2516,-0.2516,0.0000
1791000671.2351,0.0199,0.1419,0.0000,0.0000,0.0000,0.0000,0.0000,0.0000,0.0000,0.0000,0.0000,0.0000,0.0476,0.0476,-0.2516,-0.2516,0.0000
1791000671.2552,0.0201,0.1080,0.0000,0.0000,0.0000,0.0000,0.0000,0.0000,0.0000,0.0000,0.0000,0.0000,0.0476,0.0476,-0.2516,-0.2516,0.0000
1791000671.2751,0.0200,0.0983,0.0000,0.0000,0.0000,0.0000,0.0000,0.0000,0.0000,0.0000,0.0000,0.0000,0.0476,0.0506,-0.2516,-0.2516,0.0000
1791000671.2951,0.0200,0.1019,0.0000,0.0000,0.0000,0.0000,0.0000,0.0000,0.0000,0.0000,0.0000,0.0000,0.0476,0.0476,-0.2516,-0.2516,0.0000
1791000671.3151,0.0200,0.1228,0.0000,0.0000,0.0000,0.0000,0.0000,0.0000,0.0000,0.0000,0.0000,0.0000,0.0476,0.0476,-0.2516,-0.2516,0.0000
1791000671.3351,0.0200,0.1005,0.0000,0.0000,0.0000,0.0000,0.0000,0.0000,0.0000,0.0000,0.0000,0.0000,0.0476,0.0476,-0.2516,-0.2516,0.0000
1791000671.3551,0.0200,0.0982,0.0000,0.0000,0.0000,0.0000,0.0000,0.0000,0.0000,-0.0015,0.0000,0.0000,0.0476,0.0476,-0.2516,-0.2516,0.0000
1791000671.3752,0.0200,0.1020,0.0000,0.0000,0.0000,0.0000,0.0000,0.0000,0.0000,0.0015,0.0000,0.0000,0.0476,0.0476,-0.2516,-0.2516,0.0000
1791000671.3951,0.0200,0.0981,0.0000,0.0000,0.0000,0.0000,0.0000,0.0000,0.0000,-0.0015,0.0000,0.0000,0.0476,0.0476,-0.2516,-0.2516,0.0000
1791000671.4152,0.0200,0.0992,0.0000,0.0000,0.0000,0.0000,0.0000,0.0000,0.0000,0.0015,0.0000,0.0000,0.0476,0.0476,-0.2516,-0.2516,0.0000
1791000671.4352,0.0200,0.0982,0.0000,0.0000,0.0000,0.0000,0.0000,0.0000,0.0000,-0.0015,0.0000,0.0000,0.0476,0.0506,-0.2516,-0.2516,0.0000
1791000671.4551,0.0200,0.0980,0.0000,0.0000,0.0000,0.0000,0.0000,0.0000,0.0000,0.0015,0.0000,0.0000,0.0476,0.0506,-0.2516,-0.2516,0.0000
1791000671.4752,0.0200,0.0946,0.0000,0.0000,0.0000,0.0000,0.0000,0.0000,0.0000,0.0000,0.0000,0.0000,0.0476,0.0476,-0.2516,-0.2516,0.0000
1791000671.4952,0.0200,0.0936,0.0000,0.0000,0.0000,0.0000,0.0000,0.0000,0.0000,0.0000,0.0000,0.0000,0.0476,0.0506,-0.2516,-0.2516,0.0000
1791000671.5151,0.0199,0.0946,0.0000,0.0000,0.0000,0.0000,0.0000,0.0000,0.0000,0.0000,0.0000,0.0000,0.0476,0.0476,-0.2516,-0.2516,0.0000
1791000671.5351,0.0200,0.1025,0.0000,0.0000,0.0000,0.0000,0.0000,0.0000,0.0000,0.0000,0.0000,0.0000,0.0476,0.0476,-0.2516,-0.2516,0.0000
1791000671.5551,0.0200,0.0954,0.0000,0.0000,0.0000,0.0000,0.0000,0.0000,0.0000,0.0000,0.0000,0.0000,0.0476,0.0476,-0.2516,-0.2516,0.0000
1791000671.5751,0.0200,0.0966,0.0000,0.0000,0.0000,0.0000,0.0000,0.0000,0.0000,0.0000,0.0000,0.0000,0.0476,0.0476,-0.2516,-0.2516,0.0000
1791000671.5952,0.0200,0.0951,0.0000,0.0000,0.0000,0.0000,0.0000,0.0000,0.0000,0.0000,0.0000,0.0000,0.0476,0.0476,-0.2516,-0.2516,0.0000
1791000671.6152,0.0200,0.0937,0.0000,0.0000,0.0000,0.0000,0.0000,0.0000,0.0000,-0.0015,0.0000,0.0000,0.0476,0.0476,-0.2516,-0.2516,0.0000
1791000671.6352,0.0200,0.0967,0.0000,0.0000,0.0000,0.0000,0.0000,0.0000,0.0000,0.0000,0.0000,0.0000,0.0476,0.0476,-0.2516,-0.2516,0.0000
1791000671.6552,0.0200,0.0943,0.0000,0.0000,0.0000,0.0000,0.0000,0.0000,0.0000,0.0015,0.0000,0.0000,0.0476,0.0476,-0.2516,-0.2516,0.0000
1791000671.6752,0.0200,0.0947,0.0000,0.0000,0.0000,0.0000,0.0000,0.0000,0.0000,0.0000,0.0000,0.0000,0.0476,0.0476,-0.2516,-0.2516,0.0000
1791000671.6951,0.0200,0.0938,0.0000,0.0000,0.0000,0.0000,0.0000,0.0000,0.0000,0.0000,0.0000,0.0000,0.0476,0.0476,-0.2516,-0.2516,0.0000
1791000671.7152,0.0200,0.0943,0.0000,0.0000,0.0000,0.0000,0.0000,0.0000,0.0000,-0.0015,0.0000,0.0000,0.0476,0.0476,-0.2516,-0.2516,0.0000
1791000671.7352,0.0200,0.1495,0.0000,0.0000,0.0000,0.0000,0.0000,0.0000,0.0000,0.0015,0.0000,0.0000,0.0476,0.0476,-0.2516,-0.2516,0.0000
1791000671.7552,0.0200,0.1047,0.0000,0.0000,0.0000,0.0000,0.0000,0.0000,0.0000,-0.0015,0.0000,0.0000,0.0476,0.0476,-0.2516,-0.2516,0.0000
1791000671.7752,0.0200,0.0999,0.0000,0.0000,0.0000,0.0000,0.0000,0.0000,0.0000,0.0015,0.0000,0.0000,0.0476,0.0476,-0.2516,-0.2516,0.0000
1791000671.7951,0.0199,0.0995,0.0000,0.0000,0.0000,0.0000,0.0000,0.0000,0.0000,0.0000,0.0000,0.0000,0.0476,0.0476,-0.2516,-0.2516,0.0000
1791000671.8152,0.0200,0.0989,0.0000,0.0000,0.0000,0.0000,0.0000,0.0000,0.0000,0.0000,0.0000,0.0000,0.0476,0.0476,-0.2516,-0.2516,0.0000
1791000671.8352,0.0200,0.0988,0.0000,0.0000,0.0000,0.0000,0.0000,0.0000,0.0000,-0.0015,0.0000,0.0000,0.0476,0.0476,-0.2516,-0.2516,0.0000
1791000671.8552,0.0200,0.0991,0.0000,0.0000,0.0000,0.0000,0.0000,0.0000,0.0000,0.0015,0.0000,0.0000,0.0476,0.0476,-0.2516,-0.2516,0.0000
1791000671.8752,0.0200,0.0982,0.0000,0.0000,0.0000,0.0000,0.0000,0.0000,0.0000,0.0000,0.0000,0.0000,0.0476,0.0476,-0.2516,-0.2516,0.0000
1791000671.8952,0.0200,0.0942,0.0000,0.0000,0.0000,0.0000,0.0000,0.0000,0.0000,0.0000,0.0000,0.0000,0.0476,0.0476,-0.2516,-0.2531,0.0000
1791000671.9152,0.0200,0.0965,0.0000,0.0000,0.0000,0.0000,0.0000,0.0000,0.0000,0.0000,0.0000,0.0000,0.0476,0.0476,-0.2516,-0.2516,0.0000
1791000671.9350,0.0199,0.1035,0.0000,0.0000,0.0000,0.0000,0.0000,0.0000,0.0000,0.0000,0.0000,0.0000,0.0476,0.0476,-0.2516,-0.2516,0.0000
1791000671.9551,0.0201,0.0958,0.0000,0.0000,0.0000,0.0000,0.0000,0.0000,0.0000,0.0000,0.0000,0.0000,0.0476,0.0476,-0.2516,-0.2516,0.0000
1791000671.9752,0.0200,0.0970,0.0000,0.0000,0.0000,0.0000,0.0000,0.0000,0.0000,0.0000,0.0000,0.0000,0.0476,0.0476,-0.2516,-0.2516,0.0000
1791000671.9951,0.0200,0.0952,0.0000,0.0000,0.0000,0.0000,0.0000,0.0000,0.0000,0.0000,0.0000,0.0000,0.0476,0.0476,-0.2516,-0.2516,0.0000
1791000672.0151,0.0200,0.0938,0.0000,0.0000,0.0000,0.0000,0.0000,0.0000,-0.0015,-0.0015,0.0000,0.0000,0.0476,0.0476,-0.2516,-0.2516,0.0000
1791000672.0351,0.0200,0.0938,0.0000,0.0000,0.0000,0.0000,0.0000,0.0000,0.0015,0.0000,0.0000,0.0000,0.0476,0.0476,-0.2516,-0.2516,0.0000
1791000672.0552,0.0200,0.0937,0.0000,0.0000,0.0000,0.0000,0.0000,0.0000,0.0000,0.0015,0.0000,0.0000,0.0476,0.0476,-0.2516,-0.2516,0.0000
1791000672.0751,0.0200,0.0946,0.0000,0.0000,0.0000,0.0000,0.0000,0.0000,0.0000,0.0000,0.0000,0.0000,0.0476,0.0476,-0.2516,-0.2516,0.0000
1791000672.0951,0.0200,0.0946,0.0000,0.0000,0.0000,0.0000,0.0000,0.0000,0.0000,0.0000,0.0000,0.0000,0.0476,0.0476,-0.2516,-0.2516,0.0000
1791000672.1151,0.0200,0.0940,0.0000,0.0000,0.0000,0.0000,0.0000,0.0000,0.0000,0.0000,0.0000,0.0000,0.0476,0.0476,-0.2516,-0.2516,0.0000
1791000672.1350,0.0199,0.0940,0.0000,0.0000,0.0000,0.0000,0.0000,0.0000,0.0000,-0.0015,0.0000,0.0000,0.0476,0.0476,-0.2516,-0.2516,0.0000
1791000672.1551,0.0201,0.1027,0.0000,0.0000,0.0000,0.0000,0.0000,0.0000,0.0000,0.0000,0.0000,0.0000,0.0476,0.0476,-0.2516,-0.2516,0.0000
1791000672.1751,0.0200,0.0971,0.0000,0.0000,0.0000,0.0000,0.0000,0.0000,0.0000,0.0015,0.0000,0.0000,0.0476,0.0476,-0.2516,-0.2516,0.0000
1791000672.1951,0.0200,0.0941,0.0000,0.0000,0.0000,0.0000,0.0000,0.0000,0.0000,0.0000,0.0000,0.0000,0.0476,0.0476,-0.2516,-0.2516,0.0000
1791000672.2152,0.0200,0.0943,0.0000,0.0000,0.0000,0.0000,0.0000,0.0000,0.0000,0.0000,0.0000,0.0000,0.0476,0.0476,-0.2516,-0.2516,0.0000
1791000672.2352,0.0200,0.0948,0.0000,0.0000,0.0000,0.0000,0.0000,0.0000,0.0000,0.0000,0.0000,0.0000,0.0476,0.0476,-0.2516,-0.2516,0.0000
1791000672.2552,0.0200,0.0941,0.0000,0.0000,0.0000,0.0000,0.0000,0.0000,0.0000,0.0000,0.0000,0.0000,0.0476,0.0476,-0.2516,-0.2516,0.0000
1791000672.2751,0.0200,0.0942,0.0000,0.0000,0.0000,0.0000,0.0000,0.0000,0.0000,0.0000,0.0000,0.0000,0.0476,0.0476,-0.2516,-0.2516,0.0000
1791000672.2951,0.0200,0.0949,0.0000,0.0000,0.0000,0.0000,0.0000,0.0000,0.0000,0.0000,0.0000,0.0000,0.0476,0.0476,-0.2516,-0.2516,0.0000
1791000672.3151,0.0200,0.0946,0.0000,0.0000,0.0000,0.0000,0.0000,0.0000,0.0000,0.0000,0.0000,0.0000,0.0476,0.0476,-0.2516,-0.2516,0.0000
1791000672.3352,0.0201,0.0944,0.0000,0.0000,0.0000,0.0000,0.0000,0.0000,0.0000,-0.0015,0.0000,0.0000,0.0476,0.0476,-0.2516,-0.2516,0.0000
1791000672.3552,0.0200,0.1069,0.0000,0.0000,0.0000,0.0000,0.0000,0.0000,0.0000,0.0015,0.0000,0.0000,0.0476,0.0476,-0.2516,-0.2516,0.0000
1791000672.3752,0.0200,0.0971,0.0000,0.0000,0.0000,0.0000,0.0000,0.0000,0.0000,0.0000,0.0000,0.0000,0.0476,0.0476,-0.2516,-0.2516,0.0000
1791000672.3951,0.0200,0.0947,0.0000,0.0000,0.0000,0.0000,0.0000,0.0000,0.0000,0.0000,0.0000,0.0000,0.0476,0.0476,-0.2516,-0.2516,0.0000
1791000672.4151,0.0200,0.0949,0.0000,0.0000,0.0000,0.0000,0.0000,0.0000,0.0000,0.0000,0.0000,0.0000,0.0476,0.0476,-0.2516,-0.2516,0.0000
1791000672.4351,0.0200,0.0941,0.0000,0.0000,0.0000,0.0000,0.0000,0.0000,0.0000,0.0000,0.0000,0.0000,0.0476,0.0476,-0.2516,-0.2516,0.0000
1791000672.4552,0.0200,0.0948,0.0000,0.0000,0.0000,0.0000,0.0000,0.0000,0.0000,-0.0015,0.0000,0.0000,0.0476,0.0476,-0.2516,-0.2516,0.0000
1791000672.4752,0.0200,0.0899,0.0000,0.0000,0.0000,0.0000,0.0000,0.0000,0.0000,0.0015,0.0000,0.0000,0.0476,0.0476,-0.2516,-0.2516,0.0000
1791000672.4952,0.0200,0.0902,0.0000,0.0000,0.0000,0.0000,0.0000,0.0000,0.0000,0.0000,0.0000,0.0000,0.0476,0.0476,-0.2516,-0.2516,0.0000
1791000672.5152,0.0200,0.0909,0.0000,0.0000,0.0000,0.0000,0.0000,0.0000,0.0000,0.0000,0.0000,0.0000,0.0476,0.0476,-0.2516,-0.2531,0.0000
1791000672.5352,0.0200,0.0903,0.0000,0.0000,0.0000,0.0000,0.0000,0.0000,0.0000,0.0000,0.0000,0.0000,0.0476,0.0476,-0.2516,-0.2516,0.0000
1791000672.5551,0.0200,0.0914,0.0000,0.0000,0.0000,0.0000,0.0000,0.0000,0.0000,-0.0015,0.0000,0.0000,0.0476,0.0476,-0.2516,-0.2516,0.0000
1791000672.5751,0.0200,0.0928,0.0000,0.0000,0.0000,0.0000,0.0000,0.0000,0.0000,0.0015,0.0000,0.0000,0.0476,0.0476,-0.2516,-0.2516,0.0000
1791000672.5951,0.0200,0.0904,0.0000,0.0000,0.0000,0.0000,0.0000,0.0000,0.0000,0.0000,0.0000,0.0000,0.0476,0.0476,-0.2516,-0.2516,0.0000
1791000672.6152,0.0201,0.0898,0.0000,0.0000,0.0000,0.0000,0.0000,0.0000,0.0000,0.0000,0.0000,0.0000,0.0476,0.0476,-0.2516,-0.2516,0.0000
1791000672.6352,0.0200,0.0892,0.0000,0.0000,0.0000,0.0000,0.0000,0.0000,0.0000,0.0000,0.0000,0.0000,0.0476,0.0476,-0.2516,-0.2531,0.0000
1791000672.6552,0.0200,0.0910,0.0000,0.0000,0.0000,0.0000,0.0000,0.0000,0.0000,0.0000,0.0000,0.0000,0.0476,0.0476,-0.2516,-0.2516,0.0000
1791000672.6752,0.0200,0.0898,0.0000,0.0000,0.0000,0.0000,0.0000,0.0000,0.0000,0.0000,0.0000,0.0000,0.0476,0.0476,-0.2516,-0.2516,0.0000
1791000672.6951,0.0200,0.0904,0.0000,0.0000,0.0000,0.0000,0.0000,0.0000,0.0000,0.0000,0.0000,0.0000,0.0476,0.0476,-0.2516,-0.2516,0.0000
1791000672.7152,0.0200,0.0901,0.0000,0.0000,0.0000,0.0000,0.0000,0.0000,0.0000,0.0000,0.0000,0.0000,0.0476,0.0506,-0.2516,-0.2516,0.0000
1791000672.7352,0.0200,0.0900,0.0000,0.0000,0.0000,0.0000,0.0000,0.0000,0.0000,0.0000,0.0000,0.0000,0.0476,0.0476,-0.2516,-0.2516,0.0000
1791000672.7552,0.0200,0.0897,0.0000,0.0000,0.0000,0.0000,0.0000,0.0000,0.0000,0.0000,0.0000,0.0000,0.0476,0.0506,-0.2516,-0.2516,0.0000
1791000672.7751,0.0200,0.0950,0.0000,0.0000,0.0000,0.0000,0.0000,0.0000,0.0000,0.0000,0.0000,0.0000,0.0476,0.0476,-0.2516,-0.2516,0.0000
1791000672.7952,0.0200,0.0901,0.0000,0.0000,0.0000,0.0000,0.0000,0.0000,0.0000,0.0000,0.0000,0.0000,0.0476,0.0476,-0.2516,-0.2516,0.0000
1791000672.8150,0.0198,0.0898,0.0000,0.0000,0.0000,0.0000,0.0000,0.0000,0.0000,0.0000,0.0000,0.0000,0.0476,0.0476,-0.2516,-0.2516,0.0000
1791000672.8351,0.0201,0.0909,0.0000,0.0000,0.0000,0.0000,0.0000,0.0000,0.0000,0.0000,0.0000,0.0000,0.0476,0.0476,-0.2516,-0.2516,0.0000
1791000672.8552,0.0200,0.0893,0.0000,0.0000,0.0000,0.0000,0.0000,0.0000,0.0000,0.0000,0.0000,0.0000,0.0476,0.0476,-0.2516,-0.2516,0.0000
1791000672.8752,0.0200,0.0907,0.0000,0.0000,0.0000,0.0000,0.0000,0.0000,0.0000,0.0000,0.0000,0.0000,0.0476,0.0476,-0.2516,-0.2516,0.0000
1791000672.8952,0.0200,0.0899,0.0000,0.0000,0.0000,0.0000,0.0000,0.0000,0.0000,0.0000,0.0000,0.0000,0.0476,0.0476,-0.2516,-0.2516,0.0000
1791000672.9152,0.0200,0.0934,0.0000,0.0000,0.0000,0.0000,0.0000,0.0000,0.0000,0.0000,0.0000,0.0000,0.0476,0.0476,-0.2516,-0.2516,0.0000
1791000672.9352,0.0201,0.0947,0.0000,0.0000,0.0000,0.0000,0.0000,0.0000,0.0000,0.0000,0.0000,0.0000,0.0476,0.0476,-0.2516,-0.2516,0.0000
1791000672.9551,0.0199,0.0959,0.0000,0.0000,0.0000,0.0000,0.0000,0.0000,0.0000,0.0000,0.0000,0.0000,0.0476,0.0476,-0.2516,-0.2516,0.0000
1791000672.9752,0.0200,0.1030,0.0000,0.0000,0.0000,0.0000,0.0000,0.0000,0.0000,0.0000,0.0000,0.0000,0.0476,0.0476,-0.2516,-0.2516,0.0000
1791000672.9952,0.0200,0.0948,0.0000,0.0000,0.0000,0.0000,0.0000,0.0000,0.0000,0.0000,0.0000,0.0000,0.0476,0.0476,-0.2516,-0.2516,0.0000
1791000673.0152,0.0200,0.0944,0.0000,0.0000,0.0000,0.0000,0.0000,0.0000,0.0000,0.0000,0.0000,0.0000,0.0476,0.0476,-0.2516,-0.2516,0.0000
1791000673.0352,0.0200,0.0941,0.0000,0.0000,0.0000,0.0000,0.0000,0.0000,0.0000,0.0000,0.0000,0.0000,0.0476,0.0476,-0.2516,-0.2516,0.0000
1791000673.0552,0.0200,0.0938,0.0000,0.0000,0.0000,0.0000,0.0000,0.0000,0.0000,0.0000,0.0000,0.0000,0.0476,0.0476,-0.2516,-0.2516,0.0000
1791000673.0752,0.0200,0.0846,0.0000,0.0000,0.0000,0.0000,0.0000,0.0000,0.0000,0.0000,0.0000,0.0000,0.0476,0.0476,-0.2516,-0.2516,0.0000
1791000673.0952,0.0200,0.0946,0.0000,0.0000,0.0000,0.0000,0.0000,0.0000,0.0000,0.0000,0.0000,0.0000,0.0476,0.0476,-0.2516,-0.2516,0.0000
1791000673.1152,0.0200,0.0965,0.0000,0.0000,0.0000,0.0000,0.0000,0.0000,0.0000,0.0000,0.0000,0.0000,0.0476,0.0476,-0.2516,-0.2516,0.0000
1791000673.1350,0.0199,0.0945,0.0000,0.0000,0.0000,0.0000,0.0000,0.0000,0.0000,-0.0015,0.0000,0.0000,0.0476,0.0476,-0.2516,-0.2516,0.0000
1791000673.1551,0.0201,0.0938,0.0000,0.0000,0.0000,0.0000,0.0000,0.0000,-0.0015,0.0015,0.0000,0.0000,0.0476,0.0476,-0.2516,-0.2516,0.0000
1791000673.1751,0.0200,0.0961,0.0000,0.0000,0.0000,0.0000,0.0000,0.0000,0.0015,0.0000,0.0000,0.0000,0.0476,0.0476,-0.2516,-0.2516,0.0000
1791000673.1951,0.0200,0.0988,0.0000,0.0000,0.0000,0.0000,0.0000,0.0000,0.0000,-0.0015,0.0000,0.0000,0.0476,0.0476,-0.2516,-0.2516,0.0000
1791000673.2152,0.0201,0.0955,0.0000,0.0000,0.0000,0.0000,0.0000,0.0000,0.0000,0.0015,0.0000,0.0000,0.0476,0.0476,-0.2516,-0.2516,0.0000
1791000673.2352,0.0200,0.0944,0.0000,0.0000,0.0000,0.0000,0.0000,0.0000,0.0000,0.0000,0.0000,0.0000,0.0476,0.0476,-0.2516,-0.2516,0.0000
1791000673.2552,0.0200,0.0947,0.0000,0.0000,0.0000,0.0000,0.0000,0.0000,0.0000,0.0000,0.0000,0.0000,0.0476,0.0476,-0.2516,-0.2516,0.0000
1791000673.2752,0.0200,0.0943,0.0000,0.0000,0.0000,0.0000,0.0000,0.0000,0.0000,0.0000,0.0000,0.0000,0.0476,0.0476,-0.2516,-0.2516,0.0000
1791000673.2952,0.0200,0.1087,0.0000,0.0000,0.0000,0.0000,0.0000,0.0000,0.0000,0.0000,0.0000,0.0000,0.0476,0.0476,-0.2516,-0.2516,0.0000
1791000673.3152,0.0200,0.0964,0.0000,0.0000,0.0000,0.0000,0.0000,0.0000,0.0000,0.0000,0.0000,0.0000,0.0476,0.0476,-0.2516,-0.2516,0.0000
1791000673.3352,0.0200,0.0949,0.0000,0.0000,0.0000,0.0000,0.0000,0.0000,0.0000,0.0000,0.0000,0.0000,0.0476,0.0476,-0.2516,-0.2516,0.0000
1791000673.3552,0.0200,0.0945,0.0000,0.0000,0.0000,0.0000,0.0000,0.0000,0.0000,0.0000,0.0000,0.0000,0.0476,0.0476,-0.2516,-0.2516,0.0000
1791000673.3752,0.0200,0.0975,0.0000,0.0000,0.0000,0.0000,0.0000,0.0000,0.0000,0.0000,0.0000,0.0000,0.0476,0.0476,-0.2516,-0.2516,0.0000
1791000673.3950,0.0199,0.1035,0.0000,0.0000,0.0000,0.0000,0.0000,0.0000,0.0000,0.0000,0.0000,0.0000,0.0476,0.0476,-0.2516,-0.2516,0.0000
1791000673.4152,0.0201,0.0964,0.0000,0.0000,0.0000,0.0000,0.0000,0.0000,0.0000,0.0000,0.0000,0.0000,0.0476,0.0476,-0.2516,-0.2516,0.0000
1791000673.4351,0.0200,0.0951,0.0000,0.0000,0.0000,0.0000,0.0000,0.0000,0.0000,0.0000,0.0000,0.0000,0.0476,0.0476,-0.2516,-0.2516,0.0000
1791000673.4551,0.0200,0.0959,0.0000,0.0000,0.0000,0.0000,0.0000,0.0000,0.0000,0.0000,0.0000,0.0000,0.0476,0.0476,-0.2516,-0.2516,0.0000
1791000673.4751,0.0200,0.0942,0.0000,0.0000,0.0000,0.0000,0.0000,0.0000,0.0000,0.0000,0.0000,0.0000,0.0476,0.0476,-0.2516,-0.2516,0.0000
1791000673.4952,0.0200,0.0896,0.0000,0.0000,0.0000,0.0000,0.0000,0.0000,0.0000,0.0000,0.0000,0.0000,0.0476,0.0476,-0.2516,-0.2516,0.0000
1791000673.5151,0.0200,0.0945,0.0000,0.0000,0.0000,0.0000,0.0000,0.0000,0.0000,0.0000,0.0000,0.0000,0.0476,0.0476,-0.2516,-0.2516,0.0000
1791000673.5351,0.0200,0.0896,0.0000,0.0000,0.0000,0.0000,0.0000,0.0000,0.0000,0.0000,0.0000,0.0000,0.0476,0.0476,-0.2516,-0.2516,0.0000
1791000673.5551,0.0200,0.0910,0.0000,0.0000,0.0000,0.0000,0.0000,0.0000,0.0000,0.0000,0.0000,0.0000,0.0476,0.0476,-0.2516,-0.2516,0.0000
1791000673.5752,0.0201,0.0927,0.0000,0.0000,0.0000,0.0000,0.0000,0.0000,0.0000,0.0000,0.0000,0.0000,0.0476,0.0476,-0.2516,-0.2516,0.0000
1791000673.5951,0.0199,0.0985,0.0000,0.0000,0.0000,0.0000,0.0000,0.0000,0.0000,0.0000,0.0000,0.0000,0.0476,0.0476,-0.2516,-0.2516,0.0000
1791000673.6151,0.0201,0.0982,0.0000,0.0000,0.0000,0.0000,0.0000,0.0000,0.0000,0.0000,0.0000,0.0000,0.0476,0.0476,-0.2516,-0.2516,0.0000
1791000673.6352,0.0200,0.0942,0.0000,0.0000,0.0000,0.0000,0.0000,0.0000,0.0000,0.0000,0.0000,0.0000,0.0476,0.0476,-0.2516,-0.2516,0.0000
1791000673.6551,0.0200,0.0901,0.0000,0.0000,0.0000,0.0000,0.0000,0.0000,0.0000,0.0000,0.0000,0.0000,0.0476,0.0476,-0.2516,-0.2516,0.0000
1791000673.6752,0.0200,0.0898,0.0000,0.0000,0.0000,0.0000,0.0000,0.0000,0.0000,0.0000,0.0000,0.0000,0.0476,0.0476,-0.2516,-0.2516,0.0000
1791000673.6952,0.0200,0.0899,0.0000,0.0000,0.0000,0.0000,0.0000,0.0000,0.0000,0.0000,0.0000,0.0000,0.0476,0.0476,-0.2516,-0.2516,0.0000
1791000673.7152,0.0200,0.0903,0.0000,0.0000,0.0000,0.0000,0.0000,0.0000,0.0000,0.0000,0.0000,0.0000,0.0476,0.0476,-0.2516,-0.2516,0.0000
1791000673.7352,0.0200,0.0921,0.0000,0.0000,0.0000,0.0000,0.0000,0.0000,0.0000,0.0000,0.0000,0.0000,0.0476,0.0476,-0.2516,-0.2516,0.0000
1791000673.7552,0.0200,0.0897,0.0000,0.0000,0.0000,0.0000,0.0000,0.0000,0.0000,0.0000,0.0000,0.0000,0.0476,0.0476,-0.2516,-0.2516,0.0000
1791000673.7752,0.0200,0.0916,0.0000,0.0000,0.0000,0.0000,0.0000,0.0000,0.0000,0.0000,0.0000,0.0000,0.0476,0.0476,-0.2516,-0.2516,0.0000
1791000673.7951,0.0200,0.0897,0.0000,0.0000,0.0000,0.0000,0.0000,0.0000,0.0000,0.0000,0.0000,0.0000,0.0476,0.0476,-0.2516,-0.2516,0.0000
1791000673.8151,0.0200,0.1065,0.0000,0.0000,0.0000,0.0000,0.0000,0.0000,0.0000,-0.0015,0.0000,0.0000,0.0476,0.0476,-0.2516,-0.2516,0.0000
1791000673.8352,0.0200,0.0955,0.0000,0.0000,0.0000,0.0000,0.0000,0.0000,0.0000,0.0015,0.0000,0.0000,0.0476,0.0476,-0.2516,-0.2516,0.0000
1791000673.8551,0.0199,0.0900,0.0000,0.0000,0.0000,0.0000,0.0000,0.0000,0.0000,0.0000,0.0000,0.0000,0.0476,0.0476,-0.2516,-0.2516,0.0000
1791000673.8752,0.0200,0.0894,0.0000,0.0000,0.0000,0.0000,0.0000,0.0000,0.0000,0.0000,0.0000,0.0000,0.0476,0.0476,-0.2516,-0.2516,0.0000
1791000673.8952,0.0200,0.0897,0.0000,0.0000,0.0000,0.0000,0.0000,0.0000,0.0000,0.0000,0.0000,0.0000,0.0476,0.0476,-0.2516,-0.2516,0.0000
1791000673.9152,0.0200,0.0901,0.0000,0.0000,0.0000,0.0000,0.0000,0.0000,0.0000,0.0000,0.0000,0.0000,0.0476,0.0476,-0.2516,-0.2516,0.0000
1791000673.9351,0.0200,0.0902,0.0000,0.0000,0.0000,0.0000,0.0000,0.0000,0.0000,-0.0015,0.0000,0.0000,0.0476,0.0506,-0.2516,-0.2516,0.0000
1791000673.9552,0.0200,0.0905,0.0000,0.0000,0.0000,0.0000,0.0000,0.0000,0.0000,0.0015,0.0000,0.0000,0.0476,0.0476,-0.2516,-0.2516,0.0000
1791000673.9752,0.0200,0.0920,0.0000,0.0000,0.0000,0.0000,0.0000,0.0000,0.0000,0.0000,0.0000,0.0000,0.0476,0.0476,-0.2516,-0.2516,0.0000
1791000673.9952,0.0200,0.0946,0.0000,0.0000,0.0000,0.0000,0.0000,0.0000,0.0000,-0.0015,0.0000,0.0000,0.0476,0.0476,-0.2516,-0.2516,0.0000
1791000674.0152,0.0200,0.1106,0.0000,0.0000,0.0000,0.0000,0.0000,0.0000,0.0000,0.0015,0.0000,0.0000,0.0476,0.0476,-0.2516,-0.2516,0.0000
1791000674.0351,0.0200,0.0967,0.0000,0.0000,0.0000,0.0000,0.0000,0.0000,0.0000,0.0000,0.0000,0.0000,0.0476,0.0476,-0.2516,-0.2516,0.0000
1791000674.0551,0.0200,0.0953,0.0000,0.0000,0.0000,0.0000,0.0000,0.0000,0.0000,0.0000,0.0000,0.0000,0.0476,0.0476,-0.2516,-0.2516,0.0000
1791000674.0752,0.0200,0.0943,0.0000,0.0000,0.0000,0.0000,0.0000,0.0000,0.0000,-0.0015,0.0000,0.0000,0.0476,0.0476,-0.2516,-0.2516,0.0000
1791000674.0950,0.0199,0.0938,0.0000,0.0000,0.0000,0.0000,0.0000,0.0000,0.0000,0.0000,0.0000,0.0000,0.0476,0.0476,-0.2516,-0.2516,0.0000
1791000674.1152,0.0201,0.0947,0.0000,0.0000,0.0000,0.0000,0.0000,0.0000,0.0000,0.0015,0.0000,0.0000,0.0476,0.0476,-0.2516,-0.2516,0.0000
1791000674.1351,0.0200,0.0933,0.0000,0.0000,0.0000,0.0000,0.0000,0.0000,0.0000,0.0000,0.0000,0.0000,0.0476,0.0476,-0.2516,-0.2516,0.0000
1791000674.1552,0.0200,0.0943,0.0000,0.0000,0.0000,0.0000,0.0000,0.0000,0.0000,0.0000,0.0000,0.0000,0.0476,0.0476,-0.2516,-0.2516,0.0000
1791000674.1752,0.0200,0.0956,0.0000,0.0000,0.0000,0.0000,0.0000,0.0000,0.0000,0.0000,0.0000,0.0000,0.0476,0.0476,-0.2516,-0.2516,0.0000
1791000674.1952,0.0200,0.0940,0.0000,0.0000,0.0000,0.0000,0.0000,0.0000,0.0000,0.0000,0.0000,0.0000,0.0476,0.0506,-0.2516,-0.2516,0.0000
1791000674.2152,0.0200,0.1051,0.0000,0.0000,0.0000,0.0000,0.0000,0.0000,0.0000,0.0000,0.0000,0.0000,0.0476,0.0476,-0.2516,-0.2516,0.0000
1791000674.2351,0.0200,0.0976,0.0000,0.0000,0.0000,0.0000,0.0000,0.0000,0.0000,0.0000,0.0000,0.0000,0.0476,0.0476,-0.2516,-0.2516,0.0000
1791000674.2551,0.0200,0.0948,0.0000,0.0000,0.0000,0.0000,0.0000,0.0000,0.0000,0.0000,0.0000,0.0000,0.0476,0.0476,-0.2516,-0.2516,0.0000
1791000674.2751,0.0199,0.1732,0.0000,0.0000,0.0000,0.0000,0.0000,0.0000,0.0000,0.0000,0.0000,0.0000,0.0476,0.0476,-0.2516,-0.2516,0.0000
1791000674.2951,0.0201,0.1516,0.0000,0.0000,0.0000,0.0000,0.0000,0.0000,0.0000,0.0000,0.0000,0.0000,0.0476,0.0476,-0.2516,-0.2516,0.0000
1791000674.3152,0.0200,0.1361,0.0000,0.0000,0.0000,0.0000,0.0000,0.0000,0.0000,0.0000,0.0000,0.0000,0.0476,0.0476,-0.2516,-0.2516,0.0000
1791000674.3351,0.0199,0.1263,0.0000,0.0000,0.0000,0.0000,0.0000,0.0000,0.0000,0.0000,0.0000,0.0000,0.0476,0.0476,-0.2516,-0.2516,0.0000
1791000674.3551,0.0200,0.1111,0.0000,0.0000,0.0000,0.0000,0.0000,0.0000,0.0000,0.0000,0.0000,0.0000,0.0476,0.0506,-0.2516,-0.2516,0.0000
1791000674.3751,0.0200,0.1107,0.0000,0.0000,0.0000,0.0000,0.0000,0.0000,0.0000,0.0000,0.0000,0.0000,0.0476,0.0476,-0.2516,-0.2516,0.0000
1791000674.3951,0.0200,0.1061,0.0000,0.0000,0.0000,0.0000,0.0000,0.0000,0.0000,0.0000,0.0000,0.0000,0.0476,0.0476,-0.2516,-0.2516,0.0000
1791000674.4152,0.0200,0.1270,0.0000,0.0000,0.0000,0.0000,0.0000,0.0000,0.0000,0.0000,0.0000,0.0000,0.0476,0.0476,-0.2516,-0.2516,0.0000
1791000674.4351,0.0200,0.1435,0.0000,0.0000,0.0000,0.0000,0.0000,0.0000,0.0000,0.0000,0.0000,0.0000,0.0476,0.0506,-0.2516,-0.2516,0.0000
1791000674.4551,0.0200,0.1125,0.0000,0.0000,0.0000,0.0000,0.0000,0.0000,0.0000,-0.0015,0.0000,0.0000,0.0476,0.0476,-0.2516,-0.2516,0.0000
1791000674.4751,0.0200,0.1277,0.0000,0.0000,0.0000,0.0000,0.0000,0.0000,0.0000,0.0000,0.0000,0.0000,0.0476,0.0476,-0.2516,-0.2516,0.0000
1791000674.4951,0.0200,0.1125,0.0000,0.0000,0.0000,0.0000,0.0000,0.0000,0.0000,0.0015,0.0000,0.0000,0.0476,0.0476,-0.2516,-0.2516,0.0000
1791000674.5152,0.0200,0.1021,0.0000,0.0000,0.0000,0.0000,0.0000,0.0000,0.0000,0.0000,0.0000,0.0000,0.0476,0.0476,-0.2516,-0.2516,0.0000
1791000674.5352,0.0200,0.0923,0.0000,0.0000,0.0000,0.0000,0.0000,0.0000,0.0000,0.0000,0.0000,0.0000,0.0476,0.0476,-0.2516,-0.2516,0.0000
1791000674.5551,0.0200,0.0941,0.0000,0.0000,0.0000,0.0000,0.0000,0.0000,0.0000,0.0000,0.0000,0.0000,0.0476,0.0506,-0.2516,-0.2516,0.0000
1791000674.5751,0.0200,0.1128,0.0000,0.0000,0.0000,0.0000,0.0000,0.0000,0.0000,0.0000,0.0000,0.0000,0.0476,0.0476,-0.2516,-0.2516,0.0000
1791000674.5951,0.0200,0.0953,0.0000,0.0000,0.0000,0.0000,0.0000,0.0000,0.0000,0.0000,0.0000,0.0000,0.0476,0.0476,-0.2516,-0.2516,0.0000
1791000674.6151,0.0200,0.0939,0.0000,0.0000,0.0000,0.0000,0.0000,0.0000,0.0000,0.0000,0.0000,0.0000,0.0476,0.0476,-0.2516,-0.2516,0.0000
1791000674.6352,0.0200,0.1146,0.0000,0.0000,0.0000,0.0000,0.0000,0.0000,0.0000,0.0000,0.0000,0.0000,0.0476,0.0476,-0.2516,-0.2516,0.0000
1791000674.6552,0.0200,0.0953,0.0000,0.0000,0.0000,0.0000,0.0000,0.0000,0.0000,0.0000,0.0000,0.0000,0.0476,0.0476,-0.2516,-0.2516,0.0000
1791000674.6751,0.0200,0.0947,0.0000,0.0000,0.0000,0.0000,0.0000,0.0000,0.0000,0.0000,0.0000,0.0000,0.0476,0.0476,-0.2516,-0.2516,0.0000
1791000674.6952,0.0201,0.0955,0.0000,0.0000,0.0000,0.0000,0.0000,0.0000,0.0000,0.0000,0.0000,0.0000,0.0476,0.0476,-0.2516,-0.2516,0.0000
1791000674.7151,0.0200,0.0937,0.0000,0.0000,0.0000,0.0000,0.0000,0.0000,0.0000,0.0000,0.0000,0.0000,0.0476,0.0476,-0.2516,-0.2516,0.0000
1791000674.7352,0.0200,0.0930,0.0000,0.0000,0.0000,0.0000,0.0000,0.0000,0.0000,0.0000,0.0000,0.0000,0.0476,0.0476,-0.2516,-0.2516,0.0000
1791000674.7551,0.0200,0.0922,0.0000,0.0000,0.0000,0.0000,0.0000,0.0000,0.0000,0.0000,0.0000,0.0000,0.0476,0.0476,-0.2516,-0.2516,0.0000
1791000674.7751,0.0200,0.0959,0.0000,0.0000,0.0000,0.0000,0.0000,0.0000,0.0000,0.0000,0.0000,0.0000,0.0476,0.0476,-0.2516,-0.2516,0.0000
1791000674.7952,0.0200,0.0915,0.0000,0.0000,0.0000,0.0000,0.0000,0.0000,0.0000,0.0000,0.0000,0.0000,0.0476,0.0476,-0.2516,-0.2516,0.0000
1791000674.8151,0.0200,0.0911,0.0000,0.0000,0.0000,0.0000,0.0000,0.0000,0.0000,0.0000,0.0000,0.0000,0.0476,0.0476,-0.2516,-0.2516,0.0000
1791000674.8351,0.0200,0.0923,0.0000,0.0000,0.0000,0.0000,0.0000,0.0000,0.0000,0.0000,0.0000,0.0000,0.0476,0.0476,-0.2516,-0.2516,0.0000
1791000674.8551,0.0200,0.1115,0.0000,0.0000,0.0000,0.0000,0.0000,0.0000,0.0000,0.0000,0.0000,0.0000,0.0476,0.0476,-0.2516,-0.2516,0.0000
1791000674.8751,0.0200,0.0913,0.0000,0.0000,0.0000,0.0000,0.0000,0.0000,0.0000,0.0000,0.0000,0.0000,0.0476,0.0476,-0.2516,-0.2516,0.0000
1791000674.8951,0.0200,0.0898,0.0000,0.0000,0.0000,0.0000,0.0000,0.0000,0.0000,0.0000,0.0000,0.0000,0.0476,0.0476,-0.2516,-0.2516,0.0000
1791000674.9152,0.0200,0.0992,0.0000,0.0000,0.0000,0.0000,0.0000,0.0000,0.0000,0.0000,0.0000,0.0000,0.0476,0.0476,-0.2516,-0.2516,0.0000
1791000674.9351,0.0200,0.0922,0.0000,0.0000,0.0000,0.0000,0.0000,0.0000,0.0000,0.0000,0.0000,0.0000,0.0476,0.0476,-0.2516,-0.2516,0.0000
1791000674.9551,0.0200,0.0924,0.0000,0.0000,0.0000,0.0000,0.0000,0.0000,0.0000,0.0000,0.0000,0.0000,0.0476,0.0476,-0.2516,-0.2516,0.0000
1791000674.9751,0.0200,0.0949,0.0000,0.0000,0.0000,0.0000,0.0000,0.0000,0.0000,0.0000,0.0000,0.0000,0.0476,0.0476,-0.2516,-0.2516,0.0000
1791000674.9951,0.0200,0.0906,0.0000,0.0000,0.0000,0.0000,0.0000,0.0000,0.0000,0.0000,0.0000,0.0000,0.0476,0.0506,-0.2516,-0.2516,0.0000
1791000675.0151,0.0200,0.0906,0.0000,0.0000,0.0000,0.0000,0.0000,0.0000,0.0000,0.0000,0.0000,0.0000,0.0476,0.0476,-0.2516,-0.2516,0.0000
1791000675.0352,0.0200,0.0908,0.0000,0.0000,0.0000,0.0000,0.0000,0.0000,0.0000,-0.0015,0.0000,0.0000,0.0476,0.0476,-0.2516,-0.2516,0.0000
1791000675.0551,0.0200,0.0965,0.0000,0.0000,0.0000,0.0000,0.0000,0.0000,0.0000,0.0015,0.0000,0.0000,0.0476,0.0476,-0.2516,-0.2516,0.0000
1791000675.0751,0.0200,0.0907,0.0000,0.0000,0.0000,0.0000,0.0000,0.0000,0.0000,0.0000,0.0000,0.0000,0.0476,0.0476,-0.2516,-0.2516,0.0000
1791000675.0952,0.0200,0.0913,0.0000,0.0000,0.0000,0.0000,0.0000,0.0000,0.0000,0.0000,0.0000,0.0000,0.0476,0.0476,-0.2516,-0.2516,0.0000
1791000675.1151,0.0199,0.0913,0.0000,0.0000,0.0000,0.0000,0.0000,0.0000,0.0000,0.0000,0.0000,0.0000,0.0476,0.0476,-0.2516,-0.2516,0.0000
1791000675.1352,0.0201,0.0906,0.0000,0.0000,0.0000,0.0000,0.0000,0.0000,0.0000,0.0000,0.0000,0.0000,0.0476,0.0506,-0.2516,-0.2516,0.0000
1791000675.1552,0.0200,0.0910,0.0000,0.0000,0.0000,0.0000,0.0000,0.0000,0.0000,0.0000,0.0000,0.0000,0.0476,0.0476,-0.2516,-0.2516,0.0000
1791000675.1752,0.0200,0.0943,0.0000,0.0000,0.0000,0.0000,0.0000,0.0000,0.0000,0.0000,0.0000,0.0000,0.0476,0.0476,-0.2516,-0.2516,0.0000
1791000675.1951,0.0200,0.0898,0.0000,0.0000,0.0000,0.0000,0.0000,0.0000,0.0000,-0.0015,0.0000,0.0000,0.0476,0.0476,-0.2516,-0.2516,0.0000
1791000675.2152,0.0200,0.0863,0.0000,0.0000,0.0000,0.0000,0.0000,0.0000,0.0000,0.0015,0.0000,0.0000,0.0476,0.0476,-0.2516,-0.2516,0.0000
1791000675.2352,0.0200,0.0900,0.0000,0.0000,0.0000,0.0000,0.0000,0.0000,0.0000,-0.0015,0.0000,0.0000,0.0476,0.0476,-0.2516,-0.2516,0.0000
1791000675.2551,0.0200,0.0996,0.0000,0.0000,0.0000,0.0000,0.0000,0.0000,0.0000,0.0015,0.0000,0.0000,0.0476,0.0476,-0.2516,-0.2516,0.0000
1791000675.2751,0.0200,0.0908,0.0000,0.0000,0.0000,0.0000,0.0000,0.0000,0.0000,0.0000,0.0000,0.0000,0.0476,0.0476,-0.2516,-0.2516,0.0000
1791000675.2952,0.0200,0.0948,0.0000,0.0000,0.0000,0.0000,0.0000,0.0000,0.0000,0.0000,0.0000,0.0000,0.0476,0.0476,-0.2516,-0.2516,0.0000
1791000675.3152,0.0200,0.0917,0.0000,0.0000,0.0000,0.0000,0.0000,0.0000,0.0000,0.0000,0.0000,0.0000,0.0476,0.0506,-0.2516,-0.2516,0.0000
1791000675.3351,0.0199,0.0907,0.0000,0.0000,0.0000,0.0000,0.0000,0.0000,0.0000,0.0000,0.0000,0.0000,0.0476,0.0476,-0.2516,-0.2516,0.0000
1791000675.3552,0.0201,0.0902,0.0000,0.0000,0.0000,0.0000,0.0000,0.0000,0.0000,0.0000,0.0000,0.0000,0.0476,0.0476,-0.2516,-0.2516,0.0000
1791000675.3752,0.0200,0.0926,0.0000,0.0000,0.0000,0.0000,0.0000,0.0000,0.0000,0.0000,0.0000,0.0000,0.0476,0.0476,-0.2516,-0.2516,0.0000
1791000675.3952,0.0200,0.0900,0.0000,0.0000,0.0000,0.0000,0.0000,0.0000,0.0000,0.0000,0.0000,0.0000,0.0476,0.0476,-0.2516,-0.2516,0.0000
1791000675.4152,0.0200,0.0893,0.0000,0.0000,0.0000,0.0000,0.0000,0.0000,0.0000,0.0000,0.0000,0.0000,0.0476,0.0476,-0.2516,-0.2516,0.0000
1791000675.4352,0.0200,0.0900,0.0000,0.0000,0.0000,0.0000,0.0000,0.0000,0.0000,0.0000,0.0000,0.0000,0.0476,0.0476,-0.2516,-0.2516,0.0000
1791000675.4551,0.0199,0.0898,0.0000,0.0000,0.0000,0.0000,0.0000,0.0000,0.0000,0.0000,0.0000,0.0000,0.0476,0.0476,-0.2516,-0.2516,0.0000
1791000675.4751,0.0200,0.0927,0.0000,0.0000,0.0000,0.0000,0.0000,0.0000,0.0000,0.0000,0.0000,0.0000,0.0476,0.0476,-0.2516,-0.2516,0.0000
1791000675.4952,0.0200,0.0930,0.0000,0.0000,0.0000,0.0000,0.0000,0.0000,0.0000,0.0000,0.0000,0.0000,0.0476,0.0476,-0.2516,-0.2516,0.0000
1791000675.5152,0.0200,0.0963,0.0000,0.0000,0.0000,0.0000,0.0000,0.0000,0.0000,0.0000,0.0000,0.0000,0.0476,0.0476,-0.2516,-0.2516,0.0000
1791000675.5352,0.0200,0.0949,0.0000,0.0000,0.0000,0.0000,0.0000,0.0000,0.0000,0.0000,0.0000,0.0000,0.0476,0.0476,-0.2516,-0.2516,0.0000
1791000675.5552,0.0200,0.0949,0.0000,0.0000,0.0000,0.0000,0.0000,0.0000,0.0000,0.0000,0.0000,0.0000,0.0476,0.0476,-0.2516,-0.2516,0.0000
1791000675.5752,0.0200,0.0966,0.0000,0.0000,0.0000,0.0000,0.0000,0.0000,0.0000,0.0000,0.0000,0.0000,0.0476,0.0476,-0.2516,-0.2516,0.0000
1791000675.5951,0.0200,0.1260,0.0000,0.0000,0.0000,0.0000,0.0000,0.0000,0.0000,0.0000,0.0000,0.0000,0.0476,0.0476,-0.2516,-0.2516,0.0000
1791000675.6151,0.0200,0.1065,0.0000,0.0000,0.0000,0.0000,0.0000,0.0000,0.0000,0.0000,0.0000,0.0000,0.0476,0.0476,-0.2516,-0.2516,0.0000
1791000675.6351,0.0200,0.1010,0.0000,0.0000,0.0000,0.0000,0.0000,0.0000,0.0000,0.0000,0.0000,0.0000,0.0476,0.0476,-0.2516,-0.2516,0.0000
1791000675.6551,0.0200,0.0971,0.0000,0.0000,0.0000,0.0000,0.0000,0.0000,-0.0015,0.0000,0.0000,0.0000,0.0476,0.0506,-0.2516,-0.2516,0.0000
1791000675.6752,0.0200,0.1163,0.0000,0.0000,0.0000,0.0000,0.0000,0.0000,0.0015,0.0000,0.0000,0.0000,0.0476,0.0476,-0.2516,-0.2516,0.0000
1791000675.6951,0.0200,0.1063,0.0000,0.0000,0.0000,0.0000,0.0000,0.0000,0.0000,0.0000,0.0000,0.0000,0.0476,0.0476,-0.2516,-0.2516,0.0000
1791000675.7151,0.0200,0.1082,0.0000,0.0000,0.0000,0.0000,0.0000,0.0000,0.0000,0.0000,0.0000,0.0000,0.0476,0.0476,-0.2516,-0.2516,0.0000
1791000675.7351,0.0200,0.1017,0.0000,0.0000,0.0000,0.0000,0.0000,0.0000,0.0000,0.0000,0.0000,0.0000,0.0476,0.0476,-0.2516,-0.2516,0.0000
1791000675.7551,0.0200,0.1015,0.0000,0.0000,0.0000,0.0000,0.0000,0.0000,0.0000,0.0000,0.0000,0.0000,0.0476,0.0476,-0.2516,-0.2516,0.0000
1791000675.7751,0.0200,0.1001,0.0000,0.0000,0.0000,0.0000,0.0000,0.0000,0.0000,0.0000,0.0000,0.0000,0.0476,0.0476,-0.2516,-0.2516,0.0000
1791000675.7951,0.0200,0.0978,0.0000,0.0000,0.0000,0.0000,0.0000,0.0000,0.0000,0.0000,0.0000,0.0000,0.0476,0.0476,-0.2516,-0.2516,0.0000
1791000675.8152,0.0201,0.1157,0.0000,0.0000,0.0000,0.0000,0.0000,0.0000,0.0000,0.0000,0.0000,0.0000,0.0476,0.0476,-0.2516,-0.2516,0.0000
1791000675.8351,0.0200,0.1018,0.0000,0.0000,0.0000,0.0000,0.0000,0.0000,0.0000,0.0000,0.0000,0.0000,0.0476,0.0476,-0.2516,-0.2516,0.0000
1791000675.8552,0.0200,0.0952,0.0000,0.0000,0.0000,0.0000,0.0000,0.0000,0.0000,0.0000,0.0000,0.0000,0.0476,0.0476,-0.2516,-0.2516,0.0000
1791000675.8750,0.0199,0.1130,0.0000,0.0000,0.0000,0.0000,0.0000,0.0000,0.0000,0.0000,0.0000,0.0000,0.0476,0.0476,-0.2516,-0.2516,0.0000
1791000675.8951,0.0201,0.1040,0.0000,0.0000,0.0000,0.0000,0.0000,0.0000,0.0000,0.0000,0.0000,0.0000,0.0476,0.0476,-0.2516,-0.2516,0.0000
1791000675.9151,0.0200,0.0997,0.0000,0.0000,0.0000,0.0000,0.0000,0.0000,0.0000,0.0000,0.0000,0.0000,0.0476,0.0476,-0.2516,-0.2516,0.0000
1791000675.9351,0.0200,0.0953,0.0000,0.0000,0.0000,0.0000,0.0000,0.0000,0.0000,-0.0015,0.0000,0.0000,0.0476,0.0476,-0.2516,-0.2516,0.0000
1791000675.9551,0.0200,0.0972,0.0000,0.0000,0.0000,0.0000,0.0000,0.0000,0.0000,0.0000,0.0000,0.0000,0.0476,0.0476,-0.2516,-0.2516,0.0000
1791000675.9751,0.0200,0.0957,0.0000,0.0000,0.0000,0.0000,0.0000,0.0000,0.0000,0.0015,0.0000,0.0000,0.0476,0.0476,-0.2516,-0.2516,0.0000
1791000675.9951,0.0200,0.0961,0.0000,0.0000,0.0000,0.0000,0.0000,0.0000,0.0000,0.0000,0.0000,0.0000,0.0476,0.0476,-0.2516,-0.2516,0.0000
1791000676.0151,0.0200,0.0937,0.0000,0.0000,0.0000,0.0000,0.0000,0.0000,0.0000,0.0000,0.0000,0.0000,0.0476,0.0476,-0.2516,-0.2516,0.0000
1791000676.0351,0.0200,0.0916,0.0000,0.0000,0.0000,0.0000,0.0000,0.0000,0.0000,0.0000,0.0000,0.0000,0.0476,0.0476,-0.2516,-0.2516,0.0000
1791000676.0552,0.0200,0.1306,0.0000,0.0000,0.0000,0.0000,0.0000,0.0000,0.0000,0.0000,0.0000,0.0000,0.0476,0.0476,-0.2516,-0.2516,0.0000
1791000676.0751,0.0200,0.1010,0.0000,0.0000,0.0000,0.0000,0.0000,0.0000,0.0000,-0.0015,0.0000,0.0000,0.0476,0.0476,-0.2516,-0.2516,0.0000
1791000676.0951,0.0200,0.0959,0.0000,0.0000,0.0000,0.0000,0.0000,0.0000,0.0000,0.0015,0.0000,0.0000,0.0476,0.0476,-0.2516,-0.2516,0.0000
1791000676.1151,0.0200,0.0938,0.0000,0.0000,0.0000,0.0000,0.0000,0.0000,0.0000,-0.0015,0.0000,0.0000,0.0476,0.0506,-0.2516,-0.2516,0.0000
1791000676.1351,0.0200,0.0975,0.0000,0.0000,0.0000,0.0000,0.0000,0.0000,0.0000,0.0015,0.0000,0.0000,0.0476,0.0476,-0.2516,-0.2516,0.0000
1791000676.1551,0.0200,0.0945,0.0000,0.0000,0.0000,0.0000,0.0000,0.0000,0.0000,0.0000,0.0000,0.0000,0.0476,0.0476,-0.2516,-0.2516,0.0000
1791000676.1751,0.0200,0.0962,0.0000,0.0000,0.0000,0.0000,0.0000,0.0000,0.0000,0.0000,0.0000,0.0000,0.0476,0.0476,-0.2516,-0.2516,0.0000
1791000676.1951,0.0200,0.0944,0.0000,0.0000,0.0000,0.0000,0.0000,0.0000,0.0000,0.0000,0.0000,0.0000,0.0476,0.0506,-0.2516,-0.2516,0.0000
1791000676.2151,0.0200,0.0942,0.0000,0.0000,0.0000,0.0000,0.0000,0.0000,0.0000,0.0000,0.0000,0.0000,0.0476,0.0476,-0.2516,-0.2516,0.0000
1791000676.2351,0.0200,0.0939,0.0000,0.0000,0.0000,0.0000,0.0000,0.0000,0.0000,0.0000,0.0000,0.0000,0.0476,0.0476,-0.2516,-0.2516,0.0000
1791000676.2551,0.0200,0.0960,0.0000,0.0000,0.0000,0.0000,0.0000,0.0000,0.0000,0.0000,0.0000,0.0000,0.0476,0.0476,-0.2516,-0.2516,0.0000
1791000676.2752,0.0200,0.0975,0.0000,0.0000,0.0000,0.0000,0.0000,0.0000,-0.0015,0.0000,0.0000,0.0000,0.0476,0.0476,-0.2516,-0.2516,0.0000
1791000676.2951,0.0199,0.1045,0.0000,0.0000,0.0000,0.0000,0.0000,0.0000,0.0015,-0.0015,0.0000,0.0000,0.0476,0.0476,-0.2516,-0.2516,0.0000
1791000676.3151,0.0201,0.0969,0.0000,0.0000,0.0000,0.0000,0.0000,0.0000,0.0000,0.0015,0.0000,0.0000,0.0476,0.0476,-0.2516,-0.2516,0.0000
1791000676.3352,0.0200,0.0942,0.0000,0.0000,0.0000,0.0000,0.0000,0.0000,0.0000,0.0000,0.0000,0.0000,0.0476,0.0476,-0.2516,-0.2516,0.0000
1791000676.3551,0.0200,0.0958,0.0000,0.0000,0.0000,0.0000,0.0000,0.0000,0.0000,-0.0015,0.0000,0.0000,0.0476,0.0476,-0.2516,-0.2516,0.0000
1791000676.3752,0.0201,0.0967,0.0000,0.0000,0.0000,0.0000,0.0000,0.0000,0.0000,0.0015,0.0000,0.0000,0.0476,0.0476,-0.2516,-0.2516,0.0000
1791000676.3951,0.0199,0.0933,0.0000,0.0000,0.0000,0.0000,0.0000,0.0000,0.0000,0.0000,0.0000,0.0000,0.0476,0.0476,-0.2516,-0.2516,0.0000
1791000676.4152,0.0201,0.0948,0.0000,0.0000,0.0000,0.0000,0.0000,0.0000,0.0000,0.0000,0.0000,0.0000,0.0476,0.0476,-0.2516,-0.2516,0.0000
1791000676.4351,0.0199,0.0953,0.0000,0.0000,0.0000,0.0000,0.0000,0.0000,0.0000,0.0000,0.0000,0.0000,0.0476,0.0476,-0.2516,-0.2516,0.0000
1791000676.4552,0.0201,0.0939,0.0000,0.0000,0.0000,0.0000,0.0000,0.0000,0.0000,0.0000,0.0000,0.0000,0.0476,0.0476,-0.2516,-0.2516,0.0000
1791000676.4752,0.0200,0.0947,0.0000,0.0000,0.0000,0.0000,0.0000,0.0000,0.0000,0.0000,0.0000,0.0000,0.0476,0.0476,-0.2516,-0.2516,0.0000
1791000676.4951,0.0200,0.1174,0.0000,0.0000,0.0000,0.0000,0.0000,0.0000,0.0000,0.0000,0.0000,0.0000,0.0476,0.0476,-0.2516,-0.2516,0.0000
1791000676.5151,0.0200,0.1083,0.0000,0.0000,0.0000,0.0000,0.0000,0.0000,0.0000,0.0000,0.0000,0.0000,0.0476,0.0476,-0.2516,-0.2531,0.0000
1791000676.5352,0.0201,0.0962,0.0000,0.0000,0.0000,0.0000,0.0000,0.0000,0.0000,0.0000,0.0000,0.0000,0.0476,0.0476,-0.2516,-0.2516,0.0000
1791000676.5551,0.0199,0.0971,0.0000,0.0000,0.0000,0.0000,0.0000,0.0000,0.0000,0.0000,0.0000,0.0000,0.0476,0.0476,-0.2516,-0.2516,0.0000
1791000676.5752,0.0200,0.0976,0.0000,0.0000,0.0000,0.0000,0.0000,0.0000,0.0000,0.0000,0.0000,0.0000,0.0476,0.0476,-0.2516,-0.2516,0.0000
1791000676.5951,0.0200,0.0962,0.0000,0.0000,0.0000,0.0000,0.0000,0.0000,0.0000,0.0000,0.0000,0.0000,0.0476,0.0476,-0.2516,-0.2516,0.0000
1791000676.6152,0.0201,0.0940,0.0000,0.0000,0.0000,0.0000,0.0000,0.0000,0.0000,0.0000,0.0000,0.0000,0.0476,0.0476,-0.2516,-0.2516,0.0000
1791000676.6351,0.0199,0.0963,0.0000,0.0000,0.0000,0.0000,0.0000,0.0000,0.0000,0.0000,0.0000,0.0000,0.0476,0.0506,-0.2516,-0.2516,0.0000
1791000676.6552,0.0201,0.0954,0.0000,0.0000,0.0000,0.0000,0.0000,0.0000,0.0000,-0.0015,0.0000,0.0000,0.0476,0.0476,-0.2516,-0.2531,0.0000
1791000676.6752,0.0200,0.0943,0.0000,0.0000,0.0000,0.0000,0.0000,0.0000,0.0000,0.0015,0.0000,0.0000,0.0476,0.0476,-0.2516,-0.2516,0.0000
1791000676.6952,0.0200,0.0966,0.0000,0.0000,0.0000,0.0000,0.0000,0.0000,0.0000,0.0000,0.0000,0.0000,0.0476,0.0476,-0.2516,-0.2516,0.0000
1791000676.7152,0.0200,0.1075,0.0000,0.0000,0.0000,0.0000,0.0000,0.0000,0.0000,-0.0015,0.0000,0.0000,0.0476,0.0476,-0.2516,-0.2516,0.0000
1791000676.7351,0.0200,0.0957,0.0000,0.0000,0.0000,0.0000,0.0000,0.0000,0.0000,0.0015,0.0000,0.0000,0.0476,0.0476,-0.2516,-0.2516,0.0000
1791000676.7552,0.0200,0.0938,0.0000,0.0000,0.0000,0.0000,0.0000,0.0000,0.0000,0.0000,0.0000,0.0000,0.0476,0.0476,-0.2516,-0.2516,0.0000
1791000676.7751,0.0200,0.0972,0.0000,0.0000,0.0000,0.0000,0.0000,0.0000,0.0000,0.0000,0.0000,0.0000,0.0476,0.0476,-0.2516,-0.2516,0.0000
1791000676.7951,0.0200,0.0942,0.0000,0.0000,0.0000,0.0000,0.0000,0.0000,0.0000,0.0000,0.0000,0.0000,0.0476,0.0476,-0.2516,-0.2516,0.0000
1791000676.8152,0.0200,0.0965,0.0000,0.0000,0.0000,0.0000,0.0000,0.0000,0.0000,0.0000,0.0000,0.0000,0.0476,0.0506,-0.2516,-0.2516,0.0000
1791000676.8352,0.0200,0.0951,0.0000,0.0000,0.0000,0.0000,0.0000,0.0000,0.0000,0.0000,0.0000,0.0000,0.0476,0.0506,-0.2516,-0.2516,0.0000
1791000676.8552,0.0200,0.0959,0.0000,0.0000,0.0000,0.0000,0.0000,0.0000,0.0000,0.0000,0.0000,0.0000,0.0476,0.0476,-0.2516,-0.2516,0.0000
1791000676.8751,0.0199,0.0965,0.0000,0.0000,0.0000,0.0000,0.0000,0.0000,0.0000,0.0000,0.0000,0.0000,0.0476,0.0476,-0.2516,-0.2516,0.0000
1791000676.8951,0.0200,0.0947,0.0000,0.0000,0.0000,0.0000,0.0000,0.0000,0.0000,0.0000,0.0000,0.0000,0.0476,0.0476,-0.2516,-0.2516,0.0000
1791000676.9151,0.0200,0.0993,0.0000,0.0000,0.0000,0.0000,0.0000,0.0000,0.0000,0.0000,0.0000,0.0000,0.0476,0.0476,-0.2516,-0.2516,0.0000
1791000676.9351,0.0200,0.0989,0.0000,0.0000,0.0000,0.0000,0.0000,0.0000,0.0000,0.0000,0.0000,0.0000,0.0476,0.0476,-0.2516,-0.2516,0.0000
1791000676.9551,0.0200,0.0930,0.0000,0.0000,0.0000,0.0000,0.0000,0.0000,0.0000,0.0000,0.0000,0.0000,0.0476,0.0476,-0.2516,-0.2516,0.0000
1791000676.9751,0.0200,0.0966,0.0000,0.0000,0.0000,0.0000,0.0000,0.0000,0.0000,0.0000,0.0000,0.0000,0.0476,0.0476,-0.2516,-0.2516,0.0000
1791000676.9952,0.0200,0.0941,0.0000,0.0000,0.0000,0.0000,0.0000,0.0000,0.0000,0.0000,0.0000,0.0000,0.0476,0.0476,-0.2516,-0.2516,0.0000
1791000677.0152,0.0200,0.0938,0.0000,0.0000,0.0000,0.0000,0.0000,0.0000,0.0000,0.0000,0.0000,0.0000,0.0476,0.0476,-0.2516,-0.2516,0.0000
1791000677.0351,0.0200,0.0949,0.0000,0.0000,0.0000,0.0000,0.0000,0.0000,0.0000,-0.0015,0.0000,0.0000,0.0476,0.0476,-0.2516,-0.2516,0.0000
1791000677.0551,0.0200,0.0901,0.0000,0.0000,0.0000,0.0000,0.0000,0.0000,0.0000,0.0015,0.0000,0.0000,0.0476,0.0476,-0.2516,-0.2516,0.0000
1791000677.0752,0.0200,0.1080,0.0000,0.0000,0.0000,0.0000,0.0000,0.0000,0.0000,-0.0015,0.0000,0.0000,0.0476,0.0476,-0.2516,-0.2516,0.0000
1791000677.0952,0.0200,0.0959,0.0000,0.0000,0.0000,0.0000,0.0000,0.0000,0.0000,0.0015,0.0000,0.0000,0.0476,0.0476,-0.2516,-0.2516,0.0000
1791000677.1152,0.0200,0.0956,0.0000,0.0000,0.0000,0.0000,0.0000,0.0000,0.0000,-0.0015,0.0000,0.0000,0.0476,0.0476,-0.2516,-0.2516,0.0000
1791000677.1352,0.0200,0.1081,0.0000,0.0000,0.0000,0.0000,0.0000,0.0000,0.0000,0.0015,0.0000,0.0000,0.0476,0.0476,-0.2516,-0.2516,0.0000
1791000677.1552,0.0200,0.0953,0.0000,0.0000,0.0000,0.0000,0.0000,0.0000,0.0000,0.0000,0.0000,0.0000,0.0476,0.0476,-0.2516,-0.2516,0.0000
1791000677.1752,0.0200,0.0971,0.0000,0.0000,0.0000,0.0000,0.0000,0.0000,0.0000,0.0000,0.0000,0.0000,0.0476,0.0506,-0.2516,-0.2516,0.0000
1791000677.1952,0.0200,0.0949,0.0000,0.0000,0.0000,0.0000,0.0000,0.0000,0.0000,0.0000,0.0000,0.0000,0.0476,0.0476,-0.2516,-0.2516,0.0000
1791000677.2152,0.0200,0.0948,0.0000,0.0000,0.0000,0.0000,0.0000,0.0000,0.0000,0.0000,0.0000,0.0000,0.0476,0.0506,-0.2516,-0.2516,0.0000
1791000677.2352,0.0200,0.0948,0.0000,0.0000,0.0000,0.0000,0.0000,0.0000,0.0000,0.0000,0.0000,0.0000,0.0476,0.0476,-0.2516,-0.2516,0.0000
1791000677.2552,0.0200,0.2249,0.0000,0.0000,0.0000,0.0000,0.0000,0.0000,0.0000,0.0000,0.0000,0.0000,0.0476,0.0476,-0.2516,-0.2516,0.0000
1791000677.2752,0.0200,0.1519,0.0000,0.0000,0.0000,0.0000,0.0000,0.0000,0.0000,0.0000,0.0000,0.0000,0.0476,0.0476,-0.2516,-0.2516,0.0000
1791000677.2952,0.0200,0.1623,0.0000,0.0000,0.0000,0.0000,0.0000,0.0000,0.0000,0.0000,0.0000,0.0000,0.0476,0.0476,-0.2516,-0.2516,0.0000
1791000677.3152,0.0200,0.1176,0.0000,0.0000,0.0000,0.0000,0.0000,0.0000,0.0000,-0.0015,0.0000,0.0000,0.0476,0.0506,-0.2516,-0.2516,0.0000
1791000677.3352,0.0200,0.1395,0.0000,0.0000,0.0000,0.0000,0.0000,0.0000,0.0000,0.0015,0.0000,0.0000,0.0476,0.0476,-0.2516,-0.2516,0.0000
1791000677.3552,0.0200,0.1341,0.0000,0.0000,0.0000,0.0000,0.0000,0.0000,0.0000,0.0000,0.0000,0.0000,0.0476,0.0506,-0.2516,-0.2516,0.0000
1791000677.3751,0.0199,0.1166,0.0000,0.0000,0.0000,0.0000,0.0000,0.0000,0.0000,0.0000,0.0000,0.0000,0.0476,0.0476,-0.2516,-0.2516,0.0000
1791000677.3952,0.0200,0.0961,0.0000,0.0000,0.0000,0.0000,0.0000,0.0000,0.0000,0.0000,0.0000,0.0000,0.0476,0.0476,-0.2516,-0.2516,0.0000
1791000677.4151,0.0199,0.0945,0.0000,0.0000,0.0000,0.0000,0.0000,0.0000,0.0000,0.0000,0.0000,0.0000,0.0476,0.0476,-0.2516,-0.2516,0.0000
1791000677.4351,0.0200,0.1015,0.0000,0.0000,0.0000,0.0000,0.0000,0.0000,0.0000,0.0000,0.0000,0.0000,0.0476,0.0476,-0.2516,-0.2516,0.0000
1791000677.4552,0.0200,0.0940,0.0000,0.0000,0.0000,0.0000,0.0000,0.0000,0.0000,-0.0015,0.0000,0.0000,0.0476,0.0476,-0.2516,-0.2516,0.0000
1791000677.4752,0.0200,0.0965,0.0000,0.0000,0.0000,0.0000,0.0000,0.0000,0.0000,0.0015,0.0000,0.0000,0.0476,0.0476,-0.2516,-0.2516,0.0000
1791000677.4952,0.0200,0.0955,0.0000,0.0000,0.0000,0.0000,0.0000,0.0000,0.0000,0.0000,0.0000,0.0000,0.0476,0.0476,-0.2516,-0.2516,0.0000
1791000677.5152,0.0200,0.0986,0.0000,0.0000,0.0000,0.0000,0.0000,0.0000,0.0000,0.0000,0.0000,0.0000,0.0476,0.0476,-0.2516,-0.2516,0.0000
1791000677.5351,0.0199,0.0988,0.0000,0.0000,0.0000,0.0000,0.0000,0.0000,0.0000,0.0000,0.0000,0.0000,0.0476,0.0476,-0.2516,-0.2516,0.0000
1791000677.5552,0.0201,0.1066,0.0000,0.0000,0.0000,0.0000,0.0000,0.0000,0.0000,0.0000,0.0000,0.0000,0.0476,0.0476,-0.2516,-0.2516,0.0000
1791000677.5752,0.0200,0.1011,0.0000,0.0000,0.0000,0.0000,0.0000,0.0000,0.0000,0.0000,0.0000,0.0000,0.0476,0.0506,-0.2516,-0.2516,0.0000
1791000677.5952,0.0200,0.0986,0.0000,0.0000,0.0000,0.0000,0.0000,0.0000,0.0000,0.0000,0.0000,0.0000,0.0476,0.0476,-0.2516,-0.2516,0.0000
1791000677.6152,0.0200,0.0979,0.0000,0.0000,0.0000,0.0000,0.0000,0.0000,-0.0015,0.0000,0.0000,0.0000,0.0476,0.0476,-0.2516,-0.2516,0.0000
1791000677.6352,0.0200,0.0982,0.0000,0.0000,0.0000,0.0000,0.0000,0.0000,0.0015,-0.0015,0.0000,0.0000,0.0476,0.0476,-0.2516,-0.2516,0.0000
1791000677.6552,0.0200,0.0975,0.0000,0.0000,0.0000,0.0000,0.0000,0.0000,0.0000,0.0015,0.0000,0.0000,0.0476,0.0476,-0.2516,-0.2516,0.0000
1791000677.6751,0.0200,0.1036,0.0000,0.0000,0.0000,0.0000,0.0000,0.0000,0.0000,0.0000,0.0000,0.0000,0.0476,0.0476,-0.2516,-0.2516,0.0000
1791000677.6952,0.0200,0.0995,0.0000,0.0000,0.0000,0.0000,0.0000,0.0000,0.0000,0.0000,0.0000,0.0000,0.0476,0.0476,-0.2516,-0.2516,0.0000
1791000677.7152,0.0200,0.0978,0.0000,0.0000,0.0000,0.0000,0.0000,0.0000,0.0000,0.0000,0.0000,0.0000,0.0476,0.0476,-0.2516,-0.2516,0.0000
1791000677.7352,0.0200,0.0981,0.0000,0.0000,0.0000,0.0000,0.0000,0.0000,0.0000,0.0000,0.0000,0.0000,0.0476,0.0476,-0.2516,-0.2516,0.0000
1791000677.7552,0.0200,0.1107,0.0000,0.0000,0.0000,0.0000,0.0000,0.0000,0.0000,0.0000,0.0000,0.0000,0.0476,0.0476,-0.2516,-0.2516,0.0000
1791000677.7752,0.0200,0.1012,0.0000,0.0000,0.0000,0.0000,0.0000,0.0000,0.0000,0.0000,0.0000,0.0000,0.0476,0.0476,-0.2516,-0.2516,0.0000
1791000677.7952,0.0200,0.0985,0.0000,0.0000,0.0000,0.0000,0.0000,0.0000,0.0000,0.0000,0.0000,0.0000,0.0476,0.0476,-0.2516,-0.2516,0.0000
1791000677.8152,0.0200,0.1027,0.0000,0.0000,0.0000,0.0000,0.0000,0.0000,0.0000,0.0000,0.0000,0.0000,0.0476,0.0476,-0.2516,-0.2516,0.0000
1791000677.8352,0.0200,0.1049,0.0000,0.0000,0.0000,0.0000,0.0000,0.0000,0.0000,0.0000,0.0000,0.0000,0.0476,0.0476,-0.2516,-0.2516,0.0000
1791000677.8552,0.0200,0.1043,0.0000,0.0000,0.0000,0.0000,0.0000,0.0000,0.0000,-0.0015,0.0000,0.0000,0.0476,0.0476,-0.2516,-0.2516,0.0000
1791000677.8752,0.0200,0.0978,0.0000,0.0000,0.0000,0.0000,0.0000,0.0000,0.0000,0.0015,0.0000,0.0000,0.0476,0.0476,-0.2516,-0.2516,0.0000
1791000677.8951,0.0199,0.0988,0.0000,0.0000,0.0000,0.0000,0.0000,0.0000,0.0000,0.0000,0.0000,0.0000,0.0476,0.0476,-0.2516,-0.2516,0.0000
1791000677.9152,0.0201,0.1026,0.0000,0.0000,0.0000,0.0000,0.0000,0.0000,0.0000,0.0000,0.0000,0.0000,0.0476,0.0476,-0.2516,-0.2516,0.0000
1791000677.9352,0.0199,0.0932,0.0000,0.0000,0.0000,0.0000,0.0000,0.0000,0.0000,0.0000,0.0000,0.0000,0.0476,0.0476,-0.2516,-0.2516,0.0000
1791000677.9552,0.0200,0.1094,0.0000,0.0000,0.0000,0.0000,0.0000,0.0000,0.0000,-0.0015,0.0000,0.0000,0.0476,0.0476,-0.2516,-0.2516,0.0000
1791000677.9752,0.0200,0.1029,0.0000,0.0000,0.0000,0.0000,0.0000,0.0000,0.0000,0.0015,0.0000,0.0000,0.0476,0.0476,-0.2516,-0.2516,0.0000
1791000677.9952,0.0200,0.0810,0.0000,0.0000,0.0000,0.0000,0.0000,0.0000,-0.0015,-0.0015,0.0000,0.0000,0.0476,0.0506,-0.2516,-0.2516,0.0000
1791000678.0150,0.0199,0.0805,0.0000,0.0000,0.0000,0.0000,0.0000,0.0000,0.0015,0.0015,0.0000,0.0000,0.0476,0.0506,-0.2516,-0.2516,0.0000
1791000678.0352,0.0201,0.0803,0.0000,0.0000,0.0000,0.0000,0.0000,0.0000,0.0000,-0.0015,0.0000,0.0000,0.0476,0.0476,-0.2516,-0.2516,0.0000
1791000678.0552,0.0200,0.0808,0.0000,0.0000,0.0000,0.0000,0.0000,0.0000,0.0000,0.0015,0.0000,0.0000,0.0476,0.0476,-0.2516,-0.2516,0.0000
1791000678.0752,0.0200,0.0808,0.0000,0.0000,0.0000,0.0000,0.0000,0.0000,0.0000,0.0000,0.0000,0.0000,0.0476,0.0476,-0.2516,-0.2516,0.0000
1791000678.0952,0.0200,0.0800,0.0000,0.0000,0.0000,0.0000,0.0000,0.0000,0.0000,0.0000,0.0000,0.0000,0.0476,0.0476,-0.2516,-0.2516,0.0000
1791000678.1151,0.0200,0.0815,0.0000,0.0000,0.0000,0.0000,0.0000,0.0000,0.0000,-0.0015,0.0000,0.0000,0.0476,0.0476,-0.2516,-0.2516,0.0000
1791000678.1350,0.0199,0.0801,0.0000,0.0000,0.0000,0.0000,0.0000,0.0000,0.0000,0.0000,0.0000,0.0000,0.0476,0.0506,-0.2516,-0.2516,0.0000
1791000678.1550,0.0200,0.0845,0.0000,0.0000,0.0000,0.0000,0.0000,0.0000,0.0000,0.0015,0.0000,0.0000,0.0476,0.0476,-0.2516,-0.2516,0.0000
1791000678.1750,0.0200,0.0888,0.0000,0.0000,0.0000,0.0000,0.0000,0.0000,0.0000,0.0000,0.0000,0.0000,0.0476,0.0476,-0.2516,-0.2516,0.0000
1791000678.1951,0.0201,0.0819,0.0000,0.0000,0.0000,0.0000,0.0000,0.0000,0.0000,0.0000,0.0000,0.0000,0.0476,0.0476,-0.2516,-0.2516,0.0000
1791000678.2152,0.0200,0.0806,0.0000,0.0000,0.0000,0.0000,0.0000,0.0000,-0.0015,0.0000,0.0000,0.0000,0.0476,0.0476,-0.2516,-0.2516,0.0000
1791000678.2352,0.0200,0.0804,0.0000,0.0000,0.0000,0.0000,0.0000,0.0000,0.0015,-0.0015,0.0000,0.0000,0.0476,0.0476,-0.2516,-0.2516,0.0000
1791000678.2550,0.0199,0.0838,0.0000,0.0000,0.0000,0.0000,0.0000,0.0000,0.0000,0.0015,0.0000,0.0000,0.0476,0.0506,-0.2516,-0.2516,0.0000
1791000678.2752,0.0201,0.0806,0.0000,0.0000,0.0000,0.0000,0.0000,0.0000,0.0000,0.0000,0.0000,0.0000,0.0476,0.0476,-0.2516,-0.2516,0.0000
1791000678.2950,0.0199,0.0822,0.0000,0.0000,0.0000,0.0000,0.0000,0.0000,0.0000,0.0000,0.0000,0.0000,0.0476,0.0476,-0.2516,-0.2516,0.0000
1791000678.3150,0.0200,0.0820,0.0000,0.0000,0.0000,0.0000,0.0000,0.0000,-0.0015,0.0000,0.0000,0.0000,0.0476,0.0476,-0.2516,-0.2516,0.0000
1791000678.3350,0.0200,0.0914,0.0000,0.0000,0.0000,0.0000,0.0000,0.0000,0.0015,0.0000,0.0000,0.0000,0.0476,0.0476,-0.2516,-0.2516,0.0000
1791000678.3550,0.0200,0.0818,0.0000,0.0000,0.0000,0.0000,0.0000,0.0000,0.0000,0.0000,0.0000,0.0000,0.0476,0.0476,-0.2516,-0.2516,0.0000
1791000678.3750,0.0200,0.0927,0.0000,0.0000,0.0000,0.0000,0.0000,0.0000,0.0000,0.0000,0.0000,0.0000,0.0476,0.0476,-0.2516,-0.2516,0.0000
1791000678.3950,0.0200,0.0848,0.0000,0.0000,0.0000,0.0000,0.0000,0.0000,0.0000,0.0000,0.0000,0.0000,0.0476,0.0506,-0.2516,-0.2516,0.0000
1791000678.4151,0.0201,0.0959,0.0000,0.0000,0.0000,0.0000,0.0000,0.0000,0.0000,0.0000,0.0000,0.0000,0.0476,0.0476,-0.2516,-0.2516,0.0000
1791000678.4350,0.0199,0.0721,0.0000,0.0000,0.0000,0.0000,0.0000,0.0000,0.0000,0.0000,0.0000,0.0000,0.0476,0.0476,-0.2516,-0.2516,0.0000
1791000678.4550,0.0200,0.0731,0.0000,0.0000,0.0000,0.0000,0.0000,0.0000,0.0000,0.0000,0.0000,0.0000,0.0476,0.0476,-0.2516,-0.2516,0.0000
1791000678.4750,0.0200,0.0730,0.0000,0.0000,0.0000,0.0000,0.0000,0.0000,0.0000,0.0000,0.0000,0.0000,0.0476,0.0476,-0.2516,-0.2516,0.0000
1791000678.4950,0.0200,0.0712,0.0000,0.0000,0.0000,0.0000,0.0000,0.0000,0.0000,0.0000,0.0000,0.0000,0.0476,0.0506,-0.2516,-0.2516,0.0000
1791000678.5150,0.0200,0.0712,0.0000,0.0000,0.0000,0.0000,0.0000,0.0000,0.0000,0.0000,0.0000,0.0000,0.0476,0.0476,-0.2516,-0.2516,0.0000
1791000678.5350,0.0200,0.0752,0.0000,0.0000,0.0000,0.0000,0.0000,0.0000,0.0000,-0.0015,0.0000,0.0000,0.0476,0.0476,-0.2516,-0.2516,0.0000
1791000678.5550,0.0200,0.0790,0.0000,0.0000,0.0000,0.0000,0.0000,0.0000,0.0000,0.0015,0.0000,0.0000,0.0476,0.0476,-0.2516,-0.2516,0.0000
1791000678.5750,0.0200,0.0828,0.0000,0.0000,0.0000,0.0000,0.0000,0.0000,0.0000,0.0000,0.0000,0.0000,0.0476,0.0476,-0.2516,-0.2516,0.0000
1791000678.5950,0.0200,0.0845,0.0000,0.0000,0.0000,0.0000,0.0000,0.0000,0.0000,-0.0015,0.0000,0.0000,0.0476,0.0476,-0.2516,-0.2516,0.0000
1791000678.6150,0.0200,0.0681,0.0000,0.0000,0.0000,0.0000,0.0000,0.0000,0.0000,0.0015,0.0000,0.0000,0.0476,0.0476,-0.2516,-0.2516,0.0000
1791000678.6351,0.0201,0.0787,0.0000,0.0000,0.0000,0.0000,0.0000,0.0000,0.0000,0.0000,0.0000,0.0000,0.0476,0.0476,-0.2516,-0.2516,0.0000
1791000678.6552,0.0201,0.0887,0.0000,0.0000,0.0000,0.0000,0.0000,0.0000,0.0000,0.0000,0.0000,0.0000,0.0476,0.0476,-0.2516,-0.2516,0.0000
1791000678.6750,0.0199,0.0904,0.0000,0.0000,0.0000,0.0000,0.0000,0.0000,0.0000,0.0000,0.0000,0.0000,0.0476,0.0476,-0.2516,-0.2516,0.0000
1791000678.6951,0.0201,0.0278,0.0000,0.0000,0.0000,0.0000,0.0000,0.0000,0.0000,0.0000,0.0000,0.0000,0.0476,0.0476,-0.2516,-0.2516,0.0000
1791000678.7151,0.0200,0.0254,0.0000,0.0000,0.0000,0.0000,0.0000,0.0000,0.0000,0.0000,0.0000,0.0000,0.0476,0.0476,-0.2516,-0.2516,0.0000
1791000678.7351,0.0200,0.0248,0.0000,0.0000,0.0000,0.0000,0.0000,0.0000,0.0000,0.0000,0.0000,0.0000,0.0476,0.0476,-0.2516,-0.2516,0.0000
1791000678.7551,0.0200,0.0253,0.0000,0.0000,0.0000,0.0000,0.0000,0.0000,0.0000,0.0000,0.0000,0.0000,0.0476,0.0476,-0.2516,-0.2516,0.0000
1791000678.7751,0.0200,0.0215,0.0000,0.0000,0.0000,0.0000,0.0000,0.0000,0.0000,0.0000,0.0000,0.0000,0.0476,0.0476,-0.2516,-0.2516,0.0000
1791000678.7951,0.0200,0.0239,0.0000,0.0000,0.0000,0.0000,0.0000,0.0000,0.0000,0.0000,0.0000,0.0000,0.0476,0.0476,-0.2516,-0.2516,0.0000
1791000678.8151,0.0200,0.0250,0.0000,0.0000,0.0000,0.0000,0.0000,0.0000,0.0000,0.0000,0.0000,0.0000,0.0476,0.0476,-0.2516,-0.2516,0.0000
1791000678.8351,0.0200,0.0251,0.0000,0.0000,0.0000,0.0000,0.0000,0.0000,0.0000,0.0000,0.0000,0.0000,0.0476,0.0476,-0.2516,-0.2516,0.0000
1791000678.8550,0.0199,0.0230,0.0000,0.0000,0.0000,0.0000,0.0000,0.0000,0.0000,0.0000,0.0000,0.0000,0.0476,0.0476,-0.2516,-0.2516,0.0000
1791000678.8751,0.0201,0.0254,0.0000,0.0000,0.0000,0.0000,0.0000,0.0000,0.0000,0.0000,0.0000,0.0000,0.0476,0.0476,-0.2516,-0.2516,0.0000
1791000678.8951,0.0200,0.0253,0.0000,0.0000,0.0000,0.0000,0.0000,0.0000,0.0000,0.0000,0.0000,0.0000,0.0476,0.0476,-0.2516,-0.2516,0.0000
1791000678.9151,0.0200,0.0231,0.0000,0.0000,0.0000,0.0000,0.0000,0.0000,0.0000,0.0000,0.0000,0.0000,0.0476,0.0476,-0.2516,-0.2516,0.0000
1791000678.9352,0.0200,0.0251,0.0000,0.0000,0.0000,0.0000,0.0000,0.0000,0.0000,0.0000,0.0000,0.0000,0.0476,0.0476,-0.2516,-0.2516,0.0000
1791000678.9551,0.0199,0.0259,0.0000,0.0000,0.0000,0.0000,0.0000,0.0000,0.0000,0.0000,0.0000,0.0000,0.0476,0.0476,-0.2516,-0.2516,0.0000
1791000678.9751,0.0200,0.0922,0.0000,0.0000,0.0000,0.0000,0.0000,0.0000,0.0000,-0.0015,0.0000,0.0000,0.0476,0.0476,-0.2516,-0.2516,0.0000
1791000678.9950,0.0199,0.0840,0.0000,0.0000,0.0000,0.0000,0.0000,0.0000,0.0000,0.0015,0.0000,0.0000,0.0476,0.0506,-0.2516,-0.2516,0.0000
1791000679.0150,0.0200,0.0806,0.0000,0.0000,0.0000,0.0000,0.0000,0.0000,0.0000,0.0000,0.0000,0.0000,0.0476,0.0476,-0.2516,-0.2516,0.0000
1791000679.0350,0.0200,0.0805,0.0000,0.0000,0.0000,0.0000,0.0000,0.0000,0.0000,0.0000,0.0000,0.0000,0.0476,0.0476,-0.2516,-0.2516,0.0000
1791000679.0553,0.0202,0.0822,0.0000,0.0000,0.0000,0.0000,0.0000,0.0000,0.0000,0.0000,0.0000,0.0000,0.0476,0.0476,-0.2516,-0.2516,0.0000
1791000679.0750,0.0198,0.0834,0.0000,0.0000,0.0000,0.0000,0.0000,0.0000,0.0000,0.0000,0.0000,0.0000,0.0476,0.0476,-0.2516,-0.2516,0.0000
1791000679.0950,0.0200,0.0777,0.0000,0.0000,0.0000,0.0000,0.0000,0.0000,0.0000,0.0000,0.0000,0.0000,0.0476,0.0476,-0.2516,-0.2516,0.0000
1791000679.1150,0.0200,0.0825,0.0000,0.0000,0.0000,0.0000,0.0000,0.0000,0.0000,0.0000,0.0000,0.0000,0.0476,0.0476,-0.2516,-0.2516,0.0000
1791000679.1350,0.0200,0.0773,0.0000,0.0000,0.0000,0.0000,0.0000,0.0000,0.0000,0.0000,0.0000,0.0000,0.0476,0.0476,-0.2516,-0.2516,0.0000
1791000679.1550,0.0200,0.0821,0.0000,0.0000,0.0000,0.0000,0.0000,0.0000,0.0000,0.0000,0.0000,0.0000,0.0476,0.0476,-0.2516,-0.2516,0.0000
1791000679.1750,0.0200,0.0777,0.0000,0.0000,0.0000,0.0000,0.0000,0.0000,0.0000,-0.0015,0.0000,0.0000,0.0476,0.0476,-0.2516,-0.2516,0.0000
1791000679.1950,0.0200,0.0774,0.0000,0.0000,0.0000,0.0000,0.0000,0.0000,0.0000,0.0015,0.0000,0.0000,0.0476,0.0476,-0.2516,-0.2516,0.0000
1791000679.2150,0.0200,0.0845,0.0000,0.0000,0.0000,0.0000,0.0000,0.0000,0.0000,0.0000,0.0000,0.0000,0.0476,0.0476,-0.2516,-0.2516,0.0000
1791000679.2350,0.0200,0.0801,0.0000,0.0000,0.0000,0.0000,0.0000,0.0000,0.0000,-0.0015,0.0000,0.0000,0.0476,0.0476,-0.2516,-0.2516,0.0000
1791000679.2550,0.0200,0.0794,0.0000,0.0000,0.0000,0.0000,0.0000,0.0000,-0.0015,0.0000,0.0000,0.0000,0.0476,0.0476,-0.2516,-0.2516,0.0000
1791000679.2750,0.0200,0.0772,0.0000,0.0000,0.0000,0.0000,0.0000,0.0000,0.0015,0.0015,0.0000,0.0000,0.0476,0.0476,-0.2516,-0.2516,0.0000
1791000679.2950,0.0200,0.0920,0.0000,0.0000,0.0000,0.0000,0.0000,0.0000,0.0000,0.0000,0.0000,0.0000,0.0476,0.0476,-0.2516,-0.2516,0.0000
1791000679.3150,0.0200,0.0801,0.0000,0.0000,0.0000,0.0000,0.0000,0.0000,0.0000,0.0000,0.0000,0.0000,0.0476,0.0476,-0.2516,-0.2516,0.0000
1791000679.3350,0.0200,0.0791,0.0000,0.0000,0.0000,0.0000,0.0000,0.0000,0.0000,-0.0015,0.0000,0.0000,0.0476,0.0476,-0.2516,-0.2516,0.0000
1791000679.3550,0.0200,0.0768,0.0000,0.0000,0.0000,0.0000,0.0000,0.0000,0.0000,0.0000,0.0000,0.0000,0.0476,0.0476,-0.2516,-0.2516,0.0000
1791000679.3750,0.0200,0.0240,0.0000,0.0000,0.0000,0.0000,0.0000,0.0000,0.0000,0.0000,0.0000,0.0000,0.0476,0.0476,-0.2516,-0.2516,0.0000
1791000679.3950,0.0200,0.0238,0.0000,0.0000,0.0000,0.0000,0.0000,0.0000,0.0000,0.0000,0.0000,0.0000,0.0476,0.0476,-0.2516,-0.2516,0.0000
1791000679.4150,0.0200,0.0242,0.0000,0.0000,0.0000,0.0000,0.0000,0.0000,0.0000,0.0000,0.0000,0.0000,0.0476,0.0476,-0.2516,-0.2516,0.0000
1791000679.4350,0.0200,0.0222,0.0000,0.0000,0.0000,0.0000,0.0000,0.0000,0.0000,0.0000,0.0000,0.0000,0.0476,0.0476,-0.2516,-0.2516,0.0000
1791000679.4550,0.0200,0.0240,0.0000,0.0000,0.0000,0.0000,0.0000,0.0000,0.0000,0.0000,0.0000,0.0000,0.0476,0.0476,-0.2516,-0.2516,0.0000
1791000679.4750,0.0200,0.0236,0.0000,0.0000,0.0000,0.0000,0.0000,0.0000,0.0000,0.0000,0.0000,0.0000,0.0476,0.0476,-0.2516,-0.2516,0.0000
1791000679.4950,0.0200,0.0239,0.0000,0.0000,0.0000,0.0000,0.0000,0.0000,0.0000,0.0000,0.0000,0.0000,0.0476,0.0476,-0.2516,-0.2516,0.0000
1791000679.5150,0.0200,0.0242,0.0000,0.0000,0.0000,0.0000,0.0000,0.0000,0.0000,0.0000,0.0000,0.0000,0.0476,0.0476,-0.2516,-0.2516,0.0000
1791000679.5350,0.0200,0.0236,0.0000,0.0000,0.0000,0.0000,0.0000,0.0000,0.0000,0.0000,0.0000,0.0000,0.0476,0.0476,-0.2516,-0.2516,0.0000
1791000679.5550,0.0200,0.0239,0.0000,0.0000,0.0000,0.0000,0.0000,0.0000,0.0000,0.0000,0.0000,0.0000,0.0476,0.0476,-0.2516,-0.2516,0.0000
1791000679.5750,0.0200,0.0242,0.0000,0.0000,0.0000,0.0000,0.0000,0.0000,0.0000,0.0000,0.0000,0.0000,0.0476,0.0476,-0.2516,-0.2516,0.0000
1791000679.5950,0.0200,0.0240,0.0000,0.0000,0.0000,0.0000,0.0000,0.0000,0.0000,0.0000,0.0000,0.0000,0.0476,0.0476,-0.2516,-0.2516,0.0000
1791000679.6150,0.0200,0.0243,0.0000,0.0000,0.0000,0.0000,0.0000,0.0000,0.0000,0.0000,0.0000,0.0000,0.0476,0.0476,-0.2516,-0.2516,0.0000
1791000679.6350,0.0200,0.0240,0.0000,0.0000,0.0000,0.0000,0.0000,0.0000,0.0000,0.0000,0.0000,0.0000,0.0476,0.0476,-0.2516,-0.2516,0.0000
1791000679.6551,0.0201,0.0235,0.0000,0.0000,0.0000,0.0000,0.0000,0.0000,0.0000,0.0000,0.0000,0.0000,0.0476,0.0476,-0.2516,-0.2516,0.0000
1791000679.6750,0.0199,0.0214,0.0000,0.0000,0.0000,0.0000,0.0000,0.0000,0.0000,0.0000,0.0000,0.0000,0.0476,0.0476,-0.2516,-0.2516,0.0000
1791000679.6951,0.0201,0.0253,0.0000,0.0000,0.0000,0.0000,0.0000,0.0000,0.0000,0.0000,0.0000,0.0000,0.0476,0.0476,-0.2516,-0.2516,0.0000
1791000679.7151,0.0200,0.0251,0.0000,0.0000,0.0000,0.0000,0.0000,0.0000,0.0000,0.0000,0.0000,0.0000,0.0476,0.0476,-0.2516,-0.2516,0.0000
1791000679.7350,0.0199,0.0242,0.0000,0.0000,0.0000,0.0000,0.0000,0.0000,0.0000,0.0000,0.0000,0.0000,0.0476,0.0476,-0.2516,-0.2516,0.0000
1791000679.7550,0.0200,0.0239,0.0000,0.0000,0.0000,0.0000,0.0000,0.0000,0.0000,0.0000,0.0000,0.0000,0.0476,0.0476,-0.2516,-0.2516,0.0000
1791000679.7750,0.0200,0.0223,0.0000,0.0000,0.0000,0.0000,0.0000,0.0000,0.0000,0.0000,0.0000,0.0000,0.0476,0.0476,-0.2516,-0.2516,0.0000
1791000679.7950,0.0200,0.0239,0.0000,0.0000,0.0000,0.0000,0.0000,0.0000,0.0000,0.0000,0.0000,0.0000,0.0476,0.0476,-0.2516,-0.2516,0.0000
1791000679.8150,0.0200,0.0239,0.0000,0.0000,0.0000,0.0000,0.0000,0.0000,0.0000,0.0000,0.0000,0.0000,0.0476,0.0476,-0.2516,-0.2516,0.0000
1791000679.8350,0.0200,0.0255,0.0000,0.0000,0.0000,0.0000,0.0000,0.0000,0.0000,0.0000,0.0000,0.0000,0.0476,0.0476,-0.2516,-0.2516,0.0000
1791000679.8550,0.0200,0.0887,0.0000,0.0000,0.0000,0.0000,0.0000,0.0000,0.0000,0.0000,0.0000,0.0000,0.0476,0.0476,-0.2516,-0.2516,0.0000
1791000679.8750,0.0200,0.0255,0.0000,0.0000,0.0000,0.0000,0.0000,0.0000,0.0000,0.0000,0.0000,0.0000,0.0476,0.0476,-0.2516,-0.2516,0.0000
1791000679.8950,0.0200,0.0250,0.0000,0.0000,0.0000,0.0000,0.0000,0.0000,0.0000,0.0000,0.0000,0.0000,0.0476,0.0476,-0.2516,-0.2516,0.0000
1791000679.9150,0.0200,0.0252,0.0000,0.0000,0.0000,0.0000,0.0000,0.0000,0.0000,0.0000,0.0000,0.0000,0.0476,0.0476,-0.2516,-0.2516,0.0000
1791000679.9350,0.0200,0.0250,0.0000,0.0000,0.0000,0.0000,0.0000,0.0000,0.0000,0.0000,0.0000,0.0000,0.0476,0.0476,-0.2516,-0.2516,0.0000
1791000679.9550,0.0200,0.0250,0.0000,0.0000,0.0000,0.0000,0.0000,0.0000,0.0000,0.0000,0.0000,0.0000,0.0476,0.0476,-0.2516,-0.2516,0.0000
1791000679.9750,0.0200,0.0252,0.0000,0.0000,0.0000,0.0000,0.0000,0.0000,0.0000,0.0000,0.0000,0.0000,0.0476,0.0476,-0.2516,-0.2516,0.0000
1791000679.9950,0.0200,0.0253,0.0000,0.0000,0.0000,0.0000,0.0000,0.0000,0.0000,0.0000,0.0000,0.0000,0.0476,0.0476,-0.2516,-0.2516,0.0000
1791000680.0150,0.0200,0.0252,0.0000,0.0000,0.0000,0.0000,0.0000,0.0000,0.0000,0.0000,0.0000,0.0000,0.0476,0.0476,-0.2516,-0.2516,0.0000
1791000680.0350,0.0200,0.0253,0.0000,0.0000,0.0000,0.0000,0.0000,0.0000,0.0000,0.0000,0.0000,0.0000,0.0476,0.0476,-0.2516,-0.2516,0.0000
1791000680.0550,0.0200,0.0254,0.0000,0.0000,0.0000,0.0000,0.0000,0.0000,0.0000,0.0000,0.0000,0.0000,0.0476,0.0476,-0.2516,-0.2516,0.0000
1791000680.0750,0.0200,0.0262,0.0000,0.0000,0.0000,0.0000,0.0000,0.0000,0.0000,0.0000,0.0000,0.0000,0.0476,0.0476,-0.2516,-0.2516,0.0000
1791000680.0950,0.0200,0.0250,0.0000,0.0000,0.0000,0.0000,0.0000,0.0000,0.0000,0.0000,0.0000,0.0000,0.0476,0.0476,-0.2516,-0.2516,0.0000
1791000680.1150,0.0200,0.0253,0.0000,0.0000,0.0000,0.0000,0.0000,0.0000,0.0000,0.0000,0.0000,0.0000,0.0476,0.0476,-0.2516,-0.2516,0.0000
1791000680.1350,0.0200,0.0255,0.0000,0.0000,0.0000,0.0000,0.0000,0.0000,0.0000,0.0000,0.0000,0.0000,0.0476,0.0476,-0.2516,-0.2516,0.0000
1791000680.1550,0.0200,0.0253,0.0000,0.0000,0.0000,0.0000,0.0000,0.0000,0.0000,0.0000,0.0000,0.0000,0.0476,0.0476,-0.2516,-0.2516,0.0000
1791000680.1750,0.0200,0.0252,0.0000,0.0000,0.0000,0.0000,0.0000,0.0000,0.0000,0.0000,0.0000,0.0000,0.0476,0.0476,-0.2516,-0.2516,0.0000
1791000680.1950,0.0200,0.0254,0.0000,0.0000,0.0000,0.0000,0.0000,0.0000,0.0000,0.0000,0.0000,0.0000,0.0476,0.0476,-0.2516,-0.2516,0.0000
1791000680.2150,0.0200,0.0252,0.0000,0.0000,0.0000,0.0000,0.0000,0.0000,0.0000,0.0000,0.0000,0.0000,0.0476,0.0476,-0.2516,-0.2516,0.0000
1791000680.2350,0.0200,0.0251,0.0000,0.0000,0.0000,0.0000,0.0000,0.0000,0.0000,0.0000,0.0000,0.0000,0.0476,0.0476,-0.2516,-0.2516,0.0000
1791000680.2550,0.0200,0.0255,0.0000,0.0000,0.0000,0.0000,0.0000,0.0000,0.0000,0.0000,0.0000,0.0000,0.0476,0.0476,-0.2516,-0.2516,0.0000
1791000680.2750,0.0200,0.0255,0.0000,0.0000,0.0000,0.0000,0.0000,0.0000,0.0000,0.0000,0.0000,0.0000,0.0476,0.0476,-0.2516,-0.2516,0.0000
1791000680.2950,0.0200,0.0253,0.0000,0.0000,0.0000,0.0000,0.0000,0.0000,0.0000,0.0000,0.0000,0.0000,0.0476,0.0476,-0.2516,-0.2516,0.0000
1791000680.3150,0.0200,0.0272,0.0000,0.0000,0.0000,0.0000,0.0000,0.0000,0.0000,0.0000,0.0000,0.0000,0.0476,0.0476,-0.2516,-0.2516,0.0000
1791000680.3350,0.0200,0.0256,0.0000,0.0000,0.0000,0.0000,0.0000,0.0000,0.0000,0.0000,0.0000,0.0000,0.0476,0.0476,-0.2516,-0.2516,0.0000
1791000680.3550,0.0200,0.0235,0.0000,0.0000,0.0000,0.0000,0.0000,0.0000,0.0000,0.0000,0.0000,0.0000,0.0476,0.0476,-0.2516,-0.2516,0.0000
1791000680.3750,0.0200,0.0259,0.0000,0.0000,0.0000,0.0000,0.0000,0.0000,0.0000,0.0000,0.0000,0.0000,0.0476,0.0476,-0.2516,-0.2516,0.0000
1791000680.3950,0.0200,0.0251,0.0000,0.0000,0.0000,0.0000,0.0000,0.0000,0.0000,0.0000,0.0000,0.0000,0.0476,0.0476,-0.2516,-0.2516,0.0000
1791000680.4150,0.0200,0.0252,0.0000,0.0000,0.0000,0.0000,0.0000,0.0000,0.0000,0.0000,0.0000,0.0000,0.0476,0.0476,-0.2516,-0.2516,0.0000
1791000680.4350,0.0200,0.0249,0.0000,0.0000,0.0000,0.0000,0.0000,0.0000,0.0000,0.0000,0.0000,0.0000,0.0476,0.0476,-0.2516,-0.2516,0.0000
1791000680.4550,0.0200,0.0250,0.0000,0.0000,0.0000,0.0000,0.0000,0.0000,0.0000,0.0000,0.0000,0.0000,0.0476,0.0476,-0.2516,-0.2516,0.0000
1791000680.4750,0.0200,0.0232,0.0000,0.0000,0.0000,0.0000,0.0000,0.0000,0.0000,0.0000,0.0000,0.0000,0.0476,0.0476,-0.2516,-0.2516,0.0000
1791000680.4950,0.0200,0.0233,0.0000,0.0000,0.0000,0.0000,0.0000,0.0000,0.0000,0.0000,0.0000,0.0000,0.0476,0.0476,-0.2516,-0.2516,0.0000
1791000680.5150,0.0200,0.0231,0.0000,0.0000,0.0000,0.0000,0.0000,0.0000,0.0000,0.0000,0.0000,0.0000,0.0476,0.0476,-0.2516,-0.2516,0.0000
1791000680.5350,0.0200,0.0235,0.0000,0.0000,0.0000,0.0000,0.0000,0.0000,0.0000,0.0000,0.0000,0.0000,0.0476,0.0476,-0.2516,-0.2516,0.0000
1791000680.5550,0.0200,0.0257,0.0000,0.0000,0.0000,0.0000,0.0000,0.0000,0.0000,0.0000,0.0000,0.0000,0.0476,0.0476,-0.2516,-0.2516,0.0000
1791000680.5750,0.0200,0.0235,0.0000,0.0000,0.0000,0.0000,0.0000,0.0000,0.0000,0.0000,0.0000,0.0000,0.0476,0.0476,-0.2516,-0.2516,0.0000
1791000680.5950,0.0200,0.0253,0.0000,0.0000,0.0000,0.0000,0.0000,0.0000,0.0000,0.0000,0.0000,0.0000,0.0476,0.0476,-0.2516,-0.2516,0.0000
1791000680.6150,0.0200,0.0234,0.0000,0.0000,0.0000,0.0000,0.0000,0.0000,0.0000,0.0000,0.0000,0.0000,0.0476,0.0476,-0.2516,-0.2516,0.0000
1791000680.6350,0.0200,0.0232,0.0000,0.0000,0.0000,0.0000,0.0000,0.0000,0.0000,0.0000,0.0000,0.0000,0.0476,0.0476,-0.2516,-0.2516,0.0000
1791000680.6550,0.0200,0.1195,0.0000,0.0000,0.0000,0.0000,0.0000,0.0000,0.0000,0.0015,0.0000,0.0000,0.0476,0.0476,-0.2516,-0.2516,0.0000
1791000680.6750,0.0200,0.0897,0.0000,0.0000,0.0000,0.0000,0.0000,0.0000,0.0000,-0.0015,0.0000,0.0000,0.0476,0.0476,-0.2516,-0.2516,0.0000
1791000680.6950,0.0200,0.0778,0.0000,0.0000,0.0000,0.0000,0.0000,0.0000,0.0000,0.0015,0.0000,0.0000,0.0476,0.0476,-0.2516,-0.2516,0.0000
1791000680.7150,0.0200,0.0804,0.0000,0.0000,0.0000,0.0000,0.0000,0.0000,0.0000,0.0000,0.0000,0.0000,0.0476,0.0476,-0.2516,-0.2516,0.0000
1791000680.7350,0.0200,0.0785,0.0000,0.0000,0.0000,0.0000,0.0000,0.0000,0.0000,-0.0015,0.0000,0.0000,0.0476,0.0476,-0.2516,-0.2516,0.0000
1791000680.7550,0.0200,0.0783,0.0000,0.0000,0.0000,0.0000,0.0000,0.0000,0.0000,0.0000,0.0000,0.0000,0.0476,0.0476,-0.2516,-0.2516,0.0000
1791000680.7750,0.0200,0.0771,0.0000,0.0000,0.0000,0.0000,0.0000,0.0000,0.0000,0.0015,0.0000,0.0000,0.0476,0.0476,-0.2516,-0.2516,0.0000
1791000680.7950,0.0200,0.0811,0.0000,0.0000,0.0000,0.0000,0.0000,0.0000,0.0000,-0.0015,0.0000,0.0000,0.0476,0.0476,-0.2516,-0.2516,0.0000
1791000680.8150,0.0200,0.0774,0.0000,0.0000,0.0000,0.0000,0.0000,0.0000,0.0000,0.0000,0.0000,0.0000,0.0476,0.0476,-0.2516,-0.2516,0.0000
1791000680.8350,0.0200,0.0792,0.0000,0.0000,0.0000,0.0000,0.0000,0.0000,0.0000,0.0000,0.0000,0.0000,0.0476,0.0476,-0.2516,-0.2516,0.0000
1791000680.8550,0.0200,0.0797,0.0000,0.0000,0.0000,0.0000,0.0000,0.0000,0.0000,0.0015,0.0000,0.0000,0.0476,0.0476,-0.2516,-0.2516,0.0000
1791000680.8750,0.0200,0.0888,0.0000,0.0000,0.0000,0.0000,0.0000,0.0000,0.0000,0.0000,0.0000,0.0000,0.0476,0.0476,-0.2516,-0.2516,0.0000
1791000680.8950,0.0200,0.0821,0.0000,0.0000,0.0000,0.0000,0.0000,0.0000,0.0000,0.0000,0.0000,0.0000,0.0476,0.0476,-0.2516,-0.2516,0.0000
1791000680.9150,0.0200,0.0240,0.0000,0.0000,0.0000,0.0000,0.0000,0.0000,0.0000,0.0000,0.0000,0.0000,0.0476,0.0476,-0.2516,-0.2516,0.0000
1791000680.9350,0.0200,0.0242,0.0000,0.0000,0.0000,0.0000,0.0000,0.0000,0.0000,0.0000,0.0000,0.0000,0.0476,0.0476,-0.2516,-0.2516,0.0000
1791000680.9550,0.0200,0.0239,0.0000,0.0000,0.0000,0.0000,0.0000,0.0000,0.0000,0.0000,0.0000,0.0000,0.0476,0.0476,-0.2516,-0.2516,0.0000
1791000680.9750,0.0200,0.0241,0.0000,0.0000,0.0000,0.0000,0.0000,0.0000,0.0000,0.0000,0.0000,0.0000,0.0476,0.0476,-0.2516,-0.2516,0.0000
1791000680.9950,0.0200,0.0240,0.0000,0.0000,0.0000,0.0000,0.0000,0.0000,0.0000,0.0000,0.0000,0.0000,0.0476,0.0476,-0.2516,-0.2516,0.0000
1791000681.0150,0.0200,0.0240,0.0000,0.0000,0.0000,0.0000,0.0000,0.0000,0.0000,0.0000,0.0000,0.0000,0.0476,0.0476,-0.2516,-0.2516,0.0000
1791000681.0350,0.0200,0.0240,0.0000,0.0000,0.0000,0.0000,0.0000,0.0000,0.0000,0.0000,0.0000,0.0000,0.0476,0.0476,-0.2516,-0.2516,0.0000
1791000681.0550,0.0200,0.0239,0.0000,0.0000,0.0000,0.0000,0.0000,0.0000,0.0000,0.0000,0.0000,0.0000,0.0476,0.0476,-0.2516,-0.2516,0.0000
1791000681.0750,0.0200,0.0240,0.0000,0.0000,0.0000,0.0000,0.0000,0.0000,0.0000,0.0000,0.0000,0.0000,0.0476,0.0476,-0.2516,-0.2516,0.0000
1791000681.0950,0.0200,0.0242,0.0000,0.0000,0.0000,0.0000,0.0000,0.0000,0.0000,0.0000,0.0000,0.0000,0.0476,0.0476,-0.2516,-0.2516,0.0000
1791000681.1150,0.0200,0.0242,0.0000,0.0000,0.0000,0.0000,0.0000,0.0000,0.0000,0.0000,0.0000,0.0000,0.0476,0.0476,-0.2516,-0.2516,0.0000
1791000681.1350,0.0200,0.0237,0.0000,0.0000,0.0000,0.0000,0.0000,0.0000,0.0000,0.0000,0.0000,0.0000,0.0476,0.0476,-0.2516,-0.2516,0.0000
1791000681.1550,0.0200,0.0238,0.0000,0.0000,0.0000,0.0000,0.0000,0.0000,0.0000,0.0000,0.0000,0.0000,0.0476,0.0476,-0.2516,-0.2516,0.0000
1791000681.1750,0.0200,0.0242,0.0000,0.0000,0.0000,0.0000,0.0000,0.0000,0.0000,0.0000,0.0000,0.0000,0.0476,0.0476,-0.2516,-0.2516,0.0000
1791000681.1950,0.0200,0.0242,0.0000,0.0000,0.0000,0.0000,0.0000,0.0000,0.0000,0.0000,0.0000,0.0000,0.0476,0.0476,-0.2516,-0.2516,0.0000
1791000681.2150,0.0200,0.0242,0.0000,0.0000,0.0000,0.0000,0.0000,0.0000,0.0000,0.0000,0.0000,0.0000,0.0476,0.0476,-0.2516,-0.2516,0.0000
1791000681.2350,0.0200,0.0240,0.0000,0.0000,0.0000,0.0000,0.0000,0.0000,0.0000,0.0000,0.0000,0.0000,0.0476,0.0476,-0.2516,-0.2516,0.0000
1791000681.2550,0.0200,0.0244,0.0000,0.0000,0.0000,0.0000,0.0000,0.0000,0.0000,0.0000,0.0000,0.0000,0.0476,0.0476,-0.2516,-0.2516,0.0000
1791000681.2750,0.0200,0.0243,0.0000,0.0000,0.0000,0.0000,0.0000,0.0000,0.0000,0.0000,0.0000,0.0000,0.0476,0.0476,-0.2516,-0.2516,0.0000
1791000681.2950,0.0200,0.0244,0.0000,0.0000,0.0000,0.0000,0.0000,0.0000,0.0000,0.0000,0.0000,0.0000,0.0476,0.0476,-0.2516,-0.2516,0.0000
1791000681.3150,0.0200,0.0243,0.0000,0.0000,0.0000,0.0000,0.0000,0.0000,0.0000,0.0000,0.0000,0.0000,0.0476,0.0476,-0.2516,-0.2516,0.0000
1791000681.3350,0.0200,0.0241,0.0000,0.0000,0.0000,0.0000,0.0000,0.0000,0.0000,0.0000,0.0000,0.0000,0.0476,0.0476,-0.2516,-0.2516,0.0000
1791000681.3550,0.0200,0.0241,0.0000,0.0000,0.0000,0.0000,0.0000,0.0000,0.0000,0.0000,0.0000,0.0000,0.0476,0.0476,-0.2516,-0.2516,0.0000
1791000681.3750,0.0200,0.0244,0.0000,0.0000,0.0000,0.0000,0.0000,0.0000,0.0000,0.0000,0.0000,0.0000,0.0476,0.0476,-0.2516,-0.2516,0.0000
1791000681.3950,0.0200,0.0265,0.0000,0.0000,0.0000,0.0000,0.0000,0.0000,0.0000,0.0000,0.0000,0.0000,0.0476,0.0476,-0.2516,-0.2516,0.0000
1791000681.4150,0.0200,0.0254,0.0000,0.0000,0.0000,0.0000,0.0000,0.0000,0.0000,0.0000,0.0000,0.0000,0.0476,0.0476,-0.2516,-0.2516,0.0000
1791000681.4350,0.0200,0.0251,0.0000,0.0000,0.0000,0.0000,0.0000,0.0000,0.0000,0.0000,0.0000,0.0000,0.0476,0.0476,-0.2516,-0.2516,0.0000
1791000681.4550,0.0200,0.0255,0.0000,0.0000,0.0000,0.0000,0.0000,0.0000,0.0000,0.0000,0.0000,0.0000,0.0476,0.0476,-0.2516,-0.2516,0.0000
1791000681.4750,0.0200,0.0249,0.0000,0.0000,0.0000,0.0000,0.0000,0.0000,0.0000,0.0000,0.0000,0.0000,0.0476,0.0476,-0.2516,-0.2516,0.0000
1791000681.4950,0.0200,0.0251,0.0000,0.0000,0.0000,0.0000,0.0000,0.0000,0.0000,0.0000,0.0000,0.0000,0.0476,0.0476,-0.2516,-0.2516,0.0000
1791000681.5150,0.0200,0.0253,0.0000,0.0000,0.0000,0.0000,0.0000,0.0000,0.0000,0.0000,0.0000,0.0000,0.0476,0.0476,-0.2516,-0.2516,0.0000
1791000681.5350,0.0200,0.0253,0.0000,0.0000,0.0000,0.0000,0.0000,0.0000,0.0000,0.0000,0.0000,0.0000,0.0476,0.0476,-0.2516,-0.2516,0.0000
1791000681.5550,0.0200,0.0251,0.0000,0.0000,0.0000,0.0000,0.0000,0.0000,0.0000,0.0000,0.0000,0.0000,0.0476,0.0476,-0.2516,-0.2516,0.0000
1791000681.5750,0.0200,0.0233,0.0000,0.0000,0.0000,0.0000,0.0000,0.0000,0.0000,0.0000,0.0000,0.0000,0.0476,0.0476,-0.2516,-0.2516,0.0000
1791000681.5950,0.0200,0.0253,0.0000,0.0000,0.0000,0.0000,0.0000,0.0000,0.0000,0.0000,0.0000,0.0000,0.0476,0.0476,-0.2516,-0.2516,0.0000
1791000681.6150,0.0200,0.0277,0.0000,0.0000,0.0000,0.0000,0.0000,0.0000,0.0000,0.0000,0.0000,0.0000,0.0476,0.0476,-0.2516,-0.2516,0.0000
1791000681.6350,0.0200,0.0253,0.0000,0.0000,0.0000,0.0000,0.0000,0.0000,0.0000,0.0000,0.0000,0.0000,0.0476,0.0476,-0.2516,-0.2516,0.0000
1791000681.6550,0.0200,0.0244,0.0000,0.0000,0.0000,0.0000,0.0000,0.0000,0.0000,0.0000,0.0000,0.0000,0.0476,0.0476,-0.2516,-0.2516,0.0000
1791000681.6750,0.0200,0.0253,0.0000,0.0000,0.0000,0.0000,0.0000,0.0000,0.0000,0.0000,0.0000,0.0000,0.0476,0.0476,-0.2516,-0.2516,0.0000
1791000681.6950,0.0200,0.0238,0.0000,0.0000,0.0000,0.0000,0.0000,0.0000,0.0000,0.0000,0.0000,0.0000,0.0476,0.0476,-0.2516,-0.2516,0.0000
1791000681.7150,0.0200,0.0250,0.0000,0.0000,0.0000,0.0000,0.0000,0.0000,0.0000,0.0000,0.0000,0.0000,0.0476,0.0476,-0.2516,-0.2516,0.0000
1791000681.7350,0.0200,0.0260,0.0000,0.0000,0.0000,0.0000,0.0000,0.0000,0.0000,0.0000,0.0000,0.0000,0.0476,0.0476,-0.2516,-0.2516,0.0000
1791000681.7550,0.0200,0.0253,0.0000,0.0000,0.0000,0.0000,0.0000,0.0000,0.0000,0.0000,0.0000,0.0000,0.0476,0.0476,-0.2516,-0.2516,0.0000
1791000681.7750,0.0200,0.0234,0.0000,0.0000,0.0000,0.0000,0.0000,0.0000,0.0000,0.0000,0.0000,0.0000,0.0476,0.0476,-0.2516,-0.2516,0.0000
1791000681.7950,0.0200,0.0233,0.0000,0.0000,0.0000,0.0000,0.0000,0.0000,0.0000,0.0000,0.0000,0.0000,0.0476,0.0476,-0.2516,-0.2516,0.0000
1791000681.8150,0.0200,0.0254,0.0000,0.0000,0.0000,0.0000,0.0000,0.0000,0.0000,0.0000,0.0000,0.0000,0.0476,0.0476,-0.2516,-0.2516,0.0000
1791000681.8350,0.0200,0.0234,0.0000,0.0000,0.0000,0.0000,0.0000,0.0000,0.0000,0.0000,0.0000,0.0000,0.0476,0.0476,-0.2516,-0.2516,0.0000
1791000681.8550,0.0200,0.0233,0.0000,0.0000,0.0000,0.0000,0.0000,0.0000,0.0000,0.0000,0.0000,0.0000,0.0476,0.0476,-0.2516,-0.2516,0.0000
1791000681.8750,0.0200,0.1158,0.0000,0.0000,0.0000,0.0000,0.0000,0.0000,0.0000,0.0000,0.0000,0.0000,0.0476,0.0476,-0.2516,-0.2516,0.0000
1791000681.8950,0.0200,0.0810,0.0000,0.0000,0.0000,0.0000,0.0000,0.0000,0.0000,0.0000,0.0000,0.0000,0.0476,0.0506,-0.2516,-0.2516,0.0000
1791000681.9150,0.0200,0.0840,0.0000,0.0000,0.0000,0.0000,0.0000,0.0000,0.0000,-0.0015,0.0000,0.0000,0.0476,0.0476,-0.2516,-0.2516,0.0000
1791000681.9350,0.0200,0.0791,0.0000,0.0000,0.0000,0.0000,0.0000,0.0000,0.0000,0.0015,0.0000,0.0000,0.0476,0.0476,-0.2516,-0.2516,0.0000
1791000681.9550,0.0200,0.0814,0.0000,0.0000,0.0000,0.0000,0.0000,0.0000,0.0000,-0.0015,0.0000,0.0000,0.0476,0.0476,-0.2516,-0.2516,0.0000
1791000681.9750,0.0200,0.0810,0.0000,0.0000,0.0000,0.0000,0.0000,0.0000,0.0000,0.0000,0.0000,0.0000,0.0476,0.0476,-0.2516,-0.2516,0.0000
1791000681.9950,0.0200,0.0800,0.0000,0.0000,0.0000,0.0000,0.0000,0.0000,0.0000,0.0015,0.0000,0.0000,0.0476,0.0476,-0.2516,-0.2516,0.0000
1791000682.0150,0.0200,0.0808,0.0000,0.0000,0.0000,0.0000,0.0000,0.0000,0.0000,0.0000,0.0000,0.0000,0.0476,0.0476,-0.2516,-0.2516,0.0000
1791000682.0350,0.0200,0.0807,0.0000,0.0000,0.0000,0.0000,0.0000,0.0000,0.0000,-0.0015,0.0000,0.0000,0.0476,0.0476,-0.2516,-0.2516,0.0000
1791000682.0550,0.0200,0.0787,0.0000,0.0000,0.0000,0.0000,0.0000,0.0000,0.0000,0.0015,0.0000,0.0000,0.0476,0.0476,-0.2516,-0.2516,0.0000
1791000682.0750,0.0200,0.0803,0.0000,0.0000,0.0000,0.0000,0.0000,0.0000,0.0000,-0.0015,0.0000,0.0000,0.0476,0.0476,-0.2516,-0.2516,0.0000
1791000682.0950,0.0200,0.0779,0.0000,0.0000,0.0000,0.0000,0.0000,0.0000,0.0000,0.0015,0.0000,0.0000,0.0476,0.0476,-0.2516,-0.2516,0.0000
1791000682.1150,0.0200,0.0239,0.0000,0.0000,0.0000,0.0000,0.0000,0.0000,0.0000,0.0000,0.0000,0.0000,0.0476,0.0476,-0.2516,-0.2516,0.0000
1791000682.1350,0.0200,0.0236,0.0000,0.0000,0.0000,0.0000,0.0000,0.0000,0.0000,0.0000,0.0000,0.0000,0.0476,0.0476,-0.2516,-0.2516,0.0000
1791000682.1550,0.0200,0.0219,0.0000,0.0000,0.0000,0.0000,0.0000,0.0000,0.0000,0.0000,0.0000,0.0000,0.0476,0.0476,-0.2516,-0.2516,0.0000
1791000682.1750,0.0200,0.0239,0.0000,0.0000,0.0000,0.0000,0.0000,0.0000,0.0000,0.0000,0.0000,0.0000,0.0476,0.0476,-0.2516,-0.2516,0.0000
1791000682.1950,0.0200,0.0242,0.0000,0.0000,0.0000,0.0000,0.0000,0.0000,0.0000,0.0000,0.0000,0.0000,0.0476,0.0476,-0.2516,-0.2516,0.0000
1791000682.2150,0.0200,0.0241,0.0000,0.0000,0.0000,0.0000,0.0000,0.0000,0.0000,0.0000,0.0000,0.0000,0.0476,0.0476,-0.2516,-0.2516,0.0000
1791000682.2350,0.0200,0.0240,0.0000,0.0000,0.0000,0.0000,0.0000,0.0000,0.0000,0.0000,0.0000,0.0000,0.0476,0.0476,-0.2516,-0.2516,0.0000
1791000682.2550,0.0200,0.0243,0.0000,0.0000,0.0000,0.0000,0.0000,0.0000,0.0000,0.0000,0.0000,0.0000,0.0476,0.0476,-0.2516,-0.2516,0.0000
1791000682.2750,0.0200,0.0241,0.0000,0.0000,0.0000,0.0000,0.0000,0.0000,0.0000,0.0000,0.0000,0.0000,0.0476,0.0476,-0.2516,-0.2516,0.0000
1791000682.2950,0.0200,0.0242,0.0000,0.0000,0.0000,0.0000,0.0000,0.0000,0.0000,0.0000,0.0000,0.0000,0.0476,0.0476,-0.2516,-0.2516,0.0000
1791000682.3150,0.0200,0.0237,0.0000,0.0000,0.0000,0.0000,0.0000,0.0000,0.0000,0.0000,0.0000,0.0000,0.0476,0.0476,-0.2516,-0.2516,0.0000
1791000682.3350,0.0200,0.0244,0.0000,0.0000,0.0000,0.0000,0.0000,0.0000,0.0000,0.0000,0.0000,0.0000,0.0476,0.0476,-0.2516,-0.2516,0.0000
1791000682.3550,0.0200,0.0249,0.0000,0.0000,0.0000,0.0000,0.0000,0.0000,0.0000,0.0000,0.0000,0.0000,0.0476,0.0476,-0.2516,-0.2516,0.0000
1791000682.3750,0.0200,0.0243,0.0000,0.0000,0.0000,0.0000,0.0000,0.0000,0.0000,0.0000,0.0000,0.0000,0.0476,0.0476,-0.2516,-0.2516,0.0000
1791000682.3950,0.0200,0.0243,0.0000,0.0000,0.0000,0.0000,0.0000,0.0000,0.0000,0.0000,0.0000,0.0000,0.0476,0.0476,-0.2516,-0.2516,0.0000
1791000682.4150,0.0200,0.0243,0.0000,0.0000,0.0000,0.0000,0.0000,0.0000,0.0000,0.0000,0.0000,0.0000,0.0476,0.0476,-0.2516,-0.2516,0.0000
1791000682.4350,0.0200,0.0240,0.0000,0.0000,0.0000,0.0000,0.0000,0.0000,0.0000,0.0000,0.0000,0.0000,0.0476,0.0476,-0.2516,-0.2516,0.0000
1791000682.4550,0.0200,0.0244,0.0000,0.0000,0.0000,0.0000,0.0000,0.0000,0.0000,0.0000,0.0000,0.0000,0.0476,0.0476,-0.2516,-0.2516,0.0000
1791000682.4750,0.0200,0.0241,0.0000,0.0000,0.0000,0.0000,0.0000,0.0000,0.0000,0.0000,0.0000,0.0000,0.0476,0.0476,-0.2516,-0.2516,0.0000
1791000682.4950,0.0200,0.0257,0.0000,0.0000,0.0000,0.0000,0.0000,0.0000,0.0000,0.0000,0.0000,0.0000,0.0476,0.0476,-0.2516,-0.2516,0.0000
1791000682.5150,0.0200,0.0242,0.0000,0.0000,0.0000,0.0000,0.0000,0.0000,0.0000,0.0000,0.0000,0.0000,0.0476,0.0476,-0.2516,-0.2516,0.0000
1791000682.5350,0.0200,0.0239,0.0000,0.0000,0.0000,0.0000,0.0000,0.0000,0.0000,0.0000,0.0000,0.0000,0.0476,0.0476,-0.2516,-0.2516,0.0000
1791000682.5550,0.0200,0.0240,0.0000,0.0000,0.0000,0.0000,0.0000,0.0000,0.0000,0.0000,0.0000,0.0000,0.0476,0.0476,-0.2516,-0.2516,0.0000
1791000682.5750,0.0200,0.0241,0.0000,0.0000,0.0000,0.0000,0.0000,0.0000,0.0000,0.0000,0.0000,0.0000,0.0476,0.0476,-0.2516,-0.2516,0.0000
1791000682.5950,0.0200,0.0903,0.0000,0.0000,0.0000,0.0000,0.0000,0.0000,0.0000,0.0000,0.0000,0.0000,0.0476,0.0476,-0.2516,-0.2516,0.0000
1791000682.6150,0.0200,0.0240,0.0000,0.0000,0.0000,0.0000,0.0000,0.0000,0.0000,0.0000,0.0000,0.0000,0.0476,0.0476,-0.2516,-0.2516,0.0000
1791000682.6350,0.0200,0.0252,0.0000,0.0000,0.0000,0.0000,0.0000,0.0000,0.0000,0.0000,0.0000,0.0000,0.0476,0.0476,-0.2516,-0.2516,0.0000
1791000682.6554,0.0203,0.0246,0.0000,0.0000,0.0000,0.0000,0.0000,0.0000,0.0000,0.0000,0.0000,0.0000,0.0476,0.0476,-0.2516,-0.2516,0.0000
1791000682.6751,0.0198,0.0263,0.0000,0.0000,0.0000,0.0000,0.0000,0.0000,0.0000,0.0000,0.0000,0.0000,0.0476,0.0476,-0.2516,-0.2516,0.0000
1791000682.6951,0.0200,0.0263,0.0000,0.0000,0.0000,0.0000,0.0000,0.0000,0.0000,0.0000,0.0000,0.0000,0.0476,0.0476,-0.2516,-0.2516,0.0000
1791000682.7151,0.0200,0.0268,0.0000,0.0000,0.0000,0.0000,0.0000,0.0000,0.0000,0.0000,0.0000,0.0000,0.0476,0.0476,-0.2516,-0.2516,0.0000
1791000682.7351,0.0201,0.0269,0.0000,0.0000,0.0000,0.0000,0.0000,0.0000,0.0000,0.0000,0.0000,0.0000,0.0476,0.0476,-0.2516,-0.2516,0.0000
1791000682.7551,0.0200,0.0263,0.0000,0.0000,0.0000,0.0000,0.0000,0.0000,0.0000,0.0000,0.0000,0.0000,0.0476,0.0476,-0.2516,-0.2516,0.0000
1791000682.7751,0.0200,0.0238,0.0000,0.0000,0.0000,0.0000,0.0000,0.0000,0.0000,0.0000,0.0000,0.0000,0.0476,0.0476,-0.2516,-0.2516,0.0000
1791000682.7951,0.0200,0.0264,0.0000,0.0000,0.0000,0.0000,0.0000,0.0000,0.0000,0.0000,0.0000,0.0000,0.0476,0.0476,-0.2516,-0.2516,0.0000
1791000682.8151,0.0200,0.0261,0.0000,0.0000,0.0000,0.0000,0.0000,0.0000,0.0000,0.0000,0.0000,0.0000,0.0476,0.0476,-0.2516,-0.2516,0.0000
1791000682.8351,0.0200,0.0263,0.0000,0.0000,0.0000,0.0000,0.0000,0.0000,0.0000,0.0000,0.0000,0.0000,0.0476,0.0476,-0.2516,-0.2516,0.0000
1791000682.8551,0.0200,0.0261,0.0000,0.0000,0.0000,0.0000,0.0000,0.0000,0.0000,0.0000,0.0000,0.0000,0.0476,0.0476,-0.2516,-0.2516,0.0000
1791000682.8751,0.0200,0.0263,0.0000,0.0000,0.0000,0.0000,0.0000,0.0000,0.0000,0.0000,0.0000,0.0000,0.0476,0.0476,-0.2516,-0.2516,0.0000
1791000682.8950,0.0199,0.0239,0.0000,0.0000,0.0000,0.0000,0.0000,0.0000,0.0000,0.0000,0.0000,0.0000,0.0476,0.0476,-0.2516,-0.2516,0.0000
1791000682.9151,0.0201,0.0262,0.0000,0.0000,0.0000,0.0000,0.0000,0.0000,0.0000,0.0000,0.0000,0.0000,0.0476,0.0476,-0.2516,-0.2516,0.0000
1791000682.9351,0.0200,0.0286,0.0000,0.0000,0.0000,0.0000,0.0000,0.0000,0.0000,0.0000,0.0000,0.0000,0.0476,0.0476,-0.2516,-0.2516,0.0000
1791000682.9551,0.0200,0.0311,0.0000,0.0000,0.0000,0.0000,0.0000,0.0000,0.0000,0.0000,0.0000,0.0000,0.0476,0.0476,-0.2516,-0.2516,0.0000
1791000682.9751,0.0200,0.0265,0.0000,0.0000,0.0000,0.0000,0.0000,0.0000,0.0000,0.0000,0.0000,0.0000,0.0476,0.0476,-0.2516,-0.2516,0.0000
1791000682.9951,0.0200,0.0270,0.0000,0.0000,0.0000,0.0000,0.0000,0.0000,0.0000,0.0000,0.0000,0.0000,0.0476,0.0476,-0.2516,-0.2516,0.0000
1791000683.0151,0.0200,0.0265,0.0000,0.0000,0.0000,0.0000,0.0000,0.0000,0.0000,0.0000,0.0000,0.0000,0.0476,0.0476,-0.2516,-0.2516,0.0000
1791000683.0351,0.0200,0.0241,0.0000,0.0000,0.0000,0.0000,0.0000,0.0000,0.0000,0.0000,0.0000,0.0000,0.0476,0.0476,-0.2516,-0.2516,0.0000
1791000683.0551,0.0200,0.0264,0.0000,0.0000,0.0000,0.0000,0.0000,0.0000,0.0000,0.0000,0.0000,0.0000,0.0476,0.0476,-0.2516,-0.2516,0.0000
1791000683.0751,0.0200,0.1006,0.0000,0.0000,0.0000,0.0000,0.0000,0.0000,0.0000,-0.0015,0.0000,0.0000,0.0476,0.0476,-0.2516,-0.2516,0.0000
1791000683.0951,0.0200,0.0830,0.0000,0.0000,0.0000,0.0000,0.0000,0.0000,0.0000,0.0015,0.0000,0.0000,0.0476,0.0476,-0.2516,-0.2516,0.0000
1791000683.1151,0.0200,0.0864,0.0000,0.0000,0.0000,0.0000,0.0000,0.0000,0.0000,0.0000,0.0000,0.0000,0.0476,0.0476,-0.2516,-0.2516,0.0000
1791000683.1351,0.0200,0.0802,0.0000,0.0000,0.0000,0.0000,0.0000,0.0000,0.0000,0.0000,0.0000,0.0000,0.0476,0.0476,-0.2516,-0.2516,0.0000
1791000683.1551,0.0200,0.0879,0.0000,0.0000,0.0000,0.0000,0.0000,0.0000,0.0000,0.0000,0.0000,0.0000,0.0476,0.0476,-0.2516,-0.2516,0.0000
1791000683.1752,0.0201,0.0816,0.0000,0.0000,0.0000,0.0000,0.0000,0.0000,0.0000,0.0000,0.0000,0.0000,0.0476,0.0476,-0.2516,-0.2516,0.0000
1791000683.1951,0.0199,0.0853,0.0000,0.0000,0.0000,0.0000,0.0000,0.0000,0.0000,0.0000,0.0000,0.0000,0.0476,0.0476,-0.2516,-0.2516,0.0000
1791000683.2150,0.0200,0.0786,0.0000,0.0000,0.0000,0.0000,0.0000,0.0000,0.0000,0.0000,0.0000,0.0000,0.0476,0.0476,-0.2516,-0.2516,0.0000
1791000683.2350,0.0200,0.0963,0.0000,0.0000,0.0000,0.0000,0.0000,0.0000,0.0000,0.0000,0.0000,0.0000,0.0476,0.0476,-0.2516,-0.2516,0.0000
1791000683.2550,0.0200,0.0837,0.0000,0.0000,0.0000,0.0000,0.0000,0.0000,0.0000,-0.0015,0.0000,0.0000,0.0476,0.0476,-0.2516,-0.2516,0.0000
1791000683.2750,0.0200,0.0773,0.0000,0.0000,0.0000,0.0000,0.0000,0.0000,0.0000,0.0015,0.0000,0.0000,0.0476,0.0476,-0.2516,-0.2516,0.0000
1791000683.2950,0.0200,0.0799,0.0000,0.0000,0.0000,0.0000,0.0000,0.0000,0.0000,-0.0015,0.0000,0.0000,0.0476,0.0476,-0.2516,-0.2516,0.0000
1791000683.3150,0.0200,0.0787,0.0000,0.0000,0.0000,0.0000,0.0000,0.0000,0.0000,0.0015,0.0000,0.0000,0.0476,0.0476,-0.2516,-0.2516,0.0000
1791000683.3350,0.0200,0.0238,0.0000,0.0000,0.0000,0.0000,0.0000,0.0000,0.0000,0.0000,0.0000,0.0000,0.0476,0.0476,-0.2516,-0.2516,0.0000
1791000683.3550,0.0200,0.0241,0.0000,0.0000,0.0000,0.0000,0.0000,0.0000,0.0000,0.0000,0.0000,0.0000,0.0476,0.0476,-0.2516,-0.2516,0.0000
1791000683.3750,0.0200,0.0241,0.0000,0.0000,0.0000,0.0000,0.0000,0.0000,0.0000,0.0000,0.0000,0.0000,0.0476,0.0476,-0.2516,-0.2516,0.0000
1791000683.3950,0.0200,0.0260,0.0000,0.0000,0.0000,0.0000,0.0000,0.0000,0.0000,0.0000,0.0000,0.0000,0.0476,0.0476,-0.2516,-0.2516,0.0000
1791000683.4150,0.0200,0.0240,0.0000,0.0000,0.0000,0.0000,0.0000,0.0000,0.0000,0.0000,0.0000,0.0000,0.0476,0.0476,-0.2516,-0.2516,0.0000
1791000683.4350,0.0200,0.0256,0.0000,0.0000,0.0000,0.0000,0.0000,0.0000,0.0000,0.0000,0.0000,0.0000,0.0476,0.0476,-0.2516,-0.2516,0.0000
1791000683.4550,0.0200,0.0240,0.0000,0.0000,0.0000,0.0000,0.0000,0.0000,0.0000,0.0000,0.0000,0.0000,0.0476,0.0476,-0.2516,-0.2516,0.0000
1791000683.4750,0.0200,0.0239,0.0000,0.0000,0.0000,0.0000,0.0000,0.0000,0.0000,0.0000,0.0000,0.0000,0.0476,0.0476,-0.2516,-0.2516,0.0000
1791000683.4950,0.0200,0.0240,0.0000,0.0000,0.0000,0.0000,0.0000,0.0000,0.0000,0.0000,0.0000,0.0000,0.0476,0.0476,-0.2516,-0.2516,0.0000
1791000683.5150,0.0200,0.0221,0.0000,0.0000,0.0000,0.0000,0.0000,0.0000,0.0000,0.0000,0.0000,0.0000,0.0476,0.0476,-0.2516,-0.2516,0.0000
1791000683.5350,0.0200,0.0238,0.0000,0.0000,0.0000,0.0000,0.0000,0.0000,0.0000,0.0000,0.0000,0.0000,0.0476,0.0476,-0.2516,-0.2516,0.0000
1791000683.5550,0.0200,0.0239,0.0000,0.0000,0.0000,0.0000,0.0000,0.0000,0.0000,0.0000,0.0000,0.0000,0.0476,0.0476,-0.2516,-0.2516,0.0000
1791000683.5750,0.0200,0.0237,0.0000,0.0000,0.0000,0.0000,0.0000,0.0000,0.0000,0.0000,0.0000,0.0000,0.0476,0.0476,-0.2516,-0.2516,0.0000
1791000683.5950,0.0200,0.0240,0.0000,0.0000,0.0000,0.0000,0.0000,0.0000,0.0000,0.0000,0.0000,0.0000,0.0476,0.0476,-0.2516,-0.2516,0.0000
1791000683.6150,0.0200,0.0242,0.0000,0.0000,0.0000,0.0000,0.0000,0.0000,0.0000,0.0000,0.0000,0.0000,0.0476,0.0476,-0.2516,-0.2516,0.0000
1791000683.6350,0.0200,0.0223,0.0000,0.0000,0.0000,0.0000,0.0000,0.0000,0.0000,0.0000,0.0000,0.0000,0.0476,0.0476,-0.2516,-0.2516,0.0000
1791000683.6550,0.0200,0.0240,0.0000,0.0000,0.0000,0.0000,0.0000,0.0000,0.0000,0.0000,0.0000,0.0000,0.0476,0.0476,-0.2516,-0.2516,0.0000
1791000683.6750,0.0200,0.0239,0.0000,0.0000,0.0000,0.0000,0.0000,0.0000,0.0000,0.0000,0.0000,0.0000,0.0476,0.0476,-0.2516,-0.2516,0.0000
1791000683.6950,0.0200,0.0241,0.0000,0.0000,0.0000,0.0000,0.0000,0.0000,0.0000,0.0000,0.0000,0.0000,0.0476,0.0476,-0.2516,-0.2516,0.0000
1791000683.7150,0.0200,0.0238,0.0000,0.0000,0.0000,0.0000,0.0000,0.0000,0.0000,0.0000,0.0000,0.0000,0.0476,0.0476,-0.2516,-0.2516,0.0000
1791000683.7350,0.0200,0.0237,0.0000,0.0000,0.0000,0.0000,0.0000,0.0000,0.0000,0.0000,0.0000,0.0000,0.0476,0.0476,-0.2516,-0.2516,0.0000
1791000683.7550,0.0200,0.0242,0.0000,0.0000,0.0000,0.0000,0.0000,0.0000,0.0000,0.0000,0.0000,0.0000,0.0476,0.0476,-0.2516,-0.2516,0.0000
1791000683.7750,0.0200,0.0247,0.0000,0.0000,0.0000,0.0000,0.0000,0.0000,0.0000,0.0000,0.0000,0.0000,0.0476,0.0476,-0.2516,-0.2516,0.0000
1791000683.7950,0.0200,0.0240,0.0000,0.0000,0.0000,0.0000,0.0000,0.0000,0.0000,0.0000,0.0000,0.0000,0.0476,0.0476,-0.2516,-0.2516,0.0000
1791000683.8150,0.0200,0.0240,0.0000,0.0000,0.0000,0.0000,0.0000,0.0000,0.0000,0.0000,0.0000,0.0000,0.0476,0.0476,-0.2516,-0.2516,0.0000
1791000683.8350,0.0200,0.0268,0.0000,0.0000,0.0000,0.0000,0.0000,0.0000,0.0000,0.0000,0.0000,0.0000,0.0476,0.0476,-0.2516,-0.2516,0.0000
1791000683.8550,0.0200,0.0250,0.0000,0.0000,0.0000,0.0000,0.0000,0.0000,0.0000,0.0000,0.0000,0.0000,0.0476,0.0476,-0.2516,-0.2516,0.0000
1791000683.8750,0.0200,0.0252,0.0000,0.0000,0.0000,0.0000,0.0000,0.0000,0.0000,0.0000,0.0000,0.0000,0.0476,0.0476,-0.2516,-0.2516,0.0000
1791000683.8950,0.0200,0.0232,0.0000,0.0000,0.0000,0.0000,0.0000,0.0000,0.0000,0.0000,0.0000,0.0000,0.0476,0.0476,-0.2516,-0.2516,0.0000
1791000683.9151,0.0200,0.0289,0.0000,0.0000,0.0000,0.0000,0.0000,0.0000,0.0000,0.0000,0.0000,0.0000,0.0476,0.0476,-0.2516,-0.2516,0.0000
1791000683.9350,0.0200,0.0254,0.0000,0.0000,0.0000,0.0000,0.0000,0.0000,0.0000,0.0000,0.0000,0.0000,0.0476,0.0476,-0.2516,-0.2516,0.0000
1791000683.9550,0.0200,0.0250,0.0000,0.0000,0.0000,0.0000,0.0000,0.0000,0.0000,0.0000,0.0000,0.0000,0.0476,0.0476,-0.2516,-0.2516,0.0000
1791000683.9750,0.0200,0.0254,0.0000,0.0000,0.0000,0.0000,0.0000,0.0000,0.0000,0.0000,0.0000,0.0000,0.0476,0.0476,-0.2516,-0.2516,0.0000
1791000683.9950,0.0200,0.0252,0.0000,0.0000,0.0000,0.0000,0.0000,0.0000,0.0000,0.0000,0.0000,0.0000,0.0476,0.0476,-0.2516,-0.2516,0.0000
1791000684.0150,0.0200,0.0251,0.0000,0.0000,0.0000,0.0000,0.0000,0.0000,0.0000,0.0000,0.0000,0.0000,0.0476,0.0476,-0.2516,-0.2516,0.0000
1791000684.0350,0.0200,0.0234,0.0000,0.0000,0.0000,0.0000,0.0000,0.0000,0.0000,0.0000,0.0000,0.0000,0.0476,0.0476,-0.2516,-0.2516,0.0000
1791000684.0550,0.0200,0.0227,0.0000,0.0000,0.0000,0.0000,0.0000,0.0000,0.0000,0.0000,0.0000,0.0000,0.0476,0.0476,-0.2516,-0.2516,0.0000
1791000684.0750,0.0200,0.0253,0.0000,0.0000,0.0000,0.0000,0.0000,0.0000,0.0000,0.0000,0.0000,0.0000,0.0476,0.0476,-0.2516,-0.2516,0.0000
1791000684.0950,0.0200,0.0252,0.0000,0.0000,0.0000,0.0000,0.0000,0.0000,0.0000,0.0000,0.0000,0.0000,0.0476,0.0476,-0.2516,-0.2516,0.0000
1791000684.1150,0.0200,0.0232,0.0000,0.0000,0.0000,0.0000,0.0000,0.0000,0.0000,0.0000,0.0000,0.0000,0.0476,0.0476,-0.2516,-0.2516,0.0000
1791000684.1350,0.0200,0.0231,0.0000,0.0000,0.0000,0.0000,0.0000,0.0000,0.0000,0.0000,0.0000,0.0000,0.0476,0.0476,-0.2516,-0.2516,0.0000
1791000684.1550,0.0200,0.0250,0.0000,0.0000,0.0000,0.0000,0.0000,0.0000,0.0000,0.0000,0.0000,0.0000,0.0476,0.0476,-0.2516,-0.2516,0.0000
1791000684.1750,0.0200,0.0257,0.0000,0.0000,0.0000,0.0000,0.0000,0.0000,0.0000,0.0000,0.0000,0.0000,0.0476,0.0476,-0.2516,-0.2516,0.0000
1791000684.1950,0.0200,0.0236,0.0000,0.0000,0.0000,0.0000,0.0000,0.0000,0.0000,0.0000,0.0000,0.0000,0.0476,0.0476,-0.2516,-0.2516,0.0000
1791000684.2150,0.0200,0.0257,0.0000,0.0000,0.0000,0.0000,0.0000,0.0000,0.0000,0.0000,0.0000,0.0000,0.0476,0.0476,-0.2516,-0.2516,0.0000
1791000684.2350,0.0200,0.0252,0.0000,0.0000,0.0000,0.0000,0.0000,0.0000,0.0000,0.0000,0.0000,0.0000,0.0476,0.0476,-0.2516,-0.2516,0.0000
1791000684.2550,0.0200,0.0252,0.0000,0.0000,0.0000,0.0000,0.0000,0.0000,0.0000,0.0000,0.0000,0.0000,0.0476,0.0476,-0.2516,-0.2516,0.0000
1791000684.2750,0.0200,0.0232,0.0000,0.0000,0.0000,0.0000,0.0000,0.0000,0.0000,0.0000,0.0000,0.0000,0.0476,0.0476,-0.2516,-0.2516,0.0000
1791000684.2950,0.0200,0.1198,0.0000,0.0000,0.0000,0.0000,0.0000,0.0000,0.0000,-0.0015,0.0000,0.0000,0.0476,0.0476,-0.2516,-0.2516,0.0000
1791000684.3150,0.0200,0.0815,0.0000,0.0000,0.0000,0.0000,0.0000,0.0000,0.0000,0.0015,0.0000,0.0000,0.0476,0.0476,-0.2516,-0.2516,0.0000
1791000684.3350,0.0200,0.0774,0.0000,0.0000,0.0000,0.0000,0.0000,0.0000,0.0000,0.0000,0.0000,0.0000,0.0476,0.0476,-0.2516,-0.2531,0.0000
1791000684.3550,0.0200,0.0773,0.0000,0.0000,0.0000,0.0000,0.0000,0.0000,0.0000,0.0000,0.0000,0.0000,0.0476,0.0506,-0.2516,-0.2516,0.0000
1791000684.3750,0.0200,0.0795,0.0000,0.0000,0.0000,0.0000,0.0000,0.0000,0.0000,-0.0015,0.0000,0.0000,0.0476,0.0476,-0.2516,-0.2516,0.0000
1791000684.3950,0.0200,0.0777,0.0000,0.0000,0.0000,0.0000,0.0000,0.0000,0.0000,0.0000,0.0000,0.0000,0.0476,0.0476,-0.2516,-0.2516,0.0000
1791000684.4150,0.0200,0.0792,0.0000,0.0000,0.0000,0.0000,0.0000,0.0000,0.0000,0.0015,0.0000,0.0000,0.0476,0.0476,-0.2516,-0.2516,0.0000
1791000684.4350,0.0200,0.0771,0.0000,0.0000,0.0000,0.0000,0.0000,0.0000,0.0000,0.0000,0.0000,0.0000,0.0476,0.0476,-0.2516,-0.2516,0.0000
1791000684.4550,0.0200,0.0772,0.0000,0.0000,0.0000,0.0000,0.0000,0.0000,0.0000,-0.0015,0.0000,0.0000,0.0476,0.0476,-0.2516,-0.2516,0.0000
1791000684.4750,0.0200,0.0799,0.0000,0.0000,0.0000,0.0000,0.0000,0.0000,0.0000,0.0015,0.0000,0.0000,0.0476,0.0476,-0.2516,-0.2516,0.0000
1791000684.4950,0.0200,0.0763,0.0000,0.0000,0.0000,0.0000,0.0000,0.0000,0.0000,-0.0015,0.0000,0.0000,0.0476,0.0476,-0.2516,-0.2516,0.0000
1791000684.5150,0.0200,0.0784,0.0000,0.0000,0.0000,0.0000,0.0000,0.0000,0.0000,0.0015,0.0000,0.0000,0.0476,0.0506,-0.2516,-0.2531,0.0000
1791000684.5350,0.0200,0.0238,0.0000,0.0000,0.0000,0.0000,0.0000,0.0000,0.0000,0.0000,0.0000,0.0000,0.0476,0.0506,-0.2516,-0.2531,0.0000
1791000684.5550,0.0200,0.0223,0.0000,0.0000,0.0000,0.0000,0.0000,0.0000,0.0000,0.0000,0.0000,0.0000,0.0476,0.0506,-0.2516,-0.2531,0.0000
1791000684.5750,0.0200,0.0238,0.0000,0.0000,0.0000,0.0000,0.0000,0.0000,0.0000,0.0000,0.0000,0.0000,0.0476,0.0506,-0.2516,-0.2531,0.0000
1791000684.5950,0.0200,0.0239,0.0000,0.0000,0.0000,0.0000,0.0000,0.0000,0.0000,0.0000,0.0000,0.0000,0.0476,0.0506,-0.2516,-0.2531,0.0000
1791000684.6150,0.0200,0.0239,0.0000,0.0000,0.0000,0.0000,0.0000,0.0000,0.0000,0.0000,0.0000,0.0000,0.0476,0.0506,-0.2516,-0.2531,0.0000
1791000684.6350,0.0200,0.0241,0.0000,0.0000,0.0000,0.0000,0.0000,0.0000,0.0000,0.0000,0.0000,0.0000,0.0476,0.0506,-0.2516,-0.2531,0.0000
1791000684.6550,0.0200,0.0213,0.0000,0.0000,0.0000,0.0000,0.0000,0.0000,0.0000,0.0000,0.0000,0.0000,0.0476,0.0506,-0.2516,-0.2531,0.0000
1791000684.6750,0.0200,0.0237,0.0000,0.0000,0.0000,0.0000,0.0000,0.0000,0.0000,0.0000,0.0000,0.0000,0.0476,0.0506,-0.2516,-0.2531,0.0000
1791000684.6950,0.0200,0.0240,0.0000,0.0000,0.0000,0.0000,0.0000,0.0000,0.0000,0.0000,0.0000,0.0000,0.0476,0.0506,-0.2516,-0.2531,0.0000
1791000684.7150,0.0200,0.0241,0.0000,0.0000,0.0000,0.0000,0.0000,0.0000,0.0000,0.0000,0.0000,0.0000,0.0476,0.0506,-0.2516,-0.2531,0.0000
1791000684.7350,0.0200,0.0240,0.0000,0.0000,0.0000,0.0000,0.0000,0.0000,0.0000,0.0000,0.0000,0.0000,0.0476,0.0506,-0.2516,-0.2531,0.0000
1791000684.7550,0.0200,0.0239,0.0000,0.0000,0.0000,0.0000,0.0000,0.0000,0.0000,0.0000,0.0000,0.0000,0.0476,0.0506,-0.2516,-0.2531,0.0000
1791000684.7750,0.0200,0.0240,0.0000,0.0000,0.0000,0.0000,0.0000,0.0000,0.0000,0.0000,0.0000,0.0000,0.0476,0.0506,-0.2516,-0.2531,0.0000
1791000684.7950,0.0200,0.0240,0.0000,0.0000,0.0000,0.0000,0.0000,0.0000,0.0000,0.0000,0.0000,0.0000,0.0476,0.0506,-0.2516,-0.2531,0.0000
1791000684.8150,0.0200,0.0240,0.0000,0.0000,0.0000,0.0000,0.0000,0.0000,0.0000,0.0000,0.0000,0.0000,0.0476,0.0506,-0.2516,-0.2531,0.0000
1791000684.8350,0.0200,0.0242,0.0000,0.0000,0.0000,0.0000,0.0000,0.0000,0.0000,0.0000,0.0000,0.0000,0.0476,0.0506,-0.2516,-0.2531,0.0000
1791000684.8550,0.0200,0.0234,0.0000,0.0000,0.0000,0.0000,0.0000,0.0000,0.0000,0.0000,0.0000,0.0000,0.0476,0.0506,-0.2516,-0.2531,0.0000
1791000684.8750,0.0200,0.0241,0.0000,0.0000,0.0000,0.0000,0.0000,0.0000,0.0000,0.0000,0.0000,0.0000,0.0476,0.0506,-0.2516,-0.2531,0.0000
1791000684.8950,0.0200,0.0243,0.0000,0.0000,0.0000,0.0000,0.0000,0.0000,0.0000,0.0000,0.0000,0.0000,0.0476,0.0506,-0.2516,-0.2531,0.0000
1791000684.9150,0.0200,0.0240,0.0000,0.0000,0.0000,0.0000,0.0000,0.0000,0.0000,0.0000,0.0000,0.0000,0.0476,0.0506,-0.2516,-0.2531,0.0000
1791000684.9350,0.0200,0.0242,0.0000,0.0000,0.0000,0.0000,0.0000,0.0000,0.0000,0.0000,0.0000,0.0000,0.0476,0.0506,-0.2516,-0.2531,0.0000
1791000684.9550,0.0200,0.0241,0.0000,0.0000,0.0000,0.0000,0.0000,0.0000,0.0000,0.0000,0.0000,0.0000,0.0476,0.0506,-0.2516,-0.2531,0.0000
1791000684.9750,0.0200,0.0240,0.0000,0.0000,0.0000,0.0000,0.0000,0.0000,0.0000,0.0000,0.0000,0.0000,0.0476,0.0506,-0.2516,-0.2531,0.0000
1791000684.9950,0.0200,0.0238,0.0000,0.0000,0.0000,0.0000,0.0000,0.0000,0.0000,0.0000,0.0000,0.0000,0.0476,0.0506,-0.2516,-0.2531,0.0000
1791000685.0150,0.0200,0.0223,0.0000,0.0000,0.0000,0.0000,0.0000,0.0000,0.0000,0.0000,0.0000,0.0000,0.0476,0.0506,-0.2516,-0.2531,0.0000
1791000685.0350,0.0200,0.0886,0.0000,0.0000,0.0000,0.0000,0.0000,0.0000,0.0000,0.0000,0.0000,0.0000,0.0476,0.0506,-0.2516,-0.2531,0.0000
1791000685.0550,0.0200,0.0244,0.0000,0.0000,0.0000,0.0000,0.0000,0.0000,0.0000,0.0000,0.0000,0.0000,0.0476,0.0506,-0.2516,-0.2531,0.0000
1791000685.0750,0.0200,0.0251,0.0000,0.0000,0.0000,0.0000,0.0000,0.0000,0.0000,0.0000,0.0000,0.0000,0.0476,0.0506,-0.2516,-0.2531,0.0000
1791000685.0950,0.0200,0.0251,0.0000,0.0000,0.0000,0.0000,0.0000,0.0000,0.0000,0.0000,0.0000,0.0000,0.0476,0.0506,-0.2516,-0.2531,0.0000
1791000685.1150,0.0200,0.0251,0.0000,0.0000,0.0000,0.0000,0.0000,0.0000,0.0000,0.0000,0.0000,0.0000,0.0476,0.0506,-0.2516,-0.2531,0.0000
1791000685.1350,0.0200,0.0256,0.0000,0.0000,0.0000,0.0000,0.0000,0.0000,0.0000,0.0000,0.0000,0.0000,0.0476,0.0506,-0.2516,-0.2531,0.0000
1791000685.1550,0.0200,0.0251,0.0000,0.0000,0.0000,0.0000,0.0000,0.0000,0.0000,0.0000,0.0000,0.0000,0.0476,0.0506,-0.2516,-0.2531,0.0000
1791000685.1750,0.0200,0.0249,0.0000,0.0000,0.0000,0.0000,0.0000,0.0000,0.0000,0.0000,0.0000,0.0000,0.0476,0.0506,-0.2516,-0.2531,0.0000
1791000685.1950,0.0200,0.0268,0.0000,0.0000,0.0000,0.0000,0.0000,0.0000,0.0000,0.0000,0.0000,0.0000,0.0476,0.0506,-0.2516,-0.2531,0.0000
1791000685.2150,0.0200,0.0251,0.0000,0.0000,0.0000,0.0000,0.0000,0.0000,0.0000,0.0000,0.0000,0.0000,0.0476,0.0506,-0.2516,-0.2531,0.0000
1791000685.2350,0.0200,0.0249,0.0000,0.0000,0.0000,0.0000,0.0000,0.0000,0.0000,0.0000,0.0000,0.0000,0.0476,0.0506,-0.2516,-0.2531,0.0000
1791000685.2550,0.0200,0.0251,0.0000,0.0000,0.0000,0.0000,0.0000,0.0000,0.0000,0.0000,0.0000,0.0000,0.0476,0.0506,-0.2516,-0.2531,0.0000
1791000685.2750,0.0200,0.0237,0.0000,0.0000,0.0000,0.0000,0.0000,0.0000,0.0000,0.0000,0.0000,0.0000,0.0476,0.0506,-0.2516,-0.2531,0.0000
1791000685.2950,0.0200,0.0255,0.0000,0.0000,0.0000,0.0000,0.0000,0.0000,0.0000,0.0000,0.0000,0.0000,0.0476,0.0506,-0.2516,-0.2531,0.0000
1791000685.3150,0.0200,0.0254,0.0000,0.0000,0.0000,0.0000,0.0000,0.0000,0.0000,0.0000,0.0000,0.0000,0.0476,0.0506,-0.2516,-0.2531,0.0000
1791000685.3350,0.0200,0.0252,0.0000,0.0000,0.0000,0.0000,0.0000,0.0000,0.0000,0.0000,0.0000,0.0000,0.0476,0.0506,-0.2516,-0.2531,0.0000
1791000685.3550,0.0200,0.0251,0.0000,0.0000,0.0000,0.0000,0.0000,0.0000,0.0000,0.0000,0.0000,0.0000,0.0476,0.0506,-0.2516,-0.2531,0.0000
1791000685.3750,0.0200,0.0252,0.0000,0.0000,0.0000,0.0000,0.0000,0.0000,0.0000,0.0000,0.0000,0.0000,0.0476,0.0506,-0.2516,-0.2531,0.0000
1791000685.3950,0.0200,0.0254,0.0000,0.0000,0.0000,0.0000,0.0000,0.0000,0.0000,0.0000,0.0000,0.0000,0.0476,0.0506,-0.2516,-0.2531,0.0000
1791000685.4150,0.0200,0.0248,0.0000,0.0000,0.0000,0.0000,0.0000,0.0000,0.0000,0.0000,0.0000,0.0000,0.0476,0.0506,-0.2516,-0.2531,0.0000
1791000685.4350,0.0200,0.0253,0.0000,0.0000,0.0000,0.0000,0.0000,0.0000,0.0000,0.0000,0.0000,0.0000,0.0476,0.0506,-0.2516,-0.2531,0.0000
1791000685.4550,0.0200,0.0253,0.0000,0.0000,0.0000,0.0000,0.0000,0.0000,0.0000,0.0000,0.0000,0.0000,0.0476,0.0506,-0.2516,-0.2531,0.0000
1791000685.4750,0.0200,0.0237,0.0000,0.0000,0.0000,0.0000,0.0000,0.0000,0.0000,0.0000,0.0000,0.0000,0.0476,0.0506,-0.2516,-0.2531,0.0000
1791000685.4950,0.0200,0.0244,0.0000,0.0000,0.0000,0.0000,0.0000,0.0000,0.0000,0.0000,0.0000,0.0000,0.0476,0.0506,-0.2516,-0.2531,0.0000
1791000685.5150,0.0200,0.0253,0.0000,0.0000,0.0000,0.0000,0.0000,0.0000,0.0000,0.0000,0.0000,0.0000,0.0476,0.0506,-0.2516,-0.2531,0.0000
1791000685.5350,0.0200,0.0251,0.0000,0.0000,0.0000,0.0000,0.0000,0.0000,0.0000,0.0000,0.0000,0.0000,0.0476,0.0506,-0.2516,-0.2531,0.0000
1791000685.5550,0.0200,0.0255,0.0000,0.0000,0.0000,0.0000,0.0000,0.0000,0.0000,0.0000,0.0000,0.0000,0.0476,0.0506,-0.2516,-0.2531,0.0000
1791000685.5750,0.0200,0.0250,0.0000,0.0000,0.0000,0.0000,0.0000,0.0000,0.0000,0.0000,0.0000,0.0000,0.0476,0.0506,-0.2516,-0.2531,0.0000
1791000685.5950,0.0200,0.0253,0.0000,0.0000,0.0000,0.0000,0.0000,0.0000,0.0000,0.0000,0.0000,0.0000,0.0476,0.0506,-0.2516,-0.2531,0.0000
1791000685.6151,0.0200,0.0249,0.0000,0.0000,0.0000,0.0000,0.0000,0.0000,0.0000,0.0000,0.0000,0.0000,0.0476,0.0506,-0.2516,-0.2531,0.0000
1791000685.6350,0.0200,0.0254,0.0000,0.0000,0.0000,0.0000,0.0000,0.0000,0.0000,0.0000,0.0000,0.0000,0.0476,0.0506,-0.2516,-0.2531,0.0000
1791000685.6550,0.0200,0.0234,0.0000,0.0000,0.0000,0.0000,0.0000,0.0000,0.0000,0.0000,0.0000,0.0000,0.0476,0.0506,-0.2516,-0.2531,0.0000
1791000685.6750,0.0200,0.0255,0.0000,0.0000,0.0000,0.0000,0.0000,0.0000,0.0000,0.0000,0.0000,0.0000,0.0476,0.0506,-0.2516,-0.2531,0.0000
1791000685.6950,0.0200,0.0248,0.0000,0.0000,0.0000,0.0000,0.0000,0.0000,0.0000,0.0000,0.0000,0.0000,0.0476,0.0506,-0.2516,-0.2531,0.0000
1791000685.7150,0.0200,0.0232,0.0000,0.0000,0.0000,0.0000,0.0000,0.0000,0.0000,0.0000,0.0000,0.0000,0.0476,0.0506,-0.2516,-0.2531,0.0000
1791000685.7350,0.0200,0.0251,0.0000,0.0000,0.0000,0.0000,0.0000,0.0000,0.0000,0.0000,0.0000,0.0000,0.0476,0.0506,-0.2516,-0.2531,0.0000
1791000685.7550,0.0200,0.0235,0.0000,0.0000,0.0000,0.0000,0.0000,0.0000,0.0000,0.0000,0.0000,0.0000,0.0476,0.0506,-0.2516,-0.2531,0.0000
1791000685.7750,0.0200,0.0231,0.0000,0.0000,0.0000,0.0000,0.0000,0.0000,0.0000,0.0000,0.0000,0.0000,0.0476,0.0506,-0.2516,-0.2531,0.0000
1791000685.7950,0.0200,0.0236,0.0000,0.0000,0.0000,0.0000,0.0000,0.0000,0.0000,0.0000,0.0000,0.0000,0.0476,0.0506,-0.2516,-0.2531,0.0000
1791000685.8150,0.0200,0.0234,0.0000,0.0000,0.0000,0.0000,0.0000,0.0000,0.0000,0.0000,0.0000,0.0000,0.0476,0.0506,-0.2516,-0.2531,0.0000
1791000685.8350,0.0200,0.0237,0.0000,0.0000,0.0000,0.0000,0.0000,0.0000,0.0000,0.0000,0.0000,0.0000,0.0476,0.0506,-0.2516,-0.2531,0.0000
1791000685.8550,0.0200,0.0232,0.0000,0.0000,0.0000,0.0000,0.0000,0.0000,0.0000,0.0000,0.0000,0.0000,0.0476,0.0506,-0.2516,-0.2531,0.0000
1791000685.8750,0.0200,0.0249,0.0000,0.0000,0.0000,0.0000,0.0000,0.0000,0.0000,0.0000,0.0000,0.0000,0.0476,0.0506,-0.2516,-0.2531,0.0000
1791000685.8950,0.0200,0.0232,0.0000,0.0000,0.0000,0.0000,0.0000,0.0000,0.0000,0.0000,0.0000,0.0000,0.0476,0.0506,-0.2516,-0.2531,0.0000
1791000685.9150,0.0200,0.0242,0.0000,0.0000,0.0000,0.0000,0.0000,0.0000,0.0000,0.0000,0.0000,0.0000,0.0476,0.0506,-0.2516,-0.2531,0.0000
1791000685.9350,0.0200,0.1094,0.0000,0.0000,0.0000,0.0000,0.0000,0.0000,0.0000,0.0000,0.0000,0.0000,0.0476,0.0476,-0.2516,-0.2516,0.0000
1791000685.9550,0.0200,0.0776,0.0000,0.0000,0.0000,0.0000,0.0000,0.0000,0.0000,0.0000,0.0000,0.0000,0.0476,0.0476,-0.2516,-0.2516,0.0000
1791000685.9750,0.0200,0.0801,0.0000,0.0000,0.0000,0.0000,0.0000,0.0000,0.0000,0.0000,0.0000,0.0000,0.0476,0.0476,-0.2516,-0.2516,0.0000
1791000685.9950,0.0200,0.0799,0.0000,0.0000,0.0000,0.0000,0.0000,0.0000,0.0000,0.0000,0.0000,0.0000,0.0476,0.0476,-0.2516,-0.2516,0.0000
1791000686.0150,0.0200,0.0767,0.0000,0.0000,0.0000,0.0000,0.0000,0.0000,0.0000,0.0000,0.0000,0.0000,0.0476,0.0476,-0.2516,-0.2516,0.0000
1791000686.0350,0.0200,0.0797,0.0000,0.0000,0.0000,0.0000,0.0000,0.0000,0.0000,-0.0015,0.0000,0.0000,0.0476,0.0476,-0.2516,-0.2516,0.0000
1791000686.0550,0.0200,0.0799,0.0000,0.0000,0.0000,0.0000,0.0000,0.0000,0.0000,0.0000,0.0000,0.0000,0.0476,0.0476,-0.2516,-0.2516,0.0000
1791000686.0750,0.0200,0.0811,0.0000,0.0000,0.0000,0.0000,0.0000,0.0000,0.0000,0.0015,0.0000,0.0000,0.0476,0.0476,-0.2516,-0.2516,0.0000
1791000686.0950,0.0200,0.0775,0.0000,0.0000,0.0000,0.0000,0.0000,0.0000,0.0000,-0.0015,0.0000,0.0000,0.0476,0.0476,-0.2516,-0.2516,0.0000
1791000686.1150,0.0200,0.0790,0.0000,0.0000,0.0000,0.0000,0.0000,0.0000,0.0000,0.0015,0.0000,0.0000,0.0476,0.0476,-0.2516,-0.2516,0.0000
1791000686.1350,0.0200,0.0775,0.0000,0.0000,0.0000,0.0000,0.0000,0.0000,0.0000,0.0000,0.0000,0.0000,0.0476,0.0476,-0.2516,-0.2516,0.0000
1791000686.1550,0.0200,0.0774,0.0000,0.0000,0.0000,0.0000,0.0000,0.0000,0.0000,0.0000,0.0000,0.0000,0.0476,0.0476,-0.2516,-0.2516,0.0000
1791000686.1750,0.0200,0.0765,0.0000,0.0000,0.0000,0.0000,0.0000,0.0000,0.0000,0.0000,0.0000,0.0000,0.0476,0.0476,-0.2516,-0.2516,0.0000
1791000686.1950,0.0200,0.0772,0.0000,0.0000,0.0000,0.0000,0.0000,0.0000,0.0000,0.0000,0.0000,0.0000,0.0476,0.0476,-0.2516,-0.2516,0.0000
1791000686.2150,0.0200,0.0787,0.0000,0.0000,0.0000,0.0000,0.0000,0.0000,0.0000,-0.0015,0.0000,0.0000,0.0476,0.0506,-0.2516,-0.2516,0.0000
1791000686.2350,0.0200,0.0782,0.0000,0.0000,0.0000,0.0000,0.0000,0.0000,0.0000,0.0015,0.0000,0.0000,0.0476,0.0476,-0.2516,-0.2516,0.0000
1791000686.2550,0.0200,0.0238,0.0000,0.0000,0.0000,0.0000,0.0000,0.0000,0.0000,0.0000,0.0000,0.0000,0.0476,0.0476,-0.2516,-0.2516,0.0000
1791000686.2750,0.0200,0.0243,0.0000,0.0000,0.0000,0.0000,0.0000,0.0000,0.0000,0.0000,0.0000,0.0000,0.0476,0.0476,-0.2516,-0.2516,0.0000
1791000686.2950,0.0200,0.0221,0.0000,0.0000,0.0000,0.0000,0.0000,0.0000,0.0000,0.0000,0.0000,0.0000,0.0476,0.0476,-0.2516,-0.2516,0.0000
1791000686.3150,0.0200,0.0238,0.0000,0.0000,0.0000,0.0000,0.0000,0.0000,0.0000,0.0000,0.0000,0.0000,0.0476,0.0476,-0.2516,-0.2516,0.0000
1791000686.3350,0.0200,0.0238,0.0000,0.0000,0.0000,0.0000,0.0000,0.0000,0.0000,0.0000,0.0000,0.0000,0.0476,0.0476,-0.2516,-0.2516,0.0000
1791000686.3550,0.0200,0.0242,0.0000,0.0000,0.0000,0.0000,0.0000,0.0000,0.0000,0.0000,0.0000,0.0000,0.0476,0.0476,-0.2516,-0.2516,0.0000
1791000686.3750,0.0200,0.0241,0.0000,0.0000,0.0000,0.0000,0.0000,0.0000,0.0000,0.0000,0.0000,0.0000,0.0476,0.0476,-0.2516,-0.2516,0.0000
1791000686.3950,0.0200,0.0241,0.0000,0.0000,0.0000,0.0000,0.0000,0.0000,0.0000,0.0000,0.0000,0.0000,0.0476,0.0476,-0.2516,-0.2516,0.0000
1791000686.4150,0.0200,0.0222,0.0000,0.0000,0.0000,0.0000,0.0000,0.0000,0.0000,0.0000,0.0000,0.0000,0.0476,0.0476,-0.2516,-0.2516,0.0000
1791000686.4350,0.0200,0.0239,0.0000,0.0000,0.0000,0.0000,0.0000,0.0000,0.0000,0.0000,0.0000,0.0000,0.0476,0.0476,-0.2516,-0.2516,0.0000
1791000686.4550,0.0200,0.0239,0.0000,0.0000,0.0000,0.0000,0.0000,0.0000,0.0000,0.0000,0.0000,0.0000,0.0476,0.0476,-0.2516,-0.2516,0.0000
1791000686.4750,0.0200,0.0243,0.0000,0.0000,0.0000,0.0000,0.0000,0.0000,0.0000,0.0000,0.0000,0.0000,0.0476,0.0476,-0.2516,-0.2516,0.0000
1791000686.4950,0.0200,0.0239,0.0000,0.0000,0.0000,0.0000,0.0000,0.0000,0.0000,0.0000,0.0000,0.0000,0.0476,0.0476,-0.2516,-0.2516,0.0000
1791000686.5150,0.0200,0.0236,0.0000,0.0000,0.0000,0.0000,0.0000,0.0000,0.0000,0.0000,0.0000,0.0000,0.0476,0.0476,-0.2516,-0.2516,0.0000
1791000686.5350,0.0200,0.0241,0.0000,0.0000,0.0000,0.0000,0.0000,0.0000,0.0000,0.0000,0.0000,0.0000,0.0476,0.0476,-0.2516,-0.2516,0.0000
1791000686.5550,0.0200,0.0242,0.0000,0.0000,0.0000,0.0000,0.0000,0.0000,0.0000,0.0000,0.0000,0.0000,0.0476,0.0476,-0.2516,-0.2516,0.0000
1791000686.5750,0.0200,0.0243,0.0000,0.0000,0.0000,0.0000,0.0000,0.0000,0.0000,0.0000,0.0000,0.0000,0.0476,0.0476,-0.2516,-0.2516,0.0000
1791000686.5950,0.0200,0.0258,0.0000,0.0000,0.0000,0.0000,0.0000,0.0000,0.0000,0.0000,0.0000,0.0000,0.0476,0.0476,-0.2516,-0.2516,0.0000
1791000686.6150,0.0200,0.0238,0.0000,0.0000,0.0000,0.0000,0.0000,0.0000,0.0000,0.0000,0.0000,0.0000,0.0476,0.0476,-0.2516,-0.2516,0.0000
1791000686.6350,0.0200,0.0238,0.0000,0.0000,0.0000,0.0000,0.0000,0.0000,0.0000,0.0000,0.0000,0.0000,0.0476,0.0476,-0.2516,-0.2516,0.0000
1791000686.6550,0.0200,0.0242,0.0000,0.0000,0.0000,0.0000,0.0000,0.0000,0.0000,0.0000,0.0000,0.0000,0.0476,0.0476,-0.2516,-0.2516,0.0000
1791000686.6750,0.0200,0.0276,0.0000,0.0000,0.0000,0.0000,0.0000,0.0000,0.0000,0.0000,0.0000,0.0000,0.0476,0.0476,-0.2516,-0.2516,0.0000
1791000686.6950,0.0200,0.0239,0.0000,0.0000,0.0000,0.0000,0.0000,0.0000,0.0000,0.0000,0.0000,0.0000,0.0476,0.0476,-0.2516,-0.2516,0.0000
1791000686.7150,0.0200,0.0244,0.0000,0.0000,0.0000,0.0000,0.0000,0.0000,0.0000,0.0000,0.0000,0.0000,0.0476,0.0476,-0.2516,-0.2516,0.0000
1791000686.7350,0.0200,0.0266,0.0000,0.0000,0.0000,0.0000,0.0000,0.0000,0.0000,0.0000,0.0000,0.0000,0.0476,0.0476,-0.2516,-0.2516,0.0000
1791000686.7550,0.0200,0.0253,0.0000,0.0000,0.0000,0.0000,0.0000,0.0000,0.0000,0.0000,0.0000,0.0000,0.0476,0.0476,-0.2516,-0.2516,0.0000
1791000686.7750,0.0200,0.0251,0.0000,0.0000,0.0000,0.0000,0.0000,0.0000,0.0000,0.0000,0.0000,0.0000,0.0476,0.0476,-0.2516,-0.2516,0.0000
1791000686.7950,0.0200,0.0253,0.0000,0.0000,0.0000,0.0000,0.0000,0.0000,0.0000,0.0000,0.0000,0.0000,0.0476,0.0476,-0.2516,-0.2516,0.0000
1791000686.8150,0.0200,0.0249,0.0000,0.0000,0.0000,0.0000,0.0000,0.0000,0.0000,0.0000,0.0000,0.0000,0.0476,0.0476,-0.2516,-0.2516,0.0000
1791000686.8350,0.0200,0.0254,0.0000,0.0000,0.0000,0.0000,0.0000,0.0000,0.0000,0.0000,0.0000,0.0000,0.0476,0.0476,-0.2516,-0.2516,0.0000
1791000686.8550,0.0200,0.0304,0.0000,0.0000,0.0000,0.0000,0.0000,0.0000,0.0000,0.0000,0.0000,0.0000,0.0476,0.0476,-0.2516,-0.2516,0.0000
1791000686.8750,0.0200,0.0255,0.0000,0.0000,0.0000,0.0000,0.0000,0.0000,0.0000,0.0000,0.0000,0.0000,0.0476,0.0476,-0.2516,-0.2516,0.0000
1791000686.8950,0.0200,0.0253,0.0000,0.0000,0.0000,0.0000,0.0000,0.0000,0.0000,0.0000,0.0000,0.0000,0.0476,0.0476,-0.2516,-0.2516,0.0000
1791000686.9150,0.0200,0.0252,0.0000,0.0000,0.0000,0.0000,0.0000,0.0000,0.0000,0.0000,0.0000,0.0000,0.0476,0.0476,-0.2516,-0.2516,0.0000
1791000686.9350,0.0200,0.0233,0.0000,0.0000,0.0000,0.0000,0.0000,0.0000,0.0000,0.0000,0.0000,0.0000,0.0476,0.0476,-0.2516,-0.2516,0.0000
1791000686.9550,0.0200,0.0253,0.0000,0.0000,0.0000,0.0000,0.0000,0.0000,0.0000,0.0000,0.0000,0.0000,0.0476,0.0476,-0.2516,-0.2516,0.0000
1791000686.9750,0.0200,0.0251,0.0000,0.0000,0.0000,0.0000,0.0000,0.0000,0.0000,0.0000,0.0000,0.0000,0.0476,0.0476,-0.2516,-0.2516,0.0000
1791000686.9950,0.0200,0.0251,0.0000,0.0000,0.0000,0.0000,0.0000,0.0000,0.0000,0.0000,0.0000,0.0000,0.0476,0.0476,-0.2516,-0.2516,0.0000
1791000687.0150,0.0200,0.0274,0.0000,0.0000,0.0000,0.0000,0.0000,0.0000,0.0000,0.0000,0.0000,0.0000,0.0476,0.0476,-0.2516,-0.2516,0.0000
1791000687.0350,0.0200,0.0911,0.0000,0.0000,0.0000,0.0000,0.0000,0.0000,0.0000,0.0000,0.0000,0.0000,0.0476,0.0476,-0.2516,-0.2516,0.0000
1791000687.0550,0.0200,0.0277,0.0000,0.0000,0.0000,0.0000,0.0000,0.0000,0.0000,0.0000,0.0000,0.0000,0.0476,0.0476,-0.2516,-0.2516,0.0000
1791000687.0750,0.0200,0.0252,0.0000,0.0000,0.0000,0.0000,0.0000,0.0000,0.0000,0.0000,0.0000,0.0000,0.0476,0.0476,-0.2516,-0.2516,0.0000
1791000687.0950,0.0200,0.0258,0.0000,0.0000,0.0000,0.0000,0.0000,0.0000,0.0000,0.0000,0.0000,0.0000,0.0476,0.0476,-0.2516,-0.2516,0.0000
1791000687.1150,0.0200,0.0236,0.0000,0.0000,0.0000,0.0000,0.0000,0.0000,0.0000,0.0000,0.0000,0.0000,0.0476,0.0476,-0.2516,-0.2516,0.0000
1791000687.1350,0.0200,0.0232,0.0000,0.0000,0.0000,0.0000,0.0000,0.0000,0.0000,0.0000,0.0000,0.0000,0.0476,0.0476,-0.2516,-0.2516,0.0000
1791000687.1550,0.0200,0.0235,0.0000,0.0000,0.0000,0.0000,0.0000,0.0000,0.0000,0.0000,0.0000,0.0000,0.0476,0.0476,-0.2516,-0.2516,0.0000
1791000687.1750,0.0200,0.0232,0.0000,0.0000,0.0000,0.0000,0.0000,0.0000,0.0000,0.0000,0.0000,0.0000,0.0476,0.0476,-0.2516,-0.2516,0.0000
1791000687.1950,0.0200,0.0252,0.0000,0.0000,0.0000,0.0000,0.0000,0.0000,0.0000,0.0000,0.0000,0.0000,0.0476,0.0476,-0.2516,-0.2516,0.0000
1791000687.2150,0.0200,0.0235,0.0000,0.0000,0.0000,0.0000,0.0000,0.0000,0.0000,0.0000,0.0000,0.0000,0.0476,0.0476,-0.2516,-0.2516,0.0000
1791000687.2350,0.0200,0.0235,0.0000,0.0000,0.0000,0.0000,0.0000,0.0000,0.0000,0.0000,0.0000,0.0000,0.0476,0.0476,-0.2516,-0.2516,0.0000
1791000687.2550,0.0200,0.0231,0.0000,0.0000,0.0000,0.0000,0.0000,0.0000,0.0000,0.0000,0.0000,0.0000,0.0476,0.0476,-0.2516,-0.2516,0.0000
1791000687.2750,0.0200,0.0253,0.0000,0.0000,0.0000,0.0000,0.0000,0.0000,0.0000,0.0000,0.0000,0.0000,0.0476,0.0476,-0.2516,-0.2516,0.0000
1791000687.2950,0.0200,0.0233,0.0000,0.0000,0.0000,0.0000,0.0000,0.0000,0.0000,0.0000,0.0000,0.0000,0.0476,0.0476,-0.2516,-0.2516,0.0000
1791000687.3150,0.0200,0.0238,0.0000,0.0000,0.0000,0.0000,0.0000,0.0000,0.0000,0.0000,0.0000,0.0000,0.0476,0.0476,-0.2516,-0.2516,0.0000
1791000687.3350,0.0200,0.0249,0.0000,0.0000,0.0000,0.0000,0.0000,0.0000,0.0000,0.0000,0.0000,0.0000,0.0476,0.0476,-0.2516,-0.2516,0.0000
1791000687.3550,0.0200,0.1174,0.0000,0.0000,0.0000,0.0000,0.0000,0.0000,0.0000,-0.0015,0.0000,0.0000,0.0476,0.0476,-0.2516,-0.2516,0.0000
1791000687.3750,0.0200,0.0823,0.0000,0.0000,0.0000,0.0000,0.0000,0.0000,0.0000,0.0000,0.0000,0.0000,0.0476,0.0476,-0.2516,-0.2516,0.0000
1791000687.3950,0.0200,0.0778,0.0000,0.0000,0.0000,0.0000,0.0000,0.0000,0.0000,0.0000,0.0000,0.0000,0.0476,0.0476,-0.2516,-0.2516,0.0000
1791000687.4150,0.0200,0.0787,0.0000,0.0000,0.0000,0.0000,0.0000,0.0000,0.0000,0.0000,0.0000,0.0000,0.0476,0.0476,-0.2516,-0.2516,0.0000
1791000687.4350,0.0200,0.0809,0.0000,0.0000,0.0000,0.0000,0.0000,0.0000,0.0000,0.0000,0.0000,0.0000,0.0476,0.0476,-0.2516,-0.2516,0.0000
1791000687.4550,0.0200,0.0796,0.0000,0.0000,0.0000,0.0000,0.0000,0.0000,0.0000,0.0015,0.0000,0.0000,0.0476,0.0476,-0.2516,-0.2516,0.0000
1791000687.4750,0.0200,0.0797,0.0000,0.0000,0.0000,0.0000,0.0000,0.0000,0.0000,0.0000,0.0000,0.0000,0.0476,0.0476,-0.2516,-0.2516,0.0000
1791000687.4950,0.0200,0.0808,0.0000,0.0000,0.0000,0.0000,0.0000,0.0000,0.0000,0.0000,0.0000,0.0000,0.0476,0.0476,-0.2516,-0.2516,0.0000
1791000687.5150,0.0200,0.0838,0.0000,0.0000,0.0000,0.0000,0.0000,0.0000,0.0000,0.0000,0.0000,0.0000,0.0476,0.0476,-0.2516,-0.2516,0.0000
1791000687.5350,0.0200,0.0808,0.0000,0.0000,0.0000,0.0000,0.0000,0.0000,0.0000,-0.0015,0.0000,0.0000,0.0476,0.0506,-0.2516,-0.2516,0.0000
1791000687.5550,0.0200,0.0865,0.0000,0.0000,0.0000,0.0000,0.0000,0.0000,0.0000,0.0015,0.0000,0.0000,0.0476,0.0476,-0.2516,-0.2516,0.0000
1791000687.5750,0.0200,0.0783,0.0000,0.0000,0.0000,0.0000,0.0000,0.0000,0.0000,-0.0015,0.0000,0.0000,0.0476,0.0476,-0.2516,-0.2516,0.0000
1791000687.5950,0.0200,0.0780,0.0000,0.0000,0.0000,0.0000,0.0000,0.0000,0.0000,0.0000,0.0000,0.0000,0.0476,0.0476,-0.2516,-0.2516,0.0000
1791000687.6150,0.0200,0.0785,0.0000,0.0000,0.0000,0.0000,0.0000,0.0000,0.0000,0.0015,0.0000,0.0000,0.0476,0.0476,-0.2516,-0.2516,0.0000
1791000687.6350,0.0200,0.0236,0.0000,0.0000,0.0000,0.0000,0.0000,0.0000,0.0000,0.0000,0.0000,0.0000,0.0476,0.0476,-0.2516,-0.2516,0.0000
1791000687.6550,0.0200,0.0278,0.0000,0.0000,0.0000,0.0000,0.0000,0.0000,0.0000,0.0000,0.0000,0.0000,0.0476,0.0476,-0.2516,-0.2516,0.0000
1791000687.6750,0.0200,0.0224,0.0000,0.0000,0.0000,0.0000,0.0000,0.0000,0.0000,0.0000,0.0000,0.0000,0.0476,0.0476,-0.2516,-0.2516,0.0000
1791000687.6950,0.0200,0.0240,0.0000,0.0000,0.0000,0.0000,0.0000,0.0000,0.0000,0.0000,0.0000,0.0000,0.0476,0.0476,-0.2516,-0.2516,0.0000
1791000687.7150,0.0200,0.0237,0.0000,0.0000,0.0000,0.0000,0.0000,0.0000,0.0000,0.0000,0.0000,0.0000,0.0476,0.0476,-0.2516,-0.2516,0.0000
1791000687.7350,0.0200,0.0291,0.0000,0.0000,0.0000,0.0000,0.0000,0.0000,0.0000,0.0000,0.0000,0.0000,0.0476,0.0476,-0.2516,-0.2516,0.0000
1791000687.7550,0.0200,0.0228,0.0000,0.0000,0.0000,0.0000,0.0000,0.0000,0.0000,0.0000,0.0000,0.0000,0.0476,0.0476,-0.2516,-0.2516,0.0000
1791000687.7750,0.0200,0.0244,0.0000,0.0000,0.0000,0.0000,0.0000,0.0000,0.0000,0.0000,0.0000,0.0000,0.0476,0.0476,-0.2516,-0.2516,0.0000
1791000687.7950,0.0200,0.0275,0.0000,0.0000,0.0000,0.0000,0.0000,0.0000,0.0000,0.0000,0.0000,0.0000,0.0476,0.0476,-0.2516,-0.2516,0.0000
1791000687.8150,0.0200,0.0241,0.0000,0.0000,0.0000,0.0000,0.0000,0.0000,0.0000,0.0000,0.0000,0.0000,0.0476,0.0476,-0.2516,-0.2516,0.0000
1791000687.8350,0.0200,0.0225,0.0000,0.0000,0.0000,0.0000,0.0000,0.0000,0.0000,0.0000,0.0000,0.0000,0.0476,0.0476,-0.2516,-0.2516,0.0000
1791000687.8550,0.0200,0.0242,0.0000,0.0000,0.0000,0.0000,0.0000,0.0000,0.0000,0.0000,0.0000,0.0000,0.0476,0.0476,-0.2516,-0.2516,0.0000
1791000687.8750,0.0200,0.0266,0.0000,0.0000,0.0000,0.0000,0.0000,0.0000,0.0000,0.0000,0.0000,0.0000,0.0476,0.0476,-0.2516,-0.2516,0.0000
1791000687.8950,0.0200,0.0239,0.0000,0.0000,0.0000,0.0000,0.0000,0.0000,0.0000,0.0000,0.0000,0.0000,0.0476,0.0476,-0.2516,-0.2516,0.0000
1791000687.9150,0.0200,0.0221,0.0000,0.0000,0.0000,0.0000,0.0000,0.0000,0.0000,0.0000,0.0000,0.0000,0.0476,0.0476,-0.2516,-0.2516,0.0000
1791000687.9350,0.0200,0.0285,0.0000,0.0000,0.0000,0.0000,0.0000,0.0000,0.0000,0.0000,0.0000,0.0000,0.0476,0.0476,-0.2516,-0.2516,0.0000
1791000687.9550,0.0200,0.0213,0.0000,0.0000,0.0000,0.0000,0.0000,0.0000,0.0000,0.0000,0.0000,0.0000,0.0476,0.0476,-0.2516,-0.2516,0.0000
1791000687.9750,0.0200,0.0213,0.0000,0.0000,0.0000,0.0000,0.0000,0.0000,0.0000,0.0000,0.0000,0.0000,0.0476,0.0476,-0.2516,-0.2516,0.0000
1791000687.9950,0.0200,0.0202,0.0000,0.0000,0.0000,0.0000,0.0000,0.0000,0.0000,0.0000,0.0000,0.0000,0.0476,0.0476,-0.2516,-0.2516,0.0000
1791000688.0150,0.0200,0.0197,0.0000,0.0000,0.0000,0.0000,0.0000,0.0000,0.0000,0.0000,0.0000,0.0000,0.0476,0.0476,-0.2516,-0.2516,0.0000
1791000688.0350,0.0200,0.0172,0.0000,0.0000,0.0000,0.0000,0.0000,0.0000,0.0000,0.0000,0.0000,0.0000,0.0476,0.0476,-0.2516,-0.2516,0.0000
1791000688.0550,0.0200,0.0207,0.0000,0.0000,0.0000,0.0000,0.0000,0.0000,0.0000,0.0000,0.0000,0.0000,0.0476,0.0476,-0.2516,-0.2516,0.0000
1791000688.0750,0.0200,0.0218,0.0000,0.0000,0.0000,0.0000,0.0000,0.0000,0.0000,0.0000,0.0000,0.0000,0.0476,0.0476,-0.2516,-0.2516,0.0000
1791000688.0950,0.0200,0.0216,0.0000,0.0000,0.0000,0.0000,0.0000,0.0000,0.0000,0.0000,0.0000,0.0000,0.0476,0.0476,-0.2516,-0.2516,0.0000
1791000688.1150,0.0200,0.0243,0.0000,0.0000,0.0000,0.0000,0.0000,0.0000,0.0000,0.0000,0.0000,0.0000,0.0476,0.0476,-0.2516,-0.2516,0.0000
1791000688.1350,0.0200,0.0286,0.0000,0.0000,0.0000,0.0000,0.0000,0.0000,0.0000,0.0000,0.0000,0.0000,0.0476,0.0476,-0.2516,-0.2516,0.0000
1791000688.1550,0.0200,0.0215,0.0000,0.0000,0.0000,0.0000,0.0000,0.0000,0.0000,0.0000,0.0000,0.0000,0.0476,0.0476,-0.2516,-0.2516,0.0000
1791000688.1750,0.0200,0.0225,0.0000,0.0000,0.0000,0.0000,0.0000,0.0000,0.0000,0.0000,0.0000,0.0000,0.0476,0.0476,-0.2516,-0.2516,0.0000
1791000688.1950,0.0200,0.0221,0.0000,0.0000,0.0000,0.0000,0.0000,0.0000,0.0000,0.0000,0.0000,0.0000,0.0476,0.0476,-0.2516,-0.2516,0.0000
1791000688.2150,0.0200,0.0232,0.0000,0.0000,0.0000,0.0000,0.0000,0.0000,0.0000,0.0000,0.0000,0.0000,0.0476,0.0476,-0.2516,-0.2516,0.0000
1791000688.2350,0.0200,0.0288,0.0000,0.0000,0.0000,0.0000,0.0000,0.0000,0.0000,0.0000,0.0000,0.0000,0.0476,0.0476,-0.2516,-0.2516,0.0000
1791000688.2550,0.0200,0.0210,0.0000,0.0000,0.0000,0.0000,0.0000,0.0000,0.0000,0.0000,0.0000,0.0000,0.0476,0.0476,-0.2516,-0.2516,0.0000
1791000688.2750,0.0200,0.0223,0.0000,0.0000,0.0000,0.0000,0.0000,0.0000,0.0000,0.0000,0.0000,0.0000,0.0476,0.0476,-0.2516,-0.2516,0.0000
1791000688.2950,0.0200,0.0249,0.0000,0.0000,0.0000,0.0000,0.0000,0.0000,0.0000,0.0000,0.0000,0.0000,0.0476,0.0476,-0.2516,-0.2516,0.0000
1791000688.3150,0.0200,0.0289,0.0000,0.0000,0.0000,0.0000,0.0000,0.0000,0.0000,0.0000,0.0000,0.0000,0.0476,0.0476,-0.2516,-0.2516,0.0000
1791000688.3350,0.0200,0.0230,0.0000,0.0000,0.0000,0.0000,0.0000,0.0000,0.0000,0.0000,0.0000,0.0000,0.0476,0.0476,-0.2516,-0.2516,0.0000
1791000688.3550,0.0200,0.0214,0.0000,0.0000,0.0000,0.0000,0.0000,0.0000,0.0000,0.0000,0.0000,0.0000,0.0476,0.0476,-0.2516,-0.2516,0.0000
1791000688.3750,0.0200,0.0244,0.0000,0.0000,0.0000,0.0000,0.0000,0.0000,0.0000,0.0000,0.0000,0.0000,0.0476,0.0476,-0.2516,-0.2516,0.0000
1791000688.3950,0.0200,0.0223,0.0000,0.0000,0.0000,0.0000,0.0000,0.0000,0.0000,0.0000,0.0000,0.0000,0.0476,0.0476,-0.2516,-0.2516,0.0000
1791000688.4150,0.0200,0.0254,0.0000,0.0000,0.0000,0.0000,0.0000,0.0000,0.0000,0.0000,0.0000,0.0000,0.0476,0.0476,-0.2516,-0.2516,0.0000
1791000688.4350,0.0200,0.0223,0.0000,0.0000,0.0000,0.0000,0.0000,0.0000,0.0000,0.0000,0.0000,0.0000,0.0476,0.0476,-0.2516,-0.2516,0.0000
1791000688.4550,0.0200,0.0228,0.0000,0.0000,0.0000,0.0000,0.0000,0.0000,0.0000,0.0000,0.0000,0.0000,0.0476,0.0476,-0.2516,-0.2516,0.0000
1791000688.4750,0.0200,0.0248,0.0000,0.0000,0.0000,0.0000,0.0000,0.0000,0.0000,0.0000,0.0000,0.0000,0.0476,0.0476,-0.2516,-0.2516,0.0000
1791000688.4950,0.0200,0.0226,0.0000,0.0000,0.0000,0.0000,0.0000,0.0000,0.0000,0.0000,0.0000,0.0000,0.0476,0.0476,-0.2516,-0.2516,0.0000
1791000688.5150,0.0200,0.0211,0.0000,0.0000,0.0000,0.0000,0.0000,0.0000,0.0000,0.0000,0.0000,0.0000,0.0476,0.0476,-0.2516,-0.2516,0.0000
1791000688.5350,0.0200,0.0229,0.0000,0.0000,0.0000,0.0000,0.0000,0.0000,0.0000,0.0000,0.0000,0.0000,0.0476,0.0476,-0.2516,-0.2516,0.0000
1791000688.5550,0.0200,0.0279,0.0000,0.0000,0.0000,0.0000,0.0000,0.0000,0.0000,0.0000,0.0000,0.0000,0.0476,0.0476,-0.2516,-0.2516,0.0000
1791000688.5750,0.0200,0.0245,0.0000,0.0000,0.0000,0.0000,0.0000,0.0000,0.0000,0.0000,0.0000,0.0000,0.0476,0.0476,-0.2516,-0.2516,0.0000
1791000688.5950,0.0200,0.0215,0.0000,0.0000,0.0000,0.0000,0.0000,0.0000,0.0000,0.0000,0.0000,0.0000,0.0476,0.0476,-0.2516,-0.2516,0.0000
1791000688.6150,0.0200,0.0217,0.0000,0.0000,0.0000,0.0000,0.0000,0.0000,0.0000,0.0000,0.0000,0.0000,0.0476,0.0476,-0.2516,-0.2516,0.0000
1791000688.6350,0.0200,0.0192,0.0000,0.0000,0.0000,0.0000,0.0000,0.0000,0.0000,0.0000,0.0000,0.0000,0.0476,0.0476,-0.2516,-0.2516,0.0000
1791000688.6550,0.0200,0.0235,0.0000,0.0000,0.0000,0.0000,0.0000,0.0000,0.0000,0.0000,0.0000,0.0000,0.0476,0.0476,-0.2516,-0.2516,0.0000
1791000688.6750,0.0200,0.0212,0.0000,0.0000,0.0000,0.0000,0.0000,0.0000,0.0000,0.0000,0.0000,0.0000,0.0476,0.0476,-0.2516,-0.2516,0.0000
1791000688.6950,0.0200,0.0275,0.0000,0.0000,0.0000,0.0000,0.0000,0.0000,0.0000,0.0000,0.0000,0.0000,0.0476,0.0476,-0.2516,-0.2516,0.0000
1791000688.7150,0.0200,0.0229,0.0000,0.0000,0.0000,0.0000,0.0000,0.0000,0.0000,0.0000,0.0000,0.0000,0.0476,0.0476,-0.2516,-0.2516,0.0000
1791000688.7350,0.0200,0.0218,0.0000,0.0000,0.0000,0.0000,0.0000,0.0000,0.0000,0.0000,0.0000,0.0000,0.0476,0.0476,-0.2516,-0.2516,0.0000
1791000688.7550,0.0200,0.0229,0.0000,0.0000,0.0000,0.0000,0.0000,0.0000,0.0000,0.0000,0.0000,0.0000,0.0476,0.0476,-0.2516,-0.2516,0.0000
1791000688.7750,0.0200,0.0235,0.0000,0.0000,0.0000,0.0000,0.0000,0.0000,0.0000,0.0000,0.0000,0.0000,0.0476,0.0476,-0.2516,-0.2516,0.0000
1791000688.7950,0.0200,0.1086,0.0000,0.0000,0.0000,0.0000,0.0000,0.0000,0.0000,0.0000,0.0000,0.0000,0.0476,0.0476,-0.2516,-0.2516,0.0000
1791000688.8150,0.0200,0.0769,0.0000,0.0000,0.0000,0.0000,0.0000,0.0000,0.0000,-0.0015,0.0000,0.0000,0.0476,0.0476,-0.2516,-0.2516,0.0000
1791000688.8350,0.0200,0.0767,0.0000,0.0000,0.0000,0.0000,0.0000,0.0000,0.0000,0.0015,0.0000,0.0000,0.0476,0.0506,-0.2516,-0.2516,0.0000
1791000688.8550,0.0200,0.0861,0.0000,0.0000,0.0000,0.0000,0.0000,0.0000,0.0000,0.0000,0.0000,0.0000,0.0476,0.0476,-0.2516,-0.2516,0.0000
1791000688.8750,0.0200,0.0796,0.0000,0.0000,0.0000,0.0000,0.0000,0.0000,0.0000,0.0000,0.0000,0.0000,0.0476,0.0476,-0.2516,-0.2516,0.0000
1791000688.8950,0.0200,0.0793,0.0000,0.0000,0.0000,0.0000,0.0000,0.0000,0.0000,-0.0015,0.0000,0.0000,0.0476,0.0476,-0.2516,-0.2516,0.0000
1791000688.9150,0.0200,0.0861,0.0000,0.0000,0.0000,0.0000,0.0000,0.0000,0.0000,0.0000,0.0000,0.0000,0.0476,0.0476,-0.2516,-0.2516,0.0000
1791000688.9350,0.0200,0.0768,0.0000,0.0000,0.0000,0.0000,0.0000,0.0000,0.0000,0.0000,0.0000,0.0000,0.0476,0.0476,-0.2516,-0.2516,0.0000
1791000688.9550,0.0200,0.0817,0.0000,0.0000,0.0000,0.0000,0.0000,0.0000,0.0000,0.0015,0.0000,0.0000,0.0476,0.0476,-0.2516,-0.2531,0.0000
1791000688.9750,0.0200,0.0823,0.0000,0.0000,0.0000,0.0000,0.0000,0.0000,0.0000,0.0000,0.0000,0.0000,0.0476,0.0476,-0.2516,-0.2516,0.0000
1791000688.9950,0.0200,0.0768,0.0000,0.0000,0.0000,0.0000,0.0000,0.0000,0.0000,-0.0015,0.0000,0.0000,0.0476,0.0476,-0.2516,-0.2516,0.0000
1791000689.0150,0.0200,0.0767,0.0000,0.0000,0.0000,0.0000,0.0000,0.0000,0.0000,0.0000,0.0000,0.0000,0.0476,0.0476,-0.2516,-0.2516,0.0000
1791000689.0350,0.0200,0.0768,0.0000,0.0000,0.0000,0.0000,0.0000,0.0000,0.0000,0.0000,0.0000,0.0000,0.0476,0.0476,-0.2516,-0.2516,0.0000
1791000689.0552,0.0202,0.0767,0.0000,0.0000,0.0000,0.0000,0.0000,0.0000,0.0000,0.0015,0.0000,0.0000,0.0476,0.0476,-0.2516,-0.2516,0.0000
1791000689.0750,0.0198,0.0775,0.0000,0.0000,0.0000,0.0000,0.0000,0.0000,0.0000,0.0000,0.0000,0.0000,0.0476,0.0476,-0.2516,-0.2516,0.0000
1791000689.0950,0.0200,0.0765,0.0000,0.0000,0.0000,0.0000,0.0000,0.0000,0.0000,-0.0015,0.0000,0.0000,0.0476,0.0476,-0.2516,-0.2516,0.0000
1791000689.1150,0.0200,0.0208,0.0000,0.0000,0.0000,0.0000,0.0000,0.0000,0.0000,0.0000,0.0000,0.0000,0.0476,0.0476,-0.2516,-0.2516,0.0000
1791000689.1350,0.0200,0.0212,0.0000,0.0000,0.0000,0.0000,0.0000,0.0000,0.0000,0.0000,0.0000,0.0000,0.0476,0.0476,-0.2516,-0.2516,0.0000
1791000689.1550,0.0200,0.0219,0.0000,0.0000,0.0000,0.0000,0.0000,0.0000,0.0000,0.0000,0.0000,0.0000,0.0476,0.0476,-0.2516,-0.2516,0.0000
1791000689.1750,0.0200,0.0225,0.0000,0.0000,0.0000,0.0000,0.0000,0.0000,0.0000,0.0000,0.0000,0.0000,0.0476,0.0476,-0.2516,-0.2516,0.0000
1791000689.1950,0.0200,0.0222,0.0000,0.0000,0.0000,0.0000,0.0000,0.0000,0.0000,0.0000,0.0000,0.0000,0.0476,0.0476,-0.2516,-0.2516,0.0000
1791000689.2150,0.0200,0.0266,0.0000,0.0000,0.0000,0.0000,0.0000,0.0000,0.0000,0.0000,0.0000,0.0000,0.0476,0.0476,-0.2516,-0.2516,0.0000
1791000689.2350,0.0200,0.0199,0.0000,0.0000,0.0000,0.0000,0.0000,0.0000,0.0000,0.0000,0.0000,0.0000,0.0476,0.0476,-0.2516,-0.2516,0.0000
1791000689.2550,0.0200,0.0202,0.0000,0.0000,0.0000,0.0000,0.0000,0.0000,0.0000,0.0000,0.0000,0.0000,0.0476,0.0476,-0.2516,-0.2516,0.0000
1791000689.2750,0.0200,0.0255,0.0000,0.0000,0.0000,0.0000,0.0000,0.0000,0.0000,0.0000,0.0000,0.0000,0.0476,0.0476,-0.2516,-0.2516,0.0000
1791000689.2950,0.0200,0.0232,0.0000,0.0000,0.0000,0.0000,0.0000,0.0000,0.0000,0.0000,0.0000,0.0000,0.0476,0.0476,-0.2516,-0.2516,0.0000
1791000689.3150,0.0200,0.0257,0.0000,0.0000,0.0000,0.0000,0.0000,0.0000,0.0000,0.0000,0.0000,0.0000,0.0476,0.0476,-0.2516,-0.2516,0.0000
1791000689.3350,0.0200,0.0149,0.0000,0.0000,0.0000,0.0000,0.0000,0.0000,0.0000,0.0000,0.0000,0.0000,0.0476,0.0476,-0.2516,-0.2516,0.0000
1791000689.3550,0.0200,0.0206,0.0000,0.0000,0.0000,0.0000,0.0000,0.0000,0.0000,0.0000,0.0000,0.0000,0.0476,0.0476,-0.2516,-0.2516,0.0000
1791000689.3750,0.0200,0.0216,0.0000,0.0000,0.0000,0.0000,0.0000,0.0000,0.0000,0.0000,0.0000,0.0000,0.0476,0.0476,-0.2516,-0.2516,0.0000
1791000689.3950,0.0200,0.0250,0.0000,0.0000,0.0000,0.0000,0.0000,0.0000,0.0000,0.0000,0.0000,0.0000,0.0476,0.0476,-0.2516,-0.2516,0.0000
1791000689.4150,0.0200,0.0194,0.0000,0.0000,0.0000,0.0000,0.0000,0.0000,0.0000,0.0000,0.0000,0.0000,0.0476,0.0476,-0.2516,-0.2516,0.0000
1791000689.4350,0.0200,0.0202,0.0000,0.0000,0.0000,0.0000,0.0000,0.0000,0.0000,0.0000,0.0000,0.0000,0.0476,0.0476,-0.2516,-0.2516,0.0000
1791000689.4550,0.0200,0.0278,0.0000,0.0000,0.0000,0.0000,0.0000,0.0000,0.0000,0.0000,0.0000,0.0000,0.0476,0.0476,-0.2516,-0.2516,0.0000
1791000689.4750,0.0200,0.0198,0.0000,0.0000,0.0000,0.0000,0.0000,0.0000,0.0000,0.0000,0.0000,0.0000,0.0476,0.0476,-0.2516,-0.2516,0.0000
1791000689.4952,0.0202,0.0249,0.0000,0.0000,0.0000,0.0000,0.0000,0.0000,0.0000,0.0000,0.0000,0.0000,0.0476,0.0476,-0.2516,-0.2516,0.0000
1791000689.5150,0.0198,0.0236,0.0000,0.0000,0.0000,0.0000,0.0000,0.0000,0.0000,0.0000,0.0000,0.0000,0.0476,0.0476,-0.2516,-0.2516,0.0000
1791000689.5352,0.0201,0.0261,0.0000,0.0000,0.0000,0.0000,0.0000,0.0000,0.0000,0.0000,0.0000,0.0000,0.0476,0.0476,-0.2516,-0.2516,0.0000
1791000689.5550,0.0199,0.0227,0.0000,0.0000,0.0000,0.0000,0.0000,0.0000,0.0000,0.0000,0.0000,0.0000,0.0476,0.0476,-0.2516,-0.2516,0.0000
1791000689.5751,0.0201,0.0250,0.0000,0.0000,0.0000,0.0000,0.0000,0.0000,0.0000,0.0000,0.0000,0.0000,0.0476,0.0476,-0.2516,-0.2516,0.0000
1791000689.5951,0.0200,0.1116,0.0000,0.0000,0.0000,0.0000,0.0000,0.0000,0.0000,0.0000,0.0000,0.0000,0.0476,0.0476,-0.2516,-0.2516,0.0000
1791000689.6151,0.0200,0.0290,0.0000,0.0000,0.0000,0.0000,0.0000,0.0000,0.0000,0.0000,0.0000,0.0000,0.0476,0.0476,-0.2516,-0.2516,0.0000
1791000689.6351,0.0200,0.0271,0.0000,0.0000,0.0000,0.0000,0.0000,0.0000,0.0000,0.0000,0.0000,0.0000,0.0476,0.0476,-0.2516,-0.2516,0.0000
1791000689.6552,0.0201,0.0239,0.0000,0.0000,0.0000,0.0000,0.0000,0.0000,0.0000,0.0000,0.0000,0.0000,0.0476,0.0476,-0.2516,-0.2516,0.0000
1791000689.6751,0.0200,0.0265,0.0000,0.0000,0.0000,0.0000,0.0000,0.0000,0.0000,0.0000,0.0000,0.0000,0.0476,0.0476,-0.2516,-0.2516,0.0000
1791000689.6951,0.0200,0.0270,0.0000,0.0000,0.0000,0.0000,0.0000,0.0000,0.0000,0.0000,0.0000,0.0000,0.0476,0.0476,-0.2516,-0.2516,0.0000
1791000689.7151,0.0200,0.0265,0.0000,0.0000,0.0000,0.0000,0.0000,0.0000,0.0000,0.0000,0.0000,0.0000,0.0476,0.0476,-0.2516,-0.2516,0.0000
1791000689.7351,0.0200,0.0267,0.0000,0.0000,0.0000,0.0000,0.0000,0.0000,0.0000,0.0000,0.0000,0.0000,0.0476,0.0476,-0.2516,-0.2516,0.0000
1791000689.7550,0.0199,0.0287,0.0000,0.0000,0.0000,0.0000,0.0000,0.0000,0.0000,0.0000,0.0000,0.0000,0.0476,0.0476,-0.2516,-0.2516,0.0000
1791000689.7750,0.0200,0.0259,0.0000,0.0000,0.0000,0.0000,0.0000,0.0000,0.0000,0.0000,0.0000,0.0000,0.0476,0.0476,-0.2516,-0.2516,0.0000
1791000689.7951,0.0201,0.0264,0.0000,0.0000,0.0000,0.0000,0.0000,0.0000,0.0000,0.0000,0.0000,0.0000,0.0476,0.0476,-0.2516,-0.2516,0.0000
1791000689.8151,0.0200,0.0300,0.0000,0.0000,0.0000,0.0000,0.0000,0.0000,0.0000,0.0000,0.0000,0.0000,0.0476,0.0476,-0.2516,-0.2516,0.0000
1791000689.8350,0.0199,0.0232,0.0000,0.0000,0.0000,0.0000,0.0000,0.0000,0.0000,0.0000,0.0000,0.0000,0.0476,0.0476,-0.2516,-0.2516,0.0000
1791000689.8550,0.0200,0.0202,0.0000,0.0000,0.0000,0.0000,0.0000,0.0000,0.0000,0.0000,0.0000,0.0000,0.0476,0.0476,-0.2516,-0.2516,0.0000
1791000689.8750,0.0200,0.0268,0.0000,0.0000,0.0000,0.0000,0.0000,0.0000,0.0000,0.0000,0.0000,0.0000,0.0476,0.0476,-0.2516,-0.2516,0.0000
1791000689.8950,0.0200,0.0220,0.0000,0.0000,0.0000,0.0000,0.0000,0.0000,0.0000,0.0000,0.0000,0.0000,0.0476,0.0476,-0.2516,-0.2516,0.0000
1791000689.9150,0.0200,0.0222,0.0000,0.0000,0.0000,0.0000,0.0000,0.0000,0.0000,0.0000,0.0000,0.0000,0.0476,0.0476,-0.2516,-0.2516,0.0000
1791000689.9350,0.0200,0.0262,0.0000,0.0000,0.0000,0.0000,0.0000,0.0000,0.0000,0.0000,0.0000,0.0000,0.0476,0.0476,-0.2516,-0.2516,0.0000
1791000689.9550,0.0200,0.0224,0.0000,0.0000,0.0000,0.0000,0.0000,0.0000,0.0000,0.0000,0.0000,0.0000,0.0476,0.0476,-0.2516,-0.2516,0.0000
1791000689.9750,0.0200,0.0220,0.0000,0.0000,0.0000,0.0000,0.0000,0.0000,0.0000,0.0000,0.0000,0.0000,0.0476,0.0476,-0.2516,-0.2516,0.0000
1791000689.9950,0.0200,0.0220,0.0000,0.0000,0.0000,0.0000,0.0000,0.0000,0.0000,0.0000,0.0000,0.0000,0.0476,0.0476,-0.2516,-0.2516,0.0000
1791000690.0150,0.0200,0.0274,0.0000,0.0000,0.0000,0.0000,0.0000,0.0000,0.0000,0.0000,0.0000,0.0000,0.0476,0.0476,-0.2516,-0.2516,0.0000
1791000690.0350,0.0200,0.0250,0.0000,0.0000,0.0000,0.0000,0.0000,0.0000,0.0000,0.0000,0.0000,0.0000,0.0476,0.0476,-0.2516,-0.2516,0.0000
1791000690.0550,0.0200,0.0237,0.0000,0.0000,0.0000,0.0000,0.0000,0.0000,0.0000,0.0000,0.0000,0.0000,0.0476,0.0476,-0.2516,-0.2516,0.0000
1791000690.0750,0.0200,0.0240,0.0000,0.0000,0.0000,0.0000,0.0000,0.0000,0.0000,0.0000,0.0000,0.0000,0.0476,0.0476,-0.2516,-0.2516,0.0000
1791000690.0950,0.0200,0.0268,0.0000,0.0000,0.0000,0.0000,0.0000,0.0000,0.0000,0.0000,0.0000,0.0000,0.0476,0.0476,-0.2516,-0.2516,0.0000
1791000690.1150,0.0200,0.0236,0.0000,0.0000,0.0000,0.0000,0.0000,0.0000,0.0000,0.0000,0.0000,0.0000,0.0476,0.0476,-0.2516,-0.2516,0.0000
1791000690.1350,0.0200,0.0268,0.0000,0.0000,0.0000,0.0000,0.0000,0.0000,0.0000,0.0000,0.0000,0.0000,0.0476,0.0476,-0.2516,-0.2516,0.0000
1791000690.1550,0.0200,0.0232,0.0000,0.0000,0.0000,0.0000,0.0000,0.0000,0.0000,0.0000,0.0000,0.0000,0.0476,0.0476,-0.2516,-0.2516,0.0000
1791000690.1750,0.0200,0.0245,0.0000,0.0000,0.0000,0.0000,0.0000,0.0000,0.0000,0.0000,0.0000,0.0000,0.0476,0.0476,-0.2516,-0.2516,0.0000
1791000690.1950,0.0200,0.0286,0.0000,0.0000,0.0000,0.0000,0.0000,0.0000,0.0000,0.0000,0.0000,0.0000,0.0476,0.0476,-0.2516,-0.2516,0.0000
1791000690.2150,0.0200,0.0280,0.0000,0.0000,0.0000,0.0000,0.0000,0.0000,0.0000,0.0000,0.0000,0.0000,0.0476,0.0476,-0.2516,-0.2516,0.0000
1791000690.2350,0.0200,0.0234,0.0000,0.0000,0.0000,0.0000,0.0000,0.0000,0.0000,0.0000,0.0000,0.0000,0.0476,0.0476,-0.2516,-0.2516,0.0000
1791000690.2550,0.0200,0.0284,0.0000,0.0000,0.0000,0.0000,0.0000,0.0000,0.0000,0.0000,0.0000,0.0000,0.0476,0.0476,-0.2516,-0.2516,0.0000
1791000690.2750,0.0200,0.0232,0.0000,0.0000,0.0000,0.0000,0.0000,0.0000,0.0000,0.0000,0.0000,0.0000,0.0476,0.0476,-0.2516,-0.2516,0.0000
1791000690.2950,0.0200,0.0269,0.0000,0.0000,0.0000,0.0000,0.0000,0.0000,0.0000,0.0000,0.0000,0.0000,0.0476,0.0476,-0.2516,-0.2516,0.0000
1791000690.3150,0.0200,0.0280,0.0000,0.0000,0.0000,0.0000,0.0000,0.0000,0.0000,0.0000,0.0000,0.0000,0.0476,0.0476,-0.2516,-0.2516,0.0000
1791000690.3350,0.0200,0.1162,0.0000,0.0000,0.0000,0.0000,0.0000,0.0000,0.0000,0.0015,0.0000,0.0000,0.0476,0.0476,-0.2516,-0.2516,0.0000
1791000690.3550,0.0200,0.0773,0.0000,0.0000,0.0000,0.0000,0.0000,0.0000,0.0000,-0.0015,0.0000,0.0000,0.0476,0.0476,-0.2516,-0.2516,0.0000
1791000690.3750,0.0200,0.0892,0.0000,0.0000,0.0000,0.0000,0.0000,0.0000,0.0000,0.0015,0.0000,0.0000,0.0476,0.0476,-0.2516,-0.2516,0.0000
1791000690.3950,0.0200,0.0819,0.0000,0.0000,0.0000,0.0000,0.0000,0.0000,0.0000,0.0000,0.0000,0.0000,0.0476,0.0476,-0.2516,-0.2516,0.0000
1791000690.4150,0.0200,0.0793,0.0000,0.0000,0.0000,0.0000,0.0000,0.0000,0.0000,0.0000,0.0000,0.0000,0.0476,0.0476,-0.2516,-0.2516,0.0000
1791000690.4350,0.0200,0.0813,0.0000,0.0000,0.0000,0.0000,0.0000,0.0000,0.0000,-0.0015,0.0000,0.0000,0.0476,0.0476,-0.2516,-0.2516,0.0000
1791000690.4550,0.0200,0.0806,0.0000,0.0000,0.0000,0.0000,0.0000,0.0000,0.0000,0.0015,0.0000,0.0000,0.0476,0.0476,-0.2516,-0.2516,0.0000
1791000690.4750,0.0200,0.2480,0.0000,0.0000,0.0000,0.0000,0.0000,0.0000,0.0000,0.0000,0.0000,0.0000,0.0476,0.0476,-0.2516,-0.2516,0.0000
1791000690.4950,0.0200,0.0799,0.0000,0.0000,0.0000,0.0000,0.0000,0.0000,0.0000,0.0000,0.0000,0.0000,0.0476,0.0476,-0.2516,-0.2516,0.0000
1791000690.5150,0.0200,0.0794,0.0000,0.0000,0.0000,0.0000,0.0000,0.0000,0.0000,0.0000,0.0000,0.0000,0.0476,0.0476,-0.2516,-0.2516,0.0000
1791000690.5350,0.0200,0.0804,0.0000,0.0000,0.0000,0.0000,0.0000,0.0000,0.0000,-0.0015,0.0000,0.0000,0.0476,0.0476,-0.2516,-0.2516,0.0000
1791000690.5550,0.0200,0.0965,0.0000,0.0000,0.0000,0.0000,0.0000,0.0000,0.0000,0.0000,0.0000,0.0000,0.0476,0.0476,-0.2516,-0.2516,0.0000
1791000690.5750,0.0200,0.0809,0.0000,0.0000,0.0000,0.0000,0.0000,0.0000,0.0000,0.0015,0.0000,0.0000,0.0476,0.0476,-0.2516,-0.2516,0.0000
1791000690.5950,0.0200,0.1187,0.0000,0.0000,0.0000,0.0000,0.0000,0.0000,0.0000,0.0000,0.0000,0.0000,0.0476,0.0476,-0.2516,-0.2516,0.0000
1791000690.6151,0.0201,0.1008,0.0000,0.0000,0.0000,0.0000,0.0000,0.0000,0.0000,-0.0015,0.0000,0.0000,0.0476,0.0476,-0.2516,-0.2516,0.0000
1791000690.6350,0.0199,0.0752,0.0000,0.0000,0.0000,0.0000,0.0000,0.0000,0.0000,0.0015,0.0000,0.0000,0.0476,0.0476,-0.2516,-0.2516,0.0000
1791000690.6550,0.0200,0.0842,0.0000,0.0000,0.0000,0.0000,0.0000,0.0000,0.0000,-0.0015,0.0000,0.0000,0.0476,0.0476,-0.2516,-0.2516,0.0000
1791000690.6750,0.0200,0.0779,0.0000,0.0000,0.0000,0.0000,0.0000,0.0000,0.0000,0.0015,0.0000,0.0000,0.0476,0.0476,-0.2516,-0.2531,0.0000
1791000690.6951,0.0201,0.0805,0.0000,0.0000,0.0000,0.0000,0.0000,0.0000,0.0000,0.0000,0.0000,0.0000,0.0476,0.0476,-0.2516,-0.2516,0.0000
1791000690.7150,0.0199,0.0823,0.0000,0.0000,0.0000,0.0000,0.0000,0.0000,0.0000,0.0000,0.0000,0.0000,0.0476,0.0476,-0.2516,-0.2516,0.0000
1791000690.7350,0.0200,0.0806,0.0000,0.0000,0.0000,0.0000,0.0000,0.0000,0.0000,0.0000,0.0000,0.0000,0.0476,0.0476,-0.2516,-0.2516,0.0000
1791000690.7550,0.0200,0.0778,0.0000,0.0000,0.0000,0.0000,0.0000,0.0000,0.0000,0.0000,0.0000,0.0000,0.0476,0.0476,-0.2516,-0.2516,0.0000
1791000690.7752,0.0201,0.0809,0.0000,0.0000,0.0000,0.0000,0.0000,0.0000,0.0000,-0.0015,0.0000,0.0000,0.0476,0.0476,-0.2516,-0.2516,0.0000
1791000690.7951,0.0200,0.0816,0.0000,0.0000,0.0000,0.0000,0.0000,0.0000,0.0000,0.0015,0.0000,0.0000,0.0476,0.0476,-0.2516,-0.2531,0.0000
1791000690.8151,0.0200,0.0805,0.0000,0.0000,0.0000,0.0000,0.0000,0.0000,0.0000,0.0000,0.0000,0.0000,0.0476,0.0476,-0.2516,-0.2516,0.0000
1791000690.8350,0.0199,0.0812,0.0000,0.0000,0.0000,0.0000,0.0000,0.0000,0.0000,0.0000,0.0000,0.0000,0.0476,0.0476,-0.2516,-0.2516,0.0000
1791000690.8550,0.0200,0.0856,0.0000,0.0000,0.0000,0.0000,0.0000,0.0000,0.0000,0.0000,0.0000,0.0000,0.0476,0.0476,-0.2516,-0.2516,0.0000
1791000690.8750,0.0200,0.0813,0.0000,0.0000,0.0000,0.0000,0.0000,0.0000,0.0000,-0.0015,0.0000,0.0000,0.0476,0.0476,-0.2516,-0.2516,0.0000
1791000690.8950,0.0200,0.0811,0.0000,0.0000,0.0000,0.0000,0.0000,0.0000,0.0000,0.0000,0.0000,0.0000,0.0476,0.0476,-0.2516,-0.2516,0.0000
1791000690.9150,0.0200,0.0759,0.0000,0.0000,0.0000,0.0000,0.0000,0.0000,0.0000,0.0015,0.0000,0.0000,0.0476,0.0476,-0.2516,-0.2516,0.0000
1791000690.9350,0.0200,0.0801,0.0000,0.0000,0.0000,0.0000,0.0000,0.0000,0.0000,0.0000,0.0000,0.0000,0.0476,0.0476,-0.2516,-0.2516,0.0000
1791000690.9550,0.0200,0.0776,0.0000,0.0000,0.0000,0.0000,0.0000,0.0000,0.0000,0.0000,0.0000,0.0000,0.0476,0.0476,-0.2516,-0.2516,0.0000
1791000690.9750,0.0200,0.0812,0.0000,0.0000,0.0000,0.0000,0.0000,0.0000,0.0000,0.0000,0.0000,0.0000,0.0476,0.0476,-0.2516,-0.2516,0.0000
1791000690.9950,0.0200,0.0822,0.0000,0.0000,0.0000,0.0000,0.0000,0.0000,0.0000,-0.0015,0.0000,0.0000,0.0476,0.0476,-0.2516,-0.2516,0.0000
1791000691.0150,0.0200,0.0777,0.0000,0.0000,0.0000,0.0000,0.0000,0.0000,0.0000,0.0015,0.0000,0.0000,0.0476,0.0476,-0.2516,-0.2516,0.0000
1791000691.0350,0.0200,0.0761,0.0000,0.0000,0.0000,0.0000,0.0000,0.0000,0.0000,-0.0015,0.0000,0.0000,0.0476,0.0476,-0.2516,-0.2516,0.0000
1791000691.0550,0.0200,0.0927,0.0000,0.0000,0.0000,0.0000,0.0000,0.0000,0.0000,0.0015,0.0000,0.0000,0.0476,0.0476,-0.2516,-0.2516,0.0000
1791000691.0751,0.0200,0.0893,0.0000,0.0000,0.0000,0.0000,0.0000,0.0000,0.0000,-0.0015,0.0000,0.0000,0.0476,0.0476,-0.2516,-0.2516,0.0000
1791000691.0951,0.0200,0.1287,0.0000,0.0000,0.0000,0.0000,0.0000,0.0000,0.0000,0.0015,0.0000,0.0000,0.0476,0.0476,-0.2516,-0.2516,0.0000
1791000691.1150,0.0200,0.1091,0.0000,0.0000,0.0000,0.0000,0.0000,0.0000,0.0000,-0.0015,0.0000,0.0000,0.0476,0.0476,-0.2516,-0.2516,0.0000
1791000691.1350,0.0200,0.1024,0.0000,0.0000,0.0000,0.0000,0.0000,0.0000,0.0000,0.0000,0.0000,0.0000,0.0476,0.0476,-0.2516,-0.2516,0.0000
1791000691.1550,0.0200,0.0995,0.0000,0.0000,0.0000,0.0000,0.0000,0.0000,0.0000,0.0000,0.0000,0.0000,0.0476,0.0476,-0.2516,-0.2516,0.0000
1791000691.1751,0.0200,0.1112,0.0000,0.0000,0.0000,0.0000,0.0000,0.0000,0.0000,0.0015,0.0000,0.0000,0.0476,0.0476,-0.2516,-0.2516,0.0000
1791000691.1950,0.0200,0.1253,0.0000,0.0000,0.0000,0.0000,0.0000,0.0000,0.0000,-0.0015,0.0000,0.0000,0.0476,0.0476,-0.2516,-0.2516,0.0000
1791000691.2150,0.0200,0.0553,0.0000,0.0000,0.0000,0.0000,0.0000,0.0000,0.0000,0.0015,0.0000,0.0000,0.0476,0.0476,-0.2516,-0.2516,0.0000
1791000691.2350,0.0200,0.1017,0.0000,0.0000,0.0000,0.0000,0.0000,0.0000,0.0000,0.0000,0.0000,0.0000,0.0476,0.0476,-0.2516,-0.2516,0.0000
1791000691.2551,0.0200,0.1095,0.0000,0.0000,0.0000,0.0000,0.0000,0.0000,0.0000,0.0000,0.0000,0.0000,0.0476,0.0476,-0.2516,-0.2516,0.0000
1791000691.2751,0.0200,0.0997,0.0000,0.0000,0.0000,0.0000,0.0000,0.0000,0.0000,0.0000,0.0000,0.0000,0.0476,0.0476,-0.2516,-0.2516,0.0000
1791000691.2950,0.0200,0.0929,0.0000,0.0000,0.0000,0.0000,0.0000,0.0000,0.0000,0.0000,0.0000,0.0000,0.0476,0.0476,-0.2516,-0.2516,0.0000
1791000691.3151,0.0200,0.0985,0.0000,0.0000,0.0000,0.0000,0.0000,0.0000,0.0000,0.0000,0.0000,0.0000,0.0476,0.0476,-0.2516,-0.2516,0.0000
1791000691.3350,0.0200,0.0820,0.0000,0.0000,0.0000,0.0000,0.0000,0.0000,0.0000,0.0000,0.0000,0.0000,0.0476,0.0476,-0.2516,-0.2516,0.0000
1791000691.3550,0.0200,0.0902,0.0000,0.0000,0.0000,0.0000,0.0000,0.0000,0.0000,-0.0015,0.0000,0.0000,0.0476,0.0476,-0.2516,-0.2516,0.0000
1791000691.3750,0.0200,0.0778,0.0000,0.0000,0.0000,0.0000,0.0000,0.0000,0.0000,0.0000,0.0000,0.0000,0.0476,0.0476,-0.2516,-0.2516,0.0000
1791000691.3950,0.0200,0.0797,0.0000,0.0000,0.0000,0.0000,0.0000,0.0000,0.0000,0.0015,0.0000,0.0000,0.0476,0.0476,-0.2516,-0.2516,0.0000
1791000691.4150,0.0200,0.0803,0.0000,0.0000,0.0000,0.0000,0.0000,0.0000,0.0000,-0.0015,0.0000,0.0000,0.0476,0.0476,-0.2516,-0.2516,0.0000
1791000691.4351,0.0201,0.0807,0.0000,0.0000,0.0000,0.0000,0.0000,0.0000,0.0000,0.0015,0.0000,0.0000,0.0476,0.0476,-0.2516,-0.2516,0.0000
1791000691.4550,0.0199,0.0801,0.0000,0.0000,0.0000,0.0000,0.0000,0.0000,0.0000,-0.0015,0.0000,0.0000,0.0476,0.0476,-0.2516,-0.2516,0.0000
1791000691.4750,0.0200,0.0875,0.0000,0.0000,0.0000,0.0000,0.0000,0.0000,0.0000,0.0000,0.0000,0.0000,0.0476,0.0476,-0.2516,-0.2516,0.0000
1791000691.4950,0.0200,0.1137,0.0000,0.0000,0.0000,0.0000,0.0000,0.0000,0.0000,0.0015,0.0000,0.0000,0.0476,0.0476,-0.2516,-0.2531,0.0000
1791000691.5150,0.0200,0.0950,0.0000,0.0000,0.0000,0.0000,0.0000,0.0000,0.0000,0.0000,0.0000,0.0000,0.0476,0.0476,-0.2516,-0.2531,0.0000
1791000691.5350,0.0200,0.0990,0.0000,0.0000,0.0000,0.0000,0.0000,0.0000,0.0000,0.0000,0.0000,0.0000,0.0476,0.0476,-0.2516,-0.2516,0.0000
1791000691.5550,0.0200,0.0865,0.0000,0.0000,0.0000,0.0000,0.0000,0.0000,0.0000,0.0000,0.0000,0.0000,0.0476,0.0476,-0.2516,-0.2516,0.0000
1791000691.5750,0.0200,0.0809,0.0000,0.0000,0.0000,0.0000,0.0000,0.0000,0.0000,-0.0015,0.0000,0.0000,0.0476,0.0476,-0.2516,-0.2531,0.0000
1791000691.5950,0.0200,0.0778,0.0000,0.0000,0.0000,0.0000,0.0000,0.0000,0.0000,0.0015,0.0000,0.0000,0.0476,0.0476,-0.2516,-0.2516,0.0000
1791000691.6150,0.0200,0.0750,0.0000,0.0000,0.0000,0.0000,0.0000,0.0000,0.0000,0.0000,0.0000,0.0000,0.0476,0.0476,-0.2516,-0.2516,0.0000
1791000691.6350,0.0200,0.0945,0.0000,0.0000,0.0000,0.0000,0.0000,0.0000,0.0000,0.0000,0.0000,0.0000,0.0476,0.0476,-0.2516,-0.2516,0.0000
1791000691.6550,0.0200,0.0861,0.0000,0.0000,0.0000,0.0000,0.0000,0.0000,0.0000,0.0000,0.0000,0.0000,0.0476,0.0476,-0.2516,-0.2516,0.0000
1791000691.6750,0.0200,0.1002,0.0000,0.0000,0.0000,0.0000,0.0000,0.0000,0.0000,0.0000,0.0000,0.0000,0.0476,0.0476,-0.2516,-0.2531,0.0000
1791000691.6950,0.0200,0.0890,0.0000,0.0000,0.0000,0.0000,0.0000,0.0000,0.0000,0.0000,0.0000,0.0000,0.0476,0.0476,-0.2516,-0.2516,0.0000
1791000691.7150,0.0200,0.0408,0.0000,0.0000,0.0000,0.0000,0.0000,0.0000,0.0000,0.0000,0.0000,0.0000,0.0476,0.0476,-0.2516,-0.2516,0.0000
1791000691.7350,0.0200,0.0831,0.0000,0.0000,0.0000,0.0000,0.0000,0.0000,0.0000,0.0000,0.0000,0.0000,0.0476,0.0476,-0.2516,-0.2516,0.0000
1791000691.7550,0.0200,0.0361,0.0000,0.0000,0.0000,0.0000,0.0000,0.0000,0.0000,0.0000,0.0000,0.0000,0.0476,0.0476,-0.2516,-0.2516,0.0000
1791000691.7750,0.0200,0.0813,0.0000,0.0000,0.0000,0.0000,0.0000,0.0000,0.0000,0.0000,0.0000,0.0000,0.0476,0.0476,-0.2516,-0.2516,0.0000
1791000691.7950,0.0200,0.0835,0.0000,0.0000,0.0000,0.0000,0.0000,0.0000,0.0000,-0.0015,0.0000,0.0000,0.0476,0.0476,-0.2516,-0.2516,0.0000
1791000691.8150,0.0200,0.0810,0.0000,0.0000,0.0000,0.0000,0.0000,0.0000,0.0000,0.0000,0.0000,0.0000,0.0476,0.0476,-0.2516,-0.2516,0.0000
1791000691.8350,0.0200,0.0833,0.0000,0.0000,0.0000,0.0000,0.0000,0.0000,0.0000,0.0015,0.0000,0.0000,0.0476,0.0476,-0.2516,-0.2516,0.0000
1791000691.8550,0.0200,0.0826,0.0000,0.0000,0.0000,0.0000,0.0000,0.0000,0.0000,0.0000,0.0000,0.0000,0.0476,0.0476,-0.2516,-0.2531,0.0000
1791000691.8751,0.0200,0.0918,0.0000,0.0000,0.0000,0.0000,0.0000,0.0000,0.0000,0.0000,0.0000,0.0000,0.0476,0.0476,-0.2516,-0.2516,0.0000
1791000691.8950,0.0200,0.0914,0.0000,0.0000,0.0000,0.0000,0.0000,0.0000,0.0000,0.0000,0.0000,0.0000,0.0476,0.0476,-0.2516,-0.2516,0.0000
1791000691.9150,0.0200,0.0806,0.0000,0.0000,0.0000,0.0000,0.0000,0.0000,0.0000,0.0000,0.0000,0.0000,0.0476,0.0476,-0.2516,-0.2516,0.0000
1791000691.9351,0.0201,0.0804,0.0000,0.0000,0.0000,0.0000,0.0000,0.0000,0.0000,0.0000,0.0000,0.0000,0.0476,0.0476,-0.2516,-0.2516,0.0000
1791000691.9550,0.0199,0.0781,0.0000,0.0000,0.0000,0.0000,0.0000,0.0000,0.0000,-0.0015,0.0000,0.0000,0.0476,0.0476,-0.2516,-0.2516,0.0000
1791000691.9750,0.0200,0.0807,0.0000,0.0000,0.0000,0.0000,0.0000,0.0000,0.0000,0.0015,0.0000,0.0000,0.0476,0.0476,-0.2516,-0.2516,0.0000
1791000691.9950,0.0200,0.0815,0.0000,0.0000,0.0000,0.0000,0.0000,0.0000,0.0000,0.0000,0.0000,0.0000,0.0476,0.0476,-0.2516,-0.2516,0.0000
1791000692.0150,0.0200,0.0794,0.0000,0.0000,0.0000,0.0000,0.0000,0.0000,0.0000,0.0000,0.0000,0.0000,0.0476,0.0476,-0.2516,-0.2516,0.0000
1791000692.0351,0.0200,0.0817,0.0000,0.0000,0.0000,0.0000,0.0000,0.0000,0.0000,0.0000,0.0000,0.0000,0.0476,0.0476,-0.2516,-0.2516,0.0000
1791000692.0551,0.0200,0.0803,0.0000,0.0000,0.0000,0.0000,0.0000,0.0000,0.0000,-0.0015,0.0000,0.0000,0.0476,0.0476,-0.2516,-0.2516,0.0000
1791000692.0750,0.0199,0.0808,0.0000,0.0000,0.0000,0.0000,0.0000,0.0000,0.0000,0.0015,0.0000,0.0000,0.0476,0.0476,-0.2516,-0.2516,0.0000
1791000692.0950,0.0200,0.0870,0.0000,0.0000,0.0000,0.0000,0.0000,0.0000,0.0000,-0.0015,0.0000,0.0000,0.0476,0.0476,-0.2516,-0.2516,0.0000
1791000692.1151,0.0201,0.0833,0.0000,0.0000,0.0000,0.0000,0.0000,0.0000,0.0000,0.0000,0.0000,0.0000,0.0476,0.0476,-0.2516,-0.2516,0.0000
1791000692.1351,0.0200,0.0806,0.0000,0.0000,0.0000,0.0000,0.0000,0.0000,0.0000,0.0015,0.0000,0.0000,0.0476,0.0476,-0.2516,-0.2516,0.0000
1791000692.1551,0.0200,0.0832,0.0000,0.0000,0.0000,0.0000,0.0000,0.0000,0.0000,0.0000,0.0000,0.0000,0.0476,0.0476,-0.2516,-0.2516,0.0000
1791000692.1750,0.0199,0.0781,0.0000,0.0000,0.0000,0.0000,0.0000,0.0000,0.0000,-0.0015,0.0000,0.0000,0.0476,0.0476,-0.2516,-0.2516,0.0000
1791000692.1950,0.0200,0.0793,0.0000,0.0000,0.0000,0.0000,0.0000,0.0000,0.0000,0.0000,0.0000,0.0000,0.0476,0.0476,-0.2516,-0.2516,0.0000
1791000692.2150,0.0200,0.0770,0.0000,0.0000,0.0000,0.0000,0.0000,0.0000,0.0000,0.0015,0.0000,0.0000,0.0476,0.0476,-0.2516,-0.2516,0.0000
1791000692.2350,0.0200,0.0800,0.0000,0.0000,0.0000,0.0000,0.0000,0.0000,0.0000,0.0000,0.0000,0.0000,0.0476,0.0476,-0.2516,-0.2516,0.0000
1791000692.2552,0.0201,0.0915,0.0000,0.0000,0.0000,0.0000,0.0000,0.0000,0.0000,0.0000,0.0000,0.0000,0.0476,0.0476,-0.2516,-0.2516,0.0000
1791000692.2750,0.0199,0.0804,0.0000,0.0000,0.0000,0.0000,0.0000,0.0000,0.0000,0.0000,0.0000,0.0000,0.0476,0.0476,-0.2516,-0.2516,0.0000
1791000692.2950,0.0200,0.0929,0.0000,0.0000,0.0000,0.0000,0.0000,0.0000,0.0000,0.0000,0.0000,0.0000,0.0476,0.0476,-0.2516,-0.2516,0.0000
1791000692.3151,0.0201,0.0816,0.0000,0.0000,0.0000,0.0000,0.0000,0.0000,0.0000,0.0000,0.0000,0.0000,0.0476,0.0476,-0.2516,-0.2516,0.0000
1791000692.3350,0.0199,0.0804,0.0000,0.0000,0.0000,0.0000,0.0000,0.0000,0.0000,0.0000,0.0000,0.0000,0.0476,0.0476,-0.2516,-0.2516,0.0000
1791000692.3551,0.0201,0.0799,0.0000,0.0000,0.0000,0.0000,0.0000,0.0000,0.0000,0.0000,0.0000,0.0000,0.0476,0.0476,-0.2516,-0.2516,0.0000
1791000692.3751,0.0200,0.0827,0.0000,0.0000,0.0000,0.0000,0.0000,0.0000,0.0000,-0.0015,0.0000,0.0000,0.0476,0.0476,-0.2516,-0.2516,0.0000
1791000692.3952,0.0200,0.0820,0.0000,0.0000,0.0000,0.0000,0.0000,0.0000,0.0000,0.0015,0.0000,0.0000,0.0476,0.0476,-0.2516,-0.2516,0.0000
1791000692.4152,0.0200,0.0804,0.0000,0.0000,0.0000,0.0000,0.0000,0.0000,0.0000,0.0000,0.0000,0.0000,0.0476,0.0476,-0.2516,-0.2516,0.0000
1791000692.4352,0.0200,0.0801,0.0000,0.0000,0.0000,0.0000,0.0000,0.0000,0.0000,0.0000,0.0000,0.0000,0.0476,0.0476,-0.2516,-0.2516,0.0000
1791000692.4552,0.0200,0.0804,0.0000,0.0000,0.0000,0.0000,0.0000,0.0000,0.0000,0.0000,0.0000,0.0000,0.0476,0.0476,-0.2516,-0.2531,0.0000
1791000692.4750,0.0199,0.0775,0.0000,0.0000,0.0000,0.0000,0.0000,0.0000,0.0000,0.0000,0.0000,0.0000,0.0476,0.0476,-0.2516,-0.2516,0.0000
1791000692.4950,0.0200,0.0811,0.0000,0.0000,0.0000,0.0000,0.0000,0.0000,0.0000,-0.0015,0.0000,0.0000,0.0476,0.0476,-0.2516,-0.2516,0.0000
1791000692.5151,0.0201,0.0832,0.0000,0.0000,0.0000,0.0000,0.0000,0.0000,0.0000,0.0000,0.0000,0.0000,0.0476,0.0476,-0.2516,-0.2516,0.0000
1791000692.5351,0.0200,0.0806,0.0000,0.0000,0.0000,0.0000,0.0000,0.0000,0.0000,0.0015,0.0000,0.0000,0.0476,0.0476,-0.2516,-0.2516,0.0000
1791000692.5550,0.0199,0.0803,0.0000,0.0000,0.0000,0.0000,0.0000,0.0000,0.0000,0.0000,0.0000,0.0000,0.0476,0.0476,-0.2516,-0.2516,0.0000
1791000692.5751,0.0201,0.0796,0.0000,0.0000,0.0000,0.0000,0.0000,0.0000,0.0000,0.0000,0.0000,0.0000,0.0476,0.0476,-0.2516,-0.2516,0.0000
1791000692.5951,0.0200,0.0930,0.0000,0.0000,0.0000,0.0000,0.0000,0.0000,0.0000,-0.0015,0.0000,0.0000,0.0476,0.0476,-0.2516,-0.2516,0.0000
1791000692.6151,0.0200,0.0811,0.0000,0.0000,0.0000,0.0000,0.0000,0.0000,0.0000,0.0000,0.0000,0.0000,0.0476,0.0476,-0.2516,-0.2516,0.0000
1791000692.6351,0.0200,0.0810,0.0000,0.0000,0.0000,0.0000,0.0000,0.0000,0.0000,0.0000,0.0000,0.0000,0.0476,0.0476,-0.2516,-0.2516,0.0000
1791000692.6550,0.0199,0.0806,0.0000,0.0000,0.0000,0.0000,0.0000,0.0000,0.0000,0.0015,0.0000,0.0000,0.0476,0.0476,-0.2516,-0.2516,0.0000
1791000692.6750,0.0200,0.0830,0.0000,0.0000,0.0000,0.0000,0.0000,0.0000,0.0000,0.0000,0.0000,0.0000,0.0476,0.0506,-0.2516,-0.2516,0.0000
1791000692.6950,0.0200,0.0783,0.0000,0.0000,0.0000,0.0000,0.0000,0.0000,0.0000,0.0000,0.0000,0.0000,0.0476,0.0476,-0.2516,-0.2516,0.0000
1791000692.7150,0.0200,0.1087,0.0000,0.0000,0.0000,0.0000,0.0000,0.0000,0.0000,0.0000,0.0000,0.0000,0.0476,0.0476,-0.2516,-0.2516,0.0000
1791000692.7350,0.0200,0.0851,0.0000,0.0000,0.0000,0.0000,0.0000,0.0000,0.0000,0.0000,0.0000,0.0000,0.0476,0.0476,-0.2516,-0.2516,0.0000
1791000692.7550,0.0200,0.0771,0.0000,0.0000,0.0000,0.0000,0.0000,0.0000,0.0000,0.0000,0.0000,0.0000,0.0476,0.0476,-0.2516,-0.2531,0.0000
1791000692.7750,0.0200,0.0763,0.0000,0.0000,0.0000,0.0000,0.0000,0.0000,0.0000,0.0000,0.0000,0.0000,0.0476,0.0476,-0.2516,-0.2516,0.0000
1791000692.7950,0.0200,0.0793,0.0000,0.0000,0.0000,0.0000,0.0000,0.0000,0.0000,0.0000,0.0000,0.0000,0.0476,0.0476,-0.2516,-0.2516,0.0000
1791000692.8150,0.0200,0.0810,0.0000,0.0000,0.0000,0.0000,0.0000,0.0000,0.0000,-0.0015,0.0000,0.0000,0.0476,0.0476,-0.2516,-0.2516,0.0000
1791000692.8350,0.0200,0.0821,0.0000,0.0000,0.0000,0.0000,0.0000,0.0000,0.0000,0.0015,0.0000,0.0000,0.0476,0.0476,-0.2516,-0.2516,0.0000
1791000692.8550,0.0200,0.0780,0.0000,0.0000,0.0000,0.0000,0.0000,0.0000,0.0000,0.0000,0.0000,0.0000,0.0476,0.0476,-0.2516,-0.2516,0.0000
1791000692.8750,0.0200,0.0778,0.0000,0.0000,0.0000,0.0000,0.0000,0.0000,0.0000,0.0000,0.0000,0.0000,0.0476,0.0476,-0.2516,-0.2516,0.0000
1791000692.8951,0.0201,0.0806,0.0000,0.0000,0.0000,0.0000,0.0000,0.0000,0.0000,0.0000,0.0000,0.0000,0.0476,0.0476,-0.2516,-0.2516,0.0000
1791000692.9150,0.0199,0.0778,0.0000,0.0000,0.0000,0.0000,0.0000,0.0000,0.0000,0.0000,0.0000,0.0000,0.0476,0.0476,-0.2516,-0.2516,0.0000
1791000692.9352,0.0201,0.0832,0.0000,0.0000,0.0000,0.0000,0.0000,0.0000,0.0000,-0.0015,0.0000,0.0000,0.0476,0.0476,-0.2516,-0.2516,0.0000
1791000692.9552,0.0200,0.0798,0.0000,0.0000,0.0000,0.0000,0.0000,0.0000,0.0000,0.0015,0.0000,0.0000,0.0476,0.0476,-0.2516,-0.2516,0.0000
1791000692.9750,0.0199,0.0806,0.0000,0.0000,0.0000,0.0000,0.0000,0.0000,-0.0015,0.0000,0.0000,0.0000,0.0476,0.0476,-0.2516,-0.2516,0.0000
1791000692.9951,0.0201,0.0824,0.0000,0.0000,0.0000,0.0000,0.0000,0.0000,0.0015,-0.0015,0.0000,0.0000,0.0476,0.0476,-0.2516,-0.2516,0.0000
1791000693.0151,0.0200,0.0799,0.0000,0.0000,0.0000,0.0000,0.0000,0.0000,0.0000,0.0015,0.0000,0.0000,0.0476,0.0476,-0.2516,-0.2516,0.0000
1791000693.0351,0.0200,0.0804,0.0000,0.0000,0.0000,0.0000,0.0000,0.0000,0.0000,-0.0015,0.0000,0.0000,0.0476,0.0476,-0.2516,-0.2516,0.0000
1791000693.0551,0.0200,0.0805,0.0000,0.0000,0.0000,0.0000,0.0000,0.0000,0.0000,0.0000,0.0000,0.0000,0.0476,0.0476,-0.2516,-0.2516,0.0000
1791000693.0750,0.0199,0.0775,0.0000,0.0000,0.0000,0.0000,0.0000,0.0000,0.0000,0.0015,0.0000,0.0000,0.0476,0.0476,-0.2516,-0.2516,0.0000
1791000693.0950,0.0200,0.0890,0.0000,0.0000,0.0000,0.0000,0.0000,0.0000,0.0000,0.0000,0.0000,0.0000,0.0476,0.0476,-0.2516,-0.2516,0.0000
1791000693.1150,0.0200,0.0772,0.0000,0.0000,0.0000,0.0000,0.0000,0.0000,0.0000,0.0000,0.0000,0.0000,0.0476,0.0476,-0.2516,-0.2516,0.0000
1791000693.1350,0.0200,0.0924,0.0000,0.0000,0.0000,0.0000,0.0000,0.0000,0.0000,0.0000,0.0000,0.0000,0.0476,0.0476,-0.2516,-0.2516,0.0000
1791000693.1550,0.0200,0.0815,0.0000,0.0000,0.0000,0.0000,0.0000,0.0000,0.0000,0.0000,0.0000,0.0000,0.0476,0.0476,-0.2516,-0.2516,0.0000
1791000693.1750,0.0200,0.0808,0.0000,0.0000,0.0000,0.0000,0.0000,0.0000,0.0000,0.0000,0.0000,0.0000,0.0476,0.0476,-0.2516,-0.2516,0.0000
1791000693.1950,0.0200,0.0812,0.0000,0.0000,0.0000,0.0000,0.0000,0.0000,0.0000,0.0000,0.0000,0.0000,0.0476,0.0476,-0.2516,-0.2516,0.0000
1791000693.2150,0.0200,0.0878,0.0000,0.0000,0.0000,0.0000,0.0000,0.0000,0.0000,-0.0015,0.0000,0.0000,0.0476,0.0476,-0.2516,-0.2516,0.0000
1791000693.2351,0.0201,0.0808,0.0000,0.0000,0.0000,0.0000,0.0000,0.0000,0.0000,0.0015,0.0000,0.0000,0.0476,0.0476,-0.2516,-0.2516,0.0000
1791000693.2552,0.0200,0.0800,0.0000,0.0000,0.0000,0.0000,0.0000,0.0000,0.0000,0.0000,0.0000,0.0000,0.0476,0.0476,-0.2516,-0.2516,0.0000
1791000693.2750,0.0199,0.0767,0.0000,0.0000,0.0000,0.0000,0.0000,0.0000,0.0000,0.0000,0.0000,0.0000,0.0476,0.0476,-0.2516,-0.2516,0.0000
1791000693.2950,0.0200,0.0829,0.0000,0.0000,0.0000,0.0000,0.0000,0.0000,0.0000,-0.0015,0.0000,0.0000,0.0476,0.0476,-0.2516,-0.2516,0.0000
1791000693.3151,0.0200,0.0825,0.0000,0.0000,0.0000,0.0000,0.0000,0.0000,0.0000,0.0000,0.0000,0.0000,0.0476,0.0476,-0.2516,-0.2516,0.0000
1791000693.3351,0.0200,0.0869,0.0000,0.0000,0.0000,0.0000,0.0000,0.0000,0.0000,0.0015,0.0000,0.0000,0.0476,0.0476,-0.2516,-0.2516,0.0000
1791000693.3550,0.0200,0.0777,0.0000,0.0000,0.0000,0.0000,0.0000,0.0000,0.0000,0.0000,0.0000,0.0000,0.0476,0.0476,-0.2516,-0.2516,0.0000
1791000693.3750,0.0200,0.0779,0.0000,0.0000,0.0000,0.0000,0.0000,0.0000,0.0000,0.0000,0.0000,0.0000,0.0476,0.0476,-0.2516,-0.2516,0.0000
1791000693.3950,0.0200,0.0801,0.0000,0.0000,0.0000,0.0000,0.0000,0.0000,0.0000,-0.0015,0.0000,0.0000,0.0476,0.0476,-0.2516,-0.2531,0.0000
1791000693.4150,0.0200,0.0774,0.0000,0.0000,0.0000,0.0000,0.0000,0.0000,0.0000,0.0015,0.0000,0.0000,0.0476,0.0476,-0.2516,-0.2516,0.0000
1791000693.4350,0.0200,0.0790,0.0000,0.0000,0.0000,0.0000,0.0000,0.0000,0.0000,0.0000,0.0000,0.0000,0.0476,0.0476,-0.2516,-0.2516,0.0000
1791000693.4550,0.0200,0.1103,0.0000,0.0000,0.0000,0.0000,0.0000,0.0000,0.0000,-0.0015,0.0000,0.0000,0.0476,0.0476,-0.2516,-0.2516,0.0000
1791000693.4751,0.0200,0.1145,0.0000,0.0000,0.0000,0.0000,0.0000,0.0000,0.0000,0.0015,0.0000,0.0000,0.0476,0.0476,-0.2516,-0.2516,0.0000
1791000693.4951,0.0201,0.0909,0.0000,0.0000,0.0000,0.0000,0.0000,0.0000,0.0000,0.0000,0.0000,0.0000,0.0476,0.0476,-0.2516,-0.2516,0.0000
1791000693.5150,0.0199,0.0784,0.0000,0.0000,0.0000,0.0000,0.0000,0.0000,0.0000,-0.0015,0.0000,0.0000,0.0476,0.0476,-0.2516,-0.2516,0.0000
1791000693.5351,0.0201,0.0792,0.0000,0.0000,0.0000,0.0000,0.0000,0.0000,-0.0015,0.0000,0.0000,0.0000,0.0476,0.0476,-0.2516,-0.2516,0.0000
1791000693.5550,0.0199,0.0831,0.0000,0.0000,0.0000,0.0000,0.0000,0.0000,0.0015,0.0015,0.0000,0.0000,0.0476,0.0476,-0.2516,-0.2516,0.0000
1791000693.5751,0.0201,0.0791,0.0000,0.0000,0.0000,0.0000,0.0000,0.0000,0.0000,0.0000,0.0000,0.0000,0.0476,0.0476,-0.2516,-0.2516,0.0000
1791000693.5951,0.0200,0.0896,0.0000,0.0000,0.0000,0.0000,0.0000,0.0000,0.0000,-0.0015,0.0000,0.0000,0.0476,0.0476,-0.2516,-0.2516,0.0000
1791000693.6151,0.0200,0.0892,0.0000,0.0000,0.0000,0.0000,0.0000,0.0000,0.0000,0.0015,0.0000,0.0000,0.0476,0.0476,-0.2516,-0.2516,0.0000
1791000693.6351,0.0200,0.0888,0.0000,0.0000,0.0000,0.0000,0.0000,0.0000,0.0000,-0.0015,0.0000,0.0000,0.0476,0.0476,-0.2516,-0.2516,0.0000
1791000693.6552,0.0200,0.0867,0.0000,0.0000,0.0000,0.0000,0.0000,0.0000,0.0000,0.0000,0.0000,0.0000,0.0476,0.0476,-0.2516,-0.2516,0.0000
1791000693.6752,0.0200,0.0881,0.0000,0.0000,0.0000,0.0000,0.0000,0.0000,0.0000,0.0015,0.0000,0.0000,0.0476,0.0476,-0.2516,-0.2516,0.0000
1791000693.6950,0.0199,0.0760,0.0000,0.0000,0.0000,0.0000,0.0000,0.0000,0.0000,-0.0015,0.0000,0.0000,0.0476,0.0476,-0.2516,-0.2516,0.0000
1791000693.7150,0.0200,0.0763,0.0000,0.0000,0.0000,0.0000,0.0000,0.0000,0.0000,0.0015,0.0000,0.0000,0.0476,0.0476,-0.2516,-0.2516,0.0000
1791000693.7350,0.0200,0.0757,0.0000,0.0000,0.0000,0.0000,0.0000,0.0000,0.0000,-0.0015,0.0000,0.0000,0.0476,0.0476,-0.2516,-0.2516,0.0000
1791000693.7550,0.0200,0.0826,0.0000,0.0000,0.0000,0.0000,0.0000,0.0000,0.0000,0.0015,0.0000,0.0000,0.0476,0.0476,-0.2516,-0.2516,0.0000
1791000693.7750,0.0200,0.0778,0.0000,0.0000,0.0000,0.0000,0.0000,0.0000,0.0000,0.0000,0.0000,0.0000,0.0476,0.0476,-0.2516,-0.2516,0.0000
1791000693.7950,0.0200,0.0782,0.0000,0.0000,0.0000,0.0000,0.0000,0.0000,0.0000,0.0000,0.0000,0.0000,0.0476,0.0476,-0.2516,-0.2516,0.0000
1791000693.8150,0.0200,0.0764,0.0000,0.0000,0.0000,0.0000,0.0000,0.0000,0.0000,-0.0015,0.0000,0.0000,0.0476,0.0476,-0.2516,-0.2516,0.0000
1791000693.8350,0.0200,0.0767,0.0000,0.0000,0.0000,0.0000,0.0000,0.0000,0.0000,0.0015,0.0000,0.0000,0.0476,0.0476,-0.2516,-0.2516,0.0000
1791000693.8550,0.0200,0.0759,0.0000,0.0000,0.0000,0.0000,0.0000,0.0000,0.0000,0.0000,0.0000,0.0000,0.0476,0.0476,-0.2516,-0.2516,0.0000
1791000693.8750,0.0200,0.0761,0.0000,0.0000,0.0000,0.0000,0.0000,0.0000,0.0000,0.0000,0.0000,0.0000,0.0476,0.0476,-0.2516,-0.2516,0.0000
1791000693.8950,0.0200,0.0759,0.0000,0.0000,0.0000,0.0000,0.0000,0.0000,0.0000,0.0000,0.0000,0.0000,0.0476,0.0476,-0.2516,-0.2516,0.0000
1791000693.9150,0.0200,0.0757,0.0000,0.0000,0.0000,0.0000,0.0000,0.0000,0.0000,-0.0015,0.0000,0.0000,0.0476,0.0476,-0.2516,-0.2516,0.0000
1791000693.9350,0.0200,0.0764,0.0000,0.0000,0.0000,0.0000,0.0000,0.0000,0.0000,0.0000,0.0000,0.0000,0.0476,0.0476,-0.2516,-0.2516,0.0000
1791000693.9550,0.0200,0.0807,0.0000,0.0000,0.0000,0.0000,0.0000,0.0000,0.0000,0.0000,0.0000,0.0000,0.0476,0.0476,-0.2516,-0.2516,0.0000
1791000693.9750,0.0200,0.0772,0.0000,0.0000,0.0000,0.0000,0.0000,0.0000,0.0000,0.0015,0.0000,0.0000,0.0476,0.0476,-0.2516,-0.2516,0.0000
1791000693.9950,0.0200,0.0781,0.0000,0.0000,0.0000,0.0000,0.0000,0.0000,0.0000,-0.0015,0.0000,0.0000,0.0476,0.0476,-0.2516,-0.2516,0.0000
1791000694.0150,0.0200,0.0878,0.0000,0.0000,0.0000,0.0000,0.0000,0.0000,0.0000,0.0015,0.0000,0.0000,0.0476,0.0476,-0.2516,-0.2516,0.0000
1791000694.0350,0.0200,0.0760,0.0000,0.0000,0.0000,0.0000,0.0000,0.0000,0.0000,0.0000,0.0000,0.0000,0.0476,0.0476,-0.2516,-0.2516,0.0000
1791000694.0550,0.0200,0.0752,0.0000,0.0000,0.0000,0.0000,0.0000,0.0000,0.0000,0.0000,0.0000,0.0000,0.0476,0.0476,-0.2516,-0.2531,0.0000
1791000694.0750,0.0200,0.0769,0.0000,0.0000,0.0000,0.0000,0.0000,0.0000,0.0000,0.0000,0.0000,0.0000,0.0476,0.0476,-0.2516,-0.2516,0.0000
1791000694.0950,0.0200,0.0756,0.0000,0.0000,0.0000,0.0000,0.0000,0.0000,0.0000,-0.0015,0.0000,0.0000,0.0476,0.0476,-0.2516,-0.2516,0.0000
1791000694.1150,0.0200,0.0758,0.0000,0.0000,0.0000,0.0000,0.0000,0.0000,0.0000,0.0015,0.0000,0.0000,0.0476,0.0476,-0.2516,-0.2516,0.0000
1791000694.1351,0.0201,0.0940,0.0000,0.0000,0.0000,0.0000,0.0000,0.0000,0.0000,0.0000,0.0000,0.0000,0.0476,0.0476,-0.2516,-0.2516,0.0000
1791000694.1551,0.0200,0.0950,0.0000,0.0000,0.0000,0.0000,0.0000,0.0000,0.0000,0.0000,0.0000,0.0000,0.0476,0.0476,-0.2516,-0.2516,0.0000
1791000694.1751,0.0200,0.0898,0.0000,0.0000,0.0000,0.0000,0.0000,0.0000,0.0000,-0.0015,0.0000,0.0000,0.0476,0.0476,-0.2516,-0.2531,0.0000
1791000694.1950,0.0200,0.0901,0.0000,0.0000,0.0000,0.0000,0.0000,0.0000,0.0000,0.0000,0.0000,0.0000,0.0476,0.0476,-0.2516,-0.2516,0.0000
1791000694.2150,0.0200,0.0840,0.0000,0.0000,0.0000,0.0000,0.0000,0.0000,0.0000,0.0015,0.0000,0.0000,0.0476,0.0476,-0.2516,-0.2516,0.0000
1791000694.2351,0.0201,0.0958,0.0000,0.0000,0.0000,0.0000,0.0000,0.0000,0.0000,0.0000,0.0000,0.0000,0.0476,0.0476,-0.2516,-0.2516,0.0000
1791000694.2551,0.0200,0.0947,0.0000,0.0000,0.0000,0.0000,0.0000,0.0000,0.0000,-0.0015,0.0000,0.0000,0.0476,0.0476,-0.2516,-0.2516,0.0000
1791000694.2751,0.0200,0.0941,0.0000,0.0000,0.0000,0.0000,0.0000,0.0000,0.0000,0.0015,0.0000,0.0000,0.0476,0.0476,-0.2516,-0.2516,0.0000
1791000694.2950,0.0199,0.0834,0.0000,0.0000,0.0000,0.0000,0.0000,0.0000,0.0000,0.0000,0.0000,0.0000,0.0476,0.0476,-0.2516,-0.2516,0.0000
1791000694.3152,0.0201,0.2305,0.0000,0.0000,0.0000,0.0000,0.0000,0.0000,0.0000,0.0000,0.0000,0.0000,0.0476,0.0476,-0.2516,-0.2516,0.0000
1791000694.3352,0.0200,0.2612,0.0000,0.0000,0.0000,0.0000,0.0000,0.0000,0.0000,0.0000,0.0000,0.0000,0.0476,0.0476,-0.2516,-0.2516,0.0000
1791000694.3552,0.0200,0.2460,0.0000,0.0000,0.0000,0.0000,0.0000,0.0000,0.0000,0.0000,0.0000,0.0000,0.0476,0.0476,-0.2516,-0.2516,0.0000
1791000694.3750,0.0199,0.0830,0.0000,0.0000,0.0000,0.0000,0.0000,0.0000,0.0000,0.0000,0.0000,0.0000,0.0476,0.0476,-0.2516,-0.2516,0.0000
1791000694.3951,0.0200,0.0897,0.0000,0.0000,0.0000,0.0000,0.0000,0.0000,0.0000,0.0000,0.0000,0.0000,0.0476,0.0476,-0.2516,-0.2516,0.0000
1791000694.4151,0.0200,0.0938,0.0000,0.0000,0.0000,0.0000,0.0000,0.0000,0.0000,0.0000,0.0000,0.0000,0.0476,0.0476,-0.2516,-0.2516,0.0000
1791000694.4350,0.0199,0.0810,0.0000,0.0000,0.0000,0.0000,0.0000,0.0000,0.0000,0.0000,0.0000,0.0000,0.0476,0.0476,-0.2516,-0.2516,0.0000
1791000694.4551,0.0201,0.0958,0.0000,0.0000,0.0000,0.0000,0.0000,0.0000,0.0000,0.0000,0.0000,0.0000,0.0476,0.0476,-0.2516,-0.2516,0.0000
1791000694.4751,0.0200,0.2776,0.0000,0.0000,0.0000,0.0000,0.0000,0.0000,0.0000,-0.0015,0.0000,0.0000,0.0476,0.0476,-0.2516,-0.2516,0.0000
1791000694.4950,0.0199,0.0808,0.0000,0.0000,0.0000,0.0000,0.0000,0.0000,0.0000,0.0015,0.0000,0.0000,0.0476,0.0476,-0.2516,-0.2516,0.0000
1791000694.5150,0.0200,0.0818,0.0000,0.0000,0.0000,0.0000,0.0000,0.0000,0.0000,0.0000,0.0000,0.0000,0.0476,0.0476,-0.2516,-0.2516,0.0000
1791000694.5350,0.0200,0.0808,0.0000,0.0000,0.0000,0.0000,0.0000,0.0000,0.0000,0.0000,0.0000,0.0000,0.0476,0.0476,-0.2516,-0.2516,0.0000
1791000694.5550,0.0200,0.0806,0.0000,0.0000,0.0000,0.0000,0.0000,0.0000,0.0000,0.0000,0.0000,0.0000,0.0476,0.0476,-0.2516,-0.2516,0.0000
1791000694.5750,0.0200,0.0818,0.0000,0.0000,0.0000,0.0000,0.0000,0.0000,0.0000,-0.0015,0.0000,0.0000,0.0476,0.0476,-0.2516,-0.2516,0.0000
1791000694.5952,0.0201,0.0836,0.0000,0.0000,0.0000,0.0000,0.0000,0.0000,0.0000,0.0015,0.0000,0.0000,0.0476,0.0476,-0.2516,-0.2516,0.0000
1791000694.6152,0.0200,0.0799,0.0000,0.0000,0.0000,0.0000,0.0000,0.0000,0.0000,0.0000,0.0000,0.0000,0.0476,0.0476,-0.2516,-0.2516,0.0000
1791000694.6350,0.0199,0.0823,0.0000,0.0000,0.0000,0.0000,0.0000,0.0000,0.0000,-0.0015,0.0000,0.0000,0.0476,0.0476,-0.2516,-0.2516,0.0000
1791000694.6552,0.0201,0.0813,0.0000,0.0000,0.0000,0.0000,0.0000,0.0000,0.0000,0.0015,0.0000,0.0000,0.0476,0.0476,-0.2516,-0.2516,0.0000
1791000694.6752,0.0200,0.0801,0.0000,0.0000,0.0000,0.0000,0.0000,0.0000,0.0000,-0.0015,0.0000,0.0000,0.0476,0.0476,-0.2516,-0.2516,0.0000
1791000694.6952,0.0200,0.0808,0.0000,0.0000,0.0000,0.0000,0.0000,0.0000,0.0000,0.0015,0.0000,0.0000,0.0476,0.0476,-0.2516,-0.2516,0.0000
1791000694.7151,0.0199,0.0807,0.0000,0.0000,0.0000,0.0000,0.0000,0.0000,0.0000,0.0000,0.0000,0.0000,0.0476,0.0476,-0.2516,-0.2516,0.0000
1791000694.7352,0.0201,0.0804,0.0000,0.0000,0.0000,0.0000,0.0000,0.0000,0.0000,-0.0015,0.0000,0.0000,0.0476,0.0476,-0.2516,-0.2516,0.0000
1791000694.7552,0.0200,0.0803,0.0000,0.0000,0.0000,0.0000,0.0000,0.0000,0.0000,0.0015,0.0000,0.0000,0.0476,0.0476,-0.2516,-0.2516,0.0000
1791000694.7750,0.0198,0.0805,0.0000,0.0000,0.0000,0.0000,0.0000,0.0000,0.0000,0.0000,0.0000,0.0000,0.0476,0.0476,-0.2516,-0.2516,0.0000
1791000694.7950,0.0200,0.0870,0.0000,0.0000,0.0000,0.0000,0.0000,0.0000,0.0000,-0.0015,0.0000,0.0000,0.0476,0.0476,-0.2516,-0.2516,0.0000
1791000694.8152,0.0201,0.0800,0.0000,0.0000,0.0000,0.0000,0.0000,0.0000,0.0000,0.0015,0.0000,0.0000,0.0476,0.0476,-0.2516,-0.2516,0.0000
1791000694.8350,0.0199,0.0791,0.0000,0.0000,0.0000,0.0000,0.0000,0.0000,0.0000,-0.0015,0.0000,0.0000,0.0476,0.0476,-0.2516,-0.2516,0.0000
1791000694.8552,0.0201,0.0807,0.0000,0.0000,0.0000,0.0000,0.0000,0.0000,0.0000,0.0015,0.0000,0.0000,0.0476,0.0476,-0.2516,-0.2516,0.0000
1791000694.8750,0.0199,0.0806,0.0000,0.0000,0.0000,0.0000,0.0000,0.0000,0.0000,0.0000,0.0000,0.0000,0.0476,0.0476,-0.2516,-0.2516,0.0000
1791000694.8952,0.0201,0.0799,0.0000,0.0000,0.0000,0.0000,0.0000,0.0000,0.0000,0.0000,0.0000,0.0000,0.0476,0.0476,-0.2516,-0.2516,0.0000
1791000694.9152,0.0200,0.0801,0.0000,0.0000,0.0000,0.0000,0.0000,0.0000,0.0000,0.0000,0.0000,0.0000,0.0476,0.0476,-0.2516,-0.2516,0.0000
1791000694.9352,0.0200,0.0806,0.0000,0.0000,0.0000,0.0000,0.0000,0.0000,0.0000,-0.0015,0.0000,0.0000,0.0476,0.0476,-0.2516,-0.2516,0.0000
1791000694.9550,0.0199,0.0989,0.0000,0.0000,0.0000,0.0000,0.0000,0.0000,0.0000,0.0015,0.0000,0.0000,0.0476,0.0476,-0.2516,-0.2516,0.0000
1791000694.9752,0.0201,0.0814,0.0000,0.0000,0.0000,0.0000,0.0000,0.0000,0.0000,0.0000,0.0000,0.0000,0.0476,0.0506,-0.2516,-0.2516,0.0000
1791000694.9950,0.0199,0.0878,0.0000,0.0000,0.0000,0.0000,0.0000,0.0000,0.0000,0.0000,0.0000,0.0000,0.0476,0.0476,-0.2516,-0.2516,0.0000
1791000695.0150,0.0200,0.0801,0.0000,0.0000,0.0000,0.0000,0.0000,0.0000,0.0000,0.0000,0.0000,0.0000,0.0476,0.0476,-0.2516,-0.2516,0.0000
1791000695.0351,0.0201,0.0803,0.0000,0.0000,0.0000,0.0000,0.0000,0.0000,0.0000,-0.0015,0.0000,0.0000,0.0476,0.0476,-0.2516,-0.2516,0.0000
1791000695.0552,0.0200,0.0805,0.0000,0.0000,0.0000,0.0000,0.0000,0.0000,0.0000,0.0000,0.0000,0.0000,0.0476,0.0476,-0.2516,-0.2516,0.0000
1791000695.0750,0.0199,0.0803,0.0000,0.0000,0.0000,0.0000,0.0000,0.0000,0.0000,0.0015,0.0000,0.0000,0.0476,0.0476,-0.2516,-0.2516,0.0000
1791000695.0950,0.0200,0.0838,0.0000,0.0000,0.0000,0.0000,0.0000,0.0000,0.0000,0.0000,0.0000,0.0000,0.0476,0.0476,-0.2516,-0.2516,0.0000
1791000695.1150,0.0200,0.0804,0.0000,0.0000,0.0000,0.0000,0.0000,0.0000,0.0000,0.0000,0.0000,0.0000,0.0476,0.0476,-0.2516,-0.2516,0.0000
1791000695.1352,0.0201,0.0835,0.0000,0.0000,0.0000,0.0000,0.0000,0.0000,0.0000,-0.0015,0.0000,0.0000,0.0476,0.0476,-0.2516,-0.2516,0.0000
1791000695.1550,0.0199,0.0825,0.0000,0.0000,0.0000,0.0000,0.0000,0.0000,0.0000,0.0000,0.0000,0.0000,0.0476,0.0476,-0.2516,-0.2516,0.0000
1791000695.1750,0.0200,0.0803,0.0000,0.0000,0.0000,0.0000,0.0000,0.0000,-0.0015,0.0015,0.0000,0.0000,0.0476,0.0476,-0.2516,-0.2516,0.0000
1791000695.1950,0.0200,0.0778,0.0000,0.0000,0.0000,0.0000,0.0000,0.0000,0.0015,-0.0015,0.0000,0.0000,0.0476,0.0476,-0.2516,-0.2516,0.0000
1791000695.2150,0.0200,0.0886,0.0000,0.0000,0.0000,0.0000,0.0000,0.0000,0.0000,0.0000,0.0000,0.0000,0.0476,0.0476,-0.2516,-0.2516,0.0000
1791000695.2351,0.0201,0.0802,0.0000,0.0000,0.0000,0.0000,0.0000,0.0000,0.0000,0.0000,0.0000,0.0000,0.0476,0.0476,-0.2516,-0.2531,0.0000
1791000695.2551,0.0200,0.0798,0.0000,0.0000,0.0000,0.0000,0.0000,0.0000,0.0000,0.0015,0.0000,0.0000,0.0476,0.0476,-0.2516,-0.2516,0.0000
1791000695.2752,0.0200,0.0807,0.0000,0.0000,0.0000,0.0000,0.0000,0.0000,0.0000,-0.0015,0.0000,0.0000,0.0476,0.0476,-0.2516,-0.2516,0.0000
1791000695.2950,0.0199,0.0904,0.0000,0.0000,0.0000,0.0000,0.0000,0.0000,0.0000,0.0000,0.0000,0.0000,0.0476,0.0476,-0.2516,-0.2516,0.0000
1791000695.3152,0.0201,0.0813,0.0000,0.0000,0.0000,0.0000,0.0000,0.0000,0.0000,0.0015,0.0000,0.0000,0.0476,0.0476,-0.2516,-0.2531,0.0000
1791000695.3351,0.0200,0.0815,0.0000,0.0000,0.0000,0.0000,0.0000,0.0000,0.0000,0.0000,0.0000,0.0000,0.0476,0.0476,-0.2516,-0.2516,0.0000
1791000695.3552,0.0200,0.0905,0.0000,0.0000,0.0000,0.0000,0.0000,0.0000,0.0000,-0.0015,0.0000,0.0000,0.0476,0.0476,-0.2516,-0.2516,0.0000
1791000695.3750,0.0199,0.0810,0.0000,0.0000,0.0000,0.0000,0.0000,0.0000,0.0000,0.0015,0.0000,0.0000,0.0476,0.0476,-0.2516,-0.2516,0.0000
1791000695.3951,0.0201,0.0821,0.0000,0.0000,0.0000,0.0000,0.0000,0.0000,0.0000,-0.0015,0.0000,0.0000,0.0476,0.0476,-0.2516,-0.2516,0.0000
1791000695.4151,0.0200,0.0819,0.0000,0.0000,0.0000,0.0000,0.0000,0.0000,0.0000,0.0015,0.0000,0.0000,0.0476,0.0476,-0.2516,-0.2516,0.0000
1791000695.4351,0.0200,0.0819,0.0000,0.0000,0.0000,0.0000,0.0000,0.0000,0.0000,0.0000,0.0000,0.0000,0.0476,0.0476,-0.2516,-0.2516,0.0000
1791000695.4550,0.0199,0.0833,0.0000,0.0000,0.0000,0.0000,0.0000,0.0000,0.0000,0.0000,0.0000,0.0000,0.0476,0.0476,-0.2516,-0.2516,0.0000
1791000695.4751,0.0201,0.0803,0.0000,0.0000,0.0000,0.0000,0.0000,0.0000,0.0000,0.0000,0.0000,0.0000,0.0476,0.0476,-0.2516,-0.2516,0.0000
1791000695.4951,0.0200,0.0808,0.0000,0.0000,0.0000,0.0000,0.0000,0.0000,0.0000,-0.0015,0.0000,0.0000,0.0476,0.0476,-0.2516,-0.2516,0.0000
1791000695.5151,0.0200,0.0803,0.0000,0.0000,0.0000,0.0000,0.0000,0.0000,0.0000,0.0000,0.0000,0.0000,0.0476,0.0476,-0.2516,-0.2516,0.0000
1791000695.5350,0.0199,0.0811,0.0000,0.0000,0.0000,0.0000,0.0000,0.0000,0.0000,0.0015,0.0000,0.0000,0.0476,0.0476,-0.2516,-0.2516,0.0000
1791000695.5550,0.0200,0.0807,0.0000,0.0000,0.0000,0.0000,0.0000,0.0000,0.0000,0.0000,0.0000,0.0000,0.0476,0.0476,-0.2516,-0.2516,0.0000
1791000695.5750,0.0200,0.0806,0.0000,0.0000,0.0000,0.0000,0.0000,0.0000,0.0000,0.0000,0.0000,0.0000,0.0476,0.0476,-0.2516,-0.2516,0.0000
1791000695.5950,0.0200,0.0822,0.0000,0.0000,0.0000,0.0000,0.0000,0.0000,0.0000,-0.0015,0.0000,0.0000,0.0476,0.0476,-0.2516,-0.2516,0.0000
1791000695.6150,0.0200,0.0832,0.0000,0.0000,0.0000,0.0000,0.0000,0.0000,0.0000,0.0000,0.0000,0.0000,0.0476,0.0506,-0.2516,-0.2516,0.0000
1791000695.6351,0.0200,0.1093,0.0000,0.0000,0.0000,0.0000,0.0000,0.0000,0.0000,0.0015,0.0000,0.0000,0.0476,0.0476,-0.2516,-0.2516,0.0000
1791000695.6551,0.0200,0.1790,0.0000,0.0000,0.0000,0.0000,0.0000,0.0000,0.0000,0.0000,0.0000,0.0000,0.0476,0.0476,-0.2516,-0.2516,0.0000
1791000695.6751,0.0200,0.1663,0.0000,0.0000,0.0000,0.0000,0.0000,0.0000,0.0000,0.0000,0.0000,0.0000,0.0476,0.0476,-0.2516,-0.2516,0.0000
1791000695.6951,0.0200,0.1528,0.0000,0.0000,0.0000,0.0000,0.0000,0.0000,0.0000,0.0000,0.0000,0.0000,0.0476,0.0476,-0.2516,-0.2516,0.0000
1791000695.7150,0.0200,0.1009,0.0000,0.0000,0.0000,0.0000,0.0000,0.0000,0.0000,-0.0015,0.0000,0.0000,0.0476,0.0476,-0.2516,-0.2516,0.0000
1791000695.7350,0.0200,0.0856,0.0000,0.0000,0.0000,0.0000,0.0000,0.0000,0.0000,0.0015,0.0000,0.0000,0.0476,0.0476,-0.2516,-0.2516,0.0000
1791000695.7550,0.0200,0.0827,0.0000,0.0000,0.0000,0.0000,0.0000,0.0000,0.0000,0.0000,0.0000,0.0000,0.0476,0.0476,-0.2516,-0.2516,0.0000
1791000695.7750,0.0200,0.0822,0.0000,0.0000,0.0000,0.0000,0.0000,0.0000,0.0000,-0.0015,0.0000,0.0000,0.0476,0.0476,-0.2516,-0.2516,0.0000
1791000695.7950,0.0200,0.0849,0.0000,0.0000,0.0000,0.0000,0.0000,0.0000,0.0000,0.0000,0.0000,0.0000,0.0476,0.0476,-0.2516,-0.2516,0.0000
1791000695.8150,0.0200,0.0985,0.0000,0.0000,0.0000,0.0000,0.0000,0.0000,0.0000,0.0015,0.0000,0.0000,0.0476,0.0476,-0.2516,-0.2516,0.0000
1791000695.8350,0.0200,0.1359,0.0000,0.0000,0.0000,0.0000,0.0000,0.0000,0.0000,0.0000,0.0000,0.0000,0.0476,0.0476,-0.2516,-0.2516,0.0000
1791000695.8550,0.0200,0.0939,0.0000,0.0000,0.0000,0.0000,0.0000,0.0000,0.0000,-0.0015,0.0000,0.0000,0.0476,0.0476,-0.2516,-0.2516,0.0000
1791000695.8751,0.0201,0.0886,0.0000,0.0000,0.0000,0.0000,0.0000,0.0000,0.0000,0.0015,0.0000,0.0000,0.0476,0.0476,-0.2516,-0.2516,0.0000
1791000695.8950,0.0199,0.0891,0.0000,0.0000,0.0000,0.0000,0.0000,0.0000,0.0000,0.0000,0.0000,0.0000,0.0476,0.0476,-0.2516,-0.2516,0.0000
1791000695.9150,0.0200,0.0852,0.0000,0.0000,0.0000,0.0000,0.0000,0.0000,0.0000,0.0000,0.0000,0.0000,0.0476,0.0476,-0.2516,-0.2516,0.0000
1791000695.9351,0.0201,0.0844,0.0000,0.0000,0.0000,0.0000,0.0000,0.0000,0.0000,0.0000,0.0000,0.0000,0.0476,0.0476,-0.2516,-0.2516,0.0000
1791000695.9550,0.0200,0.0845,0.0000,0.0000,0.0000,0.0000,0.0000,0.0000,0.0000,0.0000,0.0000,0.0000,0.0476,0.0476,-0.2516,-0.2500,0.0000
1791000695.9751,0.0201,0.0853,0.0000,0.0000,0.0000,0.0000,0.0000,0.0000,0.0000,-0.0015,0.0000,0.0000,0.0476,0.0476,-0.2516,-0.2516,0.0000
1791000695.9951,0.0200,0.0836,0.0000,0.0000,0.0000,0.0000,0.0000,0.0000,0.0000,0.0015,0.0000,0.0000,0.0476,0.0476,-0.2516,-0.2516,0.0000
1791000696.0151,0.0200,0.0897,0.0000,0.0000,0.0000,0.0000,0.0000,0.0000,0.0000,0.0000,0.0000,0.0000,0.0476,0.0476,-0.2516,-0.2516,0.0000
1791000696.0350,0.0199,0.0932,0.0000,0.0000,0.0000,0.0000,0.0000,0.0000,0.0000,-0.0015,0.0000,0.0000,0.0476,0.0476,-0.2516,-0.2516,0.0000
1791000696.0551,0.0201,0.0950,0.0000,0.0000,0.0000,0.0000,0.0000,0.0000,0.0000,0.0015,0.0000,0.0000,0.0476,0.0506,-0.2516,-0.2516,0.0000
1791000696.0750,0.0199,0.0822,0.0000,0.0000,0.0000,0.0000,0.0000,0.0000,0.0000,0.0000,0.0000,0.0000,0.0476,0.0476,-0.2516,-0.2516,0.0000
1791000696.0950,0.0200,0.0836,0.0000,0.0000,0.0000,0.0000,0.0000,0.0000,0.0000,0.0000,0.0000,0.0000,0.0476,0.0476,-0.2516,-0.2516,0.0000
1791000696.1150,0.0200,0.0824,0.0000,0.0000,0.0000,0.0000,0.0000,0.0000,0.0000,-0.0015,0.0000,0.0000,0.0476,0.0476,-0.2516,-0.2516,0.0000
1791000696.1350,0.0200,0.0826,0.0000,0.0000,0.0000,0.0000,0.0000,0.0000,0.0000,0.0015,0.0000,0.0000,0.0476,0.0476,-0.2516,-0.2516,0.0000
1791000696.1550,0.0200,0.0797,0.0000,0.0000,0.0000,0.0000,0.0000,0.0000,0.0000,0.0000,0.0000,0.0000,0.0476,0.0476,-0.2516,-0.2516,0.0000
1791000696.1752,0.0201,0.0800,0.0000,0.0000,0.0000,0.0000,0.0000,0.0000,0.0000,0.0000,0.0000,0.0000,0.0476,0.0476,-0.2516,-0.2516,0.0000
1791000696.1950,0.0199,0.1317,0.0000,0.0000,0.0000,0.0000,0.0000,0.0000,0.0000,0.0000,0.0000,0.0000,0.0476,0.0476,-0.2516,-0.2516,0.0000
1791000696.2150,0.0200,0.0985,0.0000,0.0000,0.0000,0.0000,0.0000,0.0000,0.0000,0.0000,0.0000,0.0000,0.0476,0.0476,-0.2516,-0.2516,0.0000
1791000696.2350,0.0200,0.0903,0.0000,0.0000,0.0000,0.0000,0.0000,0.0000,0.0000,-0.0015,0.0000,0.0000,0.0476,0.0476,-0.2516,-0.2516,0.0000
1791000696.2550,0.0200,0.1130,0.0000,0.0000,0.0000,0.0000,0.0000,0.0000,0.0000,0.0000,0.0000,0.0000,0.0476,0.0476,-0.2516,-0.2516,0.0000
1791000696.2750,0.0200,0.0778,0.0000,0.0000,0.0000,0.0000,0.0000,0.0000,0.0000,0.0015,0.0000,0.0000,0.0476,0.0506,-0.2516,-0.2516,0.0000
1791000696.2950,0.0200,0.0895,0.0000,0.0000,0.0000,0.0000,0.0000,0.0000,0.0000,0.0000,0.0000,0.0000,0.0476,0.0476,-0.2516,-0.2516,0.0000
1791000696.3150,0.0200,0.0769,0.0000,0.0000,0.0000,0.0000,0.0000,0.0000,0.0000,0.0000,0.0000,0.0000,0.0476,0.0476,-0.2516,-0.2516,0.0000
1791000696.3350,0.0200,0.0853,0.0000,0.0000,0.0000,0.0000,0.0000,0.0000,0.0000,-0.0015,0.0000,0.0000,0.0476,0.0476,-0.2516,-0.2516,0.0000
1791000696.3550,0.0200,0.0771,0.0000,0.0000,0.0000,0.0000,0.0000,0.0000,0.0000,0.0000,0.0000,0.0000,0.0476,0.0476,-0.2516,-0.2516,0.0000
1791000696.3750,0.0200,0.0927,0.0000,0.0000,0.0000,0.0000,0.0000,0.0000,0.0000,0.0015,0.0000,0.0000,0.0476,0.0476,-0.2516,-0.2531,0.0000
1791000696.3950,0.0200,0.0860,0.0000,0.0000,0.0000,0.0000,0.0000,0.0000,0.0000,0.0000,0.0000,0.0000,0.0476,0.0476,-0.2516,-0.2516,0.0000
1791000696.4150,0.0200,0.0759,0.0000,0.0000,0.0000,0.0000,0.0000,0.0000,0.0000,0.0000,0.0000,0.0000,0.0476,0.0476,-0.2516,-0.2516,0.0000
1791000696.4350,0.0200,0.0819,0.0000,0.0000,0.0000,0.0000,0.0000,0.0000,0.0000,0.0000,0.0000,0.0000,0.0476,0.0476,-0.2516,-0.2516,0.0000
1791000696.4550,0.0200,0.0871,0.0000,0.0000,0.0000,0.0000,0.0000,0.0000,0.0000,0.0000,0.0000,0.0000,0.0476,0.0476,-0.2516,-0.2516,0.0000
1791000696.4751,0.0200,0.0802,0.0000,0.0000,0.0000,0.0000,0.0000,0.0000,0.0000,0.0000,0.0000,0.0000,0.0476,0.0476,-0.2516,-0.2516,0.0000
1791000696.4951,0.0200,0.0812,0.0000,0.0000,0.0000,0.0000,0.0000,0.0000,0.0000,0.0000,0.0000,0.0000,0.0476,0.0476,-0.2516,-0.2516,0.0000
1791000696.5150,0.0200,0.0844,0.0000,0.0000,0.0000,0.0000,0.0000,0.0000,0.0000,0.0000,0.0000,0.0000,0.0476,0.0476,-0.2516,-0.2516,0.0000
1791000696.5350,0.0200,0.0817,0.0000,0.0000,0.0000,0.0000,0.0000,0.0000,0.0000,0.0000,0.0000,0.0000,0.0476,0.0476,-0.2516,-0.2516,0.0000
1791000696.5550,0.0200,0.0807,0.0000,0.0000,0.0000,0.0000,0.0000,0.0000,0.0000,-0.0015,0.0000,0.0000,0.0476,0.0476,-0.2516,-0.2516,0.0000
1791000696.5751,0.0200,0.0985,0.0000,0.0000,0.0000,0.0000,0.0000,0.0000,0.0000,0.0015,0.0000,0.0000,0.0476,0.0476,-0.2516,-0.2516,0.0000
1791000696.5950,0.0200,0.0886,0.0000,0.0000,0.0000,0.0000,0.0000,0.0000,0.0000,0.0000,0.0000,0.0000,0.0476,0.0476,-0.2516,-0.2516,0.0000
1791000696.6150,0.0200,0.0802,0.0000,0.0000,0.0000,0.0000,0.0000,0.0000,0.0000,0.0000,0.0000,0.0000,0.0476,0.0476,-0.2516,-0.2516,0.0000
1791000696.6351,0.0200,0.0863,0.0000,0.0000,0.0000,0.0000,0.0000,0.0000,0.0000,0.0000,0.0000,0.0000,0.0476,0.0476,-0.2516,-0.2516,0.0000
1791000696.6551,0.0200,0.0926,0.0000,0.0000,0.0000,0.0000,0.0000,0.0000,0.0000,0.0000,0.0000,0.0000,0.0476,0.0476,-0.2516,-0.2516,0.0000
1791000696.6750,0.0200,0.0852,0.0000,0.0000,0.0000,0.0000,0.0000,0.0000,0.0000,0.0000,0.0000,0.0000,0.0476,0.0476,-0.2516,-0.2516,0.0000
1791000696.6951,0.0201,0.0813,0.0000,0.0000,0.0000,0.0000,0.0000,0.0000,0.0000,0.0000,0.0000,0.0000,0.0476,0.0476,-0.2516,-0.2516,0.0000
1791000696.7150,0.0199,0.0797,0.0000,0.0000,0.0000,0.0000,0.0000,0.0000,0.0000,0.0000,0.0000,0.0000,0.0476,0.0476,-0.2516,-0.2516,0.0000
1791000696.7350,0.0200,0.0780,0.0000,0.0000,0.0000,0.0000,0.0000,0.0000,0.0000,0.0000,0.0000,0.0000,0.0476,0.0476,-0.2516,-0.2516,0.0000
1791000696.7550,0.0200,0.0804,0.0000,0.0000,0.0000,0.0000,0.0000,0.0000,0.0000,0.0000,0.0000,0.0000,0.0476,0.0476,-0.2516,-0.2516,0.0000
1791000696.7750,0.0200,0.0850,0.0000,0.0000,0.0000,0.0000,0.0000,0.0000,0.0000,0.0000,0.0000,0.0000,0.0476,0.0476,-0.2516,-0.2516,0.0000
1791000696.7950,0.0200,0.0927,0.0000,0.0000,0.0000,0.0000,0.0000,0.0000,0.0000,0.0000,0.0000,0.0000,0.0476,0.0476,-0.2516,-0.2516,0.0000
1791000696.8150,0.0200,0.0820,0.0000,0.0000,0.0000,0.0000,0.0000,0.0000,0.0000,-0.0015,0.0000,0.0000,0.0476,0.0476,-0.2516,-0.2516,0.0000
1791000696.8350,0.0200,0.0789,0.0000,0.0000,0.0000,0.0000,0.0000,0.0000,0.0000,0.0015,0.0000,0.0000,0.0476,0.0476,-0.2516,-0.2516,0.0000
1791000696.8550,0.0200,0.0814,0.0000,0.0000,0.0000,0.0000,0.0000,0.0000,0.0000,0.0000,0.0000,0.0000,0.0476,0.0476,-0.2516,-0.2516,0.0000
1791000696.8750,0.0200,0.0849,0.0000,0.0000,0.0000,0.0000,0.0000,0.0000,0.0000,0.0000,0.0000,0.0000,0.0476,0.0476,-0.2516,-0.2516,0.0000
1791000696.8950,0.0200,0.0790,0.0000,0.0000,0.0000,0.0000,0.0000,0.0000,0.0000,-0.0015,0.0000,0.0000,0.0476,0.0476,-0.2516,-0.2516,0.0000
1791000696.9150,0.0200,0.0821,0.0000,0.0000,0.0000,0.0000,0.0000,0.0000,0.0000,0.0015,0.0000,0.0000,0.0476,0.0476,-0.2516,-0.2516,0.0000
1791000696.9350,0.0200,0.0778,0.0000,0.0000,0.0000,0.0000,0.0000,0.0000,0.0000,0.0000,0.0000,0.0000,0.0476,0.0476,-0.2516,-0.2516,0.0000
1791000696.9550,0.0200,0.0814,0.0000,0.0000,0.0000,0.0000,0.0000,0.0000,0.0000,0.0000,0.0000,0.0000,0.0476,0.0476,-0.2516,-0.2516,0.0000
1791000696.9750,0.0200,0.0847,0.0000,0.0000,0.0000,0.0000,0.0000,0.0000,0.0000,-0.0015,0.0000,0.0000,0.0476,0.0476,-0.2516,-0.2516,0.0000
1791000696.9950,0.0200,0.0791,0.0000,0.0000,0.0000,0.0000,0.0000,0.0000,0.0000,0.0015,0.0000,0.0000,0.0476,0.0476,-0.2516,-0.2516,0.0000
1791000697.0150,0.0200,0.0822,0.0000,0.0000,0.0000,0.0000,0.0000,0.0000,0.0000,0.0000,0.0000,0.0000,0.0476,0.0476,-0.2516,-0.2516,0.0000
1791000697.0350,0.0200,0.0862,0.0000,0.0000,0.0000,0.0000,0.0000,0.0000,0.0000,0.0000,0.0000,0.0000,0.0476,0.0476,-0.2516,-0.2516,0.0000
1791000697.0550,0.0200,0.0945,0.0000,0.0000,0.0000,0.0000,0.0000,0.0000,0.0000,0.0000,0.0000,0.0000,0.0476,0.0476,-0.2516,-0.2516,0.0000
1791000697.0750,0.0200,0.0986,0.0000,0.0000,0.0000,0.0000,0.0000,0.0000,0.0000,0.0000,0.0000,0.0000,0.0476,0.0476,-0.2516,-0.2516,0.0000
1791000697.0950,0.0200,0.0900,0.0000,0.0000,0.0000,0.0000,0.0000,0.0000,0.0000,0.0000,0.0000,0.0000,0.0476,0.0476,-0.2516,-0.2516,0.0000
1791000697.1151,0.0200,0.0913,0.0000,0.0000,0.0000,0.0000,0.0000,0.0000,0.0000,0.0000,0.0000,0.0000,0.0476,0.0476,-0.2516,-0.2516,0.0000
1791000697.1351,0.0200,0.0914,0.0000,0.0000,0.0000,0.0000,0.0000,0.0000,0.0000,0.0000,0.0000,0.0000,0.0476,0.0476,-0.2516,-0.2516,0.0000
1791000697.1551,0.0200,0.1270,0.0000,0.0000,0.0000,0.0000,0.0000,0.0000,0.0000,0.0000,0.0000,0.0000,0.0476,0.0476,-0.2516,-0.2516,0.0000
1791000697.1750,0.0200,0.0852,0.0000,0.0000,0.0000,0.0000,0.0000,0.0000,0.0000,-0.0015,0.0000,0.0000,0.0476,0.0476,-0.2516,-0.2516,0.0000
1791000697.1950,0.0200,0.0854,0.0000,0.0000,0.0000,0.0000,0.0000,0.0000,0.0000,0.0000,0.0000,0.0000,0.0476,0.0476,-0.2516,-0.2516,0.0000
1791000697.2150,0.0200,0.0813,0.0000,0.0000,0.0000,0.0000,0.0000,0.0000,0.0000,0.0015,0.0000,0.0000,0.0476,0.0476,-0.2516,-0.2516,0.0000
1791000697.2350,0.0200,0.0805,0.0000,0.0000,0.0000,0.0000,0.0000,0.0000,0.0000,0.0000,0.0000,0.0000,0.0476,0.0476,-0.2516,-0.2516,0.0000
1791000697.2550,0.0200,0.0811,0.0000,0.0000,0.0000,0.0000,0.0000,0.0000,0.0000,0.0000,0.0000,0.0000,0.0476,0.0476,-0.2516,-0.2516,0.0000
1791000697.2751,0.0200,0.1012,0.0000,0.0000,0.0000,0.0000,0.0000,0.0000,0.0000,-0.0015,0.0000,0.0000,0.0476,0.0476,-0.2516,-0.2516,0.0000
1791000697.2950,0.0200,0.0977,0.0000,0.0000,0.0000,0.0000,0.0000,0.0000,0.0000,0.0015,0.0000,0.0000,0.0476,0.0476,-0.2516,-0.2516,0.0000
1791000697.3151,0.0200,0.0969,0.0000,0.0000,0.0000,0.0000,0.0000,0.0000,0.0000,0.0000,0.0000,0.0000,0.0476,0.0476,-0.2516,-0.2516,0.0000
1791000697.3350,0.0200,0.1070,0.0000,0.0000,0.0000,0.0000,0.0000,0.0000,0.0000,0.0000,0.0000,0.0000,0.0476,0.0476,-0.2516,-0.2516,0.0000
1791000697.3550,0.0200,0.0942,0.0000,0.0000,0.0000,0.0000,0.0000,0.0000,0.0000,0.0000,0.0000,0.0000,0.0476,0.0476,-0.2516,-0.2516,0.0000
1791000697.3750,0.0200,0.0907,0.0000,0.0000,0.0000,0.0000,0.0000,0.0000,0.0000,-0.0015,0.0000,0.0000,0.0476,0.0476,-0.2516,-0.2516,0.0000
1791000697.3950,0.0200,0.1094,0.0000,0.0000,0.0000,0.0000,0.0000,0.0000,0.0000,0.0000,0.0000,0.0000,0.0476,0.0476,-0.2516,-0.2516,0.0000
1791000697.4150,0.0200,0.0862,0.0000,0.0000,0.0000,0.0000,0.0000,0.0000,0.0000,0.0015,0.0000,0.0000,0.0476,0.0476,-0.2516,-0.2516,0.0000
1791000697.4350,0.0200,0.0986,0.0000,0.0000,0.0000,0.0000,0.0000,0.0000,0.0000,0.0000,0.0000,0.0000,0.0476,0.0476,-0.2516,-0.2516,0.0000
1791000697.4550,0.0200,0.0953,0.0000,0.0000,0.0000,0.0000,0.0000,0.0000,0.0000,0.0000,0.0000,0.0000,0.0476,0.0476,-0.2516,-0.2516,0.0000
1791000697.4750,0.0200,0.0821,0.0000,0.0000,0.0000,0.0000,0.0000,0.0000,0.0000,0.0000,0.0000,0.0000,0.0476,0.0476,-0.2516,-0.2516,0.0000
1791000697.4950,0.0200,0.1122,0.0000,0.0000,0.0000,0.0000,0.0000,0.0000,0.0000,0.0000,0.0000,0.0000,0.0476,0.0476,-0.2516,-0.2516,0.0000
1791000697.5150,0.0200,0.0944,0.0000,0.0000,0.0000,0.0000,0.0000,0.0000,0.0000,-0.0015,0.0000,0.0000,0.0476,0.0476,-0.2516,-0.2531,0.0000
1791000697.5351,0.0200,0.0988,0.0000,0.0000,0.0000,0.0000,0.0000,0.0000,0.0000,0.0015,0.0000,0.0000,0.0476,0.0506,-0.2516,-0.2516,0.0000
1791000697.5550,0.0200,0.0827,0.0000,0.0000,0.0000,0.0000,0.0000,0.0000,0.0000,0.0000,0.0000,0.0000,0.0476,0.0476,-0.2516,-0.2516,0.0000
1791000697.5750,0.0200,0.1038,0.0000,0.0000,0.0000,0.0000,0.0000,0.0000,0.0000,0.0000,0.0000,0.0000,0.0476,0.0476,-0.2516,-0.2516,0.0000
1791000697.5950,0.0200,0.1136,0.0000,0.0000,0.0000,0.0000,0.0000,0.0000,0.0000,0.0000,0.0000,0.0000,0.0476,0.0476,-0.2516,-0.2516,0.0000
1791000697.6150,0.0200,0.0831,0.0000,0.0000,0.0000,0.0000,0.0000,0.0000,0.0000,-0.0015,0.0000,0.0000,0.0476,0.0476,-0.2516,-0.2516,0.0000
1791000697.6350,0.0200,0.0825,0.0000,0.0000,0.0000,0.0000,0.0000,0.0000,0.0000,0.0000,0.0000,0.0000,0.0476,0.0476,-0.2516,-0.2516,0.0000
1791000697.6550,0.0200,0.0706,0.0000,0.0000,0.0000,0.0000,0.0000,0.0000,0.0000,0.0000,0.0000,0.0000,0.0476,0.0476,-0.2516,-0.2516,0.0000
1791000697.6750,0.0200,0.1562,0.0000,0.0000,0.0000,0.0000,0.0000,0.0000,0.0000,0.0000,0.0000,0.0000,0.0476,0.0476,-0.2516,-0.2516,0.0000
1791000697.6950,0.0200,0.1474,0.0000,0.0000,0.0000,0.0000,0.0000,0.0000,0.0000,0.0015,0.0000,0.0000,0.0476,0.0476,-0.2516,-0.2516,0.0000
1791000697.7152,0.0201,0.2550,0.0000,0.0000,0.0000,0.0000,0.0000,0.0000,0.0000,0.0000,0.0000,0.0000,0.0476,0.0476,-0.2516,-0.2516,0.0000
1791000697.7351,0.0199,0.1440,0.0000,0.0000,0.0000,0.0000,0.0000,0.0000,0.0000,0.0000,0.0000,0.0000,0.0476,0.0476,-0.2516,-0.2516,0.0000
1791000697.7550,0.0200,0.1431,0.0000,0.0000,0.0000,0.0000,0.0000,0.0000,0.0000,0.0000,0.0000,0.0000,0.0476,0.0476,-0.2516,-0.2516,0.0000
1791000697.7752,0.0201,0.1597,0.0000,0.0000,0.0000,0.0000,0.0000,0.0000,0.0000,0.0000,0.0000,0.0000,0.0476,0.0476,-0.2516,-0.2516,0.0000
1791000697.7951,0.0199,0.2355,0.0000,0.0000,0.0000,0.0000,0.0000,0.0000,0.0000,-0.0015,0.0000,0.0000,0.0476,0.0476,-0.2516,-0.2516,0.0000
1791000697.8152,0.0201,0.1231,0.0000,0.0000,0.0000,0.0000,0.0000,0.0000,0.0000,0.0015,0.0000,0.0000,0.0476,0.0476,-0.2516,-0.2516,0.0000
1791000697.8352,0.0200,0.1596,0.0000,0.0000,0.0000,0.0000,0.0000,0.0000,0.0000,0.0000,0.0000,0.0000,0.0476,0.0476,-0.2516,-0.2516,0.0000
1791000697.8552,0.0200,0.1664,0.0000,0.0000,0.0000,0.0000,0.0000,0.0000,0.0000,0.0000,0.0000,0.0000,0.0476,0.0476,-0.2516,-0.2516,0.0000
1791000697.8751,0.0199,0.1548,0.0000,0.0000,0.0000,0.0000,0.0000,0.0000,0.0000,0.0000,0.0000,0.0000,0.0476,0.0476,-0.2516,-0.2516,0.0000
1791000697.8950,0.0200,0.0769,0.0000,0.0000,0.0000,0.0000,0.0000,0.0000,0.0000,0.0000,0.0000,0.0000,0.0476,0.0476,-0.2516,-0.2516,0.0000
1791000697.9150,0.0200,0.0641,0.0000,0.0000,0.0000,0.0000,0.0000,0.0000,0.0000,-0.0015,0.0000,0.0000,0.0476,0.0476,-0.2516,-0.2516,0.0000
1791000697.9350,0.0200,0.0820,0.0000,0.0000,0.0000,0.0000,0.0000,0.0000,0.0000,0.0015,0.0000,0.0000,0.0476,0.0476,-0.2516,-0.2516,0.0000
1791000697.9550,0.0200,0.1148,0.0000,0.0000,0.0000,0.0000,0.0000,0.0000,0.0000,0.0000,0.0000,0.0000,0.0476,0.0476,-0.2516,-0.2516,0.0000
1791000697.9750,0.0200,0.0809,0.0000,0.0000,0.0000,0.0000,0.0000,0.0000,0.0000,0.0000,0.0000,0.0000,0.0476,0.0476,-0.2516,-0.2516,0.0000
1791000697.9951,0.0201,0.1102,0.0000,0.0000,0.0000,0.0000,0.0000,0.0000,0.0000,-0.0015,0.0000,0.0000,0.0476,0.0476,-0.2516,-0.2516,0.0000
1791000698.0151,0.0200,0.0972,0.0000,0.0000,0.0000,0.0000,0.0000,0.0000,0.0000,0.0015,0.0000,0.0000,0.0476,0.0476,-0.2516,-0.2516,0.0000
1791000698.0351,0.0200,0.0990,0.0000,0.0000,0.0000,0.0000,0.0000,0.0000,0.0000,-0.0015,0.0000,0.0000,0.0476,0.0476,-0.2516,-0.2516,0.0000
1791000698.0551,0.0200,0.1098,0.0000,0.0000,0.0000,0.0000,0.0000,0.0000,0.0000,0.0015,0.0000,0.0000,0.0476,0.0476,-0.2516,-0.2516,0.0000
1791000698.0751,0.0200,0.1043,0.0000,0.0000,0.0000,0.0000,0.0000,0.0000,0.0000,0.0000,0.0000,0.0000,0.0476,0.0476,-0.2516,-0.2516,0.0000
1791000698.0950,0.0199,0.1231,0.0000,0.0000,0.0000,0.0000,0.0000,0.0000,0.0000,-0.0015,0.0000,0.0000,0.0476,0.0476,-0.2516,-0.2516,0.0000
1791000698.1150,0.0200,0.1016,0.0000,0.0000,0.0000,0.0000,0.0000,0.0000,0.0000,0.0015,0.0000,0.0000,0.0476,0.0476,-0.2516,-0.2516,0.0000
1791000698.1351,0.0201,0.0721,0.0000,0.0000,0.0000,0.0000,0.0000,0.0000,0.0000,0.0000,0.0000,0.0000,0.0476,0.0476,-0.2516,-0.2516,0.0000
1791000698.1551,0.0200,0.1118,0.0000,0.0000,0.0000,0.0000,0.0000,0.0000,0.0000,0.0000,0.0000,0.0000,0.0476,0.0476,-0.2516,-0.2516,0.0000
1791000698.1751,0.0200,0.1149,0.0000,0.0000,0.0000,0.0000,0.0000,0.0000,0.0000,-0.0015,0.0000,0.0000,0.0476,0.0476,-0.2516,-0.2516,0.0000
1791000698.1951,0.0200,0.1266,0.0000,0.0000,0.0000,0.0000,0.0000,0.0000,0.0000,0.0015,0.0000,0.0000,0.0476,0.0476,-0.2516,-0.2516,0.0000
1791000698.2152,0.0201,0.1326,0.0000,0.0000,0.0000,0.0000,0.0000,0.0000,0.0000,0.0000,0.0000,0.0000,0.0476,0.0476,-0.2516,-0.2516,0.0000
1791000698.2351,0.0199,0.1082,0.0000,0.0000,0.0000,0.0000,0.0000,0.0000,0.0000,0.0000,0.0000,0.0000,0.0476,0.0476,-0.2516,-0.2516,0.0000
1791000698.2552,0.0200,0.1335,0.0000,0.0000,0.0000,0.0000,0.0000,0.0000,0.0000,0.0000,0.0000,0.0000,0.0476,0.0476,-0.2516,-0.2516,0.0000
1791000698.2750,0.0199,0.1383,0.0000,0.0000,0.0000,0.0000,0.0000,0.0000,0.0000,-0.0015,0.0000,0.0000,0.0476,0.0476,-0.2516,-0.2516,0.0000
1791000698.2952,0.0202,0.1604,0.0000,0.0000,0.0000,0.0000,0.0000,0.0000,0.0000,0.0015,0.0000,0.0000,0.0476,0.0476,-0.2516,-0.2516,0.0000
1791000698.3151,0.0199,0.1621,0.0000,0.0000,0.0000,0.0000,0.0000,0.0000,0.0000,0.0000,0.0000,0.0000,0.0476,0.0476,-0.2516,-0.2516,0.0000
1791000698.3352,0.0200,0.1730,0.0000,0.0000,0.0000,0.0000,0.0000,0.0000,0.0000,0.0000,0.0000,0.0000,0.0476,0.0476,-0.2516,-0.2516,0.0000
1791000698.3551,0.0199,0.1449,0.0000,0.0000,0.0000,0.0000,0.0000,0.0000,0.0000,0.0000,0.0000,0.0000,0.0476,0.0476,-0.2516,-0.2516,0.0000
1791000698.3752,0.0201,0.1463,0.0000,0.0000,0.0000,0.0000,0.0000,0.0000,0.0000,-0.0015,0.0000,0.0000,0.0476,0.0476,-0.2516,-0.2516,0.0000
1791000698.3951,0.0199,0.1819,0.0000,0.0000,0.0000,0.0000,0.0000,0.0000,0.0000,0.0015,0.0000,0.0000,0.0476,0.0476,-0.2516,-0.2516,0.0000
1791000698.4150,0.0200,0.1423,0.0000,0.0000,0.0000,0.0000,0.0000,0.0000,0.0000,0.0000,0.0000,0.0000,0.0476,0.0476,-0.2516,-0.2516,0.0000
1791000698.4350,0.0200,0.1029,0.0000,0.0000,0.0000,0.0000,0.0000,0.0000,0.0000,0.0000,0.0000,0.0000,0.0476,0.0476,-0.2516,-0.2516,0.0000
1791000698.4550,0.0200,0.0579,0.0000,0.0000,0.0000,0.0000,0.0000,0.0000,0.0000,0.0000,0.0000,0.0000,0.0476,0.0476,-0.2516,-0.2516,0.0000
1791000698.4751,0.0200,0.1338,0.0000,0.0000,0.0000,0.0000,0.0000,0.0000,0.0000,0.0000,0.0000,0.0000,0.0476,0.0476,-0.2516,-0.2516,0.0000
1791000698.4951,0.0200,0.1478,0.0000,0.0000,0.0000,0.0000,0.0000,0.0000,0.0000,0.0000,0.0000,0.0000,0.0476,0.0476,-0.2516,-0.2516,0.0000
1791000698.5151,0.0200,0.1383,0.0000,0.0000,0.0000,0.0000,0.0000,0.0000,0.0000,0.0000,0.0000,0.0000,0.0476,0.0476,-0.2516,-0.2516,0.0000
1791000698.5351,0.0201,0.1412,0.0000,0.0000,0.0000,0.0000,0.0000,0.0000,0.0000,0.0000,0.0000,0.0000,0.0476,0.0476,-0.2516,-0.2516,0.0000
1791000698.5551,0.0199,0.1467,0.0000,0.0000,0.0000,0.0000,0.0000,0.0000,0.0000,-0.0015,0.0000,0.0000,0.0476,0.0476,-0.2516,-0.2516,0.0000
1791000698.5752,0.0201,0.1188,0.0000,0.0000,0.0000,0.0000,0.0000,0.0000,0.0000,0.0015,0.0000,0.0000,0.0476,0.0476,-0.2516,-0.2516,0.0000
1791000698.5952,0.0200,0.2096,0.0000,0.0000,0.0000,0.0000,0.0000,0.0000,0.0000,0.0000,0.0000,0.0000,0.0476,0.0476,-0.2516,-0.2516,0.0000
1791000698.6151,0.0198,0.1696,0.0000,0.0000,0.0000,0.0000,0.0000,0.0000,0.0000,0.0000,0.0000,0.0000,0.0476,0.0476,-0.2516,-0.2516,0.0000
1791000698.6351,0.0200,0.1669,0.0000,0.0000,0.0000,0.0000,0.0000,0.0000,0.0000,0.0000,0.0000,0.0000,0.0476,0.0476,-0.2516,-0.2516,0.0000
1791000698.6551,0.0200,0.1737,0.0000,0.0000,0.0000,0.0000,0.0000,0.0000,0.0000,0.0000,0.0000,0.0000,0.0476,0.0476,-0.2516,-0.2516,0.0000
1791000698.6751,0.0200,0.1533,0.0000,0.0000,0.0000,0.0000,0.0000,0.0000,0.0000,0.0000,0.0000,0.0000,0.0476,0.0476,-0.2516,-0.2516,0.0000
1791000698.6950,0.0200,0.0714,0.0000,0.0000,0.0000,0.0000,0.0000,0.0000,0.0000,-0.0015,0.0000,0.0000,0.0476,0.0476,-0.2516,-0.2531,0.0000
1791000698.7151,0.0201,0.1065,0.0000,0.0000,0.0000,0.0000,0.0000,0.0000,0.0000,0.0015,0.0000,0.0000,0.0476,0.0476,-0.2516,-0.2516,0.0000
1791000698.7351,0.0200,0.1161,0.0000,0.0000,0.0000,0.0000,0.0000,0.0000,0.0000,0.0000,0.0000,0.0000,0.0476,0.0476,-0.2516,-0.2516,0.0000
1791000698.7551,0.0200,0.1619,0.0000,0.0000,0.0000,0.0000,0.0000,0.0000,0.0000,-0.0015,0.0000,0.0000,0.0476,0.0476,-0.2516,-0.2516,0.0000
1791000698.7751,0.0200,0.1103,0.0000,0.0000,0.0000,0.0000,0.0000,0.0000,-0.0015,0.0015,0.0000,0.0000,0.0476,0.0476,-0.2516,-0.2516,0.0000
1791000698.7951,0.0200,0.1405,0.0000,0.0000,0.0000,0.0000,0.0000,0.0000,0.0015,0.0000,0.0000,0.0000,0.0476,0.0476,-0.2516,-0.2516,0.0000
1791000698.8151,0.0200,0.0934,0.0000,0.0000,0.0000,0.0000,0.0000,0.0000,0.0000,0.0000,0.0000,0.0000,0.0476,0.0476,-0.2516,-0.2516,0.0000
1791000698.8352,0.0200,0.0981,0.0000,0.0000,0.0000,0.0000,0.0000,0.0000,0.0000,0.0000,0.0000,0.0000,0.0476,0.0476,-0.2516,-0.2516,0.0000
1791000698.8551,0.0200,0.0922,0.0000,0.0000,0.0000,0.0000,0.0000,0.0000,0.0000,-0.0015,0.0000,0.0000,0.0476,0.0476,-0.2516,-0.2516,0.0000
1791000698.8751,0.0200,0.0943,0.0000,0.0000,0.0000,0.0000,0.0000,0.0000,0.0000,0.0015,0.0000,0.0000,0.0476,0.0476,-0.2516,-0.2516,0.0000
1791000698.8951,0.0200,0.0881,0.0000,0.0000,0.0000,0.0000,0.0000,0.0000,0.0000,0.0000,0.0000,0.0000,0.0476,0.0476,-0.2516,-0.2516,0.0000
1791000698.9151,0.0200,0.0867,0.0000,0.0000,0.0000,0.0000,0.0000,0.0000,0.0000,-0.0015,0.0000,0.0000,0.0476,0.0476,-0.2516,-0.2516,0.0000
1791000698.9351,0.0200,0.1024,0.0000,0.0000,0.0000,0.0000,0.0000,0.0000,0.0000,0.0015,0.0000,0.0000,0.0476,0.0476,-0.2516,-0.2516,0.0000
1791000698.9552,0.0201,0.1457,0.0000,0.0000,0.0000,0.0000,0.0000,0.0000,0.0000,0.0000,0.0000,0.0000,0.0476,0.0476,-0.2516,-0.2516,0.0000
1791000698.9751,0.0200,0.0992,0.0000,0.0000,0.0000,0.0000,0.0000,0.0000,0.0000,-0.0015,0.0000,0.0000,0.0476,0.0476,-0.2516,-0.2516,0.0000
1791000698.9952,0.0200,0.1016,0.0000,0.0000,0.0000,0.0000,0.0000,0.0000,0.0000,0.0015,0.0000,0.0000,0.0476,0.0476,-0.2516,-0.2516,0.0000
1791000699.0151,0.0199,0.0976,0.0000,0.0000,0.0000,0.0000,0.0000,0.0000,0.0000,-0.0015,0.0000,0.0000,0.0476,0.0476,-0.2516,-0.2516,0.0000
1791000699.0351,0.0200,0.0986,0.0000,0.0000,0.0000,0.0000,0.0000,0.0000,0.0000,0.0000,0.0000,0.0000,0.0476,0.0476,-0.2516,-0.2516,0.0000
1791000699.0551,0.0200,0.0980,0.0000,0.0000,0.0000,0.0000,0.0000,0.0000,0.0000,0.0015,0.0000,0.0000,0.0476,0.0476,-0.2516,-0.2516,0.0000
1791000699.0752,0.0201,0.0975,0.0000,0.0000,0.0000,0.0000,0.0000,0.0000,0.0000,-0.0015,0.0000,0.0000,0.0476,0.0476,-0.2516,-0.2516,0.0000
1791000699.0951,0.0199,0.0980,0.0000,0.0000,0.0000,0.0000,0.0000,0.0000,0.0000,0.0015,0.0000,0.0000,0.0476,0.0476,-0.2516,-0.2516,0.0000
1791000699.1152,0.0201,0.1044,0.0000,0.0000,0.0000,0.0000,0.0000,0.0000,0.0000,0.0000,0.0000,0.0000,0.0476,0.0476,-0.2516,-0.2516,0.0000
1791000699.1351,0.0200,0.1033,0.0000,0.0000,0.0000,0.0000,0.0000,0.0000,0.0000,0.0000,0.0000,0.0000,0.0476,0.0476,-0.2516,-0.2516,0.0000
1791000699.1550,0.0199,0.1180,0.0000,0.0000,0.0000,0.0000,0.0000,0.0000,0.0000,0.0000,0.0000,0.0000,0.0476,0.0476,-0.2516,-0.2516,0.0000
1791000699.1751,0.0201,0.1224,0.0000,0.0000,0.0000,0.0000,0.0000,0.0000,0.0000,0.0000,0.0000,0.0000,0.0476,0.0476,-0.2516,-0.2516,0.0000
1791000699.1950,0.0199,0.1228,0.0000,0.0000,0.0000,0.0000,0.0000,0.0000,0.0000,-0.0015,0.0000,0.0000,0.0476,0.0476,-0.2516,-0.2516,0.0000
1791000699.2151,0.0201,0.1112,0.0000,0.0000,0.0000,0.0000,0.0000,0.0000,0.0000,0.0015,0.0000,0.0000,0.0476,0.0476,-0.2516,-0.2516,0.0000
1791000699.2352,0.0200,0.1042,0.0000,0.0000,0.0000,0.0000,0.0000,0.0000,0.0000,-0.0015,0.0000,0.0000,0.0476,0.0476,-0.2516,-0.2516,0.0000
1791000699.2550,0.0199,0.1078,0.0000,0.0000,0.0000,0.0000,0.0000,0.0000,0.0000,0.0015,0.0000,0.0000,0.0476,0.0476,-0.2516,-0.2516,0.0000
1791000699.2751,0.0201,0.1094,0.0000,0.0000,0.0000,0.0000,0.0000,0.0000,0.0000,0.0000,0.0000,0.0000,0.0476,0.0476,-0.2516,-0.2516,0.0000
1791000699.2951,0.0200,0.1313,0.0000,0.0000,0.0000,0.0000,0.0000,0.0000,0.0000,-0.0015,0.0000,0.0000,0.0476,0.0476,-0.2516,-0.2516,0.0000
1791000699.3151,0.0199,0.1512,0.0000,0.0000,0.0000,0.0000,0.0000,0.0000,0.0000,0.0015,0.0000,0.0000,0.0476,0.0476,-0.2516,-0.2516,0.0000
1791000699.3352,0.0201,0.1277,0.0000,0.0000,0.0000,0.0000,0.0000,0.0000,0.0000,0.0000,0.0000,0.0000,0.0476,0.0476,-0.2516,-0.2516,0.0000
1791000699.3550,0.0198,0.1126,0.0000,0.0000,0.0000,0.0000,0.0000,0.0000,0.0000,-0.0015,0.0000,0.0000,0.0476,0.0476,-0.2516,-0.2516,0.0000
1791000699.3751,0.0200,0.1590,0.0000,0.0000,0.0000,0.0000,0.0000,0.0000,0.0000,0.0000,0.0000,0.0000,0.0476,0.0476,-0.2516,-0.2516,0.0000
1791000699.3950,0.0200,0.1241,0.0000,0.0000,0.0000,0.0000,0.0000,0.0000,0.0000,0.0000,0.0000,0.0000,0.0476,0.0476,-0.2516,-0.2516,0.0000
1791000699.4151,0.0201,0.1116,0.0000,0.0000,0.0000,0.0000,0.0000,0.0000,0.0000,0.0015,0.0000,0.0000,0.0476,0.0476,-0.2516,-0.2516,0.0000
1791000699.4350,0.0199,0.1068,0.0000,0.0000,0.0000,0.0000,0.0000,0.0000,0.0000,0.0000,0.0000,0.0000,0.0476,0.0476,-0.2516,-0.2516,0.0000
1791000699.4551,0.0201,0.1020,0.0000,0.0000,0.0000,0.0000,0.0000,0.0000,0.0000,-0.0015,0.0000,0.0000,0.0476,0.0476,-0.2516,-0.2516,0.0000
1791000699.4750,0.0199,0.1032,0.0000,0.0000,0.0000,0.0000,0.0000,0.0000,0.0000,0.0015,0.0000,0.0000,0.0476,0.0476,-0.2516,-0.2516,0.0000
1791000699.4951,0.0201,0.1008,0.0000,0.0000,0.0000,0.0000,0.0000,0.0000,0.0000,0.0000,0.0000,0.0000,0.0476,0.0476,-0.2516,-0.2516,0.0000
1791000699.5150,0.0199,0.1019,0.0000,0.0000,0.0000,0.0000,0.0000,0.0000,0.0000,0.0000,0.0000,0.0000,0.0476,0.0476,-0.2516,-0.2516,0.0000
1791000699.5351,0.0201,0.0999,0.0000,0.0000,0.0000,0.0000,0.0000,0.0000,0.0000,0.0000,0.0000,0.0000,0.0476,0.0476,-0.2516,-0.2516,0.0000
1791000699.5552,0.0200,0.0987,0.0000,0.0000,0.0000,0.0000,0.0000,0.0000,0.0000,0.0000,0.0000,0.0000,0.0476,0.0476,-0.2516,-0.2516,0.0000
1791000699.5752,0.0200,0.1039,0.0000,0.0000,0.0000,0.0000,0.0000,0.0000,0.0000,0.0000,0.0000,0.0000,0.0476,0.0476,-0.2516,-0.2516,0.0000
1791000699.5952,0.0200,0.1219,0.0000,0.0000,0.0000,0.0000,0.0000,0.0000,0.0000,0.0000,0.0000,0.0000,0.0476,0.0476,-0.2516,-0.2516,0.0000
1791000699.6151,0.0200,0.1000,0.0000,0.0000,0.0000,0.0000,0.0000,0.0000,0.0000,-0.0015,0.0000,0.0000,0.0476,0.0476,-0.2516,-0.2516,0.0000
1791000699.6350,0.0199,0.0983,0.0000,0.0000,0.0000,0.0000,0.0000,0.0000,0.0000,0.0015,0.0000,0.0000,0.0476,0.0476,-0.2516,-0.2516,0.0000
1791000699.6551,0.0201,0.0991,0.0000,0.0000,0.0000,0.0000,0.0000,0.0000,0.0000,0.0000,0.0000,0.0000,0.0476,0.0476,-0.2516,-0.2516,0.0000
1791000699.6750,0.0199,0.1036,0.0000,0.0000,0.0000,0.0000,0.0000,0.0000,0.0000,0.0000,0.0000,0.0000,0.0476,0.0476,-0.2516,-0.2516,0.0000
1791000699.6952,0.0201,0.0998,0.0000,0.0000,0.0000,0.0000,0.0000,0.0000,0.0000,0.0000,0.0000,0.0000,0.0476,0.0476,-0.2516,-0.2516,0.0000
1791000699.7151,0.0200,0.0988,0.0000,0.0000,0.0000,0.0000,0.0000,0.0000,0.0000,0.0000,0.0000,0.0000,0.0476,0.0476,-0.2516,-0.2516,0.0000
1791000699.7351,0.0200,0.0983,0.0000,0.0000,0.0000,0.0000,0.0000,0.0000,0.0000,0.0000,0.0000,0.0000,0.0476,0.0476,-0.2516,-0.2516,0.0000
1791000699.7552,0.0201,0.0994,0.0000,0.0000,0.0000,0.0000,0.0000,0.0000,0.0000,0.0000,0.0000,0.0000,0.0476,0.0476,-0.2516,-0.2516,0.0000
1791000699.7751,0.0200,0.1002,0.0000,0.0000,0.0000,0.0000,0.0000,0.0000,0.0000,0.0000,0.0000,0.0000,0.0476,0.0476,-0.2516,-0.2516,0.0000
1791000699.7951,0.0199,0.1327,0.0000,0.0000,0.0000,0.0000,0.0000,0.0000,0.0000,-0.0015,0.0000,0.0000,0.0476,0.0476,-0.2516,-0.2516,0.0000
1791000699.8150,0.0200,0.1081,0.0000,0.0000,0.0000,0.0000,0.0000,0.0000,0.0000,0.0015,0.0000,0.0000,0.0476,0.0476,-0.2516,-0.2516,0.0000
1791000699.8350,0.0200,0.0969,0.0000,0.0000,0.0000,0.0000,0.0000,0.0000,0.0000,-0.0015,0.0000,0.0000,0.0476,0.0476,-0.2516,-0.2516,0.0000
1791000699.8550,0.0200,0.1052,0.0000,0.0000,0.0000,0.0000,0.0000,0.0000,0.0000,0.0000,0.0000,0.0000,0.0476,0.0476,-0.2516,-0.2516,0.0000
1791000699.8751,0.0201,0.0973,0.0000,0.0000,0.0000,0.0000,0.0000,0.0000,0.0000,0.0000,0.0000,0.0000,0.0476,0.0476,-0.2516,-0.2516,0.0000
1791000699.8951,0.0200,0.0975,0.0000,0.0000,0.0000,0.0000,0.0000,0.0000,0.0000,0.0000,0.0000,0.0000,0.0476,0.0476,-0.2516,-0.2516,0.0000
1791000699.9151,0.0200,0.0970,0.0000,0.0000,0.0000,0.0000,0.0000,0.0000,0.0000,0.0000,0.0000,0.0000,0.0476,0.0476,-0.2516,-0.2516,0.0000
1791000699.9351,0.0200,0.0979,0.0000,0.0000,0.0000,0.0000,0.0000,0.0000,0.0000,0.0015,0.0000,0.0000,0.0476,0.0476,-0.2516,-0.2516,0.0000
1791000699.9551,0.0200,0.0945,0.0000,0.0000,0.0000,0.0000,0.0000,0.0000,0.0000,0.0000,0.0000,0.0000,0.0476,0.0476,-0.2516,-0.2516,0.0000
1791000699.9752,0.0200,0.0918,0.0000,0.0000,0.0000,0.0000,0.0000,0.0000,0.0000,0.0000,0.0000,0.0000,0.0476,0.0476,-0.2516,-0.2516,0.0000
1791000699.9952,0.0200,0.1054,0.0000,0.0000,0.0000,0.0000,0.0000,0.0000,0.0000,0.0000,0.0000,0.0000,0.0476,0.0476,-0.2516,-0.2516,0.0000
1791000700.0151,0.0200,0.0976,0.0000,0.0000,0.0000,0.0000,0.0000,0.0000,0.0000,0.0000,0.0000,0.0000,0.0476,0.0476,-0.2516,-0.2516,0.0000
1791000700.0351,0.0200,0.0976,0.0000,0.0000,0.0000,0.0000,0.0000,0.0000,0.0000,0.0000,0.0000,0.0000,0.0476,0.0476,-0.2516,-0.2516,0.0000
1791000700.0552,0.0200,0.0976,0.0000,0.0000,0.0000,0.0000,0.0000,0.0000,0.0000,-0.0015,0.0000,0.0000,0.0476,0.0476,-0.2516,-0.2516,0.0000
1791000700.0751,0.0200,0.0974,0.0000,0.0000,0.0000,0.0000,0.0000,0.0000,0.0000,0.0015,0.0000,0.0000,0.0476,0.0506,-0.2516,-0.2516,0.0000
1791000700.0951,0.0200,0.0979,0.0000,0.0000,0.0000,0.0000,0.0000,0.0000,0.0000,0.0000,0.0000,0.0000,0.0476,0.0476,-0.2516,-0.2516,0.0000
1791000700.1152,0.0200,0.0986,0.0000,0.0000,0.0000,0.0000,0.0000,0.0000,0.0000,-0.0015,0.0000,0.0000,0.0476,0.0476,-0.2516,-0.2516,0.0000
1791000700.1351,0.0200,0.0975,0.0000,0.0000,0.0000,0.0000,0.0000,0.0000,0.0000,0.0015,0.0000,0.0000,0.0476,0.0476,-0.2516,-0.2516,0.0000
1791000700.1552,0.0201,0.0978,0.0000,0.0000,0.0000,0.0000,0.0000,0.0000,0.0000,-0.0015,0.0000,0.0000,0.0476,0.0476,-0.2516,-0.2516,0.0000
1791000700.1752,0.0199,0.0978,0.0000,0.0000,0.0000,0.0000,0.0000,0.0000,0.0000,0.0015,0.0000,0.0000,0.0476,0.0476,-0.2516,-0.2531,0.0000
1791000700.1951,0.0199,0.1446,0.0000,0.0000,0.0000,0.0000,0.0000,0.0000,0.0000,0.0000,0.0000,0.0000,0.0476,0.0476,-0.2516,-0.2516,0.0000
1791000700.2152,0.0201,0.1222,0.0000,0.0000,0.0000,0.0000,0.0000,0.0000,0.0000,0.0000,0.0000,0.0000,0.0476,0.0476,-0.2516,-0.2516,0.0000
1791000700.2351,0.0199,0.1578,0.0000,0.0000,0.0000,0.0000,0.0000,0.0000,0.0000,0.0000,0.0000,0.0000,0.0476,0.0476,-0.2516,-0.2516,0.0000
1791000700.2551,0.0200,0.1109,0.0000,0.0000,0.0000,0.0000,0.0000,0.0000,0.0000,0.0000,0.0000,0.0000,0.0476,0.0476,-0.2516,-0.2516,0.0000
1791000700.2751,0.0200,0.0986,0.0000,0.0000,0.0000,0.0000,0.0000,0.0000,0.0000,-0.0015,0.0000,0.0000,0.0476,0.0476,-0.2516,-0.2516,0.0000
1791000700.2952,0.0200,0.2024,0.0000,0.0000,0.0000,0.0000,0.0000,0.0000,0.0000,0.0000,0.0000,0.0000,0.0476,0.0476,-0.2516,-0.2516,0.0000
1791000700.3151,0.0199,0.1230,0.0000,0.0000,0.0000,0.0000,0.0000,0.0000,0.0000,0.0000,0.0000,0.0000,0.0476,0.0476,-0.2516,-0.2516,0.0000
1791000700.3351,0.0200,0.0989,0.0000,0.0000,0.0000,0.0000,0.0000,0.0000,0.0000,0.0015,0.0000,0.0000,0.0476,0.0476,-0.2516,-0.2516,0.0000
1791000700.3551,0.0200,0.0987,0.0000,0.0000,0.0000,0.0000,0.0000,0.0000,0.0000,0.0000,0.0000,0.0000,0.0476,0.0476,-0.2516,-0.2516,0.0000
1791000700.3752,0.0200,0.1015,0.0000,0.0000,0.0000,0.0000,0.0000,0.0000,0.0000,0.0000,0.0000,0.0000,0.0476,0.0476,-0.2516,-0.2516,0.0000
1791000700.3950,0.0199,0.1347,0.0000,0.0000,0.0000,0.0000,0.0000,0.0000,0.0000,0.0000,0.0000,0.0000,0.0476,0.0476,-0.2516,-0.2516,0.0000
1791000700.4151,0.0201,0.1265,0.0000,0.0000,0.0000,0.0000,0.0000,0.0000,0.0000,0.0000,0.0000,0.0000,0.0476,0.0476,-0.2516,-0.2516,0.0000
1791000700.4351,0.0200,0.1001,0.0000,0.0000,0.0000,0.0000,0.0000,0.0000,0.0000,0.0000,0.0000,0.0000,0.0476,0.0476,-0.2516,-0.2516,0.0000
1791000700.4551,0.0200,0.0946,0.0000,0.0000,0.0000,0.0000,0.0000,0.0000,0.0000,0.0000,0.0000,0.0000,0.0476,0.0476,-0.2516,-0.2516,0.0000
1791000700.4751,0.0200,0.1281,0.0000,0.0000,0.0000,0.0000,0.0000,0.0000,0.0000,0.0000,0.0000,0.0000,0.0476,0.0476,-0.2516,-0.2516,0.0000
1791000700.4952,0.0200,0.0961,0.0000,0.0000,0.0000,0.0000,0.0000,0.0000,0.0000,0.0000,0.0000,0.0000,0.0476,0.0476,-0.2516,-0.2516,0.0000
1791000700.5152,0.0200,0.0987,0.0000,0.0000,0.0000,0.0000,0.0000,0.0000,0.0000,-0.0015,0.0000,0.0000,0.0476,0.0476,-0.2516,-0.2516,0.0000
1791000700.5352,0.0200,0.0939,0.0000,0.0000,0.0000,0.0000,0.0000,0.0000,0.0000,0.0015,0.0000,0.0000,0.0476,0.0476,-0.2516,-0.2516,0.0000
1791000700.5551,0.0199,0.0938,0.0000,0.0000,0.0000,0.0000,0.0000,0.0000,0.0000,-0.0015,0.0000,0.0000,0.0476,0.0476,-0.2516,-0.2516,0.0000
1791000700.5751,0.0200,0.0935,0.0000,0.0000,0.0000,0.0000,0.0000,0.0000,0.0000,0.0000,0.0000,0.0000,0.0476,0.0476,-0.2516,-0.2516,0.0000
1791000700.5952,0.0201,0.1746,0.0000,0.0000,0.0000,0.0000,0.0000,0.0000,0.0000,0.0000,0.0000,0.0000,0.0476,0.0476,-0.2516,-0.2516,0.0000
1791000700.6151,0.0199,0.1158,0.0000,0.0000,0.0000,0.0000,0.0000,0.0000,0.0000,0.0015,0.0000,0.0000,0.0476,0.0476,-0.2516,-0.2516,0.0000
1791000700.6350,0.0199,0.0939,0.0000,0.0000,0.0000,0.0000,0.0000,0.0000,0.0000,-0.0015,0.0000,0.0000,0.0476,0.0476,-0.2516,-0.2516,0.0000
1791000700.6551,0.0201,0.1015,0.0000,0.0000,0.0000,0.0000,0.0000,0.0000,0.0000,0.0015,0.0000,0.0000,0.0476,0.0476,-0.2516,-0.2516,0.0000
1791000700.6751,0.0200,0.0966,0.0000,0.0000,0.0000,0.0000,0.0000,0.0000,0.0000,0.0000,0.0000,0.0000,0.0476,0.0476,-0.2516,-0.2516,0.0000
1791000700.6952,0.0201,0.0937,0.0000,0.0000,0.0000,0.0000,0.0000,0.0000,0.0000,-0.0015,0.0000,0.0000,0.0476,0.0476,-0.2516,-0.2516,0.0000
1791000700.7152,0.0200,0.0951,0.0000,0.0000,0.0000,0.0000,0.0000,0.0000,0.0000,0.0015,0.0000,0.0000,0.0476,0.0476,-0.2516,-0.2516,0.0000
1791000700.7352,0.0200,0.0944,0.0000,0.0000,0.0000,0.0000,0.0000,0.0000,0.0000,0.0000,0.0000,0.0000,0.0476,0.0476,-0.2516,-0.2516,0.0000
1791000700.7552,0.0200,0.1542,0.0000,0.0000,0.0000,0.0000,0.0000,0.0000,0.0000,0.0000,0.0000,0.0000,0.0476,0.0476,-0.2516,-0.2516,0.0000
1791000700.7752,0.0200,0.1048,0.0000,0.0000,0.0000,0.0000,0.0000,0.0000,0.0000,0.0000,0.0000,0.0000,0.0476,0.0476,-0.2516,-0.2516,0.0000
1791000700.7951,0.0199,0.0976,0.0000,0.0000,0.0000,0.0000,0.0000,0.0000,0.0000,-0.0015,0.0000,0.0000,0.0476,0.0476,-0.2516,-0.2516,0.0000
1791000700.8151,0.0200,0.0938,0.0000,0.0000,0.0000,0.0000,0.0000,0.0000,0.0000,0.0015,0.0000,0.0000,0.0476,0.0476,-0.2516,-0.2516,0.0000
1791000700.8352,0.0201,0.1072,0.0000,0.0000,0.0000,0.0000,0.0000,0.0000,0.0000,0.0000,0.0000,0.0000,0.0476,0.0476,-0.2516,-0.2516,0.0000
1791000700.8551,0.0200,0.1003,0.0000,0.0000,0.0000,0.0000,0.0000,0.0000,0.0000,0.0000,0.0000,0.0000,0.0476,0.0476,-0.2516,-0.2516,0.0000
1791000700.8752,0.0200,0.0984,0.0000,0.0000,0.0000,0.0000,0.0000,0.0000,0.0000,0.0000,0.0000,0.0000,0.0476,0.0476,-0.2516,-0.2516,0.0000
1791000700.8951,0.0199,0.0979,0.0000,0.0000,0.0000,0.0000,0.0000,0.0000,0.0000,0.0000,0.0000,0.0000,0.0476,0.0476,-0.2516,-0.2516,0.0000
1791000700.9152,0.0201,0.0986,0.0000,0.0000,0.0000,0.0000,0.0000,0.0000,0.0000,0.0000,0.0000,0.0000,0.0476,0.0476,-0.2516,-0.2516,0.0000
1791000700.9352,0.0200,0.0985,0.0000,0.0000,0.0000,0.0000,0.0000,0.0000,0.0000,0.0000,0.0000,0.0000,0.0476,0.0476,-0.2516,-0.2516,0.0000
1791000700.9551,0.0199,0.0984,0.0000,0.0000,0.0000,0.0000,0.0000,0.0000,0.0000,0.0000,0.0000,0.0000,0.0476,0.0476,-0.2516,-0.2516,0.0000
1791000700.9752,0.0200,0.0926,0.0000,0.0000,0.0000,0.0000,0.0000,0.0000,0.0000,0.0000,0.0000,0.0000,0.0476,0.0476,-0.2516,-0.2516,0.0000
1791000700.9951,0.0199,0.1009,0.0000,0.0000,0.0000,0.0000,0.0000,0.0000,0.0000,0.0000,0.0000,0.0000,0.0476,0.0476,-0.2516,-0.2516,0.0000
1791000701.0152,0.0201,0.0976,0.0000,0.0000,0.0000,0.0000,0.0000,0.0000,0.0000,0.0000,0.0000,0.0000,0.0476,0.0476,-0.2516,-0.2516,0.0000
1791000701.0351,0.0199,0.1032,0.0000,0.0000,0.0000,0.0000,0.0000,0.0000,0.0000,-0.0015,0.0000,0.0000,0.0476,0.0476,-0.2516,-0.2516,0.0000
1791000701.0552,0.0201,0.0979,0.0000,0.0000,0.0000,0.0000,0.0000,0.0000,0.0000,0.0015,0.0000,0.0000,0.0476,0.0476,-0.2516,-0.2516,0.0000
1791000701.0752,0.0200,0.0980,0.0000,0.0000,0.0000,0.0000,0.0000,0.0000,0.0000,0.0000,0.0000,0.0000,0.0476,0.0476,-0.2516,-0.2516,0.0000
1791000701.0951,0.0199,0.0981,0.0000,0.0000,0.0000,0.0000,0.0000,0.0000,0.0000,0.0000,0.0000,0.0000,0.0476,0.0476,-0.2516,-0.2516,0.0000
1791000701.1152,0.0200,0.0983,0.0000,0.0000,0.0000,0.0000,0.0000,0.0000,0.0000,0.0000,0.0000,0.0000,0.0476,0.0476,-0.2516,-0.2516,0.0000
1791000701.1352,0.0200,0.0978,0.0000,0.0000,0.0000,0.0000,0.0000,0.0000,0.0000,0.0000,0.0000,0.0000,0.0476,0.0476,-0.2516,-0.2516,0.0000
1791000701.1552,0.0200,0.0979,0.0000,0.0000,0.0000,0.0000,0.0000,0.0000,0.0000,-0.0015,0.0000,0.0000,0.0476,0.0476,-0.2516,-0.2516,0.0000
1791000701.1752,0.0200,0.0990,0.0000,0.0000,0.0000,0.0000,0.0000,0.0000,0.0000,0.0015,0.0000,0.0000,0.0476,0.0476,-0.2516,-0.2516,0.0000
1791000701.1952,0.0200,0.1211,0.0000,0.0000,0.0000,0.0000,0.0000,0.0000,0.0000,-0.0015,0.0000,0.0000,0.0476,0.0476,-0.2516,-0.2516,0.0000
1791000701.2152,0.0200,0.1012,0.0000,0.0000,0.0000,0.0000,0.0000,0.0000,0.0000,0.0015,0.0000,0.0000,0.0476,0.0476,-0.2516,-0.2516,0.0000
1791000701.2351,0.0200,0.0987,0.0000,0.0000,0.0000,0.0000,0.0000,0.0000,0.0000,0.0000,0.0000,0.0000,0.0476,0.0476,-0.2516,-0.2516,0.0000
1791000701.2551,0.0199,0.1817,0.0000,0.0000,0.0000,0.0000,0.0000,0.0000,0.0000,0.0000,0.0000,0.0000,0.0476,0.0476,-0.2516,-0.2516,0.0000
1791000701.2752,0.0201,0.1109,0.0000,0.0000,0.0000,0.0000,0.0000,0.0000,0.0000,-0.0015,0.0000,0.0000,0.0476,0.0476,-0.2516,-0.2516,0.0000
1791000701.2952,0.0200,0.1837,0.0000,0.0000,0.0000,0.0000,0.0000,0.0000,0.0000,0.0015,0.0000,0.0000,0.0476,0.0476,-0.2516,-0.2516,0.0000
1791000701.3152,0.0200,0.1837,0.0000,0.0000,0.0000,0.0000,0.0000,0.0000,0.0000,0.0000,0.0000,0.0000,0.0476,0.0476,-0.2516,-0.2516,0.0000
1791000701.3352,0.0200,0.1152,0.0000,0.0000,0.0000,0.0000,0.0000,0.0000,0.0000,0.0000,0.0000,0.0000,0.0476,0.0476,-0.2516,-0.2516,0.0000
1791000701.3551,0.0200,0.2012,0.0000,0.0000,0.0000,0.0000,0.0000,0.0000,0.0000,0.0000,0.0000,0.0000,0.0476,0.0476,-0.2516,-0.2516,0.0000
1791000701.3752,0.0201,0.1367,0.0000,0.0000,0.0000,0.0000,0.0000,0.0000,0.0000,-0.0015,0.0000,0.0000,0.0476,0.0476,-0.2516,-0.2516,0.0000
1791000701.3952,0.0200,0.1066,0.0000,0.0000,0.0000,0.0000,0.0000,0.0000,0.0000,0.0000,0.0000,0.0000,0.0476,0.0476,-0.2516,-0.2516,0.0000
1791000701.4151,0.0200,0.1001,0.0000,0.0000,0.0000,0.0000,0.0000,0.0000,0.0000,0.0015,0.0000,0.0000,0.0476,0.0476,-0.2516,-0.2516,0.0000
1791000701.4351,0.0200,0.1049,0.0000,0.0000,0.0000,0.0000,0.0000,0.0000,0.0000,0.0000,0.0000,0.0000,0.0476,0.0476,-0.2516,-0.2516,0.0000
1791000701.4552,0.0200,0.1181,0.0000,0.0000,0.0000,0.0000,0.0000,0.0000,0.0000,0.0000,0.0000,0.0000,0.0476,0.0476,-0.2516,-0.2516,0.0000
1791000701.4751,0.0200,0.1161,0.0000,0.0000,0.0000,0.0000,0.0000,0.0000,0.0000,0.0000,0.0000,0.0000,0.0476,0.0476,-0.2516,-0.2516,0.0000
1791000701.4952,0.0200,0.3324,0.0000,0.0000,0.0000,0.0000,0.0000,0.0000,0.0000,0.0000,0.0000,0.0000,0.0476,0.0476,-0.2516,-0.2516,0.0000
1791000701.5152,0.0200,0.3782,0.0000,0.0000,0.0000,0.0000,0.0000,0.0000,0.0000,0.0000,0.0000,0.0000,0.0476,0.0476,-0.2516,-0.2516,0.0000
1791000701.5352,0.0200,0.1016,0.0000,0.0000,0.0000,0.0000,0.0000,0.0000,0.0000,0.0000,0.0000,0.0000,0.0476,0.0476,-0.2516,-0.2516,0.0000
1791000701.5552,0.0200,0.1083,0.0000,0.0000,0.0000,0.0000,0.0000,0.0000,0.0000,0.0000,0.0000,0.0000,0.0476,0.0476,-0.2516,-0.2516,0.0000
1791000701.5752,0.0200,0.1037,0.0000,0.0000,0.0000,0.0000,0.0000,0.0000,0.0000,0.0000,0.0000,0.0000,0.0476,0.0476,-0.2516,-0.2516,0.0000
1791000701.5951,0.0199,0.1008,0.0000,0.0000,0.0000,0.0000,0.0000,0.0000,0.0000,0.0000,0.0000,0.0000,0.0476,0.0476,-0.2516,-0.2516,0.0000
1791000701.6151,0.0200,0.1062,0.0000,0.0000,0.0000,0.0000,0.0000,0.0000,0.0000,-0.0015,0.0000,0.0000,0.0476,0.0476,-0.2516,-0.2516,0.0000
1791000701.6352,0.0200,0.0995,0.0000,0.0000,0.0000,0.0000,0.0000,0.0000,0.0000,0.0015,0.0000,0.0000,0.0476,0.0476,-0.2516,-0.2516,0.0000
1791000701.6551,0.0200,0.0990,0.0000,0.0000,0.0000,0.0000,0.0000,0.0000,0.0000,0.0000,0.0000,0.0000,0.0476,0.0476,-0.2516,-0.2516,0.0000
1791000701.6752,0.0200,0.1099,0.0000,0.0000,0.0000,0.0000,0.0000,0.0000,0.0000,0.0000,0.0000,0.0000,0.0476,0.0476,-0.2516,-0.2516,0.0000
1791000701.6951,0.0199,0.1300,0.0000,0.0000,0.0000,0.0000,0.0000,0.0000,0.0000,0.0000,0.0000,0.0000,0.0476,0.0476,-0.2516,-0.2516,0.0000
1791000701.7152,0.0201,0.0999,0.0000,0.0000,0.0000,0.0000,0.0000,0.0000,0.0000,0.0000,0.0000,0.0000,0.0476,0.0476,-0.2516,-0.2516,0.0000
1791000701.7351,0.0200,0.0993,0.0000,0.0000,0.0000,0.0000,0.0000,0.0000,0.0000,-0.0015,0.0000,0.0000,0.0476,0.0476,-0.2516,-0.2516,0.0000
1791000701.7551,0.0200,0.0989,0.0000,0.0000,0.0000,0.0000,0.0000,0.0000,0.0000,0.0015,0.0000,0.0000,0.0476,0.0476,-0.2516,-0.2516,0.0000
1791000701.7750,0.0199,0.1089,0.0000,0.0000,0.0000,0.0000,0.0000,0.0000,0.0000,0.0000,0.0000,0.0000,0.0476,0.0476,-0.2516,-0.2516,0.0000
1791000701.7952,0.0202,0.2147,0.0000,0.0000,0.0000,0.0000,0.0000,0.0000,0.0000,0.0000,0.0000,0.0000,0.0476,0.0476,-0.2516,-0.2516,0.0000
1791000701.8151,0.0198,0.1503,0.0000,0.0000,0.0000,0.0000,0.0000,0.0000,0.0000,0.0000,0.0000,0.0000,0.0476,0.0476,-0.2516,-0.2516,0.0000
1791000701.8352,0.0201,0.1592,0.0000,0.0000,0.0000,0.0000,0.0000,0.0000,0.0000,0.0000,0.0000,0.0000,0.0476,0.0476,-0.2516,-0.2516,0.0000
1791000701.8551,0.0200,0.1518,0.0000,0.0000,0.0000,0.0000,0.0000,0.0000,0.0000,-0.0015,0.0000,0.0000,0.0476,0.0476,-0.2516,-0.2516,0.0000
1791000701.8752,0.0200,0.1340,0.0000,0.0000,0.0000,0.0000,0.0000,0.0000,0.0000,0.0015,0.0000,0.0000,0.0476,0.0476,-0.2516,-0.2516,0.0000
1791000701.8952,0.0200,0.1449,0.0000,0.0000,0.0000,0.0000,0.0000,0.0000,0.0000,0.0000,0.0000,0.0000,0.0476,0.0476,-0.2516,-0.2516,0.0000
1791000701.9152,0.0199,0.1023,0.0000,0.0000,0.0000,0.0000,0.0000,0.0000,0.0000,-0.0015,0.0000,0.0000,0.0476,0.0476,-0.2516,-0.2516,0.0000
1791000701.9351,0.0200,0.0989,0.0000,0.0000,0.0000,0.0000,0.0000,0.0000,0.0000,0.0015,0.0000,0.0000,0.0476,0.0476,-0.2516,-0.2516,0.0000
1791000701.9552,0.0200,0.0990,0.0000,0.0000,0.0000,0.0000,0.0000,0.0000,0.0000,0.0000,0.0000,0.0000,0.0476,0.0476,-0.2516,-0.2516,0.0000
1791000701.9752,0.0200,0.1331,0.0000,0.0000,0.0000,0.0000,0.0000,0.0000,0.0000,0.0000,0.0000,0.0000,0.0476,0.0476,-0.2516,-0.2516,0.0000
1791000701.9951,0.0200,0.1085,0.0000,0.0000,0.0000,0.0000,0.0000,0.0000,0.0000,-0.0015,0.0000,0.0000,0.0476,0.0476,-0.2516,-0.2516,0.0000
1791000702.0150,0.0199,0.1026,0.0000,0.0000,0.0000,0.0000,0.0000,0.0000,0.0000,0.0015,0.0000,0.0000,0.0476,0.0476,-0.2516,-0.2516,0.0000
1791000702.0351,0.0201,0.0985,0.0000,0.0000,0.0000,0.0000,0.0000,0.0000,0.0000,0.0000,0.0000,0.0000,0.0476,0.0476,-0.2516,-0.2516,0.0000
1791000702.0551,0.0200,0.0967,0.0000,0.0000,0.0000,0.0000,0.0000,0.0000,0.0000,-0.0015,0.0000,0.0000,0.0476,0.0476,-0.2516,-0.2516,0.0000
1791000702.0750,0.0199,0.1090,0.0000,0.0000,0.0000,0.0000,0.0000,0.0000,0.0000,0.0015,0.0000,0.0000,0.0476,0.0476,-0.2516,-0.2516,0.0000
1791000702.0952,0.0201,0.1093,0.0000,0.0000,0.0000,0.0000,0.0000,0.0000,0.0000,0.0000,0.0000,0.0000,0.0476,0.0476,-0.2516,-0.2516,0.0000
1791000702.1152,0.0200,0.1784,0.0000,0.0000,0.0000,0.0000,0.0000,0.0000,0.0000,-0.0015,0.0000,0.0000,0.0476,0.0476,-0.2516,-0.2516,0.0000
1791000702.1350,0.0198,0.1014,0.0000,0.0000,0.0000,0.0000,0.0000,0.0000,0.0000,0.0015,0.0000,0.0000,0.0476,0.0476,-0.2516,-0.2516,0.0000
1791000702.1552,0.0201,0.0992,0.0000,0.0000,0.0000,0.0000,0.0000,0.0000,0.0000,0.0000,0.0000,0.0000,0.0476,0.0476,-0.2516,-0.2516,0.0000
1791000702.1750,0.0199,0.1036,0.0000,0.0000,0.0000,0.0000,0.0000,0.0000,0.0000,-0.0015,0.0000,0.0000,0.0476,0.0476,-0.2516,-0.2516,0.0000
1791000702.1952,0.0202,0.1522,0.0000,0.0000,0.0000,0.0000,0.0000,0.0000,0.0000,0.0000,0.0000,0.0000,0.0476,0.0476,-0.2516,-0.2516,0.0000
1791000702.2152,0.0200,0.1007,0.0000,0.0000,0.0000,0.0000,0.0000,0.0000,0.0000,0.0015,0.0000,0.0000,0.0476,0.0476,-0.2516,-0.2516,0.0000
1791000702.2352,0.0200,0.1030,0.0000,0.0000,0.0000,0.0000,0.0000,0.0000,0.0000,-0.0015,0.0000,0.0000,0.0476,0.0476,-0.2516,-0.2516,0.0000
1791000702.2552,0.0200,0.0989,0.0000,0.0000,0.0000,0.0000,0.0000,0.0000,0.0000,0.0015,0.0000,0.0000,0.0476,0.0476,-0.2516,-0.2516,0.0000
1791000702.2751,0.0199,0.1136,0.0000,0.0000,0.0000,0.0000,0.0000,0.0000,0.0000,-0.0015,0.0000,0.0000,0.0476,0.0476,-0.2516,-0.2516,0.0000
1791000702.2951,0.0200,0.1687,0.0000,0.0000,0.0000,0.0000,0.0000,0.0000,0.0000,0.0000,0.0000,0.0000,0.0476,0.0476,-0.2516,-0.2516,0.0000
1791000702.3152,0.0201,0.1075,0.0000,0.0000,0.0000,0.0000,0.0000,0.0000,0.0000,0.0015,0.0000,0.0000,0.0476,0.0476,-0.2516,-0.2516,0.0000
1791000702.3351,0.0200,0.0986,0.0000,0.0000,0.0000,0.0000,0.0000,0.0000,0.0000,0.0000,0.0000,0.0000,0.0476,0.0476,-0.2516,-0.2516,0.0000
1791000702.3551,0.0200,0.0937,0.0000,0.0000,0.0000,0.0000,0.0000,0.0000,0.0000,-0.0015,0.0000,0.0000,0.0476,0.0476,-0.2516,-0.2516,0.0000
1791000702.3751,0.0200,0.1158,0.0000,0.0000,0.0000,0.0000,0.0000,0.0000,0.0000,0.0015,0.0000,0.0000,0.0476,0.0476,-0.2516,-0.2516,0.0000
1791000702.3951,0.0200,0.1134,0.0000,0.0000,0.0000,0.0000,0.0000,0.0000,0.0000,0.0000,0.0000,0.0000,0.0476,0.0476,-0.2516,-0.2516,0.0000
1791000702.4151,0.0200,0.0947,0.0000,0.0000,0.0000,0.0000,0.0000,0.0000,0.0000,0.0000,0.0000,0.0000,0.0476,0.0476,-0.2516,-0.2516,0.0000
1791000702.4351,0.0200,0.0943,0.0000,0.0000,0.0000,0.0000,0.0000,0.0000,0.0000,0.0000,0.0000,0.0000,0.0476,0.0476,-0.2516,-0.2516,0.0000
1791000702.4551,0.0200,0.1269,0.0000,0.0000,0.0000,0.0000,0.0000,0.0000,0.0000,-0.0015,0.0000,0.0000,0.0476,0.0476,-0.2516,-0.2516,0.0000
1791000702.4751,0.0200,0.0988,0.0000,0.0000,0.0000,0.0000,0.0000,0.0000,0.0000,0.0015,0.0000,0.0000,0.0476,0.0476,-0.2516,-0.2516,0.0000
1791000702.4952,0.0200,0.0996,0.0000,0.0000,0.0000,0.0000,0.0000,0.0000,0.0000,0.0000,0.0000,0.0000,0.0476,0.0476,-0.2516,-0.2516,0.0000
1791000702.5151,0.0200,0.1013,0.0000,0.0000,0.0000,0.0000,0.0000,0.0000,0.0000,-0.0015,0.0000,0.0000,0.0476,0.0476,-0.2516,-0.2516,0.0000
1791000702.5352,0.0200,0.0958,0.0000,0.0000,0.0000,0.0000,0.0000,0.0000,0.0000,0.0015,0.0000,0.0000,0.0476,0.0476,-0.2516,-0.2516,0.0000
1791000702.5550,0.0199,0.1115,0.0000,0.0000,0.0000,0.0000,0.0000,0.0000,0.0000,0.0000,0.0000,0.0000,0.0476,0.0476,-0.2516,-0.2516,0.0000
1791000702.5752,0.0201,0.1065,0.0000,0.0000,0.0000,0.0000,0.0000,0.0000,0.0000,0.0000,0.0000,0.0000,0.0476,0.0476,-0.2516,-0.2516,0.0000
1791000702.5951,0.0200,0.0979,0.0000,0.0000,0.0000,0.0000,0.0000,0.0000,0.0000,0.0000,0.0000,0.0000,0.0476,0.0476,-0.2516,-0.2516,0.0000
1791000702.6152,0.0201,0.0934,0.0000,0.0000,0.0000,0.0000,0.0000,0.0000,0.0000,0.0000,0.0000,0.0000,0.0476,0.0476,-0.2516,-0.2516,0.0000
1791000702.6352,0.0200,0.0940,0.0000,0.0000,0.0000,0.0000,0.0000,0.0000,0.0000,0.0000,0.0000,0.0000,0.0476,0.0476,-0.2516,-0.2516,0.0000
1791000702.6551,0.0199,0.1599,0.0000,0.0000,0.0000,0.0000,0.0000,0.0000,0.0000,-0.0015,0.0000,0.0000,0.0476,0.0476,-0.2516,-0.2516,0.0000
1791000702.6750,0.0200,0.1152,0.0000,0.0000,0.0000,0.0000,0.0000,0.0000,0.0000,0.0015,0.0000,0.0000,0.0476,0.0476,-0.2516,-0.2516,0.0000
1791000702.6951,0.0200,0.1522,0.0000,0.0000,0.0000,0.0000,0.0000,0.0000,0.0000,0.0000,0.0000,0.0000,0.0476,0.0476,-0.2516,-0.2516,0.0000
1791000702.7151,0.0201,0.1215,0.0000,0.0000,0.0000,0.0000,0.0000,0.0000,-0.0015,-0.0015,0.0000,0.0000,0.0476,0.0476,-0.2516,-0.2516,0.0000
1791000702.7351,0.0200,0.1015,0.0000,0.0000,0.0000,0.0000,0.0000,0.0000,0.0015,0.0000,0.0000,0.0000,0.0476,0.0476,-0.2516,-0.2516,0.0000
1791000702.7552,0.0200,0.1265,0.0000,0.0000,0.0000,0.0000,0.0000,0.0000,0.0000,0.0015,0.0000,0.0000,0.0476,0.0476,-0.2516,-0.2516,0.0000
1791000702.7751,0.0200,0.1167,0.0000,0.0000,0.0000,0.0000,0.0000,0.0000,0.0000,-0.0015,0.0000,0.0000,0.0476,0.0476,-0.2516,-0.2516,0.0000
1791000702.7950,0.0199,0.1382,0.0000,0.0000,0.0000,0.0000,0.0000,0.0000,0.0000,0.0015,0.0000,0.0000,0.0476,0.0476,-0.2516,-0.2516,0.0000
1791000702.8151,0.0200,0.1426,0.0000,0.0000,0.0000,0.0000,0.0000,0.0000,0.0000,-0.0015,0.0000,0.0000,0.0476,0.0476,-0.2516,-0.2516,0.0000
1791000702.8351,0.0201,0.1086,0.0000,0.0000,0.0000,0.0000,0.0000,0.0000,0.0000,0.0015,0.0000,0.0000,0.0476,0.0476,-0.2516,-0.2516,0.0000
1791000702.8552,0.0200,0.0994,0.0000,0.0000,0.0000,0.0000,0.0000,0.0000,0.0000,0.0000,0.0000,0.0000,0.0476,0.0476,-0.2516,-0.2516,0.0000
1791000702.8751,0.0200,0.1001,0.0000,0.0000,0.0000,0.0000,0.0000,0.0000,0.0000,0.0000,0.0000,0.0000,0.0476,0.0476,-0.2516,-0.2516,0.0000
1791000702.8950,0.0199,0.1088,0.0000,0.0000,0.0000,0.0000,0.0000,0.0000,0.0000,0.0000,0.0000,0.0000,0.0476,0.0476,-0.2516,-0.2516,0.0000
1791000702.9151,0.0201,0.1239,0.0000,0.0000,0.0000,0.0000,0.0000,0.0000,0.0000,0.0000,0.0000,0.0000,0.0476,0.0476,-0.2516,-0.2516,0.0000
1791000702.9352,0.0200,0.1001,0.0000,0.0000,0.0000,0.0000,0.0000,0.0000,0.0000,0.0000,0.0000,0.0000,0.0476,0.0476,-0.2516,-0.2516,0.0000
1791000702.9550,0.0199,0.0998,0.0000,0.0000,0.0000,0.0000,0.0000,0.0000,0.0000,0.0000,0.0000,0.0000,0.0476,0.0476,-0.2516,-0.2516,0.0000
1791000702.9752,0.0201,0.0982,0.0000,0.0000,0.0000,0.0000,0.0000,0.0000,0.0000,0.0000,0.0000,0.0000,0.0476,0.0476,-0.2516,-0.2516,0.0000
1791000702.9951,0.0200,0.1037,0.0000,0.0000,0.0000,0.0000,0.0000,0.0000,0.0000,-0.0015,0.0000,0.0000,0.0476,0.0476,-0.2516,-0.2516,0.0000
1791000703.0152,0.0201,0.0998,0.0000,0.0000,0.0000,0.0000,0.0000,0.0000,0.0000,0.0000,0.0000,0.0000,0.0476,0.0476,-0.2516,-0.2516,0.0000
1791000703.0352,0.0200,0.1083,0.0000,0.0000,0.0000,0.0000,0.0000,0.0000,0.0000,0.0015,0.0000,0.0000,0.0476,0.0476,-0.2516,-0.2516,0.0000
1791000703.0552,0.0200,0.1112,0.0000,0.0000,0.0000,0.0000,0.0000,0.0000,0.0000,0.0000,0.0000,0.0000,0.0476,0.0506,-0.2516,-0.2516,0.0000
1791000703.0751,0.0200,0.0988,0.0000,0.0000,0.0000,0.0000,0.0000,0.0000,0.0000,0.0000,0.0000,0.0000,0.0476,0.0476,-0.2516,-0.2516,0.0000
1791000703.0952,0.0200,0.0985,0.0000,0.0000,0.0000,0.0000,0.0000,0.0000,0.0000,0.0000,0.0000,0.0000,0.0476,0.0476,-0.2516,-0.2516,0.0000
1791000703.1151,0.0199,0.1107,0.0000,0.0000,0.0000,0.0000,0.0000,0.0000,0.0000,0.0000,0.0000,0.0000,0.0476,0.0506,-0.2516,-0.2516,0.0000
1791000703.1352,0.0201,0.1922,0.0000,0.0000,0.0000,0.0000,0.0000,0.0000,0.0000,0.0000,0.0000,0.0000,0.0476,0.0476,-0.2516,-0.2516,0.0000
1791000703.1551,0.0200,0.1128,0.0000,0.0000,0.0000,0.0000,0.0000,0.0000,0.0000,0.0000,0.0000,0.0000,0.0476,0.0476,-0.2516,-0.2516,0.0000
1791000703.1751,0.0200,0.0990,0.0000,0.0000,0.0000,0.0000,0.0000,0.0000,0.0000,0.0000,0.0000,0.0000,0.0476,0.0476,-0.2516,-0.2516,0.0000
1791000703.1951,0.0200,0.1016,0.0000,0.0000,0.0000,0.0000,0.0000,0.0000,0.0000,-0.0015,0.0000,0.0000,0.0476,0.0476,-0.2516,-0.2516,0.0000
1791000703.2151,0.0200,0.0983,0.0000,0.0000,0.0000,0.0000,0.0000,0.0000,0.0000,0.0015,0.0000,0.0000,0.0476,0.0506,-0.2516,-0.2516,0.0000
1791000703.2352,0.0200,0.0986,0.0000,0.0000,0.0000,0.0000,0.0000,0.0000,0.0000,0.0000,0.0000,0.0000,0.0476,0.0476,-0.2516,-0.2516,0.0000
1791000703.2550,0.0199,0.0984,0.0000,0.0000,0.0000,0.0000,0.0000,0.0000,0.0000,0.0000,0.0000,0.0000,0.0476,0.0476,-0.2516,-0.2516,0.0000
1791000703.2752,0.0201,0.0979,0.0000,0.0000,0.0000,0.0000,0.0000,0.0000,0.0000,0.0000,0.0000,0.0000,0.0476,0.0476,-0.2516,-0.2516,0.0000
1791000703.2952,0.0200,0.1120,0.0000,0.0000,0.0000,0.0000,0.0000,0.0000,0.0000,0.0000,0.0000,0.0000,0.0476,0.0476,-0.2516,-0.2516,0.0000
1791000703.3152,0.0200,0.1016,0.0000,0.0000,0.0000,0.0000,0.0000,0.0000,0.0000,0.0000,0.0000,0.0000,0.0476,0.0476,-0.2516,-0.2516,0.0000
1791000703.3351,0.0199,0.1326,0.0000,0.0000,0.0000,0.0000,0.0000,0.0000,0.0000,0.0000,0.0000,0.0000,0.0476,0.0476,-0.2516,-0.2516,0.0000
1791000703.3551,0.0200,0.1201,0.0000,0.0000,0.0000,0.0000,0.0000,0.0000,0.0000,0.0000,0.0000,0.0000,0.0476,0.0476,-0.2516,-0.2516,0.0000
1791000703.3751,0.0200,0.1040,0.0000,0.0000,0.0000,0.0000,0.0000,0.0000,0.0000,0.0000,0.0000,0.0000,0.0476,0.0476,-0.2516,-0.2516,0.0000
1791000703.3951,0.0200,0.1028,0.0000,0.0000,0.0000,0.0000,0.0000,0.0000,0.0000,0.0000,0.0000,0.0000,0.0476,0.0476,-0.2516,-0.2516,0.0000
1791000703.4150,0.0199,0.1044,0.0000,0.0000,0.0000,0.0000,0.0000,0.0000,0.0000,0.0000,0.0000,0.0000,0.0476,0.0476,-0.2516,-0.2516,0.0000
1791000703.4350,0.0200,0.0979,0.0000,0.0000,0.0000,0.0000,0.0000,0.0000,0.0000,0.0000,0.0000,0.0000,0.0476,0.0476,-0.2516,-0.2516,0.0000
1791000703.4551,0.0201,0.0960,0.0000,0.0000,0.0000,0.0000,0.0000,0.0000,0.0000,0.0000,0.0000,0.0000,0.0476,0.0476,-0.2516,-0.2516,0.0000
1791000703.4751,0.0200,0.0955,0.0000,0.0000,0.0000,0.0000,0.0000,0.0000,0.0000,-0.0015,0.0000,0.0000,0.0476,0.0476,-0.2516,-0.2516,0.0000
1791000703.4950,0.0199,0.1022,0.0000,0.0000,0.0000,0.0000,0.0000,0.0000,0.0000,0.0015,0.0000,0.0000,0.0476,0.0476,-0.2516,-0.2516,0.0000
1791000703.5151,0.0201,0.1025,0.0000,0.0000,0.0000,0.0000,0.0000,0.0000,0.0000,-0.0015,0.0000,0.0000,0.0476,0.0476,-0.2516,-0.2516,0.0000
1791000703.5352,0.0200,0.0980,0.0000,0.0000,0.0000,0.0000,0.0000,0.0000,0.0000,0.0015,0.0000,0.0000,0.0476,0.0476,-0.2516,-0.2516,0.0000
1791000703.5551,0.0200,0.0982,0.0000,0.0000,0.0000,0.0000,0.0000,0.0000,0.0000,-0.0015,0.0000,0.0000,0.0476,0.0476,-0.2516,-0.2516,0.0000
1791000703.5751,0.0200,0.1025,0.0000,0.0000,0.0000,0.0000,0.0000,0.0000,0.0000,0.0015,0.0000,0.0000,0.0476,0.0476,-0.2516,-0.2516,0.0000
1791000703.5951,0.0200,0.1070,0.0000,0.0000,0.0000,0.0000,0.0000,0.0000,0.0000,0.0000,0.0000,0.0000,0.0476,0.0476,-0.2516,-0.2516,0.0000
1791000703.6151,0.0200,0.0978,0.0000,0.0000,0.0000,0.0000,0.0000,0.0000,0.0000,0.0000,0.0000,0.0000,0.0476,0.0476,-0.2516,-0.2516,0.0000
1791000703.6351,0.0200,0.0972,0.0000,0.0000,0.0000,0.0000,0.0000,0.0000,0.0000,0.0000,0.0000,0.0000,0.0476,0.0476,-0.2516,-0.2516,0.0000
1791000703.6552,0.0200,0.1045,0.0000,0.0000,0.0000,0.0000,0.0000,0.0000,0.0000,0.0000,0.0000,0.0000,0.0476,0.0476,-0.2516,-0.2516,0.0000
1791000703.6752,0.0200,0.1038,0.0000,0.0000,0.0000,0.0000,0.0000,0.0000,0.0000,0.0000,0.0000,0.0000,0.0476,0.0476,-0.2516,-0.2516,0.0000
1791000703.6952,0.0200,0.0975,0.0000,0.0000,0.0000,0.0000,0.0000,0.0000,0.0000,0.0000,0.0000,0.0000,0.0476,0.0476,-0.2516,-0.2516,0.0000
1791000703.7152,0.0200,0.0978,0.0000,0.0000,0.0000,0.0000,0.0000,0.0000,0.0000,-0.0015,0.0000,0.0000,0.0476,0.0476,-0.2516,-0.2516,0.0000
1791000703.7352,0.0200,0.1039,0.0000,0.0000,0.0000,0.0000,0.0000,0.0000,0.0000,0.0015,0.0000,0.0000,0.0476,0.0476,-0.2516,-0.2516,0.0000
1791000703.7551,0.0199,0.1109,0.0000,0.0000,0.0000,0.0000,0.0000,0.0000,0.0000,-0.0015,0.0000,0.0000,0.0476,0.0476,-0.2516,-0.2516,0.0000
1791000703.7752,0.0200,0.1077,0.0000,0.0000,0.0000,0.0000,0.0000,0.0000,0.0000,0.0015,0.0000,0.0000,0.0476,0.0506,-0.2516,-0.2516,0.0000
1791000703.7952,0.0200,0.1062,0.0000,0.0000,0.0000,0.0000,0.0000,0.0000,0.0000,-0.0015,0.0000,0.0000,0.0476,0.0476,-0.2516,-0.2516,0.0000
1791000703.8152,0.0200,0.1036,0.0000,0.0000,0.0000,0.0000,0.0000,0.0000,0.0000,0.0015,0.0000,0.0000,0.0476,0.0476,-0.2516,-0.2516,0.0000
1791000703.8352,0.0200,0.0982,0.0000,0.0000,0.0000,0.0000,0.0000,0.0000,0.0000,-0.0015,0.0000,0.0000,0.0476,0.0476,-0.2516,-0.2516,0.0000
1791000703.8551,0.0200,0.0974,0.0000,0.0000,0.0000,0.0000,0.0000,0.0000,0.0000,0.0015,0.0000,0.0000,0.0476,0.0476,-0.2516,-0.2516,0.0000
1791000703.8752,0.0200,0.0976,0.0000,0.0000,0.0000,0.0000,0.0000,0.0000,0.0000,0.0000,0.0000,0.0000,0.0476,0.0476,-0.2516,-0.2516,0.0000
1791000703.8952,0.0200,0.0982,0.0000,0.0000,0.0000,0.0000,0.0000,0.0000,0.0000,0.0000,0.0000,0.0000,0.0476,0.0476,-0.2516,-0.2516,0.0000
1791000703.9152,0.0200,0.0982,0.0000,0.0000,0.0000,0.0000,0.0000,0.0000,0.0000,0.0000,0.0000,0.0000,0.0476,0.0476,-0.2516,-0.2516,0.0000
1791000703.9352,0.0200,0.0981,0.0000,0.0000,0.0000,0.0000,0.0000,0.0000,0.0000,0.0000,0.0000,0.0000,0.0476,0.0476,-0.2516,-0.2516,0.0000
1791000703.9551,0.0199,0.0982,0.0000,0.0000,0.0000,0.0000,0.0000,0.0000,0.0000,0.0000,0.0000,0.0000,0.0476,0.0476,-0.2516,-0.2516,0.0000
1791000703.9751,0.0200,0.1002,0.0000,0.0000,0.0000,0.0000,0.0000,0.0000,0.0000,-0.0015,0.0000,0.0000,0.0476,0.0476,-0.2516,-0.2516,0.0000
1791000703.9952,0.0200,0.0998,0.0000,0.0000,0.0000,0.0000,0.0000,0.0000,0.0000,0.0015,0.0000,0.0000,0.0476,0.0476,-0.2516,-0.2516,0.0000
1791000704.0152,0.0200,0.1051,0.0000,0.0000,0.0000,0.0000,0.0000,0.0000,0.0000,-0.0015,0.0000,0.0000,0.0476,0.0476,-0.2516,-0.2516,0.0000
1791000704.0351,0.0200,0.0984,0.0000,0.0000,0.0000,0.0000,0.0000,0.0000,0.0000,0.0015,0.0000,0.0000,0.0476,0.0476,-0.2516,-0.2516,0.0000
1791000704.0551,0.0200,0.0986,0.0000,0.0000,0.0000,0.0000,0.0000,0.0000,0.0000,0.0000,0.0000,0.0000,0.0476,0.0476,-0.2516,-0.2516,0.0000
1791000704.0751,0.0200,0.0974,0.0000,0.0000,0.0000,0.0000,0.0000,0.0000,0.0000,0.0000,0.0000,0.0000,0.0476,0.0476,-0.2516,-0.2516,0.0000
1791000704.0951,0.0200,0.0966,0.0000,0.0000,0.0000,0.0000,0.0000,0.0000,0.0000,0.0000,0.0000,0.0000,0.0476,0.0476,-0.2516,-0.2516,0.0000
1791000704.1152,0.0200,0.3023,0.0000,0.0000,0.0000,0.0000,0.0000,0.0000,0.0000,0.0000,0.0000,0.0000,0.0476,0.0476,-0.2516,-0.2516,0.0000
1791000704.1352,0.0200,0.2979,0.0000,0.0000,0.0000,0.0000,0.0000,0.0000,0.0000,0.0000,0.0000,0.0000,0.0476,0.0476,-0.2516,-0.2516,0.0000
1791000704.1552,0.0200,0.2982,0.0000,0.0000,0.0000,0.0000,0.0000,0.0000,0.0000,0.0000,0.0000,0.0000,0.0476,0.0476,-0.2516,-0.2516,0.0000
1791000704.1751,0.0200,0.1092,0.0000,0.0000,0.0000,0.0000,0.0000,0.0000,0.0000,0.0000,0.0000,0.0000,0.0476,0.0476,-0.2516,-0.2516,0.0000
1791000704.1951,0.0200,0.1024,0.0000,0.0000,0.0000,0.0000,0.0000,0.0000,0.0000,0.0000,0.0000,0.0000,0.0476,0.0476,-0.2516,-0.2516,0.0000
1791000704.2151,0.0200,0.0993,0.0000,0.0000,0.0000,0.0000,0.0000,0.0000,0.0000,0.0000,0.0000,0.0000,0.0476,0.0476,-0.2516,-0.2516,0.0000
1791000704.2352,0.0201,0.0984,0.0000,0.0000,0.0000,0.0000,0.0000,0.0000,0.0000,0.0000,0.0000,0.0000,0.0476,0.0476,-0.2516,-0.2516,0.0000
1791000704.2550,0.0198,0.1011,0.0000,0.0000,0.0000,0.0000,0.0000,0.0000,0.0000,0.0000,0.0000,0.0000,0.0476,0.0476,-0.2516,-0.2516,0.0000
1791000704.2752,0.0201,0.1260,0.0000,0.0000,0.0000,0.0000,0.0000,0.0000,0.0000,0.0000,0.0000,0.0000,0.0476,0.0476,-0.2516,-0.2516,0.0000
1791000704.2951,0.0200,0.1072,0.0000,0.0000,0.0000,0.0000,0.0000,0.0000,0.0000,-0.0015,0.0000,0.0000,0.0476,0.0476,-0.2516,-0.2516,0.0000
1791000704.3151,0.0200,0.0999,0.0000,0.0000,0.0000,0.0000,0.0000,0.0000,0.0000,0.0000,0.0000,0.0000,0.0476,0.0476,-0.2516,-0.2516,0.0000
1791000704.3350,0.0199,0.1030,0.0000,0.0000,0.0000,0.0000,0.0000,0.0000,0.0000,0.0000,0.0000,0.0000,0.0476,0.0476,-0.2516,-0.2516,0.0000
1791000704.3552,0.0201,0.1390,0.0000,0.0000,0.0000,0.0000,0.0000,0.0000,0.0000,0.0015,0.0000,0.0000,0.0476,0.0476,-0.2516,-0.2516,0.0000
1791000704.3751,0.0200,0.1370,0.0000,0.0000,0.0000,0.0000,0.0000,0.0000,0.0000,0.0000,0.0000,0.0000,0.0476,0.0476,-0.2516,-0.2516,0.0000
1791000704.3950,0.0199,0.1230,0.0000,0.0000,0.0000,0.0000,0.0000,0.0000,0.0000,-0.0015,0.0000,0.0000,0.0476,0.0476,-0.2516,-0.2516,0.0000
1791000704.4150,0.0200,0.1222,0.0000,0.0000,0.0000,0.0000,0.0000,0.0000,0.0000,0.0015,0.0000,0.0000,0.0476,0.0476,-0.2516,-0.2516,0.0000
1791000704.4352,0.0201,0.1065,0.0000,0.0000,0.0000,0.0000,0.0000,0.0000,0.0000,-0.0015,0.0000,0.0000,0.0476,0.0476,-0.2516,-0.2516,0.0000
1791000704.4552,0.0200,0.1004,0.0000,0.0000,0.0000,0.0000,0.0000,0.0000,0.0000,0.0000,0.0000,0.0000,0.0476,0.0476,-0.2516,-0.2516,0.0000
1791000704.4751,0.0199,0.0983,0.0000,0.0000,0.0000,0.0000,0.0000,0.0000,0.0000,0.0015,0.0000,0.0000,0.0476,0.0476,-0.2516,-0.2516,0.0000
1791000704.4951,0.0200,0.0978,0.0000,0.0000,0.0000,0.0000,0.0000,0.0000,0.0000,0.0000,0.0000,0.0000,0.0476,0.0476,-0.2516,-0.2516,0.0000
1791000704.5151,0.0200,0.1025,0.0000,0.0000,0.0000,0.0000,0.0000,0.0000,0.0000,0.0000,0.0000,0.0000,0.0476,0.0476,-0.2516,-0.2516,0.0000
1791000704.5350,0.0199,0.1317,0.0000,0.0000,0.0000,0.0000,0.0000,0.0000,0.0000,0.0000,0.0000,0.0000,0.0476,0.0476,-0.2516,-0.2516,0.0000
1791000704.5551,0.0200,0.0771,0.0000,0.0000,0.0000,0.0000,0.0000,0.0000,0.0000,0.0000,0.0000,0.0000,0.0476,0.0476,-0.2516,-0.2516,0.0000
1791000704.5751,0.0200,0.0765,0.0000,0.0000,0.0000,0.0000,0.0000,0.0000,0.0000,0.0000,0.0000,0.0000,0.0476,0.0476,-0.2516,-0.2516,0.0000
1791000704.5951,0.0200,0.0838,0.0000,0.0000,0.0000,0.0000,0.0000,0.0000,0.0000,-0.0015,0.0000,0.0000,0.0476,0.0476,-0.2516,-0.2516,0.0000
1791000704.6150,0.0199,0.1084,0.0000,0.0000,0.0000,0.0000,0.0000,0.0000,0.0000,0.0015,0.0000,0.0000,0.0476,0.0476,-0.2516,-0.2516,0.0000
1791000704.6351,0.0201,0.0999,0.0000,0.0000,0.0000,0.0000,0.0000,0.0000,0.0000,-0.0015,0.0000,0.0000,0.0476,0.0476,-0.2516,-0.2516,0.0000
1791000704.6551,0.0200,0.0990,0.0000,0.0000,0.0000,0.0000,0.0000,0.0000,0.0000,0.0015,0.0000,0.0000,0.0476,0.0476,-0.2516,-0.2516,0.0000
1791000704.6752,0.0200,0.0996,0.0000,0.0000,0.0000,0.0000,0.0000,0.0000,0.0000,0.0000,0.0000,0.0000,0.0476,0.0476,-0.2516,-0.2516,0.0000
1791000704.6952,0.0200,0.0981,0.0000,0.0000,0.0000,0.0000,0.0000,0.0000,0.0000,-0.0015,0.0000,0.0000,0.0476,0.0476,-0.2516,-0.2516,0.0000
1791000704.7152,0.0200,0.0983,0.0000,0.0000,0.0000,0.0000,0.0000,0.0000,0.0000,0.0015,0.0000,0.0000,0.0476,0.0476,-0.2516,-0.2516,0.0000
1791000704.7352,0.0200,0.2589,0.0000,0.0000,0.0000,0.0000,0.0000,0.0000,0.0000,-0.0015,0.0000,0.0000,0.0476,0.0476,-0.2516,-0.2516,0.0000
1791000704.7552,0.0200,0.1538,0.0000,0.0000,0.0000,0.0000,0.0000,0.0000,0.0000,0.0015,0.0000,0.0000,0.0476,0.0476,-0.2516,-0.2516,0.0000
1791000704.7752,0.0200,0.0999,0.0000,0.0000,0.0000,0.0000,0.0000,0.0000,0.0000,0.0000,0.0000,0.0000,0.0476,0.0476,-0.2516,-0.2516,0.0000
1791000704.7951,0.0200,0.1064,0.0000,0.0000,0.0000,0.0000,0.0000,0.0000,0.0000,0.0000,0.0000,0.0000,0.0476,0.0476,-0.2516,-0.2516,0.0000
1791000704.8151,0.0200,0.0977,0.0000,0.0000,0.0000,0.0000,0.0000,0.0000,0.0000,0.0000,0.0000,0.0000,0.0476,0.0476,-0.2516,-0.2516,0.0000
1791000704.8351,0.0200,0.0987,0.0000,0.0000,0.0000,0.0000,0.0000,0.0000,0.0000,-0.0015,0.0000,0.0000,0.0476,0.0476,-0.2516,-0.2516,0.0000
1791000704.8552,0.0200,0.0995,0.0000,0.0000,0.0000,0.0000,0.0000,0.0000,0.0000,0.0015,0.0000,0.0000,0.0476,0.0476,-0.2516,-0.2516,0.0000
1791000704.8752,0.0200,0.0988,0.0000,0.0000,0.0000,0.0000,0.0000,0.0000,0.0000,-0.0015,0.0000,0.0000,0.0476,0.0476,-0.2516,-0.2516,0.0000
1791000704.8952,0.0200,0.0982,0.0000,0.0000,0.0000,0.0000,0.0000,0.0000,0.0000,0.0015,0.0000,0.0000,0.0476,0.0476,-0.2516,-0.2516,0.0000
1791000704.9152,0.0200,0.0988,0.0000,0.0000,0.0000,0.0000,0.0000,0.0000,0.0000,0.0000,0.0000,0.0000,0.0476,0.0476,-0.2516,-0.2516,0.0000
1791000704.9352,0.0200,0.0990,0.0000,0.0000,0.0000,0.0000,0.0000,0.0000,0.0000,0.0000,0.0000,0.0000,0.0476,0.0476,-0.2516,-0.2516,0.0000
1791000704.9552,0.0200,0.0977,0.0000,0.0000,0.0000,0.0000,0.0000,0.0000,0.0000,0.0000,0.0000,0.0000,0.0476,0.0476,-0.2516,-0.2516,0.0000
1791000704.9752,0.0200,0.0978,0.0000,0.0000,0.0000,0.0000,0.0000,0.0000,0.0000,0.0000,0.0000,0.0000,0.0476,0.0476,-0.2516,-0.2516,0.0000
1791000704.9951,0.0200,0.1067,0.0000,0.0000,0.0000,0.0000,0.0000,0.0000,0.0000,0.0000,0.0000,0.0000,0.0476,0.0476,-0.2516,-0.2516,0.0000
1791000705.0152,0.0201,0.1532,0.0000,0.0000,0.0000,0.0000,0.0000,0.0000,0.0000,-0.0015,0.0000,0.0000,0.0476,0.0476,-0.2516,-0.2516,0.0000
1791000705.0351,0.0200,0.0988,0.0000,0.0000,0.0000,0.0000,0.0000,0.0000,0.0000,0.0015,0.0000,0.0000,0.0476,0.0476,-0.2516,-0.2516,0.0000
1791000705.0552,0.0200,0.0984,0.0000,0.0000,0.0000,0.0000,0.0000,0.0000,0.0000,-0.0015,0.0000,0.0000,0.0476,0.0476,-0.2516,-0.2516,0.0000
1791000705.0751,0.0200,0.0979,0.0000,0.0000,0.0000,0.0000,0.0000,0.0000,0.0000,0.0000,0.0000,0.0000,0.0476,0.0476,-0.2516,-0.2516,0.0000
1791000705.0951,0.0200,0.0976,0.0000,0.0000,0.0000,0.0000,0.0000,0.0000,0.0000,0.0015,0.0000,0.0000,0.0476,0.0476,-0.2516,-0.2516,0.0000
1791000705.1151,0.0200,0.0985,0.0000,0.0000,0.0000,0.0000,0.0000,0.0000,0.0000,-0.0015,0.0000,0.0000,0.0476,0.0476,-0.2516,-0.2516,0.0000
1791000705.1351,0.0200,0.0990,0.0000,0.0000,0.0000,0.0000,0.0000,0.0000,0.0000,0.0015,0.0000,0.0000,0.0476,0.0476,-0.2516,-0.2516,0.0000
1791000705.1552,0.0200,0.0976,0.0000,0.0000,0.0000,0.0000,0.0000,0.0000,0.0000,0.0000,0.0000,0.0000,0.0476,0.0476,-0.2516,-0.2516,0.0000
1791000705.1751,0.0200,0.0989,0.0000,0.0000,0.0000,0.0000,0.0000,0.0000,0.0000,0.0000,0.0000,0.0000,0.0476,0.0476,-0.2516,-0.2516,0.0000
1791000705.1951,0.0200,0.1009,0.0000,0.0000,0.0000,0.0000,0.0000,0.0000,0.0000,0.0000,0.0000,0.0000,0.0476,0.0476,-0.2516,-0.2516,0.0000
1791000705.2152,0.0200,0.1051,0.0000,0.0000,0.0000,0.0000,0.0000,0.0000,0.0000,-0.0015,0.0000,0.0000,0.0476,0.0476,-0.2516,-0.2516,0.0000
1791000705.2352,0.0200,0.0985,0.0000,0.0000,0.0000,0.0000,0.0000,0.0000,0.0000,0.0015,0.0000,0.0000,0.0476,0.0476,-0.2516,-0.2516,0.0000
1791000705.2552,0.0200,0.1513,0.0000,0.0000,0.0000,0.0000,0.0000,0.0000,0.0000,0.0000,0.0000,0.0000,0.0476,0.0476,-0.2516,-0.2516,0.0000
1791000705.2751,0.0200,0.1044,0.0000,0.0000,0.0000,0.0000,0.0000,0.0000,0.0000,0.0000,0.0000,0.0000,0.0476,0.0476,-0.2516,-0.2516,0.0000
1791000705.2951,0.0200,0.0952,0.0000,0.0000,0.0000,0.0000,0.0000,0.0000,0.0000,0.0000,0.0000,0.0000,0.0476,0.0476,-0.2516,-0.2516,0.0000
1791000705.3152,0.0201,0.3226,0.0000,0.0000,0.0000,0.0000,0.0000,0.0000,0.0000,0.0000,0.0000,0.0000,0.0476,0.0476,-0.2516,-0.2516,0.0000
1791000705.3352,0.0200,0.3068,0.0000,0.0000,0.0000,0.0000,0.0000,0.0000,0.0000,0.0000,0.0000,0.0000,0.0476,0.0476,-0.2516,-0.2516,0.0000
1791000705.3552,0.0201,0.2729,0.0000,0.0000,0.0000,0.0000,0.0000,0.0000,0.0000,-0.0015,0.0000,0.0000,0.0476,0.0476,-0.2516,-0.2516,0.0000
1791000705.3752,0.0199,0.0974,0.0000,0.0000,0.0000,0.0000,0.0000,0.0000,0.0000,0.0015,0.0000,0.0000,0.0476,0.0476,-0.2516,-0.2516,0.0000
1791000705.3951,0.0200,0.1019,0.0000,0.0000,0.0000,0.0000,0.0000,0.0000,0.0000,0.0000,0.0000,0.0000,0.0476,0.0476,-0.2516,-0.2516,0.0000
1791000705.4151,0.0200,0.1327,0.0000,0.0000,0.0000,0.0000,0.0000,0.0000,0.0000,-0.0015,0.0000,0.0000,0.0476,0.0476,-0.2516,-0.2516,0.0000
1791000705.4352,0.0200,0.1030,0.0000,0.0000,0.0000,0.0000,0.0000,0.0000,0.0000,0.0000,0.0000,0.0000,0.0476,0.0476,-0.2516,-0.2516,0.0000
1791000705.4552,0.0200,0.0986,0.0000,0.0000,0.0000,0.0000,0.0000,0.0000,0.0000,0.0015,0.0000,0.0000,0.0476,0.0476,-0.2516,-0.2516,0.0000
1791000705.4751,0.0200,0.0994,0.0000,0.0000,0.0000,0.0000,0.0000,0.0000,0.0000,-0.0015,0.0000,0.0000,0.0476,0.0476,-0.2516,-0.2516,0.0000
1791000705.4952,0.0201,0.0973,0.0000,0.0000,0.0000,0.0000,0.0000,0.0000,0.0000,0.0000,0.0000,0.0000,0.0476,0.0476,-0.2516,-0.2516,0.0000
1791000705.5152,0.0200,0.1034,0.0000,0.0000,0.0000,0.0000,0.0000,0.0000,0.0000,0.0000,0.0000,0.0000,0.0476,0.0476,-0.2516,-0.2516,0.0000
1791000705.5350,0.0198,0.1065,0.0000,0.0000,0.0000,0.0000,0.0000,0.0000,0.0000,0.0015,0.0000,0.0000,0.0476,0.0476,-0.2516,-0.2516,0.0000
1791000705.5551,0.0201,0.1382,0.0000,0.0000,0.0000,0.0000,0.0000,0.0000,0.0000,0.0000,0.0000,0.0000,0.0476,0.0476,-0.2516,-0.2516,0.0000
1791000705.5751,0.0200,0.0818,0.0000,0.0000,0.0000,0.0000,0.0000,0.0000,0.0000,0.0000,0.0000,0.0000,0.0476,0.0476,-0.2516,-0.2516,0.0000
1791000705.5951,0.0200,0.0783,0.0000,0.0000,0.0000,0.0000,0.0000,0.0000,0.0000,-0.0015,0.0000,0.0000,0.0476,0.0476,-0.2516,-0.2516,0.0000
1791000705.6150,0.0199,0.1115,0.0000,0.0000,0.0000,0.0000,0.0000,0.0000,0.0000,0.0015,0.0000,0.0000,0.0476,0.0476,-0.2516,-0.2516,0.0000
1791000705.6351,0.0201,0.1321,0.0000,0.0000,0.0000,0.0000,0.0000,0.0000,0.0000,0.0000,0.0000,0.0000,0.0476,0.0476,-0.2516,-0.2516,0.0000
1791000705.6552,0.0200,0.1110,0.0000,0.0000,0.0000,0.0000,0.0000,0.0000,0.0000,-0.0015,0.0000,0.0000,0.0476,0.0476,-0.2516,-0.2516,0.0000
1791000705.6751,0.0200,0.0983,0.0000,0.0000,0.0000,0.0000,0.0000,0.0000,0.0000,0.0000,0.0000,0.0000,0.0476,0.0476,-0.2516,-0.2516,0.0000
1791000705.6951,0.0200,0.0979,0.0000,0.0000,0.0000,0.0000,0.0000,0.0000,0.0000,0.0000,0.0000,0.0000,0.0476,0.0476,-0.2516,-0.2516,0.0000
1791000705.7152,0.0200,0.1024,0.0000,0.0000,0.0000,0.0000,0.0000,0.0000,0.0000,0.0015,0.0000,0.0000,0.0476,0.0476,-0.2516,-0.2516,0.0000
1791000705.7351,0.0200,0.1004,0.0000,0.0000,0.0000,0.0000,0.0000,0.0000,0.0000,0.0000,0.0000,0.0000,0.0476,0.0476,-0.2516,-0.2516,0.0000
1791000705.7552,0.0200,0.0988,0.0000,0.0000,0.0000,0.0000,0.0000,0.0000,0.0000,0.0000,0.0000,0.0000,0.0476,0.0476,-0.2516,-0.2516,0.0000
1791000705.7752,0.0200,0.0980,0.0000,0.0000,0.0000,0.0000,0.0000,0.0000,0.0000,0.0000,0.0000,0.0000,0.0476,0.0476,-0.2516,-0.2516,0.0000
1791000705.7950,0.0198,0.1019,0.0000,0.0000,0.0000,0.0000,0.0000,0.0000,0.0000,0.0000,0.0000,0.0000,0.0476,0.0476,-0.2516,-0.2516,0.0000
1791000705.8152,0.0201,0.0978,0.0000,0.0000,0.0000,0.0000,0.0000,0.0000,0.0000,0.0000,0.0000,0.0000,0.0476,0.0476,-0.2516,-0.2516,0.0000
1791000705.8351,0.0200,0.1000,0.0000,0.0000,0.0000,0.0000,0.0000,0.0000,0.0000,0.0000,0.0000,0.0000,0.0476,0.0476,-0.2516,-0.2516,0.0000
1791000705.8552,0.0200,0.1010,0.0000,0.0000,0.0000,0.0000,0.0000,0.0000,0.0000,-0.0015,0.0000,0.0000,0.0476,0.0476,-0.2516,-0.2516,0.0000
1791000705.8752,0.0200,0.1432,0.0000,0.0000,0.0000,0.0000,0.0000,0.0000,0.0000,0.0015,0.0000,0.0000,0.0476,0.0476,-0.2516,-0.2516,0.0000
1791000705.8952,0.0200,0.1004,0.0000,0.0000,0.0000,0.0000,0.0000,0.0000,0.0000,0.0000,0.0000,0.0000,0.0476,0.0476,-0.2516,-0.2516,0.0000
1791000705.9151,0.0199,0.0980,0.0000,0.0000,0.0000,0.0000,0.0000,0.0000,0.0000,0.0000,0.0000,0.0000,0.0476,0.0476,-0.2516,-0.2516,0.0000
1791000705.9352,0.0201,0.1016,0.0000,0.0000,0.0000,0.0000,0.0000,0.0000,0.0000,0.0000,0.0000,0.0000,0.0476,0.0476,-0.2516,-0.2516,0.0000
1791000705.9552,0.0200,0.0997,0.0000,0.0000,0.0000,0.0000,0.0000,0.0000,0.0000,0.0000,0.0000,0.0000,0.0476,0.0476,-0.2516,-0.2516,0.0000
1791000705.9752,0.0200,0.0999,0.0000,0.0000,0.0000,0.0000,0.0000,0.0000,0.0000,-0.0015,0.0000,0.0000,0.0476,0.0476,-0.2516,-0.2516,0.0000
1791000705.9952,0.0200,0.1012,0.0000,0.0000,0.0000,0.0000,0.0000,0.0000,0.0000,0.0015,0.0000,0.0000,0.0476,0.0476,-0.2516,-0.2516,0.0000
1791000706.0151,0.0199,0.0975,0.0000,0.0000,0.0000,0.0000,0.0000,0.0000,0.0000,-0.0015,0.0000,0.0000,0.0476,0.0476,-0.2516,-0.2516,0.0000
1791000706.0351,0.0200,0.0997,0.0000,0.0000,0.0000,0.0000,0.0000,0.0000,0.0000,0.0000,0.0000,0.0000,0.0476,0.0476,-0.2516,-0.2516,0.0000
1791000706.0551,0.0199,0.1486,0.0000,0.0000,0.0000,0.0000,0.0000,0.0000,0.0000,0.0015,0.0000,0.0000,0.0476,0.0476,-0.2516,-0.2516,0.0000
1791000706.0752,0.0201,0.1171,0.0000,0.0000,0.0000,0.0000,0.0000,0.0000,0.0000,0.0000,0.0000,0.0000,0.0476,0.0476,-0.2516,-0.2516,0.0000
1791000706.0950,0.0199,0.0927,0.0000,0.0000,0.0000,0.0000,0.0000,0.0000,0.0000,-0.0015,0.0000,0.0000,0.0476,0.0476,-0.2516,-0.2516,0.0000
1791000706.1151,0.0201,0.0977,0.0000,0.0000,0.0000,0.0000,0.0000,0.0000,0.0000,0.0015,0.0000,0.0000,0.0476,0.0476,-0.2516,-0.2516,0.0000
1791000706.1351,0.0200,0.0992,0.0000,0.0000,0.0000,0.0000,0.0000,0.0000,0.0000,0.0000,0.0000,0.0000,0.0476,0.0476,-0.2516,-0.2516,0.0000
1791000706.1550,0.0199,0.0993,0.0000,0.0000,0.0000,0.0000,0.0000,0.0000,0.0000,0.0000,0.0000,0.0000,0.0476,0.0476,-0.2516,-0.2516,0.0000
1791000706.1752,0.0201,0.0984,0.0000,0.0000,0.0000,0.0000,0.0000,0.0000,0.0000,-0.0015,0.0000,0.0000,0.0476,0.0476,-0.2516,-0.2516,0.0000
1791000706.1952,0.0200,0.1006,0.0000,0.0000,0.0000,0.0000,0.0000,0.0000,0.0000,0.0015,0.0000,0.0000,0.0476,0.0476,-0.2516,-0.2516,0.0000
1791000706.2150,0.0199,0.1352,0.0000,0.0000,0.0000,0.0000,0.0000,0.0000,0.0000,0.0000,0.0000,0.0000,0.0476,0.0476,-0.2516,-0.2516,0.0000
1791000706.2351,0.0201,0.0906,0.0000,0.0000,0.0000,0.0000,0.0000,0.0000,0.0000,0.0000,0.0000,0.0000,0.0476,0.0476,-0.2516,-0.2516,0.0000
1791000706.2550,0.0199,0.0815,0.0000,0.0000,0.0000,0.0000,0.0000,0.0000,0.0000,0.0000,0.0000,0.0000,0.0476,0.0476,-0.2516,-0.2516,0.0000
1791000706.2752,0.0201,0.1014,0.0000,0.0000,0.0000,0.0000,0.0000,0.0000,0.0000,0.0000,0.0000,0.0000,0.0476,0.0476,-0.2516,-0.2516,0.0000
1791000706.2951,0.0200,0.0998,0.0000,0.0000,0.0000,0.0000,0.0000,0.0000,0.0000,-0.0015,0.0000,0.0000,0.0476,0.0476,-0.2516,-0.2516,0.0000
1791000706.3151,0.0200,0.0985,0.0000,0.0000,0.0000,0.0000,0.0000,0.0000,0.0000,0.0015,0.0000,0.0000,0.0476,0.0476,-0.2516,-0.2516,0.0000
1791000706.3351,0.0200,0.0977,0.0000,0.0000,0.0000,0.0000,0.0000,0.0000,0.0000,0.0000,0.0000,0.0000,0.0476,0.0476,-0.2516,-0.2516,0.0000
1791000706.3551,0.0199,0.1659,0.0000,0.0000,0.0000,0.0000,0.0000,0.0000,0.0000,0.0000,0.0000,0.0000,0.0476,0.0476,-0.2516,-0.2516,0.0000
1791000706.3752,0.0201,0.1069,0.0000,0.0000,0.0000,0.0000,0.0000,0.0000,0.0000,0.0000,0.0000,0.0000,0.0476,0.0476,-0.2516,-0.2516,0.0000
1791000706.3951,0.0200,0.1005,0.0000,0.0000,0.0000,0.0000,0.0000,0.0000,0.0000,0.0000,0.0000,0.0000,0.0476,0.0476,-0.2516,-0.2516,0.0000
1791000706.4151,0.0200,0.1562,0.0000,0.0000,0.0000,0.0000,0.0000,0.0000,0.0000,0.0000,0.0000,0.0000,0.0476,0.0476,-0.2516,-0.2516,0.0000
1791000706.4351,0.0201,0.0996,0.0000,0.0000,0.0000,0.0000,0.0000,0.0000,0.0000,0.0000,0.0000,0.0000,0.0476,0.0476,-0.2516,-0.2516,0.0000
1791000706.4550,0.0199,0.0985,0.0000,0.0000,0.0000,0.0000,0.0000,0.0000,0.0000,0.0000,0.0000,0.0000,0.0476,0.0476,-0.2516,-0.2516,0.0000
1791000706.4751,0.0201,0.1173,0.0000,0.0000,0.0000,0.0000,0.0000,0.0000,0.0000,0.0000,0.0000,0.0000,0.0476,0.0476,-0.2516,-0.2516,0.0000
1791000706.4951,0.0200,0.1023,0.0000,0.0000,0.0000,0.0000,0.0000,0.0000,0.0000,-0.0015,0.0000,0.0000,0.0476,0.0476,-0.2516,-0.2516,0.0000
1791000706.5151,0.0200,0.1000,0.0000,0.0000,0.0000,0.0000,0.0000,0.0000,0.0000,0.0015,0.0000,0.0000,0.0476,0.0476,-0.2516,-0.2516,0.0000
1791000706.5351,0.0200,0.1033,0.0000,0.0000,0.0000,0.0000,0.0000,0.0000,0.0000,0.0000,0.0000,0.0000,0.0476,0.0476,-0.2516,-0.2516,0.0000
1791000706.5550,0.0199,0.0981,0.0000,0.0000,0.0000,0.0000,0.0000,0.0000,0.0000,0.0000,0.0000,0.0000,0.0476,0.0476,-0.2516,-0.2516,0.0000
1791000706.5751,0.0201,0.0995,0.0000,0.0000,0.0000,0.0000,0.0000,0.0000,0.0000,0.0000,0.0000,0.0000,0.0476,0.0476,-0.2516,-0.2516,0.0000
1791000706.5951,0.0199,0.1526,0.0000,0.0000,0.0000,0.0000,0.0000,0.0000,0.0000,-0.0015,0.0000,0.0000,0.0476,0.0476,-0.2516,-0.2516,0.0000
1791000706.6152,0.0201,0.1033,0.0000,0.0000,0.0000,0.0000,0.0000,0.0000,0.0000,0.0015,0.0000,0.0000,0.0476,0.0476,-0.2516,-0.2516,0.0000
1791000706.6351,0.0200,0.1002,0.0000,0.0000,0.0000,0.0000,0.0000,0.0000,0.0000,0.0000,0.0000,0.0000,0.0476,0.0476,-0.2516,-0.2516,0.0000
1791000706.6552,0.0201,0.1028,0.0000,0.0000,0.0000,0.0000,0.0000,0.0000,0.0000,0.0000,0.0000,0.0000,0.0476,0.0476,-0.2516,-0.2516,0.0000
1791000706.6752,0.0200,0.1046,0.0000,0.0000,0.0000,0.0000,0.0000,0.0000,0.0000,0.0000,0.0000,0.0000,0.0476,0.0476,-0.2516,-0.2516,0.0000
1791000706.6952,0.0200,0.1016,0.0000,0.0000,0.0000,0.0000,0.0000,0.0000,0.0000,-0.0015,0.0000,0.0000,0.0476,0.0476,-0.2516,-0.2516,0.0000
1791000706.7151,0.0200,0.0987,0.0000,0.0000,0.0000,0.0000,0.0000,0.0000,0.0000,0.0015,0.0000,0.0000,0.0476,0.0476,-0.2516,-0.2516,0.0000
1791000706.7351,0.0199,0.1433,0.0000,0.0000,0.0000,0.0000,0.0000,0.0000,0.0000,0.0000,0.0000,0.0000,0.0476,0.0476,-0.2516,-0.2516,0.0000
1791000706.7551,0.0201,0.0797,0.0000,0.0000,0.0000,0.0000,0.0000,0.0000,0.0000,0.0000,0.0000,0.0000,0.0476,0.0476,-0.2516,-0.2516,0.0000
1791000706.7751,0.0200,0.0777,0.0000,0.0000,0.0000,0.0000,0.0000,0.0000,0.0000,0.0000,0.0000,0.0000,0.0476,0.0476,-0.2516,-0.2516,0.0000
1791000706.7951,0.0200,0.1087,0.0000,0.0000,0.0000,0.0000,0.0000,0.0000,0.0000,0.0000,0.0000,0.0000,0.0476,0.0476,-0.2516,-0.2516,0.0000
1791000706.8151,0.0200,0.1188,0.0000,0.0000,0.0000,0.0000,0.0000,0.0000,0.0000,0.0000,0.0000,0.0000,0.0476,0.0476,-0.2516,-0.2516,0.0000
1791000706.8351,0.0200,0.0982,0.0000,0.0000,0.0000,0.0000,0.0000,0.0000,0.0000,0.0000,0.0000,0.0000,0.0476,0.0476,-0.2516,-0.2516,0.0000
1791000706.8551,0.0200,0.0980,0.0000,0.0000,0.0000,0.0000,0.0000,0.0000,0.0000,0.0000,0.0000,0.0000,0.0476,0.0476,-0.2516,-0.2516,0.0000
1791000706.8751,0.0200,0.0976,0.0000,0.0000,0.0000,0.0000,0.0000,0.0000,0.0000,0.0000,0.0000,0.0000,0.0476,0.0476,-0.2516,-0.2516,0.0000
1791000706.8951,0.0200,0.0998,0.0000,0.0000,0.0000,0.0000,0.0000,0.0000,0.0000,0.0000,0.0000,0.0000,0.0476,0.0476,-0.2516,-0.2516,0.0000
1791000706.9150,0.0199,0.1398,0.0000,0.0000,0.0000,0.0000,0.0000,0.0000,0.0000,0.0000,0.0000,0.0000,0.0476,0.0476,-0.2516,-0.2516,0.0000
1791000706.9351,0.0200,0.1302,0.0000,0.0000,0.0000,0.0000,0.0000,0.0000,0.0000,0.0000,0.0000,0.0000,0.0476,0.0476,-0.2516,-0.2516,0.0000
1791000706.9551,0.0200,0.0890,0.0000,0.0000,0.0000,0.0000,0.0000,0.0000,0.0000,0.0000,0.0000,0.0000,0.0476,0.0476,-0.2516,-0.2516,0.0000
1791000706.9751,0.0200,0.0986,0.0000,0.0000,0.0000,0.0000,0.0000,0.0000,0.0000,0.0000,0.0000,0.0000,0.0476,0.0476,-0.2516,-0.2516,0.0000
1791000706.9951,0.0200,0.1103,0.0000,0.0000,0.0000,0.0000,0.0000,0.0000,0.0000,0.0000,0.0000,0.0000,0.0476,0.0476,-0.2516,-0.2516,0.0000
1791000707.0152,0.0200,0.0971,0.0000,0.0000,0.0000,0.0000,0.0000,0.0000,0.0000,0.0000,0.0000,0.0000,0.0476,0.0476,-0.2516,-0.2516,0.0000
1791000707.0350,0.0199,0.1223,0.0000,0.0000,0.0000,0.0000,0.0000,0.0000,0.0000,0.0000,0.0000,0.0000,0.0476,0.0476,-0.2516,-0.2516,0.0000
1791000707.0550,0.0200,0.1139,0.0000,0.0000,0.0000,0.0000,0.0000,0.0000,0.0000,0.0000,0.0000,0.0000,0.0476,0.0476,-0.2516,-0.2516,0.0000
1791000707.0750,0.0200,0.1035,0.0000,0.0000,0.0000,0.0000,0.0000,0.0000,0.0000,0.0000,0.0000,0.0000,0.0476,0.0476,-0.2516,-0.2516,0.0000
1791000707.0950,0.0200,0.1322,0.0000,0.0000,0.0000,0.0000,0.0000,0.0000,0.0000,0.0000,0.0000,0.0000,0.0476,0.0476,-0.2516,-0.2516,0.0000
1791000707.1152,0.0201,0.1081,0.0000,0.0000,0.0000,0.0000,0.0000,0.0000,0.0000,-0.0015,0.0000,0.0000,0.0476,0.0476,-0.2516,-0.2516,0.0000
1791000707.1351,0.0200,0.1018,0.0000,0.0000,0.0000,0.0000,0.0000,0.0000,0.0000,0.0000,0.0000,0.0000,0.0476,0.0476,-0.2516,-0.2516,0.0000
1791000707.1552,0.0201,0.0992,0.0000,0.0000,0.0000,0.0000,0.0000,0.0000,0.0000,0.0015,0.0000,0.0000,0.0476,0.0476,-0.2516,-0.2516,0.0000
1791000707.1751,0.0199,0.0984,0.0000,0.0000,0.0000,0.0000,0.0000,0.0000,0.0000,0.0000,0.0000,0.0000,0.0476,0.0476,-0.2516,-0.2516,0.0000
1791000707.1952,0.0201,0.1009,0.0000,0.0000,0.0000,0.0000,0.0000,0.0000,0.0000,0.0000,0.0000,0.0000,0.0476,0.0476,-0.2516,-0.2516,0.0000
1791000707.2152,0.0199,0.1030,0.0000,0.0000,0.0000,0.0000,0.0000,0.0000,0.0000,0.0000,0.0000,0.0000,0.0476,0.0476,-0.2516,-0.2516,0.0000
1791000707.2352,0.0200,0.0987,0.0000,0.0000,0.0000,0.0000,0.0000,0.0000,0.0000,0.0000,0.0000,0.0000,0.0476,0.0476,-0.2516,-0.2516,0.0000
1791000707.2552,0.0200,0.0979,0.0000,0.0000,0.0000,0.0000,0.0000,0.0000,0.0000,0.0000,0.0000,0.0000,0.0476,0.0476,-0.2516,-0.2516,0.0000
1791000707.2752,0.0200,0.0978,0.0000,0.0000,0.0000,0.0000,0.0000,0.0000,0.0000,0.0000,0.0000,0.0000,0.0476,0.0476,-0.2516,-0.2516,0.0000
1791000707.2951,0.0200,0.1061,0.0000,0.0000,0.0000,0.0000,0.0000,0.0000,0.0000,0.0000,0.0000,0.0000,0.0476,0.0476,-0.2516,-0.2516,0.0000
1791000707.3152,0.0200,0.1056,0.0000,0.0000,0.0000,0.0000,0.0000,0.0000,0.0000,-0.0015,0.0000,0.0000,0.0476,0.0476,-0.2516,-0.2516,0.0000
1791000707.3351,0.0200,0.0985,0.0000,0.0000,0.0000,0.0000,0.0000,0.0000,0.0000,0.0015,0.0000,0.0000,0.0476,0.0476,-0.2516,-0.2516,0.0000
1791000707.3552,0.0200,0.0979,0.0000,0.0000,0.0000,0.0000,0.0000,0.0000,0.0000,0.0000,0.0000,0.0000,0.0476,0.0476,-0.2516,-0.2516,0.0000
1791000707.3750,0.0199,0.0979,0.0000,0.0000,0.0000,0.0000,0.0000,0.0000,0.0000,0.0000,0.0000,0.0000,0.0476,0.0476,-0.2516,-0.2516,0.0000
1791000707.3951,0.0201,0.1003,0.0000,0.0000,0.0000,0.0000,0.0000,0.0000,0.0000,0.0000,0.0000,0.0000,0.0476,0.0476,-0.2516,-0.2516,0.0000
1791000707.4151,0.0200,0.0978,0.0000,0.0000,0.0000,0.0000,0.0000,0.0000,0.0000,0.0000,0.0000,0.0000,0.0476,0.0476,-0.2516,-0.2516,0.0000
1791000707.4351,0.0200,0.0940,0.0000,0.0000,0.0000,0.0000,0.0000,0.0000,0.0000,0.0000,0.0000,0.0000,0.0476,0.0476,-0.2516,-0.2516,0.0000
1791000707.4552,0.0200,0.0980,0.0000,0.0000,0.0000,0.0000,0.0000,0.0000,0.0000,0.0000,0.0000,0.0000,0.0476,0.0476,-0.2516,-0.2516,0.0000
1791000707.4750,0.0199,0.0982,0.0000,0.0000,0.0000,0.0000,0.0000,0.0000,0.0000,0.0000,0.0000,0.0000,0.0476,0.0476,-0.2516,-0.2516,0.0000
1791000707.4951,0.0201,0.1625,0.0000,0.0000,0.0000,0.0000,0.0000,0.0000,0.0000,-0.0015,0.0000,0.0000,0.0476,0.0476,-0.2516,-0.2516,0.0000
1791000707.5152,0.0200,0.1625,0.0000,0.0000,0.0000,0.0000,0.0000,0.0000,0.0000,0.0015,0.0000,0.0000,0.0476,0.0476,-0.2516,-0.2516,0.0000
1791000707.5351,0.0199,0.1705,0.0000,0.0000,0.0000,0.0000,0.0000,0.0000,0.0000,-0.0015,0.0000,0.0000,0.0476,0.0476,-0.2516,-0.2516,0.0000
1791000707.5550,0.0200,0.0561,0.0000,0.0000,0.0000,0.0000,0.0000,0.0000,0.0000,0.0015,0.0000,0.0000,0.0476,0.0476,-0.2516,-0.2516,0.0000
1791000707.5750,0.0200,0.1056,0.0000,0.0000,0.0000,0.0000,0.0000,0.0000,0.0000,0.0000,0.0000,0.0000,0.0476,0.0476,-0.2516,-0.2516,0.0000
1791000707.5951,0.0201,0.1017,0.0000,0.0000,0.0000,0.0000,0.0000,0.0000,0.0000,0.0000,0.0000,0.0000,0.0476,0.0476,-0.2516,-0.2516,0.0000
1791000707.6152,0.0200,0.0969,0.0000,0.0000,0.0000,0.0000,0.0000,0.0000,0.0000,0.0000,0.0000,0.0000,0.0476,0.0506,-0.2516,-0.2516,0.0000
1791000707.6351,0.0199,0.1418,0.0000,0.0000,0.0000,0.0000,0.0000,0.0000,0.0000,0.0000,0.0000,0.0000,0.0476,0.0476,-0.2516,-0.2516,0.0000
1791000707.6551,0.0201,0.1027,0.0000,0.0000,0.0000,0.0000,0.0000,0.0000,0.0000,0.0000,0.0000,0.0000,0.0476,0.0476,-0.2516,-0.2516,0.0000
1791000707.6751,0.0200,0.0949,0.0000,0.0000,0.0000,0.0000,0.0000,0.0000,0.0000,0.0000,0.0000,0.0000,0.0476,0.0476,-0.2516,-0.2516,0.0000
1791000707.6952,0.0201,0.3088,0.0000,0.0000,0.0000,0.0000,0.0000,0.0000,0.0000,0.0000,0.0000,0.0000,0.0476,0.0476,-0.2516,-0.2516,0.0000
1791000707.7151,0.0199,0.0975,0.0000,0.0000,0.0000,0.0000,0.0000,0.0000,0.0000,0.0000,0.0000,0.0000,0.0476,0.0476,-0.2516,-0.2516,0.0000
1791000707.7352,0.0200,0.3753,0.0000,0.0000,0.0000,0.0000,0.0000,0.0000,0.0000,0.0000,0.0000,0.0000,0.0476,0.0476,-0.2516,-0.2516,0.0000
1791000707.7552,0.0200,0.3091,0.0000,0.0000,0.0000,0.0000,0.0000,0.0000,0.0000,0.0000,0.0000,0.0000,0.0476,0.0476,-0.2516,-0.2516,0.0000
1791000707.7752,0.0200,0.1618,0.0000,0.0000,0.0000,0.0000,0.0000,0.0000,0.0000,0.0000,0.0000,0.0000,0.0476,0.0476,-0.2516,-0.2516,0.0000
1791000707.7951,0.0199,0.1033,0.0000,0.0000,0.0000,0.0000,0.0000,0.0000,0.0000,0.0000,0.0000,0.0000,0.0476,0.0476,-0.2516,-0.2531,0.0000
1791000707.8151,0.0200,0.1095,0.0000,0.0000,0.0000,0.0000,0.0000,0.0000,0.0000,0.0000,0.0000,0.0000,0.0476,0.0476,-0.2516,-0.2516,0.0000
1791000707.8352,0.0200,0.1535,0.0000,0.0000,0.0000,0.0000,0.0000,0.0000,0.0000,-0.0015,0.0000,0.0000,0.0476,0.0476,-0.2516,-0.2516,0.0000
1791000707.8552,0.0200,0.1619,0.0000,0.0000,0.0000,0.0000,0.0000,0.0000,0.0000,0.0015,0.0000,0.0000,0.0476,0.0476,-0.2516,-0.2516,0.0000
1791000707.8752,0.0200,0.1075,0.0000,0.0000,0.0000,0.0000,0.0000,0.0000,0.0000,0.0000,0.0000,0.0000,0.0476,0.0476,-0.2516,-0.2516,0.0000
1791000707.8951,0.0200,0.1048,0.0000,0.0000,0.0000,0.0000,0.0000,0.0000,0.0000,0.0000,0.0000,0.0000,0.0476,0.0476,-0.2516,-0.2516,0.0000
1791000707.9152,0.0200,0.0978,0.0000,0.0000,0.0000,0.0000,0.0000,0.0000,0.0000,0.0000,0.0000,0.0000,0.0476,0.0476,-0.2516,-0.2516,0.0000
1791000707.9351,0.0200,0.1021,0.0000,0.0000,0.0000,0.0000,0.0000,0.0000,0.0000,0.0000,0.0000,0.0000,0.0476,0.0476,-0.2516,-0.2516,0.0000
1791000707.9551,0.0200,0.1073,0.0000,0.0000,0.0000,0.0000,0.0000,0.0000,0.0000,0.0000,0.0000,0.0000,0.0476,0.0476,-0.2516,-0.2516,0.0000
1791000707.9752,0.0200,0.0983,0.0000,0.0000,0.0000,0.0000,0.0000,0.0000,0.0000,-0.0015,0.0000,0.0000,0.0476,0.0476,-0.2516,-0.2516,0.0000
1791000707.9951,0.0200,0.1004,0.0000,0.0000,0.0000,0.0000,0.0000,0.0000,0.0000,0.0000,0.0000,0.0000,0.0476,0.0476,-0.2516,-0.2516,0.0000
1791000708.0152,0.0200,0.0980,0.0000,0.0000,0.0000,0.0000,0.0000,0.0000,0.0000,0.0000,0.0000,0.0000,0.0476,0.0476,-0.2516,-0.2516,0.0000
1791000708.0351,0.0200,0.0971,0.0000,0.0000,0.0000,0.0000,0.0000,0.0000,0.0000,0.0015,0.0000,0.0000,0.0476,0.0476,-0.2516,-0.2516,0.0000
1791000708.0551,0.0200,0.0981,0.0000,0.0000,0.0000,0.0000,0.0000,0.0000,0.0000,0.0000,0.0000,0.0000,0.0476,0.0476,-0.2516,-0.2516,0.0000
1791000708.0751,0.0200,0.0976,0.0000,0.0000,0.0000,0.0000,0.0000,0.0000,0.0000,-0.0015,0.0000,0.0000,0.0476,0.0476,-0.2516,-0.2516,0.0000
1791000708.0951,0.0200,0.0984,0.0000,0.0000,0.0000,0.0000,0.0000,0.0000,0.0000,0.0015,0.0000,0.0000,0.0476,0.0476,-0.2516,-0.2516,0.0000
1791000708.1151,0.0200,0.1358,0.0000,0.0000,0.0000,0.0000,0.0000,0.0000,0.0000,-0.0015,0.0000,0.0000,0.0476,0.0476,-0.2516,-0.2516,0.0000
1791000708.1352,0.0200,0.1047,0.0000,0.0000,0.0000,0.0000,0.0000,0.0000,0.0000,0.0000,0.0000,0.0000,0.0476,0.0476,-0.2516,-0.2516,0.0000
1791000708.1551,0.0200,0.1033,0.0000,0.0000,0.0000,0.0000,0.0000,0.0000,0.0000,0.0015,0.0000,0.0000,0.0476,0.0476,-0.2516,-0.2516,0.0000
1791000708.1752,0.0200,0.1255,0.0000,0.0000,0.0000,0.0000,0.0000,0.0000,0.0000,0.0000,0.0000,0.0000,0.0476,0.0476,-0.2516,-0.2516,0.0000
1791000708.1952,0.0200,0.1356,0.0000,0.0000,0.0000,0.0000,0.0000,0.0000,0.0000,-0.0015,0.0000,0.0000,0.0476,0.0476,-0.2516,-0.2516,0.0000
1791000708.2152,0.0200,0.1044,0.0000,0.0000,0.0000,0.0000,0.0000,0.0000,0.0000,0.0015,0.0000,0.0000,0.0476,0.0476,-0.2516,-0.2516,0.0000
1791000708.2350,0.0199,0.1105,0.0000,0.0000,0.0000,0.0000,0.0000,0.0000,0.0000,0.0000,0.0000,0.0000,0.0476,0.0476,-0.2516,-0.2516,0.0000
1791000708.2551,0.0201,0.1012,0.0000,0.0000,0.0000,0.0000,0.0000,0.0000,0.0000,0.0000,0.0000,0.0000,0.0476,0.0476,-0.2516,-0.2516,0.0000
1791000708.2751,0.0200,0.0973,0.0000,0.0000,0.0000,0.0000,0.0000,0.0000,0.0000,0.0000,0.0000,0.0000,0.0476,0.0476,-0.2516,-0.2516,0.0000
1791000708.2951,0.0200,0.1075,0.0000,0.0000,0.0000,0.0000,0.0000,0.0000,0.0000,0.0000,0.0000,0.0000,0.0476,0.0476,-0.2516,-0.2516,0.0000
1791000708.3151,0.0200,0.1163,0.0000,0.0000,0.0000,0.0000,0.0000,0.0000,0.0000,0.0000,0.0000,0.0000,0.0476,0.0476,-0.2516,-0.2516,0.0000
1791000708.3351,0.0200,0.1047,0.0000,0.0000,0.0000,0.0000,0.0000,0.0000,0.0000,-0.0015,0.0000,0.0000,0.0476,0.0476,-0.2516,-0.2516,0.0000
1791000708.3551,0.0200,0.1056,0.0000,0.0000,0.0000,0.0000,0.0000,0.0000,0.0000,0.0000,0.0000,0.0000,0.0476,0.0506,-0.2516,-0.2516,0.0000
1791000708.3750,0.0199,0.1024,0.0000,0.0000,0.0000,0.0000,0.0000,0.0000,0.0000,0.0015,0.0000,0.0000,0.0476,0.0476,-0.2516,-0.2516,0.0000
1791000708.3951,0.0201,0.1031,0.0000,0.0000,0.0000,0.0000,0.0000,0.0000,0.0000,0.0000,0.0000,0.0000,0.0476,0.0476,-0.2516,-0.2516,0.0000
1791000708.4151,0.0200,0.1116,0.0000,0.0000,0.0000,0.0000,0.0000,0.0000,0.0000,0.0000,0.0000,0.0000,0.0476,0.0476,-0.2516,-0.2516,0.0000
1791000708.4351,0.0200,0.0977,0.0000,0.0000,0.0000,0.0000,0.0000,0.0000,0.0000,0.0000,0.0000,0.0000,0.0476,0.0476,-0.2516,-0.2516,0.0000
1791000708.4552,0.0201,0.0980,0.0000,0.0000,0.0000,0.0000,0.0000,0.0000,0.0000,0.0000,0.0000,0.0000,0.0476,0.0476,-0.2516,-0.2516,0.0000
1791000708.4752,0.0200,0.0978,0.0000,0.0000,0.0000,0.0000,0.0000,0.0000,0.0000,-0.0015,0.0000,0.0000,0.0476,0.0476,-0.2516,-0.2516,0.0000
1791000708.4952,0.0200,0.0974,0.0000,0.0000,0.0000,0.0000,0.0000,0.0000,0.0000,0.0015,0.0000,0.0000,0.0476,0.0476,-0.2516,-0.2516,0.0000
1791000708.5151,0.0200,0.1427,0.0000,0.0000,0.0000,0.0000,0.0000,0.0000,0.0000,0.0000,0.0000,0.0000,0.0476,0.0476,-0.2516,-0.2516,0.0000
1791000708.5352,0.0200,0.1002,0.0000,0.0000,0.0000,0.0000,0.0000,0.0000,0.0000,0.0000,0.0000,0.0000,0.0476,0.0476,-0.2516,-0.2516,0.0000
1791000708.5552,0.0200,0.1111,0.0000,0.0000,0.0000,0.0000,0.0000,0.0000,0.0000,0.0000,0.0000,0.0000,0.0476,0.0476,-0.2516,-0.2516,0.0000
1791000708.5752,0.0200,0.1042,0.0000,0.0000,0.0000,0.0000,0.0000,0.0000,0.0000,0.0000,0.0000,0.0000,0.0476,0.0476,-0.2516,-0.2516,0.0000
1791000708.5952,0.0200,0.1305,0.0000,0.0000,0.0000,0.0000,0.0000,0.0000,0.0000,0.0000,0.0000,0.0000,0.0476,0.0476,-0.2516,-0.2516,0.0000
1791000708.6152,0.0200,0.1041,0.0000,0.0000,0.0000,0.0000,0.0000,0.0000,0.0000,0.0000,0.0000,0.0000,0.0476,0.0476,-0.2516,-0.2516,0.0000
1791000708.6352,0.0200,0.1007,0.0000,0.0000,0.0000,0.0000,0.0000,0.0000,0.0000,-0.0015,0.0000,0.0000,0.0476,0.0476,-0.2516,-0.2516,0.0000
1791000708.6552,0.0200,0.1026,0.0000,0.0000,0.0000,0.0000,0.0000,0.0000,0.0000,0.0000,0.0000,0.0000,0.0476,0.0476,-0.2516,-0.2516,0.0000
1791000708.6751,0.0200,0.1015,0.0000,0.0000,0.0000,0.0000,0.0000,0.0000,0.0000,0.0015,0.0000,0.0000,0.0476,0.0476,-0.2516,-0.2516,0.0000
1791000708.6952,0.0200,0.1079,0.0000,0.0000,0.0000,0.0000,0.0000,0.0000,0.0000,0.0000,0.0000,0.0000,0.0476,0.0476,-0.2516,-0.2516,0.0000
1791000708.7152,0.0200,0.1537,0.0000,0.0000,0.0000,0.0000,0.0000,0.0000,0.0000,-0.0015,0.0000,0.0000,0.0476,0.0476,-0.2516,-0.2516,0.0000
1791000708.7352,0.0200,0.1009,0.0000,0.0000,0.0000,0.0000,0.0000,0.0000,0.0000,0.0000,0.0000,0.0000,0.0476,0.0476,-0.2516,-0.2516,0.0000
1791000708.7551,0.0199,0.1033,0.0000,0.0000,0.0000,0.0000,0.0000,0.0000,0.0000,0.0015,0.0000,0.0000,0.0476,0.0476,-0.2516,-0.2516,0.0000
1791000708.7750,0.0199,0.1344,0.0000,0.0000,0.0000,0.0000,0.0000,0.0000,0.0000,0.0000,0.0000,0.0000,0.0476,0.0476,-0.2516,-0.2516,0.0000
1791000708.7951,0.0201,0.1132,0.0000,0.0000,0.0000,0.0000,0.0000,0.0000,0.0000,-0.0015,0.0000,0.0000,0.0476,0.0476,-0.2516,-0.2516,0.0000
1791000708.8151,0.0200,0.1084,0.0000,0.0000,0.0000,0.0000,0.0000,0.0000,0.0000,0.0015,0.0000,0.0000,0.0476,0.0476,-0.2516,-0.2516,0.0000
1791000708.8351,0.0199,0.1419,0.0000,0.0000,0.0000,0.0000,0.0000,0.0000,0.0000,0.0000,0.0000,0.0000,0.0476,0.0476,-0.2516,-0.2516,0.0000
1791000708.8552,0.0201,0.1111,0.0000,0.0000,0.0000,0.0000,0.0000,0.0000,0.0000,0.0000,0.0000,0.0000,0.0476,0.0476,-0.2516,-0.2516,0.0000
1791000708.8751,0.0200,0.3279,0.0000,0.0000,0.0000,0.0000,0.0000,0.0000,0.0000,0.0000,0.0000,0.0000,0.0476,0.0476,-0.2516,-0.2516,0.0000
1791000708.8952,0.0200,0.3683,0.0000,0.0000,0.0000,0.0000,0.0000,0.0000,0.0000,0.0000,0.0000,0.0000,0.0476,0.0476,-0.2516,-0.2516,0.0000
1791000708.9152,0.0201,0.1420,0.0000,0.0000,0.0000,0.0000,0.0000,0.0000,0.0000,0.0000,0.0000,0.0000,0.0476,0.0476,-0.2516,-0.2516,0.0000
1791000708.9350,0.0198,0.0985,0.0000,0.0000,0.0000,0.0000,0.0000,0.0000,0.0000,-0.0015,0.0000,0.0000,0.0476,0.0506,-0.2516,-0.2516,0.0000
1791000708.9552,0.0201,0.3053,0.0000,0.0000,0.0000,0.0000,0.0000,0.0000,0.0000,0.0015,0.0000,0.0000,0.0476,0.0476,-0.2516,-0.2516,0.0000
1791000708.9752,0.0200,0.3356,0.0000,0.0000,0.0000,0.0000,0.0000,0.0000,0.0000,0.0000,0.0000,0.0000,0.0476,0.0476,-0.2516,-0.2516,0.0000
1791000708.9952,0.0200,0.3284,0.0000,0.0000,0.0000,0.0000,0.0000,0.0000,0.0000,0.0000,0.0000,0.0000,0.0476,0.0476,-0.2516,-0.2516,0.0000
1791000709.0152,0.0200,0.0979,0.0000,0.0000,0.0000,0.0000,0.0000,0.0000,0.0000,0.0000,0.0000,0.0000,0.0476,0.0476,-0.2516,-0.2516,0.0000
1791000709.0351,0.0200,0.1021,0.0000,0.0000,0.0000,0.0000,0.0000,0.0000,0.0000,0.0000,0.0000,0.0000,0.0476,0.0476,-0.2516,-0.2516,0.0000
1791000709.0552,0.0200,0.1519,0.0000,0.0000,0.0000,0.0000,0.0000,0.0000,0.0000,0.0000,0.0000,0.0000,0.0476,0.0476,-0.2516,-0.2516,0.0000
1791000709.0752,0.0200,0.1010,0.0000,0.0000,0.0000,0.0000,0.0000,0.0000,0.0000,0.0000,0.0000,0.0000,0.0476,0.0476,-0.2516,-0.2516,0.0000
1791000709.0952,0.0200,0.0980,0.0000,0.0000,0.0000,0.0000,0.0000,0.0000,0.0000,0.0000,0.0000,0.0000,0.0476,0.0476,-0.2516,-0.2516,0.0000
1791000709.1152,0.0200,0.0982,0.0000,0.0000,0.0000,0.0000,0.0000,0.0000,0.0000,0.0000,0.0000,0.0000,0.0476,0.0476,-0.2516,-0.2516,0.0000
1791000709.1352,0.0200,0.0983,0.0000,0.0000,0.0000,0.0000,0.0000,0.0000,0.0000,0.0000,0.0000,0.0000,0.0476,0.0476,-0.2516,-0.2516,0.0000
1791000709.1552,0.0200,0.0977,0.0000,0.0000,0.0000,0.0000,0.0000,0.0000,0.0000,0.0000,0.0000,0.0000,0.0476,0.0476,-0.2516,-0.2516,0.0000
1791000709.1752,0.0200,0.0995,0.0000,0.0000,0.0000,0.0000,0.0000,0.0000,0.0000,0.0000,0.0000,0.0000,0.0476,0.0476,-0.2516,-0.2516,0.0000
1791000709.1952,0.0200,0.1083,0.0000,0.0000,0.0000,0.0000,0.0000,0.0000,0.0000,-0.0015,0.0000,0.0000,0.0476,0.0476,-0.2516,-0.2516,0.0000
1791000709.2152,0.0200,0.1033,0.0000,0.0000,0.0000,0.0000,0.0000,0.0000,0.0000,0.0000,0.0000,0.0000,0.0476,0.0476,-0.2516,-0.2516,0.0000
1791000709.2351,0.0199,0.1034,0.0000,0.0000,0.0000,0.0000,0.0000,0.0000,0.0000,0.0015,0.0000,0.0000,0.0476,0.0476,-0.2516,-0.2531,0.0000
1791000709.2552,0.0200,0.1031,0.0000,0.0000,0.0000,0.0000,0.0000,0.0000,0.0000,0.0000,0.0000,0.0000,0.0476,0.0476,-0.2516,-0.2516,0.0000
1791000709.2752,0.0200,0.1028,0.0000,0.0000,0.0000,0.0000,0.0000,0.0000,0.0000,-0.0015,0.0000,0.0000,0.0476,0.0476,-0.2516,-0.2516,0.0000
1791000709.2951,0.0199,0.1506,0.0000,0.0000,0.0000,0.0000,0.0000,0.0000,0.0000,0.0015,0.0000,0.0000,0.0476,0.0476,-0.2516,-0.2516,0.0000
1791000709.3152,0.0201,0.1080,0.0000,0.0000,0.0000,0.0000,0.0000,0.0000,0.0000,-0.0015,0.0000,0.0000,0.0476,0.0476,-0.2516,-0.2516,0.0000
1791000709.3352,0.0200,0.1038,0.0000,0.0000,0.0000,0.0000,0.0000,0.0000,0.0000,0.0015,0.0000,0.0000,0.0476,0.0476,-0.2516,-0.2516,0.0000
1791000709.3552,0.0200,0.1031,0.0000,0.0000,0.0000,0.0000,0.0000,0.0000,0.0000,0.0000,0.0000,0.0000,0.0476,0.0476,-0.2516,-0.2516,0.0000
1791000709.3751,0.0200,0.1041,0.0000,0.0000,0.0000,0.0000,0.0000,0.0000,0.0000,0.0000,0.0000,0.0000,0.0476,0.0476,-0.2516,-0.2516,0.0000
1791000709.3951,0.0200,0.1106,0.0000,0.0000,0.0000,0.0000,0.0000,0.0000,0.0000,0.0000,0.0000,0.0000,0.0476,0.0476,-0.2516,-0.2516,0.0000
1791000709.4152,0.0200,0.1852,0.0000,0.0000,0.0000,0.0000,0.0000,0.0000,0.0000,-0.0015,0.0000,0.0000,0.0476,0.0506,-0.2516,-0.2516,0.0000
1791000709.4351,0.0200,0.1090,0.0000,0.0000,0.0000,0.0000,0.0000,0.0000,0.0000,0.0015,0.0000,0.0000,0.0476,0.0476,-0.2516,-0.2516,0.0000
1791000709.4551,0.0200,0.1035,0.0000,0.0000,0.0000,0.0000,0.0000,0.0000,0.0000,0.0000,0.0000,0.0000,0.0476,0.0476,-0.2516,-0.2516,0.0000
1791000709.4751,0.0200,0.1038,0.0000,0.0000,0.0000,0.0000,0.0000,0.0000,0.0000,0.0000,0.0000,0.0000,0.0476,0.0476,-0.2516,-0.2516,0.0000
1791000709.4951,0.0200,0.1054,0.0000,0.0000,0.0000,0.0000,0.0000,0.0000,0.0000,-0.0015,0.0000,0.0000,0.0476,0.0476,-0.2516,-0.2516,0.0000
1791000709.5152,0.0200,0.1050,0.0000,0.0000,0.0000,0.0000,0.0000,0.0000,0.0000,0.0015,0.0000,0.0000,0.0476,0.0476,-0.2516,-0.2516,0.0000
1791000709.5351,0.0200,0.1037,0.0000,0.0000,0.0000,0.0000,0.0000,0.0000,0.0000,0.0000,0.0000,0.0000,0.0476,0.0476,-0.2516,-0.2516,0.0000
1791000709.5552,0.0200,0.1050,0.0000,0.0000,0.0000,0.0000,0.0000,0.0000,0.0000,0.0000,0.0000,0.0000,0.0476,0.0476,-0.2516,-0.2516,0.0000
1791000709.5751,0.0200,0.1042,0.0000,0.0000,0.0000,0.0000,0.0000,0.0000,0.0000,0.0000,0.0000,0.0000,0.0476,0.0476,-0.2516,-0.2516,0.0000
1791000709.5951,0.0200,0.1099,0.0000,0.0000,0.0000,0.0000,0.0000,0.0000,0.0000,0.0000,0.0000,0.0000,0.0476,0.0476,-0.2516,-0.2516,0.0000
1791000709.6152,0.0201,0.1048,0.0000,0.0000,0.0000,0.0000,0.0000,0.0000,0.0000,0.0000,0.0000,0.0000,0.0476,0.0476,-0.2516,-0.2516,0.0000
1791000709.6351,0.0199,0.1080,0.0000,0.0000,0.0000,0.0000,0.0000,0.0000,0.0000,0.0000,0.0000,0.0000,0.0476,0.0476,-0.2516,-0.2516,0.0000
1791000709.6552,0.0200,0.1058,0.0000,0.0000,0.0000,0.0000,0.0000,0.0000,0.0000,0.0000,0.0000,0.0000,0.0476,0.0476,-0.2516,-0.2516,0.0000
1791000709.6752,0.0200,0.1059,0.0000,0.0000,0.0000,0.0000,0.0000,0.0000,0.0000,0.0000,0.0000,0.0000,0.0476,0.0476,-0.2516,-0.2516,0.0000
1791000709.6952,0.0200,0.1033,0.0000,0.0000,0.0000,0.0000,0.0000,0.0000,0.0000,0.0000,0.0000,0.0000,0.0476,0.0476,-0.2516,-0.2516,0.0000
1791000709.7152,0.0200,0.1046,0.0000,0.0000,0.0000,0.0000,0.0000,0.0000,0.0000,-0.0015,0.0000,0.0000,0.0476,0.0476,-0.2516,-0.2516,0.0000
1791000709.7352,0.0200,0.1042,0.0000,0.0000,0.0000,0.0000,0.0000,0.0000,0.0000,0.0015,0.0000,0.0000,0.0476,0.0476,-0.2516,-0.2516,0.0000
1791000709.7552,0.0200,0.1038,0.0000,0.0000,0.0000,0.0000,0.0000,0.0000,0.0000,0.0000,0.0000,0.0000,0.0476,0.0476,-0.2516,-0.2516,0.0000
1791000709.7752,0.0200,0.1048,0.0000,0.0000,0.0000,0.0000,0.0000,0.0000,0.0000,-0.0015,0.0000,0.0000,0.0476,0.0476,-0.2516,-0.2516,0.0000
1791000709.7951,0.0199,0.1053,0.0000,0.0000,0.0000,0.0000,0.0000,0.0000,0.0000,0.0015,0.0000,0.0000,0.0476,0.0476,-0.2516,-0.2516,0.0000
1791000709.8152,0.0200,0.1340,0.0000,0.0000,0.0000,0.0000,0.0000,0.0000,0.0000,-0.0015,0.0000,0.0000,0.0476,0.0476,-0.2516,-0.2516,0.0000
1791000709.8352,0.0200,0.1214,0.0000,0.0000,0.0000,0.0000,0.0000,0.0000,0.0000,0.0015,0.0000,0.0000,0.0476,0.0476,-0.2516,-0.2516,0.0000
1791000709.8551,0.0200,0.1049,0.0000,0.0000,0.0000,0.0000,0.0000,0.0000,0.0000,0.0000,0.0000,0.0000,0.0476,0.0476,-0.2516,-0.2516,0.0000
1791000709.8751,0.0200,0.1041,0.0000,0.0000,0.0000,0.0000,0.0000,0.0000,0.0000,-0.0015,0.0000,0.0000,0.0476,0.0506,-0.2516,-0.2516,0.0000
1791000709.8952,0.0200,0.1106,0.0000,0.0000,0.0000,0.0000,0.0000,0.0000,0.0000,0.0015,0.0000,0.0000,0.0476,0.0476,-0.2516,-0.2516,0.0000
1791000709.9151,0.0200,0.1051,0.0000,0.0000,0.0000,0.0000,0.0000,0.0000,0.0000,-0.0015,0.0000,0.0000,0.0476,0.0476,-0.2516,-0.2516,0.0000
1791000709.9352,0.0200,0.1043,0.0000,0.0000,0.0000,0.0000,0.0000,0.0000,0.0000,0.0000,0.0000,0.0000,0.0476,0.0476,-0.2516,-0.2516,0.0000
1791000709.9551,0.0200,0.1103,0.0000,0.0000,0.0000,0.0000,0.0000,0.0000,0.0000,0.0015,0.0000,0.0000,0.0476,0.0476,-0.2516,-0.2516,0.0000
1791000709.9751,0.0200,0.1044,0.0000,0.0000,0.0000,0.0000,0.0000,0.0000,0.0000,-0.0015,0.0000,0.0000,0.0476,0.0476,-0.2516,-0.2516,0.0000
1791000709.9952,0.0200,0.1074,0.0000,0.0000,0.0000,0.0000,0.0000,0.0000,0.0000,0.0015,0.0000,0.0000,0.0476,0.0476,-0.2516,-0.2516,0.0000
1791000710.0152,0.0200,0.1066,0.0000,0.0000,0.0000,0.0000,0.0000,0.0000,0.0000,0.0000,0.0000,0.0000,0.0476,0.0476,-0.2516,-0.2516,0.0000
1791000710.0352,0.0200,0.1058,0.0000,0.0000,0.0000,0.0000,0.0000,0.0000,0.0000,0.0000,0.0000,0.0000,0.0476,0.0476,-0.2516,-0.2516,0.0000
1791000710.0552,0.0200,0.1058,0.0000,0.0000,0.0000,0.0000,0.0000,0.0000,0.0000,0.0000,0.0000,0.0000,0.0476,0.0476,-0.2516,-0.2516,0.0000
1791000710.0750,0.0199,0.1100,0.0000,0.0000,0.0000,0.0000,0.0000,0.0000,0.0000,-0.0015,0.0000,0.0000,0.0476,0.0476,-0.2516,-0.2516,0.0000
1791000710.0952,0.0202,0.1459,0.0000,0.0000,0.0000,0.0000,0.0000,0.0000,0.0000,0.0015,0.0000,0.0000,0.0476,0.0476,-0.2516,-0.2516,0.0000
1791000710.1151,0.0199,0.1095,0.0000,0.0000,0.0000,0.0000,0.0000,0.0000,0.0000,-0.0015,0.0000,0.0000,0.0476,0.0476,-0.2516,-0.2516,0.0000
1791000710.1351,0.0200,0.1734,0.0000,0.0000,0.0000,0.0000,0.0000,0.0000,0.0000,0.0000,0.0000,0.0000,0.0476,0.0476,-0.2516,-0.2516,0.0000
1791000710.1551,0.0200,0.1037,0.0000,0.0000,0.0000,0.0000,0.0000,0.0000,0.0000,0.0015,0.0000,0.0000,0.0476,0.0476,-0.2516,-0.2516,0.0000
1791000710.1751,0.0200,0.3504,0.0000,0.0000,0.0000,0.0000,0.0000,0.0000,0.0000,-0.0015,0.0000,0.0000,0.0476,0.0476,-0.2516,-0.2516,0.0000
1791000710.1951,0.0200,0.1004,0.0000,0.0000,0.0000,0.0000,0.0000,0.0000,0.0000,0.0015,0.0000,0.0000,0.0476,0.0476,-0.2516,-0.2516,0.0000
1791000710.2151,0.0200,0.1035,0.0000,0.0000,0.0000,0.0000,0.0000,0.0000,0.0000,0.0000,0.0000,0.0000,0.0476,0.0476,-0.2516,-0.2516,0.0000
1791000710.2352,0.0201,0.1919,0.0000,0.0000,0.0000,0.0000,0.0000,0.0000,0.0000,-0.0015,0.0000,0.0000,0.0476,0.0476,-0.2516,-0.2516,0.0000
1791000710.2552,0.0200,0.1175,0.0000,0.0000,0.0000,0.0000,0.0000,0.0000,0.0000,0.0015,0.0000,0.0000,0.0476,0.0476,-0.2516,-0.2516,0.0000
1791000710.2752,0.0200,0.1041,0.0000,0.0000,0.0000,0.0000,0.0000,0.0000,0.0000,0.0000,0.0000,0.0000,0.0476,0.0476,-0.2516,-0.2516,0.0000
1791000710.2952,0.0200,0.1138,0.0000,0.0000,0.0000,0.0000,0.0000,0.0000,0.0000,-0.0015,0.0000,0.0000,0.0476,0.0476,-0.2516,-0.2516,0.0000
1791000710.3151,0.0199,0.1058,0.0000,0.0000,0.0000,0.0000,0.0000,0.0000,0.0000,0.0015,0.0000,0.0000,0.0476,0.0476,-0.2516,-0.2516,0.0000
1791000710.3352,0.0201,0.1041,0.0000,0.0000,0.0000,0.0000,0.0000,0.0000,0.0000,0.0000,0.0000,0.0000,0.0476,0.0476,-0.2516,-0.2516,0.0000
1791000710.3552,0.0200,0.1046,0.0000,0.0000,0.0000,0.0000,0.0000,0.0000,0.0000,-0.0015,0.0000,0.0000,0.0476,0.0476,-0.2516,-0.2516,0.0000
1791000710.3752,0.0200,0.1036,0.0000,0.0000,0.0000,0.0000,0.0000,0.0000,0.0000,0.0015,0.0000,0.0000,0.0476,0.0476,-0.2516,-0.2516,0.0000
1791000710.3952,0.0200,0.1050,0.0000,0.0000,0.0000,0.0000,0.0000,0.0000,0.0000,0.0000,0.0000,0.0000,0.0476,0.0476,-0.2516,-0.2516,0.0000
1791000710.4152,0.0200,0.1722,0.0000,0.0000,0.0000,0.0000,0.0000,0.0000,0.0000,0.0000,0.0000,0.0000,0.0476,0.0476,-0.2516,-0.2516,0.0000
1791000710.4352,0.0200,0.1596,0.0000,0.0000,0.0000,0.0000,0.0000,0.0000,0.0000,0.0000,0.0000,0.0000,0.0476,0.0476,-0.2516,-0.2516,0.0000
1791000710.4551,0.0200,0.1124,0.0000,0.0000,0.0000,0.0000,0.0000,0.0000,0.0000,0.0000,0.0000,0.0000,0.0476,0.0476,-0.2516,-0.2516,0.0000
1791000710.4751,0.0200,0.0983,0.0000,0.0000,0.0000,0.0000,0.0000,0.0000,0.0000,0.0000,0.0000,0.0000,0.0476,0.0476,-0.2516,-0.2516,0.0000
1791000710.4951,0.0199,0.1556,0.0000,0.0000,0.0000,0.0000,0.0000,0.0000,0.0000,0.0000,0.0000,0.0000,0.0476,0.0476,-0.2516,-0.2516,0.0000
1791000710.5151,0.0201,0.1040,0.0000,0.0000,0.0000,0.0000,0.0000,0.0000,0.0000,0.0000,0.0000,0.0000,0.0476,0.0476,-0.2516,-0.2516,0.0000
1791000710.5351,0.0200,0.1018,0.0000,0.0000,0.0000,0.0000,0.0000,0.0000,0.0000,0.0000,0.0000,0.0000,0.0476,0.0476,-0.2516,-0.2516,0.0000
1791000710.5552,0.0200,0.0989,0.0000,0.0000,0.0000,0.0000,0.0000,0.0000,0.0000,-0.0015,0.0000,0.0000,0.0476,0.0476,-0.2516,-0.2516,0.0000
1791000710.5752,0.0200,0.0986,0.0000,0.0000,0.0000,0.0000,0.0000,0.0000,0.0000,0.0015,0.0000,0.0000,0.0476,0.0476,-0.2516,-0.2516,0.0000
1791000710.5951,0.0200,0.1013,0.0000,0.0000,0.0000,0.0000,0.0000,0.0000,0.0000,0.0000,0.0000,0.0000,0.0476,0.0476,-0.2516,-0.2516,0.0000
1791000710.6152,0.0200,0.1000,0.0000,0.0000,0.0000,0.0000,0.0000,0.0000,0.0000,-0.0015,0.0000,0.0000,0.0476,0.0476,-0.2516,-0.2516,0.0000
1791000710.6351,0.0199,0.0976,0.0000,0.0000,0.0000,0.0000,0.0000,0.0000,0.0000,0.0000,0.0000,0.0000,0.0476,0.0476,-0.2516,-0.2516,0.0000
1791000710.6552,0.0201,0.1230,0.0000,0.0000,0.0000,0.0000,0.0000,0.0000,0.0000,0.0015,0.0000,0.0000,0.0476,0.0476,-0.2516,-0.2516,0.0000
1791000710.6752,0.0200,0.0996,0.0000,0.0000,0.0000,0.0000,0.0000,0.0000,0.0000,0.0000,0.0000,0.0000,0.0476,0.0476,-0.2516,-0.2516,0.0000
1791000710.6952,0.0200,0.0985,0.0000,0.0000,0.0000,0.0000,0.0000,0.0000,0.0000,-0.0015,0.0000,0.0000,0.0476,0.0476,-0.2516,-0.2516,0.0000
1791000710.7152,0.0200,0.0977,0.0000,0.0000,0.0000,0.0000,0.0000,0.0000,0.0000,0.0000,0.0000,0.0000,0.0476,0.0476,-0.2516,-0.2516,0.0000
1791000710.7351,0.0199,0.1584,0.0000,0.0000,0.0000,0.0000,0.0000,0.0000,0.0000,0.0015,0.0000,0.0000,0.0476,0.0476,-0.2516,-0.2516,0.0000
1791000710.7551,0.0200,0.1027,0.0000,0.0000,0.0000,0.0000,0.0000,0.0000,0.0000,-0.0015,0.0000,0.0000,0.0476,0.0476,-0.2516,-0.2516,0.0000
1791000710.7751,0.0200,0.0988,0.0000,0.0000,0.0000,0.0000,0.0000,0.0000,0.0000,0.0015,0.0000,0.0000,0.0476,0.0476,-0.2516,-0.2516,0.0000
1791000710.7951,0.0200,0.1085,0.0000,0.0000,0.0000,0.0000,0.0000,0.0000,0.0000,0.0000,0.0000,0.0000,0.0476,0.0476,-0.2516,-0.2516,0.0000
1791000710.8152,0.0200,0.1080,0.0000,0.0000,0.0000,0.0000,0.0000,0.0000,0.0000,-0.0015,0.0000,0.0000,0.0476,0.0476,-0.2516,-0.2516,0.0000
1791000710.8352,0.0200,0.1048,0.0000,0.0000,0.0000,0.0000,0.0000,0.0000,0.0000,0.0015,0.0000,0.0000,0.0476,0.0476,-0.2516,-0.2516,0.0000
1791000710.8552,0.0200,0.1128,0.0000,0.0000,0.0000,0.0000,0.0000,0.0000,0.0000,0.0000,0.0000,0.0000,0.0476,0.0476,-0.2516,-0.2516,0.0000
1791000710.8752,0.0200,0.1050,0.0000,0.0000,0.0000,0.0000,0.0000,0.0000,0.0000,0.0000,0.0000,0.0000,0.0476,0.0476,-0.2516,-0.2516,0.0000
1791000710.8951,0.0200,0.1037,0.0000,0.0000,0.0000,0.0000,0.0000,0.0000,0.0000,0.0000,0.0000,0.0000,0.0476,0.0476,-0.2516,-0.2516,0.0000
1791000710.9152,0.0200,0.1026,0.0000,0.0000,0.0000,0.0000,0.0000,0.0000,0.0000,0.0000,0.0000,0.0000,0.0476,0.0476,-0.2516,-0.2516,0.0000
1791000710.9351,0.0200,0.1869,0.0000,0.0000,0.0000,0.0000,0.0000,0.0000,0.0000,0.0000,0.0000,0.0000,0.0476,0.0476,-0.2516,-0.2516,0.0000
1791000710.9551,0.0200,0.1055,0.0000,0.0000,0.0000,0.0000,0.0000,0.0000,0.0000,0.0000,0.0000,0.0000,0.0476,0.0476,-0.2516,-0.2516,0.0000
1791000710.9752,0.0200,0.0983,0.0000,0.0000,0.0000,0.0000,0.0000,0.0000,0.0000,0.0000,0.0000,0.0000,0.0476,0.0476,-0.2516,-0.2516,0.0000
1791000710.9952,0.0200,0.1051,0.0000,0.0000,0.0000,0.0000,0.0000,0.0000,0.0000,0.0000,0.0000,0.0000,0.0476,0.0476,-0.2516,-0.2516,0.0000
1791000711.0152,0.0200,0.0991,0.0000,0.0000,0.0000,0.0000,0.0000,0.0000,0.0000,0.0000,0.0000,0.0000,0.0476,0.0476,-0.2516,-0.2516,0.0000
1791000711.0352,0.0200,0.0979,0.0000,0.0000,0.0000,0.0000,0.0000,0.0000,0.0000,0.0000,0.0000,0.0000,0.0476,0.0476,-0.2516,-0.2516,0.0000
1791000711.0551,0.0200,0.1165,0.0000,0.0000,0.0000,0.0000,0.0000,0.0000,0.0000,0.0000,0.0000,0.0000,0.0476,0.0476,-0.2516,-0.2516,0.0000
1791000711.0752,0.0200,0.1383,0.0000,0.0000,0.0000,0.0000,0.0000,0.0000,0.0000,0.0000,0.0000,0.0000,0.0476,0.0476,-0.2516,-0.2516,0.0000
1791000711.0952,0.0200,0.0998,0.0000,0.0000,0.0000,0.0000,0.0000,0.0000,0.0000,0.0000,0.0000,0.0000,0.0476,0.0476,-0.2516,-0.2516,0.0000
1791000711.1152,0.0200,0.0987,0.0000,0.0000,0.0000,0.0000,0.0000,0.0000,0.0000,0.0000,0.0000,0.0000,0.0476,0.0476,-0.2516,-0.2516,0.0000
1791000711.1352,0.0199,0.1009,0.0000,0.0000,0.0000,0.0000,0.0000,0.0000,0.0000,0.0000,0.0000,0.0000,0.0476,0.0476,-0.2516,-0.2516,0.0000
1791000711.1552,0.0200,0.0991,0.0000,0.0000,0.0000,0.0000,0.0000,0.0000,0.0000,-0.0015,0.0000,0.0000,0.0476,0.0476,-0.2516,-0.2516,0.0000
1791000711.1752,0.0200,0.0982,0.0000,0.0000,0.0000,0.0000,0.0000,0.0000,0.0000,0.0015,0.0000,0.0000,0.0476,0.0476,-0.2516,-0.2516,0.0000
1791000711.1952,0.0200,0.1013,0.0000,0.0000,0.0000,0.0000,0.0000,0.0000,0.0000,0.0000,0.0000,0.0000,0.0476,0.0476,-0.2516,-0.2516,0.0000
1791000711.2152,0.0200,0.1607,0.0000,0.0000,0.0000,0.0000,0.0000,0.0000,0.0000,-0.0015,0.0000,0.0000,0.0476,0.0476,-0.2516,-0.2516,0.0000
1791000711.2352,0.0200,0.1010,0.0000,0.0000,0.0000,0.0000,0.0000,0.0000,0.0000,0.0000,0.0000,0.0000,0.0476,0.0476,-0.2516,-0.2516,0.0000
1791000711.2551,0.0199,0.0978,0.0000,0.0000,0.0000,0.0000,0.0000,0.0000,0.0000,0.0015,0.0000,0.0000,0.0476,0.0476,-0.2516,-0.2516,0.0000
1791000711.2752,0.0201,0.1180,0.0000,0.0000,0.0000,0.0000,0.0000,0.0000,0.0000,0.0000,0.0000,0.0000,0.0476,0.0476,-0.2516,-0.2516,0.0000
1791000711.2952,0.0200,0.3255,0.0000,0.0000,0.0000,0.0000,0.0000,0.0000,0.0000,-0.0015,0.0000,0.0000,0.0476,0.0476,-0.2516,-0.2516,0.0000
1791000711.3152,0.0200,0.2819,0.0000,0.0000,0.0000,0.0000,0.0000,0.0000,0.0000,0.0015,0.0000,0.0000,0.0476,0.0476,-0.2516,-0.2516,0.0000
1791000711.3351,0.0199,0.3273,0.0000,0.0000,0.0000,0.0000,0.0000,0.0000,0.0000,0.0000,0.0000,0.0000,0.0476,0.0476,-0.2516,-0.2516,0.0000
1791000711.3551,0.0200,0.1463,0.0000,0.0000,0.0000,0.0000,0.0000,0.0000,0.0000,0.0000,0.0000,0.0000,0.0476,0.0476,-0.2516,-0.2531,0.0000
1791000711.3752,0.0201,0.1003,0.0000,0.0000,0.0000,0.0000,0.0000,0.0000,0.0000,0.0000,0.0000,0.0000,0.0476,0.0476,-0.2516,-0.2516,0.0000
1791000711.3950,0.0199,0.1018,0.0000,0.0000,0.0000,0.0000,0.0000,0.0000,0.0000,-0.0015,0.0000,0.0000,0.0476,0.0476,-0.2516,-0.2516,0.0000
1791000711.4152,0.0201,0.1020,0.0000,0.0000,0.0000,0.0000,0.0000,0.0000,0.0000,0.0015,0.0000,0.0000,0.0476,0.0476,-0.2516,-0.2516,0.0000
1791000711.4352,0.0200,0.0985,0.0000,0.0000,0.0000,0.0000,0.0000,0.0000,0.0000,0.0000,0.0000,0.0000,0.0476,0.0476,-0.2516,-0.2516,0.0000
1791000711.4552,0.0200,0.0976,0.0000,0.0000,0.0000,0.0000,0.0000,0.0000,0.0000,0.0000,0.0000,0.0000,0.0476,0.0476,-0.2516,-0.2516,0.0000
1791000711.4751,0.0200,0.1054,0.0000,0.0000,0.0000,0.0000,0.0000,0.0000,0.0000,0.0000,0.0000,0.0000,0.0476,0.0476,-0.2516,-0.2516,0.0000
1791000711.4952,0.0201,0.1001,0.0000,0.0000,0.0000,0.0000,0.0000,0.0000,0.0000,0.0000,0.0000,0.0000,0.0476,0.0476,-0.2516,-0.2516,0.0000
1791000711.5151,0.0199,0.1113,0.0000,0.0000,0.0000,0.0000,0.0000,0.0000,0.0000,-0.0015,0.0000,0.0000,0.0476,0.0476,-0.2516,-0.2516,0.0000
1791000711.5352,0.0201,0.1008,0.0000,0.0000,0.0000,0.0000,0.0000,0.0000,0.0000,0.0015,0.0000,0.0000,0.0476,0.0476,-0.2516,-0.2516,0.0000
1791000711.5552,0.0200,0.0990,0.0000,0.0000,0.0000,0.0000,0.0000,0.0000,0.0000,0.0000,0.0000,0.0000,0.0476,0.0506,-0.2516,-0.2516,0.0000
1791000711.5751,0.0199,0.0979,0.0000,0.0000,0.0000,0.0000,0.0000,0.0000,0.0000,0.0000,0.0000,0.0000,0.0476,0.0476,-0.2516,-0.2516,0.0000
1791000711.5952,0.0200,0.1045,0.0000,0.0000,0.0000,0.0000,0.0000,0.0000,0.0000,0.0000,0.0000,0.0000,0.0476,0.0476,-0.2516,-0.2516,0.0000
1791000711.6150,0.0199,0.1077,0.0000,0.0000,0.0000,0.0000,0.0000,0.0000,0.0000,-0.0015,0.0000,0.0000,0.0476,0.0476,-0.2516,-0.2516,0.0000
1791000711.6352,0.0201,0.1177,0.0000,0.0000,0.0000,0.0000,0.0000,0.0000,0.0000,0.0015,0.0000,0.0000,0.0476,0.0476,-0.2516,-0.2516,0.0000
1791000711.6552,0.0200,0.0988,0.0000,0.0000,0.0000,0.0000,0.0000,0.0000,0.0000,0.0000,0.0000,0.0000,0.0476,0.0476,-0.2516,-0.2516,0.0000
1791000711.6752,0.0200,0.1025,0.0000,0.0000,0.0000,0.0000,0.0000,0.0000,0.0000,0.0000,0.0000,0.0000,0.0476,0.0476,-0.2516,-0.2516,0.0000
1791000711.6951,0.0200,0.0988,0.0000,0.0000,0.0000,0.0000,0.0000,0.0000,0.0000,0.0000,0.0000,0.0000,0.0476,0.0476,-0.2516,-0.2516,0.0000
1791000711.7150,0.0199,0.0995,0.0000,0.0000,0.0000,0.0000,0.0000,0.0000,0.0000,0.0000,0.0000,0.0000,0.0476,0.0476,-0.2516,-0.2516,0.0000
1791000711.7352,0.0201,0.0984,0.0000,0.0000,0.0000,0.0000,0.0000,0.0000,0.0000,0.0000,0.0000,0.0000,0.0476,0.0476,-0.2516,-0.2516,0.0000
1791000711.7550,0.0199,0.0982,0.0000,0.0000,0.0000,0.0000,0.0000,0.0000,0.0000,0.0000,0.0000,0.0000,0.0476,0.0476,-0.2516,-0.2516,0.0000
1791000711.7752,0.0201,0.0983,0.0000,0.0000,0.0000,0.0000,0.0000,0.0000,0.0000,0.0000,0.0000,0.0000,0.0476,0.0476,-0.2516,-0.2516,0.0000
1791000711.7951,0.0200,0.1010,0.0000,0.0000,0.0000,0.0000,0.0000,0.0000,0.0000,-0.0015,0.0000,0.0000,0.0476,0.0476,-0.2516,-0.2516,0.0000
1791000711.8150,0.0199,0.1216,0.0000,0.0000,0.0000,0.0000,0.0000,0.0000,0.0000,0.0015,0.0000,0.0000,0.0476,0.0476,-0.2516,-0.2516,0.0000
1791000711.8351,0.0201,0.0973,0.0000,0.0000,0.0000,0.0000,0.0000,0.0000,0.0000,0.0000,0.0000,0.0000,0.0476,0.0506,-0.2516,-0.2516,0.0000
1791000711.8551,0.0200,0.0989,0.0000,0.0000,0.0000,0.0000,0.0000,0.0000,0.0000,-0.0015,0.0000,0.0000,0.0476,0.0476,-0.2516,-0.2516,0.0000
1791000711.8750,0.0199,0.0985,0.0000,0.0000,0.0000,0.0000,0.0000,0.0000,0.0000,0.0015,0.0000,0.0000,0.0476,0.0476,-0.2516,-0.2516,0.0000
1791000711.8951,0.0201,0.1044,0.0000,0.0000,0.0000,0.0000,0.0000,0.0000,0.0000,0.0000,0.0000,0.0000,0.0476,0.0476,-0.2516,-0.2516,0.0000
1791000711.9152,0.0200,0.0980,0.0000,0.0000,0.0000,0.0000,0.0000,0.0000,0.0000,0.0000,0.0000,0.0000,0.0476,0.0476,-0.2516,-0.2516,0.0000
1791000711.9351,0.0200,0.1008,0.0000,0.0000,0.0000,0.0000,0.0000,0.0000,0.0000,0.0000,0.0000,0.0000,0.0476,0.0476,-0.2516,-0.2516,0.0000
1791000711.9550,0.0199,0.0973,0.0000,0.0000,0.0000,0.0000,0.0000,0.0000,0.0000,0.0000,0.0000,0.0000,0.0476,0.0476,-0.2516,-0.2516,0.0000
1791000711.9751,0.0201,0.0985,0.0000,0.0000,0.0000,0.0000,0.0000,0.0000,0.0000,0.0000,0.0000,0.0000,0.0476,0.0476,-0.2516,-0.2516,0.0000
1791000711.9952,0.0201,0.1003,0.0000,0.0000,0.0000,0.0000,0.0000,0.0000,0.0000,-0.0015,0.0000,0.0000,0.0476,0.0476,-0.2516,-0.2516,0.0000
1791000712.0152,0.0200,0.0972,0.0000,0.0000,0.0000,0.0000,0.0000,0.0000,0.0000,0.0015,0.0000,0.0000,0.0476,0.0476,-0.2516,-0.2516,0.0000
1791000712.0352,0.0200,0.0981,0.0000,0.0000,0.0000,0.0000,0.0000,0.0000,0.0000,-0.0015,0.0000,0.0000,0.0476,0.0476,-0.2516,-0.2516,0.0000
1791000712.0551,0.0198,0.1415,0.0000,0.0000,0.0000,0.0000,0.0000,0.0000,0.0000,0.0000,0.0000,0.0000,0.0476,0.0476,-0.2516,-0.2516,0.0000
1791000712.0751,0.0201,0.0804,0.0000,0.0000,0.0000,0.0000,0.0000,0.0000,0.0000,0.0015,0.0000,0.0000,0.0476,0.0476,-0.2516,-0.2516,0.0000
1791000712.0951,0.0200,0.0827,0.0000,0.0000,0.0000,0.0000,0.0000,0.0000,0.0000,0.0000,0.0000,0.0000,0.0476,0.0476,-0.2516,-0.2516,0.0000
1791000712.1151,0.0200,0.0836,0.0000,0.0000,0.0000,0.0000,0.0000,0.0000,0.0000,0.0000,0.0000,0.0000,0.0476,0.0476,-0.2516,-0.2516,0.0000
1791000712.1351,0.0200,0.1028,0.0000,0.0000,0.0000,0.0000,0.0000,0.0000,0.0000,0.0000,0.0000,0.0000,0.0476,0.0476,-0.2516,-0.2516,0.0000
1791000712.1550,0.0199,0.0985,0.0000,0.0000,0.0000,0.0000,0.0000,0.0000,0.0000,-0.0015,0.0000,0.0000,0.0476,0.0476,-0.2516,-0.2516,0.0000
1791000712.1750,0.0200,0.0990,0.0000,0.0000,0.0000,0.0000,0.0000,0.0000,0.0000,0.0015,0.0000,0.0000,0.0476,0.0476,-0.2516,-0.2516,0.0000
1791000712.1951,0.0200,0.1558,0.0000,0.0000,0.0000,0.0000,0.0000,0.0000,0.0000,0.0000,0.0000,0.0000,0.0476,0.0506,-0.2516,-0.2516,0.0000
1791000712.2151,0.0201,0.1047,0.0000,0.0000,0.0000,0.0000,0.0000,0.0000,0.0000,0.0000,0.0000,0.0000,0.0476,0.0476,-0.2516,-0.2516,0.0000
1791000712.2351,0.0200,0.0967,0.0000,0.0000,0.0000,0.0000,0.0000,0.0000,0.0000,0.0000,0.0000,0.0000,0.0476,0.0476,-0.2516,-0.2516,0.0000
1791000712.2552,0.0200,0.0975,0.0000,0.0000,0.0000,0.0000,0.0000,0.0000,0.0000,0.0000,0.0000,0.0000,0.0476,0.0476,-0.2516,-0.2516,0.0000
1791000712.2752,0.0200,0.1014,0.0000,0.0000,0.0000,0.0000,0.0000,0.0000,0.0000,0.0000,0.0000,0.0000,0.0476,0.0476,-0.2516,-0.2516,0.0000
1791000712.2950,0.0198,0.1041,0.0000,0.0000,0.0000,0.0000,0.0000,0.0000,0.0000,0.0000,0.0000,0.0000,0.0476,0.0476,-0.2516,-0.2516,0.0000
1791000712.3152,0.0202,0.1137,0.0000,0.0000,0.0000,0.0000,0.0000,0.0000,0.0000,0.0000,0.0000,0.0000,0.0476,0.0476,-0.2516,-0.2516,0.0000
1791000712.3352,0.0200,0.1036,0.0000,0.0000,0.0000,0.0000,0.0000,0.0000,0.0000,0.0000,0.0000,0.0000,0.0476,0.0476,-0.2516,-0.2516,0.0000
1791000712.3550,0.0199,0.1040,0.0000,0.0000,0.0000,0.0000,0.0000,0.0000,0.0000,0.0000,0.0000,0.0000,0.0476,0.0476,-0.2516,-0.2516,0.0000
1791000712.3752,0.0201,0.1039,0.0000,0.0000,0.0000,0.0000,0.0000,0.0000,0.0000,-0.0015,0.0000,0.0000,0.0476,0.0476,-0.2516,-0.2516,0.0000
1791000712.3951,0.0199,0.1063,0.0000,0.0000,0.0000,0.0000,0.0000,0.0000,0.0000,0.0000,0.0000,0.0000,0.0476,0.0476,-0.2516,-0.2516,0.0000
1791000712.4150,0.0199,0.1294,0.0000,0.0000,0.0000,0.0000,0.0000,0.0000,0.0000,0.0015,0.0000,0.0000,0.0476,0.0476,-0.2516,-0.2516,0.0000
1791000712.4350,0.0200,0.1056,0.0000,0.0000,0.0000,0.0000,0.0000,0.0000,0.0000,0.0000,0.0000,0.0000,0.0476,0.0476,-0.2516,-0.2516,0.0000
1791000712.4550,0.0200,0.0932,0.0000,0.0000,0.0000,0.0000,0.0000,0.0000,0.0000,0.0000,0.0000,0.0000,0.0476,0.0476,-0.2516,-0.2516,0.0000
1791000712.4750,0.0200,0.0884,0.0000,0.0000,0.0000,0.0000,0.0000,0.0000,0.0000,0.0000,0.0000,0.0000,0.0476,0.0476,-0.2516,-0.2516,0.0000
1791000712.4950,0.0200,0.0842,0.0000,0.0000,0.0000,0.0000,0.0000,0.0000,0.0000,0.0000,0.0000,0.0000,0.0476,0.0476,-0.2516,-0.2516,0.0000
1791000712.5150,0.0200,0.0937,0.0000,0.0000,0.0000,0.0000,0.0000,0.0000,0.0000,-0.0015,0.0000,0.0000,0.0476,0.0476,-0.2516,-0.2516,0.0000
1791000712.5350,0.0200,0.1060,0.0000,0.0000,0.0000,0.0000,0.0000,0.0000,0.0000,0.0015,0.0000,0.0000,0.0476,0.0476,-0.2516,-0.2516,0.0000
1791000712.5550,0.0200,0.0997,0.0000,0.0000,0.0000,0.0000,0.0000,0.0000,0.0000,0.0000,0.0000,0.0000,0.0476,0.0476,-0.2516,-0.2516,0.0000
1791000712.5751,0.0201,0.0988,0.0000,0.0000,0.0000,0.0000,0.0000,0.0000,0.0000,0.0000,0.0000,0.0000,0.0476,0.0476,-0.2516,-0.2516,0.0000
1791000712.5952,0.0200,0.1009,0.0000,0.0000,0.0000,0.0000,0.0000,0.0000,0.0000,0.0000,0.0000,0.0000,0.0476,0.0476,-0.2516,-0.2516,0.0000
1791000712.6152,0.0200,0.0977,0.0000,0.0000,0.0000,0.0000,0.0000,0.0000,0.0000,0.0000,0.0000,0.0000,0.0476,0.0476,-0.2516,-0.2516,0.0000
1791000712.6352,0.0200,0.0971,0.0000,0.0000,0.0000,0.0000,0.0000,0.0000,0.0000,0.0000,0.0000,0.0000,0.0476,0.0476,-0.2516,-0.2516,0.0000
1791000712.6552,0.0200,0.0991,0.0000,0.0000,0.0000,0.0000,0.0000,0.0000,0.0000,0.0000,0.0000,0.0000,0.0476,0.0476,-0.2516,-0.2516,0.0000
1791000712.6752,0.0200,0.0986,0.0000,0.0000,0.0000,0.0000,0.0000,0.0000,0.0000,0.0000,0.0000,0.0000,0.0476,0.0476,-0.2516,-0.2516,0.0000
1791000712.6952,0.0200,0.0982,0.0000,0.0000,0.0000,0.0000,0.0000,0.0000,0.0000,0.0000,0.0000,0.0000,0.0476,0.0476,-0.2516,-0.2516,0.0000
1791000712.7152,0.0200,0.1081,0.0000,0.0000,0.0000,0.0000,0.0000,0.0000,0.0000,0.0000,0.0000,0.0000,0.0476,0.0476,-0.2516,-0.2516,0.0000
1791000712.7352,0.0200,0.0991,0.0000,0.0000,0.0000,0.0000,0.0000,0.0000,0.0000,0.0000,0.0000,0.0000,0.0476,0.0476,-0.2516,-0.2516,0.0000
1791000712.7552,0.0200,0.0979,0.0000,0.0000,0.0000,0.0000,0.0000,0.0000,0.0000,0.0000,0.0000,0.0000,0.0476,0.0476,-0.2516,-0.2516,0.0000
1791000712.7752,0.0200,0.0977,0.0000,0.0000,0.0000,0.0000,0.0000,0.0000,0.0000,0.0000,0.0000,0.0000,0.0476,0.0476,-0.2516,-0.2516,0.0000
1791000712.7952,0.0200,0.0996,0.0000,0.0000,0.0000,0.0000,0.0000,0.0000,0.0000,-0.0015,0.0000,0.0000,0.0476,0.0476,-0.2516,-0.2516,0.0000
1791000712.8152,0.0200,0.0973,0.0000,0.0000,0.0000,0.0000,0.0000,0.0000,0.0000,0.0015,0.0000,0.0000,0.0476,0.0476,-0.2516,-0.2516,0.0000
1791000712.8352,0.0200,0.0976,0.0000,0.0000,0.0000,0.0000,0.0000,0.0000,0.0000,0.0000,0.0000,0.0000,0.0476,0.0476,-0.2516,-0.2516,0.0000
1791000712.8552,0.0200,0.1145,0.0000,0.0000,0.0000,0.0000,0.0000,0.0000,0.0000,0.0000,0.0000,0.0000,0.0476,0.0476,-0.2516,-0.2516,0.0000
1791000712.8751,0.0199,0.1855,0.0000,0.0000,0.0000,0.0000,0.0000,0.0000,0.0000,0.0000,0.0000,0.0000,0.0476,0.0476,-0.2516,-0.2516,0.0000
1791000712.8952,0.0201,0.2155,0.0000,0.0000,0.0000,0.0000,0.0000,0.0000,0.0000,0.0000,0.0000,0.0000,0.0476,0.0476,-0.2516,-0.2516,0.0000
1791000712.9152,0.0200,0.2014,0.0000,0.0000,0.0000,0.0000,0.0000,0.0000,0.0000,0.0000,0.0000,0.0000,0.0476,0.0476,-0.2516,-0.2516,0.0000
1791000712.9352,0.0200,0.1401,0.0000,0.0000,0.0000,0.0000,0.0000,0.0000,0.0000,0.0000,0.0000,0.0000,0.0476,0.0476,-0.2516,-0.2516,0.0000
1791000712.9550,0.0198,0.1260,0.0000,0.0000,0.0000,0.0000,0.0000,0.0000,0.0000,0.0000,0.0000,0.0000,0.0476,0.0476,-0.2516,-0.2516,0.0000
1791000712.9751,0.0201,0.1165,0.0000,0.0000,0.0000,0.0000,0.0000,0.0000,0.0000,-0.0015,0.0000,0.0000,0.0476,0.0476,-0.2516,-0.2516,0.0000
1791000712.9951,0.0200,0.1098,0.0000,0.0000,0.0000,0.0000,0.0000,0.0000,0.0000,0.0015,0.0000,0.0000,0.0476,0.0476,-0.2516,-0.2516,0.0000
1791000713.0151,0.0200,0.1029,0.0000,0.0000,0.0000,0.0000,0.0000,0.0000,0.0000,0.0000,0.0000,0.0000,0.0476,0.0476,-0.2516,-0.2516,0.0000
1791000713.0350,0.0199,0.1151,0.0000,0.0000,0.0000,0.0000,0.0000,0.0000,0.0000,0.0000,0.0000,0.0000,0.0476,0.0476,-0.2516,-0.2516,0.0000
1791000713.0551,0.0201,0.1047,0.0000,0.0000,0.0000,0.0000,0.0000,0.0000,0.0000,0.0000,0.0000,0.0000,0.0476,0.0476,-0.2516,-0.2516,0.0000
1791000713.0751,0.0200,0.1050,0.0000,0.0000,0.0000,0.0000,0.0000,0.0000,0.0000,0.0000,0.0000,0.0000,0.0476,0.0476,-0.2516,-0.2516,0.0000
1791000713.0952,0.0200,0.1031,0.0000,0.0000,0.0000,0.0000,0.0000,0.0000,0.0000,0.0000,0.0000,0.0000,0.0476,0.0476,-0.2516,-0.2516,0.0000
1791000713.1152,0.0200,0.1081,0.0000,0.0000,0.0000,0.0000,0.0000,0.0000,0.0000,0.0000,0.0000,0.0000,0.0476,0.0476,-0.2516,-0.2516,0.0000
1791000713.1352,0.0200,0.1927,0.0000,0.0000,0.0000,0.0000,0.0000,0.0000,0.0000,0.0000,0.0000,0.0000,0.0476,0.0476,-0.2516,-0.2516,0.0000
1791000713.1551,0.0199,0.1444,0.0000,0.0000,0.0000,0.0000,0.0000,0.0000,0.0000,0.0000,0.0000,0.0000,0.0476,0.0476,-0.2516,-0.2516,0.0000
1791000713.1751,0.0201,0.1162,0.0000,0.0000,0.0000,0.0000,0.0000,0.0000,0.0000,-0.0015,0.0000,0.0000,0.0476,0.0476,-0.2516,-0.2516,0.0000
1791000713.1952,0.0200,0.1066,0.0000,0.0000,0.0000,0.0000,0.0000,0.0000,0.0000,0.0000,0.0000,0.0000,0.0476,0.0476,-0.2516,-0.2516,0.0000
1791000713.2152,0.0200,0.1656,0.0000,0.0000,0.0000,0.0000,0.0000,0.0000,0.0000,0.0015,0.0000,0.0000,0.0476,0.0506,-0.2516,-0.2516,0.0000
1791000713.2351,0.0200,0.1212,0.0000,0.0000,0.0000,0.0000,0.0000,0.0000,0.0000,-0.0015,0.0000,0.0000,0.0476,0.0476,-0.2516,-0.2516,0.0000
1791000713.2551,0.0199,0.1778,0.0000,0.0000,0.0000,0.0000,0.0000,0.0000,0.0000,0.0000,0.0000,0.0000,0.0476,0.0476,-0.2516,-0.2516,0.0000
1791000713.2751,0.0200,0.0978,0.0000,0.0000,0.0000,0.0000,0.0000,0.0000,0.0000,0.0000,0.0000,0.0000,0.0476,0.0476,-0.2516,-0.2516,0.0000
1791000713.2951,0.0200,0.0894,0.0000,0.0000,0.0000,0.0000,0.0000,0.0000,0.0000,0.0000,0.0000,0.0000,0.0476,0.0476,-0.2516,-0.2516,0.0000
1791000713.3152,0.0200,0.0846,0.0000,0.0000,0.0000,0.0000,0.0000,0.0000,0.0000,0.0000,0.0000,0.0000,0.0476,0.0476,-0.2516,-0.2516,0.0000
1791000713.3351,0.0200,0.1248,0.0000,0.0000,0.0000,0.0000,0.0000,0.0000,0.0000,0.0015,0.0000,0.0000,0.0476,0.0476,-0.2516,-0.2516,0.0000
1791000713.3551,0.0200,0.1329,0.0000,0.0000,0.0000,0.0000,0.0000,0.0000,0.0000,0.0000,0.0000,0.0000,0.0476,0.0476,-0.2516,-0.2516,0.0000
1791000713.3751,0.0200,0.0887,0.0000,0.0000,0.0000,0.0000,0.0000,0.0000,0.0000,0.0000,0.0000,0.0000,0.0476,0.0476,-0.2516,-0.2516,0.0000
1791000713.3951,0.0200,0.0891,0.0000,0.0000,0.0000,0.0000,0.0000,0.0000,0.0000,0.0000,0.0000,0.0000,0.0476,0.0476,-0.2516,-0.2516,0.0000
1791000713.4151,0.0200,0.0835,0.0000,0.0000,0.0000,0.0000,0.0000,0.0000,0.0000,0.0000,0.0000,0.0000,0.0476,0.0476,-0.2516,-0.2516,0.0000
1791000713.4352,0.0200,0.0825,0.0000,0.0000,0.0000,0.0000,0.0000,0.0000,0.0000,0.0000,0.0000,0.0000,0.0476,0.0476,-0.2516,-0.2516,0.0000
1791000713.4551,0.0200,0.1003,0.0000,0.0000,0.0000,0.0000,0.0000,0.0000,0.0000,0.0000,0.0000,0.0000,0.0476,0.0476,-0.2516,-0.2516,0.0000
1791000713.4752,0.0200,0.1244,0.0000,0.0000,0.0000,0.0000,0.0000,0.0000,0.0000,0.0000,0.0000,0.0000,0.0476,0.0476,-0.2516,-0.2516,0.0000
1791000713.4951,0.0200,0.1023,0.0000,0.0000,0.0000,0.0000,0.0000,0.0000,0.0000,-0.0015,0.0000,0.0000,0.0476,0.0476,-0.2516,-0.2516,0.0000
1791000713.5152,0.0201,0.1044,0.0000,0.0000,0.0000,0.0000,0.0000,0.0000,0.0000,0.0015,0.0000,0.0000,0.0476,0.0476,-0.2516,-0.2516,0.0000
1791000713.5352,0.0200,0.1042,0.0000,0.0000,0.0000,0.0000,0.0000,0.0000,0.0000,-0.0015,0.0000,0.0000,0.0476,0.0476,-0.2516,-0.2516,0.0000
1791000713.5552,0.0200,0.1171,0.0000,0.0000,0.0000,0.0000,0.0000,0.0000,0.0000,0.0000,0.0000,0.0000,0.0476,0.0476,-0.2516,-0.2516,0.0000
1791000713.5752,0.0200,0.1052,0.0000,0.0000,0.0000,0.0000,0.0000,0.0000,0.0000,0.0015,0.0000,0.0000,0.0476,0.0476,-0.2516,-0.2516,0.0000
1791000713.5952,0.0200,0.1068,0.0000,0.0000,0.0000,0.0000,0.0000,0.0000,0.0000,0.0000,0.0000,0.0000,0.0476,0.0476,-0.2516,-0.2516,0.0000
1791000713.6152,0.0200,0.3441,0.0000,0.0000,0.0000,0.0000,0.0000,0.0000,0.0000,-0.0015,0.0000,0.0000,0.0476,0.0476,-0.2516,-0.2516,0.0000
1791000713.6352,0.0200,0.3614,0.0000,0.0000,0.0000,0.0000,0.0000,0.0000,0.0000,0.0000,0.0000,0.0000,0.0476,0.0476,-0.2516,-0.2516,0.0000
1791000713.6550,0.0198,0.0963,0.0000,0.0000,0.0000,0.0000,0.0000,0.0000,0.0000,0.0015,0.0000,0.0000,0.0476,0.0476,-0.2516,-0.2516,0.0000
1791000713.6752,0.0201,0.1032,0.0000,0.0000,0.0000,0.0000,0.0000,0.0000,0.0000,0.0000,0.0000,0.0000,0.0476,0.0476,-0.2516,-0.2516,0.0000
1791000713.6952,0.0200,0.3461,0.0000,0.0000,0.0000,0.0000,0.0000,0.0000,0.0000,-0.0015,0.0000,0.0000,0.0476,0.0476,-0.2516,-0.2516,0.0000
1791000713.7152,0.0200,0.3317,0.0000,0.0000,0.0000,0.0000,0.0000,0.0000,0.0000,0.0015,0.0000,0.0000,0.0476,0.0476,-0.2516,-0.2516,0.0000
1791000713.7352,0.0200,0.1004,0.0000,0.0000,0.0000,0.0000,0.0000,0.0000,0.0000,0.0000,0.0000,0.0000,0.0476,0.0476,-0.2516,-0.2516,0.0000
1791000713.7551,0.0200,0.1039,0.0000,0.0000,0.0000,0.0000,0.0000,0.0000,0.0000,0.0000,0.0000,0.0000,0.0476,0.0476,-0.2516,-0.2516,0.0000
1791000713.7750,0.0199,0.1020,0.0000,0.0000,0.0000,0.0000,0.0000,0.0000,0.0000,-0.0015,0.0000,0.0000,0.0476,0.0476,-0.2516,-0.2516,0.0000
1791000713.7951,0.0201,0.0999,0.0000,0.0000,0.0000,0.0000,0.0000,0.0000,0.0000,0.0015,0.0000,0.0000,0.0476,0.0476,-0.2516,-0.2516,0.0000
1791000713.8152,0.0201,0.1042,0.0000,0.0000,0.0000,0.0000,0.0000,0.0000,0.0000,0.0000,0.0000,0.0000,0.0476,0.0476,-0.2516,-0.2516,0.0000
1791000713.8352,0.0200,0.1040,0.0000,0.0000,0.0000,0.0000,0.0000,0.0000,0.0000,-0.0015,0.0000,0.0000,0.0476,0.0476,-0.2516,-0.2516,0.0000
1791000713.8552,0.0200,0.1041,0.0000,0.0000,0.0000,0.0000,0.0000,0.0000,0.0000,0.0015,0.0000,0.0000,0.0476,0.0476,-0.2516,-0.2516,0.0000
1791000713.8751,0.0200,0.1043,0.0000,0.0000,0.0000,0.0000,0.0000,0.0000,0.0000,0.0000,0.0000,0.0000,0.0476,0.0476,-0.2516,-0.2516,0.0000
1791000713.8952,0.0200,0.1013,0.0000,0.0000,0.0000,0.0000,0.0000,0.0000,0.0000,0.0000,0.0000,0.0000,0.0476,0.0476,-0.2516,-0.2516,0.0000
1791000713.9152,0.0200,0.0984,0.0000,0.0000,0.0000,0.0000,0.0000,0.0000,0.0000,-0.0015,0.0000,0.0000,0.0476,0.0476,-0.2516,-0.2516,0.0000
1791000713.9351,0.0199,0.0982,0.0000,0.0000,0.0000,0.0000,0.0000,0.0000,0.0000,0.0015,0.0000,0.0000,0.0476,0.0476,-0.2516,-0.2516,0.0000
1791000713.9551,0.0200,0.1114,0.0000,0.0000,0.0000,0.0000,0.0000,0.0000,0.0000,0.0000,0.0000,0.0000,0.0476,0.0476,-0.2516,-0.2516,0.0000
1791000713.9752,0.0201,0.1175,0.0000,0.0000,0.0000,0.0000,0.0000,0.0000,0.0000,0.0000,0.0000,0.0000,0.0476,0.0476,-0.2516,-0.2516,0.0000
1791000713.9952,0.0200,0.1079,0.0000,0.0000,0.0000,0.0000,0.0000,0.0000,0.0000,0.0000,0.0000,0.0000,0.0476,0.0476,-0.2516,-0.2516,0.0000
1791000714.0152,0.0200,0.0987,0.0000,0.0000,0.0000,0.0000,0.0000,0.0000,0.0000,0.0000,0.0000,0.0000,0.0476,0.0476,-0.2516,-0.2516,0.0000
1791000714.0351,0.0200,0.1640,0.0000,0.0000,0.0000,0.0000,0.0000,0.0000,0.0000,0.0000,0.0000,0.0000,0.0476,0.0476,-0.2516,-0.2516,0.0000
1791000714.0552,0.0201,0.1002,0.0000,0.0000,0.0000,0.0000,0.0000,0.0000,0.0000,0.0000,0.0000,0.0000,0.0476,0.0476,-0.2516,-0.2516,0.0000
1791000714.0751,0.0199,0.0975,0.0000,0.0000,0.0000,0.0000,0.0000,0.0000,0.0000,0.0000,0.0000,0.0000,0.0476,0.0476,-0.2516,-0.2516,0.0000
1791000714.0950,0.0199,0.0976,0.0000,0.0000,0.0000,0.0000,0.0000,0.0000,0.0000,0.0000,0.0000,0.0000,0.0476,0.0476,-0.2516,-0.2516,0.0000
1791000714.1151,0.0201,0.1002,0.0000,0.0000,0.0000,0.0000,0.0000,0.0000,0.0000,0.0000,0.0000,0.0000,0.0476,0.0476,-0.2516,-0.2516,0.0000
1791000714.1352,0.0200,0.1337,0.0000,0.0000,0.0000,0.0000,0.0000,0.0000,0.0000,0.0000,0.0000,0.0000,0.0476,0.0476,-0.2516,-0.2516,0.0000
1791000714.1551,0.0200,0.1076,0.0000,0.0000,0.0000,0.0000,0.0000,0.0000,0.0000,0.0000,0.0000,0.0000,0.0476,0.0476,-0.2516,-0.2516,0.0000
1791000714.1751,0.0200,0.1104,0.0000,0.0000,0.0000,0.0000,0.0000,0.0000,0.0000,0.0000,0.0000,0.0000,0.0476,0.0476,-0.2516,-0.2516,0.0000
1791000714.1951,0.0200,0.1068,0.0000,0.0000,0.0000,0.0000,0.0000,0.0000,0.0000,0.0000,0.0000,0.0000,0.0476,0.0476,-0.2516,-0.2516,0.0000
1791000714.2151,0.0200,0.0840,0.0000,0.0000,0.0000,0.0000,0.0000,0.0000,0.0000,0.0000,0.0000,0.0000,0.0476,0.0476,-0.2516,-0.2516,0.0000
1791000714.2351,0.0200,0.0862,0.0000,0.0000,0.0000,0.0000,0.0000,0.0000,0.0000,0.0000,0.0000,0.0000,0.0476,0.0476,-0.2516,-0.2516,0.0000
1791000714.2551,0.0200,0.0842,0.0000,0.0000,0.0000,0.0000,0.0000,0.0000,0.0000,0.0000,0.0000,0.0000,0.0476,0.0476,-0.2516,-0.2516,0.0000
1791000714.2751,0.0200,0.0782,0.0000,0.0000,0.0000,0.0000,0.0000,0.0000,0.0000,0.0000,0.0000,0.0000,0.0476,0.0476,-0.2516,-0.2516,0.0000
1791000714.2951,0.0200,0.0774,0.0000,0.0000,0.0000,0.0000,0.0000,0.0000,0.0000,0.0000,0.0000,0.0000,0.0476,0.0476,-0.2516,-0.2516,0.0000
1791000714.3151,0.0200,0.0831,0.0000,0.0000,0.0000,0.0000,0.0000,0.0000,0.0000,0.0000,0.0000,0.0000,0.0476,0.0476,-0.2516,-0.2516,0.0000
1791000714.3351,0.0200,0.1233,0.0000,0.0000,0.0000,0.0000,0.0000,0.0000,0.0000,0.0000,0.0000,0.0000,0.0476,0.0476,-0.2516,-0.2516,0.0000
1791000714.3550,0.0199,0.1064,0.0000,0.0000,0.0000,0.0000,0.0000,0.0000,0.0000,-0.0015,0.0000,0.0000,0.0476,0.0476,-0.2516,-0.2516,0.0000
1791000714.3751,0.0201,0.1055,0.0000,0.0000,0.0000,0.0000,0.0000,0.0000,0.0000,0.0000,0.0000,0.0000,0.0476,0.0476,-0.2516,-0.2516,0.0000
1791000714.3952,0.0201,0.1112,0.0000,0.0000,0.0000,0.0000,0.0000,0.0000,0.0000,0.0000,0.0000,0.0000,0.0476,0.0476,-0.2516,-0.2516,0.0000
1791000714.4151,0.0200,0.1076,0.0000,0.0000,0.0000,0.0000,0.0000,0.0000,0.0000,0.0015,0.0000,0.0000,0.0476,0.0476,-0.2516,-0.2516,0.0000
1791000714.4352,0.0200,0.1048,0.0000,0.0000,0.0000,0.0000,0.0000,0.0000,0.0000,-0.0015,0.0000,0.0000,0.0476,0.0476,-0.2516,-0.2516,0.0000
1791000714.4552,0.0200,0.1033,0.0000,0.0000,0.0000,0.0000,0.0000,0.0000,0.0000,0.0000,0.0000,0.0000,0.0476,0.0476,-0.2516,-0.2516,0.0000
1791000714.4752,0.0200,0.1044,0.0000,0.0000,0.0000,0.0000,0.0000,0.0000,0.0000,0.0015,0.0000,0.0000,0.0476,0.0506,-0.2516,-0.2516,0.0000
1791000714.4951,0.0200,0.1028,0.0000,0.0000,0.0000,0.0000,0.0000,0.0000,0.0000,0.0000,0.0000,0.0000,0.0476,0.0476,-0.2516,-0.2516,0.0000
1791000714.5151,0.0200,0.1447,0.0000,0.0000,0.0000,0.0000,0.0000,0.0000,0.0000,0.0000,0.0000,0.0000,0.0476,0.0476,-0.2516,-0.2516,0.0000
1791000714.5351,0.0200,0.1219,0.0000,0.0000,0.0000,0.0000,0.0000,0.0000,0.0000,-0.0015,0.0000,0.0000,0.0476,0.0476,-0.2516,-0.2516,0.0000
1791000714.5551,0.0200,0.0988,0.0000,0.0000,0.0000,0.0000,0.0000,0.0000,0.0000,0.0015,0.0000,0.0000,0.0476,0.0476,-0.2516,-0.2516,0.0000
1791000714.5752,0.0201,0.0986,0.0000,0.0000,0.0000,0.0000,0.0000,0.0000,0.0000,0.0000,0.0000,0.0000,0.0476,0.0476,-0.2516,-0.2516,0.0000
1791000714.5950,0.0199,0.1171,0.0000,0.0000,0.0000,0.0000,0.0000,0.0000,0.0000,0.0000,0.0000,0.0000,0.0476,0.0476,-0.2516,-0.2516,0.0000
1791000714.6151,0.0200,0.1710,0.0000,0.0000,0.0000,0.0000,0.0000,0.0000,0.0000,0.0000,0.0000,0.0000,0.0476,0.0476,-0.2516,-0.2531,0.0000
1791000714.6352,0.0201,0.1006,0.0000,0.0000,0.0000,0.0000,0.0000,0.0000,0.0000,0.0000,0.0000,0.0000,0.0476,0.0476,-0.2516,-0.2516,0.0000
1791000714.6550,0.0199,0.0997,0.0000,0.0000,0.0000,0.0000,0.0000,0.0000,0.0000,0.0000,0.0000,0.0000,0.0476,0.0476,-0.2516,-0.2516,0.0000
1791000714.6752,0.0201,0.0983,0.0000,0.0000,0.0000,0.0000,0.0000,0.0000,0.0000,0.0000,0.0000,0.0000,0.0476,0.0476,-0.2516,-0.2516,0.0000
1791000714.6950,0.0199,0.1235,0.0000,0.0000,0.0000,0.0000,0.0000,0.0000,0.0000,-0.0015,0.0000,0.0000,0.0476,0.0476,-0.2516,-0.2516,0.0000
1791000714.7151,0.0201,0.1332,0.0000,0.0000,0.0000,0.0000,0.0000,0.0000,0.0000,0.0015,0.0000,0.0000,0.0476,0.0476,-0.2516,-0.2516,0.0000
1791000714.7351,0.0200,0.0989,0.0000,0.0000,0.0000,0.0000,0.0000,0.0000,0.0000,0.0000,0.0000,0.0000,0.0476,0.0476,-0.2516,-0.2516,0.0000
1791000714.7551,0.0200,0.0984,0.0000,0.0000,0.0000,0.0000,0.0000,0.0000,0.0000,0.0000,0.0000,0.0000,0.0476,0.0476,-0.2516,-0.2516,0.0000
1791000714.7751,0.0200,0.1687,0.0000,0.0000,0.0000,0.0000,0.0000,0.0000,0.0000,-0.0015,0.0000,0.0000,0.0476,0.0476,-0.2516,-0.2516,0.0000
1791000714.7950,0.0199,0.2724,0.0000,0.0000,0.0000,0.0000,0.0000,0.0000,0.0000,0.0015,0.0000,0.0000,0.0476,0.0476,-0.2516,-0.2516,0.0000
1791000714.8150,0.0200,0.0702,0.0000,0.0000,0.0000,0.0000,0.0000,0.0000,0.0000,0.0000,0.0000,0.0000,0.0476,0.0476,-0.2516,-0.2516,0.0000
1791000714.8352,0.0202,0.3168,0.0000,0.0000,0.0000,0.0000,0.0000,0.0000,0.0000,0.0000,0.0000,0.0000,0.0476,0.0476,-0.2516,-0.2516,0.0000
1791000714.8552,0.0200,0.0973,0.0000,0.0000,0.0000,0.0000,0.0000,0.0000,0.0000,0.0000,0.0000,0.0000,0.0476,0.0476,-0.2516,-0.2516,0.0000
1791000714.8752,0.0200,0.1664,0.0000,0.0000,0.0000,0.0000,0.0000,0.0000,0.0000,0.0000,0.0000,0.0000,0.0476,0.0476,-0.2516,-0.2516,0.0000
1791000714.8952,0.0200,0.3335,0.0000,0.0000,0.0000,0.0000,0.0000,0.0000,0.0000,0.0000,0.0000,0.0000,0.0476,0.0476,-0.2516,-0.2516,0.0000
1791000714.9152,0.0200,0.0977,0.0000,0.0000,0.0000,0.0000,0.0000,0.0000,0.0000,0.0000,0.0000,0.0000,0.0476,0.0476,-0.2516,-0.2516,0.0000
1791000714.9352,0.0200,0.1142,0.0000,0.0000,0.0000,0.0000,0.0000,0.0000,0.0000,0.0000,0.0000,0.0000,0.0476,0.0476,-0.2516,-0.2516,0.0000
1791000714.9550,0.0199,0.1348,0.0000,0.0000,0.0000,0.0000,0.0000,0.0000,0.0000,0.0000,0.0000,0.0000,0.0476,0.0476,-0.2516,-0.2516,0.0000
1791000714.9752,0.0201,0.1058,0.0000,0.0000,0.0000,0.0000,0.0000,0.0000,0.0000,0.0000,0.0000,0.0000,0.0476,0.0476,-0.2516,-0.2516,0.0000
1791000714.9951,0.0200,0.1012,0.0000,0.0000,0.0000,0.0000,0.0000,0.0000,0.0000,-0.0015,0.0000,0.0000,0.0476,0.0476,-0.2516,-0.2516,0.0000
1791000715.0151,0.0200,0.1081,0.0000,0.0000,0.0000,0.0000,0.0000,0.0000,0.0000,0.0000,0.0000,0.0000,0.0476,0.0476,-0.2516,-0.2516,0.0000
1791000715.0351,0.0200,0.1147,0.0000,0.0000,0.0000,0.0000,0.0000,0.0000,0.0000,0.0015,0.0000,0.0000,0.0476,0.0476,-0.2516,-0.2516,0.0000
1791000715.0551,0.0200,0.1295,0.0000,0.0000,0.0000,0.0000,0.0000,0.0000,0.0000,0.0000,0.0000,0.0000,0.0476,0.0476,-0.2516,-0.2516,0.0000
1791000715.0751,0.0200,0.1041,0.0000,0.0000,0.0000,0.0000,0.0000,0.0000,0.0000,0.0000,0.0000,0.0000,0.0476,0.0476,-0.2516,-0.2516,0.0000
1791000715.0952,0.0200,0.1033,0.0000,0.0000,0.0000,0.0000,0.0000,0.0000,0.0000,-0.0015,0.0000,0.0000,0.0476,0.0476,-0.2516,-0.2516,0.0000
1791000715.1152,0.0200,0.1396,0.0000,0.0000,0.0000,0.0000,0.0000,0.0000,0.0000,0.0015,0.0000,0.0000,0.0476,0.0476,-0.2516,-0.2516,0.0000
1791000715.1352,0.0200,0.1140,0.0000,0.0000,0.0000,0.0000,0.0000,0.0000,0.0000,-0.0015,0.0000,0.0000,0.0476,0.0476,-0.2516,-0.2516,0.0000
1791000715.1551,0.0199,0.1000,0.0000,0.0000,0.0000,0.0000,0.0000,0.0000,0.0000,0.0015,0.0000,0.0000,0.0476,0.0476,-0.2516,-0.2516,0.0000
1791000715.1752,0.0201,0.0993,0.0000,0.0000,0.0000,0.0000,0.0000,0.0000,0.0000,-0.0015,0.0000,0.0000,0.0476,0.0476,-0.2516,-0.2516,0.0000
1791000715.1952,0.0200,0.1013,0.0000,0.0000,0.0000,0.0000,0.0000,0.0000,0.0000,0.0015,0.0000,0.0000,0.0476,0.0476,-0.2516,-0.2516,0.0000
1791000715.2150,0.0199,0.1023,0.0000,0.0000,0.0000,0.0000,0.0000,0.0000,0.0000,0.0000,0.0000,0.0000,0.0476,0.0506,-0.2516,-0.2516,0.0000
1791000715.2351,0.0200,0.1706,0.0000,0.0000,0.0000,0.0000,0.0000,0.0000,0.0000,0.0000,0.0000,0.0000,0.0476,0.0476,-0.2516,-0.2516,0.0000
1791000715.2550,0.0200,0.1006,0.0000,0.0000,0.0000,0.0000,0.0000,0.0000,0.0000,0.0000,0.0000,0.0000,0.0476,0.0476,-0.2516,-0.2516,0.0000
1791000715.2751,0.0201,0.1023,0.0000,0.0000,0.0000,0.0000,0.0000,0.0000,0.0000,0.0000,0.0000,0.0000,0.0476,0.0476,-0.2516,-0.2516,0.0000
1791000715.2950,0.0199,0.1191,0.0000,0.0000,0.0000,0.0000,0.0000,0.0000,0.0000,0.0000,0.0000,0.0000,0.0476,0.0476,-0.2516,-0.2516,0.0000
1791000715.3152,0.0201,0.1057,0.0000,0.0000,0.0000,0.0000,0.0000,0.0000,0.0000,-0.0015,0.0000,0.0000,0.0476,0.0476,-0.2516,-0.2516,0.0000
1791000715.3352,0.0200,0.1707,0.0000,0.0000,0.0000,0.0000,0.0000,0.0000,0.0000,0.0015,0.0000,0.0000,0.0476,0.0476,-0.2516,-0.2516,0.0000
1791000715.3551,0.0200,0.1076,0.0000,0.0000,0.0000,0.0000,0.0000,0.0000,0.0000,0.0000,0.0000,0.0000,0.0476,0.0476,-0.2516,-0.2516,0.0000
1791000715.3752,0.0200,0.1032,0.0000,0.0000,0.0000,0.0000,0.0000,0.0000,0.0000,-0.0015,0.0000,0.0000,0.0476,0.0476,-0.2516,-0.2516,0.0000
1791000715.3952,0.0200,0.1071,0.0000,0.0000,0.0000,0.0000,0.0000,0.0000,0.0000,0.0015,0.0000,0.0000,0.0476,0.0476,-0.2516,-0.2516,0.0000
1791000715.4150,0.0199,0.1047,0.0000,0.0000,0.0000,0.0000,0.0000,0.0000,0.0000,0.0000,0.0000,0.0000,0.0476,0.0476,-0.2516,-0.2516,0.0000
1791000715.4350,0.0200,0.1093,0.0000,0.0000,0.0000,0.0000,0.0000,0.0000,0.0000,0.0000,0.0000,0.0000,0.0476,0.0476,-0.2516,-0.2516,0.0000
1791000715.4552,0.0202,0.1086,0.0000,0.0000,0.0000,0.0000,0.0000,0.0000,0.0000,0.0000,0.0000,0.0000,0.0476,0.0476,-0.2516,-0.2516,0.0000
1791000715.4752,0.0200,0.1039,0.0000,0.0000,0.0000,0.0000,0.0000,0.0000,0.0000,0.0000,0.0000,0.0000,0.0476,0.0476,-0.2516,-0.2516,0.0000
1791000715.4952,0.0200,0.1031,0.0000,0.0000,0.0000,0.0000,0.0000,0.0000,0.0000,-0.0015,0.0000,0.0000,0.0476,0.0476,-0.2516,-0.2516,0.0000
1791000715.5152,0.0200,0.1041,0.0000,0.0000,0.0000,0.0000,0.0000,0.0000,0.0000,0.0015,0.0000,0.0000,0.0476,0.0476,-0.2516,-0.2516,0.0000
1791000715.5352,0.0200,0.1043,0.0000,0.0000,0.0000,0.0000,0.0000,0.0000,0.0000,-0.0015,0.0000,0.0000,0.0476,0.0476,-0.2516,-0.2516,0.0000
1791000715.5552,0.0200,0.0983,0.0000,0.0000,0.0000,0.0000,0.0000,0.0000,0.0000,0.0015,0.0000,0.0000,0.0476,0.0476,-0.2516,-0.2516,0.0000
1791000715.5752,0.0200,0.1365,0.0000,0.0000,0.0000,0.0000,0.0000,0.0000,0.0000,-0.0015,0.0000,0.0000,0.0476,0.0476,-0.2516,-0.2516,0.0000
1791000715.5952,0.0200,0.1077,0.0000,0.0000,0.0000,0.0000,0.0000,0.0000,0.0000,0.0015,0.0000,0.0000,0.0476,0.0476,-0.2516,-0.2516,0.0000
1791000715.6152,0.0200,0.0988,0.0000,0.0000,0.0000,0.0000,0.0000,0.0000,0.0000,0.0000,0.0000,0.0000,0.0476,0.0476,-0.2516,-0.2516,0.0000
1791000715.6350,0.0199,0.1215,0.0000,0.0000,0.0000,0.0000,0.0000,0.0000,0.0000,0.0000,0.0000,0.0000,0.0476,0.0476,-0.2516,-0.2516,0.0000
1791000715.6550,0.0200,0.1006,0.0000,0.0000,0.0000,0.0000,0.0000,0.0000,0.0000,0.0000,0.0000,0.0000,0.0476,0.0476,-0.2516,-0.2516,0.0000
1791000715.6752,0.0202,0.0983,0.0000,0.0000,0.0000,0.0000,0.0000,0.0000,0.0000,0.0000,0.0000,0.0000,0.0476,0.0476,-0.2516,-0.2516,0.0000
1791000715.6952,0.0200,0.0979,0.0000,0.0000,0.0000,0.0000,0.0000,0.0000,0.0000,0.0000,0.0000,0.0000,0.0476,0.0506,-0.2516,-0.2516,0.0000
1791000715.7151,0.0200,0.1133,0.0000,0.0000,0.0000,0.0000,0.0000,0.0000,0.0000,-0.0015,0.0000,0.0000,0.0476,0.0476,-0.2516,-0.2516,0.0000
1791000715.7352,0.0200,0.1097,0.0000,0.0000,0.0000,0.0000,0.0000,0.0000,0.0000,0.0015,0.0000,0.0000,0.0476,0.0476,-0.2516,-0.2516,0.0000
1791000715.7552,0.0200,0.0997,0.0000,0.0000,0.0000,0.0000,0.0000,0.0000,0.0000,-0.0015,0.0000,0.0000,0.0476,0.0476,-0.2516,-0.2516,0.0000
1791000715.7751,0.0200,0.0989,0.0000,0.0000,0.0000,0.0000,0.0000,0.0000,0.0000,0.0015,0.0000,0.0000,0.0476,0.0476,-0.2516,-0.2516,0.0000
1791000715.7951,0.0200,0.1007,0.0000,0.0000,0.0000,0.0000,0.0000,0.0000,0.0000,0.0000,0.0000,0.0000,0.0476,0.0476,-0.2516,-0.2516,0.0000
1791000715.8151,0.0200,0.0971,0.0000,0.0000,0.0000,0.0000,0.0000,0.0000,0.0000,0.0000,0.0000,0.0000,0.0476,0.0476,-0.2516,-0.2516,0.0000
1791000715.8351,0.0200,0.0985,0.0000,0.0000,0.0000,0.0000,0.0000,0.0000,0.0000,-0.0015,0.0000,0.0000,0.0476,0.0476,-0.2516,-0.2516,0.0000
1791000715.8551,0.0200,0.1870,0.0000,0.0000,0.0000,0.0000,0.0000,0.0000,0.0000,0.0015,0.0000,0.0000,0.0476,0.0476,-0.2516,-0.2516,0.0000
1791000715.8752,0.0201,0.0997,0.0000,0.0000,0.0000,0.0000,0.0000,0.0000,0.0000,0.0000,0.0000,0.0000,0.0476,0.0476,-0.2516,-0.2516,0.0000
1791000715.8952,0.0200,0.0974,0.0000,0.0000,0.0000,0.0000,0.0000,0.0000,0.0000,0.0000,0.0000,0.0000,0.0476,0.0476,-0.2516,-0.2516,0.0000
1791000715.9152,0.0200,0.0979,0.0000,0.0000,0.0000,0.0000,0.0000,0.0000,0.0000,0.0000,0.0000,0.0000,0.0476,0.0476,-0.2516,-0.2516,0.0000
1791000715.9352,0.0200,0.1017,0.0000,0.0000,0.0000,0.0000,0.0000,0.0000,0.0000,-0.0015,0.0000,0.0000,0.0476,0.0476,-0.2516,-0.2516,0.0000
1791000715.9552,0.0201,0.3046,0.0000,0.0000,0.0000,0.0000,0.0000,0.0000,0.0000,0.0015,0.0000,0.0000,0.0476,0.0476,-0.2516,-0.2516,0.0000
1791000715.9752,0.0199,0.2735,0.0000,0.0000,0.0000,0.0000,0.0000,0.0000,0.0000,0.0000,0.0000,0.0000,0.0476,0.0476,-0.2516,-0.2516,0.0000
1791000715.9951,0.0200,0.3147,0.0000,0.0000,0.0000,0.0000,0.0000,0.0000,0.0000,0.0000,0.0000,0.0000,0.0476,0.0476,-0.2516,-0.2516,0.0000
1791000716.0152,0.0200,0.2633,0.0000,0.0000,0.0000,0.0000,0.0000,0.0000,0.0000,-0.0015,0.0000,0.0000,0.0476,0.0476,-0.2516,-0.2516,0.0000
1791000716.0352,0.0200,0.2383,0.0000,0.0000,0.0000,0.0000,0.0000,0.0000,0.0000,0.0015,0.0000,0.0000,0.0476,0.0476,-0.2516,-0.2516,0.0000
1791000716.0550,0.0199,0.1086,0.0000,0.0000,0.0000,0.0000,0.0000,0.0000,0.0000,-0.0015,0.0000,0.0000,0.0476,0.0476,-0.2516,-0.2516,0.0000
1791000716.0750,0.0200,0.1085,0.0000,0.0000,0.0000,0.0000,0.0000,0.0000,0.0000,0.0000,0.0000,0.0000,0.0476,0.0476,-0.2516,-0.2516,0.0000
1791000716.0950,0.0200,0.1176,0.0000,0.0000,0.0000,0.0000,0.0000,0.0000,0.0000,0.0000,0.0000,0.0000,0.0476,0.0476,-0.2516,-0.2516,0.0000
1791000716.1150,0.0200,0.0592,0.0000,0.0000,0.0000,0.0000,0.0000,0.0000,0.0000,0.0015,0.0000,0.0000,0.0476,0.0476,-0.2516,-0.2516,0.0000
1791000716.1350,0.0200,0.0943,0.0000,0.0000,0.0000,0.0000,0.0000,0.0000,0.0000,-0.0015,0.0000,0.0000,0.0476,0.0476,-0.2516,-0.2516,0.0000
1791000716.1551,0.0201,0.0801,0.0000,0.0000,0.0000,0.0000,0.0000,0.0000,0.0000,0.0015,0.0000,0.0000,0.0476,0.0476,-0.2516,-0.2516,0.0000
1791000716.1751,0.0200,0.0785,0.0000,0.0000,0.0000,0.0000,0.0000,0.0000,0.0000,0.0000,0.0000,0.0000,0.0476,0.0476,-0.2516,-0.2516,0.0000
1791000716.1951,0.0200,0.0809,0.0000,0.0000,0.0000,0.0000,0.0000,0.0000,0.0000,-0.0015,0.0000,0.0000,0.0476,0.0506,-0.2516,-0.2516,0.0000
1791000716.2151,0.0200,0.0780,0.0000,0.0000,0.0000,0.0000,0.0000,0.0000,0.0000,0.0015,0.0000,0.0000,0.0476,0.0476,-0.2516,-0.2516,0.0000
1791000716.2351,0.0200,0.0801,0.0000,0.0000,0.0000,0.0000,0.0000,0.0000,0.0000,0.0000,0.0000,0.0000,0.0476,0.0476,-0.2516,-0.2516,0.0000
1791000716.2551,0.0200,0.1050,0.0000,0.0000,0.0000,0.0000,0.0000,0.0000,0.0000,0.0000,0.0000,0.0000,0.0476,0.0476,-0.2516,-0.2516,0.0000
1791000716.2750,0.0199,0.1385,0.0000,0.0000,0.0000,0.0000,0.0000,0.0000,0.0000,0.0000,0.0000,0.0000,0.0476,0.0476,-0.2516,-0.2516,0.0000
1791000716.2950,0.0200,0.1046,0.0000,0.0000,0.0000,0.0000,0.0000,0.0000,0.0000,0.0000,0.0000,0.0000,0.0476,0.0476,-0.2516,-0.2516,0.0000
1791000716.3150,0.0200,0.0502,0.0000,0.0000,0.0000,0.0000,0.0000,0.0000,0.0000,-0.0015,0.0000,0.0000,0.0476,0.0476,-0.2516,-0.2516,0.0000
1791000716.3350,0.0200,0.0498,0.0000,0.0000,0.0000,0.0000,0.0000,0.0000,0.0000,0.0015,0.0000,0.0000,0.0476,0.0476,-0.2516,-0.2516,0.0000
1791000716.3551,0.0201,0.0897,0.0000,0.0000,0.0000,0.0000,0.0000,0.0000,0.0000,0.0000,0.0000,0.0000,0.0476,0.0476,-0.2516,-0.2516,0.0000
1791000716.3751,0.0200,0.0795,0.0000,0.0000,0.0000,0.0000,0.0000,0.0000,0.0000,0.0000,0.0000,0.0000,0.0476,0.0476,-0.2516,-0.2516,0.0000
1791000716.3951,0.0200,0.0873,0.0000,0.0000,0.0000,0.0000,0.0000,0.0000,0.0000,0.0000,0.0000,0.0000,0.0476,0.0476,-0.2516,-0.2516,0.0000
1791000716.4150,0.0199,0.1011,0.0000,0.0000,0.0000,0.0000,0.0000,0.0000,0.0000,0.0000,0.0000,0.0000,0.0476,0.0476,-0.2516,-0.2516,0.0000
1791000716.4352,0.0202,0.1130,0.0000,0.0000,0.0000,0.0000,0.0000,0.0000,0.0000,0.0000,0.0000,0.0000,0.0476,0.0476,-0.2516,-0.2516,0.0000
1791000716.4551,0.0200,0.0980,0.0000,0.0000,0.0000,0.0000,0.0000,0.0000,0.0000,-0.0015,0.0000,0.0000,0.0476,0.0476,-0.2516,-0.2516,0.0000
1791000716.4750,0.0199,0.1344,0.0000,0.0000,0.0000,0.0000,0.0000,0.0000,0.0000,0.0000,0.0000,0.0000,0.0476,0.0476,-0.2516,-0.2516,0.0000
1791000716.4950,0.0200,0.1029,0.0000,0.0000,0.0000,0.0000,0.0000,0.0000,0.0000,0.0000,0.0000,0.0000,0.0476,0.0476,-0.2516,-0.2516,0.0000
1791000716.5152,0.0202,0.0983,0.0000,0.0000,0.0000,0.0000,0.0000,0.0000,0.0000,0.0015,0.0000,0.0000,0.0476,0.0476,-0.2516,-0.2516,0.0000
1791000716.5350,0.0198,0.1014,0.0000,0.0000,0.0000,0.0000,0.0000,0.0000,0.0000,0.0000,0.0000,0.0000,0.0476,0.0476,-0.2516,-0.2516,0.0000
1791000716.5550,0.0200,0.1044,0.0000,0.0000,0.0000,0.0000,0.0000,0.0000,0.0000,0.0000,0.0000,0.0000,0.0476,0.0476,-0.2516,-0.2516,0.0000
1791000716.5750,0.0200,0.1093,0.0000,0.0000,0.0000,0.0000,0.0000,0.0000,0.0000,0.0000,0.0000,0.0000,0.0476,0.0476,-0.2516,-0.2516,0.0000
1791000716.5951,0.0201,0.1070,0.0000,0.0000,0.0000,0.0000,0.0000,0.0000,0.0000,0.0000,0.0000,0.0000,0.0476,0.0476,-0.2516,-0.2516,0.0000
1791000716.6152,0.0200,0.1032,0.0000,0.0000,0.0000,0.0000,0.0000,0.0000,0.0000,0.0000,0.0000,0.0000,0.0476,0.0476,-0.2516,-0.2516,0.0000
1791000716.6351,0.0200,0.1036,0.0000,0.0000,0.0000,0.0000,0.0000,0.0000,0.0000,0.0000,0.0000,0.0000,0.0476,0.0476,-0.2516,-0.2516,0.0000
1791000716.6551,0.0200,0.1545,0.0000,0.0000,0.0000,0.0000,0.0000,0.0000,0.0000,0.0000,0.0000,0.0000,0.0476,0.0476,-0.2516,-0.2516,0.0000
1791000716.6751,0.0200,0.1356,0.0000,0.0000,0.0000,0.0000,0.0000,0.0000,0.0000,0.0000,0.0000,0.0000,0.0476,0.0476,-0.2516,-0.2516,0.0000
1791000716.6952,0.0200,0.1299,0.0000,0.0000,0.0000,0.0000,0.0000,0.0000,0.0000,0.0000,0.0000,0.0000,0.0476,0.0476,-0.2516,-0.2516,0.0000
1791000716.7151,0.0200,0.1085,0.0000,0.0000,0.0000,0.0000,0.0000,0.0000,0.0000,0.0000,0.0000,0.0000,0.0476,0.0476,-0.2516,-0.2516,0.0000
1791000716.7352,0.0201,0.1048,0.0000,0.0000,0.0000,0.0000,0.0000,0.0000,0.0000,0.0000,0.0000,0.0000,0.0476,0.0476,-0.2516,-0.2516,0.0000
1791000716.7552,0.0200,0.1047,0.0000,0.0000,0.0000,0.0000,0.0000,0.0000,0.0000,0.0000,0.0000,0.0000,0.0476,0.0476,-0.2516,-0.2516,0.0000
1791000716.7751,0.0200,0.1554,0.0000,0.0000,0.0000,0.0000,0.0000,0.0000,-0.0015,0.0000,0.0000,0.0000,0.0476,0.0476,-0.2516,-0.2516,0.0000
1791000716.7951,0.0200,0.1151,0.0000,0.0000,0.0000,0.0000,0.0000,0.0000,0.0015,0.0000,0.0000,0.0000,0.0476,0.0476,-0.2516,-0.2516,0.0000
1791000716.8152,0.0200,0.1050,0.0000,0.0000,0.0000,0.0000,0.0000,0.0000,0.0000,0.0000,0.0000,0.0000,0.0476,0.0476,-0.2516,-0.2516,0.0000
1791000716.8352,0.0200,0.1041,0.0000,0.0000,0.0000,0.0000,0.0000,0.0000,0.0000,0.0000,0.0000,0.0000,0.0476,0.0476,-0.2516,-0.2516,0.0000
1791000716.8552,0.0200,0.0977,0.0000,0.0000,0.0000,0.0000,0.0000,0.0000,0.0000,-0.0015,0.0000,0.0000,0.0476,0.0476,-0.2516,-0.2516,0.0000
1791000716.8752,0.0200,0.0992,0.0000,0.0000,0.0000,0.0000,0.0000,0.0000,0.0000,0.0015,0.0000,0.0000,0.0476,0.0476,-0.2516,-0.2516,0.0000
1791000716.8952,0.0200,0.1069,0.0000,0.0000,0.0000,0.0000,0.0000,0.0000,0.0000,0.0000,0.0000,0.0000,0.0476,0.0476,-0.2516,-0.2516,0.0000
1791000716.9152,0.0200,0.1007,0.0000,0.0000,0.0000,0.0000,0.0000,0.0000,0.0000,-0.0015,0.0000,0.0000,0.0476,0.0476,-0.2516,-0.2516,0.0000
1791000716.9352,0.0200,0.0981,0.0000,0.0000,0.0000,0.0000,0.0000,0.0000,0.0000,0.0015,0.0000,0.0000,0.0476,0.0476,-0.2516,-0.2516,0.0000
1791000716.9552,0.0200,0.0988,0.0000,0.0000,0.0000,0.0000,0.0000,0.0000,0.0000,-0.0015,0.0000,0.0000,0.0476,0.0476,-0.2516,-0.2516,0.0000
1791000716.9752,0.0200,0.0989,0.0000,0.0000,0.0000,0.0000,0.0000,0.0000,0.0000,0.0015,0.0000,0.0000,0.0476,0.0476,-0.2516,-0.2516,0.0000
1791000716.9952,0.0200,0.1005,0.0000,0.0000,0.0000,0.0000,0.0000,0.0000,0.0000,0.0000,0.0000,0.0000,0.0476,0.0476,-0.2516,-0.2516,0.0000
1791000717.0152,0.0200,0.0977,0.0000,0.0000,0.0000,0.0000,0.0000,0.0000,0.0000,-0.0015,0.0000,0.0000,0.0476,0.0476,-0.2516,-0.2516,0.0000
1791000717.0351,0.0200,0.0984,0.0000,0.0000,0.0000,0.0000,0.0000,0.0000,0.0000,0.0015,0.0000,0.0000,0.0476,0.0476,-0.2516,-0.2516,0.0000
1791000717.0552,0.0200,0.0983,0.0000,0.0000,0.0000,0.0000,0.0000,0.0000,0.0000,0.0000,0.0000,0.0000,0.0476,0.0476,-0.2516,-0.2516,0.0000
1791000717.0752,0.0200,0.0983,0.0000,0.0000,0.0000,0.0000,0.0000,0.0000,0.0000,0.0000,0.0000,0.0000,0.0476,0.0476,-0.2516,-0.2516,0.0000
1791000717.0952,0.0200,0.1079,0.0000,0.0000,0.0000,0.0000,0.0000,0.0000,0.0000,0.0000,0.0000,0.0000,0.0476,0.0476,-0.2516,-0.2516,0.0000
1791000717.1150,0.0199,0.0999,0.0000,0.0000,0.0000,0.0000,0.0000,0.0000,0.0000,0.0000,0.0000,0.0000,0.0476,0.0476,-0.2516,-0.2516,0.0000
1791000717.1351,0.0201,0.1061,0.0000,0.0000,0.0000,0.0000,0.0000,0.0000,0.0000,0.0000,0.0000,0.0000,0.0476,0.0476,-0.2516,-0.2516,0.0000
1791000717.1552,0.0201,0.1004,0.0000,0.0000,0.0000,0.0000,0.0000,0.0000,0.0000,0.0000,0.0000,0.0000,0.0476,0.0476,-0.2516,-0.2516,0.0000
1791000717.1751,0.0199,0.0986,0.0000,0.0000,0.0000,0.0000,0.0000,0.0000,0.0000,0.0000,0.0000,0.0000,0.0476,0.0476,-0.2516,-0.2516,0.0000
1791000717.1951,0.0200,0.1011,0.0000,0.0000,0.0000,0.0000,0.0000,0.0000,0.0000,-0.0015,0.0000,0.0000,0.0476,0.0476,-0.2516,-0.2516,0.0000
1791000717.2152,0.0201,0.0981,0.0000,0.0000,0.0000,0.0000,0.0000,0.0000,0.0000,0.0015,0.0000,0.0000,0.0476,0.0476,-0.2516,-0.2516,0.0000
1791000717.2352,0.0200,0.3689,0.0000,0.0000,0.0000,0.0000,0.0000,0.0000,0.0000,0.0000,0.0000,0.0000,0.0476,0.0476,-0.2516,-0.2516,0.0000
1791000717.2552,0.0200,0.2970,0.0000,0.0000,0.0000,0.0000,0.0000,0.0000,0.0000,-0.0015,0.0000,0.0000,0.0476,0.0476,-0.2516,-0.2531,0.0000
1791000717.2752,0.0200,0.3586,0.0000,0.0000,0.0000,0.0000,0.0000,0.0000,0.0000,0.0015,0.0000,0.0000,0.0476,0.0476,-0.2516,-0.2516,0.0000
1791000717.2952,0.0199,0.1393,0.0000,0.0000,0.0000,0.0000,0.0000,0.0000,0.0000,0.0000,0.0000,0.0000,0.0476,0.0476,-0.2516,-0.2516,0.0000
1791000717.3151,0.0200,0.3574,0.0000,0.0000,0.0000,0.0000,0.0000,0.0000,0.0000,0.0000,0.0000,0.0000,0.0476,0.0476,-0.2516,-0.2516,0.0000
1791000717.3352,0.0201,0.1676,0.0000,0.0000,0.0000,0.0000,0.0000,0.0000,0.0000,0.0000,0.0000,0.0000,0.0476,0.0476,-0.2516,-0.2516,0.0000
1791000717.3552,0.0200,0.1159,0.0000,0.0000,0.0000,0.0000,0.0000,0.0000,0.0000,0.0000,0.0000,0.0000,0.0476,0.0476,-0.2516,-0.2516,0.0000
1791000717.3751,0.0200,0.1732,0.0000,0.0000,0.0000,0.0000,0.0000,0.0000,0.0000,0.0000,0.0000,0.0000,0.0476,0.0476,-0.2516,-0.2516,0.0000
1791000717.3952,0.0200,0.1080,0.0000,0.0000,0.0000,0.0000,0.0000,0.0000,0.0000,0.0000,0.0000,0.0000,0.0476,0.0476,-0.2516,-0.2516,0.0000
1791000717.4151,0.0200,0.0972,0.0000,0.0000,0.0000,0.0000,0.0000,0.0000,0.0000,0.0000,0.0000,0.0000,0.0476,0.0476,-0.2516,-0.2516,0.0000
1791000717.4352,0.0200,0.1479,0.0000,0.0000,0.0000,0.0000,0.0000,0.0000,0.0000,0.0000,0.0000,0.0000,0.0476,0.0506,-0.2516,-0.2516,0.0000
1791000717.4552,0.0200,0.1081,0.0000,0.0000,0.0000,0.0000,0.0000,0.0000,0.0000,-0.0015,0.0000,0.0000,0.0476,0.0476,-0.2516,-0.2516,0.0000
1791000717.4751,0.0199,0.1010,0.0000,0.0000,0.0000,0.0000,0.0000,0.0000,0.0000,0.0015,0.0000,0.0000,0.0476,0.0476,-0.2516,-0.2516,0.0000
1791000717.4952,0.0200,0.0982,0.0000,0.0000,0.0000,0.0000,0.0000,0.0000,0.0000,0.0000,0.0000,0.0000,0.0476,0.0476,-0.2516,-0.2516,0.0000
1791000717.5152,0.0200,0.1117,0.0000,0.0000,0.0000,0.0000,0.0000,0.0000,0.0000,-0.0015,0.0000,0.0000,0.0476,0.0476,-0.2516,-0.2516,0.0000
1791000717.5352,0.0200,0.0997,0.0000,0.0000,0.0000,0.0000,0.0000,0.0000,0.0000,0.0015,0.0000,0.0000,0.0476,0.0476,-0.2516,-0.2516,0.0000
1791000717.5552,0.0200,0.1011,0.0000,0.0000,0.0000,0.0000,0.0000,0.0000,0.0000,0.0000,0.0000,0.0000,0.0476,0.0476,-0.2516,-0.2516,0.0000
1791000717.5752,0.0200,0.0994,0.0000,0.0000,0.0000,0.0000,0.0000,0.0000,0.0000,0.0000,0.0000,0.0000,0.0476,0.0476,-0.2516,-0.2516,0.0000
1791000717.5952,0.0200,0.1018,0.0000,0.0000,0.0000,0.0000,0.0000,0.0000,0.0000,0.0000,0.0000,0.0000,0.0476,0.0476,-0.2516,-0.2516,0.0000
1791000717.6152,0.0200,0.1734,0.0000,0.0000,0.0000,0.0000,0.0000,0.0000,0.0000,0.0000,0.0000,0.0000,0.0476,0.0476,-0.2516,-0.2516,0.0000
1791000717.6352,0.0200,0.1030,0.0000,0.0000,0.0000,0.0000,0.0000,0.0000,0.0000,0.0000,0.0000,0.0000,0.0476,0.0476,-0.2516,-0.2516,0.0000
1791000717.6552,0.0200,0.0988,0.0000,0.0000,0.0000,0.0000,0.0000,0.0000,0.0000,-0.0015,0.0000,0.0000,0.0476,0.0476,-0.2516,-0.2516,0.0000
1791000717.6752,0.0200,0.0985,0.0000,0.0000,0.0000,0.0000,0.0000,0.0000,0.0000,0.0015,0.0000,0.0000,0.0476,0.0476,-0.2516,-0.2516,0.0000
1791000717.6952,0.0200,0.0999,0.0000,0.0000,0.0000,0.0000,0.0000,0.0000,0.0000,0.0000,0.0000,0.0000,0.0476,0.0476,-0.2516,-0.2516,0.0000
1791000717.7151,0.0199,0.0990,0.0000,0.0000,0.0000,0.0000,0.0000,0.0000,0.0000,-0.0015,0.0000,0.0000,0.0476,0.0476,-0.2516,-0.2516,0.0000
1791000717.7351,0.0200,0.1322,0.0000,0.0000,0.0000,0.0000,0.0000,0.0000,0.0000,0.0015,0.0000,0.0000,0.0476,0.0476,-0.2516,-0.2516,0.0000
1791000717.7552,0.0201,0.1024,0.0000,0.0000,0.0000,0.0000,0.0000,0.0000,0.0000,0.0000,0.0000,0.0000,0.0476,0.0476,-0.2516,-0.2516,0.0000
1791000717.7752,0.0200,0.1739,0.0000,0.0000,0.0000,0.0000,0.0000,0.0000,0.0000,0.0000,0.0000,0.0000,0.0476,0.0476,-0.2516,-0.2516,0.0000
1791000717.7951,0.0199,0.1063,0.0000,0.0000,0.0000,0.0000,0.0000,0.0000,0.0000,-0.0015,0.0000,0.0000,0.0476,0.0476,-0.2516,-0.2516,0.0000
1791000717.8152,0.0200,0.0981,0.0000,0.0000,0.0000,0.0000,0.0000,0.0000,0.0000,0.0000,0.0000,0.0000,0.0476,0.0476,-0.2516,-0.2516,0.0000
1791000717.8352,0.0200,0.1023,0.0000,0.0000,0.0000,0.0000,0.0000,0.0000,0.0000,0.0015,0.0000,0.0000,0.0476,0.0476,-0.2516,-0.2516,0.0000
1791000717.8552,0.0200,0.0987,0.0000,0.0000,0.0000,0.0000,0.0000,0.0000,0.0000,-0.0015,0.0000,0.0000,0.0476,0.0476,-0.2516,-0.2516,0.0000
1791000717.8752,0.0200,0.0978,0.0000,0.0000,0.0000,0.0000,0.0000,0.0000,0.0000,0.0015,0.0000,0.0000,0.0476,0.0476,-0.2516,-0.2516,0.0000
1791000717.8952,0.0200,0.0987,0.0000,0.0000,0.0000,0.0000,0.0000,0.0000,0.0000,0.0000,0.0000,0.0000,0.0476,0.0476,-0.2516,-0.2516,0.0000
1791000717.9151,0.0200,0.1586,0.0000,0.0000,0.0000,0.0000,0.0000,0.0000,0.0000,0.0000,0.0000,0.0000,0.0476,0.0476,-0.2516,-0.2516,0.0000
1791000717.9351,0.0200,0.1337,0.0000,0.0000,0.0000,0.0000,0.0000,0.0000,0.0000,-0.0015,0.0000,0.0000,0.0476,0.0476,-0.2516,-0.2516,0.0000
1791000717.9552,0.0200,0.1406,0.0000,0.0000,0.0000,0.0000,0.0000,0.0000,0.0000,0.0015,0.0000,0.0000,0.0476,0.0476,-0.2516,-0.2516,0.0000
1791000717.9751,0.0200,0.1701,0.0000,0.0000,0.0000,0.0000,0.0000,0.0000,0.0000,0.0000,0.0000,0.0000,0.0476,0.0476,-0.2516,-0.2516,0.0000
1791000717.9952,0.0200,0.1348,0.0000,0.0000,0.0000,0.0000,0.0000,0.0000,0.0000,-0.0015,0.0000,0.0000,0.0476,0.0476,-0.2516,-0.2516,0.0000
1791000718.0151,0.0199,0.1338,0.0000,0.0000,0.0000,0.0000,0.0000,0.0000,0.0000,0.0015,0.0000,0.0000,0.0476,0.0476,-0.2516,-0.2516,0.0000
1791000718.0351,0.0201,0.0978,0.0000,0.0000,0.0000,0.0000,0.0000,0.0000,0.0000,0.0000,0.0000,0.0000,0.0476,0.0476,-0.2516,-0.2516,0.0000
1791000718.0551,0.0200,0.0984,0.0000,0.0000,0.0000,0.0000,0.0000,0.0000,0.0000,0.0000,0.0000,0.0000,0.0476,0.0476,-0.2516,-0.2516,0.0000
1791000718.0751,0.0200,0.0980,0.0000,0.0000,0.0000,0.0000,0.0000,0.0000,0.0000,0.0000,0.0000,0.0000,0.0476,0.0476,-0.2516,-0.2516,0.0000
1791000718.0951,0.0200,0.0995,0.0000,0.0000,0.0000,0.0000,0.0000,0.0000,0.0000,0.0000,0.0000,0.0000,0.0476,0.0476,-0.2516,-0.2516,0.0000
1791000718.1152,0.0200,0.1127,0.0000,0.0000,0.0000,0.0000,0.0000,0.0000,0.0000,-0.0015,0.0000,0.0000,0.0476,0.0476,-0.2516,-0.2516,0.0000
1791000718.1352,0.0201,0.0998,0.0000,0.0000,0.0000,0.0000,0.0000,0.0000,0.0000,0.0000,0.0000,0.0000,0.0476,0.0476,-0.2516,-0.2516,0.0000
1791000718.1552,0.0200,0.0996,0.0000,0.0000,0.0000,0.0000,0.0000,0.0000,0.0000,0.0015,0.0000,0.0000,0.0476,0.0476,-0.2516,-0.2516,0.0000
1791000718.1751,0.0199,0.1078,0.0000,0.0000,0.0000,0.0000,0.0000,0.0000,0.0000,-0.0015,0.0000,0.0000,0.0476,0.0476,-0.2516,-0.2516,0.0000
1791000718.1952,0.0201,0.1030,0.0000,0.0000,0.0000,0.0000,0.0000,0.0000,0.0000,0.0015,0.0000,0.0000,0.0476,0.0476,-0.2516,-0.2516,0.0000
1791000718.2151,0.0200,0.1267,0.0000,0.0000,0.0000,0.0000,0.0000,0.0000,0.0000,0.0000,0.0000,0.0000,0.0476,0.0476,-0.2516,-0.2516,0.0000
1791000718.2352,0.0200,0.1503,0.0000,0.0000,0.0000,0.0000,0.0000,0.0000,0.0000,0.0000,0.0000,0.0000,0.0476,0.0476,-0.2516,-0.2516,0.0000
1791000718.2551,0.0199,0.0778,0.0000,0.0000,0.0000,0.0000,0.0000,0.0000,0.0000,0.0000,0.0000,0.0000,0.0476,0.0506,-0.2516,-0.2516,0.0000
1791000718.2751,0.0200,0.0994,0.0000,0.0000,0.0000,0.0000,0.0000,0.0000,0.0000,0.0000,0.0000,0.0000,0.0476,0.0476,-0.2516,-0.2516,0.0000
1791000718.2951,0.0199,0.0985,0.0000,0.0000,0.0000,0.0000,0.0000,0.0000,0.0000,-0.0015,0.0000,0.0000,0.0476,0.0506,-0.2516,-0.2516,0.0000
1791000718.3152,0.0201,0.1173,0.0000,0.0000,0.0000,0.0000,0.0000,0.0000,0.0000,0.0015,0.0000,0.0000,0.0476,0.0476,-0.2516,-0.2516,0.0000
1791000718.3352,0.0200,0.1286,0.0000,0.0000,0.0000,0.0000,0.0000,0.0000,0.0000,0.0000,0.0000,0.0000,0.0476,0.0476,-0.2516,-0.2516,0.0000
1791000718.3551,0.0200,0.1137,0.0000,0.0000,0.0000,0.0000,0.0000,0.0000,0.0000,0.0000,0.0000,0.0000,0.0476,0.0476,-0.2516,-0.2516,0.0000
1791000718.3751,0.0200,0.1082,0.0000,0.0000,0.0000,0.0000,0.0000,0.0000,0.0000,-0.0015,0.0000,0.0000,0.0476,0.0476,-0.2516,-0.2516,0.0000
1791000718.3952,0.0201,0.1118,0.0000,0.0000,0.0000,0.0000,0.0000,0.0000,0.0000,0.0015,0.0000,0.0000,0.0476,0.0476,-0.2516,-0.2516,0.0000
1791000718.4150,0.0199,0.1046,0.0000,0.0000,0.0000,0.0000,0.0000,0.0000,0.0000,-0.0015,0.0000,0.0000,0.0476,0.0476,-0.2516,-0.2516,0.0000
1791000718.4352,0.0201,0.1038,0.0000,0.0000,0.0000,0.0000,0.0000,0.0000,0.0000,0.0015,0.0000,0.0000,0.0476,0.0476,-0.2516,-0.2516,0.0000
1791000718.4551,0.0200,0.1033,0.0000,0.0000,0.0000,0.0000,0.0000,0.0000,0.0000,0.0000,0.0000,0.0000,0.0476,0.0476,-0.2516,-0.2516,0.0000
1791000718.4752,0.0201,0.0973,0.0000,0.0000,0.0000,0.0000,0.0000,0.0000,0.0000,0.0000,0.0000,0.0000,0.0476,0.0476,-0.2516,-0.2516,0.0000
1791000718.4952,0.0200,0.0975,0.0000,0.0000,0.0000,0.0000,0.0000,0.0000,0.0000,-0.0015,0.0000,0.0000,0.0476,0.0476,-0.2516,-0.2516,0.0000
1791000718.5151,0.0199,0.1007,0.0000,0.0000,0.0000,0.0000,0.0000,0.0000,0.0000,0.0015,0.0000,0.0000,0.0476,0.0476,-0.2516,-0.2516,0.0000
1791000718.5351,0.0200,0.1123,0.0000,0.0000,0.0000,0.0000,0.0000,0.0000,0.0000,-0.0015,0.0000,0.0000,0.0476,0.0476,-0.2516,-0.2516,0.0000
1791000718.5551,0.0200,0.1138,0.0000,0.0000,0.0000,0.0000,0.0000,0.0000,0.0000,0.0015,0.0000,0.0000,0.0476,0.0476,-0.2516,-0.2516,0.0000
1791000718.5752,0.0200,0.0996,0.0000,0.0000,0.0000,0.0000,0.0000,0.0000,0.0000,0.0000,0.0000,0.0000,0.0476,0.0476,-0.2516,-0.2516,0.0000
1791000718.5951,0.0200,0.1088,0.0000,0.0000,0.0000,0.0000,0.0000,0.0000,0.0000,-0.0015,0.0000,0.0000,0.0476,0.0476,-0.2516,-0.2516,0.0000
1791000718.6152,0.0200,0.1042,0.0000,0.0000,0.0000,0.0000,0.0000,0.0000,0.0000,0.0000,0.0000,0.0000,0.0476,0.0476,-0.2516,-0.2516,0.0000
1791000718.6351,0.0200,0.1041,0.0000,0.0000,0.0000,0.0000,0.0000,0.0000,0.0000,0.0015,0.0000,0.0000,0.0476,0.0476,-0.2516,-0.2516,0.0000
1791000718.6552,0.0200,0.1054,0.0000,0.0000,0.0000,0.0000,0.0000,0.0000,0.0000,0.0000,0.0000,0.0000,0.0476,0.0476,-0.2516,-0.2516,0.0000
1791000718.6752,0.0200,0.1049,0.0000,0.0000,0.0000,0.0000,0.0000,0.0000,0.0000,0.0000,0.0000,0.0000,0.0476,0.0476,-0.2516,-0.2516,0.0000
1791000718.6951,0.0200,0.1040,0.0000,0.0000,0.0000,0.0000,0.0000,0.0000,0.0000,0.0000,0.0000,0.0000,0.0476,0.0476,-0.2516,-0.2516,0.0000
1791000718.7152,0.0200,0.1621,0.0000,0.0000,0.0000,0.0000,0.0000,0.0000,0.0000,-0.0015,0.0000,0.0000,0.0476,0.0476,-0.2516,-0.2516,0.0000
1791000718.7352,0.0200,0.1073,0.0000,0.0000,0.0000,0.0000,0.0000,0.0000,0.0000,0.0000,0.0000,0.0000,0.0476,0.0476,-0.2516,-0.2516,0.0000
1791000718.7551,0.0200,0.1039,0.0000,0.0000,0.0000,0.0000,0.0000,0.0000,0.0000,0.0015,0.0000,0.0000,0.0476,0.0476,-0.2516,-0.2516,0.0000
1791000718.7751,0.0200,0.1037,0.0000,0.0000,0.0000,0.0000,0.0000,0.0000,0.0000,0.0000,0.0000,0.0000,0.0476,0.0476,-0.2516,-0.2516,0.0000
1791000718.7952,0.0201,0.1741,0.0000,0.0000,0.0000,0.0000,0.0000,0.0000,0.0000,0.0000,0.0000,0.0000,0.0476,0.0476,-0.2516,-0.2516,0.0000
1791000718.8151,0.0199,0.1089,0.0000,0.0000,0.0000,0.0000,0.0000,0.0000,0.0000,-0.0015,0.0000,0.0000,0.0476,0.0506,-0.2516,-0.2516,0.0000
1791000718.8352,0.0200,0.1073,0.0000,0.0000,0.0000,0.0000,0.0000,0.0000,0.0000,0.0000,0.0000,0.0000,0.0476,0.0476,-0.2516,-0.2516,0.0000
1791000718.8552,0.0200,0.1034,0.0000,0.0000,0.0000,0.0000,0.0000,0.0000,0.0000,0.0015,0.0000,0.0000,0.0476,0.0476,-0.2516,-0.2516,0.0000
1791000718.8751,0.0199,0.1035,0.0000,0.0000,0.0000,0.0000,0.0000,0.0000,0.0000,-0.0015,0.0000,0.0000,0.0476,0.0476,-0.2516,-0.2516,0.0000
1791000718.8951,0.0201,0.1032,0.0000,0.0000,0.0000,0.0000,0.0000,0.0000,0.0000,0.0000,0.0000,0.0000,0.0476,0.0476,-0.2516,-0.2516,0.0000
1791000718.9151,0.0200,0.1047,0.0000,0.0000,0.0000,0.0000,0.0000,0.0000,0.0000,0.0015,0.0000,0.0000,0.0476,0.0476,-0.2516,-0.2516,0.0000
1791000718.9352,0.0200,0.1040,0.0000,0.0000,0.0000,0.0000,0.0000,0.0000,0.0000,-0.0015,0.0000,0.0000,0.0476,0.0476,-0.2516,-0.2516,0.0000
1791000718.9551,0.0200,0.1047,0.0000,0.0000,0.0000,0.0000,0.0000,0.0000,0.0000,0.0015,0.0000,0.0000,0.0476,0.0476,-0.2516,-0.2516,0.0000
1791000718.9752,0.0200,0.1667,0.0000,0.0000,0.0000,0.0000,0.0000,0.0000,0.0000,0.0000,0.0000,0.0000,0.0476,0.0476,-0.2516,-0.2516,0.0000
1791000718.9951,0.0200,0.1095,0.0000,0.0000,0.0000,0.0000,0.0000,0.0000,0.0000,0.0000,0.0000,0.0000,0.0476,0.0476,-0.2516,-0.2516,0.0000
1791000719.0152,0.0200,0.1079,0.0000,0.0000,0.0000,0.0000,0.0000,0.0000,0.0000,0.0000,0.0000,0.0000,0.0476,0.0476,-0.2516,-0.2516,0.0000
1791000719.0350,0.0199,0.1382,0.0000,0.0000,0.0000,0.0000,0.0000,0.0000,0.0000,0.0000,0.0000,0.0000,0.0476,0.0476,-0.2516,-0.2516,0.0000
1791000719.0550,0.0200,0.0501,0.0000,0.0000,0.0000,0.0000,0.0000,0.0000,0.0000,0.0000,0.0000,0.0000,0.0476,0.0476,-0.2516,-0.2516,0.0000
1791000719.0750,0.0200,0.0903,0.0000,0.0000,0.0000,0.0000,0.0000,0.0000,0.0000,0.0000,0.0000,0.0000,0.0476,0.0476,-0.2516,-0.2516,0.0000
1791000719.0951,0.0201,0.0809,0.0000,0.0000,0.0000,0.0000,0.0000,0.0000,0.0000,0.0000,0.0000,0.0000,0.0476,0.0476,-0.2516,-0.2516,0.0000
1791000719.1150,0.0199,0.1411,0.0000,0.0000,0.0000,0.0000,0.0000,0.0000,0.0000,0.0000,0.0000,0.0000,0.0476,0.0476,-0.2516,-0.2516,0.0000
1791000719.1351,0.0201,0.0926,0.0000,0.0000,0.0000,0.0000,0.0000,0.0000,0.0000,0.0000,0.0000,0.0000,0.0476,0.0476,-0.2516,-0.2516,0.0000
1791000719.1551,0.0200,0.0825,0.0000,0.0000,0.0000,0.0000,0.0000,0.0000,0.0000,0.0000,0.0000,0.0000,0.0476,0.0506,-0.2516,-0.2531,0.0000
1791000719.1751,0.0200,0.0824,0.0000,0.0000,0.0000,0.0000,0.0000,0.0000,0.0000,0.0000,0.0000,0.0000,0.0476,0.0476,-0.2516,-0.2516,0.0000
1791000719.1951,0.0200,0.0845,0.0000,0.0000,0.0000,0.0000,0.0000,0.0000,0.0000,0.0000,0.0000,0.0000,0.0476,0.0476,-0.2516,-0.2516,0.0000
1791000719.2151,0.0200,0.0945,0.0000,0.0000,0.0000,0.0000,0.0000,0.0000,0.0000,0.0000,0.0000,0.0000,0.0476,0.0476,-0.2516,-0.2516,0.0000
1791000719.2352,0.0201,0.1078,0.0000,0.0000,0.0000,0.0000,0.0000,0.0000,0.0000,0.0000,0.0000,0.0000,0.0476,0.0476,-0.2516,-0.2516,0.0000
1791000719.2551,0.0199,0.1025,0.0000,0.0000,0.0000,0.0000,0.0000,0.0000,0.0000,0.0000,0.0000,0.0000,0.0476,0.0476,-0.2516,-0.2516,0.0000
1791000719.2752,0.0200,0.1189,0.0000,0.0000,0.0000,0.0000,0.0000,0.0000,0.0000,0.0000,0.0000,0.0000,0.0476,0.0476,-0.2516,-0.2516,0.0000
1791000719.2951,0.0200,0.1152,0.0000,0.0000,0.0000,0.0000,0.0000,0.0000,0.0000,0.0000,0.0000,0.0000,0.0476,0.0476,-0.2516,-0.2516,0.0000
1791000719.3150,0.0199,0.1507,0.0000,0.0000,0.0000,0.0000,0.0000,0.0000,0.0000,-0.0015,0.0000,0.0000,0.0476,0.0476,-0.2516,-0.2516,0.0000
1791000719.3352,0.0201,0.1665,0.0000,0.0000,0.0000,0.0000,0.0000,0.0000,0.0000,0.0015,0.0000,0.0000,0.0476,0.0476,-0.2516,-0.2516,0.0000
1791000719.3552,0.0200,0.1976,0.0000,0.0000,0.0000,0.0000,0.0000,0.0000,0.0000,-0.0015,0.0000,0.0000,0.0476,0.0476,-0.2516,-0.2516,0.0000
1791000719.3751,0.0199,0.0843,0.0000,0.0000,0.0000,0.0000,0.0000,0.0000,0.0000,0.0000,0.0000,0.0000,0.0476,0.0476,-0.2516,-0.2516,0.0000
1791000719.3952,0.0201,0.1033,0.0000,0.0000,0.0000,0.0000,0.0000,0.0000,0.0000,0.0015,0.0000,0.0000,0.0476,0.0476,-0.2516,-0.2516,0.0000
1791000719.4151,0.0200,0.1057,0.0000,0.0000,0.0000,0.0000,0.0000,0.0000,0.0000,-0.0015,0.0000,0.0000,0.0476,0.0476,-0.2516,-0.2516,0.0000
1791000719.4350,0.0199,0.1309,0.0000,0.0000,0.0000,0.0000,0.0000,0.0000,0.0000,0.0015,0.0000,0.0000,0.0476,0.0476,-0.2516,-0.2516,0.0000
1791000719.4551,0.0201,0.1185,0.0000,0.0000,0.0000,0.0000,0.0000,0.0000,0.0000,0.0000,0.0000,0.0000,0.0476,0.0476,-0.2516,-0.2516,0.0000
1791000719.4752,0.0200,0.2972,0.0000,0.0000,0.0000,0.0000,0.0000,0.0000,0.0000,0.0000,0.0000,0.0000,0.0476,0.0476,-0.2516,-0.2516,0.0000
1791000719.4951,0.0200,0.3011,0.0000,0.0000,0.0000,0.0000,0.0000,0.0000,0.0000,0.0000,0.0000,0.0000,0.0476,0.0476,-0.2516,-0.2516,0.0000
1791000719.5151,0.0200,0.1110,0.0000,0.0000,0.0000,0.0000,0.0000,0.0000,0.0000,0.0000,0.0000,0.0000,0.0476,0.0476,-0.2516,-0.2516,0.0000
1791000719.5351,0.0200,0.2507,0.0000,0.0000,0.0000,0.0000,0.0000,0.0000,0.0000,0.0000,0.0000,0.0000,0.0476,0.0476,-0.2516,-0.2516,0.0000
1791000719.5552,0.0200,0.2881,0.0000,0.0000,0.0000,0.0000,0.0000,0.0000,0.0000,0.0000,0.0000,0.0000,0.0476,0.0476,-0.2516,-0.2516,0.0000
1791000719.5752,0.0200,0.1087,0.0000,0.0000,0.0000,0.0000,0.0000,0.0000,0.0000,0.0000,0.0000,0.0000,0.0476,0.0476,-0.2516,-0.2516,0.0000
1791000719.5951,0.0200,0.1108,0.0000,0.0000,0.0000,0.0000,0.0000,0.0000,0.0000,0.0000,0.0000,0.0000,0.0476,0.0476,-0.2516,-0.2516,0.0000
1791000719.6152,0.0200,0.3190,0.0000,0.0000,0.0000,0.0000,0.0000,0.0000,0.0000,0.0000,0.0000,0.0000,0.0476,0.0476,-0.2516,-0.2516,0.0000
1791000719.6351,0.0199,0.2319,0.0000,0.0000,0.0000,0.0000,0.0000,0.0000,0.0000,0.0000,0.0000,0.0000,0.0476,0.0476,-0.2516,-0.2516,0.0000
1791000719.6550,0.0199,0.2769,0.0000,0.0000,0.0000,0.0000,0.0000,0.0000,0.0000,0.0000,0.0000,0.0000,0.0476,0.0476,-0.2516,-0.2516,0.0000
1791000719.6751,0.0201,0.1052,0.0000,0.0000,0.0000,0.0000,0.0000,0.0000,0.0000,0.0000,0.0000,0.0000,0.0476,0.0476,-0.2516,-0.2516,0.0000
1791000719.6950,0.0199,0.0975,0.0000,0.0000,0.0000,0.0000,0.0000,0.0000,0.0000,0.0000,0.0000,0.0000,0.0476,0.0476,-0.2516,-0.2516,0.0000
1791000719.7151,0.0200,0.1360,0.0000,0.0000,0.0000,0.0000,0.0000,0.0000,0.0000,0.0000,0.0000,0.0000,0.0476,0.0476,-0.2516,-0.2516,0.0000
1791000719.7351,0.0201,0.1019,0.0000,0.0000,0.0000,0.0000,0.0000,0.0000,0.0000,0.0000,0.0000,0.0000,0.0476,0.0476,-0.2516,-0.2516,0.0000
1791000719.7551,0.0200,0.0981,0.0000,0.0000,0.0000,0.0000,0.0000,0.0000,0.0000,0.0000,0.0000,0.0000,0.0476,0.0476,-0.2516,-0.2516,0.0000
1791000719.7751,0.0200,0.0982,0.0000,0.0000,0.0000,0.0000,0.0000,0.0000,0.0000,0.0000,0.0000,0.0000,0.0476,0.0476,-0.2516,-0.2516,0.0000
1791000719.7952,0.0201,0.1040,0.0000,0.0000,0.0000,0.0000,0.0000,0.0000,0.0000,-0.0015,0.0000,0.0000,0.0476,0.0476,-0.2516,-0.2516,0.0000
1791000719.8151,0.0199,0.0966,0.0000,0.0000,0.0000,0.0000,0.0000,0.0000,0.0000,0.0015,0.0000,0.0000,0.0476,0.0476,-0.2516,-0.2516,0.0000
1791000719.8351,0.0200,0.1265,0.0000,0.0000,0.0000,0.0000,0.0000,0.0000,0.0000,0.0000,0.0000,0.0000,0.0476,0.0476,-0.2516,-0.2516,0.0000
1791000719.8551,0.0200,0.1057,0.0000,0.0000,0.0000,0.0000,0.0000,0.0000,0.0000,-0.0015,0.0000,0.0000,0.0476,0.0476,-0.2516,-0.2516,0.0000
1791000719.8751,0.0200,0.0973,0.0000,0.0000,0.0000,0.0000,0.0000,0.0000,0.0000,0.0015,0.0000,0.0000,0.0476,0.0476,-0.2516,-0.2516,0.0000
1791000719.8950,0.0199,0.1003,0.0000,0.0000,0.0000,0.0000,0.0000,0.0000,0.0000,0.0000,0.0000,0.0000,0.0476,0.0476,-0.2516,-0.2516,0.0000
1791000719.9150,0.0200,0.1019,0.0000,0.0000,0.0000,0.0000,0.0000,0.0000,0.0000,-0.0015,0.0000,0.0000,0.0476,0.0476,-0.2516,-0.2516,0.0000
1791000719.9352,0.0201,0.1213,0.0000,0.0000,0.0000,0.0000,0.0000,0.0000,0.0000,0.0015,0.0000,0.0000,0.0476,0.0476,-0.2516,-0.2516,0.0000
1791000719.9551,0.0199,0.1035,0.0000,0.0000,0.0000,0.0000,0.0000,0.0000,0.0000,0.0000,0.0000,0.0000,0.0476,0.0476,-0.2516,-0.2516,0.0000
1791000719.9752,0.0201,0.1012,0.0000,0.0000,0.0000,0.0000,0.0000,0.0000,0.0000,-0.0015,0.0000,0.0000,0.0476,0.0476,-0.2516,-0.2516,0.0000
1791000719.9952,0.0200,0.1012,0.0000,0.0000,0.0000,0.0000,0.0000,0.0000,0.0000,0.0000,0.0000,0.0000,0.0476,0.0476,-0.2516,-0.2516,0.0000
1791000720.0151,0.0199,0.0978,0.0000,0.0000,0.0000,0.0000,0.0000,0.0000,0.0000,0.0015,0.0000,0.0000,0.0476,0.0476,-0.2516,-0.2516,0.0000
1791000720.0350,0.0199,0.0965,0.0000,0.0000,0.0000,0.0000,0.0000,0.0000,0.0000,0.0000,0.0000,0.0000,0.0476,0.0476,-0.2516,-0.2516,0.0000
1791000720.0552,0.0201,0.1005,0.0000,0.0000,0.0000,0.0000,0.0000,0.0000,0.0000,0.0000,0.0000,0.0000,0.0476,0.0476,-0.2516,-0.2516,0.0000
1791000720.0750,0.0199,0.1305,0.0000,0.0000,0.0000,0.0000,0.0000,0.0000,0.0000,0.0000,0.0000,0.0000,0.0476,0.0476,-0.2516,-0.2516,0.0000
1791000720.0951,0.0201,0.1063,0.0000,0.0000,0.0000,0.0000,0.0000,0.0000,0.0000,0.0000,0.0000,0.0000,0.0476,0.0476,-0.2516,-0.2516,0.0000
1791000720.1150,0.0199,0.0781,0.0000,0.0000,0.0000,0.0000,0.0000,0.0000,0.0000,-0.0015,0.0000,0.0000,0.0476,0.0476,-0.2516,-0.2516,0.0000
1791000720.1352,0.0201,0.1001,0.0000,0.0000,0.0000,0.0000,0.0000,0.0000,0.0000,0.0015,0.0000,0.0000,0.0476,0.0476,-0.2516,-0.2516,0.0000
1791000720.1552,0.0200,0.0984,0.0000,0.0000,0.0000,0.0000,0.0000,0.0000,0.0000,0.0000,0.0000,0.0000,0.0476,0.0476,-0.2516,-0.2516,0.0000
1791000720.1752,0.0200,0.0989,0.0000,0.0000,0.0000,0.0000,0.0000,0.0000,0.0000,0.0000,0.0000,0.0000,0.0476,0.0476,-0.2516,-0.2516,0.0000
1791000720.1951,0.0200,0.1077,0.0000,0.0000,0.0000,0.0000,0.0000,0.0000,0.0000,0.0000,0.0000,0.0000,0.0476,0.0476,-0.2516,-0.2516,0.0000
1791000720.2151,0.0200,0.1109,0.0000,0.0000,0.0000,0.0000,0.0000,0.0000,0.0000,0.0000,0.0000,0.0000,0.0476,0.0476,-0.2516,-0.2516,0.0000
1791000720.2351,0.0200,0.0764,0.0000,0.0000,0.0000,0.0000,0.0000,0.0000,0.0000,-0.0015,0.0000,0.0000,0.0476,0.0476,-0.2516,-0.2516,0.0000
1791000720.2552,0.0201,0.0982,0.0000,0.0000,0.0000,0.0000,0.0000,0.0000,0.0000,0.0015,0.0000,0.0000,0.0476,0.0476,-0.2516,-0.2516,0.0000
1791000720.2752,0.0200,0.1082,0.0000,0.0000,0.0000,0.0000,0.0000,0.0000,0.0000,-0.0015,0.0000,0.0000,0.0476,0.0476,-0.2516,-0.2516,0.0000
1791000720.2952,0.0200,0.0986,0.0000,0.0000,0.0000,0.0000,0.0000,0.0000,0.0000,0.0015,0.0000,0.0000,0.0476,0.0476,-0.2516,-0.2516,0.0000
1791000720.3152,0.0200,0.0983,0.0000,0.0000,0.0000,0.0000,0.0000,0.0000,0.0000,-0.0015,0.0000,0.0000,0.0476,0.0476,-0.2516,-0.2516,0.0000
1791000720.3352,0.0200,0.0973,0.0000,0.0000,0.0000,0.0000,0.0000,0.0000,0.0000,0.0015,0.0000,0.0000,0.0476,0.0476,-0.2516,-0.2516,0.0000
1791000720.3551,0.0199,0.1483,0.0000,0.0000,0.0000,0.0000,0.0000,0.0000,0.0000,0.0000,0.0000,0.0000,0.0476,0.0476,-0.2516,-0.2516,0.0000
1791000720.3751,0.0201,0.0998,0.0000,0.0000,0.0000,0.0000,0.0000,0.0000,0.0000,-0.0015,0.0000,0.0000,0.0476,0.0476,-0.2516,-0.2516,0.0000
1791000720.3951,0.0200,0.1009,0.0000,0.0000,0.0000,0.0000,0.0000,0.0000,0.0000,0.0015,0.0000,0.0000,0.0476,0.0476,-0.2516,-0.2516,0.0000
1791000720.4152,0.0201,0.0946,0.0000,0.0000,0.0000,0.0000,0.0000,0.0000,0.0000,-0.0015,0.0000,0.0000,0.0476,0.0476,-0.2516,-0.2516,0.0000
1791000720.4352,0.0200,0.1010,0.0000,0.0000,0.0000,0.0000,0.0000,0.0000,0.0000,0.0015,0.0000,0.0000,0.0476,0.0476,-0.2516,-0.2516,0.0000
1791000720.4552,0.0200,0.0989,0.0000,0.0000,0.0000,0.0000,0.0000,0.0000,0.0000,-0.0015,0.0000,0.0000,0.0476,0.0476,-0.2516,-0.2516,0.0000
1791000720.4751,0.0200,0.1026,0.0000,0.0000,0.0000,0.0000,0.0000,0.0000,0.0000,0.0000,0.0000,0.0000,0.0476,0.0476,-0.2516,-0.2516,0.0000
1791000720.4952,0.0200,0.0980,0.0000,0.0000,0.0000,0.0000,0.0000,0.0000,0.0000,0.0000,0.0000,0.0000,0.0476,0.0476,-0.2516,-0.2516,0.0000
1791000720.5151,0.0200,0.0984,0.0000,0.0000,0.0000,0.0000,0.0000,0.0000,0.0000,0.0015,0.0000,0.0000,0.0476,0.0476,-0.2516,-0.2516,0.0000
1791000720.5352,0.0200,0.0979,0.0000,0.0000,0.0000,0.0000,0.0000,0.0000,0.0000,0.0000,0.0000,0.0000,0.0476,0.0476,-0.2516,-0.2516,0.0000
1791000720.5552,0.0200,0.0980,0.0000,0.0000,0.0000,0.0000,0.0000,0.0000,0.0000,-0.0015,0.0000,0.0000,0.0476,0.0476,-0.2516,-0.2516,0.0000
1791000720.5752,0.0200,0.0975,0.0000,0.0000,0.0000,0.0000,0.0000,0.0000,0.0000,0.0015,0.0000,0.0000,0.0476,0.0476,-0.2516,-0.2516,0.0000
1791000720.5951,0.0199,0.0999,0.0000,0.0000,0.0000,0.0000,0.0000,0.0000,0.0000,0.0000,0.0000,0.0000,0.0476,0.0476,-0.2516,-0.2516,0.0000
1791000720.6151,0.0199,0.1466,0.0000,0.0000,0.0000,0.0000,0.0000,0.0000,0.0000,0.0000,0.0000,0.0000,0.0476,0.0476,-0.2516,-0.2516,0.0000
1791000720.6352,0.0202,0.1028,0.0000,0.0000,0.0000,0.0000,0.0000,0.0000,0.0000,-0.0015,0.0000,0.0000,0.0476,0.0476,-0.2516,-0.2516,0.0000
1791000720.6552,0.0199,0.0976,0.0000,0.0000,0.0000,0.0000,0.0000,0.0000,0.0000,0.0015,0.0000,0.0000,0.0476,0.0506,-0.2516,-0.2516,0.0000
1791000720.6752,0.0200,0.1028,0.0000,0.0000,0.0000,0.0000,0.0000,0.0000,0.0000,0.0000,0.0000,0.0000,0.0476,0.0476,-0.2516,-0.2516,0.0000
1791000720.6952,0.0200,0.0994,0.0000,0.0000,0.0000,0.0000,0.0000,0.0000,0.0000,0.0000,0.0000,0.0000,0.0476,0.0476,-0.2516,-0.2516,0.0000
1791000720.7152,0.0200,0.0991,0.0000,0.0000,0.0000,0.0000,0.0000,0.0000,0.0000,0.0000,0.0000,0.0000,0.0476,0.0476,-0.2516,-0.2516,0.0000
1791000720.7352,0.0200,0.0983,0.0000,0.0000,0.0000,0.0000,0.0000,0.0000,0.0000,0.0000,0.0000,0.0000,0.0476,0.0476,-0.2516,-0.2516,0.0000
1791000720.7550,0.0199,0.1037,0.0000,0.0000,0.0000,0.0000,0.0000,0.0000,0.0000,-0.0015,0.0000,0.0000,0.0476,0.0476,-0.2516,-0.2516,0.0000
1791000720.7752,0.0202,0.0993,0.0000,0.0000,0.0000,0.0000,0.0000,0.0000,0.0000,0.0015,0.0000,0.0000,0.0476,0.0476,-0.2516,-0.2516,0.0000
1791000720.7952,0.0200,0.1011,0.0000,0.0000,0.0000,0.0000,0.0000,0.0000,0.0000,0.0000,0.0000,0.0000,0.0476,0.0476,-0.2516,-0.2516,0.0000
1791000720.8152,0.0200,0.0986,0.0000,0.0000,0.0000,0.0000,0.0000,0.0000,0.0000,0.0000,0.0000,0.0000,0.0476,0.0506,-0.2516,-0.2516,0.0000
1791000720.8351,0.0199,0.1383,0.0000,0.0000,0.0000,0.0000,0.0000,0.0000,0.0000,0.0000,0.0000,0.0000,0.0476,0.0476,-0.2516,-0.2516,0.0000
1791000720.8552,0.0200,0.1028,0.0000,0.0000,0.0000,0.0000,0.0000,0.0000,0.0000,-0.0015,0.0000,0.0000,0.0476,0.0476,-0.2516,-0.2516,0.0000
1791000720.8752,0.0200,0.0987,0.0000,0.0000,0.0000,0.0000,0.0000,0.0000,0.0000,0.0000,0.0000,0.0000,0.0476,0.0476,-0.2516,-0.2516,0.0000
1791000720.8951,0.0200,0.1125,0.0000,0.0000,0.0000,0.0000,0.0000,0.0000,0.0000,0.0000,0.0000,0.0000,0.0476,0.0476,-0.2516,-0.2516,0.0000
1791000720.9152,0.0201,0.1010,0.0000,0.0000,0.0000,0.0000,0.0000,0.0000,0.0000,0.0000,0.0000,0.0000,0.0476,0.0476,-0.2516,-0.2516,0.0000
1791000720.9352,0.0200,0.0984,0.0000,0.0000,0.0000,0.0000,0.0000,0.0000,0.0000,0.0000,0.0000,0.0000,0.0476,0.0476,-0.2516,-0.2516,0.0000
1791000720.9552,0.0200,0.0986,0.0000,0.0000,0.0000,0.0000,0.0000,0.0000,0.0000,0.0015,0.0000,0.0000,0.0476,0.0476,-0.2516,-0.2516,0.0000
1791000720.9752,0.0200,0.1662,0.0000,0.0000,0.0000,0.0000,0.0000,0.0000,0.0000,-0.0015,0.0000,0.0000,0.0476,0.0476,-0.2516,-0.2516,0.0000
1791000720.9951,0.0200,0.0915,0.0000,0.0000,0.0000,0.0000,0.0000,0.0000,0.0000,0.0015,0.0000,0.0000,0.0476,0.0476,-0.2516,-0.2516,0.0000
1791000721.0151,0.0200,0.0795,0.0000,0.0000,0.0000,0.0000,0.0000,0.0000,0.0000,0.0000,0.0000,0.0000,0.0476,0.0476,-0.2516,-0.2516,0.0000
1791000721.0351,0.0200,0.1064,0.0000,0.0000,0.0000,0.0000,0.0000,0.0000,0.0000,0.0000,0.0000,0.0000,0.0476,0.0476,-0.2516,-0.2516,0.0000
1791000721.0551,0.0200,0.1106,0.0000,0.0000,0.0000,0.0000,0.0000,0.0000,0.0000,0.0000,0.0000,0.0000,0.0476,0.0476,-0.2516,-0.2531,0.0000
1791000721.0751,0.0200,0.0989,0.0000,0.0000,0.0000,0.0000,0.0000,0.0000,0.0000,-0.0015,0.0000,0.0000,0.0476,0.0476,-0.2516,-0.2516,0.0000
1791000721.0951,0.0200,0.0979,0.0000,0.0000,0.0000,0.0000,0.0000,0.0000,0.0000,0.0015,0.0000,0.0000,0.0476,0.0476,-0.2516,-0.2516,0.0000
1791000721.1151,0.0200,0.0983,0.0000,0.0000,0.0000,0.0000,0.0000,0.0000,0.0000,0.0000,0.0000,0.0000,0.0476,0.0476,-0.2516,-0.2516,0.0000
1791000721.1351,0.0200,0.1166,0.0000,0.0000,0.0000,0.0000,0.0000,0.0000,0.0000,0.0000,0.0000,0.0000,0.0476,0.0476,-0.2516,-0.2516,0.0000
1791000721.1551,0.0200,0.0990,0.0000,0.0000,0.0000,0.0000,0.0000,0.0000,0.0000,0.0000,0.0000,0.0000,0.0476,0.0476,-0.2516,-0.2516,0.0000
1791000721.1752,0.0200,0.1020,0.0000,0.0000,0.0000,0.0000,0.0000,0.0000,0.0000,0.0000,0.0000,0.0000,0.0476,0.0476,-0.2516,-0.2516,0.0000
1791000721.1952,0.0200,0.1047,0.0000,0.0000,0.0000,0.0000,0.0000,0.0000,0.0000,0.0000,0.0000,0.0000,0.0476,0.0476,-0.2516,-0.2516,0.0000
1791000721.2152,0.0200,0.1014,0.0000,0.0000,0.0000,0.0000,0.0000,0.0000,0.0000,-0.0015,0.0000,0.0000,0.0476,0.0476,-0.2516,-0.2516,0.0000
1791000721.2351,0.0199,0.1613,0.0000,0.0000,0.0000,0.0000,0.0000,0.0000,0.0000,0.0015,0.0000,0.0000,0.0476,0.0476,-0.2516,-0.2516,0.0000
1791000721.2552,0.0201,0.1111,0.0000,0.0000,0.0000,0.0000,0.0000,0.0000,0.0000,0.0000,0.0000,0.0000,0.0476,0.0476,-0.2516,-0.2516,0.0000
1791000721.2752,0.0200,0.0985,0.0000,0.0000,0.0000,0.0000,0.0000,0.0000,0.0000,0.0000,0.0000,0.0000,0.0476,0.0476,-0.2516,-0.2516,0.0000
1791000721.2951,0.0200,0.1078,0.0000,0.0000,0.0000,0.0000,0.0000,0.0000,0.0000,0.0000,0.0000,0.0000,0.0476,0.0476,-0.2516,-0.2516,0.0000
1791000721.3152,0.0200,0.1054,0.0000,0.0000,0.0000,0.0000,0.0000,0.0000,0.0000,0.0000,0.0000,0.0000,0.0476,0.0476,-0.2516,-0.2516,0.0000
1791000721.3352,0.0200,0.1048,0.0000,0.0000,0.0000,0.0000,0.0000,0.0000,0.0000,0.0000,0.0000,0.0000,0.0476,0.0476,-0.2516,-0.2516,0.0000
1791000721.3552,0.0200,0.1039,0.0000,0.0000,0.0000,0.0000,0.0000,0.0000,0.0000,0.0000,0.0000,0.0000,0.0476,0.0476,-0.2516,-0.2516,0.0000
1791000721.3752,0.0200,0.0987,0.0000,0.0000,0.0000,0.0000,0.0000,0.0000,0.0000,-0.0015,0.0000,0.0000,0.0476,0.0476,-0.2516,-0.2531,0.0000
1791000721.3952,0.0200,0.1011,0.0000,0.0000,0.0000,0.0000,0.0000,0.0000,0.0000,0.0015,0.0000,0.0000,0.0476,0.0476,-0.2516,-0.2516,0.0000
1791000721.4151,0.0200,0.0974,0.0000,0.0000,0.0000,0.0000,0.0000,0.0000,0.0000,0.0000,0.0000,0.0000,0.0476,0.0476,-0.2516,-0.2516,0.0000
1791000721.4351,0.0200,0.0982,0.0000,0.0000,0.0000,0.0000,0.0000,0.0000,0.0000,-0.0015,0.0000,0.0000,0.0476,0.0476,-0.2516,-0.2516,0.0000
1791000721.4552,0.0200,0.0982,0.0000,0.0000,0.0000,0.0000,0.0000,0.0000,0.0000,0.0015,0.0000,0.0000,0.0476,0.0476,-0.2516,-0.2516,0.0000
1791000721.4752,0.0200,0.0981,0.0000,0.0000,0.0000,0.0000,0.0000,0.0000,0.0000,-0.0015,0.0000,0.0000,0.0476,0.0476,-0.2516,-0.2516,0.0000
1791000721.4952,0.0200,0.1598,0.0000,0.0000,0.0000,0.0000,0.0000,0.0000,0.0000,0.0015,0.0000,0.0000,0.0476,0.0476,-0.2516,-0.2516,0.0000
1791000721.5151,0.0199,0.1195,0.0000,0.0000,0.0000,0.0000,0.0000,0.0000,0.0000,0.0000,0.0000,0.0000,0.0476,0.0476,-0.2516,-0.2516,0.0000
1791000721.5351,0.0200,0.0999,0.0000,0.0000,0.0000,0.0000,0.0000,0.0000,0.0000,0.0000,0.0000,0.0000,0.0476,0.0476,-0.2516,-0.2516,0.0000
1791000721.5552,0.0200,0.0986,0.0000,0.0000,0.0000,0.0000,0.0000,0.0000,0.0000,0.0000,0.0000,0.0000,0.0476,0.0476,-0.2516,-0.2516,0.0000
1791000721.5752,0.0200,0.0988,0.0000,0.0000,0.0000,0.0000,0.0000,0.0000,0.0000,0.0000,0.0000,0.0000,0.0476,0.0476,-0.2516,-0.2516,0.0000
1791000721.5952,0.0200,0.1027,0.0000,0.0000,0.0000,0.0000,0.0000,0.0000,0.0000,0.0000,0.0000,0.0000,0.0476,0.0476,-0.2516,-0.2516,0.0000
1791000721.6152,0.0200,0.0989,0.0000,0.0000,0.0000,0.0000,0.0000,0.0000,0.0000,0.0000,0.0000,0.0000,0.0476,0.0476,-0.2516,-0.2516,0.0000
1791000721.6352,0.0200,0.0982,0.0000,0.0000,0.0000,0.0000,0.0000,0.0000,0.0000,-0.0015,0.0000,0.0000,0.0476,0.0476,-0.2516,-0.2516,0.0000
1791000721.6550,0.0199,0.0982,0.0000,0.0000,0.0000,0.0000,0.0000,0.0000,0.0000,0.0000,0.0000,0.0000,0.0476,0.0476,-0.2516,-0.2516,0.0000
1791000721.6752,0.0201,0.0983,0.0000,0.0000,0.0000,0.0000,0.0000,0.0000,0.0000,0.0015,0.0000,0.0000,0.0476,0.0476,-0.2516,-0.2516,0.0000
1791000721.6951,0.0199,0.0980,0.0000,0.0000,0.0000,0.0000,0.0000,0.0000,0.0000,0.0000,0.0000,0.0000,0.0476,0.0476,-0.2516,-0.2516,0.0000
1791000721.7151,0.0200,0.0984,0.0000,0.0000,0.0000,0.0000,0.0000,0.0000,0.0000,0.0000,0.0000,0.0000,0.0476,0.0476,-0.2516,-0.2516,0.0000
1791000721.7351,0.0200,0.1017,0.0000,0.0000,0.0000,0.0000,0.0000,0.0000,0.0000,0.0000,0.0000,0.0000,0.0476,0.0476,-0.2516,-0.2516,0.0000
1791000721.7552,0.0201,0.0991,0.0000,0.0000,0.0000,0.0000,0.0000,0.0000,0.0000,-0.0015,0.0000,0.0000,0.0476,0.0476,-0.2516,-0.2516,0.0000
1791000721.7752,0.0200,0.1623,0.0000,0.0000,0.0000,0.0000,0.0000,0.0000,0.0000,0.0000,0.0000,0.0000,0.0476,0.0476,-0.2516,-0.2516,0.0000
1791000721.7952,0.0200,0.1032,0.0000,0.0000,0.0000,0.0000,0.0000,0.0000,0.0000,0.0000,0.0000,0.0000,0.0476,0.0476,-0.2516,-0.2516,0.0000
1791000721.8152,0.0200,0.0991,0.0000,0.0000,0.0000,0.0000,0.0000,0.0000,0.0000,0.0015,0.0000,0.0000,0.0476,0.0476,-0.2516,-0.2516,0.0000
1791000721.8352,0.0200,0.0972,0.0000,0.0000,0.0000,0.0000,0.0000,0.0000,0.0000,0.0000,0.0000,0.0000,0.0476,0.0476,-0.2516,-0.2516,0.0000
1791000721.8552,0.0200,0.1004,0.0000,0.0000,0.0000,0.0000,0.0000,0.0000,0.0000,0.0000,0.0000,0.0000,0.0476,0.0476,-0.2516,-0.2516,0.0000
1791000721.8752,0.0200,0.0978,0.0000,0.0000,0.0000,0.0000,0.0000,0.0000,0.0000,0.0000,0.0000,0.0000,0.0476,0.0476,-0.2516,-0.2516,0.0000
1791000721.8952,0.0200,0.0984,0.0000,0.0000,0.0000,0.0000,0.0000,0.0000,0.0000,0.0000,0.0000,0.0000,0.0476,0.0476,-0.2516,-0.2516,0.0000
1791000721.9151,0.0199,0.0973,0.0000,0.0000,0.0000,0.0000,0.0000,0.0000,0.0000,-0.0015,0.0000,0.0000,0.0476,0.0476,-0.2516,-0.2516,0.0000
1791000721.9351,0.0200,0.0988,0.0000,0.0000,0.0000,0.0000,0.0000,0.0000,0.0000,0.0000,0.0000,0.0000,0.0476,0.0476,-0.2516,-0.2516,0.0000
1791000721.9552,0.0200,0.0992,0.0000,0.0000,0.0000,0.0000,0.0000,0.0000,0.0000,0.0015,0.0000,0.0000,0.0476,0.0476,-0.2516,-0.2516,0.0000
1791000721.9752,0.0201,0.0979,0.0000,0.0000,0.0000,0.0000,0.0000,0.0000,0.0000,-0.0015,0.0000,0.0000,0.0476,0.0476,-0.2516,-0.2516,0.0000
1791000721.9952,0.0200,0.0997,0.0000,0.0000,0.0000,0.0000,0.0000,0.0000,0.0000,0.0015,0.0000,0.0000,0.0476,0.0476,-0.2516,-0.2516,0.0000
1791000722.0152,0.0200,0.0980,0.0000,0.0000,0.0000,0.0000,0.0000,0.0000,0.0000,0.0000,0.0000,0.0000,0.0476,0.0476,-0.2516,-0.2516,0.0000
1791000722.0352,0.0200,0.0990,0.0000,0.0000,0.0000,0.0000,0.0000,0.0000,0.0000,0.0000,0.0000,0.0000,0.0476,0.0476,-0.2516,-0.2516,0.0000
1791000722.0552,0.0200,0.0984,0.0000,0.0000,0.0000,0.0000,0.0000,0.0000,0.0000,0.0000,0.0000,0.0000,0.0476,0.0476,-0.2516,-0.2516,0.0000
1791000722.0752,0.0200,0.0980,0.0000,0.0000,0.0000,0.0000,0.0000,0.0000,0.0000,-0.0015,0.0000,0.0000,0.0476,0.0476,-0.2516,-0.2516,0.0000
1791000722.0951,0.0199,0.1466,0.0000,0.0000,0.0000,0.0000,0.0000,0.0000,0.0000,0.0015,0.0000,0.0000,0.0476,0.0476,-0.2516,-0.2516,0.0000
1791000722.1151,0.0201,0.1054,0.0000,0.0000,0.0000,0.0000,0.0000,0.0000,0.0000,0.0000,0.0000,0.0000,0.0476,0.0476,-0.2516,-0.2516,0.0000
1791000722.1351,0.0200,0.1001,0.0000,0.0000,0.0000,0.0000,0.0000,0.0000,0.0000,-0.0015,0.0000,0.0000,0.0476,0.0476,-0.2516,-0.2516,0.0000
1791000722.1552,0.0200,0.0993,0.0000,0.0000,0.0000,0.0000,0.0000,0.0000,0.0000,0.0000,0.0000,0.0000,0.0476,0.0476,-0.2516,-0.2516,0.0000
1791000722.1751,0.0200,0.0993,0.0000,0.0000,0.0000,0.0000,0.0000,0.0000,0.0000,0.0015,0.0000,0.0000,0.0476,0.0476,-0.2516,-0.2516,0.0000
1791000722.1952,0.0200,0.1025,0.0000,0.0000,0.0000,0.0000,0.0000,0.0000,0.0000,0.0000,0.0000,0.0000,0.0476,0.0476,-0.2516,-0.2516,0.0000
1791000722.2151,0.0200,0.1010,0.0000,0.0000,0.0000,0.0000,0.0000,0.0000,0.0000,0.0000,0.0000,0.0000,0.0476,0.0476,-0.2516,-0.2516,0.0000
1791000722.2351,0.0200,0.0974,0.0000,0.0000,0.0000,0.0000,0.0000,0.0000,0.0000,0.0000,0.0000,0.0000,0.0476,0.0476,-0.2516,-0.2516,0.0000
1791000722.2551,0.0200,0.0933,0.0000,0.0000,0.0000,0.0000,0.0000,0.0000,0.0000,0.0000,0.0000,0.0000,0.0476,0.0476,-0.2516,-0.2516,0.0000
1791000722.2751,0.0200,0.0941,0.0000,0.0000,0.0000,0.0000,0.0000,0.0000,0.0000,0.0000,0.0000,0.0000,0.0476,0.0476,-0.2516,-0.2516,0.0000
1791000722.2951,0.0200,0.0984,0.0000,0.0000,0.0000,0.0000,0.0000,0.0000,0.0000,-0.0015,0.0000,0.0000,0.0476,0.0476,-0.2516,-0.2516,0.0000
1791000722.3152,0.0201,0.1612,0.0000,0.0000,0.0000,0.0000,0.0000,0.0000,0.0000,0.0015,0.0000,0.0000,0.0476,0.0476,-0.2516,-0.2516,0.0000
1791000722.3352,0.0200,0.1097,0.0000,0.0000,0.0000,0.0000,0.0000,0.0000,0.0000,0.0000,0.0000,0.0000,0.0476,0.0476,-0.2516,-0.2516,0.0000
1791000722.3551,0.0200,0.1030,0.0000,0.0000,0.0000,0.0000,0.0000,0.0000,0.0000,0.0000,0.0000,0.0000,0.0476,0.0476,-0.2516,-0.2516,0.0000
1791000722.3751,0.0200,0.1000,0.0000,0.0000,0.0000,0.0000,0.0000,0.0000,0.0000,0.0000,0.0000,0.0000,0.0476,0.0476,-0.2516,-0.2516,0.0000
1791000722.3952,0.0200,0.1358,0.0000,0.0000,0.0000,0.0000,0.0000,0.0000,0.0000,0.0000,0.0000,0.0000,0.0476,0.0476,-0.2516,-0.2516,0.0000
1791000722.4152,0.0200,0.0996,0.0000,0.0000,0.0000,0.0000,0.0000,0.0000,0.0000,0.0000,0.0000,0.0000,0.0476,0.0476,-0.2516,-0.2516,0.0000
1791000722.4351,0.0200,0.0975,0.0000,0.0000,0.0000,0.0000,0.0000,0.0000,0.0000,-0.0015,0.0000,0.0000,0.0476,0.0476,-0.2516,-0.2516,0.0000
1791000722.4552,0.0201,0.0940,0.0000,0.0000,0.0000,0.0000,0.0000,0.0000,0.0000,0.0015,0.0000,0.0000,0.0476,0.0476,-0.2516,-0.2516,0.0000
1791000722.4752,0.0200,0.0974,0.0000,0.0000,0.0000,0.0000,0.0000,0.0000,0.0000,-0.0015,0.0000,0.0000,0.0476,0.0476,-0.2516,-0.2516,0.0000
1791000722.4952,0.0200,0.1213,0.0000,0.0000,0.0000,0.0000,0.0000,0.0000,0.0000,0.0015,0.0000,0.0000,0.0476,0.0476,-0.2516,-0.2516,0.0000
1791000722.5152,0.0200,0.1097,0.0000,0.0000,0.0000,0.0000,0.0000,0.0000,0.0000,-0.0015,0.0000,0.0000,0.0476,0.0476,-0.2516,-0.2516,0.0000
1791000722.5352,0.0200,0.0948,0.0000,0.0000,0.0000,0.0000,0.0000,0.0000,0.0000,0.0015,0.0000,0.0000,0.0476,0.0476,-0.2516,-0.2516,0.0000
1791000722.5552,0.0200,0.1224,0.0000,0.0000,0.0000,0.0000,0.0000,0.0000,0.0000,0.0000,0.0000,0.0000,0.0476,0.0476,-0.2516,-0.2516,0.0000
1791000722.5752,0.0200,0.1630,0.0000,0.0000,0.0000,0.0000,0.0000,0.0000,0.0000,0.0000,0.0000,0.0000,0.0476,0.0476,-0.2516,-0.2516,0.0000
1791000722.5951,0.0199,0.1065,0.0000,0.0000,0.0000,0.0000,0.0000,0.0000,0.0000,-0.0015,0.0000,0.0000,0.0476,0.0476,-0.2516,-0.2516,0.0000
1791000722.6152,0.0200,0.0985,0.0000,0.0000,0.0000,0.0000,0.0000,0.0000,0.0000,0.0000,0.0000,0.0000,0.0476,0.0476,-0.2516,-0.2516,0.0000
1791000722.6351,0.0200,0.1188,0.0000,0.0000,0.0000,0.0000,0.0000,0.0000,0.0000,0.0015,0.0000,0.0000,0.0476,0.0476,-0.2516,-0.2516,0.0000
1791000722.6551,0.0200,0.1143,0.0000,0.0000,0.0000,0.0000,0.0000,0.0000,0.0000,0.0000,0.0000,0.0000,0.0476,0.0476,-0.2516,-0.2516,0.0000
1791000722.6751,0.0200,0.1071,0.0000,0.0000,0.0000,0.0000,0.0000,0.0000,0.0000,-0.0015,0.0000,0.0000,0.0476,0.0476,-0.2516,-0.2516,0.0000
1791000722.6952,0.0200,0.1557,0.0000,0.0000,0.0000,0.0000,0.0000,0.0000,0.0000,0.0015,0.0000,0.0000,0.0476,0.0476,-0.2516,-0.2516,0.0000
1791000722.7151,0.0200,0.1015,0.0000,0.0000,0.0000,0.0000,0.0000,0.0000,0.0000,-0.0015,0.0000,0.0000,0.0476,0.0476,-0.2516,-0.2516,0.0000
1791000722.7352,0.0200,0.0989,0.0000,0.0000,0.0000,0.0000,0.0000,0.0000,0.0000,0.0015,0.0000,0.0000,0.0476,0.0476,-0.2516,-0.2516,0.0000
1791000722.7551,0.0199,0.1023,0.0000,0.0000,0.0000,0.0000,0.0000,0.0000,0.0000,0.0000,0.0000,0.0000,0.0476,0.0506,-0.2516,-0.2516,0.0000
1791000722.7751,0.0200,0.1090,0.0000,0.0000,0.0000,0.0000,0.0000,0.0000,0.0000,0.0000,0.0000,0.0000,0.0476,0.0476,-0.2516,-0.2516,0.0000
1791000722.7952,0.0200,0.1359,0.0000,0.0000,0.0000,0.0000,0.0000,0.0000,0.0000,0.0000,0.0000,0.0000,0.0476,0.0476,-0.2516,-0.2516,0.0000
1791000722.8151,0.0200,0.1057,0.0000,0.0000,0.0000,0.0000,0.0000,0.0000,0.0000,0.0000,0.0000,0.0000,0.0476,0.0476,-0.2516,-0.2516,0.0000
1791000722.8352,0.0200,0.1319,0.0000,0.0000,0.0000,0.0000,0.0000,0.0000,0.0000,0.0000,0.0000,0.0000,0.0476,0.0476,-0.2516,-0.2516,0.0000
1791000722.8552,0.0200,0.1069,0.0000,0.0000,0.0000,0.0000,0.0000,0.0000,0.0000,-0.0015,0.0000,0.0000,0.0476,0.0476,-0.2516,-0.2516,0.0000
1791000722.8751,0.0200,0.0981,0.0000,0.0000,0.0000,0.0000,0.0000,0.0000,0.0000,0.0015,0.0000,0.0000,0.0476,0.0476,-0.2516,-0.2516,0.0000
1791000722.8952,0.0200,0.0936,0.0000,0.0000,0.0000,0.0000,0.0000,0.0000,0.0000,0.0000,0.0000,0.0000,0.0476,0.0476,-0.2516,-0.2516,0.0000
1791000722.9151,0.0199,0.1177,0.0000,0.0000,0.0000,0.0000,0.0000,0.0000,0.0000,0.0000,0.0000,0.0000,0.0476,0.0476,-0.2516,-0.2516,0.0000
1791000722.9352,0.0201,0.1267,0.0000,0.0000,0.0000,0.0000,0.0000,0.0000,0.0000,0.0000,0.0000,0.0000,0.0476,0.0476,-0.2516,-0.2516,0.0000
1791000722.9552,0.0200,0.0967,0.0000,0.0000,0.0000,0.0000,0.0000,0.0000,0.0000,-0.0015,0.0000,0.0000,0.0476,0.0476,-0.2516,-0.2516,0.0000
1791000722.9751,0.0199,0.1063,0.0000,0.0000,0.0000,0.0000,0.0000,0.0000,0.0000,0.0015,0.0000,0.0000,0.0476,0.0476,-0.2516,-0.2516,0.0000
1791000722.9952,0.0201,0.1179,0.0000,0.0000,0.0000,0.0000,0.0000,0.0000,0.0000,0.0000,0.0000,0.0000,0.0476,0.0476,-0.2516,-0.2516,0.0000
1791000723.0151,0.0200,0.1215,0.0000,0.0000,0.0000,0.0000,0.0000,0.0000,0.0000,0.0000,0.0000,0.0000,0.0476,0.0476,-0.2516,-0.2516,0.0000
1791000723.0352,0.0200,0.1219,0.0000,0.0000,0.0000,0.0000,0.0000,0.0000,0.0000,-0.0015,0.0000,0.0000,0.0476,0.0476,-0.2516,-0.2516,0.0000
1791000723.0552,0.0200,0.1756,0.0000,0.0000,0.0000,0.0000,0.0000,0.0000,0.0000,0.0015,0.0000,0.0000,0.0476,0.0476,-0.2516,-0.2516,0.0000
1791000723.0751,0.0200,0.1261,0.0000,0.0000,0.0000,0.0000,0.0000,0.0000,0.0000,0.0000,0.0000,0.0000,0.0476,0.0476,-0.2516,-0.2516,0.0000
1791000723.0951,0.0199,0.1808,0.0000,0.0000,0.0000,0.0000,0.0000,0.0000,0.0000,-0.0015,0.0000,0.0000,0.0476,0.0476,-0.2516,-0.2516,0.0000
1791000723.1152,0.0201,0.2384,0.0000,0.0000,0.0000,0.0000,0.0000,0.0000,0.0000,0.0000,0.0000,0.0000,0.0476,0.0476,-0.2516,-0.2516,0.0000
1791000723.1351,0.0200,0.1065,0.0000,0.0000,0.0000,0.0000,0.0000,0.0000,0.0000,0.0015,0.0000,0.0000,0.0476,0.0476,-0.2516,-0.2516,0.0000
1791000723.1551,0.0200,0.0990,0.0000,0.0000,0.0000,0.0000,0.0000,0.0000,0.0000,-0.0015,0.0000,0.0000,0.0476,0.0476,-0.2516,-0.2516,0.0000
1791000723.1752,0.0200,0.1464,0.0000,0.0000,0.0000,0.0000,0.0000,0.0000,0.0000,0.0015,0.0000,0.0000,0.0476,0.0476,-0.2516,-0.2516,0.0000
1791000723.1951,0.0200,0.1157,0.0000,0.0000,0.0000,0.0000,0.0000,0.0000,0.0000,0.0000,0.0000,0.0000,0.0476,0.0476,-0.2516,-0.2516,0.0000
1791000723.2152,0.0200,0.1005,0.0000,0.0000,0.0000,0.0000,0.0000,0.0000,0.0000,-0.0015,0.0000,0.0000,0.0476,0.0476,-0.2516,-0.2516,0.0000
1791000723.2352,0.0200,0.0979,0.0000,0.0000,0.0000,0.0000,0.0000,0.0000,0.0000,0.0015,0.0000,0.0000,0.0476,0.0476,-0.2516,-0.2516,0.0000
1791000723.2551,0.0199,0.0985,0.0000,0.0000,0.0000,0.0000,0.0000,0.0000,0.0000,0.0000,0.0000,0.0000,0.0476,0.0476,-0.2516,-0.2516,0.0000
1791000723.2752,0.0200,0.0986,0.0000,0.0000,0.0000,0.0000,0.0000,0.0000,0.0000,-0.0015,0.0000,0.0000,0.0476,0.0476,-0.2516,-0.2516,0.0000
1791000723.2951,0.0200,0.1103,0.0000,0.0000,0.0000,0.0000,0.0000,0.0000,0.0000,0.0015,0.0000,0.0000,0.0476,0.0476,-0.2516,-0.2516,0.0000
1791000723.3151,0.0200,0.1591,0.0000,0.0000,0.0000,0.0000,0.0000,0.0000,0.0000,0.0000,0.0000,0.0000,0.0476,0.0476,-0.2516,-0.2516,0.0000
1791000723.3351,0.0200,0.1089,0.0000,0.0000,0.0000,0.0000,0.0000,0.0000,0.0000,-0.0015,0.0000,0.0000,0.0476,0.0476,-0.2516,-0.2516,0.0000
1791000723.3551,0.0200,0.1010,0.0000,0.0000,0.0000,0.0000,0.0000,0.0000,0.0000,0.0015,0.0000,0.0000,0.0476,0.0476,-0.2516,-0.2516,0.0000
1791000723.3752,0.0200,0.1142,0.0000,0.0000,0.0000,0.0000,0.0000,0.0000,0.0000,0.0000,0.0000,0.0000,0.0476,0.0476,-0.2516,-0.2516,0.0000
1791000723.3950,0.0199,0.1377,0.0000,0.0000,0.0000,0.0000,0.0000,0.0000,0.0000,0.0000,0.0000,0.0000,0.0476,0.0476,-0.2516,-0.2516,0.0000
1791000723.4152,0.0201,0.1100,0.0000,0.0000,0.0000,0.0000,0.0000,0.0000,0.0000,0.0000,0.0000,0.0000,0.0476,0.0476,-0.2516,-0.2516,0.0000
1791000723.4350,0.0199,0.1036,0.0000,0.0000,0.0000,0.0000,0.0000,0.0000,0.0000,0.0000,0.0000,0.0000,0.0476,0.0476,-0.2516,-0.2516,0.0000
1791000723.4551,0.0201,0.1344,0.0000,0.0000,0.0000,0.0000,0.0000,0.0000,0.0000,-0.0015,0.0000,0.0000,0.0476,0.0476,-0.2516,-0.2516,0.0000
1791000723.4751,0.0200,0.1093,0.0000,0.0000,0.0000,0.0000,0.0000,0.0000,0.0000,0.0015,0.0000,0.0000,0.0476,0.0476,-0.2516,-0.2516,0.0000
1791000723.4950,0.0199,0.1029,0.0000,0.0000,0.0000,0.0000,0.0000,0.0000,0.0000,-0.0015,0.0000,0.0000,0.0476,0.0476,-0.2516,-0.2516,0.0000
1791000723.5151,0.0201,0.0990,0.0000,0.0000,0.0000,0.0000,0.0000,0.0000,0.0000,0.0015,0.0000,0.0000,0.0476,0.0476,-0.2516,-0.2516,0.0000
1791000723.5351,0.0200,0.0981,0.0000,0.0000,0.0000,0.0000,0.0000,0.0000,0.0000,0.0000,0.0000,0.0000,0.0476,0.0476,-0.2516,-0.2516,0.0000
1791000723.5551,0.0200,0.0987,0.0000,0.0000,0.0000,0.0000,0.0000,0.0000,0.0000,-0.0015,0.0000,0.0000,0.0476,0.0476,-0.2516,-0.2516,0.0000
1791000723.5752,0.0200,0.0987,0.0000,0.0000,0.0000,0.0000,0.0000,0.0000,0.0000,0.0015,0.0000,0.0000,0.0476,0.0476,-0.2516,-0.2516,0.0000
1791000723.5950,0.0199,0.1071,0.0000,0.0000,0.0000,0.0000,0.0000,0.0000,0.0000,0.0000,0.0000,0.0000,0.0476,0.0476,-0.2516,-0.2516,0.0000
1791000723.6151,0.0201,0.1077,0.0000,0.0000,0.0000,0.0000,0.0000,0.0000,0.0000,-0.0015,0.0000,0.0000,0.0476,0.0476,-0.2516,-0.2516,0.0000
1791000723.6351,0.0200,0.0994,0.0000,0.0000,0.0000,0.0000,0.0000,0.0000,0.0000,0.0015,0.0000,0.0000,0.0476,0.0476,-0.2516,-0.2516,0.0000
1791000723.6551,0.0200,0.0977,0.0000,0.0000,0.0000,0.0000,0.0000,0.0000,0.0000,0.0000,0.0000,0.0000,0.0476,0.0476,-0.2516,-0.2516,0.0000
1791000723.6751,0.0200,0.0984,0.0000,0.0000,0.0000,0.0000,0.0000,0.0000,0.0000,0.0000,0.0000,0.0000,0.0476,0.0476,-0.2516,-0.2516,0.0000
1791000723.6951,0.0200,0.0977,0.0000,0.0000,0.0000,0.0000,0.0000,0.0000,0.0000,0.0000,0.0000,0.0000,0.0476,0.0476,-0.2516,-0.2516,0.0000
1791000723.7151,0.0200,0.0966,0.0000,0.0000,0.0000,0.0000,0.0000,0.0000,0.0000,0.0000,0.0000,0.0000,0.0476,0.0476,-0.2516,-0.2516,0.0000
1791000723.7351,0.0200,0.0983,0.0000,0.0000,0.0000,0.0000,0.0000,0.0000,0.0000,-0.0015,0.0000,0.0000,0.0476,0.0476,-0.2516,-0.2516,0.0000
1791000723.7552,0.0200,0.0980,0.0000,0.0000,0.0000,0.0000,0.0000,0.0000,0.0000,0.0000,0.0000,0.0000,0.0476,0.0476,-0.2516,-0.2516,0.0000
1791000723.7751,0.0199,0.0989,0.0000,0.0000,0.0000,0.0000,0.0000,0.0000,0.0000,0.0015,0.0000,0.0000,0.0476,0.0476,-0.2516,-0.2516,0.0000
1791000723.7951,0.0200,0.1433,0.0000,0.0000,0.0000,0.0000,0.0000,0.0000,0.0000,0.0000,0.0000,0.0000,0.0476,0.0476,-0.2516,-0.2516,0.0000
1791000723.8151,0.0200,0.1012,0.0000,0.0000,0.0000,0.0000,0.0000,0.0000,0.0000,0.0000,0.0000,0.0000,0.0476,0.0476,-0.2516,-0.2516,0.0000
1791000723.8351,0.0200,0.0985,0.0000,0.0000,0.0000,0.0000,0.0000,0.0000,0.0000,0.0000,0.0000,0.0000,0.0476,0.0476,-0.2516,-0.2516,0.0000
1791000723.8552,0.0201,0.0981,0.0000,0.0000,0.0000,0.0000,0.0000,0.0000,0.0000,0.0000,0.0000,0.0000,0.0476,0.0476,-0.2516,-0.2516,0.0000
1791000723.8752,0.0200,0.0960,0.0000,0.0000,0.0000,0.0000,0.0000,0.0000,0.0000,0.0000,0.0000,0.0000,0.0476,0.0476,-0.2516,-0.2516,0.0000
1791000723.8951,0.0200,0.1004,0.0000,0.0000,0.0000,0.0000,0.0000,0.0000,0.0000,0.0000,0.0000,0.0000,0.0476,0.0506,-0.2516,-0.2516,0.0000
1791000723.9151,0.0200,0.0979,0.0000,0.0000,0.0000,0.0000,0.0000,0.0000,0.0000,-0.0015,0.0000,0.0000,0.0476,0.0476,-0.2516,-0.2516,0.0000
1791000723.9350,0.0199,0.1267,0.0000,0.0000,0.0000,0.0000,0.0000,0.0000,0.0000,0.0015,0.0000,0.0000,0.0476,0.0476,-0.2516,-0.2516,0.0000
1791000723.9551,0.0201,0.0783,0.0000,0.0000,0.0000,0.0000,0.0000,0.0000,0.0000,0.0000,0.0000,0.0000,0.0476,0.0476,-0.2516,-0.2516,0.0000
1791000723.9752,0.0200,0.0986,0.0000,0.0000,0.0000,0.0000,0.0000,0.0000,0.0000,0.0000,0.0000,0.0000,0.0476,0.0476,-0.2516,-0.2516,0.0000
1791000723.9951,0.0199,0.1002,0.0000,0.0000,0.0000,0.0000,0.0000,0.0000,0.0000,0.0000,0.0000,0.0000,0.0476,0.0476,-0.2516,-0.2516,0.0000
1791000724.0152,0.0201,0.1073,0.0000,0.0000,0.0000,0.0000,0.0000,0.0000,0.0000,0.0000,0.0000,0.0000,0.0476,0.0476,-0.2516,-0.2516,0.0000
1791000724.0351,0.0200,0.0993,0.0000,0.0000,0.0000,0.0000,0.0000,0.0000,0.0000,-0.0015,0.0000,0.0000,0.0476,0.0476,-0.2516,-0.2516,0.0000
1791000724.0551,0.0200,0.0998,0.0000,0.0000,0.0000,0.0000,0.0000,0.0000,0.0000,0.0015,0.0000,0.0000,0.0476,0.0476,-0.2516,-0.2516,0.0000
1791000724.0751,0.0200,0.0984,0.0000,0.0000,0.0000,0.0000,0.0000,0.0000,0.0000,0.0000,0.0000,0.0000,0.0476,0.0476,-0.2516,-0.2516,0.0000
1791000724.0951,0.0200,0.0975,0.0000,0.0000,0.0000,0.0000,0.0000,0.0000,0.0000,0.0000,0.0000,0.0000,0.0476,0.0476,-0.2516,-0.2516,0.0000
1791000724.1152,0.0201,0.0987,0.0000,0.0000,0.0000,0.0000,0.0000,0.0000,0.0000,0.0000,0.0000,0.0000,0.0476,0.0476,-0.2516,-0.2516,0.0000
1791000724.1352,0.0200,0.0976,0.0000,0.0000,0.0000,0.0000,0.0000,0.0000,0.0000,-0.0015,0.0000,0.0000,0.0476,0.0476,-0.2516,-0.2516,0.0000
1791000724.1552,0.0200,0.1249,0.0000,0.0000,0.0000,0.0000,0.0000,0.0000,0.0000,0.0015,0.0000,0.0000,0.0476,0.0506,-0.2516,-0.2516,0.0000
1791000724.1750,0.0199,0.1122,0.0000,0.0000,0.0000,0.0000,0.0000,0.0000,0.0000,0.0000,0.0000,0.0000,0.0476,0.0476,-0.2516,-0.2516,0.0000
1791000724.1952,0.0201,0.1043,0.0000,0.0000,0.0000,0.0000,0.0000,0.0000,0.0000,0.0000,0.0000,0.0000,0.0476,0.0476,-0.2516,-0.2516,0.0000
1791000724.2151,0.0199,0.1228,0.0000,0.0000,0.0000,0.0000,0.0000,0.0000,0.0000,0.0000,0.0000,0.0000,0.0476,0.0476,-0.2516,-0.2516,0.0000
1791000724.2350,0.0199,0.1200,0.0000,0.0000,0.0000,0.0000,0.0000,0.0000,0.0000,-0.0015,0.0000,0.0000,0.0476,0.0476,-0.2516,-0.2516,0.0000
1791000724.2550,0.0200,0.0999,0.0000,0.0000,0.0000,0.0000,0.0000,0.0000,0.0000,0.0015,0.0000,0.0000,0.0476,0.0476,-0.2516,-0.2516,0.0000
1791000724.2751,0.0201,0.0979,0.0000,0.0000,0.0000,0.0000,0.0000,0.0000,0.0000,0.0000,0.0000,0.0000,0.0476,0.0476,-0.2516,-0.2516,0.0000
1791000724.2951,0.0200,0.1034,0.0000,0.0000,0.0000,0.0000,0.0000,0.0000,0.0000,-0.0015,0.0000,0.0000,0.0476,0.0476,-0.2516,-0.2516,0.0000
1791000724.3152,0.0201,0.1009,0.0000,0.0000,0.0000,0.0000,0.0000,0.0000,0.0000,0.0015,0.0000,0.0000,0.0476,0.0476,-0.2516,-0.2516,0.0000
1791000724.3351,0.0199,0.0982,0.0000,0.0000,0.0000,0.0000,0.0000,0.0000,0.0000,-0.0015,0.0000,0.0000,0.0476,0.0476,-0.2516,-0.2516,0.0000
1791000724.3551,0.0200,0.0969,0.0000,0.0000,0.0000,0.0000,0.0000,0.0000,0.0000,0.0000,0.0000,0.0000,0.0476,0.0506,-0.2516,-0.2516,0.0000
1791000724.3752,0.0200,0.0983,0.0000,0.0000,0.0000,0.0000,0.0000,0.0000,0.0000,0.0015,0.0000,0.0000,0.0476,0.0476,-0.2516,-0.2516,0.0000
1791000724.3952,0.0200,0.1016,0.0000,0.0000,0.0000,0.0000,0.0000,0.0000,0.0000,0.0000,0.0000,0.0000,0.0476,0.0476,-0.2516,-0.2516,0.0000
1791000724.4151,0.0200,0.0977,0.0000,0.0000,0.0000,0.0000,0.0000,0.0000,0.0000,0.0000,0.0000,0.0000,0.0476,0.0476,-0.2516,-0.2516,0.0000
1791000724.4352,0.0200,0.1103,0.0000,0.0000,0.0000,0.0000,0.0000,0.0000,0.0000,-0.0015,0.0000,0.0000,0.0476,0.0476,-0.2516,-0.2516,0.0000
1791000724.4551,0.0200,0.0987,0.0000,0.0000,0.0000,0.0000,0.0000,0.0000,0.0000,0.0000,0.0000,0.0000,0.0476,0.0476,-0.2516,-0.2516,0.0000
1791000724.4751,0.0200,0.1692,0.0000,0.0000,0.0000,0.0000,0.0000,0.0000,0.0000,0.0015,0.0000,0.0000,0.0476,0.0476,-0.2516,-0.2516,0.0000
1791000724.4951,0.0200,0.1092,0.0000,0.0000,0.0000,0.0000,0.0000,0.0000,0.0000,0.0000,0.0000,0.0000,0.0476,0.0476,-0.2516,-0.2516,0.0000
1791000724.5152,0.0200,0.1019,0.0000,0.0000,0.0000,0.0000,0.0000,0.0000,0.0000,0.0000,0.0000,0.0000,0.0476,0.0476,-0.2516,-0.2516,0.0000
1791000724.5351,0.0200,0.0994,0.0000,0.0000,0.0000,0.0000,0.0000,0.0000,0.0000,0.0000,0.0000,0.0000,0.0476,0.0476,-0.2516,-0.2516,0.0000
1791000724.5551,0.0200,0.1453,0.0000,0.0000,0.0000,0.0000,0.0000,0.0000,0.0000,0.0000,0.0000,0.0000,0.0476,0.0476,-0.2516,-0.2516,0.0000
1791000724.5752,0.0201,0.1188,0.0000,0.0000,0.0000,0.0000,0.0000,0.0000,0.0000,0.0000,0.0000,0.0000,0.0476,0.0476,-0.2516,-0.2516,0.0000
1791000724.5951,0.0199,0.1018,0.0000,0.0000,0.0000,0.0000,0.0000,0.0000,0.0000,0.0000,0.0000,0.0000,0.0476,0.0506,-0.2516,-0.2516,0.0000
1791000724.6151,0.0200,0.0975,0.0000,0.0000,0.0000,0.0000,0.0000,0.0000,0.0000,-0.0015,0.0000,0.0000,0.0476,0.0476,-0.2516,-0.2516,0.0000
1791000724.6351,0.0200,0.1284,0.0000,0.0000,0.0000,0.0000,0.0000,0.0000,0.0000,0.0015,0.0000,0.0000,0.0476,0.0476,-0.2516,-0.2516,0.0000
1791000724.6552,0.0201,0.1023,0.0000,0.0000,0.0000,0.0000,0.0000,0.0000,0.0000,0.0000,0.0000,0.0000,0.0476,0.0476,-0.2516,-0.2516,0.0000
1791000724.6752,0.0200,0.0988,0.0000,0.0000,0.0000,0.0000,0.0000,0.0000,0.0000,-0.0015,0.0000,0.0000,0.0476,0.0476,-0.2516,-0.2516,0.0000
1791000724.6952,0.0200,0.1354,0.0000,0.0000,0.0000,0.0000,0.0000,0.0000,0.0000,0.0015,0.0000,0.0000,0.0476,0.0476,-0.2516,-0.2516,0.0000
1791000724.7152,0.0200,0.1391,0.0000,0.0000,0.0000,0.0000,0.0000,0.0000,0.0000,0.0000,0.0000,0.0000,0.0476,0.0476,-0.2516,-0.2516,0.0000
1791000724.7351,0.0200,0.3517,0.0000,0.0000,0.0000,0.0000,0.0000,0.0000,0.0000,0.0000,0.0000,0.0000,0.0476,0.0476,-0.2516,-0.2516,0.0000
1791000724.7550,0.0199,0.1057,0.0000,0.0000,0.0000,0.0000,0.0000,0.0000,0.0000,0.0000,0.0000,0.0000,0.0476,0.0476,-0.2516,-0.2516,0.0000
1791000724.7750,0.0200,0.1162,0.0000,0.0000,0.0000,0.0000,0.0000,0.0000,0.0000,-0.0015,0.0000,0.0000,0.0476,0.0476,-0.2516,-0.2516,0.0000
1791000724.7952,0.0201,0.1121,0.0000,0.0000,0.0000,0.0000,0.0000,0.0000,0.0000,0.0000,0.0000,0.0000,0.0476,0.0476,-0.2516,-0.2516,0.0000
1791000724.8152,0.0200,0.1727,0.0000,0.0000,0.0000,0.0000,0.0000,0.0000,0.0000,0.0015,0.0000,0.0000,0.0476,0.0476,-0.2516,-0.2516,0.0000
1791000724.8352,0.0200,0.3014,0.0000,0.0000,0.0000,0.0000,0.0000,0.0000,0.0000,0.0000,0.0000,0.0000,0.0476,0.0476,-0.2516,-0.2516,0.0000
1791000724.8552,0.0200,0.1215,0.0000,0.0000,0.0000,0.0000,0.0000,0.0000,0.0000,0.0000,0.0000,0.0000,0.0476,0.0476,-0.2516,-0.2516,0.0000
1791000724.8751,0.0200,0.0989,0.0000,0.0000,0.0000,0.0000,0.0000,0.0000,0.0000,0.0000,0.0000,0.0000,0.0476,0.0476,-0.2516,-0.2516,0.0000
1791000724.8952,0.0200,0.3886,0.0000,0.0000,0.0000,0.0000,0.0000,0.0000,0.0000,0.0000,0.0000,0.0000,0.0476,0.0476,-0.2516,-0.2516,0.0000
1791000724.9151,0.0199,0.1607,0.0000,0.0000,0.0000,0.0000,0.0000,0.0000,0.0000,0.0000,0.0000,0.0000,0.0476,0.0476,-0.2516,-0.2516,0.0000
1791000724.9350,0.0200,0.0457,0.0000,0.0000,0.0000,0.0000,0.0000,0.0000,0.0000,0.0000,0.0000,0.0000,0.0476,0.0476,-0.2516,-0.2516,0.0000
1791000724.9552,0.0202,0.3104,0.0000,0.0000,0.0000,0.0000,0.0000,0.0000,0.0000,-0.0015,0.0000,0.0000,0.0476,0.0476,-0.2516,-0.2516,0.0000
1791000724.9752,0.0200,0.3002,0.0000,0.0000,0.0000,0.0000,0.0000,0.0000,0.0000,0.0015,0.0000,0.0000,0.0476,0.0476,-0.2516,-0.2516,0.0000
1791000724.9952,0.0200,0.3076,0.0000,0.0000,0.0000,0.0000,0.0000,0.0000,0.0000,0.0000,0.0000,0.0000,0.0476,0.0476,-0.2516,-0.2516,0.0000
1791000725.0152,0.0200,0.1190,0.0000,0.0000,0.0000,0.0000,0.0000,0.0000,0.0000,0.0000,0.0000,0.0000,0.0476,0.0476,-0.2516,-0.2516,0.0000
1791000725.0352,0.0200,0.1596,0.0000,0.0000,0.0000,0.0000,0.0000,0.0000,0.0000,0.0000,0.0000,0.0000,0.0476,0.0476,-0.2516,-0.2500,0.0000
1791000725.0552,0.0200,0.1699,0.0000,0.0000,0.0000,0.0000,0.0000,0.0000,0.0000,0.0000,0.0000,0.0000,0.0476,0.0476,-0.2516,-0.2516,0.0000
1791000725.0751,0.0200,0.1055,0.0000,0.0000,0.0000,0.0000,0.0000,0.0000,0.0000,0.0000,0.0000,0.0000,0.0476,0.0476,-0.2516,-0.2516,0.0000
1791000725.0952,0.0200,0.1546,0.0000,0.0000,0.0000,0.0000,0.0000,0.0000,0.0000,0.0000,0.0000,0.0000,0.0476,0.0476,-0.2516,-0.2516,0.0000
1791000725.1152,0.0200,0.1059,0.0000,0.0000,0.0000,0.0000,0.0000,0.0000,0.0000,0.0000,0.0000,0.0000,0.0476,0.0476,-0.2516,-0.2516,0.0000
1791000725.1352,0.0200,0.1064,0.0000,0.0000,0.0000,0.0000,0.0000,0.0000,0.0000,0.0000,0.0000,0.0000,0.0476,0.0506,-0.2516,-0.2516,0.0000
1791000725.1552,0.0200,0.1035,0.0000,0.0000,0.0000,0.0000,0.0000,0.0000,0.0000,-0.0015,0.0000,0.0000,0.0476,0.0476,-0.2516,-0.2516,0.0000
1791000725.1752,0.0200,0.3813,0.0000,0.0000,0.0000,0.0000,0.0000,0.0000,0.0000,0.0015,0.0000,0.0000,0.0476,0.0476,-0.2516,-0.2516,0.0000
1791000725.1952,0.0200,0.3050,0.0000,0.0000,0.0000,0.0000,0.0000,0.0000,0.0000,0.0000,0.0000,0.0000,0.0476,0.0476,-0.2516,-0.2516,0.0000
1791000725.2152,0.0200,0.1690,0.0000,0.0000,0.0000,0.0000,0.0000,0.0000,0.0000,0.0000,0.0000,0.0000,0.0476,0.0476,-0.2516,-0.2516,0.0000
1791000725.2352,0.0200,0.1499,0.0000,0.0000,0.0000,0.0000,0.0000,0.0000,0.0000,-0.0015,0.0000,0.0000,0.0476,0.0476,-0.2516,-0.2516,0.0000
1791000725.2551,0.0199,0.1572,0.0000,0.0000,0.0000,0.0000,0.0000,0.0000,0.0000,0.0015,0.0000,0.0000,0.0476,0.0476,-0.2516,-0.2516,0.0000
1791000725.2752,0.0200,0.1893,0.0000,0.0000,0.0000,0.0000,0.0000,0.0000,0.0000,0.0000,0.0000,0.0000,0.0476,0.0476,-0.2516,-0.2516,0.0000
1791000725.2951,0.0199,0.1524,0.0000,0.0000,0.0000,0.0000,0.0000,0.0000,0.0000,0.0000,0.0000,0.0000,0.0476,0.0476,-0.2516,-0.2516,0.0000
1791000725.3151,0.0200,0.3645,0.0000,0.0000,0.0000,0.0000,0.0000,0.0000,0.0000,0.0000,0.0000,0.0000,0.0476,0.0476,-0.2516,-0.2516,0.0000
1791000725.3352,0.0201,0.1846,0.0000,0.0000,0.0000,0.0000,0.0000,0.0000,0.0000,-0.0015,0.0000,0.0000,0.0476,0.0476,-0.2516,-0.2516,0.0000
1791000725.3552,0.0200,0.2912,0.0000,0.0000,0.0000,0.0000,0.0000,0.0000,0.0000,0.0015,0.0000,0.0000,0.0476,0.0476,-0.2516,-0.2516,0.0000
1791000725.3750,0.0199,0.3462,0.0000,0.0000,0.0000,0.0000,0.0000,0.0000,0.0000,0.0000,0.0000,0.0000,0.0476,0.0476,-0.2516,-0.2516,0.0000
1791000725.3950,0.0200,0.2980,0.0000,0.0000,0.0000,0.0000,0.0000,0.0000,0.0000,0.0000,0.0000,0.0000,0.0476,0.0476,-0.2516,-0.2516,0.0000
1791000725.4150,0.0200,0.2955,0.0000,0.0000,0.0000,0.0000,0.0000,0.0000,0.0000,-0.0015,0.0000,0.0000,0.0476,0.0476,-0.2516,-0.2516,0.0000
1791000725.4351,0.0201,0.2448,0.0000,0.0000,0.0000,0.0000,0.0000,0.0000,0.0000,0.0015,0.0000,0.0000,0.0476,0.0476,-0.2516,-0.2516,0.0000
1791000725.4550,0.0199,0.3124,0.0000,0.0000,0.0000,0.0000,0.0000,0.0000,0.0000,-0.0015,0.0000,0.0000,0.0476,0.0476,-0.2516,-0.2516,0.0000
1791000725.4752,0.0201,0.3044,0.0000,0.0000,0.0000,0.0000,0.0000,0.0000,0.0000,0.0015,0.0000,0.0000,0.0476,0.0476,-0.2516,-0.2516,0.0000
1791000725.4951,0.0200,0.1040,0.0000,0.0000,0.0000,0.0000,0.0000,0.0000,0.0000,-0.0015,0.0000,0.0000,0.0476,0.0476,-0.2516,-0.2516,0.0000
1791000725.5152,0.0200,0.1064,0.0000,0.0000,0.0000,0.0000,0.0000,0.0000,0.0000,0.0015,0.0000,0.0000,0.0476,0.0476,-0.2516,-0.2516,0.0000
1791000725.5352,0.0200,0.1022,0.0000,0.0000,0.0000,0.0000,0.0000,0.0000,0.0000,0.0000,0.0000,0.0000,0.0476,0.0476,-0.2516,-0.2516,0.0000
1791000725.5551,0.0200,0.1128,0.0000,0.0000,0.0000,0.0000,0.0000,0.0000,0.0000,0.0000,0.0000,0.0000,0.0476,0.0476,-0.2516,-0.2516,0.0000
1791000725.5751,0.0200,0.1238,0.0000,0.0000,0.0000,0.0000,0.0000,0.0000,0.0000,0.0000,0.0000,0.0000,0.0476,0.0476,-0.2516,-0.2516,0.0000
1791000725.5952,0.0200,0.1346,0.0000,0.0000,0.0000,0.0000,0.0000,0.0000,0.0000,0.0000,0.0000,0.0000,0.0476,0.0476,-0.2516,-0.2516,0.0000
1791000725.6152,0.0200,0.1125,0.0000,0.0000,0.0000,0.0000,0.0000,0.0000,0.0000,0.0000,0.0000,0.0000,0.0476,0.0476,-0.2516,-0.2516,0.0000
1791000725.6351,0.0200,0.2793,0.0000,0.0000,0.0000,0.0000,0.0000,0.0000,0.0000,0.0000,0.0000,0.0000,0.0476,0.0476,-0.2516,-0.2516,0.0000
1791000725.6552,0.0200,0.1043,0.0000,0.0000,0.0000,0.0000,0.0000,0.0000,0.0000,0.0000,0.0000,0.0000,0.0476,0.0476,-0.2516,-0.2516,0.0000
1791000725.6751,0.0199,0.4228,0.0000,0.0000,0.0000,0.0000,0.0000,0.0000,0.0000,0.0000,0.0000,0.0000,0.0476,0.0476,-0.2516,-0.2516,0.0000
1791000725.6952,0.0201,0.1445,0.0000,0.0000,0.0000,0.0000,0.0000,0.0000,0.0000,0.0000,0.0000,0.0000,0.0476,0.0476,-0.2516,-0.2516,0.0000
1791000725.7151,0.0200,0.1715,0.0000,0.0000,0.0000,0.0000,0.0000,0.0000,0.0000,0.0000,0.0000,0.0000,0.0476,0.0476,-0.2516,-0.2516,0.0000
1791000725.7353,0.0201,0.2044,0.0000,0.0000,0.0000,0.0000,0.0000,0.0000,0.0000,0.0000,0.0000,0.0000,0.0476,0.0476,-0.2516,-0.2516,0.0000
1791000725.7551,0.0198,0.1666,0.0000,0.0000,0.0000,0.0000,0.0000,0.0000,0.0000,0.0000,0.0000,0.0000,0.0476,0.0476,-0.2516,-0.2516,0.0000
1791000725.7751,0.0200,0.1785,0.0000,0.0000,0.0000,0.0000,0.0000,0.0000,0.0000,0.0000,0.0000,0.0000,0.0476,0.0476,-0.2516,-0.2516,0.0000
1791000725.7951,0.0200,0.1806,0.0000,0.0000,0.0000,0.0000,0.0000,0.0000,0.0000,0.0000,0.0000,0.0000,0.0476,0.0476,-0.2516,-0.2516,0.0000
1791000725.8151,0.0200,0.1767,0.0000,0.0000,0.0000,0.0000,0.0000,0.0000,0.0000,0.0000,0.0000,0.0000,0.0476,0.0476,-0.2516,-0.2516,0.0000
1791000725.8351,0.0200,0.1679,0.0000,0.0000,0.0000,0.0000,0.0000,0.0000,0.0000,-0.0015,0.0000,0.0000,0.0476,0.0476,-0.2516,-0.2516,0.0000
1791000725.8550,0.0200,0.0615,0.0000,0.0000,0.0000,0.0000,0.0000,0.0000,0.0000,0.0000,0.0000,0.0000,0.0476,0.0476,-0.2516,-0.2516,0.0000
1791000725.8751,0.0201,0.1559,0.0000,0.0000,0.0000,0.0000,0.0000,0.0000,0.0000,0.0000,0.0000,0.0000,0.0476,0.0476,-0.2516,-0.2516,0.0000
1791000725.8951,0.0199,0.1445,0.0000,0.0000,0.0000,0.0000,0.0000,0.0000,0.0000,0.0015,0.0000,0.0000,0.0476,0.0476,-0.2516,-0.2516,0.0000
1791000725.9151,0.0200,0.1417,0.0000,0.0000,0.0000,0.0000,0.0000,0.0000,0.0000,-0.0015,0.0000,0.0000,0.0476,0.0476,-0.2516,-0.2516,0.0000
1791000725.9350,0.0200,0.1488,0.0000,0.0000,0.0000,0.0000,0.0000,0.0000,0.0000,0.0015,0.0000,0.0000,0.0476,0.0476,-0.2516,-0.2516,0.0000
1791000725.9550,0.0200,0.1303,0.0000,0.0000,0.0000,0.0000,0.0000,0.0000,0.0000,0.0000,0.0000,0.0000,0.0476,0.0476,-0.2516,-0.2516,0.0000
1791000725.9750,0.0200,0.1239,0.0000,0.0000,0.0000,0.0000,0.0000,0.0000,0.0000,-0.0015,0.0000,0.0000,0.0476,0.0476,-0.2516,-0.2516,0.0000
1791000725.9950,0.0200,0.1350,0.0000,0.0000,0.0000,0.0000,0.0000,0.0000,0.0000,0.0000,0.0000,0.0000,0.0476,0.0476,-0.2516,-0.2516,0.0000
1791000726.0151,0.0201,0.1173,0.0000,0.0000,0.0000,0.0000,0.0000,0.0000,0.0000,0.0015,0.0000,0.0000,0.0476,0.0476,-0.2516,-0.2516,0.0000
1791000726.0350,0.0199,0.1104,0.0000,0.0000,0.0000,0.0000,0.0000,0.0000,0.0000,0.0000,0.0000,0.0000,0.0476,0.0476,-0.2516,-0.2516,0.0000
1791000726.0550,0.0200,0.1302,0.0000,0.0000,0.0000,0.0000,0.0000,0.0000,0.0000,0.0000,0.0000,0.0000,0.0476,0.0476,-0.2516,-0.2516,0.0000
1791000726.0751,0.0201,0.1152,0.0000,0.0000,0.0000,0.0000,0.0000,0.0000,0.0000,0.0000,0.0000,0.0000,0.0476,0.0476,-0.2516,-0.2516,0.0000
1791000726.0950,0.0199,0.1216,0.0000,0.0000,0.0000,0.0000,0.0000,0.0000,0.0000,0.0000,0.0000,0.0000,0.0476,0.0476,-0.2516,-0.2516,0.0000
1791000726.1152,0.0201,0.1362,0.0000,0.0000,0.0000,0.0000,0.0000,0.0000,0.0000,0.0000,0.0000,0.0000,0.0476,0.0476,-0.2516,-0.2516,0.0000
1791000726.1351,0.0200,0.1320,0.0000,0.0000,0.0000,0.0000,0.0000,0.0000,0.0000,0.0000,0.0000,0.0000,0.0476,0.0476,-0.2516,-0.2516,0.0000
1791000726.1551,0.0199,0.1397,0.0000,0.0000,0.0000,0.0000,0.0000,0.0000,0.0000,0.0000,0.0000,0.0000,0.0476,0.0476,-0.2516,-0.2531,0.0000
1791000726.1751,0.0201,0.1412,0.0000,0.0000,0.0000,0.0000,0.0000,0.0000,0.0000,0.0000,0.0000,0.0000,0.0476,0.0476,-0.2516,-0.2516,0.0000
1791000726.1951,0.0199,0.1716,0.0000,0.0000,0.0000,0.0000,0.0000,0.0000,0.0000,-0.0015,0.0000,0.0000,0.0476,0.0476,-0.2516,-0.2516,0.0000
1791000726.2151,0.0200,0.1495,0.0000,0.0000,0.0000,0.0000,0.0000,0.0000,0.0000,0.0015,0.0000,0.0000,0.0476,0.0476,-0.2516,-0.2500,0.0000
1791000726.2350,0.0200,0.1167,0.0000,0.0000,0.0000,0.0000,0.0000,0.0000,0.0000,0.0000,0.0000,0.0000,0.0476,0.0476,-0.2516,-0.2516,0.0000
1791000726.2550,0.0200,0.1063,0.0000,0.0000,0.0000,0.0000,0.0000,0.0000,0.0000,-0.0015,0.0000,0.0000,0.0476,0.0476,-0.2516,-0.2516,0.0000
1791000726.2750,0.0200,0.1062,0.0000,0.0000,0.0000,0.0000,0.0000,0.0000,0.0000,0.0015,0.0000,0.0000,0.0476,0.0476,-0.2516,-0.2516,0.0000
1791000726.2951,0.0200,0.1392,0.0000,0.0000,0.0000,0.0000,0.0000,0.0000,0.0000,0.0000,0.0000,0.0000,0.0476,0.0476,-0.2516,-0.2516,0.0000
1791000726.3150,0.0200,0.1262,0.0000,0.0000,0.0000,0.0000,0.0000,0.0000,0.0000,0.0000,0.0000,0.0000,0.0476,0.0476,-0.2516,-0.2516,0.0000
1791000726.3351,0.0201,0.1110,0.0000,0.0000,0.0000,0.0000,0.0000,0.0000,0.0000,-0.0015,0.0000,0.0000,0.0476,0.0476,-0.2516,-0.2516,0.0000
1791000726.3551,0.0199,0.1117,0.0000,0.0000,0.0000,0.0000,0.0000,0.0000,0.0000,0.0015,0.0000,0.0000,0.0476,0.0476,-0.2516,-0.2516,0.0000
1791000726.3751,0.0200,0.1278,0.0000,0.0000,0.0000,0.0000,0.0000,0.0000,0.0000,0.0000,0.0000,0.0000,0.0476,0.0476,-0.2516,-0.2516,0.0000
1791000726.3952,0.0201,0.1534,0.0000,0.0000,0.0000,0.0000,0.0000,0.0000,0.0000,0.0000,0.0000,0.0000,0.0476,0.0476,-0.2516,-0.2516,0.0000
1791000726.4152,0.0200,0.1373,0.0000,0.0000,0.0000,0.0000,0.0000,0.0000,0.0000,-0.0015,0.0000,0.0000,0.0476,0.0476,-0.2516,-0.2516,0.0000
1791000726.4351,0.0199,0.0807,0.0000,0.0000,0.0000,0.0000,0.0000,0.0000,0.0000,0.0000,0.0000,0.0000,0.0476,0.0476,-0.2516,-0.2516,0.0000
1791000726.4551,0.0200,0.0976,0.0000,0.0000,0.0000,0.0000,0.0000,0.0000,0.0000,0.0015,0.0000,0.0000,0.0476,0.0476,-0.2516,-0.2516,0.0000
1791000726.4752,0.0200,0.0985,0.0000,0.0000,0.0000,0.0000,0.0000,0.0000,0.0000,0.0000,0.0000,0.0000,0.0476,0.0476,-0.2516,-0.2516,0.0000
1791000726.4951,0.0200,0.0983,0.0000,0.0000,0.0000,0.0000,0.0000,0.0000,0.0000,-0.0015,0.0000,0.0000,0.0476,0.0476,-0.2516,-0.2516,0.0000
1791000726.5150,0.0199,0.1081,0.0000,0.0000,0.0000,0.0000,0.0000,0.0000,0.0000,0.0015,0.0000,0.0000,0.0476,0.0476,-0.2516,-0.2516,0.0000
1791000726.5352,0.0201,0.1106,0.0000,0.0000,0.0000,0.0000,0.0000,0.0000,0.0000,-0.0015,0.0000,0.0000,0.0476,0.0506,-0.2516,-0.2516,0.0000
1791000726.5551,0.0200,0.1021,0.0000,0.0000,0.0000,0.0000,0.0000,0.0000,0.0000,0.0015,0.0000,0.0000,0.0476,0.0476,-0.2516,-0.2516,0.0000
1791000726.5751,0.0199,0.1616,0.0000,0.0000,0.0000,0.0000,0.0000,0.0000,0.0000,0.0000,0.0000,0.0000,0.0476,0.0476,-0.2516,-0.2516,0.0000
1791000726.5951,0.0200,0.1652,0.0000,0.0000,0.0000,0.0000,0.0000,0.0000,0.0000,0.0000,0.0000,0.0000,0.0476,0.0476,-0.2516,-0.2516,0.0000
1791000726.6152,0.0201,0.1800,0.0000,0.0000,0.0000,0.0000,0.0000,0.0000,0.0000,-0.0015,0.0000,0.0000,0.0476,0.0476,-0.2516,-0.2516,0.0000
1791000726.6351,0.0199,0.1483,0.0000,0.0000,0.0000,0.0000,0.0000,0.0000,0.0000,0.0015,0.0000,0.0000,0.0476,0.0476,-0.2516,-0.2516,0.0000
1791000726.6552,0.0201,0.1371,0.0000,0.0000,0.0000,0.0000,0.0000,0.0000,0.0000,0.0000,0.0000,0.0000,0.0476,0.0476,-0.2516,-0.2516,0.0000
1791000726.6750,0.0199,0.1299,0.0000,0.0000,0.0000,0.0000,0.0000,0.0000,0.0000,0.0000,0.0000,0.0000,0.0476,0.0476,-0.2516,-0.2516,0.0000
1791000726.6950,0.0200,0.1299,0.0000,0.0000,0.0000,0.0000,0.0000,0.0000,0.0000,0.0000,0.0000,0.0000,0.0476,0.0476,-0.2516,-0.2516,0.0000
1791000726.7152,0.0201,0.1413,0.0000,0.0000,0.0000,0.0000,0.0000,0.0000,0.0000,0.0000,0.0000,0.0000,0.0476,0.0476,-0.2516,-0.2516,0.0000
1791000726.7352,0.0200,0.1390,0.0000,0.0000,0.0000,0.0000,0.0000,0.0000,0.0000,0.0000,0.0000,0.0000,0.0476,0.0476,-0.2516,-0.2516,0.0000
1791000726.7550,0.0199,0.1400,0.0000,0.0000,0.0000,0.0000,0.0000,0.0000,0.0000,0.0000,0.0000,0.0000,0.0476,0.0476,-0.2516,-0.2516,0.0000
1791000726.7752,0.0201,0.1775,0.0000,0.0000,0.0000,0.0000,0.0000,0.0000,0.0000,0.0000,0.0000,0.0000,0.0476,0.0476,-0.2516,-0.2516,0.0000
1791000726.7952,0.0200,0.1213,0.0000,0.0000,0.0000,0.0000,0.0000,0.0000,0.0000,0.0000,0.0000,0.0000,0.0476,0.0476,-0.2516,-0.2516,0.0000
1791000726.8151,0.0199,0.1475,0.0000,0.0000,0.0000,0.0000,0.0000,0.0000,0.0000,0.0000,0.0000,0.0000,0.0476,0.0476,-0.2516,-0.2516,0.0000
1791000726.8351,0.0200,0.1027,0.0000,0.0000,0.0000,0.0000,0.0000,0.0000,0.0000,0.0000,0.0000,0.0000,0.0476,0.0476,-0.2516,-0.2516,0.0000
1791000726.8551,0.0200,0.1101,0.0000,0.0000,0.0000,0.0000,0.0000,0.0000,0.0000,-0.0015,0.0000,0.0000,0.0476,0.0476,-0.2516,-0.2516,0.0000
1791000726.8750,0.0199,0.1416,0.0000,0.0000,0.0000,0.0000,0.0000,0.0000,0.0000,0.0015,0.0000,0.0000,0.0476,0.0476,-0.2516,-0.2516,0.0000
1791000726.8952,0.0201,0.1773,0.0000,0.0000,0.0000,0.0000,0.0000,0.0000,0.0000,0.0000,0.0000,0.0000,0.0476,0.0476,-0.2516,-0.2516,0.0000
1791000726.9151,0.0199,0.1353,0.0000,0.0000,0.0000,0.0000,0.0000,0.0000,0.0000,-0.0015,0.0000,0.0000,0.0476,0.0476,-0.2516,-0.2516,0.0000
1791000726.9352,0.0201,0.1332,0.0000,0.0000,0.0000,0.0000,0.0000,0.0000,0.0000,0.0015,0.0000,0.0000,0.0476,0.0476,-0.2516,-0.2516,0.0000
1791000726.9552,0.0200,0.1271,0.0000,0.0000,0.0000,0.0000,0.0000,0.0000,0.0000,0.0000,0.0000,0.0000,0.0476,0.0476,-0.2516,-0.2516,0.0000
1791000726.9751,0.0200,0.1211,0.0000,0.0000,0.0000,0.0000,0.0000,0.0000,0.0000,0.0000,0.0000,0.0000,0.0476,0.0476,-0.2516,-0.2516,0.0000
1791000726.9951,0.0200,0.1234,0.0000,0.0000,0.0000,0.0000,0.0000,0.0000,0.0000,-0.0015,0.0000,0.0000,0.0476,0.0476,-0.2516,-0.2516,0.0000
1791000727.0152,0.0200,0.1376,0.0000,0.0000,0.0000,0.0000,0.0000,0.0000,0.0000,0.0000,0.0000,0.0000,0.0476,0.0476,-0.2516,-0.2516,0.0000
1791000727.0351,0.0200,0.1174,0.0000,0.0000,0.0000,0.0000,0.0000,0.0000,0.0000,0.0015,0.0000,0.0000,0.0476,0.0476,-0.2516,-0.2516,0.0000
1791000727.0551,0.0200,0.0947,0.0000,0.0000,0.0000,0.0000,0.0000,0.0000,0.0000,0.0000,0.0000,0.0000,0.0476,0.0476,-0.2516,-0.2516,0.0000
1791000727.0752,0.0201,0.1049,0.0000,0.0000,0.0000,0.0000,0.0000,0.0000,0.0000,-0.0015,0.0000,0.0000,0.0476,0.0476,-0.2516,-0.2516,0.0000
1791000727.0951,0.0199,0.0832,0.0000,0.0000,0.0000,0.0000,0.0000,0.0000,0.0000,0.0000,0.0000,0.0000,0.0476,0.0476,-0.2516,-0.2516,0.0000
1791000727.1151,0.0200,0.0815,0.0000,0.0000,0.0000,0.0000,0.0000,0.0000,0.0000,0.0015,0.0000,0.0000,0.0476,0.0476,-0.2516,-0.2516,0.0000
1791000727.1351,0.0200,0.1204,0.0000,0.0000,0.0000,0.0000,0.0000,0.0000,0.0000,-0.0015,0.0000,0.0000,0.0476,0.0476,-0.2516,-0.2516,0.0000
1791000727.1551,0.0200,0.2554,0.0000,0.0000,0.0000,0.0000,0.0000,0.0000,0.0000,0.0015,0.0000,0.0000,0.0476,0.0476,-0.2516,-0.2516,0.0000
1791000727.1752,0.0201,0.1025,0.0000,0.0000,0.0000,0.0000,0.0000,0.0000,0.0000,0.0000,0.0000,0.0000,0.0476,0.0476,-0.2516,-0.2516,0.0000
1791000727.1951,0.0200,0.1171,0.0000,0.0000,0.0000,0.0000,0.0000,0.0000,0.0000,-0.0015,0.0000,0.0000,0.0476,0.0476,-0.2516,-0.2516,0.0000
1791000727.2152,0.0200,0.1359,0.0000,0.0000,0.0000,0.0000,0.0000,0.0000,0.0000,0.0015,0.0000,0.0000,0.0476,0.0476,-0.2516,-0.2516,0.0000
1791000727.2350,0.0199,0.1133,0.0000,0.0000,0.0000,0.0000,0.0000,0.0000,0.0000,0.0000,0.0000,0.0000,0.0476,0.0476,-0.2516,-0.2516,0.0000
1791000727.2551,0.0201,0.1292,0.0000,0.0000,0.0000,0.0000,0.0000,0.0000,0.0000,0.0000,0.0000,0.0000,0.0476,0.0476,-0.2516,-0.2516,0.0000
1791000727.2752,0.0201,0.1080,0.0000,0.0000,0.0000,0.0000,0.0000,0.0000,0.0000,0.0000,0.0000,0.0000,0.0476,0.0476,-0.2516,-0.2516,0.0000
1791000727.2951,0.0198,0.1590,0.0000,0.0000,0.0000,0.0000,0.0000,0.0000,0.0000,0.0000,0.0000,0.0000,0.0476,0.0476,-0.2516,-0.2516,0.0000
1791000727.3151,0.0201,0.0800,0.0000,0.0000,0.0000,0.0000,0.0000,0.0000,0.0000,-0.0015,0.0000,0.0000,0.0476,0.0476,-0.2516,-0.2516,0.0000
1791000727.3352,0.0200,0.1157,0.0000,0.0000,0.0000,0.0000,0.0000,0.0000,0.0000,0.0000,0.0000,0.0000,0.0476,0.0476,-0.2516,-0.2516,0.0000
1791000727.3550,0.0199,0.1216,0.0000,0.0000,0.0000,0.0000,0.0000,0.0000,0.0000,0.0000,0.0000,0.0000,0.0476,0.0476,-0.2516,-0.2516,0.0000
1791000727.3751,0.0201,0.1104,0.0000,0.0000,0.0000,0.0000,0.0000,0.0000,0.0000,0.0015,0.0000,0.0000,0.0476,0.0476,-0.2516,-0.2516,0.0000
1791000727.3951,0.0199,0.1512,0.0000,0.0000,0.0000,0.0000,0.0000,0.0000,0.0000,0.0000,0.0000,0.0000,0.0476,0.0476,-0.2516,-0.2516,0.0000
1791000727.4151,0.0201,0.0814,0.0000,0.0000,0.0000,0.0000,0.0000,0.0000,0.0000,0.0000,0.0000,0.0000,0.0476,0.0476,-0.2516,-0.2516,0.0000
1791000727.4351,0.0200,0.0943,0.0000,0.0000,0.0000,0.0000,0.0000,0.0000,0.0000,-0.0015,0.0000,0.0000,0.0476,0.0476,-0.2516,-0.2516,0.0000
1791000727.4551,0.0200,0.0778,0.0000,0.0000,0.0000,0.0000,0.0000,0.0000,0.0000,0.0015,0.0000,0.0000,0.0476,0.0476,-0.2516,-0.2516,0.0000
1791000727.4751,0.0200,0.0877,0.0000,0.0000,0.0000,0.0000,0.0000,0.0000,0.0000,0.0000,0.0000,0.0000,0.0476,0.0476,-0.2516,-0.2516,0.0000
1791000727.4950,0.0199,0.0951,0.0000,0.0000,0.0000,0.0000,0.0000,0.0000,0.0000,0.0000,0.0000,0.0000,0.0476,0.0476,-0.2516,-0.2516,0.0000
1791000727.5152,0.0201,0.1388,0.0000,0.0000,0.0000,0.0000,0.0000,0.0000,0.0000,0.0000,0.0000,0.0000,0.0476,0.0476,-0.2516,-0.2516,0.0000
1791000727.5352,0.0200,0.1299,0.0000,0.0000,0.0000,0.0000,0.0000,0.0000,0.0000,0.0000,0.0000,0.0000,0.0476,0.0476,-0.2516,-0.2516,0.0000
1791000727.5552,0.0200,0.1396,0.0000,0.0000,0.0000,0.0000,0.0000,0.0000,0.0000,0.0000,0.0000,0.0000,0.0476,0.0476,-0.2516,-0.2516,0.0000
1791000727.5751,0.0199,0.1048,0.0000,0.0000,0.0000,0.0000,0.0000,0.0000,0.0000,0.0000,0.0000,0.0000,0.0476,0.0476,-0.2516,-0.2516,0.0000
1791000727.5951,0.0200,0.1426,0.0000,0.0000,0.0000,0.0000,0.0000,0.0000,0.0000,0.0000,0.0000,0.0000,0.0476,0.0476,-0.2516,-0.2516,0.0000
1791000727.6150,0.0199,0.1054,0.0000,0.0000,0.0000,0.0000,0.0000,0.0000,0.0000,-0.0015,0.0000,0.0000,0.0476,0.0476,-0.2516,-0.2516,0.0000
1791000727.6351,0.0201,0.1102,0.0000,0.0000,0.0000,0.0000,0.0000,0.0000,0.0000,0.0015,0.0000,0.0000,0.0476,0.0476,-0.2516,-0.2516,0.0000
1791000727.6552,0.0201,0.1330,0.0000,0.0000,0.0000,0.0000,0.0000,0.0000,0.0000,0.0000,0.0000,0.0000,0.0476,0.0476,-0.2516,-0.2516,0.0000
1791000727.6751,0.0200,0.1437,0.0000,0.0000,0.0000,0.0000,0.0000,0.0000,0.0000,0.0000,0.0000,0.0000,0.0476,0.0476,-0.2516,-0.2516,0.0000
1791000727.6951,0.0199,0.1589,0.0000,0.0000,0.0000,0.0000,0.0000,0.0000,0.0000,-0.0015,0.0000,0.0000,0.0476,0.0476,-0.2516,-0.2516,0.0000
1791000727.7151,0.0200,0.1604,0.0000,0.0000,0.0000,0.0000,0.0000,0.0000,0.0000,0.0015,0.0000,0.0000,0.0476,0.0476,-0.2516,-0.2516,0.0000
1791000727.7351,0.0201,0.1548,0.0000,0.0000,0.0000,0.0000,0.0000,0.0000,0.0000,0.0000,0.0000,0.0000,0.0476,0.0476,-0.2516,-0.2516,0.0000
1791000727.7552,0.0201,0.1475,0.0000,0.0000,0.0000,0.0000,0.0000,0.0000,0.0000,-0.0015,0.0000,0.0000,0.0476,0.0476,-0.2516,-0.2516,0.0000
1791000727.7751,0.0199,0.1258,0.0000,0.0000,0.0000,0.0000,0.0000,0.0000,0.0000,0.0015,0.0000,0.0000,0.0476,0.0476,-0.2516,-0.2516,0.0000
1791000727.7951,0.0200,0.1506,0.0000,0.0000,0.0000,0.0000,0.0000,0.0000,0.0000,-0.0015,0.0000,0.0000,0.0476,0.0476,-0.2516,-0.2516,0.0000
1791000727.8150,0.0199,0.1141,0.0000,0.0000,0.0000,0.0000,0.0000,0.0000,0.0000,0.0000,0.0000,0.0000,0.0476,0.0476,-0.2516,-0.2516,0.0000
1791000727.8351,0.0201,0.0910,0.0000,0.0000,0.0000,0.0000,0.0000,0.0000,0.0000,0.0015,0.0000,0.0000,0.0476,0.0476,-0.2516,-0.2516,0.0000
1791000727.8551,0.0199,0.0782,0.0000,0.0000,0.0000,0.0000,0.0000,0.0000,0.0000,0.0000,0.0000,0.0000,0.0476,0.0476,-0.2516,-0.2516,0.0000
1791000727.8751,0.0200,0.0750,0.0000,0.0000,0.0000,0.0000,0.0000,0.0000,0.0000,-0.0015,0.0000,0.0000,0.0476,0.0476,-0.2516,-0.2516,0.0000
1791000727.8951,0.0200,0.1036,0.0000,0.0000,0.0000,0.0000,0.0000,0.0000,0.0000,0.0015,0.0000,0.0000,0.0476,0.0476,-0.2516,-0.2516,0.0000
1791000727.9151,0.0200,0.1094,0.0000,0.0000,0.0000,0.0000,0.0000,0.0000,0.0000,-0.0015,0.0000,0.0000,0.0476,0.0476,-0.2516,-0.2516,0.0000
1791000727.9352,0.0201,0.1190,0.0000,0.0000,0.0000,0.0000,0.0000,0.0000,0.0000,0.0000,0.0000,0.0000,0.0476,0.0476,-0.2516,-0.2516,0.0000
1791000727.9552,0.0199,0.1568,0.0000,0.0000,0.0000,0.0000,0.0000,0.0000,0.0000,0.0015,0.0000,0.0000,0.0476,0.0476,-0.2516,-0.2516,0.0000
1791000727.9750,0.0199,0.1240,0.0000,0.0000,0.0000,0.0000,0.0000,0.0000,0.0000,0.0000,0.0000,0.0000,0.0476,0.0476,-0.2516,-0.2516,0.0000
1791000727.9951,0.0201,0.1117,0.0000,0.0000,0.0000,0.0000,0.0000,0.0000,0.0000,-0.0015,0.0000,0.0000,0.0476,0.0476,-0.2516,-0.2516,0.0000
1791000728.0151,0.0200,0.1058,0.0000,0.0000,0.0000,0.0000,0.0000,0.0000,0.0000,0.0015,0.0000,0.0000,0.0476,0.0476,-0.2516,-0.2516,0.0000
1791000728.0351,0.0200,0.0970,0.0000,0.0000,0.0000,0.0000,0.0000,0.0000,0.0000,-0.0015,0.0000,0.0000,0.0476,0.0476,-0.2516,-0.2516,0.0000
1791000728.0551,0.0200,0.0991,0.0000,0.0000,0.0000,0.0000,0.0000,0.0000,0.0000,0.0015,0.0000,0.0000,0.0476,0.0476,-0.2516,-0.2516,0.0000
1791000728.0752,0.0200,0.1147,0.0000,0.0000,0.0000,0.0000,0.0000,0.0000,0.0000,0.0000,0.0000,0.0000,0.0476,0.0476,-0.2516,-0.2516,0.0000
1791000728.0951,0.0200,0.1111,0.0000,0.0000,0.0000,0.0000,0.0000,0.0000,0.0000,0.0000,0.0000,0.0000,0.0476,0.0476,-0.2516,-0.2516,0.0000
1791000728.1152,0.0200,0.1008,0.0000,0.0000,0.0000,0.0000,0.0000,0.0000,0.0000,0.0000,0.0000,0.0000,0.0476,0.0506,-0.2516,-0.2516,0.0000
1791000728.1351,0.0200,0.0953,0.0000,0.0000,0.0000,0.0000,0.0000,0.0000,0.0000,-0.0015,0.0000,0.0000,0.0476,0.0476,-0.2516,-0.2516,0.0000
1791000728.1552,0.0200,0.1333,0.0000,0.0000,0.0000,0.0000,0.0000,0.0000,0.0000,0.0000,0.0000,0.0000,0.0476,0.0476,-0.2516,-0.2516,0.0000
1791000728.1750,0.0199,0.1400,0.0000,0.0000,0.0000,0.0000,0.0000,0.0000,0.0000,0.0015,0.0000,0.0000,0.0476,0.0476,-0.2516,-0.2516,0.0000
1791000728.1952,0.0201,0.1278,0.0000,0.0000,0.0000,0.0000,0.0000,0.0000,0.0000,0.0000,0.0000,0.0000,0.0476,0.0476,-0.2516,-0.2516,0.0000
1791000728.2151,0.0200,0.1275,0.0000,0.0000,0.0000,0.0000,0.0000,0.0000,0.0000,0.0000,0.0000,0.0000,0.0476,0.0476,-0.2516,-0.2516,0.0000
1791000728.2351,0.0200,0.0846,0.0000,0.0000,0.0000,0.0000,0.0000,0.0000,0.0000,-0.0015,0.0000,0.0000,0.0476,0.0476,-0.2516,-0.2516,0.0000
1791000728.2551,0.0200,0.0849,0.0000,0.0000,0.0000,0.0000,0.0000,0.0000,0.0000,0.0015,0.0000,0.0000,0.0476,0.0476,-0.2516,-0.2516,0.0000
1791000728.2751,0.0200,0.0774,0.0000,0.0000,0.0000,0.0000,0.0000,0.0000,0.0000,0.0000,0.0000,0.0000,0.0476,0.0476,-0.2516,-0.2516,0.0000
1791000728.2951,0.0200,0.1345,0.0000,0.0000,0.0000,0.0000,0.0000,0.0000,0.0000,-0.0015,0.0000,0.0000,0.0476,0.0476,-0.2516,-0.2516,0.0000
1791000728.3152,0.0200,0.1168,0.0000,0.0000,0.0000,0.0000,0.0000,0.0000,0.0000,0.0015,0.0000,0.0000,0.0476,0.0476,-0.2516,-0.2516,0.0000
1791000728.3351,0.0199,0.1380,0.0000,0.0000,0.0000,0.0000,0.0000,0.0000,0.0000,0.0000,0.0000,0.0000,0.0476,0.0476,-0.2516,-0.2531,0.0000
1791000728.3552,0.0202,0.1443,0.0000,0.0000,0.0000,0.0000,0.0000,0.0000,0.0000,0.0000,0.0000,0.0000,0.0476,0.0476,-0.2516,-0.2516,0.0000
1791000728.3752,0.0200,0.2030,0.0000,0.0000,0.0000,0.0000,0.0000,0.0000,0.0000,-0.0015,0.0000,0.0000,0.0476,0.0476,-0.2516,-0.2516,0.0000
1791000728.3951,0.0200,0.1031,0.0000,0.0000,0.0000,0.0000,0.0000,0.0000,0.0000,0.0015,0.0000,0.0000,0.0476,0.0476,-0.2516,-0.2516,0.0000
1791000728.4151,0.0200,0.1347,0.0000,0.0000,0.0000,0.0000,0.0000,0.0000,0.0000,-0.0015,0.0000,0.0000,0.0476,0.0476,-0.2516,-0.2516,0.0000
1791000728.4351,0.0200,0.1019,0.0000,0.0000,0.0000,0.0000,0.0000,0.0000,0.0000,0.0015,0.0000,0.0000,0.0476,0.0476,-0.2516,-0.2516,0.0000
1791000728.4551,0.0200,0.1202,0.0000,0.0000,0.0000,0.0000,0.0000,0.0000,0.0000,0.0000,0.0000,0.0000,0.0476,0.0506,-0.2516,-0.2516,0.0000
1791000728.4751,0.0200,0.1107,0.0000,0.0000,0.0000,0.0000,0.0000,0.0000,0.0000,-0.0015,0.0000,0.0000,0.0476,0.0476,-0.2516,-0.2516,0.0000
1791000728.4952,0.0200,0.1210,0.0000,0.0000,0.0000,0.0000,0.0000,0.0000,0.0000,0.0000,0.0000,0.0000,0.0476,0.0476,-0.2516,-0.2516,0.0000
1791000728.5150,0.0199,0.1239,0.0000,0.0000,0.0000,0.0000,0.0000,0.0000,0.0000,0.0000,0.0000,0.0000,0.0476,0.0476,-0.2516,-0.2516,0.0000
1791000728.5351,0.0200,0.1474,0.0000,0.0000,0.0000,0.0000,0.0000,0.0000,0.0000,0.0015,0.0000,0.0000,0.0476,0.0476,-0.2516,-0.2516,0.0000
1791000728.5551,0.0200,0.1513,0.0000,0.0000,0.0000,0.0000,0.0000,0.0000,0.0000,0.0000,0.0000,0.0000,0.0476,0.0476,-0.2516,-0.2516,0.0000
1791000728.5751,0.0200,0.1997,0.0000,0.0000,0.0000,0.0000,0.0000,0.0000,0.0000,-0.0015,0.0000,0.0000,0.0476,0.0476,-0.2516,-0.2516,0.0000
1791000728.5952,0.0201,0.1379,0.0000,0.0000,0.0000,0.0000,0.0000,0.0000,0.0000,0.0015,0.0000,0.0000,0.0476,0.0476,-0.2516,-0.2516,0.0000
1791000728.6151,0.0200,0.1300,0.0000,0.0000,0.0000,0.0000,0.0000,0.0000,0.0000,0.0000,0.0000,0.0000,0.0476,0.0476,-0.2516,-0.2516,0.0000
1791000728.6351,0.0199,0.1749,0.0000,0.0000,0.0000,0.0000,0.0000,0.0000,0.0000,0.0000,0.0000,0.0000,0.0476,0.0476,-0.2516,-0.2516,0.0000
1791000728.6552,0.0201,0.1220,0.0000,0.0000,0.0000,0.0000,0.0000,0.0000,0.0000,-0.0015,0.0000,0.0000,0.0476,0.0476,-0.2516,-0.2516,0.0000
1791000728.6751,0.0199,0.1377,0.0000,0.0000,0.0000,0.0000,0.0000,0.0000,0.0000,0.0015,0.0000,0.0000,0.0476,0.0476,-0.2516,-0.2516,0.0000
1791000728.6952,0.0201,0.1462,0.0000,0.0000,0.0000,0.0000,0.0000,0.0000,0.0000,0.0000,0.0000,0.0000,0.0476,0.0476,-0.2516,-0.2516,0.0000
1791000728.7152,0.0200,0.1284,0.0000,0.0000,0.0000,0.0000,0.0000,0.0000,0.0000,-0.0015,0.0000,0.0000,0.0476,0.0476,-0.2516,-0.2516,0.0000
1791000728.7352,0.0200,0.1479,0.0000,0.0000,0.0000,0.0000,0.0000,0.0000,0.0000,0.0015,0.0000,0.0000,0.0476,0.0476,-0.2516,-0.2516,0.0000
1791000728.7551,0.0200,0.1203,0.0000,0.0000,0.0000,0.0000,0.0000,0.0000,0.0000,-0.0015,0.0000,0.0000,0.0476,0.0476,-0.2516,-0.2516,0.0000
1791000728.7751,0.0199,0.1359,0.0000,0.0000,0.0000,0.0000,0.0000,0.0000,0.0000,0.0015,0.0000,0.0000,0.0476,0.0476,-0.2516,-0.2516,0.0000
1791000728.7952,0.0201,0.1345,0.0000,0.0000,0.0000,0.0000,0.0000,0.0000,0.0000,0.0000,0.0000,0.0000,0.0476,0.0476,-0.2516,-0.2516,0.0000
1791000728.8151,0.0200,0.1181,0.0000,0.0000,0.0000,0.0000,0.0000,0.0000,0.0000,-0.0015,0.0000,0.0000,0.0476,0.0476,-0.2516,-0.2516,0.0000
1791000728.8351,0.0200,0.1312,0.0000,0.0000,0.0000,0.0000,0.0000,0.0000,0.0000,0.0015,0.0000,0.0000,0.0476,0.0476,-0.2516,-0.2516,0.0000
1791000728.8552,0.0200,0.1769,0.0000,0.0000,0.0000,0.0000,0.0000,0.0000,0.0000,0.0000,0.0000,0.0000,0.0476,0.0476,-0.2516,-0.2516,0.0000
1791000728.8752,0.0200,0.2145,0.0000,0.0000,0.0000,0.0000,0.0000,0.0000,0.0000,0.0000,0.0000,0.0000,0.0476,0.0476,-0.2516,-0.2516,0.0000
1791000728.8951,0.0199,0.1389,0.0000,0.0000,0.0000,0.0000,0.0000,0.0000,0.0000,-0.0015,0.0000,0.0000,0.0476,0.0476,-0.2516,-0.2516,0.0000
1791000728.9151,0.0199,0.1380,0.0000,0.0000,0.0000,0.0000,0.0000,0.0000,0.0000,0.0015,0.0000,0.0000,0.0476,0.0476,-0.2516,-0.2516,0.0000
1791000728.9352,0.0201,0.1626,0.0000,0.0000,0.0000,0.0000,0.0000,0.0000,0.0000,0.0000,0.0000,0.0000,0.0476,0.0476,-0.2516,-0.2516,0.0000
1791000728.9551,0.0199,0.1394,0.0000,0.0000,0.0000,0.0000,0.0000,0.0000,0.0000,-0.0015,0.0000,0.0000,0.0476,0.0476,-0.2516,-0.2516,0.0000
1791000728.9751,0.0200,0.1749,0.0000,0.0000,0.0000,0.0000,0.0000,0.0000,0.0000,0.0000,0.0000,0.0000,0.0476,0.0476,-0.2516,-0.2516,0.0000
1791000728.9950,0.0200,0.1381,0.0000,0.0000,0.0000,0.0000,0.0000,0.0000,0.0000,0.0015,0.0000,0.0000,0.0476,0.0476,-0.2516,-0.2516,0.0000
1791000729.0150,0.0200,0.1181,0.0000,0.0000,0.0000,0.0000,0.0000,0.0000,0.0000,0.0000,0.0000,0.0000,0.0476,0.0476,-0.2516,-0.2516,0.0000
1791000729.0350,0.0200,0.1294,0.0000,0.0000,0.0000,0.0000,0.0000,0.0000,0.0000,0.0000,0.0000,0.0000,0.0476,0.0476,-0.2516,-0.2516,0.0000
1791000729.0551,0.0200,0.1339,0.0000,0.0000,0.0000,0.0000,0.0000,0.0000,0.0000,0.0000,0.0000,0.0000,0.0476,0.0476,-0.2516,-0.2516,0.0000
1791000729.0751,0.0200,0.1547,0.0000,0.0000,0.0000,0.0000,0.0000,0.0000,0.0000,-0.0015,0.0000,0.0000,0.0476,0.0476,-0.2516,-0.2516,0.0000
1791000729.0951,0.0201,0.0757,0.0000,0.0000,0.0000,0.0000,0.0000,0.0000,0.0000,0.0000,0.0000,0.0000,0.0476,0.0476,-0.2516,-0.2516,0.0000
1791000729.1151,0.0200,0.0733,0.0000,0.0000,0.0000,0.0000,0.0000,0.0000,0.0000,0.0015,0.0000,0.0000,0.0476,0.0476,-0.2516,-0.2516,0.0000
1791000729.1351,0.0200,0.0956,0.0000,0.0000,0.0000,0.0000,0.0000,0.0000,0.0000,0.0000,0.0000,0.0000,0.0476,0.0506,-0.2516,-0.2516,0.0000
1791000729.1551,0.0200,0.3376,0.0000,0.0000,0.0000,0.0000,0.0000,0.0000,0.0000,0.0000,0.0000,0.0000,0.0476,0.0476,-0.2516,-0.2516,0.0000
1791000729.1750,0.0199,0.3113,0.0000,0.0000,0.0000,0.0000,0.0000,0.0000,0.0000,0.0000,0.0000,0.0000,0.0476,0.0476,-0.2516,-0.2516,0.0000
1791000729.1951,0.0201,0.1152,0.0000,0.0000,0.0000,0.0000,0.0000,0.0000,0.0000,0.0000,0.0000,0.0000,0.0476,0.0476,-0.2516,-0.2516,0.0000
1791000729.2151,0.0200,0.3120,0.0000,0.0000,0.0000,0.0000,0.0000,0.0000,0.0000,-0.0015,0.0000,0.0000,0.0476,0.0476,-0.2516,-0.2516,0.0000
1791000729.2352,0.0200,0.0942,0.0000,0.0000,0.0000,0.0000,0.0000,0.0000,0.0000,0.0015,0.0000,0.0000,0.0476,0.0476,-0.2516,-0.2516,0.0000
1791000729.2551,0.0199,0.0929,0.0000,0.0000,0.0000,0.0000,0.0000,0.0000,0.0000,-0.0015,0.0000,0.0000,0.0476,0.0476,-0.2516,-0.2516,0.0000
1791000729.2751,0.0200,0.0928,0.0000,0.0000,0.0000,0.0000,0.0000,0.0000,0.0000,0.0000,0.0000,0.0000,0.0476,0.0476,-0.2516,-0.2516,0.0000
1791000729.2951,0.0200,0.1102,0.0000,0.0000,0.0000,0.0000,0.0000,0.0000,0.0000,0.0015,0.0000,0.0000,0.0476,0.0476,-0.2516,-0.2516,0.0000
1791000729.3151,0.0200,0.0988,0.0000,0.0000,0.0000,0.0000,0.0000,0.0000,0.0000,0.0000,0.0000,0.0000,0.0476,0.0476,-0.2516,-0.2516,0.0000
1791000729.3351,0.0200,0.0937,0.0000,0.0000,0.0000,0.0000,0.0000,0.0000,0.0000,0.0000,0.0000,0.0000,0.0476,0.0476,-0.2516,-0.2516,0.0000
1791000729.3551,0.0200,0.0940,0.0000,0.0000,0.0000,0.0000,0.0000,0.0000,0.0000,0.0000,0.0000,0.0000,0.0476,0.0476,-0.2516,-0.2516,0.0000
1791000729.3751,0.0200,0.0947,0.0000,0.0000,0.0000,0.0000,0.0000,0.0000,0.0000,0.0000,0.0000,0.0000,0.0476,0.0476,-0.2516,-0.2516,0.0000
1791000729.3950,0.0199,0.0967,0.0000,0.0000,0.0000,0.0000,0.0000,0.0000,0.0000,-0.0015,0.0000,0.0000,0.0476,0.0476,-0.2516,-0.2516,0.0000
1791000729.4151,0.0201,0.1176,0.0000,0.0000,0.0000,0.0000,0.0000,0.0000,0.0000,0.0015,0.0000,0.0000,0.0476,0.0476,-0.2516,-0.2516,0.0000
1791000729.4351,0.0200,0.0951,0.0000,0.0000,0.0000,0.0000,0.0000,0.0000,0.0000,0.0000,0.0000,0.0000,0.0476,0.0476,-0.2516,-0.2516,0.0000
1791000729.4551,0.0200,0.1051,0.0000,0.0000,0.0000,0.0000,0.0000,0.0000,0.0000,0.0000,0.0000,0.0000,0.0476,0.0476,-0.2516,-0.2516,0.0000
1791000729.4751,0.0200,0.1203,0.0000,0.0000,0.0000,0.0000,0.0000,0.0000,0.0000,0.0000,0.0000,0.0000,0.0476,0.0476,-0.2516,-0.2516,0.0000
1791000729.4951,0.0200,0.1122,0.0000,0.0000,0.0000,0.0000,0.0000,0.0000,0.0000,0.0000,0.0000,0.0000,0.0476,0.0476,-0.2516,-0.2516,0.0000
1791000729.5151,0.0200,0.1148,0.0000,0.0000,0.0000,0.0000,0.0000,0.0000,0.0000,-0.0015,0.0000,0.0000,0.0476,0.0476,-0.2516,-0.2516,0.0000
1791000729.5352,0.0200,0.1068,0.0000,0.0000,0.0000,0.0000,0.0000,0.0000,0.0000,0.0000,0.0000,0.0000,0.0476,0.0476,-0.2516,-0.2516,0.0000
1791000729.5551,0.0200,0.1028,0.0000,0.0000,0.0000,0.0000,0.0000,0.0000,0.0000,0.0015,0.0000,0.0000,0.0476,0.0476,-0.2516,-0.2516,0.0000
1791000729.5751,0.0200,0.1025,0.0000,0.0000,0.0000,0.0000,0.0000,0.0000,0.0000,0.0000,0.0000,0.0000,0.0476,0.0476,-0.2516,-0.2516,0.0000
1791000729.5951,0.0200,0.1151,0.0000,0.0000,0.0000,0.0000,0.0000,0.0000,0.0000,0.0000,0.0000,0.0000,0.0476,0.0476,-0.2516,-0.2516,0.0000
1791000729.6150,0.0199,0.1206,0.0000,0.0000,0.0000,0.0000,0.0000,0.0000,0.0000,-0.0015,0.0000,0.0000,0.0476,0.0476,-0.2516,-0.2516,0.0000
1791000729.6351,0.0201,0.1113,0.0000,0.0000,0.0000,0.0000,0.0000,0.0000,0.0000,0.0015,0.0000,0.0000,0.0476,0.0476,-0.2516,-0.2516,0.0000
1791000729.6552,0.0201,0.2190,0.0000,0.0000,0.0000,0.0000,0.0000,0.0000,0.0000,0.0000,0.0000,0.0000,0.0476,0.0476,-0.2516,-0.2516,0.0000
1791000729.6750,0.0198,0.1318,0.0000,0.0000,0.0000,0.0000,0.0000,0.0000,0.0000,-0.0015,0.0000,0.0000,0.0476,0.0476,-0.2516,-0.2516,0.0000
1791000729.6951,0.0201,0.1061,0.0000,0.0000,0.0000,0.0000,0.0000,0.0000,0.0000,0.0015,0.0000,0.0000,0.0476,0.0476,-0.2516,-0.2516,0.0000
1791000729.7151,0.0200,0.1000,0.0000,0.0000,0.0000,0.0000,0.0000,0.0000,0.0000,0.0000,0.0000,0.0000,0.0476,0.0476,-0.2516,-0.2516,0.0000
1791000729.7351,0.0200,0.1005,0.0000,0.0000,0.0000,0.0000,0.0000,0.0000,0.0000,0.0000,0.0000,0.0000,0.0476,0.0476,-0.2516,-0.2516,0.0000
1791000729.7551,0.0200,0.0991,0.0000,0.0000,0.0000,0.0000,0.0000,0.0000,0.0000,-0.0015,0.0000,0.0000,0.0476,0.0476,-0.2516,-0.2516,0.0000
1791000729.7751,0.0199,0.1586,0.0000,0.0000,0.0000,0.0000,0.0000,0.0000,0.0000,0.0015,0.0000,0.0000,0.0476,0.0476,-0.2516,-0.2516,0.0000
1791000729.7952,0.0201,0.1519,0.0000,0.0000,0.0000,0.0000,0.0000,0.0000,0.0000,0.0000,0.0000,0.0000,0.0476,0.0476,-0.2516,-0.2516,0.0000
1791000729.8152,0.0200,0.1167,0.0000,0.0000,0.0000,0.0000,0.0000,0.0000,0.0000,-0.0015,0.0000,0.0000,0.0476,0.0476,-0.2516,-0.2516,0.0000
1791000729.8352,0.0199,0.1172,0.0000,0.0000,0.0000,0.0000,0.0000,0.0000,0.0000,0.0000,0.0000,0.0000,0.0476,0.0476,-0.2516,-0.2516,0.0000
1791000729.8552,0.0200,0.0955,0.0000,0.0000,0.0000,0.0000,0.0000,0.0000,0.0000,0.0015,0.0000,0.0000,0.0476,0.0476,-0.2516,-0.2516,0.0000
1791000729.8751,0.0200,0.0940,0.0000,0.0000,0.0000,0.0000,0.0000,0.0000,0.0000,0.0000,0.0000,0.0000,0.0476,0.0476,-0.2516,-0.2516,0.0000
1791000729.8951,0.0200,0.1261,0.0000,0.0000,0.0000,0.0000,0.0000,0.0000,0.0000,0.0000,0.0000,0.0000,0.0476,0.0476,-0.2516,-0.2516,0.0000
1791000729.9151,0.0200,0.1065,0.0000,0.0000,0.0000,0.0000,0.0000,0.0000,0.0000,0.0000,0.0000,0.0000,0.0476,0.0476,-0.2516,-0.2516,0.0000
1791000729.9351,0.0200,0.0929,0.0000,0.0000,0.0000,0.0000,0.0000,0.0000,0.0000,0.0000,0.0000,0.0000,0.0476,0.0476,-0.2516,-0.2516,0.0000
1791000729.9550,0.0199,0.0922,0.0000,0.0000,0.0000,0.0000,0.0000,0.0000,0.0000,-0.0015,0.0000,0.0000,0.0476,0.0476,-0.2516,-0.2516,0.0000
1791000729.9751,0.0201,0.0945,0.0000,0.0000,0.0000,0.0000,0.0000,0.0000,0.0000,0.0015,0.0000,0.0000,0.0476,0.0476,-0.2516,-0.2516,0.0000
1791000729.9950,0.0199,0.1112,0.0000,0.0000,0.0000,0.0000,0.0000,0.0000,0.0000,-0.0015,0.0000,0.0000,0.0476,0.0476,-0.2516,-0.2516,0.0000
1791000730.0150,0.0200,0.1098,0.0000,0.0000,0.0000,0.0000,0.0000,0.0000,0.0000,0.0015,0.0000,0.0000,0.0476,0.0476,-0.2516,-0.2516,0.0000
1791000730.0352,0.0201,0.0829,0.0000,0.0000,0.0000,0.0000,0.0000,0.0000,0.0000,0.0000,0.0000,0.0000,0.0476,0.0476,-0.2516,-0.2516,0.0000
1791000730.0551,0.0200,0.0751,0.0000,0.0000,0.0000,0.0000,0.0000,0.0000,0.0000,-0.0015,0.0000,0.0000,0.0476,0.0476,-0.2516,-0.2516,0.0000
1791000730.0751,0.0200,0.0715,0.0000,0.0000,0.0000,0.0000,0.0000,0.0000,0.0000,0.0015,0.0000,0.0000,0.0476,0.0476,-0.2516,-0.2516,0.0000
1791000730.0951,0.0200,0.1327,0.0000,0.0000,0.0000,0.0000,0.0000,0.0000,0.0000,-0.0015,0.0000,0.0000,0.0476,0.0476,-0.2516,-0.2516,0.0000
1791000730.1151,0.0200,0.0699,0.0000,0.0000,0.0000,0.0000,0.0000,0.0000,0.0000,0.0000,0.0000,0.0000,0.0476,0.0476,-0.2516,-0.2516,0.0000
1791000730.1352,0.0201,0.1106,0.0000,0.0000,0.0000,0.0000,0.0000,0.0000,0.0000,0.0000,0.0000,0.0000,0.0476,0.0476,-0.2516,-0.2516,0.0000
1791000730.1552,0.0201,0.0702,0.0000,0.0000,0.0000,0.0000,0.0000,0.0000,0.0000,0.0015,0.0000,0.0000,0.0476,0.0476,-0.2516,-0.2516,0.0000
1791000730.1751,0.0199,0.0698,0.0000,0.0000,0.0000,0.0000,0.0000,0.0000,0.0000,0.0000,0.0000,0.0000,0.0476,0.0476,-0.2516,-0.2516,0.0000
1791000730.1952,0.0200,0.1031,0.0000,0.0000,0.0000,0.0000,0.0000,0.0000,0.0000,-0.0015,0.0000,0.0000,0.0476,0.0476,-0.2516,-0.2516,0.0000
1791000730.2150,0.0199,0.0953,0.0000,0.0000,0.0000,0.0000,0.0000,0.0000,0.0000,0.0015,0.0000,0.0000,0.0476,0.0506,-0.2516,-0.2516,0.0000
1791000730.2352,0.0201,0.1167,0.0000,0.0000,0.0000,0.0000,0.0000,0.0000,0.0000,0.0000,0.0000,0.0000,0.0476,0.0476,-0.2516,-0.2516,0.0000
1791000730.2551,0.0200,0.1231,0.0000,0.0000,0.0000,0.0000,0.0000,0.0000,0.0000,-0.0015,0.0000,0.0000,0.0476,0.0476,-0.2516,-0.2516,0.0000
1791000730.2751,0.0200,0.0942,0.0000,0.0000,0.0000,0.0000,0.0000,0.0000,0.0000,0.0000,0.0000,0.0000,0.0476,0.0476,-0.2516,-0.2516,0.0000
1791000730.2952,0.0201,0.1496,0.0000,0.0000,0.0000,0.0000,0.0000,0.0000,0.0000,0.0015,0.0000,0.0000,0.0476,0.0476,-0.2516,-0.2516,0.0000
1791000730.3151,0.0199,0.1306,0.0000,0.0000,0.0000,0.0000,0.0000,0.0000,0.0000,0.0000,0.0000,0.0000,0.0476,0.0476,-0.2516,-0.2516,0.0000
1791000730.3350,0.0199,0.1016,0.0000,0.0000,0.0000,0.0000,0.0000,0.0000,0.0000,0.0000,0.0000,0.0000,0.0476,0.0476,-0.2516,-0.2516,0.0000
1791000730.3551,0.0201,0.1239,0.0000,0.0000,0.0000,0.0000,0.0000,0.0000,0.0000,-0.0015,0.0000,0.0000,0.0476,0.0476,-0.2516,-0.2516,0.0000
1791000730.3751,0.0200,0.1151,0.0000,0.0000,0.0000,0.0000,0.0000,0.0000,0.0000,0.0015,0.0000,0.0000,0.0476,0.0476,-0.2516,-0.2516,0.0000
1791000730.3951,0.0200,0.1389,0.0000,0.0000,0.0000,0.0000,0.0000,0.0000,0.0000,0.0000,0.0000,0.0000,0.0476,0.0476,-0.2516,-0.2516,0.0000
1791000730.4150,0.0199,0.1134,0.0000,0.0000,0.0000,0.0000,0.0000,0.0000,0.0000,-0.0015,0.0000,0.0000,0.0476,0.0476,-0.2516,-0.2516,0.0000
1791000730.4351,0.0201,0.1221,0.0000,0.0000,0.0000,0.0000,0.0000,0.0000,0.0000,0.0015,0.0000,0.0000,0.0476,0.0476,-0.2516,-0.2516,0.0000
1791000730.4552,0.0200,0.1347,0.0000,0.0000,0.0000,0.0000,0.0000,0.0000,0.0000,0.0000,0.0000,0.0000,0.0476,0.0476,-0.2516,-0.2516,0.0000
1791000730.4751,0.0200,0.1103,0.0000,0.0000,0.0000,0.0000,0.0000,0.0000,0.0000,0.0000,0.0000,0.0000,0.0476,0.0476,-0.2516,-0.2516,0.0000
1791000730.4951,0.0200,0.1107,0.0000,0.0000,0.0000,0.0000,0.0000,0.0000,0.0000,0.0000,0.0000,0.0000,0.0476,0.0476,-0.2516,-0.2531,0.0000
1791000730.5152,0.0200,0.1316,0.0000,0.0000,0.0000,0.0000,0.0000,0.0000,0.0000,0.0000,0.0000,0.0000,0.0476,0.0506,-0.2516,-0.2516,0.0000
1791000730.5352,0.0200,0.1219,0.0000,0.0000,0.0000,0.0000,0.0000,0.0000,0.0000,0.0000,0.0000,0.0000,0.0476,0.0476,-0.2516,-0.2516,0.0000
1791000730.5552,0.0200,0.1352,0.0000,0.0000,0.0000,0.0000,0.0000,0.0000,0.0000,-0.0015,0.0000,0.0000,0.0476,0.0476,-0.2516,-0.2516,0.0000
1791000730.5751,0.0199,0.0984,0.0000,0.0000,0.0000,0.0000,0.0000,0.0000,0.0000,0.0015,0.0000,0.0000,0.0476,0.0476,-0.2516,-0.2516,0.0000
1791000730.5950,0.0199,0.1212,0.0000,0.0000,0.0000,0.0000,0.0000,0.0000,0.0000,-0.0015,0.0000,0.0000,0.0476,0.0476,-0.2516,-0.2516,0.0000
1791000730.6150,0.0200,0.1272,0.0000,0.0000,0.0000,0.0000,0.0000,0.0000,0.0000,0.0015,0.0000,0.0000,0.0476,0.0476,-0.2516,-0.2516,0.0000
1791000730.6350,0.0200,0.1177,0.0000,0.0000,0.0000,0.0000,0.0000,0.0000,0.0000,0.0000,0.0000,0.0000,0.0476,0.0476,-0.2516,-0.2516,0.0000
1791000730.6551,0.0201,0.1389,0.0000,0.0000,0.0000,0.0000,0.0000,0.0000,0.0000,-0.0015,0.0000,0.0000,0.0476,0.0476,-0.2516,-0.2516,0.0000
1791000730.6752,0.0200,0.1024,0.0000,0.0000,0.0000,0.0000,0.0000,0.0000,0.0000,0.0000,0.0000,0.0000,0.0476,0.0476,-0.2516,-0.2516,0.0000
1791000730.6951,0.0199,0.1248,0.0000,0.0000,0.0000,0.0000,0.0000,0.0000,0.0000,0.0015,0.0000,0.0000,0.0476,0.0476,-0.2516,-0.2516,0.0000
1791000730.7151,0.0201,0.0845,0.0000,0.0000,0.0000,0.0000,0.0000,0.0000,0.0000,-0.0015,0.0000,0.0000,0.0476,0.0476,-0.2516,-0.2516,0.0000
1791000730.7351,0.0200,0.1881,0.0000,0.0000,0.0000,0.0000,0.0000,0.0000,0.0000,0.0015,0.0000,0.0000,0.0476,0.0476,-0.2516,-0.2516,0.0000
1791000730.7551,0.0200,0.1689,0.0000,0.0000,0.0000,0.0000,0.0000,0.0000,0.0000,0.0000,0.0000,0.0000,0.0476,0.0476,-0.2516,-0.2516,0.0000
1791000730.7750,0.0200,0.0504,0.0000,0.0000,0.0000,0.0000,0.0000,0.0000,0.0000,-0.0015,0.0000,0.0000,0.0476,0.0476,-0.2516,-0.2516,0.0000
1791000730.7950,0.0200,0.0531,0.0000,0.0000,0.0000,0.0000,0.0000,0.0000,0.0000,0.0015,0.0000,0.0000,0.0476,0.0476,-0.2516,-0.2516,0.0000
1791000730.8151,0.0201,0.0957,0.0000,0.0000,0.0000,0.0000,0.0000,0.0000,0.0000,0.0000,0.0000,0.0000,0.0476,0.0476,-0.2516,-0.2516,0.0000
1791000730.8351,0.0200,0.0923,0.0000,0.0000,0.0000,0.0000,0.0000,0.0000,0.0000,0.0000,0.0000,0.0000,0.0476,0.0476,-0.2516,-0.2516,0.0000
1791000730.8552,0.0201,0.1043,0.0000,0.0000,0.0000,0.0000,0.0000,0.0000,0.0000,0.0000,0.0000,0.0000,0.0476,0.0476,-0.2516,-0.2516,0.0000
1791000730.8751,0.0200,0.1111,0.0000,0.0000,0.0000,0.0000,0.0000,0.0000,0.0000,-0.0015,0.0000,0.0000,0.0476,0.0476,-0.2516,-0.2516,0.0000
1791000730.8951,0.0200,0.0935,0.0000,0.0000,0.0000,0.0000,0.0000,0.0000,0.0000,0.0000,0.0000,0.0000,0.0476,0.0476,-0.2516,-0.2516,0.0000
1791000730.9152,0.0200,0.2334,0.0000,0.0000,0.0000,0.0000,0.0000,0.0000,0.0000,0.0000,0.0000,0.0000,0.0476,0.0476,-0.2516,-0.2516,0.0000
1791000730.9352,0.0200,0.2244,0.0000,0.0000,0.0000,0.0000,0.0000,0.0000,0.0000,0.0000,0.0000,0.0000,0.0476,0.0476,-0.2516,-0.2516,0.0000
1791000730.9551,0.0200,0.1110,0.0000,0.0000,0.0000,0.0000,0.0000,0.0000,0.0000,0.0015,0.0000,0.0000,0.0476,0.0476,-0.2516,-0.2516,0.0000
1791000730.9751,0.0200,0.0954,0.0000,0.0000,0.0000,0.0000,0.0000,0.0000,0.0000,0.0000,0.0000,0.0000,0.0476,0.0476,-0.2516,-0.2516,0.0000
1791000730.9951,0.0200,0.0984,0.0000,0.0000,0.0000,0.0000,0.0000,0.0000,0.0000,0.0000,0.0000,0.0000,0.0476,0.0476,-0.2516,-0.2516,0.0000
1791000731.0151,0.0200,0.0954,0.0000,0.0000,0.0000,0.0000,0.0000,0.0000,0.0000,0.0000,0.0000,0.0000,0.0476,0.0476,-0.2516,-0.2516,0.0000
1791000731.0352,0.0200,0.0968,0.0000,0.0000,0.0000,0.0000,0.0000,0.0000,0.0000,-0.0015,0.0000,0.0000,0.0476,0.0476,-0.2516,-0.2516,0.0000
1791000731.0552,0.0200,0.0953,0.0000,0.0000,0.0000,0.0000,0.0000,0.0000,0.0000,0.0015,0.0000,0.0000,0.0476,0.0476,-0.2516,-0.2516,0.0000
1791000731.0751,0.0199,0.1033,0.0000,0.0000,0.0000,0.0000,0.0000,0.0000,0.0000,0.0000,0.0000,0.0000,0.0476,0.0476,-0.2516,-0.2516,0.0000
1791000731.0951,0.0200,0.1070,0.0000,0.0000,0.0000,0.0000,0.0000,0.0000,0.0000,0.0000,0.0000,0.0000,0.0476,0.0476,-0.2516,-0.2516,0.0000
1791000731.1151,0.0200,0.1010,0.0000,0.0000,0.0000,0.0000,0.0000,0.0000,0.0000,0.0000,0.0000,0.0000,0.0476,0.0476,-0.2516,-0.2516,0.0000
1791000731.1351,0.0200,0.0966,0.0000,0.0000,0.0000,0.0000,0.0000,0.0000,0.0000,0.0000,0.0000,0.0000,0.0476,0.0476,-0.2516,-0.2516,0.0000
1791000731.1551,0.0200,0.0957,0.0000,0.0000,0.0000,0.0000,0.0000,0.0000,0.0000,0.0000,0.0000,0.0000,0.0476,0.0476,-0.2516,-0.2516,0.0000
1791000731.1752,0.0200,0.3532,0.0000,0.0000,0.0000,0.0000,0.0000,0.0000,0.0000,0.0000,0.0000,0.0000,0.0476,0.0476,-0.2516,-0.2516,0.0000
1791000731.1952,0.0200,0.0983,0.0000,0.0000,0.0000,0.0000,0.0000,0.0000,0.0000,0.0000,0.0000,0.0000,0.0476,0.0476,-0.2516,-0.2516,0.0000
1791000731.2151,0.0200,0.1471,0.0000,0.0000,0.0000,0.0000,0.0000,0.0000,0.0000,0.0000,0.0000,0.0000,0.0476,0.0476,-0.2516,-0.2516,0.0000
1791000731.2351,0.0199,0.2410,0.0000,0.0000,0.0000,0.0000,0.0000,0.0000,0.0000,0.0000,0.0000,0.0000,0.0476,0.0476,-0.2516,-0.2516,0.0000
1791000731.2550,0.0200,0.1008,0.0000,0.0000,0.0000,0.0000,0.0000,0.0000,0.0000,0.0000,0.0000,0.0000,0.0476,0.0476,-0.2516,-0.2516,0.0000
1791000731.2750,0.0200,0.0792,0.0000,0.0000,0.0000,0.0000,0.0000,0.0000,0.0000,-0.0015,0.0000,0.0000,0.0476,0.0476,-0.2516,-0.2516,0.0000
1791000731.2951,0.0201,0.1051,0.0000,0.0000,0.0000,0.0000,0.0000,0.0000,0.0000,0.0000,0.0000,0.0000,0.0476,0.0476,-0.2516,-0.2516,0.0000
1791000731.3151,0.0200,0.1045,0.0000,0.0000,0.0000,0.0000,0.0000,0.0000,0.0000,0.0015,0.0000,0.0000,0.0476,0.0476,-0.2516,-0.2516,0.0000
1791000731.3351,0.0200,0.1161,0.0000,0.0000,0.0000,0.0000,0.0000,0.0000,0.0000,-0.0015,0.0000,0.0000,0.0476,0.0476,-0.2516,-0.2516,0.0000
1791000731.3551,0.0200,0.1065,0.0000,0.0000,0.0000,0.0000,0.0000,0.0000,0.0000,0.0015,0.0000,0.0000,0.0476,0.0476,-0.2516,-0.2516,0.0000
1791000731.3751,0.0200,0.0892,0.0000,0.0000,0.0000,0.0000,0.0000,0.0000,0.0000,-0.0015,0.0000,0.0000,0.0476,0.0476,-0.2516,-0.2516,0.0000
1791000731.3951,0.0200,0.0900,0.0000,0.0000,0.0000,0.0000,0.0000,0.0000,0.0000,0.0015,0.0000,0.0000,0.0476,0.0476,-0.2516,-0.2516,0.0000
1791000731.4151,0.0200,0.1211,0.0000,0.0000,0.0000,0.0000,0.0000,0.0000,0.0000,0.0000,0.0000,0.0000,0.0476,0.0476,-0.2516,-0.2516,0.0000
1791000731.4352,0.0200,0.1053,0.0000,0.0000,0.0000,0.0000,0.0000,0.0000,0.0000,0.0000,0.0000,0.0000,0.0476,0.0476,-0.2516,-0.2516,0.0000
1791000731.4552,0.0200,0.1021,0.0000,0.0000,0.0000,0.0000,0.0000,0.0000,0.0000,0.0000,0.0000,0.0000,0.0476,0.0476,-0.2516,-0.2516,0.0000
1791000731.4751,0.0200,0.1450,0.0000,0.0000,0.0000,0.0000,0.0000,0.0000,0.0000,0.0000,0.0000,0.0000,0.0476,0.0476,-0.2516,-0.2516,0.0000
1791000731.4951,0.0200,0.1325,0.0000,0.0000,0.0000,0.0000,0.0000,0.0000,0.0000,0.0000,0.0000,0.0000,0.0476,0.0476,-0.2516,-0.2516,0.0000
1791000731.5151,0.0200,0.0757,0.0000,0.0000,0.0000,0.0000,0.0000,0.0000,0.0000,0.0000,0.0000,0.0000,0.0476,0.0476,-0.2516,-0.2516,0.0000
1791000731.5351,0.0200,0.0859,0.0000,0.0000,0.0000,0.0000,0.0000,0.0000,0.0000,0.0000,0.0000,0.0000,0.0476,0.0476,-0.2516,-0.2516,0.0000
1791000731.5551,0.0200,0.0942,0.0000,0.0000,0.0000,0.0000,0.0000,0.0000,0.0000,-0.0015,0.0000,0.0000,0.0476,0.0476,-0.2516,-0.2516,0.0000
1791000731.5751,0.0200,0.1104,0.0000,0.0000,0.0000,0.0000,0.0000,0.0000,0.0000,0.0000,0.0000,0.0000,0.0476,0.0476,-0.2516,-0.2516,0.0000
1791000731.5952,0.0200,0.1045,0.0000,0.0000,0.0000,0.0000,0.0000,0.0000,0.0000,0.0015,0.0000,0.0000,0.0476,0.0476,-0.2516,-0.2516,0.0000
1791000731.6151,0.0200,0.0951,0.0000,0.0000,0.0000,0.0000,0.0000,0.0000,0.0000,-0.0015,0.0000,0.0000,0.0476,0.0476,-0.2516,-0.2516,0.0000
1791000731.6351,0.0200,0.0948,0.0000,0.0000,0.0000,0.0000,0.0000,0.0000,0.0000,0.0015,0.0000,0.0000,0.0476,0.0476,-0.2516,-0.2516,0.0000
1791000731.6552,0.0200,0.1201,0.0000,0.0000,0.0000,0.0000,0.0000,0.0000,0.0000,-0.0015,0.0000,0.0000,0.0476,0.0476,-0.2516,-0.2516,0.0000
1791000731.6751,0.0199,0.2557,0.0000,0.0000,0.0000,0.0000,0.0000,0.0000,0.0000,0.0000,0.0000,0.0000,0.0476,0.0476,-0.2516,-0.2516,0.0000
1791000731.6951,0.0200,0.1745,0.0000,0.0000,0.0000,0.0000,0.0000,0.0000,0.0000,0.0000,0.0000,0.0000,0.0476,0.0476,-0.2516,-0.2516,0.0000
1791000731.7151,0.0200,0.2196,0.0000,0.0000,0.0000,0.0000,0.0000,0.0000,0.0000,0.0015,0.0000,0.0000,0.0476,0.0476,-0.2516,-0.2516,0.0000
1791000731.7352,0.0201,0.1825,0.0000,0.0000,0.0000,0.0000,0.0000,0.0000,0.0000,-0.0015,0.0000,0.0000,0.0476,0.0476,-0.2516,-0.2516,0.0000
1791000731.7550,0.0199,0.1278,0.0000,0.0000,0.0000,0.0000,0.0000,0.0000,0.0000,0.0015,0.0000,0.0000,0.0476,0.0476,-0.2516,-0.2516,0.0000
1791000731.7750,0.0200,0.1422,0.0000,0.0000,0.0000,0.0000,0.0000,0.0000,0.0000,0.0000,0.0000,0.0000,0.0476,0.0476,-0.2516,-0.2516,0.0000
1791000731.7950,0.0200,0.1239,0.0000,0.0000,0.0000,0.0000,0.0000,0.0000,0.0000,-0.0015,0.0000,0.0000,0.0476,0.0476,-0.2516,-0.2531,0.0000
1791000731.8152,0.0201,0.1333,0.0000,0.0000,0.0000,0.0000,0.0000,0.0000,0.0000,0.0015,0.0000,0.0000,0.0476,0.0476,-0.2516,-0.2516,0.0000
1791000731.8350,0.0199,0.1206,0.0000,0.0000,0.0000,0.0000,0.0000,0.0000,0.0000,0.0000,0.0000,0.0000,0.0476,0.0476,-0.2516,-0.2516,0.0000
1791000731.8551,0.0200,0.1380,0.0000,0.0000,0.0000,0.0000,0.0000,0.0000,0.0000,0.0000,0.0000,0.0000,0.0476,0.0476,-0.2516,-0.2516,0.0000
1791000731.8750,0.0200,0.1083,0.0000,0.0000,0.0000,0.0000,0.0000,0.0000,0.0000,0.0000,0.0000,0.0000,0.0476,0.0476,-0.2516,-0.2516,0.0000
1791000731.8951,0.0201,0.1266,0.0000,0.0000,0.0000,0.0000,0.0000,0.0000,0.0000,0.0000,0.0000,0.0000,0.0476,0.0476,-0.2516,-0.2516,0.0000
1791000731.9151,0.0200,0.1020,0.0000,0.0000,0.0000,0.0000,0.0000,0.0000,0.0000,0.0000,0.0000,0.0000,0.0476,0.0476,-0.2516,-0.2516,0.0000
1791000731.9352,0.0200,0.1324,0.0000,0.0000,0.0000,0.0000,0.0000,0.0000,0.0000,-0.0015,0.0000,0.0000,0.0476,0.0476,-0.2516,-0.2516,0.0000
1791000731.9551,0.0199,0.1415,0.0000,0.0000,0.0000,0.0000,0.0000,0.0000,0.0000,0.0015,0.0000,0.0000,0.0476,0.0476,-0.2516,-0.2516,0.0000
1791000731.9750,0.0200,0.1104,0.0000,0.0000,0.0000,0.0000,0.0000,0.0000,0.0000,0.0000,0.0000,0.0000,0.0476,0.0476,-0.2516,-0.2516,0.0000
1791000731.9951,0.0201,0.0925,0.0000,0.0000,0.0000,0.0000,0.0000,0.0000,0.0000,0.0000,0.0000,0.0000,0.0476,0.0476,-0.2516,-0.2516,0.0000
1791000732.0151,0.0200,0.0941,0.0000,0.0000,0.0000,0.0000,0.0000,0.0000,0.0000,-0.0015,0.0000,0.0000,0.0476,0.0476,-0.2516,-0.2516,0.0000
1791000732.0350,0.0199,0.0981,0.0000,0.0000,0.0000,0.0000,0.0000,0.0000,0.0000,0.0015,0.0000,0.0000,0.0476,0.0476,-0.2516,-0.2516,0.0000
1791000732.0551,0.0201,0.1144,0.0000,0.0000,0.0000,0.0000,0.0000,0.0000,0.0000,0.0000,0.0000,0.0000,0.0476,0.0476,-0.2516,-0.2516,0.0000
1791000732.0751,0.0200,0.1046,0.0000,0.0000,0.0000,0.0000,0.0000,0.0000,0.0000,0.0000,0.0000,0.0000,0.0476,0.0506,-0.2516,-0.2516,0.0000
1791000732.0951,0.0200,0.0996,0.0000,0.0000,0.0000,0.0000,0.0000,0.0000,0.0000,-0.0015,0.0000,0.0000,0.0476,0.0476,-0.2516,-0.2516,0.0000
1791000732.1150,0.0199,0.1034,0.0000,0.0000,0.0000,0.0000,0.0000,0.0000,0.0000,0.0000,0.0000,0.0000,0.0476,0.0476,-0.2516,-0.2516,0.0000
1791000732.1352,0.0201,0.0871,0.0000,0.0000,0.0000,0.0000,0.0000,0.0000,0.0000,0.0015,0.0000,0.0000,0.0476,0.0476,-0.2516,-0.2516,0.0000
1791000732.1550,0.0199,0.1109,0.0000,0.0000,0.0000,0.0000,0.0000,0.0000,0.0000,-0.0015,0.0000,0.0000,0.0476,0.0476,-0.2516,-0.2516,0.0000
1791000732.1751,0.0201,0.1287,0.0000,0.0000,0.0000,0.0000,0.0000,0.0000,0.0000,0.0015,0.0000,0.0000,0.0476,0.0476,-0.2516,-0.2516,0.0000
1791000732.1950,0.0199,0.1172,0.0000,0.0000,0.0000,0.0000,0.0000,0.0000,0.0000,-0.0015,0.0000,0.0000,0.0476,0.0476,-0.2516,-0.2516,0.0000
1791000732.2150,0.0200,0.1044,0.0000,0.0000,0.0000,0.0000,0.0000,0.0000,0.0000,0.0000,0.0000,0.0000,0.0476,0.0476,-0.2516,-0.2516,0.0000
1791000732.2350,0.0200,0.1003,0.0000,0.0000,0.0000,0.0000,0.0000,0.0000,0.0000,0.0015,0.0000,0.0000,0.0476,0.0476,-0.2516,-0.2516,0.0000
1791000732.2550,0.0200,0.1077,0.0000,0.0000,0.0000,0.0000,0.0000,0.0000,0.0000,0.0000,0.0000,0.0000,0.0476,0.0476,-0.2516,-0.2516,0.0000
1791000732.2751,0.0201,0.0903,0.0000,0.0000,0.0000,0.0000,0.0000,0.0000,0.0000,0.0000,0.0000,0.0000,0.0476,0.0476,-0.2516,-0.2516,0.0000
1791000732.2951,0.0200,0.0964,0.0000,0.0000,0.0000,0.0000,0.0000,0.0000,0.0000,0.0000,0.0000,0.0000,0.0476,0.0476,-0.2516,-0.2516,0.0000
1791000732.3150,0.0199,0.0994,0.0000,0.0000,0.0000,0.0000,0.0000,0.0000,0.0000,0.0000,0.0000,0.0000,0.0476,0.0506,-0.2516,-0.2516,0.0000
1791000732.3351,0.0201,0.0934,0.0000,0.0000,0.0000,0.0000,0.0000,0.0000,0.0000,0.0000,0.0000,0.0000,0.0476,0.0476,-0.2516,-0.2516,0.0000
1791000732.3550,0.0199,0.0887,0.0000,0.0000,0.0000,0.0000,0.0000,0.0000,0.0000,-0.0015,0.0000,0.0000,0.0476,0.0476,-0.2516,-0.2516,0.0000
1791000732.3751,0.0201,0.0866,0.0000,0.0000,0.0000,0.0000,0.0000,0.0000,0.0000,0.0015,0.0000,0.0000,0.0476,0.0476,-0.2516,-0.2516,0.0000
1791000732.3950,0.0199,0.0894,0.0000,0.0000,0.0000,0.0000,0.0000,0.0000,0.0000,0.0000,0.0000,0.0000,0.0476,0.0476,-0.2516,-0.2516,0.0000
1791000732.4151,0.0201,0.0860,0.0000,0.0000,0.0000,0.0000,0.0000,0.0000,0.0000,0.0000,0.0000,0.0000,0.0476,0.0476,-0.2516,-0.2516,0.0000
1791000732.4351,0.0200,0.0862,0.0000,0.0000,0.0000,0.0000,0.0000,0.0000,0.0000,0.0000,0.0000,0.0000,0.0476,0.0476,-0.2516,-0.2516,0.0000
1791000732.4551,0.0200,0.0833,0.0000,0.0000,0.0000,0.0000,0.0000,0.0000,0.0000,-0.0015,0.0000,0.0000,0.0476,0.0476,-0.2516,-0.2516,0.0000
1791000732.4751,0.0200,0.0840,0.0000,0.0000,0.0000,0.0000,0.0000,0.0000,0.0000,0.0015,0.0000,0.0000,0.0476,0.0476,-0.2516,-0.2516,0.0000
1791000732.4952,0.0201,0.0924,0.0000,0.0000,0.0000,0.0000,0.0000,0.0000,0.0000,0.0000,0.0000,0.0000,0.0476,0.0476,-0.2516,-0.2516,0.0000
1791000732.5151,0.0200,0.0942,0.0000,0.0000,0.0000,0.0000,0.0000,0.0000,0.0000,-0.0015,0.0000,0.0000,0.0476,0.0476,-0.2516,-0.2516,0.0000
1791000732.5352,0.0200,0.1119,0.0000,0.0000,0.0000,0.0000,0.0000,0.0000,0.0000,0.0000,0.0000,0.0000,0.0476,0.0476,-0.2516,-0.2516,0.0000
1791000732.5551,0.0200,0.0958,0.0000,0.0000,0.0000,0.0000,0.0000,0.0000,0.0000,0.0015,0.0000,0.0000,0.0476,0.0476,-0.2516,-0.2516,0.0000
1791000732.5752,0.0200,0.0939,0.0000,0.0000,0.0000,0.0000,0.0000,0.0000,0.0000,0.0000,0.0000,0.0000,0.0476,0.0476,-0.2516,-0.2516,0.0000
1791000732.5952,0.0200,0.0968,0.0000,0.0000,0.0000,0.0000,0.0000,0.0000,0.0000,0.0000,0.0000,0.0000,0.0476,0.0476,-0.2516,-0.2516,0.0000
1791000732.6151,0.0200,0.0931,0.0000,0.0000,0.0000,0.0000,0.0000,0.0000,0.0000,0.0000,0.0000,0.0000,0.0476,0.0476,-0.2516,-0.2516,0.0000
1791000732.6350,0.0199,0.0969,0.0000,0.0000,0.0000,0.0000,0.0000,0.0000,0.0000,0.0000,0.0000,0.0000,0.0476,0.0476,-0.2516,-0.2531,0.0000
1791000732.6551,0.0201,0.1078,0.0000,0.0000,0.0000,0.0000,0.0000,0.0000,0.0000,-0.0015,0.0000,0.0000,0.0476,0.0476,-0.2516,-0.2516,0.0000
1791000732.6750,0.0199,0.0999,0.0000,0.0000,0.0000,0.0000,0.0000,0.0000,0.0000,0.0000,0.0000,0.0000,0.0476,0.0476,-0.2516,-0.2516,0.0000
1791000732.6951,0.0201,0.0979,0.0000,0.0000,0.0000,0.0000,0.0000,0.0000,0.0000,0.0000,0.0000,0.0000,0.0476,0.0476,-0.2516,-0.2516,0.0000
1791000732.7150,0.0199,0.1032,0.0000,0.0000,0.0000,0.0000,0.0000,0.0000,0.0000,0.0015,0.0000,0.0000,0.0476,0.0476,-0.2516,-0.2516,0.0000
1791000732.7351,0.0201,0.0951,0.0000,0.0000,0.0000,0.0000,0.0000,0.0000,0.0000,0.0000,0.0000,0.0000,0.0476,0.0476,-0.2516,-0.2516,0.0000
1791000732.7550,0.0199,0.0946,0.0000,0.0000,0.0000,0.0000,0.0000,0.0000,0.0000,0.0000,0.0000,0.0000,0.0476,0.0506,-0.2516,-0.2516,0.0000
1791000732.7751,0.0201,0.0891,0.0000,0.0000,0.0000,0.0000,0.0000,0.0000,0.0000,0.0000,0.0000,0.0000,0.0476,0.0476,-0.2516,-0.2516,0.0000
1791000732.7950,0.0199,0.0946,0.0000,0.0000,0.0000,0.0000,0.0000,0.0000,0.0000,-0.0015,0.0000,0.0000,0.0476,0.0476,-0.2516,-0.2516,0.0000
1791000732.8151,0.0201,0.0927,0.0000,0.0000,0.0000,0.0000,0.0000,0.0000,0.0000,0.0015,0.0000,0.0000,0.0476,0.0476,-0.2516,-0.2516,0.0000
1791000732.8350,0.0199,0.0925,0.0000,0.0000,0.0000,0.0000,0.0000,0.0000,0.0000,0.0000,0.0000,0.0000,0.0476,0.0476,-0.2516,-0.2516,0.0000
1791000732.8551,0.0201,0.0965,0.0000,0.0000,0.0000,0.0000,0.0000,0.0000,0.0000,-0.0015,0.0000,0.0000,0.0476,0.0476,-0.2516,-0.2516,0.0000
1791000732.8750,0.0199,0.0956,0.0000,0.0000,0.0000,0.0000,0.0000,0.0000,0.0000,0.0015,0.0000,0.0000,0.0476,0.0476,-0.2516,-0.2516,0.0000
1791000732.8951,0.0201,0.1000,0.0000,0.0000,0.0000,0.0000,0.0000,0.0000,0.0000,0.0000,0.0000,0.0000,0.0476,0.0476,-0.2516,-0.2516,0.0000
1791000732.9150,0.0199,0.0918,0.0000,0.0000,0.0000,0.0000,0.0000,0.0000,0.0000,-0.0015,0.0000,0.0000,0.0476,0.0476,-0.2516,-0.2516,0.0000
1791000732.9351,0.0201,0.0965,0.0000,0.0000,0.0000,0.0000,0.0000,0.0000,0.0000,0.0000,0.0000,0.0000,0.0476,0.0476,-0.2516,-0.2516,0.0000
1791000732.9550,0.0199,0.1013,0.0000,0.0000,0.0000,0.0000,0.0000,0.0000,0.0000,0.0015,0.0000,0.0000,0.0476,0.0476,-0.2516,-0.2516,0.0000
1791000732.9751,0.0201,0.0943,0.0000,0.0000,0.0000,0.0000,0.0000,0.0000,0.0000,0.0000,0.0000,0.0000,0.0476,0.0476,-0.2516,-0.2516,0.0000
1791000732.9950,0.0199,0.0947,0.0000,0.0000,0.0000,0.0000,0.0000,0.0000,0.0000,0.0000,0.0000,0.0000,0.0476,0.0476,-0.2516,-0.2516,0.0000
1791000733.0151,0.0201,0.0990,0.0000,0.0000,0.0000,0.0000,0.0000,0.0000,0.0000,0.0000,0.0000,0.0000,0.0476,0.0506,-0.2516,-0.2516,0.0000
1791000733.0350,0.0199,0.0999,0.0000,0.0000,0.0000,0.0000,0.0000,0.0000,0.0000,0.0000,0.0000,0.0000,0.0476,0.0476,-0.2516,-0.2516,0.0000
1791000733.0551,0.0201,0.0975,0.0000,0.0000,0.0000,0.0000,0.0000,0.0000,0.0000,0.0000,0.0000,0.0000,0.0476,0.0476,-0.2516,-0.2516,0.0000
1791000733.0750,0.0199,0.0970,0.0000,0.0000,0.0000,0.0000,0.0000,0.0000,0.0000,0.0000,0.0000,0.0000,0.0476,0.0476,-0.2516,-0.2516,0.0000
1791000733.0951,0.0201,0.0777,0.0000,0.0000,0.0000,0.0000,0.0000,0.0000,0.0000,-0.0015,0.0000,0.0000,0.0476,0.0476,-0.2516,-0.2516,0.0000
1791000733.1151,0.0200,0.0964,0.0000,0.0000,0.0000,0.0000,0.0000,0.0000,0.0000,0.0000,0.0000,0.0000,0.0476,0.0476,-0.2516,-0.2516,0.0000
1791000733.1351,0.0200,0.0987,0.0000,0.0000,0.0000,0.0000,0.0000,0.0000,0.0000,0.0015,0.0000,0.0000,0.0476,0.0476,-0.2516,-0.2516,0.0000
1791000733.1550,0.0199,0.0985,0.0000,0.0000,0.0000,0.0000,0.0000,0.0000,0.0000,0.0000,0.0000,0.0000,0.0476,0.0476,-0.2516,-0.2516,0.0000
1791000733.1752,0.0201,0.0971,0.0000,0.0000,0.0000,0.0000,0.0000,0.0000,0.0000,0.0000,0.0000,0.0000,0.0476,0.0476,-0.2516,-0.2516,0.0000
1791000733.1950,0.0199,0.1027,0.0000,0.0000,0.0000,0.0000,0.0000,0.0000,0.0000,0.0000,0.0000,0.0000,0.0476,0.0476,-0.2516,-0.2516,0.0000
1791000733.2151,0.0201,0.0990,0.0000,0.0000,0.0000,0.0000,0.0000,0.0000,0.0000,0.0000,0.0000,0.0000,0.0476,0.0476,-0.2516,-0.2516,0.0000
1791000733.2350,0.0199,0.2520,0.0000,0.0000,0.0000,0.0000,0.0000,0.0000,0.0000,0.0000,0.0000,0.0000,0.0476,0.0476,-0.2516,-0.2516,0.0000
1791000733.2551,0.0201,0.1065,0.0000,0.0000,0.0000,0.0000,0.0000,0.0000,0.0000,0.0000,0.0000,0.0000,0.0476,0.0476,-0.2516,-0.2516,0.0000
1791000733.2751,0.0200,0.1013,0.0000,0.0000,0.0000,0.0000,0.0000,0.0000,0.0000,-0.0015,0.0000,0.0000,0.0476,0.0476,-0.2516,-0.2516,0.0000
1791000733.2951,0.0200,0.1021,0.0000,0.0000,0.0000,0.0000,0.0000,0.0000,0.0000,0.0015,0.0000,0.0000,0.0476,0.0476,-0.2516,-0.2516,0.0000
1791000733.3150,0.0199,0.0942,0.0000,0.0000,0.0000,0.0000,0.0000,0.0000,0.0000,0.0000,0.0000,0.0000,0.0476,0.0476,-0.2516,-0.2516,0.0000
1791000733.3351,0.0201,0.0959,0.0000,0.0000,0.0000,0.0000,0.0000,0.0000,0.0000,-0.0015,0.0000,0.0000,0.0476,0.0476,-0.2516,-0.2516,0.0000
1791000733.3550,0.0199,0.0947,0.0000,0.0000,0.0000,0.0000,0.0000,0.0000,0.0000,0.0000,0.0000,0.0000,0.0476,0.0476,-0.2516,-0.2516,0.0000
1791000733.3751,0.0201,0.0969,0.0000,0.0000,0.0000,0.0000,0.0000,0.0000,0.0000,0.0015,0.0000,0.0000,0.0476,0.0476,-0.2516,-0.2516,0.0000
1791000733.3950,0.0199,0.0889,0.0000,0.0000,0.0000,0.0000,0.0000,0.0000,0.0000,0.0000,0.0000,0.0000,0.0476,0.0476,-0.2516,-0.2516,0.0000
1791000733.4151,0.0201,0.0923,0.0000,0.0000,0.0000,0.0000,0.0000,0.0000,0.0000,0.0000,0.0000,0.0000,0.0476,0.0476,-0.2516,-0.2516,0.0000
1791000733.4350,0.0199,0.0920,0.0000,0.0000,0.0000,0.0000,0.0000,0.0000,0.0000,0.0000,0.0000,0.0000,0.0476,0.0476,-0.2516,-0.2516,0.0000
1791000733.4551,0.0201,0.0924,0.0000,0.0000,0.0000,0.0000,0.0000,0.0000,0.0000,-0.0015,0.0000,0.0000,0.0476,0.0476,-0.2516,-0.2516,0.0000
1791000733.4751,0.0200,0.0904,0.0000,0.0000,0.0000,0.0000,0.0000,0.0000,0.0000,0.0015,0.0000,0.0000,0.0476,0.0476,-0.2516,-0.2516,0.0000
1791000733.4951,0.0200,0.0879,0.0000,0.0000,0.0000,0.0000,0.0000,0.0000,0.0000,0.0000,0.0000,0.0000,0.0476,0.0476,-0.2516,-0.2516,0.0000
1791000733.5150,0.0199,0.0928,0.0000,0.0000,0.0000,0.0000,0.0000,0.0000,0.0000,0.0000,0.0000,0.0000,0.0476,0.0476,-0.2516,-0.2516,0.0000
1791000733.5352,0.0201,0.0915,0.0000,0.0000,0.0000,0.0000,0.0000,0.0000,0.0000,0.0000,0.0000,0.0000,0.0476,0.0476,-0.2516,-0.2516,0.0000
1791000733.5551,0.0200,0.0953,0.0000,0.0000,0.0000,0.0000,0.0000,0.0000,0.0000,0.0000,0.0000,0.0000,0.0476,0.0476,-0.2516,-0.2516,0.0000
1791000733.5751,0.0200,0.0985,0.0000,0.0000,0.0000,0.0000,0.0000,0.0000,0.0000,0.0000,0.0000,0.0000,0.0476,0.0476,-0.2516,-0.2516,0.0000
1791000733.5950,0.0199,0.0942,0.0000,0.0000,0.0000,0.0000,0.0000,0.0000,0.0000,0.0000,0.0000,0.0000,0.0476,0.0476,-0.2516,-0.2516,0.0000
1791000733.6150,0.0200,0.0946,0.0000,0.0000,0.0000,0.0000,0.0000,0.0000,0.0000,0.0000,0.0000,0.0000,0.0476,0.0476,-0.2516,-0.2516,0.0000
1791000733.6350,0.0200,0.0914,0.0000,0.0000,0.0000,0.0000,0.0000,0.0000,0.0000,0.0000,0.0000,0.0000,0.0476,0.0476,-0.2516,-0.2516,0.0000
1791000733.6551,0.0201,0.0943,0.0000,0.0000,0.0000,0.0000,0.0000,0.0000,0.0000,0.0000,0.0000,0.0000,0.0476,0.0476,-0.2516,-0.2516,0.0000
1791000733.6750,0.0199,0.0941,0.0000,0.0000,0.0000,0.0000,0.0000,0.0000,0.0000,0.0000,0.0000,0.0000,0.0476,0.0476,-0.2516,-0.2516,0.0000
1791000733.6950,0.0200,0.0928,0.0000,0.0000,0.0000,0.0000,0.0000,0.0000,0.0000,0.0000,0.0000,0.0000,0.0476,0.0476,-0.2516,-0.2516,0.0000
1791000733.7150,0.0200,0.0943,0.0000,0.0000,0.0000,0.0000,0.0000,0.0000,0.0000,0.0000,0.0000,0.0000,0.0476,0.0476,-0.2516,-0.2516,0.0000
1791000733.7350,0.0200,0.0988,0.0000,0.0000,0.0000,0.0000,0.0000,0.0000,0.0000,-0.0015,0.0000,0.0000,0.0476,0.0476,-0.2516,-0.2516,0.0000
1791000733.7551,0.0201,0.0818,0.0000,0.0000,0.0000,0.0000,0.0000,0.0000,0.0000,0.0015,0.0000,0.0000,0.0476,0.0476,-0.2516,-0.2516,0.0000
1791000733.7751,0.0200,0.0824,0.0000,0.0000,0.0000,0.0000,0.0000,0.0000,0.0000,-0.0015,0.0000,0.0000,0.0476,0.0476,-0.2516,-0.2516,0.0000
1791000733.7950,0.0199,0.1066,0.0000,0.0000,0.0000,0.0000,0.0000,0.0000,0.0000,0.0015,0.0000,0.0000,0.0476,0.0476,-0.2516,-0.2516,0.0000
1791000733.8151,0.0201,0.0983,0.0000,0.0000,0.0000,0.0000,0.0000,0.0000,0.0000,0.0000,0.0000,0.0000,0.0476,0.0476,-0.2516,-0.2516,0.0000
1791000733.8352,0.0200,0.0977,0.0000,0.0000,0.0000,0.0000,0.0000,0.0000,0.0000,0.0000,0.0000,0.0000,0.0476,0.0476,-0.2516,-0.2516,0.0000
1791000733.8551,0.0200,0.0962,0.0000,0.0000,0.0000,0.0000,0.0000,0.0000,0.0000,0.0000,0.0000,0.0000,0.0476,0.0476,-0.2516,-0.2516,0.0000
1791000733.8752,0.0200,0.0965,0.0000,0.0000,0.0000,0.0000,0.0000,0.0000,0.0000,0.0000,0.0000,0.0000,0.0476,0.0476,-0.2516,-0.2516,0.0000
1791000733.8951,0.0200,0.0968,0.0000,0.0000,0.0000,0.0000,0.0000,0.0000,0.0000,0.0000,0.0000,0.0000,0.0476,0.0476,-0.2516,-0.2516,0.0000
1791000733.9151,0.0200,0.0968,0.0000,0.0000,0.0000,0.0000,0.0000,0.0000,0.0000,0.0000,0.0000,0.0000,0.0476,0.0476,-0.2516,-0.2516,0.0000
1791000733.9351,0.0200,0.0962,0.0000,0.0000,0.0000,0.0000,0.0000,0.0000,0.0000,0.0000,0.0000,0.0000,0.0476,0.0476,-0.2516,-0.2516,0.0000
1791000733.9551,0.0200,0.0977,0.0000,0.0000,0.0000,0.0000,0.0000,0.0000,0.0000,0.0000,0.0000,0.0000,0.0476,0.0476,-0.2516,-0.2516,0.0000
1791000733.9750,0.0199,0.1227,0.0000,0.0000,0.0000,0.0000,0.0000,0.0000,0.0000,0.0000,0.0000,0.0000,0.0476,0.0476,-0.2516,-0.2531,0.0000
1791000733.9950,0.0200,0.1127,0.0000,0.0000,0.0000,0.0000,0.0000,0.0000,0.0000,0.0000,0.0000,0.0000,0.0476,0.0476,-0.2516,-0.2516,0.0000
1791000734.0151,0.0201,0.0768,0.0000,0.0000,0.0000,0.0000,0.0000,0.0000,0.0000,-0.0015,0.0000,0.0000,0.0476,0.0476,-0.2516,-0.2516,0.0000
1791000734.0351,0.0200,0.0772,0.0000,0.0000,0.0000,0.0000,0.0000,0.0000,0.0000,0.0015,0.0000,0.0000,0.0476,0.0476,-0.2516,-0.2516,0.0000
1791000734.0551,0.0200,0.0792,0.0000,0.0000,0.0000,0.0000,0.0000,0.0000,0.0000,0.0000,0.0000,0.0000,0.0476,0.0476,-0.2516,-0.2516,0.0000
1791000734.0751,0.0200,0.0781,0.0000,0.0000,0.0000,0.0000,0.0000,0.0000,0.0000,0.0000,0.0000,0.0000,0.0476,0.0476,-0.2516,-0.2516,0.0000
1791000734.0951,0.0200,0.0862,0.0000,0.0000,0.0000,0.0000,0.0000,0.0000,0.0000,-0.0015,0.0000,0.0000,0.0476,0.0476,-0.2516,-0.2516,0.0000
1791000734.1151,0.0200,0.0836,0.0000,0.0000,0.0000,0.0000,0.0000,0.0000,0.0000,0.0000,0.0000,0.0000,0.0476,0.0476,-0.2516,-0.2516,0.0000
1791000734.1351,0.0200,0.0789,0.0000,0.0000,0.0000,0.0000,0.0000,0.0000,0.0000,0.0015,0.0000,0.0000,0.0476,0.0476,-0.2516,-0.2516,0.0000
1791000734.1551,0.0200,0.0790,0.0000,0.0000,0.0000,0.0000,0.0000,0.0000,0.0000,-0.0015,0.0000,0.0000,0.0476,0.0476,-0.2516,-0.2516,0.0000
1791000734.1751,0.0200,0.0774,0.0000,0.0000,0.0000,0.0000,0.0000,0.0000,0.0000,0.0015,0.0000,0.0000,0.0476,0.0476,-0.2516,-0.2516,0.0000
1791000734.1951,0.0200,0.1360,0.0000,0.0000,0.0000,0.0000,0.0000,0.0000,0.0000,0.0000,0.0000,0.0000,0.0476,0.0476,-0.2516,-0.2516,0.0000
1791000734.2151,0.0200,0.1320,0.0000,0.0000,0.0000,0.0000,0.0000,0.0000,0.0000,0.0000,0.0000,0.0000,0.0476,0.0476,-0.2516,-0.2516,0.0000
1791000734.2351,0.0200,0.1311,0.0000,0.0000,0.0000,0.0000,0.0000,0.0000,0.0000,0.0000,0.0000,0.0000,0.0476,0.0506,-0.2516,-0.2516,0.0000
1791000734.2552,0.0200,0.3238,0.0000,0.0000,0.0000,0.0000,0.0000,0.0000,0.0000,-0.0015,0.0000,0.0000,0.0476,0.0476,-0.2516,-0.2516,0.0000
1791000734.2752,0.0200,0.0933,0.0000,0.0000,0.0000,0.0000,0.0000,0.0000,0.0000,0.0015,0.0000,0.0000,0.0476,0.0476,-0.2516,-0.2516,0.0000
1791000734.2952,0.0200,0.1008,0.0000,0.0000,0.0000,0.0000,0.0000,0.0000,0.0000,-0.0015,0.0000,0.0000,0.0476,0.0476,-0.2516,-0.2516,0.0000
1791000734.3152,0.0200,0.0991,0.0000,0.0000,0.0000,0.0000,0.0000,0.0000,0.0000,0.0015,0.0000,0.0000,0.0476,0.0476,-0.2516,-0.2516,0.0000
1791000734.3351,0.0200,0.1245,0.0000,0.0000,0.0000,0.0000,0.0000,0.0000,0.0000,-0.0015,0.0000,0.0000,0.0476,0.0476,-0.2516,-0.2516,0.0000
1791000734.3552,0.0200,0.1001,0.0000,0.0000,0.0000,0.0000,0.0000,0.0000,0.0000,0.0015,0.0000,0.0000,0.0476,0.0476,-0.2516,-0.2516,0.0000
1791000734.3752,0.0200,0.0955,0.0000,0.0000,0.0000,0.0000,0.0000,0.0000,0.0000,0.0000,0.0000,0.0000,0.0476,0.0476,-0.2516,-0.2516,0.0000
1791000734.3952,0.0200,0.1246,0.0000,0.0000,0.0000,0.0000,0.0000,0.0000,0.0000,0.0000,0.0000,0.0000,0.0476,0.0476,-0.2516,-0.2516,0.0000
1791000734.4152,0.0200,0.1032,0.0000,0.0000,0.0000,0.0000,0.0000,0.0000,0.0000,-0.0015,0.0000,0.0000,0.0476,0.0476,-0.2516,-0.2516,0.0000
1791000734.4351,0.0200,0.0986,0.0000,0.0000,0.0000,0.0000,0.0000,0.0000,0.0000,0.0015,0.0000,0.0000,0.0476,0.0476,-0.2516,-0.2516,0.0000
1791000734.4551,0.0200,0.1036,0.0000,0.0000,0.0000,0.0000,0.0000,0.0000,0.0000,0.0000,0.0000,0.0000,0.0476,0.0476,-0.2516,-0.2516,0.0000
1791000734.4752,0.0200,0.1001,0.0000,0.0000,0.0000,0.0000,0.0000,0.0000,0.0000,-0.0015,0.0000,0.0000,0.0476,0.0476,-0.2516,-0.2516,0.0000
1791000734.4951,0.0200,0.0980,0.0000,0.0000,0.0000,0.0000,0.0000,0.0000,0.0000,0.0015,0.0000,0.0000,0.0476,0.0476,-0.2516,-0.2516,0.0000
1791000734.5152,0.0200,0.0988,0.0000,0.0000,0.0000,0.0000,0.0000,0.0000,0.0000,0.0000,0.0000,0.0000,0.0476,0.0476,-0.2516,-0.2516,0.0000
1791000734.5352,0.0200,0.1007,0.0000,0.0000,0.0000,0.0000,0.0000,0.0000,0.0000,-0.0015,0.0000,0.0000,0.0476,0.0476,-0.2516,-0.2516,0.0000
1791000734.5552,0.0200,0.0984,0.0000,0.0000,0.0000,0.0000,0.0000,0.0000,0.0000,0.0015,0.0000,0.0000,0.0476,0.0476,-0.2516,-0.2516,0.0000
1791000734.5752,0.0200,0.0992,0.0000,0.0000,0.0000,0.0000,0.0000,0.0000,0.0000,-0.0015,0.0000,0.0000,0.0476,0.0476,-0.2516,-0.2516,0.0000
1791000734.5951,0.0199,0.1009,0.0000,0.0000,0.0000,0.0000,0.0000,0.0000,0.0000,0.0000,0.0000,0.0000,0.0476,0.0476,-0.2516,-0.2516,0.0000
1791000734.6152,0.0200,0.1141,0.0000,0.0000,0.0000,0.0000,0.0000,0.0000,0.0000,0.0000,0.0000,0.0000,0.0476,0.0476,-0.2516,-0.2516,0.0000
1791000734.6352,0.0200,0.0991,0.0000,0.0000,0.0000,0.0000,0.0000,0.0000,0.0000,0.0015,0.0000,0.0000,0.0476,0.0476,-0.2516,-0.2516,0.0000
1791000734.6552,0.0200,0.0968,0.0000,0.0000,0.0000,0.0000,0.0000,0.0000,0.0000,0.0000,0.0000,0.0000,0.0476,0.0476,-0.2516,-0.2516,0.0000
1791000734.6752,0.0200,0.0979,0.0000,0.0000,0.0000,0.0000,0.0000,0.0000,0.0000,-0.0015,0.0000,0.0000,0.0476,0.0476,-0.2516,-0.2516,0.0000
1791000734.6952,0.0200,0.1207,0.0000,0.0000,0.0000,0.0000,0.0000,0.0000,0.0000,0.0015,0.0000,0.0000,0.0476,0.0476,-0.2516,-0.2516,0.0000
1791000734.7152,0.0200,0.1010,0.0000,0.0000,0.0000,0.0000,0.0000,0.0000,0.0000,0.0000,0.0000,0.0000,0.0476,0.0476,-0.2516,-0.2516,0.0000
1791000734.7351,0.0200,0.0973,0.0000,0.0000,0.0000,0.0000,0.0000,0.0000,0.0000,0.0000,0.0000,0.0000,0.0476,0.0476,-0.2516,-0.2516,0.0000
1791000734.7552,0.0200,0.0988,0.0000,0.0000,0.0000,0.0000,0.0000,0.0000,0.0000,-0.0015,0.0000,0.0000,0.0476,0.0476,-0.2516,-0.2516,0.0000
1791000734.7752,0.0200,0.0940,0.0000,0.0000,0.0000,0.0000,0.0000,0.0000,0.0000,0.0000,0.0000,0.0000,0.0476,0.0476,-0.2516,-0.2516,0.0000
1791000734.7952,0.0200,0.0965,0.0000,0.0000,0.0000,0.0000,0.0000,0.0000,0.0000,0.0015,0.0000,0.0000,0.0476,0.0476,-0.2516,-0.2516,0.0000
1791000734.8151,0.0200,0.1604,0.0000,0.0000,0.0000,0.0000,0.0000,0.0000,0.0000,-0.0015,0.0000,0.0000,0.0476,0.0476,-0.2516,-0.2516,0.0000
1791000734.8352,0.0200,0.0981,0.0000,0.0000,0.0000,0.0000,0.0000,0.0000,0.0000,0.0015,0.0000,0.0000,0.0476,0.0476,-0.2516,-0.2516,0.0000
1791000734.8551,0.0200,0.0932,0.0000,0.0000,0.0000,0.0000,0.0000,0.0000,0.0000,0.0000,0.0000,0.0000,0.0476,0.0476,-0.2516,-0.2516,0.0000
1791000734.8751,0.0200,0.0944,0.0000,0.0000,0.0000,0.0000,0.0000,0.0000,0.0000,0.0000,0.0000,0.0000,0.0476,0.0476,-0.2516,-0.2516,0.0000
1791000734.8951,0.0200,0.0937,0.0000,0.0000,0.0000,0.0000,0.0000,0.0000,0.0000,0.0000,0.0000,0.0000,0.0476,0.0476,-0.2516,-0.2516,0.0000
1791000734.9152,0.0200,0.0941,0.0000,0.0000,0.0000,0.0000,0.0000,0.0000,0.0000,0.0000,0.0000,0.0000,0.0476,0.0476,-0.2516,-0.2516,0.0000
1791000734.9351,0.0200,0.1243,0.0000,0.0000,0.0000,0.0000,0.0000,0.0000,0.0000,-0.0015,0.0000,0.0000,0.0476,0.0476,-0.2516,-0.2531,0.0000
1791000734.9551,0.0200,0.0925,0.0000,0.0000,0.0000,0.0000,0.0000,0.0000,0.0000,0.0015,0.0000,0.0000,0.0476,0.0476,-0.2516,-0.2516,0.0000
1791000734.9752,0.0201,0.0940,0.0000,0.0000,0.0000,0.0000,0.0000,0.0000,0.0000,0.0000,0.0000,0.0000,0.0476,0.0476,-0.2516,-0.2516,0.0000
1791000734.9952,0.0200,0.0928,0.0000,0.0000,0.0000,0.0000,0.0000,0.0000,0.0000,-0.0015,0.0000,0.0000,0.0476,0.0476,-0.2516,-0.2516,0.0000
1791000735.0151,0.0199,0.0898,0.0000,0.0000,0.0000,0.0000,0.0000,0.0000,0.0000,0.0000,0.0000,0.0000,0.0476,0.0476,-0.2516,-0.2516,0.0000
1791000735.0352,0.0201,0.1010,0.0000,0.0000,0.0000,0.0000,0.0000,0.0000,0.0000,0.0000,0.0000,0.0000,0.0476,0.0476,-0.2516,-0.2516,0.0000
1791000735.0552,0.0200,0.1196,0.0000,0.0000,0.0000,0.0000,0.0000,0.0000,0.0000,0.0000,0.0000,0.0000,0.0476,0.0476,-0.2516,-0.2516,0.0000
1791000735.0752,0.0200,0.0967,0.0000,0.0000,0.0000,0.0000,0.0000,0.0000,0.0000,0.0015,0.0000,0.0000,0.0476,0.0476,-0.2516,-0.2516,0.0000
1791000735.0952,0.0200,0.0949,0.0000,0.0000,0.0000,0.0000,0.0000,0.0000,0.0000,-0.0015,0.0000,0.0000,0.0476,0.0476,-0.2516,-0.2516,0.0000
1791000735.1152,0.0200,0.0899,0.0000,0.0000,0.0000,0.0000,0.0000,0.0000,0.0000,0.0015,0.0000,0.0000,0.0476,0.0476,-0.2516,-0.2516,0.0000
1791000735.1351,0.0199,0.0903,0.0000,0.0000,0.0000,0.0000,0.0000,0.0000,0.0000,0.0000,0.0000,0.0000,0.0476,0.0476,-0.2516,-0.2516,0.0000
1791000735.1551,0.0200,0.0898,0.0000,0.0000,0.0000,0.0000,0.0000,0.0000,0.0000,-0.0015,0.0000,0.0000,0.0476,0.0476,-0.2516,-0.2516,0.0000
1791000735.1752,0.0201,0.1223,0.0000,0.0000,0.0000,0.0000,0.0000,0.0000,0.0000,0.0000,0.0000,0.0000,0.0476,0.0476,-0.2516,-0.2516,0.0000
1791000735.1952,0.0200,0.0983,0.0000,0.0000,0.0000,0.0000,0.0000,0.0000,0.0000,0.0015,0.0000,0.0000,0.0476,0.0476,-0.2516,-0.2516,0.0000
1791000735.2151,0.0200,0.1175,0.0000,0.0000,0.0000,0.0000,0.0000,0.0000,0.0000,0.0000,0.0000,0.0000,0.0476,0.0476,-0.2516,-0.2516,0.0000
1791000735.2352,0.0200,0.1456,0.0000,0.0000,0.0000,0.0000,0.0000,0.0000,0.0000,-0.0015,0.0000,0.0000,0.0476,0.0476,-0.2516,-0.2516,0.0000
1791000735.2550,0.0199,0.2827,0.0000,0.0000,0.0000,0.0000,0.0000,0.0000,0.0000,0.0015,0.0000,0.0000,0.0476,0.0476,-0.2516,-0.2516,0.0000
1791000735.2750,0.0200,0.3305,0.0000,0.0000,0.0000,0.0000,0.0000,0.0000,0.0000,0.0000,0.0000,0.0000,0.0476,0.0476,-0.2516,-0.2516,0.0000
1791000735.2952,0.0201,0.1173,0.0000,0.0000,0.0000,0.0000,0.0000,0.0000,0.0000,0.0000,0.0000,0.0000,0.0476,0.0476,-0.2516,-0.2516,0.0000
1791000735.3150,0.0199,0.1032,0.0000,0.0000,0.0000,0.0000,0.0000,0.0000,0.0000,-0.0015,0.0000,0.0000,0.0476,0.0476,-0.2516,-0.2516,0.0000
1791000735.3350,0.0200,0.0978,0.0000,0.0000,0.0000,0.0000,0.0000,0.0000,0.0000,0.0015,0.0000,0.0000,0.0476,0.0476,-0.2516,-0.2516,0.0000
1791000735.3550,0.0200,0.1069,0.0000,0.0000,0.0000,0.0000,0.0000,0.0000,0.0000,0.0000,0.0000,0.0000,0.0476,0.0476,-0.2516,-0.2516,0.0000
1791000735.3751,0.0201,0.0969,0.0000,0.0000,0.0000,0.0000,0.0000,0.0000,0.0000,0.0000,0.0000,0.0000,0.0476,0.0476,-0.2516,-0.2516,0.0000
1791000735.3950,0.0199,0.1318,0.0000,0.0000,0.0000,0.0000,0.0000,0.0000,0.0000,0.0000,0.0000,0.0000,0.0476,0.0476,-0.2516,-0.2516,0.0000
1791000735.4151,0.0200,0.1384,0.0000,0.0000,0.0000,0.0000,0.0000,0.0000,0.0000,0.0000,0.0000,0.0000,0.0476,0.0476,-0.2516,-0.2516,0.0000
1791000735.4352,0.0202,0.1337,0.0000,0.0000,0.0000,0.0000,0.0000,0.0000,0.0000,0.0000,0.0000,0.0000,0.0476,0.0476,-0.2516,-0.2516,0.0000
1791000735.4550,0.0198,0.1077,0.0000,0.0000,0.0000,0.0000,0.0000,0.0000,0.0000,0.0000,0.0000,0.0000,0.0476,0.0476,-0.2516,-0.2516,0.0000
1791000735.4750,0.0200,0.1116,0.0000,0.0000,0.0000,0.0000,0.0000,0.0000,0.0000,-0.0015,0.0000,0.0000,0.0476,0.0476,-0.2516,-0.2516,0.0000
1791000735.4950,0.0200,0.0556,0.0000,0.0000,0.0000,0.0000,0.0000,0.0000,0.0000,0.0000,0.0000,0.0000,0.0476,0.0476,-0.2516,-0.2516,0.0000
1791000735.5151,0.0201,0.1096,0.0000,0.0000,0.0000,0.0000,0.0000,0.0000,0.0000,0.0000,0.0000,0.0000,0.0476,0.0476,-0.2516,-0.2516,0.0000
1791000735.5352,0.0200,0.1396,0.0000,0.0000,0.0000,0.0000,0.0000,0.0000,0.0000,0.0015,0.0000,0.0000,0.0476,0.0506,-0.2516,-0.2516,0.0000
1791000735.5551,0.0200,0.1284,0.0000,0.0000,0.0000,0.0000,0.0000,0.0000,0.0000,0.0000,0.0000,0.0000,0.0476,0.0476,-0.2516,-0.2516,0.0000
1791000735.5752,0.0200,0.0997,0.0000,0.0000,0.0000,0.0000,0.0000,0.0000,0.0000,-0.0015,0.0000,0.0000,0.0476,0.0476,-0.2516,-0.2516,0.0000
1791000735.5952,0.0201,0.1204,0.0000,0.0000,0.0000,0.0000,0.0000,0.0000,0.0000,0.0000,0.0000,0.0000,0.0476,0.0476,-0.2516,-0.2516,0.0000
1791000735.6152,0.0199,0.0950,0.0000,0.0000,0.0000,0.0000,0.0000,0.0000,0.0000,0.0000,0.0000,0.0000,0.0476,0.0476,-0.2516,-0.2516,0.0000
1791000735.6352,0.0200,0.1032,0.0000,0.0000,0.0000,0.0000,0.0000,0.0000,0.0000,0.0000,0.0000,0.0000,0.0476,0.0476,-0.2516,-0.2516,0.0000
1791000735.6551,0.0200,0.1590,0.0000,0.0000,0.0000,0.0000,0.0000,0.0000,0.0000,0.0015,0.0000,0.0000,0.0476,0.0476,-0.2516,-0.2516,0.0000
1791000735.6751,0.0200,0.1045,0.0000,0.0000,0.0000,0.0000,0.0000,0.0000,0.0000,0.0000,0.0000,0.0000,0.0476,0.0476,-0.2516,-0.2516,0.0000
1791000735.6951,0.0199,0.1313,0.0000,0.0000,0.0000,0.0000,0.0000,0.0000,0.0000,-0.0015,0.0000,0.0000,0.0476,0.0476,-0.2516,-0.2516,0.0000
1791000735.7151,0.0201,0.0992,0.0000,0.0000,0.0000,0.0000,0.0000,0.0000,0.0000,0.0015,0.0000,0.0000,0.0476,0.0476,-0.2516,-0.2516,0.0000
1791000735.7351,0.0200,0.0952,0.0000,0.0000,0.0000,0.0000,0.0000,0.0000,0.0000,0.0000,0.0000,0.0000,0.0476,0.0476,-0.2516,-0.2516,0.0000
1791000735.7551,0.0200,0.0955,0.0000,0.0000,0.0000,0.0000,0.0000,0.0000,0.0000,0.0000,0.0000,0.0000,0.0476,0.0476,-0.2516,-0.2516,0.0000
1791000735.7752,0.0200,0.1155,0.0000,0.0000,0.0000,0.0000,0.0000,0.0000,0.0000,0.0000,0.0000,0.0000,0.0476,0.0476,-0.2516,-0.2516,0.0000
1791000735.7951,0.0200,0.1016,0.0000,0.0000,0.0000,0.0000,0.0000,0.0000,0.0000,0.0000,0.0000,0.0000,0.0476,0.0476,-0.2516,-0.2516,0.0000
1791000735.8151,0.0200,0.0919,0.0000,0.0000,0.0000,0.0000,0.0000,0.0000,0.0000,-0.0015,0.0000,0.0000,0.0476,0.0476,-0.2516,-0.2516,0.0000
1791000735.8351,0.0200,0.0929,0.0000,0.0000,0.0000,0.0000,0.0000,0.0000,0.0000,0.0015,0.0000,0.0000,0.0476,0.0476,-0.2516,-0.2516,0.0000
1791000735.8551,0.0200,0.1051,0.0000,0.0000,0.0000,0.0000,0.0000,0.0000,0.0000,0.0000,0.0000,0.0000,0.0476,0.0506,-0.2516,-0.2516,0.0000
1791000735.8752,0.0200,0.0947,0.0000,0.0000,0.0000,0.0000,0.0000,0.0000,0.0000,0.0000,0.0000,0.0000,0.0476,0.0476,-0.2516,-0.2516,0.0000
1791000735.8952,0.0200,0.1099,0.0000,0.0000,0.0000,0.0000,0.0000,0.0000,0.0000,0.0000,0.0000,0.0000,0.0476,0.0476,-0.2516,-0.2516,0.0000
1791000735.9152,0.0200,0.1050,0.0000,0.0000,0.0000,0.0000,0.0000,0.0000,0.0000,-0.0015,0.0000,0.0000,0.0476,0.0476,-0.2516,-0.2516,0.0000
1791000735.9351,0.0200,0.1017,0.0000,0.0000,0.0000,0.0000,0.0000,0.0000,0.0000,0.0015,0.0000,0.0000,0.0476,0.0476,-0.2516,-0.2516,0.0000
1791000735.9550,0.0199,0.0979,0.0000,0.0000,0.0000,0.0000,0.0000,0.0000,0.0000,-0.0015,0.0000,0.0000,0.0476,0.0476,-0.2516,-0.2516,0.0000
1791000735.9751,0.0201,0.0944,0.0000,0.0000,0.0000,0.0000,0.0000,0.0000,0.0000,0.0015,0.0000,0.0000,0.0476,0.0476,-0.2516,-0.2516,0.0000
1791000735.9951,0.0200,0.0956,0.0000,0.0000,0.0000,0.0000,0.0000,0.0000,0.0000,0.0000,0.0000,0.0000,0.0476,0.0476,-0.2516,-0.2516,0.0000
1791000736.0152,0.0200,0.0948,0.0000,0.0000,0.0000,0.0000,0.0000,0.0000,0.0000,0.0000,0.0000,0.0000,0.0476,0.0476,-0.2516,-0.2516,0.0000
1791000736.0351,0.0200,0.0941,0.0000,0.0000,0.0000,0.0000,0.0000,0.0000,0.0000,0.0000,0.0000,0.0000,0.0476,0.0476,-0.2516,-0.2516,0.0000
1791000736.0550,0.0199,0.1032,0.0000,0.0000,0.0000,0.0000,0.0000,0.0000,0.0000,-0.0015,0.0000,0.0000,0.0476,0.0476,-0.2516,-0.2516,0.0000
1791000736.0752,0.0201,0.1085,0.0000,0.0000,0.0000,0.0000,0.0000,0.0000,0.0000,0.0015,0.0000,0.0000,0.0476,0.0476,-0.2516,-0.2516,0.0000
1791000736.0952,0.0200,0.0939,0.0000,0.0000,0.0000,0.0000,0.0000,0.0000,0.0000,-0.0015,0.0000,0.0000,0.0476,0.0476,-0.2516,-0.2516,0.0000
1791000736.1152,0.0200,0.0951,0.0000,0.0000,0.0000,0.0000,0.0000,0.0000,0.0000,0.0015,0.0000,0.0000,0.0476,0.0476,-0.2516,-0.2516,0.0000
1791000736.1352,0.0200,0.1112,0.0000,0.0000,0.0000,0.0000,0.0000,0.0000,0.0000,-0.0015,0.0000,0.0000,0.0476,0.0476,-0.2516,-0.2516,0.0000
1791000736.1551,0.0199,0.0997,0.0000,0.0000,0.0000,0.0000,0.0000,0.0000,0.0000,0.0000,0.0000,0.0000,0.0476,0.0476,-0.2516,-0.2516,0.0000
1791000736.1751,0.0200,0.0962,0.0000,0.0000,0.0000,0.0000,0.0000,0.0000,0.0000,0.0015,0.0000,0.0000,0.0476,0.0476,-0.2516,-0.2516,0.0000
1791000736.1952,0.0201,0.1024,0.0000,0.0000,0.0000,0.0000,0.0000,0.0000,0.0000,-0.0015,0.0000,0.0000,0.0476,0.0476,-0.2516,-0.2516,0.0000
1791000736.2152,0.0200,0.0969,0.0000,0.0000,0.0000,0.0000,0.0000,0.0000,0.0000,0.0015,0.0000,0.0000,0.0476,0.0476,-0.2516,-0.2516,0.0000
1791000736.2352,0.0200,0.0993,0.0000,0.0000,0.0000,0.0000,0.0000,0.0000,0.0000,0.0000,0.0000,0.0000,0.0476,0.0476,-0.2516,-0.2516,0.0000
1791000736.2551,0.0200,0.1427,0.0000,0.0000,0.0000,0.0000,0.0000,0.0000,0.0000,-0.0015,0.0000,0.0000,0.0476,0.0476,-0.2516,-0.2516,0.0000
1791000736.2751,0.0200,0.1131,0.0000,0.0000,0.0000,0.0000,0.0000,0.0000,0.0000,0.0015,0.0000,0.0000,0.0476,0.0476,-0.2516,-0.2516,0.0000
1791000736.2951,0.0200,0.0998,0.0000,0.0000,0.0000,0.0000,0.0000,0.0000,0.0000,-0.0015,0.0000,0.0000,0.0476,0.0476,-0.2516,-0.2516,0.0000
1791000736.3151,0.0200,0.0957,0.0000,0.0000,0.0000,0.0000,0.0000,0.0000,0.0000,0.0000,0.0000,0.0000,0.0476,0.0476,-0.2516,-0.2516,0.0000
1791000736.3351,0.0200,0.0967,0.0000,0.0000,0.0000,0.0000,0.0000,0.0000,0.0000,0.0000,0.0000,0.0000,0.0476,0.0476,-0.2516,-0.2516,0.0000
1791000736.3551,0.0200,0.0951,0.0000,0.0000,0.0000,0.0000,0.0000,0.0000,0.0000,0.0015,0.0000,0.0000,0.0476,0.0476,-0.2516,-0.2531,0.0000
1791000736.3752,0.0201,0.1185,0.0000,0.0000,0.0000,0.0000,0.0000,0.0000,0.0000,0.0000,0.0000,0.0000,0.0476,0.0476,-0.2516,-0.2516,0.0000
1791000736.3951,0.0200,0.0989,0.0000,0.0000,0.0000,0.0000,0.0000,0.0000,0.0000,0.0000,0.0000,0.0000,0.0476,0.0476,-0.2516,-0.2516,0.0000
1791000736.4151,0.0200,0.0990,0.0000,0.0000,0.0000,0.0000,0.0000,0.0000,0.0000,0.0000,0.0000,0.0000,0.0476,0.0476,-0.2516,-0.2516,0.0000
1791000736.4352,0.0200,0.0976,0.0000,0.0000,0.0000,0.0000,0.0000,0.0000,0.0000,-0.0015,0.0000,0.0000,0.0476,0.0476,-0.2516,-0.2516,0.0000
1791000736.4551,0.0200,0.0942,0.0000,0.0000,0.0000,0.0000,0.0000,0.0000,0.0000,0.0015,0.0000,0.0000,0.0476,0.0476,-0.2516,-0.2516,0.0000
1791000736.4752,0.0200,0.0925,0.0000,0.0000,0.0000,0.0000,0.0000,0.0000,0.0000,0.0000,0.0000,0.0000,0.0476,0.0476,-0.2516,-0.2516,0.0000
1791000736.4951,0.0200,0.1236,0.0000,0.0000,0.0000,0.0000,0.0000,0.0000,0.0000,-0.0015,0.0000,0.0000,0.0476,0.0476,-0.2516,-0.2516,0.0000
1791000736.5152,0.0200,0.0983,0.0000,0.0000,0.0000,0.0000,0.0000,0.0000,0.0000,0.0000,0.0000,0.0000,0.0476,0.0476,-0.2516,-0.2516,0.0000
1791000736.5350,0.0199,0.0932,0.0000,0.0000,0.0000,0.0000,0.0000,0.0000,0.0000,0.0015,0.0000,0.0000,0.0476,0.0476,-0.2516,-0.2516,0.0000
1791000736.5551,0.0201,0.0940,0.0000,0.0000,0.0000,0.0000,0.0000,0.0000,0.0000,-0.0015,0.0000,0.0000,0.0476,0.0476,-0.2516,-0.2516,0.0000
1791000736.5751,0.0200,0.0944,0.0000,0.0000,0.0000,0.0000,0.0000,0.0000,0.0000,0.0000,0.0000,0.0000,0.0476,0.0476,-0.2516,-0.2516,0.0000
1791000736.5951,0.0200,0.0955,0.0000,0.0000,0.0000,0.0000,0.0000,0.0000,0.0000,0.0000,0.0000,0.0000,0.0476,0.0476,-0.2516,-0.2516,0.0000
1791000736.6151,0.0200,0.1221,0.0000,0.0000,0.0000,0.0000,0.0000,0.0000,0.0000,0.0015,0.0000,0.0000,0.0476,0.0476,-0.2516,-0.2516,0.0000
1791000736.6351,0.0200,0.1024,0.0000,0.0000,0.0000,0.0000,0.0000,0.0000,0.0000,0.0000,0.0000,0.0000,0.0476,0.0476,-0.2516,-0.2516,0.0000
1791000736.6551,0.0200,0.0948,0.0000,0.0000,0.0000,0.0000,0.0000,0.0000,0.0000,0.0000,0.0000,0.0000,0.0476,0.0476,-0.2516,-0.2516,0.0000
1791000736.6753,0.0201,0.0961,0.0000,0.0000,0.0000,0.0000,0.0000,0.0000,0.0000,-0.0015,0.0000,0.0000,0.0476,0.0476,-0.2516,-0.2516,0.0000
1791000736.6952,0.0199,0.1305,0.0000,0.0000,0.0000,0.0000,0.0000,0.0000,0.0000,0.0000,0.0000,0.0000,0.0476,0.0476,-0.2516,-0.2516,0.0000
1791000736.7151,0.0199,0.0959,0.0000,0.0000,0.0000,0.0000,0.0000,0.0000,0.0000,0.0015,0.0000,0.0000,0.0476,0.0476,-0.2516,-0.2516,0.0000
1791000736.7351,0.0200,0.0950,0.0000,0.0000,0.0000,0.0000,0.0000,0.0000,0.0000,0.0000,0.0000,0.0000,0.0476,0.0476,-0.2516,-0.2516,0.0000
1791000736.7552,0.0201,0.0936,0.0000,0.0000,0.0000,0.0000,0.0000,0.0000,0.0000,0.0000,0.0000,0.0000,0.0476,0.0476,-0.2516,-0.2516,0.0000
1791000736.7751,0.0199,0.0942,0.0000,0.0000,0.0000,0.0000,0.0000,0.0000,0.0000,-0.0015,0.0000,0.0000,0.0476,0.0476,-0.2516,-0.2516,0.0000
1791000736.7951,0.0200,0.0937,0.0000,0.0000,0.0000,0.0000,0.0000,0.0000,0.0000,0.0015,0.0000,0.0000,0.0476,0.0476,-0.2516,-0.2516,0.0000
1791000736.8151,0.0200,0.0944,0.0000,0.0000,0.0000,0.0000,0.0000,0.0000,0.0000,0.0000,0.0000,0.0000,0.0476,0.0476,-0.2516,-0.2516,0.0000
1791000736.8351,0.0200,0.0947,0.0000,0.0000,0.0000,0.0000,0.0000,0.0000,0.0000,0.0000,0.0000,0.0000,0.0476,0.0476,-0.2516,-0.2516,0.0000
1791000736.8551,0.0200,0.1489,0.0000,0.0000,0.0000,0.0000,0.0000,0.0000,0.0000,0.0000,0.0000,0.0000,0.0476,0.0476,-0.2516,-0.2516,0.0000
1791000736.8751,0.0200,0.0971,0.0000,0.0000,0.0000,0.0000,0.0000,0.0000,0.0000,-0.0015,0.0000,0.0000,0.0476,0.0476,-0.2516,-0.2516,0.0000
1791000736.8952,0.0201,0.1121,0.0000,0.0000,0.0000,0.0000,0.0000,0.0000,0.0000,0.0015,0.0000,0.0000,0.0476,0.0476,-0.2516,-0.2516,0.0000
1791000736.9151,0.0199,0.0929,0.0000,0.0000,0.0000,0.0000,0.0000,0.0000,0.0000,-0.0015,0.0000,0.0000,0.0476,0.0476,-0.2516,-0.2516,0.0000
1791000736.9351,0.0200,0.0915,0.0000,0.0000,0.0000,0.0000,0.0000,0.0000,0.0000,0.0015,0.0000,0.0000,0.0476,0.0476,-0.2516,-0.2516,0.0000
1791000736.9551,0.0200,0.0918,0.0000,0.0000,0.0000,0.0000,0.0000,0.0000,0.0000,0.0000,0.0000,0.0000,0.0476,0.0476,-0.2516,-0.2516,0.0000
1791000736.9750,0.0199,0.0998,0.0000,0.0000,0.0000,0.0000,0.0000,0.0000,0.0000,-0.0015,0.0000,0.0000,0.0476,0.0476,-0.2516,-0.2516,0.0000
1791000736.9952,0.0201,0.0992,0.0000,0.0000,0.0000,0.0000,0.0000,0.0000,0.0000,0.0000,0.0000,0.0000,0.0476,0.0476,-0.2516,-0.2516,0.0000
1791000737.0151,0.0200,0.0901,0.0000,0.0000,0.0000,0.0000,0.0000,0.0000,0.0000,0.0000,0.0000,0.0000,0.0476,0.0476,-0.2516,-0.2516,0.0000
1791000737.0351,0.0200,0.0918,0.0000,0.0000,0.0000,0.0000,0.0000,0.0000,0.0000,0.0015,0.0000,0.0000,0.0476,0.0476,-0.2516,-0.2516,0.0000
1791000737.0550,0.0199,0.0912,0.0000,0.0000,0.0000,0.0000,0.0000,0.0000,0.0000,0.0000,0.0000,0.0000,0.0476,0.0476,-0.2516,-0.2516,0.0000
1791000737.0750,0.0200,0.0908,0.0000,0.0000,0.0000,0.0000,0.0000,0.0000,0.0000,0.0000,0.0000,0.0000,0.0476,0.0476,-0.2516,-0.2516,0.0000
1791000737.0950,0.0200,0.0644,0.0000,0.0000,0.0000,0.0000,0.0000,0.0000,0.0000,0.0000,0.0000,0.0000,0.0476,0.0476,-0.2516,-0.2516,0.0000
1791000737.1151,0.0201,0.1087,0.0000,0.0000,0.0000,0.0000,0.0000,0.0000,0.0000,-0.0015,0.0000,0.0000,0.0476,0.0476,-0.2516,-0.2516,0.0000
1791000737.1350,0.0199,0.0929,0.0000,0.0000,0.0000,0.0000,0.0000,0.0000,0.0000,0.0015,0.0000,0.0000,0.0476,0.0476,-0.2516,-0.2516,0.0000
1791000737.1552,0.0201,0.0951,0.0000,0.0000,0.0000,0.0000,0.0000,0.0000,0.0000,-0.0015,0.0000,0.0000,0.0476,0.0476,-0.2516,-0.2516,0.0000
1791000737.1751,0.0200,0.0956,0.0000,0.0000,0.0000,0.0000,0.0000,0.0000,0.0000,0.0015,0.0000,0.0000,0.0476,0.0476,-0.2516,-0.2516,0.0000
1791000737.1952,0.0200,0.0983,0.0000,0.0000,0.0000,0.0000,0.0000,0.0000,0.0000,-0.0015,0.0000,0.0000,0.0476,0.0476,-0.2516,-0.2516,0.0000
1791000737.2151,0.0200,0.0979,0.0000,0.0000,0.0000,0.0000,0.0000,0.0000,0.0000,0.0015,0.0000,0.0000,0.0476,0.0476,-0.2516,-0.2516,0.0000
1791000737.2351,0.0200,0.0994,0.0000,0.0000,0.0000,0.0000,0.0000,0.0000,0.0000,0.0000,0.0000,0.0000,0.0476,0.0476,-0.2516,-0.2516,0.0000
1791000737.2551,0.0200,0.0960,0.0000,0.0000,0.0000,0.0000,0.0000,0.0000,0.0000,-0.0015,0.0000,0.0000,0.0476,0.0476,-0.2516,-0.2516,0.0000
1791000737.2751,0.0200,0.0930,0.0000,0.0000,0.0000,0.0000,0.0000,0.0000,0.0000,0.0000,0.0000,0.0000,0.0476,0.0476,-0.2516,-0.2516,0.0000
1791000737.2951,0.0200,0.1033,0.0000,0.0000,0.0000,0.0000,0.0000,0.0000,0.0000,0.0015,0.0000,0.0000,0.0476,0.0476,-0.2516,-0.2516,0.0000
1791000737.3151,0.0200,0.1106,0.0000,0.0000,0.0000,0.0000,0.0000,0.0000,0.0000,-0.0015,0.0000,0.0000,0.0476,0.0476,-0.2516,-0.2516,0.0000
1791000737.3350,0.0199,0.1074,0.0000,0.0000,0.0000,0.0000,0.0000,0.0000,0.0000,0.0015,0.0000,0.0000,0.0476,0.0476,-0.2516,-0.2516,0.0000
1791000737.3551,0.0201,0.0992,0.0000,0.0000,0.0000,0.0000,0.0000,0.0000,0.0000,0.0000,0.0000,0.0000,0.0476,0.0476,-0.2516,-0.2516,0.0000
1791000737.3751,0.0200,0.0964,0.0000,0.0000,0.0000,0.0000,0.0000,0.0000,0.0000,-0.0015,0.0000,0.0000,0.0476,0.0476,-0.2516,-0.2516,0.0000
1791000737.3951,0.0200,0.0975,0.0000,0.0000,0.0000,0.0000,0.0000,0.0000,0.0000,0.0015,0.0000,0.0000,0.0476,0.0476,-0.2516,-0.2516,0.0000
1791000737.4151,0.0200,0.0943,0.0000,0.0000,0.0000,0.0000,0.0000,0.0000,0.0000,-0.0015,0.0000,0.0000,0.0476,0.0476,-0.2516,-0.2516,0.0000
1791000737.4351,0.0200,0.0955,0.0000,0.0000,0.0000,0.0000,0.0000,0.0000,0.0000,0.0000,0.0000,0.0000,0.0476,0.0476,-0.2516,-0.2516,0.0000
1791000737.4551,0.0200,0.0965,0.0000,0.0000,0.0000,0.0000,0.0000,0.0000,0.0000,0.0015,0.0000,0.0000,0.0476,0.0476,-0.2516,-0.2516,0.0000
1791000737.4751,0.0200,0.0950,0.0000,0.0000,0.0000,0.0000,0.0000,0.0000,0.0000,-0.0015,0.0000,0.0000,0.0476,0.0476,-0.2516,-0.2516,0.0000
1791000737.4951,0.0200,0.0940,0.0000,0.0000,0.0000,0.0000,0.0000,0.0000,0.0000,0.0015,0.0000,0.0000,0.0476,0.0476,-0.2516,-0.2516,0.0000
1791000737.5152,0.0200,0.0999,0.0000,0.0000,0.0000,0.0000,0.0000,0.0000,0.0000,0.0000,0.0000,0.0000,0.0476,0.0476,-0.2516,-0.2516,0.0000
1791000737.5352,0.0200,0.1091,0.0000,0.0000,0.0000,0.0000,0.0000,0.0000,0.0000,0.0000,0.0000,0.0000,0.0476,0.0476,-0.2516,-0.2516,0.0000
1791000737.5551,0.0200,0.0958,0.0000,0.0000,0.0000,0.0000,0.0000,0.0000,0.0000,0.0000,0.0000,0.0000,0.0476,0.0476,-0.2516,-0.2516,0.0000
1791000737.5750,0.0199,0.1058,0.0000,0.0000,0.0000,0.0000,0.0000,0.0000,0.0000,0.0000,0.0000,0.0000,0.0476,0.0476,-0.2516,-0.2516,0.0000
1791000737.5951,0.0201,0.1019,0.0000,0.0000,0.0000,0.0000,0.0000,0.0000,0.0000,-0.0015,0.0000,0.0000,0.0476,0.0476,-0.2516,-0.2516,0.0000
1791000737.6151,0.0200,0.0945,0.0000,0.0000,0.0000,0.0000,0.0000,0.0000,0.0000,0.0000,0.0000,0.0000,0.0476,0.0476,-0.2516,-0.2516,0.0000
1791000737.6350,0.0199,0.1186,0.0000,0.0000,0.0000,0.0000,0.0000,0.0000,0.0000,0.0015,0.0000,0.0000,0.0476,0.0476,-0.2516,-0.2516,0.0000
1791000737.6551,0.0201,0.0963,0.0000,0.0000,0.0000,0.0000,0.0000,0.0000,0.0000,-0.0015,0.0000,0.0000,0.0476,0.0476,-0.2516,-0.2516,0.0000
1791000737.6751,0.0200,0.0920,0.0000,0.0000,0.0000,0.0000,0.0000,0.0000,0.0000,0.0000,0.0000,0.0000,0.0476,0.0476,-0.2516,-0.2516,0.0000
1791000737.6950,0.0199,0.1278,0.0000,0.0000,0.0000,0.0000,0.0000,0.0000,0.0000,0.0000,0.0000,0.0000,0.0476,0.0476,-0.2516,-0.2516,0.0000
1791000737.7151,0.0201,0.0941,0.0000,0.0000,0.0000,0.0000,0.0000,0.0000,0.0000,0.0015,0.0000,0.0000,0.0476,0.0476,-0.2516,-0.2516,0.0000
1791000737.7351,0.0200,0.1133,0.0000,0.0000,0.0000,0.0000,0.0000,0.0000,0.0000,-0.0015,0.0000,0.0000,0.0476,0.0476,-0.2516,-0.2516,0.0000
1791000737.7551,0.0200,0.0960,0.0000,0.0000,0.0000,0.0000,0.0000,0.0000,0.0000,0.0000,0.0000,0.0000,0.0476,0.0476,-0.2516,-0.2516,0.0000
1791000737.7751,0.0200,0.0959,0.0000,0.0000,0.0000,0.0000,0.0000,0.0000,0.0000,0.0015,0.0000,0.0000,0.0476,0.0476,-0.2516,-0.2516,0.0000
1791000737.7951,0.0200,0.0952,0.0000,0.0000,0.0000,0.0000,0.0000,0.0000,0.0000,0.0000,0.0000,0.0000,0.0476,0.0476,-0.2516,-0.2516,0.0000
1791000737.8151,0.0200,0.0974,0.0000,0.0000,0.0000,0.0000,0.0000,0.0000,0.0000,0.0000,0.0000,0.0000,0.0476,0.0476,-0.2516,-0.2516,0.0000
1791000737.8350,0.0199,0.0943,0.0000,0.0000,0.0000,0.0000,0.0000,0.0000,0.0000,-0.0015,0.0000,0.0000,0.0476,0.0476,-0.2516,-0.2516,0.0000
1791000737.8551,0.0201,0.0901,0.0000,0.0000,0.0000,0.0000,0.0000,0.0000,0.0000,0.0015,0.0000,0.0000,0.0476,0.0476,-0.2516,-0.2516,0.0000
1791000737.8751,0.0200,0.0909,0.0000,0.0000,0.0000,0.0000,0.0000,0.0000,0.0000,-0.0015,0.0000,0.0000,0.0476,0.0476,-0.2516,-0.2516,0.0000
1791000737.8951,0.0200,0.0902,0.0000,0.0000,0.0000,0.0000,0.0000,0.0000,0.0000,0.0015,0.0000,0.0000,0.0476,0.0476,-0.2516,-0.2516,0.0000
1791000737.9151,0.0200,0.0913,0.0000,0.0000,0.0000,0.0000,0.0000,0.0000,0.0000,0.0000,0.0000,0.0000,0.0476,0.0476,-0.2516,-0.2516,0.0000
1791000737.9352,0.0201,0.1135,0.0000,0.0000,0.0000,0.0000,0.0000,0.0000,0.0000,-0.0015,0.0000,0.0000,0.0476,0.0476,-0.2516,-0.2516,0.0000
1791000737.9551,0.0199,0.0983,0.0000,0.0000,0.0000,0.0000,0.0000,0.0000,0.0000,0.0015,0.0000,0.0000,0.0476,0.0476,-0.2516,-0.2516,0.0000
1791000737.9751,0.0200,0.0928,0.0000,0.0000,0.0000,0.0000,0.0000,0.0000,0.0000,0.0000,0.0000,0.0000,0.0476,0.0476,-0.2516,-0.2516,0.0000
1791000737.9951,0.0200,0.0936,0.0000,0.0000,0.0000,0.0000,0.0000,0.0000,0.0000,0.0000,0.0000,0.0000,0.0476,0.0476,-0.2516,-0.2516,0.0000
1791000738.0152,0.0201,0.0915,0.0000,0.0000,0.0000,0.0000,0.0000,0.0000,0.0000,0.0000,0.0000,0.0000,0.0476,0.0506,-0.2516,-0.2516,0.0000
1791000738.0351,0.0199,0.0911,0.0000,0.0000,0.0000,0.0000,0.0000,0.0000,0.0000,0.0000,0.0000,0.0000,0.0476,0.0476,-0.2516,-0.2531,0.0000
1791000738.0551,0.0200,0.1074,0.0000,0.0000,0.0000,0.0000,0.0000,0.0000,0.0000,0.0000,0.0000,0.0000,0.0476,0.0476,-0.2516,-0.2516,0.0000
1791000738.0752,0.0201,0.1149,0.0000,0.0000,0.0000,0.0000,0.0000,0.0000,0.0000,0.0000,0.0000,0.0000,0.0476,0.0476,-0.2516,-0.2516,0.0000
1791000738.0952,0.0201,0.2379,0.0000,0.0000,0.0000,0.0000,0.0000,0.0000,0.0000,-0.0015,0.0000,0.0000,0.0476,0.0476,-0.2516,-0.2516,0.0000
1791000738.1151,0.0198,0.1622,0.0000,0.0000,0.0000,0.0000,0.0000,0.0000,0.0000,0.0000,0.0000,0.0000,0.0476,0.0476,-0.2516,-0.2516,0.0000
1791000738.1352,0.0201,0.1575,0.0000,0.0000,0.0000,0.0000,0.0000,0.0000,0.0000,0.0000,0.0000,0.0000,0.0476,0.0476,-0.2516,-0.2516,0.0000
1791000738.1552,0.0200,0.1761,0.0000,0.0000,0.0000,0.0000,0.0000,0.0000,0.0000,0.0000,0.0000,0.0000,0.0476,0.0476,-0.2516,-0.2516,0.0000
1791000738.1751,0.0199,0.1635,0.0000,0.0000,0.0000,0.0000,0.0000,0.0000,0.0000,0.0015,0.0000,0.0000,0.0476,0.0476,-0.2516,-0.2516,0.0000
1791000738.1951,0.0201,0.1681,0.0000,0.0000,0.0000,0.0000,0.0000,0.0000,0.0000,-0.0015,0.0000,0.0000,0.0476,0.0476,-0.2516,-0.2516,0.0000
1791000738.2152,0.0200,0.1502,0.0000,0.0000,0.0000,0.0000,0.0000,0.0000,0.0000,0.0015,0.0000,0.0000,0.0476,0.0476,-0.2516,-0.2516,0.0000
1791000738.2351,0.0199,0.1374,0.0000,0.0000,0.0000,0.0000,0.0000,0.0000,0.0000,0.0000,0.0000,0.0000,0.0476,0.0476,-0.2516,-0.2516,0.0000
1791000738.2551,0.0200,0.1776,0.0000,0.0000,0.0000,0.0000,0.0000,0.0000,0.0000,0.0000,0.0000,0.0000,0.0476,0.0476,-0.2516,-0.2516,0.0000
1791000738.2751,0.0200,0.1772,0.0000,0.0000,0.0000,0.0000,0.0000,0.0000,0.0000,0.0000,0.0000,0.0000,0.0476,0.0476,-0.2516,-0.2516,0.0000
1791000738.2952,0.0201,0.1764,0.0000,0.0000,0.0000,0.0000,0.0000,0.0000,0.0000,0.0000,0.0000,0.0000,0.0476,0.0476,-0.2516,-0.2516,0.0000
1791000738.3152,0.0200,0.1064,0.0000,0.0000,0.0000,0.0000,0.0000,0.0000,0.0000,-0.0015,0.0000,0.0000,0.0476,0.0476,-0.2516,-0.2516,0.0000
1791000738.3351,0.0200,0.0970,0.0000,0.0000,0.0000,0.0000,0.0000,0.0000,0.0000,0.0015,0.0000,0.0000,0.0476,0.0476,-0.2516,-0.2516,0.0000
1791000738.3551,0.0200,0.0980,0.0000,0.0000,0.0000,0.0000,0.0000,0.0000,0.0000,-0.0015,0.0000,0.0000,0.0476,0.0476,-0.2516,-0.2516,0.0000
1791000738.3751,0.0200,0.0987,0.0000,0.0000,0.0000,0.0000,0.0000,0.0000,0.0000,0.0000,0.0000,0.0000,0.0476,0.0476,-0.2516,-0.2516,0.0000
1791000738.3951,0.0200,0.0990,0.0000,0.0000,0.0000,0.0000,0.0000,0.0000,0.0000,0.0015,0.0000,0.0000,0.0476,0.0476,-0.2516,-0.2516,0.0000
1791000738.4151,0.0200,0.0973,0.0000,0.0000,0.0000,0.0000,0.0000,0.0000,0.0000,0.0000,0.0000,0.0000,0.0476,0.0476,-0.2516,-0.2516,0.0000
1791000738.4351,0.0200,0.0973,0.0000,0.0000,0.0000,0.0000,0.0000,0.0000,0.0000,0.0000,0.0000,0.0000,0.0476,0.0476,-0.2516,-0.2516,0.0000
1791000738.4551,0.0200,0.0992,0.0000,0.0000,0.0000,0.0000,0.0000,0.0000,0.0000,-0.0015,0.0000,0.0000,0.0476,0.0476,-0.2516,-0.2516,0.0000
1791000738.4752,0.0200,0.0954,0.0000,0.0000,0.0000,0.0000,0.0000,0.0000,0.0000,0.0000,0.0000,0.0000,0.0476,0.0476,-0.2516,-0.2516,0.0000
1791000738.4951,0.0200,0.0957,0.0000,0.0000,0.0000,0.0000,0.0000,0.0000,0.0000,0.0015,0.0000,0.0000,0.0476,0.0476,-0.2516,-0.2516,0.0000
1791000738.5151,0.0200,0.0911,0.0000,0.0000,0.0000,0.0000,0.0000,0.0000,0.0000,0.0000,0.0000,0.0000,0.0476,0.0476,-0.2516,-0.2516,0.0000
1791000738.5352,0.0201,0.0920,0.0000,0.0000,0.0000,0.0000,0.0000,0.0000,0.0000,0.0000,0.0000,0.0000,0.0476,0.0476,-0.2516,-0.2516,0.0000
1791000738.5551,0.0199,0.0988,0.0000,0.0000,0.0000,0.0000,0.0000,0.0000,0.0000,0.0000,0.0000,0.0000,0.0476,0.0476,-0.2516,-0.2516,0.0000
1791000738.5752,0.0200,0.0945,0.0000,0.0000,0.0000,0.0000,0.0000,0.0000,0.0000,0.0000,0.0000,0.0000,0.0476,0.0476,-0.2516,-0.2516,0.0000
1791000738.5951,0.0200,0.0936,0.0000,0.0000,0.0000,0.0000,0.0000,0.0000,0.0000,0.0000,0.0000,0.0000,0.0476,0.0476,-0.2516,-0.2516,0.0000
1791000738.6151,0.0200,0.0911,0.0000,0.0000,0.0000,0.0000,0.0000,0.0000,0.0000,-0.0015,0.0000,0.0000,0.0476,0.0476,-0.2516,-0.2516,0.0000
1791000738.6351,0.0200,0.0923,0.0000,0.0000,0.0000,0.0000,0.0000,0.0000,0.0000,0.0000,0.0000,0.0000,0.0476,0.0476,-0.2516,-0.2516,0.0000
1791000738.6551,0.0200,0.0943,0.0000,0.0000,0.0000,0.0000,0.0000,0.0000,0.0000,0.0000,0.0000,0.0000,0.0476,0.0476,-0.2516,-0.2516,0.0000
1791000738.6751,0.0200,0.1052,0.0000,0.0000,0.0000,0.0000,0.0000,0.0000,0.0000,0.0015,0.0000,0.0000,0.0476,0.0476,-0.2516,-0.2500,0.0000
1791000738.6951,0.0200,0.0945,0.0000,0.0000,0.0000,0.0000,0.0000,0.0000,0.0000,0.0000,0.0000,0.0000,0.0476,0.0476,-0.2516,-0.2516,0.0000
1791000738.7152,0.0200,0.0919,0.0000,0.0000,0.0000,0.0000,0.0000,0.0000,0.0000,0.0000,0.0000,0.0000,0.0476,0.0476,-0.2516,-0.2516,0.0000
1791000738.7351,0.0200,0.0911,0.0000,0.0000,0.0000,0.0000,0.0000,0.0000,0.0000,-0.0015,0.0000,0.0000,0.0476,0.0476,-0.2516,-0.2516,0.0000
1791000738.7551,0.0200,0.0941,0.0000,0.0000,0.0000,0.0000,0.0000,0.0000,0.0000,0.0000,0.0000,0.0000,0.0476,0.0476,-0.2516,-0.2516,0.0000
1791000738.7751,0.0200,0.1210,0.0000,0.0000,0.0000,0.0000,0.0000,0.0000,0.0000,0.0015,0.0000,0.0000,0.0476,0.0476,-0.2516,-0.2516,0.0000
1791000738.7952,0.0200,0.0952,0.0000,0.0000,0.0000,0.0000,0.0000,0.0000,0.0000,-0.0015,0.0000,0.0000,0.0476,0.0476,-0.2516,-0.2516,0.0000
1791000738.8150,0.0199,0.2611,0.0000,0.0000,0.0000,0.0000,0.0000,0.0000,0.0000,0.0015,0.0000,0.0000,0.0476,0.0476,-0.2516,-0.2516,0.0000
1791000738.8351,0.0201,0.3420,0.0000,0.0000,0.0000,0.0000,0.0000,0.0000,0.0000,-0.0015,0.0000,0.0000,0.0476,0.0476,-0.2516,-0.2516,0.0000
1791000738.8551,0.0200,0.1127,0.0000,0.0000,0.0000,0.0000,0.0000,0.0000,0.0000,0.0015,0.0000,0.0000,0.0476,0.0476,-0.2516,-0.2516,0.0000
1791000738.8752,0.0201,0.0924,0.0000,0.0000,0.0000,0.0000,0.0000,0.0000,0.0000,-0.0015,0.0000,0.0000,0.0476,0.0476,-0.2516,-0.2516,0.0000
1791000738.8951,0.0200,0.3124,0.0000,0.0000,0.0000,0.0000,0.0000,0.0000,0.0000,0.0000,0.0000,0.0000,0.0476,0.0476,-0.2516,-0.2516,0.0000
1791000738.9151,0.0200,0.2451,0.0000,0.0000,0.0000,0.0000,0.0000,0.0000,0.0000,0.0015,0.0000,0.0000,0.0476,0.0476,-0.2516,-0.2516,0.0000
1791000738.9351,0.0200,0.0885,0.0000,0.0000,0.0000,0.0000,0.0000,0.0000,0.0000,-0.0015,0.0000,0.0000,0.0476,0.0476,-0.2516,-0.2516,0.0000
1791000738.9551,0.0200,0.0891,0.0000,0.0000,0.0000,0.0000,0.0000,0.0000,0.0000,0.0000,0.0000,0.0000,0.0476,0.0476,-0.2516,-0.2516,0.0000
1791000738.9752,0.0200,0.1062,0.0000,0.0000,0.0000,0.0000,0.0000,0.0000,0.0000,0.0000,0.0000,0.0000,0.0476,0.0476,-0.2516,-0.2516,0.0000
1791000738.9952,0.0200,0.0966,0.0000,0.0000,0.0000,0.0000,0.0000,0.0000,0.0000,0.0000,0.0000,0.0000,0.0476,0.0476,-0.2516,-0.2516,0.0000
1791000739.0152,0.0200,0.0939,0.0000,0.0000,0.0000,0.0000,0.0000,0.0000,0.0000,0.0000,0.0000,0.0000,0.0476,0.0476,-0.2516,-0.2516,0.0000
1791000739.0351,0.0200,0.0924,0.0000,0.0000,0.0000,0.0000,0.0000,0.0000,0.0000,0.0015,0.0000,0.0000,0.0476,0.0476,-0.2516,-0.2516,0.0000
1791000739.0551,0.0200,0.0953,0.0000,0.0000,0.0000,0.0000,0.0000,0.0000,0.0000,0.0000,0.0000,0.0000,0.0476,0.0476,-0.2516,-0.2516,0.0000
1791000739.0752,0.0201,0.0936,0.0000,0.0000,0.0000,0.0000,0.0000,0.0000,0.0000,-0.0015,0.0000,0.0000,0.0476,0.0476,-0.2516,-0.2516,0.0000
1791000739.0952,0.0200,0.0934,0.0000,0.0000,0.0000,0.0000,0.0000,0.0000,0.0000,0.0015,0.0000,0.0000,0.0476,0.0476,-0.2516,-0.2516,0.0000
1791000739.1152,0.0200,0.0946,0.0000,0.0000,0.0000,0.0000,0.0000,0.0000,0.0000,-0.0015,0.0000,0.0000,0.0476,0.0476,-0.2516,-0.2516,0.0000
1791000739.1351,0.0199,0.0958,0.0000,0.0000,0.0000,0.0000,0.0000,0.0000,0.0000,0.0015,0.0000,0.0000,0.0476,0.0476,-0.2516,-0.2516,0.0000
1791000739.1551,0.0200,0.0903,0.0000,0.0000,0.0000,0.0000,0.0000,0.0000,0.0000,0.0000,0.0000,0.0000,0.0476,0.0476,-0.2516,-0.2516,0.0000
1791000739.1751,0.0200,0.0988,0.0000,0.0000,0.0000,0.0000,0.0000,0.0000,0.0000,0.0000,0.0000,0.0000,0.0476,0.0476,-0.2516,-0.2516,0.0000
1791000739.1951,0.0200,0.1083,0.0000,0.0000,0.0000,0.0000,0.0000,0.0000,0.0000,0.0000,0.0000,0.0000,0.0476,0.0476,-0.2516,-0.2516,0.0000
1791000739.2151,0.0200,0.0920,0.0000,0.0000,0.0000,0.0000,0.0000,0.0000,0.0000,0.0000,0.0000,0.0000,0.0476,0.0476,-0.2516,-0.2516,0.0000
1791000739.2352,0.0201,0.0902,0.0000,0.0000,0.0000,0.0000,0.0000,0.0000,0.0000,0.0000,0.0000,0.0000,0.0476,0.0476,-0.2516,-0.2516,0.0000
1791000739.2551,0.0199,0.0884,0.0000,0.0000,0.0000,0.0000,0.0000,0.0000,0.0000,-0.0015,0.0000,0.0000,0.0476,0.0476,-0.2516,-0.2516,0.0000
1791000739.2751,0.0200,0.0890,0.0000,0.0000,0.0000,0.0000,0.0000,0.0000,0.0000,0.0000,0.0000,0.0000,0.0476,0.0476,-0.2516,-0.2516,0.0000
1791000739.2952,0.0201,0.1166,0.0000,0.0000,0.0000,0.0000,0.0000,0.0000,0.0000,0.0000,0.0000,0.0000,0.0476,0.0476,-0.2516,-0.2516,0.0000
1791000739.3150,0.0198,0.0976,0.0000,0.0000,0.0000,0.0000,0.0000,0.0000,0.0000,0.0000,0.0000,0.0000,0.0476,0.0476,-0.2516,-0.2516,0.0000
1791000739.3351,0.0201,0.0901,0.0000,0.0000,0.0000,0.0000,0.0000,0.0000,0.0000,0.0015,0.0000,0.0000,0.0476,0.0476,-0.2516,-0.2516,0.0000
1791000739.3552,0.0200,0.0890,0.0000,0.0000,0.0000,0.0000,0.0000,0.0000,0.0000,0.0000,0.0000,0.0000,0.0476,0.0476,-0.2516,-0.2516,0.0000
1791000739.3752,0.0200,0.0887,0.0000,0.0000,0.0000,0.0000,0.0000,0.0000,0.0000,-0.0015,0.0000,0.0000,0.0476,0.0476,-0.2516,-0.2516,0.0000
1791000739.3951,0.0200,0.0999,0.0000,0.0000,0.0000,0.0000,0.0000,0.0000,0.0000,0.0015,0.0000,0.0000,0.0476,0.0476,-0.2516,-0.2516,0.0000
1791000739.4152,0.0200,0.0902,0.0000,0.0000,0.0000,0.0000,0.0000,0.0000,0.0000,0.0000,0.0000,0.0000,0.0476,0.0476,-0.2516,-0.2516,0.0000
1791000739.4352,0.0200,0.0889,0.0000,0.0000,0.0000,0.0000,0.0000,0.0000,0.0000,0.0000,0.0000,0.0000,0.0476,0.0476,-0.2516,-0.2516,0.0000
1791000739.4552,0.0200,0.0886,0.0000,0.0000,0.0000,0.0000,0.0000,0.0000,0.0000,-0.0015,0.0000,0.0000,0.0476,0.0476,-0.2516,-0.2516,0.0000
1791000739.4752,0.0200,0.0884,0.0000,0.0000,0.0000,0.0000,0.0000,0.0000,0.0000,0.0000,0.0000,0.0000,0.0476,0.0476,-0.2516,-0.2516,0.0000
1791000739.4952,0.0200,0.0885,0.0000,0.0000,0.0000,0.0000,0.0000,0.0000,0.0000,0.0000,0.0000,0.0000,0.0476,0.0476,-0.2516,-0.2516,0.0000
1791000739.5151,0.0199,0.0908,0.0000,0.0000,0.0000,0.0000,0.0000,0.0000,0.0000,0.0000,0.0000,0.0000,0.0476,0.0476,-0.2516,-0.2516,0.0000
1791000739.5351,0.0200,0.0924,0.0000,0.0000,0.0000,0.0000,0.0000,0.0000,0.0000,0.0015,0.0000,0.0000,0.0476,0.0476,-0.2516,-0.2516,0.0000
1791000739.5551,0.0200,0.0912,0.0000,0.0000,0.0000,0.0000,0.0000,0.0000,0.0000,-0.0015,0.0000,0.0000,0.0476,0.0476,-0.2516,-0.2516,0.0000
1791000739.5752,0.0200,0.0915,0.0000,0.0000,0.0000,0.0000,0.0000,0.0000,0.0000,0.0000,0.0000,0.0000,0.0476,0.0476,-0.2516,-0.2516,0.0000
1791000739.5952,0.0200,0.1227,0.0000,0.0000,0.0000,0.0000,0.0000,0.0000,0.0000,0.0015,0.0000,0.0000,0.0476,0.0476,-0.2516,-0.2516,0.0000
1791000739.6151,0.0200,0.0926,0.0000,0.0000,0.0000,0.0000,0.0000,0.0000,0.0000,0.0000,0.0000,0.0000,0.0476,0.0476,-0.2516,-0.2516,0.0000
1791000739.6351,0.0200,0.0931,0.0000,0.0000,0.0000,0.0000,0.0000,0.0000,0.0000,-0.0015,0.0000,0.0000,0.0476,0.0506,-0.2516,-0.2516,0.0000
1791000739.6551,0.0200,0.0928,0.0000,0.0000,0.0000,0.0000,0.0000,0.0000,0.0000,0.0015,0.0000,0.0000,0.0476,0.0476,-0.2516,-0.2516,0.0000
1791000739.6751,0.0200,0.0926,0.0000,0.0000,0.0000,0.0000,0.0000,0.0000,0.0000,-0.0015,0.0000,0.0000,0.0476,0.0476,-0.2516,-0.2516,0.0000
1791000739.6951,0.0200,0.0926,0.0000,0.0000,0.0000,0.0000,0.0000,0.0000,0.0000,0.0000,0.0000,0.0000,0.0476,0.0476,-0.2516,-0.2516,0.0000
1791000739.7152,0.0200,0.0903,0.0000,0.0000,0.0000,0.0000,0.0000,0.0000,0.0000,0.0015,0.0000,0.0000,0.0476,0.0476,-0.2516,-0.2516,0.0000
1791000739.7351,0.0199,0.0908,0.0000,0.0000,0.0000,0.0000,0.0000,0.0000,0.0000,0.0000,0.0000,0.0000,0.0476,0.0476,-0.2516,-0.2516,0.0000
1791000739.7551,0.0200,0.0906,0.0000,0.0000,0.0000,0.0000,0.0000,0.0000,0.0000,-0.0015,0.0000,0.0000,0.0476,0.0476,-0.2516,-0.2516,0.0000
1791000739.7751,0.0200,0.0939,0.0000,0.0000,0.0000,0.0000,0.0000,0.0000,0.0000,0.0015,0.0000,0.0000,0.0476,0.0476,-0.2516,-0.2516,0.0000
1791000739.7951,0.0200,0.0923,0.0000,0.0000,0.0000,0.0000,0.0000,0.0000,0.0000,0.0000,0.0000,0.0000,0.0476,0.0476,-0.2516,-0.2516,0.0000
1791000739.8151,0.0200,0.1015,0.0000,0.0000,0.0000,0.0000,0.0000,0.0000,0.0000,0.0000,0.0000,0.0000,0.0476,0.0476,-0.2516,-0.2516,0.0000
1791000739.8351,0.0200,0.0897,0.0000,0.0000,0.0000,0.0000,0.0000,0.0000,0.0000,-0.0015,0.0000,0.0000,0.0476,0.0476,-0.2516,-0.2516,0.0000
1791000739.8552,0.0200,0.0887,0.0000,0.0000,0.0000,0.0000,0.0000,0.0000,0.0000,0.0000,0.0000,0.0000,0.0476,0.0476,-0.2516,-0.2516,0.0000
1791000739.8751,0.0200,0.0891,0.0000,0.0000,0.0000,0.0000,0.0000,0.0000,0.0000,0.0015,0.0000,0.0000,0.0476,0.0476,-0.2516,-0.2516,0.0000
1791000739.8952,0.0200,0.0882,0.0000,0.0000,0.0000,0.0000,0.0000,0.0000,0.0000,0.0000,0.0000,0.0000,0.0476,0.0476,-0.2516,-0.2516,0.0000
1791000739.9152,0.0200,0.0888,0.0000,0.0000,0.0000,0.0000,0.0000,0.0000,0.0000,-0.0015,0.0000,0.0000,0.0476,0.0476,-0.2516,-0.2516,0.0000
1791000739.9352,0.0201,0.0849,0.0000,0.0000,0.0000,0.0000,0.0000,0.0000,0.0000,0.0015,0.0000,0.0000,0.0476,0.0476,-0.2516,-0.2516,0.0000
1791000739.9550,0.0198,0.0877,0.0000,0.0000,0.0000,0.0000,0.0000,0.0000,0.0000,0.0000,0.0000,0.0000,0.0476,0.0476,-0.2516,-0.2516,0.0000
1791000739.9751,0.0201,0.0905,0.0000,0.0000,0.0000,0.0000,0.0000,0.0000,0.0000,-0.0015,0.0000,0.0000,0.0476,0.0476,-0.2516,-0.2516,0.0000
1791000739.9951,0.0200,0.0915,0.0000,0.0000,0.0000,0.0000,0.0000,0.0000,0.0000,0.0015,0.0000,0.0000,0.0476,0.0476,-0.2516,-0.2516,0.0000
1791000740.0150,0.0199,0.3132,0.0000,0.0000,0.0000,0.0000,0.0000,0.0000,0.0000,0.0000,0.0000,0.0000,0.0476,0.0476,-0.2516,-0.2516,0.0000
1791000740.0350,0.0200,0.3258,0.0000,0.0000,0.0000,0.0000,0.0000,0.0000,0.0000,0.0000,0.0000,0.0000,0.0476,0.0476,-0.2516,-0.2516,0.0000
1791000740.0551,0.0201,0.2671,0.0000,0.0000,0.0000,0.0000,0.0000,0.0000,0.0000,-0.0015,0.0000,0.0000,0.0476,0.0476,-0.2516,-0.2516,0.0000
1791000740.0750,0.0199,0.1287,0.0000,0.0000,0.0000,0.0000,0.0000,0.0000,0.0000,0.0015,0.0000,0.0000,0.0476,0.0476,-0.2516,-0.2516,0.0000
1791000740.0951,0.0201,0.0886,0.0000,0.0000,0.0000,0.0000,0.0000,0.0000,0.0000,0.0000,0.0000,0.0000,0.0476,0.0476,-0.2516,-0.2516,0.0000
1791000740.1151,0.0200,0.0883,0.0000,0.0000,0.0000,0.0000,0.0000,0.0000,0.0000,0.0000,0.0000,0.0000,0.0476,0.0476,-0.2516,-0.2516,0.0000
1791000740.1351,0.0200,0.0885,0.0000,0.0000,0.0000,0.0000,0.0000,0.0000,0.0000,0.0000,0.0000,0.0000,0.0476,0.0476,-0.2516,-0.2516,0.0000
1791000740.1552,0.0200,0.0891,0.0000,0.0000,0.0000,0.0000,0.0000,0.0000,0.0000,-0.0015,0.0000,0.0000,0.0476,0.0476,-0.2516,-0.2516,0.0000
1791000740.1752,0.0200,0.0918,0.0000,0.0000,0.0000,0.0000,0.0000,0.0000,0.0000,0.0015,0.0000,0.0000,0.0476,0.0506,-0.2516,-0.2516,0.0000
1791000740.1950,0.0198,0.1082,0.0000,0.0000,0.0000,0.0000,0.0000,0.0000,0.0000,0.0000,0.0000,0.0000,0.0476,0.0476,-0.2516,-0.2516,0.0000
1791000740.2151,0.0201,0.1006,0.0000,0.0000,0.0000,0.0000,0.0000,0.0000,0.0000,-0.0015,0.0000,0.0000,0.0476,0.0476,-0.2516,-0.2516,0.0000
1791000740.2351,0.0200,0.0970,0.0000,0.0000,0.0000,0.0000,0.0000,0.0000,0.0000,0.0015,0.0000,0.0000,0.0476,0.0476,-0.2516,-0.2516,0.0000
1791000740.2552,0.0201,0.1270,0.0000,0.0000,0.0000,0.0000,0.0000,0.0000,0.0000,0.0000,0.0000,0.0000,0.0476,0.0476,-0.2516,-0.2516,0.0000
1791000740.2752,0.0200,0.0912,0.0000,0.0000,0.0000,0.0000,0.0000,0.0000,0.0000,-0.0015,0.0000,0.0000,0.0476,0.0506,-0.2516,-0.2516,0.0000
1791000740.2951,0.0200,0.0964,0.0000,0.0000,0.0000,0.0000,0.0000,0.0000,0.0000,0.0000,0.0000,0.0000,0.0476,0.0476,-0.2516,-0.2516,0.0000
1791000740.3152,0.0200,0.0894,0.0000,0.0000,0.0000,0.0000,0.0000,0.0000,0.0000,0.0015,0.0000,0.0000,0.0476,0.0476,-0.2516,-0.2516,0.0000
1791000740.3351,0.0199,0.0889,0.0000,0.0000,0.0000,0.0000,0.0000,0.0000,0.0000,-0.0015,0.0000,0.0000,0.0476,0.0476,-0.2516,-0.2516,0.0000
1791000740.3552,0.0201,0.1008,0.0000,0.0000,0.0000,0.0000,0.0000,0.0000,0.0000,0.0015,0.0000,0.0000,0.0476,0.0476,-0.2516,-0.2516,0.0000
1791000740.3751,0.0200,0.0956,0.0000,0.0000,0.0000,0.0000,0.0000,0.0000,0.0000,0.0000,0.0000,0.0000,0.0476,0.0476,-0.2516,-0.2516,0.0000
1791000740.3952,0.0200,0.0965,0.0000,0.0000,0.0000,0.0000,0.0000,0.0000,0.0000,-0.0015,0.0000,0.0000,0.0476,0.0476,-0.2516,-0.2516,0.0000
1791000740.4150,0.0199,0.0944,0.0000,0.0000,0.0000,0.0000,0.0000,0.0000,0.0000,0.0015,0.0000,0.0000,0.0476,0.0476,-0.2516,-0.2516,0.0000
1791000740.4351,0.0201,0.1385,0.0000,0.0000,0.0000,0.0000,0.0000,0.0000,0.0000,-0.0015,0.0000,0.0000,0.0476,0.0476,-0.2516,-0.2516,0.0000
1791000740.4552,0.0200,0.0974,0.0000,0.0000,0.0000,0.0000,0.0000,0.0000,0.0000,0.0000,0.0000,0.0000,0.0476,0.0476,-0.2516,-0.2531,0.0000
1791000740.4752,0.0200,0.0939,0.0000,0.0000,0.0000,0.0000,0.0000,0.0000,0.0000,0.0015,0.0000,0.0000,0.0476,0.0476,-0.2516,-0.2516,0.0000
1791000740.4952,0.0200,0.0943,0.0000,0.0000,0.0000,0.0000,0.0000,0.0000,0.0000,0.0000,0.0000,0.0000,0.0476,0.0476,-0.2516,-0.2516,0.0000
1791000740.5152,0.0200,0.0933,0.0000,0.0000,0.0000,0.0000,0.0000,0.0000,0.0000,0.0000,0.0000,0.0000,0.0476,0.0476,-0.2516,-0.2516,0.0000
1791000740.5352,0.0200,0.0940,0.0000,0.0000,0.0000,0.0000,0.0000,0.0000,0.0000,-0.0015,0.0000,0.0000,0.0476,0.0476,-0.2516,-0.2516,0.0000
1791000740.5552,0.0200,0.0935,0.0000,0.0000,0.0000,0.0000,0.0000,0.0000,0.0000,0.0015,0.0000,0.0000,0.0476,0.0476,-0.2516,-0.2516,0.0000
1791000740.5752,0.0200,0.0941,0.0000,0.0000,0.0000,0.0000,0.0000,0.0000,0.0000,-0.0015,0.0000,0.0000,0.0476,0.0476,-0.2516,-0.2516,0.0000
1791000740.5952,0.0200,0.0955,0.0000,0.0000,0.0000,0.0000,0.0000,0.0000,0.0000,0.0000,0.0000,0.0000,0.0476,0.0476,-0.2516,-0.2516,0.0000
1791000740.6152,0.0200,0.0932,0.0000,0.0000,0.0000,0.0000,0.0000,0.0000,0.0000,0.0015,0.0000,0.0000,0.0476,0.0476,-0.2516,-0.2516,0.0000
1791000740.6350,0.0198,0.1051,0.0000,0.0000,0.0000,0.0000,0.0000,0.0000,0.0000,0.0000,0.0000,0.0000,0.0476,0.0476,-0.2516,-0.2531,0.0000
1791000740.6552,0.0201,0.0946,0.0000,0.0000,0.0000,0.0000,0.0000,0.0000,0.0000,0.0000,0.0000,0.0000,0.0476,0.0476,-0.2516,-0.2516,0.0000
1791000740.6752,0.0200,0.0935,0.0000,0.0000,0.0000,0.0000,0.0000,0.0000,0.0000,-0.0015,0.0000,0.0000,0.0476,0.0476,-0.2516,-0.2516,0.0000
1791000740.6952,0.0200,0.0932,0.0000,0.0000,0.0000,0.0000,0.0000,0.0000,0.0000,0.0015,0.0000,0.0000,0.0476,0.0476,-0.2516,-0.2516,0.0000
1791000740.7150,0.0198,0.0935,0.0000,0.0000,0.0000,0.0000,0.0000,0.0000,0.0000,-0.0015,0.0000,0.0000,0.0476,0.0476,-0.2516,-0.2516,0.0000
1791000740.7352,0.0201,0.0929,0.0000,0.0000,0.0000,0.0000,0.0000,0.0000,0.0000,0.0015,0.0000,0.0000,0.0476,0.0476,-0.2516,-0.2516,0.0000
1791000740.7552,0.0200,0.0937,0.0000,0.0000,0.0000,0.0000,0.0000,0.0000,0.0000,0.0000,0.0000,0.0000,0.0476,0.0476,-0.2516,-0.2516,0.0000
1791000740.7752,0.0200,0.0931,0.0000,0.0000,0.0000,0.0000,0.0000,0.0000,0.0000,0.0000,0.0000,0.0000,0.0476,0.0476,-0.2516,-0.2516,0.0000
1791000740.7951,0.0200,0.0957,0.0000,0.0000,0.0000,0.0000,0.0000,0.0000,0.0000,-0.0015,0.0000,0.0000,0.0476,0.0476,-0.2516,-0.2516,0.0000
1791000740.8152,0.0200,0.0933,0.0000,0.0000,0.0000,0.0000,0.0000,0.0000,0.0000,0.0000,0.0000,0.0000,0.0476,0.0476,-0.2516,-0.2516,0.0000
1791000740.8351,0.0199,0.1885,0.0000,0.0000,0.0000,0.0000,0.0000,0.0000,0.0000,0.0000,0.0000,0.0000,0.0476,0.0476,-0.2516,-0.2516,0.0000
1791000740.8552,0.0201,0.1041,0.0000,0.0000,0.0000,0.0000,0.0000,0.0000,0.0000,0.0000,0.0000,0.0000,0.0476,0.0476,-0.2516,-0.2516,0.0000
1791000740.8751,0.0200,0.0929,0.0000,0.0000,0.0000,0.0000,0.0000,0.0000,0.0000,0.0015,0.0000,0.0000,0.0476,0.0476,-0.2516,-0.2516,0.0000
1791000740.8951,0.0200,0.0942,0.0000,0.0000,0.0000,0.0000,0.0000,0.0000,0.0000,-0.0015,0.0000,0.0000,0.0476,0.0476,-0.2516,-0.2516,0.0000
1791000740.9152,0.0201,0.0936,0.0000,0.0000,0.0000,0.0000,0.0000,0.0000,0.0000,0.0015,0.0000,0.0000,0.0476,0.0476,-0.2516,-0.2516,0.0000
1791000740.9352,0.0200,0.0938,0.0000,0.0000,0.0000,0.0000,0.0000,0.0000,-0.0015,0.0000,0.0000,0.0000,0.0476,0.0476,-0.2516,-0.2516,0.0000
1791000740.9552,0.0200,0.0924,0.0000,0.0000,0.0000,0.0000,0.0000,0.0000,0.0015,-0.0015,0.0000,0.0000,0.0476,0.0476,-0.2516,-0.2516,0.0000
1791000740.9752,0.0200,0.0936,0.0000,0.0000,0.0000,0.0000,0.0000,0.0000,0.0000,0.0015,0.0000,0.0000,0.0476,0.0476,-0.2516,-0.2516,0.0000
1791000740.9952,0.0200,0.0957,0.0000,0.0000,0.0000,0.0000,0.0000,0.0000,0.0000,-0.0015,0.0000,0.0000,0.0476,0.0476,-0.2516,-0.2516,0.0000
1791000741.0150,0.0198,0.0932,0.0000,0.0000,0.0000,0.0000,0.0000,0.0000,0.0000,0.0015,0.0000,0.0000,0.0476,0.0476,-0.2516,-0.2516,0.0000
1791000741.0351,0.0201,0.0926,0.0000,0.0000,0.0000,0.0000,0.0000,0.0000,0.0000,-0.0015,0.0000,0.0000,0.0476,0.0506,-0.2516,-0.2516,0.0000
1791000741.0550,0.0199,0.1080,0.0000,0.0000,0.0000,0.0000,0.0000,0.0000,0.0000,0.0015,0.0000,0.0000,0.0476,0.0476,-0.2516,-0.2516,0.0000
1791000741.0751,0.0201,0.1037,0.0000,0.0000,0.0000,0.0000,0.0000,0.0000,0.0000,0.0000,0.0000,0.0000,0.0476,0.0476,-0.2516,-0.2516,0.0000
1791000741.0950,0.0199,0.0959,0.0000,0.0000,0.0000,0.0000,0.0000,0.0000,0.0000,-0.0015,0.0000,0.0000,0.0476,0.0476,-0.2516,-0.2516,0.0000
1791000741.1151,0.0201,0.0931,0.0000,0.0000,0.0000,0.0000,0.0000,0.0000,0.0000,0.0015,0.0000,0.0000,0.0476,0.0476,-0.2516,-0.2516,0.0000
1791000741.1351,0.0200,0.0930,0.0000,0.0000,0.0000,0.0000,0.0000,0.0000,0.0000,-0.0015,0.0000,0.0000,0.0476,0.0476,-0.2516,-0.2516,0.0000
1791000741.1552,0.0200,0.0948,0.0000,0.0000,0.0000,0.0000,0.0000,0.0000,0.0000,0.0000,0.0000,0.0000,0.0476,0.0476,-0.2516,-0.2516,0.0000
1791000741.1751,0.0200,0.2610,0.0000,0.0000,0.0000,0.0000,0.0000,0.0000,0.0000,0.0000,0.0000,0.0000,0.0476,0.0476,-0.2516,-0.2516,0.0000
1791000741.1951,0.0200,0.2583,0.0000,0.0000,0.0000,0.0000,0.0000,0.0000,0.0000,0.0015,0.0000,0.0000,0.0476,0.0476,-0.2516,-0.2516,0.0000
1791000741.2150,0.0199,0.3358,0.0000,0.0000,0.0000,0.0000,0.0000,0.0000,0.0000,-0.0015,0.0000,0.0000,0.0476,0.0476,-0.2516,-0.2516,0.0000
1791000741.2351,0.0201,0.0977,0.0000,0.0000,0.0000,0.0000,0.0000,0.0000,0.0000,0.0000,0.0000,0.0000,0.0476,0.0476,-0.2516,-0.2516,0.0000
1791000741.2550,0.0199,0.0986,0.0000,0.0000,0.0000,0.0000,0.0000,0.0000,0.0000,0.0015,0.0000,0.0000,0.0476,0.0476,-0.2516,-0.2516,0.0000
1791000741.2751,0.0201,0.0999,0.0000,0.0000,0.0000,0.0000,0.0000,0.0000,0.0000,-0.0015,0.0000,0.0000,0.0476,0.0476,-0.2516,-0.2516,0.0000
1791000741.2952,0.0200,0.0990,0.0000,0.0000,0.0000,0.0000,0.0000,0.0000,0.0000,0.0015,0.0000,0.0000,0.0476,0.0476,-0.2516,-0.2516,0.0000
1791000741.3152,0.0200,0.0984,0.0000,0.0000,0.0000,0.0000,0.0000,0.0000,0.0000,0.0000,0.0000,0.0000,0.0476,0.0506,-0.2516,-0.2516,0.0000
1791000741.3352,0.0200,0.0974,0.0000,0.0000,0.0000,0.0000,0.0000,0.0000,0.0000,-0.0015,0.0000,0.0000,0.0476,0.0476,-0.2516,-0.2516,0.0000
1791000741.3552,0.0200,0.0976,0.0000,0.0000,0.0000,0.0000,0.0000,0.0000,0.0000,0.0000,0.0000,0.0000,0.0476,0.0476,-0.2516,-0.2516,0.0000
1791000741.3752,0.0200,0.0976,0.0000,0.0000,0.0000,0.0000,0.0000,0.0000,0.0000,0.0015,0.0000,0.0000,0.0476,0.0476,-0.2516,-0.2516,0.0000
1791000741.3952,0.0200,0.1012,0.0000,0.0000,0.0000,0.0000,0.0000,0.0000,0.0000,0.0000,0.0000,0.0000,0.0476,0.0476,-0.2516,-0.2516,0.0000
1791000741.4152,0.0200,0.0972,0.0000,0.0000,0.0000,0.0000,0.0000,0.0000,0.0000,0.0000,0.0000,0.0000,0.0476,0.0476,-0.2516,-0.2516,0.0000
1791000741.4352,0.0200,0.0969,0.0000,0.0000,0.0000,0.0000,0.0000,0.0000,-0.0015,0.0000,0.0000,0.0000,0.0476,0.0476,-0.2516,-0.2516,0.0000
1791000741.4552,0.0200,0.0974,0.0000,0.0000,0.0000,0.0000,0.0000,0.0000,0.0015,-0.0015,0.0000,0.0000,0.0476,0.0476,-0.2516,-0.2516,0.0000
1791000741.4752,0.0200,0.1136,0.0000,0.0000,0.0000,0.0000,0.0000,0.0000,0.0000,0.0015,0.0000,0.0000,0.0476,0.0476,-0.2516,-0.2516,0.0000
1791000741.4952,0.0200,0.0978,0.0000,0.0000,0.0000,0.0000,0.0000,0.0000,0.0000,0.0000,0.0000,0.0000,0.0476,0.0476,-0.2516,-0.2516,0.0000
1791000741.5152,0.0200,0.0977,0.0000,0.0000,0.0000,0.0000,0.0000,0.0000,0.0000,0.0000,0.0000,0.0000,0.0476,0.0476,-0.2516,-0.2516,0.0000
1791000741.5350,0.0198,0.0977,0.0000,0.0000,0.0000,0.0000,0.0000,0.0000,0.0000,-0.0015,0.0000,0.0000,0.0476,0.0476,-0.2516,-0.2516,0.0000
1791000741.5552,0.0201,0.0977,0.0000,0.0000,0.0000,0.0000,0.0000,0.0000,0.0000,0.0015,0.0000,0.0000,0.0476,0.0476,-0.2516,-0.2516,0.0000
1791000741.5752,0.0200,0.0975,0.0000,0.0000,0.0000,0.0000,0.0000,0.0000,0.0000,0.0000,0.0000,0.0000,0.0476,0.0476,-0.2516,-0.2516,0.0000
1791000741.5951,0.0200,0.0990,0.0000,0.0000,0.0000,0.0000,0.0000,0.0000,0.0000,0.0000,0.0000,0.0000,0.0476,0.0476,-0.2516,-0.2516,0.0000
1791000741.6152,0.0200,0.0970,0.0000,0.0000,0.0000,0.0000,0.0000,0.0000,0.0000,0.0000,0.0000,0.0000,0.0476,0.0476,-0.2516,-0.2516,0.0000
1791000741.6351,0.0200,0.0977,0.0000,0.0000,0.0000,0.0000,0.0000,0.0000,0.0000,0.0000,0.0000,0.0000,0.0476,0.0476,-0.2516,-0.2516,0.0000
1791000741.6552,0.0200,0.0941,0.0000,0.0000,0.0000,0.0000,0.0000,0.0000,0.0000,0.0000,0.0000,0.0000,0.0476,0.0476,-0.2516,-0.2516,0.0000
1791000741.6750,0.0199,0.1080,0.0000,0.0000,0.0000,0.0000,0.0000,0.0000,0.0000,-0.0015,0.0000,0.0000,0.0476,0.0476,-0.2516,-0.2516,0.0000
1791000741.6951,0.0201,0.0970,0.0000,0.0000,0.0000,0.0000,0.0000,0.0000,0.0000,0.0015,0.0000,0.0000,0.0476,0.0476,-0.2516,-0.2516,0.0000
1791000741.7151,0.0200,0.0959,0.0000,0.0000,0.0000,0.0000,0.0000,0.0000,0.0000,0.0000,0.0000,0.0000,0.0476,0.0476,-0.2516,-0.2516,0.0000
1791000741.7351,0.0200,0.0951,0.0000,0.0000,0.0000,0.0000,0.0000,0.0000,0.0000,0.0000,0.0000,0.0000,0.0476,0.0476,-0.2516,-0.2516,0.0000
1791000741.7551,0.0200,0.0959,0.0000,0.0000,0.0000,0.0000,0.0000,0.0000,0.0000,0.0000,0.0000,0.0000,0.0476,0.0476,-0.2516,-0.2516,0.0000
1791000741.7752,0.0200,0.0939,0.0000,0.0000,0.0000,0.0000,0.0000,0.0000,0.0000,-0.0015,0.0000,0.0000,0.0476,0.0476,-0.2516,-0.2516,0.0000
1791000741.7951,0.0200,0.0950,0.0000,0.0000,0.0000,0.0000,0.0000,0.0000,0.0000,0.0015,0.0000,0.0000,0.0476,0.0476,-0.2516,-0.2516,0.0000
1791000741.8151,0.0200,0.0933,0.0000,0.0000,0.0000,0.0000,0.0000,0.0000,0.0000,0.0000,0.0000,0.0000,0.0476,0.0476,-0.2516,-0.2516,0.0000
1791000741.8350,0.0199,0.0940,0.0000,0.0000,0.0000,0.0000,0.0000,0.0000,0.0000,0.0000,0.0000,0.0000,0.0476,0.0476,-0.2516,-0.2516,0.0000
1791000741.8551,0.0201,0.0925,0.0000,0.0000,0.0000,0.0000,0.0000,0.0000,0.0000,0.0000,0.0000,0.0000,0.0476,0.0506,-0.2516,-0.2516,0.0000
1791000741.8750,0.0199,0.0922,0.0000,0.0000,0.0000,0.0000,0.0000,0.0000,0.0000,0.0000,0.0000,0.0000,0.0476,0.0476,-0.2516,-0.2516,0.0000
1791000741.8952,0.0201,0.1094,0.0000,0.0000,0.0000,0.0000,0.0000,0.0000,0.0000,-0.0015,0.0000,0.0000,0.0476,0.0476,-0.2516,-0.2516,0.0000
1791000741.9152,0.0200,0.0946,0.0000,0.0000,0.0000,0.0000,0.0000,0.0000,0.0000,0.0015,0.0000,0.0000,0.0476,0.0476,-0.2516,-0.2516,0.0000
1791000741.9352,0.0200,0.0929,0.0000,0.0000,0.0000,0.0000,0.0000,0.0000,0.0000,0.0000,0.0000,0.0000,0.0476,0.0476,-0.2516,-0.2516,0.0000
1791000741.9552,0.0200,0.0931,0.0000,0.0000,0.0000,0.0000,0.0000,0.0000,0.0000,0.0000,0.0000,0.0000,0.0476,0.0476,-0.2516,-0.2531,0.0000
1791000741.9752,0.0200,0.0940,0.0000,0.0000,0.0000,0.0000,0.0000,0.0000,0.0000,-0.0015,0.0000,0.0000,0.0476,0.0476,-0.2516,-0.2516,0.0000
1791000741.9952,0.0200,0.0959,0.0000,0.0000,0.0000,0.0000,0.0000,0.0000,0.0000,0.0000,0.0000,0.0000,0.0476,0.0476,-0.2516,-0.2516,0.0000
1791000742.0152,0.0200,0.0924,0.0000,0.0000,0.0000,0.0000,0.0000,0.0000,0.0000,0.0000,0.0000,0.0000,0.0476,0.0476,-0.2516,-0.2516,0.0000
1791000742.0352,0.0200,0.0928,0.0000,0.0000,0.0000,0.0000,0.0000,0.0000,0.0000,0.0015,0.0000,0.0000,0.0476,0.0476,-0.2516,-0.2516,0.0000
1791000742.0551,0.0199,0.0939,0.0000,0.0000,0.0000,0.0000,0.0000,0.0000,0.0000,0.0000,0.0000,0.0000,0.0476,0.0476,-0.2516,-0.2516,0.0000
1791000742.0751,0.0200,0.1024,0.0000,0.0000,0.0000,0.0000,0.0000,0.0000,0.0000,0.0000,0.0000,0.0000,0.0476,0.0476,-0.2516,-0.2516,0.0000
1791000742.0950,0.0199,0.1100,0.0000,0.0000,0.0000,0.0000,0.0000,0.0000,0.0000,-0.0015,0.0000,0.0000,0.0476,0.0476,-0.2516,-0.2516,0.0000
1791000742.1150,0.0200,0.0489,0.0000,0.0000,0.0000,0.0000,0.0000,0.0000,0.0000,0.0000,0.0000,0.0000,0.0476,0.0476,-0.2516,-0.2516,0.0000
1791000742.1352,0.0201,0.0965,0.0000,0.0000,0.0000,0.0000,0.0000,0.0000,0.0000,0.0015,0.0000,0.0000,0.0476,0.0476,-0.2516,-0.2516,0.0000
1791000742.1551,0.0200,0.0931,0.0000,0.0000,0.0000,0.0000,0.0000,0.0000,0.0000,-0.0015,0.0000,0.0000,0.0476,0.0476,-0.2516,-0.2516,0.0000
1791000742.1751,0.0200,0.1013,0.0000,0.0000,0.0000,0.0000,0.0000,0.0000,0.0000,0.0015,0.0000,0.0000,0.0476,0.0476,-0.2516,-0.2516,0.0000
1791000742.1952,0.0200,0.1006,0.0000,0.0000,0.0000,0.0000,0.0000,0.0000,0.0000,-0.0015,0.0000,0.0000,0.0476,0.0506,-0.2516,-0.2516,0.0000
1791000742.2150,0.0199,0.0969,0.0000,0.0000,0.0000,0.0000,0.0000,0.0000,0.0000,0.0015,0.0000,0.0000,0.0476,0.0476,-0.2516,-0.2516,0.0000
1791000742.2352,0.0201,0.0980,0.0000,0.0000,0.0000,0.0000,0.0000,0.0000,0.0000,-0.0015,0.0000,0.0000,0.0476,0.0476,-0.2516,-0.2516,0.0000
1791000742.2551,0.0199,0.0971,0.0000,0.0000,0.0000,0.0000,0.0000,0.0000,0.0000,0.0015,0.0000,0.0000,0.0476,0.0476,-0.2516,-0.2516,0.0000
1791000742.2751,0.0200,0.0937,0.0000,0.0000,0.0000,0.0000,0.0000,0.0000,0.0000,0.0000,0.0000,0.0000,0.0476,0.0476,-0.2516,-0.2516,0.0000
1791000742.2950,0.0199,0.1020,0.0000,0.0000,0.0000,0.0000,0.0000,0.0000,0.0000,0.0000,0.0000,0.0000,0.0476,0.0476,-0.2516,-0.2516,0.0000
1791000742.3152,0.0202,0.1005,0.0000,0.0000,0.0000,0.0000,0.0000,0.0000,0.0000,0.0000,0.0000,0.0000,0.0476,0.0476,-0.2516,-0.2516,0.0000
1791000742.3352,0.0200,0.0975,0.0000,0.0000,0.0000,0.0000,0.0000,0.0000,0.0000,0.0000,0.0000,0.0000,0.0476,0.0476,-0.2516,-0.2516,0.0000
1791000742.3551,0.0200,0.0976,0.0000,0.0000,0.0000,0.0000,0.0000,0.0000,0.0000,0.0000,0.0000,0.0000,0.0476,0.0476,-0.2516,-0.2516,0.0000
1791000742.3751,0.0200,0.1106,0.0000,0.0000,0.0000,0.0000,0.0000,0.0000,0.0000,0.0000,0.0000,0.0000,0.0476,0.0476,-0.2516,-0.2516,0.0000
1791000742.3950,0.0199,0.2812,0.0000,0.0000,0.0000,0.0000,0.0000,0.0000,0.0000,-0.0015,0.0000,0.0000,0.0476,0.0476,-0.2516,-0.2516,0.0000
1791000742.4151,0.0201,0.2361,0.0000,0.0000,0.0000,0.0000,0.0000,0.0000,0.0000,0.0015,0.0000,0.0000,0.0476,0.0476,-0.2516,-0.2516,0.0000
1791000742.4351,0.0200,0.2495,0.0000,0.0000,0.0000,0.0000,0.0000,0.0000,0.0000,-0.0015,0.0000,0.0000,0.0476,0.0476,-0.2516,-0.2516,0.0000
1791000742.4551,0.0200,0.0940,0.0000,0.0000,0.0000,0.0000,0.0000,0.0000,0.0000,0.0015,0.0000,0.0000,0.0476,0.0476,-0.2516,-0.2516,0.0000
1791000742.4752,0.0201,0.0929,0.0000,0.0000,0.0000,0.0000,0.0000,0.0000,0.0000,0.0000,0.0000,0.0000,0.0476,0.0476,-0.2516,-0.2516,0.0000
1791000742.4952,0.0200,0.0937,0.0000,0.0000,0.0000,0.0000,0.0000,0.0000,0.0000,0.0000,0.0000,0.0000,0.0476,0.0476,-0.2516,-0.2516,0.0000
1791000742.5150,0.0199,0.0974,0.0000,0.0000,0.0000,0.0000,0.0000,0.0000,0.0000,-0.0015,0.0000,0.0000,0.0476,0.0476,-0.2516,-0.2516,0.0000
1791000742.5352,0.0201,0.1040,0.0000,0.0000,0.0000,0.0000,0.0000,0.0000,0.0000,0.0015,0.0000,0.0000,0.0476,0.0476,-0.2516,-0.2516,0.0000
1791000742.5552,0.0200,0.0992,0.0000,0.0000,0.0000,0.0000,0.0000,0.0000,0.0000,-0.0015,0.0000,0.0000,0.0476,0.0476,-0.2516,-0.2516,0.0000
1791000742.5751,0.0200,0.0975,0.0000,0.0000,0.0000,0.0000,0.0000,0.0000,0.0000,0.0015,0.0000,0.0000,0.0476,0.0476,-0.2516,-0.2516,0.0000
1791000742.5952,0.0200,0.1021,0.0000,0.0000,0.0000,0.0000,0.0000,0.0000,0.0000,0.0000,0.0000,0.0000,0.0476,0.0476,-0.2516,-0.2516,0.0000
1791000742.6151,0.0200,0.0970,0.0000,0.0000,0.0000,0.0000,0.0000,0.0000,0.0000,0.0000,0.0000,0.0000,0.0476,0.0476,-0.2516,-0.2516,0.0000
1791000742.6352,0.0200,0.0999,0.0000,0.0000,0.0000,0.0000,0.0000,0.0000,0.0000,0.0000,0.0000,0.0000,0.0476,0.0476,-0.2516,-0.2516,0.0000
1791000742.6552,0.0200,0.0984,0.0000,0.0000,0.0000,0.0000,0.0000,0.0000,0.0000,0.0000,0.0000,0.0000,0.0476,0.0476,-0.2516,-0.2516,0.0000
1791000742.6751,0.0200,0.0958,0.0000,0.0000,0.0000,0.0000,0.0000,0.0000,0.0000,0.0000,0.0000,0.0000,0.0476,0.0476,-0.2516,-0.2516,0.0000
1791000742.6950,0.0199,0.0974,0.0000,0.0000,0.0000,0.0000,0.0000,0.0000,0.0000,0.0000,0.0000,0.0000,0.0476,0.0476,-0.2516,-0.2516,0.0000
1791000742.7150,0.0200,0.1083,0.0000,0.0000,0.0000,0.0000,0.0000,0.0000,0.0000,0.0000,0.0000,0.0000,0.0476,0.0476,-0.2516,-0.2516,0.0000
1791000742.7352,0.0201,0.0986,0.0000,0.0000,0.0000,0.0000,0.0000,0.0000,0.0000,0.0000,0.0000,0.0000,0.0476,0.0476,-0.2516,-0.2516,0.0000
1791000742.7552,0.0200,0.0975,0.0000,0.0000,0.0000,0.0000,0.0000,0.0000,0.0000,0.0000,0.0000,0.0000,0.0476,0.0476,-0.2516,-0.2516,0.0000
1791000742.7752,0.0200,0.0979,0.0000,0.0000,0.0000,0.0000,0.0000,0.0000,0.0000,-0.0015,0.0000,0.0000,0.0476,0.0476,-0.2516,-0.2516,0.0000
1791000742.7952,0.0200,0.0994,0.0000,0.0000,0.0000,0.0000,0.0000,0.0000,0.0000,0.0015,0.0000,0.0000,0.0476,0.0476,-0.2516,-0.2516,0.0000
1791000742.8152,0.0200,0.1001,0.0000,0.0000,0.0000,0.0000,0.0000,0.0000,0.0000,0.0000,0.0000,0.0000,0.0476,0.0476,-0.2516,-0.2516,0.0000
1791000742.8352,0.0200,0.0973,0.0000,0.0000,0.0000,0.0000,0.0000,0.0000,0.0000,0.0000,0.0000,0.0000,0.0476,0.0476,-0.2516,-0.2516,0.0000
1791000742.8552,0.0200,0.0972,0.0000,0.0000,0.0000,0.0000,0.0000,0.0000,0.0000,0.0000,0.0000,0.0000,0.0476,0.0476,-0.2516,-0.2516,0.0000
1791000742.8752,0.0200,0.0976,0.0000,0.0000,0.0000,0.0000,0.0000,0.0000,0.0000,-0.0015,0.0000,0.0000,0.0476,0.0476,-0.2516,-0.2516,0.0000
1791000742.8952,0.0200,0.0979,0.0000,0.0000,0.0000,0.0000,0.0000,0.0000,0.0000,0.0015,0.0000,0.0000,0.0476,0.0476,-0.2516,-0.2516,0.0000
1791000742.9152,0.0200,0.0989,0.0000,0.0000,0.0000,0.0000,0.0000,0.0000,0.0000,0.0000,0.0000,0.0000,0.0476,0.0476,-0.2516,-0.2516,0.0000
1791000742.9351,0.0199,0.1039,0.0000,0.0000,0.0000,0.0000,0.0000,0.0000,0.0000,-0.0015,0.0000,0.0000,0.0476,0.0476,-0.2516,-0.2516,0.0000
1791000742.9552,0.0201,0.0977,0.0000,0.0000,0.0000,0.0000,0.0000,0.0000,0.0000,0.0015,0.0000,0.0000,0.0476,0.0476,-0.2516,-0.2516,0.0000
1791000742.9752,0.0200,0.0976,0.0000,0.0000,0.0000,0.0000,0.0000,0.0000,0.0000,0.0000,0.0000,0.0000,0.0476,0.0476,-0.2516,-0.2516,0.0000
1791000742.9952,0.0200,0.0988,0.0000,0.0000,0.0000,0.0000,0.0000,0.0000,0.0000,0.0000,0.0000,0.0000,0.0476,0.0476,-0.2516,-0.2516,0.0000
1791000743.0152,0.0200,0.0970,0.0000,0.0000,0.0000,0.0000,0.0000,0.0000,0.0000,0.0000,0.0000,0.0000,0.0476,0.0476,-0.2516,-0.2516,0.0000
1791000743.0351,0.0200,0.0976,0.0000,0.0000,0.0000,0.0000,0.0000,0.0000,0.0000,0.0000,0.0000,0.0000,0.0476,0.0476,-0.2516,-0.2516,0.0000
1791000743.0552,0.0200,0.0974,0.0000,0.0000,0.0000,0.0000,0.0000,0.0000,0.0000,0.0000,0.0000,0.0000,0.0476,0.0476,-0.2516,-0.2531,0.0000
1791000743.0751,0.0200,0.1032,0.0000,0.0000,0.0000,0.0000,0.0000,0.0000,0.0000,-0.0015,0.0000,0.0000,0.0476,0.0476,-0.2516,-0.2516,0.0000
1791000743.0952,0.0200,0.1043,0.0000,0.0000,0.0000,0.0000,0.0000,0.0000,0.0000,0.0015,0.0000,0.0000,0.0476,0.0476,-0.2516,-0.2516,0.0000
1791000743.1152,0.0200,0.1027,0.0000,0.0000,0.0000,0.0000,0.0000,0.0000,0.0000,-0.0015,0.0000,0.0000,0.0476,0.0476,-0.2516,-0.2516,0.0000
1791000743.1352,0.0200,0.1144,0.0000,0.0000,0.0000,0.0000,0.0000,0.0000,0.0000,0.0015,0.0000,0.0000,0.0476,0.0476,-0.2516,-0.2531,0.0000
1791000743.1552,0.0200,0.1048,0.0000,0.0000,0.0000,0.0000,0.0000,0.0000,0.0000,0.0000,0.0000,0.0000,0.0476,0.0476,-0.2516,-0.2516,0.0000
1791000743.1752,0.0200,0.1028,0.0000,0.0000,0.0000,0.0000,0.0000,0.0000,0.0000,-0.0015,0.0000,0.0000,0.0476,0.0476,-0.2516,-0.2516,0.0000
1791000743.1952,0.0200,0.1052,0.0000,0.0000,0.0000,0.0000,0.0000,0.0000,0.0000,0.0015,0.0000,0.0000,0.0476,0.0476,-0.2516,-0.2516,0.0000
1791000743.2152,0.0200,0.1025,0.0000,0.0000,0.0000,0.0000,0.0000,0.0000,0.0000,0.0000,0.0000,0.0000,0.0476,0.0476,-0.2516,-0.2516,0.0000
1791000743.2352,0.0201,0.1512,0.0000,0.0000,0.0000,0.0000,0.0000,0.0000,0.0000,-0.0015,0.0000,0.0000,0.0476,0.0476,-0.2516,-0.2516,0.0000
1791000743.2552,0.0200,0.1177,0.0000,0.0000,0.0000,0.0000,0.0000,0.0000,0.0000,0.0000,0.0000,0.0000,0.0476,0.0476,-0.2516,-0.2516,0.0000
1791000743.2752,0.0200,0.1035,0.0000,0.0000,0.0000,0.0000,0.0000,0.0000,0.0000,0.0015,0.0000,0.0000,0.0476,0.0476,-0.2516,-0.2516,0.0000
1791000743.2952,0.0200,0.1091,0.0000,0.0000,0.0000,0.0000,0.0000,0.0000,0.0000,0.0000,0.0000,0.0000,0.0476,0.0476,-0.2516,-0.2516,0.0000
1791000743.3152,0.0200,0.1042,0.0000,0.0000,0.0000,0.0000,0.0000,0.0000,0.0000,-0.0015,0.0000,0.0000,0.0476,0.0476,-0.2516,-0.2516,0.0000
1791000743.3351,0.0200,0.1115,0.0000,0.0000,0.0000,0.0000,0.0000,0.0000,0.0000,0.0015,0.0000,0.0000,0.0476,0.0476,-0.2516,-0.2516,0.0000
1791000743.3551,0.0200,0.1054,0.0000,0.0000,0.0000,0.0000,0.0000,0.0000,0.0000,-0.0015,0.0000,0.0000,0.0476,0.0476,-0.2516,-0.2516,0.0000
1791000743.3751,0.0200,0.1038,0.0000,0.0000,0.0000,0.0000,0.0000,0.0000,0.0000,0.0000,0.0000,0.0000,0.0476,0.0476,-0.2516,-0.2516,0.0000
1791000743.3952,0.0200,0.1060,0.0000,0.0000,0.0000,0.0000,0.0000,0.0000,0.0000,0.0000,0.0000,0.0000,0.0476,0.0506,-0.2516,-0.2516,0.0000
1791000743.4151,0.0200,0.1020,0.0000,0.0000,0.0000,0.0000,0.0000,0.0000,0.0000,0.0000,0.0000,0.0000,0.0476,0.0476,-0.2516,-0.2516,0.0000
1791000743.4352,0.0201,0.1033,0.0000,0.0000,0.0000,0.0000,0.0000,0.0000,0.0000,0.0015,0.0000,0.0000,0.0476,0.0476,-0.2516,-0.2516,0.0000
1791000743.4552,0.0200,0.1028,0.0000,0.0000,0.0000,0.0000,0.0000,0.0000,0.0000,0.0000,0.0000,0.0000,0.0476,0.0476,-0.2516,-0.2516,0.0000
1791000743.4752,0.0200,0.1026,0.0000,0.0000,0.0000,0.0000,0.0000,0.0000,0.0000,-0.0015,0.0000,0.0000,0.0476,0.0476,-0.2516,-0.2516,0.0000
1791000743.4952,0.0200,0.1036,0.0000,0.0000,0.0000,0.0000,0.0000,0.0000,0.0000,0.0000,0.0000,0.0000,0.0476,0.0476,-0.2516,-0.2516,0.0000
1791000743.5151,0.0199,0.2643,0.0000,0.0000,0.0000,0.0000,0.0000,0.0000,0.0000,0.0000,0.0000,0.0000,0.0476,0.0476,-0.2516,-0.2516,0.0000
1791000743.5351,0.0200,0.1037,0.0000,0.0000,0.0000,0.0000,0.0000,0.0000,0.0000,0.0015,0.0000,0.0000,0.0476,0.0476,-0.2516,-0.2516,0.0000
1791000743.5552,0.0200,0.1527,0.0000,0.0000,0.0000,0.0000,0.0000,0.0000,0.0000,0.0000,0.0000,0.0000,0.0476,0.0476,-0.2516,-0.2516,0.0000
1791000743.5751,0.0199,0.1088,0.0000,0.0000,0.0000,0.0000,0.0000,0.0000,0.0000,-0.0015,0.0000,0.0000,0.0476,0.0476,-0.2516,-0.2516,0.0000
1791000743.5951,0.0199,0.1402,0.0000,0.0000,0.0000,0.0000,0.0000,0.0000,0.0000,0.0000,0.0000,0.0000,0.0476,0.0476,-0.2516,-0.2516,0.0000
1791000743.6152,0.0201,0.1053,0.0000,0.0000,0.0000,0.0000,0.0000,0.0000,0.0000,0.0000,0.0000,0.0000,0.0476,0.0476,-0.2516,-0.2516,0.0000
1791000743.6351,0.0199,0.1020,0.0000,0.0000,0.0000,0.0000,0.0000,0.0000,0.0000,0.0000,0.0000,0.0000,0.0476,0.0476,-0.2516,-0.2516,0.0000
1791000743.6552,0.0200,0.0994,0.0000,0.0000,0.0000,0.0000,0.0000,0.0000,0.0000,0.0015,0.0000,0.0000,0.0476,0.0476,-0.2516,-0.2516,0.0000
1791000743.6752,0.0201,0.0977,0.0000,0.0000,0.0000,0.0000,0.0000,0.0000,0.0000,0.0000,0.0000,0.0000,0.0476,0.0476,-0.2516,-0.2516,0.0000
1791000743.6951,0.0199,0.0991,0.0000,0.0000,0.0000,0.0000,0.0000,0.0000,0.0000,0.0000,0.0000,0.0000,0.0476,0.0476,-0.2516,-0.2516,0.0000
1791000743.7151,0.0200,0.0971,0.0000,0.0000,0.0000,0.0000,0.0000,0.0000,0.0000,0.0000,0.0000,0.0000,0.0476,0.0476,-0.2516,-0.2516,0.0000
1791000743.7351,0.0200,0.0964,0.0000,0.0000,0.0000,0.0000,0.0000,0.0000,0.0000,-0.0015,0.0000,0.0000,0.0476,0.0476,-0.2516,-0.2516,0.0000
1791000743.7551,0.0200,0.1230,0.0000,0.0000,0.0000,0.0000,0.0000,0.0000,0.0000,0.0000,0.0000,0.0000,0.0476,0.0476,-0.2516,-0.2516,0.0000
1791000743.7752,0.0200,0.0988,0.0000,0.0000,0.0000,0.0000,0.0000,0.0000,0.0000,0.0015,0.0000,0.0000,0.0476,0.0476,-0.2516,-0.2516,0.0000
1791000743.7952,0.0200,0.0993,0.0000,0.0000,0.0000,0.0000,0.0000,0.0000,0.0000,-0.0015,0.0000,0.0000,0.0476,0.0476,-0.2516,-0.2516,0.0000
1791000743.8152,0.0200,0.1031,0.0000,0.0000,0.0000,0.0000,0.0000,0.0000,0.0000,0.0000,0.0000,0.0000,0.0476,0.0476,-0.2516,-0.2516,0.0000
1791000743.8351,0.0200,0.0985,0.0000,0.0000,0.0000,0.0000,0.0000,0.0000,0.0000,0.0000,0.0000,0.0000,0.0476,0.0476,-0.2516,-0.2516,0.0000
1791000743.8551,0.0200,0.1036,0.0000,0.0000,0.0000,0.0000,0.0000,0.0000,0.0000,0.0000,0.0000,0.0000,0.0476,0.0476,-0.2516,-0.2516,0.0000
1791000743.8751,0.0200,0.1014,0.0000,0.0000,0.0000,0.0000,0.0000,0.0000,0.0000,0.0000,0.0000,0.0000,0.0476,0.0476,-0.2516,-0.2516,0.0000
1791000743.8951,0.0200,0.0988,0.0000,0.0000,0.0000,0.0000,0.0000,0.0000,0.0000,0.0000,0.0000,0.0000,0.0476,0.0476,-0.2516,-0.2516,0.0000
1791000743.9151,0.0200,0.0985,0.0000,0.0000,0.0000,0.0000,0.0000,0.0000,0.0000,0.0015,0.0000,0.0000,0.0476,0.0476,-0.2516,-0.2516,0.0000
1791000743.9351,0.0200,0.0970,0.0000,0.0000,0.0000,0.0000,0.0000,0.0000,0.0000,0.0000,0.0000,0.0000,0.0476,0.0476,-0.2516,-0.2516,0.0000
1791000743.9551,0.0200,0.0948,0.0000,0.0000,0.0000,0.0000,0.0000,0.0000,0.0000,0.0000,0.0000,0.0000,0.0476,0.0476,-0.2516,-0.2516,0.0000
1791000743.9751,0.0200,0.1093,0.0000,0.0000,0.0000,0.0000,0.0000,0.0000,0.0000,-0.0015,0.0000,0.0000,0.0476,0.0476,-0.2516,-0.2516,0.0000
1791000743.9951,0.0200,0.0992,0.0000,0.0000,0.0000,0.0000,0.0000,0.0000,0.0000,0.0015,0.0000,0.0000,0.0476,0.0476,-0.2516,-0.2516,0.0000
1791000744.0151,0.0200,0.0932,0.0000,0.0000,0.0000,0.0000,0.0000,0.0000,0.0000,0.0000,0.0000,0.0000,0.0476,0.0476,-0.2516,-0.2516,0.0000
1791000744.0351,0.0200,0.0943,0.0000,0.0000,0.0000,0.0000,0.0000,0.0000,0.0000,0.0000,0.0000,0.0000,0.0476,0.0476,-0.2516,-0.2516,0.0000
1791000744.0551,0.0200,0.0972,0.0000,0.0000,0.0000,0.0000,0.0000,0.0000,0.0000,-0.0015,0.0000,0.0000,0.0476,0.0476,-0.2516,-0.2516,0.0000
1791000744.0751,0.0200,0.1020,0.0000,0.0000,0.0000,0.0000,0.0000,0.0000,0.0000,0.0015,0.0000,0.0000,0.0476,0.0476,-0.2516,-0.2516,0.0000
1791000744.0951,0.0200,0.0951,0.0000,0.0000,0.0000,0.0000,0.0000,0.0000,0.0000,-0.0015,0.0000,0.0000,0.0476,0.0476,-0.2516,-0.2516,0.0000
1791000744.1151,0.0200,0.0933,0.0000,0.0000,0.0000,0.0000,0.0000,0.0000,0.0000,0.0000,0.0000,0.0000,0.0476,0.0476,-0.2516,-0.2516,0.0000
1791000744.1351,0.0200,0.0927,0.0000,0.0000,0.0000,0.0000,0.0000,0.0000,0.0000,0.0000,0.0000,0.0000,0.0476,0.0476,-0.2516,-0.2516,0.0000
1791000744.1551,0.0200,0.0928,0.0000,0.0000,0.0000,0.0000,0.0000,0.0000,0.0000,0.0015,0.0000,0.0000,0.0476,0.0476,-0.2516,-0.2516,0.0000
1791000744.1751,0.0200,0.1070,0.0000,0.0000,0.0000,0.0000,0.0000,0.0000,0.0000,-0.0015,0.0000,0.0000,0.0476,0.0476,-0.2516,-0.2516,0.0000
1791000744.1952,0.0200,0.0978,0.0000,0.0000,0.0000,0.0000,0.0000,0.0000,0.0000,0.0015,0.0000,0.0000,0.0476,0.0476,-0.2516,-0.2516,0.0000
1791000744.2152,0.0200,0.0973,0.0000,0.0000,0.0000,0.0000,0.0000,0.0000,0.0000,0.0000,0.0000,0.0000,0.0476,0.0476,-0.2516,-0.2516,0.0000
1791000744.2352,0.0200,0.0944,0.0000,0.0000,0.0000,0.0000,0.0000,0.0000,0.0000,-0.0015,0.0000,0.0000,0.0476,0.0476,-0.2516,-0.2516,0.0000
1791000744.2551,0.0200,0.0931,0.0000,0.0000,0.0000,0.0000,0.0000,0.0000,0.0000,0.0015,0.0000,0.0000,0.0476,0.0476,-0.2516,-0.2516,0.0000
1791000744.2751,0.0200,0.0937,0.0000,0.0000,0.0000,0.0000,0.0000,0.0000,0.0000,0.0000,0.0000,0.0000,0.0476,0.0476,-0.2516,-0.2516,0.0000
1791000744.2951,0.0200,0.0950,0.0000,0.0000,0.0000,0.0000,0.0000,0.0000,0.0000,0.0000,0.0000,0.0000,0.0476,0.0476,-0.2516,-0.2516,0.0000
1791000744.3151,0.0200,0.0900,0.0000,0.0000,0.0000,0.0000,0.0000,0.0000,0.0000,0.0000,0.0000,0.0000,0.0476,0.0476,-0.2516,-0.2531,0.0000
1791000744.3351,0.0200,0.0889,0.0000,0.0000,0.0000,0.0000,0.0000,0.0000,0.0000,0.0000,0.0000,0.0000,0.0476,0.0476,-0.2516,-0.2516,0.0000
1791000744.3552,0.0201,0.0896,0.0000,0.0000,0.0000,0.0000,0.0000,0.0000,0.0000,-0.0015,0.0000,0.0000,0.0476,0.0476,-0.2516,-0.2516,0.0000
1791000744.3751,0.0200,0.1044,0.0000,0.0000,0.0000,0.0000,0.0000,0.0000,0.0000,0.0015,0.0000,0.0000,0.0476,0.0476,-0.2516,-0.2516,0.0000
1791000744.3952,0.0200,0.1054,0.0000,0.0000,0.0000,0.0000,0.0000,0.0000,0.0000,0.0000,0.0000,0.0000,0.0476,0.0476,-0.2516,-0.2516,0.0000
1791000744.4152,0.0200,0.0933,0.0000,0.0000,0.0000,0.0000,0.0000,0.0000,0.0000,-0.0015,0.0000,0.0000,0.0476,0.0476,-0.2516,-0.2516,0.0000
1791000744.4352,0.0200,0.0894,0.0000,0.0000,0.0000,0.0000,0.0000,0.0000,0.0000,0.0000,0.0000,0.0000,0.0476,0.0476,-0.2516,-0.2516,0.0000
1791000744.4551,0.0199,0.0891,0.0000,0.0000,0.0000,0.0000,0.0000,0.0000,0.0000,0.0000,0.0000,0.0000,0.0476,0.0476,-0.2516,-0.2516,0.0000
1791000744.4751,0.0200,0.0884,0.0000,0.0000,0.0000,0.0000,0.0000,0.0000,0.0000,0.0015,0.0000,0.0000,0.0476,0.0476,-0.2516,-0.2516,0.0000
1791000744.4951,0.0200,0.0890,0.0000,0.0000,0.0000,0.0000,0.0000,0.0000,0.0000,0.0000,0.0000,0.0000,0.0476,0.0476,-0.2516,-0.2516,0.0000
1791000744.5151,0.0200,0.0906,0.0000,0.0000,0.0000,0.0000,0.0000,0.0000,0.0000,0.0000,0.0000,0.0000,0.0476,0.0506,-0.2516,-0.2516,0.0000
1791000744.5352,0.0200,0.0941,0.0000,0.0000,0.0000,0.0000,0.0000,0.0000,0.0000,0.0000,0.0000,0.0000,0.0476,0.0476,-0.2516,-0.2516,0.0000
1791000744.5551,0.0200,0.0896,0.0000,0.0000,0.0000,0.0000,0.0000,0.0000,0.0000,-0.0015,0.0000,0.0000,0.0476,0.0476,-0.2516,-0.2516,0.0000
1791000744.5751,0.0200,0.0898,0.0000,0.0000,0.0000,0.0000,0.0000,0.0000,0.0000,0.0015,0.0000,0.0000,0.0476,0.0476,-0.2516,-0.2516,0.0000
1791000744.5951,0.0200,0.1095,0.0000,0.0000,0.0000,0.0000,0.0000,0.0000,0.0000,-0.0015,0.0000,0.0000,0.0476,0.0476,-0.2516,-0.2516,0.0000
1791000744.6151,0.0200,0.0939,0.0000,0.0000,0.0000,0.0000,0.0000,0.0000,0.0000,0.0000,0.0000,0.0000,0.0476,0.0476,-0.2516,-0.2516,0.0000
1791000744.6352,0.0201,0.0938,0.0000,0.0000,0.0000,0.0000,0.0000,0.0000,0.0000,0.0015,0.0000,0.0000,0.0476,0.0476,-0.2516,-0.2516,0.0000
1791000744.6552,0.0200,0.0930,0.0000,0.0000,0.0000,0.0000,0.0000,0.0000,0.0000,0.0000,0.0000,0.0000,0.0476,0.0476,-0.2516,-0.2516,0.0000
1791000744.6751,0.0200,0.0932,0.0000,0.0000,0.0000,0.0000,0.0000,0.0000,0.0000,0.0000,0.0000,0.0000,0.0476,0.0476,-0.2516,-0.2516,0.0000
1791000744.6952,0.0200,0.0936,0.0000,0.0000,0.0000,0.0000,0.0000,0.0000,0.0000,0.0000,0.0000,0.0000,0.0476,0.0476,-0.2516,-0.2516,0.0000
1791000744.7151,0.0200,0.0943,0.0000,0.0000,0.0000,0.0000,0.0000,0.0000,0.0000,-0.0015,0.0000,0.0000,0.0476,0.0476,-0.2516,-0.2516,0.0000
1791000744.7351,0.0200,0.0938,0.0000,0.0000,0.0000,0.0000,0.0000,0.0000,0.0000,0.0015,0.0000,0.0000,0.0476,0.0476,-0.2516,-0.2516,0.0000
1791000744.7551,0.0200,0.0935,0.0000,0.0000,0.0000,0.0000,0.0000,0.0000,0.0000,0.0000,0.0000,0.0000,0.0476,0.0476,-0.2516,-0.2516,0.0000
1791000744.7751,0.0200,0.0884,0.0000,0.0000,0.0000,0.0000,0.0000,0.0000,0.0000,-0.0015,0.0000,0.0000,0.0476,0.0476,-0.2516,-0.2516,0.0000
1791000744.7950,0.0199,0.1106,0.0000,0.0000,0.0000,0.0000,0.0000,0.0000,0.0000,0.0015,0.0000,0.0000,0.0476,0.0476,-0.2516,-0.2516,0.0000
1791000744.8151,0.0201,0.0948,0.0000,0.0000,0.0000,0.0000,0.0000,0.0000,0.0000,-0.0015,0.0000,0.0000,0.0476,0.0476,-0.2516,-0.2516,0.0000
1791000744.8352,0.0200,0.0934,0.0000,0.0000,0.0000,0.0000,0.0000,0.0000,0.0000,0.0000,0.0000,0.0000,0.0476,0.0476,-0.2516,-0.2516,0.0000
1791000744.8551,0.0200,0.0935,0.0000,0.0000,0.0000,0.0000,0.0000,0.0000,0.0000,0.0015,0.0000,0.0000,0.0476,0.0476,-0.2516,-0.2516,0.0000
1791000744.8751,0.0200,0.0935,0.0000,0.0000,0.0000,0.0000,0.0000,0.0000,0.0000,-0.0015,0.0000,0.0000,0.0476,0.0476,-0.2516,-0.2516,0.0000
1791000744.8951,0.0200,0.0937,0.0000,0.0000,0.0000,0.0000,0.0000,0.0000,0.0000,0.0015,0.0000,0.0000,0.0476,0.0506,-0.2516,-0.2516,0.0000
1791000744.9151,0.0200,0.0938,0.0000,0.0000,0.0000,0.0000,0.0000,0.0000,0.0000,0.0000,0.0000,0.0000,0.0476,0.0476,-0.2516,-0.2516,0.0000
1791000744.9351,0.0200,0.0934,0.0000,0.0000,0.0000,0.0000,0.0000,0.0000,0.0000,0.0000,0.0000,0.0000,0.0476,0.0476,-0.2516,-0.2516,0.0000
1791000744.9552,0.0200,0.0940,0.0000,0.0000,0.0000,0.0000,0.0000,0.0000,0.0000,0.0000,0.0000,0.0000,0.0476,0.0476,-0.2516,-0.2516,0.0000
1791000744.9752,0.0200,0.0950,0.0000,0.0000,0.0000,0.0000,0.0000,0.0000,0.0000,0.0000,0.0000,0.0000,0.0476,0.0506,-0.2516,-0.2516,0.0000
1791000744.9952,0.0200,0.0963,0.0000,0.0000,0.0000,0.0000,0.0000,0.0000,0.0000,-0.0015,0.0000,0.0000,0.0476,0.0476,-0.2516,-0.2516,0.0000
1791000745.0152,0.0200,0.1036,0.0000,0.0000,0.0000,0.0000,0.0000,0.0000,0.0000,0.0015,0.0000,0.0000,0.0476,0.0476,-0.2516,-0.2516,0.0000
1791000745.0351,0.0199,0.0940,0.0000,0.0000,0.0000,0.0000,0.0000,0.0000,0.0000,0.0000,0.0000,0.0000,0.0476,0.0476,-0.2516,-0.2516,0.0000
1791000745.0552,0.0200,0.0938,0.0000,0.0000,0.0000,0.0000,0.0000,0.0000,0.0000,0.0000,0.0000,0.0000,0.0476,0.0476,-0.2516,-0.2516,0.0000
1791000745.0751,0.0200,0.1010,0.0000,0.0000,0.0000,0.0000,0.0000,0.0000,0.0000,-0.0015,0.0000,0.0000,0.0476,0.0476,-0.2516,-0.2516,0.0000
1791000745.0952,0.0201,0.0952,0.0000,0.0000,0.0000,0.0000,0.0000,0.0000,0.0000,0.0000,0.0000,0.0000,0.0476,0.0476,-0.2516,-0.2516,0.0000
1791000745.1152,0.0199,0.0936,0.0000,0.0000,0.0000,0.0000,0.0000,0.0000,0.0000,0.0015,0.0000,0.0000,0.0476,0.0476,-0.2516,-0.2516,0.0000
1791000745.1352,0.0200,0.0930,0.0000,0.0000,0.0000,0.0000,0.0000,0.0000,0.0000,0.0000,0.0000,0.0000,0.0476,0.0476,-0.2516,-0.2516,0.0000
1791000745.1552,0.0200,0.0935,0.0000,0.0000,0.0000,0.0000,0.0000,0.0000,0.0000,0.0000,0.0000,0.0000,0.0476,0.0476,-0.2516,-0.2516,0.0000
1791000745.1752,0.0200,0.0945,0.0000,0.0000,0.0000,0.0000,0.0000,0.0000,0.0000,-0.0015,0.0000,0.0000,0.0476,0.0476,-0.2516,-0.2516,0.0000
1791000745.1951,0.0200,0.0956,0.0000,0.0000,0.0000,0.0000,0.0000,0.0000,0.0000,0.0000,0.0000,0.0000,0.0476,0.0476,-0.2516,-0.2516,0.0000
1791000745.2151,0.0200,0.1083,0.0000,0.0000,0.0000,0.0000,0.0000,0.0000,0.0000,0.0000,0.0000,0.0000,0.0476,0.0476,-0.2516,-0.2516,0.0000
1791000745.2351,0.0200,0.0963,0.0000,0.0000,0.0000,0.0000,0.0000,0.0000,0.0000,0.0015,0.0000,0.0000,0.0476,0.0476,-0.2516,-0.2516,0.0000
1791000745.2551,0.0200,0.0938,0.0000,0.0000,0.0000,0.0000,0.0000,0.0000,0.0000,0.0000,0.0000,0.0000,0.0476,0.0476,-0.2516,-0.2516,0.0000
1791000745.2751,0.0200,0.0936,0.0000,0.0000,0.0000,0.0000,0.0000,0.0000,0.0000,-0.0015,0.0000,0.0000,0.0476,0.0476,-0.2516,-0.2516,0.0000
1791000745.2951,0.0200,0.1098,0.0000,0.0000,0.0000,0.0000,0.0000,0.0000,0.0000,0.0015,0.0000,0.0000,0.0476,0.0476,-0.2516,-0.2516,0.0000
1791000745.3151,0.0200,0.0948,0.0000,0.0000,0.0000,0.0000,0.0000,0.0000,0.0000,0.0000,0.0000,0.0000,0.0476,0.0476,-0.2516,-0.2516,0.0000
1791000745.3352,0.0200,0.0934,0.0000,0.0000,0.0000,0.0000,0.0000,0.0000,0.0000,-0.0015,0.0000,0.0000,0.0476,0.0476,-0.2516,-0.2516,0.0000
1791000745.3552,0.0200,0.0936,0.0000,0.0000,0.0000,0.0000,0.0000,0.0000,0.0000,0.0000,0.0000,0.0000,0.0476,0.0476,-0.2516,-0.2516,0.0000
1791000745.3751,0.0199,0.0949,0.0000,0.0000,0.0000,0.0000,0.0000,0.0000,0.0000,0.0015,0.0000,0.0000,0.0476,0.0476,-0.2516,-0.2516,0.0000
1791000745.3952,0.0200,0.0967,0.0000,0.0000,0.0000,0.0000,0.0000,0.0000,0.0000,-0.0015,0.0000,0.0000,0.0476,0.0476,-0.2516,-0.2516,0.0000
1791000745.4151,0.0199,0.0968,0.0000,0.0000,0.0000,0.0000,0.0000,0.0000,0.0000,0.0000,0.0000,0.0000,0.0476,0.0476,-0.2516,-0.2516,0.0000
1791000745.4351,0.0200,0.0954,0.0000,0.0000,0.0000,0.0000,0.0000,0.0000,0.0000,0.0000,0.0000,0.0000,0.0476,0.0506,-0.2516,-0.2516,0.0000
1791000745.4552,0.0200,0.0938,0.0000,0.0000,0.0000,0.0000,0.0000,0.0000,0.0000,0.0015,0.0000,0.0000,0.0476,0.0476,-0.2516,-0.2516,0.0000
1791000745.4751,0.0200,0.0939,0.0000,0.0000,0.0000,0.0000,0.0000,0.0000,0.0000,0.0000,0.0000,0.0000,0.0476,0.0476,-0.2516,-0.2516,0.0000
1791000745.4952,0.0200,0.0938,0.0000,0.0000,0.0000,0.0000,0.0000,0.0000,0.0000,-0.0015,0.0000,0.0000,0.0476,0.0506,-0.2516,-0.2516,0.0000
1791000745.5152,0.0200,0.0933,0.0000,0.0000,0.0000,0.0000,0.0000,0.0000,0.0000,0.0015,0.0000,0.0000,0.0476,0.0476,-0.2516,-0.2516,0.0000
1791000745.5352,0.0200,0.0974,0.0000,0.0000,0.0000,0.0000,0.0000,0.0000,0.0000,0.0000,0.0000,0.0000,0.0476,0.0476,-0.2516,-0.2516,0.0000
1791000745.5552,0.0200,0.0975,0.0000,0.0000,0.0000,0.0000,0.0000,0.0000,0.0000,0.0000,0.0000,0.0000,0.0476,0.0476,-0.2516,-0.2516,0.0000
1791000745.5751,0.0199,0.0941,0.0000,0.0000,0.0000,0.0000,0.0000,0.0000,0.0000,0.0000,0.0000,0.0000,0.0476,0.0476,-0.2516,-0.2516,0.0000
1791000745.5952,0.0200,0.0956,0.0000,0.0000,0.0000,0.0000,0.0000,0.0000,0.0000,0.0000,0.0000,0.0000,0.0476,0.0476,-0.2516,-0.2516,0.0000
1791000745.6151,0.0199,0.0927,0.0000,0.0000,0.0000,0.0000,0.0000,0.0000,0.0000,0.0000,0.0000,0.0000,0.0476,0.0476,-0.2516,-0.2516,0.0000
1791000745.6351,0.0200,0.1000,0.0000,0.0000,0.0000,0.0000,0.0000,0.0000,0.0000,-0.0015,0.0000,0.0000,0.0476,0.0476,-0.2516,-0.2516,0.0000
1791000745.6552,0.0200,0.0968,0.0000,0.0000,0.0000,0.0000,0.0000,0.0000,0.0000,0.0000,0.0000,0.0000,0.0476,0.0476,-0.2516,-0.2516,0.0000
1791000745.6752,0.0200,0.0993,0.0000,0.0000,0.0000,0.0000,0.0000,0.0000,0.0000,0.0000,0.0000,0.0000,0.0476,0.0476,-0.2516,-0.2516,0.0000
1791000745.6951,0.0200,0.0982,0.0000,0.0000,0.0000,0.0000,0.0000,0.0000,0.0000,0.0000,0.0000,0.0000,0.0476,0.0476,-0.2516,-0.2516,0.0000
1791000745.7151,0.0200,0.2378,0.0000,0.0000,0.0000,0.0000,0.0000,0.0000,0.0000,0.0000,0.0000,0.0000,0.0476,0.0476,-0.2516,-0.2516,0.0000
1791000745.7351,0.0200,0.1500,0.0000,0.0000,0.0000,0.0000,0.0000,0.0000,0.0000,0.0015,0.0000,0.0000,0.0476,0.0476,-0.2516,-0.2516,0.0000
1791000745.7551,0.0200,0.1351,0.0000,0.0000,0.0000,0.0000,0.0000,0.0000,0.0000,-0.0015,0.0000,0.0000,0.0476,0.0476,-0.2516,-0.2516,0.0000
1791000745.7751,0.0200,0.2443,0.0000,0.0000,0.0000,0.0000,0.0000,0.0000,0.0000,0.0015,0.0000,0.0000,0.0476,0.0476,-0.2516,-0.2516,0.0000
1791000745.7951,0.0200,0.0955,0.0000,0.0000,0.0000,0.0000,0.0000,0.0000,0.0000,0.0000,0.0000,0.0000,0.0476,0.0476,-0.2516,-0.2516,0.0000
1791000745.8152,0.0201,0.0933,0.0000,0.0000,0.0000,0.0000,0.0000,0.0000,0.0000,0.0000,0.0000,0.0000,0.0476,0.0476,-0.2516,-0.2516,0.0000
1791000745.8352,0.0200,0.1053,0.0000,0.0000,0.0000,0.0000,0.0000,0.0000,0.0000,0.0000,0.0000,0.0000,0.0476,0.0476,-0.2516,-0.2516,0.0000
1791000745.8552,0.0200,0.0954,0.0000,0.0000,0.0000,0.0000,0.0000,0.0000,0.0000,0.0000,0.0000,0.0000,0.0476,0.0476,-0.2516,-0.2516,0.0000
1791000745.8752,0.0200,0.0934,0.0000,0.0000,0.0000,0.0000,0.0000,0.0000,0.0000,-0.0015,0.0000,0.0000,0.0476,0.0476,-0.2516,-0.2516,0.0000
1791000745.8952,0.0200,0.0933,0.0000,0.0000,0.0000,0.0000,0.0000,0.0000,0.0000,0.0015,0.0000,0.0000,0.0476,0.0476,-0.2516,-0.2516,0.0000
1791000745.9152,0.0200,0.0935,0.0000,0.0000,0.0000,0.0000,0.0000,0.0000,0.0000,-0.0015,0.0000,0.0000,0.0476,0.0476,-0.2516,-0.2516,0.0000
1791000745.9352,0.0200,0.0945,0.0000,0.0000,0.0000,0.0000,0.0000,0.0000,0.0000,0.0000,0.0000,0.0000,0.0476,0.0476,-0.2516,-0.2516,0.0000
1791000745.9552,0.0200,0.0941,0.0000,0.0000,0.0000,0.0000,0.0000,0.0000,0.0000,0.0000,0.0000,0.0000,0.0476,0.0476,-0.2516,-0.2516,0.0000
1791000745.9752,0.0200,0.0939,0.0000,0.0000,0.0000,0.0000,0.0000,0.0000,0.0000,0.0000,0.0000,0.0000,0.0476,0.0476,-0.2516,-0.2516,0.0000
1791000745.9950,0.0199,0.0987,0.0000,0.0000,0.0000,0.0000,0.0000,0.0000,0.0000,0.0000,0.0000,0.0000,0.0476,0.0476,-0.2516,-0.2516,0.0000
1791000746.0151,0.0201,0.0940,0.0000,0.0000,0.0000,0.0000,0.0000,0.0000,0.0000,0.0015,0.0000,0.0000,0.0476,0.0476,-0.2516,-0.2516,0.0000
1791000746.0351,0.0200,0.1007,0.0000,0.0000,0.0000,0.0000,0.0000,0.0000,0.0000,-0.0015,0.0000,0.0000,0.0476,0.0476,-0.2516,-0.2516,0.0000
1791000746.0551,0.0200,0.0994,0.0000,0.0000,0.0000,0.0000,0.0000,0.0000,0.0000,0.0015,0.0000,0.0000,0.0476,0.0476,-0.2516,-0.2516,0.0000
1791000746.0751,0.0200,0.0955,0.0000,0.0000,0.0000,0.0000,0.0000,0.0000,0.0000,0.0000,0.0000,0.0000,0.0476,0.0476,-0.2516,-0.2516,0.0000
1791000746.0951,0.0200,0.0949,0.0000,0.0000,0.0000,0.0000,0.0000,0.0000,0.0000,-0.0015,0.0000,0.0000,0.0476,0.0476,-0.2516,-0.2516,0.0000
1791000746.1151,0.0200,0.0951,0.0000,0.0000,0.0000,0.0000,0.0000,0.0000,0.0000,0.0000,0.0000,0.0000,0.0476,0.0476,-0.2516,-0.2516,0.0000
1791000746.1351,0.0200,0.0940,0.0000,0.0000,0.0000,0.0000,0.0000,0.0000,0.0000,0.0015,0.0000,0.0000,0.0476,0.0476,-0.2516,-0.2516,0.0000
1791000746.1551,0.0200,0.0945,0.0000,0.0000,0.0000,0.0000,0.0000,0.0000,0.0000,0.0000,0.0000,0.0000,0.0476,0.0476,-0.2516,-0.2516,0.0000
1791000746.1751,0.0200,0.0955,0.0000,0.0000,0.0000,0.0000,0.0000,0.0000,0.0000,-0.0015,0.0000,0.0000,0.0476,0.0476,-0.2516,-0.2516,0.0000
1791000746.1951,0.0200,0.0965,0.0000,0.0000,0.0000,0.0000,0.0000,0.0000,0.0000,0.0000,0.0000,0.0000,0.0476,0.0476,-0.2516,-0.2516,0.0000
1791000746.2151,0.0200,0.0920,0.0000,0.0000,0.0000,0.0000,0.0000,0.0000,0.0000,0.0015,0.0000,0.0000,0.0476,0.0476,-0.2516,-0.2516,0.0000
1791000746.2352,0.0200,0.0933,0.0000,0.0000,0.0000,0.0000,0.0000,0.0000,0.0000,-0.0015,0.0000,0.0000,0.0476,0.0476,-0.2516,-0.2516,0.0000
1791000746.2552,0.0200,0.0995,0.0000,0.0000,0.0000,0.0000,0.0000,0.0000,0.0000,0.0000,0.0000,0.0000,0.0476,0.0476,-0.2516,-0.2516,0.0000
1791000746.2752,0.0200,0.0938,0.0000,0.0000,0.0000,0.0000,0.0000,0.0000,0.0000,0.0015,0.0000,0.0000,0.0476,0.0476,-0.2516,-0.2516,0.0000
1791000746.2952,0.0200,0.1054,0.0000,0.0000,0.0000,0.0000,0.0000,0.0000,0.0000,-0.0015,0.0000,0.0000,0.0476,0.0476,-0.2516,-0.2516,0.0000
1791000746.3152,0.0200,0.0951,0.0000,0.0000,0.0000,0.0000,0.0000,0.0000,0.0000,0.0000,0.0000,0.0000,0.0476,0.0476,-0.2516,-0.2516,0.0000
1791000746.3352,0.0200,0.0937,0.0000,0.0000,0.0000,0.0000,0.0000,0.0000,0.0000,0.0015,0.0000,0.0000,0.0476,0.0476,-0.2516,-0.2516,0.0000
1791000746.3552,0.0200,0.0929,0.0000,0.0000,0.0000,0.0000,0.0000,0.0000,0.0000,-0.0015,0.0000,0.0000,0.0476,0.0476,-0.2516,-0.2516,0.0000
1791000746.3752,0.0200,0.0932,0.0000,0.0000,0.0000,0.0000,0.0000,0.0000,0.0000,0.0015,0.0000,0.0000,0.0476,0.0476,-0.2516,-0.2516,0.0000
1791000746.3952,0.0200,0.0957,0.0000,0.0000,0.0000,0.0000,0.0000,0.0000,0.0000,-0.0015,0.0000,0.0000,0.0476,0.0476,-0.2516,-0.2516,0.0000
1791000746.4152,0.0200,0.0938,0.0000,0.0000,0.0000,0.0000,0.0000,0.0000,0.0000,0.0000,0.0000,0.0000,0.0476,0.0476,-0.2516,-0.2516,0.0000
1791000746.4351,0.0200,0.0928,0.0000,0.0000,0.0000,0.0000,0.0000,0.0000,0.0000,0.0000,0.0000,0.0000,0.0476,0.0476,-0.2516,-0.2516,0.0000
1791000746.4552,0.0200,0.1052,0.0000,0.0000,0.0000,0.0000,0.0000,0.0000,0.0000,0.0015,0.0000,0.0000,0.0476,0.0476,-0.2516,-0.2516,0.0000
1791000746.4752,0.0200,0.0949,0.0000,0.0000,0.0000,0.0000,0.0000,0.0000,0.0000,0.0000,0.0000,0.0000,0.0476,0.0476,-0.2516,-0.2516,0.0000
1791000746.4950,0.0199,0.0930,0.0000,0.0000,0.0000,0.0000,0.0000,0.0000,0.0000,0.0000,0.0000,0.0000,0.0476,0.0476,-0.2516,-0.2516,0.0000
1791000746.5152,0.0201,0.0939,0.0000,0.0000,0.0000,0.0000,0.0000,0.0000,0.0000,0.0000,0.0000,0.0000,0.0476,0.0476,-0.2516,-0.2516,0.0000
1791000746.5352,0.0200,0.0934,0.0000,0.0000,0.0000,0.0000,0.0000,0.0000,0.0000,-0.0015,0.0000,0.0000,0.0476,0.0476,-0.2516,-0.2516,0.0000
1791000746.5551,0.0199,0.0928,0.0000,0.0000,0.0000,0.0000,0.0000,0.0000,0.0000,0.0015,0.0000,0.0000,0.0476,0.0476,-0.2516,-0.2516,0.0000
1791000746.5752,0.0201,0.0928,0.0000,0.0000,0.0000,0.0000,0.0000,0.0000,0.0000,-0.0015,0.0000,0.0000,0.0476,0.0476,-0.2516,-0.2516,0.0000
1791000746.5952,0.0200,0.0958,0.0000,0.0000,0.0000,0.0000,0.0000,0.0000,0.0000,0.0000,0.0000,0.0000,0.0476,0.0476,-0.2516,-0.2516,0.0000
1791000746.6152,0.0200,0.0939,0.0000,0.0000,0.0000,0.0000,0.0000,0.0000,0.0000,0.0000,0.0000,0.0000,0.0476,0.0506,-0.2516,-0.2516,0.0000
1791000746.6351,0.0200,0.0926,0.0000,0.0000,0.0000,0.0000,0.0000,0.0000,0.0000,0.0015,0.0000,0.0000,0.0476,0.0476,-0.2516,-0.2516,0.0000
1791000746.6551,0.0200,0.0937,0.0000,0.0000,0.0000,0.0000,0.0000,0.0000,0.0000,-0.0015,0.0000,0.0000,0.0476,0.0476,-0.2516,-0.2516,0.0000
1791000746.6752,0.0200,0.1455,0.0000,0.0000,0.0000,0.0000,0.0000,0.0000,0.0000,0.0000,0.0000,0.0000,0.0476,0.0476,-0.2516,-0.2516,0.0000
1791000746.6951,0.0200,0.0986,0.0000,0.0000,0.0000,0.0000,0.0000,0.0000,0.0000,0.0000,0.0000,0.0000,0.0476,0.0476,-0.2516,-0.2516,0.0000
1791000746.7151,0.0200,0.0984,0.0000,0.0000,0.0000,0.0000,0.0000,0.0000,0.0000,0.0015,0.0000,0.0000,0.0476,0.0476,-0.2516,-0.2516,0.0000
1791000746.7351,0.0200,0.1566,0.0000,0.0000,0.0000,0.0000,0.0000,0.0000,0.0000,0.0000,0.0000,0.0000,0.0476,0.0476,-0.2516,-0.2516,0.0000
1791000746.7552,0.0201,0.0978,0.0000,0.0000,0.0000,0.0000,0.0000,0.0000,0.0000,-0.0015,0.0000,0.0000,0.0476,0.0476,-0.2516,-0.2516,0.0000
1791000746.7751,0.0199,0.1548,0.0000,0.0000,0.0000,0.0000,0.0000,0.0000,0.0000,0.0015,0.0000,0.0000,0.0476,0.0476,-0.2516,-0.2516,0.0000
1791000746.7952,0.0201,0.0957,0.0000,0.0000,0.0000,0.0000,0.0000,0.0000,0.0000,-0.0015,0.0000,0.0000,0.0476,0.0476,-0.2516,-0.2516,0.0000
1791000746.8151,0.0199,0.0980,0.0000,0.0000,0.0000,0.0000,0.0000,0.0000,0.0000,0.0015,0.0000,0.0000,0.0476,0.0476,-0.2516,-0.2516,0.0000
1791000746.8352,0.0201,0.0984,0.0000,0.0000,0.0000,0.0000,0.0000,0.0000,0.0000,-0.0015,0.0000,0.0000,0.0476,0.0476,-0.2516,-0.2516,0.0000
1791000746.8550,0.0199,0.0974,0.0000,0.0000,0.0000,0.0000,0.0000,0.0000,0.0000,0.0015,0.0000,0.0000,0.0476,0.0506,-0.2516,-0.2516,0.0000
1791000746.8752,0.0201,0.1073,0.0000,0.0000,0.0000,0.0000,0.0000,0.0000,0.0000,0.0000,0.0000,0.0000,0.0476,0.0476,-0.2516,-0.2516,0.0000
1791000746.8952,0.0200,0.0991,0.0000,0.0000,0.0000,0.0000,0.0000,0.0000,0.0000,0.0000,0.0000,0.0000,0.0476,0.0476,-0.2516,-0.2516,0.0000
1791000746.9152,0.0200,0.0975,0.0000,0.0000,0.0000,0.0000,0.0000,0.0000,0.0000,0.0000,0.0000,0.0000,0.0476,0.0476,-0.2516,-0.2531,0.0000
1791000746.9352,0.0200,0.0974,0.0000,0.0000,0.0000,0.0000,0.0000,0.0000,0.0000,-0.0015,0.0000,0.0000,0.0476,0.0476,-0.2516,-0.2516,0.0000
1791000746.9552,0.0200,0.0977,0.0000,0.0000,0.0000,0.0000,0.0000,0.0000,0.0000,0.0015,0.0000,0.0000,0.0476,0.0476,-0.2516,-0.2516,0.0000
1791000746.9752,0.0200,0.0987,0.0000,0.0000,0.0000,0.0000,0.0000,0.0000,0.0000,-0.0015,0.0000,0.0000,0.0476,0.0476,-0.2516,-0.2516,0.0000
1791000746.9952,0.0200,0.0966,0.0000,0.0000,0.0000,0.0000,0.0000,0.0000,0.0000,0.0015,0.0000,0.0000,0.0476,0.0476,-0.2516,-0.2516,0.0000
1791000747.0152,0.0200,0.0940,0.0000,0.0000,0.0000,0.0000,0.0000,0.0000,0.0000,-0.0015,0.0000,0.0000,0.0476,0.0476,-0.2516,-0.2516,0.0000
1791000747.0351,0.0200,0.0941,0.0000,0.0000,0.0000,0.0000,0.0000,0.0000,0.0000,0.0015,0.0000,0.0000,0.0476,0.0476,-0.2516,-0.2516,0.0000
1791000747.0550,0.0199,0.0939,0.0000,0.0000,0.0000,0.0000,0.0000,0.0000,0.0000,0.0000,0.0000,0.0000,0.0476,0.0476,-0.2516,-0.2516,0.0000
1791000747.0752,0.0201,0.0996,0.0000,0.0000,0.0000,0.0000,0.0000,0.0000,0.0000,0.0000,0.0000,0.0000,0.0476,0.0476,-0.2516,-0.2516,0.0000
1791000747.0952,0.0200,0.0992,0.0000,0.0000,0.0000,0.0000,0.0000,0.0000,0.0000,-0.0015,0.0000,0.0000,0.0476,0.0476,-0.2516,-0.2516,0.0000
1791000747.1152,0.0200,0.0940,0.0000,0.0000,0.0000,0.0000,0.0000,0.0000,0.0000,0.0000,0.0000,0.0000,0.0476,0.0476,-0.2516,-0.2516,0.0000
1791000747.1352,0.0200,0.0940,0.0000,0.0000,0.0000,0.0000,0.0000,0.0000,0.0000,0.0015,0.0000,0.0000,0.0476,0.0476,-0.2516,-0.2516,0.0000
1791000747.1552,0.0200,0.0926,0.0000,0.0000,0.0000,0.0000,0.0000,0.0000,0.0000,0.0000,0.0000,0.0000,0.0476,0.0476,-0.2516,-0.2516,0.0000
1791000747.1750,0.0199,0.0950,0.0000,0.0000,0.0000,0.0000,0.0000,0.0000,0.0000,-0.0015,0.0000,0.0000,0.0476,0.0476,-0.2516,-0.2516,0.0000
1791000747.1952,0.0201,0.0961,0.0000,0.0000,0.0000,0.0000,0.0000,0.0000,0.0000,0.0015,0.0000,0.0000,0.0476,0.0476,-0.2516,-0.2516,0.0000
1791000747.2152,0.0200,0.0932,0.0000,0.0000,0.0000,0.0000,0.0000,0.0000,0.0000,0.0000,0.0000,0.0000,0.0476,0.0476,-0.2516,-0.2516,0.0000
1791000747.2351,0.0199,0.0936,0.0000,0.0000,0.0000,0.0000,0.0000,0.0000,0.0000,-0.0015,0.0000,0.0000,0.0476,0.0476,-0.2516,-0.2516,0.0000
1791000747.2552,0.0201,0.0926,0.0000,0.0000,0.0000,0.0000,0.0000,0.0000,0.0000,0.0015,0.0000,0.0000,0.0476,0.0476,-0.2516,-0.2516,0.0000
1791000747.2752,0.0200,0.0934,0.0000,0.0000,0.0000,0.0000,0.0000,0.0000,0.0000,-0.0015,0.0000,0.0000,0.0476,0.0476,-0.2516,-0.2516,0.0000
1791000747.2952,0.0200,0.1131,0.0000,0.0000,0.0000,0.0000,0.0000,0.0000,0.0000,0.0000,0.0000,0.0000,0.0476,0.0476,-0.2516,-0.2516,0.0000
1791000747.3150,0.0198,0.0936,0.0000,0.0000,0.0000,0.0000,0.0000,0.0000,0.0000,0.0000,0.0000,0.0000,0.0476,0.0476,-0.2516,-0.2516,0.0000
1791000747.3352,0.0202,0.0982,0.0000,0.0000,0.0000,0.0000,0.0000,0.0000,0.0000,0.0000,0.0000,0.0000,0.0476,0.0476,-0.2516,-0.2516,0.0000
1791000747.3552,0.0199,0.0934,0.0000,0.0000,0.0000,0.0000,0.0000,0.0000,0.0000,0.0015,0.0000,0.0000,0.0476,0.0476,-0.2516,-0.2516,0.0000
1791000747.3752,0.0200,0.0937,0.0000,0.0000,0.0000,0.0000,0.0000,0.0000,0.0000,0.0000,0.0000,0.0000,0.0476,0.0476,-0.2516,-0.2516,0.0000
1791000747.3952,0.0200,0.1029,0.0000,0.0000,0.0000,0.0000,0.0000,0.0000,0.0000,0.0000,0.0000,0.0000,0.0476,0.0476,-0.2516,-0.2516,0.0000
1791000747.4152,0.0200,0.0942,0.0000,0.0000,0.0000,0.0000,0.0000,0.0000,0.0000,0.0000,0.0000,0.0000,0.0476,0.0476,-0.2516,-0.2516,0.0000
1791000747.4352,0.0200,0.0936,0.0000,0.0000,0.0000,0.0000,0.0000,0.0000,0.0000,0.0000,0.0000,0.0000,0.0476,0.0476,-0.2516,-0.2516,0.0000
1791000747.4552,0.0200,0.0935,0.0000,0.0000,0.0000,0.0000,0.0000,0.0000,0.0000,0.0000,0.0000,0.0000,0.0476,0.0476,-0.2516,-0.2516,0.0000
1791000747.4752,0.0200,0.0931,0.0000,0.0000,0.0000,0.0000,0.0000,0.0000,0.0000,0.0000,0.0000,0.0000,0.0476,0.0476,-0.2516,-0.2516,0.0000
1791000747.4952,0.0200,0.1037,0.0000,0.0000,0.0000,0.0000,0.0000,0.0000,0.0000,0.0000,0.0000,0.0000,0.0476,0.0476,-0.2516,-0.2516,0.0000
1791000747.5151,0.0200,0.0970,0.0000,0.0000,0.0000,0.0000,0.0000,0.0000,0.0000,-0.0015,0.0000,0.0000,0.0476,0.0476,-0.2516,-0.2516,0.0000
1791000747.5352,0.0200,0.0930,0.0000,0.0000,0.0000,0.0000,0.0000,0.0000,0.0000,0.0015,0.0000,0.0000,0.0476,0.0476,-0.2516,-0.2516,0.0000
1791000747.5552,0.0200,0.0934,0.0000,0.0000,0.0000,0.0000,0.0000,0.0000,0.0000,-0.0015,0.0000,0.0000,0.0476,0.0476,-0.2516,-0.2516,0.0000
1791000747.5752,0.0200,0.0937,0.0000,0.0000,0.0000,0.0000,0.0000,0.0000,0.0000,0.0015,0.0000,0.0000,0.0476,0.0476,-0.2516,-0.2516,0.0000
1791000747.5952,0.0200,0.0955,0.0000,0.0000,0.0000,0.0000,0.0000,0.0000,0.0000,-0.0015,0.0000,0.0000,0.0476,0.0476,-0.2516,-0.2516,0.0000
1791000747.6151,0.0199,0.0928,0.0000,0.0000,0.0000,0.0000,0.0000,0.0000,0.0000,0.0015,0.0000,0.0000,0.0476,0.0476,-0.2516,-0.2516,0.0000
1791000747.6352,0.0201,0.0931,0.0000,0.0000,0.0000,0.0000,0.0000,0.0000,0.0000,-0.0015,0.0000,0.0000,0.0476,0.0476,-0.2516,-0.2516,0.0000
1791000747.6552,0.0200,0.0929,0.0000,0.0000,0.0000,0.0000,0.0000,0.0000,0.0000,0.0000,0.0000,0.0000,0.0476,0.0476,-0.2516,-0.2516,0.0000
1791000747.6752,0.0200,0.0931,0.0000,0.0000,0.0000,0.0000,0.0000,0.0000,0.0000,0.0000,0.0000,0.0000,0.0476,0.0476,-0.2516,-0.2516,0.0000
1791000747.6951,0.0200,0.0884,0.0000,0.0000,0.0000,0.0000,0.0000,0.0000,0.0000,0.0015,0.0000,0.0000,0.0476,0.0476,-0.2516,-0.2516,0.0000
1791000747.7152,0.0200,0.1084,0.0000,0.0000,0.0000,0.0000,0.0000,0.0000,0.0000,-0.0015,0.0000,0.0000,0.0476,0.0476,-0.2516,-0.2516,0.0000
1791000747.7351,0.0200,0.0940,0.0000,0.0000,0.0000,0.0000,0.0000,0.0000,0.0000,0.0015,0.0000,0.0000,0.0476,0.0476,-0.2516,-0.2516,0.0000
1791000747.7551,0.0200,0.1066,0.0000,0.0000,0.0000,0.0000,0.0000,0.0000,0.0000,-0.0015,0.0000,0.0000,0.0476,0.0476,-0.2516,-0.2516,0.0000
1791000747.7751,0.0200,0.0949,0.0000,0.0000,0.0000,0.0000,0.0000,0.0000,0.0000,0.0015,0.0000,0.0000,0.0476,0.0476,-0.2516,-0.2516,0.0000
1791000747.7951,0.0200,0.0955,0.0000,0.0000,0.0000,0.0000,0.0000,0.0000,0.0000,0.0000,0.0000,0.0000,0.0476,0.0476,-0.2516,-0.2516,0.0000
1791000747.8152,0.0200,0.0928,0.0000,0.0000,0.0000,0.0000,0.0000,0.0000,0.0000,-0.0015,0.0000,0.0000,0.0476,0.0476,-0.2516,-0.2516,0.0000
1791000747.8352,0.0200,0.0930,0.0000,0.0000,0.0000,0.0000,0.0000,0.0000,0.0000,0.0000,0.0000,0.0000,0.0476,0.0476,-0.2516,-0.2516,0.0000
1791000747.8552,0.0200,0.0928,0.0000,0.0000,0.0000,0.0000,0.0000,0.0000,0.0000,0.0000,0.0000,0.0000,0.0476,0.0476,-0.2516,-0.2516,0.0000
1791000747.8752,0.0200,0.0932,0.0000,0.0000,0.0000,0.0000,0.0000,0.0000,0.0000,0.0000,0.0000,0.0000,0.0476,0.0476,-0.2516,-0.2516,0.0000
1791000747.8952,0.0200,0.0927,0.0000,0.0000,0.0000,0.0000,0.0000,0.0000,0.0000,0.0015,0.0000,0.0000,0.0476,0.0476,-0.2516,-0.2516,0.0000
1791000747.9152,0.0200,0.0976,0.0000,0.0000,0.0000,0.0000,0.0000,0.0000,0.0000,0.0000,0.0000,0.0000,0.0476,0.0476,-0.2516,-0.2516,0.0000
1791000747.9352,0.0200,0.0934,0.0000,0.0000,0.0000,0.0000,0.0000,0.0000,0.0000,0.0000,0.0000,0.0000,0.0476,0.0476,-0.2516,-0.2516,0.0000
1791000747.9552,0.0200,0.0939,0.0000,0.0000,0.0000,0.0000,0.0000,0.0000,0.0000,0.0000,0.0000,0.0000,0.0476,0.0476,-0.2516,-0.2516,0.0000
1791000747.9752,0.0200,0.0937,0.0000,0.0000,0.0000,0.0000,0.0000,0.0000,0.0000,0.0000,0.0000,0.0000,0.0476,0.0476,-0.2516,-0.2516,0.0000
1791000747.9952,0.0200,0.0956,0.0000,0.0000,0.0000,0.0000,0.0000,0.0000,0.0000,0.0000,0.0000,0.0000,0.0476,0.0476,-0.2516,-0.2516,0.0000
1791000748.0152,0.0200,0.0879,0.0000,0.0000,0.0000,0.0000,0.0000,0.0000,0.0000,-0.0015,0.0000,0.0000,0.0476,0.0476,-0.2516,-0.2516,0.0000
1791000748.0352,0.0200,0.0933,0.0000,0.0000,0.0000,0.0000,0.0000,0.0000,0.0000,0.0015,0.0000,0.0000,0.0476,0.0476,-0.2516,-0.2500,0.0000
1791000748.0552,0.0200,0.0926,0.0000,0.0000,0.0000,0.0000,0.0000,0.0000,0.0000,0.0000,0.0000,0.0000,0.0476,0.0476,-0.2516,-0.2516,0.0000
1791000748.0751,0.0200,0.0972,0.0000,0.0000,0.0000,0.0000,0.0000,0.0000,0.0000,-0.0015,0.0000,0.0000,0.0476,0.0476,-0.2516,-0.2516,0.0000
1791000748.0952,0.0200,0.0936,0.0000,0.0000,0.0000,0.0000,0.0000,0.0000,0.0000,0.0015,0.0000,0.0000,0.0476,0.0476,-0.2516,-0.2516,0.0000
1791000748.1151,0.0200,0.0980,0.0000,0.0000,0.0000,0.0000,0.0000,0.0000,0.0000,0.0000,0.0000,0.0000,0.0476,0.0506,-0.2516,-0.2516,0.0000
1791000748.1351,0.0200,0.0963,0.0000,0.0000,0.0000,0.0000,0.0000,0.0000,0.0000,0.0000,0.0000,0.0000,0.0476,0.0476,-0.2516,-0.2516,0.0000
1791000748.1551,0.0200,0.0937,0.0000,0.0000,0.0000,0.0000,0.0000,0.0000,0.0000,0.0000,0.0000,0.0000,0.0476,0.0476,-0.2516,-0.2516,0.0000
1791000748.1752,0.0200,0.0944,0.0000,0.0000,0.0000,0.0000,0.0000,0.0000,0.0000,-0.0015,0.0000,0.0000,0.0476,0.0476,-0.2516,-0.2531,0.0000
1791000748.1952,0.0200,0.0963,0.0000,0.0000,0.0000,0.0000,0.0000,0.0000,0.0000,0.0015,0.0000,0.0000,0.0476,0.0476,-0.2516,-0.2516,0.0000
1791000748.2151,0.0200,0.0922,0.0000,0.0000,0.0000,0.0000,0.0000,0.0000,0.0000,-0.0015,0.0000,0.0000,0.0476,0.0476,-0.2516,-0.2516,0.0000
1791000748.2352,0.0200,0.0933,0.0000,0.0000,0.0000,0.0000,0.0000,0.0000,0.0000,0.0000,0.0000,0.0000,0.0476,0.0476,-0.2516,-0.2531,0.0000
1791000748.2552,0.0200,0.0930,0.0000,0.0000,0.0000,0.0000,0.0000,0.0000,0.0000,0.0015,0.0000,0.0000,0.0476,0.0476,-0.2516,-0.2516,0.0000
1791000748.2752,0.0200,0.0937,0.0000,0.0000,0.0000,0.0000,0.0000,0.0000,0.0000,-0.0015,0.0000,0.0000,0.0476,0.0476,-0.2516,-0.2516,0.0000
1791000748.2952,0.0200,0.0939,0.0000,0.0000,0.0000,0.0000,0.0000,0.0000,0.0000,0.0015,0.0000,0.0000,0.0476,0.0476,-0.2516,-0.2516,0.0000
1791000748.3151,0.0200,0.0945,0.0000,0.0000,0.0000,0.0000,0.0000,0.0000,0.0000,0.0000,0.0000,0.0000,0.0476,0.0476,-0.2516,-0.2516,0.0000
1791000748.3351,0.0200,0.1057,0.0000,0.0000,0.0000,0.0000,0.0000,0.0000,0.0000,0.0000,0.0000,0.0000,0.0476,0.0506,-0.2516,-0.2516,0.0000
1791000748.3552,0.0200,0.0941,0.0000,0.0000,0.0000,0.0000,0.0000,0.0000,0.0000,0.0000,0.0000,0.0000,0.0476,0.0476,-0.2516,-0.2516,0.0000
1791000748.3752,0.0200,0.0956,0.0000,0.0000,0.0000,0.0000,0.0000,0.0000,0.0000,-0.0015,0.0000,0.0000,0.0476,0.0476,-0.2516,-0.2516,0.0000
1791000748.3952,0.0200,0.0966,0.0000,0.0000,0.0000,0.0000,0.0000,0.0000,0.0000,0.0000,0.0000,0.0000,0.0476,0.0476,-0.2516,-0.2516,0.0000
1791000748.4152,0.0200,0.0953,0.0000,0.0000,0.0000,0.0000,0.0000,0.0000,0.0000,0.0015,0.0000,0.0000,0.0476,0.0476,-0.2516,-0.2516,0.0000
1791000748.4352,0.0200,0.0937,0.0000,0.0000,0.0000,0.0000,0.0000,0.0000,0.0000,-0.0015,0.0000,0.0000,0.0476,0.0476,-0.2516,-0.2516,0.0000
1791000748.4552,0.0200,0.0934,0.0000,0.0000,0.0000,0.0000,0.0000,0.0000,0.0000,0.0000,0.0000,0.0000,0.0476,0.0476,-0.2516,-0.2516,0.0000
1791000748.4752,0.0200,0.0934,0.0000,0.0000,0.0000,0.0000,0.0000,0.0000,0.0000,0.0015,0.0000,0.0000,0.0476,0.0476,-0.2516,-0.2516,0.0000
1791000748.4951,0.0200,0.0937,0.0000,0.0000,0.0000,0.0000,0.0000,0.0000,0.0000,0.0000,0.0000,0.0000,0.0476,0.0476,-0.2516,-0.2516,0.0000
1791000748.5152,0.0200,0.0933,0.0000,0.0000,0.0000,0.0000,0.0000,0.0000,0.0000,-0.0015,0.0000,0.0000,0.0476,0.0476,-0.2516,-0.2516,0.0000
1791000748.5352,0.0200,0.1002,0.0000,0.0000,0.0000,0.0000,0.0000,0.0000,0.0000,0.0000,0.0000,0.0000,0.0476,0.0506,-0.2516,-0.2516,0.0000
1791000748.5551,0.0199,0.0944,0.0000,0.0000,0.0000,0.0000,0.0000,0.0000,0.0000,0.0015,0.0000,0.0000,0.0476,0.0506,-0.2516,-0.2516,0.0000
1791000748.5752,0.0200,0.0932,0.0000,0.0000,0.0000,0.0000,0.0000,0.0000,0.0000,-0.0015,0.0000,0.0000,0.0476,0.0476,-0.2516,-0.2516,0.0000
1791000748.5952,0.0200,0.0947,0.0000,0.0000,0.0000,0.0000,0.0000,0.0000,0.0000,0.0015,0.0000,0.0000,0.0476,0.0476,-0.2516,-0.2516,0.0000
1791000748.6152,0.0200,0.0935,0.0000,0.0000,0.0000,0.0000,0.0000,0.0000,0.0000,0.0000,0.0000,0.0000,0.0476,0.0476,-0.2516,-0.2516,0.0000
1791000748.6352,0.0200,0.0936,0.0000,0.0000,0.0000,0.0000,0.0000,0.0000,0.0000,-0.0015,0.0000,0.0000,0.0476,0.0476,-0.2516,-0.2516,0.0000
1791000748.6552,0.0200,0.0942,0.0000,0.0000,0.0000,0.0000,0.0000,0.0000,0.0000,0.0015,0.0000,0.0000,0.0476,0.0476,-0.2516,-0.2516,0.0000
1791000748.6752,0.0200,0.0926,0.0000,0.0000,0.0000,0.0000,0.0000,0.0000,0.0000,0.0000,0.0000,0.0000,0.0476,0.0476,-0.2516,-0.2516,0.0000
1791000748.6951,0.0200,0.0937,0.0000,0.0000,0.0000,0.0000,0.0000,0.0000,0.0000,-0.0015,0.0000,0.0000,0.0476,0.0476,-0.2516,-0.2516,0.0000
1791000748.7152,0.0200,0.0943,0.0000,0.0000,0.0000,0.0000,0.0000,0.0000,0.0000,0.0015,0.0000,0.0000,0.0476,0.0476,-0.2516,-0.2516,0.0000
1791000748.7351,0.0199,0.0932,0.0000,0.0000,0.0000,0.0000,0.0000,0.0000,0.0000,-0.0015,0.0000,0.0000,0.0476,0.0476,-0.2516,-0.2516,0.0000
1791000748.7551,0.0200,0.1088,0.0000,0.0000,0.0000,0.0000,0.0000,0.0000,0.0000,0.0000,0.0000,0.0000,0.0476,0.0476,-0.2516,-0.2516,0.0000
1791000748.7751,0.0200,0.0976,0.0000,0.0000,0.0000,0.0000,0.0000,0.0000,0.0000,0.0000,0.0000,0.0000,0.0476,0.0476,-0.2516,-0.2516,0.0000
1791000748.7952,0.0200,0.0952,0.0000,0.0000,0.0000,0.0000,0.0000,0.0000,0.0000,0.0015,0.0000,0.0000,0.0476,0.0476,-0.2516,-0.2516,0.0000
1791000748.8152,0.0200,0.0932,0.0000,0.0000,0.0000,0.0000,0.0000,0.0000,0.0000,0.0000,0.0000,0.0000,0.0476,0.0476,-0.2516,-0.2516,0.0000
1791000748.8352,0.0200,0.0924,0.0000,0.0000,0.0000,0.0000,0.0000,0.0000,0.0000,0.0000,0.0000,0.0000,0.0476,0.0476,-0.2516,-0.2516,0.0000
1791000748.8552,0.0200,0.0938,0.0000,0.0000,0.0000,0.0000,0.0000,0.0000,0.0000,0.0000,0.0000,0.0000,0.0476,0.0476,-0.2516,-0.2516,0.0000
1791000748.8752,0.0200,0.0937,0.0000,0.0000,0.0000,0.0000,0.0000,0.0000,0.0000,0.0000,0.0000,0.0000,0.0476,0.0476,-0.2516,-0.2516,0.0000
1791000748.8952,0.0200,0.0940,0.0000,0.0000,0.0000,0.0000,0.0000,0.0000,0.0000,-0.0015,0.0000,0.0000,0.0476,0.0476,-0.2516,-0.2516,0.0000
1791000748.9151,0.0200,0.0934,0.0000,0.0000,0.0000,0.0000,0.0000,0.0000,0.0000,0.0000,0.0000,0.0000,0.0476,0.0476,-0.2516,-0.2516,0.0000
1791000748.9352,0.0200,0.0931,0.0000,0.0000,0.0000,0.0000,0.0000,0.0000,0.0000,0.0015,0.0000,0.0000,0.0476,0.0476,-0.2516,-0.2516,0.0000
1791000748.9552,0.0200,0.1081,0.0000,0.0000,0.0000,0.0000,0.0000,0.0000,0.0000,0.0000,0.0000,0.0000,0.0476,0.0476,-0.2516,-0.2516,0.0000
1791000748.9751,0.0200,0.0947,0.0000,0.0000,0.0000,0.0000,0.0000,0.0000,0.0000,-0.0015,0.0000,0.0000,0.0476,0.0476,-0.2516,-0.2516,0.0000
1791000748.9951,0.0200,0.0954,0.0000,0.0000,0.0000,0.0000,0.0000,0.0000,0.0000,0.0000,0.0000,0.0000,0.0476,0.0476,-0.2516,-0.2516,0.0000
1791000749.0151,0.0200,0.0930,0.0000,0.0000,0.0000,0.0000,0.0000,0.0000,0.0000,0.0015,0.0000,0.0000,0.0476,0.0476,-0.2516,-0.2516,0.0000
1791000749.0351,0.0200,0.0941,0.0000,0.0000,0.0000,0.0000,0.0000,0.0000,0.0000,-0.0015,0.0000,0.0000,0.0476,0.0476,-0.2516,-0.2516,0.0000
1791000749.0552,0.0201,0.0951,0.0000,0.0000,0.0000,0.0000,0.0000,0.0000,0.0000,0.0015,0.0000,0.0000,0.0476,0.0476,-0.2516,-0.2516,0.0000
1791000749.0751,0.0199,0.0941,0.0000,0.0000,0.0000,0.0000,0.0000,0.0000,0.0000,0.0000,0.0000,0.0000,0.0476,0.0476,-0.2516,-0.2516,0.0000
1791000749.0952,0.0201,0.0945,0.0000,0.0000,0.0000,0.0000,0.0000,0.0000,0.0000,0.0000,0.0000,0.0000,0.0476,0.0476,-0.2516,-0.2516,0.0000
1791000749.1152,0.0200,0.0945,0.0000,0.0000,0.0000,0.0000,0.0000,0.0000,0.0000,0.0000,0.0000,0.0000,0.0476,0.0476,-0.2516,-0.2516,0.0000
1791000749.1352,0.0200,0.0938,0.0000,0.0000,0.0000,0.0000,0.0000,0.0000,0.0000,0.0000,0.0000,0.0000,0.0476,0.0476,-0.2516,-0.2516,0.0000
1791000749.1551,0.0200,0.1022,0.0000,0.0000,0.0000,0.0000,0.0000,0.0000,0.0000,0.0000,0.0000,0.0000,0.0476,0.0476,-0.2516,-0.2516,0.0000
1791000749.1752,0.0200,0.0956,0.0000,0.0000,0.0000,0.0000,0.0000,0.0000,0.0000,-0.0015,0.0000,0.0000,0.0476,0.0476,-0.2516,-0.2516,0.0000
1791000749.1952,0.0200,0.0956,0.0000,0.0000,0.0000,0.0000,0.0000,0.0000,0.0000,0.0000,0.0000,0.0000,0.0476,0.0476,-0.2516,-0.2516,0.0000
1791000749.2151,0.0200,0.0942,0.0000,0.0000,0.0000,0.0000,0.0000,0.0000,0.0000,0.0015,0.0000,0.0000,0.0476,0.0476,-0.2516,-0.2516,0.0000
1791000749.2352,0.0200,0.0932,0.0000,0.0000,0.0000,0.0000,0.0000,0.0000,0.0000,-0.0015,0.0000,0.0000,0.0476,0.0476,-0.2516,-0.2516,0.0000
1791000749.2552,0.0200,0.0932,0.0000,0.0000,0.0000,0.0000,0.0000,0.0000,0.0000,0.0000,0.0000,0.0000,0.0476,0.0476,-0.2516,-0.2516,0.0000
1791000749.2751,0.0200,0.0940,0.0000,0.0000,0.0000,0.0000,0.0000,0.0000,0.0000,0.0000,0.0000,0.0000,0.0476,0.0476,-0.2516,-0.2516,0.0000
1791000749.2951,0.0200,0.1123,0.0000,0.0000,0.0000,0.0000,0.0000,0.0000,0.0000,0.0000,0.0000,0.0000,0.0476,0.0476,-0.2516,-0.2516,0.0000
1791000749.3150,0.0199,0.1005,0.0000,0.0000,0.0000,0.0000,0.0000,0.0000,0.0000,0.0000,0.0000,0.0000,0.0476,0.0476,-0.2516,-0.2516,0.0000
1791000749.3350,0.0200,0.1016,0.0000,0.0000,0.0000,0.0000,0.0000,0.0000,0.0000,0.0000,0.0000,0.0000,0.0476,0.0476,-0.2516,-0.2516,0.0000
1791000749.3550,0.0200,0.1211,0.0000,0.0000,0.0000,0.0000,0.0000,0.0000,0.0000,0.0000,0.0000,0.0000,0.0476,0.0476,-0.2516,-0.2516,0.0000
1791000749.3750,0.0200,0.0508,0.0000,0.0000,0.0000,0.0000,0.0000,0.0000,0.0000,0.0015,0.0000,0.0000,0.0476,0.0476,-0.2516,-0.2516,0.0000
1791000749.3950,0.0200,0.0521,0.0000,0.0000,0.0000,0.0000,0.0000,0.0000,0.0000,0.0000,0.0000,0.0000,0.0476,0.0476,-0.2516,-0.2516,0.0000
1791000749.4151,0.0201,0.0773,0.0000,0.0000,0.0000,0.0000,0.0000,0.0000,0.0000,0.0000,0.0000,0.0000,0.0476,0.0476,-0.2516,-0.2516,0.0000
1791000749.4351,0.0200,0.0766,0.0000,0.0000,0.0000,0.0000,0.0000,0.0000,0.0000,-0.0015,0.0000,0.0000,0.0476,0.0476,-0.2516,-0.2516,0.0000
1791000749.4551,0.0201,0.0985,0.0000,0.0000,0.0000,0.0000,0.0000,0.0000,0.0000,0.0015,0.0000,0.0000,0.0476,0.0476,-0.2516,-0.2516,0.0000
1791000749.4751,0.0200,0.0973,0.0000,0.0000,0.0000,0.0000,0.0000,0.0000,0.0000,0.0000,0.0000,0.0000,0.0476,0.0476,-0.2516,-0.2516,0.0000
1791000749.4951,0.0200,0.0971,0.0000,0.0000,0.0000,0.0000,0.0000,0.0000,0.0000,0.0000,0.0000,0.0000,0.0476,0.0476,-0.2516,-0.2516,0.0000
1791000749.5151,0.0200,0.0937,0.0000,0.0000,0.0000,0.0000,0.0000,0.0000,0.0000,-0.0015,0.0000,0.0000,0.0476,0.0476,-0.2516,-0.2516,0.0000
1791000749.5351,0.0200,0.0939,0.0000,0.0000,0.0000,0.0000,0.0000,0.0000,0.0000,0.0015,0.0000,0.0000,0.0476,0.0476,-0.2516,-0.2516,0.0000
1791000749.5551,0.0200,0.0936,0.0000,0.0000,0.0000,0.0000,0.0000,0.0000,0.0000,-0.0015,0.0000,0.0000,0.0476,0.0476,-0.2516,-0.2516,0.0000
1791000749.5750,0.0199,0.1202,0.0000,0.0000,0.0000,0.0000,0.0000,0.0000,0.0000,0.0000,0.0000,0.0000,0.0476,0.0476,-0.2516,-0.2516,0.0000
1791000749.5951,0.0201,0.0750,0.0000,0.0000,0.0000,0.0000,0.0000,0.0000,0.0000,0.0015,0.0000,0.0000,0.0476,0.0476,-0.2516,-0.2516,0.0000
1791000749.6151,0.0200,0.0725,0.0000,0.0000,0.0000,0.0000,0.0000,0.0000,0.0000,-0.0015,0.0000,0.0000,0.0476,0.0476,-0.2516,-0.2516,0.0000
1791000749.6351,0.0200,0.0939,0.0000,0.0000,0.0000,0.0000,0.0000,0.0000,0.0000,0.0000,0.0000,0.0000,0.0476,0.0476,-0.2516,-0.2516,0.0000
1791000749.6551,0.0200,0.0937,0.0000,0.0000,0.0000,0.0000,0.0000,0.0000,0.0000,0.0015,0.0000,0.0000,0.0476,0.0476,-0.2516,-0.2516,0.0000
1791000749.6752,0.0200,0.0939,0.0000,0.0000,0.0000,0.0000,0.0000,0.0000,0.0000,-0.0015,0.0000,0.0000,0.0476,0.0476,-0.2516,-0.2516,0.0000
1791000749.6951,0.0200,0.0937,0.0000,0.0000,0.0000,0.0000,0.0000,0.0000,0.0000,0.0000,0.0000,0.0000,0.0476,0.0476,-0.2516,-0.2516,0.0000
1791000749.7151,0.0200,0.0939,0.0000,0.0000,0.0000,0.0000,0.0000,0.0000,0.0000,0.0015,0.0000,0.0000,0.0476,0.0476,-0.2516,-0.2516,0.0000
1791000749.7351,0.0200,0.0938,0.0000,0.0000,0.0000,0.0000,0.0000,0.0000,0.0000,0.0000,0.0000,0.0000,0.0476,0.0476,-0.2516,-0.2516,0.0000
1791000749.7551,0.0200,0.0934,0.0000,0.0000,0.0000,0.0000,0.0000,0.0000,0.0000,0.0000,0.0000,0.0000,0.0476,0.0476,-0.2516,-0.2516,0.0000
1791000749.7751,0.0200,0.0936,0.0000,0.0000,0.0000,0.0000,0.0000,0.0000,0.0000,-0.0015,0.0000,0.0000,0.0476,0.0476,-0.2516,-0.2516,0.0000
1791000749.7952,0.0200,0.1423,0.0000,0.0000,0.0000,0.0000,0.0000,0.0000,0.0000,0.0015,0.0000,0.0000,0.0476,0.0476,-0.2516,-0.2516,0.0000
1791000749.8151,0.0200,0.0942,0.0000,0.0000,0.0000,0.0000,0.0000,0.0000,0.0000,0.0000,0.0000,0.0000,0.0476,0.0476,-0.2516,-0.2516,0.0000
1791000749.8351,0.0200,0.0943,0.0000,0.0000,0.0000,0.0000,0.0000,0.0000,0.0000,0.0000,0.0000,0.0000,0.0476,0.0476,-0.2516,-0.2516,0.0000
1791000749.8552,0.0200,0.0935,0.0000,0.0000,0.0000,0.0000,0.0000,0.0000,0.0000,0.0000,0.0000,0.0000,0.0476,0.0476,-0.2516,-0.2516,0.0000
1791000749.8752,0.0200,0.0929,0.0000,0.0000,0.0000,0.0000,0.0000,0.0000,0.0000,0.0000,0.0000,0.0000,0.0476,0.0476,-0.2516,-0.2516,0.0000
1791000749.8952,0.0201,0.0938,0.0000,0.0000,0.0000,0.0000,0.0000,0.0000,0.0000,0.0000,0.0000,0.0000,0.0476,0.0476,-0.2516,-0.2516,0.0000
1791000749.9152,0.0200,0.0970,0.0000,0.0000,0.0000,0.0000,0.0000,0.0000,0.0000,0.0000,0.0000,0.0000,0.0476,0.0476,-0.2516,-0.2516,0.0000
1791000749.9352,0.0200,0.0930,0.0000,0.0000,0.0000,0.0000,0.0000,0.0000,0.0000,0.0000,0.0000,0.0000,0.0476,0.0476,-0.2516,-0.2516,0.0000
1791000749.9552,0.0200,0.1016,0.0000,0.0000,0.0000,0.0000,0.0000,0.0000,0.0000,0.0000,0.0000,0.0000,0.0476,0.0476,-0.2516,-0.2516,0.0000
1791000749.9751,0.0200,0.0957,0.0000,0.0000,0.0000,0.0000,0.0000,0.0000,0.0000,-0.0015,0.0000,0.0000,0.0476,0.0476,-0.2516,-0.2516,0.0000
1791000749.9951,0.0200,0.1181,0.0000,0.0000,0.0000,0.0000,0.0000,0.0000,0.0000,0.0000,0.0000,0.0000,0.0476,0.0476,-0.2516,-0.2516,0.0000
1791000750.0151,0.0200,0.0981,0.0000,0.0000,0.0000,0.0000,0.0000,0.0000,0.0000,0.0015,0.0000,0.0000,0.0476,0.0476,-0.2516,-0.2516,0.0000
1791000750.0351,0.0200,0.0950,0.0000,0.0000,0.0000,0.0000,0.0000,0.0000,0.0000,-0.0015,0.0000,0.0000,0.0476,0.0476,-0.2516,-0.2516,0.0000
1791000750.0551,0.0200,0.0997,0.0000,0.0000,0.0000,0.0000,0.0000,0.0000,0.0000,0.0000,0.0000,0.0000,0.0476,0.0476,-0.2516,-0.2516,0.0000
1791000750.0751,0.0200,0.1127,0.0000,0.0000,0.0000,0.0000,0.0000,0.0000,0.0000,0.0015,0.0000,0.0000,0.0476,0.0476,-0.2516,-0.2516,0.0000
1791000750.0952,0.0201,0.2415,0.0000,0.0000,0.0000,0.0000,0.0000,0.0000,0.0000,0.0000,0.0000,0.0000,0.0476,0.0506,-0.2516,-0.2516,0.0000
1791000750.1151,0.0199,0.0819,0.0000,0.0000,0.0000,0.0000,0.0000,0.0000,0.0000,0.0000,0.0000,0.0000,0.0476,0.0476,-0.2516,-0.2516,0.0000
1791000750.1351,0.0201,0.1001,0.0000,0.0000,0.0000,0.0000,0.0000,0.0000,0.0000,0.0000,0.0000,0.0000,0.0476,0.0476,-0.2516,-0.2516,0.0000
1791000750.1551,0.0200,0.0950,0.0000,0.0000,0.0000,0.0000,0.0000,0.0000,0.0000,-0.0015,0.0000,0.0000,0.0476,0.0476,-0.2516,-0.2516,0.0000
1791000750.1752,0.0200,0.0935,0.0000,0.0000,0.0000,0.0000,0.0000,0.0000,0.0000,0.0015,0.0000,0.0000,0.0476,0.0476,-0.2516,-0.2516,0.0000
1791000750.1952,0.0200,0.0959,0.0000,0.0000,0.0000,0.0000,0.0000,0.0000,0.0000,0.0000,0.0000,0.0000,0.0476,0.0476,-0.2516,-0.2516,0.0000
1791000750.2151,0.0200,0.1000,0.0000,0.0000,0.0000,0.0000,0.0000,0.0000,0.0000,-0.0015,0.0000,0.0000,0.0476,0.0476,-0.2516,-0.2516,0.0000
1791000750.2351,0.0200,0.1034,0.0000,0.0000,0.0000,0.0000,0.0000,0.0000,0.0000,0.0000,0.0000,0.0000,0.0476,0.0476,-0.2516,-0.2516,0.0000
1791000750.2551,0.0200,0.1017,0.0000,0.0000,0.0000,0.0000,0.0000,0.0000,0.0000,0.0015,0.0000,0.0000,0.0476,0.0476,-0.2516,-0.2516,0.0000
1791000750.2751,0.0200,0.1032,0.0000,0.0000,0.0000,0.0000,0.0000,0.0000,0.0000,-0.0015,0.0000,0.0000,0.0476,0.0476,-0.2516,-0.2516,0.0000
1791000750.2951,0.0200,0.1069,0.0000,0.0000,0.0000,0.0000,0.0000,0.0000,0.0000,0.0000,0.0000,0.0000,0.0476,0.0476,-0.2516,-0.2516,0.0000
1791000750.3152,0.0200,0.0991,0.0000,0.0000,0.0000,0.0000,0.0000,0.0000,0.0000,0.0000,0.0000,0.0000,0.0476,0.0476,-0.2516,-0.2516,0.0000
1791000750.3351,0.0200,0.0943,0.0000,0.0000,0.0000,0.0000,0.0000,0.0000,0.0000,0.0000,0.0000,0.0000,0.0476,0.0476,-0.2516,-0.2516,0.0000
1791000750.3551,0.0200,0.0945,0.0000,0.0000,0.0000,0.0000,0.0000,0.0000,0.0000,0.0000,0.0000,0.0000,0.0476,0.0476,-0.2516,-0.2516,0.0000
1791000750.3751,0.0200,0.0940,0.0000,0.0000,0.0000,0.0000,0.0000,0.0000,0.0000,0.0015,0.0000,0.0000,0.0476,0.0476,-0.2516,-0.2516,0.0000
1791000750.3951,0.0200,0.0961,0.0000,0.0000,0.0000,0.0000,0.0000,0.0000,0.0000,0.0000,0.0000,0.0000,0.0476,0.0476,-0.2516,-0.2516,0.0000
1791000750.4151,0.0200,0.1036,0.0000,0.0000,0.0000,0.0000,0.0000,0.0000,0.0000,0.0000,0.0000,0.0000,0.0476,0.0476,-0.2516,-0.2516,0.0000
1791000750.4352,0.0200,0.0958,0.0000,0.0000,0.0000,0.0000,0.0000,0.0000,0.0000,-0.0015,0.0000,0.0000,0.0476,0.0476,-0.2516,-0.2516,0.0000
1791000750.4552,0.0200,0.0933,0.0000,0.0000,0.0000,0.0000,0.0000,0.0000,0.0000,0.0000,0.0000,0.0000,0.0476,0.0476,-0.2516,-0.2516,0.0000
1791000750.4752,0.0200,0.0928,0.0000,0.0000,0.0000,0.0000,0.0000,0.0000,0.0000,0.0015,0.0000,0.0000,0.0476,0.0476,-0.2516,-0.2516,0.0000
1791000750.4951,0.0200,0.0933,0.0000,0.0000,0.0000,0.0000,0.0000,0.0000,0.0000,0.0000,0.0000,0.0000,0.0476,0.0476,-0.2516,-0.2516,0.0000
1791000750.5152,0.0201,0.0935,0.0000,0.0000,0.0000,0.0000,0.0000,0.0000,0.0000,-0.0015,0.0000,0.0000,0.0476,0.0476,-0.2516,-0.2516,0.0000
1791000750.5352,0.0200,0.0933,0.0000,0.0000,0.0000,0.0000,0.0000,0.0000,0.0000,0.0000,0.0000,0.0000,0.0476,0.0476,-0.2516,-0.2516,0.0000
1791000750.5552,0.0200,0.0939,0.0000,0.0000,0.0000,0.0000,0.0000,0.0000,0.0000,0.0015,0.0000,0.0000,0.0476,0.0476,-0.2516,-0.2516,0.0000
1791000750.5752,0.0200,0.0940,0.0000,0.0000,0.0000,0.0000,0.0000,0.0000,0.0000,0.0000,0.0000,0.0000,0.0476,0.0476,-0.2516,-0.2516,0.0000
1791000750.5952,0.0200,0.0955,0.0000,0.0000,0.0000,0.0000,0.0000,0.0000,0.0000,0.0000,0.0000,0.0000,0.0476,0.0476,-0.2516,-0.2516,0.0000
1791000750.6151,0.0199,0.1019,0.0000,0.0000,0.0000,0.0000,0.0000,0.0000,0.0000,0.0000,0.0000,0.0000,0.0476,0.0476,-0.2516,-0.2516,0.0000
1791000750.6351,0.0200,0.0952,0.0000,0.0000,0.0000,0.0000,0.0000,0.0000,0.0000,-0.0015,0.0000,0.0000,0.0476,0.0476,-0.2516,-0.2516,0.0000
1791000750.6552,0.0200,0.0942,0.0000,0.0000,0.0000,0.0000,0.0000,0.0000,0.0000,0.0000,0.0000,0.0000,0.0476,0.0476,-0.2516,-0.2516,0.0000
1791000750.6752,0.0200,0.0930,0.0000,0.0000,0.0000,0.0000,0.0000,0.0000,0.0000,0.0000,0.0000,0.0000,0.0476,0.0476,-0.2516,-0.2516,0.0000
1791000750.6952,0.0200,0.0936,0.0000,0.0000,0.0000,0.0000,0.0000,0.0000,0.0000,0.0015,0.0000,0.0000,0.0476,0.0476,-0.2516,-0.2516,0.0000
1791000750.7151,0.0200,0.0940,0.0000,0.0000,0.0000,0.0000,0.0000,0.0000,0.0000,-0.0015,0.0000,0.0000,0.0476,0.0476,-0.2516,-0.2516,0.0000
1791000750.7351,0.0200,0.0941,0.0000,0.0000,0.0000,0.0000,0.0000,0.0000,0.0000,0.0015,0.0000,0.0000,0.0476,0.0476,-0.2516,-0.2516,0.0000
1791000750.7550,0.0199,0.2661,0.0000,0.0000,0.0000,0.0000,0.0000,0.0000,0.0000,-0.0015,0.0000,0.0000,0.0476,0.0506,-0.2516,-0.2516,0.0000
1791000750.7751,0.0201,0.0934,0.0000,0.0000,0.0000,0.0000,0.0000,0.0000,0.0000,0.0015,0.0000,0.0000,0.0476,0.0476,-0.2516,-0.2516,0.0000
1791000750.7952,0.0200,0.0957,0.0000,0.0000,0.0000,0.0000,0.0000,0.0000,0.0000,-0.0015,0.0000,0.0000,0.0476,0.0476,-0.2516,-0.2516,0.0000
1791000750.8152,0.0200,0.0936,0.0000,0.0000,0.0000,0.0000,0.0000,0.0000,0.0000,0.0000,0.0000,0.0000,0.0476,0.0476,-0.2516,-0.2516,0.0000
1791000750.8351,0.0200,0.1049,0.0000,0.0000,0.0000,0.0000,0.0000,0.0000,0.0000,0.0000,0.0000,0.0000,0.0476,0.0476,-0.2516,-0.2516,0.0000
1791000750.8550,0.0199,0.1024,0.0000,0.0000,0.0000,0.0000,0.0000,0.0000,0.0000,0.0015,0.0000,0.0000,0.0476,0.0476,-0.2516,-0.2516,0.0000
1791000750.8751,0.0201,0.0936,0.0000,0.0000,0.0000,0.0000,0.0000,0.0000,0.0000,-0.0015,0.0000,0.0000,0.0476,0.0476,-0.2516,-0.2516,0.0000
1791000750.8951,0.0200,0.0944,0.0000,0.0000,0.0000,0.0000,0.0000,0.0000,0.0000,0.0015,0.0000,0.0000,0.0476,0.0476,-0.2516,-0.2516,0.0000
1791000750.9151,0.0200,0.0946,0.0000,0.0000,0.0000,0.0000,0.0000,0.0000,0.0000,0.0000,0.0000,0.0000,0.0476,0.0476,-0.2516,-0.2516,0.0000
1791000750.9352,0.0200,0.0936,0.0000,0.0000,0.0000,0.0000,0.0000,0.0000,0.0000,0.0000,0.0000,0.0000,0.0476,0.0476,-0.2516,-0.2516,0.0000
1791000750.9552,0.0200,0.0946,0.0000,0.0000,0.0000,0.0000,0.0000,0.0000,0.0000,-0.0015,0.0000,0.0000,0.0476,0.0476,-0.2516,-0.2516,0.0000
1791000750.9751,0.0199,0.0968,0.0000,0.0000,0.0000,0.0000,0.0000,0.0000,0.0000,0.0015,0.0000,0.0000,0.0476,0.0476,-0.2516,-0.2516,0.0000
1791000750.9952,0.0200,0.0970,0.0000,0.0000,0.0000,0.0000,0.0000,0.0000,0.0000,-0.0015,0.0000,0.0000,0.0476,0.0476,-0.2516,-0.2516,0.0000
1791000751.0152,0.0200,0.0942,0.0000,0.0000,0.0000,0.0000,0.0000,0.0000,0.0000,0.0000,0.0000,0.0000,0.0476,0.0476,-0.2516,-0.2516,0.0000
1791000751.0352,0.0200,0.1057,0.0000,0.0000,0.0000,0.0000,0.0000,0.0000,0.0000,0.0015,0.0000,0.0000,0.0476,0.0476,-0.2516,-0.2516,0.0000
1791000751.0551,0.0200,0.0943,0.0000,0.0000,0.0000,0.0000,0.0000,0.0000,0.0000,-0.0015,0.0000,0.0000,0.0476,0.0476,-0.2516,-0.2516,0.0000
1791000751.0751,0.0200,0.0947,0.0000,0.0000,0.0000,0.0000,0.0000,0.0000,0.0000,0.0015,0.0000,0.0000,0.0476,0.0476,-0.2516,-0.2516,0.0000
1791000751.0952,0.0201,0.0955,0.0000,0.0000,0.0000,0.0000,0.0000,0.0000,0.0000,-0.0015,0.0000,0.0000,0.0476,0.0476,-0.2516,-0.2516,0.0000
1791000751.1152,0.0200,0.0937,0.0000,0.0000,0.0000,0.0000,0.0000,0.0000,0.0000,0.0015,0.0000,0.0000,0.0476,0.0476,-0.2516,-0.2516,0.0000
1791000751.1351,0.0199,0.0928,0.0000,0.0000,0.0000,0.0000,0.0000,0.0000,0.0000,0.0000,0.0000,0.0000,0.0476,0.0476,-0.2516,-0.2516,0.0000
1791000751.1552,0.0200,0.0935,0.0000,0.0000,0.0000,0.0000,0.0000,0.0000,0.0000,-0.0015,0.0000,0.0000,0.0476,0.0476,-0.2516,-0.2516,0.0000
1791000751.1752,0.0200,0.0938,0.0000,0.0000,0.0000,0.0000,0.0000,0.0000,0.0000,0.0000,0.0000,0.0000,0.0476,0.0476,-0.2516,-0.2516,0.0000
1791000751.1952,0.0200,0.0970,0.0000,0.0000,0.0000,0.0000,0.0000,0.0000,0.0000,0.0000,0.0000,0.0000,0.0476,0.0476,-0.2516,-0.2516,0.0000
1791000751.2152,0.0200,0.0937,0.0000,0.0000,0.0000,0.0000,0.0000,0.0000,0.0000,0.0000,0.0000,0.0000,0.0476,0.0476,-0.2516,-0.2516,0.0000
1791000751.2352,0.0200,0.0969,0.0000,0.0000,0.0000,0.0000,0.0000,0.0000,0.0000,0.0015,0.0000,0.0000,0.0476,0.0476,-0.2516,-0.2516,0.0000
1791000751.2551,0.0200,0.1026,0.0000,0.0000,0.0000,0.0000,0.0000,0.0000,0.0000,0.0000,0.0000,0.0000,0.0476,0.0476,-0.2516,-0.2516,0.0000
1791000751.2752,0.0200,0.0943,0.0000,0.0000,0.0000,0.0000,0.0000,0.0000,0.0000,0.0000,0.0000,0.0000,0.0476,0.0476,-0.2516,-0.2516,0.0000
1791000751.2952,0.0200,0.1165,0.0000,0.0000,0.0000,0.0000,0.0000,0.0000,0.0000,0.0000,0.0000,0.0000,0.0476,0.0476,-0.2516,-0.2516,0.0000
1791000751.3152,0.0200,0.0944,0.0000,0.0000,0.0000,0.0000,0.0000,0.0000,0.0000,0.0000,0.0000,0.0000,0.0476,0.0476,-0.2516,-0.2516,0.0000
1791000751.3352,0.0200,0.1045,0.0000,0.0000,0.0000,0.0000,0.0000,0.0000,0.0000,0.0000,0.0000,0.0000,0.0476,0.0476,-0.2516,-0.2516,0.0000
1791000751.3551,0.0200,0.0955,0.0000,0.0000,0.0000,0.0000,0.0000,0.0000,0.0000,0.0000,0.0000,0.0000,0.0476,0.0476,-0.2516,-0.2516,0.0000
1791000751.3752,0.0200,0.0951,0.0000,0.0000,0.0000,0.0000,0.0000,0.0000,0.0000,-0.0015,0.0000,0.0000,0.0476,0.0476,-0.2516,-0.2516,0.0000
1791000751.3951,0.0200,0.0969,0.0000,0.0000,0.0000,0.0000,0.0000,0.0000,0.0000,0.0015,0.0000,0.0000,0.0476,0.0476,-0.2516,-0.2516,0.0000
1791000751.4151,0.0200,0.0953,0.0000,0.0000,0.0000,0.0000,0.0000,0.0000,0.0000,-0.0015,0.0000,0.0000,0.0476,0.0476,-0.2516,-0.2516,0.0000
1791000751.4351,0.0200,0.0946,0.0000,0.0000,0.0000,0.0000,0.0000,0.0000,0.0000,0.0015,0.0000,0.0000,0.0476,0.0476,-0.2516,-0.2516,0.0000
1791000751.4551,0.0200,0.1290,0.0000,0.0000,0.0000,0.0000,0.0000,0.0000,0.0000,0.0000,0.0000,0.0000,0.0476,0.0476,-0.2516,-0.2516,0.0000
1791000751.4752,0.0200,0.0942,0.0000,0.0000,0.0000,0.0000,0.0000,0.0000,0.0000,0.0000,0.0000,0.0000,0.0476,0.0476,-0.2516,-0.2516,0.0000
1791000751.4951,0.0200,0.0936,0.0000,0.0000,0.0000,0.0000,0.0000,0.0000,0.0000,-0.0015,0.0000,0.0000,0.0476,0.0476,-0.2516,-0.2516,0.0000
1791000751.5151,0.0200,0.0936,0.0000,0.0000,0.0000,0.0000,0.0000,0.0000,0.0000,0.0000,0.0000,0.0000,0.0476,0.0476,-0.2516,-0.2516,0.0000
1791000751.5350,0.0199,0.0934,0.0000,0.0000,0.0000,0.0000,0.0000,0.0000,0.0000,0.0000,0.0000,0.0000,0.0476,0.0476,-0.2516,-0.2516,0.0000
1791000751.5551,0.0201,0.0936,0.0000,0.0000,0.0000,0.0000,0.0000,0.0000,0.0000,0.0000,0.0000,0.0000,0.0476,0.0476,-0.2516,-0.2516,0.0000
1791000751.5751,0.0200,0.0890,0.0000,0.0000,0.0000,0.0000,0.0000,0.0000,0.0000,0.0000,0.0000,0.0000,0.0476,0.0476,-0.2516,-0.2516,0.0000
1791000751.5951,0.0200,0.0907,0.0000,0.0000,0.0000,0.0000,0.0000,0.0000,0.0000,0.0000,0.0000,0.0000,0.0476,0.0476,-0.2516,-0.2516,0.0000
1791000751.6151,0.0200,0.0891,0.0000,0.0000,0.0000,0.0000,0.0000,0.0000,0.0000,0.0015,0.0000,0.0000,0.0476,0.0476,-0.2516,-0.2516,0.0000
1791000751.6352,0.0201,0.0886,0.0000,0.0000,0.0000,0.0000,0.0000,0.0000,0.0000,-0.0015,0.0000,0.0000,0.0476,0.0506,-0.2516,-0.2516,0.0000
1791000751.6550,0.0199,0.1054,0.0000,0.0000,0.0000,0.0000,0.0000,0.0000,0.0000,0.0000,0.0000,0.0000,0.0476,0.0476,-0.2516,-0.2516,0.0000
1791000751.6751,0.0201,0.0912,0.0000,0.0000,0.0000,0.0000,0.0000,0.0000,0.0000,0.0000,0.0000,0.0000,0.0476,0.0476,-0.2516,-0.2516,0.0000
1791000751.6952,0.0200,0.0887,0.0000,0.0000,0.0000,0.0000,0.0000,0.0000,0.0000,0.0015,0.0000,0.0000,0.0476,0.0476,-0.2516,-0.2516,0.0000
1791000751.7152,0.0200,0.0903,0.0000,0.0000,0.0000,0.0000,0.0000,0.0000,0.0000,-0.0015,0.0000,0.0000,0.0476,0.0476,-0.2516,-0.2516,0.0000
1791000751.7351,0.0200,0.0891,0.0000,0.0000,0.0000,0.0000,0.0000,0.0000,0.0000,0.0000,0.0000,0.0000,0.0476,0.0476,-0.2516,-0.2516,0.0000
1791000751.7551,0.0200,0.0901,0.0000,0.0000,0.0000,0.0000,0.0000,0.0000,0.0000,0.0015,0.0000,0.0000,0.0476,0.0476,-0.2516,-0.2516,0.0000
1791000751.7751,0.0200,0.0895,0.0000,0.0000,0.0000,0.0000,0.0000,0.0000,0.0000,-0.0015,0.0000,0.0000,0.0476,0.0476,-0.2516,-0.2516,0.0000
1791000751.7951,0.0200,0.0905,0.0000,0.0000,0.0000,0.0000,0.0000,0.0000,0.0000,0.0000,0.0000,0.0000,0.0476,0.0476,-0.2516,-0.2516,0.0000
1791000751.8151,0.0200,0.0888,0.0000,0.0000,0.0000,0.0000,0.0000,0.0000,0.0000,0.0015,0.0000,0.0000,0.0476,0.0476,-0.2516,-0.2516,0.0000
1791000751.8351,0.0200,0.0892,0.0000,0.0000,0.0000,0.0000,0.0000,0.0000,0.0000,-0.0015,0.0000,0.0000,0.0476,0.0476,-0.2516,-0.2516,0.0000
1791000751.8551,0.0200,0.0889,0.0000,0.0000,0.0000,0.0000,0.0000,0.0000,0.0000,0.0015,0.0000,0.0000,0.0476,0.0476,-0.2516,-0.2516,0.0000
1791000751.8751,0.0200,0.0934,0.0000,0.0000,0.0000,0.0000,0.0000,0.0000,0.0000,-0.0015,0.0000,0.0000,0.0476,0.0476,-0.2516,-0.2516,0.0000
1791000751.8951,0.0200,0.0892,0.0000,0.0000,0.0000,0.0000,0.0000,0.0000,0.0000,0.0015,0.0000,0.0000,0.0476,0.0476,-0.2516,-0.2516,0.0000
1791000751.9152,0.0200,0.0884,0.0000,0.0000,0.0000,0.0000,0.0000,0.0000,0.0000,-0.0015,0.0000,0.0000,0.0476,0.0476,-0.2516,-0.2516,0.0000
1791000751.9351,0.0200,0.0892,0.0000,0.0000,0.0000,0.0000,0.0000,0.0000,0.0000,0.0000,0.0000,0.0000,0.0476,0.0476,-0.2516,-0.2516,0.0000
1791000751.9550,0.0199,0.0912,0.0000,0.0000,0.0000,0.0000,0.0000,0.0000,0.0000,0.0015,0.0000,0.0000,0.0476,0.0476,-0.2516,-0.2516,0.0000
1791000751.9752,0.0202,0.0906,0.0000,0.0000,0.0000,0.0000,0.0000,0.0000,0.0000,-0.0015,0.0000,0.0000,0.0476,0.0476,-0.2516,-0.2516,0.0000
1791000751.9952,0.0200,0.0904,0.0000,0.0000,0.0000,0.0000,0.0000,0.0000,0.0000,0.0015,0.0000,0.0000,0.0476,0.0476,-0.2516,-0.2516,0.0000
1791000752.0152,0.0200,0.0889,0.0000,0.0000,0.0000,0.0000,0.0000,0.0000,0.0000,-0.0015,0.0000,0.0000,0.0476,0.0476,-0.2516,-0.2516,0.0000
1791000752.0351,0.0200,0.0889,0.0000,0.0000,0.0000,0.0000,0.0000,0.0000,0.0000,0.0015,0.0000,0.0000,0.0476,0.0476,-0.2516,-0.2516,0.0000
1791000752.0552,0.0200,0.0895,0.0000,0.0000,0.0000,0.0000,0.0000,0.0000,0.0000,0.0000,0.0000,0.0000,0.0476,0.0476,-0.2516,-0.2516,0.0000
1791000752.0751,0.0200,0.1083,0.0000,0.0000,0.0000,0.0000,0.0000,0.0000,0.0000,0.0000,0.0000,0.0000,0.0476,0.0476,-0.2516,-0.2516,0.0000
1791000752.0951,0.0200,0.0921,0.0000,0.0000,0.0000,0.0000,0.0000,0.0000,0.0000,-0.0015,0.0000,0.0000,0.0476,0.0506,-0.2516,-0.2516,0.0000
1791000752.1151,0.0200,0.0735,0.0000,0.0000,0.0000,0.0000,0.0000,0.0000,0.0000,0.0015,0.0000,0.0000,0.0476,0.0476,-0.2516,-0.2516,0.0000
1791000752.1351,0.0200,0.0690,0.0000,0.0000,0.0000,0.0000,0.0000,0.0000,0.0000,-0.0015,0.0000,0.0000,0.0476,0.0476,-0.2516,-0.2516,0.0000
1791000752.1551,0.0200,0.0726,0.0000,0.0000,0.0000,0.0000,0.0000,0.0000,0.0000,0.0015,0.0000,0.0000,0.0476,0.0476,-0.2516,-0.2516,0.0000
1791000752.1751,0.0200,0.0893,0.0000,0.0000,0.0000,0.0000,0.0000,0.0000,0.0000,0.0000,0.0000,0.0000,0.0476,0.0476,-0.2516,-0.2516,0.0000
1791000752.1951,0.0200,0.0908,0.0000,0.0000,0.0000,0.0000,0.0000,0.0000,0.0000,0.0000,0.0000,0.0000,0.0476,0.0476,-0.2516,-0.2516,0.0000
1791000752.2151,0.0200,0.0882,0.0000,0.0000,0.0000,0.0000,0.0000,0.0000,0.0000,0.0000,0.0000,0.0000,0.0476,0.0476,-0.2516,-0.2516,0.0000
1791000752.2352,0.0200,0.0904,0.0000,0.0000,0.0000,0.0000,0.0000,0.0000,0.0000,-0.0015,0.0000,0.0000,0.0476,0.0476,-0.2516,-0.2516,0.0000
1791000752.2552,0.0200,0.0898,0.0000,0.0000,0.0000,0.0000,0.0000,0.0000,0.0000,0.0015,0.0000,0.0000,0.0476,0.0476,-0.2516,-0.2516,0.0000
1791000752.2751,0.0200,0.0995,0.0000,0.0000,0.0000,0.0000,0.0000,0.0000,0.0000,0.0000,0.0000,0.0000,0.0476,0.0506,-0.2516,-0.2516,0.0000
1791000752.2952,0.0200,0.0997,0.0000,0.0000,0.0000,0.0000,0.0000,0.0000,0.0000,-0.0015,0.0000,0.0000,0.0476,0.0476,-0.2516,-0.2516,0.0000
1791000752.3152,0.0200,0.0936,0.0000,0.0000,0.0000,0.0000,0.0000,0.0000,0.0000,0.0000,0.0000,0.0000,0.0476,0.0476,-0.2516,-0.2516,0.0000
1791000752.3352,0.0200,0.0907,0.0000,0.0000,0.0000,0.0000,0.0000,0.0000,0.0000,0.0015,0.0000,0.0000,0.0476,0.0476,-0.2516,-0.2531,0.0000
1791000752.3551,0.0200,0.0904,0.0000,0.0000,0.0000,0.0000,0.0000,0.0000,0.0000,-0.0015,0.0000,0.0000,0.0476,0.0476,-0.2516,-0.2516,0.0000
1791000752.3751,0.0200,0.0905,0.0000,0.0000,0.0000,0.0000,0.0000,0.0000,0.0000,0.0015,0.0000,0.0000,0.0476,0.0476,-0.2516,-0.2516,0.0000
1791000752.3952,0.0200,0.0941,0.0000,0.0000,0.0000,0.0000,0.0000,0.0000,0.0000,0.0000,0.0000,0.0000,0.0476,0.0476,-0.2516,-0.2531,0.0000
1791000752.4151,0.0200,0.0887,0.0000,0.0000,0.0000,0.0000,0.0000,0.0000,0.0000,0.0000,0.0000,0.0000,0.0476,0.0476,-0.2516,-0.2516,0.0000
1791000752.4352,0.0200,0.0911,0.0000,0.0000,0.0000,0.0000,0.0000,0.0000,0.0000,0.0000,0.0000,0.0000,0.0476,0.0476,-0.2516,-0.2516,0.0000
1791000752.4552,0.0200,0.0901,0.0000,0.0000,0.0000,0.0000,0.0000,0.0000,0.0000,0.0000,0.0000,0.0000,0.0476,0.0476,-0.2516,-0.2516,0.0000
1791000752.4751,0.0200,0.0892,0.0000,0.0000,0.0000,0.0000,0.0000,0.0000,0.0000,-0.0015,0.0000,0.0000,0.0476,0.0476,-0.2516,-0.2516,0.0000
1791000752.4952,0.0200,0.0929,0.0000,0.0000,0.0000,0.0000,0.0000,0.0000,0.0000,0.0000,0.0000,0.0000,0.0476,0.0476,-0.2516,-0.2516,0.0000
1791000752.5151,0.0200,0.0917,0.0000,0.0000,0.0000,0.0000,0.0000,0.0000,0.0000,0.0000,0.0000,0.0000,0.0476,0.0476,-0.2516,-0.2516,0.0000
1791000752.5352,0.0200,0.0892,0.0000,0.0000,0.0000,0.0000,0.0000,0.0000,0.0000,0.0000,0.0000,0.0000,0.0476,0.0476,-0.2516,-0.2516,0.0000
1791000752.5551,0.0199,0.0901,0.0000,0.0000,0.0000,0.0000,0.0000,0.0000,0.0000,0.0000,0.0000,0.0000,0.0476,0.0476,-0.2516,-0.2516,0.0000
1791000752.5752,0.0201,0.0890,0.0000,0.0000,0.0000,0.0000,0.0000,0.0000,0.0000,0.0015,0.0000,0.0000,0.0476,0.0476,-0.2516,-0.2516,0.0000
1791000752.5952,0.0200,0.0912,0.0000,0.0000,0.0000,0.0000,0.0000,0.0000,0.0000,-0.0015,0.0000,0.0000,0.0476,0.0476,-0.2516,-0.2516,0.0000
1791000752.6152,0.0201,0.0884,0.0000,0.0000,0.0000,0.0000,0.0000,0.0000,0.0000,0.0000,0.0000,0.0000,0.0476,0.0476,-0.2516,-0.2516,0.0000
1791000752.6351,0.0199,0.0891,0.0000,0.0000,0.0000,0.0000,0.0000,0.0000,0.0000,0.0015,0.0000,0.0000,0.0476,0.0506,-0.2516,-0.2516,0.0000
1791000752.6551,0.0200,0.0893,0.0000,0.0000,0.0000,0.0000,0.0000,0.0000,0.0000,0.0000,0.0000,0.0000,0.0476,0.0476,-0.2516,-0.2516,0.0000
1791000752.6752,0.0200,0.0882,0.0000,0.0000,0.0000,0.0000,0.0000,0.0000,0.0000,-0.0015,0.0000,0.0000,0.0476,0.0476,-0.2516,-0.2516,0.0000
1791000752.6952,0.0200,0.0984,0.0000,0.0000,0.0000,0.0000,0.0000,0.0000,0.0000,0.0015,0.0000,0.0000,0.0476,0.0476,-0.2516,-0.2516,0.0000
1791000752.7152,0.0200,0.0907,0.0000,0.0000,0.0000,0.0000,0.0000,0.0000,0.0000,0.0000,0.0000,0.0000,0.0476,0.0476,-0.2516,-0.2516,0.0000
1791000752.7352,0.0200,0.0886,0.0000,0.0000,0.0000,0.0000,0.0000,0.0000,0.0000,0.0000,0.0000,0.0000,0.0476,0.0476,-0.2516,-0.2516,0.0000
1791000752.7551,0.0200,0.0937,0.0000,0.0000,0.0000,0.0000,0.0000,0.0000,0.0000,-0.0015,0.0000,0.0000,0.0476,0.0476,-0.2516,-0.2516,0.0000
1791000752.7751,0.0200,0.0887,0.0000,0.0000,0.0000,0.0000,0.0000,0.0000,0.0000,0.0000,0.0000,0.0000,0.0476,0.0476,-0.2516,-0.2516,0.0000
1791000752.7951,0.0200,0.0907,0.0000,0.0000,0.0000,0.0000,0.0000,0.0000,0.0000,0.0000,0.0000,0.0000,0.0476,0.0476,-0.2516,-0.2516,0.0000
1791000752.8151,0.0200,0.0887,0.0000,0.0000,0.0000,0.0000,0.0000,0.0000,0.0000,0.0015,0.0000,0.0000,0.0476,0.0476,-0.2516,-0.2516,0.0000
1791000752.8351,0.0200,0.0887,0.0000,0.0000,0.0000,0.0000,0.0000,0.0000,0.0000,-0.0015,0.0000,0.0000,0.0476,0.0476,-0.2516,-0.2516,0.0000
1791000752.8551,0.0200,0.0888,0.0000,0.0000,0.0000,0.0000,0.0000,0.0000,0.0000,0.0000,0.0000,0.0000,0.0476,0.0476,-0.2516,-0.2516,0.0000
1791000752.8752,0.0200,0.0932,0.0000,0.0000,0.0000,0.0000,0.0000,0.0000,0.0000,0.0000,0.0000,0.0000,0.0476,0.0476,-0.2516,-0.2516,0.0000
1791000752.8951,0.0200,0.1027,0.0000,0.0000,0.0000,0.0000,0.0000,0.0000,0.0000,0.0000,0.0000,0.0000,0.0476,0.0476,-0.2516,-0.2516,0.0000
1791000752.9152,0.0200,0.1293,0.0000,0.0000,0.0000,0.0000,0.0000,0.0000,0.0000,0.0015,0.0000,0.0000,0.0476,0.0476,-0.2516,-0.2516,0.0000
1791000752.9352,0.0200,0.0934,0.0000,0.0000,0.0000,0.0000,0.0000,0.0000,0.0000,0.0000,0.0000,0.0000,0.0476,0.0476,-0.2516,-0.2516,0.0000
1791000752.9552,0.0200,0.0940,0.0000,0.0000,0.0000,0.0000,0.0000,0.0000,0.0000,-0.0015,0.0000,0.0000,0.0476,0.0476,-0.2516,-0.2516,0.0000
1791000752.9752,0.0200,0.0930,0.0000,0.0000,0.0000,0.0000,0.0000,0.0000,0.0000,0.0000,0.0000,0.0000,0.0476,0.0476,-0.2516,-0.2516,0.0000
1791000752.9951,0.0200,0.0959,0.0000,0.0000,0.0000,0.0000,0.0000,0.0000,0.0000,0.0000,0.0000,0.0000,0.0476,0.0476,-0.2516,-0.2516,0.0000
1791000753.0151,0.0200,0.0932,0.0000,0.0000,0.0000,0.0000,0.0000,0.0000,0.0000,0.0015,0.0000,0.0000,0.0476,0.0476,-0.2516,-0.2516,0.0000
1791000753.0352,0.0200,0.0932,0.0000,0.0000,0.0000,0.0000,0.0000,0.0000,0.0000,-0.0015,0.0000,0.0000,0.0476,0.0476,-0.2516,-0.2516,0.0000
1791000753.0552,0.0200,0.0936,0.0000,0.0000,0.0000,0.0000,0.0000,0.0000,0.0000,0.0000,0.0000,0.0000,0.0476,0.0476,-0.2516,-0.2516,0.0000
1791000753.0751,0.0199,0.0948,0.0000,0.0000,0.0000,0.0000,0.0000,0.0000,0.0000,0.0000,0.0000,0.0000,0.0476,0.0476,-0.2516,-0.2516,0.0000
1791000753.0952,0.0201,0.0957,0.0000,0.0000,0.0000,0.0000,0.0000,0.0000,0.0000,0.0000,0.0000,0.0000,0.0476,0.0476,-0.2516,-0.2516,0.0000
1791000753.1152,0.0200,0.1029,0.0000,0.0000,0.0000,0.0000,0.0000,0.0000,0.0000,0.0000,0.0000,0.0000,0.0476,0.0476,-0.2516,-0.2516,0.0000
1791000753.1350,0.0199,0.0946,0.0000,0.0000,0.0000,0.0000,0.0000,0.0000,0.0000,0.0000,0.0000,0.0000,0.0476,0.0476,-0.2516,-0.2516,0.0000
1791000753.1550,0.0200,0.0962,0.0000,0.0000,0.0000,0.0000,0.0000,0.0000,0.0000,0.0015,0.0000,0.0000,0.0476,0.0476,-0.2516,-0.2516,0.0000
1791000753.1752,0.0201,0.0955,0.0000,0.0000,0.0000,0.0000,0.0000,0.0000,0.0000,-0.0015,0.0000,0.0000,0.0476,0.0476,-0.2516,-0.2516,0.0000
1791000753.1952,0.0200,0.0969,0.0000,0.0000,0.0000,0.0000,0.0000,0.0000,0.0000,0.0015,0.0000,0.0000,0.0476,0.0476,-0.2516,-0.2516,0.0000
1791000753.2151,0.0200,0.0939,0.0000,0.0000,0.0000,0.0000,0.0000,0.0000,0.0000,0.0000,0.0000,0.0000,0.0476,0.0476,-0.2516,-0.2516,0.0000
1791000753.2351,0.0200,0.0934,0.0000,0.0000,0.0000,0.0000,0.0000,0.0000,0.0000,0.0000,0.0000,0.0000,0.0476,0.0476,-0.2516,-0.2516,0.0000
1791000753.2551,0.0200,0.0934,0.0000,0.0000,0.0000,0.0000,0.0000,0.0000,0.0000,0.0000,0.0000,0.0000,0.0476,0.0476,-0.2516,-0.2516,0.0000
1791000753.2751,0.0200,0.0932,0.0000,0.0000,0.0000,0.0000,0.0000,0.0000,0.0000,0.0000,0.0000,0.0000,0.0476,0.0476,-0.2516,-0.2516,0.0000
1791000753.2951,0.0200,0.0929,0.0000,0.0000,0.0000,0.0000,0.0000,0.0000,0.0000,0.0000,0.0000,0.0000,0.0476,0.0476,-0.2516,-0.2516,0.0000
1791000753.3151,0.0200,0.1016,0.0000,0.0000,0.0000,0.0000,0.0000,0.0000,0.0000,0.0000,0.0000,0.0000,0.0476,0.0476,-0.2516,-0.2516,0.0000
1791000753.3351,0.0200,0.0934,0.0000,0.0000,0.0000,0.0000,0.0000,0.0000,0.0000,-0.0015,0.0000,0.0000,0.0476,0.0476,-0.2516,-0.2516,0.0000
1791000753.3552,0.0200,0.0942,0.0000,0.0000,0.0000,0.0000,0.0000,0.0000,0.0000,0.0015,0.0000,0.0000,0.0476,0.0476,-0.2516,-0.2516,0.0000
1791000753.3752,0.0200,0.0972,0.0000,0.0000,0.0000,0.0000,0.0000,0.0000,0.0000,-0.0015,0.0000,0.0000,0.0476,0.0476,-0.2516,-0.2516,0.0000
1791000753.3952,0.0200,0.0993,0.0000,0.0000,0.0000,0.0000,0.0000,0.0000,0.0000,0.0015,0.0000,0.0000,0.0476,0.0476,-0.2516,-0.2516,0.0000
1791000753.4152,0.0200,0.0967,0.0000,0.0000,0.0000,0.0000,0.0000,0.0000,0.0000,0.0000,0.0000,0.0000,0.0476,0.0476,-0.2516,-0.2516,0.0000
1791000753.4352,0.0200,0.0978,0.0000,0.0000,0.0000,0.0000,0.0000,0.0000,0.0000,0.0000,0.0000,0.0000,0.0476,0.0476,-0.2516,-0.2516,0.0000
1791000753.4552,0.0200,0.0974,0.0000,0.0000,0.0000,0.0000,0.0000,0.0000,0.0000,-0.0015,0.0000,0.0000,0.0476,0.0476,-0.2516,-0.2516,0.0000
1791000753.4752,0.0200,0.0969,0.0000,0.0000,0.0000,0.0000,0.0000,0.0000,0.0000,0.0000,0.0000,0.0000,0.0476,0.0476,-0.2516,-0.2516,0.0000
1791000753.4952,0.0200,0.0973,0.0000,0.0000,0.0000,0.0000,0.0000,0.0000,0.0000,0.0000,0.0000,0.0000,0.0476,0.0476,-0.2516,-0.2516,0.0000
1791000753.5151,0.0200,0.0978,0.0000,0.0000,0.0000,0.0000,0.0000,0.0000,0.0000,0.0000,0.0000,0.0000,0.0476,0.0506,-0.2516,-0.2516,0.0000
1791000753.5352,0.0201,0.1026,0.0000,0.0000,0.0000,0.0000,0.0000,0.0000,0.0000,0.0015,0.0000,0.0000,0.0476,0.0476,-0.2516,-0.2516,0.0000
1791000753.5551,0.0199,0.0962,0.0000,0.0000,0.0000,0.0000,0.0000,0.0000,0.0000,0.0000,0.0000,0.0000,0.0476,0.0506,-0.2516,-0.2516,0.0000
1791000753.5752,0.0201,0.0972,0.0000,0.0000,0.0000,0.0000,0.0000,0.0000,0.0000,-0.0015,0.0000,0.0000,0.0476,0.0476,-0.2516,-0.2516,0.0000
1791000753.5952,0.0200,0.0990,0.0000,0.0000,0.0000,0.0000,0.0000,0.0000,0.0000,0.0000,0.0000,0.0000,0.0476,0.0476,-0.2516,-0.2516,0.0000
1791000753.6151,0.0199,0.0957,0.0000,0.0000,0.0000,0.0000,0.0000,0.0000,0.0000,0.0015,0.0000,0.0000,0.0476,0.0476,-0.2516,-0.2516,0.0000
1791000753.6352,0.0201,0.0966,0.0000,0.0000,0.0000,0.0000,0.0000,0.0000,0.0000,0.0000,0.0000,0.0000,0.0476,0.0476,-0.2516,-0.2516,0.0000
1791000753.6551,0.0199,0.0965,0.0000,0.0000,0.0000,0.0000,0.0000,0.0000,0.0000,0.0000,0.0000,0.0000,0.0476,0.0476,-0.2516,-0.2516,0.0000
1791000753.6752,0.0200,0.0970,0.0000,0.0000,0.0000,0.0000,0.0000,0.0000,0.0000,-0.0015,0.0000,0.0000,0.0476,0.0476,-0.2516,-0.2516,0.0000
1791000753.6952,0.0200,0.0970,0.0000,0.0000,0.0000,0.0000,0.0000,0.0000,0.0000,0.0000,0.0000,0.0000,0.0476,0.0476,-0.2516,-0.2531,0.0000
1791000753.7152,0.0200,0.0975,0.0000,0.0000,0.0000,0.0000,0.0000,0.0000,0.0000,0.0015,0.0000,0.0000,0.0476,0.0476,-0.2516,-0.2516,0.0000
1791000753.7352,0.0200,0.1051,0.0000,0.0000,0.0000,0.0000,0.0000,0.0000,0.0000,0.0000,0.0000,0.0000,0.0476,0.0476,-0.2516,-0.2516,0.0000
1791000753.7551,0.0200,0.0984,0.0000,0.0000,0.0000,0.0000,0.0000,0.0000,0.0000,0.0000,0.0000,0.0000,0.0476,0.0476,-0.2516,-0.2516,0.0000
1791000753.7751,0.0200,0.0971,0.0000,0.0000,0.0000,0.0000,0.0000,0.0000,0.0000,0.0000,0.0000,0.0000,0.0476,0.0476,-0.2516,-0.2516,0.0000
1791000753.7951,0.0200,0.0995,0.0000,0.0000,0.0000,0.0000,0.0000,0.0000,0.0000,-0.0015,0.0000,0.0000,0.0476,0.0476,-0.2516,-0.2516,0.0000
1791000753.8150,0.0199,0.0976,0.0000,0.0000,0.0000,0.0000,0.0000,0.0000,0.0000,0.0015,0.0000,0.0000,0.0476,0.0476,-0.2516,-0.2516,0.0000
1791000753.8352,0.0201,0.0967,0.0000,0.0000,0.0000,0.0000,0.0000,0.0000,0.0000,-0.0015,0.0000,0.0000,0.0476,0.0476,-0.2516,-0.2516,0.0000
1791000753.8551,0.0200,0.0974,0.0000,0.0000,0.0000,0.0000,0.0000,0.0000,0.0000,0.0000,0.0000,0.0000,0.0476,0.0476,-0.2516,-0.2516,0.0000
1791000753.8752,0.0200,0.0967,0.0000,0.0000,0.0000,0.0000,0.0000,0.0000,0.0000,0.0000,0.0000,0.0000,0.0476,0.0476,-0.2516,-0.2516,0.0000
1791000753.8951,0.0200,0.0975,0.0000,0.0000,0.0000,0.0000,0.0000,0.0000,0.0000,0.0000,0.0000,0.0000,0.0476,0.0476,-0.2516,-0.2516,0.0000
1791000753.9152,0.0200,0.0974,0.0000,0.0000,0.0000,0.0000,0.0000,0.0000,0.0000,0.0000,0.0000,0.0000,0.0476,0.0476,-0.2516,-0.2516,0.0000
1791000753.9352,0.0200,0.0968,0.0000,0.0000,0.0000,0.0000,0.0000,0.0000,0.0000,0.0015,0.0000,0.0000,0.0476,0.0476,-0.2516,-0.2516,0.0000
1791000753.9551,0.0200,0.0980,0.0000,0.0000,0.0000,0.0000,0.0000,0.0000,0.0000,0.0000,0.0000,0.0000,0.0476,0.0476,-0.2516,-0.2516,0.0000
1791000753.9751,0.0200,0.0974,0.0000,0.0000,0.0000,0.0000,0.0000,0.0000,0.0000,-0.0015,0.0000,0.0000,0.0476,0.0476,-0.2516,-0.2516,0.0000
1791000753.9951,0.0200,0.0994,0.0000,0.0000,0.0000,0.0000,0.0000,0.0000,0.0000,0.0015,0.0000,0.0000,0.0476,0.0476,-0.2516,-0.2516,0.0000
1791000754.0151,0.0200,0.0966,0.0000,0.0000,0.0000,0.0000,0.0000,0.0000,0.0000,-0.0015,0.0000,0.0000,0.0476,0.0476,-0.2516,-0.2516,0.0000
1791000754.0352,0.0201,0.0964,0.0000,0.0000,0.0000,0.0000,0.0000,0.0000,0.0000,0.0015,0.0000,0.0000,0.0476,0.0506,-0.2516,-0.2516,0.0000
1791000754.0552,0.0200,0.0964,0.0000,0.0000,0.0000,0.0000,0.0000,0.0000,0.0000,0.0000,0.0000,0.0000,0.0476,0.0476,-0.2516,-0.2516,0.0000
1791000754.0751,0.0199,0.0972,0.0000,0.0000,0.0000,0.0000,0.0000,0.0000,0.0000,-0.0015,0.0000,0.0000,0.0476,0.0476,-0.2516,-0.2516,0.0000
1791000754.0951,0.0200,0.0982,0.0000,0.0000,0.0000,0.0000,0.0000,0.0000,0.0000,0.0015,0.0000,0.0000,0.0476,0.0476,-0.2516,-0.2516,0.0000
1791000754.1152,0.0201,0.0970,0.0000,0.0000,0.0000,0.0000,0.0000,0.0000,0.0000,-0.0015,0.0000,0.0000,0.0476,0.0476,-0.2516,-0.2516,0.0000
1791000754.1352,0.0200,0.0970,0.0000,0.0000,0.0000,0.0000,0.0000,0.0000,0.0000,0.0000,0.0000,0.0000,0.0476,0.0476,-0.2516,-0.2516,0.0000
1791000754.1551,0.0200,0.1032,0.0000,0.0000,0.0000,0.0000,0.0000,0.0000,0.0000,0.0015,0.0000,0.0000,0.0476,0.0476,-0.2516,-0.2516,0.0000
1791000754.1751,0.0200,0.0968,0.0000,0.0000,0.0000,0.0000,0.0000,0.0000,0.0000,0.0000,0.0000,0.0000,0.0476,0.0476,-0.2516,-0.2516,0.0000
1791000754.1952,0.0200,0.0995,0.0000,0.0000,0.0000,0.0000,0.0000,0.0000,0.0000,-0.0015,0.0000,0.0000,0.0476,0.0476,-0.2516,-0.2516,0.0000
1791000754.2150,0.0199,0.0981,0.0000,0.0000,0.0000,0.0000,0.0000,0.0000,0.0000,0.0000,0.0000,0.0000,0.0476,0.0476,-0.2516,-0.2516,0.0000
1791000754.2351,0.0201,0.1013,0.0000,0.0000,0.0000,0.0000,0.0000,0.0000,0.0000,0.0015,0.0000,0.0000,0.0476,0.0476,-0.2516,-0.2516,0.0000
1791000754.2552,0.0200,0.1073,0.0000,0.0000,0.0000,0.0000,0.0000,0.0000,0.0000,0.0000,0.0000,0.0000,0.0476,0.0476,-0.2516,-0.2516,0.0000
1791000754.2752,0.0200,0.1035,0.0000,0.0000,0.0000,0.0000,0.0000,0.0000,0.0000,-0.0015,0.0000,0.0000,0.0476,0.0476,-0.2516,-0.2516,0.0000
1791000754.2952,0.0200,0.0973,0.0000,0.0000,0.0000,0.0000,0.0000,0.0000,0.0000,0.0000,0.0000,0.0000,0.0476,0.0476,-0.2516,-0.2516,0.0000
1791000754.3152,0.0200,0.1030,0.0000,0.0000,0.0000,0.0000,0.0000,0.0000,0.0000,0.0015,0.0000,0.0000,0.0476,0.0476,-0.2516,-0.2516,0.0000
1791000754.3350,0.0199,0.1042,0.0000,0.0000,0.0000,0.0000,0.0000,0.0000,0.0000,-0.0015,0.0000,0.0000,0.0476,0.0476,-0.2516,-0.2516,0.0000
1791000754.3551,0.0200,0.1050,0.0000,0.0000,0.0000,0.0000,0.0000,0.0000,0.0000,0.0000,0.0000,0.0000,0.0476,0.0476,-0.2516,-0.2516,0.0000
1791000754.3752,0.0201,0.1035,0.0000,0.0000,0.0000,0.0000,0.0000,0.0000,0.0000,0.0000,0.0000,0.0000,0.0476,0.0476,-0.2516,-0.2516,0.0000
1791000754.3952,0.0200,0.1053,0.0000,0.0000,0.0000,0.0000,0.0000,0.0000,0.0000,0.0000,0.0000,0.0000,0.0476,0.0476,-0.2516,-0.2516,0.0000
1791000754.4152,0.0200,0.1002,0.0000,0.0000,0.0000,0.0000,0.0000,0.0000,0.0000,0.0015,0.0000,0.0000,0.0476,0.0476,-0.2516,-0.2516,0.0000
1791000754.4352,0.0200,0.1031,0.0000,0.0000,0.0000,0.0000,0.0000,0.0000,0.0000,0.0000,0.0000,0.0000,0.0476,0.0476,-0.2516,-0.2516,0.0000
1791000754.4552,0.0200,0.1021,0.0000,0.0000,0.0000,0.0000,0.0000,0.0000,0.0000,-0.0015,0.0000,0.0000,0.0476,0.0476,-0.2516,-0.2516,0.0000
1791000754.4752,0.0200,0.0972,0.0000,0.0000,0.0000,0.0000,0.0000,0.0000,0.0000,0.0000,0.0000,0.0000,0.0476,0.0476,-0.2516,-0.2516,0.0000
1791000754.4952,0.0200,0.0973,0.0000,0.0000,0.0000,0.0000,0.0000,0.0000,0.0000,0.0015,0.0000,0.0000,0.0476,0.0476,-0.2516,-0.2516,0.0000
1791000754.5152,0.0200,0.0973,0.0000,0.0000,0.0000,0.0000,0.0000,0.0000,0.0000,0.0000,0.0000,0.0000,0.0476,0.0476,-0.2516,-0.2516,0.0000
1791000754.5352,0.0200,0.0973,0.0000,0.0000,0.0000,0.0000,0.0000,0.0000,0.0000,0.0000,0.0000,0.0000,0.0476,0.0476,-0.2516,-0.2516,0.0000
1791000754.5551,0.0199,0.0973,0.0000,0.0000,0.0000,0.0000,0.0000,0.0000,0.0000,-0.0015,0.0000,0.0000,0.0476,0.0476,-0.2516,-0.2516,0.0000
1791000754.5752,0.0200,0.1088,0.0000,0.0000,0.0000,0.0000,0.0000,0.0000,0.0000,0.0015,0.0000,0.0000,0.0476,0.0476,-0.2516,-0.2516,0.0000
1791000754.5952,0.0200,0.1046,0.0000,0.0000,0.0000,0.0000,0.0000,0.0000,0.0000,-0.0015,0.0000,0.0000,0.0476,0.0476,-0.2516,-0.2516,0.0000
1791000754.6151,0.0199,0.1005,0.0000,0.0000,0.0000,0.0000,0.0000,0.0000,0.0000,0.0015,0.0000,0.0000,0.0476,0.0476,-0.2516,-0.2516,0.0000
1791000754.6352,0.0200,0.1029,0.0000,0.0000,0.0000,0.0000,0.0000,0.0000,0.0000,-0.0015,0.0000,0.0000,0.0476,0.0476,-0.2516,-0.2516,0.0000
1791000754.6551,0.0200,0.1013,0.0000,0.0000,0.0000,0.0000,0.0000,0.0000,0.0000,0.0000,0.0000,0.0000,0.0476,0.0476,-0.2516,-0.2516,0.0000
1791000754.6752,0.0200,0.1031,0.0000,0.0000,0.0000,0.0000,0.0000,0.0000,0.0000,0.0000,0.0000,0.0000,0.0476,0.0476,-0.2516,-0.2516,0.0000
1791000754.6952,0.0200,0.1027,0.0000,0.0000,0.0000,0.0000,0.0000,0.0000,0.0000,0.0015,0.0000,0.0000,0.0476,0.0476,-0.2516,-0.2516,0.0000
1791000754.7152,0.0200,0.1026,0.0000,0.0000,0.0000,0.0000,0.0000,0.0000,0.0000,0.0000,0.0000,0.0000,0.0476,0.0476,-0.2516,-0.2516,0.0000
1791000754.7351,0.0199,0.2340,0.0000,0.0000,0.0000,0.0000,0.0000,0.0000,0.0000,0.0000,0.0000,0.0000,0.0476,0.0476,-0.2516,-0.2516,0.0000
1791000754.7552,0.0201,0.1176,0.0000,0.0000,0.0000,0.0000,0.0000,0.0000,0.0000,-0.0015,0.0000,0.0000,0.0476,0.0476,-0.2516,-0.2516,0.0000
1791000754.7751,0.0200,0.1054,0.0000,0.0000,0.0000,0.0000,0.0000,0.0000,0.0000,0.0000,0.0000,0.0000,0.0476,0.0476,-0.2516,-0.2516,0.0000
1791000754.7951,0.0200,0.1060,0.0000,0.0000,0.0000,0.0000,0.0000,0.0000,0.0000,0.0015,0.0000,0.0000,0.0476,0.0476,-0.2516,-0.2516,0.0000
1791000754.8151,0.0200,0.1028,0.0000,0.0000,0.0000,0.0000,0.0000,0.0000,0.0000,0.0000,0.0000,0.0000,0.0476,0.0476,-0.2516,-0.2516,0.0000
1791000754.8352,0.0201,0.1028,0.0000,0.0000,0.0000,0.0000,0.0000,0.0000,0.0000,0.0000,0.0000,0.0000,0.0476,0.0476,-0.2516,-0.2516,0.0000
1791000754.8550,0.0198,0.1057,0.0000,0.0000,0.0000,0.0000,0.0000,0.0000,0.0000,-0.0015,0.0000,0.0000,0.0476,0.0476,-0.2516,-0.2516,0.0000
1791000754.8751,0.0201,0.1043,0.0000,0.0000,0.0000,0.0000,0.0000,0.0000,0.0000,0.0015,0.0000,0.0000,0.0476,0.0476,-0.2516,-0.2516,0.0000
1791000754.8951,0.0200,0.1022,0.0000,0.0000,0.0000,0.0000,0.0000,0.0000,0.0000,-0.0015,0.0000,0.0000,0.0476,0.0476,-0.2516,-0.2516,0.0000
1791000754.9151,0.0200,0.0970,0.0000,0.0000,0.0000,0.0000,0.0000,0.0000,0.0000,0.0015,0.0000,0.0000,0.0476,0.0476,-0.2516,-0.2516,0.0000
1791000754.9351,0.0200,0.0977,0.0000,0.0000,0.0000,0.0000,0.0000,0.0000,0.0000,-0.0015,0.0000,0.0000,0.0476,0.0476,-0.2516,-0.2531,0.0000
1791000754.9550,0.0199,0.0969,0.0000,0.0000,0.0000,0.0000,0.0000,0.0000,0.0000,0.0000,0.0000,0.0000,0.0476,0.0476,-0.2516,-0.2516,0.0000
1791000754.9751,0.0201,0.1002,0.0000,0.0000,0.0000,0.0000,0.0000,0.0000,0.0000,0.0015,0.0000,0.0000,0.0476,0.0476,-0.2516,-0.2516,0.0000
1791000754.9952,0.0200,0.1014,0.0000,0.0000,0.0000,0.0000,0.0000,0.0000,0.0000,-0.0015,0.0000,0.0000,0.0476,0.0476,-0.2516,-0.2516,0.0000
1791000755.0151,0.0200,0.0974,0.0000,0.0000,0.0000,0.0000,0.0000,0.0000,0.0000,0.0015,0.0000,0.0000,0.0476,0.0476,-0.2516,-0.2516,0.0000
1791000755.0351,0.0200,0.0976,0.0000,0.0000,0.0000,0.0000,0.0000,0.0000,0.0000,-0.0015,0.0000,0.0000,0.0476,0.0476,-0.2516,-0.2516,0.0000
1791000755.0550,0.0199,0.1013,0.0000,0.0000,0.0000,0.0000,0.0000,0.0000,0.0000,0.0015,0.0000,0.0000,0.0476,0.0476,-0.2516,-0.2516,0.0000
1791000755.0751,0.0201,0.1199,0.0000,0.0000,0.0000,0.0000,0.0000,0.0000,0.0000,-0.0015,0.0000,0.0000,0.0476,0.0476,-0.2516,-0.2516,0.0000
1791000755.0951,0.0200,0.1040,0.0000,0.0000,0.0000,0.0000,0.0000,0.0000,0.0000,0.0015,0.0000,0.0000,0.0476,0.0476,-0.2516,-0.2516,0.0000
1791000755.1151,0.0200,0.0991,0.0000,0.0000,0.0000,0.0000,0.0000,0.0000,0.0000,0.0000,0.0000,0.0000,0.0476,0.0476,-0.2516,-0.2516,0.0000
1791000755.1352,0.0201,0.0980,0.0000,0.0000,0.0000,0.0000,0.0000,0.0000,0.0000,0.0000,0.0000,0.0000,0.0476,0.0476,-0.2516,-0.2516,0.0000
1791000755.1551,0.0199,0.0985,0.0000,0.0000,0.0000,0.0000,0.0000,0.0000,0.0000,-0.0015,0.0000,0.0000,0.0476,0.0476,-0.2516,-0.2516,0.0000
1791000755.1752,0.0200,0.0983,0.0000,0.0000,0.0000,0.0000,0.0000,0.0000,0.0000,0.0015,0.0000,0.0000,0.0476,0.0476,-0.2516,-0.2516,0.0000
1791000755.1952,0.0200,0.1143,0.0000,0.0000,0.0000,0.0000,0.0000,0.0000,0.0000,0.0000,0.0000,0.0000,0.0476,0.0476,-0.2516,-0.2516,0.0000
1791000755.2152,0.0200,0.0987,0.0000,0.0000,0.0000,0.0000,0.0000,0.0000,0.0000,0.0000,0.0000,0.0000,0.0476,0.0476,-0.2516,-0.2516,0.0000
1791000755.2351,0.0199,0.1003,0.0000,0.0000,0.0000,0.0000,0.0000,0.0000,0.0000,-0.0015,0.0000,0.0000,0.0476,0.0476,-0.2516,-0.2516,0.0000
1791000755.2552,0.0201,0.1261,0.0000,0.0000,0.0000,0.0000,0.0000,0.0000,0.0000,0.0015,0.0000,0.0000,0.0476,0.0476,-0.2516,-0.2516,0.0000
1791000755.2752,0.0200,0.1055,0.0000,0.0000,0.0000,0.0000,0.0000,0.0000,0.0000,0.0000,0.0000,0.0000,0.0476,0.0476,-0.2516,-0.2516,0.0000
1791000755.2952,0.0200,0.1090,0.0000,0.0000,0.0000,0.0000,0.0000,0.0000,0.0000,0.0000,0.0000,0.0000,0.0476,0.0476,-0.2516,-0.2516,0.0000
1791000755.3152,0.0200,0.1040,0.0000,0.0000,0.0000,0.0000,0.0000,0.0000,0.0000,-0.0015,0.0000,0.0000,0.0476,0.0476,-0.2516,-0.2500,0.0000
1791000755.3351,0.0199,0.1051,0.0000,0.0000,0.0000,0.0000,0.0000,0.0000,0.0000,0.0000,0.0000,0.0000,0.0476,0.0506,-0.2516,-0.2516,0.0000
1791000755.3552,0.0201,0.1045,0.0000,0.0000,0.0000,0.0000,0.0000,0.0000,0.0000,0.0000,0.0000,0.0000,0.0476,0.0476,-0.2516,-0.2516,0.0000
1791000755.3752,0.0200,0.1034,0.0000,0.0000,0.0000,0.0000,0.0000,0.0000,0.0000,0.0015,0.0000,0.0000,0.0476,0.0476,-0.2516,-0.2516,0.0000
1791000755.3951,0.0199,0.1093,0.0000,0.0000,0.0000,0.0000,0.0000,0.0000,0.0000,-0.0015,0.0000,0.0000,0.0476,0.0476,-0.2516,-0.2516,0.0000
1791000755.4152,0.0201,0.0819,0.0000,0.0000,0.0000,0.0000,0.0000,0.0000,0.0000,0.0000,0.0000,0.0000,0.0476,0.0476,-0.2516,-0.2516,0.0000
1791000755.4351,0.0199,0.0812,0.0000,0.0000,0.0000,0.0000,0.0000,0.0000,0.0000,0.0015,0.0000,0.0000,0.0476,0.0476,-0.2516,-0.2516,0.0000
1791000755.4551,0.0200,0.0837,0.0000,0.0000,0.0000,0.0000,0.0000,0.0000,0.0000,-0.0015,0.0000,0.0000,0.0476,0.0476,-0.2516,-0.2516,0.0000
1791000755.4751,0.0200,0.0882,0.0000,0.0000,0.0000,0.0000,0.0000,0.0000,0.0000,0.0015,0.0000,0.0000,0.0476,0.0476,-0.2516,-0.2516,0.0000
1791000755.4951,0.0200,0.0762,0.0000,0.0000,0.0000,0.0000,0.0000,0.0000,0.0000,0.0000,0.0000,0.0000,0.0476,0.0476,-0.2516,-0.2516,0.0000
1791000755.5151,0.0200,0.0768,0.0000,0.0000,0.0000,0.0000,0.0000,0.0000,0.0000,-0.0015,0.0000,0.0000,0.0476,0.0476,-0.2516,-0.2516,0.0000
1791000755.5350,0.0199,0.0826,0.0000,0.0000,0.0000,0.0000,0.0000,0.0000,0.0000,0.0000,0.0000,0.0000,0.0476,0.0476,-0.2516,-0.2516,0.0000
1791000755.5551,0.0201,0.0811,0.0000,0.0000,0.0000,0.0000,0.0000,0.0000,0.0000,0.0015,0.0000,0.0000,0.0476,0.0506,-0.2516,-0.2516,0.0000
1791000755.5751,0.0200,0.0769,0.0000,0.0000,0.0000,0.0000,0.0000,0.0000,0.0000,-0.0015,0.0000,0.0000,0.0476,0.0476,-0.2516,-0.2516,0.0000
1791000755.5951,0.0200,0.1006,0.0000,0.0000,0.0000,0.0000,0.0000,0.0000,0.0000,0.0015,0.0000,0.0000,0.0476,0.0476,-0.2516,-0.2516,0.0000
1791000755.6152,0.0201,0.1070,0.0000,0.0000,0.0000,0.0000,0.0000,0.0000,0.0000,-0.0015,0.0000,0.0000,0.0476,0.0476,-0.2516,-0.2516,0.0000
1791000755.6351,0.0199,0.0772,0.0000,0.0000,0.0000,0.0000,0.0000,0.0000,0.0000,0.0000,0.0000,0.0000,0.0476,0.0476,-0.2516,-0.2516,0.0000
1791000755.6551,0.0200,0.1002,0.0000,0.0000,0.0000,0.0000,0.0000,0.0000,0.0000,0.0000,0.0000,0.0000,0.0476,0.0476,-0.2516,-0.2516,0.0000
1791000755.6751,0.0200,0.0976,0.0000,0.0000,0.0000,0.0000,0.0000,0.0000,0.0000,0.0015,0.0000,0.0000,0.0476,0.0476,-0.2516,-0.2516,0.0000
1791000755.6952,0.0200,0.0986,0.0000,0.0000,0.0000,0.0000,0.0000,0.0000,0.0000,-0.0015,0.0000,0.0000,0.0476,0.0476,-0.2516,-0.2516,0.0000
1791000755.7150,0.0199,0.0998,0.0000,0.0000,0.0000,0.0000,0.0000,0.0000,0.0000,0.0015,0.0000,0.0000,0.0476,0.0476,-0.2516,-0.2516,0.0000
1791000755.7351,0.0201,0.0962,0.0000,0.0000,0.0000,0.0000,0.0000,0.0000,0.0000,0.0000,0.0000,0.0000,0.0476,0.0476,-0.2516,-0.2516,0.0000
1791000755.7551,0.0200,0.0940,0.0000,0.0000,0.0000,0.0000,0.0000,0.0000,0.0000,0.0000,0.0000,0.0000,0.0476,0.0476,-0.2516,-0.2516,0.0000
1791000755.7751,0.0200,0.0938,0.0000,0.0000,0.0000,0.0000,0.0000,0.0000,0.0000,-0.0015,0.0000,0.0000,0.0476,0.0476,-0.2516,-0.2531,0.0000
1791000755.7951,0.0200,0.0956,0.0000,0.0000,0.0000,0.0000,0.0000,0.0000,0.0000,0.0015,0.0000,0.0000,0.0476,0.0476,-0.2516,-0.2516,0.0000
1791000755.8151,0.0200,0.1147,0.0000,0.0000,0.0000,0.0000,0.0000,0.0000,0.0000,0.0000,0.0000,0.0000,0.0476,0.0476,-0.2516,-0.2516,0.0000
1791000755.8352,0.0200,0.1001,0.0000,0.0000,0.0000,0.0000,0.0000,0.0000,0.0000,-0.0015,0.0000,0.0000,0.0476,0.0476,-0.2516,-0.2516,0.0000
1791000755.8551,0.0200,0.0970,0.0000,0.0000,0.0000,0.0000,0.0000,0.0000,0.0000,0.0015,0.0000,0.0000,0.0476,0.0476,-0.2516,-0.2516,0.0000
1791000755.8752,0.0200,0.0966,0.0000,0.0000,0.0000,0.0000,0.0000,0.0000,0.0000,0.0000,0.0000,0.0000,0.0476,0.0476,-0.2516,-0.2516,0.0000
1791000755.8951,0.0199,0.0931,0.0000,0.0000,0.0000,0.0000,0.0000,0.0000,0.0000,0.0000,0.0000,0.0000,0.0476,0.0476,-0.2516,-0.2516,0.0000
1791000755.9152,0.0201,0.0937,0.0000,0.0000,0.0000,0.0000,0.0000,0.0000,0.0000,-0.0015,0.0000,0.0000,0.0476,0.0476,-0.2516,-0.2516,0.0000
1791000755.9351,0.0199,0.0936,0.0000,0.0000,0.0000,0.0000,0.0000,0.0000,0.0000,0.0000,0.0000,0.0000,0.0476,0.0476,-0.2516,-0.2516,0.0000
1791000755.9552,0.0201,0.0940,0.0000,0.0000,0.0000,0.0000,0.0000,0.0000,0.0000,0.0015,0.0000,0.0000,0.0476,0.0476,-0.2516,-0.2516,0.0000
1791000755.9752,0.0200,0.0936,0.0000,0.0000,0.0000,0.0000,0.0000,0.0000,0.0000,0.0000,0.0000,0.0000,0.0476,0.0476,-0.2516,-0.2516,0.0000
1791000755.9952,0.0200,0.0959,0.0000,0.0000,0.0000,0.0000,0.0000,0.0000,0.0000,0.0000,0.0000,0.0000,0.0476,0.0476,-0.2516,-0.2516,0.0000
1791000756.0151,0.0200,0.0930,0.0000,0.0000,0.0000,0.0000,0.0000,0.0000,0.0000,-0.0015,0.0000,0.0000,0.0476,0.0476,-0.2516,-0.2516,0.0000
1791000756.0351,0.0200,0.1366,0.0000,0.0000,0.0000,0.0000,0.0000,0.0000,0.0000,0.0015,0.0000,0.0000,0.0476,0.0476,-0.2516,-0.2516,0.0000
1791000756.0551,0.0200,0.0964,0.0000,0.0000,0.0000,0.0000,0.0000,0.0000,0.0000,0.0000,0.0000,0.0000,0.0476,0.0476,-0.2516,-0.2516,0.0000
1791000756.0752,0.0201,0.1000,0.0000,0.0000,0.0000,0.0000,0.0000,0.0000,0.0000,-0.0015,0.0000,0.0000,0.0476,0.0476,-0.2516,-0.2516,0.0000
1791000756.0951,0.0199,0.1007,0.0000,0.0000,0.0000,0.0000,0.0000,0.0000,0.0000,0.0000,0.0000,0.0000,0.0476,0.0476,-0.2516,-0.2516,0.0000
1791000756.1151,0.0200,0.0739,0.0000,0.0000,0.0000,0.0000,0.0000,0.0000,0.0000,0.0015,0.0000,0.0000,0.0476,0.0476,-0.2516,-0.2516,0.0000
1791000756.1351,0.0200,0.0727,0.0000,0.0000,0.0000,0.0000,0.0000,0.0000,0.0000,-0.0015,0.0000,0.0000,0.0476,0.0476,-0.2516,-0.2516,0.0000
1791000756.1552,0.0201,0.0943,0.0000,0.0000,0.0000,0.0000,0.0000,0.0000,0.0000,0.0015,0.0000,0.0000,0.0476,0.0476,-0.2516,-0.2516,0.0000
1791000756.1751,0.0200,0.0936,0.0000,0.0000,0.0000,0.0000,0.0000,0.0000,0.0000,-0.0015,0.0000,0.0000,0.0476,0.0476,-0.2516,-0.2516,0.0000
1791000756.1951,0.0200,0.0961,0.0000,0.0000,0.0000,0.0000,0.0000,0.0000,0.0000,0.0000,0.0000,0.0000,0.0476,0.0476,-0.2516,-0.2516,0.0000
1791000756.2151,0.0200,0.0937,0.0000,0.0000,0.0000,0.0000,0.0000,0.0000,0.0000,0.0015,0.0000,0.0000,0.0476,0.0476,-0.2516,-0.2516,0.0000
1791000756.2352,0.0201,0.1128,0.0000,0.0000,0.0000,0.0000,0.0000,0.0000,0.0000,0.0000,0.0000,0.0000,0.0476,0.0476,-0.2516,-0.2516,0.0000
1791000756.2552,0.0200,0.0967,0.0000,0.0000,0.0000,0.0000,0.0000,0.0000,0.0000,-0.0015,0.0000,0.0000,0.0476,0.0476,-0.2516,-0.2516,0.0000
1791000756.2752,0.0200,0.0934,0.0000,0.0000,0.0000,0.0000,0.0000,0.0000,0.0000,0.0000,0.0000,0.0000,0.0476,0.0476,-0.2516,-0.2516,0.0000
1791000756.2952,0.0200,0.0936,0.0000,0.0000,0.0000,0.0000,0.0000,0.0000,0.0000,0.0000,0.0000,0.0000,0.0476,0.0506,-0.2516,-0.2516,0.0000
1791000756.3152,0.0200,0.0939,0.0000,0.0000,0.0000,0.0000,0.0000,0.0000,0.0000,0.0015,0.0000,0.0000,0.0476,0.0476,-0.2516,-0.2516,0.0000
1791000756.3352,0.0200,0.0946,0.0000,0.0000,0.0000,0.0000,0.0000,0.0000,0.0000,-0.0015,0.0000,0.0000,0.0476,0.0476,-0.2516,-0.2516,0.0000
1791000756.3552,0.0200,0.0964,0.0000,0.0000,0.0000,0.0000,0.0000,0.0000,0.0000,0.0000,0.0000,0.0000,0.0476,0.0476,-0.2516,-0.2516,0.0000
1791000756.3751,0.0199,0.0952,0.0000,0.0000,0.0000,0.0000,0.0000,0.0000,0.0000,0.0015,0.0000,0.0000,0.0476,0.0506,-0.2516,-0.2516,0.0000
1791000756.3951,0.0200,0.1015,0.0000,0.0000,0.0000,0.0000,0.0000,0.0000,0.0000,-0.0015,0.0000,0.0000,0.0476,0.0476,-0.2516,-0.2516,0.0000
1791000756.4151,0.0200,0.0996,0.0000,0.0000,0.0000,0.0000,0.0000,0.0000,0.0000,0.0015,0.0000,0.0000,0.0476,0.0476,-0.2516,-0.2516,0.0000
1791000756.4351,0.0200,0.1101,0.0000,0.0000,0.0000,0.0000,0.0000,0.0000,0.0000,0.0000,0.0000,0.0000,0.0476,0.0476,-0.2516,-0.2516,0.0000
1791000756.4552,0.0200,0.1013,0.0000,0.0000,0.0000,0.0000,0.0000,0.0000,0.0000,0.0000,0.0000,0.0000,0.0476,0.0476,-0.2516,-0.2531,0.0000
1791000756.4751,0.0200,0.0940,0.0000,0.0000,0.0000,0.0000,0.0000,0.0000,0.0000,0.0000,0.0000,0.0000,0.0476,0.0476,-0.2516,-0.2516,0.0000
1791000756.4952,0.0200,0.0936,0.0000,0.0000,0.0000,0.0000,0.0000,0.0000,0.0000,-0.0015,0.0000,0.0000,0.0476,0.0476,-0.2516,-0.2516,0.0000
1791000756.5151,0.0200,0.0989,0.0000,0.0000,0.0000,0.0000,0.0000,0.0000,0.0000,0.0015,0.0000,0.0000,0.0476,0.0476,-0.2516,-0.2516,0.0000
1791000756.5351,0.0200,0.0929,0.0000,0.0000,0.0000,0.0000,0.0000,0.0000,0.0000,0.0000,0.0000,0.0000,0.0476,0.0476,-0.2516,-0.2516,0.0000
1791000756.5552,0.0201,0.0944,0.0000,0.0000,0.0000,0.0000,0.0000,0.0000,0.0000,-0.0015,0.0000,0.0000,0.0476,0.0476,-0.2516,-0.2516,0.0000
1791000756.5752,0.0200,0.0941,0.0000,0.0000,0.0000,0.0000,0.0000,0.0000,0.0000,0.0000,0.0000,0.0000,0.0476,0.0476,-0.2516,-0.2516,0.0000
1791000756.5951,0.0200,0.0966,0.0000,0.0000,0.0000,0.0000,0.0000,0.0000,0.0000,0.0000,0.0000,0.0000,0.0476,0.0476,-0.2516,-0.2516,0.0000
1791000756.6151,0.0200,0.0956,0.0000,0.0000,0.0000,0.0000,0.0000,0.0000,0.0000,0.0015,0.0000,0.0000,0.0476,0.0476,-0.2516,-0.2516,0.0000
1791000756.6352,0.0201,0.0957,0.0000,0.0000,0.0000,0.0000,0.0000,0.0000,0.0000,0.0000,0.0000,0.0000,0.0476,0.0476,-0.2516,-0.2516,0.0000
1791000756.6552,0.0200,0.1161,0.0000,0.0000,0.0000,0.0000,0.0000,0.0000,0.0000,-0.0015,0.0000,0.0000,0.0476,0.0476,-0.2516,-0.2516,0.0000
1791000756.6751,0.0200,0.0968,0.0000,0.0000,0.0000,0.0000,0.0000,0.0000,0.0000,0.0015,0.0000,0.0000,0.0476,0.0476,-0.2516,-0.2516,0.0000
1791000756.6951,0.0200,0.0935,0.0000,0.0000,0.0000,0.0000,0.0000,0.0000,0.0000,-0.0015,0.0000,0.0000,0.0476,0.0476,-0.2516,-0.2516,0.0000
1791000756.7150,0.0199,0.0911,0.0000,0.0000,0.0000,0.0000,0.0000,0.0000,0.0000,0.0015,0.0000,0.0000,0.0476,0.0476,-0.2516,-0.2516,0.0000
1791000756.7351,0.0201,0.0951,0.0000,0.0000,0.0000,0.0000,0.0000,0.0000,0.0000,0.0000,0.0000,0.0000,0.0476,0.0476,-0.2516,-0.2516,0.0000
1791000756.7551,0.0200,0.0959,0.0000,0.0000,0.0000,0.0000,0.0000,0.0000,0.0000,-0.0015,0.0000,0.0000,0.0476,0.0476,-0.2516,-0.2516,0.0000
1791000756.7751,0.0200,0.0937,0.0000,0.0000,0.0000,0.0000,0.0000,0.0000,0.0000,0.0000,0.0000,0.0000,0.0476,0.0476,-0.2516,-0.2516,0.0000
1791000756.7951,0.0200,0.0940,0.0000,0.0000,0.0000,0.0000,0.0000,0.0000,0.0000,0.0015,0.0000,0.0000,0.0476,0.0476,-0.2516,-0.2516,0.0000
1791000756.8151,0.0200,0.0913,0.0000,0.0000,0.0000,0.0000,0.0000,0.0000,0.0000,0.0000,0.0000,0.0000,0.0476,0.0476,-0.2516,-0.2516,0.0000
1791000756.8351,0.0200,0.0931,0.0000,0.0000,0.0000,0.0000,0.0000,0.0000,0.0000,-0.0015,0.0000,0.0000,0.0476,0.0476,-0.2516,-0.2516,0.0000
1791000756.8551,0.0200,0.1232,0.0000,0.0000,0.0000,0.0000,0.0000,0.0000,0.0000,0.0015,0.0000,0.0000,0.0476,0.0476,-0.2516,-0.2516,0.0000
1791000756.8752,0.0200,0.0921,0.0000,0.0000,0.0000,0.0000,0.0000,0.0000,0.0000,0.0000,0.0000,0.0000,0.0476,0.0476,-0.2516,-0.2516,0.0000
1791000756.8951,0.0200,0.0900,0.0000,0.0000,0.0000,0.0000,0.0000,0.0000,0.0000,-0.0015,0.0000,0.0000,0.0476,0.0476,-0.2516,-0.2516,0.0000
1791000756.9151,0.0200,0.0930,0.0000,0.0000,0.0000,0.0000,0.0000,0.0000,0.0000,0.0000,0.0000,0.0000,0.0476,0.0476,-0.2516,-0.2516,0.0000
1791000756.9352,0.0200,0.0911,0.0000,0.0000,0.0000,0.0000,0.0000,0.0000,0.0000,0.0015,0.0000,0.0000,0.0476,0.0476,-0.2516,-0.2516,0.0000
1791000756.9551,0.0199,0.0908,0.0000,0.0000,0.0000,0.0000,0.0000,0.0000,0.0000,-0.0015,0.0000,0.0000,0.0476,0.0476,-0.2516,-0.2516,0.0000
1791000756.9751,0.0200,0.0916,0.0000,0.0000,0.0000,0.0000,0.0000,0.0000,0.0000,0.0000,0.0000,0.0000,0.0476,0.0476,-0.2516,-0.2516,0.0000
1791000756.9951,0.0200,0.0927,0.0000,0.0000,0.0000,0.0000,0.0000,0.0000,0.0000,0.0015,0.0000,0.0000,0.0476,0.0476,-0.2516,-0.2516,0.0000
1791000757.0151,0.0200,0.0888,0.0000,0.0000,0.0000,0.0000,0.0000,0.0000,0.0000,-0.0015,0.0000,0.0000,0.0476,0.0476,-0.2516,-0.2516,0.0000
1791000757.0352,0.0200,0.0888,0.0000,0.0000,0.0000,0.0000,0.0000,0.0000,0.0000,0.0000,0.0000,0.0000,0.0476,0.0476,-0.2516,-0.2516,0.0000
1791000757.0551,0.0199,0.0908,0.0000,0.0000,0.0000,0.0000,0.0000,0.0000,0.0000,0.0000,0.0000,0.0000,0.0476,0.0476,-0.2516,-0.2516,0.0000
1791000757.0751,0.0200,0.1105,0.0000,0.0000,0.0000,0.0000,0.0000,0.0000,0.0000,0.0015,0.0000,0.0000,0.0476,0.0476,-0.2516,-0.2516,0.0000
1791000757.0951,0.0200,0.0957,0.0000,0.0000,0.0000,0.0000,0.0000,0.0000,0.0000,0.0000,0.0000,0.0000,0.0476,0.0476,-0.2516,-0.2516,0.0000
1791000757.1151,0.0200,0.0894,0.0000,0.0000,0.0000,0.0000,0.0000,0.0000,0.0000,-0.0015,0.0000,0.0000,0.0476,0.0476,-0.2516,-0.2516,0.0000
1791000757.1352,0.0200,0.0891,0.0000,0.0000,0.0000,0.0000,0.0000,0.0000,0.0000,0.0000,0.0000,0.0000,0.0476,0.0476,-0.2516,-0.2516,0.0000
1791000757.1552,0.0200,0.0888,0.0000,0.0000,0.0000,0.0000,0.0000,0.0000,0.0000,0.0000,0.0000,0.0000,0.0476,0.0476,-0.2516,-0.2516,0.0000
1791000757.1752,0.0200,0.0904,0.0000,0.0000,0.0000,0.0000,0.0000,0.0000,0.0000,0.0000,0.0000,0.0000,0.0476,0.0476,-0.2516,-0.2516,0.0000
1791000757.1952,0.0200,0.0926,0.0000,0.0000,0.0000,0.0000,0.0000,0.0000,0.0000,0.0015,0.0000,0.0000,0.0476,0.0476,-0.2516,-0.2516,0.0000
1791000757.2152,0.0200,0.0958,0.0000,0.0000,0.0000,0.0000,0.0000,0.0000,0.0000,-0.0015,0.0000,0.0000,0.0476,0.0476,-0.2516,-0.2516,0.0000
1791000757.2351,0.0199,0.0926,0.0000,0.0000,0.0000,0.0000,0.0000,0.0000,0.0000,0.0015,0.0000,0.0000,0.0476,0.0506,-0.2516,-0.2516,0.0000
1791000757.2552,0.0201,0.0896,0.0000,0.0000,0.0000,0.0000,0.0000,0.0000,0.0000,0.0000,0.0000,0.0000,0.0476,0.0476,-0.2516,-0.2516,0.0000
1791000757.2750,0.0198,0.0996,0.0000,0.0000,0.0000,0.0000,0.0000,0.0000,0.0000,0.0000,0.0000,0.0000,0.0476,0.0476,-0.2516,-0.2516,0.0000
1791000757.2951,0.0201,0.1046,0.0000,0.0000,0.0000,0.0000,0.0000,0.0000,0.0000,0.0000,0.0000,0.0000,0.0476,0.0476,-0.2516,-0.2516,0.0000
1791000757.3152,0.0201,0.0947,0.0000,0.0000,0.0000,0.0000,0.0000,0.0000,0.0000,-0.0015,0.0000,0.0000,0.0476,0.0476,-0.2516,-0.2516,0.0000
1791000757.3352,0.0200,0.0938,0.0000,0.0000,0.0000,0.0000,0.0000,0.0000,0.0000,0.0000,0.0000,0.0000,0.0476,0.0476,-0.2516,-0.2516,0.0000
1791000757.3552,0.0200,0.0933,0.0000,0.0000,0.0000,0.0000,0.0000,0.0000,0.0000,0.0015,0.0000,0.0000,0.0476,0.0476,-0.2516,-0.2516,0.0000
1791000757.3752,0.0200,0.0932,0.0000,0.0000,0.0000,0.0000,0.0000,0.0000,0.0000,0.0000,0.0000,0.0000,0.0476,0.0476,-0.2516,-0.2516,0.0000
1791000757.3952,0.0200,0.0966,0.0000,0.0000,0.0000,0.0000,0.0000,0.0000,0.0000,-0.0015,0.0000,0.0000,0.0476,0.0476,-0.2516,-0.2516,0.0000
1791000757.4152,0.0200,0.0932,0.0000,0.0000,0.0000,0.0000,0.0000,0.0000,0.0000,0.0015,0.0000,0.0000,0.0476,0.0476,-0.2516,-0.2516,0.0000
1791000757.4352,0.0200,0.0936,0.0000,0.0000,0.0000,0.0000,0.0000,0.0000,0.0000,0.0000,0.0000,0.0000,0.0476,0.0476,-0.2516,-0.2516,0.0000
1791000757.4552,0.0200,0.0935,0.0000,0.0000,0.0000,0.0000,0.0000,0.0000,0.0000,-0.0015,0.0000,0.0000,0.0476,0.0506,-0.2516,-0.2516,0.0000
1791000757.4750,0.0198,0.0935,0.0000,0.0000,0.0000,0.0000,0.0000,0.0000,0.0000,0.0015,0.0000,0.0000,0.0476,0.0476,-0.2516,-0.2516,0.0000
1791000757.4952,0.0201,0.0942,0.0000,0.0000,0.0000,0.0000,0.0000,0.0000,0.0000,-0.0015,0.0000,0.0000,0.0476,0.0476,-0.2516,-0.2516,0.0000
1791000757.5151,0.0200,0.0932,0.0000,0.0000,0.0000,0.0000,0.0000,0.0000,0.0000,0.0000,0.0000,0.0000,0.0476,0.0476,-0.2516,-0.2516,0.0000
1791000757.5352,0.0200,0.0936,0.0000,0.0000,0.0000,0.0000,0.0000,0.0000,-0.0015,0.0015,0.0000,0.0000,0.0476,0.0476,-0.2516,-0.2516,0.0000
1791000757.5551,0.0199,0.0932,0.0000,0.0000,0.0000,0.0000,0.0000,0.0000,0.0015,0.0000,0.0000,0.0000,0.0476,0.0476,-0.2516,-0.2516,0.0000
1791000757.5752,0.0200,0.0937,0.0000,0.0000,0.0000,0.0000,0.0000,0.0000,0.0000,0.0000,0.0000,0.0000,0.0476,0.0476,-0.2516,-0.2516,0.0000
1791000757.5951,0.0200,0.0953,0.0000,0.0000,0.0000,0.0000,0.0000,0.0000,0.0000,-0.0015,0.0000,0.0000,0.0476,0.0476,-0.2516,-0.2516,0.0000
1791000757.6151,0.0200,0.0953,0.0000,0.0000,0.0000,0.0000,0.0000,0.0000,0.0000,0.0015,0.0000,0.0000,0.0476,0.0506,-0.2516,-0.2516,0.0000
1791000757.6351,0.0200,0.0924,0.0000,0.0000,0.0000,0.0000,0.0000,0.0000,0.0000,0.0000,0.0000,0.0000,0.0476,0.0476,-0.2516,-0.2516,0.0000
1791000757.6552,0.0201,0.0940,0.0000,0.0000,0.0000,0.0000,0.0000,0.0000,0.0000,0.0000,0.0000,0.0000,0.0476,0.0476,-0.2516,-0.2516,0.0000
1791000757.6751,0.0200,0.0939,0.0000,0.0000,0.0000,0.0000,0.0000,0.0000,0.0000,-0.0015,0.0000,0.0000,0.0476,0.0476,-0.2516,-0.2516,0.0000
1791000757.6952,0.0200,0.1261,0.0000,0.0000,0.0000,0.0000,0.0000,0.0000,0.0000,0.0000,0.0000,0.0000,0.0476,0.0476,-0.2516,-0.2516,0.0000
1791000757.7151,0.0200,0.0968,0.0000,0.0000,0.0000,0.0000,0.0000,0.0000,0.0000,0.0015,0.0000,0.0000,0.0476,0.0476,-0.2516,-0.2516,0.0000
1791000757.7351,0.0200,0.0949,0.0000,0.0000,0.0000,0.0000,0.0000,0.0000,0.0000,-0.0015,0.0000,0.0000,0.0476,0.0476,-0.2516,-0.2516,0.0000
1791000757.7551,0.0200,0.0954,0.0000,0.0000,0.0000,0.0000,0.0000,0.0000,0.0000,0.0000,0.0000,0.0000,0.0476,0.0506,-0.2516,-0.2516,0.0000
1791000757.7751,0.0200,0.0938,0.0000,0.0000,0.0000,0.0000,0.0000,0.0000,0.0000,0.0000,0.0000,0.0000,0.0476,0.0476,-0.2516,-0.2516,0.0000
1791000757.7951,0.0200,0.0958,0.0000,0.0000,0.0000,0.0000,0.0000,0.0000,0.0000,0.0015,0.0000,0.0000,0.0476,0.0476,-0.2516,-0.2516,0.0000
1791000757.8151,0.0200,0.0937,0.0000,0.0000,0.0000,0.0000,0.0000,0.0000,0.0000,0.0000,0.0000,0.0000,0.0476,0.0476,-0.2516,-0.2516,0.0000
1791000757.8352,0.0200,0.0935,0.0000,0.0000,0.0000,0.0000,0.0000,0.0000,0.0000,0.0000,0.0000,0.0000,0.0476,0.0476,-0.2516,-0.2516,0.0000
1791000757.8551,0.0200,0.0937,0.0000,0.0000,0.0000,0.0000,0.0000,0.0000,0.0000,0.0000,0.0000,0.0000,0.0476,0.0476,-0.2516,-0.2516,0.0000
1791000757.8752,0.0200,0.0940,0.0000,0.0000,0.0000,0.0000,0.0000,0.0000,0.0000,0.0000,0.0000,0.0000,0.0476,0.0476,-0.2516,-0.2516,0.0000
1791000757.8951,0.0200,0.1029,0.0000,0.0000,0.0000,0.0000,0.0000,0.0000,0.0000,-0.0015,0.0000,0.0000,0.0476,0.0476,-0.2516,-0.2516,0.0000
1791000757.9151,0.0200,0.0931,0.0000,0.0000,0.0000,0.0000,0.0000,0.0000,0.0000,0.0015,0.0000,0.0000,0.0476,0.0476,-0.2516,-0.2516,0.0000
1791000757.9350,0.0199,0.0955,0.0000,0.0000,0.0000,0.0000,0.0000,0.0000,0.0000,0.0000,0.0000,0.0000,0.0476,0.0476,-0.2516,-0.2516,0.0000
1791000757.9551,0.0201,0.0952,0.0000,0.0000,0.0000,0.0000,0.0000,0.0000,0.0000,-0.0015,0.0000,0.0000,0.0476,0.0476,-0.2516,-0.2516,0.0000
1791000757.9751,0.0200,0.0935,0.0000,0.0000,0.0000,0.0000,0.0000,0.0000,0.0000,0.0000,0.0000,0.0000,0.0476,0.0476,-0.2516,-0.2516,0.0000
1791000757.9951,0.0200,0.0957,0.0000,0.0000,0.0000,0.0000,0.0000,0.0000,0.0000,0.0000,0.0000,0.0000,0.0476,0.0506,-0.2516,-0.2516,0.0000
1791000758.0152,0.0200,0.0933,0.0000,0.0000,0.0000,0.0000,0.0000,0.0000,0.0000,0.0000,0.0000,0.0000,0.0476,0.0476,-0.2516,-0.2516,0.0000
1791000758.0352,0.0200,0.0935,0.0000,0.0000,0.0000,0.0000,0.0000,0.0000,0.0000,0.0015,0.0000,0.0000,0.0476,0.0476,-0.2516,-0.2516,0.0000
1791000758.0552,0.0200,0.0938,0.0000,0.0000,0.0000,0.0000,0.0000,0.0000,0.0000,0.0000,0.0000,0.0000,0.0476,0.0476,-0.2516,-0.2516,0.0000
1791000758.0750,0.0199,0.1285,0.0000,0.0000,0.0000,0.0000,0.0000,0.0000,0.0000,-0.0015,0.0000,0.0000,0.0476,0.0506,-0.2516,-0.2516,0.0000
1791000758.0950,0.0200,0.1433,0.0000,0.0000,0.0000,0.0000,0.0000,0.0000,0.0000,0.0015,0.0000,0.0000,0.0476,0.0476,-0.2516,-0.2516,0.0000
1791000758.1151,0.0201,0.1278,0.0000,0.0000,0.0000,0.0000,0.0000,0.0000,0.0000,0.0000,0.0000,0.0000,0.0476,0.0476,-0.2516,-0.2516,0.0000
1791000758.1352,0.0200,0.1101,0.0000,0.0000,0.0000,0.0000,0.0000,0.0000,0.0000,0.0000,0.0000,0.0000,0.0476,0.0476,-0.2516,-0.2516,0.0000
1791000758.1551,0.0200,0.1033,0.0000,0.0000,0.0000,0.0000,0.0000,0.0000,0.0000,0.0000,0.0000,0.0000,0.0476,0.0476,-0.2516,-0.2516,0.0000
1791000758.1751,0.0200,0.1181,0.0000,0.0000,0.0000,0.0000,0.0000,0.0000,0.0000,0.0000,0.0000,0.0000,0.0476,0.0476,-0.2516,-0.2516,0.0000
1791000758.1952,0.0200,0.1045,0.0000,0.0000,0.0000,0.0000,0.0000,0.0000,0.0000,-0.0015,0.0000,0.0000,0.0476,0.0476,-0.2516,-0.2516,0.0000
1791000758.2151,0.0200,0.1192,0.0000,0.0000,0.0000,0.0000,0.0000,0.0000,0.0000,0.0000,0.0000,0.0000,0.0476,0.0476,-0.2516,-0.2516,0.0000
1791000758.2351,0.0200,0.1210,0.0000,0.0000,0.0000,0.0000,0.0000,0.0000,0.0000,0.0000,0.0000,0.0000,0.0476,0.0476,-0.2516,-0.2516,0.0000
1791000758.2551,0.0200,0.1075,0.0000,0.0000,0.0000,0.0000,0.0000,0.0000,0.0000,0.0015,0.0000,0.0000,0.0476,0.0476,-0.2516,-0.2516,0.0000
1791000758.2751,0.0200,0.1066,0.0000,0.0000,0.0000,0.0000,0.0000,0.0000,0.0000,0.0000,0.0000,0.0000,0.0476,0.0476,-0.2516,-0.2516,0.0000
1791000758.2952,0.0200,0.1299,0.0000,0.0000,0.0000,0.0000,0.0000,0.0000,0.0000,0.0000,0.0000,0.0000,0.0476,0.0476,-0.2516,-0.2516,0.0000
1791000758.3151,0.0200,0.1442,0.0000,0.0000,0.0000,0.0000,0.0000,0.0000,0.0000,0.0000,0.0000,0.0000,0.0476,0.0476,-0.2516,-0.2516,0.0000
1791000758.3352,0.0200,0.1045,0.0000,0.0000,0.0000,0.0000,0.0000,0.0000,0.0000,0.0000,0.0000,0.0000,0.0476,0.0476,-0.2516,-0.2516,0.0000
1791000758.3551,0.0199,0.0988,0.0000,0.0000,0.0000,0.0000,0.0000,0.0000,0.0000,-0.0015,0.0000,0.0000,0.0476,0.0476,-0.2516,-0.2516,0.0000
1791000758.3751,0.0200,0.0967,0.0000,0.0000,0.0000,0.0000,0.0000,0.0000,0.0000,0.0000,0.0000,0.0000,0.0476,0.0476,-0.2516,-0.2516,0.0000
1791000758.3951,0.0200,0.0987,0.0000,0.0000,0.0000,0.0000,0.0000,0.0000,-0.0015,0.0015,0.0000,0.0000,0.0476,0.0476,-0.2516,-0.2516,0.0000
1791000758.4151,0.0200,0.0975,0.0000,0.0000,0.0000,0.0000,0.0000,0.0000,0.0015,0.0000,0.0000,0.0000,0.0476,0.0476,-0.2516,-0.2516,0.0000
1791000758.4351,0.0200,0.0946,0.0000,0.0000,0.0000,0.0000,0.0000,0.0000,0.0000,0.0000,0.0000,0.0000,0.0476,0.0476,-0.2516,-0.2516,0.0000
