t,dt,loop_ms,v_ref,w_ref,wL_ref,wL,wR_ref,wR,yaw_cmd,yaw,pitch_cmd,pitch,imu_yaw,odom_v,odom_w,odom_yaw
1791282137.4422,0.0200,1.0958,0.0000,0.0000,0.0000,0.0000,0.0000,0.0000,-0.0015,-0.0015,-0.0015,-0.0015,-1.0969,0.0000,0.0000,0.0000
1791282137.4622,0.0200,0.3932,0.0000,0.0000,0.0000,0.0000,0.0000,0.0000,-0.0015,-0.0015,-0.0015,-0.0015,-1.0969,0.0000,0.0000,0.0000
1791282137.4822,0.0200,0.3896,0.0000,0.0000,0.0000,0.0000,0.0000,0.0000,-0.0015,-0.0015,-0.0015,-0.0015,-1.0969,0.0000,0.0000,0.0000
1791282137.5024,0.0202,0.3816,0.0000,0.0000,0.0000,0.0000,0.0000,0.0000,-0.0015,-0.0015,-0.0015,-0.0015,-1.0969,0.0000,0.0000,0.0000
1791282137.5224,0.0200,0.3242,0.0000,0.0000,0.0000,0.0000,0.0000,0.0000,-0.0015,-0.0015,-0.0015,-0.0000,-1.0970,0.0000,0.0000,0.0000
1791282137.5421,0.0197,0.2882,0.0000,0.0000,0.0000,0.0000,0.0000,0.0000,-0.0015,-0.0015,-0.0015,-0.0015,-1.0970,0.0000,0.0000,0.0000
1791282137.5621,0.0200,0.3142,0.0000,0.0000,0.0000,0.0000,0.0000,0.0000,-0.0015,-0.0015,-0.0015,-0.0000,-1.0969,0.0000,0.0000,0.0000
1791282137.5821,0.0200,0.3405,0.0000,0.0000,0.0000,0.0000,0.0000,0.0000,-0.0015,-0.0015,-0.0015,-0.0015,-1.0970,0.0000,0.0000,0.0000
1791282137.6021,0.0200,0.3955,0.0000,0.0000,0.0000,0.0000,0.0000,0.0000,-0.0015,-0.0015,-0.0015,-0.0015,-1.0970,0.0000,0.0000,0.0000
1791282137.6224,0.0202,0.3658,0.0000,0.0000,0.0000,0.0000,0.0000,0.0000,-0.0015,-0.0015,-0.0015,-0.0015,-1.0969,0.0000,0.0000,0.0000
1791282137.6421,0.0197,0.4483,0.0000,0.0000,0.0000,0.0000,0.0000,0.0000,-0.0015,-0.0015,-0.0015,-0.0015,-1.0970,0.0000,0.0000,0.0000
1791282137.6621,0.0200,0.3667,0.0000,0.0000,0.0000,0.0000,0.0000,0.0000,-0.0015,-0.0015,-0.0015,-0.0015,-1.0969,0.0000,0.0000,0.0000
1791282137.6822,0.0201,1.1986,0.0000,0.0000,0.0000,0.0000,0.0000,0.0000,-0.0015,-0.0015,-0.0015,-0.0015,-1.0969,0.0000,0.0000,0.0000
1791282137.7024,0.0201,0.5356,0.0000,0.0000,0.0000,0.0000,0.0000,0.0000,-0.0015,-0.0015,-0.0015,-0.0000,-1.0968,0.0000,0.0000,0.0000
1791282137.7224,0.0201,0.3485,0.0000,0.0000,0.0000,0.0000,0.0000,0.0000,-0.0015,-0.0015,-0.0015,-0.0015,-1.0969,0.0000,0.0000,0.0000
1791282137.7422,0.0198,0.4517,0.0000,0.0000,0.0000,0.0000,0.0000,0.0000,-0.0015,-0.0015,-0.0015,-0.0015,-1.0970,0.0000,0.0000,-0.0002
1791282137.7637,0.0216,0.3654,0.0000,0.0000,0.0000,0.0000,0.0000,0.0000,-0.0015,-0.0015,-0.0015,-0.0000,-1.0969,0.0000,0.0000,0.0000
1791282137.7839,0.0202,0.3297,0.0000,0.0000,0.0000,0.0000,0.0000,0.0000,-0.0015,-0.0015,-0.0015,-0.0000,-1.0969,0.0000,0.0000,0.0000
1791282137.8022,0.0183,0.5031,0.0000,0.0000,0.0000,0.0000,0.0000,0.0000,-0.0015,-0.0015,-0.0015,-0.0015,-1.0969,0.0000,0.0000,0.0000
1791282137.8223,0.0201,0.2110,0.0000,0.0000,0.0000,0.0000,0.0000,0.0000,-0.0015,-0.0015,-0.0015,-0.0015,-1.0969,0.0000,0.0000,0.0000
1791282137.8421,0.0199,0.8843,0.0000,0.0000,0.0000,0.0000,0.0000,0.0000,-0.0015,-0.0015,-0.0015,-0.0015,-1.0969,0.0000,0.0000,0.0000
1791282137.8622,0.0200,0.3264,0.0000,0.0000,0.0000,0.0000,0.0000,0.0000,-0.0015,-0.0015,-0.0015,-0.0015,-1.0969,0.0000,0.0000,0.0000
1791282137.8822,0.0200,0.3066,0.0000,0.0000,0.0000,0.0000,0.0000,0.0000,-0.0015,-0.0015,-0.0015,-0.0015,-1.0969,0.0000,0.0000,0.0000
1791282137.9021,0.0199,0.2667,0.0000,0.0000,0.0000,0.0000,0.0000,0.0000,-0.0015,-0.0015,-0.0015,-0.0000,-1.0970,0.0000,0.0000,0.0000
1791282137.9228,0.0207,0.2058,0.0000,0.0000,0.0000,0.0000,0.0000,0.0000,-0.0015,-0.0015,-0.0015,-0.0015,-1.0969,0.0000,0.0000,0.0000
1791282137.9421,0.0194,0.2486,0.0000,0.0000,0.0000,0.0000,0.0000,0.0000,-0.0015,-0.0015,-0.0015,-0.0015,-1.0969,0.0000,0.0000,0.0000
1791282137.9657,0.0236,0.2691,0.0000,0.0000,0.0000,0.0000,0.0000,0.0000,-0.0015,-0.0015,-0.0015,-0.0015,-1.0969,0.0000,0.0000,0.0000
1791282137.9821,0.0164,0.4047,0.0000,0.0000,0.0000,0.0000,0.0000,0.0000,-0.0015,-0.0015,-0.0015,-0.0015,-1.0969,0.0000,0.0000,0.0000
1791282138.0021,0.0200,0.3231,0.0000,0.0000,0.0000,0.0000,0.0000,0.0000,-0.0015,-0.0015,-0.0015,-0.0015,-1.0969,0.0000,0.0000,0.0000
1791282138.0222,0.0201,0.9906,0.0000,0.0000,0.0000,0.0000,0.0000,0.0000,-0.0015,-0.0015,-0.0015,-0.0000,-1.0969,0.0000,0.0000,0.0000
1791282138.0422,0.0200,0.6313,0.0000,0.0000,0.0000,0.0000,0.0000,0.0000,-0.0015,-0.0015,-0.0015,-0.0015,-1.0969,0.0000,0.0000,0.0000
1791282138.0627,0.0205,0.4328,0.0000,0.0000,0.0000,0.0000,0.0000,0.0000,-0.0015,-0.0015,-0.0015,-0.0015,-1.0969,0.0000,0.0000,0.0000
1791282138.0823,0.0196,1.1438,0.0000,0.0000,0.0000,0.0000,0.0000,0.0000,-0.0015,-0.0015,-0.0015,-0.0000,-1.0970,0.0000,0.0000,0.0000
1791282138.1021,0.0198,0.4442,0.0000,0.0000,0.0000,0.0000,0.0000,0.0000,-0.0015,-0.0015,-0.0015,-0.0000,-1.0970,0.0000,0.0000,0.0000
1791282138.1223,0.0201,0.2944,0.0000,0.0000,0.0000,0.0000,0.0000,0.0000,-0.0015,-0.0015,-0.0015,-0.0015,-1.0969,0.0000,0.0000,0.0000
1791282138.1421,0.0198,0.2900,0.0000,0.0000,0.0000,0.0000,0.0000,0.0000,-0.0015,-0.0015,-0.0015,-0.0015,-1.0970,0.0000,0.0000,0.0000
1791282138.1621,0.0200,0.2331,0.0000,0.0000,0.0000,0.0000,0.0000,0.0000,-0.0015,-0.0015,-0.0015,-0.0015,-1.0969,0.0000,0.0000,0.0000
1791282138.1828,0.0207,0.3010,0.0000,0.0000,0.0000,0.0000,0.0000,0.0000,-0.0015,-0.0015,-0.0015,-0.0015,-1.0969,0.0000,0.0000,0.0000
1791282138.2021,0.0193,0.2781,0.0000,0.0000,0.0000,0.0000,0.0000,0.0000,-0.0015,-0.0015,-0.0015,-0.0015,-1.0969,0.0000,0.0000,0.0000
1791282138.2227,0.0206,0.4003,0.0000,0.0000,0.0000,0.0000,0.0000,0.0000,-0.0015,-0.0015,-0.0015,-0.0015,-1.0969,0.0000,0.0000,0.0000
1791282138.2421,0.0194,0.2488,0.0000,0.0000,0.0000,0.0000,0.0000,0.0000,-0.0015,-0.0015,-0.0015,-0.0015,-1.0969,0.0000,0.0000,0.0000
1791282138.2621,0.0200,0.3050,0.0000,0.0000,0.0000,0.0000,0.0000,0.0000,-0.0015,-0.0015,-0.0015,-0.0015,-1.0969,0.0000,0.0000,0.0000
1791282138.2822,0.0201,0.3018,0.0000,0.0000,0.0000,0.0000,0.0000,0.0000,-0.0015,-0.0015,-0.0015,-0.0015,-1.0969,0.0000,0.0000,0.0000
1791282138.3024,0.0202,1.2155,0.0000,0.0000,0.0000,0.0000,0.0000,0.0000,-0.0015,-0.0015,-0.0015,-0.0015,-1.0969,0.0000,0.0000,0.0000
1791282138.3223,0.0199,0.4707,0.0000,0.0000,0.0000,0.0000,0.0000,0.0000,-0.0015,-0.0015,-0.0015,-0.0015,-1.0969,0.0000,0.0000,0.0000
1791282138.3421,0.0199,0.3727,0.0000,0.0000,0.0000,0.0000,0.0000,0.0000,-0.0015,-0.0015,-0.0015,-0.0000,-1.0969,0.0000,0.0000,0.0000
1791282138.3622,0.0201,0.3742,0.0000,0.0000,0.0000,0.0000,0.0000,0.0000,-0.0015,-0.0015,-0.0015,-0.0015,-1.0969,0.0000,0.0000,0.0000
1791282138.3830,0.0208,0.4141,0.0000,0.0000,0.0000,0.0000,0.0000,0.0000,-0.0015,-0.0015,-0.0015,-0.0015,-1.0970,0.0000,0.0000,0.0000
1791282138.4043,0.0213,0.3068,0.0000,0.0000,0.0000,0.0000,0.0000,0.0000,-0.0015,-0.0015,-0.0015,-0.0000,-1.0969,0.0000,0.0000,0.0000
1791282138.4223,0.0180,0.3668,0.0000,0.0000,0.0000,0.0000,0.0000,0.0000,-0.0015,-0.0015,-0.0015,-0.0015,-1.0969,0.0000,0.0000,0.0000
1791282138.4422,0.0199,0.2722,0.0000,0.0000,0.0000,0.0000,0.0000,0.0000,-0.0015,-0.0015,-0.0015,-0.0015,-1.0970,0.0000,0.0000,0.0000
1791282138.4621,0.0199,0.4501,0.0000,0.0000,0.0000,0.0000,0.0000,0.0000,-0.0015,-0.0015,-0.0015,-0.0015,-1.0969,0.0000,0.0000,0.0000
1791282138.4823,0.0201,0.2649,0.0000,0.0000,0.0000,0.0000,0.0000,0.0000,-0.0015,-0.0015,-0.0015,-0.0015,-1.0969,0.0000,0.0000,0.0000
1791282138.5021,0.0198,0.2885,0.0000,0.0000,0.0000,0.0000,0.0000,0.0000,-0.0015,-0.0015,-0.0015,-0.0015,-1.0970,0.0000,0.0000,0.0000
1791282138.5222,0.0201,0.2052,0.0000,0.0000,0.0000,0.0000,0.0000,0.0000,-0.0015,-0.0015,-0.0015,-0.0015,-1.0969,0.0000,0.0000,0.0000
1791282138.5421,0.0199,0.2964,0.0000,0.0000,0.0000,0.0000,0.0000,0.0000,-0.0015,-0.0015,-0.0015,-0.0015,-1.0969,0.0000,0.0000,0.0000
1791282138.5622,0.0201,0.3079,0.0000,0.0000,0.0000,0.0000,0.0000,0.0000,-0.0015,-0.0015,-0.0015,-0.0015,-1.0970,0.0000,0.0000,0.0000
1791282138.5821,0.0199,0.2626,0.0000,0.0000,0.0000,0.0000,0.0000,0.0000,-0.0015,-0.0015,-0.0015,-0.0000,-1.0969,0.0000,0.0000,0.0000
1791282138.6022,0.0201,0.2678,0.0000,0.0000,0.0000,0.0000,0.0000,0.0000,-0.0015,-0.0015,-0.0015,-0.0000,-1.0970,0.0000,0.0000,0.0000
1791282138.6222,0.0201,0.2426,0.0000,0.0000,0.0000,0.0000,0.0000,0.0000,-0.0015,-0.0015,-0.0015,-0.0000,-1.0970,0.0000,0.0000,0.0000
1791282138.6421,0.0199,0.2675,0.0000,0.0000,0.0000,0.0000,0.0000,0.0000,-0.0015,-0.0015,-0.0015,-0.0000,-1.0970,0.0000,0.0000,0.0000
1791282138.6621,0.0200,0.2439,0.0000,0.0000,0.0000,0.0000,0.0000,0.0000,-0.0015,-0.0015,-0.0015,-0.0015,-1.0969,0.0000,0.0000,0.0000
1791282138.6821,0.0200,0.2284,0.0000,0.0000,0.0000,0.0000,0.0000,0.0000,-0.0015,-0.0015,-0.0015,-0.0015,-1.0969,0.0000,0.0000,0.0000
1791282138.7021,0.0200,0.2940,0.0000,0.0000,0.0000,0.0000,0.0000,0.0000,-0.0015,-0.0015,-0.0015,-0.0015,-1.0970,0.0000,0.0000,0.0000
1791282138.7222,0.0201,0.2056,0.0000,0.0000,0.0000,0.0000,0.0000,0.0000,-0.0015,-0.0015,-0.0015,-0.0015,-1.0969,0.0000,0.0000,0.0000
1791282138.7421,0.0199,0.2523,0.0000,0.0000,0.0000,0.0000,0.0000,0.0000,-0.0015,-0.0015,-0.0015,-0.0015,-1.0969,0.0000,0.0000,0.0000
1791282138.7621,0.0200,0.2678,0.0000,0.0000,0.0000,0.0000,0.0000,0.0000,-0.0015,-0.0015,-0.0015,-0.0000,-1.0969,0.0000,0.0000,0.0000
1791282138.7821,0.0200,0.2639,0.0000,0.0000,0.0000,0.0000,0.0000,0.0000,-0.0015,-0.0015,-0.0015,-0.0000,-1.0969,0.0000,0.0000,0.0000
1791282138.8021,0.0200,0.2536,0.0000,0.0000,0.0000,0.0000,0.0000,0.0000,-0.0015,-0.0015,-0.0015,-0.0015,-1.0969,0.0000,0.0000,0.0000
1791282138.8222,0.0201,0.1850,0.0000,0.0000,0.0000,0.0000,0.0000,0.0000,-0.0015,-0.0015,-0.0015,-0.0000,-1.0969,0.0000,0.0000,0.0000
1791282138.8421,0.0199,0.2629,0.0000,0.0000,0.0000,0.0000,0.0000,0.0000,-0.0015,-0.0015,-0.0015,-0.0015,-1.0969,0.0000,0.0000,0.0000
1791282138.8621,0.0200,0.2574,0.0000,0.0000,0.0000,0.0000,0.0000,0.0000,-0.0015,-0.0015,-0.0015,-0.0015,-1.0969,0.0000,0.0000,0.0000
1791282138.8821,0.0200,0.2532,0.0000,0.0000,0.0000,0.0000,0.0000,0.0000,-0.0015,-0.0015,-0.0015,-0.0000,-1.0969,0.0000,0.0000,0.0000
1791282138.9021,0.0200,0.3012,0.0000,0.0000,0.0000,0.0000,0.0000,0.0000,-0.0015,-0.0015,-0.0015,-0.0015,-1.0969,0.0000,0.0000,0.0000
1791282138.9222,0.0201,0.2117,0.0000,0.0000,0.0000,0.0000,0.0000,0.0000,-0.0015,-0.0015,-0.0015,-0.0015,-1.0969,0.0000,0.0000,0.0000
1791282138.9421,0.0199,0.2718,0.0000,0.0000,0.0000,0.0000,0.0000,0.0000,-0.0015,-0.0015,-0.0015,-0.0015,-1.0970,0.0000,0.0000,0.0000
1791282138.9622,0.0201,0.4498,0.0000,0.0000,0.0000,0.0000,0.0000,0.0000,-0.0015,-0.0015,-0.0015,-0.0015,-1.0969,0.0000,0.0000,0.0000
1791282138.9827,0.0205,0.6010,0.0000,0.0000,0.0000,0.0000,0.0000,0.0000,-0.0015,-0.0015,-0.0015,-0.0000,-1.0969,0.0000,0.0000,0.0000
1791282139.0022,0.0194,0.2693,0.0000,0.0000,0.0000,0.0000,0.0000,0.0000,-0.0015,-0.0015,-0.0015,-0.0015,-1.0969,0.0000,0.0000,0.0000
1791282139.0223,0.0201,0.2380,0.0000,0.0000,0.0000,0.0000,0.0000,0.0000,-0.0015,-0.0015,-0.0015,-0.0015,-1.0970,0.0000,0.0000,0.0000
1791282139.0422,0.0199,0.5012,0.0000,0.0000,0.0000,0.0000,0.0000,0.0000,-0.0015,-0.0015,-0.0015,-0.0015,-1.0969,0.0000,0.0000,0.0000
1791282139.0622,0.0199,0.2892,0.0000,0.0000,0.0000,0.0000,0.0000,0.0000,-0.0015,-0.0015,-0.0015,-0.0015,-1.0970,0.0000,0.0000,0.0000
1791282139.0821,0.0199,0.3512,0.0000,0.0000,0.0000,0.0000,0.0000,0.0000,-0.0015,-0.0015,-0.0015,-0.0015,-1.0970,0.0000,0.0000,0.0000
1791282139.1023,0.0202,0.8058,0.0000,0.0000,0.0000,0.0000,0.0000,0.0000,-0.0015,-0.0015,-0.0015,-0.0015,-1.0969,0.0000,0.0000,0.0000
1791282139.1224,0.0201,0.3712,0.0000,0.0000,0.0000,0.0000,0.0000,0.0000,-0.0015,-0.0015,-0.0015,-0.0000,-1.0969,0.0000,0.0000,0.0000
1791282139.1424,0.0201,0.9367,0.0000,0.0000,0.0000,0.0000,0.0000,0.0000,-0.0015,-0.0015,-0.0015,-0.0015,-1.0969,0.0000,0.0000,0.0000
1791282139.1640,0.0216,0.5594,0.0000,0.0000,0.0000,0.0000,0.0000,0.0000,-0.0015,-0.0015,-0.0015,-0.0015,-1.0969,0.0000,0.0000,0.0000
1791282139.1822,0.0181,0.3496,0.0000,0.0000,0.0000,0.0000,0.0000,0.0000,-0.0015,-0.0015,-0.0015,-0.0015,-1.0969,0.0000,0.0000,0.0000
1791282139.2023,0.0202,0.4334,0.0000,0.0000,0.0000,0.0000,0.0000,0.0000,-0.0015,-0.0015,-0.0015,-0.0015,-1.0969,0.0000,0.0000,0.0000
1791282139.2228,0.0205,0.2182,0.0000,0.0000,0.0000,0.0000,0.0000,0.0000,-0.0015,-0.0015,-0.0015,-0.0015,-1.0969,0.0000,0.0000,0.0000
1791282139.2421,0.0193,0.2615,0.0000,0.0000,0.0000,0.0000,0.0000,0.0000,-0.0015,-0.0015,-0.0015,-0.0015,-1.0970,0.0000,0.0000,0.0000
1791282139.2635,0.0214,0.3801,0.0000,0.0000,0.0000,0.0000,0.0000,0.0000,-0.0015,-0.0015,-0.0015,-0.0015,-1.0969,0.0000,0.0000,0.0000
1791282139.2823,0.0189,0.2777,0.0000,0.0000,0.0000,0.0000,0.0000,0.0000,-0.0015,-0.0015,-0.0015,-0.0015,-1.0970,0.0000,0.0000,0.0000
1791282139.3031,0.0208,0.3430,0.0000,0.0000,0.0000,0.0000,0.0000,0.0000,-0.0015,-0.0015,-0.0015,-0.0015,-1.0969,0.0000,0.0000,0.0000
1791282139.3225,0.0194,0.2626,0.0000,0.0000,0.0000,0.0000,0.0000,0.0000,-0.0015,-0.0015,-0.0015,-0.0015,-1.0970,0.0000,0.0000,0.0000
1791282139.3429,0.0204,0.2661,0.0000,0.0000,0.0000,0.0000,0.0000,0.0000,-0.0015,-0.0015,-0.0015,-0.0015,-1.0970,0.0000,0.0000,0.0000
1791282139.3642,0.0213,0.5897,0.0000,0.0000,0.0000,0.0000,0.0000,0.0000,-0.0015,-0.0015,-0.0015,-0.0015,-1.0969,0.0000,0.0000,0.0000
1791282139.3821,0.0179,0.2663,0.0000,0.0000,0.0000,0.0000,0.0000,0.0000,-0.0015,-0.0015,-0.0015,-0.0015,-1.0969,0.0000,0.0000,0.0000
1791282139.4021,0.0200,0.2773,0.0000,0.0000,0.0000,0.0000,0.0000,0.0000,-0.0015,-0.0015,-0.0015,-0.0000,-1.0969,0.0000,0.0000,0.0000
1791282139.4224,0.0203,0.2564,0.0000,0.0000,0.0000,0.0000,0.0000,0.0000,-0.0015,-0.0015,-0.0015,-0.0000,-1.0969,0.0000,0.0000,0.0000
1791282139.4427,0.0203,0.2697,0.0000,0.0000,0.0000,0.0000,0.0000,0.0000,-0.0015,-0.0015,-0.0015,-0.0015,-1.0969,0.0000,0.0000,0.0000
1791282139.4630,0.0203,0.7285,0.0000,0.0000,0.0000,0.0000,0.0000,0.0000,-0.0015,-0.0015,-0.0015,-0.0015,-1.0969,0.0000,0.0000,0.0000
1791282139.4822,0.0192,0.2581,0.0000,0.0000,0.0000,0.0000,0.0000,0.0000,-0.0015,-0.0015,-0.0015,-0.0000,-1.0969,0.0000,0.0000,0.0000
1791282139.5033,0.0211,0.5398,0.0000,0.0000,0.0000,0.0000,0.0000,0.0000,-0.0015,-0.0015,-0.0015,-0.0015,-1.0969,0.0000,0.0000,0.0000
1791282139.5231,0.0198,1.2339,0.0000,0.0000,0.0000,0.0000,0.0000,0.0000,-0.0015,-0.0015,-0.0015,-0.0015,-1.0969,0.0000,0.0000,0.0000
1791282139.5421,0.0190,0.2488,0.0000,0.0000,0.0000,0.0000,0.0000,0.0000,-0.0015,-0.0015,-0.0015,-0.0015,-1.0970,0.0000,0.0000,0.0000
1791282139.5621,0.0200,0.7207,0.0000,0.0000,0.0000,0.0000,0.0000,0.0000,-0.0015,-0.0015,-0.0015,-0.0015,-1.0969,0.0000,0.0000,0.0000
1791282139.5821,0.0200,0.2853,0.0000,0.0000,0.0000,0.0000,0.0000,0.0000,-0.0015,-0.0015,-0.0015,-0.0015,-1.0969,0.0000,0.0000,0.0000
1791282139.6027,0.0206,0.2454,0.0000,0.0000,0.0000,0.0000,0.0000,0.0000,-0.0015,-0.0015,-0.0015,-0.0000,-1.0969,0.0000,0.0000,0.0000
1791282139.6221,0.0194,0.3700,0.0000,0.0000,0.0000,0.0000,0.0000,0.0000,-0.0015,-0.0015,-0.0015,-0.0015,-1.0969,0.0000,0.0000,0.0000
1791282139.6422,0.0201,0.2587,0.0000,0.0000,0.0000,0.0000,0.0000,0.0000,-0.0015,-0.0015,-0.0015,-0.0015,-1.0970,0.0000,0.0000,0.0000
1791282139.6621,0.0199,0.2538,0.0000,0.0000,0.0000,0.0000,0.0000,0.0000,-0.0015,-0.0015,-0.0015,-0.0000,-1.0969,0.0000,0.0000,0.0000
1791282139.6834,0.0213,0.3368,0.0000,0.0000,0.0000,0.0000,0.0000,0.0000,-0.0015,-0.0015,-0.0015,-0.0000,-1.0970,0.0000,0.0000,0.0000
1791282139.7024,0.0190,0.3609,0.0000,0.0000,0.0000,0.0000,0.0000,0.0000,-0.0015,-0.0015,-0.0015,-0.0015,-1.0970,0.0000,0.0000,0.0000
1791282139.7250,0.0226,0.3085,0.0000,0.0000,0.0000,0.0000,0.0000,0.0000,-0.0015,-0.0015,-0.0015,-0.0000,-1.0970,0.0000,0.0000,0.0000
1791282139.7421,0.0171,0.2758,0.0000,0.0000,0.0000,0.0000,0.0000,0.0000,-0.0015,-0.0015,-0.0015,-0.0015,-1.0970,0.0000,0.0000,0.0000
1791282139.7637,0.0216,0.3226,0.0000,0.0000,0.0000,0.0000,0.0000,0.0000,-0.0015,-0.0015,-0.0015,-0.0015,-1.0970,0.0000,0.0000,0.0000
1791282139.7823,0.0186,0.4492,0.0000,0.0000,0.0000,0.0000,0.0000,0.0000,-0.0015,-0.0015,-0.0015,-0.0000,-1.0969,0.0000,0.0000,0.0000
1791282139.8021,0.0198,0.2521,0.0000,0.0000,0.0000,0.0000,0.0000,0.0000,-0.0015,-0.0015,-0.0015,-0.0015,-1.0970,0.0000,0.0000,0.0000
1791282139.8222,0.0201,0.2114,0.0000,0.0000,0.0000,0.0000,0.0000,0.0000,-0.0015,-0.0015,-0.0015,-0.0000,-1.0970,0.0000,0.0000,0.0000
1791282139.8421,0.0199,1.0052,0.0000,0.0000,0.0000,0.0000,0.0000,0.0000,-0.0015,-0.0015,-0.0015,-0.0000,-1.0969,0.0000,0.0000,0.0000
1791282139.8621,0.0200,0.4277,0.0000,0.0000,0.0000,0.0000,0.0000,0.0000,-0.0015,-0.0015,-0.0015,-0.0015,-1.0969,0.0000,0.0000,0.0000
1791282139.8821,0.0201,0.8010,0.0000,0.0000,0.0000,0.0000,0.0000,0.0000,-0.0015,-0.0015,-0.0015,-0.0000,-1.0969,0.0000,0.0000,0.0000
1791282139.9022,0.0200,1.1727,0.0000,0.0000,0.0000,0.0000,0.0000,0.0000,0.0000,-0.0015,0.0000,-0.0000,-1.0969,0.0000,0.0000,0.0000
1791282139.9225,0.0203,0.4367,0.0000,0.0000,0.0000,0.0000,0.0000,0.0000,0.0000,-0.0015,0.0000,-0.0000,-1.0970,0.0000,0.0000,0.0000
1791282139.9428,0.0203,1.8810,0.0000,0.0000,0.0000,0.0000,0.0000,0.0000,0.0000,-0.0015,0.0000,-0.0000,-1.0969,0.0000,0.0000,0.0000
1791282139.9641,0.0214,0.3702,0.0000,0.0000,0.0000,0.0000,0.0000,0.0000,0.0000,-0.0015,0.0000,-0.0015,-1.0969,0.0000,0.0000,0.0000
1791282139.9827,0.0186,1.0649,0.0000,0.0000,0.0000,0.0000,0.0000,0.0000,0.0000,-0.0015,0.0000,-0.0015,-1.0969,0.0000,0.0000,0.0000
1791282140.0020,0.0193,0.3677,0.0000,0.0000,0.0000,0.0000,0.0000,0.0000,0.0000,-0.0015,0.0000,-0.0015,-1.0970,0.0000,0.0000,0.0000
1791282140.0233,0.0213,0.3452,0.0000,0.0000,0.0000,0.0000,0.0000,0.0000,0.0000,-0.0015,0.0000,-0.0015,-1.0969,0.0000,0.0000,0.0000
1791282140.0422,0.0189,2.0096,0.0000,0.0000,0.0000,0.0000,0.0000,0.0000,0.0000,-0.0015,0.0000,-0.0015,-1.0969,0.0000,0.0000,0.0000
1791282140.0622,0.0200,0.5272,0.0000,0.0000,0.0000,0.0000,0.0000,0.0000,0.0000,-0.0015,0.0000,-0.0015,-1.0969,0.0000,0.0000,0.0000
1791282140.0827,0.0206,0.4031,0.0000,0.0000,0.0000,0.0000,0.0000,0.0000,0.0000,-0.0015,0.0000,-0.0000,-1.0969,0.0000,0.0000,0.0000
1791282140.1021,0.0194,3.0200,0.0000,0.0000,0.0000,0.0000,0.0000,0.0000,0.0000,-0.0015,0.0000,-0.0000,-1.0970,0.0000,0.0000,0.0000
1791282140.1232,0.0210,0.8658,0.0000,0.0000,0.0000,0.0000,0.0000,0.0000,0.0000,-0.0015,0.0000,-0.0015,-1.0970,0.0000,0.0000,0.0000
1791282140.1448,0.0216,0.3989,0.0000,0.0000,0.0000,0.0000,0.0000,0.0000,0.0000,-0.0015,0.0000,-0.0000,-1.0970,0.0000,0.0000,0.0000
1791282140.1622,0.0175,0.7469,0.0000,0.0000,0.0000,0.0000,0.0000,0.0000,0.0000,-0.0015,0.0000,-0.0015,-1.0970,0.0000,0.0000,0.0000
1791282140.1824,0.0202,1.6955,0.0000,0.0000,0.0000,0.0000,0.0000,0.0000,0.0000,-0.0015,0.0000,-0.0015,-1.0969,0.0000,0.0000,0.0000
1791282140.2020,0.0196,1.1010,0.0000,0.0000,0.0000,0.0000,0.0000,0.0000,0.0000,-0.0015,0.0000,-0.0015,-1.0969,0.0000,0.0000,0.0000
1791282140.2224,0.0204,0.4371,0.0000,0.0000,0.0000,0.0000,0.0000,0.0000,0.0000,-0.0015,0.0000,-0.0015,-1.0969,0.0000,0.0000,0.0000
1791282140.2421,0.0197,0.4380,0.0000,0.0000,0.0000,0.0000,0.0000,0.0000,0.0000,-0.0015,0.0000,-0.0015,-1.0969,0.0000,0.0000,0.0000
1791282140.2641,0.0221,1.4919,0.0000,0.0000,0.0000,0.0000,0.0000,0.0000,0.0000,-0.0015,0.0000,-0.0015,-1.0969,0.0000,0.0000,0.0000
1791282140.2821,0.0180,1.2034,0.0000,0.0000,0.0000,0.0000,0.0000,0.0000,0.0000,-0.0015,0.0000,-0.0015,-1.0970,0.0000,0.0000,0.0000
1791282140.3021,0.0200,1.0078,0.0000,0.0000,0.0000,0.0000,0.0000,0.0000,0.0000,-0.0031,0.0000,-0.0015,-1.0970,0.0000,0.0000,0.0000
1791282140.3226,0.0205,0.4686,0.0000,0.0000,0.0000,0.0000,0.0000,0.0000,0.0000,-0.0015,0.0000,-0.0015,-1.0970,0.0000,0.0000,0.0000
1791282140.3421,0.0195,0.4478,0.0000,0.0000,0.0000,0.0000,0.0000,0.0000,0.0000,-0.0015,0.0000,-0.0000,-1.0969,0.0000,0.0000,0.0000
1791282140.3621,0.0200,0.9803,0.0000,0.0000,0.0000,0.0000,0.0000,0.0000,0.0000,-0.0015,0.0000,-0.0015,-1.0970,0.0000,0.0000,0.0000
1791282140.3821,0.0199,0.5222,0.0000,0.0000,0.0000,0.0000,0.0000,0.0000,0.0000,-0.0015,0.0000,-0.0015,-1.0969,0.0000,0.0000,0.0000
1791282140.4027,0.0206,0.4073,0.0000,0.0000,0.0000,0.0000,0.0000,0.0000,0.0000,-0.0015,0.0000,-0.0015,-1.0970,0.0000,0.0000,0.0000
1791282140.4224,0.0197,0.3481,0.0000,0.0000,0.0000,0.0000,0.0000,0.0000,0.0000,-0.0015,0.0000,-0.0000,-1.0970,0.0000,0.0000,0.0000
1791282140.4421,0.0197,1.7091,0.0000,0.0000,0.0000,0.0000,0.0000,0.0000,0.0000,-0.0015,0.0000,-0.0015,-1.0969,0.0000,0.0000,0.0000
1791282140.4630,0.0209,0.3712,0.0000,0.0000,0.0000,0.0000,0.0000,0.0000,0.0000,-0.0015,0.0000,-0.0015,-1.0969,0.0000,0.0000,0.0000
1791282140.4837,0.0208,0.4072,0.0000,0.0000,0.0000,0.0000,0.0000,0.0000,0.0000,-0.0015,0.0000,-0.0015,-1.0969,0.0000,0.0000,0.0000
1791282140.5024,0.0187,1.0316,0.0000,0.0000,0.0000,0.0000,0.0000,0.0000,0.0000,-0.0015,0.0000,-0.0015,-1.0969,0.0000,0.0000,0.0000
1791282140.5236,0.0211,0.5570,0.0000,0.0000,0.0000,0.0000,0.0000,0.0000,0.0000,-0.0015,-0.0443,-0.0015,-1.0969,0.0000,0.0000,0.0000
1791282140.5429,0.0194,0.4370,0.0000,0.0000,0.0000,0.0000,0.0000,0.0000,0.0000,-0.0015,-0.0848,-0.0015,-1.0969,0.0000,0.0000,0.0000
1791282140.5622,0.0193,2.6313,0.0000,0.0000,0.0000,0.0000,0.0000,0.0000,0.0000,-0.0015,-0.1252,-0.0015,-1.0969,0.0000,0.0000,0.0000
1791282140.5821,0.0199,1.7007,0.0000,0.0000,0.0000,0.0000,0.0000,0.0000,0.0000,-0.0015,-0.1670,-0.0123,-1.0969,0.0000,0.0000,0.0000
1791282140.6021,0.0199,3.0381,0.0000,0.0000,0.0000,0.0000,0.0000,0.0000,0.0000,-0.0015,-0.2087,-0.0383,-1.0969,0.0000,0.0000,0.0000
1791282140.6229,0.0208,0.9542,0.0000,0.0000,0.0000,0.0000,0.0000,0.0000,0.0000,-0.0015,-0.2523,-0.0736,-1.0969,0.0000,0.0000,0.0000
1791282140.6424,0.0196,1.0939,0.0000,0.0000,0.0000,0.0000,0.0000,0.0000,0.0000,-0.0015,-0.2618,-0.1058,-1.0970,0.0000,0.0000,0.0000
1791282140.6621,0.0197,1.4525,0.0000,0.0000,0.0000,0.0000,0.0000,0.0000,0.0000,-0.0015,-0.2618,-0.1411,-1.0970,0.0000,0.0000,0.0000
1791282140.6821,0.0200,2.9132,0.0000,0.0000,0.0000,0.0000,0.0000,0.0000,0.0000,-0.0015,-0.2618,-0.1795,-1.0970,0.0000,0.0000,0.0000
1791282140.7024,0.0203,2.0068,0.0000,0.0000,0.0000,0.0000,0.0000,0.0000,0.0000,-0.0015,-0.2618,-0.2102,-1.0969,0.0000,0.0000,0.0000
1791282140.7280,0.0256,5.8652,0.0000,0.0000,0.0000,0.0000,0.0000,0.0000,0.0000,-0.0015,-0.2618,-0.2286,-1.0969,0.0000,0.0000,0.0000
1791282140.7426,0.0146,2.2943,0.0000,0.0000,0.0000,0.0000,0.0000,0.0000,0.0000,-0.0015,-0.2618,-0.2408,-1.0969,0.0000,0.0000,0.0000
1791282140.7635,0.0208,0.3775,0.0000,0.0000,0.0000,0.0000,0.0000,0.0000,0.0000,-0.0015,-0.2618,-0.2500,-1.0969,0.0000,0.0000,0.0000
1791282140.7821,0.0187,0.4383,0.0000,0.0000,0.0000,0.0000,0.0000,0.0000,0.0000,-0.0015,-0.2618,-0.2546,-1.0969,0.0000,0.0000,0.0000
1791282140.8021,0.0200,1.7082,0.0000,0.0000,0.0000,0.0000,0.0000,0.0000,0.0000,-0.0015,-0.2618,-0.2577,-1.0969,0.0000,0.0000,0.0000
1791282140.8229,0.0208,1.3081,0.0000,0.0000,0.0000,0.0000,0.0000,0.0000,0.0000,-0.0015,-0.2618,-0.2608,-1.0969,0.0000,0.0000,0.0000
1791282140.8421,0.0192,0.7939,0.0000,0.0000,0.0000,0.0000,0.0000,0.0000,0.0000,-0.0015,-0.2618,-0.2608,-1.0969,0.0000,0.0000,0.0000
1791282140.8623,0.0202,0.5605,0.0000,0.0000,0.0000,0.0000,0.0000,0.0000,0.0000,-0.0015,-0.2618,-0.2623,-1.0969,0.0000,0.0000,0.0000
1791282140.8837,0.0214,0.3882,0.0000,0.0000,0.0000,0.0000,0.0000,0.0000,0.0000,-0.0015,-0.2618,-0.2608,-1.0969,0.0000,0.0000,0.0000
1791282140.9032,0.0195,4.6940,0.0000,0.0000,0.0000,0.0000,0.0000,0.0000,0.0000,-0.0015,-0.2618,-0.2608,-1.0969,0.0000,0.0000,0.0000
1791282140.9229,0.0197,0.3024,0.0000,0.0000,0.0000,0.0000,0.0000,0.0000,0.0000,-0.0015,-0.2618,-0.2608,-1.0969,0.0000,0.0000,0.0000
1791282140.9420,0.0191,0.4094,0.0000,0.0000,0.0000,0.0000,0.0000,0.0000,0.0000,-0.0015,-0.2618,-0.2608,-1.0969,0.0000,0.0000,0.0000
1791282140.9621,0.0200,0.4506,0.0000,0.0000,0.0000,0.0000,0.0000,0.0000,0.0000,-0.0015,-0.2618,-0.2623,-1.0969,0.0000,0.0000,0.0000
1791282140.9821,0.0200,0.4862,0.0000,0.0000,0.0000,0.0000,0.0000,0.0000,0.0000,-0.0015,-0.2618,-0.2608,-1.0969,0.0000,0.0000,0.0000
1791282141.0021,0.0200,0.4109,0.0000,0.0000,0.0000,0.0000,0.0000,0.0000,0.0000,-0.0031,-0.2618,-0.2623,-1.0969,0.0000,0.0000,0.0000
1791282141.0226,0.0205,0.6276,0.0000,0.0000,0.0000,0.0000,0.0000,0.0000,0.0000,-0.0015,-0.2618,-0.2623,-1.0969,0.0000,0.0000,0.0000
1791282141.0421,0.0196,0.4827,0.0000,0.0000,0.0000,0.0000,0.0000,0.0000,0.0000,-0.0015,-0.2618,-0.2623,-1.0969,0.0000,0.0000,0.0000
1791282141.0630,0.0208,0.5383,0.0000,0.0000,0.0000,0.0000,0.0000,0.0000,0.0000,-0.0015,-0.2618,-0.2623,-1.0970,0.0000,0.0000,0.0000
1791282141.0839,0.0209,1.0852,0.0000,0.0000,0.0000,0.0000,0.0000,0.0000,0.0000,-0.0015,-0.2618,-0.2623,-1.0969,0.0000,0.0000,0.0000
1791282141.1021,0.0182,0.6074,0.0000,0.0000,0.0000,0.0000,0.0000,0.0000,0.0000,-0.0015,-0.2618,-0.2623,-1.0969,0.0000,0.0000,0.0000
1791282141.1229,0.0208,0.2811,0.0000,0.0000,0.0000,0.0000,0.0000,0.0000,0.0000,-0.0015,-0.2618,-0.2623,-1.0970,0.0000,0.0000,0.0000
1791282141.1421,0.0192,2.0483,0.0000,0.0000,0.0000,0.0000,0.0000,0.0000,0.0000,-0.0015,-0.2618,-0.2623,-1.0970,0.0000,0.0000,0.0000
1791282141.1621,0.0200,0.5264,0.0000,0.0000,0.0000,0.0000,0.0000,0.0000,0.0000,-0.0015,-0.2618,-0.2623,-1.0969,0.0000,0.0000,0.0000
1791282141.1821,0.0200,0.4312,0.0000,0.0000,0.0000,0.0000,0.0000,0.0000,0.0000,-0.0015,-0.2618,-0.2623,-1.0969,0.0000,0.0000,0.0000
1791282141.2021,0.0200,0.4120,0.0000,0.0000,0.0000,0.0000,0.0000,0.0000,0.0000,-0.0015,-0.2618,-0.2608,-1.0970,0.0000,0.0000,0.0000
1791282141.2224,0.0203,0.3301,0.0000,0.0000,0.0000,0.0000,0.0000,0.0000,0.0000,-0.0015,-0.2618,-0.2623,-1.0970,0.0000,0.0000,0.0000
1791282141.2421,0.0198,0.4709,0.0000,0.0000,0.0000,0.0000,0.0000,0.0000,0.0000,-0.0015,-0.2618,-0.2623,-1.0970,0.0000,0.0000,0.0000
1791282141.2621,0.0200,0.6509,0.0000,0.0000,0.0000,0.0000,0.0000,0.0000,0.0000,-0.0015,-0.2618,-0.2623,-1.0969,0.0000,0.0000,0.0000
1791282141.2821,0.0200,0.6752,0.0000,0.0000,0.0000,0.0000,0.0000,0.0000,0.0000,-0.0015,-0.2618,-0.2623,-1.0969,0.0000,0.0000,0.0000
1791282141.3022,0.0201,1.4022,0.0000,0.0000,0.0000,0.0000,0.0000,0.0000,0.0000,-0.0015,-0.2618,-0.2623,-1.0969,0.0000,0.0000,0.0000
1791282141.3227,0.0205,0.5217,0.0000,0.0000,0.0000,0.0000,0.0000,0.0000,0.0000,-0.0015,-0.2618,-0.2623,-1.0969,0.0000,0.0000,0.0000
1791282141.3422,0.0196,1.8847,0.0000,0.0000,0.0000,0.0000,0.0000,0.0000,0.0000,-0.0015,-0.2618,-0.2623,-1.0969,0.0000,0.0000,0.0000
1791282141.3629,0.0207,2.7569,0.0000,0.0000,0.0000,0.0000,0.0000,0.0000,0.0000,-0.0015,-0.2618,-0.2623,-1.0969,0.0000,0.0000,0.0000
1791282141.3824,0.0194,1.1884,0.0000,0.0000,0.0000,0.0000,0.0000,0.0000,0.0000,-0.0015,-0.2618,-0.2623,-1.0969,0.0000,0.0000,0.0000
1791282141.4021,0.0197,0.4346,0.0000,0.0000,0.0000,0.0000,0.0000,0.0000,0.0000,-0.0015,-0.2618,-0.2623,-1.0969,0.0000,0.0000,0.0000
1791282141.4247,0.0226,1.5799,0.0000,0.0000,0.0000,0.0000,0.0000,0.0000,0.0000,-0.0015,-0.2618,-0.2623,-1.0970,0.0000,0.0000,0.0000
1791282141.4425,0.0178,1.4004,0.0000,0.0000,0.0000,0.0000,0.0000,0.0000,0.0000,-0.0015,-0.2618,-0.2623,-1.0970,0.0000,0.0000,0.0000
1791282141.4627,0.0203,0.3725,0.0000,0.0000,0.0000,0.0000,0.0000,0.0000,0.0000,-0.0015,-0.2618,-0.2623,-1.0969,0.0000,0.0000,0.0000
1791282141.4827,0.0200,0.6311,0.0000,0.0000,0.0000,0.0000,0.0000,0.0000,0.0000,-0.0015,-0.2618,-0.2623,-1.0969,0.0000,0.0000,0.0000
1791282141.5037,0.0210,1.7348,0.0000,0.0000,0.0000,0.0000,0.0000,0.0000,0.0000,-0.0015,-0.2618,-0.2623,-1.0970,0.0000,0.0000,0.0000
1791282141.5230,0.0192,0.6375,0.0000,0.0000,0.0000,0.0000,0.0000,0.0000,0.0000,-0.0015,-0.2618,-0.2623,-1.0970,0.0000,0.0000,0.0000
1791282141.5422,0.0192,0.8286,0.0000,0.0000,0.0000,0.0000,0.0000,0.0000,0.0000,-0.0015,-0.2618,-0.2623,-1.0969,0.0000,0.0000,0.0000
1791282141.5622,0.0200,0.5091,0.0000,0.0000,0.0000,0.0000,0.0000,0.0000,0.0000,-0.0015,-0.2618,-0.2623,-1.0970,0.0000,0.0000,0.0000
1791282141.5824,0.0202,0.5544,0.0000,0.0000,0.0000,0.0000,0.0000,0.0000,0.0000,-0.0015,-0.2618,-0.2623,-1.0970,0.0000,0.0000,0.0000
1791282141.6028,0.0203,0.4853,0.0000,0.0000,0.0000,0.0000,0.0000,0.0000,0.0000,-0.0015,-0.2618,-0.2623,-1.0969,0.0000,0.0000,0.0000
1791282141.6223,0.0195,0.3221,0.0000,0.0000,0.0000,0.0000,0.0000,0.0000,0.0000,-0.0015,-0.2618,-0.2623,-1.0969,0.0000,0.0000,0.0000
1791282141.6421,0.0197,1.8591,0.0000,0.0000,0.0000,0.0000,0.0000,0.0000,0.0000,-0.0015,-0.2618,-0.2623,-1.0969,0.0000,0.0000,0.0000
1791282141.6621,0.0200,0.4160,0.0000,0.0000,0.0000,0.0000,0.0000,0.0000,0.0000,-0.0015,-0.2618,-0.2623,-1.0970,0.0000,0.0000,0.0000
1791282141.6823,0.0202,0.8929,0.0000,0.0000,0.0000,0.0000,0.0000,0.0000,0.0000,-0.0015,-0.2618,-0.2623,-1.0970,0.0000,0.0000,0.0000
1791282141.7023,0.0200,2.7991,0.0000,0.0000,0.0000,0.0000,0.0000,0.0000,0.0000,-0.0015,-0.2618,-0.2623,-1.0970,0.0000,0.0000,0.0000
1791282141.7264,0.0241,0.3933,0.0000,0.0000,0.0000,0.0000,0.0000,0.0000,0.0000,-0.0015,-0.2618,-0.2623,-1.0970,0.0000,0.0000,0.0000
1791282141.7422,0.0158,1.6214,0.0000,0.0000,0.0000,0.0000,0.0000,0.0000,0.0000,-0.0015,-0.2618,-0.2623,-1.0970,0.0000,0.0000,0.0000
1791282141.7629,0.0207,0.5372,0.0000,0.0000,0.0000,0.0000,0.0000,0.0000,0.0000,-0.0015,-0.2618,-0.2623,-1.0970,0.0000,0.0000,0.0000
1791282141.7825,0.0196,0.4412,0.0000,0.0000,0.0000,0.0000,0.0000,0.0000,0.0000,-0.0015,-0.2618,-0.2623,-1.0969,0.0000,0.0000,0.0000
1791282141.8020,0.0195,0.3910,0.0000,0.0000,0.0000,0.0000,0.0000,0.0000,0.0000,-0.0015,-0.2618,-0.2623,-1.0969,0.0000,0.0000,0.0000
1791282141.8241,0.0221,0.3734,0.0000,0.0000,0.0000,0.0000,0.0000,0.0000,0.0000,-0.0015,-0.2618,-0.2623,-1.0969,0.0000,0.0000,0.0000
1791282141.8424,0.0183,6.9909,0.0000,0.0000,0.0000,0.0000,0.0000,0.0000,0.0000,-0.0015,-0.2618,-0.2623,-1.0969,0.0000,0.0000,0.0000
1791282141.8627,0.0203,0.9609,0.0000,0.0000,0.0000,0.0000,0.0000,0.0000,0.0000,-0.0015,-0.2618,-0.2623,-1.0969,0.0000,0.0000,0.0000
1791282141.8821,0.0194,0.4346,0.0000,0.0000,0.0000,0.0000,0.0000,0.0000,0.0000,-0.0015,-0.2618,-0.2623,-1.0969,0.0000,0.0000,0.0000
1791282141.9021,0.0201,1.4417,0.0000,0.0000,0.0000,0.0000,0.0000,0.0000,0.0000,-0.0015,-0.2618,-0.2623,-1.0969,0.0000,0.0000,0.0000
1791282141.9238,0.0217,0.5835,0.0000,0.0000,0.0000,0.0000,0.0000,0.0000,0.0000,-0.0015,-0.2618,-0.2623,-1.0970,0.0000,0.0000,0.0000
1791282141.9420,0.0182,0.4313,0.0000,0.0000,0.0000,0.0000,0.0000,0.0000,0.0000,-0.0015,-0.2618,-0.2623,-1.0969,0.0000,0.0000,0.0000
1791282141.9621,0.0201,0.6350,0.0000,0.0000,0.0000,0.0000,0.0000,0.0000,0.0000,-0.0015,-0.2618,-0.2623,-1.0969,0.0000,0.0000,0.0000
1791282141.9821,0.0200,2.8307,0.0000,0.0000,0.0000,0.0000,0.0000,0.0000,0.0000,-0.0015,-0.2618,-0.2623,-1.0969,0.0000,0.0000,0.0000
1791282142.0021,0.0200,0.7425,0.0000,0.0000,0.0000,0.0000,0.0000,0.0000,0.0000,-0.0015,-0.2618,-0.2623,-1.0970,0.0000,0.0000,0.0000
1791282142.0224,0.0203,2.6601,0.0000,0.0000,0.0000,0.0000,0.0000,0.0000,0.0000,-0.0015,-0.2618,-0.2623,-1.0970,0.0000,0.0000,0.0000
1791282142.0424,0.0200,0.5816,0.0000,0.0000,0.0000,0.0000,0.0000,0.0000,0.0000,-0.0015,-0.2618,-0.2623,-1.0970,0.0000,0.0000,0.0000
1791282142.0633,0.0210,0.9888,0.0000,0.0000,0.0000,0.0000,0.0000,0.0000,0.0000,-0.0015,-0.2618,-0.2623,-1.0969,0.0000,0.0000,0.0000
1791282142.0822,0.0188,1.1609,0.0000,0.0000,0.0000,0.0000,0.0000,0.0000,0.0000,-0.0015,-0.2618,-0.2623,-1.0970,0.0000,0.0000,0.0000
1791282142.1027,0.0205,0.6848,0.0000,0.0000,0.0000,0.0000,0.0000,0.0000,0.0000,-0.0015,-0.2618,-0.2623,-1.0970,0.0000,0.0000,0.0000
1791282142.1228,0.0201,0.5385,0.0000,0.0000,0.0000,0.0000,0.0000,0.0000,0.0000,-0.0015,-0.2618,-0.2623,-1.0969,0.0000,0.0000,0.0000
1791282142.1427,0.0199,2.2264,0.0000,0.0000,0.0000,0.0000,0.0000,0.0000,0.0000,-0.0015,-0.2618,-0.2623,-1.0969,0.0000,0.0000,0.0000
1791282142.1621,0.0194,2.2400,0.0000,0.0000,0.0000,0.0000,0.0000,0.0000,0.0000,-0.0015,-0.2618,-0.2623,-1.0969,0.0000,0.0000,0.0000
1791282142.1827,0.0206,1.8361,0.0000,0.0000,0.0000,0.0000,0.0000,0.0000,0.0000,-0.0015,-0.2618,-0.2623,-1.0969,0.0000,0.0000,0.0000
1791282142.2026,0.0199,0.3720,0.0000,0.0000,0.0000,0.0000,0.0000,0.0000,0.0000,-0.0015,-0.2618,-0.2623,-1.0969,0.0000,0.0000,0.0000
1791282142.2223,0.0197,0.3483,0.0000,0.0000,0.0000,0.0000,0.0000,0.0000,0.0000,-0.0015,-0.2618,-0.2623,-1.0969,0.0000,0.0000,0.0000
1791282142.2421,0.0197,0.4316,0.0000,0.0000,0.0000,0.0000,0.0000,0.0000,0.0000,-0.0015,-0.2618,-0.2623,-1.0969,0.0000,0.0000,0.0000
1791282142.2668,0.0247,0.8967,0.0000,0.0000,0.0000,0.0000,0.0000,0.0000,0.0000,-0.0015,-0.2618,-0.2623,-1.0969,0.0000,0.0000,0.0000
1791282142.2821,0.0154,0.4850,0.0000,0.0000,0.0000,0.0000,0.0000,0.0000,0.0000,-0.0015,-0.2618,-0.2623,-1.0969,0.0000,0.0000,0.0000
1791282142.3023,0.0201,0.7777,0.0000,0.0000,0.0000,0.0000,0.0000,0.0000,0.0000,-0.0015,-0.2618,-0.2623,-1.0969,0.0000,0.0000,0.0000
1791282142.3258,0.0236,0.2677,0.0000,0.0000,0.0000,0.0000,0.0000,0.0000,0.0000,-0.0015,-0.2618,-0.2623,-1.0969,0.0000,0.0000,0.0000
1791282142.3421,0.0163,2.8198,0.0000,0.0000,0.0000,0.0000,0.0000,0.0000,0.0000,-0.0015,-0.2618,-0.2623,-1.0969,0.0000,0.0000,0.0000
1791282142.3621,0.0200,3.4653,0.0000,0.0000,0.0000,0.0000,0.0000,0.0000,0.0000,-0.0015,-0.2618,-0.2623,-1.0969,0.0000,0.0000,0.0000
1791282142.3821,0.0200,3.7290,0.0000,0.0000,0.0000,0.0000,0.0000,0.0000,0.0000,-0.0015,-0.2618,-0.2623,-1.0970,0.0000,0.0000,0.0000
1791282142.4020,0.0200,1.5445,0.0000,0.0000,0.0000,0.0000,0.0000,0.0000,0.0000,-0.0015,-0.2618,-0.2623,-1.0970,0.0000,0.0000,0.0000
1791282142.4251,0.0231,0.4702,0.0000,0.0000,0.0000,0.0000,0.0000,0.0000,0.0000,-0.0015,-0.2618,-0.2623,-1.0970,0.0000,0.0000,0.0000
1791282142.4423,0.0172,1.0464,0.0000,0.0000,0.0000,0.0000,0.0000,0.0000,0.0000,-0.0015,-0.2618,-0.2623,-1.0969,0.0000,0.0000,0.0000
1791282142.4641,0.0218,0.5457,0.0000,0.0000,0.0000,0.0000,0.0000,0.0000,0.0000,-0.0015,-0.2618,-0.2623,-1.0969,0.0000,0.0000,0.0000
1791282142.4821,0.0180,0.8368,0.0000,0.0000,0.0000,0.0000,0.0000,0.0000,0.0000,-0.0015,-0.2618,-0.2623,-1.0969,0.0000,0.0000,0.0000
1791282142.5032,0.0211,3.2677,0.0000,0.0000,0.0000,0.0000,0.0000,0.0000,0.0000,-0.0015,-0.2618,-0.2623,-1.0970,0.0000,0.0000,0.0000
1791282142.5232,0.0199,0.4916,0.0000,0.0000,0.0000,0.0000,0.0000,0.0000,0.0000,-0.0015,-0.2618,-0.2623,-1.0969,0.0000,0.0000,0.0000
1791282142.5447,0.0215,0.4067,0.0000,0.0000,0.0000,0.0000,0.0000,0.0000,0.0000,-0.0015,-0.2618,-0.2623,-1.0969,0.0000,0.0000,0.0000
1791282142.5621,0.0174,0.7364,0.0000,0.0000,0.0000,0.0000,0.0000,0.0000,0.0000,-0.0015,-0.2618,-0.2623,-1.0969,0.0000,0.0000,0.0000
1791282142.5824,0.0203,0.4665,0.0000,0.0000,0.0000,0.0000,0.0000,0.0000,0.0000,-0.0015,-0.2618,-0.2623,-1.0969,0.0000,0.0000,0.0000
1791282142.6024,0.0201,0.5160,0.0000,0.0000,0.0000,0.0000,0.0000,0.0000,0.0000,-0.0015,-0.2618,-0.2623,-1.0969,0.0000,0.0000,0.0000
1791282142.6227,0.0203,0.2715,0.0000,0.0000,0.0000,0.0000,0.0000,0.0000,0.0000,-0.0015,-0.2618,-0.2623,-1.0969,0.0000,0.0000,0.0000
1791282142.6421,0.0194,0.4549,0.0000,0.0000,0.0000,0.0000,0.0000,0.0000,0.0000,-0.0015,-0.2618,-0.2623,-1.0970,0.0000,0.0000,0.0000
1791282142.6627,0.0206,0.4393,0.0000,0.0000,0.0000,0.0000,0.0000,0.0000,0.0000,-0.0015,-0.2618,-0.2623,-1.0970,0.0000,0.0000,0.0000
1791282142.6821,0.0194,0.6535,0.0000,0.0000,0.0000,0.0000,0.0000,0.0000,0.0000,-0.0015,-0.2618,-0.2623,-1.0969,0.0000,0.0000,0.0000
1791282142.7022,0.0201,0.9733,0.0000,0.0000,0.0000,0.0000,0.0000,0.0000,0.0000,-0.0015,-0.2618,-0.2623,-1.0970,0.0000,0.0000,0.0000
1791282142.7228,0.0206,0.4794,0.0000,0.0000,0.0000,0.0000,0.0000,0.0000,0.0000,-0.0015,-0.2618,-0.2623,-1.0969,0.0000,0.0000,0.0000
1791282142.7427,0.0199,0.4795,0.0000,0.0000,0.0000,0.0000,0.0000,0.0000,0.0000,-0.0015,-0.2618,-0.2623,-1.0969,0.0000,0.0000,0.0000
1791282142.7636,0.0209,0.5378,0.0000,0.0000,0.0000,0.0000,0.0000,0.0000,0.0000,-0.0015,-0.2618,-0.2623,-1.0969,0.0000,0.0000,0.0000
1791282142.7821,0.0185,0.4332,0.0000,0.0000,0.0000,0.0000,0.0000,0.0000,0.0000,-0.0015,-0.2618,-0.2623,-1.0969,0.0000,0.0000,0.0000
1791282142.8020,0.0200,0.3817,0.0000,0.0000,0.0000,0.0000,0.0000,0.0000,0.0000,-0.0015,-0.2618,-0.2623,-1.0970,0.0000,0.0000,0.0000
1791282142.8230,0.0210,0.2914,0.0000,0.0000,0.0000,0.0000,0.0000,0.0000,0.0000,-0.0015,-0.2618,-0.2623,-1.0969,0.0000,0.0000,0.0000
1791282142.8422,0.0192,4.2546,0.0000,0.0000,0.0000,0.0000,0.0000,0.0000,0.0000,-0.0015,-0.2618,-0.2623,-1.0969,0.0000,0.0000,0.0000
1791282142.8621,0.0199,1.0601,0.0000,0.0000,0.0000,0.0000,0.0000,0.0000,0.0000,-0.0015,-0.2618,-0.2623,-1.0969,0.0000,0.0000,0.0000
1791282142.8823,0.0202,0.4857,0.0000,0.0000,0.0000,0.0000,0.0000,0.0000,0.0000,-0.0015,-0.2618,-0.2623,-1.0970,0.0000,0.0000,0.0000
1791282142.9021,0.0198,0.9526,0.0000,0.0000,0.0000,0.0000,0.0000,0.0000,0.0000,-0.0015,-0.2618,-0.2623,-1.0969,0.0000,0.0000,0.0000
1791282142.9251,0.0230,0.7496,0.0000,0.0000,0.0000,0.0000,0.0000,0.0000,0.0000,-0.0015,-0.2618,-0.2623,-1.0969,0.0000,0.0000,0.0000
1791282142.9439,0.0187,0.6583,0.0000,0.0000,0.0000,0.0000,0.0000,0.0000,0.0000,-0.0015,-0.2618,-0.2623,-1.0969,0.0000,0.0000,0.0000
1791282142.9621,0.0182,0.7050,0.0000,0.0000,0.0000,0.0000,0.0000,0.0000,0.0000,-0.0015,-0.2618,-0.2623,-1.0969,0.0000,0.0000,0.0000
1791282142.9821,0.0200,1.3020,0.0000,0.0000,0.0000,0.0000,0.0000,0.0000,0.0000,-0.0015,-0.2618,-0.2623,-1.0969,0.0000,0.0000,0.0000
1791282143.0020,0.0200,0.4492,0.0000,0.0000,0.0000,0.0000,0.0000,0.0000,0.0000,-0.0015,-0.2618,-0.2623,-1.0969,0.0000,0.0000,0.0000
1791282143.0224,0.0203,0.5791,0.0000,0.0000,0.0000,0.0000,0.0000,0.0000,0.0000,-0.0015,-0.2618,-0.2623,-1.0970,0.0000,0.0000,0.0000
1791282143.0421,0.0197,0.4035,0.0000,0.0000,0.0000,0.0000,0.0000,0.0000,0.0000,-0.0015,-0.2618,-0.2623,-1.0969,0.0000,0.0000,0.0000
1791282143.0628,0.0207,2.3815,0.0000,0.0000,0.0000,0.0000,0.0000,0.0000,0.0000,-0.0015,-0.2618,-0.2623,-1.0969,0.0000,0.0000,0.0000
1791282143.0834,0.0206,0.5650,0.0000,0.0000,0.0000,0.0000,0.0000,0.0000,0.0000,-0.0015,-0.2618,-0.2623,-1.0969,0.0000,0.0000,0.0000
1791282143.1028,0.0195,1.3680,0.0000,0.0000,0.0000,0.0000,0.0000,0.0000,0.0000,-0.0015,-0.2618,-0.2623,-1.0969,0.0000,0.0000,0.0000
1791282143.1243,0.0214,0.4727,0.0000,0.0000,0.0000,0.0000,0.0000,0.0000,0.0000,-0.0015,-0.2618,-0.2623,-1.0969,0.0000,0.0000,0.0000
1791282143.1430,0.0187,1.0949,0.0000,0.0000,0.0000,0.0000,0.0000,0.0000,0.0000,-0.0015,-0.2618,-0.2623,-1.0970,0.0000,0.0000,0.0000
1791282143.1621,0.0191,0.5719,0.0000,0.0000,0.0000,0.0000,0.0000,0.0000,0.0000,-0.0015,-0.2618,-0.2623,-1.0970,0.0000,0.0000,0.0000
1791282143.1827,0.0206,0.4434,0.0000,0.0000,0.0000,0.0000,0.0000,0.0000,0.0000,-0.0015,-0.2618,-0.2623,-1.0969,0.0000,0.0000,0.0000
1791282143.2024,0.0197,0.6546,0.0000,0.0000,0.0000,0.0000,0.0000,0.0000,0.0000,-0.0015,-0.2618,-0.2623,-1.0969,0.0000,0.0000,0.0000
1791282143.2252,0.0228,0.3490,0.0000,0.0000,0.0000,0.0000,0.0000,0.0000,0.0000,-0.0015,-0.2618,-0.2623,-1.0969,0.0000,0.0000,0.0000
1791282143.2422,0.0170,0.8274,0.0000,0.0000,0.0000,0.0000,0.0000,0.0000,0.0000,-0.0015,-0.2618,-0.2623,-1.0969,0.0000,0.0000,0.0000
1791282143.2621,0.0199,0.4610,0.0000,0.0000,0.0000,0.0000,0.0000,0.0000,0.0000,-0.0015,-0.2618,-0.2623,-1.0969,0.0000,0.0000,0.0000
1791282143.2821,0.0200,1.9119,0.0000,0.0000,0.0000,0.0000,0.0000,0.0000,0.0000,-0.0015,-0.2618,-0.2623,-1.0970,0.0000,0.0000,0.0000
1791282143.3021,0.0199,0.8054,0.0000,0.0000,0.0000,0.0000,0.0000,0.0000,0.0000,-0.0015,-0.2618,-0.2623,-1.0969,0.0000,0.0000,0.0000
1791282143.3223,0.0203,0.3313,0.0000,0.0000,0.0000,0.0000,0.0000,0.0000,0.0000,-0.0015,-0.2618,-0.2623,-1.0969,0.0000,0.0000,0.0000
1791282143.3421,0.0198,1.9751,0.0000,0.0000,0.0000,0.0000,0.0000,0.0000,0.0000,-0.0015,-0.2618,-0.2623,-1.0970,0.0000,0.0000,0.0000
1791282143.3621,0.0200,0.5591,0.0000,0.0000,0.0000,0.0000,0.0000,0.0000,0.0000,-0.0015,-0.2618,-0.2623,-1.0970,0.0000,0.0000,0.0000
1791282143.3821,0.0200,0.4696,0.0000,0.0000,0.0000,0.0000,0.0000,0.0000,0.0000,-0.0015,-0.2618,-0.2623,-1.0969,0.0000,0.0000,0.0000
1791282143.4022,0.0201,0.4639,0.0000,0.0000,0.0000,0.0000,0.0000,0.0000,0.0000,-0.0015,-0.2618,-0.2623,-1.0969,0.0000,0.0000,0.0000
1791282143.4233,0.0211,0.3377,0.0000,0.0000,0.0000,0.0000,0.0000,0.0000,0.0000,-0.0015,-0.2618,-0.2623,-1.0969,0.0000,0.0000,0.0000
1791282143.4424,0.0191,3.8964,0.0000,0.0000,0.0000,0.0000,0.0000,0.0000,0.0000,-0.0015,-0.2618,-0.2623,-1.0969,0.0000,0.0000,0.0000
1791282143.4622,0.0198,1.0086,0.0000,0.0000,0.0000,0.0000,0.0000,0.0000,0.0000,-0.0015,-0.2618,-0.2623,-1.0970,0.0000,0.0000,0.0000
1791282143.4827,0.0206,1.1835,0.0000,0.0000,0.0000,0.0000,0.0000,0.0000,0.0000,-0.0015,-0.2618,-0.2623,-1.0969,0.0000,0.0000,0.0000
1791282143.5023,0.0195,1.2217,0.0000,0.0000,0.0000,0.0000,0.0000,0.0000,0.0000,-0.0015,-0.2618,-0.2623,-1.0969,0.0000,0.0000,0.0000
1791282143.5229,0.0207,0.3305,0.0000,0.0000,0.0000,0.0000,0.0000,0.0000,0.0000,-0.0015,-0.2618,-0.2623,-1.0969,0.0000,0.0000,0.0000
1791282143.5427,0.0197,0.4656,0.0000,0.0000,0.0000,0.0000,0.0000,0.0000,0.0000,-0.0015,-0.2618,-0.2623,-1.0969,0.0000,0.0000,0.0000
1791282143.5623,0.0196,1.0147,0.0000,0.0000,0.0000,0.0000,0.0000,0.0000,0.0000,-0.0015,-0.2618,-0.2623,-1.0969,0.0000,0.0000,0.0000
1791282143.5821,0.0198,0.4043,0.0000,0.0000,0.0000,0.0000,0.0000,0.0000,0.0000,-0.0015,-0.2618,-0.2623,-1.0969,0.0000,0.0000,0.0000
1791282143.6022,0.0201,0.4476,0.0000,0.0000,0.0000,0.0000,0.0000,0.0000,0.0000,-0.0015,-0.2618,-0.2623,-1.0969,0.0000,0.0000,0.0000
1791282143.6230,0.0208,0.3358,0.0000,0.0000,0.0000,0.0000,0.0000,0.0000,0.0000,-0.0015,-0.2618,-0.2623,-1.0969,0.0000,0.0000,0.0000
1791282143.6432,0.0202,1.2795,0.0000,0.0000,0.0000,0.0000,0.0000,0.0000,0.0000,-0.0015,-0.2618,-0.2623,-1.0969,0.0000,0.0000,0.0000
1791282143.6621,0.0189,0.4655,0.0000,0.0000,0.0000,0.0000,0.0000,0.0000,0.0000,-0.0015,-0.2618,-0.2623,-1.0969,0.0000,0.0000,0.0000
1791282143.6822,0.0201,0.6684,0.0000,0.0000,0.0000,0.0000,0.0000,0.0000,0.0000,-0.0015,-0.2618,-0.2623,-1.0969,0.0000,0.0000,0.0000
1791282143.7047,0.0225,0.8115,0.0000,0.0000,0.0000,0.0000,0.0000,0.0000,0.0000,-0.0015,-0.2618,-0.2623,-1.0969,0.0000,0.0000,0.0000
1791282143.7226,0.0179,0.5921,0.0000,0.0000,0.0000,0.0000,0.0000,0.0000,0.0000,-0.0015,-0.2618,-0.2623,-1.0969,0.0000,0.0000,0.0000
1791282143.7420,0.0194,0.4231,0.0000,0.0000,0.0000,0.0000,0.0000,0.0000,0.0000,-0.0015,-0.2618,-0.2623,-1.0969,0.0000,0.0000,0.0000
1791282143.7623,0.0202,0.9252,0.0000,0.0000,0.0000,0.0000,0.0000,0.0000,0.0000,-0.0015,-0.2618,-0.2623,-1.0969,0.0000,0.0000,0.0000
1791282143.7821,0.0198,0.6149,0.0000,0.0000,0.0000,0.0000,0.0000,0.0000,0.0000,-0.0015,-0.2618,-0.2623,-1.0969,0.0000,0.0000,0.0000
1791282143.8037,0.0216,0.4713,0.0000,0.0000,0.0000,0.0000,0.0000,0.0000,0.0000,-0.0015,-0.2618,-0.2608,-1.0969,0.0000,0.0000,0.0000
1791282143.8227,0.0191,0.3098,0.0000,0.0000,0.0000,0.0000,0.0000,0.0000,0.0000,-0.0015,-0.2618,-0.2623,-1.0969,0.0000,0.0000,0.0000
1791282143.8429,0.0202,2.8211,0.0000,0.0000,0.0000,0.0000,0.0000,0.0000,0.0000,-0.0015,-0.2618,-0.2623,-1.0969,0.0000,0.0000,0.0000
1791282143.8639,0.0210,0.3741,0.0000,0.0000,0.0000,0.0000,0.0000,0.0000,0.0000,-0.0015,-0.2618,-0.2623,-1.0969,0.0000,0.0000,0.0000
1791282143.8821,0.0182,0.8192,0.0000,0.0000,0.0000,0.0000,0.0000,0.0000,0.0000,-0.0015,-0.2618,-0.2623,-1.0970,0.0000,0.0000,0.0000
1791282143.9023,0.0202,2.7412,0.0000,0.0000,0.0000,0.0000,0.0000,0.0000,0.0000,-0.0015,-0.2618,-0.2623,-1.0969,0.0000,0.0000,0.0000
1791282143.9225,0.0202,3.5490,0.0000,0.0000,0.0000,0.0000,0.0000,0.0000,0.0000,-0.0015,-0.2618,-0.2623,-1.0969,0.0000,0.0000,0.0000
1791282143.9421,0.0196,4.2754,0.0000,0.0000,0.0000,0.0000,0.0000,0.0000,0.0000,-0.0015,-0.2618,-0.2623,-1.0970,0.0000,0.0000,0.0000
1791282143.9637,0.0216,0.3874,0.0000,0.0000,0.0000,0.0000,0.0000,0.0000,0.0000,-0.0015,-0.2618,-0.2623,-1.0969,0.0000,0.0000,0.0000
1791282143.9820,0.0184,0.5968,0.0000,0.0000,0.0000,0.0000,0.0000,0.0000,0.0000,-0.0015,-0.2618,-0.2623,-1.0969,0.0000,0.0000,0.0000
1791282144.0021,0.0200,0.5816,0.0000,0.0000,0.0000,0.0000,0.0000,0.0000,0.0000,-0.0015,-0.2618,-0.2623,-1.0969,0.0000,0.0000,0.0000
1791282144.0230,0.0209,3.8962,0.0000,0.0000,0.0000,0.0000,0.0000,0.0000,0.0000,-0.0015,-0.2618,-0.2623,-1.0969,0.0000,0.0000,0.0000
1791282144.0422,0.0192,2.1470,0.0000,0.0000,0.0000,0.0000,0.0000,0.0000,0.0000,-0.0015,-0.2618,-0.2623,-1.0969,0.0000,0.0000,0.0000
1791282144.0637,0.0215,0.3870,0.0000,0.0000,0.0000,0.0000,0.0000,0.0000,0.0000,-0.0015,-0.2618,-0.2623,-1.0969,0.0000,0.0000,0.0000
1791282144.0821,0.0184,0.6299,0.0000,0.0000,0.0000,0.0000,0.0000,0.0000,0.0000,-0.0015,-0.2618,-0.2623,-1.0969,0.0000,0.0000,0.0000
1791282144.1022,0.0201,0.9141,0.0000,0.0000,0.0000,0.0000,0.0000,0.0000,0.0000,-0.0015,-0.2618,-0.2623,-1.0968,0.0000,0.0000,0.0000
1791282144.1226,0.0204,0.3699,0.0000,0.0000,0.0000,0.0000,0.0000,0.0000,0.0000,-0.0015,-0.2618,-0.2623,-1.0969,0.0000,0.0000,0.0000
1791282144.1421,0.0195,0.4123,0.0000,0.0000,0.0000,0.0000,0.0000,0.0000,0.0000,-0.0015,-0.2618,-0.2623,-1.0969,0.0000,0.0000,0.0000
1791282144.1621,0.0200,0.5429,0.0000,0.0000,0.0000,0.0000,0.0000,0.0000,0.0000,-0.0015,-0.2618,-0.2623,-1.0969,0.0000,0.0000,0.0000
1791282144.1824,0.0203,0.4142,0.0000,0.0000,0.0000,0.0000,0.0000,0.0000,0.0000,-0.0015,-0.2618,-0.2623,-1.0969,0.0000,0.0000,0.0000
1791282144.2033,0.0209,3.1934,0.0000,0.0000,0.0000,0.0000,0.0000,0.0000,0.0000,-0.0015,-0.2618,-0.2623,-1.0969,0.0000,0.0000,0.0000
1791282144.2236,0.0203,0.3600,0.0000,0.0000,0.0000,0.0000,0.0000,0.0000,0.0000,-0.0015,-0.2618,-0.2623,-1.0969,0.0000,0.0000,0.0000
1791282144.2431,0.0195,4.7121,0.0000,0.0000,0.0000,0.0000,0.0000,0.0000,0.0000,-0.0015,-0.2618,-0.2623,-1.0969,0.0000,0.0000,0.0000
1791282144.2643,0.0212,0.5603,0.0000,0.0000,0.0000,0.0000,0.0000,0.0000,0.0000,-0.0015,-0.2618,-0.2623,-1.0969,0.0000,0.0000,0.0000
1791282144.2821,0.0177,0.3854,0.0000,0.0000,0.0000,0.0000,0.0000,0.0000,0.0000,-0.0015,-0.2618,-0.2623,-1.0969,0.0000,0.0000,0.0000
1791282144.3024,0.0203,0.8791,0.0000,0.0000,0.0000,0.0000,0.0000,0.0000,0.0000,-0.0015,-0.2618,-0.2623,-1.0969,0.0000,0.0000,0.0000
1791282144.3239,0.0215,0.4026,0.0000,0.0000,0.0000,0.0000,0.0000,0.0000,0.0000,-0.0015,-0.2618,-0.2623,-1.0969,0.0000,0.0000,0.0000
1791282144.3421,0.0181,0.3905,0.0000,0.0000,0.0000,0.0000,0.0000,0.0000,0.0000,-0.0015,-0.2618,-0.2623,-1.0969,0.0000,0.0000,0.0000
1791282144.3621,0.0200,0.5664,0.0000,0.0000,0.0000,0.0000,0.0000,0.0000,0.0000,-0.0015,-0.2618,-0.2623,-1.0969,0.0000,0.0000,0.0000
1791282144.3820,0.0200,0.4148,0.0000,0.0000,0.0000,0.0000,0.0000,0.0000,0.0000,-0.0015,-0.2618,-0.2623,-1.0970,0.0000,0.0000,0.0000
1791282144.4020,0.0200,0.3822,0.0000,0.0000,0.0000,0.0000,0.0000,0.0000,0.0000,-0.0015,-0.2618,-0.2623,-1.0970,0.0000,0.0000,0.0000
1791282144.4224,0.0203,0.5248,0.0000,0.0000,0.0000,0.0000,0.0000,0.0000,0.0000,-0.0015,-0.2618,-0.2623,-1.0969,0.0000,0.0000,0.0000
1791282144.4441,0.0218,1.7834,0.0000,0.0000,0.0000,0.0000,0.0000,0.0000,0.0000,-0.0015,-0.2618,-0.2623,-1.0969,0.0000,0.0000,0.0000
1791282144.4636,0.0195,0.4359,0.0000,0.0000,0.0000,0.0000,0.0000,0.0000,0.0000,-0.0015,-0.2618,-0.2623,-1.0970,0.0000,0.0000,0.0000
1791282144.4822,0.0185,0.5110,0.0000,0.0000,0.0000,0.0000,0.0000,0.0000,0.0000,-0.0015,-0.2618,-0.2623,-1.0970,0.0000,0.0000,0.0000
1791282144.5022,0.0201,0.5174,0.0000,0.0000,0.0000,0.0000,0.0000,0.0000,0.0000,-0.0015,-0.2618,-0.2623,-1.0970,0.0000,0.0000,0.0000
1791282144.5229,0.0207,3.6472,0.0000,0.0000,0.0000,0.0000,0.0000,0.0000,0.0000,-0.0015,-0.2618,-0.2623,-1.0969,0.0000,0.0000,0.0000
1791282144.5421,0.0192,0.5449,0.0000,0.0000,0.0000,0.0000,0.0000,0.0000,0.0000,-0.0015,-0.2618,-0.2623,-1.0968,0.0000,0.0000,0.0000
1791282144.5621,0.0200,0.4127,0.0000,0.0000,0.0000,0.0000,0.0000,0.0000,0.0000,-0.0015,-0.2618,-0.2623,-1.0969,0.0000,0.0000,0.0000
1791282144.5826,0.0206,0.5648,0.0000,0.0000,0.0000,0.0000,0.0000,0.0000,0.0000,-0.0015,-0.2618,-0.2623,-1.0969,0.0000,0.0000,0.0000
1791282144.6020,0.0194,0.4849,0.0000,0.0000,0.0000,0.0000,0.0000,0.0000,0.0000,-0.0015,-0.2618,-0.2623,-1.0969,0.0000,0.0000,0.0000
1791282144.6229,0.0209,0.2744,0.0000,0.0000,0.0000,0.0000,0.0000,0.0000,0.0000,-0.0015,-0.2618,-0.2623,-1.0969,0.0000,0.0000,0.0000
1791282144.6428,0.0199,0.4175,0.0000,0.0000,0.0000,0.0000,0.0000,0.0000,0.0000,-0.0015,-0.2618,-0.2623,-1.0969,0.0000,0.0000,0.0000
1791282144.6624,0.0195,1.3140,0.0000,0.0000,0.0000,0.0000,0.0000,0.0000,0.0000,-0.0015,-0.2618,-0.2623,-1.0970,0.0000,0.0000,0.0000
1791282144.6823,0.0200,0.7176,0.0000,0.0000,0.0000,0.0000,0.0000,0.0000,0.0000,-0.0015,-0.2618,-0.2623,-1.0969,0.0000,0.0000,0.0000
1791282144.7022,0.0199,0.6343,0.0000,0.0000,0.0000,0.0000,0.0000,0.0000,0.0000,-0.0015,-0.2618,-0.2623,-1.0969,0.0000,0.0000,0.0000
1791282144.7226,0.0204,0.4067,0.0000,0.0000,0.0000,0.0000,0.0000,0.0000,0.0000,-0.0015,-0.2618,-0.2623,-1.0969,0.0000,0.0000,0.0000
1791282144.7422,0.0196,0.6658,0.0000,0.0000,0.0000,0.0000,0.0000,0.0000,0.0000,-0.0015,-0.2618,-0.2623,-1.0970,0.0000,0.0000,0.0000
1791282144.7625,0.0203,0.6030,0.0000,0.0000,0.0000,0.0000,0.0000,0.0000,0.0000,-0.0015,-0.2618,-0.2623,-1.0970,0.0000,0.0000,0.0000
1791282144.7821,0.0196,0.4167,0.0000,0.0000,0.0000,0.0000,0.0000,0.0000,0.0000,-0.0015,-0.2618,-0.2623,-1.0970,0.0000,0.0000,0.0000
1791282144.8021,0.0200,0.5194,0.0000,0.0000,0.0000,0.0000,0.0000,0.0000,0.0000,-0.0015,-0.2618,-0.2623,-1.0969,0.0000,0.0000,0.0000
1791282144.8232,0.0211,0.3102,0.0000,0.0000,0.0000,0.0000,0.0000,0.0000,0.0000,-0.0015,-0.2618,-0.2623,-1.0969,0.0000,0.0000,0.0000
1791282144.8422,0.0190,1.4757,0.0000,0.0000,0.0000,0.0000,0.0000,0.0000,0.0000,-0.0015,-0.2618,-0.2623,-1.0969,0.0000,0.0000,0.0000
1791282144.8621,0.0199,0.4851,0.0000,0.0000,0.0000,0.0000,0.0000,0.0000,0.0000,-0.0015,-0.2618,-0.2623,-1.0969,0.0000,0.0000,0.0000
1791282144.8821,0.0201,0.4724,0.0000,0.0000,0.0000,0.0000,0.0000,0.0000,0.0000,-0.0015,-0.2618,-0.2623,-1.0969,0.0000,0.0000,0.0000
1791282144.9022,0.0200,1.0647,0.0000,0.0000,0.0000,0.0000,0.0000,0.0000,0.0000,-0.0015,-0.2618,-0.2623,-1.0969,0.0000,0.0000,0.0000
1791282144.9228,0.0206,0.9607,0.0000,0.0000,0.0000,0.0000,0.0000,0.0000,0.0000,-0.0015,-0.2618,-0.2608,-1.0969,0.0000,0.0000,0.0000
1791282144.9423,0.0195,1.0063,0.0000,0.0000,0.0000,0.0000,0.0000,0.0000,0.0000,-0.0015,-0.2618,-0.2623,-1.0969,0.0000,0.0000,0.0000
1791282144.9627,0.0204,0.6067,0.0000,0.0000,0.0000,0.0000,0.0000,0.0000,0.0000,-0.0015,-0.2618,-0.2623,-1.0969,0.0000,0.0000,0.0000
1791282144.9823,0.0197,1.4191,0.0000,0.0000,0.0000,0.0000,0.0000,0.0000,0.0000,-0.0015,-0.2618,-0.2623,-1.0969,0.0000,0.0000,0.0000
1791282145.0021,0.0198,1.4734,0.0000,0.0000,0.0000,0.0000,0.0000,0.0000,0.0000,-0.0015,-0.2618,-0.2623,-1.0970,0.0000,0.0000,0.0000
1791282145.0224,0.0202,4.4916,0.0000,0.0000,0.0000,0.0000,0.0000,0.0000,0.0000,-0.0015,-0.2618,-0.2623,-1.0969,0.0000,0.0000,0.0000
1791282145.0421,0.0198,1.0035,0.0000,0.0000,0.0000,0.0000,0.0000,0.0000,0.0000,-0.0015,-0.2618,-0.2623,-1.0969,0.0000,0.0000,0.0000
1791282145.0637,0.0215,0.3512,0.0000,0.0000,0.0000,0.0000,0.0000,0.0000,0.0000,-0.0015,-0.2618,-0.2623,-1.0969,0.0000,0.0000,0.0000
1791282145.0822,0.0185,1.8459,0.0000,0.0000,0.0000,0.0000,0.0000,0.0000,0.0000,-0.0015,-0.2618,-0.2623,-1.0969,0.0000,0.0000,0.0000
1791282145.1023,0.0201,1.4537,0.0000,0.0000,0.0000,0.0000,0.0000,0.0000,0.0000,-0.0015,-0.2618,-0.2623,-1.0969,0.0000,0.0000,0.0000
1791282145.1231,0.0209,2.7987,0.0000,0.0000,0.0000,0.0000,0.0000,0.0000,0.0000,-0.0015,-0.2618,-0.2623,-1.0969,0.0000,0.0000,0.0000
1791282145.1421,0.0190,2.8685,0.0000,0.0000,0.0000,0.0000,0.0000,0.0000,0.0000,-0.0015,-0.2618,-0.2623,-1.0969,0.0000,0.0000,0.0000
1791282145.1629,0.0208,2.1014,0.0000,0.0000,0.0000,0.0000,0.0000,0.0000,0.0000,-0.0015,-0.2618,-0.2608,-1.0969,0.0000,0.0000,0.0000
1791282145.1841,0.0211,4.2629,0.0000,0.0000,0.0000,0.0000,0.0000,0.0000,0.0000,-0.0015,-0.2618,-0.2623,-1.0969,0.0000,0.0000,0.0000
1791282145.2023,0.0182,1.9950,0.0000,0.0000,0.0000,0.0000,0.0000,0.0000,0.0000,-0.0015,-0.2618,-0.2623,-1.0969,0.0000,0.0000,0.0000
1791282145.2234,0.0210,0.3352,0.0000,0.0000,0.0000,0.0000,0.0000,0.0000,0.0000,-0.0015,-0.2618,-0.2623,-1.0970,0.0000,0.0000,0.0000
1791282145.2432,0.0198,3.7408,0.0000,0.0000,0.0000,0.0000,0.0000,0.0000,0.0000,-0.0015,-0.2618,-0.2623,-1.0969,0.0000,0.0000,0.0000
1791282145.2627,0.0196,0.6011,0.0000,0.0000,0.0000,0.0000,0.0000,0.0000,0.0000,-0.0015,-0.2618,-0.2623,-1.0969,0.0000,0.0000,0.0000
1791282145.2821,0.0194,0.4088,0.0000,0.0000,0.0000,0.0000,0.0000,0.0000,0.0000,-0.0015,-0.2618,-0.2623,-1.0969,0.0000,0.0000,0.0000
1791282145.3023,0.0202,0.7246,0.0000,0.0000,0.0000,0.0000,0.0000,0.0000,0.0000,-0.0015,-0.2618,-0.2623,-1.0968,0.0000,0.0000,0.0000
1791282145.3228,0.0205,3.2481,0.0000,0.0000,0.0000,0.0000,0.0000,0.0000,0.0000,-0.0015,-0.2618,-0.2623,-1.0968,0.0000,0.0000,0.0000
1791282145.3421,0.0193,3.4001,0.0000,0.0000,0.0000,0.0000,0.0000,0.0000,0.0000,-0.0015,-0.2618,-0.2623,-1.0969,0.0000,0.0000,0.0000
1791282145.3622,0.0201,1.6509,0.0000,0.0000,0.0000,0.0000,0.0000,0.0000,0.0000,-0.0015,-0.2618,-0.2623,-1.0969,0.0000,0.0000,0.0000
1791282145.3821,0.0200,2.8425,0.0000,0.0000,0.0000,0.0000,0.0000,0.0000,0.0000,-0.0015,-0.2618,-0.2623,-1.0969,0.0000,0.0000,0.0000
1791282145.4021,0.0200,0.9036,0.0000,0.0000,0.0000,0.0000,0.0000,0.0000,0.0000,-0.0015,-0.2618,-0.2623,-1.0969,0.0000,0.0000,0.0000
1791282145.4236,0.0215,0.4830,0.0000,0.0000,0.0000,0.0000,0.0000,0.0000,0.0000,-0.0015,-0.2618,-0.2623,-1.0969,0.0000,0.0000,0.0000
1791282145.4421,0.0184,3.1684,0.0000,0.0000,0.0000,0.0000,0.0000,0.0000,0.0000,-0.0015,-0.2618,-0.2623,-1.0969,0.0000,0.0000,0.0000
1791282145.4623,0.0203,1.7759,0.0000,0.0000,0.0000,0.0000,0.0000,0.0000,0.0000,-0.0015,-0.2618,-0.2623,-1.0969,0.0000,0.0000,0.0000
1791282145.4830,0.0207,0.5059,0.0000,0.0000,0.0000,0.0000,0.0000,0.0000,0.0000,-0.0015,-0.2618,-0.2623,-1.0970,0.0000,0.0000,0.0000
1791282145.5022,0.0192,1.1372,0.0000,0.0000,0.0000,0.0000,0.0000,0.0000,0.0000,-0.0015,-0.2618,-0.2623,-1.0969,0.0000,0.0000,0.0000
1791282145.5229,0.0207,0.3561,0.0000,0.0000,0.0000,0.0000,0.0000,0.0000,0.0000,-0.0015,-0.2618,-0.2623,-1.0969,0.0000,0.0000,0.0000
1791282145.5421,0.0192,0.3763,0.0000,0.0000,0.0000,0.0000,0.0000,0.0000,0.0000,-0.0015,-0.2618,-0.2623,-1.0969,0.0000,0.0000,0.0000
1791282145.5621,0.0200,0.4504,0.0000,0.0000,0.0000,0.0000,0.0000,0.0000,0.0000,-0.0015,-0.2618,-0.2623,-1.0969,0.0000,0.0000,0.0000
1791282145.5821,0.0201,0.4397,0.0000,0.0000,0.0000,0.0000,0.0000,0.0000,0.0000,-0.0015,-0.2618,-0.2623,-1.0969,0.0000,0.0000,0.0000
1791282145.6021,0.0200,0.4511,0.0000,0.0000,0.0000,0.0000,0.0000,0.0000,0.0000,-0.0015,-0.2618,-0.2623,-1.0969,0.0000,0.0000,0.0000
1791282145.6231,0.0210,0.4512,0.0000,0.0000,0.0000,0.0000,0.0000,0.0000,0.0000,-0.0015,-0.2618,-0.2623,-1.0969,0.0000,0.0000,0.0000
1791282145.6426,0.0195,1.5690,0.0000,0.0000,0.0000,0.0000,0.0000,0.0000,0.0000,-0.0015,-0.2618,-0.2623,-1.0969,0.0000,0.0000,0.0000
1791282145.6641,0.0216,0.8930,0.0000,0.0000,0.0000,0.0000,0.0000,0.0000,0.0000,-0.0015,-0.2618,-0.2623,-1.0969,0.0000,0.0000,0.0000
1791282145.6837,0.0196,2.2231,0.0000,0.0000,0.0000,0.0000,0.0000,0.0000,0.0000,-0.0015,-0.2618,-0.2623,-1.0969,0.0000,0.0000,0.0000
1791282145.7022,0.0184,1.5223,0.0000,0.0000,0.0000,0.0000,0.0000,0.0000,0.0000,-0.0015,-0.2618,-0.2623,-1.0969,0.0000,0.0000,0.0000
1791282145.7231,0.0210,0.3421,0.0000,0.0000,0.0000,0.0000,0.0000,0.0000,0.0000,-0.0015,-0.2618,-0.2623,-1.0969,0.0000,0.0000,0.0000
1791282145.7421,0.0190,0.4073,0.0000,0.0000,0.0000,0.0000,0.0000,0.0000,0.0000,-0.0015,-0.2618,-0.2623,-1.0969,0.0000,0.0000,0.0000
1791282145.7622,0.0201,0.5641,0.0000,0.0000,0.0000,0.0000,0.0000,0.0000,0.0000,-0.0015,-0.2618,-0.2623,-1.0969,0.0000,0.0000,0.0000
1791282145.7828,0.0206,0.5095,0.0000,0.0000,0.0000,0.0000,0.0000,0.0000,0.0000,-0.0015,-0.2618,-0.2623,-1.0969,0.0000,0.0000,0.0000
1791282145.8021,0.0193,1.0691,0.0000,0.0000,0.0000,0.0000,0.0000,0.0000,0.0000,-0.0015,-0.2618,-0.2623,-1.0969,0.0000,0.0000,0.0000
1791282145.8227,0.0206,0.3099,0.0000,0.0000,0.0000,0.0000,0.0000,0.0000,0.0000,-0.0015,-0.2618,-0.2623,-1.0968,0.0000,0.0000,0.0000
1791282145.8421,0.0195,0.7308,0.0000,0.0000,0.0000,0.0000,0.0000,0.0000,0.0000,-0.0015,-0.2618,-0.2623,-1.0969,0.0000,0.0000,0.0000
1791282145.8647,0.0225,0.3776,0.0000,0.0000,0.0000,0.0000,0.0000,0.0000,0.0000,-0.0015,-0.2618,-0.2623,-1.0970,0.0000,0.0000,0.0000
1791282145.8821,0.0174,0.4139,0.0000,0.0000,0.0000,0.0000,0.0000,0.0000,0.0000,-0.0015,-0.2618,-0.2623,-1.0969,0.0000,0.0000,0.0000
1791282145.9034,0.0214,1.5051,0.0000,0.0000,0.0000,0.0000,0.0000,0.0000,0.0000,-0.0015,-0.2618,-0.2623,-1.0969,0.0000,0.0000,0.0000
1791282145.9229,0.0195,0.8203,0.0000,0.0000,0.0000,0.0000,0.0000,0.0000,0.0000,-0.0015,-0.2618,-0.2623,-1.0969,0.0000,0.0000,0.0000
1791282145.9421,0.0192,0.7471,0.0000,0.0000,0.0000,0.0000,0.0000,0.0000,0.0000,-0.0015,-0.2618,-0.2623,-1.0969,0.0000,0.0000,0.0000
1791282145.9622,0.0200,0.7411,0.0000,0.0000,0.0000,0.0000,0.0000,0.0000,0.0000,-0.0015,-0.2618,-0.2623,-1.0969,0.0000,0.0000,0.0000
1791282145.9822,0.0200,0.4671,0.0000,0.0000,0.0000,0.0000,0.0000,0.0000,0.0000,-0.0015,-0.2618,-0.2623,-1.0969,0.0000,0.0000,0.0000
1791282146.0024,0.0202,0.4678,0.0000,0.0000,0.0000,0.0000,0.0000,0.0000,0.0000,-0.0015,-0.2618,-0.2623,-1.0969,0.0000,0.0000,0.0000
1791282146.0224,0.0200,0.4256,0.0000,0.0000,0.0000,0.0000,0.0000,0.0000,0.0000,-0.0015,-0.2618,-0.2623,-1.0969,0.0000,0.0000,0.0000
1791282146.0440,0.0216,0.7053,0.0000,0.0000,0.0000,0.0000,0.0000,0.0000,0.0000,-0.0015,-0.2618,-0.2623,-1.0969,0.0000,0.0000,0.0000
1791282146.0630,0.0190,2.0350,0.0000,0.0000,0.0000,0.0000,0.0000,0.0000,0.0000,-0.0015,-0.2618,-0.2623,-1.0968,0.0000,0.0000,0.0000
1791282146.0836,0.0206,0.4281,0.0000,0.0000,0.0000,0.0000,0.0000,0.0000,0.0000,-0.0015,-0.2618,-0.2623,-1.0969,0.0000,0.0000,0.0000
1791282146.1024,0.0188,2.0509,0.0000,0.0000,0.0000,0.0000,0.0000,0.0000,0.0000,-0.0015,-0.2618,-0.2623,-1.0969,0.0000,0.0000,0.0000
1791282146.1230,0.0206,0.3235,0.0000,0.0000,0.0000,0.0000,0.0000,0.0000,0.0000,-0.0015,-0.2618,-0.2623,-1.0969,0.0000,0.0000,0.0000
1791282146.1421,0.0191,0.3990,0.0000,0.0000,0.0000,0.0000,0.0000,0.0000,0.0000,-0.0015,-0.2618,-0.2623,-1.0969,0.0000,0.0000,0.0000
1791282146.1625,0.0204,0.4630,0.0000,0.0000,0.0000,0.0000,0.0000,0.0000,0.0000,-0.0015,-0.2618,-0.2623,-1.0969,0.0000,0.0000,0.0000
1791282146.1823,0.0198,1.8576,0.0000,0.0000,0.0000,0.0000,0.0000,0.0000,0.0000,-0.0015,-0.2618,-0.2623,-1.0968,0.0000,0.0000,0.0000
1791282146.2021,0.0198,0.4600,0.0000,0.0000,0.0000,0.0000,0.0000,0.0000,0.0000,-0.0015,-0.2618,-0.2623,-1.0969,0.0000,0.0000,0.0000
1791282146.2223,0.0202,0.3566,0.0000,0.0000,0.0000,0.0000,0.0000,0.0000,0.0000,-0.0015,-0.2618,-0.2623,-1.0969,0.0000,0.0000,0.0000
1791282146.2422,0.0199,0.6913,0.0000,0.0000,0.0000,0.0000,0.0000,0.0000,0.0000,-0.0015,-0.2618,-0.2623,-1.0969,0.0000,0.0000,0.0000
1791282146.2622,0.0200,0.6849,0.0000,0.0000,0.0000,0.0000,0.0000,0.0000,0.0000,-0.0015,-0.2618,-0.2623,-1.0969,0.0000,0.0000,0.0000
1791282146.2822,0.0199,0.6076,0.0000,0.0000,0.0000,0.0000,0.0000,0.0000,0.0000,-0.0015,-0.2618,-0.2623,-1.0969,0.0000,0.0000,0.0000
1791282146.3022,0.0200,0.5714,0.0000,0.0000,0.0000,0.0000,0.0000,0.0000,0.0000,-0.0015,-0.2618,-0.2623,-1.0969,0.0000,0.0000,-0.0002
1791282146.3238,0.0216,0.2698,0.0000,0.0000,0.0000,0.0000,0.0000,0.0000,0.0000,-0.0015,-0.2618,-0.2623,-1.0969,0.0000,0.0000,0.0000
1791282146.3424,0.0187,0.4436,0.0000,0.0000,0.0000,0.0000,0.0000,0.0000,0.0000,-0.0015,-0.2618,-0.2623,-1.0969,0.0000,0.0000,0.0000
1791282146.3627,0.0202,0.4148,0.0000,0.0000,0.0000,0.0000,0.0000,0.0000,0.0000,-0.0015,-0.2618,-0.2623,-1.0970,0.0000,0.0000,0.0000
1791282146.3822,0.0196,0.5185,0.0000,0.0000,0.0000,0.0000,0.0000,0.0000,0.0000,-0.0015,-0.2618,-0.2623,-1.0969,0.0000,0.0000,0.0000
1791282146.4020,0.0198,0.4032,0.0000,0.0000,0.0000,0.0000,0.0000,0.0000,0.0000,-0.0015,-0.2618,-0.2623,-1.0969,0.0000,0.0000,0.0000
1791282146.4230,0.0210,0.3514,0.0000,0.0000,0.0000,0.0000,0.0000,0.0000,0.0000,-0.0015,-0.2618,-0.2623,-1.0969,0.0000,0.0000,0.0000
1791282146.4423,0.0193,4.7784,0.0000,0.0000,0.0000,0.0000,0.0000,0.0000,0.0000,-0.0015,-0.2618,-0.2623,-1.0969,0.0000,0.0000,0.0000
1791282146.4621,0.0198,0.3899,0.0000,0.0000,0.0000,0.0000,0.0000,0.0000,0.0000,-0.0015,-0.2618,-0.2608,-1.0969,0.0000,0.0000,0.0000
1791282146.4821,0.0200,0.4506,0.0000,0.0000,0.0000,0.0000,0.0000,0.0000,0.0000,-0.0015,-0.2618,-0.2623,-1.0970,0.0000,0.0000,0.0000
1791282146.5021,0.0200,1.2679,0.0000,0.0000,0.0000,0.0000,0.0000,0.0000,0.0000,-0.0015,-0.2618,-0.2623,-1.0968,0.0000,0.0000,0.0000
1791282146.5232,0.0210,0.8403,0.0000,0.0000,0.0000,0.0000,0.0000,0.0000,0.0000,-0.0015,-0.2618,-0.2623,-1.0969,0.0000,0.0000,0.0000
1791282146.5423,0.0191,1.2765,0.0000,0.0000,0.0000,0.0000,0.0000,0.0000,0.0000,-0.0015,-0.2618,-0.2623,-1.0969,0.0000,0.0000,0.0000
1791282146.5623,0.0200,0.9756,0.0000,0.0000,0.0000,0.0000,0.0000,0.0000,0.0000,-0.0015,-0.2618,-0.2623,-1.0970,0.0000,0.0000,0.0000
1791282146.5821,0.0198,0.5021,0.0000,0.0000,0.0000,0.0000,0.0000,0.0000,0.0000,-0.0015,-0.2618,-0.2623,-1.0969,0.0000,0.0000,0.0000
1791282146.6020,0.0199,1.0924,0.0000,0.0000,0.0000,0.0000,0.0000,0.0000,0.0000,-0.0015,-0.2618,-0.2623,-1.0969,0.0000,0.0000,0.0000
1791282146.6259,0.0239,0.2985,0.0000,0.0000,0.0000,0.0000,0.0000,0.0000,0.0000,-0.0015,-0.2618,-0.2623,-1.0969,0.0000,0.0000,0.0000
1791282146.6429,0.0170,3.8179,0.0000,0.0000,0.0000,0.0000,0.0000,0.0000,0.0000,-0.0015,-0.2618,-0.2623,-1.0969,0.0000,0.0000,0.0000
1791282146.6627,0.0198,0.4199,0.0000,0.0000,0.0000,0.0000,0.0000,0.0000,0.0000,-0.0015,-0.2618,-0.2623,-1.0969,0.0000,0.0000,0.0000
1791282146.6827,0.0200,0.4068,0.0000,0.0000,0.0000,0.0000,0.0000,0.0000,0.0000,-0.0015,-0.2618,-0.2623,-1.0969,0.0000,0.0000,0.0000
1791282146.7021,0.0194,1.0226,0.0000,0.0000,0.0000,0.0000,0.0000,0.0000,0.0000,-0.0015,-0.2618,-0.2623,-1.0970,0.0000,0.0000,0.0000
1791282146.7258,0.0237,0.4800,0.0000,0.0000,0.0000,0.0000,0.0000,0.0000,0.0000,-0.0015,-0.2618,-0.2623,-1.0969,0.0000,0.0000,0.0000
1791282146.7421,0.0163,0.3911,0.0000,0.0000,0.0000,0.0000,0.0000,0.0000,0.0000,-0.0015,-0.2618,-0.2623,-1.0969,0.0000,0.0000,0.0000
1791282146.7627,0.0206,0.3992,0.0000,0.0000,0.0000,0.0000,0.0000,0.0000,0.0000,-0.0015,-0.2618,-0.2623,-1.0969,0.0000,0.0000,0.0000
1791282146.7821,0.0194,0.4445,0.0000,0.0000,0.0000,0.0000,0.0000,0.0000,0.0000,-0.0015,-0.2618,-0.2623,-1.0969,0.0000,0.0000,0.0000
1791282146.8026,0.0206,2.4257,0.0000,0.0000,0.0000,0.0000,0.0000,0.0000,0.0000,-0.0015,-0.2618,-0.2623,-1.0969,0.0000,0.0000,0.0000
1791282146.8236,0.0210,0.2649,0.0000,0.0000,0.0000,0.0000,0.0000,0.0000,0.0000,-0.0015,-0.2618,-0.2623,-1.0969,0.0000,0.0000,0.0000
1791282146.8424,0.0188,1.5687,0.0000,0.0000,0.0000,0.0000,0.0000,0.0000,0.0000,-0.0015,-0.2618,-0.2623,-1.0969,0.0000,0.0000,0.0000
1791282146.8622,0.0199,1.8613,0.0000,0.0000,0.0000,0.0000,0.0000,0.0000,0.0000,-0.0015,-0.2618,-0.2623,-1.0969,0.0000,0.0000,0.0000
1791282146.8821,0.0199,0.5384,0.0000,0.0000,0.0000,0.0000,0.0000,0.0000,0.0000,-0.0015,-0.2618,-0.2623,-1.0969,0.0000,0.0000,0.0000
1791282146.9025,0.0204,1.1442,0.0000,0.0000,0.0000,0.0000,0.0000,0.0000,0.0000,-0.0015,-0.2618,-0.2623,-1.0969,0.0000,0.0000,0.0000
1791282146.9227,0.0202,0.4978,0.0000,0.0000,0.0000,0.0000,0.0000,0.0000,0.0000,-0.0015,-0.2618,-0.2623,-1.0969,0.0000,0.0000,0.0000
1791282146.9421,0.0194,0.4183,0.0000,0.0000,0.0000,0.0000,0.0000,0.0000,0.0000,-0.0015,-0.2618,-0.2623,-1.0969,0.0000,0.0000,0.0000
1791282146.9621,0.0200,1.5298,0.0000,0.0000,0.0000,0.0000,0.0000,0.0000,0.0000,-0.0015,-0.2618,-0.2623,-1.0969,0.0000,0.0000,0.0000
1791282146.9829,0.0208,0.4418,0.0000,0.0000,0.0000,0.0000,0.0000,0.0000,0.0000,-0.0015,-0.2618,-0.2623,-1.0970,0.0000,0.0000,0.0000
1791282147.0021,0.0192,1.6754,0.0000,0.0000,0.0000,0.0000,0.0000,0.0000,0.0000,-0.0015,-0.2618,-0.2623,-1.0969,0.0000,0.0000,0.0000
1791282147.0229,0.0208,0.3681,0.0000,0.0000,0.0000,0.0000,0.0000,0.0000,0.0000,-0.0015,-0.2618,-0.2623,-1.0968,0.0000,0.0000,0.0000
1791282147.0435,0.0206,2.5022,0.0000,0.0000,0.0000,0.0000,0.0000,0.0000,0.0000,-0.0015,-0.2618,-0.2623,-1.0969,0.0000,0.0000,0.0000
1791282147.0621,0.0186,0.8531,0.0000,0.0000,0.0000,0.0000,0.0000,0.0000,0.0000,-0.0015,-0.2618,-0.2623,-1.0969,0.0000,0.0000,0.0000
1791282147.0821,0.0200,0.4480,0.0000,0.0000,0.0000,0.0000,0.0000,0.0000,0.0000,-0.0015,-0.2618,-0.2623,-1.0969,0.0000,0.0000,0.0000
1791282147.1027,0.0206,0.5040,0.0000,0.0000,0.0000,0.0000,0.0000,0.0000,0.0000,-0.0015,-0.2618,-0.2623,-1.0969,0.0000,0.0000,0.0000
1791282147.1238,0.0211,0.7703,0.0000,0.0000,0.0000,0.0000,0.0000,0.0000,0.0000,-0.0015,-0.2618,-0.2623,-1.0969,0.0000,0.0000,0.0000
1791282147.1421,0.0183,0.5109,0.0000,0.0000,0.0000,0.0000,0.0000,0.0000,0.0000,-0.0015,-0.2618,-0.2623,-1.0969,0.0000,0.0000,0.0000
1791282147.1657,0.0236,0.3905,0.0000,0.0000,0.0000,0.0000,0.0000,0.0000,0.0000,-0.0015,-0.2618,-0.2623,-1.0969,0.0000,0.0000,0.0000
1791282147.1821,0.0163,0.6884,0.0000,0.0000,0.0000,0.0000,0.0000,0.0000,0.0000,-0.0015,-0.2618,-0.2623,-1.0969,0.0000,0.0000,0.0000
1791282147.2021,0.0200,0.8125,0.0000,0.0000,0.0000,0.0000,0.0000,0.0000,0.0000,-0.0015,-0.2618,-0.2623,-1.0969,0.0000,0.0000,0.0000
1791282147.2230,0.0210,0.2686,0.0000,0.0000,0.0000,0.0000,0.0000,0.0000,0.0000,-0.0015,-0.2618,-0.2623,-1.0969,0.0000,0.0000,0.0000
1791282147.2422,0.0192,1.5350,0.0000,0.0000,0.0000,0.0000,0.0000,0.0000,0.0000,-0.0015,-0.2618,-0.2623,-1.0970,0.0000,0.0000,0.0000
1791282147.2621,0.0199,0.4906,0.0000,0.0000,0.0000,0.0000,0.0000,0.0000,0.0000,-0.0015,-0.2618,-0.2623,-1.0969,0.0000,0.0000,0.0000
1791282147.2827,0.0206,1.9975,0.0000,0.0000,0.0000,0.0000,0.0000,0.0000,0.0000,-0.0015,-0.2618,-0.2623,-1.0969,0.0000,0.0000,0.0000
1791282147.3025,0.0198,1.4815,0.0000,0.0000,0.0000,0.0000,0.0000,0.0000,0.0000,-0.0015,-0.2618,-0.2623,-1.0969,0.0000,0.0000,0.0000
1791282147.3250,0.0225,0.5066,0.0000,0.0000,0.0000,0.0000,0.0000,0.0000,0.0000,-0.0015,-0.2618,-0.2623,-1.0968,0.0000,0.0000,0.0000
1791282147.3422,0.0172,0.5069,0.0000,0.0000,0.0000,0.0000,0.0000,0.0000,0.0000,-0.0015,-0.2618,-0.2623,-1.0969,0.0000,0.0000,0.0000
1791282147.3621,0.0200,0.6327,0.0000,0.0000,0.0000,0.0000,0.0000,0.0000,0.0000,-0.0015,-0.2618,-0.2623,-1.0969,0.0000,0.0000,0.0000
1791282147.3832,0.0210,0.9271,0.0000,0.0000,0.0000,0.0000,0.0000,0.0000,0.0000,-0.0015,-0.2618,-0.2623,-1.0968,0.0000,0.0000,0.0000
1791282147.4023,0.0192,0.4337,0.0000,0.0000,0.0000,0.0000,0.0000,0.0000,0.0000,-0.0015,-0.2618,-0.2623,-1.0969,0.0000,0.0000,0.0000
1791282147.4229,0.0206,0.2750,0.0000,0.0000,0.0000,0.0000,0.0000,0.0000,0.0000,-0.0015,-0.2618,-0.2623,-1.0969,0.0000,0.0000,0.0000
1791282147.4432,0.0202,4.7595,0.0000,0.0000,0.0000,0.0000,0.0000,0.0000,0.0000,-0.0015,-0.2618,-0.2623,-1.0969,0.0000,0.0000,0.0000
1791282147.4624,0.0193,0.4853,0.0000,0.0000,0.0000,0.0000,0.0000,0.0000,0.0000,-0.0015,-0.2618,-0.2623,-1.0969,0.0000,0.0000,0.0000
1791282147.4828,0.0203,0.4159,0.0000,0.0000,0.0000,0.0000,0.0000,0.0000,0.0000,-0.0015,-0.2618,-0.2623,-1.0969,0.0000,0.0000,0.0000
1791282147.5022,0.0194,1.0154,0.0000,0.0000,0.0000,0.0000,0.0000,0.0000,0.0000,-0.0015,-0.2618,-0.2623,-1.0969,0.0000,0.0000,0.0000
1791282147.5239,0.0217,1.8673,0.0000,0.0000,0.0000,0.0000,0.0000,0.0000,0.0000,-0.0015,-0.2618,-0.2623,-1.0969,0.0000,0.0000,0.0000
1791282147.5422,0.0183,0.8995,0.0000,0.0000,0.0000,0.0000,0.0000,0.0000,0.0000,-0.0015,-0.2618,-0.2623,-1.0969,0.0000,0.0000,0.0000
1791282147.5633,0.0211,0.4571,0.0000,0.0000,0.0000,0.0000,0.0000,0.0000,0.0000,-0.0015,-0.2618,-0.2623,-1.0968,0.0000,0.0000,0.0000
1791282147.5821,0.0187,0.5138,0.0000,0.0000,0.0000,0.0000,0.0000,0.0000,0.0000,-0.0015,-0.2618,-0.2623,-1.0969,0.0000,0.0000,0.0000
1791282147.6020,0.0200,0.3822,0.0000,0.0000,0.0000,0.0000,0.0000,0.0000,0.0000,-0.0015,-0.2618,-0.2623,-1.0969,0.0000,0.0000,0.0000
1791282147.6233,0.0212,0.7031,0.0000,0.0000,0.0000,0.0000,0.0000,0.0000,0.0000,-0.0015,-0.2618,-0.2623,-1.0969,0.0000,0.0000,0.0000
1791282147.6428,0.0195,0.5057,0.0000,0.0000,0.0000,0.0000,0.0000,0.0000,0.0000,-0.0015,-0.2618,-0.2623,-1.0969,0.0000,0.0000,0.0000
1791282147.6621,0.0193,0.5123,0.0000,0.0000,0.0000,0.0000,0.0000,0.0000,0.0000,-0.0015,-0.2618,-0.2623,-1.0969,0.0000,0.0000,0.0000
1791282147.6828,0.0207,0.4426,0.0000,0.0000,0.0000,0.0000,0.0000,0.0000,0.0000,-0.0015,-0.2618,-0.2623,-1.0969,0.0000,0.0000,0.0000
1791282147.7022,0.0194,0.8760,0.0000,0.0000,0.0000,0.0000,0.0000,0.0000,0.0000,-0.0015,-0.2618,-0.2623,-1.0968,0.0000,0.0000,0.0000
1791282147.7233,0.0211,3.4012,0.0000,0.0000,0.0000,0.0000,0.0000,0.0000,0.0000,-0.0015,-0.2618,-0.2623,-1.0969,0.0000,0.0000,0.0002
1791282147.7423,0.0189,0.4956,0.0000,0.0000,0.0000,0.0000,0.0000,0.0000,0.0000,-0.0015,-0.2618,-0.2623,-1.0969,0.0000,0.0000,0.0000
1791282147.7621,0.0199,0.3916,0.0000,0.0000,0.0000,0.0000,0.0000,0.0000,0.0000,-0.0015,-0.2618,-0.2623,-1.0969,0.0000,0.0000,0.0000
1791282147.7821,0.0199,0.4470,0.0000,0.0000,0.0000,0.0000,0.0000,0.0000,0.0000,-0.0015,-0.2618,-0.2623,-1.0969,0.0000,0.0000,0.0000
1791282147.8020,0.0200,0.3799,0.0000,0.0000,0.0000,0.0000,0.0000,0.0000,0.0000,-0.0015,-0.2618,-0.2623,-1.0968,0.0000,0.0000,0.0000
1791282147.8228,0.0207,0.3588,0.0000,0.0000,0.0000,0.0000,0.0000,0.0000,0.0000,-0.0015,-0.2618,-0.2623,-1.0969,0.0000,0.0000,0.0000
1791282147.8467,0.0240,1.7659,0.0000,0.0000,0.0000,0.0000,0.0000,0.0000,0.0000,-0.0015,-0.2618,-0.2623,-1.0969,0.0000,0.0000,0.0000
1791282147.8624,0.0157,0.9713,0.0000,0.0000,0.0000,0.0000,0.0000,0.0000,0.0000,-0.0015,-0.2618,-0.2623,-1.0969,0.0000,0.0000,0.0000
1791282147.8821,0.0197,0.4206,0.0000,0.0000,0.0000,0.0000,0.0000,0.0000,0.0000,-0.0015,-0.2618,-0.2623,-1.0969,0.0000,0.0000,0.0000
1791282147.9021,0.0200,0.8938,0.0000,0.0000,0.0000,0.0000,0.0000,0.0000,0.0000,-0.0015,-0.2618,-0.2623,-1.0969,0.0000,0.0000,0.0000
1791282147.9224,0.0202,0.3534,0.0000,0.0000,0.0000,0.0000,0.0000,0.0000,0.0000,-0.0015,-0.2618,-0.2623,-1.0970,0.0000,0.0000,0.0000
1791282147.9421,0.0197,0.4578,0.0000,0.0000,0.0000,0.0000,0.0000,0.0000,0.0000,-0.0015,-0.2618,-0.2623,-1.0970,0.0000,0.0000,0.0000
1791282147.9626,0.0206,2.3982,0.0000,0.0000,0.0000,0.0000,0.0000,0.0000,0.0000,-0.0015,-0.2618,-0.2623,-1.0969,0.0000,0.0000,0.0000
1791282147.9831,0.0205,0.4867,0.0000,0.0000,0.0000,0.0000,0.0000,0.0000,0.0000,-0.0015,-0.2618,-0.2623,-1.0969,0.0000,0.0000,0.0000
1791282148.0021,0.0190,0.4119,0.0000,0.0000,0.0000,0.0000,0.0000,0.0000,0.0000,-0.0015,-0.2618,-0.2623,-1.0969,0.0000,0.0000,0.0000
1791282148.0230,0.0209,0.3244,0.0000,0.0000,0.0000,0.0000,0.0000,0.0000,0.0000,-0.0015,-0.2618,-0.2623,-1.0969,0.0000,0.0000,0.0000
1791282148.0421,0.0191,1.0728,0.0000,0.0000,0.0000,0.0000,0.0000,0.0000,0.0000,-0.0015,-0.2618,-0.2623,-1.0970,0.0000,0.0000,0.0000
1791282148.0641,0.0219,3.1590,0.0000,0.0000,0.0000,0.0000,0.0000,0.0000,0.0000,-0.0015,-0.2618,-0.2623,-1.0970,0.0000,0.0000,0.0000
1791282148.0834,0.0193,0.5125,0.0000,0.0000,0.0000,0.0000,0.0000,0.0000,0.0000,-0.0015,-0.2618,-0.2623,-1.0969,0.0000,0.0000,0.0000
1791282148.1022,0.0188,2.1718,0.0000,0.0000,0.0000,0.0000,0.0000,0.0000,0.0000,-0.0015,-0.2618,-0.2623,-1.0969,0.0000,0.0000,0.0000
1791282148.1240,0.0218,0.4542,0.0000,0.0000,0.0000,0.0000,0.0000,0.0000,0.0000,-0.0015,-0.2618,-0.2623,-1.0969,0.0000,0.0000,0.0000
1791282148.1421,0.0180,0.3914,0.0000,0.0000,0.0000,0.0000,0.0000,0.0000,0.0000,-0.0015,-0.2618,-0.2623,-1.0969,0.0000,0.0000,0.0000
1791282148.1621,0.0200,0.5805,0.0000,0.0000,0.0000,0.0000,0.0000,0.0000,0.0000,-0.0015,-0.2618,-0.2623,-1.0969,0.0000,0.0000,0.0000
1791282148.1821,0.0200,0.4246,0.0000,0.0000,0.0000,0.0000,0.0000,0.0000,0.0000,-0.0015,-0.2618,-0.2623,-1.0969,0.0000,0.0000,0.0000
1791282148.2020,0.0199,0.3309,0.0000,0.0000,0.0000,0.0000,0.0000,0.0000,0.0000,-0.0015,-0.2618,-0.2623,-1.0969,0.0000,0.0000,0.0000
1791282148.2224,0.0203,0.3368,0.0000,0.0000,0.0000,0.0000,0.0000,0.0000,0.0000,-0.0015,-0.2618,-0.2623,-1.0969,0.0000,0.0000,0.0000
1791282148.2429,0.0205,1.3261,0.0000,0.0000,0.0000,0.0000,0.0000,0.0000,0.0000,-0.0015,-0.2618,-0.2623,-1.0969,0.0000,0.0000,0.0000
1791282148.2621,0.0192,2.2481,0.0000,0.0000,0.0000,0.0000,0.0000,0.0000,0.0000,-0.0015,-0.2618,-0.2623,-1.0969,0.0000,0.0000,0.0000
1791282148.2827,0.0206,1.3798,0.0000,0.0000,0.0000,0.0000,0.0000,0.0000,0.0000,-0.0015,-0.2618,-0.2623,-1.0968,0.0000,0.0000,0.0000
1791282148.3022,0.0195,0.6165,0.0000,0.0000,0.0000,0.0000,0.0000,0.0000,0.0000,-0.0015,-0.2618,-0.2623,-1.0969,0.0000,0.0000,0.0000
1791282148.3225,0.0203,0.3510,0.0000,0.0000,0.0000,0.0000,0.0000,0.0000,0.0000,-0.0015,-0.2618,-0.2623,-1.0969,0.0000,0.0000,0.0000
1791282148.3427,0.0201,0.4614,0.0000,0.0000,0.0000,0.0000,0.0000,0.0000,0.0000,-0.0015,-0.2618,-0.2623,-1.0969,0.0000,0.0000,0.0000
1791282148.3621,0.0195,0.5136,0.0000,0.0000,0.0000,0.0000,0.0000,0.0000,0.0000,-0.0015,-0.2618,-0.2623,-1.0970,0.0000,0.0000,0.0000
1791282148.3821,0.0199,0.4125,0.0000,0.0000,0.0000,0.0000,0.0000,0.0000,0.0000,-0.0015,-0.2618,-0.2623,-1.0968,0.0000,0.0000,0.0000
1791282148.4020,0.0200,0.5796,0.0000,0.0000,0.0000,0.0000,0.0000,0.0000,0.0000,-0.0015,-0.2618,-0.2623,-1.0969,0.0000,0.0000,0.0000
1791282148.4250,0.0229,0.2874,0.0000,0.0000,0.0000,0.0000,0.0000,0.0000,0.0000,-0.0015,-0.2618,-0.2623,-1.0969,0.0000,0.0000,0.0000
1791282148.4423,0.0174,2.8983,0.0000,0.0000,0.0000,0.0000,0.0000,0.0000,0.0000,-0.0015,-0.2618,-0.2623,-1.0969,0.0000,0.0000,0.0000
1791282148.4632,0.0208,0.4853,0.0000,0.0000,0.0000,0.0000,0.0000,0.0000,0.0000,-0.0015,-0.2618,-0.2623,-1.0969,0.0000,0.0000,0.0000
1791282148.4830,0.0199,0.4432,0.0000,0.0000,0.0000,0.0000,0.0000,0.0000,0.0000,-0.0015,-0.2618,-0.2623,-1.0969,0.0000,0.0000,0.0000
1791282148.5025,0.0194,0.9052,0.0000,0.0000,0.0000,0.0000,0.0000,0.0000,0.0000,-0.0015,-0.2618,-0.2623,-1.0969,0.0000,0.0000,0.0000
1791282148.5238,0.0213,4.1344,0.0000,0.0000,0.0000,0.0000,0.0000,0.0000,0.0000,-0.0015,-0.2618,-0.2623,-1.0969,0.0000,0.0000,0.0000
1791282148.5420,0.0183,0.3559,0.0000,0.0000,0.0000,0.0000,0.0000,0.0000,0.0000,-0.0015,-0.2618,-0.2623,-1.0969,0.0000,0.0000,0.0000
1791282148.5629,0.0208,1.0604,0.0000,0.0000,0.0000,0.0000,0.0000,0.0000,0.0000,-0.0015,-0.2618,-0.2623,-1.0969,0.0000,0.0000,0.0000
1791282148.5821,0.0192,0.5344,0.0000,0.0000,0.0000,0.0000,0.0000,0.0000,0.0000,-0.0015,-0.2618,-0.2623,-1.0968,0.0000,0.0000,0.0000
1791282148.6021,0.0200,0.4316,0.0000,0.0000,0.0000,0.0000,0.0000,0.0000,0.0000,-0.0015,-0.2618,-0.2623,-1.0969,0.0000,0.0000,0.0000
1791282148.6231,0.0209,0.2760,0.0000,0.0000,0.0000,0.0000,0.0000,0.0000,0.0000,-0.0015,-0.2618,-0.2623,-1.0969,0.0000,0.0000,0.0000
1791282148.6436,0.0206,1.3328,0.0000,0.0000,0.0000,0.0000,0.0000,0.0000,0.0000,-0.0015,-0.2618,-0.2623,-1.0969,0.0000,0.0000,0.0000
1791282148.6621,0.0185,1.0734,0.0000,0.0000,0.0000,0.0000,0.0000,0.0000,0.0000,-0.0015,-0.2618,-0.2623,-1.0969,0.0000,0.0000,0.0000
1791282148.6826,0.0205,0.8991,0.0000,0.0000,0.0000,0.0000,0.0000,0.0000,0.0000,-0.0015,-0.2618,-0.2623,-1.0969,0.0000,0.0000,0.0000
1791282148.7026,0.0200,0.6430,0.0000,0.0000,0.0000,0.0000,0.0000,0.0000,0.0000,-0.0015,-0.2618,-0.2623,-1.0969,0.0000,0.0000,0.0000
1791282148.7236,0.0210,3.0907,0.0000,0.0000,0.0000,0.0000,0.0000,0.0000,0.0000,-0.0015,-0.2618,-0.2623,-1.0969,0.0000,0.0000,0.0000
1791282148.7421,0.0185,1.9015,0.0000,0.0000,0.0000,0.0000,0.0000,0.0000,0.0000,-0.0015,-0.2618,-0.2623,-1.0969,0.0000,0.0000,0.0000
1791282148.7627,0.0206,0.5072,0.0000,0.0000,0.0000,0.0000,0.0000,0.0000,0.0000,-0.0015,-0.2618,-0.2623,-1.0969,0.0000,0.0000,0.0000
1791282148.7823,0.0197,0.7605,0.0000,0.0000,0.0000,0.0000,0.0000,0.0000,0.0000,-0.0015,-0.2618,-0.2623,-1.0969,0.0000,0.0000,0.0000
1791282148.8021,0.0197,0.5170,0.0000,0.0000,0.0000,0.0000,0.0000,0.0000,0.0000,-0.0015,-0.2618,-0.2623,-1.0969,0.0000,0.0000,0.0000
1791282148.8224,0.0203,0.3291,0.0000,0.0000,0.0000,0.0000,0.0000,0.0000,0.0000,-0.0015,-0.2618,-0.2623,-1.0969,0.0000,0.0000,0.0000
1791282148.8424,0.0200,3.7189,0.0000,0.0000,0.0000,0.0000,0.0000,0.0000,0.0000,-0.0015,-0.2618,-0.2623,-1.0969,0.0000,0.0000,0.0000
1791282148.8624,0.0200,0.4840,0.0000,0.0000,0.0000,0.0000,0.0000,0.0000,0.0000,-0.0015,-0.2618,-0.2623,-1.0969,0.0000,0.0000,0.0000
1791282148.8827,0.0203,0.3874,0.0000,0.0000,0.0000,0.0000,0.0000,0.0000,0.0000,-0.0015,-0.2618,-0.2623,-1.0969,0.0000,0.0000,0.0000
1791282148.9021,0.0193,0.3589,0.0000,0.0000,0.0000,0.0000,0.0000,0.0000,0.0000,-0.0015,-0.2618,-0.2623,-1.0969,0.0000,0.0000,0.0000
1791282148.9238,0.0217,0.5346,0.0000,0.0000,0.0000,0.0000,0.0000,0.0000,0.0000,-0.0015,-0.2618,-0.2623,-1.0970,0.0000,0.0000,0.0000
1791282148.9430,0.0192,0.4301,0.0000,0.0000,0.0000,0.0000,0.0000,0.0000,0.0000,-0.0015,-0.2618,-0.2623,-1.0970,0.0000,0.0000,0.0000
1791282148.9621,0.0192,1.1498,0.0000,0.0000,0.0000,0.0000,0.0000,0.0000,0.0000,-0.0015,-0.2618,-0.2608,-1.0968,0.0000,0.0000,0.0000
1791282148.9831,0.0210,0.5373,0.0000,0.0000,0.0000,0.0000,0.0000,0.0000,0.0000,-0.0015,-0.2618,-0.2623,-1.0969,0.0000,0.0000,0.0000
1791282149.0020,0.0189,3.0515,0.0000,0.0000,0.0000,0.0000,0.0000,0.0000,0.0000,-0.0015,-0.2618,-0.2623,-1.0969,0.0000,0.0000,0.0000
1791282149.0231,0.0210,0.6221,0.0000,0.0000,0.0000,0.0000,0.0000,0.0000,0.0000,-0.0015,-0.2618,-0.2623,-1.0969,0.0000,0.0000,0.0000
1791282149.0421,0.0191,2.1042,0.0000,0.0000,0.0000,0.0000,0.0000,0.0000,0.0000,-0.0015,-0.2618,-0.2623,-1.0969,0.0000,0.0000,0.0000
1791282149.0635,0.0214,1.0969,0.0000,0.0000,0.0000,0.0000,0.0000,0.0000,0.0000,-0.0015,-0.2618,-0.2623,-1.0969,0.0000,0.0000,0.0000
1791282149.0821,0.0186,0.4273,0.0000,0.0000,0.0000,0.0000,0.0000,0.0000,0.0000,-0.0015,-0.2618,-0.2623,-1.0969,0.0000,0.0000,0.0000
1791282149.1022,0.0201,0.9081,0.0000,0.0000,0.0000,0.0000,0.0000,0.0000,0.0000,-0.0015,-0.2618,-0.2623,-1.0969,0.0000,0.0000,0.0000
1791282149.1226,0.0203,0.5235,0.0000,0.0000,0.0000,0.0000,0.0000,0.0000,0.0000,-0.0015,-0.2618,-0.2623,-1.0969,0.0000,0.0000,0.0000
1791282149.1424,0.0198,0.5242,0.0000,0.0000,0.0000,0.0000,0.0000,0.0000,0.0000,-0.0015,-0.2618,-0.2623,-1.0969,0.0000,0.0000,0.0000
1791282149.1621,0.0197,0.4558,0.0000,0.0000,0.0000,0.0000,0.0000,0.0000,0.0000,-0.0015,-0.2618,-0.2623,-1.0969,0.0000,0.0000,0.0000
1791282149.1821,0.0200,0.4513,0.0000,0.0000,0.0000,0.0000,0.0000,0.0000,0.0000,-0.0015,-0.2618,-0.2608,-1.0969,0.0000,0.0000,0.0000
1791282149.2020,0.0200,1.9702,0.0000,0.0000,0.0000,0.0000,0.0000,0.0000,0.0000,-0.0015,-0.2618,-0.2623,-1.0969,0.0000,0.0000,0.0000
1791282149.2240,0.0220,0.2632,0.0000,0.0000,0.0000,0.0000,0.0000,0.0000,0.0000,-0.0015,-0.2618,-0.2623,-1.0970,0.0000,0.0000,0.0000
1791282149.2429,0.0188,1.1738,0.0000,0.0000,0.0000,0.0000,0.0000,0.0000,0.0000,-0.0015,-0.2618,-0.2623,-1.0969,0.0000,0.0000,0.0000
1791282149.2637,0.0208,0.5714,0.0000,0.0000,0.0000,0.0000,0.0000,0.0000,0.0000,-0.0015,-0.2618,-0.2623,-1.0969,0.0000,0.0000,0.0000
1791282149.2821,0.0184,0.6120,0.0000,0.0000,0.0000,0.0000,0.0000,0.0000,0.0000,-0.0015,-0.2618,-0.2623,-1.0969,0.0000,0.0000,0.0000
1791282149.3022,0.0201,2.6582,0.0000,0.0000,0.0000,0.0000,0.0000,0.0000,0.0000,-0.0015,-0.2618,-0.2623,-1.0969,0.0000,0.0000,0.0000
1791282149.3230,0.0208,3.4204,0.0000,0.0000,0.0000,0.0000,0.0000,0.0000,0.0000,-0.0015,-0.2618,-0.2623,-1.0969,0.0000,0.0000,0.0000
1791282149.3422,0.0192,2.8076,0.0000,0.0000,0.0000,0.0000,0.0000,0.0000,0.0000,-0.0015,-0.2618,-0.2623,-1.0969,0.0000,0.0000,0.0000
1791282149.3632,0.0210,0.5320,0.0000,0.0000,0.0000,0.0000,0.0000,0.0000,0.0000,-0.0015,-0.2618,-0.2623,-1.0969,0.0000,0.0000,0.0000
1791282149.3822,0.0191,0.7919,0.0000,0.0000,0.0000,0.0000,0.0000,0.0000,0.0000,-0.0015,-0.2618,-0.2623,-1.0969,0.0000,0.0000,0.0000
1791282149.4021,0.0199,0.4435,0.0000,0.0000,0.0000,0.0000,0.0000,0.0000,0.0000,-0.0015,-0.2618,-0.2623,-1.0969,0.0000,0.0000,0.0000
1791282149.4233,0.0211,0.3124,0.0000,0.0000,0.0000,0.0000,0.0000,0.0000,0.0000,-0.0015,-0.2618,-0.2623,-1.0969,0.0000,0.0000,0.0000
1791282149.4423,0.0190,0.8875,0.0000,0.0000,0.0000,0.0000,0.0000,0.0000,0.0000,-0.0015,-0.2618,-0.2623,-1.0969,0.0000,0.0000,0.0000
1791282149.4647,0.0224,0.4368,0.0000,0.0000,0.0000,0.0000,0.0000,0.0000,0.0000,-0.0015,-0.2618,-0.2623,-1.0969,0.0000,0.0000,0.0000
1791282149.4823,0.0176,1.1176,0.0000,0.0000,0.0000,0.0000,0.0000,0.0000,0.0000,-0.0015,-0.2618,-0.2623,-1.0969,0.0000,0.0000,0.0000
1791282149.5022,0.0199,0.5168,0.0000,0.0000,0.0000,0.0000,0.0000,0.0000,0.0000,-0.0015,-0.2618,-0.2623,-1.0969,0.0000,0.0000,0.0000
1791282149.5227,0.0205,3.4724,0.0000,0.0000,0.0000,0.0000,0.0000,0.0000,0.0000,-0.0015,-0.2618,-0.2623,-1.0969,0.0000,0.0000,0.0000
1791282149.5421,0.0194,0.4482,0.0000,0.0000,0.0000,0.0000,0.0000,0.0000,0.0000,-0.0015,-0.2618,-0.2623,-1.0969,0.0000,0.0000,0.0000
1791282149.5627,0.0206,0.4769,0.0000,0.0000,0.0000,0.0000,0.0000,0.0000,0.0000,-0.0015,-0.2618,-0.2623,-1.0969,0.0000,0.0000,0.0000
1791282149.5821,0.0194,0.4152,0.0000,0.0000,0.0000,0.0000,0.0000,0.0000,0.0000,-0.0015,-0.2618,-0.2623,-1.0969,0.0000,0.0000,0.0000
1791282149.6021,0.0200,0.3977,0.0000,0.0000,0.0000,0.0000,0.0000,0.0000,0.0000,-0.0015,-0.2618,-0.2623,-1.0969,0.0000,0.0000,0.0000
1791282149.6230,0.0209,0.3015,0.0000,0.0000,0.0000,0.0000,0.0000,0.0000,0.0000,-0.0015,-0.2618,-0.2623,-1.0969,0.0000,0.0000,0.0000
1791282149.6448,0.0218,0.5566,0.0000,0.0000,0.0000,0.0000,0.0000,0.0000,0.0000,-0.0015,-0.2618,-0.2623,-1.0969,0.0000,0.0000,0.0000
1791282149.6622,0.0175,0.5734,0.0000,0.0000,0.0000,0.0000,0.0000,0.0000,0.0000,-0.0015,-0.2618,-0.2623,-1.0969,0.0000,0.0000,0.0000
1791282149.6828,0.0205,1.2517,0.0000,0.0000,0.0000,0.0000,0.0000,0.0000,0.0000,-0.0015,-0.2618,-0.2623,-1.0969,0.0000,0.0000,0.0000
1791282149.7021,0.0193,5.8514,0.0000,0.0000,0.0000,0.0000,0.0000,0.0000,0.0000,-0.0015,-0.2618,-0.2623,-1.0969,0.0000,0.0000,0.0000
1791282149.7223,0.0202,0.2751,0.0000,0.0000,0.0000,0.0000,0.0000,0.0000,0.0000,-0.0015,-0.2618,-0.2623,-1.0969,0.0000,0.0000,0.0000
1791282149.7423,0.0200,0.5340,0.0000,0.0000,0.0000,0.0000,0.0000,0.0000,0.0000,-0.0015,-0.2618,-0.2623,-1.0969,0.0000,0.0000,0.0000
1791282149.7621,0.0198,0.4945,0.0000,0.0000,0.0000,0.0000,0.0000,0.0000,0.0000,-0.0015,-0.2618,-0.2623,-1.0969,0.0000,0.0000,0.0000
1791282149.7829,0.0208,0.5315,0.0000,0.0000,0.0000,0.0000,0.0000,0.0000,0.0000,-0.0015,-0.2618,-0.2623,-1.0969,0.0000,0.0000,0.0000
1791282149.8047,0.0219,0.4018,0.0000,0.0000,0.0000,0.0000,0.0000,0.0000,0.0000,-0.0015,-0.2618,-0.2623,-1.0969,0.0000,0.0000,0.0000
1791282149.8224,0.0176,0.3752,0.0000,0.0000,0.0000,0.0000,0.0000,0.0000,0.0000,-0.0015,-0.2618,-0.2623,-1.0969,0.0000,0.0000,0.0000
1791282149.8431,0.0207,1.0070,0.0000,0.0000,0.0000,0.0000,0.0000,0.0000,0.0000,-0.0015,-0.2618,-0.2623,-1.0969,0.0000,0.0000,0.0000
1791282149.8629,0.0198,0.6039,0.0000,0.0000,0.0000,0.0000,0.0000,0.0000,0.0000,-0.0015,-0.2618,-0.2623,-1.0969,0.0000,0.0000,0.0000
1791282149.8821,0.0192,0.5284,0.0000,0.0000,0.0000,0.0000,0.0000,0.0000,0.0000,-0.0015,-0.2618,-0.2623,-1.0968,0.0000,0.0000,0.0000
1791282149.9020,0.0199,0.3657,0.0000,0.0000,0.0000,0.0000,0.0000,0.0000,0.0000,-0.0015,-0.2618,-0.2623,-1.0969,0.0000,0.0000,0.0000
1791282149.9229,0.0209,0.2554,0.0000,0.0000,0.0000,0.0000,0.0000,0.0000,0.0000,-0.0015,-0.2618,-0.2623,-1.0969,0.0000,0.0000,0.0000
1791282149.9429,0.0200,0.4102,0.0000,0.0000,0.0000,0.0000,0.0000,0.0000,0.0000,-0.0015,-0.2618,-0.2623,-1.0969,0.0000,0.0000,0.0000
1791282149.9621,0.0192,0.4710,0.0000,0.0000,0.0000,0.0000,0.0000,0.0000,0.0000,-0.0015,-0.2618,-0.2623,-1.0969,0.0000,0.0000,0.0000
1791282149.9827,0.0205,0.4544,0.0000,0.0000,0.0000,0.0000,0.0000,0.0000,0.0000,-0.0015,-0.2618,-0.2623,-1.0969,0.0000,0.0000,0.0000
1791282150.0021,0.0194,0.4123,0.0000,0.0000,0.0000,0.0000,0.0000,0.0000,0.0000,-0.0015,-0.2618,-0.2623,-1.0969,0.0000,0.0000,0.0000
1791282150.0239,0.0219,0.3011,0.0000,0.0000,0.0000,0.0000,0.0000,0.0000,0.0000,-0.0015,-0.2618,-0.2623,-1.0969,0.0000,0.0000,0.0000
1791282150.0421,0.0182,0.4631,0.0000,0.0000,0.0000,0.0000,0.0000,0.0000,0.0000,-0.0015,-0.2618,-0.2623,-1.0969,0.0000,0.0000,0.0000
1791282150.0621,0.0200,0.4693,0.0000,0.0000,0.0000,0.0000,0.0000,0.0000,0.0000,-0.0015,-0.2618,-0.2623,-1.0969,0.0000,0.0000,0.0000
1791282150.0827,0.0206,0.4801,0.0000,0.0000,0.0000,0.0000,0.0000,0.0000,0.0000,-0.0015,-0.2618,-0.2623,-1.0969,0.0000,0.0000,0.0000
1791282150.1021,0.0194,0.5098,0.0000,0.0000,0.0000,0.0000,0.0000,0.0000,0.0000,-0.0015,-0.2618,-0.2623,-1.0969,0.0000,0.0000,0.0000
1791282150.1232,0.0212,1.6785,0.0000,0.0000,0.0000,0.0000,0.0000,0.0000,0.0000,-0.0015,-0.2618,-0.2623,-1.0969,0.0000,0.0000,0.0000
1791282150.1422,0.0190,0.7877,0.0000,0.0000,0.0000,0.0000,0.0000,0.0000,0.0000,-0.0015,-0.2618,-0.2623,-1.0969,0.0000,0.0000,0.0000
1791282150.1621,0.0199,0.4509,0.0000,0.0000,0.0000,0.0000,0.0000,0.0000,0.0000,-0.0015,-0.2618,-0.2623,-1.0969,0.0000,0.0000,0.0000
1791282150.1821,0.0199,0.3997,0.0000,0.0000,0.0000,0.0000,0.0000,0.0000,0.0000,-0.0015,-0.2618,-0.2623,-1.0969,0.0000,0.0000,0.0000
1791282150.2028,0.0207,0.4319,0.0000,0.0000,0.0000,0.0000,0.0000,0.0000,0.0000,-0.0015,-0.2618,-0.2623,-1.0969,0.0000,0.0000,0.0000
1791282150.2230,0.0202,0.2922,0.0000,0.0000,0.0000,0.0000,0.0000,0.0000,0.0000,-0.0015,-0.2618,-0.2623,-1.0969,0.0000,0.0000,0.0000
1791282150.2421,0.0191,0.4476,0.0000,0.0000,0.0000,0.0000,0.0000,0.0000,0.0000,-0.0015,-0.2618,-0.2623,-1.0969,0.0000,0.0000,0.0000
1791282150.2633,0.0212,0.6712,0.0000,0.0000,0.0000,0.0000,0.0000,0.0000,0.0000,-0.0015,-0.2618,-0.2623,-1.0970,0.0000,0.0000,0.0000
1791282150.2827,0.0194,0.4082,0.0000,0.0000,0.0000,0.0000,0.0000,0.0000,0.0000,-0.0015,-0.2618,-0.2623,-1.0969,0.0000,0.0000,0.0000
1791282150.3021,0.0194,0.4084,0.0000,0.0000,0.0000,0.0000,0.0000,0.0000,0.0000,-0.0015,-0.2618,-0.2623,-1.0969,0.0000,0.0000,0.0000
1791282150.3224,0.0203,0.3190,0.0000,0.0000,0.0000,0.0000,0.0000,0.0000,0.0000,-0.0015,-0.2618,-0.2623,-1.0969,0.0000,0.0000,0.0000
1791282150.3421,0.0197,0.4238,0.0000,0.0000,0.0000,0.0000,0.0000,0.0000,0.0000,-0.0015,-0.2618,-0.2623,-1.0969,0.0000,0.0000,0.0000
1791282150.3625,0.0204,1.7238,0.0000,0.0000,0.0000,0.0000,0.0000,0.0000,0.0000,-0.0015,-0.2618,-0.2623,-1.0969,0.0000,0.0000,0.0000
1791282150.3849,0.0224,0.4450,0.0000,0.0000,0.0000,0.0000,0.0000,0.0000,0.0000,-0.0015,-0.2618,-0.2623,-1.0969,0.0000,0.0000,0.0000
1791282150.4020,0.0172,0.4689,0.0000,0.0000,0.0000,0.0000,0.0000,0.0000,0.0000,-0.0015,-0.2618,-0.2623,-1.0969,0.0000,0.0000,0.0000
1791282150.4230,0.0210,2.1971,0.0000,0.0000,0.0000,0.0000,0.0000,0.0000,0.0000,-0.0015,-0.2618,-0.2623,-1.0968,0.0000,0.0000,0.0000
1791282150.4421,0.0190,0.4268,0.0000,0.0000,0.0000,0.0000,0.0000,0.0000,0.0000,-0.0015,-0.2618,-0.2623,-1.0969,0.0000,0.0000,0.0000
1791282150.4621,0.0201,0.6588,0.0000,0.0000,0.0000,0.0000,0.0000,0.0000,0.0000,-0.0015,-0.2618,-0.2623,-1.0969,0.0000,0.0000,0.0000
1791282150.4823,0.0202,0.4492,0.0000,0.0000,0.0000,0.0000,0.0000,0.0000,0.0000,-0.0015,-0.2618,-0.2623,-1.0970,0.0000,0.0000,0.0000
1791282150.5021,0.0198,0.4449,0.0000,0.0000,0.0000,0.0000,0.0000,0.0000,0.0000,-0.0015,-0.2618,-0.2623,-1.0969,0.0000,0.0000,0.0000
1791282150.5227,0.0206,0.2789,0.0000,0.0000,0.0000,0.0000,0.0000,0.0000,0.0000,-0.0015,-0.2618,-0.2623,-1.0970,0.0000,0.0000,0.0000
1791282150.5421,0.0194,0.5255,0.0000,0.0000,0.0000,0.0000,0.0000,0.0000,0.0000,-0.0015,-0.2618,-0.2623,-1.0969,0.0000,0.0000,0.0000
1791282150.5639,0.0218,0.3516,0.0000,0.0000,0.0000,0.0000,0.0000,0.0000,0.0000,-0.0015,-0.2618,-0.2623,-1.0969,0.0000,0.0000,0.0000
1791282150.5821,0.0183,0.5084,0.0000,0.0000,0.0000,0.0000,0.0000,0.0000,0.0000,-0.0015,-0.2618,-0.2623,-1.0969,0.0000,0.0000,0.0000
1791282150.6022,0.0201,0.6241,0.0000,0.0000,0.0000,0.0000,0.0000,0.0000,0.0000,-0.0015,-0.2618,-0.2623,-1.0969,0.0000,0.0000,0.0000
1791282150.6227,0.0205,0.6349,0.0000,0.0000,0.0000,0.0000,0.0000,0.0000,0.0000,-0.0015,-0.2618,-0.2623,-1.0970,0.0000,0.0000,0.0000
1791282150.6422,0.0195,0.9691,0.0000,0.0000,0.0000,0.0000,0.0000,0.0000,0.0000,-0.0015,-0.2618,-0.2623,-1.0969,0.0000,0.0000,0.0000
1791282150.6625,0.0202,0.8288,0.0000,0.0000,0.0000,0.0000,0.0000,0.0000,0.0000,-0.0015,-0.2618,-0.2623,-1.0970,0.0000,0.0000,0.0000
1791282150.6822,0.0198,0.4728,0.0099,-0.0593,0.5825,0.0000,0.0163,0.0000,-0.0414,-0.0015,-0.2204,-0.2623,-1.0970,0.0000,0.0000,0.0000
1791282150.7034,0.0212,2.6785,0.0205,-0.1229,1.2103,0.0000,0.0306,0.0000,-0.0858,-0.0015,-0.1760,-0.2623,-1.0968,0.0000,0.0000,0.0000
1791282150.7259,0.0225,0.6055,0.0317,-0.1904,1.8804,0.0000,0.0424,0.0000,-0.1329,-0.0031,-0.1289,-0.2592,-1.0968,0.0000,0.0000,-0.0002
1791282150.7421,0.0162,2.1016,0.0398,-0.1950,2.1528,0.0719,0.2617,0.0000,-0.1669,-0.0138,-0.0949,-0.2485,-1.0971,0.0012,-0.0076,-0.0008
1791282150.7621,0.0200,4.5670,0.0498,-0.1950,2.4599,0.2878,0.5593,0.0240,-0.2087,-0.0368,-0.0531,-0.2240,-1.0977,0.0051,-0.0277,-0.0018
1791282150.7821,0.0200,1.1399,0.0598,-0.1950,2.7673,0.5755,0.8571,0.0719,-0.2454,-0.0690,-0.0113,-0.1917,-1.0988,0.0107,-0.0527,-0.0040
1791282150.8021,0.0200,0.4087,0.0698,-0.1950,3.0757,1.0791,1.1558,0.0959,-0.2454,-0.1074,0.0307,-0.1580,-1.1014,0.0194,-0.1025,-0.0072
1791282150.8224,0.0203,0.4256,0.0799,-0.1950,3.3876,1.5588,1.4578,0.1918,-0.2454,-0.1457,0.0665,-0.1212,-1.1046,0.0289,-0.1418,-0.0107
1791282150.8422,0.0199,1.0219,0.0899,-0.1950,3.6939,1.9424,1.7543,0.3597,-0.2454,-0.1795,0.0665,-0.0828,-1.1076,0.0380,-0.1634,-0.0142
1791282150.8621,0.0199,0.8116,0.0998,-0.1950,4.0003,2.2782,2.0507,0.5995,-0.2454,-0.2040,0.0665,-0.0430,-1.1107,0.0475,-0.1725,-0.0181
1791282150.8822,0.0201,0.4562,0.1099,-0.1950,4.3057,2.6139,2.3536,0.8393,-0.2454,-0.2194,0.0665,-0.0061,-1.1139,0.0570,-0.1815,-0.0221
1791282150.9022,0.0199,0.4147,0.1199,-0.1950,4.6091,2.9257,2.6547,1.1031,-0.2454,-0.2301,0.0665,0.0199,-1.1176,0.0665,-0.1855,-0.0258
1791282150.9229,0.0207,0.3555,0.1302,-0.1950,4.9244,3.2614,2.9676,1.3909,-0.2454,-0.2362,0.0665,0.0353,-1.1216,0.0768,-0.1894,-0.0299
1791282150.9424,0.0195,0.9257,0.1400,-0.1950,5.2213,3.4293,3.2622,1.5348,-0.2454,-0.2378,0.0665,0.0399,-1.1235,0.0819,-0.1913,-0.0320
1791282150.9621,0.0197,0.4306,0.1498,-0.1950,5.5205,3.7650,3.5591,1.8465,-0.2454,-0.2408,0.0665,0.0506,-1.1274,0.0926,-0.1926,-0.0365
1791282150.9821,0.0200,0.4681,0.1398,-0.1350,4.9140,4.1007,3.5586,2.1823,-0.2454,-0.2424,0.0665,0.0552,-1.1306,0.1037,-0.1918,-0.0403
1791282151.0021,0.0200,2.4024,0.1298,-0.0750,4.3096,4.3885,3.5573,2.4700,-0.2454,-0.2439,0.0665,0.0598,-1.1338,0.1132,-0.1916,-0.0443
1791282151.0231,0.0210,0.3701,0.1193,-0.0119,3.6743,4.6523,3.5552,2.7338,-0.2454,-0.2439,0.0665,0.0614,-1.1378,0.1219,-0.1914,-0.0487
1791282151.0430,0.0199,2.8073,0.1093,0.0000,3.3131,4.9161,3.3131,2.9976,-0.2454,-0.2424,0.0665,0.0629,-1.1416,0.1306,-0.1912,-0.0524
1791282151.0639,0.0208,1.5349,0.0989,0.0000,2.9975,4.9640,2.9975,3.2374,-0.2454,-0.2424,0.0665,0.0644,-1.1439,0.1353,-0.1720,-0.0553
1791282151.0837,0.0198,0.6104,0.0890,0.0000,2.6971,4.7722,2.6971,3.4053,-0.2454,-0.2424,0.0665,0.0644,-1.1457,0.1349,-0.1362,-0.0578
1791282151.1021,0.0184,0.4438,0.0798,0.0000,2.4187,4.4365,2.4187,3.4293,-0.2454,-0.2470,0.0665,0.0644,-1.1473,0.1298,-0.1004,-0.0588
1791282151.1224,0.0203,0.2956,0.0697,0.0000,2.1112,4.0288,2.1112,3.3813,-0.2454,-0.2470,0.0665,0.0629,-1.1479,0.1223,-0.0646,-0.0599
1791282151.1420,0.0197,0.4837,0.0598,0.0000,1.8134,3.6211,1.8134,3.1894,-0.2454,-0.2439,0.0665,0.0644,-1.1482,0.1124,-0.0431,-0.0604
1791282151.1627,0.0207,0.4276,0.0495,0.0000,1.5004,3.2374,1.5004,2.9736,-0.2454,-0.2439,0.0665,0.0629,-1.1483,0.1025,-0.0264,-0.0610
1791282151.1827,0.0200,0.3849,0.0395,0.0000,1.1976,2.8537,1.1976,2.6859,-0.2454,-0.2439,0.0665,0.0644,-1.1480,0.0914,-0.0169,-0.0611
1791282151.2038,0.0211,0.4325,0.0289,0.0000,0.8772,2.5420,0.8772,2.4221,-0.2454,-0.2439,0.0665,0.0644,-1.1477,0.0819,-0.0121,-0.0613
1791282151.2224,0.0185,0.3523,0.0197,0.0000,0.5963,2.2062,0.5963,2.1343,-0.2454,-0.2439,0.0665,0.0644,-1.1475,0.0716,-0.0073,-0.0614
1791282151.2431,0.0207,2.6087,0.0093,0.0000,0.2824,1.8705,0.2824,1.8465,-0.2454,-0.2439,0.0665,0.0644,-1.1473,0.0613,-0.0024,-0.0616
1791282151.2632,0.0201,3.0506,0.0000,0.0000,0.0000,1.6067,0.0000,1.5588,-0.2454,-0.2439,0.0665,0.0629,-1.1473,0.0522,-0.0049,-0.0618
1791282151.2825,0.0193,1.6539,0.0000,0.0000,0.0000,1.2950,0.0000,1.2710,-0.2454,-0.2439,0.0665,0.0629,-1.1472,0.0423,-0.0025,-0.0618
1791282151.3021,0.0196,3.2634,0.0000,0.0000,0.0000,0.9832,0.0000,0.9832,-0.2454,-0.2439,0.0665,0.0644,-1.1469,0.0324,0.0000,-0.0614
1791282151.3251,0.0231,0.4607,0.0000,0.0000,0.0000,0.6715,0.0000,0.6715,-0.2454,-0.2439,0.0665,0.0644,-1.1467,0.0222,0.0000,-0.0616
1791282151.3421,0.0170,0.4407,0.0000,0.0000,0.0000,0.4077,0.0000,0.4077,-0.2454,-0.2439,0.0665,0.0629,-1.1467,0.0135,0.0000,-0.0618
1791282151.3628,0.0207,0.5433,0.0000,0.0000,0.0000,0.2158,0.0000,0.2158,-0.2454,-0.2439,0.0665,0.0644,-1.1467,0.0071,0.0000,-0.0618
1791282151.3823,0.0195,1.4523,0.0000,0.0000,0.0000,0.1199,0.0000,0.0959,-0.2454,-0.2439,0.0665,0.0629,-1.1467,0.0036,-0.0025,-0.0616
1791282151.4020,0.0198,0.3947,0.0000,0.0000,0.0000,0.0719,0.0000,0.0480,-0.2454,-0.2439,0.0665,0.0644,-1.1467,0.0020,-0.0025,-0.0618
1791282151.4224,0.0203,2.1898,0.0000,0.0000,0.0000,0.0240,0.0000,0.0240,-0.2454,-0.2439,0.0665,0.0644,-1.1467,0.0008,0.0000,-0.0618
1791282151.4427,0.0203,0.5076,0.0000,0.0000,0.0000,0.0240,0.0000,0.0000,-0.2454,-0.2439,0.0665,0.0644,-1.1467,0.0004,-0.0025,-0.0619
1791282151.4621,0.0194,0.4949,0.0000,0.0000,0.0000,0.0240,0.0000,0.0000,-0.2454,-0.2439,0.0665,0.0629,-1.1467,0.0004,-0.0025,-0.0618
1791282151.4820,0.0199,0.4177,0.0000,0.0000,0.0000,0.0000,0.0000,0.0000,-0.2454,-0.2439,0.0665,0.0644,-1.1468,0.0000,0.0000,-0.0618
1791282151.5020,0.0200,0.4302,0.0000,0.0000,0.0000,0.0000,0.0000,0.0000,-0.2035,-0.2439,0.0246,0.0644,-1.1467,0.0000,0.0000,-0.0618
1791282151.5223,0.0203,0.3981,0.0000,0.0000,0.0000,0.0000,0.0000,0.0000,-0.1610,-0.2439,0.0000,0.0644,-1.1468,0.0000,0.0000,-0.0616
1791282151.5422,0.0199,0.5085,0.0000,-0.0596,0.2831,0.0000,-0.2831,0.0000,-0.1194,-0.2439,0.0000,0.0629,-1.1467,0.0000,0.0000,-0.0618
1791282151.5622,0.0200,1.7661,0.0000,-0.1195,0.5680,0.0000,-0.5680,0.0000,-0.0776,-0.2332,0.0000,0.0537,-1.1467,0.0000,0.0000,-0.0616
1791282151.5826,0.0204,0.5044,0.0000,-0.1807,0.8589,0.0000,-0.8589,0.0000,-0.0348,-0.2086,0.0000,0.0337,-1.1467,0.0000,0.0000,-0.0619
1791282151.6021,0.0196,3.7066,0.0000,-0.2394,1.1379,0.0240,-1.1379,-0.0240,0.0000,-0.1795,0.0000,0.0184,-1.1468,0.0000,-0.0050,-0.0622
1791282151.6224,0.0202,0.3219,0.0000,-0.3000,1.4261,0.1199,-1.4261,-0.0719,0.0000,-0.1488,0.0000,0.0107,-1.1474,0.0008,-0.0202,-0.0635
1791282151.6422,0.0199,1.1661,0.0000,-0.3596,1.7092,0.2878,-1.7092,-0.1679,0.0000,-0.1166,0.0000,0.0077,-1.1484,0.0020,-0.0479,-0.0655
1791282151.6622,0.0200,0.4842,0.0000,-0.4195,1.9938,0.5036,-1.9938,-0.4077,0.0000,-0.0813,0.0000,0.0046,-1.1506,0.0016,-0.0958,-0.0690
1791282151.6821,0.0200,0.4029,0.0000,-0.4794,2.2785,0.7194,-2.2785,-0.7674,0.0000,-0.0506,0.0000,0.0015,-1.1543,-0.0008,-0.1564,-0.0737
1791282151.7024,0.0203,0.4476,0.0000,-0.5402,2.5677,1.0072,-2.5677,-1.0312,0.0000,-0.0337,0.0000,0.0015,-1.1593,-0.0004,-0.2144,-0.0797
1791282151.7230,0.0206,1.2495,0.0000,-0.6021,2.8623,1.3189,-2.8623,-1.3189,0.0000,-0.0199,0.0000,0.0015,-1.1658,0.0000,-0.2775,-0.0869
1791282151.7424,0.0193,0.4756,0.0000,-0.6601,3.1380,1.6067,-3.1380,-1.6067,0.0000,-0.0123,0.0000,0.0015,-1.1737,0.0000,-0.3381,-0.0955
1791282151.7637,0.0213,0.7910,0.0000,-0.7241,3.4425,1.9185,-3.4425,-1.8945,0.0000,-0.0077,0.0000,0.0015,-1.1828,0.0004,-0.4011,-0.1052
1791282151.7839,0.0202,0.6401,0.0000,-0.6636,3.1547,2.2062,-3.1547,-2.2062,0.0000,-0.0046,0.0000,0.0015,-1.1933,0.0000,-0.4642,-0.1161
1791282151.8022,0.0183,3.1169,-0.0092,-0.6086,2.6182,2.4940,-3.1731,-2.5180,-0.0384,-0.0031,0.0384,0.0015,-1.2050,-0.0004,-0.5272,-0.1284
1791282151.8226,0.0204,0.3496,-0.0194,-0.5474,2.0218,2.8058,-3.1948,-2.7818,-0.0811,-0.0015,0.0811,0.0015,-1.2176,0.0004,-0.5876,-0.1418
1791282151.8421,0.0196,0.6240,-0.0291,-0.4888,1.4504,2.9976,-3.2161,-2.9976,-0.1220,-0.0046,0.1220,0.0031,-1.2308,0.0000,-0.6305,-0.1549
1791282151.8624,0.0203,0.5069,-0.0393,-0.4280,0.8587,2.9736,-3.2384,-3.0695,-0.1346,-0.0153,0.1323,0.0153,-1.2438,-0.0016,-0.6355,-0.1674
1791282151.8837,0.0213,0.4502,-0.0499,-0.3641,0.2353,2.7578,-3.2597,-3.0935,-0.1346,-0.0368,0.1323,0.0368,-1.2558,-0.0055,-0.6151,-0.1792
1791282151.9021,0.0184,1.2918,-0.0591,-0.3090,-0.3056,2.4221,-3.2763,-3.1175,-0.1346,-0.0675,0.1323,0.0660,-1.2669,-0.0115,-0.5820,-0.1902
1791282151.9256,0.0236,0.7708,-0.0709,-0.2382,-1.0002,1.9664,-3.2961,-3.1415,-0.1346,-0.0951,0.1323,0.0890,-1.2774,-0.0194,-0.5360,-0.1997
1791282151.9423,0.0166,0.5688,-0.0792,-0.1884,-1.4907,1.4868,-3.3091,-3.1894,-0.1346,-0.1104,0.1323,0.1043,-1.2869,-0.0281,-0.4899,-0.2085
1791282151.9621,0.0199,0.4724,-0.0891,-0.1288,-2.0779,0.9592,-3.3237,-3.2134,-0.1346,-0.1197,0.1323,0.1135,-1.2952,-0.0372,-0.4361,-0.2159
1791282151.9821,0.0200,0.4639,-0.0991,-0.1064,-2.4885,0.6475,-3.5196,-3.2374,-0.1346,-0.1243,0.1323,0.1181,-1.2989,-0.0427,-0.4054,-0.2196
1791282152.0020,0.0199,0.3942,-0.1000,-0.1064,-2.5147,0.1199,-3.5459,-3.2854,-0.1346,-0.1289,0.1323,0.1227,-1.3056,-0.0522,-0.3546,-0.2250
1791282152.0223,0.0203,0.3558,-0.1000,-0.1064,-2.5147,-0.4556,-3.5459,-3.2614,-0.1346,-0.1304,0.1323,0.1258,-1.3108,-0.0613,-0.2917,-0.2293
1791282152.0422,0.0198,1.1661,-0.1000,-0.1211,-2.4434,-1.0791,-3.6172,-3.2854,-0.1529,-0.1335,0.1472,0.1273,-1.3148,-0.0720,-0.2289,-0.2330
1791282152.0623,0.0202,1.1243,-0.1000,-0.1211,-2.4434,-1.5827,-3.6172,-3.3573,-0.1529,-0.1335,0.1472,0.1304,-1.3179,-0.0815,-0.1838,-0.2360
1791282152.0821,0.0198,0.4175,-0.1000,-0.1211,-2.4434,-1.9664,-3.6172,-3.4293,-0.1529,-0.1335,0.1472,0.1304,-1.3204,-0.0890,-0.1513,-0.2385
1791282152.1039,0.0218,0.5313,-0.1000,-0.1211,-2.4434,-2.1583,-3.6172,-3.4532,-0.1529,-0.1350,0.1472,0.1335,-1.3227,-0.0926,-0.1338,-0.2412
1791282152.1224,0.0185,0.3616,-0.1000,-0.1211,-2.4434,-2.2542,-3.6172,-3.5252,-0.1529,-0.1427,0.1472,0.1381,-1.3249,-0.0954,-0.1313,-0.2433
1791282152.1421,0.0197,0.5525,-0.1000,-0.1211,-2.4434,-2.3261,-3.6172,-3.5492,-0.1529,-0.1503,0.1472,0.1411,-1.3272,-0.0969,-0.1263,-0.2460
1791282152.1621,0.0200,0.9231,-0.1000,-0.1211,-2.4434,-2.3741,-3.6172,-3.5971,-0.1529,-0.1519,0.1472,0.1411,-1.3294,-0.0985,-0.1262,-0.2483
1791282152.1827,0.0206,0.3851,-0.1000,-0.1211,-2.4434,-2.3981,-3.6172,-3.5971,-0.1529,-0.1503,0.1472,0.1427,-1.3317,-0.0989,-0.1237,-0.2509
1791282152.2020,0.0194,0.3971,-0.1000,-0.1211,-2.4434,-2.4221,-3.6172,-3.5971,-0.1529,-0.1519,0.1472,0.1427,-1.3339,-0.0993,-0.1213,-0.2533
1791282152.2229,0.0209,0.3153,-0.1000,-0.1211,-2.4434,-2.4221,-3.6172,-3.5971,-0.1529,-0.1534,0.1472,0.1442,-1.3362,-0.0993,-0.1213,-0.2558
1791282152.2421,0.0191,0.5671,-0.1000,-0.1211,-2.4434,-2.3981,-3.6172,-3.6211,-0.1529,-0.1534,0.1472,0.1442,-1.3387,-0.0993,-0.1262,-0.2580
1791282152.2658,0.0238,0.3608,-0.1000,-0.1211,-2.4434,-2.4221,-3.6172,-3.6211,-0.1529,-0.1534,0.1472,0.1442,-1.3409,-0.0997,-0.1237,-0.2607
1791282152.2823,0.0165,0.5218,-0.1000,-0.1211,-2.4434,-2.4221,-3.6172,-3.6211,-0.1529,-0.1549,0.1472,0.1442,-1.3430,-0.0997,-0.1237,-0.2631
1791282152.3020,0.0197,0.3793,-0.0901,-0.0619,-2.4319,-2.3981,-3.0307,-3.5971,-0.1116,-0.1534,0.1197,0.1442,-1.3450,-0.0989,-0.1237,-0.2653
1791282152.3224,0.0203,0.4314,-0.0800,-0.0561,-2.1523,-2.4221,-2.6943,-3.5971,-0.0718,-0.1534,0.1197,0.1427,-1.3472,-0.0993,-0.1213,-0.2677
1791282152.3427,0.0204,0.6324,-0.0698,-0.0561,-1.8443,-2.4221,-2.3853,-3.5971,-0.0718,-0.1519,0.1197,0.1427,-1.3495,-0.0993,-0.1213,-0.2700
1791282152.3622,0.0195,0.5516,-0.0600,-0.0561,-1.5495,-2.4460,-2.0894,-3.5252,-0.0718,-0.1396,0.1197,0.1381,-1.3517,-0.0985,-0.1114,-0.2718
1791282152.3823,0.0200,0.5062,-0.0500,-0.0561,-1.2466,-2.3981,-1.7855,-3.3094,-0.0718,-0.1181,0.1197,0.1304,-1.3532,-0.0942,-0.0941,-0.2729
1791282152.4033,0.0210,0.4438,-0.0395,-0.0561,-0.9288,-2.2542,-1.4666,-3.0216,-0.0718,-0.1028,0.1197,0.1243,-1.3540,-0.0871,-0.0794,-0.2741
1791282152.4223,0.0191,0.3911,-0.0352,-0.0561,-0.7981,-2.0624,-1.3354,-2.7098,-0.0718,-0.0920,0.1197,0.1227,-1.3548,-0.0787,-0.0671,-0.2753
1791282152.4423,0.0200,0.5793,-0.0352,-0.0561,-0.7981,-1.8225,-1.3354,-2.3981,-0.0718,-0.0844,0.1197,0.1212,-1.3557,-0.0696,-0.0597,-0.2765
1791282152.4630,0.0207,0.9787,-0.0352,-0.0561,-0.7981,-1.5348,-1.3354,-2.1343,-0.0718,-0.0798,0.1197,0.1212,-1.3567,-0.0605,-0.0623,-0.2775
1791282152.4828,0.0198,0.4601,-0.0352,-0.0561,-0.7981,-1.2950,-1.3354,-1.8705,-0.0718,-0.0782,0.1197,0.1212,-1.3576,-0.0522,-0.0599,-0.2786
1791282152.5020,0.0192,0.8159,-0.0352,-0.0561,-0.7981,-1.1271,-1.3354,-1.6787,-0.0718,-0.0752,0.1197,0.1212,-1.3587,-0.0463,-0.0575,-0.2799
1791282152.5228,0.0208,0.3284,-0.0352,-0.0561,-0.7981,-0.9832,-1.3354,-1.5348,-0.0718,-0.0752,0.1197,0.1212,-1.3596,-0.0415,-0.0576,-0.2809
1791282152.5427,0.0199,0.4456,-0.0352,-0.0561,-0.7981,-0.9353,-1.3354,-1.4628,-0.0718,-0.0752,0.1197,0.1212,-1.3600,-0.0396,-0.0551,-0.2815
1791282152.5621,0.0194,0.6362,-0.0352,-0.0561,-0.7981,-0.8633,-1.3354,-1.4149,-0.0718,-0.0752,0.1197,0.1212,-1.3609,-0.0376,-0.0576,-0.2824
1791282152.5822,0.0200,0.4789,-0.0252,-0.1122,-0.2275,-0.8393,-1.2988,-1.3669,-0.0689,-0.0752,0.1411,0.1212,-1.3619,-0.0364,-0.0551,-0.2836
1791282152.6021,0.0199,0.4689,-0.0152,-0.1122,0.0731,-0.8153,-0.9961,-1.3429,-0.0689,-0.0752,0.1411,0.1212,-1.3629,-0.0356,-0.0551,-0.2849
1791282152.6226,0.0206,0.6243,-0.0049,-0.1122,0.3838,-0.7914,-0.6834,-1.3429,-0.0689,-0.0752,0.1411,0.1227,-1.3640,-0.0352,-0.0576,-0.2861
1791282152.6422,0.0196,1.1098,0.0000,-0.1122,0.5331,-0.6954,-0.5331,-1.3189,-0.0689,-0.0721,0.1411,0.1289,-1.3654,-0.0332,-0.0652,-0.2877
1791282152.6624,0.0202,1.0818,0.0000,-0.1122,0.5331,-0.5036,-0.5331,-1.2710,-0.0689,-0.0706,0.1411,0.1335,-1.3672,-0.0293,-0.0803,-0.2897
1791282152.6841,0.0216,0.5933,0.0000,-0.1122,0.5331,-0.2638,-0.5331,-1.1271,-0.0689,-0.0706,0.1411,0.1365,-1.3691,-0.0229,-0.0904,-0.2914
1791282152.7022,0.0181,0.4316,0.0000,-0.1122,0.5331,-0.0719,-0.5331,-0.9353,-0.0689,-0.0706,0.1411,0.1381,-1.3708,-0.0166,-0.0905,-0.2932
1791282152.7224,0.0202,0.4178,0.0000,-0.1122,0.5331,0.1199,-0.5331,-0.7674,-0.0689,-0.0706,0.1411,0.1381,-1.3728,-0.0107,-0.0932,-0.2956
1791282152.7424,0.0200,0.4244,0.0000,-0.1122,0.5331,0.3357,-0.5331,-0.6475,-0.0689,-0.0706,0.1411,0.1396,-1.3751,-0.0051,-0.1033,-0.2979
1791282152.7621,0.0197,0.5769,0.0000,-0.1122,0.5331,0.4556,-0.5331,-0.5755,-0.0689,-0.0706,0.1411,0.1396,-1.3773,-0.0020,-0.1084,-0.3005
1791282152.7825,0.0203,0.7672,0.0000,-0.1122,0.5331,0.4796,-0.5331,-0.5516,-0.0689,-0.0706,0.1411,0.1396,-1.3796,-0.0012,-0.1085,-0.3026
1791282152.8020,0.0196,0.3715,0.0000,-0.1122,0.5331,0.4796,-0.5331,-0.5276,-0.0689,-0.0706,0.1411,0.1396,-1.3818,-0.0008,-0.1059,-0.3047
1791282152.8240,0.0219,0.2614,0.0000,-0.1122,0.5331,0.4796,-0.5331,-0.5276,-0.0689,-0.0706,0.1411,0.1396,-1.3839,-0.0008,-0.1059,-0.3069
1791282152.8445,0.0206,6.6146,0.0000,-0.1122,0.5331,0.5036,-0.5331,-0.5036,-0.0689,-0.0706,0.1411,0.1396,-1.3861,0.0000,-0.1060,-0.3093
1791282152.8633,0.0188,0.3910,0.0000,-0.1122,0.5331,0.5036,-0.5331,-0.5036,-0.0689,-0.0706,0.1411,0.1396,-1.3884,0.0000,-0.1060,-0.3116
1791282152.8821,0.0188,0.6049,0.0000,-0.1122,0.5331,0.5036,-0.5331,-0.5276,-0.0689,-0.0706,0.1411,0.1396,-1.3907,-0.0004,-0.1085,-0.3137
1791282152.9020,0.0199,0.4113,0.0100,-0.0802,0.6847,0.5036,-0.0814,-0.5276,-0.1018,-0.0706,0.1755,0.1396,-1.3930,-0.0004,-0.1085,-0.3159
1791282152.9223,0.0203,0.4411,0.0201,-0.0802,0.9944,0.5036,0.2244,-0.5276,-0.1018,-0.0706,0.1755,0.1396,-1.3954,-0.0004,-0.1085,-0.3182
1791282152.9440,0.0216,0.4560,0.0309,-0.0802,1.3240,0.5036,0.5499,-0.5276,-0.1018,-0.0721,0.1755,0.1411,-1.3978,-0.0004,-0.1085,-0.3205
1791282152.9626,0.0187,0.4999,0.0402,-0.0802,1.6084,0.5276,0.8307,-0.4556,-0.1018,-0.0828,0.1755,0.1519,-1.3998,0.0012,-0.1034,-0.3224
1791282152.9828,0.0202,0.6463,0.0504,-0.0802,1.9170,0.6235,1.1354,-0.2638,-0.1018,-0.0905,0.1755,0.1611,-1.4015,0.0059,-0.0931,-0.3239
1791282153.0044,0.0216,0.4725,0.0512,-0.0802,1.9420,0.7674,1.1600,-0.0240,-0.1018,-0.0951,0.1755,0.1657,-1.4032,0.0123,-0.0828,-0.3259
1791282153.0223,0.0179,0.7228,0.0512,-0.0802,1.9420,0.9832,1.1600,0.1918,-0.1018,-0.0982,0.1755,0.1687,-1.4046,0.0194,-0.0825,-0.3277
1791282153.0427,0.0204,0.4202,0.0512,-0.0802,1.9420,1.2230,1.1600,0.4077,-0.1018,-0.0997,0.1755,0.1703,-1.4063,0.0269,-0.0846,-0.3296
1791282153.0621,0.0194,0.7328,0.0512,-0.0802,1.9420,1.4868,1.1600,0.6475,-0.1018,-0.0997,0.1755,0.1718,-1.4081,0.0352,-0.0868,-0.3314
1791282153.0822,0.0201,0.4435,0.0512,-0.0802,1.9420,1.5827,1.1600,0.7674,-0.1018,-0.0997,0.1755,0.1733,-1.4089,0.0388,-0.0841,-0.3325
1791282153.1020,0.0198,0.4384,0.0512,-0.0802,1.9420,1.7026,1.1600,0.9353,-0.1018,-0.0997,0.1755,0.1733,-1.4103,0.0435,-0.0790,-0.3340
1791282153.1224,0.0203,0.3742,0.0512,-0.0802,1.9420,1.7986,1.1600,1.0312,-0.1018,-0.0997,0.1755,0.1733,-1.4121,0.0467,-0.0789,-0.3358
1791282153.1448,0.0224,0.5316,0.0558,-0.0616,1.9931,1.8945,1.3909,1.1031,-0.0786,-0.0997,0.1802,0.1733,-1.4148,0.0495,-0.0812,-0.3383
1791282153.1628,0.0181,1.5371,0.0558,-0.0616,1.9931,1.9185,1.3909,1.1031,-0.0786,-0.0997,0.1802,0.1718,-1.4157,0.0499,-0.0837,-0.3391
1791282153.1823,0.0195,1.6172,0.0558,-0.0616,1.9931,1.9185,1.3909,1.1271,-0.0786,-0.0997,0.1802,0.1733,-1.4176,0.0503,-0.0812,-0.3411
1791282153.2028,0.0205,0.5316,0.0558,-0.0616,1.9931,1.9664,1.3909,1.1271,-0.0786,-0.0951,0.1802,0.1749,-1.4195,0.0510,-0.0861,-0.3429
1791282153.2224,0.0196,0.3354,0.0558,-0.0616,1.9931,1.9664,1.3909,1.1751,-0.0786,-0.0890,0.1802,0.1764,-1.4210,0.0518,-0.0811,-0.3444
1791282153.2425,0.0201,1.2750,0.0558,-0.0616,1.9931,1.9424,1.3909,1.2230,-0.0786,-0.0844,0.1802,0.1764,-1.4221,0.0522,-0.0737,-0.3457
1791282153.2627,0.0201,0.4228,0.0558,-0.0616,1.9931,1.9424,1.3909,1.2710,-0.0786,-0.0813,0.1802,0.1779,-1.4233,0.0530,-0.0688,-0.3469
1791282153.2821,0.0195,0.6398,0.0558,-0.0616,1.9931,1.9424,1.3909,1.3189,-0.0786,-0.0798,0.1802,0.1779,-1.4245,0.0538,-0.0639,-0.3484
1791282153.3028,0.0207,0.4546,0.0558,-0.0616,1.9931,1.9424,1.3909,1.3429,-0.0786,-0.0798,0.1802,0.1779,-1.4256,0.0542,-0.0614,-0.3498
1791282153.3223,0.0195,0.3207,0.0558,-0.0616,1.9931,1.9664,1.3909,1.3429,-0.0786,-0.0798,0.1802,0.1779,-1.4269,0.0546,-0.0638,-0.3512
1791282153.3421,0.0197,0.4691,0.0558,-0.0616,1.9931,1.9904,1.3909,1.3669,-0.0786,-0.0798,0.1802,0.1779,-1.4282,0.0554,-0.0638,-0.3523
1791282153.3624,0.0203,0.9358,0.0558,-0.0616,1.9931,1.9904,1.3909,1.3909,-0.0786,-0.0798,0.1802,0.1764,-1.4293,0.0558,-0.0613,-0.3537
1791282153.3838,0.0214,0.6793,0.0535,-0.0461,1.8467,1.9904,1.3967,1.3909,-0.0592,-0.0813,0.2021,0.1779,-1.4306,0.0558,-0.0613,-0.3549
1791282153.4021,0.0184,1.1833,0.0535,-0.0461,1.8467,1.9904,1.3967,1.3909,-0.0592,-0.0798,0.2021,0.1779,-1.4318,0.0558,-0.0613,-0.3562
1791282153.4240,0.0219,0.2814,0.0535,-0.0461,1.8467,1.9904,1.3967,1.3669,-0.0592,-0.0782,0.2021,0.1795,-1.4330,0.0554,-0.0638,-0.3575
1791282153.4422,0.0182,1.3812,0.0535,-0.0461,1.8467,1.9664,1.3967,1.3909,-0.0592,-0.0706,0.2021,0.1871,-1.4339,0.0554,-0.0589,-0.3587
1791282153.4630,0.0207,3.0618,0.0535,-0.0461,1.8467,1.9424,1.3967,1.4149,-0.0592,-0.0675,0.2021,0.1917,-1.4345,0.0554,-0.0540,-0.3597
1791282153.4821,0.0191,1.7087,0.0535,-0.0461,1.8467,1.8945,1.3967,1.3909,-0.0592,-0.0644,0.2021,0.1963,-1.4353,0.0542,-0.0516,-0.3606
1791282153.5020,0.0199,1.3013,0.0535,-0.0461,1.8467,1.8465,1.3967,1.3669,-0.0592,-0.0614,0.2021,0.1979,-1.4362,0.0530,-0.0491,-0.3615
1791282153.5238,0.0217,0.3267,0.0535,-0.0461,1.8467,1.8465,1.3967,1.3429,-0.0592,-0.0614,0.2021,0.1994,-1.4373,0.0526,-0.0516,-0.3628
1791282153.5430,0.0192,1.5040,0.0535,-0.0461,1.8467,1.8705,1.3967,1.3669,-0.0592,-0.0614,0.2021,0.2010,-1.4383,0.0534,-0.0516,-0.3637
1791282153.5623,0.0194,2.5471,0.0535,-0.0461,1.8467,1.8705,1.3967,1.3909,-0.0592,-0.0614,0.2021,0.2010,-1.4392,0.0538,-0.0491,-0.3647
1791282153.5825,0.0201,1.4682,0.0535,-0.0461,1.8467,1.8705,1.3967,1.3909,-0.0592,-0.0614,0.2021,0.2010,-1.4400,0.0538,-0.0491,-0.3658
1791282153.6020,0.0196,1.6968,0.0535,-0.0461,1.8467,1.8705,1.3967,1.3909,-0.0592,-0.0614,0.2021,0.2010,-1.4404,0.0538,-0.0491,-0.3663
1791282153.6233,0.0213,0.8538,0.0535,-0.0461,1.8467,1.8465,1.3967,1.3669,-0.0592,-0.0614,0.2021,0.2010,-1.4416,0.0530,-0.0491,-0.3675
1791282153.6423,0.0190,3.0321,0.0535,-0.0461,1.8467,1.8465,1.3967,1.3669,-0.0592,-0.0629,0.2021,0.2010,-1.4419,0.0530,-0.0491,-0.3678
1791282153.6622,0.0199,1.4111,0.0535,-0.0461,1.8467,1.8225,1.3967,1.3669,-0.0592,-0.0614,0.2021,0.2010,-1.4423,0.0526,-0.0467,-0.3688
1791282153.6822,0.0199,0.8186,0.0607,-0.0280,1.9755,1.8225,1.7011,1.3909,-0.0366,-0.0614,0.2439,0.1994,-1.4430,0.0530,-0.0442,-0.3697
1791282153.7021,0.0199,0.4422,0.0607,-0.0280,1.9755,1.8225,1.7011,1.3909,-0.0366,-0.0614,0.2619,0.2010,-1.4438,0.0530,-0.0442,-0.3708
1791282153.7223,0.0203,0.4380,0.0607,-0.0280,1.9755,1.8225,1.7011,1.3429,-0.0366,-0.0598,0.2619,0.2025,-1.4446,0.0522,-0.0492,-0.3716
1791282153.7436,0.0213,0.6408,0.0607,-0.0280,1.9755,1.8465,1.7011,1.3909,-0.0366,-0.0522,0.2619,0.2163,-1.4455,0.0534,-0.0467,-0.3724
1791282153.7621,0.0184,0.4437,0.0607,-0.0280,1.9755,1.8945,1.7011,1.5108,-0.0366,-0.0460,0.2619,0.2316,-1.4461,0.0562,-0.0393,-0.3730
1791282153.7821,0.0201,0.7547,0.0607,-0.0280,1.9755,1.9424,1.7011,1.6067,-0.0366,-0.0430,0.2619,0.2424,-1.4465,0.0586,-0.0343,-0.3735
1791282153.8032,0.0211,0.9786,0.0607,-0.0280,1.9755,1.9424,1.7011,1.6307,-0.0366,-0.0399,0.2619,0.2500,-1.4471,0.0590,-0.0318,-0.3743
1791282153.8229,0.0197,0.2745,0.0607,-0.0280,1.9755,1.9424,1.7011,1.6307,-0.0366,-0.0383,0.2619,0.2546,-1.4477,0.0590,-0.0318,-0.3747
1791282153.8424,0.0195,5.5802,0.0607,-0.0280,1.9755,1.9424,1.7011,1.6547,-0.0366,-0.0383,0.2619,0.2577,-1.4480,0.0594,-0.0294,-0.3754
1791282153.8622,0.0198,1.2667,0.0607,-0.0280,1.9755,1.9424,1.7011,1.6787,-0.0366,-0.0383,0.2619,0.2592,-1.4481,0.0597,-0.0269,-0.3757
1791282153.8824,0.0202,1.3646,0.0607,-0.0280,1.9755,1.9424,1.7011,1.6787,-0.0366,-0.0383,0.2619,0.2608,-1.4482,0.0597,-0.0269,-0.3762
1791282153.9020,0.0196,0.3440,0.0607,-0.0280,1.9755,1.9424,1.7011,1.7026,-0.0366,-0.0383,0.2619,0.2592,-1.4485,0.0601,-0.0245,-0.3766
1791282153.9223,0.0203,0.3262,0.0607,-0.0280,1.9755,1.9424,1.7011,1.7266,-0.0366,-0.0399,0.2619,0.2608,-1.4486,0.0605,-0.0220,-0.3769
1791282153.9439,0.0216,0.4568,0.0607,-0.0280,1.9755,1.9424,1.7011,1.7266,-0.0366,-0.0383,0.2619,0.2608,-1.4488,0.0605,-0.0220,-0.3774
1791282153.9621,0.0182,0.3905,0.0607,-0.0280,1.9755,1.9424,1.7011,1.7266,-0.0366,-0.0383,0.2619,0.2608,-1.4492,0.0605,-0.0220,-0.3780
1791282153.9824,0.0203,1.6383,0.0505,0.0000,1.5310,1.9904,1.5310,1.7026,-0.0366,-0.0383,0.2619,0.2608,-1.4499,0.0609,-0.0294,-0.3787
1791282154.0021,0.0197,0.9190,0.0407,0.0000,1.2319,1.9664,1.2319,1.6787,-0.0366,-0.0383,0.2619,0.2608,-1.4504,0.0601,-0.0294,-0.3791
1791282154.0230,0.0209,0.3215,0.0302,0.0000,0.9154,1.9664,0.9154,1.6787,-0.0366,-0.0383,0.2619,0.2608,-1.4509,0.0601,-0.0294,-0.3799
1791282154.0425,0.0195,4.2235,0.0204,0.0000,0.6197,1.8945,0.6197,1.6307,-0.0366,-0.0383,0.2619,0.2608,-1.4512,0.0582,-0.0270,-0.3801
1791282154.0647,0.0222,0.6400,0.0094,0.0000,0.2836,1.7266,0.2836,1.5348,-0.0366,-0.0383,0.2619,0.2592,-1.4513,0.0538,-0.0196,-0.3801
1791282154.0821,0.0174,0.5253,0.0007,0.0000,0.0204,1.4868,0.0204,1.3909,-0.0366,-0.0383,0.2619,0.2608,-1.4512,0.0475,-0.0099,-0.3802
1791282154.1020,0.0200,0.3871,0.0000,0.0000,0.0000,1.3669,0.0000,1.2950,-0.0366,-0.0383,0.2619,0.2608,-1.4512,0.0439,-0.0074,-0.3801
1791282154.1224,0.0203,0.3168,0.0000,0.0000,0.0000,0.9353,0.0000,0.9113,-0.0366,-0.0383,0.2619,0.2608,-1.4511,0.0305,-0.0025,-0.3799
1791282154.1423,0.0199,0.4583,0.0000,0.0000,0.0000,0.7914,0.0000,0.7914,-0.0366,-0.0399,0.2619,0.2608,-1.4511,0.0261,0.0000,-0.3801
1791282154.1625,0.0202,1.4420,0.0000,0.0000,0.0000,0.5276,0.0000,0.5036,-0.0366,-0.0383,0.2619,0.2608,-1.4511,0.0170,-0.0025,-0.3801
1791282154.1834,0.0209,0.9186,0.0000,0.0000,0.0000,0.2158,0.0000,0.2158,-0.0366,-0.0383,0.2619,0.2608,-1.4511,0.0071,0.0000,-0.3801
1791282154.2021,0.0187,0.6063,0.0000,0.0000,0.0000,0.1679,0.0000,0.1439,-0.0366,-0.0383,0.2619,0.2608,-1.4511,0.0051,-0.0025,-0.3802
1791282154.2224,0.0203,1.9489,0.0000,0.0000,0.0000,0.0719,0.0000,0.0480,-0.0366,-0.0383,0.2619,0.2592,-1.4511,0.0020,-0.0025,-0.3804
1791282154.2427,0.0203,2.0670,0.0000,0.0000,0.0000,0.0240,0.0000,0.0000,-0.0366,-0.0383,0.2619,0.2608,-1.4511,0.0004,-0.0025,-0.3802
1791282154.2621,0.0194,0.6065,0.0000,0.0000,0.0000,0.0000,0.0000,0.0000,-0.0366,-0.0383,0.2619,0.2592,-1.4511,0.0000,0.0000,-0.3802
1791282154.2821,0.0200,2.0086,0.0000,0.0000,0.0000,0.0000,0.0000,0.0000,-0.0366,-0.0383,0.2619,0.2608,-1.4511,0.0000,0.0000,-0.3804
1791282154.3035,0.0214,0.5018,0.0000,0.0000,0.0000,0.0000,0.0000,0.0000,-0.0366,-0.0383,0.2619,0.2608,-1.4512,0.0000,0.0000,-0.3802
1791282154.3227,0.0191,0.3215,0.0000,0.0000,0.0000,0.0000,0.0000,0.0000,-0.0366,-0.0383,0.2619,0.2608,-1.4511,0.0000,0.0000,-0.3802
1791282154.3421,0.0194,0.4406,0.0000,0.0000,0.0000,0.0000,0.0000,0.0000,-0.0366,-0.0383,0.2619,0.2608,-1.4511,0.0000,0.0000,-0.3802
1791282154.3621,0.0200,0.4904,0.0000,0.0000,0.0000,0.0000,0.0000,0.0000,-0.0366,-0.0383,0.2619,0.2608,-1.4511,0.0000,0.0000,-0.3804
1791282154.3821,0.0199,0.4457,0.0000,0.0000,0.0000,0.0000,0.0000,0.0000,-0.0366,-0.0383,0.2619,0.2608,-1.4511,0.0000,0.0000,-0.3802
1791282154.4020,0.0200,0.4125,0.0000,0.0000,0.0000,0.0000,0.0000,0.0000,-0.0366,-0.0383,0.2619,0.2608,-1.4511,0.0000,0.0000,-0.3804
1791282154.4223,0.0203,0.3394,0.0000,0.0000,0.0000,0.0000,0.0000,0.0000,-0.0366,-0.0383,0.2619,0.2608,-1.4511,0.0000,0.0000,-0.3804
1791282154.4428,0.0204,5.7982,0.0000,0.0000,0.0000,0.0000,0.0000,0.0000,-0.0366,-0.0383,0.2619,0.2608,-1.4511,0.0000,0.0000,-0.3804
1791282154.4628,0.0200,1.4188,0.0000,0.0000,0.0000,0.0000,0.0000,0.0000,-0.0366,-0.0383,0.2619,0.2592,-1.4511,0.0000,0.0000,-0.3802
1791282154.4827,0.0199,0.6033,0.0000,0.0000,0.0000,0.0000,0.0000,0.0000,-0.0366,-0.0383,0.2619,0.2608,-1.4511,0.0000,0.0000,-0.3802
1791282154.5022,0.0195,1.5011,0.0000,0.0000,0.0000,0.0000,0.0000,0.0000,-0.0366,-0.0383,0.2619,0.2592,-1.4511,0.0000,0.0000,-0.3804
1791282154.5237,0.0214,0.3157,0.0000,0.0000,0.0000,0.0000,0.0000,0.0000,0.0000,-0.0383,0.2170,0.2608,-1.4511,0.0000,0.0000,-0.3802
1791282154.5429,0.0192,0.4507,0.0000,0.0576,-0.2621,0.0000,0.2621,0.0000,0.0000,-0.0399,0.1768,0.2608,-1.4511,0.0000,0.0000,-0.3802
1791282154.5623,0.0194,1.7029,0.0000,0.1158,-0.5270,0.0000,0.5270,0.0000,0.0000,-0.0368,0.1361,0.2592,-1.4511,0.0000,0.0000,-0.3802
1791282154.5823,0.0201,1.0856,0.0000,0.1760,-0.8008,0.0000,0.8008,0.0000,0.0000,-0.0261,0.0942,0.2485,-1.4511,0.0000,0.0000,-0.3801
1791282154.6020,0.0197,0.4244,0.0000,0.2351,-1.0700,-0.0240,1.0700,0.0480,0.0000,-0.0153,0.0528,0.2240,-1.4509,0.0004,0.0079,-0.3794
1791282154.6224,0.0204,0.3220,0.0000,0.2962,-1.3478,-0.1439,1.3478,0.1679,0.0000,-0.0092,0.0102,0.1933,-1.4501,0.0004,0.0342,-0.3780
1791282154.6421,0.0197,0.5503,0.0000,0.3554,-1.6174,-0.1918,1.6174,0.2398,0.0000,-0.0077,0.0000,0.1764,-1.4495,0.0008,0.0474,-0.3770
1791282154.6625,0.0204,1.7483,0.0000,0.4165,-1.8961,-0.4077,1.8961,0.5276,0.0000,-0.0031,0.0000,0.1197,-1.4461,0.0020,0.1027,-0.3723
1791282154.6827,0.0202,0.4306,0.0000,0.4770,-2.1754,-0.7194,2.1754,0.7674,0.0000,-0.0015,0.0000,0.0813,-1.4419,0.0008,0.1633,-0.3674
1791282154.7021,0.0195,0.6579,0.0000,0.5355,-2.4457,-0.8873,2.4457,0.9113,0.0000,-0.0015,0.0000,0.0629,-1.4392,0.0004,0.1976,-0.3646
1791282154.7236,0.0215,0.2802,0.0000,0.5999,-2.7447,-1.2950,2.7447,1.3189,0.0000,-0.0015,0.0000,0.0307,-1.4298,0.0004,0.2872,-0.3541
1791282154.7421,0.0184,2.2031,0.0000,0.6552,-3.0025,-1.4149,3.0025,1.4628,0.0000,-0.0015,0.0000,0.0245,-1.4261,0.0008,0.3161,-0.3502
1791282154.7621,0.0201,0.3932,0.0000,0.7154,-3.2838,-1.6547,3.2838,1.7266,0.0000,-0.0015,0.0000,0.0153,-1.4179,0.0012,0.3714,-0.3411
1791282154.7823,0.0202,1.3654,0.0000,0.7760,-3.5676,-1.9424,3.5676,1.9664,0.0000,-0.0015,0.0000,0.0092,-1.4083,0.0004,0.4291,-0.3310
1791282154.8024,0.0201,1.3670,0.0000,0.8000,-3.6804,-2.2302,3.6804,2.2542,0.0000,-0.0015,0.0000,0.0061,-1.3970,0.0004,0.4915,-0.3191
1791282154.8235,0.0211,0.3335,0.0000,0.8000,-3.6804,-2.5659,3.6804,2.5899,0.0000,-0.0015,0.0000,0.0031,-1.3844,0.0004,0.5639,-0.3064
1791282154.8421,0.0186,0.7435,0.0000,0.8000,-3.6804,-2.9017,3.6804,2.8777,0.0000,-0.0015,0.0000,0.0015,-1.3711,-0.0004,0.6310,-0.2920
1791282154.8820,0.0197,0.4060,0.0000,0.0591,-0.2691,-3.3573,0.2691,3.3094,0.0000,-0.0015,0.0000,0.0015,-1.3415,-0.0008,0.7260,-0.2617
1791282154.9021,0.0200,2.9640,0.0000,0.1192,-0.5423,-3.4293,0.5423,3.4532,0.0000,-0.0015,0.0000,0.0015,-1.3254,0.0004,0.7490,-0.2477
1791282154.9224,0.0204,0.3057,0.0000,0.1803,-0.8203,-3.0216,0.8203,2.9976,0.0000,-0.0015,0.0000,0.0015,-1.3123,-0.0004,0.6567,-0.2392
1791282154.9421,0.0197,0.4503,0.0000,0.2392,-1.0887,-2.1343,1.0887,2.0863,0.0000,-0.0015,0.0000,0.0015,-1.3055,-0.0008,0.4629,-0.2344
1791282154.9626,0.0205,0.3707,0.0000,0.3009,-1.3690,-1.2950,1.3690,1.3669,0.0000,-0.0015,0.0000,0.0015,-1.3023,0.0012,0.2924,-0.2306
1791282154.9828,0.0202,1.4511,0.0000,0.3614,-1.6448,-0.9592,1.6448,1.0312,0.0000,-0.0015,0.0000,0.0015,-1.2989,0.0012,0.2186,-0.2265
1791282155.0020,0.0192,0.4042,0.0000,0.4191,-1.9083,-0.9353,1.9083,0.9592,0.0000,-0.0015,0.0000,-0.0000,-1.2949,0.0004,0.2081,-0.2221
1791282155.0233,0.0212,0.2997,0.0000,0.4829,-2.2023,-1.0072,2.2023,1.0312,0.0000,-0.0015,0.0000,0.0015,-1.2901,0.0004,0.2239,-0.2169
1791282155.0422,0.0189,1.5081,0.0000,0.5395,-2.4641,-1.1990,2.4641,1.1751,0.0000,-0.0031,0.0000,0.0015,-1.2845,-0.0004,0.2608,-0.2103
1791282155.0627,0.0206,0.3718,0.0000,0.6011,-2.7504,-1.3909,2.7504,1.3909,0.0000,-0.0015,0.0000,0.0015,-1.2778,0.0000,0.3057,-0.2028
1791282155.0821,0.0194,0.7194,0.0000,0.6594,-3.0219,-1.6307,3.0219,1.6307,0.0000,-0.0015,0.0000,0.0015,-1.2696,0.0000,0.3584,-0.1943
1791282155.1021,0.0200,0.4073,0.0000,0.7192,-3.3016,-1.8705,3.3016,1.8945,0.0000,-0.0015,0.0000,0.0015,-1.2602,0.0004,0.4135,-0.1847
1791282155.1223,0.0203,0.3878,0.0000,0.7800,-3.5866,-2.1343,3.5866,2.1823,0.0000,-0.0015,0.0000,0.0015,-1.2497,0.0008,0.4732,-0.1736
1791282155.1421,0.0198,0.4346,0.0000,0.8000,-3.6804,-2.4221,3.6804,2.4460,0.0000,-0.0015,0.0000,0.0015,-1.2378,0.0004,0.5329,-0.1614
1791282155.1621,0.0200,2.2606,0.0000,0.8000,-3.6804,-2.5420,3.6804,2.5420,0.0000,-0.0015,0.0000,0.0015,-1.2316,0.0000,0.5562,-0.1548
1791282155.1821,0.0200,2.8140,0.0000,0.8000,-3.6804,-2.8297,3.6804,2.8297,0.0000,-0.0015,0.0000,0.0015,-1.2188,0.0000,0.6182,-0.1409
1791282155.2021,0.0200,1.8988,0.0000,0.8000,-3.6804,-3.0935,3.6804,3.0456,0.0000,-0.0015,0.0000,0.0015,-1.2046,-0.0008,0.6696,-0.1262
1791282155.2229,0.0208,0.8718,0.0000,0.8000,-3.6804,-3.3094,3.6804,3.2614,0.0000,-0.0015,0.0000,0.0015,-1.1892,-0.0008,0.7157,-0.1107
1791282155.2421,0.0191,1.5231,0.0000,0.8000,-3.6804,-3.4293,3.6804,3.4293,0.0000,-0.0015,0.0000,0.0015,-1.1736,0.0000,0.7465,-0.0953
1791282155.2621,0.0200,1.9718,0.0000,0.8000,-3.6804,-3.5012,3.6804,3.5252,0.0000,-0.0015,0.0000,0.0015,-1.1575,0.0004,0.7643,-0.0791
1791282155.2828,0.0206,0.4395,0.0000,0.8000,-3.6804,-3.5731,3.6804,3.5971,0.0000,-0.0015,0.0000,-0.0000,-1.1402,0.0004,0.7796,-0.0626
1791282155.3020,0.0193,0.3845,0.0000,0.8000,-3.6804,-3.6211,3.6804,3.6451,0.0000,-0.0015,0.0000,-0.0000,-1.1237,0.0004,0.7898,-0.0466
1791282155.3223,0.0203,0.3124,0.0000,0.8000,-3.6804,-3.6211,3.6804,3.6211,0.0000,-0.0015,0.0000,-0.0000,-1.1083,0.0000,0.7874,-0.0304
1791282155.3421,0.0197,0.4255,0.0000,0.8000,-3.6804,-3.6211,3.6804,3.5971,0.0000,-0.0015,0.0000,-0.0000,-1.0923,-0.0004,0.7848,-0.0142
1791282155.3621,0.0200,0.7538,0.0000,0.8000,-3.6804,-3.5971,3.6804,3.5971,0.0000,-0.0015,0.0000,0.0015,-1.0761,0.0000,0.7823,0.0023
1791282155.3825,0.0204,2.1795,0.0000,0.8000,-3.6804,-3.5971,3.6804,3.6451,0.0000,-0.0015,0.0000,-0.0000,-1.0599,0.0008,0.7872,0.0188
1791282155.4021,0.0196,0.4182,0.0000,0.8000,-3.6804,-3.6211,3.6804,3.6451,0.0000,-0.0015,0.0000,-0.0000,-1.0430,0.0004,0.7898,0.0351
1791282155.4226,0.0206,0.6058,0.0000,0.8000,-3.6804,-3.6691,3.6804,3.6451,0.0000,-0.0015,0.0000,-0.0000,-1.0260,-0.0004,0.7950,0.0518
1791282155.4422,0.0196,1.0933,0.0000,0.8000,-3.6804,-3.6691,3.6804,3.6691,0.0000,-0.0015,0.0000,0.0015,-1.0092,0.0000,0.7976,0.0685
1791282155.4623,0.0201,1.0630,0.0000,0.8000,-3.6804,-3.6691,3.6804,3.6451,0.0000,-0.0015,0.0000,-0.0000,-0.9927,-0.0004,0.7950,0.0851
1791282155.4821,0.0198,0.6898,0.0000,0.8000,-3.6804,-3.6451,3.6804,3.6451,0.0000,-0.0031,0.0000,-0.0000,-0.9761,0.0000,0.7925,0.1013
1791282155.5020,0.0199,0.4061,0.0000,0.8000,-3.6804,-3.6451,3.6804,3.6451,0.0000,-0.0015,0.0000,-0.0000,-0.9594,0.0000,0.7925,0.1178
1791282155.5224,0.0204,0.4247,0.0000,0.8000,-3.6804,-3.6691,3.6804,3.6691,0.0000,-0.0015,0.0000,-0.0000,-0.9430,0.0000,0.7976,0.1347
1791282155.5424,0.0200,0.7655,0.0000,0.8000,-3.6804,-3.6930,3.6804,3.6451,0.0000,-0.0015,0.0000,-0.0000,-0.9265,-0.0008,0.7975,0.1510
1791282155.5625,0.0201,1.7582,0.0000,0.8000,-3.6804,-3.6691,3.6804,3.6211,0.0000,-0.0015,0.0000,-0.0000,-0.9096,-0.0008,0.7924,0.1675
1791282155.5822,0.0196,0.5455,0.0000,0.8000,-3.6804,-3.6451,3.6804,3.6691,0.0000,-0.0015,0.0000,-0.0000,-0.8928,0.0004,0.7949,0.1844
1791282155.6024,0.0203,0.4273,0.0000,0.8000,-3.6804,-3.6451,3.6804,3.6930,0.0000,-0.0031,0.0000,-0.0000,-0.8761,0.0008,0.7974,0.2008
1791282155.6230,0.0206,0.2706,0.0000,0.8000,-3.6804,-3.6691,3.6804,3.6691,0.0000,-0.0015,0.0000,-0.0000,-0.8594,0.0000,0.7976,0.2174
1791282155.6421,0.0190,0.6168,0.0000,0.8000,-3.6804,-3.6930,3.6804,3.6451,0.0000,-0.0015,0.0000,-0.0000,-0.8425,-0.0008,0.7975,0.2335
1791282155.6627,0.0206,0.5329,0.0000,0.8000,-3.6804,-3.6691,3.6804,3.6451,0.0000,-0.0015,0.0000,-0.0000,-0.8257,-0.0004,0.7950,0.2504
1791282155.6826,0.0199,0.4208,0.0000,0.8000,-3.6804,-3.6451,3.6804,3.6451,0.0000,-0.0031,0.0000,-0.0000,-0.8092,0.0000,0.7925,0.2665
1791282155.7023,0.0197,0.7776,0.0000,0.8000,-3.6804,-3.6451,3.6804,3.6451,0.0000,-0.0015,0.0000,-0.0000,-0.8010,0.0000,0.7925,0.2747
1791282155.7234,0.0211,1.0029,0.0000,0.8000,-3.6804,-3.6691,3.6804,3.6691,0.0000,-0.0015,0.0000,-0.0000,-0.7758,0.0000,0.7976,0.2994
1791282155.7421,0.0187,0.4204,0.0000,0.8000,-3.6804,-3.6930,3.6804,3.6691,0.0000,-0.0015,0.0000,-0.0000,-0.7676,-0.0004,0.8002,0.3079
1791282155.7622,0.0201,1.8492,0.0000,0.8000,-3.6804,-3.6930,3.6804,3.6930,0.0000,-0.0031,0.0000,-0.0000,-0.7516,0.0000,0.8029,0.3241
1791282155.7823,0.0202,1.3897,0.0000,0.8000,-3.6804,-3.6451,3.6804,3.6691,0.0000,-0.0015,0.0000,-0.0000,-0.7354,0.0004,0.7949,0.3404
1791282155.8025,0.0202,0.3997,0.0000,0.8000,-3.6804,-3.6451,3.6804,3.6691,0.0000,-0.0015,0.0000,-0.0000,-0.7192,0.0004,0.7949,0.3569
1791282155.8229,0.0204,0.3370,0.0000,0.8000,-3.6804,-3.6691,3.6804,3.6691,0.0000,-0.0015,0.0000,-0.0000,-0.7030,0.0000,0.7976,0.3733
1791282155.8429,0.0200,1.3521,0.0000,0.8000,-3.6804,-3.6930,3.6804,3.6691,0.0000,-0.0015,0.0000,-0.0000,-0.6867,-0.0004,0.8002,0.3894
1791282155.8640,0.0211,0.6666,0.0000,0.8000,-3.6804,-3.6930,3.6804,3.6691,0.0000,-0.0015,0.0000,-0.0000,-0.6703,-0.0004,0.8002,0.4056
1791282155.8848,0.0208,0.6363,0.0000,0.8000,-3.6804,-3.6691,3.6804,3.6691,0.0000,-0.0015,0.0000,-0.0000,-0.6541,0.0000,0.7976,0.4221
1791282155.9021,0.0173,0.4320,0.0000,0.8000,-3.6804,-3.6691,3.6804,3.6451,0.0000,-0.0015,0.0000,-0.0000,-0.6380,-0.0004,0.7950,0.4384
1791282155.9223,0.0202,0.3457,0.0000,0.8000,-3.6804,-3.6691,3.6804,3.6451,0.0000,-0.0015,0.0000,0.0015,-0.6222,-0.0004,0.7950,0.4543
1791282155.9422,0.0198,0.9043,0.0000,0.8000,-3.6804,-3.6691,3.6804,3.6691,0.0000,-0.0015,0.0000,-0.0000,-0.6060,0.0000,0.7976,0.4705
1791282155.9621,0.0199,0.5106,0.0000,0.8000,-3.6804,-3.6691,3.6804,3.6691,0.0000,-0.0015,0.0000,-0.0000,-0.5895,0.0000,0.7976,0.4866
1791282155.9823,0.0202,1.7972,0.0000,0.8000,-3.6804,-3.6691,3.6804,3.6930,0.0000,-0.0015,0.0000,-0.0000,-0.5729,0.0004,0.8001,0.5028
1791282156.0026,0.0203,1.0872,0.0000,0.8000,-3.6804,-3.6691,3.6804,3.6691,0.0000,-0.0015,0.0000,-0.0000,-0.5567,0.0000,0.7976,0.5190
1791282156.0225,0.0198,0.3365,0.0000,0.8000,-3.6804,-3.6691,3.6804,3.6451,0.0000,-0.0015,0.0000,-0.0000,-0.5405,-0.0004,0.7950,0.5348
1791282156.0426,0.0201,0.5423,0.0000,0.8000,-3.6804,-3.6451,3.6804,3.6691,0.0000,-0.0015,0.0000,-0.0000,-0.5242,0.0004,0.7949,0.5513
1791282156.0632,0.0206,0.7934,0.0000,0.8000,-3.6804,-3.6691,3.6804,3.6691,0.0000,-0.0015,0.0000,0.0015,-0.5084,0.0000,0.7976,0.5675
1791282156.0822,0.0191,0.7862,0.0000,0.8000,-3.6804,-3.6691,3.6804,3.6451,0.0000,-0.0015,0.0000,-0.0000,-0.4923,-0.0004,0.7950,0.5835
1791282156.1027,0.0205,0.4729,0.0000,0.8000,-3.6804,-3.6691,3.6804,3.6691,0.0000,-0.0015,0.0000,-0.0000,-0.4759,0.0000,0.7976,0.5993
1791282156.1233,0.0206,2.7337,0.0000,0.8000,-3.6804,-3.6691,3.6804,3.6691,0.0000,-0.0015,0.0000,-0.0000,-0.4594,0.0000,0.7976,0.6157
1791282156.1422,0.0188,0.4635,0.0000,0.8000,-3.6804,-3.6451,3.6804,3.6691,0.0000,-0.0015,0.0000,-0.0000,-0.4436,0.0004,0.7949,0.6322
1791282156.1647,0.0225,0.4814,0.0000,0.8000,-3.6804,-3.6211,3.6804,3.6451,0.0000,-0.0015,0.0000,-0.0000,-0.4279,0.0004,0.7898,0.6478
1791282156.1824,0.0177,2.4219,0.0000,0.8000,-3.6804,-3.6211,3.6804,3.6211,0.0000,-0.0015,0.0000,-0.0000,-0.4119,0.0000,0.7874,0.6637
1791282156.2021,0.0197,0.6438,0.0000,0.8000,-3.6804,-3.5971,3.6804,3.6451,0.0000,-0.0015,0.0000,-0.0000,-0.3959,0.0008,0.7872,0.6800
1791282156.2230,0.0209,0.5165,0.0000,0.8000,-3.6804,-3.6211,3.6804,3.6451,0.0000,-0.0015,0.0000,-0.0000,-0.3794,0.0004,0.7898,0.6965
1791282156.2421,0.0192,1.6556,0.0000,0.8000,-3.6804,-3.6451,3.6804,3.6451,0.0000,-0.0015,0.0000,-0.0000,-0.3710,0.0000,0.7925,0.7042
1791282156.2621,0.0200,0.7686,0.0000,0.8000,-3.6804,-3.6451,3.6804,3.6451,0.0000,-0.0015,0.0000,-0.0000,-0.3545,0.0000,0.7925,0.7209
1791282156.2826,0.0205,0.3978,0.0000,0.8000,-3.6804,-3.6691,3.6804,3.6451,0.0000,-0.0015,0.0000,-0.0000,-0.3302,-0.0004,0.7950,0.7451
1791282156.3025,0.0199,0.3821,0.0000,0.8000,-3.6804,-3.6691,3.6804,3.6451,0.0000,-0.0015,0.0000,-0.0000,-0.3222,-0.0004,0.7950,0.7531
1791282156.3228,0.0203,1.2910,0.0000,0.8000,-3.6804,-3.6691,3.6804,3.6451,0.0000,-0.0015,0.0000,-0.0000,-0.3059,-0.0004,0.7950,0.7697
1791282156.3422,0.0194,1.8388,0.0000,0.8000,-3.6804,-3.6691,3.6804,3.6691,0.0000,-0.0015,0.0000,-0.0000,-0.2894,0.0000,0.7976,0.7856
1791282156.3621,0.0199,1.2856,0.0000,0.8000,-3.6804,-3.6691,3.6804,3.6691,0.0000,-0.0015,0.0000,-0.0000,-0.2728,0.0000,0.7976,0.8021
1791282156.3836,0.0215,1.2899,0.0000,0.8000,-3.6804,-3.6930,3.6804,3.6691,0.0000,-0.0015,0.0000,-0.0000,-0.2563,-0.0004,0.8002,0.8181
1791282156.4031,0.0195,0.5673,0.0000,0.8000,-3.6804,-3.6930,3.6804,3.6451,0.0000,-0.0015,0.0000,-0.0000,-0.2405,-0.0008,0.7975,0.8344
1791282156.4232,0.0201,0.7662,0.0000,0.8000,-3.6804,-3.6691,3.6804,3.6451,0.0000,-0.0015,0.0000,-0.0000,-0.2245,-0.0004,0.7950,0.8511
1791282156.4428,0.0196,4.6911,0.0000,0.8000,-3.6804,-3.6451,3.6804,3.6691,0.0000,-0.0015,0.0000,-0.0000,-0.2084,0.0004,0.7949,0.8671
1791282156.4622,0.0193,0.6616,0.0000,0.8000,-3.6804,-3.6451,3.6804,3.6691,0.0000,-0.0015,0.0000,-0.0000,-0.1922,0.0004,0.7949,0.8828
1791282156.4822,0.0200,3.2497,0.0000,0.8000,-3.6804,-3.6451,3.6804,3.6451,0.0000,-0.0015,0.0000,-0.0000,-0.1762,0.0000,0.7925,0.8993
1791282156.5021,0.0199,0.4583,0.0000,0.8000,-3.6804,-3.6691,3.6804,3.6451,0.0000,-0.0015,0.0000,-0.0000,-0.1600,-0.0004,0.7950,0.9150
1791282156.5230,0.0209,0.2788,0.0000,0.8000,-3.6804,-3.6691,3.6804,3.6451,0.0000,-0.0015,0.0000,-0.0000,-0.1439,-0.0004,0.7950,0.9313
1791282156.5428,0.0198,0.4039,0.0000,0.8000,-3.6804,-3.6691,3.6804,3.6930,0.0000,-0.0015,0.0000,-0.0000,-0.1281,0.0004,0.8001,0.9475
1791282156.5636,0.0208,0.5314,0.0000,0.8000,-3.6804,-3.6451,3.6804,3.6691,0.0000,-0.0015,0.0000,-0.0000,-0.1119,0.0004,0.7949,0.9638
1791282156.5822,0.0186,0.8857,0.0000,0.8000,-3.6804,-3.6691,3.6804,3.6451,0.0000,-0.0031,0.0000,0.0015,-0.0956,-0.0004,0.7950,0.9798
1791282156.6022,0.0201,0.5420,0.0000,0.8000,-3.6804,-3.6691,3.6804,3.6451,0.0000,-0.0015,0.0000,-0.0000,-0.0795,-0.0004,0.7950,0.9960
1791282156.6226,0.0203,0.8472,0.0000,0.8000,-3.6804,-3.6691,3.6804,3.6451,0.0000,-0.0015,0.0000,-0.0000,-0.0637,-0.0004,0.7950,1.0118
1791282156.6422,0.0196,0.5554,0.0000,0.8000,-3.6804,-3.6451,3.6804,3.6451,0.0000,-0.0015,0.0000,0.0015,-0.0482,0.0000,0.7925,1.0278
1791282156.6623,0.0201,0.4683,0.0000,0.8000,-3.6804,-3.6451,3.6804,3.6691,0.0000,-0.0015,0.0000,-0.0000,-0.0319,0.0004,0.7949,1.0438
1791282156.6821,0.0198,0.7713,0.0000,0.8000,-3.6804,-3.6451,3.6804,3.6691,0.0000,-0.0015,0.0000,-0.0000,-0.0151,0.0004,0.7949,1.0600
1791282156.7021,0.0200,0.4079,0.0000,0.8000,-3.6804,-3.6451,3.6804,3.6691,0.0000,-0.0015,0.0000,-0.0000,0.0010,0.0004,0.7949,1.0765
1791282156.7232,0.0212,0.2788,0.0000,0.8000,-3.6804,-3.6691,3.6804,3.6691,0.0000,-0.0015,0.0000,0.0015,0.0167,0.0000,0.7976,1.0920
1791282156.7431,0.0198,0.3885,0.0000,0.8000,-3.6804,-3.6691,3.6804,3.6451,0.0000,-0.0015,0.0000,-0.0000,0.0323,-0.0004,0.7950,1.1080
1791282156.7621,0.0190,0.4475,0.0000,0.8000,-3.6804,-3.6211,3.6804,3.6451,0.0000,-0.0015,0.0000,-0.0000,0.0481,0.0004,0.7898,1.1240
1791282156.7822,0.0202,0.8489,0.0000,0.8000,-3.6804,-3.6211,3.6804,3.6691,0.0000,-0.0015,0.0000,-0.0000,0.0648,0.0008,0.7923,1.1400
1791282156.8028,0.0205,0.3908,0.0000,0.8000,-3.6804,-3.6691,3.6804,3.6691,0.0000,-0.0015,0.0000,0.0015,0.0813,0.0000,0.7976,1.1562
1791282156.8230,0.0203,0.2733,0.0000,0.8000,-3.6804,-3.6691,3.6804,3.6691,0.0000,-0.0015,0.0000,-0.0000,0.0972,0.0000,0.7976,1.1724
1791282156.8425,0.0195,1.3045,0.0000,0.8000,-3.6804,-3.6691,3.6804,3.6691,0.0000,-0.0015,0.0000,-0.0000,0.1052,0.0000,0.7976,1.1802
1791282156.8622,0.0197,0.5324,0.0000,0.8000,-3.6804,-3.6451,3.6804,3.6451,0.0000,-0.0015,0.0000,0.0015,0.1212,0.0000,0.7925,1.1962
1791282156.8838,0.0216,0.5649,0.0000,0.8000,-3.6804,-3.6211,3.6804,3.6691,0.0000,-0.0015,0.0000,-0.0000,0.1454,0.0008,0.7923,1.2202
1791282156.9021,0.0183,0.3956,0.0000,0.8000,-3.6804,-3.6211,3.6804,3.6691,0.0000,-0.0015,0.0000,-0.0000,0.1533,0.0008,0.7923,1.2284
1791282156.9224,0.0203,0.3326,0.0000,0.8000,-3.6804,-3.6451,3.6804,3.6211,0.0000,-0.0015,0.0000,-0.0000,0.1691,-0.0004,0.7899,1.2442
1791282156.9426,0.0203,0.4302,0.0000,0.8000,-3.6804,-3.6451,3.6804,3.6211,0.0000,-0.0015,0.0000,-0.0000,0.1853,-0.0004,0.7899,1.2606
1791282156.9626,0.0200,0.5132,0.0000,0.8000,-3.6804,-3.6451,3.6804,3.6451,0.0000,-0.0015,0.0000,-0.0000,0.2014,0.0000,0.7925,1.2769
1791282156.9838,0.0212,1.0592,0.0000,0.8000,-3.6804,-3.6211,3.6804,3.6691,0.0000,-0.0015,0.0000,-0.0000,0.2178,0.0008,0.7923,1.2933
1791282157.0021,0.0182,0.3892,0.0000,0.8000,-3.6804,-3.6211,3.6804,3.6691,0.0000,-0.0015,0.0000,-0.0000,0.2343,0.0008,0.7923,1.3094
1791282157.0224,0.0203,0.3313,0.0000,0.8000,-3.6804,-3.6451,3.6804,3.6451,0.0000,-0.0015,0.0000,-0.0000,0.2502,0.0000,0.7925,1.3258
1791282157.0423,0.0199,0.9828,0.0000,0.8000,-3.6804,-3.6451,3.6804,3.5971,0.0000,-0.0015,0.0000,-0.0000,0.2663,-0.0008,0.7873,1.3421
1791282157.0637,0.0214,0.9857,0.0000,0.8000,-3.6804,-3.6211,3.6804,3.6211,0.0000,-0.0015,0.0000,-0.0000,0.2825,0.0000,0.7874,1.3585
1791282157.0822,0.0185,0.4354,0.0000,0.8000,-3.6804,-3.5971,3.6804,3.6451,0.0000,-0.0015,0.0000,0.0015,0.2983,0.0008,0.7872,1.3745
1791282157.1020,0.0199,0.4062,0.0000,0.8000,-3.6804,-3.6211,3.6804,3.6211,0.0000,-0.0015,0.0000,-0.0000,0.3149,0.0000,0.7874,1.3911
1791282157.1224,0.0203,0.4253,0.0000,0.8000,-3.6804,-3.6451,3.6804,3.6451,0.0000,-0.0031,0.0000,-0.0000,0.3316,0.0000,0.7925,1.4075
1791282157.1426,0.0202,1.1256,0.0000,0.8000,-3.6804,-3.6691,3.6804,3.6451,0.0000,-0.0015,0.0000,-0.0000,0.3482,-0.0004,0.7950,1.4238
1791282157.1627,0.0201,0.8552,0.0000,0.8000,-3.6804,-3.6691,3.6804,3.6451,0.0000,-0.0015,0.0000,-0.0000,0.3643,-0.0004,0.7950,1.4405
1791282157.1824,0.0197,2.9514,0.0000,0.8000,-3.6804,-3.6691,3.6804,3.6451,0.0000,-0.0015,0.0000,-0.0000,0.3803,-0.0004,0.7950,1.4572
1791282157.2034,0.0211,0.7873,0.0000,0.8000,-3.6804,-3.6211,3.6804,3.6451,0.0000,-0.0015,0.0000,-0.0000,0.3969,0.0004,0.7898,1.4733
1791282157.2224,0.0190,0.3175,0.0000,0.8000,-3.6804,-3.6211,3.6804,3.6691,0.0000,-0.0015,0.0000,-0.0000,0.4133,0.0008,0.7923,1.4902
1791282157.2421,0.0196,0.4152,0.0000,0.8000,-3.6804,-3.6691,3.6804,3.6691,0.0000,-0.0015,0.0000,0.0015,0.4292,0.0000,0.7976,1.5069
1791282157.2627,0.0206,0.4264,0.0000,0.8000,-3.6804,-3.6930,3.6804,3.6451,0.0000,-0.0015,0.0000,-0.0000,0.4451,-0.0008,0.7975,1.5239
1791282157.2828,0.0201,0.4242,0.0000,0.8000,-3.6804,-3.6930,3.6804,3.6691,0.0000,-0.0015,0.0000,-0.0000,0.4607,-0.0004,0.8002,1.5400
1791282157.3021,0.0193,3.4206,0.0000,0.8000,-3.6804,-3.6451,3.6804,3.6691,0.0000,-0.0015,0.0000,-0.0000,0.4758,0.0004,0.7949,1.5565
1791282157.3224,0.0203,0.3383,0.0000,0.8000,-3.6804,-3.6451,3.6804,3.6691,0.0000,-0.0015,0.0000,-0.0000,0.4917,0.0004,0.7949,1.5730
1791282157.3421,0.0197,2.8732,0.0000,0.8000,-3.6804,-3.6691,3.6804,3.6691,0.0000,-0.0015,0.0000,-0.0000,0.5078,0.0000,0.7976,1.5897
1791282157.3621,0.0201,0.4196,0.0000,0.8000,-3.6804,-3.6930,3.6804,3.6451,0.0000,-0.0015,0.0000,-0.0000,0.5157,-0.0008,0.7975,1.5977
1791282157.3823,0.0202,0.9980,0.0000,0.8000,-3.6804,-3.6930,3.6804,3.6451,0.0000,-0.0015,0.0000,-0.0000,0.5310,-0.0008,0.7975,1.6144
1791282157.4027,0.0204,1.3671,0.0000,0.7388,-3.3933,-3.6691,3.3933,3.6451,0.0000,-0.0015,0.0000,-0.0000,0.5544,-0.0004,0.7950,1.6391
1791282157.4246,0.0219,0.3299,0.0000,0.6732,-3.0861,-3.6451,3.0861,3.6451,0.0000,-0.0015,0.0000,-0.0000,0.5705,0.0000,0.7925,1.6554
1791282157.4422,0.0176,0.5189,0.0088,0.6204,-2.5811,-3.6691,3.1142,3.6691,-0.0368,-0.0015,0.0368,-0.0000,0.5787,0.0000,0.7976,1.6636
1791282157.4647,0.0225,1.4294,0.0201,0.5528,-1.9343,-3.6451,3.1503,3.6451,-0.0840,-0.0015,0.0659,-0.0000,0.6023,0.0000,0.7925,1.6874
1791282157.4822,0.0175,0.7408,0.0288,0.5002,-1.4312,-3.5971,3.1783,3.5731,-0.0985,-0.0031,0.0659,0.0015,0.6098,-0.0004,0.7797,1.6949
1791282157.5027,0.0205,0.4042,0.0325,0.4387,-1.0371,-3.3573,3.0062,3.4532,-0.0985,-0.0123,0.0659,0.0123,0.6237,0.0016,0.7411,1.7091
1791282157.5225,0.0197,0.3740,0.0325,0.3795,-0.7631,-3.0216,2.7322,3.2854,-0.0985,-0.0291,0.0659,0.0276,0.6368,0.0044,0.6868,1.7220
1791282157.5427,0.0202,1.2139,0.0325,0.3189,-0.4840,-2.5899,2.4530,3.2374,-0.0985,-0.0506,0.0659,0.0399,0.6487,0.0107,0.6342,1.7333
1791282157.5621,0.0194,3.0929,0.0325,0.2606,-0.2156,-2.1103,2.1847,3.1894,-0.0985,-0.0706,0.0659,0.0476,0.6591,0.0178,0.5763,1.7437
1791282157.5830,0.0209,0.9803,0.0325,0.1978,0.0737,-1.6787,1.8954,3.0456,-0.0985,-0.0813,0.0659,0.0552,0.6684,0.0226,0.5136,1.7527
1791282157.6024,0.0194,0.6471,0.0325,0.1396,0.3414,-1.2710,1.6276,2.8777,-0.0985,-0.0890,0.0659,0.0583,0.6769,0.0265,0.4510,1.7607
1791282157.6230,0.0206,0.2963,0.0325,0.0779,0.6256,-0.9353,1.3435,2.6859,-0.0985,-0.0936,0.0659,0.0614,0.6841,0.0289,0.3937,1.7674
1791282157.6421,0.0191,0.4047,0.0325,0.0206,0.8895,-0.6235,1.0796,2.4700,-0.0985,-0.0951,0.0659,0.0629,0.6900,0.0305,0.3361,1.7725
1791282157.6623,0.0203,1.4027,0.0325,-0.0401,1.1783,-0.3118,0.7907,2.1823,-0.0985,-0.0966,0.0659,0.0644,0.6950,0.0309,0.2709,1.7767
1791282157.6821,0.0197,0.4243,0.0325,-0.0775,1.3589,0.0000,0.6102,1.9424,-0.0985,-0.0966,0.0659,0.0644,0.6986,0.0321,0.2109,1.7795
1791282157.7021,0.0200,0.4039,0.0309,-0.1328,1.5761,0.2398,0.2941,1.6787,-0.1404,-0.0966,0.0253,0.0644,0.7010,0.0317,0.1563,1.7813
1791282157.7224,0.0203,0.4178,0.0309,-0.1328,1.5761,0.4556,0.2941,1.4149,-0.1676,-0.0966,0.0253,0.0644,0.7025,0.0309,0.1042,1.7824
1791282157.7429,0.0205,0.4384,0.0309,-0.1328,1.5761,0.6475,0.2941,1.1271,-0.1676,-0.0966,0.0253,0.0614,0.7031,0.0293,0.0521,1.7820
1791282157.7624,0.0195,0.5317,0.0309,-0.1328,1.5761,1.0072,0.2941,0.8873,-0.1676,-0.1089,0.0253,0.0552,0.7021,0.0313,-0.0124,1.7804
1791282157.7825,0.0200,1.6359,0.0309,-0.1328,1.5761,1.2470,0.2941,0.6954,-0.1676,-0.1319,0.0253,0.0399,0.7006,0.0321,-0.0571,1.7785
1791282157.8028,0.0203,0.6337,0.0309,-0.1328,1.5761,1.3669,0.2941,0.5276,-0.1676,-0.1473,0.0253,0.0322,0.6986,0.0313,-0.0869,1.7763
1791282157.8229,0.0202,0.2723,0.0309,-0.1328,1.5761,1.4388,0.2941,0.4556,-0.1676,-0.1549,0.0253,0.0307,0.6966,0.0313,-0.1018,1.7741
1791282157.8421,0.0192,0.4020,0.0309,-0.1328,1.5761,1.4868,0.2941,0.4077,-0.1676,-0.1611,0.0253,0.0276,0.6943,0.0313,-0.1118,1.7715
1791282157.8621,0.0200,0.4297,0.0309,-0.1328,1.5761,1.5108,0.2941,0.3597,-0.1676,-0.1626,0.0253,0.0261,0.6918,0.0309,-0.1193,1.7688
1791282157.8822,0.0201,0.5340,0.0309,-0.1328,1.5761,1.5108,0.2941,0.3597,-0.1676,-0.1626,0.0253,0.0261,0.6904,0.0309,-0.1193,1.7676
1791282157.9020,0.0198,0.3297,0.0309,-0.1328,1.5761,1.5348,0.2941,0.3357,-0.1676,-0.1641,0.0253,0.0261,0.6877,0.0309,-0.1242,1.7650
1791282157.9230,0.0209,0.2803,0.0309,-0.1328,1.5761,1.5348,0.2941,0.3118,-0.1676,-0.1641,0.0253,0.0245,0.6849,0.0305,-0.1267,1.7625
1791282157.9421,0.0191,0.4464,0.0309,-0.1328,1.5761,1.5348,0.2941,0.3118,-0.1676,-0.1657,0.0253,0.0261,0.6822,0.0305,-0.1267,1.7594
1791282157.9621,0.0201,1.5823,0.0309,-0.1328,1.5761,1.5588,0.2941,0.2878,-0.1676,-0.1672,0.0253,0.0261,0.6793,0.0305,-0.1317,1.7571
1791282157.9838,0.0217,0.6257,0.0200,-0.1979,1.5564,1.5588,-0.3436,0.3118,-0.2131,-0.1672,0.0521,0.0261,0.6765,0.0309,-0.1292,1.7544
1791282158.0021,0.0183,0.4573,0.0109,-0.2527,1.5372,1.5348,-0.8781,0.3118,-0.2208,-0.1672,0.0521,0.0261,0.6737,0.0305,-0.1267,1.7518
1791282158.0232,0.0210,0.2645,0.0004,-0.3159,1.5122,1.5588,-1.4907,0.3118,-0.2208,-0.1672,0.0521,0.0261,0.6708,0.0309,-0.1292,1.7493
1791282158.0427,0.0196,1.0749,0.0000,-0.3650,1.7349,1.5827,-1.7349,0.2878,-0.2208,-0.1733,0.0521,0.0307,0.6679,0.0309,-0.1342,1.7461
1791282158.0637,0.0210,0.4714,0.0000,-0.3650,1.7349,1.5827,-1.7349,0.0480,-0.2208,-0.1887,0.0521,0.0368,0.6643,0.0269,-0.1593,1.7415
1791282158.0827,0.0190,2.0500,0.0000,-0.3650,1.7349,1.5588,-1.7349,-0.4077,-0.2208,-0.2040,0.0521,0.0414,0.6594,0.0190,-0.2049,1.7360
1791282158.1021,0.0194,2.8485,0.0000,-0.3650,1.7349,1.6067,-1.7349,-0.8633,-0.2208,-0.2117,0.0521,0.0445,0.6531,0.0123,-0.2583,1.7293
1791282158.1253,0.0233,2.3355,0.0000,-0.3650,1.7349,1.6307,-1.7349,-1.1990,-0.2208,-0.2148,0.0521,0.0460,0.6462,0.0071,-0.2967,1.7230
1791282158.1422,0.0169,0.5873,0.0000,-0.3650,1.7349,1.6547,-1.7349,-1.4149,-0.2208,-0.2148,0.0521,0.0506,0.6391,0.0040,-0.3223,1.7158
1791282158.1647,0.0224,2.9219,0.0000,-0.3650,1.7349,1.6547,-1.7349,-1.5348,-0.2208,-0.2163,0.0521,0.0506,0.6320,0.0020,-0.3352,1.7089
1791282158.1821,0.0174,1.7816,0.0000,-0.3650,1.7349,1.6547,-1.7349,-1.6067,-0.2208,-0.2178,0.0521,0.0506,0.6246,0.0008,-0.3430,1.7018
1791282158.2047,0.0226,0.7944,0.0000,-0.3679,1.7483,1.6787,-1.7483,-1.6307,-0.2225,-0.2194,0.0563,0.0476,0.6169,0.0008,-0.3480,1.6943
1791282158.2229,0.0181,0.3737,0.0000,-0.3679,1.7483,1.7026,-1.7483,-1.6547,-0.2225,-0.2194,0.0563,0.0476,0.6094,0.0008,-0.3531,1.6872
1791282158.2423,0.0194,0.9405,0.0000,-0.3679,1.7483,1.7266,-1.7483,-1.6787,-0.2225,-0.2194,0.0563,0.0506,0.6020,0.0008,-0.3581,1.6795
1791282158.2647,0.0224,0.5389,0.0000,-0.3679,1.7483,1.7266,-1.7483,-1.7026,-0.2225,-0.2209,0.0563,0.0537,0.5947,0.0004,-0.3607,1.6721
1791282158.2821,0.0174,0.4155,0.0000,-0.3679,1.7483,1.7266,-1.7483,-1.7266,-0.2225,-0.2209,0.0563,0.0537,0.5872,0.0000,-0.3633,1.6645
1791282158.3020,0.0200,0.4404,0.0000,-0.3679,1.7483,1.7266,-1.7483,-1.7266,-0.2225,-0.2209,0.0563,0.0552,0.5797,0.0000,-0.3633,1.6572
1791282158.3228,0.0207,0.3391,0.0000,-0.3679,1.7483,1.7266,-1.7483,-1.7266,-0.2225,-0.2209,0.0563,0.0552,0.5718,0.0000,-0.3633,1.6496
1791282158.3424,0.0196,1.4070,0.0000,-0.3679,1.7483,1.7506,-1.7483,-1.7506,-0.2225,-0.2209,0.0563,0.0552,0.5637,0.0000,-0.3683,1.6417
1791282158.3627,0.0203,0.4382,0.0000,-0.3679,1.7483,1.7506,-1.7483,-1.7506,-0.2225,-0.2209,0.0563,0.0537,0.5559,0.0000,-0.3683,1.6341
1791282158.3821,0.0194,2.7718,0.0000,-0.3679,1.7483,1.7266,-1.7483,-1.7506,-0.2225,-0.2209,0.0563,0.0552,0.5483,-0.0004,-0.3658,1.6269
1791282158.4021,0.0200,0.7327,0.0000,-0.3679,1.7483,1.7026,-1.7483,-1.7506,-0.2225,-0.2209,0.0563,0.0552,0.5444,-0.0008,-0.3632,1.6229
1791282158.4224,0.0203,0.3723,0.0000,-0.3679,1.7483,1.7026,-1.7483,-1.7266,-0.2225,-0.2209,0.0563,0.0552,0.5367,-0.0004,-0.3607,1.6154
1791282158.4420,0.0196,0.6686,0.0000,-0.3679,1.7483,1.7266,-1.7483,-1.7266,-0.2225,-0.2194,0.0563,0.0552,0.5290,0.0000,-0.3633,1.6079
1791282158.4629,0.0208,6.1838,0.0000,-0.3679,1.7483,1.7266,-1.7483,-1.7026,-0.2225,-0.2209,0.0563,0.0552,0.5216,0.0004,-0.3607,1.6004
1791282158.4824,0.0196,0.4870,0.0000,-0.3415,1.6230,1.7506,-1.6230,-1.7026,-0.2067,-0.2209,0.0577,0.0552,0.5141,0.0008,-0.3631,1.5927
1791282158.5022,0.0198,0.5703,0.0000,-0.3415,1.6230,1.7266,-1.6230,-1.7026,-0.2067,-0.2209,0.0577,0.0537,0.5065,0.0004,-0.3607,1.5851
1791282158.5236,0.0215,0.3215,0.0000,-0.3415,1.6230,1.7506,-1.6230,-1.7266,-0.2067,-0.2209,0.0577,0.0552,0.4985,0.0004,-0.3657,1.5775
1791282158.5421,0.0185,0.8819,0.0000,-0.3415,1.6230,1.7506,-1.6230,-1.7266,-0.2067,-0.2178,0.0577,0.0552,0.4907,0.0004,-0.3657,1.5704
1791282158.5623,0.0202,0.5801,0.0000,-0.3415,1.6230,1.6787,-1.6230,-1.7026,-0.2067,-0.2148,0.0577,0.0552,0.4834,-0.0004,-0.3557,1.5632
1791282158.5824,0.0201,1.5533,0.0000,-0.3415,1.6230,1.6307,-1.6230,-1.6787,-0.2067,-0.2117,0.0577,0.0552,0.4762,-0.0008,-0.3481,1.5557
1791282158.6021,0.0197,0.3910,0.0000,-0.3415,1.6230,1.6067,-1.6230,-1.6547,-0.2067,-0.2102,0.0577,0.0568,0.4689,-0.0008,-0.3431,1.5488
1791282158.6233,0.0212,0.6661,0.0000,-0.3415,1.6230,1.6067,-1.6230,-1.6307,-0.2067,-0.2086,0.0577,0.0568,0.4614,-0.0004,-0.3406,1.5419
1791282158.6428,0.0195,0.4840,0.0000,-0.3415,1.6230,1.6067,-1.6230,-1.6307,-0.2067,-0.2086,0.0577,0.0568,0.4538,-0.0004,-0.3406,1.5341
1791282158.6638,0.0210,0.4757,0.0000,-0.3415,1.6230,1.6307,-1.6230,-1.6307,-0.2067,-0.2086,0.0577,0.0568,0.4461,0.0000,-0.3431,1.5272
1791282158.6821,0.0183,3.2770,0.0000,-0.3415,1.6230,1.6547,-1.6230,-1.6067,-0.2067,-0.2086,0.0577,0.0568,0.4386,0.0008,-0.3430,1.5201
1791282158.7021,0.0200,0.6056,0.0000,-0.3415,1.6230,1.6547,-1.6230,-1.6067,-0.2067,-0.2086,0.0577,0.0568,0.4314,0.0008,-0.3430,1.5131
1791282158.7260,0.0239,0.2812,0.0000,-0.3415,1.6230,1.6307,-1.6230,-1.6067,-0.2067,-0.2086,0.0577,0.0568,0.4243,0.0004,-0.3405,1.5062
1791282158.7423,0.0164,1.3370,0.0000,-0.3415,1.6230,1.6067,-1.6230,-1.6067,-0.2067,-0.2086,0.0577,0.0568,0.4171,0.0000,-0.3381,1.4989
1791282158.7622,0.0199,0.8558,0.0000,-0.3415,1.6230,1.6307,-1.6230,-1.6067,-0.2067,-0.2086,0.0577,0.0568,0.4098,0.0004,-0.3405,1.4918
1791282158.7822,0.0199,1.1872,0.0000,-0.4013,1.9072,1.6307,-1.9072,-1.6067,-0.2484,-0.2086,0.0485,0.0568,0.4025,0.0004,-0.3405,1.4849
1791282158.8022,0.0200,1.1157,0.0000,-0.4196,1.9945,1.6067,-1.9945,-1.6307,-0.2536,-0.2086,0.0485,0.0568,0.3949,-0.0004,-0.3406,1.4776
1791282158.8242,0.0220,4.4719,0.0000,-0.4196,1.9945,1.6307,-1.9945,-1.6307,-0.2536,-0.2086,0.0485,0.0552,0.3871,0.0000,-0.3431,1.4702
1791282158.8422,0.0180,0.7203,0.0000,-0.4196,1.9945,1.6787,-1.9945,-1.6787,-0.2536,-0.2178,0.0485,0.0522,0.3791,0.0000,-0.3532,1.4626
1791282158.8621,0.0199,0.5429,0.0000,-0.4196,1.9945,1.7506,-1.9945,-1.7506,-0.2536,-0.2316,0.0485,0.0506,0.3710,0.0000,-0.3683,1.4546
1791282158.8821,0.0200,3.1354,0.0000,-0.4196,1.9945,1.8225,-1.9945,-1.8465,-0.2536,-0.2439,0.0485,0.0506,0.3622,-0.0004,-0.3860,1.4462
1791282158.9020,0.0199,0.3798,0.0000,-0.4196,1.9945,1.8945,-1.9945,-1.8945,-0.2536,-0.2485,0.0485,0.0506,0.3536,0.0000,-0.3986,1.4378
1791282158.9238,0.0217,0.2661,0.0000,-0.4196,1.9945,1.9424,-1.9945,-1.9185,-0.2536,-0.2485,0.0485,0.0506,0.3453,0.0004,-0.4061,1.4292
1791282158.9421,0.0183,0.6178,0.0000,-0.4196,1.9945,1.9424,-1.9945,-1.9185,-0.2536,-0.2485,0.0485,0.0506,0.3410,0.0004,-0.4061,1.4250
1791282158.9621,0.0200,0.6735,0.0000,-0.4196,1.9945,1.9424,-1.9945,-1.9185,-0.2536,-0.2485,0.0485,0.0506,0.3324,0.0004,-0.4061,1.4162
1791282158.9821,0.0200,3.5496,0.0000,-0.4196,1.9945,1.9664,-1.9945,-1.9424,-0.2536,-0.2500,0.0485,0.0506,0.3236,0.0004,-0.4111,1.4076
1791282159.0022,0.0201,0.4687,0.0000,-0.4196,1.9945,1.9904,-1.9945,-1.9664,-0.2536,-0.2516,0.0485,0.0506,0.3148,0.0004,-0.4162,1.3991
1791282159.0224,0.0202,0.3506,0.0000,-0.4196,1.9945,1.9664,-1.9945,-1.9904,-0.2536,-0.2516,0.0485,0.0506,0.3058,-0.0004,-0.4162,1.3902
1791282159.0422,0.0198,0.5838,0.0000,-0.4196,1.9945,1.9664,-1.9945,-1.9904,-0.2536,-0.2516,0.0485,0.0506,0.2969,-0.0004,-0.4162,1.3816
1791282159.0638,0.0216,0.4965,0.0000,-0.4196,1.9945,1.9904,-1.9945,-1.9904,-0.2536,-0.2516,0.0485,0.0506,0.2880,0.0000,-0.4188,1.3731
1791282159.0821,0.0183,0.4279,0.0091,-0.3648,2.0186,1.9904,-1.4647,-1.9664,-0.2919,-0.2516,0.0868,0.0506,0.2790,0.0004,-0.4162,1.3644
1791282159.1020,0.0200,0.4763,0.0178,-0.3123,2.0360,1.9904,-0.9586,-1.9664,-0.3337,-0.2516,0.1068,0.0506,0.2703,0.0004,-0.4162,1.3558
1791282159.1250,0.0230,0.8426,0.0178,-0.3123,2.0360,2.0144,-0.9586,-1.9664,-0.3818,-0.2531,0.1068,0.0522,0.2620,0.0008,-0.4186,1.3476
1791282159.1421,0.0170,0.4176,0.0178,-0.3123,2.0360,1.9904,-0.9586,-1.8465,-0.3919,-0.2669,0.1068,0.0644,0.2538,0.0024,-0.4032,1.3397
1791282159.1627,0.0207,0.4027,0.0178,-0.3123,2.0360,1.9904,-0.9586,-1.6307,-0.3919,-0.2884,0.1068,0.0782,0.2458,0.0059,-0.3798,1.3324
1791282159.1821,0.0194,0.5800,0.0178,-0.3123,2.0360,2.0144,-0.9586,-1.3909,-0.3919,-0.3129,0.1068,0.0890,0.2385,0.0103,-0.3564,1.3254
1791282159.2021,0.0200,0.4510,0.0178,-0.3123,2.0360,2.0384,-0.9586,-1.2470,-0.3919,-0.3390,0.1068,0.0951,0.2314,0.0131,-0.3434,1.3190
1791282159.2224,0.0203,0.3624,0.0178,-0.3123,2.0360,1.9904,-0.9586,-1.1751,-0.3919,-0.3590,0.1068,0.0997,0.2243,0.0135,-0.3308,1.3122
1791282159.2421,0.0198,0.8639,0.0178,-0.3123,2.0360,1.9904,-0.9586,-1.0791,-0.3919,-0.3712,0.1068,0.1028,0.2177,0.0150,-0.3205,1.3058
1791282159.2622,0.0200,0.5724,0.0178,-0.3123,2.0360,2.0144,-0.9586,-1.0072,-0.3919,-0.3789,0.1068,0.1043,0.2111,0.0166,-0.3153,1.2994
1791282159.2822,0.0200,0.8649,0.0078,-0.3722,2.0118,1.9904,-1.5402,-0.9832,-0.3925,-0.3835,0.1099,0.1058,0.2044,0.0166,-0.3103,1.2930
1791282159.3021,0.0199,0.4157,0.0000,-0.4320,2.0531,2.0144,-2.0531,-0.9832,-0.3925,-0.3866,0.1099,0.1058,0.1979,0.0170,-0.3127,1.2868
1791282159.3224,0.0203,0.4385,0.0000,-0.4928,2.3425,2.0384,-2.3425,-0.9592,-0.3925,-0.3896,0.1099,0.1058,0.1910,0.0178,-0.3126,1.2801
1791282159.3428,0.0204,1.7078,0.0000,-0.5540,2.6336,2.0624,-2.6336,-1.0552,-0.3925,-0.3912,0.1099,0.1074,0.1839,0.0166,-0.3253,1.2729
1791282159.3623,0.0196,0.4965,0.0000,-0.6128,2.9132,2.0624,-2.9132,-1.2710,-0.3925,-0.3912,0.1099,0.1089,0.1762,0.0131,-0.3484,1.2650
1791282159.3837,0.0213,1.3438,0.0000,-0.6509,3.0943,2.1343,-3.0943,-1.5827,-0.3925,-0.3912,0.1099,0.1089,0.1677,0.0091,-0.3893,1.2560
1791282159.4021,0.0184,0.5115,0.0000,-0.6509,3.0943,2.2302,-3.0943,-1.8945,-0.3925,-0.3912,0.1099,0.1089,0.1582,0.0055,-0.4328,1.2460
1791282159.4240,0.0219,0.3277,0.0000,-0.6509,3.0943,2.3981,-3.0943,-2.1823,-0.3925,-0.3912,0.1099,0.1089,0.1476,0.0036,-0.4810,1.2346
1791282159.4424,0.0184,1.1462,0.0000,-0.6509,3.0943,2.6139,-3.0943,-2.4700,-0.3925,-0.3912,0.1099,0.1089,0.1356,0.0024,-0.5342,1.2230
1791282159.4624,0.0200,0.5242,0.0000,-0.6509,3.0943,2.7818,-3.0943,-2.7098,-0.3925,-0.3912,0.1099,0.1089,0.1230,0.0012,-0.5773,1.2106
1791282159.4823,0.0198,0.7335,0.0000,-0.6509,3.0943,2.9017,-3.0943,-2.8777,-0.3925,-0.3912,0.1099,0.1089,0.1102,0.0004,-0.6078,1.1975
1791282159.5020,0.0198,0.4000,0.0000,-0.6509,3.0943,2.9496,-3.0943,-2.9496,-0.3925,-0.3912,0.1099,0.1089,0.1037,0.0000,-0.6205,1.1909
1791282159.5249,0.0228,0.2891,0.0000,-0.6509,3.0943,3.0456,-3.0943,-3.0216,-0.3925,-0.3912,0.1099,0.1074,0.0841,0.0004,-0.6380,1.1712
1791282159.5427,0.0178,0.4146,0.0000,-0.6509,3.0943,3.0695,-3.0943,-3.0216,-0.3925,-0.3912,0.1099,0.1089,0.0777,0.0008,-0.6404,1.1648
1791282159.5621,0.0194,0.8775,0.0000,-0.6509,3.0943,3.0695,-3.0943,-3.0456,-0.3925,-0.3912,0.1099,0.1074,0.0646,0.0004,-0.6431,1.1518
1791282159.5822,0.0200,0.9299,-0.0100,-0.5907,2.5072,3.0695,-3.1147,-3.0456,-0.3505,-0.3912,0.1257,0.1089,0.0508,0.0004,-0.6431,1.1388
1791282159.6022,0.0200,1.2256,-0.0168,-0.5308,2.0209,3.0935,-3.0362,-3.0695,-0.3234,-0.3912,0.1257,0.1089,0.0371,0.0004,-0.6481,1.1256
1791282159.6243,0.0221,0.3930,-0.0168,-0.4644,1.7056,3.0695,-2.7209,-3.0935,-0.3234,-0.3896,0.1257,0.1089,0.0234,-0.0004,-0.6482,1.1122
1791282159.6422,0.0179,0.8248,-0.0168,-0.4107,1.4506,2.9976,-2.4660,-3.1175,-0.3234,-0.3804,0.1257,0.1150,0.0099,-0.0020,-0.6431,1.0999
1791282159.6621,0.0199,0.6022,-0.0168,-0.3510,1.1658,2.7338,-2.1811,-3.1175,-0.3234,-0.3620,0.1257,0.1197,-0.0020,-0.0063,-0.6151,1.0883
1791282159.6821,0.0200,0.4591,-0.0168,-0.2909,0.8794,2.4460,-1.8948,-3.0456,-0.3234,-0.3436,0.1257,0.1212,-0.0128,-0.0099,-0.5770,1.0775
1791282159.7023,0.0202,0.4563,-0.0168,-0.2575,0.7200,2.1343,-1.7353,-2.8777,-0.3234,-0.3344,0.1257,0.1227,-0.0235,-0.0123,-0.5264,1.0681
1791282159.7224,0.0201,3.3460,-0.0168,-0.2575,0.7200,1.8225,-1.7353,-2.6859,-0.3234,-0.3313,0.1257,0.1243,-0.0324,-0.0142,-0.4732,1.0599
1791282159.7420,0.0197,1.3103,-0.0168,-0.2575,0.7200,1.5108,-1.7353,-2.4700,-0.3234,-0.3298,0.1257,0.1243,-0.0401,-0.0158,-0.4176,1.0527
1791282159.7623,0.0202,1.7076,-0.0168,-0.2575,0.7200,1.2230,-1.7353,-2.2542,-0.3234,-0.3283,0.1257,0.1243,-0.0467,-0.0170,-0.3646,1.0464
1791282159.7832,0.0210,1.4841,-0.0168,-0.2575,0.7200,1.0312,-1.7353,-2.0384,-0.3234,-0.3267,0.1257,0.1227,-0.0524,-0.0166,-0.3219,1.0406
1791282159.8024,0.0192,1.3746,-0.0168,-0.2575,0.7200,0.9113,-1.7353,-1.8945,-0.3234,-0.3252,0.1257,0.1243,-0.0575,-0.0162,-0.2942,1.0353
1791282159.8229,0.0205,0.3283,-0.0168,-0.2575,0.7200,0.8153,-1.7353,-1.7986,-0.3234,-0.3252,0.1257,0.1243,-0.0631,-0.0162,-0.2741,1.0297
1791282159.8421,0.0192,0.7384,-0.0222,-0.2371,0.4577,0.7914,-1.8060,-1.7746,-0.2980,-0.3252,0.1390,0.1243,-0.0685,-0.0162,-0.2691,1.0244
1791282159.8622,0.0201,0.5072,-0.0222,-0.2371,0.4577,0.7674,-1.8060,-1.7746,-0.2980,-0.3252,0.1390,0.1243,-0.0738,-0.0166,-0.2666,1.0189
1791282159.8829,0.0207,0.4229,-0.0222,-0.2371,0.4577,0.7434,-1.8060,-1.7506,-0.2980,-0.3237,0.1390,0.1258,-0.0787,-0.0166,-0.2615,1.0138
1791282159.9024,0.0195,2.0490,-0.0222,-0.2371,0.4577,0.6954,-1.8060,-1.7266,-0.2980,-0.3160,0.1390,0.1304,-0.0836,-0.0170,-0.2540,1.0088
1791282159.9230,0.0206,0.2810,-0.0222,-0.2371,0.4577,0.5995,-1.8060,-1.7266,-0.2980,-0.3083,0.1390,0.1335,-0.0884,-0.0186,-0.2438,1.0043
1791282159.9421,0.0191,0.5437,-0.0222,-0.2371,0.4577,0.5516,-1.8060,-1.7266,-0.2980,-0.3037,0.1390,0.1350,-0.0931,-0.0194,-0.2388,0.9993
1791282159.9621,0.0200,0.6559,-0.0222,-0.2371,0.4577,0.5036,-1.8060,-1.7746,-0.2980,-0.3022,0.1390,0.1365,-0.0980,-0.0210,-0.2387,0.9946
1791282159.9821,0.0200,0.4938,-0.0222,-0.2371,0.4577,0.4796,-1.8060,-1.7986,-0.2980,-0.2991,0.1390,0.1381,-0.1028,-0.0218,-0.2387,0.9897
1791282160.0020,0.0200,0.3723,-0.0222,-0.2371,0.4577,0.4796,-1.8060,-1.7746,-0.2980,-0.2991,0.1390,0.1381,-0.1074,-0.0214,-0.2362,0.9850
1791282160.0223,0.0203,0.2963,-0.0222,-0.2371,0.4577,0.4556,-1.8060,-1.7746,-0.2980,-0.2991,0.1390,0.1365,-0.1121,-0.0218,-0.2336,0.9802
1791282160.0421,0.0197,0.5852,-0.0222,-0.2371,0.4577,0.4556,-1.8060,-1.7746,-0.2980,-0.2991,0.1390,0.1381,-0.1168,-0.0218,-0.2336,0.9754
1791282160.0628,0.0207,1.0636,-0.0222,-0.2371,0.4577,0.4556,-1.8060,-1.7986,-0.2980,-0.2991,0.1390,0.1381,-0.1213,-0.0222,-0.2361,0.9707
1791282160.0821,0.0193,0.6385,-0.0222,-0.2371,0.4577,0.4556,-1.8060,-1.7986,-0.2980,-0.2991,0.1390,0.1381,-0.1235,-0.0222,-0.2361,0.9681
1791282160.1021,0.0200,0.9963,-0.0222,-0.2371,0.4577,0.4317,-1.8060,-1.7986,-0.2980,-0.2991,0.1390,0.1381,-0.1279,-0.0226,-0.2336,0.9635
1791282160.1226,0.0206,0.3217,-0.0222,-0.2371,0.4577,0.4317,-1.8060,-1.7746,-0.2980,-0.2991,0.1390,0.1381,-0.1324,-0.0222,-0.2311,0.9588
1791282160.1421,0.0195,0.5462,-0.0222,-0.2371,0.4577,0.4317,-1.8060,-1.7746,-0.2980,-0.2991,0.1390,0.1365,-0.1372,-0.0222,-0.2311,0.9541
1791282160.1621,0.0200,1.0842,-0.0222,-0.2371,0.4577,0.4556,-1.8060,-1.7746,-0.2980,-0.2991,0.1390,0.1381,-0.1421,-0.0218,-0.2336,0.9492
1791282160.1825,0.0204,5.9004,-0.0222,-0.2371,0.4577,0.4556,-1.8060,-1.7986,-0.2980,-0.2991,0.1390,0.1381,-0.1469,-0.0222,-0.2361,0.9442
1791282160.2022,0.0197,3.0601,-0.0174,-0.2274,0.5579,0.4556,-1.6106,-1.8225,-0.2858,-0.2991,0.1603,0.1381,-0.1514,-0.0226,-0.2386,0.9394
1791282160.2225,0.0203,3.4807,-0.0174,-0.2274,0.5579,0.4317,-1.6106,-1.7986,-0.2858,-0.3007,0.1603,0.1381,-0.1559,-0.0226,-0.2336,0.9347
1791282160.2420,0.0196,0.6161,-0.0174,-0.2274,0.5579,0.4317,-1.6106,-1.7746,-0.2858,-0.2991,0.1603,0.1381,-0.1603,-0.0222,-0.2311,0.9299
1791282160.2621,0.0200,0.7816,-0.0174,-0.2274,0.5579,0.4317,-1.6106,-1.7506,-0.2858,-0.2961,0.1603,0.1427,-0.1645,-0.0218,-0.2286,0.9252
1791282160.2821,0.0200,2.8934,-0.0174,-0.2274,0.5579,0.4556,-1.6106,-1.7026,-0.2858,-0.2915,0.1603,0.1503,-0.1687,-0.0206,-0.2262,0.9206
1791282160.3021,0.0200,0.4261,-0.0174,-0.2274,0.5579,0.4796,-1.6106,-1.6787,-0.2858,-0.2899,0.1603,0.1534,-0.1728,-0.0198,-0.2262,0.9161
1791282160.3226,0.0205,0.3761,-0.0174,-0.2274,0.5579,0.5036,-1.6106,-1.6307,-0.2858,-0.2884,0.1603,0.1565,-0.1772,-0.0186,-0.2237,0.9114
1791282160.3428,0.0203,0.4328,-0.0174,-0.2274,0.5579,0.5036,-1.6106,-1.6307,-0.2858,-0.2869,0.1603,0.1580,-0.1817,-0.0186,-0.2237,0.9067
1791282160.3626,0.0198,0.3667,-0.0174,-0.2274,0.5579,0.5276,-1.6106,-1.6067,-0.2858,-0.2869,0.1603,0.1595,-0.1859,-0.0178,-0.2238,0.9021
1791282160.3835,0.0209,3.2607,-0.0174,-0.2274,0.5579,0.5276,-1.6106,-1.6067,-0.2858,-0.2869,0.1603,0.1595,-0.1904,-0.0178,-0.2238,0.8976
1791282160.4026,0.0191,0.5099,-0.0174,-0.2274,0.5579,0.5276,-1.6106,-1.6067,-0.2858,-0.2869,0.1603,0.1580,-0.1951,-0.0178,-0.2238,0.8929
1791282160.4224,0.0197,0.3938,-0.0174,-0.2274,0.5579,0.5276,-1.6106,-1.6067,-0.2858,-0.2869,0.1603,0.1580,-0.1997,-0.0178,-0.2238,0.8882
1791282160.4424,0.0201,0.6096,-0.0174,-0.2274,0.5579,0.5516,-1.6106,-1.6307,-0.2858,-0.2869,0.1603,0.1595,-0.2044,-0.0178,-0.2288,0.8836
1791282160.4638,0.0213,0.9229,-0.0174,-0.2274,0.5579,0.5516,-1.6106,-1.6307,-0.2858,-0.2869,0.1603,0.1580,-0.2090,-0.0178,-0.2288,0.8791
1791282160.4824,0.0186,0.4537,-0.0169,-0.2297,0.5826,0.5276,-1.6082,-1.6067,-0.2887,-0.2884,0.1656,0.1595,-0.2134,-0.0178,-0.2238,0.8746
1791282160.5020,0.0197,0.5506,-0.0169,-0.2297,0.5826,0.5276,-1.6082,-1.5827,-0.2887,-0.2869,0.1656,0.1580,-0.2177,-0.0174,-0.2213,0.8701
1791282160.5263,0.0242,0.7386,-0.0169,-0.2297,0.5826,0.5516,-1.6082,-1.5588,-0.2887,-0.2869,0.1656,0.1595,-0.2220,-0.0166,-0.2213,0.8656
1791282160.5422,0.0159,0.6400,-0.0169,-0.2297,0.5826,0.5516,-1.6082,-1.5588,-0.2887,-0.2869,0.1656,0.1626,-0.2265,-0.0166,-0.2213,0.8609
1791282160.5622,0.0201,1.5797,-0.0169,-0.2297,0.5826,0.5755,-1.6082,-1.5827,-0.2887,-0.2869,0.1656,0.1641,-0.2309,-0.0166,-0.2263,0.8562
1791282160.5824,0.0202,2.2560,-0.0169,-0.2297,0.5826,0.5755,-1.6082,-1.5827,-0.2887,-0.2869,0.1656,0.1641,-0.2355,-0.0166,-0.2263,0.8512
1791282160.6027,0.0203,0.4205,-0.0169,-0.2297,0.5826,0.5516,-1.6082,-1.6067,-0.2887,-0.2869,0.1656,0.1641,-0.2403,-0.0174,-0.2263,0.8467
1791282160.6223,0.0197,2.5527,-0.0169,-0.2297,0.5826,0.5516,-1.6082,-1.6067,-0.2887,-0.2869,0.1656,0.1641,-0.2451,-0.0174,-0.2263,0.8419
1791282160.6421,0.0197,2.0545,-0.0169,-0.2297,0.5826,0.5755,-1.6082,-1.6067,-0.2887,-0.2869,0.1656,0.1641,-0.2475,-0.0170,-0.2288,0.8395
1791282160.6621,0.0201,1.5805,-0.0169,-0.2297,0.5826,0.5755,-1.6082,-1.6307,-0.2887,-0.2869,0.1656,0.1641,-0.2523,-0.0174,-0.2313,0.8348
1791282160.6823,0.0201,1.2376,-0.0169,-0.2297,0.5826,0.5755,-1.6082,-1.6307,-0.2887,-0.2869,0.1656,0.1641,-0.2570,-0.0174,-0.2313,0.8302
1791282160.7020,0.0197,0.4007,-0.0071,-0.2889,1.1608,0.5755,-1.5889,-1.6067,-0.3112,-0.2869,0.1928,0.1626,-0.2615,-0.0170,-0.2288,0.8255
1791282160.7225,0.0205,0.3922,0.0000,-0.3503,1.6647,0.5755,-1.6647,-1.6067,-0.3112,-0.2869,0.1928,0.1641,-0.2660,-0.0170,-0.2288,0.8212
1791282160.7431,0.0206,4.1742,0.0000,-0.4121,1.9589,0.5755,-1.9589,-1.5827,-0.3112,-0.2884,0.1928,0.1657,-0.2705,-0.0166,-0.2263,0.8167
1791282160.7628,0.0197,0.6008,0.0000,-0.4712,2.2397,0.6475,-2.2397,-1.5827,-0.3112,-0.2915,0.1928,0.1749,-0.2752,-0.0154,-0.2339,0.8110
1791282160.7845,0.0217,3.8753,0.0000,-0.5155,2.4504,1.0312,-2.4504,-1.5827,-0.3112,-0.3068,0.1928,0.1825,-0.2835,-0.0091,-0.2745,0.8018
1791282160.8022,0.0176,0.8855,0.0000,-0.5155,2.4504,1.1511,-2.4504,-1.6067,-0.3112,-0.3083,0.1928,0.1856,-0.2867,-0.0075,-0.2897,0.7983
1791282160.8239,0.0218,0.2771,0.0000,-0.5155,2.4504,1.4388,-2.4504,-1.7506,-0.3112,-0.3083,0.1928,0.1887,-0.2942,-0.0051,-0.3352,0.7898
1791282160.8423,0.0183,1.3436,0.0000,-0.5155,2.4504,1.7746,-2.4504,-1.9424,-0.3112,-0.3083,0.1928,0.1902,-0.3029,-0.0028,-0.3908,0.7804
1791282160.8627,0.0204,0.4371,0.0000,-0.5155,2.4504,2.0144,-2.4504,-2.1343,-0.3112,-0.3083,0.1928,0.1917,-0.3122,-0.0020,-0.4363,0.7707
1791282160.8828,0.0201,0.4828,0.0000,-0.5155,2.4504,2.1583,-2.4504,-2.2542,-0.3112,-0.3114,0.1928,0.1917,-0.3212,-0.0016,-0.4640,0.7612
1791282160.9022,0.0194,1.3503,0.0000,-0.5155,2.4504,2.2542,-2.4504,-2.3261,-0.3112,-0.3114,0.1928,0.1902,-0.3306,-0.0012,-0.4817,0.7509
1791282160.9224,0.0202,0.3476,0.0000,-0.5155,2.4504,2.3261,-2.4504,-2.3741,-0.3112,-0.3114,0.1928,0.1902,-0.3409,-0.0008,-0.4944,0.7404
1791282160.9421,0.0197,0.4333,0.0000,-0.5155,2.4504,2.3741,-2.4504,-2.3981,-0.3112,-0.3114,0.1928,0.1917,-0.3513,-0.0004,-0.5020,0.7301
1791282160.9621,0.0200,0.4896,0.0000,-0.5155,2.4504,2.4221,-2.4504,-2.3981,-0.3112,-0.3129,0.1928,0.1917,-0.3609,0.0004,-0.5069,0.7194
1791282160.9821,0.0200,0.9351,0.0000,-0.5515,2.6216,2.4221,-2.6216,-2.4221,-0.3328,-0.3129,0.2306,0.1917,-0.3703,0.0000,-0.5096,0.7091
1791282161.0021,0.0200,0.8713,0.0000,-0.5515,2.6216,2.4221,-2.6216,-2.4221,-0.3328,-0.3129,0.2306,0.1917,-0.3801,0.0000,-0.5096,0.6988
1791282161.0250,0.0229,0.5687,0.0000,-0.5515,2.6216,2.4221,-2.6216,-2.4221,-0.3328,-0.3129,0.2306,0.1933,-0.3904,0.0000,-0.5096,0.6883
1791282161.0422,0.0172,0.5003,0.0000,-0.5515,2.6216,2.4700,-2.6216,-2.4700,-0.3328,-0.3175,0.2306,0.2040,-0.4010,0.0000,-0.5196,0.6776
1791282161.0622,0.0200,1.1141,0.0000,-0.5515,2.6216,2.5180,-2.6216,-2.5180,-0.3328,-0.3237,0.2306,0.2132,-0.4116,0.0000,-0.5297,0.6663
1791282161.0822,0.0200,0.5795,0.0000,-0.5515,2.6216,2.5659,-2.6216,-2.5659,-0.3328,-0.3313,0.2306,0.2194,-0.4219,0.0000,-0.5398,0.6550
1791282161.1021,0.0199,0.3905,0.0000,-0.5515,2.6216,2.5659,-2.6216,-2.5659,-0.3328,-0.3313,0.2306,0.2240,-0.4322,0.0000,-0.5398,0.6441
1791282161.1224,0.0203,0.3510,0.0000,-0.5515,2.6216,2.5659,-2.6216,-2.5659,-0.3328,-0.3298,0.2306,0.2255,-0.4428,0.0000,-0.5398,0.6333
1791282161.1421,0.0197,0.4209,0.0000,-0.5515,2.6216,2.5899,-2.6216,-2.5659,-0.3328,-0.3313,0.2306,0.2270,-0.4482,0.0004,-0.5422,0.6274
1791282161.1624,0.0203,2.1408,0.0000,-0.5515,2.6216,2.5899,-2.6216,-2.5899,-0.3328,-0.3298,0.2306,0.2270,-0.4645,0.0000,-0.5448,0.6110
1791282161.1822,0.0198,0.7354,0.0000,-0.5515,2.6216,2.6139,-2.6216,-2.6139,-0.3328,-0.3298,0.2306,0.2286,-0.4699,0.0000,-0.5499,0.6055
1791282161.2022,0.0200,2.2967,0.0000,-0.5515,2.6216,2.6139,-2.6216,-2.6139,-0.3328,-0.3313,0.2306,0.2286,-0.4804,0.0000,-0.5499,0.5942
1791282161.2227,0.0205,0.3534,0.0000,-0.5515,2.6216,2.6139,-2.6216,-2.6139,-0.3328,-0.3329,0.2306,0.2286,-0.4907,0.0000,-0.5499,0.5829
1791282161.2421,0.0194,0.3794,0.0000,-0.5515,2.6216,2.6139,-2.6216,-2.6139,-0.3328,-0.3329,0.2306,0.2286,-0.5008,0.0000,-0.5499,0.5721
1791282161.2628,0.0207,3.1477,0.0000,-0.5515,2.6216,2.5899,-2.6216,-2.5899,-0.3328,-0.3313,0.2306,0.2286,-0.5115,0.0000,-0.5448,0.5610
1791282161.2823,0.0195,0.8545,0.0000,-0.5247,2.4942,2.6139,-2.4942,-2.5659,-0.3167,-0.3313,0.2419,0.2286,-0.5227,0.0008,-0.5447,0.5495
1791282161.3022,0.0199,1.2520,0.0000,-0.5247,2.4942,2.6619,-2.4942,-2.5899,-0.3167,-0.3313,0.2419,0.2270,-0.5336,0.0012,-0.5521,0.5384
1791282161.3233,0.0211,0.3817,0.0000,-0.5247,2.4942,2.6139,-2.4942,-2.6139,-0.3167,-0.3313,0.2419,0.2301,-0.5443,0.0000,-0.5499,0.5274
1791282161.3420,0.0187,0.4214,0.0000,-0.5247,2.4942,2.5899,-2.4942,-2.6139,-0.3167,-0.3283,0.2419,0.2332,-0.5551,-0.0004,-0.5473,0.5168
1791282161.3621,0.0201,0.5570,0.0000,-0.5247,2.4942,2.5420,-2.4942,-2.5899,-0.3167,-0.3252,0.2419,0.2362,-0.5654,-0.0008,-0.5398,0.5061
1791282161.3821,0.0200,0.4522,0.0000,-0.5247,2.4942,2.4940,-2.4942,-2.5420,-0.3167,-0.3206,0.2419,0.2393,-0.5756,-0.0008,-0.5297,0.4948
1791282161.4022,0.0201,0.6043,0.0000,-0.5247,2.4942,2.4940,-2.4942,-2.5180,-0.3167,-0.3191,0.2419,0.2408,-0.5859,-0.0004,-0.5272,0.4845
1791282161.4240,0.0218,0.2768,0.0000,-0.5247,2.4942,2.4700,-2.4942,-2.4940,-0.3167,-0.3175,0.2419,0.2408,-0.5962,-0.0004,-0.5221,0.4742
1791282161.4422,0.0182,2.6123,0.0000,-0.5247,2.4942,2.4940,-2.4942,-2.4700,-0.3167,-0.3175,0.2419,0.2393,-0.6065,0.0004,-0.5221,0.4634
1791282161.4621,0.0199,0.4223,0.0000,-0.5247,2.4942,2.4940,-2.4942,-2.4460,-0.3167,-0.3175,0.2419,0.2408,-0.6169,0.0008,-0.5195,0.4527
1791282161.4821,0.0200,0.4291,0.0000,-0.5247,2.4942,2.4700,-2.4942,-2.4700,-0.3167,-0.3175,0.2419,0.2408,-0.6271,0.0000,-0.5196,0.4421
1791282161.5021,0.0200,0.4194,0.0000,-0.5060,2.4052,2.4940,-2.4052,-2.4940,-0.3055,-0.3175,0.2452,0.2408,-0.6372,0.0000,-0.5247,0.4313
1791282161.5232,0.0212,0.5933,0.0000,-0.5060,2.4052,2.4940,-2.4052,-2.4940,-0.3055,-0.3175,0.2452,0.2408,-0.6471,0.0000,-0.5247,0.4206
1791282161.5424,0.0192,0.6823,0.0000,-0.5060,2.4052,2.4700,-2.4052,-2.4940,-0.3055,-0.3160,0.2452,0.2408,-0.6575,-0.0004,-0.5221,0.4103
1791282161.5637,0.0213,0.4457,0.0000,-0.5060,2.4052,2.4700,-2.4052,-2.4460,-0.3055,-0.3114,0.2452,0.2408,-0.6680,0.0004,-0.5170,0.3998
1791282161.5827,0.0190,0.4263,0.0000,-0.5060,2.4052,2.4460,-2.4052,-2.4221,-0.3055,-0.3099,0.2452,0.2408,-0.6781,0.0004,-0.5120,0.3893
1791282161.6022,0.0195,3.8956,0.0000,-0.5060,2.4052,2.4221,-2.4052,-2.3741,-0.3055,-0.3068,0.2452,0.2408,-0.6879,0.0008,-0.5043,0.3791
1791282161.6226,0.0204,0.5292,0.0000,-0.5060,2.4052,2.3981,-2.4052,-2.3741,-0.3055,-0.3068,0.2452,0.2424,-0.6978,0.0004,-0.5019,0.3688
1791282161.6427,0.0201,0.8728,0.0000,-0.5060,2.4052,2.3741,-2.4052,-2.3981,-0.3055,-0.3068,0.2452,0.2424,-0.7076,-0.0004,-0.5020,0.3587
1791282161.6627,0.0200,0.5412,0.0000,-0.5060,2.4052,2.3741,-2.4052,-2.3981,-0.3055,-0.3068,0.2452,0.2424,-0.7173,-0.0004,-0.5020,0.3477
1791282161.6822,0.0195,3.9508,0.0000,-0.5060,2.4052,2.3741,-2.4052,-2.4221,-0.3055,-0.3068,0.2452,0.2424,-0.7219,-0.0008,-0.5045,0.3428
1791282161.7048,0.0226,0.4465,0.0000,-0.5060,2.4052,2.3261,-2.4052,-2.3981,-0.3055,-0.3068,0.2452,0.2424,-0.7365,-0.0012,-0.4969,0.3275
1791282161.7243,0.0195,0.4985,0.0000,-0.5060,2.4052,2.3741,-2.4052,-2.3741,-0.3055,-0.3068,0.2452,0.2424,-0.7474,0.0000,-0.4995,0.3170
1791282161.7421,0.0178,0.4062,0.0000,-0.5060,2.4052,2.4221,-2.4052,-2.3741,-0.3055,-0.3053,0.2452,0.2424,-0.7527,0.0008,-0.5043,0.3117
1791282161.7622,0.0201,0.8731,0.0000,-0.5060,2.4052,2.4221,-2.4052,-2.3741,-0.3055,-0.3068,0.2452,0.2424,-0.7627,0.0008,-0.5043,0.3015
1791282161.7822,0.0200,0.8937,0.0000,-0.4460,2.1197,2.3741,-2.1197,-2.3741,-0.2636,-0.3068,0.2871,0.2424,-0.7724,0.0000,-0.4995,0.2912
1791282161.8022,0.0200,0.9426,0.0000,-0.3859,1.8343,2.3741,-1.8343,-2.3741,-0.2294,-0.3053,0.3010,0.2424,-0.7821,0.0000,-0.4995,0.2807
1791282161.8225,0.0203,0.3583,0.0000,-0.3793,1.8027,2.3501,-1.8027,-2.3741,-0.2294,-0.3053,0.3010,0.2439,-0.7921,-0.0004,-0.4969,0.2707
1791282161.8428,0.0203,0.7635,0.0000,-0.3793,1.8027,2.3261,-1.8027,-2.3261,-0.2294,-0.2915,0.3010,0.2592,-0.8022,0.0000,-0.4894,0.2609
1791282161.8628,0.0200,0.4542,0.0000,-0.3793,1.8027,2.2302,-1.8027,-2.2302,-0.2294,-0.2715,0.3010,0.2746,-0.8116,0.0000,-0.4692,0.2520
1791282161.8821,0.0193,0.4338,0.0000,-0.3793,1.8027,2.0624,-1.8027,-2.0863,-0.2294,-0.2562,0.3010,0.2838,-0.8198,-0.0004,-0.4364,0.2435
1791282161.9027,0.0206,0.4128,0.0000,-0.3793,1.8027,1.9424,-1.8027,-1.9664,-0.2294,-0.2454,0.3010,0.2899,-0.8281,-0.0004,-0.4112,0.2355
1791282161.9230,0.0203,0.2709,0.0000,-0.3793,1.8027,1.8945,-1.8027,-1.8945,-0.2294,-0.2408,0.3010,0.2930,-0.8364,0.0000,-0.3986,0.2275
1791282161.9421,0.0191,0.4422,0.0000,-0.3793,1.8027,1.8705,-1.8027,-1.8465,-0.2294,-0.2362,0.3010,0.2961,-0.8440,0.0004,-0.3910,0.2196
1791282161.9622,0.0201,0.5401,0.0000,-0.3793,1.8027,1.8225,-1.8027,-1.7986,-0.2294,-0.2332,0.3010,0.2976,-0.8515,0.0004,-0.3809,0.2117
1791282161.9827,0.0205,0.4650,0.0000,-0.3793,1.8027,1.7986,-1.8027,-1.7986,-0.2294,-0.2316,0.3010,0.2991,-0.8592,0.0000,-0.3784,0.2036
1791282162.0021,0.0194,0.3824,0.0000,-0.3793,1.8027,1.8225,-1.8027,-1.7746,-0.2294,-0.2316,0.3010,0.2991,-0.8667,0.0008,-0.3783,0.1957
1791282162.0223,0.0203,0.3866,0.0000,-0.3793,1.8027,1.7986,-1.8027,-1.7986,-0.2294,-0.2316,0.3010,0.2991,-0.8738,0.0000,-0.3784,0.1879
1791282162.0421,0.0197,0.5695,0.0000,-0.3793,1.8027,1.7506,-1.8027,-1.7986,-0.2294,-0.2316,0.3010,0.2991,-0.8813,-0.0008,-0.3733,0.1800
1791282162.0625,0.0204,0.7595,0.0000,-0.3793,1.8027,1.7746,-1.8027,-1.7986,-0.2294,-0.2316,0.3010,0.2991,-0.8893,-0.0004,-0.3759,0.1721
1791282162.0821,0.0196,0.6683,0.0098,-0.3205,1.8275,1.7986,-1.2342,-1.8225,-0.1892,-0.2316,0.3420,0.2991,-0.8975,-0.0004,-0.3809,0.1641
1791282162.1021,0.0200,1.0747,0.0197,-0.2606,1.8490,1.7986,-0.6528,-1.7986,-0.1892,-0.2316,0.3691,0.2991,-0.9053,0.0000,-0.3784,0.1562
1791282162.1252,0.0232,1.0629,0.0197,-0.1912,1.5156,1.7986,-0.3195,-1.7986,-0.1892,-0.2301,0.3691,0.3007,-0.9128,0.0000,-0.3784,0.1486
1791282162.1421,0.0168,0.5709,0.0197,-0.1501,1.3185,1.7746,-0.1223,-1.7026,-0.1892,-0.2178,0.3691,0.3145,-0.9204,0.0012,-0.3656,0.1415
1791282162.1637,0.0216,0.4633,0.0197,-0.1501,1.3185,1.7986,-0.1223,-1.4388,-0.1892,-0.2071,0.3691,0.3329,-0.9275,0.0059,-0.3396,0.1354
1791282162.1824,0.0187,5.2091,0.0197,-0.1501,1.3185,1.7746,-0.1223,-1.1031,-0.1892,-0.1994,0.3691,0.3467,-0.9332,0.0111,-0.3011,0.1302
1791282162.2023,0.0200,0.9064,0.0197,-0.1501,1.3185,1.6547,-0.1223,-0.7914,-0.1892,-0.1948,0.3691,0.3543,-0.9376,0.0142,-0.2555,0.1257
1791282162.2240,0.0217,0.2878,0.0197,-0.1501,1.3185,1.5108,-0.1223,-0.5516,-0.1892,-0.1917,0.3691,0.3605,-0.9412,0.0158,-0.2153,0.1221
1791282162.2431,0.0191,0.3915,0.0197,-0.1501,1.3185,1.4149,-0.1223,-0.3597,-0.1892,-0.1902,0.3691,0.3651,-0.9443,0.0174,-0.1851,0.1187
1791282162.2621,0.0190,0.5557,0.0197,-0.1501,1.3185,1.3669,-0.1223,-0.2878,-0.1892,-0.1902,0.3691,0.3651,-0.9458,0.0178,-0.1726,0.1169
1791282162.2823,0.0202,0.4955,0.0197,-0.1501,1.3185,1.3429,-0.1223,-0.2158,-0.1892,-0.1902,0.3691,0.3682,-0.9490,0.0186,-0.1625,0.1137
1791282162.3023,0.0200,0.6966,0.0197,-0.1501,1.3185,1.3429,-0.1223,-0.1679,-0.1892,-0.1902,0.3691,0.3682,-0.9521,0.0194,-0.1574,0.1105
1791282162.3240,0.0217,0.8424,0.0197,-0.1501,1.3185,1.3189,-0.1223,-0.1439,-0.1892,-0.1902,0.3691,0.3682,-0.9567,0.0194,-0.1524,0.1057
1791282162.3421,0.0181,1.8532,0.0288,-0.1362,1.5291,1.3189,0.2154,-0.1439,-0.1719,-0.1902,0.3922,0.3682,-0.9582,0.0194,-0.1524,0.1042
1791282162.3621,0.0200,2.7216,0.0337,-0.1362,1.6809,1.2950,0.3640,-0.1439,-0.1719,-0.1902,0.3922,0.3682,-0.9613,0.0190,-0.1500,0.1011
1791282162.3823,0.0202,2.4395,0.0337,-0.1362,1.6809,1.3189,0.3640,-0.1199,-0.1719,-0.1902,0.3922,0.3682,-0.9644,0.0198,-0.1499,0.0979
1791282162.4023,0.0200,2.0785,0.0337,-0.1362,1.6809,1.3429,0.3640,-0.0959,-0.1719,-0.1856,0.3922,0.3743,-0.9675,0.0206,-0.1498,0.0949
1791282162.4224,0.0201,1.1133,0.0337,-0.1362,1.6809,1.3909,0.3640,0.0000,-0.1719,-0.1795,0.3922,0.3804,-0.9704,0.0229,-0.1447,0.0919
1791282162.4421,0.0197,0.6589,0.0337,-0.1362,1.6809,1.4868,0.3640,0.0959,-0.1719,-0.1764,0.3922,0.3850,-0.9730,0.0261,-0.1444,0.0890
1791282162.4623,0.0202,0.7625,0.0337,-0.1362,1.6809,1.5348,0.3640,0.1679,-0.1719,-0.1749,0.3922,0.3881,-0.9755,0.0281,-0.1418,0.0860
1791282162.4824,0.0201,2.7233,0.0337,-0.1362,1.6809,1.5827,0.3640,0.2158,-0.1719,-0.1749,0.3922,0.3896,-0.9780,0.0297,-0.1417,0.0831
1791282162.5021,0.0197,0.3907,0.0337,-0.1362,1.6809,1.6067,0.3640,0.2398,-0.1719,-0.1733,0.3922,0.3912,-0.9806,0.0305,-0.1416,0.0801
1791282162.5248,0.0228,0.3277,0.0337,-0.1362,1.6809,1.6307,0.3640,0.2638,-0.1719,-0.1733,0.3922,0.3912,-0.9831,0.0313,-0.1416,0.0771
1791282162.5427,0.0178,0.4241,0.0337,-0.1362,1.6809,1.6307,0.3640,0.3118,-0.1719,-0.1733,0.3922,0.3912,-0.9857,0.0321,-0.1366,0.0745
1791282162.5621,0.0195,1.1310,0.0337,-0.1362,1.6809,1.6307,0.3640,0.3357,-0.1719,-0.1733,0.3922,0.3912,-0.9883,0.0324,-0.1341,0.0717
1791282162.5828,0.0207,3.6369,0.0388,-0.1293,1.8006,1.6547,0.5482,0.3837,-0.1631,-0.1733,0.4171,0.3912,-0.9910,0.0336,-0.1315,0.0691
1791282162.6021,0.0193,0.4151,0.0388,-0.1293,1.8006,1.6787,0.5482,0.3837,-0.1631,-0.1733,0.4171,0.3912,-0.9936,0.0340,-0.1340,0.0661
1791282162.6251,0.0230,0.8116,0.0388,-0.1293,1.8006,1.7026,0.5482,0.3837,-0.1631,-0.1718,0.4171,0.3927,-0.9963,0.0344,-0.1364,0.0632
1791282162.6422,0.0171,0.6927,0.0388,-0.1293,1.8006,1.7266,0.5482,0.4077,-0.1631,-0.1687,0.4171,0.4004,-0.9991,0.0352,-0.1364,0.0604
1791282162.6637,0.0215,0.4444,0.0388,-0.1293,1.8006,1.7506,0.5482,0.4317,-0.1631,-0.1672,0.4171,0.4065,-1.0017,0.0360,-0.1363,0.0580
1791282162.6821,0.0184,0.4139,0.0388,-0.1293,1.8006,1.7746,0.5482,0.4796,-0.1631,-0.1657,0.4171,0.4111,-1.0039,0.0372,-0.1337,0.0555
1791282162.7022,0.0201,0.8367,0.0388,-0.1293,1.8006,1.7746,0.5482,0.5036,-0.1631,-0.1641,0.4171,0.4142,-1.0059,0.0376,-0.1312,0.0528
1791282162.7225,0.0203,0.4075,0.0388,-0.1293,1.8006,1.7506,0.5482,0.5036,-0.1631,-0.1641,0.4171,0.4142,-1.0079,0.0372,-0.1288,0.0501
1791282162.7420,0.0196,0.3717,0.0388,-0.1293,1.8006,1.7746,0.5482,0.5036,-0.1631,-0.1641,0.4171,0.4157,-1.0101,0.0376,-0.1312,0.0474
1791282162.7621,0.0201,0.6246,0.0388,-0.1293,1.8006,1.7746,0.5482,0.5276,-0.1631,-0.1641,0.4171,0.4157,-1.0113,0.0380,-0.1287,0.0461
1791282162.7821,0.0200,3.6015,0.0388,-0.1293,1.8006,1.7746,0.5482,0.5276,-0.1631,-0.1641,0.4171,0.4157,-1.0138,0.0380,-0.1287,0.0433
1791282162.8021,0.0200,0.3857,0.0388,-0.1293,1.8006,1.7986,0.5482,0.5276,-0.1631,-0.1641,0.4171,0.4157,-1.0164,0.0384,-0.1312,0.0409
1791282162.8247,0.0226,1.5595,0.0388,-0.1293,1.8006,1.8225,0.5482,0.5276,-0.1631,-0.1641,0.4171,0.4157,-1.0200,0.0388,-0.1336,0.0366
1791282162.8430,0.0183,0.6721,0.0428,-0.1213,1.8848,1.8225,0.7070,0.5276,-0.1532,-0.1641,0.4361,0.4157,-1.0212,0.0388,-0.1336,0.0355
1791282162.8627,0.0197,0.4531,0.0428,-0.1213,1.8848,1.7986,0.7070,0.5276,-0.1532,-0.1641,0.4361,0.4142,-1.0236,0.0384,-0.1312,0.0328
1791282162.8821,0.0194,0.4023,0.0428,-0.1213,1.8848,1.7986,0.7070,0.5276,-0.1532,-0.1641,0.4361,0.4157,-1.0258,0.0384,-0.1312,0.0303
1791282162.9034,0.0213,0.4515,0.0428,-0.1213,1.8848,1.7986,0.7070,0.5516,-0.1532,-0.1611,0.4361,0.4203,-1.0281,0.0388,-0.1287,0.0279
1791282162.9260,0.0226,0.3481,0.0428,-0.1213,1.8848,1.8225,0.7070,0.5995,-0.1532,-0.1565,0.4361,0.4280,-1.0311,0.0400,-0.1261,0.0240
1791282162.9421,0.0161,0.5437,0.0428,-0.1213,1.8848,1.8225,0.7070,0.6235,-0.1532,-0.1565,0.4361,0.4295,-1.0320,0.0404,-0.1236,0.0227
1791282162.9637,0.0216,0.4250,0.0428,-0.1213,1.8848,1.8465,0.7070,0.6715,-0.1532,-0.1549,0.4361,0.4326,-1.0341,0.0415,-0.1211,0.0205
1791282162.9823,0.0186,1.1977,0.0428,-0.1213,1.8848,1.8705,0.7070,0.6715,-0.1532,-0.1565,0.4361,0.4341,-1.0362,0.0419,-0.1235,0.0181
1791282163.0021,0.0198,1.3605,0.0428,-0.1213,1.8848,1.8705,0.7070,0.6715,-0.1532,-0.1549,0.4361,0.4326,-1.0383,0.0419,-0.1235,0.0154
1791282163.0230,0.0209,0.2719,0.0428,-0.1213,1.8848,1.8705,0.7070,0.6715,-0.1532,-0.1549,0.4361,0.4341,-1.0406,0.0419,-0.1235,0.0131
1791282163.0421,0.0191,0.5174,0.0428,-0.1213,1.8848,1.8945,0.7070,0.6715,-0.1532,-0.1549,0.4361,0.4341,-1.0429,0.0423,-0.1260,0.0107
1791282163.0627,0.0206,0.8299,0.0428,-0.1213,1.8848,1.8945,0.7070,0.6954,-0.1532,-0.1549,0.4361,0.4341,-1.0452,0.0427,-0.1235,0.0085
1791282163.0828,0.0201,0.4952,0.0428,-0.1213,1.8848,1.8945,0.7070,0.6954,-0.1532,-0.1549,0.4361,0.4326,-1.0474,0.0427,-0.1235,0.0058
1791282163.1022,0.0194,2.7109,0.0444,-0.1117,1.8878,1.8945,0.8027,0.6954,-0.1412,-0.1549,0.4658,0.4341,-1.0496,0.0427,-0.1235,0.0034
1791282163.1250,0.0228,0.4848,0.0444,-0.1117,1.8878,1.8945,0.8027,0.6715,-0.1412,-0.1549,0.4658,0.4341,-1.0516,0.0423,-0.1260,0.0011
1791282163.1424,0.0174,2.7370,0.0444,-0.1117,1.8878,1.8705,0.8027,0.6715,-0.1412,-0.1534,0.4658,0.4357,-1.0534,0.0419,-0.1235,-0.0015
1791282163.1634,0.0210,0.8049,0.0444,-0.1117,1.8878,1.8705,0.8027,0.6954,-0.1412,-0.1488,0.4658,0.4464,-1.0554,0.0423,-0.1210,-0.0034
1791282163.1822,0.0188,5.8393,0.0444,-0.1117,1.8878,1.8705,0.8027,0.7194,-0.1412,-0.1457,0.4658,0.4525,-1.0574,0.0427,-0.1186,-0.0059
1791282163.2027,0.0205,1.2239,0.0444,-0.1117,1.8878,1.8945,0.8027,0.7434,-0.1412,-0.1442,0.4658,0.4587,-1.0595,0.0435,-0.1185,-0.0081
1791282163.2252,0.0224,0.2730,0.0444,-0.1117,1.8878,1.8705,0.8027,0.7434,-0.1412,-0.1427,0.4658,0.4617,-1.0615,0.0431,-0.1161,-0.0105
1791282163.2421,0.0169,0.3975,0.0444,-0.1117,1.8878,1.8945,0.8027,0.7434,-0.1412,-0.1427,0.4658,0.4633,-1.0636,0.0435,-0.1185,-0.0127
1791282163.2621,0.0200,0.5392,0.0444,-0.1117,1.8878,1.8945,0.8027,0.7674,-0.1412,-0.1427,0.4658,0.4648,-1.0657,0.0439,-0.1160,-0.0149
1791282163.2821,0.0200,0.4972,0.0444,-0.1117,1.8878,1.8945,0.8027,0.7674,-0.1412,-0.1427,0.4658,0.4648,-1.0679,0.0439,-0.1160,-0.0173
1791282163.3026,0.0205,0.3705,0.0444,-0.1117,1.8878,1.8945,0.8027,0.7914,-0.1412,-0.1427,0.4658,0.4648,-1.0699,0.0443,-0.1135,-0.0196
1791282163.3237,0.0211,0.3698,0.0444,-0.1117,1.8878,1.9185,0.8027,0.7914,-0.1412,-0.1427,0.4658,0.4648,-1.0718,0.0447,-0.1160,-0.0217
1791282163.3421,0.0184,0.8419,0.0444,-0.1117,1.8878,1.9185,0.8027,0.7914,-0.1412,-0.1427,0.4658,0.4648,-1.0726,0.0447,-0.1160,-0.0228
1791282163.3622,0.0201,0.8406,0.0444,-0.1117,1.8878,1.8705,0.8027,0.7674,-0.1412,-0.1427,0.4658,0.4648,-1.0742,0.0435,-0.1136,-0.0252
1791282163.3823,0.0201,0.8316,0.0544,-0.0916,2.0972,1.8465,1.2023,0.7434,-0.1161,-0.1427,0.5079,0.4648,-1.0758,0.0427,-0.1136,-0.0271
1791282163.4022,0.0199,0.8878,0.0644,-0.0916,2.4009,1.8465,1.5015,0.7434,-0.1161,-0.1427,0.5119,0.4648,-1.0778,0.0427,-0.1136,-0.0296
1791282163.4227,0.0205,0.6558,0.0654,-0.0916,2.4333,1.8705,1.5334,0.7674,-0.1161,-0.1411,0.5119,0.4663,-1.0799,0.0435,-0.1136,-0.0316
1791282163.4422,0.0194,0.8049,0.0654,-0.0916,2.4333,1.9185,1.5334,0.8633,-0.1161,-0.1335,0.5119,0.4801,-1.0819,0.0459,-0.1085,-0.0337
1791282163.4621,0.0200,0.5359,0.0654,-0.0916,2.4333,2.0144,1.5334,1.0072,-0.1161,-0.1258,0.5119,0.4924,-1.0836,0.0499,-0.1034,-0.0356
1791282163.4829,0.0207,0.4080,0.0654,-0.0916,2.4333,2.1583,1.5334,1.1990,-0.1161,-0.1227,0.5119,0.5001,-1.0851,0.0554,-0.0982,-0.0373
1791282163.5022,0.0193,0.8032,0.0654,-0.0916,2.4333,2.2302,1.5334,1.3189,-0.1161,-0.1212,0.5119,0.5047,-1.0866,0.0586,-0.0931,-0.0393
1791282163.5232,0.0210,0.4971,0.0654,-0.0916,2.4333,2.3022,1.5334,1.3669,-0.1161,-0.1197,0.5119,0.5077,-1.0879,0.0605,-0.0955,-0.0412
1791282163.5421,0.0189,0.5715,0.0654,-0.0916,2.4333,2.3501,1.5334,1.4388,-0.1161,-0.1197,0.5119,0.5093,-1.0892,0.0625,-0.0929,-0.0429
1791282163.5637,0.0216,0.3587,0.0654,-0.0916,2.4333,2.3501,1.5334,1.4628,-0.1161,-0.1181,0.5119,0.5093,-1.0906,0.0629,-0.0905,-0.0445
1791282163.5822,0.0186,0.8371,0.0654,-0.0916,2.4333,2.3981,1.5334,1.5108,-0.1161,-0.1181,0.5119,0.5108,-1.0921,0.0645,-0.0904,-0.0464
1791282163.6022,0.0200,1.2169,0.0654,-0.0916,2.4333,2.4221,1.5334,1.4868,-0.1161,-0.1181,0.5119,0.5108,-1.0938,0.0645,-0.0953,-0.0483
1791282163.6237,0.0215,0.2948,0.0654,-0.0916,2.4333,2.4221,1.5334,1.5108,-0.1161,-0.1181,0.5119,0.5108,-1.0954,0.0649,-0.0928,-0.0501
1791282163.6421,0.0184,0.6210,0.0654,-0.0916,2.4333,2.4221,1.5334,1.5348,-0.1161,-0.1181,0.5119,0.5108,-1.0969,0.0653,-0.0904,-0.0517
1791282163.6627,0.0206,0.4036,0.0654,-0.0916,2.4333,2.4221,1.5334,1.5348,-0.1161,-0.1181,0.5119,0.5108,-1.0982,0.0653,-0.0904,-0.0536
1791282163.6820,0.0193,0.4458,0.0654,-0.0916,2.4333,2.3981,1.5334,1.5108,-0.1161,-0.1181,0.5119,0.5108,-1.0995,0.0645,-0.0904,-0.0554
1791282163.7020,0.0200,0.3862,0.0654,-0.0916,2.4333,2.3981,1.5334,1.4868,-0.1161,-0.1181,0.5119,0.5108,-1.1008,0.0641,-0.0928,-0.0575
1791282163.7234,0.0214,0.9190,0.0654,-0.0916,2.4333,2.3741,1.5334,1.5108,-0.1161,-0.1181,0.5119,0.5108,-1.1022,0.0641,-0.0880,-0.0590
1791282163.7422,0.0188,0.7060,0.0748,-0.1229,2.8741,2.3741,1.6614,1.5348,-0.1552,-0.1181,0.5495,0.5108,-1.1037,0.0645,-0.0855,-0.0606
1791282163.7621,0.0199,0.6087,0.0848,-0.1229,3.1792,2.3981,1.9604,1.5348,-0.1552,-0.1181,0.5495,0.5108,-1.1056,0.0649,-0.0879,-0.0626
1791282163.7823,0.0202,1.5817,0.0949,-0.1229,3.4885,2.4221,2.2633,1.5108,-0.1552,-0.1197,0.5495,0.5123,-1.1074,0.0649,-0.0928,-0.0647
1791282163.8034,0.0211,0.8808,0.1054,-0.1229,3.8098,2.4940,2.5806,1.5588,-0.1552,-0.1304,0.5495,0.5231,-1.1092,0.0669,-0.0952,-0.0665
1791282163.8230,0.0196,0.3483,0.1153,-0.1229,4.1077,2.6859,2.8771,1.6787,-0.1552,-0.1411,0.5495,0.5338,-1.1110,0.0720,-0.1022,-0.0687
1791282163.8423,0.0193,0.4618,0.1175,-0.1229,4.1772,2.7818,2.9463,1.7506,-0.1552,-0.1442,0.5495,0.5354,-1.1118,0.0748,-0.1045,-0.0701
1791282163.8621,0.0198,0.5133,0.1175,-0.1229,4.1772,3.0456,2.9463,1.8945,-0.1552,-0.1488,0.5495,0.5415,-1.1134,0.0815,-0.1162,-0.0726
1791282163.8822,0.0200,0.4678,0.1175,-0.1229,4.1772,3.2614,2.9463,2.1103,-0.1552,-0.1519,0.5495,0.5446,-1.1154,0.0886,-0.1158,-0.0744
1791282163.9022,0.0201,0.4743,0.1175,-0.1229,4.1772,3.5012,2.9463,2.3741,-0.1552,-0.1534,0.5495,0.5461,-1.1181,0.0969,-0.1129,-0.0772
1791282163.9256,0.0234,1.2949,0.1175,-0.1229,4.1772,3.8849,2.9463,2.6379,-0.1552,-0.1534,0.5495,0.5476,-1.1221,0.1076,-0.1246,-0.0810
1791282163.9439,0.0183,1.7064,0.1120,-0.1158,3.9741,3.9568,2.8145,2.7098,-0.1464,-0.1534,0.5696,0.5476,-1.1232,0.1100,-0.1246,-0.0826
1791282163.9628,0.0189,0.6111,0.1120,-0.1158,3.9741,4.0767,2.8145,2.8297,-0.1464,-0.1534,0.5696,0.5476,-1.1252,0.1140,-0.1245,-0.0849
1791282163.9822,0.0194,0.6098,0.1120,-0.1158,3.9741,4.1247,2.8145,2.9017,-0.1464,-0.1534,0.5696,0.5476,-1.1269,0.1159,-0.1221,-0.0872
1791282164.0021,0.0199,1.2925,0.1120,-0.1158,3.9741,4.1247,2.8145,2.9017,-0.1464,-0.1503,0.5696,0.5522,-1.1291,0.1159,-0.1221,-0.0901
1791282164.0230,0.0208,2.6107,0.1120,-0.1158,3.9741,4.0528,2.8145,2.8297,-0.1464,-0.1473,0.5696,0.5584,-1.1316,0.1136,-0.1221,-0.0924
1791282164.0421,0.0191,0.5721,0.1120,-0.1158,3.9741,4.0288,2.8145,2.8537,-0.1464,-0.1473,0.5696,0.5630,-1.1338,0.1136,-0.1174,-0.0948
1791282164.0628,0.0207,0.5946,0.1120,-0.1158,3.9741,4.0288,2.8145,2.8537,-0.1464,-0.1473,0.5696,0.5660,-1.1357,0.1136,-0.1174,-0.0974
1791282164.0821,0.0193,0.4168,0.1120,-0.1158,3.9741,4.0288,2.8145,2.8297,-0.1464,-0.1473,0.5696,0.5660,-1.1373,0.1132,-0.1198,-0.0994
1791282164.1021,0.0200,0.4893,0.1120,-0.1158,3.9741,3.9808,2.8145,2.8058,-0.1464,-0.1473,0.5696,0.5676,-1.1391,0.1120,-0.1174,-0.1020
1791282164.1228,0.0207,0.5801,0.1120,-0.1158,3.9741,3.9568,2.8145,2.8058,-0.1464,-0.1473,0.5696,0.5676,-1.1413,0.1116,-0.1150,-0.1045
1791282164.1420,0.0192,0.3928,0.1120,-0.1158,3.9741,3.9808,2.8145,2.8058,-0.1464,-0.1473,0.5696,0.5676,-1.1432,0.1120,-0.1174,-0.1068
1791282164.1621,0.0200,0.8095,0.1120,-0.1158,3.9741,3.9808,2.8145,2.8058,-0.1464,-0.1473,0.5696,0.5676,-1.1447,0.1120,-0.1174,-0.1089
1791282164.1823,0.0202,0.8905,0.1116,-0.1085,3.9245,3.9808,2.8384,2.8297,-0.1372,-0.1473,0.5604,0.5676,-1.1463,0.1124,-0.1150,-0.1114
1791282164.2021,0.0198,0.5733,0.1116,-0.1085,3.9245,3.9808,2.8384,2.8058,-0.1372,-0.1473,0.5604,0.5676,-1.1482,0.1120,-0.1174,-0.1138
1791282164.2237,0.0216,0.2868,0.1116,-0.1085,3.9245,3.9568,2.8384,2.7818,-0.1372,-0.1457,0.5604,0.5660,-1.1502,0.1112,-0.1174,-0.1163
1791282164.2421,0.0184,0.4435,0.1116,-0.1085,3.9245,3.9568,2.8384,2.8058,-0.1372,-0.1427,0.5604,0.5645,-1.1519,0.1116,-0.1150,-0.1189
1791282164.2625,0.0204,1.7467,0.1116,-0.1085,3.9245,3.9568,2.8384,2.8058,-0.1372,-0.1396,0.5604,0.5630,-1.1534,0.1116,-0.1150,-0.1209
1791282164.2826,0.0202,1.9015,0.1116,-0.1085,3.9245,3.9329,2.8384,2.8058,-0.1372,-0.1381,0.5604,0.5630,-1.1555,0.1112,-0.1126,-0.1232
1791282164.3022,0.0196,1.0636,0.1116,-0.1085,3.9245,3.9089,2.8384,2.7818,-0.1372,-0.1381,0.5604,0.5614,-1.1577,0.1104,-0.1126,-0.1256
1791282164.3229,0.0207,1.3441,0.1116,-0.1085,3.9245,3.9329,2.8384,2.8058,-0.1372,-0.1381,0.5604,0.5614,-1.1599,0.1112,-0.1126,-0.1276
1791282164.3424,0.0195,0.4112,0.1116,-0.1085,3.9245,3.9089,2.8384,2.8297,-0.1372,-0.1381,0.5604,0.5614,-1.1607,0.1112,-0.1078,-0.1290
1791282164.3626,0.0202,0.4426,0.1116,-0.1085,3.9245,3.9089,2.8384,2.8058,-0.1372,-0.1381,0.5604,0.5614,-1.1620,0.1108,-0.1102,-0.1315
1791282164.3821,0.0194,1.0901,0.1116,-0.1085,3.9245,3.8849,2.8384,2.8058,-0.1372,-0.1381,0.5604,0.5630,-1.1633,0.1104,-0.1078,-0.1336
1791282164.4029,0.0208,0.9167,0.1116,-0.1085,3.9245,3.8609,2.8384,2.8058,-0.1372,-0.1381,0.5604,0.5614,-1.1652,0.1100,-0.1054,-0.1356
1791282164.4224,0.0195,0.3454,0.1116,-0.1085,3.9245,3.8849,2.8384,2.8297,-0.1372,-0.1381,0.5604,0.5614,-1.1672,0.1108,-0.1054,-0.1381
1791282164.4421,0.0197,0.4208,0.1116,-0.1085,3.9245,3.9089,2.8384,2.8297,-0.1372,-0.1381,0.5604,0.5614,-1.1689,0.1112,-0.1078,-0.1407
1791282164.4621,0.0200,0.5674,0.1116,-0.1085,3.9245,3.9089,2.8384,2.8058,-0.1372,-0.1381,0.5604,0.5614,-1.1707,0.1108,-0.1102,-0.1426
1791282164.4838,0.0217,1.1418,0.1026,-0.1223,3.7193,3.9329,2.4960,2.8297,-0.1545,-0.1381,0.5716,0.5614,-1.1726,0.1116,-0.1102,-0.1453
1791282164.5021,0.0183,0.4102,0.1026,-0.1223,3.7193,3.9089,2.4960,2.8058,-0.1545,-0.1381,0.5716,0.5614,-1.1750,0.1108,-0.1102,-0.1476
1791282164.5246,0.0225,3.2957,0.1026,-0.1223,3.7193,3.8849,2.4960,2.8058,-0.1545,-0.1381,0.5716,0.5614,-1.1773,0.1104,-0.1078,-0.1497
1791282164.5421,0.0175,0.5015,0.1026,-0.1223,3.7193,3.8609,2.4960,2.8058,-0.1545,-0.1427,0.5716,0.5630,-1.1789,0.1100,-0.1054,-0.1521
1791282164.5621,0.0200,0.4145,0.1026,-0.1223,3.7193,3.8369,2.4960,2.7338,-0.1545,-0.1473,0.5716,0.5645,-1.1805,0.1084,-0.1102,-0.1546
1791282164.5824,0.0202,1.5534,0.1026,-0.1223,3.7193,3.8130,2.4960,2.6619,-0.1545,-0.1503,0.5716,0.5676,-1.1824,0.1068,-0.1151,-0.1574
1791282164.6021,0.0197,0.6173,0.1026,-0.1223,3.7193,3.7650,2.4960,2.5659,-0.1545,-0.1534,0.5716,0.5691,-1.1850,0.1045,-0.1199,-0.1603
1791282164.6240,0.0219,0.2985,0.1026,-0.1223,3.7193,3.7170,2.4960,2.4940,-0.1545,-0.1534,0.5716,0.5706,-1.1878,0.1025,-0.1223,-0.1629
1791282164.6420,0.0180,0.3893,0.1026,-0.1223,3.7193,3.7170,2.4960,2.4940,-0.1545,-0.1534,0.5716,0.5706,-1.1900,0.1025,-0.1223,-0.1656
1791282164.6634,0.0214,0.4255,0.1026,-0.1223,3.7193,3.7170,2.4960,2.4940,-0.1545,-0.1534,0.5716,0.5706,-1.1919,0.1025,-0.1223,-0.1679
1791282164.6822,0.0188,0.4304,0.1026,-0.1223,3.7193,3.7170,2.4960,2.5180,-0.1545,-0.1534,0.5716,0.5706,-1.1938,0.1029,-0.1199,-0.1709
1791282164.7020,0.0198,0.4094,0.1026,-0.1223,3.7193,3.7170,2.4960,2.5180,-0.1545,-0.1534,0.5716,0.5706,-1.1957,0.1029,-0.1199,-0.1732
1791282164.7231,0.0210,1.8961,0.1026,-0.1223,3.7193,3.6930,2.4960,2.4940,-0.1545,-0.1534,0.5716,0.5706,-1.1979,0.1021,-0.1199,-0.1759
1791282164.7422,0.0192,1.8363,0.0930,-0.1121,3.3759,3.6930,2.2591,2.4940,-0.1417,-0.1534,0.5895,0.5706,-1.1997,0.1021,-0.1199,-0.1787
1791282164.7628,0.0206,1.0747,0.0921,-0.1121,3.3499,3.6930,2.2336,2.4940,-0.1417,-0.1534,0.5895,0.5706,-1.2011,0.1021,-0.1199,-0.1811
1791282164.7829,0.0201,1.4006,0.0921,-0.1121,3.3499,3.6930,2.2336,2.4700,-0.1417,-0.1519,0.5895,0.5722,-1.2033,0.1017,-0.1223,-0.1837
1791282164.8023,0.0194,0.6926,0.0921,-0.1121,3.3499,3.6451,2.2336,2.4460,-0.1417,-0.1473,0.5895,0.5783,-1.2057,0.1005,-0.1199,-0.1862
1791282164.8223,0.0201,0.3777,0.0921,-0.1121,3.3499,3.5731,2.2336,2.3741,-0.1417,-0.1457,0.5895,0.5814,-1.2079,0.0981,-0.1201,-0.1890
1791282164.8421,0.0197,1.4197,0.0921,-0.1121,3.3499,3.5012,2.2336,2.3261,-0.1417,-0.1442,0.5895,0.5860,-1.2097,0.0962,-0.1178,-0.1911
1791282164.8621,0.0200,0.5655,0.0921,-0.1121,3.3499,3.4532,2.2336,2.3261,-0.1417,-0.1442,0.5895,0.5860,-1.2105,0.0954,-0.1130,-0.1922
1791282164.8847,0.0226,0.4849,0.0921,-0.1121,3.3499,3.4053,2.2336,2.2542,-0.1417,-0.1427,0.5895,0.5875,-1.2129,0.0934,-0.1155,-0.1959
1791282164.9026,0.0179,0.3745,0.0921,-0.1121,3.3499,3.3813,2.2336,2.2302,-0.1417,-0.1427,0.5895,0.5875,-1.2138,0.0926,-0.1156,-0.1971
1791282164.9231,0.0205,1.0130,0.0921,-0.1121,3.3499,3.3813,2.2336,2.2062,-0.1417,-0.1427,0.5895,0.5875,-1.2161,0.0922,-0.1180,-0.1994
1791282164.9431,0.0200,0.6136,0.0921,-0.1121,3.3499,3.3813,2.2336,2.1823,-0.1417,-0.1427,0.5895,0.5875,-1.2185,0.0918,-0.1205,-0.2019
1791282164.9621,0.0190,0.7364,0.0921,-0.1121,3.3499,3.4053,2.2336,2.1823,-0.1417,-0.1427,0.5895,0.5860,-1.2205,0.0922,-0.1228,-0.2041
1791282164.9821,0.0200,0.8719,0.0921,-0.1121,3.3499,3.3813,2.2336,2.2062,-0.1417,-0.1442,0.5895,0.5860,-1.2220,0.0922,-0.1180,-0.2064
1791282165.0021,0.0200,0.9673,0.1021,-0.0966,3.5769,3.3333,2.6115,2.2062,-0.1223,-0.1442,0.5528,0.5875,-1.2235,0.0914,-0.1133,-0.2085
1791282165.0225,0.0204,0.2900,0.1089,-0.0966,3.7841,3.3333,2.8178,2.2062,-0.1223,-0.1427,0.5528,0.5875,-1.2255,0.0914,-0.1133,-0.2108
1791282165.0437,0.0212,0.7913,0.1089,-0.0966,3.7841,3.3573,2.8178,2.2302,-0.1223,-0.1411,0.5528,0.5875,-1.2276,0.0922,-0.1132,-0.2133
1791282165.0621,0.0184,0.5063,0.1089,-0.0966,3.7841,3.4293,2.8178,2.3022,-0.1223,-0.1350,0.5528,0.5783,-1.2296,0.0946,-0.1131,-0.2155
1791282165.0822,0.0201,0.8123,0.1089,-0.0966,3.7841,3.5012,2.8178,2.4221,-0.1223,-0.1304,0.5528,0.5691,-1.2311,0.0977,-0.1081,-0.2171
1791282165.1028,0.0206,0.4258,0.1089,-0.0966,3.7841,3.5731,2.8178,2.5420,-0.1223,-0.1273,0.5528,0.5645,-1.2324,0.1009,-0.1031,-0.2193
1791282165.1230,0.0202,1.4668,0.1089,-0.0966,3.7841,3.6451,2.8178,2.6379,-0.1223,-0.1258,0.5528,0.5599,-1.2337,0.1037,-0.1007,-0.2211
1791282165.1424,0.0194,0.4516,0.1089,-0.0966,3.7841,3.7170,2.8178,2.7338,-0.1223,-0.1243,0.5528,0.5568,-1.2353,0.1064,-0.0983,-0.2228
1791282165.1630,0.0206,0.4010,0.1089,-0.0966,3.7841,3.7410,2.8178,2.7818,-0.1223,-0.1243,0.5528,0.5553,-1.2368,0.1076,-0.0959,-0.2248
1791282165.1822,0.0192,0.7136,0.1089,-0.0966,3.7841,3.7650,2.8178,2.7818,-0.1223,-0.1243,0.5528,0.5538,-1.2381,0.1080,-0.0983,-0.2268
1791282165.2021,0.0199,0.4198,0.1089,-0.0966,3.7841,3.7890,2.8178,2.8297,-0.1223,-0.1243,0.5528,0.5538,-1.2393,0.1092,-0.0959,-0.2286
1791282165.2229,0.0209,0.2754,0.1089,-0.0966,3.7841,3.7890,2.8178,2.8297,-0.1223,-0.1243,0.5528,0.5538,-1.2404,0.1092,-0.0959,-0.2306
1791282165.2421,0.0191,0.4029,0.1089,-0.0966,3.7841,3.7650,2.8178,2.8297,-0.1223,-0.1243,0.5528,0.5538,-1.2416,0.1088,-0.0935,-0.2326
1791282165.2638,0.0217,0.4350,0.1089,-0.0966,3.7841,3.7410,2.8178,2.7818,-0.1223,-0.1243,0.5528,0.5538,-1.2433,0.1076,-0.0959,-0.2345
1791282165.2827,0.0189,2.5879,0.1089,-0.0966,3.7841,3.7410,2.8178,2.7818,-0.1223,-0.1243,0.5528,0.5538,-1.2451,0.1076,-0.0959,-0.2363
1791282165.3020,0.0194,2.1138,0.1089,-0.0966,3.7841,3.7650,2.8178,2.8297,-0.1223,-0.1243,0.5528,0.5538,-1.2465,0.1088,-0.0935,-0.2385
1791282165.3229,0.0209,0.5771,0.1089,-0.0966,3.7841,3.7890,2.8178,2.8297,-0.1223,-0.1243,0.5528,0.5538,-1.2476,0.1092,-0.0959,-0.2403
1791282165.3421,0.0192,2.5401,0.1115,-0.0937,3.8470,3.7650,2.9087,2.8297,-0.1188,-0.1243,0.5930,0.5538,-1.2488,0.1088,-0.0935,-0.2421
1791282165.3621,0.0200,0.4845,0.1115,-0.0937,3.8470,3.7410,2.9087,2.8058,-0.1188,-0.1243,0.5962,0.5538,-1.2504,0.1080,-0.0935,-0.2438
1791282165.3822,0.0201,4.0619,0.1115,-0.0937,3.8470,3.7650,2.9087,2.8297,-0.1188,-0.1243,0.5962,0.5553,-1.2521,0.1088,-0.0935,-0.2457
1791282165.4021,0.0198,0.6069,0.1115,-0.0937,3.8470,3.7650,2.9087,2.8058,-0.1188,-0.1227,0.5962,0.5568,-1.2528,0.1084,-0.0959,-0.2467
1791282165.4241,0.0220,3.5065,0.1115,-0.0937,3.8470,3.7650,2.9087,2.8297,-0.1188,-0.1197,0.5962,0.5752,-1.2545,0.1088,-0.0935,-0.2497
1791282165.4422,0.0181,0.5007,0.1115,-0.0937,3.8470,3.7890,2.9087,2.8537,-0.1188,-0.1197,0.5962,0.5783,-1.2552,0.1096,-0.0935,-0.2504
1791282165.4621,0.0199,0.4485,0.1115,-0.0937,3.8470,3.8130,2.9087,2.8777,-0.1188,-0.1197,0.5962,0.5860,-1.2567,0.1104,-0.0934,-0.2527
1791282165.4821,0.0200,2.1837,0.1115,-0.0937,3.8470,3.8130,2.9087,2.8777,-0.1188,-0.1197,0.5962,0.5890,-1.2580,0.1104,-0.0934,-0.2542
1791282165.5020,0.0199,0.4437,0.1115,-0.0937,3.8470,3.8130,2.9087,2.8777,-0.1188,-0.1197,0.5962,0.5937,-1.2592,0.1104,-0.0934,-0.2564
1791282165.5230,0.0209,0.9655,0.1115,-0.0937,3.8470,3.7890,2.9087,2.8537,-0.1188,-0.1197,0.5962,0.5937,-1.2607,0.1096,-0.0935,-0.2585
1791282165.5421,0.0191,1.5340,0.1115,-0.0937,3.8470,3.8130,2.9087,2.8537,-0.1188,-0.1197,0.5962,0.5952,-1.2624,0.1100,-0.0958,-0.2601
1791282165.5629,0.0208,1.6150,0.1115,-0.0937,3.8470,3.8369,2.9087,2.8537,-0.1188,-0.1197,0.5962,0.5952,-1.2641,0.1104,-0.0982,-0.2619
1791282165.5823,0.0194,0.9773,0.1115,-0.0937,3.8470,3.8369,2.9087,2.8777,-0.1188,-0.1197,0.5962,0.5952,-1.2657,0.1108,-0.0958,-0.2642
1791282165.6021,0.0198,0.9152,0.1185,-0.0853,4.0194,3.8369,3.1650,2.8777,-0.1082,-0.1197,0.6289,0.5952,-1.2668,0.1108,-0.0958,-0.2662
1791282165.6239,0.0218,0.2767,0.1185,-0.0853,4.0194,3.8130,3.1650,2.8777,-0.1082,-0.1197,0.6289,0.5952,-1.2673,0.1104,-0.0934,-0.2676
1791282165.6424,0.0184,1.8031,0.1185,-0.0853,4.0194,3.7890,3.1650,2.9017,-0.1082,-0.1181,0.6289,0.5983,-1.2683,0.1104,-0.0887,-0.2694
1791282165.6636,0.0212,0.4719,0.1185,-0.0853,4.0194,3.8369,3.1650,2.9496,-0.1082,-0.1150,0.6289,0.6059,-1.2703,0.1120,-0.0886,-0.2714
1791282165.6822,0.0186,1.8473,0.1185,-0.0853,4.0194,3.9329,3.1650,2.9976,-0.1082,-0.1120,0.6289,0.6167,-1.2723,0.1144,-0.0934,-0.2733
1791282165.7024,0.0203,0.4377,0.1185,-0.0853,4.0194,3.9808,3.1650,3.0456,-0.1082,-0.1120,0.6289,0.6213,-1.2735,0.1159,-0.0934,-0.2746
1791282165.7252,0.0228,0.9816,0.1185,-0.0853,4.0194,3.9808,3.1650,3.0935,-0.1082,-0.1104,0.6289,0.6243,-1.2744,0.1167,-0.0886,-0.2763
1791282165.7420,0.0168,1.1863,0.1185,-0.0853,4.0194,4.0048,3.1650,3.1175,-0.1082,-0.1104,0.6289,0.6259,-1.2756,0.1175,-0.0886,-0.2778
1791282165.7637,0.0217,0.4631,0.1185,-0.0853,4.0194,3.9808,3.1650,3.1415,-0.1082,-0.1104,0.6289,0.6274,-1.2773,0.1175,-0.0838,-0.2795
1791282165.7821,0.0184,2.0788,0.1185,-0.0853,4.0194,4.0048,3.1650,3.1415,-0.1082,-0.1104,0.6289,0.6274,-1.2797,0.1179,-0.0862,-0.2814
1791282165.8021,0.0200,0.4394,0.1185,-0.0853,4.0194,4.0288,3.1650,3.1175,-0.1082,-0.1104,0.6289,0.6274,-1.2812,0.1179,-0.0910,-0.2829
1791282165.8224,0.0203,0.7497,0.1185,-0.0853,4.0194,4.0288,3.1650,3.1175,-0.1082,-0.1104,0.6289,0.6274,-1.2821,0.1179,-0.0910,-0.2846
1791282165.8420,0.0196,0.4505,0.1224,-0.0711,4.0664,4.0288,3.3542,3.1415,-0.1082,-0.1104,0.6289,0.6274,-1.2833,0.1183,-0.0886,-0.2861
1791282165.8637,0.0217,0.8536,0.1224,-0.0711,4.0664,4.0288,3.3542,3.1655,-0.0904,-0.1104,0.6630,0.6274,-1.2849,0.1187,-0.0862,-0.2878
1791282165.8831,0.0194,0.8794,0.1224,-0.0711,4.0664,4.0288,3.3542,3.1655,-0.0904,-0.1104,0.6630,0.6274,-1.2868,0.1187,-0.0862,-0.2895
1791282165.9021,0.0191,1.8761,0.1224,-0.0711,4.0664,4.0288,3.3542,3.1894,-0.0904,-0.1089,0.6630,0.6289,-1.2880,0.1191,-0.0838,-0.2907
1791282165.9228,0.0207,0.4785,0.1224,-0.0711,4.0664,4.0048,3.3542,3.2374,-0.0904,-0.1028,0.6630,0.6412,-1.2887,0.1195,-0.0766,-0.2922
1791282165.9420,0.0193,0.4136,0.1224,-0.0711,4.0664,4.0048,3.3542,3.2614,-0.0904,-0.0997,0.6630,0.6458,-1.2893,0.1199,-0.0742,-0.2929
1791282165.9621,0.0200,0.5110,0.1224,-0.0711,4.0664,4.0288,3.3542,3.2854,-0.0904,-0.0966,0.6630,0.6519,-1.2907,0.1207,-0.0742,-0.2939
1791282165.9827,0.0206,0.6952,0.1224,-0.0711,4.0664,4.0528,3.3542,3.3333,-0.0904,-0.0936,0.6630,0.6565,-1.2919,0.1219,-0.0718,-0.2956
1791282166.0021,0.0194,0.5390,0.1224,-0.0711,4.0664,4.0528,3.3542,3.3094,-0.0904,-0.0920,0.6630,0.6581,-1.2931,0.1215,-0.0742,-0.2967
1791282166.0224,0.0203,0.3496,0.1224,-0.0711,4.0664,4.0288,3.3542,3.3333,-0.0904,-0.0920,0.6630,0.6596,-1.2944,0.1215,-0.0694,-0.2984
1791282166.0420,0.0197,0.4371,0.1323,-0.0596,4.3073,4.0528,3.7095,3.3573,-0.0760,-0.0920,0.6655,0.6611,-1.2956,0.1223,-0.0694,-0.2994
1791282166.0621,0.0201,0.5578,0.1334,-0.0596,4.3402,4.0767,3.7423,3.3813,-0.0760,-0.0920,0.6655,0.6627,-1.2969,0.1231,-0.0694,-0.3010
1791282166.0827,0.0206,0.7847,0.1334,-0.0596,4.3402,4.0528,3.7423,3.3333,-0.0760,-0.0920,0.6655,0.6642,-1.2981,0.1219,-0.0718,-0.3022
1791282166.1021,0.0194,0.4034,0.1334,-0.0596,4.3402,4.0528,3.7423,3.3813,-0.0760,-0.0859,0.6655,0.6642,-1.2989,0.1227,-0.0670,-0.3037
1791282166.1234,0.0213,3.0050,0.1334,-0.0596,4.3402,4.1247,3.7423,3.5012,-0.0760,-0.0828,0.6655,0.6642,-1.2997,0.1258,-0.0622,-0.3049
1791282166.1421,0.0187,4.2424,0.1334,-0.0596,4.3402,4.2206,3.7423,3.6211,-0.0760,-0.0798,0.6655,0.6642,-1.3009,0.1294,-0.0598,-0.3063
1791282166.1621,0.0201,0.4355,0.1334,-0.0596,4.3402,4.2446,3.7423,3.6691,-0.0760,-0.0782,0.6655,0.6642,-1.3022,0.1306,-0.0574,-0.3074
1791282166.1823,0.0201,2.0780,0.1334,-0.0596,4.3402,4.2446,3.7423,3.6451,-0.0760,-0.0798,0.6655,0.6642,-1.3032,0.1302,-0.0598,-0.3091
1791282166.2021,0.0198,0.3995,0.1334,-0.0596,4.3402,4.2686,3.7423,3.6930,-0.0760,-0.0782,0.6655,0.6642,-1.3046,0.1314,-0.0574,-0.3103
1791282166.2234,0.0214,0.6795,0.1334,-0.0596,4.3402,4.3165,3.7423,3.7410,-0.0760,-0.0782,0.6655,0.6642,-1.3062,0.1329,-0.0573,-0.3118
1791282166.2421,0.0186,0.8105,0.1334,-0.0596,4.3402,4.3405,3.7423,3.7650,-0.0760,-0.0782,0.6655,0.6642,-1.3080,0.1337,-0.0573,-0.3129
1791282166.2634,0.0214,0.4721,0.1334,-0.0596,4.3402,4.3405,3.7423,3.7650,-0.0760,-0.0782,0.6655,0.6642,-1.3095,0.1337,-0.0573,-0.3146
1791282166.2821,0.0187,3.5255,0.1334,-0.0596,4.3402,4.3165,3.7423,3.7410,-0.0760,-0.0782,0.6655,0.6642,-1.3101,0.1329,-0.0573,-0.3163
1791282166.3027,0.0206,0.5016,0.1334,-0.0596,4.3402,4.2926,3.7423,3.7410,-0.0760,-0.0782,0.6655,0.6642,-1.3107,0.1326,-0.0550,-0.3173
1791282166.3239,0.0212,1.7575,0.1334,-0.0596,4.3402,4.2926,3.7423,3.7410,-0.0760,-0.0782,0.6655,0.6642,-1.3123,0.1326,-0.0550,-0.3185
1791282166.3422,0.0182,1.8093,0.1282,-0.0580,4.1758,4.3165,3.5940,3.7410,-0.0741,-0.0782,0.6757,0.6642,-1.3144,0.1329,-0.0573,-0.3205
1791282166.3622,0.0200,0.4983,0.1282,-0.0580,4.1758,4.3405,3.5940,3.7410,-0.0741,-0.0782,0.6757,0.6642,-1.3156,0.1333,-0.0597,-0.3218
1791282166.3844,0.0223,1.8420,0.1282,-0.0580,4.1758,4.3405,3.5940,3.7410,-0.0741,-0.0782,0.6757,0.6657,-1.3161,0.1333,-0.0597,-0.3231
1791282166.4037,0.0193,1.2822,0.1282,-0.0580,4.1758,4.3165,3.5940,3.7410,-0.0741,-0.0767,0.6757,0.6688,-1.3170,0.1329,-0.0573,-0.3242
1791282166.4230,0.0193,0.3462,0.1282,-0.0580,4.1758,4.2686,3.5940,3.6930,-0.0741,-0.0752,0.6757,0.6719,-1.3185,0.1314,-0.0574,-0.3260
1791282166.4427,0.0197,0.3814,0.1282,-0.0580,4.1758,4.2446,3.5940,3.6211,-0.0741,-0.0752,0.6757,0.6734,-1.3204,0.1298,-0.0622,-0.3271
1791282166.4637,0.0210,0.3957,0.1282,-0.0580,4.1758,4.2446,3.5940,3.5971,-0.0741,-0.0752,0.6757,0.6750,-1.3219,0.1294,-0.0645,-0.3286
1791282166.4822,0.0185,0.4650,0.1282,-0.0580,4.1758,4.2206,3.5940,3.5971,-0.0741,-0.0767,0.6757,0.6750,-1.3223,0.1290,-0.0622,-0.3294
1791282166.5021,0.0199,0.4553,0.1282,-0.0580,4.1758,4.1966,3.5940,3.5731,-0.0741,-0.0752,0.6757,0.6750,-1.3228,0.1282,-0.0622,-0.3305
1791282166.5249,0.0229,1.5593,0.1282,-0.0580,4.1758,4.1727,3.5940,3.5731,-0.0741,-0.0752,0.6757,0.6750,-1.3241,0.1278,-0.0598,-0.3325
1791282166.5420,0.0171,0.4125,0.1282,-0.0580,4.1758,4.1727,3.5940,3.5731,-0.0741,-0.0752,0.6757,0.6750,-1.3251,0.1278,-0.0598,-0.3328
1791282166.5621,0.0201,0.4804,0.1282,-0.0580,4.1758,4.2206,3.5940,3.5731,-0.0741,-0.0752,0.6757,0.6750,-1.3271,0.1286,-0.0646,-0.3343
1791282166.5821,0.0199,0.7234,0.1282,-0.0580,4.1758,4.2206,3.5940,3.5731,-0.0741,-0.0752,0.6757,0.6750,-1.3282,0.1286,-0.0646,-0.3354
1791282166.6028,0.0208,0.4330,0.1282,-0.0580,4.1758,4.1727,3.5940,3.5731,-0.0741,-0.0752,0.6757,0.6750,-1.3289,0.1278,-0.0598,-0.3366
1791282166.6224,0.0196,0.3759,0.1244,-0.0715,4.1275,4.1487,3.4103,3.5492,-0.0910,-0.0752,0.6861,0.6765,-1.3296,0.1270,-0.0598,-0.3371
1791282166.6422,0.0198,0.5856,0.1244,-0.0715,4.1275,4.1487,3.4103,3.5731,-0.0910,-0.0752,0.6861,0.6750,-1.3308,0.1274,-0.0574,-0.3384
1791282166.6637,0.0215,0.3547,0.1244,-0.0715,4.1275,4.1727,3.4103,3.6211,-0.0910,-0.0767,0.6861,0.6765,-1.3322,0.1286,-0.0550,-0.3396
1791282166.6821,0.0185,0.5050,0.1244,-0.0715,4.1275,4.1966,3.4103,3.5731,-0.0910,-0.0813,0.6861,0.6796,-1.3334,0.1282,-0.0622,-0.3410
1791282166.7024,0.0203,0.4290,0.1244,-0.0715,4.1275,4.1487,3.4103,3.5012,-0.0910,-0.0859,0.6861,0.6826,-1.3345,0.1262,-0.0646,-0.3419
1791282166.7231,0.0207,0.3133,0.1244,-0.0715,4.1275,4.1487,3.4103,3.4532,-0.0910,-0.0874,0.6861,0.6842,-1.3360,0.1254,-0.0694,-0.3435
1791282166.7421,0.0190,0.3828,0.1244,-0.0715,4.1275,4.1487,3.4103,3.4293,-0.0910,-0.0890,0.6861,0.6842,-1.3373,0.1250,-0.0718,-0.3448
1791282166.7627,0.0206,0.4570,0.1244,-0.0715,4.1275,4.1247,3.4103,3.4293,-0.0910,-0.0890,0.6861,0.6842,-1.3382,0.1246,-0.0694,-0.3459
1791282166.7821,0.0194,0.4060,0.1244,-0.0715,4.1275,4.1007,3.4103,3.4293,-0.0910,-0.0890,0.6861,0.6857,-1.3394,0.1242,-0.0670,-0.3474
1791282166.8021,0.0200,0.4142,0.1244,-0.0715,4.1275,4.1007,3.4103,3.3813,-0.0910,-0.0890,0.6861,0.6857,-1.3409,0.1235,-0.0718,-0.3488
1791282166.8223,0.0203,0.2965,0.1244,-0.0715,4.1275,4.1007,3.4103,3.3573,-0.0910,-0.0890,0.6861,0.6857,-1.3422,0.1231,-0.0742,-0.3504
1791282166.8421,0.0198,0.6670,0.1244,-0.0715,4.1275,4.1007,3.4103,3.3813,-0.0910,-0.0890,0.6861,0.6857,-1.3434,0.1235,-0.0718,-0.3517
1791282166.8625,0.0204,1.5869,0.1244,-0.0715,4.1275,4.1007,3.4103,3.4053,-0.0910,-0.0890,0.6861,0.6872,-1.3450,0.1238,-0.0694,-0.3530
1791282166.8823,0.0198,0.6691,0.1257,-0.0797,4.2094,4.1007,3.4100,3.4293,-0.1012,-0.0890,0.6834,0.6857,-1.3472,0.1242,-0.0670,-0.3546
1791282166.9022,0.0198,0.6594,0.1257,-0.0797,4.2094,4.1007,3.4100,3.3813,-0.1012,-0.0890,0.6834,0.6857,-1.3492,0.1235,-0.0718,-0.3559
1791282166.9234,0.0213,0.5770,0.1257,-0.0797,4.2094,4.1007,3.4100,3.3573,-0.1012,-0.0905,0.6834,0.6857,-1.3505,0.1231,-0.0742,-0.3576
1791282166.9422,0.0188,0.8338,0.1257,-0.0797,4.2094,4.1007,3.4100,3.3813,-0.1012,-0.0951,0.6834,0.6857,-1.3516,0.1235,-0.0718,-0.3591
1791282166.9621,0.0198,0.5659,0.1257,-0.0797,4.2094,4.1007,3.4100,3.3813,-0.1012,-0.0966,0.6834,0.6842,-1.3522,0.1235,-0.0718,-0.3597
1791282166.9822,0.0201,0.5157,0.1257,-0.0797,4.2094,4.1487,3.4100,3.4293,-0.1012,-0.0997,0.6834,0.6842,-1.3543,0.1250,-0.0718,-0.3623
1791282167.0021,0.0198,0.3849,0.1257,-0.0797,4.2094,4.1727,3.4100,3.4053,-0.1012,-0.0997,0.6834,0.6842,-1.3552,0.1250,-0.0765,-0.3628
1791282167.0224,0.0204,0.3458,0.1257,-0.0797,4.2094,4.1727,3.4100,3.4053,-0.1012,-0.0997,0.6834,0.6842,-1.3573,0.1250,-0.0765,-0.3644
1791282167.0425,0.0201,0.4915,0.1257,-0.0797,4.2094,4.1966,3.4100,3.3813,-0.1012,-0.0997,0.6834,0.6842,-1.3597,0.1250,-0.0813,-0.3663
1791282167.0625,0.0200,0.3779,0.1257,-0.0797,4.2094,4.1966,3.4100,3.3573,-0.1012,-0.0997,0.6834,0.6842,-1.3616,0.1246,-0.0837,-0.3680
1791282167.0827,0.0203,0.4291,0.1257,-0.0797,4.2094,4.1966,3.4100,3.3813,-0.1012,-0.0997,0.6834,0.6857,-1.3634,0.1250,-0.0813,-0.3699
1791282167.1023,0.0196,0.5163,0.1257,-0.0797,4.2094,4.2206,3.4100,3.4053,-0.1012,-0.0997,0.6834,0.6842,-1.3655,0.1258,-0.0813,-0.3715
1791282167.1229,0.0206,2.1314,0.1257,-0.0797,4.2094,4.2446,3.4100,3.4053,-0.1012,-0.0997,0.6834,0.6842,-1.3679,0.1262,-0.0837,-0.3736
1791282167.1422,0.0193,0.7331,0.1271,-0.0823,4.2644,4.2446,3.4394,3.4293,-0.1044,-0.0997,0.6804,0.6842,-1.3702,0.1266,-0.0813,-0.3753
1791282167.1622,0.0200,0.8999,0.1271,-0.0823,4.2644,4.2206,3.4394,3.3813,-0.1044,-0.0997,0.6804,0.6842,-1.3722,0.1254,-0.0837,-0.3771
1791282167.1821,0.0200,1.1048,0.1271,-0.0823,4.2644,4.2206,3.4394,3.3813,-0.1044,-0.1012,0.6804,0.6842,-1.3743,0.1254,-0.0837,-0.3787
1791282167.2021,0.0199,0.4589,0.1271,-0.0823,4.2644,4.2206,3.4394,3.3813,-0.1044,-0.1028,0.6804,0.6826,-1.3763,0.1254,-0.0837,-0.3808
1791282167.2255,0.0234,0.5666,0.1271,-0.0823,4.2644,4.2206,3.4394,3.3813,-0.1044,-0.1028,0.6804,0.6842,-1.3784,0.1254,-0.0837,-0.3820
1791282167.2423,0.0168,0.4838,0.1271,-0.0823,4.2644,4.2446,3.4394,3.4293,-0.1044,-0.1028,0.6804,0.6826,-1.3808,0.1266,-0.0813,-0.3839
1791282167.2623,0.0200,0.6269,0.1271,-0.0823,4.2644,4.2686,3.4394,3.4293,-0.1044,-0.1028,0.6804,0.6826,-1.3832,0.1270,-0.0837,-0.3855
1791282167.2827,0.0205,0.4567,0.1271,-0.0823,4.2644,4.2926,3.4394,3.3813,-0.1044,-0.1028,0.6804,0.6826,-1.3852,0.1266,-0.0909,-0.3874
1791282167.3020,0.0193,0.3978,0.1271,-0.0823,4.2644,4.2686,3.4394,3.4053,-0.1044,-0.1028,0.6804,0.6826,-1.3868,0.1266,-0.0861,-0.3889
1791282167.3250,0.0229,0.2697,0.1271,-0.0823,4.2644,4.2686,3.4394,3.4053,-0.1044,-0.1028,0.6804,0.6826,-1.3889,0.1266,-0.0861,-0.3904
1791282167.3421,0.0172,0.5496,0.1271,-0.0823,4.2644,4.2446,3.4394,3.4293,-0.1044,-0.1012,0.6804,0.6826,-1.3912,0.1266,-0.0813,-0.3924
1791282167.3621,0.0199,0.4623,0.1271,-0.0823,4.2644,4.2686,3.4394,3.4293,-0.1044,-0.1028,0.6804,0.6826,-1.3938,0.1270,-0.0837,-0.3941
1791282167.3821,0.0201,0.9270,0.1271,-0.0823,4.2644,4.2686,3.4394,3.4053,-0.1044,-0.1028,0.6804,0.6826,-1.3961,0.1266,-0.0861,-0.3956
1791282167.4021,0.0200,0.4681,0.1271,-0.0823,4.2644,4.2446,3.4394,3.3573,-0.1044,-0.1028,0.6804,0.6826,-1.3977,0.1254,-0.0885,-0.3973
1791282167.4227,0.0206,0.2555,0.1271,-0.0823,4.2644,4.2206,3.4394,3.3813,-0.1044,-0.1028,0.6804,0.6826,-1.3989,0.1254,-0.0837,-0.3987
1791282167.4421,0.0194,0.6969,0.1271,-0.0823,4.2644,4.2206,3.4394,3.4053,-0.1044,-0.1028,0.6804,0.6826,-1.4004,0.1258,-0.0813,-0.4002
1791282167.4621,0.0200,0.5153,0.1271,-0.0823,4.2644,4.2446,3.4394,3.4293,-0.1044,-0.1028,0.6804,0.6826,-1.4024,0.1266,-0.0813,-0.4018
1791282167.4850,0.0229,3.0084,0.1254,-0.0749,4.1758,4.2686,3.4252,3.4293,-0.0952,-0.1028,0.6891,0.6826,-1.4047,0.1270,-0.0837,-0.4036
1791282167.5029,0.0179,0.4688,0.1254,-0.0749,4.1758,4.2446,3.4252,3.4053,-0.0952,-0.1028,0.6891,0.6842,-1.4063,0.1262,-0.0837,-0.4053
1791282167.5241,0.0212,5.5457,0.1254,-0.0749,4.1758,4.2446,3.4252,3.4053,-0.0952,-0.1028,0.6891,0.6842,-1.4075,0.1262,-0.0837,-0.4067
1791282167.5425,0.0184,0.7185,0.1254,-0.0749,4.1758,4.2206,3.4252,3.4293,-0.0952,-0.0997,0.6891,0.6842,-1.4089,0.1262,-0.0789,-0.4080
1791282167.5631,0.0206,0.3726,0.1254,-0.0749,4.1758,4.2206,3.4252,3.4293,-0.0952,-0.0982,0.6891,0.6842,-1.4097,0.1262,-0.0789,-0.4086
1791282167.5823,0.0192,0.4994,0.1254,-0.0749,4.1758,4.1966,3.4252,3.4053,-0.0952,-0.0966,0.6891,0.6857,-1.4113,0.1254,-0.0789,-0.4106
1791282167.6021,0.0198,0.4339,0.1254,-0.0749,4.1758,4.1247,3.4252,3.3813,-0.0952,-0.0966,0.6891,0.6857,-1.4128,0.1238,-0.0742,-0.4120
1791282167.6224,0.0203,0.4619,0.1254,-0.0749,4.1758,4.1247,3.4252,3.4053,-0.0952,-0.0966,0.6891,0.6872,-1.4141,0.1242,-0.0718,-0.4134
1791282167.6421,0.0197,0.4303,0.1254,-0.0749,4.1758,4.1487,3.4252,3.4053,-0.0952,-0.0966,0.6891,0.6872,-1.4156,0.1246,-0.0742,-0.4149
1791282167.6629,0.0209,0.6419,0.1254,-0.0749,4.1758,4.1727,3.4252,3.4053,-0.0952,-0.0966,0.6891,0.6872,-1.4173,0.1250,-0.0765,-0.4164
1791282167.6837,0.0207,0.4431,0.1254,-0.0749,4.1758,4.1487,3.4252,3.4053,-0.0952,-0.0966,0.6891,0.6872,-1.4194,0.1246,-0.0742,-0.4178
1791282167.7021,0.0184,0.4403,0.1254,-0.0749,4.1758,4.1487,3.4252,3.4053,-0.0952,-0.0966,0.6891,0.6872,-1.4217,0.1246,-0.0742,-0.4194
1791282167.7292,0.0271,0.4847,0.1254,-0.0749,4.1758,4.1487,3.4252,3.4293,-0.0952,-0.0966,0.6891,0.6872,-1.4249,0.1250,-0.0718,-0.4220
1791282167.7424,0.0132,2.2794,0.1188,-0.0784,3.9931,4.1487,3.2074,3.4053,-0.0996,-0.0966,0.7168,0.6872,-1.4258,0.1246,-0.0742,-0.4227
1791282167.7623,0.0199,0.5666,0.1088,-0.0784,3.6908,4.1487,2.9060,3.3813,-0.0996,-0.0966,0.7170,0.6888,-1.4271,0.1242,-0.0765,-0.4243
1791282167.7821,0.0197,3.6865,0.0990,-0.0784,3.3912,4.1487,2.6076,3.4053,-0.0996,-0.0966,0.7170,0.6888,-1.4283,0.1246,-0.0742,-0.4255
1791282167.8021,0.0200,0.5196,0.0950,-0.0784,3.2686,4.1247,2.4867,3.4053,-0.0996,-0.0982,0.7170,0.6980,-1.4299,0.1242,-0.0718,-0.4275
1791282167.8234,0.0213,0.3677,0.0950,-0.0784,3.2686,4.0528,2.4867,3.3094,-0.0996,-0.0982,0.7170,0.7041,-1.4324,0.1215,-0.0742,-0.4290
1791282167.8421,0.0186,0.4316,0.0950,-0.0784,3.2686,3.9089,2.4867,3.1175,-0.0996,-0.0982,0.7170,0.7102,-1.4349,0.1159,-0.0790,-0.4305
1791282167.8630,0.0209,0.3924,0.0950,-0.0784,3.2686,3.6930,2.4867,2.9017,-0.0996,-0.0982,0.7170,0.7133,-1.4366,0.1088,-0.0791,-0.4324
1791282167.8821,0.0191,0.5466,0.0950,-0.0784,3.2686,3.5252,2.4867,2.7338,-0.0996,-0.0982,0.7170,0.7133,-1.4381,0.1033,-0.0791,-0.4337
1791282167.9040,0.0219,0.3401,0.0950,-0.0784,3.2686,3.4053,2.4867,2.6619,-0.0996,-0.0982,0.7170,0.7148,-1.4401,0.1001,-0.0744,-0.4356
1791282167.9252,0.0212,2.6093,0.0950,-0.0784,3.2686,3.3573,2.4867,2.5899,-0.0996,-0.0982,0.7170,0.7148,-1.4420,0.0981,-0.0768,-0.4371
1791282167.9427,0.0175,1.6367,0.0862,-0.0735,2.9769,3.3094,2.2475,2.5180,-0.0934,-0.0982,0.7341,0.7148,-1.4439,0.0962,-0.0793,-0.4388
1791282167.9622,0.0194,1.7875,0.0770,-0.0735,2.6949,3.2854,1.9689,2.4940,-0.0934,-0.0982,0.7341,0.7148,-1.4458,0.0954,-0.0794,-0.4405
1791282167.9821,0.0200,4.4946,0.0770,-0.0735,2.6949,3.2614,1.9689,2.4700,-0.0934,-0.0966,0.7341,0.7164,-1.4476,0.0946,-0.0794,-0.4421
1791282168.0026,0.0205,0.4091,0.0770,-0.0735,2.6949,3.2134,1.9689,2.4700,-0.0934,-0.0966,0.7341,0.7225,-1.4492,0.0938,-0.0746,-0.4434
1791282168.0250,0.0223,0.2588,0.0770,-0.0735,2.6949,3.0935,1.9689,2.3741,-0.0934,-0.0951,0.7341,0.7286,-1.4508,0.0902,-0.0723,-0.4451
1791282168.0422,0.0172,1.1069,0.0770,-0.0735,2.6949,3.0456,1.9689,2.3022,-0.0934,-0.0951,0.7341,0.7302,-1.4514,0.0882,-0.0748,-0.4457
1791282168.0621,0.0200,0.4438,0.0770,-0.0735,2.6949,2.9257,1.9689,2.1823,-0.0934,-0.0951,0.7341,0.7317,-1.4527,0.0843,-0.0750,-0.4470
1791282168.0821,0.0200,0.4376,0.0770,-0.0735,2.6949,2.7818,1.9689,2.0863,-0.0934,-0.0951,0.7341,0.7317,-1.4541,0.0803,-0.0703,-0.4485
1791282168.1026,0.0205,0.4363,0.0770,-0.0735,2.6949,2.7338,1.9689,2.0144,-0.0934,-0.0951,0.7341,0.7332,-1.4559,0.0783,-0.0728,-0.4501
1791282168.1243,0.0217,0.6886,0.0770,-0.0735,2.6949,2.7098,1.9689,1.9904,-0.0934,-0.0951,0.7341,0.7332,-1.4589,0.0776,-0.0728,-0.4523
1791282168.1420,0.0178,1.1880,0.0681,-0.0695,2.4045,2.7098,1.7208,1.9904,-0.0885,-0.0951,0.7532,0.7332,-1.4597,0.0776,-0.0728,-0.4530
1791282168.1621,0.0201,0.8640,0.0597,-0.0695,2.1483,2.7098,1.4675,1.9664,-0.0885,-0.0951,0.7532,0.7332,-1.4613,0.0772,-0.0752,-0.4544
1791282168.1821,0.0200,0.9080,0.0597,-0.0695,2.1483,2.6859,1.4675,1.9424,-0.0885,-0.0951,0.7532,0.7348,-1.4628,0.0764,-0.0753,-0.4561
1791282168.2020,0.0199,0.4432,0.0597,-0.0695,2.1483,2.6139,1.4675,1.9185,-0.0885,-0.0920,0.7532,0.7409,-1.4642,0.0748,-0.0705,-0.4572
1791282168.2225,0.0204,0.5203,0.0597,-0.0695,2.1483,2.5180,1.4675,1.8225,-0.0885,-0.0905,0.7532,0.7455,-1.4656,0.0716,-0.0706,-0.4586
1791282168.2421,0.0196,0.7453,0.0597,-0.0695,2.1483,2.3981,1.4675,1.7266,-0.0885,-0.0920,0.7532,0.7486,-1.4672,0.0681,-0.0683,-0.4602
1791282168.2621,0.0200,0.6070,0.0597,-0.0695,2.1483,2.3261,1.4675,1.6067,-0.0885,-0.0905,0.7532,0.7517,-1.4688,0.0649,-0.0733,-0.4618
1791282168.2825,0.0203,0.5125,0.0597,-0.0695,2.1483,2.2542,1.4675,1.5348,-0.0885,-0.0905,0.7532,0.7517,-1.4702,0.0625,-0.0734,-0.4629
1791282168.3022,0.0197,0.9448,0.0597,-0.0695,2.1483,2.1823,1.4675,1.4868,-0.0885,-0.0905,0.7532,0.7517,-1.4714,0.0605,-0.0710,-0.4643
1791282168.3283,0.0261,3.8816,0.0597,-0.0695,2.1483,2.1343,1.4675,1.4628,-0.0885,-0.0905,0.7532,0.7517,-1.4733,0.0594,-0.0686,-0.4661
1791282168.3429,0.0146,0.9494,0.0597,-0.0695,2.1483,2.1343,1.4675,1.4388,-0.0885,-0.0905,0.7532,0.7517,-1.4740,0.0590,-0.0710,-0.4669
1791282168.3638,0.0209,0.7505,0.0597,-0.0695,2.1483,2.1343,1.4675,1.4388,-0.0885,-0.0905,0.7532,0.7532,-1.4755,0.0590,-0.0710,-0.4683
1791282168.3821,0.0183,3.5891,0.0597,-0.0695,2.1483,2.1343,1.4675,1.4388,-0.0885,-0.0905,0.7532,0.7532,-1.4772,0.0590,-0.0710,-0.4701
1791282168.4021,0.0200,1.5417,0.0597,-0.0695,2.1483,2.1343,1.4675,1.4388,-0.0885,-0.0905,0.7532,0.7532,-1.4791,0.0590,-0.0710,-0.4713
1791282168.4253,0.0232,0.2914,0.0597,-0.0695,2.1483,2.1583,1.4675,1.4628,-0.0885,-0.0905,0.7532,0.7532,-1.4809,0.0597,-0.0710,-0.4729
1791282168.4420,0.0167,1.7764,0.0597,-0.0695,2.1483,2.1823,1.4675,1.4628,-0.0885,-0.0905,0.7532,0.7532,-1.4825,0.0601,-0.0734,-0.4743
1791282168.4624,0.0204,1.0048,0.0597,-0.0695,2.1483,2.1823,1.4675,1.4628,-0.0885,-0.0905,0.7532,0.7532,-1.4838,0.0601,-0.0734,-0.4755
1791282168.4838,0.0214,0.4268,0.0597,-0.0695,2.1483,2.1343,1.4675,1.4628,-0.0885,-0.0905,0.7532,0.7532,-1.4848,0.0594,-0.0686,-0.4770
1791282168.5021,0.0183,0.5070,0.0597,-0.0695,2.1483,2.1343,1.4675,1.4628,-0.0885,-0.0905,0.7532,0.7532,-1.4861,0.0594,-0.0686,-0.4784
1791282168.5250,0.0229,2.3316,0.0597,-0.0695,2.1483,2.1343,1.4675,1.4388,-0.0885,-0.0905,0.7532,0.7532,-1.4876,0.0590,-0.0710,-0.4798
1791282168.5421,0.0171,0.4318,0.0594,-0.0708,2.1470,2.1343,1.4539,1.4388,-0.0901,-0.0905,0.7361,0.7532,-1.4891,0.0590,-0.0710,-0.4812
1791282168.5621,0.0200,0.4816,0.0594,-0.0708,2.1470,2.1583,1.4539,1.4388,-0.0901,-0.0905,0.7361,0.7547,-1.4907,0.0594,-0.0735,-0.4823
1791282168.5822,0.0202,0.4559,0.0594,-0.0708,2.1470,2.1583,1.4539,1.4388,-0.0901,-0.0905,0.7361,0.7547,-1.4915,0.0594,-0.0735,-0.4834
1791282168.6020,0.0198,0.4458,0.0594,-0.0708,2.1470,2.1823,1.4539,1.4628,-0.0901,-0.0920,0.7361,0.7517,-1.4933,0.0601,-0.0734,-0.4851
1791282168.6224,0.0204,0.3572,0.0594,-0.0708,2.1470,2.1583,1.4539,1.4388,-0.0901,-0.0905,0.7361,0.7440,-1.4957,0.0594,-0.0735,-0.4871
1791282168.6423,0.0199,1.3223,0.0594,-0.0708,2.1470,2.1583,1.4539,1.4388,-0.0901,-0.0905,0.7361,0.7440,-1.4964,0.0594,-0.0735,-0.4878
1791282168.6621,0.0198,2.0073,0.0594,-0.0708,2.1470,2.1103,1.4539,1.4388,-0.0901,-0.0905,0.7361,0.7409,-1.4976,0.0586,-0.0686,-0.4892
1791282168.6821,0.0200,4.7819,0.0594,-0.0708,2.1470,2.1103,1.4539,1.4388,-0.0901,-0.0905,0.7361,0.7394,-1.4990,0.0586,-0.0686,-0.4904
1791282168.7021,0.0200,3.0398,0.0594,-0.0708,2.1470,2.1103,1.4539,1.4388,-0.0901,-0.0905,0.7361,0.7378,-1.5003,0.0586,-0.0686,-0.4918
1791282168.7230,0.0210,2.1395,0.0594,-0.0708,2.1470,2.1343,1.4539,1.4388,-0.0901,-0.0905,0.7361,0.7378,-1.5017,0.0590,-0.0710,-0.4932
1791282168.7423,0.0192,0.7173,0.0572,-0.0729,2.0898,2.1343,1.3764,1.4388,-0.0928,-0.0905,0.7296,0.7378,-1.5032,0.0590,-0.0710,-0.4948
1791282168.7647,0.0224,0.4314,0.0572,-0.0729,2.0898,2.1343,1.3764,1.4628,-0.0928,-0.0905,0.7296,0.7378,-1.5046,0.0594,-0.0686,-0.4962
1791282168.7823,0.0176,0.7575,0.0572,-0.0729,2.0898,2.1583,1.3764,1.4628,-0.0928,-0.0905,0.7296,0.7378,-1.5062,0.0597,-0.0710,-0.4975
1791282168.8021,0.0198,0.7309,0.0572,-0.0729,2.0898,2.1343,1.3764,1.4388,-0.0928,-0.0905,0.7296,0.7348,-1.5080,0.0590,-0.0710,-0.4989
1791282168.8229,0.0208,0.3106,0.0572,-0.0729,2.0898,2.1343,1.3764,1.3909,-0.0928,-0.0905,0.7296,0.7332,-1.5100,0.0582,-0.0760,-0.5008
1791282168.8421,0.0192,0.6503,0.0572,-0.0729,2.0898,2.1343,1.3764,1.3909,-0.0928,-0.0905,0.7296,0.7332,-1.5119,0.0582,-0.0760,-0.5025
1791282168.8625,0.0203,0.4281,0.0572,-0.0729,2.0898,2.1103,1.3764,1.3909,-0.0928,-0.0905,0.7296,0.7317,-1.5136,0.0578,-0.0735,-0.5037
1791282168.8827,0.0203,0.4504,0.0572,-0.0729,2.0898,2.0863,1.3764,1.3669,-0.0928,-0.0905,0.7296,0.7332,-1.5152,0.0570,-0.0736,-0.5052
1791282168.9025,0.0197,0.4243,0.0572,-0.0729,2.0898,2.0863,1.3764,1.3429,-0.0928,-0.0905,0.7296,0.7317,-1.5166,0.0566,-0.0760,-0.5067
1791282168.9245,0.0220,0.8393,0.0572,-0.0729,2.0898,2.0624,1.3764,1.3429,-0.0928,-0.0905,0.7296,0.7317,-1.5179,0.0562,-0.0736,-0.5085
1791282168.9423,0.0178,0.5290,0.0572,-0.0729,2.0898,2.0624,1.3764,1.3429,-0.0928,-0.0905,0.7296,0.7317,-1.5192,0.0562,-0.0736,-0.5099
1791282168.9621,0.0198,0.7988,0.0572,-0.0729,2.0898,2.0624,1.3764,1.3429,-0.0928,-0.0905,0.7296,0.7317,-1.5209,0.0562,-0.0736,-0.5113
1791282168.9830,0.0208,0.5261,0.0468,-0.1186,1.9945,2.0624,0.8404,1.3429,-0.1364,-0.0905,0.6860,0.7332,-1.5227,0.0562,-0.0736,-0.5125
1791282169.0022,0.0192,0.8481,0.0391,-0.1186,1.7594,2.0624,0.6097,1.3429,-0.1499,-0.0905,0.6822,0.7317,-1.5245,0.0562,-0.0736,-0.5141
1791282169.0231,0.0209,0.2695,0.0391,-0.1186,1.7594,2.0863,0.6097,1.3429,-0.1499,-0.0920,0.6822,0.7317,-1.5263,0.0566,-0.0760,-0.5160
1791282169.0421,0.0190,0.4351,0.0391,-0.1186,1.7594,2.0624,0.6097,1.2950,-0.1499,-0.1058,0.6822,0.7164,-1.5281,0.0554,-0.0785,-0.5177
1791282169.0637,0.0216,0.4454,0.0391,-0.1186,1.7594,1.9904,0.6097,1.1271,-0.1499,-0.1243,0.6822,0.7041,-1.5300,0.0514,-0.0885,-0.5199
1791282169.0821,0.0184,0.4997,0.0391,-0.1186,1.7594,1.8945,0.6097,0.9353,-0.1499,-0.1350,0.6822,0.6964,-1.5321,0.0467,-0.0986,-0.5220
1791282169.1021,0.0200,0.4016,0.0391,-0.1186,1.7594,1.8225,0.6097,0.8153,-0.1499,-0.1411,0.6822,0.6918,-1.5343,0.0435,-0.1037,-0.5240
1791282169.1229,0.0208,4.6928,0.0391,-0.1186,1.7594,1.7746,0.6097,0.7194,-0.1499,-0.1457,0.6822,0.6888,-1.5366,0.0412,-0.1088,-0.5265
1791282169.1421,0.0192,1.2391,0.0391,-0.1186,1.7594,1.7746,0.6097,0.6715,-0.1499,-0.1473,0.6822,0.6872,-1.5378,0.0404,-0.1137,-0.5277
1791282169.1622,0.0201,1.0897,0.0391,-0.1186,1.7594,1.7506,0.6097,0.6235,-0.1499,-0.1473,0.6822,0.6857,-1.5403,0.0392,-0.1163,-0.5302
1791282169.1821,0.0199,0.4031,0.0391,-0.1186,1.7594,1.7506,0.6097,0.5995,-0.1499,-0.1488,0.6822,0.6842,-1.5430,0.0388,-0.1188,-0.5329
1791282169.2021,0.0200,0.6876,0.0291,-0.1566,1.6365,1.7746,0.1263,0.5995,-0.1918,-0.1488,0.6403,0.6842,-1.5454,0.0392,-0.1212,-0.5351
1791282169.2224,0.0204,0.3087,0.0281,-0.1566,1.6075,1.7506,0.0980,0.5995,-0.1973,-0.1488,0.6364,0.6842,-1.5478,0.0388,-0.1188,-0.5375
1791282169.2447,0.0223,0.9021,0.0281,-0.1566,1.6075,1.7506,0.0980,0.5995,-0.1973,-0.1488,0.6364,0.6826,-1.5514,0.0388,-0.1188,-0.5413
1791282169.2622,0.0175,0.4607,0.0281,-0.1566,1.6075,1.7266,0.0980,0.5755,-0.1973,-0.1534,0.6364,0.6765,-1.5527,0.0380,-0.1188,-0.5424
1791282169.2821,0.0199,0.4186,0.0281,-0.1566,1.6075,1.6787,0.0980,0.4556,-0.1973,-0.1687,0.6364,0.6642,-1.5553,0.0352,-0.1264,-0.5454
1791282169.3022,0.0201,3.8390,0.0281,-0.1566,1.6075,1.6307,0.0980,0.3118,-0.1973,-0.1825,0.6364,0.6550,-1.5580,0.0321,-0.1366,-0.5482
1791282169.3228,0.0206,0.8634,0.0281,-0.1566,1.6075,1.6307,0.0980,0.2638,-0.1973,-0.1887,0.6364,0.6489,-1.5608,0.0313,-0.1416,-0.5513
1791282169.3421,0.0193,3.8816,0.0281,-0.1566,1.6075,1.6307,0.0980,0.1918,-0.1973,-0.1933,0.6364,0.6443,-1.5637,0.0301,-0.1491,-0.5546
1791282169.3621,0.0200,0.7103,0.0281,-0.1566,1.6075,1.6067,0.0980,0.1439,-0.1973,-0.1948,0.6364,0.6427,-1.5665,0.0289,-0.1517,-0.5579
1791282169.3821,0.0201,2.0808,0.0281,-0.1566,1.6075,1.5827,0.0980,0.1439,-0.1973,-0.1948,0.6364,0.6397,-1.5695,0.0285,-0.1493,-0.5610
1791282169.4021,0.0199,1.3123,0.0281,-0.1566,1.6075,1.5827,0.0980,0.1199,-0.1973,-0.1963,0.6364,0.6397,-1.5726,0.0281,-0.1518,-0.5640
1791282169.4225,0.0204,1.5934,0.0281,-0.1566,1.6075,1.6067,0.0980,0.0959,-0.1973,-0.1963,0.6364,0.6397,-1.5758,0.0281,-0.1567,-0.5675
1791282169.4420,0.0196,0.4194,0.0183,-0.2154,1.5889,1.6067,-0.4770,0.0480,-0.2384,-0.1963,0.5953,0.6397,-1.5790,0.0273,-0.1618,-0.5707
1791282169.4621,0.0200,0.5555,0.0083,-0.2755,1.5671,1.5827,-1.0623,0.0959,-0.2803,-0.1963,0.5534,0.6397,-1.5819,0.0277,-0.1543,-0.5735
1791282169.4828,0.0207,2.5497,0.0000,-0.3375,1.6043,1.5827,-1.6043,0.1439,-0.3236,-0.1979,0.5187,0.6366,-1.5847,0.0285,-0.1493,-0.5767
1791282169.5026,0.0198,0.3950,0.0000,-0.3971,1.8873,1.5827,-1.8873,0.0719,-0.3316,-0.2117,0.5187,0.6228,-1.5879,0.0273,-0.1568,-0.5802
1791282169.5253,0.0226,1.4478,0.0000,-0.4650,2.2104,1.5827,-2.2104,-0.1918,-0.3316,-0.2362,0.5187,0.5998,-1.5919,0.0229,-0.1846,-0.5850
1791282169.5421,0.0168,0.5290,0.0000,-0.5155,2.4502,1.5588,-2.4502,-0.6235,-0.3316,-0.2654,0.5187,0.5722,-1.5970,0.0154,-0.2278,-0.5908
1791282169.5622,0.0201,0.4614,0.0000,-0.5496,2.6124,1.6307,-2.6124,-1.0312,-0.3316,-0.2899,0.5187,0.5538,-1.6033,0.0099,-0.2787,-0.5978
1791282169.5837,0.0215,0.6313,0.0000,-0.5496,2.6124,1.7746,-2.6124,-1.3909,-0.3316,-0.3037,0.5187,0.5400,-1.6108,0.0063,-0.3320,-0.6059
1791282169.6022,0.0185,1.1618,0.0000,-0.5496,2.6124,1.9904,-2.6124,-1.7026,-0.3316,-0.3145,0.5187,0.5323,-1.6195,0.0047,-0.3876,-0.6152
1791282169.6240,0.0218,0.3533,0.0000,-0.5496,2.6124,2.1823,-2.6124,-2.0384,-0.3316,-0.3206,0.5187,0.5262,-1.6293,0.0024,-0.4435,-0.6254
1791282169.6421,0.0181,0.4556,0.0000,-0.5496,2.6124,2.3501,-2.6124,-2.2542,-0.3316,-0.3252,0.5187,0.5246,-1.6401,0.0016,-0.4840,-0.6360
1791282169.6621,0.0200,0.5917,0.0000,-0.5496,2.6124,2.4221,-2.6124,-2.3261,-0.3316,-0.3267,0.5187,0.5231,-1.6457,0.0016,-0.4991,-0.6415
1791282169.6821,0.0200,1.5284,0.0000,-0.5496,2.6124,2.5180,-2.6124,-2.4460,-0.3316,-0.3283,0.5187,0.5216,-1.6567,0.0012,-0.5219,-0.6523
1791282169.7020,0.0200,0.7427,0.0000,-0.5496,2.6124,2.5420,-2.6124,-2.4940,-0.3316,-0.3298,0.5187,0.5200,-1.6676,0.0008,-0.5295,-0.6633
1791282169.7257,0.0237,2.7697,0.0000,-0.5496,2.6124,2.5899,-2.6124,-2.5420,-0.3316,-0.3298,0.5187,0.5200,-1.6843,0.0008,-0.5396,-0.6796
1791282169.7421,0.0164,1.1426,0.0000,-0.5988,2.8465,2.5899,-2.8465,-2.5659,-0.3660,-0.3298,0.4843,0.5200,-1.6899,0.0004,-0.5422,-0.6855
1791282169.7627,0.0206,1.4349,0.0000,-0.6361,3.0240,2.5899,-3.0240,-2.5899,-0.3836,-0.3298,0.4558,0.5200,-1.7013,0.0000,-0.5448,-0.6967
1791282169.7821,0.0194,1.2145,0.0000,-0.6361,3.0240,2.5899,-3.0240,-2.6139,-0.3836,-0.3298,0.4558,0.5200,-1.7127,-0.0004,-0.5473,-0.7078
1791282169.8021,0.0200,0.3937,0.0000,-0.6361,3.0240,2.5899,-3.0240,-2.6379,-0.3836,-0.3359,0.4558,0.5139,-1.7240,-0.0008,-0.5498,-0.7189
1791282169.8223,0.0203,0.4867,0.0000,-0.6361,3.0240,2.6619,-3.0240,-2.6859,-0.3836,-0.3513,0.4558,0.4985,-1.7360,-0.0004,-0.5625,-0.7309
1791282169.8421,0.0198,0.6860,0.0000,-0.6361,3.0240,2.7578,-3.0240,-2.7818,-0.3836,-0.3636,0.4558,0.4817,-1.7485,-0.0004,-0.5826,-0.7433
1791282169.8644,0.0223,0.8435,0.0000,-0.6361,3.0240,2.8537,-3.0240,-2.8777,-0.3836,-0.3712,0.4558,0.4725,-1.7610,-0.0004,-0.6028,-0.7560
1791282169.8821,0.0177,0.5542,0.0000,-0.6361,3.0240,2.9257,-3.0240,-2.9257,-0.3836,-0.3758,0.4558,0.4663,-1.7737,0.0000,-0.6154,-0.7686
1791282169.9022,0.0201,0.3779,0.0000,-0.6361,3.0240,2.9736,-3.0240,-2.9496,-0.3836,-0.3789,0.4558,0.4617,-1.7863,0.0004,-0.6229,-0.7812
1791282169.9255,0.0232,6.5381,0.0000,-0.6361,3.0240,2.9496,-3.0240,-3.0216,-0.3836,-0.3820,0.4558,0.4587,-1.8050,-0.0012,-0.6280,-0.8006
1791282169.9436,0.0182,2.6361,0.0000,-0.6765,3.2162,2.9736,-3.2162,-3.0216,-0.4079,-0.3820,0.4472,0.4571,-1.8117,-0.0008,-0.6305,-0.8072
1791282169.9634,0.0198,0.6049,0.0000,-0.6765,3.2162,2.9976,-3.2162,-2.9976,-0.4079,-0.3820,0.4472,0.4571,-1.8250,0.0000,-0.6305,-0.8198
1791282169.9821,0.0187,2.2098,0.0000,-0.6765,3.2162,2.9976,-3.2162,-2.9976,-0.4079,-0.3835,0.4472,0.4571,-1.8378,0.0000,-0.6305,-0.8328
1791282170.0024,0.0203,0.7134,0.0000,-0.6765,3.2162,3.0456,-3.2162,-3.0216,-0.4079,-0.3927,0.4472,0.4541,-1.8504,0.0004,-0.6380,-0.8462
1791282170.0224,0.0200,3.6218,0.0000,-0.6765,3.2162,3.0695,-3.2162,-3.0695,-0.4079,-0.3988,0.4472,0.4510,-1.8638,0.0000,-0.6457,-0.8596
1791282170.0427,0.0203,2.8044,0.0000,-0.6765,3.2162,3.1175,-3.2162,-3.1415,-0.4079,-0.4019,0.4472,0.4510,-1.8780,-0.0004,-0.6583,-0.8732
1791282170.0622,0.0195,0.8014,0.0000,-0.6765,3.2162,3.1655,-3.2162,-3.2134,-0.4079,-0.4050,0.4472,0.4495,-1.8919,-0.0008,-0.6708,-0.8869
1791282170.0821,0.0198,0.4491,0.0000,-0.6765,3.2162,3.1655,-3.2162,-3.2134,-0.4079,-0.4065,0.4472,0.4495,-1.9058,-0.0008,-0.6708,-0.9011
1791282170.1048,0.0227,0.3887,0.0000,-0.6765,3.2162,3.1655,-3.2162,-3.1894,-0.4079,-0.4065,0.4472,0.4495,-1.9198,-0.0004,-0.6683,-0.9145
1791282170.1253,0.0205,3.4498,0.0000,-0.6765,3.2162,3.1894,-3.2162,-3.1655,-0.4079,-0.4065,0.4472,0.4495,-1.9333,0.0004,-0.6683,-0.9280
1791282170.1424,0.0171,1.4497,0.0000,-0.7277,3.4597,3.1894,-3.4597,-3.1655,-0.4436,-0.4065,0.4186,0.4495,-1.9469,0.0004,-0.6683,-0.9419
1791282170.1628,0.0205,0.4292,0.0000,-0.7479,3.5559,3.1655,-3.5559,-3.1894,-0.4508,-0.4065,0.4186,0.4495,-1.9608,-0.0004,-0.6683,-0.9558
1791282170.1821,0.0193,2.1736,0.0000,-0.7479,3.5559,3.1655,-3.5559,-3.1894,-0.4508,-0.4080,0.4186,0.4479,-1.9752,-0.0004,-0.6683,-0.9696
1791282170.2024,0.0203,0.6830,0.0000,-0.7479,3.5559,3.1894,-3.5559,-3.2134,-0.4508,-0.4142,0.4186,0.4433,-1.9824,-0.0004,-0.6734,-0.9767
1791282170.2230,0.0205,0.2591,0.0000,-0.7479,3.5559,3.3094,-3.5559,-3.2854,-0.4508,-0.4326,0.4186,0.4310,-2.0034,0.0004,-0.6935,-0.9987
1791282170.2422,0.0192,0.4598,0.0000,-0.7479,3.5559,3.3333,-3.5559,-3.3094,-0.4508,-0.4357,0.4186,0.4264,-2.0107,0.0004,-0.6985,-1.0061
1791282170.2629,0.0208,0.4518,0.0000,-0.7479,3.5559,3.4053,-3.5559,-3.3813,-0.4508,-0.4418,0.4186,0.4249,-2.0261,0.0004,-0.7136,-1.0214
1791282170.2821,0.0191,0.4102,0.0000,-0.7479,3.5559,3.4532,-3.5559,-3.4532,-0.4508,-0.4449,0.4186,0.4234,-2.0411,0.0000,-0.7263,-1.0366
1791282170.3020,0.0200,0.6785,0.0000,-0.7479,3.5559,3.4772,-3.5559,-3.5012,-0.4508,-0.4479,0.4186,0.4203,-2.0565,-0.0004,-0.7339,-1.0521
1791282170.3224,0.0204,1.8806,0.0000,-0.7479,3.5559,3.5012,-3.5559,-3.5252,-0.4508,-0.4495,0.4186,0.4203,-2.0721,-0.0004,-0.7389,-1.0674
1791282170.3421,0.0197,0.3917,0.0000,-0.7479,3.5559,3.5252,-3.5559,-3.5252,-0.4508,-0.4495,0.4186,0.4203,-2.0875,0.0000,-0.7414,-1.0827
1791282170.3621,0.0200,0.5551,0.0000,-0.7479,3.5559,3.5252,-3.5559,-3.4772,-0.4508,-0.4495,0.4186,0.4203,-2.1026,0.0008,-0.7362,-1.0982
1791282170.3824,0.0203,0.4395,0.0000,-0.7479,3.5559,3.5252,-3.5559,-3.5012,-0.4508,-0.4495,0.4186,0.4203,-2.1185,0.0004,-0.7388,-1.1135
1791282170.4022,0.0198,1.1350,0.0000,-0.7479,3.5559,3.5252,-3.5559,-3.5492,-0.4508,-0.4495,0.4186,0.4203,-2.1344,-0.0004,-0.7439,-1.1287
1791282170.4245,0.0223,0.5462,0.0111,-0.6811,3.5879,3.5252,-2.9136,-3.5492,-0.4974,-0.4495,0.4547,0.4203,-2.1500,-0.0004,-0.7439,-1.1445
1791282170.4421,0.0177,0.7759,0.0200,-0.6281,3.6134,3.5252,-2.4033,-3.5731,-0.5206,-0.4495,0.4547,0.4188,-2.1653,-0.0008,-0.7465,-1.1600
1791282170.4627,0.0205,0.6320,0.0262,-0.5666,3.5164,3.5492,-1.9277,-3.5252,-0.5206,-0.4510,0.4547,0.4203,-2.1802,0.0004,-0.7439,-1.1752
1791282170.4821,0.0194,0.5668,0.0262,-0.5084,3.2387,3.5492,-1.6501,-3.4053,-0.5206,-0.4663,0.4547,0.4295,-2.1949,0.0024,-0.7308,-1.1895
1791282170.5021,0.0201,2.8468,0.0262,-0.4481,2.9507,3.5492,-1.3620,-3.1655,-0.5206,-0.4847,0.4547,0.4372,-2.2096,0.0063,-0.7047,-1.2037
1791282170.5224,0.0203,0.3656,0.0262,-0.4152,2.7930,3.5731,-1.2044,-2.8297,-0.5206,-0.4985,0.4547,0.4449,-2.2233,0.0123,-0.6705,-1.2165
1791282170.5421,0.0196,0.4449,0.0262,-0.4152,2.7930,3.5252,-1.2044,-2.4460,-0.5206,-0.5062,0.4547,0.4479,-2.2354,0.0178,-0.6238,-1.2284
1791282170.5623,0.0202,0.5615,0.0262,-0.4152,2.7930,3.3813,-1.2044,-2.1343,-0.5206,-0.5123,0.4547,0.4495,-2.2462,0.0206,-0.5754,-1.2389
1791282170.5821,0.0198,0.5711,0.0262,-0.4152,2.7930,3.2134,-1.2044,-1.8225,-0.5206,-0.5154,0.4547,0.4525,-2.2557,0.0229,-0.5245,-1.2485
1791282170.6020,0.0199,0.3938,0.0262,-0.4152,2.7930,3.0456,-1.2044,-1.5588,-0.5206,-0.5170,0.4547,0.4525,-2.2650,0.0245,-0.4790,-1.2573
1791282170.6224,0.0203,0.3499,0.0262,-0.4152,2.7930,2.9257,-1.2044,-1.3909,-0.5206,-0.5185,0.4547,0.4510,-2.2740,0.0253,-0.4487,-1.2662
1791282170.6424,0.0200,0.9285,0.0262,-0.4152,2.7930,2.9017,-1.2044,-1.2950,-0.5206,-0.5170,0.4547,0.4525,-2.2828,0.0265,-0.4360,-1.2750
1791282170.6643,0.0218,1.6677,0.0262,-0.4152,2.7930,2.8777,-1.2044,-1.2470,-0.5206,-0.5185,0.4547,0.4525,-2.2911,0.0269,-0.4284,-1.2836
1791282170.6822,0.0179,0.7906,0.0173,-0.3615,2.2560,2.8537,-1.2097,-1.2230,-0.5206,-0.5185,0.4547,0.4525,-2.2951,0.0269,-0.4233,-1.2879
1791282170.7022,0.0201,0.5894,0.0072,-0.3013,1.6559,2.8058,-1.2181,-1.1990,-0.5206,-0.5185,0.4547,0.4525,-2.3071,0.0265,-0.4159,-1.3002
1791282170.7240,0.0218,0.4486,0.0000,-0.2359,1.1214,2.7578,-1.1214,-1.1990,-0.5206,-0.5185,0.4547,0.4525,-2.3154,0.0257,-0.4111,-1.3085
1791282170.7421,0.0181,0.4382,0.0000,-0.1816,0.8631,2.7098,-0.8631,-1.1990,-0.5206,-0.5185,0.4547,0.4525,-2.3196,0.0249,-0.4062,-1.3124
1791282170.7623,0.0202,1.4089,0.0000,-0.1211,0.5758,2.5899,-0.5758,-1.1990,-0.5206,-0.5185,0.4547,0.4525,-2.3275,0.0229,-0.3941,-1.3201
1791282170.7830,0.0207,0.9082,0.0000,-0.0589,0.2800,2.0624,-0.2800,-1.1751,-0.5206,-0.5185,0.4547,0.4525,-2.3374,0.0146,-0.3381,-1.3289
1791282170.8021,0.0191,0.9077,0.0000,-0.0016,0.0075,1.8705,-0.0075,-1.1511,-0.5206,-0.5185,0.4547,0.4525,-2.3402,0.0119,-0.3160,-1.3313
1791282170.8236,0.0215,0.8544,0.0000,0.0000,0.0000,1.5108,0.0000,-1.0552,-0.5206,-0.5185,0.4547,0.4525,-2.3450,0.0075,-0.2689,-1.3358
1791282170.8421,0.0185,0.8398,0.0000,0.0000,0.0000,1.1511,0.0000,-0.9113,-0.5206,-0.5185,0.4547,0.4525,-2.3486,0.0040,-0.2165,-1.3387
1791282170.8623,0.0202,0.5381,0.0000,0.0000,0.0000,0.8153,0.0000,-0.6715,-0.5206,-0.5185,0.4547,0.4525,-2.3511,0.0024,-0.1562,-1.3408
1791282170.8827,0.0204,4.0060,0.0000,0.0000,0.0000,0.5276,0.0000,-0.4556,-0.5206,-0.5185,0.4547,0.4525,-2.3525,0.0012,-0.1034,-1.3421
1791282170.9027,0.0200,0.4003,0.0000,0.0000,0.0000,0.3118,0.0000,-0.2878,-0.5206,-0.5185,0.4547,0.4525,-2.3531,0.0004,-0.0631,-1.3424
1791282170.9226,0.0198,0.3096,0.0000,0.0000,0.0000,0.1679,0.0000,-0.1439,-0.5206,-0.5170,0.4547,0.4525,-2.3535,0.0004,-0.0328,-1.3426
1791282170.9421,0.0196,1.2245,0.0000,0.0000,0.0000,0.0959,0.0000,-0.0719,-0.5206,-0.5185,0.4547,0.4510,-2.3535,0.0004,-0.0177,-1.3429
1791282170.9621,0.0199,0.8093,0.0000,0.0000,0.0000,0.0480,0.0000,-0.0240,-0.5206,-0.5185,0.4547,0.4525,-2.3535,0.0004,-0.0076,-1.3429
1791282170.9821,0.0200,3.5189,0.0000,0.0000,0.0000,0.0000,0.0000,0.0000,-0.5206,-0.5185,0.4547,0.4525,-2.3535,0.0000,0.0000,-1.3429
1791282171.0021,0.0200,0.5266,0.0000,0.0000,0.0000,0.0000,0.0000,0.0000,-0.5206,-0.5185,0.4547,0.4525,-2.3535,0.0000,0.0000,-1.3429
1791282171.0226,0.0205,0.3454,0.0000,0.0000,0.0000,0.0000,0.0000,0.0000,-0.5206,-0.5185,0.4547,0.4525,-2.3535,0.0000,0.0000,-1.3427
1791282171.0421,0.0194,0.4495,0.0000,0.0000,0.0000,0.0000,0.0000,0.0000,-0.5206,-0.5185,0.4547,0.4525,-2.3535,0.0000,0.0000,-1.3429
1791282171.0621,0.0200,0.5392,0.0000,0.0000,0.0000,0.0000,0.0000,0.0000,-0.5206,-0.5185,0.4547,0.4525,-2.3535,0.0000,0.0000,-1.3429
1791282171.0823,0.0202,0.5235,0.0000,0.0000,0.0000,0.0000,0.0000,0.0000,-0.5206,-0.5185,0.4547,0.4525,-2.3536,0.0000,0.0000,-1.3429
1791282171.1021,0.0198,2.0144,0.0000,0.0000,0.0000,0.0000,0.0000,0.0000,-0.5206,-0.5185,0.4547,0.4525,-2.3536,0.0000,0.0000,-1.3429
1791282171.1244,0.0224,1.7353,0.0000,0.0000,0.0000,0.0000,0.0000,0.0000,-0.5206,-0.5185,0.4547,0.4525,-2.3535,0.0000,0.0000,-1.3427
1791282171.1422,0.0177,1.0715,0.0000,0.0000,0.0000,0.0000,0.0000,0.0000,-0.4834,-0.5185,0.4175,0.4525,-2.3536,0.0000,0.0000,-1.3429
1791282171.1621,0.0200,3.0115,0.0000,0.0000,0.0000,0.0000,0.0000,0.0000,-0.4416,-0.5185,0.3757,0.4525,-2.3536,0.0000,0.0000,-1.3429
1791282171.1821,0.0200,0.4769,0.0000,-0.0600,0.2853,0.0000,-0.2853,0.0000,-0.3997,-0.5154,0.3338,0.4510,-2.3535,0.0000,0.0000,-1.3429
1791282171.2023,0.0202,1.0777,0.0000,-0.1206,0.5731,0.0000,-0.5731,0.0000,-0.3574,-0.5062,0.2915,0.4433,-2.3535,0.0000,0.0000,-1.3429
1791282171.2224,0.0200,0.4093,0.0000,-0.1807,0.8589,0.0000,-0.8589,0.0000,-0.3155,-0.4847,0.2495,0.4218,-2.3534,0.0000,0.0000,-1.3431
1791282171.2421,0.0197,2.5484,0.0000,-0.2398,1.1398,0.0240,-1.1398,-0.0480,-0.2742,-0.4571,0.2083,0.3927,-2.3537,-0.0004,-0.0076,-1.3439
1791282171.2623,0.0203,2.9092,0.0000,-0.3006,1.4288,0.1679,-1.4288,-0.1679,-0.2318,-0.4218,0.1658,0.3574,-2.3548,0.0000,-0.0353,-1.3453
1791282171.2821,0.0197,3.3705,0.0000,-0.3599,1.7103,0.3597,-1.7103,-0.3597,-0.1904,-0.3850,0.1245,0.3206,-2.3568,0.0000,-0.0757,-1.3481
1791282171.3021,0.0200,0.8661,0.0000,-0.4198,1.9954,0.4796,-1.9954,-0.4556,-0.1485,-0.3666,0.0826,0.3007,-2.3581,0.0004,-0.0984,-1.3498
1791282171.3237,0.0217,4.9988,0.0000,-0.4848,2.3044,0.8393,-2.3044,-0.8153,-0.1032,-0.3083,0.0373,0.2408,-2.3640,0.0004,-0.1740,-1.3566
1791282171.3423,0.0185,0.7778,0.0000,-0.5404,2.5690,0.9832,-2.5690,-0.9592,-0.0643,-0.2869,0.0000,0.2194,-2.3665,0.0004,-0.2043,-1.3597
1791282171.3654,0.0231,0.4798,0.0000,-0.6097,2.8986,1.3669,-2.8986,-1.3669,-0.0160,-0.2255,0.0000,0.1595,-2.3756,0.0000,-0.2876,-1.3702
1791282171.3827,0.0173,2.1895,0.0000,-0.6617,3.1460,1.5108,-3.1460,-1.5108,0.0000,-0.2056,0.0000,0.1381,-2.3793,0.0000,-0.3179,-1.3742
1791282171.4029,0.0202,1.7222,0.0000,-0.7224,3.4345,1.7986,-3.4345,-1.7746,0.0000,-0.1626,0.0000,0.0966,-2.3876,0.0004,-0.3758,-1.3836
1791282171.4229,0.0200,1.3751,0.0000,-0.7824,3.7202,2.0863,-3.7202,-2.0624,0.0000,-0.1227,0.0000,0.0583,-2.3972,0.0004,-0.4363,-1.3939
1791282171.4421,0.0191,4.8465,0.0000,-0.8000,3.8039,2.3981,-3.8039,-2.3501,0.0000,-0.0813,0.0000,0.0337,-2.4083,0.0008,-0.4993,-1.4055
1791282171.4623,0.0203,4.4356,0.0000,-0.8000,3.8039,2.6619,-3.8039,-2.6379,0.0000,-0.0522,0.0000,0.0215,-2.4203,0.0004,-0.5574,-1.4181
1791282171.4825,0.0202,1.7105,0.0000,-0.8000,3.8039,2.9496,-3.8039,-2.9257,0.0000,-0.0337,0.0000,0.0138,-2.4330,0.0004,-0.6179,-1.4323
1791282171.5021,0.0196,3.7339,0.0000,-0.8000,3.8039,3.1894,-3.8039,-3.2134,0.0000,-0.0199,0.0000,0.0077,-2.4474,-0.0004,-0.6734,-1.4475
1791282171.5225,0.0203,0.3497,0.0000,-0.8000,3.8039,3.4293,-3.8039,-3.4293,0.0000,-0.0123,0.0000,0.0046,-2.4627,0.0000,-0.7213,-1.4628
1791282171.5421,0.0197,0.9409,0.0000,-0.8000,3.8039,3.5971,-3.8039,-3.5731,0.0000,-0.0077,0.0000,0.0015,-2.4785,0.0004,-0.7539,-1.4783
1791282171.5621,0.0200,0.3759,0.0000,-0.8000,3.8039,3.6930,-3.8039,-3.6691,0.0000,-0.0046,0.0000,0.0015,-2.4944,0.0004,-0.7741,-1.4946
1791282171.5821,0.0200,0.6807,0.0000,-0.8000,3.8039,3.7410,-3.8039,-3.7410,0.0000,-0.0031,0.0000,0.0015,-2.5103,0.0000,-0.7868,-1.5110
1791282171.6020,0.0199,0.4464,0.0000,-0.8000,3.8039,3.7650,-3.8039,-3.8130,0.0000,-0.0015,0.0000,0.0015,-2.5264,-0.0008,-0.7969,-1.5270
1791282171.6240,0.0220,0.3058,0.0000,-0.8000,3.8039,3.7890,-3.8039,-3.8369,0.0000,-0.0015,0.0000,0.0015,-2.5423,-0.0008,-0.8021,-1.5433
1791282171.6421,0.0181,0.4601,0.0000,-0.8000,3.8039,3.7890,-3.8039,-3.8369,0.0000,-0.0015,0.0000,0.0015,-2.5583,-0.0008,-0.8021,-1.5594
1791282171.6638,0.0217,2.5492,0.0000,-0.8000,3.8039,3.7650,-3.8039,-3.8130,0.0000,-0.0015,0.0000,0.0015,-2.5742,-0.0008,-0.7969,-1.5752
1791282171.6839,0.0200,0.6493,0.0000,-0.8000,3.8039,3.7650,-3.8039,-3.8130,0.0000,-0.0015,0.0000,0.0015,-2.5904,-0.0008,-0.7969,-1.5915
1791282171.7021,0.0182,0.5693,0.0000,-0.8000,3.8039,3.7890,-3.8039,-3.7650,0.0000,-0.0031,0.0000,-0.0000,-2.6069,0.0004,-0.7943,-1.6078
1791282171.7278,0.0258,1.8867,0.0000,-0.8000,3.8039,3.8130,-3.8039,-3.7650,0.0000,-0.0015,0.0000,-0.0000,-2.6237,0.0008,-0.7967,-1.6239
1791282171.7421,0.0143,1.4702,0.0000,-0.8000,3.8039,3.8130,-3.8039,-3.7890,0.0000,-0.0015,0.0000,-0.0000,-2.6407,0.0004,-0.7994,-1.6404
1791282171.7621,0.0200,0.7708,0.0000,-0.8000,3.8039,3.7890,-3.8039,-3.8130,0.0000,-0.0015,0.0000,0.0015,-2.6572,-0.0004,-0.7995,-1.6562
1791282171.7837,0.0216,0.5268,0.0000,-0.8000,3.8039,3.7650,-3.8039,-3.8130,0.0000,-0.0015,0.0000,-0.0000,-2.6740,-0.0008,-0.7969,-1.6722
1791282171.8020,0.0183,0.5060,0.0000,-0.8000,3.8039,3.7650,-3.8039,-3.8130,0.0000,-0.0015,0.0000,-0.0000,-2.6907,-0.0008,-0.7969,-1.6888
1791282171.8227,0.0208,0.6553,0.0000,-0.8000,3.8039,3.7890,-3.8039,-3.7890,0.0000,-0.0015,0.0000,-0.0000,-2.7073,0.0000,-0.7969,-1.7049
1791282171.8421,0.0193,0.7416,0.0000,-0.8000,3.8039,3.8130,-3.8039,-3.8130,0.0000,-0.0015,0.0000,-0.0000,-2.7239,0.0000,-0.8021,-1.7212
1791282171.8627,0.0206,0.9650,0.0000,-0.8000,3.8039,3.8130,-3.8039,-3.8130,0.0000,-0.0015,0.0000,-0.0000,-2.7408,0.0000,-0.8021,-1.7375
1791282171.8825,0.0198,2.1449,0.0000,-0.8000,3.8039,3.7890,-3.8039,-3.8130,0.0000,-0.0015,0.0000,-0.0000,-2.7493,-0.0004,-0.7995,-1.7456
1791282171.9048,0.0223,0.4980,0.0000,-0.8000,3.8039,3.7890,-3.8039,-3.8130,0.0000,-0.0015,0.0000,-0.0000,-2.7745,-0.0004,-0.7995,-1.7701
1791282171.9233,0.0185,1.0514,0.0000,-0.8000,3.8039,3.7890,-3.8039,-3.7890,0.0000,-0.0015,0.0000,-0.0000,-2.7912,0.0000,-0.7969,-1.7865
1791282171.9421,0.0188,0.3893,0.0000,-0.8000,3.8039,3.8130,-3.8039,-3.7890,0.0000,-0.0015,0.0000,-0.0000,-2.7995,0.0004,-0.7994,-1.7943
1791282171.9640,0.0219,0.4304,0.0000,-0.8000,3.8039,3.7890,-3.8039,-3.8130,0.0000,-0.0015,0.0000,-0.0000,-2.8251,-0.0004,-0.7995,-1.8190
1791282171.9821,0.0181,0.4110,0.0000,-0.8000,3.8039,3.7890,-3.8039,-3.8130,0.0000,-0.0015,0.0000,-0.0000,-2.8338,-0.0004,-0.7995,-1.8272
1791282172.0035,0.0214,0.4393,0.0000,-0.8000,3.8039,3.8130,-3.8039,-3.8130,0.0000,-0.0015,0.0000,-0.0000,-2.8508,0.0000,-0.8021,-1.8432
1791282172.0238,0.0204,0.3672,0.0000,-0.8000,3.8039,3.8130,-3.8039,-3.7890,0.0000,-0.0015,0.0000,-0.0000,-2.8671,0.0004,-0.7994,-1.8595
1791282172.0425,0.0186,0.4435,0.0000,-0.8000,3.8039,3.8130,-3.8039,-3.7890,0.0000,-0.0015,0.0000,-0.0000,-2.8839,0.0004,-0.7994,-1.8756
1791282172.0621,0.0197,1.2851,0.0000,-0.8000,3.8039,3.8369,-3.8039,-3.8130,0.0000,-0.0015,0.0000,-0.0000,-2.9008,0.0004,-0.8046,-1.8922
1791282172.0821,0.0199,0.4476,0.0000,-0.8000,3.8039,3.8369,-3.8039,-3.8130,0.0000,-0.0015,0.0000,-0.0000,-2.9177,0.0004,-0.8046,-1.9085
1791282172.1020,0.0200,0.4009,0.0000,-0.8000,3.8039,3.8130,-3.8039,-3.8130,0.0000,-0.0015,0.0000,-0.0000,-2.9345,0.0000,-0.8021,-1.9248
1791282172.1229,0.0209,1.1095,0.0000,-0.8000,3.8039,3.8130,-3.8039,-3.8130,0.0000,-0.0015,0.0000,-0.0015,-2.9512,0.0000,-0.8021,-1.9408
1791282172.1422,0.0193,1.0847,0.0000,-0.7422,3.5286,3.8369,-3.5286,-3.7650,0.0000,-0.0015,0.0000,-0.0000,-2.9679,0.0012,-0.7992,-1.9571
1791282172.1628,0.0206,0.5447,0.0000,-0.6804,3.2348,3.8130,-3.2348,-3.7890,0.0000,-0.0015,0.0000,-0.0000,-2.9845,0.0004,-0.7994,-1.9734
1791282172.1821,0.0193,1.5767,0.0097,-0.6224,3.2625,3.7890,-2.6770,-3.8130,0.0405,-0.0015,-0.0405,-0.0000,-3.0019,-0.0004,-0.7995,-1.9895
1791282172.2023,0.0201,0.4597,0.0197,-0.5620,3.2911,3.7410,-2.0950,-3.7890,0.0827,-0.0015,-0.0827,-0.0000,-3.0182,-0.0008,-0.7918,-2.0051
1791282172.2241,0.0218,0.3276,0.0306,-0.4965,3.3211,3.6211,-1.4636,-3.6211,0.1284,0.0000,-0.1284,-0.0015,-3.0331,0.0000,-0.7616,-2.0195
1791282172.2420,0.0180,0.3979,0.0396,-0.4426,3.3445,3.4532,-0.9429,-3.3573,0.1660,0.0138,-0.1660,-0.0123,-3.0473,0.0016,-0.7159,-2.0329
1791282172.2630,0.0209,1.5604,0.0501,-0.3798,3.3688,3.3333,-0.3328,-2.9976,0.2098,0.0368,-0.2098,-0.0337,-3.0608,0.0055,-0.6645,-2.0453
1791282172.2828,0.0198,0.7228,0.0600,-0.3203,3.3872,3.2854,0.2499,-2.5899,0.2514,0.0675,-0.2514,-0.0690,-3.0737,0.0115,-0.6153,-2.0567
1791282172.3023,0.0195,0.4685,0.0697,-0.2619,3.4025,3.2854,0.8245,-2.1103,0.2548,0.1028,-0.2879,-0.1058,-3.0853,0.0194,-0.5631,-2.0669
1791282172.3258,0.0235,0.8598,0.0815,-0.1913,3.4173,3.3094,1.5229,-1.5827,0.2548,0.1381,-0.2879,-0.1381,-3.0947,0.0285,-0.5082,-2.0757
1791282172.3423,0.0165,0.8727,0.0898,-0.1417,3.4252,3.3094,2.0159,-1.0312,0.2548,0.1749,-0.2879,-0.1779,-3.1028,0.0376,-0.4486,-2.0834
1791282172.3627,0.0203,2.2946,0.0999,-0.0808,3.4321,3.3094,2.6246,-0.4317,0.2548,0.2025,-0.2879,-0.2178,-3.1098,0.0475,-0.3844,-2.0902
1791282172.3839,0.0212,0.9178,0.1105,-0.0172,3.4356,3.3094,3.2635,0.1199,0.2572,0.2209,-0.2736,-0.2424,-3.1156,0.0566,-0.3262,-2.0954
1791282172.4028,0.0189,0.4133,0.1200,0.0397,3.4485,3.3573,3.8248,0.6235,0.2572,0.2332,-0.2736,-0.2592,-3.1209,0.0657,-0.2783,-2.0999
1791282172.4224,0.0196,0.3967,0.1298,0.0984,3.4655,3.4293,4.4013,1.2470,0.2572,0.2408,-0.2736,-0.2700,-3.1248,0.0772,-0.2209,-2.1032
1791282172.4421,0.0197,0.4411,0.1396,0.1575,3.4813,3.4532,4.9823,1.8945,0.2572,0.2485,-0.2736,-0.2715,-3.1268,0.0882,-0.1569,-2.1050
1791282172.4636,0.0215,1.1237,0.1504,0.2070,3.5690,3.4293,5.5464,2.5180,0.2572,0.2516,-0.2736,-0.2730,-3.1277,0.0981,-0.0912,-2.1054
1791282172.4823,0.0188,0.4158,0.1598,0.2070,3.8531,3.4293,5.8306,2.7818,0.2572,0.2516,-0.2736,-0.2715,-3.1281,0.1025,-0.0648,-2.1055
1791282172.5027,0.0203,0.4134,0.1699,0.2070,4.1612,3.4293,6.1387,3.3333,0.2572,0.2546,-0.2736,-0.2730,-3.1284,0.1116,-0.0096,-2.1044
1791282172.5259,0.0232,0.2976,0.1816,0.2070,4.5132,3.4772,6.4906,4.1966,0.2572,0.2546,-0.2736,-0.2730,-3.1261,0.1266,0.0757,-2.1007
1791282172.5426,0.0167,1.3162,0.1899,0.2070,4.7666,3.5012,6.7441,4.4844,0.2572,0.2562,-0.2736,-0.2730,-3.1247,0.1318,0.1033,-2.0991
1791282172.5637,0.0210,0.3735,0.2000,0.2070,5.0719,3.6211,7.0493,4.9880,0.2572,0.2562,-0.2736,-0.2730,-3.1219,0.1421,0.1433,-2.0957
1791282172.5824,0.0187,0.4823,0.2000,0.2070,5.0719,3.8369,7.0493,5.4197,0.2572,0.2562,-0.2736,-0.2730,-3.1186,0.1527,0.1657,-2.0922
1791282172.6027,0.0203,1.2149,0.2000,0.2070,5.0719,4.0528,7.0493,5.8513,0.2572,0.2562,-0.2736,-0.2730,-3.1147,0.1634,0.1883,-2.0882
1791282172.6239,0.0212,0.2742,0.2000,0.2070,5.0719,4.2686,7.0493,6.1631,0.2572,0.2562,-0.2736,-0.2730,-3.1117,0.1721,0.1983,-2.0843
1791282172.6422,0.0183,2.9289,0.2000,0.2070,5.0719,4.5084,7.0493,6.4508,0.2572,0.2562,-0.2736,-0.2730,-3.1090,0.1808,0.2033,-2.0803
1791282172.6622,0.0199,0.5688,0.2000,0.2070,5.0719,4.7722,7.0493,6.6906,0.2572,0.2562,-0.2736,-0.2730,-3.1047,0.1891,0.2008,-2.0769
1791282172.6823,0.0201,0.5196,0.1899,0.1467,5.0553,4.9161,6.4565,6.8345,0.2572,0.2562,-0.2736,-0.2730,-3.1009,0.1939,0.2008,-2.0731
1791282172.7026,0.0203,1.4835,0.1798,0.0858,5.0386,4.9400,5.8580,6.8825,0.2572,0.2546,-0.2736,-0.2730,-3.0981,0.1951,0.2033,-2.0689
1791282172.7243,0.0218,0.7807,0.1689,0.0205,5.0208,4.9880,5.2167,6.8585,0.2572,0.2546,-0.2736,-0.2730,-3.0946,0.1955,0.1958,-2.0657
1791282172.7421,0.0178,0.6080,0.1600,0.0000,4.8496,5.0120,4.8496,6.8345,0.2572,0.2562,-0.2736,-0.2730,-3.0917,0.1955,0.1908,-2.0622
1791282172.7621,0.0200,0.4892,0.1500,0.0000,4.5467,5.0360,4.5467,6.6427,0.2572,0.2562,-0.2736,-0.2730,-3.0902,0.1927,0.1682,-2.0598
1791282172.7822,0.0202,0.4787,0.1400,0.0000,4.2411,5.0600,4.2411,6.2830,0.2572,0.2562,-0.2736,-0.2730,-3.0890,0.1872,0.1280,-2.0586
1791282172.8021,0.0199,0.5296,0.1300,0.0000,3.9404,5.0360,3.9404,5.8753,0.2572,0.2562,-0.2736,-0.2746,-3.0888,0.1800,0.0879,-2.0578
1791282172.8223,0.0202,0.3312,0.1199,0.0000,3.6336,4.9400,3.6336,5.4197,0.2572,0.2562,-0.2736,-0.2746,-3.0890,0.1709,0.0502,-2.0574
1791282172.8422,0.0198,0.4891,0.1100,0.0000,3.3335,4.7722,3.3335,5.0120,0.2572,0.2562,-0.2736,-0.2746,-3.0889,0.1614,0.0251,-2.0577
1791282172.8624,0.0203,1.2122,0.0999,0.0000,3.0265,4.5564,3.0265,4.6763,0.2572,0.2562,-0.2736,-0.2746,-3.0886,0.1523,0.0126,-2.0575
1791282172.8821,0.0196,0.4332,0.0901,0.0000,2.7289,4.2926,2.7289,4.3405,0.2572,0.2562,-0.2736,-0.2746,-3.0881,0.1424,0.0050,-2.0570
1791282172.9021,0.0200,0.3344,0.0800,0.0000,2.4256,4.0048,2.4256,4.0528,0.2572,0.2562,-0.2736,-0.2746,-3.0873,0.1329,0.0050,-2.0574
1791282172.9238,0.0217,5.4249,0.0692,0.0000,2.0962,3.6691,2.0962,3.7410,0.2572,0.2562,-0.2736,-0.2746,-3.0870,0.1223,0.0076,-2.0570
1791282172.9422,0.0184,2.3727,0.0600,0.0000,1.8173,3.3573,1.8173,3.4053,0.2572,0.2562,-0.2736,-0.2746,-3.0868,0.1116,0.0051,-2.0567
1791282172.9627,0.0205,0.5517,0.0702,0.0614,1.8406,3.0695,2.4145,3.0935,0.3001,0.2562,-0.2736,-0.2746,-3.0868,0.1017,0.0025,-2.0567
1791282172.9827,0.0200,0.6850,0.0802,0.1214,1.8613,2.7818,2.9998,2.8058,0.3373,0.2562,-0.2736,-0.2746,-3.0868,0.0922,0.0025,-2.0567
1791282173.0020,0.0193,0.4681,0.0899,0.1794,1.8792,2.4940,3.5671,2.4700,0.3373,0.2577,-0.2736,-0.2746,-3.0867,0.0819,-0.0024,-2.0567
1791282173.0223,0.0203,0.7342,0.1000,0.2403,1.8960,2.2542,4.1663,2.2782,0.3373,0.2715,-0.2736,-0.2746,-3.0868,0.0748,0.0026,-2.0557
1791282173.0421,0.0197,0.3951,0.1099,0.2711,2.0469,2.1343,4.6137,2.2782,0.3373,0.2823,-0.2736,-0.2746,-3.0866,0.0728,0.0154,-2.0551
1791282173.0623,0.0202,2.0481,0.1200,0.2711,2.3505,1.9904,4.9231,2.4940,0.3373,0.3007,-0.2736,-0.2746,-3.0854,0.0740,0.0538,-2.0529
1791282173.0821,0.0197,0.3955,0.1299,0.2711,2.6469,1.9185,5.2252,2.8058,0.3373,0.3145,-0.2736,-0.2746,-3.0839,0.0779,0.0947,-2.0495
1791282173.1029,0.0209,0.4111,0.1403,0.2711,2.9598,1.9185,5.5443,3.2614,0.3373,0.3237,-0.2736,-0.2746,-3.0813,0.0855,0.1429,-2.0454
1791282173.1225,0.0196,0.8819,0.1501,0.2711,3.2542,1.9664,5.8443,3.7650,0.3373,0.3283,-0.2736,-0.2746,-3.0769,0.0946,0.1908,-2.0405
1791282173.1421,0.0195,0.4168,0.1599,0.2711,3.5500,2.1103,6.1401,4.1966,0.3373,0.3313,-0.2736,-0.2746,-3.0720,0.1041,0.2207,-2.0352
1791282173.1621,0.0200,0.4069,0.1699,0.2711,3.8535,2.3261,6.4436,4.6043,0.3373,0.3344,-0.2736,-0.2746,-3.0671,0.1144,0.2404,-2.0295
1791282173.1821,0.0200,0.5200,0.1799,0.2711,4.1572,2.5659,6.7473,4.9640,0.3373,0.3344,-0.2736,-0.2746,-3.0621,0.1242,0.2525,-2.0243
1791282173.2027,0.0206,0.4931,0.1902,0.2694,4.4771,2.8777,7.0510,5.3237,0.3352,0.3344,-0.2796,-0.2746,-3.0571,0.1353,0.2569,-2.0185
1791282173.2224,0.0197,0.3153,0.2000,0.2694,4.7737,3.1655,7.3476,5.6595,0.3352,0.3359,-0.2796,-0.2746,-3.0521,0.1456,0.2613,-2.0129
1791282173.2422,0.0198,2.7290,0.2000,0.2694,4.7737,3.4532,7.3476,5.9952,0.3352,0.3359,-0.2796,-0.2746,-3.0467,0.1559,0.2661,-2.0067
1791282173.2622,0.0200,1.2802,0.2000,0.2694,4.7737,3.7890,7.3476,6.3309,0.3352,0.3344,-0.2796,-0.2761,-3.0410,0.1670,0.2661,-2.0012
1791282173.2830,0.0208,1.2903,0.2000,0.2694,4.7737,4.0767,7.3476,6.5468,0.3352,0.3344,-0.2796,-0.2777,-3.0356,0.1753,0.2586,-1.9961
1791282173.3021,0.0190,1.1183,0.2000,0.2694,4.7737,4.3405,7.3476,6.6427,0.3352,0.3359,-0.2796,-0.2777,-3.0305,0.1812,0.2410,-1.9914
1791282173.3223,0.0203,3.4689,0.2000,0.2694,4.7737,4.5324,7.3476,6.7386,0.3352,0.3359,-0.2796,-0.2777,-3.0257,0.1860,0.2309,-1.9861
1791282173.3423,0.0199,1.8289,0.2000,0.2694,4.7737,4.6283,7.3476,6.7626,0.3352,0.3344,-0.2796,-0.2777,-3.0212,0.1879,0.2234,-1.9816
1791282173.3621,0.0199,2.6611,0.2000,0.2694,4.7737,4.6763,7.3476,6.7866,0.3352,0.3344,-0.2796,-0.2777,-3.0166,0.1891,0.2209,-1.9768
1791282173.3837,0.0216,0.4125,0.2000,0.2694,4.7737,4.7002,7.3476,6.8106,0.3352,0.3344,-0.2796,-0.2777,-3.0124,0.1899,0.2209,-1.9726
1791282173.4020,0.0183,2.9637,0.2000,0.2694,4.7737,4.7002,7.3476,6.7866,0.3352,0.3344,-0.2796,-0.2777,-3.0086,0.1895,0.2184,-1.9680
1791282173.4247,0.0227,1.0032,0.2000,0.2694,4.7737,4.7482,7.3476,6.7866,0.3352,0.3344,-0.2796,-0.2777,-3.0039,0.1903,0.2134,-1.9641
1791282173.4421,0.0174,1.0980,0.2000,0.2742,4.7509,4.7482,7.3704,6.8345,0.3412,0.3344,-0.2805,-0.2777,-2.9994,0.1911,0.2184,-1.9595
1791282173.4626,0.0205,2.7152,0.2000,0.2742,4.7509,4.7722,7.3704,6.8585,0.3412,0.3344,-0.2805,-0.2777,-2.9947,0.1919,0.2184,-1.9551
1791282173.4822,0.0195,1.0360,0.2000,0.2742,4.7509,4.7482,7.3704,6.8825,0.3412,0.3344,-0.2805,-0.2777,-2.9902,0.1919,0.2234,-1.9508
1791282173.5021,0.0200,0.4420,0.2000,0.2742,4.7509,4.7242,7.3704,6.8825,0.3412,0.3375,-0.2805,-0.2792,-2.9863,0.1915,0.2259,-1.9463
1791282173.5242,0.0221,4.3979,0.2000,0.2742,4.7509,4.7242,7.3704,6.8825,0.3412,0.3375,-0.2805,-0.2792,-2.9819,0.1915,0.2259,-1.9416
1791282173.5422,0.0180,1.5518,0.2000,0.2742,4.7509,4.7242,7.3704,6.9305,0.3412,0.3390,-0.2805,-0.2792,-2.9770,0.1923,0.2309,-1.9368
1791282173.5622,0.0200,2.1775,0.2000,0.2742,4.7509,4.7242,7.3704,6.9065,0.3412,0.3390,-0.2805,-0.2792,-2.9723,0.1919,0.2284,-1.9328
1791282173.5821,0.0199,2.8380,0.2000,0.2742,4.7509,4.7242,7.3704,6.8825,0.3412,0.3390,-0.2805,-0.2792,-2.9677,0.1915,0.2259,-1.9286
1791282173.6021,0.0200,0.4271,0.2000,0.2742,4.7509,4.7482,7.3704,6.8825,0.3412,0.3390,-0.2805,-0.2792,-2.9654,0.1919,0.2234,-1.9264
1791282173.6228,0.0207,0.3013,0.2000,0.2742,4.7509,4.7482,7.3704,6.8825,0.3412,0.3375,-0.2805,-0.2792,-2.9607,0.1919,0.2234,-1.9219
1791282173.6421,0.0193,0.4133,0.2000,0.2742,4.7509,4.7242,7.3704,6.8345,0.3412,0.3390,-0.2805,-0.2792,-2.9562,0.1907,0.2209,-1.9169
1791282173.6627,0.0206,3.7084,0.2000,0.2742,4.7509,4.7242,7.3704,6.8345,0.3412,0.3390,-0.2805,-0.2792,-2.9517,0.1907,0.2209,-1.9126
1791282173.6829,0.0202,0.4402,0.2000,0.2742,4.7509,4.7482,7.3704,6.8585,0.3412,0.3390,-0.2805,-0.2792,-2.9479,0.1915,0.2209,-1.9084
1791282173.7020,0.0192,0.3982,0.2000,0.2742,4.7509,4.7722,7.3704,6.8106,0.3412,0.3390,-0.2805,-0.2792,-2.9435,0.1911,0.2134,-1.9041
1791282173.7226,0.0205,0.3054,0.2000,0.2742,4.7509,4.7722,7.3704,6.8345,0.3412,0.3390,-0.2805,-0.2792,-2.9386,0.1915,0.2159,-1.8991
1791282173.7421,0.0195,0.5958,0.2000,0.2742,4.7509,4.7722,7.3704,6.8585,0.3412,0.3390,-0.2805,-0.2792,-2.9343,0.1919,0.2184,-1.8951
1791282173.7621,0.0201,0.4832,0.2000,0.2742,4.7509,4.7722,7.3704,6.8585,0.3412,0.3390,-0.2805,-0.2792,-2.9299,0.1919,0.2184,-1.8907
1791282173.7821,0.0200,0.6979,0.2000,0.2328,4.9484,4.7482,7.1728,6.8585,0.2994,0.3390,-0.2972,-0.2792,-2.9250,0.1915,0.2209,-1.8859
1791282173.8021,0.0200,0.4434,0.2000,0.2328,4.9484,4.7242,7.1728,6.8825,0.2895,0.3390,-0.2972,-0.2792,-2.9199,0.1915,0.2259,-1.8814
1791282173.8232,0.0212,0.3397,0.2000,0.2328,4.9484,4.7242,7.1728,6.8825,0.2895,0.3375,-0.2972,-0.2807,-2.9147,0.1915,0.2259,-1.8771
1791282173.8421,0.0189,0.4206,0.2000,0.2328,4.9484,4.7482,7.1728,6.8825,0.2895,0.3252,-0.2972,-0.2869,-2.9100,0.1919,0.2234,-1.8726
1791282173.8648,0.0227,1.2628,0.2000,0.2328,4.9484,4.7962,7.1728,6.8585,0.2895,0.3114,-0.2972,-0.2915,-2.9057,0.1923,0.2159,-1.8681
1791282173.8823,0.0175,0.6095,0.2000,0.2328,4.9484,4.8201,7.1728,6.8345,0.2895,0.3022,-0.2972,-0.2945,-2.9012,0.1923,0.2109,-1.8642
1791282173.9020,0.0197,0.5487,0.2000,0.2328,4.9484,4.8441,7.1728,6.8585,0.2895,0.2976,-0.2972,-0.2961,-2.8968,0.1931,0.2109,-1.8605
1791282173.9256,0.0236,0.5318,0.2000,0.2328,4.9484,4.8681,7.1728,6.8585,0.2895,0.2930,-0.2972,-0.2961,-2.8928,0.1935,0.2084,-1.8562
1791282173.9421,0.0165,4.3169,0.2000,0.2328,4.9484,4.8681,7.1728,6.8345,0.2895,0.2915,-0.2972,-0.2961,-2.8883,0.1931,0.2058,-1.8524
1791282173.9631,0.0210,0.9745,0.2000,0.2328,4.9484,4.8921,7.1728,6.8345,0.2895,0.2915,-0.2972,-0.2961,-2.8840,0.1935,0.2033,-1.8482
1791282173.9825,0.0194,1.4132,0.2000,0.2328,4.9484,4.8921,7.1728,6.8585,0.2895,0.2915,-0.2972,-0.2961,-2.8805,0.1939,0.2058,-1.8445
1791282174.0020,0.0195,0.4002,0.2000,0.2328,4.9484,4.8921,7.1728,6.8585,0.2895,0.2915,-0.2972,-0.2961,-2.8765,0.1939,0.2058,-1.8405
1791282174.0224,0.0204,0.6038,0.2000,0.2328,4.9484,4.9161,7.1728,6.8345,0.2895,0.2915,-0.2972,-0.2961,-2.8727,0.1939,0.2008,-1.8366
1791282174.0420,0.0196,0.3982,0.2000,0.2328,4.9484,4.9161,7.1728,6.8106,0.2895,0.2915,-0.2972,-0.2961,-2.8686,0.1935,0.1983,-1.8324
1791282174.0621,0.0201,0.8510,0.2000,0.2328,4.9484,4.9400,7.1728,6.8106,0.2895,0.2915,-0.2972,-0.2976,-2.8643,0.1939,0.1958,-1.8289
1791282174.0824,0.0202,1.1106,0.2000,0.2133,5.0418,4.9400,7.0794,6.7866,0.2650,0.2915,-0.3104,-0.2961,-2.8605,0.1935,0.1933,-1.8249
1791282174.1021,0.0198,0.9192,0.2000,0.2133,5.0418,4.9161,7.0794,6.7626,0.2650,0.2915,-0.3104,-0.2976,-2.8565,0.1927,0.1933,-1.8210
1791282174.1271,0.0249,2.6951,0.2000,0.2133,5.0418,4.9161,7.0794,6.7386,0.2650,0.2884,-0.3104,-0.2976,-2.8524,0.1923,0.1908,-1.8169
1791282174.1437,0.0166,0.4261,0.2000,0.2133,5.0418,4.9161,7.0794,6.7146,0.2650,0.2807,-0.3104,-0.3022,-2.8488,0.1919,0.1883,-1.8136
1791282174.1621,0.0184,1.7011,0.2000,0.2133,5.0418,4.9400,7.0794,6.7146,0.2650,0.2777,-0.3104,-0.3037,-2.8468,0.1923,0.1858,-1.8114
1791282174.1821,0.0200,3.0552,0.2000,0.2133,5.0418,4.9640,7.0794,6.7146,0.2650,0.2715,-0.3104,-0.3068,-2.8428,0.1927,0.1832,-1.8074
1791282174.2036,0.0215,1.5013,0.2000,0.2133,5.0418,4.9880,7.0794,6.7146,0.2650,0.2700,-0.3104,-0.3083,-2.8390,0.1931,0.1807,-1.8040
1791282174.2241,0.0205,0.3184,0.2000,0.2133,5.0418,4.9880,7.0794,6.7626,0.2650,0.2669,-0.3104,-0.3083,-2.8329,0.1939,0.1858,-1.7978
1791282174.2421,0.0180,0.3952,0.2000,0.2133,5.0418,5.0120,7.0794,6.7626,0.2650,0.2669,-0.3104,-0.3083,-2.8309,0.1943,0.1832,-1.7962
1791282174.2627,0.0206,0.6640,0.2000,0.2133,5.0418,5.0360,7.0794,6.7866,0.2650,0.2669,-0.3104,-0.3083,-2.8272,0.1951,0.1832,-1.7921
1791282174.2823,0.0196,0.7430,0.2000,0.2133,5.0418,5.0360,7.0794,6.8106,0.2650,0.2669,-0.3104,-0.3083,-2.8231,0.1955,0.1858,-1.7883
1791282174.3023,0.0200,0.4369,0.2000,0.2024,5.0937,5.0600,7.0275,6.8345,0.2515,0.2669,-0.3182,-0.3083,-2.8193,0.1963,0.1858,-1.7846
1791282174.3243,0.0220,0.3590,0.2000,0.2024,5.0937,5.0839,7.0275,6.8345,0.2515,0.2669,-0.3182,-0.3083,-2.8159,0.1967,0.1832,-1.7807
1791282174.3421,0.0178,0.5752,0.2000,0.2024,5.0937,5.1079,7.0275,6.8345,0.2515,0.2638,-0.3182,-0.3099,-2.8118,0.1971,0.1807,-1.7769
1791282174.3647,0.0226,2.2969,0.2000,0.2024,5.0937,5.0839,7.0275,6.8585,0.2515,0.2592,-0.3182,-0.3129,-2.8081,0.1971,0.1858,-1.7732
1791282174.3821,0.0174,3.0408,0.2000,0.2024,5.0937,5.1079,7.0275,6.8585,0.2515,0.2562,-0.3182,-0.3160,-2.8049,0.1974,0.1832,-1.7690
1791282174.4020,0.0199,2.0209,0.2000,0.2024,5.0937,5.1079,7.0275,6.8585,0.2515,0.2531,-0.3182,-0.3160,-2.8010,0.1974,0.1832,-1.7655
1791282174.4241,0.0221,0.4283,0.2000,0.2024,5.0937,5.0839,7.0275,6.8825,0.2515,0.2531,-0.3182,-0.3160,-2.7970,0.1974,0.1883,-1.7616
1791282174.4421,0.0180,0.4841,0.2000,0.2024,5.0937,5.0839,7.0275,6.9065,0.2515,0.2531,-0.3182,-0.3160,-2.7933,0.1978,0.1908,-1.7578
1791282174.4625,0.0204,1.7658,0.2000,0.2024,5.0937,5.0839,7.0275,6.9305,0.2515,0.2531,-0.3182,-0.3160,-2.7890,0.1982,0.1933,-1.7534
1791282174.4824,0.0200,0.4227,0.2000,0.2024,5.0937,5.0839,7.0275,6.9305,0.2515,0.2531,-0.3182,-0.3160,-2.7851,0.1982,0.1933,-1.7496
1791282174.5021,0.0197,0.4919,0.2000,0.2024,5.0937,5.0600,7.0275,6.8825,0.2515,0.2531,-0.3182,-0.3160,-2.7812,0.1971,0.1908,-1.7459
1791282174.5227,0.0207,0.5813,0.2000,0.2024,5.0937,5.0600,7.0275,6.9065,0.2515,0.2531,-0.3182,-0.3160,-2.7771,0.1974,0.1933,-1.7417
1791282174.5422,0.0194,0.4617,0.2000,0.1976,5.1165,5.0600,7.0047,6.8825,0.2455,0.2516,-0.3257,-0.3160,-2.7733,0.1971,0.1908,-1.7375
1791282174.5624,0.0202,0.8947,0.2000,0.1976,5.1165,5.0600,7.0047,6.8825,0.2455,0.2531,-0.3257,-0.3160,-2.7694,0.1971,0.1908,-1.7340
1791282174.5837,0.0213,0.3965,0.2000,0.1976,5.1165,5.0600,7.0047,6.8825,0.2455,0.2516,-0.3257,-0.3175,-2.7654,0.1971,0.1908,-1.7303
1791282174.6020,0.0184,0.4542,0.2000,0.1976,5.1165,5.0600,7.0047,6.8585,0.2455,0.2500,-0.3257,-0.3206,-2.7618,0.1967,0.1883,-1.7261
1791282174.6232,0.0212,0.6356,0.2000,0.1976,5.1165,5.0600,7.0047,6.8585,0.2455,0.2485,-0.3257,-0.3237,-2.7581,0.1967,0.1883,-1.7223
1791282174.6420,0.0188,0.7987,0.2000,0.1976,5.1165,5.0600,7.0047,6.8585,0.2455,0.2485,-0.3257,-0.3237,-2.7543,0.1967,0.1883,-1.7180
1791282174.6625,0.0204,1.8009,0.2000,0.1976,5.1165,5.0600,7.0047,6.8585,0.2455,0.2485,-0.3257,-0.3237,-2.7524,0.1967,0.1883,-1.7165
1791282174.6821,0.0196,0.6041,0.2000,0.1976,5.1165,5.0839,7.0047,6.8345,0.2455,0.2485,-0.3257,-0.3237,-2.7484,0.1967,0.1832,-1.7127
1791282174.7021,0.0200,0.4127,0.2000,0.1976,5.1165,5.1079,7.0047,6.8825,0.2455,0.2485,-0.3257,-0.3237,-2.7446,0.1978,0.1858,-1.7088
1791282174.7242,0.0221,0.3596,0.2000,0.1976,5.1165,5.1079,7.0047,6.8585,0.2455,0.2485,-0.3257,-0.3252,-2.7392,0.1974,0.1832,-1.7033
1791282174.7422,0.0180,5.1309,0.2000,0.1976,5.1165,5.0839,7.0047,6.8585,0.2455,0.2485,-0.3257,-0.3237,-2.7370,0.1971,0.1858,-1.7019
1791282174.7645,0.0224,0.4079,0.2000,0.1976,5.1165,5.0600,7.0047,6.8825,0.2455,0.2485,-0.3257,-0.3237,-2.7327,0.1971,0.1908,-1.6976
1791282174.7821,0.0176,3.3806,0.2000,0.1976,5.1165,5.0600,7.0047,6.8825,0.2455,0.2485,-0.3257,-0.3237,-2.7289,0.1971,0.1908,-1.6935
1791282174.8022,0.0201,1.2199,0.2000,0.1976,5.1165,5.0839,7.0047,6.8825,0.2455,0.2485,-0.3257,-0.3237,-2.7248,0.1974,0.1883,-1.6907
1791282174.8249,0.0228,0.3386,0.2000,0.1779,5.2108,5.1079,6.9104,6.8825,0.2208,0.2485,-0.3152,-0.3252,-2.7213,0.1978,0.1858,-1.6870
1791282174.8438,0.0188,0.6610,0.2000,0.1779,5.2108,5.1079,6.9104,6.8825,0.2208,0.2485,-0.3152,-0.3237,-2.7181,0.1978,0.1858,-1.6833
1791282174.8627,0.0189,4.4338,0.2000,0.1779,5.2108,5.1079,6.9104,6.8585,0.2208,0.2485,-0.3152,-0.3237,-2.7142,0.1974,0.1832,-1.6796
1791282174.8821,0.0193,0.7313,0.2000,0.1779,5.2108,5.1079,6.9104,6.8585,0.2208,0.2408,-0.3152,-0.3221,-2.7102,0.1974,0.1832,-1.6764
1791282174.9022,0.0201,1.9344,0.2000,0.1779,5.2108,5.1079,6.9104,6.8345,0.2208,0.2347,-0.3152,-0.3206,-2.7061,0.1971,0.1807,-1.6727
1791282174.9252,0.0231,1.2283,0.2000,0.1779,5.2108,5.1559,6.9104,6.8585,0.2208,0.2286,-0.3152,-0.3191,-2.7022,0.1982,0.1782,-1.6690
1791282174.9421,0.0168,0.3946,0.2000,0.1779,5.2108,5.2038,6.9104,6.8585,0.2208,0.2240,-0.3152,-0.3175,-2.6990,0.1990,0.1732,-1.6654
1791282174.9621,0.0200,0.4941,0.2000,0.1779,5.2108,5.2038,6.9104,6.7866,0.2208,0.2224,-0.3152,-0.3160,-2.6950,0.1978,0.1657,-1.6616
1791282174.9829,0.0209,2.2094,0.2000,0.1779,5.2108,5.2038,6.9104,6.7866,0.2208,0.2224,-0.3152,-0.3160,-2.6909,0.1978,0.1657,-1.6582
1791282175.0021,0.0192,1.9689,0.2000,0.1779,5.2108,5.2278,6.9104,6.7626,0.2208,0.2224,-0.3152,-0.3175,-2.6879,0.1978,0.1607,-1.6548
1791282175.0229,0.0208,0.3147,0.2000,0.1779,5.2108,5.2278,6.9104,6.7626,0.2208,0.2224,-0.3152,-0.3160,-2.6847,0.1978,0.1607,-1.6513
1791282175.0425,0.0196,2.9456,0.2000,0.1779,5.2108,5.2038,6.9104,6.7386,0.2208,0.2224,-0.3152,-0.3175,-2.6811,0.1971,0.1607,-1.6479
1791282175.0633,0.0208,1.1079,0.2000,0.1779,5.2108,5.2038,6.9104,6.7146,0.2208,0.2224,-0.3152,-0.3160,-2.6777,0.1967,0.1581,-1.6444
1791282175.0828,0.0194,0.4818,0.2000,0.1734,5.2324,5.1799,6.8888,6.7386,0.2152,0.2224,-0.3090,-0.3160,-2.6738,0.1967,0.1632,-1.6405
1791282175.1021,0.0193,0.5438,0.2000,0.1734,5.2324,5.1799,6.8888,6.7386,0.2152,0.2224,-0.3090,-0.3175,-2.6703,0.1967,0.1632,-1.6369
1791282175.1227,0.0207,0.3021,0.2000,0.1734,5.2324,5.1559,6.8888,6.7386,0.2152,0.2209,-0.3090,-0.3160,-2.6671,0.1963,0.1657,-1.6330
1791282175.1437,0.0210,0.8451,0.2000,0.1734,5.2324,5.1559,6.8888,6.7386,0.2152,0.2178,-0.3090,-0.3129,-2.6636,0.1963,0.1657,-1.6300
1791282175.1647,0.0209,0.3798,0.2000,0.1734,5.2324,5.1559,6.8888,6.7386,0.2152,0.2163,-0.3090,-0.3129,-2.6606,0.1963,0.1657,-1.6261
1791282175.1821,0.0174,3.4211,0.2000,0.1734,5.2324,5.1559,6.8888,6.7386,0.2152,0.2163,-0.3090,-0.3129,-2.6591,0.1963,0.1657,-1.6242
1791282175.2021,0.0201,2.7511,0.2000,0.1734,5.2324,5.1559,6.8888,6.7626,0.2152,0.2163,-0.3090,-0.3099,-2.6558,0.1967,0.1682,-1.6211
1791282175.2234,0.0213,1.3572,0.2000,0.1734,5.2324,5.1559,6.8888,6.8106,0.2152,0.2163,-0.3090,-0.3114,-2.6516,0.1974,0.1732,-1.6158
1791282175.2427,0.0192,1.9542,0.2000,0.1734,5.2324,5.1799,6.8888,6.8106,0.2152,0.2163,-0.3090,-0.3099,-2.6503,0.1978,0.1707,-1.6142
1791282175.2622,0.0195,4.1787,0.2000,0.1734,5.2324,5.2038,6.8888,6.8345,0.2152,0.2163,-0.3090,-0.3114,-2.6469,0.1986,0.1707,-1.6107
1791282175.2829,0.0207,1.0264,0.2000,0.1734,5.2324,5.1799,6.8888,6.8585,0.2152,0.2163,-0.3090,-0.3099,-2.6435,0.1986,0.1757,-1.6073
1791282175.3024,0.0196,0.9828,0.2000,0.1389,5.3973,5.1799,6.7239,6.8585,0.1742,0.2163,-0.2872,-0.3099,-2.6408,0.1986,0.1757,-1.6044
1791282175.3246,0.0222,0.3070,0.2000,0.1389,5.3973,5.2038,6.7239,6.8585,0.1720,0.2163,-0.2872,-0.3114,-2.6380,0.1990,0.1732,-1.6014
1791282175.3424,0.0178,0.5112,0.2000,0.1389,5.3973,5.2038,6.7239,6.8585,0.1720,0.2148,-0.2872,-0.3099,-2.6349,0.1990,0.1732,-1.5983
1791282175.3622,0.0197,0.4608,0.2000,0.1389,5.3973,5.2518,6.7239,6.8825,0.1720,0.2056,-0.2872,-0.3022,-2.6322,0.2002,0.1707,-1.5953
1791282175.3821,0.0199,0.4157,0.2000,0.1389,5.3973,5.2758,6.7239,6.9065,0.1720,0.1887,-0.2872,-0.2976,-2.6295,0.2010,0.1707,-1.5919
1791282175.4030,0.0210,0.4671,0.2000,0.1389,5.3973,5.3237,6.7239,6.8825,0.1720,0.1825,-0.2872,-0.2930,-2.6283,0.2014,0.1632,-1.5895
1791282175.4228,0.0198,0.3085,0.2000,0.1389,5.3973,5.3717,6.7239,6.7866,0.1720,0.1779,-0.2872,-0.2915,-2.6274,0.2006,0.1481,-1.5872
1791282175.4421,0.0193,0.5154,0.2000,0.1389,5.3973,5.3477,6.7239,6.6906,0.1720,0.1749,-0.2872,-0.2899,-2.6260,0.1986,0.1406,-1.5845
1791282175.4622,0.0201,1.0009,0.2000,0.1389,5.3973,5.3717,6.7239,6.6667,0.1720,0.1733,-0.2872,-0.2884,-2.6250,0.1986,0.1356,-1.5819
1791282175.4828,0.0205,0.3857,0.2000,0.1389,5.3973,5.4197,6.7239,6.6906,0.1720,0.1733,-0.2872,-0.2884,-2.6238,0.1998,0.1330,-1.5789
1791282175.5021,0.0194,0.4386,0.2000,0.1389,5.3973,5.4197,6.7239,6.7146,0.1720,0.1733,-0.2872,-0.2899,-2.6217,0.2002,0.1356,-1.5765
1791282175.5243,0.0221,0.4023,0.2000,0.1389,5.3973,5.3957,6.7239,6.7386,0.1720,0.1733,-0.2872,-0.2899,-2.6201,0.2002,0.1406,-1.5738
1791282175.5420,0.0177,0.4036,0.2000,0.1389,5.3973,5.4436,6.7239,6.7146,0.1720,0.1733,-0.2872,-0.2884,-2.6190,0.2006,0.1330,-1.5710
1791282175.5626,0.0205,1.4837,0.2000,0.1389,5.3973,5.4197,6.7239,6.6906,0.1720,0.1733,-0.2872,-0.2899,-2.6174,0.1998,0.1330,-1.5681
1791282175.5820,0.0195,0.4588,0.2000,0.1250,5.4636,5.4197,6.6577,6.6906,0.1547,0.1733,-0.2712,-0.2884,-2.6160,0.1998,0.1330,-1.5651
1791282175.6048,0.0227,0.5388,0.2000,0.1250,5.4636,5.4436,6.6577,6.7146,0.1547,0.1733,-0.2712,-0.2884,-2.6141,0.2006,0.1330,-1.5627
1791282175.6224,0.0176,0.3294,0.2000,0.1250,5.4636,5.4436,6.6577,6.7146,0.1547,0.1718,-0.2712,-0.2884,-2.6122,0.2006,0.1330,-1.5598
1791282175.6429,0.0206,0.4690,0.2000,0.1250,5.4636,5.4197,6.6577,6.7146,0.1547,0.1657,-0.2712,-0.2838,-2.6104,0.2002,0.1356,-1.5569
1791282175.6638,0.0209,0.5507,0.2000,0.1250,5.4636,5.4197,6.6577,6.6906,0.1547,0.1611,-0.2712,-0.2792,-2.6081,0.1998,0.1330,-1.5542
1791282175.6821,0.0182,0.4173,0.2000,0.1250,5.4636,5.4436,6.6577,6.6906,0.1547,0.1595,-0.2712,-0.2777,-2.6070,0.2002,0.1305,-1.5529
1791282175.7024,0.0204,0.4043,0.2000,0.1250,5.4636,5.4436,6.6577,6.6906,0.1547,0.1565,-0.2712,-0.2761,-2.6056,0.2002,0.1305,-1.5500
1791282175.7247,0.0222,0.3204,0.2000,0.1250,5.4636,5.4676,6.6577,6.6667,0.1547,0.1565,-0.2712,-0.2746,-2.6033,0.2002,0.1255,-1.5464
1791282175.7425,0.0178,0.4463,0.2000,0.1250,5.4636,5.4676,6.6577,6.6427,0.1547,0.1565,-0.2712,-0.2730,-2.6024,0.1998,0.1230,-1.5445
1791282175.7628,0.0203,0.4042,0.2000,0.1250,5.4636,5.4676,6.6577,6.6427,0.1547,0.1565,-0.2712,-0.2730,-2.6014,0.1998,0.1230,-1.5426
1791282175.7838,0.0210,0.7859,0.2000,0.1250,5.4636,5.4436,6.6577,6.6187,0.1547,0.1565,-0.2712,-0.2730,-2.6001,0.1990,0.1230,-1.5402
1791282175.8042,0.0205,2.4917,0.2000,0.1250,5.4636,5.4197,6.6577,6.6187,0.1547,0.1565,-0.2712,-0.2730,-2.5983,0.1986,0.1255,-1.5371
1791282175.8229,0.0186,0.7212,0.2000,0.0985,5.5903,5.4197,6.5309,6.6427,0.1215,0.1565,-0.2703,-0.2730,-2.5973,0.1990,0.1280,-1.5347
1791282175.8422,0.0193,2.1193,0.2000,0.0985,5.5903,5.4436,6.5309,6.6667,0.1215,0.1565,-0.2703,-0.2730,-2.5957,0.1998,0.1280,-1.5317
1791282175.8637,0.0215,7.0134,0.2000,0.0985,5.5903,5.4197,6.5309,6.6427,0.1215,0.1534,-0.2703,-0.2730,-2.5936,0.1990,0.1280,-1.5296
1791282175.8823,0.0186,0.6230,0.2000,0.0985,5.5903,5.4197,6.5309,6.5947,0.1215,0.1473,-0.2703,-0.2730,-2.5927,0.1982,0.1230,-1.5272
1791282175.9021,0.0198,0.3579,0.2000,0.0985,5.5903,5.4916,6.5309,6.5707,0.1215,0.1350,-0.2703,-0.2715,-2.5913,0.1990,0.1130,-1.5249
1791282175.9231,0.0210,0.5685,0.2000,0.0985,5.5903,5.5636,6.5309,6.5468,0.1215,0.1289,-0.2703,-0.2730,-2.5900,0.1998,0.1029,-1.5229
1791282175.9421,0.0190,4.8777,0.2000,0.0985,5.5903,5.5636,6.5309,6.4988,0.1215,0.1258,-0.2703,-0.2715,-2.5892,0.1990,0.0979,-1.5201
1791282175.9621,0.0200,0.4102,0.2000,0.0985,5.5903,5.5396,6.5309,6.4748,0.1215,0.1227,-0.2703,-0.2730,-2.5874,0.1982,0.0979,-1.5184
1791282175.9821,0.0200,0.5127,0.2000,0.0985,5.5903,5.5396,6.5309,6.4748,0.1215,0.1227,-0.2703,-0.2730,-2.5853,0.1982,0.0979,-1.5164
1791282176.0021,0.0200,0.5790,0.2000,0.0985,5.5903,5.5636,6.5309,6.5228,0.1215,0.1227,-0.2703,-0.2730,-2.5835,0.1994,0.1004,-1.5140
1791282176.0240,0.0219,0.3217,0.2000,0.0985,5.5903,5.5875,6.5309,6.5228,0.1215,0.1227,-0.2703,-0.2715,-2.5815,0.1998,0.0979,-1.5118
1791282176.0421,0.0181,0.7579,0.2000,0.0985,5.5903,5.5636,6.5309,6.4988,0.1215,0.1227,-0.2703,-0.2715,-2.5799,0.1990,0.0979,-1.5092
1791282176.0638,0.0217,2.9293,0.2000,0.0985,5.5903,5.5636,6.5309,6.4988,0.1215,0.1227,-0.2703,-0.2715,-2.5791,0.1990,0.0979,-1.5071
1791282176.0829,0.0190,2.3941,0.2000,0.1110,5.5306,5.5636,6.5906,6.5228,0.1371,0.1227,-0.3014,-0.2715,-2.5774,0.1994,0.1004,-1.5049
1791282176.1023,0.0194,0.6752,0.2000,0.1110,5.5306,5.5875,6.5906,6.5228,0.1371,0.1227,-0.3014,-0.2715,-2.5757,0.1998,0.0979,-1.5028
1791282176.1230,0.0207,0.3757,0.2000,0.1110,5.5306,5.5875,6.5906,6.5228,0.1371,0.1243,-0.3014,-0.2746,-2.5749,0.1998,0.0979,-1.5005
1791282176.1429,0.0199,1.6077,0.2000,0.1110,5.5306,5.5875,6.5906,6.5468,0.1371,0.1289,-0.3014,-0.2807,-2.5737,0.2002,0.1004,-1.4976
1791282176.1621,0.0192,0.7481,0.2000,0.1110,5.5306,5.5636,6.5906,6.5468,0.1371,0.1304,-0.3014,-0.2869,-2.5731,0.1998,0.1029,-1.4968
1791282176.1821,0.0200,0.4918,0.2000,0.1110,5.5306,5.5636,6.5906,6.5947,0.1371,0.1319,-0.3014,-0.2915,-2.5720,0.2006,0.1079,-1.4946
1791282176.2020,0.0199,0.4411,0.2000,0.1110,5.5306,5.5636,6.5906,6.5947,0.1371,0.1335,-0.3014,-0.2961,-2.5709,0.2006,0.1079,-1.4919
1791282176.2225,0.0205,0.7991,0.2000,0.1110,5.5306,5.5396,6.5906,6.6187,0.1371,0.1350,-0.3014,-0.2991,-2.5692,0.2006,0.1130,-1.4898
1791282176.2422,0.0197,0.6066,0.2000,0.1110,5.5306,5.5396,6.5906,6.6187,0.1371,0.1350,-0.3014,-0.2991,-2.5679,0.2006,0.1130,-1.4878
1791282176.2625,0.0203,1.0689,0.2000,0.1110,5.5306,5.5396,6.5906,6.6187,0.1371,0.1350,-0.3014,-0.2991,-2.5667,0.2006,0.1130,-1.4858
1791282176.2821,0.0196,0.4394,0.2000,0.1110,5.5306,5.5396,6.5906,6.6187,0.1371,0.1350,-0.3014,-0.2991,-2.5657,0.2006,0.1130,-1.4830
1791282176.3020,0.0199,0.4081,0.2000,0.1107,5.5320,5.4916,6.5892,6.5947,0.1368,0.1350,-0.3098,-0.2991,-2.5650,0.1994,0.1155,-1.4811
1791282176.3228,0.0208,0.8271,0.2000,0.1107,5.5320,5.4916,6.5892,6.5947,0.1368,0.1350,-0.3098,-0.2991,-2.5637,0.1994,0.1155,-1.4789
1791282176.3422,0.0193,0.4685,0.2000,0.1107,5.5320,5.4916,6.5892,6.6187,0.1368,0.1350,-0.3098,-0.3007,-2.5621,0.1998,0.1180,-1.4764
1791282176.3623,0.0202,0.5340,0.2000,0.1107,5.5320,5.4916,6.5892,6.6187,0.1368,0.1350,-0.3098,-0.3053,-2.5612,0.1998,0.1180,-1.4750
1791282176.3837,0.0213,0.4147,0.2000,0.1107,5.5320,5.4676,6.5892,6.5707,0.1368,0.1350,-0.3098,-0.3068,-2.5594,0.1986,0.1155,-1.4729
1791282176.4021,0.0184,0.4357,0.2000,0.1107,5.5320,5.4676,6.5892,6.5468,0.1368,0.1350,-0.3098,-0.3083,-2.5574,0.1982,0.1130,-1.4705
1791282176.4226,0.0205,0.3210,0.2000,0.1107,5.5320,5.4676,6.5892,6.5707,0.1368,0.1350,-0.3098,-0.3083,-2.5563,0.1986,0.1155,-1.4683
1791282176.4427,0.0201,0.4051,0.2000,0.1107,5.5320,5.4916,6.5892,6.5707,0.1368,0.1350,-0.3098,-0.3083,-2.5549,0.1990,0.1130,-1.4668
1791282176.4621,0.0194,2.2344,0.2000,0.1107,5.5320,5.4916,6.5892,6.5707,0.1368,0.1350,-0.3098,-0.3083,-2.5530,0.1990,0.1130,-1.4646
1791282176.4820,0.0199,0.9603,0.2000,0.1107,5.5320,5.5156,6.5892,6.5947,0.1368,0.1350,-0.3098,-0.3083,-2.5519,0.1998,0.1130,-1.4628
1791282176.5047,0.0226,0.4448,0.2000,0.1107,5.5320,5.5156,6.5892,6.5707,0.1368,0.1350,-0.3098,-0.3083,-2.5508,0.1994,0.1105,-1.4605
1791282176.5228,0.0181,0.3784,0.2000,0.1107,5.5320,5.5156,6.5892,6.5468,0.1368,0.1350,-0.3098,-0.3083,-2.5499,0.1990,0.1079,-1.4589
1791282176.5421,0.0192,3.5270,0.2000,0.1107,5.5320,5.5396,6.5892,6.5468,0.1368,0.1335,-0.3098,-0.3083,-2.5494,0.1994,0.1054,-1.4572
1791282176.5624,0.0203,0.5023,0.2000,0.1107,5.5320,5.5636,6.5892,6.5707,0.1368,0.1350,-0.3098,-0.3083,-2.5484,0.2002,0.1054,-1.4549
1791282176.5848,0.0224,0.4248,0.2000,0.1107,5.5320,5.5636,6.5892,6.5947,0.1368,0.1350,-0.3098,-0.3083,-2.5474,0.2006,0.1079,-1.4532
1791282176.6021,0.0173,0.5479,0.2000,0.1107,5.5320,5.5636,6.5892,6.5947,0.1368,0.1350,-0.3098,-0.3083,-2.5465,0.2006,0.1079,-1.4511
1791282176.6228,0.0208,0.6184,0.2000,0.0483,5.8298,5.5636,6.2914,6.5707,0.0932,0.1350,-0.2663,-0.3083,-2.5447,0.2002,0.1054,-1.4491
1791282176.6421,0.0192,0.6171,0.2000,-0.0093,6.1076,5.5636,6.0137,6.5947,0.0530,0.1350,-0.2367,-0.3083,-2.5430,0.2006,0.1079,-1.4464
1791282176.6629,0.0209,2.2583,0.2000,-0.0235,6.1786,5.5636,5.9426,6.6187,0.0093,0.1335,-0.2367,-0.3068,-2.5420,0.2010,0.1105,-1.4450
1791282176.6822,0.0193,0.6325,0.2000,-0.0235,6.1786,5.6355,5.9426,6.5468,-0.0309,0.1243,-0.2367,-0.2945,-2.5408,0.2010,0.0954,-1.4438
1791282176.7024,0.0202,2.5292,0.2000,-0.0235,6.1786,5.7314,5.9426,6.4029,-0.0309,0.0997,-0.2367,-0.2761,-2.5401,0.2002,0.0703,-1.4429
1791282176.7224,0.0200,4.5323,0.2000,-0.0235,6.1786,5.8753,5.9426,6.2590,-0.0309,0.0675,-0.2367,-0.2623,-2.5404,0.2002,0.0402,-1.4426
1791282176.7421,0.0197,2.8099,0.2000,-0.0235,6.1786,5.9472,5.9426,6.1871,-0.0309,0.0506,-0.2367,-0.2577,-2.5406,0.2002,0.0251,-1.4429
1791282176.7622,0.0201,1.5065,0.2000,-0.0235,6.1786,6.0432,5.9426,6.0671,-0.0309,0.0184,-0.2367,-0.2516,-2.5407,0.1998,0.0025,-1.4429
1791282176.7822,0.0200,0.6735,0.2000,-0.0235,6.1786,6.0911,5.9426,5.9952,-0.0309,0.0000,-0.2367,-0.2470,-2.5416,0.1994,-0.0095,-1.4432
1791282176.8023,0.0201,0.6784,0.2000,-0.0235,6.1786,6.1151,5.9426,5.9712,-0.0309,-0.0107,-0.2367,-0.2424,-2.5426,0.1994,-0.0143,-1.4432
1791282176.8236,0.0213,1.1624,0.2000,0.0405,5.8670,6.1871,6.2542,5.9712,0.0138,-0.0169,-0.2814,-0.2408,-2.5434,0.2006,-0.0215,-1.4438
1791282176.8421,0.0185,0.5979,0.2000,0.0499,5.8222,6.2110,6.2990,5.9472,0.0525,-0.0230,-0.2954,-0.2393,-2.5443,0.2006,-0.0262,-1.4441
1791282176.8630,0.0209,2.8825,0.2000,0.0499,5.8222,6.1871,6.2990,5.9233,0.0608,-0.0261,-0.2954,-0.2378,-2.5453,0.1998,-0.0262,-1.4444
1791282176.8826,0.0196,0.5687,0.2000,0.0499,5.8222,6.1631,6.2990,5.9233,0.0608,-0.0199,-0.2954,-0.2470,-2.5462,0.1994,-0.0238,-1.4446
1791282176.9020,0.0195,0.3231,0.2000,0.0499,5.8222,6.0432,6.2990,5.9472,0.0608,0.0000,-0.2954,-0.2638,-2.5469,0.1978,-0.0095,-1.4433
1791282176.9230,0.0209,0.2613,0.2000,0.0499,5.8222,5.9233,6.2990,6.0432,0.0608,0.0215,-0.2954,-0.2746,-2.5472,0.1974,0.0126,-1.4425
1791282176.9421,0.0192,0.4825,0.2000,0.0499,5.8222,5.8513,6.2990,6.1391,0.0608,0.0353,-0.2954,-0.2838,-2.5464,0.1978,0.0301,-1.4412
1791282176.9621,0.0200,0.5167,0.2000,0.0499,5.8222,5.8273,6.2990,6.2110,0.0608,0.0445,-0.2954,-0.2884,-2.5455,0.1986,0.0402,-1.4405
1791282176.9827,0.0206,0.4418,0.2000,0.0499,5.8222,5.8034,6.2990,6.2830,0.0608,0.0522,-0.2954,-0.2915,-2.5461,0.1994,0.0502,-1.4390
1791282177.0021,0.0194,0.4376,0.2000,0.0499,5.8222,5.8273,6.2990,6.2830,0.0608,0.0552,-0.2954,-0.2930,-2.5457,0.1998,0.0477,-1.4372
1791282177.0226,0.0206,0.7128,0.2000,0.0499,5.8222,5.8273,6.2990,6.3070,0.0608,0.0568,-0.2954,-0.2945,-2.5451,0.2002,0.0502,-1.4361
1791282177.0421,0.0195,0.8938,0.2000,0.0038,6.0424,5.8034,6.0788,6.3070,0.0201,0.0598,-0.2874,-0.2945,-2.5457,0.1998,0.0527,-1.4350
1791282177.0624,0.0203,1.7216,0.2000,0.0038,6.0424,5.8034,6.0788,6.2830,0.0032,0.0598,-0.2874,-0.2961,-2.5453,0.1994,0.0502,-1.4339
1791282177.0821,0.0197,0.5302,0.2000,0.0038,6.0424,5.8273,6.0788,6.2830,0.0032,0.0568,-0.2874,-0.2945,-2.5448,0.1998,0.0477,-1.4324
1791282177.1021,0.0200,1.2138,0.2000,0.0038,6.0424,5.8513,6.0788,6.2830,0.0032,0.0506,-0.2874,-0.2930,-2.5459,0.2002,0.0452,-1.4323
1791282177.1241,0.0221,0.7102,0.2000,0.0038,6.0424,5.9233,6.0788,6.2110,0.0032,0.0276,-0.2874,-0.2899,-2.5463,0.2002,0.0301,-1.4319
1791282177.1426,0.0185,0.3892,0.2000,0.0038,6.0424,5.9712,6.0788,6.1871,0.0032,0.0184,-0.2874,-0.2899,-2.5466,0.2006,0.0226,-1.4316
1791282177.1621,0.0194,1.0859,0.2000,0.0038,6.0424,6.0192,6.0788,6.1391,0.0032,0.0123,-0.2874,-0.2884,-2.5483,0.2006,0.0126,-1.4313
1791282177.1821,0.0200,2.0516,0.2000,0.0038,6.0424,6.0192,6.0788,6.1151,0.0032,0.0077,-0.2874,-0.2884,-2.5492,0.2002,0.0100,-1.4307
1791282177.2020,0.0199,1.2158,0.2000,0.0038,6.0424,6.0432,6.0788,6.1151,0.0032,0.0061,-0.2874,-0.2884,-2.5499,0.2006,0.0075,-1.4307
1791282177.2224,0.0204,2.6195,0.2000,0.0038,6.0424,6.0432,6.0788,6.0911,0.0032,0.0046,-0.2874,-0.2884,-2.5517,0.2002,0.0050,-1.4308
1791282177.2421,0.0197,0.4414,0.2000,0.0038,6.0424,6.0432,6.0788,6.0911,0.0032,0.0046,-0.2874,-0.2899,-2.5523,0.2002,0.0050,-1.4303
1791282177.2621,0.0199,0.4468,0.2000,0.0038,6.0424,6.0432,6.0788,6.0671,0.0032,0.0046,-0.2874,-0.2884,-2.5528,0.1998,0.0025,-1.4310
1791282177.2825,0.0205,0.7548,0.2000,0.0038,6.0424,6.0432,6.0788,6.1151,0.0032,0.0046,-0.2874,-0.2884,-2.5539,0.2006,0.0075,-1.4307
1791282177.3021,0.0196,0.4040,0.2000,-0.0123,6.1227,6.0192,5.9986,6.0911,-0.0170,0.0046,-0.2917,-0.2884,-2.5559,0.1998,0.0075,-1.4308
1791282177.3256,0.0235,0.5791,0.2000,-0.0123,6.1227,6.0192,5.9986,6.0671,-0.0170,0.0046,-0.2917,-0.2884,-2.5572,0.1994,0.0050,-1.4307
1791282177.3427,0.0171,0.5255,0.2000,-0.0123,6.1227,6.0432,5.9986,6.0671,-0.0170,0.0031,-0.2917,-0.2884,-2.5577,0.1998,0.0025,-1.4305
1791282177.3621,0.0194,1.7032,0.2000,-0.0123,6.1227,6.0432,5.9986,6.0671,-0.0170,-0.0015,-0.2917,-0.2899,-2.5595,0.1998,0.0025,-1.4310
1791282177.3827,0.0205,0.3944,0.2000,-0.0123,6.1227,6.0192,5.9986,5.9952,-0.0170,-0.0092,-0.2917,-0.2899,-2.5608,0.1982,-0.0024,-1.4314
1791282177.4024,0.0197,0.6914,0.2000,-0.0123,6.1227,6.0432,5.9986,5.9712,-0.0170,-0.0138,-0.2917,-0.2899,-2.5618,0.1982,-0.0072,-1.4316
1791282177.4223,0.0199,1.2603,0.2000,-0.0123,6.1227,6.0432,5.9986,5.9712,-0.0170,-0.0138,-0.2917,-0.2899,-2.5637,0.1982,-0.0072,-1.4317
1791282177.4435,0.0212,0.4345,0.2000,-0.0123,6.1227,6.0432,5.9986,5.9712,-0.0170,-0.0138,-0.2917,-0.2899,-2.5651,0.1982,-0.0072,-1.4320
1791282177.4625,0.0190,3.8428,0.2000,-0.0123,6.1227,6.0671,5.9986,5.9952,-0.0170,-0.0169,-0.2917,-0.2899,-2.5661,0.1990,-0.0072,-1.4327
1791282177.4821,0.0196,0.4782,0.2000,-0.0123,6.1227,6.0432,5.9986,5.9952,-0.0170,-0.0169,-0.2917,-0.2915,-2.5678,0.1986,-0.0048,-1.4331
1791282177.5020,0.0199,0.3791,0.2000,-0.0123,6.1227,6.0192,5.9986,5.9712,-0.0170,-0.0169,-0.2917,-0.2915,-2.5691,0.1978,-0.0048,-1.4334
1791282177.5229,0.0209,0.3523,0.2000,-0.0123,6.1227,6.0432,5.9986,5.9952,-0.0170,-0.0184,-0.2917,-0.2915,-2.5698,0.1986,-0.0048,-1.4336
1791282177.5421,0.0192,0.5918,0.2000,-0.0647,6.3858,6.0671,5.7354,6.0192,-0.0572,-0.0169,-0.2515,-0.2915,-2.5715,0.1994,-0.0048,-1.4342
1791282177.5621,0.0200,0.5386,0.2000,-0.0647,6.3858,6.0671,5.7354,5.9952,-0.0824,-0.0169,-0.2392,-0.2915,-2.5730,0.1990,-0.0072,-1.4349
1791282177.5827,0.0206,0.5723,0.2000,-0.0647,6.3858,6.0911,5.7354,5.9712,-0.0824,-0.0199,-0.2392,-0.2899,-2.5737,0.1990,-0.0119,-1.4351
1791282177.6030,0.0203,0.9110,0.2000,-0.0647,6.3858,6.1391,5.7354,5.9472,-0.0824,-0.0291,-0.2392,-0.2777,-2.5749,0.1994,-0.0191,-1.4365
1791282177.6232,0.0202,0.3042,0.2000,-0.0647,6.3858,6.2110,5.7354,5.8513,-0.0824,-0.0476,-0.2392,-0.2654,-2.5773,0.1990,-0.0358,-1.4378
1791282177.6422,0.0190,0.4344,0.2000,-0.0647,6.3858,6.3070,5.7354,5.8034,-0.0824,-0.0644,-0.2392,-0.2562,-2.5794,0.1998,-0.0501,-1.4392
1791282177.6628,0.0206,1.8572,0.2000,-0.0647,6.3858,6.3549,5.7354,5.7554,-0.0824,-0.0721,-0.2392,-0.2516,-2.5816,0.1998,-0.0596,-1.4406
1791282177.6821,0.0193,0.4222,0.2000,-0.0647,6.3858,6.3549,5.7354,5.7554,-0.0824,-0.0752,-0.2392,-0.2485,-2.5841,0.1998,-0.0596,-1.4420
1791282177.7023,0.0202,1.6536,0.2000,-0.0647,6.3858,6.4029,5.7354,5.7314,-0.0824,-0.0798,-0.2392,-0.2439,-2.5869,0.2002,-0.0668,-1.4433
1791282177.7231,0.0208,0.6649,0.2000,-0.0647,6.3858,6.4508,5.7354,5.7314,-0.0824,-0.0813,-0.2392,-0.2424,-2.5892,0.2010,-0.0715,-1.4450
1791282177.7427,0.0195,1.3093,0.2000,-0.0647,6.3858,6.4508,5.7354,5.7314,-0.0824,-0.0798,-0.2392,-0.2424,-2.5915,0.2010,-0.0715,-1.4464
1791282177.7622,0.0196,0.5572,0.2000,-0.0647,6.3858,6.4269,5.7354,5.7314,-0.0824,-0.0782,-0.2392,-0.2424,-2.5928,0.2006,-0.0692,-1.4465
1791282177.7821,0.0199,0.9721,0.2000,-0.0647,6.3858,6.4029,5.7354,5.7314,-0.0824,-0.0813,-0.2392,-0.2408,-2.5948,0.2002,-0.0668,-1.4481
1791282177.8021,0.0200,0.5120,0.2000,-0.0535,6.3297,6.4029,5.7915,5.7314,-0.0685,-0.0844,-0.2455,-0.2424,-2.5963,0.2002,-0.0668,-1.4494
1791282177.8258,0.0237,0.2980,0.2000,-0.0535,6.3297,6.3789,5.7915,5.7074,-0.0685,-0.0844,-0.2455,-0.2424,-2.5994,0.1994,-0.0668,-1.4511
1791282177.8422,0.0164,0.4837,0.2000,-0.0535,6.3297,6.4029,5.7915,5.7314,-0.0685,-0.0828,-0.2455,-0.2424,-2.6004,0.2002,-0.0668,-1.4516
1791282177.8624,0.0202,5.3916,0.2000,-0.0535,6.3297,6.4029,5.7915,5.7314,-0.0685,-0.0798,-0.2455,-0.2439,-2.6021,0.2002,-0.0668,-1.4528
1791282177.8834,0.0210,1.2622,0.2000,-0.0535,6.3297,6.3549,5.7915,5.7074,-0.0685,-0.0752,-0.2455,-0.2439,-2.6036,0.1990,-0.0644,-1.4540
1791282177.9027,0.0192,0.3994,0.2000,-0.0535,6.3297,6.3549,5.7915,5.7074,-0.0685,-0.0721,-0.2455,-0.2439,-2.6058,0.1990,-0.0644,-1.4549
1791282177.9229,0.0203,0.2656,0.2000,-0.0535,6.3297,6.3549,5.7915,5.7554,-0.0685,-0.0706,-0.2455,-0.2439,-2.6078,0.1998,-0.0596,-1.4557
1791282177.9425,0.0196,0.4679,0.2000,-0.0535,6.3297,6.3070,5.7915,5.7314,-0.0685,-0.0706,-0.2455,-0.2439,-2.6088,0.1986,-0.0572,-1.4568
1791282177.9622,0.0197,0.4286,0.2000,-0.0535,6.3297,6.2830,5.7915,5.7314,-0.0685,-0.0690,-0.2455,-0.2439,-2.6108,0.1982,-0.0548,-1.4575
1791282177.9822,0.0199,0.5676,0.2000,-0.0535,6.3297,6.3070,5.7915,5.7794,-0.0685,-0.0706,-0.2455,-0.2439,-2.6129,0.1994,-0.0525,-1.4583
1791282178.0021,0.0199,0.4347,0.2000,-0.0535,6.3297,6.2830,5.7915,5.7554,-0.0685,-0.0706,-0.2455,-0.2439,-2.6144,0.1986,-0.0525,-1.4586
1791282178.0223,0.0202,0.3295,0.2000,-0.0535,6.3297,6.2590,5.7915,5.7554,-0.0685,-0.0706,-0.2455,-0.2439,-2.6164,0.1982,-0.0501,-1.4600
1791282178.0421,0.0198,0.7159,0.2000,-0.0357,6.2402,6.2830,5.8811,5.7794,-0.0462,-0.0706,-0.2508,-0.2439,-2.6185,0.1990,-0.0501,-1.4607
1791282178.0623,0.0202,0.9668,0.2000,-0.0357,6.2402,6.3070,5.8811,5.8034,-0.0462,-0.0706,-0.2508,-0.2439,-2.6199,0.1998,-0.0501,-1.4613
1791282178.0821,0.0198,0.8981,0.2000,-0.0357,6.2402,6.3070,5.8811,5.8034,-0.0462,-0.0690,-0.2508,-0.2470,-2.6220,0.1998,-0.0501,-1.4618
1791282178.1039,0.0218,0.5034,0.2000,-0.0357,6.2402,6.3070,5.8811,5.8034,-0.0462,-0.0614,-0.2508,-0.2470,-2.6245,0.1998,-0.0501,-1.4633
1791282178.1224,0.0184,0.3323,0.2000,-0.0357,6.2402,6.2830,5.8811,5.8273,-0.0462,-0.0552,-0.2508,-0.2485,-2.6265,0.1998,-0.0453,-1.4639
1791282178.1447,0.0223,0.4186,0.2000,-0.0357,6.2402,6.2830,5.8811,5.8513,-0.0462,-0.0522,-0.2508,-0.2485,-2.6285,0.2002,-0.0429,-1.4648
1791282178.1622,0.0175,0.5990,0.2000,-0.0357,6.2402,6.2830,5.8811,5.8513,-0.0462,-0.0491,-0.2508,-0.2485,-2.6308,0.2002,-0.0429,-1.4648
1791282178.1827,0.0205,0.4240,0.2000,-0.0357,6.2402,6.2590,5.8811,5.8513,-0.0462,-0.0476,-0.2508,-0.2485,-2.6324,0.1998,-0.0405,-1.4656
1791282178.2026,0.0199,0.4035,0.2000,-0.0357,6.2402,6.2590,5.8811,5.8993,-0.0462,-0.0476,-0.2508,-0.2485,-2.6343,0.2006,-0.0358,-1.4662
1791282178.2237,0.0211,0.3583,0.2000,-0.0357,6.2402,6.2590,5.8811,5.8753,-0.0462,-0.0476,-0.2508,-0.2485,-2.6368,0.2002,-0.0382,-1.4671
1791282178.2437,0.0200,0.4623,0.2000,-0.0357,6.2402,6.2830,5.8811,5.8513,-0.0462,-0.0476,-0.2508,-0.2485,-2.6383,0.2002,-0.0429,-1.4674
1791282178.2621,0.0184,0.4866,0.2000,-0.0357,6.2402,6.2350,5.8811,5.8993,-0.0462,-0.0491,-0.2508,-0.2485,-2.6397,0.2002,-0.0334,-1.4682
1791282178.2821,0.0200,0.7010,0.2000,-0.0357,6.2402,6.2110,5.8811,5.9233,-0.0462,-0.0476,-0.2508,-0.2485,-2.6420,0.2002,-0.0286,-1.4688
1791282178.3020,0.0199,1.0523,0.2000,-0.0357,6.2402,6.2110,5.8811,5.8993,-0.0462,-0.0476,-0.2508,-0.2485,-2.6433,0.1998,-0.0310,-1.4694
1791282178.3227,0.0207,0.4386,0.2000,-0.0357,6.2402,6.2110,5.8811,5.8993,-0.0462,-0.0476,-0.2508,-0.2485,-2.6456,0.1998,-0.0310,-1.4702
1791282178.3421,0.0194,0.7587,0.2000,0.0226,5.9526,6.2110,6.1686,5.8993,-0.0055,-0.0476,-0.2480,-0.2485,-2.6462,0.1998,-0.0310,-1.4703
1791282178.3622,0.0201,1.8714,0.2000,0.0707,5.7230,6.1871,6.3982,5.8993,0.0365,-0.0476,-0.2480,-0.2485,-2.6479,0.1994,-0.0286,-1.4713
1791282178.3823,0.0201,0.8143,0.2000,0.0707,5.7230,6.1871,6.3982,5.8993,0.0787,-0.0476,-0.2480,-0.2485,-2.6493,0.1994,-0.0286,-1.4720
1791282178.4024,0.0201,0.5694,0.2000,0.0707,5.7230,6.1871,6.3982,5.9233,0.0868,-0.0399,-0.2480,-0.2485,-2.6503,0.1998,-0.0262,-1.4725
1791282178.4247,0.0223,2.5001,0.2000,0.0707,5.7230,6.0432,6.3982,6.0192,0.0868,-0.0061,-0.2480,-0.2485,-2.6528,0.1990,-0.0024,-1.4726
1791282178.4427,0.0180,0.4389,0.2000,0.0707,5.7230,5.9712,6.3982,6.0671,0.0868,0.0092,-0.2480,-0.2485,-2.6530,0.1986,0.0100,-1.4721
1791282178.4648,0.0222,1.2774,0.2000,0.0707,5.7230,5.8513,6.3982,6.1391,0.0868,0.0368,-0.2480,-0.2485,-2.6524,0.1978,0.0301,-1.4712
1791282178.4832,0.0184,3.4431,0.2000,0.0707,5.7230,5.7794,6.3982,6.2590,0.0868,0.0552,-0.2480,-0.2485,-2.6521,0.1986,0.0502,-1.4702
1791282178.5022,0.0190,0.4872,0.2000,0.0707,5.7230,5.7554,6.3982,6.2830,0.0868,0.0675,-0.2480,-0.2485,-2.6519,0.1986,0.0552,-1.4689
1791282178.5230,0.0208,0.2772,0.2000,0.0707,5.7230,5.7074,6.3982,6.3070,0.0868,0.0752,-0.2480,-0.2485,-2.6511,0.1982,0.0628,-1.4680
1791282178.5426,0.0196,0.4356,0.2000,0.0707,5.7230,5.7074,6.3982,6.3549,0.0868,0.0798,-0.2480,-0.2485,-2.6505,0.1990,0.0678,-1.4670
1791282178.5624,0.0198,0.5605,0.2000,0.0707,5.7230,5.7074,6.3982,6.3789,0.0868,0.0828,-0.2480,-0.2485,-2.6497,0.1994,0.0703,-1.4656
1791282178.5823,0.0199,0.5127,0.2000,0.0707,5.7230,5.6835,6.3982,6.3789,0.0868,0.0844,-0.2480,-0.2485,-2.6486,0.1990,0.0728,-1.4643
1791282178.6024,0.0202,1.0046,0.2000,0.0707,5.7230,5.7074,6.3982,6.4029,0.0868,0.0844,-0.2480,-0.2500,-2.6482,0.1998,0.0728,-1.4635
1791282178.6224,0.0200,0.3559,0.2000,0.0707,5.7230,5.7314,6.3982,6.4029,0.0868,0.0859,-0.2480,-0.2485,-2.6482,0.2002,0.0703,-1.4623
1791282178.6421,0.0196,0.3893,0.2000,0.0707,5.7230,5.7314,6.3982,6.3789,0.0868,0.0859,-0.2480,-0.2485,-2.6475,0.1998,0.0678,-1.4611
1791282178.6622,0.0201,1.0298,0.2000,0.0707,5.7230,5.7554,6.3982,6.4029,0.0868,0.0844,-0.2480,-0.2485,-2.6467,0.2006,0.0678,-1.4595
1791282178.6822,0.0200,0.4782,0.2000,0.0107,6.0096,5.7554,6.1116,6.4029,0.0449,0.0859,-0.2229,-0.2485,-2.6462,0.2006,0.0678,-1.4587
1791282178.7020,0.0199,0.4687,0.2000,-0.0489,6.3065,5.7554,5.8147,6.3789,0.0033,0.0859,-0.2229,-0.2485,-2.6451,0.2002,0.0653,-1.4575
1791282178.7242,0.0222,0.6771,0.2000,-0.1155,6.6414,5.7794,5.4798,6.3789,-0.0432,0.0844,-0.2229,-0.2470,-2.6440,0.2006,0.0628,-1.4559
1791282178.7421,0.0178,0.6626,0.2000,-0.1354,6.7413,5.8513,5.3799,6.3549,-0.0806,0.0721,-0.2229,-0.2393,-2.6435,0.2014,0.0527,-1.4554
1791282178.7621,0.0200,0.7548,0.2000,-0.1354,6.7413,5.9472,5.3799,6.2110,-0.1225,0.0506,-0.2229,-0.2332,-2.6428,0.2006,0.0276,-1.4562
1791282178.7821,0.0200,0.9046,0.2000,-0.1354,6.7413,6.1151,5.3799,6.0192,-0.1643,0.0184,-0.2229,-0.2301,-2.6431,0.2002,-0.0095,-1.4572
1791282178.8037,0.0216,0.4364,0.2000,-0.1354,6.7413,6.3309,5.3799,5.8034,-0.1708,-0.0215,-0.2229,-0.2270,-2.6450,0.2002,-0.0525,-1.4591
1791282178.8226,0.0189,0.2990,0.2000,-0.1354,6.7413,6.4748,5.3799,5.6355,-0.1708,-0.0568,-0.2229,-0.2255,-2.6471,0.1998,-0.0835,-1.4614
1791282178.8420,0.0194,0.4793,0.2000,-0.1354,6.7413,6.5228,5.3799,5.5636,-0.1708,-0.0752,-0.2229,-0.2255,-2.6480,0.1994,-0.0954,-1.4625
1791282178.8623,0.0202,1.0289,0.2000,-0.1354,6.7413,6.5947,5.3799,5.4676,-0.1708,-0.1089,-0.2229,-0.2255,-2.6503,0.1990,-0.1121,-1.4648
1791282178.8825,0.0202,1.1176,0.2000,-0.1354,6.7413,6.6906,5.3799,5.4197,-0.1708,-0.1350,-0.2229,-0.2240,-2.6532,0.1998,-0.1264,-1.4674
1791282178.9020,0.0196,0.3825,0.2000,-0.1354,6.7413,6.7146,5.3799,5.3957,-0.1708,-0.1473,-0.2229,-0.2240,-2.6560,0.1998,-0.1312,-1.4697
1791282178.9223,0.0202,0.6755,0.2000,-0.1354,6.7413,6.7146,5.3799,5.3957,-0.1708,-0.1565,-0.2229,-0.2240,-2.6586,0.1998,-0.1312,-1.4724
1791282178.9421,0.0198,0.4363,0.2000,-0.1556,6.8431,6.7146,5.2781,5.3477,-0.1961,-0.1611,-0.2171,-0.2255,-2.6621,0.1990,-0.1359,-1.4755
1791282178.9622,0.0201,0.7107,0.2000,-0.1556,6.8431,6.7386,5.2781,5.3237,-0.1961,-0.1657,-0.2171,-0.2240,-2.6645,0.1990,-0.1407,-1.4778
1791282178.9838,0.0216,0.3971,0.2000,-0.1556,6.8431,6.7626,5.2781,5.3717,-0.1961,-0.1657,-0.2171,-0.2240,-2.6657,0.2002,-0.1383,-1.4803
1791282179.0023,0.0185,0.7403,0.2000,-0.1556,6.8431,6.7386,5.2781,5.3717,-0.1961,-0.1749,-0.2171,-0.2224,-2.6676,0.1998,-0.1359,-1.4834
1791282179.0224,0.0201,0.6490,0.2000,-0.1556,6.8431,6.6906,5.2781,5.2518,-0.1961,-0.1841,-0.2171,-0.2209,-2.6696,0.1971,-0.1431,-1.4860
1791282179.0420,0.0197,0.3799,0.2000,-0.1556,6.8431,6.7386,5.2781,5.2518,-0.1961,-0.1917,-0.2171,-0.2194,-2.6721,0.1978,-0.1479,-1.4889
1791282179.0624,0.0204,1.6675,0.2000,-0.1556,6.8431,6.7866,5.2781,5.2518,-0.1961,-0.1948,-0.2171,-0.2178,-2.6743,0.1986,-0.1526,-1.4919
1791282179.0837,0.0213,0.7562,0.2000,-0.1556,6.8431,6.7866,5.2781,5.2518,-0.1961,-0.1902,-0.2171,-0.2178,-2.6762,0.1986,-0.1526,-1.4945
1791282179.1022,0.0185,1.0067,0.2000,-0.1556,6.8431,6.8106,5.2781,5.2758,-0.1961,-0.1917,-0.2171,-0.2178,-2.6787,0.1994,-0.1526,-1.4980
1791282179.1224,0.0202,0.3403,0.2000,-0.1556,6.8431,6.8106,5.2781,5.2758,-0.1961,-0.1994,-0.2171,-0.2178,-2.6811,0.1994,-0.1526,-1.5006
1791282179.1428,0.0204,0.4120,0.2000,-0.1556,6.8431,6.7866,5.2781,5.2758,-0.1961,-0.1979,-0.2171,-0.2178,-2.6830,0.1990,-0.1502,-1.5037
1791282179.1621,0.0193,0.5041,0.2000,-0.1556,6.8431,6.7866,5.2781,5.2758,-0.1961,-0.1963,-0.2171,-0.2178,-2.6858,0.1990,-0.1502,-1.5069
1791282179.1820,0.0200,0.4141,0.2000,-0.1556,6.8431,6.8345,5.2781,5.2758,-0.1961,-0.1948,-0.2171,-0.2194,-2.6883,0.1998,-0.1550,-1.5095
1791282179.2026,0.0205,1.1581,0.2000,-0.1591,6.8607,6.8825,5.2605,5.2998,-0.2005,-0.1933,-0.2550,-0.2178,-2.6902,0.2010,-0.1574,-1.5125
1791282179.2231,0.0205,0.7310,0.2000,-0.1591,6.8607,6.9065,5.2605,5.2998,-0.2005,-0.1963,-0.2550,-0.2194,-2.6926,0.2014,-0.1598,-1.5156
1791282179.2448,0.0217,0.5188,0.2000,-0.1591,6.8607,6.9065,5.2605,5.2758,-0.2005,-0.1948,-0.2550,-0.2209,-2.6949,0.2010,-0.1622,-1.5182
1791282179.2624,0.0176,1.5533,0.2000,-0.1591,6.8607,6.8825,5.2605,5.2758,-0.2005,-0.1979,-0.2550,-0.2270,-2.6974,0.2006,-0.1598,-1.5217
1791282179.2822,0.0198,0.4741,0.2000,-0.1591,6.8607,6.8345,5.2605,5.2758,-0.2005,-0.2040,-0.2550,-0.2393,-2.7002,0.1998,-0.1550,-1.5244
1791282179.3020,0.0199,0.4030,0.2000,-0.1591,6.8607,6.7866,5.2605,5.2518,-0.2005,-0.2025,-0.2550,-0.2470,-2.7029,0.1986,-0.1526,-1.5278
1791282179.3224,0.0203,0.3753,0.2000,-0.1591,6.8607,6.7866,5.2605,5.2278,-0.2005,-0.1979,-0.2550,-0.2500,-2.7054,0.1982,-0.1550,-1.5310
1791282179.3421,0.0197,0.4222,0.2000,-0.1591,6.8607,6.8106,5.2605,5.2518,-0.2005,-0.1994,-0.2550,-0.2531,-2.7078,0.1990,-0.1550,-1.5340
1791282179.3621,0.0201,0.6562,0.2000,-0.1591,6.8607,6.8345,5.2605,5.2758,-0.2005,-0.1994,-0.2550,-0.2531,-2.7089,0.1998,-0.1550,-1.5356
1791282179.3821,0.0200,0.4618,0.2000,-0.1591,6.8607,6.8106,5.2605,5.2758,-0.2005,-0.1979,-0.2550,-0.2531,-2.7113,0.1994,-0.1526,-1.5383
1791282179.4022,0.0201,0.9722,0.2000,-0.1591,6.8607,6.8106,5.2605,5.2518,-0.2005,-0.2010,-0.2550,-0.2531,-2.7144,0.1990,-0.1550,-1.5423
1791282179.4242,0.0220,0.3273,0.2000,-0.1591,6.8607,6.8106,5.2605,5.2518,-0.2005,-0.2025,-0.2550,-0.2531,-2.7178,0.1990,-0.1550,-1.5473
1791282179.4420,0.0179,0.8254,0.2000,-0.1591,6.8607,6.7866,5.2605,5.2758,-0.2005,-0.2025,-0.2550,-0.2531,-2.7190,0.1990,-0.1502,-1.5491
1791282179.4629,0.0208,1.0695,0.2000,-0.1591,6.8607,6.7626,5.2605,5.2758,-0.2005,-0.2025,-0.2550,-0.2531,-2.7222,0.1986,-0.1479,-1.5522
1791282179.4821,0.0193,0.5276,0.2000,-0.2026,7.0794,6.7626,5.0418,5.2518,-0.2409,-0.1994,-0.2678,-0.2546,-2.7248,0.1982,-0.1502,-1.5557
1791282179.5023,0.0202,1.3466,0.2000,-0.2026,7.0794,6.7626,5.0418,5.2758,-0.2549,-0.1994,-0.2678,-0.2546,-2.7272,0.1986,-0.1479,-1.5591
1791282179.5240,0.0217,0.3089,0.2000,-0.2026,7.0794,6.7386,5.0418,5.2518,-0.2549,-0.2010,-0.2678,-0.2546,-2.7297,0.1978,-0.1479,-1.5621
1791282179.5420,0.0180,0.4361,0.2000,-0.2026,7.0794,6.7146,5.0418,5.2038,-0.2549,-0.2132,-0.2678,-0.2592,-2.7322,0.1967,-0.1502,-1.5662
1791282179.5621,0.0201,0.5339,0.2000,-0.2026,7.0794,6.7146,5.0418,5.1319,-0.2549,-0.2332,-0.2678,-0.2638,-2.7350,0.1955,-0.1574,-1.5696
1791282179.5849,0.0228,0.5530,0.2000,-0.2026,7.0794,6.7146,5.0418,5.1079,-0.2549,-0.2424,-0.2678,-0.2654,-2.7380,0.1951,-0.1598,-1.5737
1791282179.6021,0.0172,0.5113,0.2000,-0.2026,7.0794,6.7386,5.0418,5.0600,-0.2549,-0.2454,-0.2678,-0.2669,-2.7402,0.1947,-0.1669,-1.5772
1791282179.6223,0.0203,0.2966,0.2000,-0.2026,7.0794,6.7146,5.0418,5.0360,-0.2549,-0.2470,-0.2678,-0.2669,-2.7427,0.1939,-0.1669,-1.5803
1791282179.6421,0.0198,0.4180,0.2000,-0.2026,7.0794,6.6906,5.0418,5.0120,-0.2549,-0.2500,-0.2678,-0.2669,-2.7453,0.1931,-0.1669,-1.5841
1791282179.6630,0.0209,0.5736,0.2000,-0.2026,7.0794,6.7386,5.0418,5.0120,-0.2549,-0.2516,-0.2678,-0.2669,-2.7477,0.1939,-0.1717,-1.5876
1791282179.6822,0.0192,2.0740,0.2000,-0.1965,7.0488,6.8345,5.0725,5.0360,-0.2472,-0.2531,-0.2786,-0.2669,-2.7508,0.1959,-0.1789,-1.5914
1791282179.7022,0.0200,0.7515,0.2000,-0.1965,7.0488,6.9065,5.0725,5.0600,-0.2472,-0.2531,-0.2786,-0.2669,-2.7536,0.1974,-0.1836,-1.5948
1791282179.7225,0.0203,0.3779,0.2000,-0.1965,7.0488,6.9305,5.0725,5.0120,-0.2472,-0.2531,-0.2786,-0.2684,-2.7564,0.1971,-0.1908,-1.5989
1791282179.7422,0.0198,0.4441,0.2000,-0.1965,7.0488,6.9065,5.0725,5.0120,-0.2472,-0.2531,-0.2786,-0.2730,-2.7595,0.1967,-0.1884,-1.6022
1791282179.7627,0.0205,0.4495,0.2000,-0.1965,7.0488,6.9305,5.0725,5.0360,-0.2472,-0.2500,-0.2786,-0.2761,-2.7625,0.1974,-0.1884,-1.6062
1791282179.7821,0.0193,1.9225,0.2000,-0.1965,7.0488,6.9305,5.0725,5.0360,-0.2472,-0.2454,-0.2786,-0.2777,-2.7656,0.1974,-0.1884,-1.6092
1791282179.8023,0.0203,1.6945,0.2000,-0.1965,7.0488,6.9065,5.0725,5.0360,-0.2472,-0.2454,-0.2786,-0.2777,-2.7685,0.1971,-0.1860,-1.6132
1791282179.8234,0.0211,0.2969,0.2000,-0.1965,7.0488,6.8825,5.0725,5.0600,-0.2472,-0.2454,-0.2786,-0.2777,-2.7708,0.1971,-0.1812,-1.6169
1791282179.8437,0.0203,0.4748,0.2000,-0.1965,7.0488,6.8825,5.0725,5.0839,-0.2472,-0.2454,-0.2786,-0.2777,-2.7739,0.1974,-0.1789,-1.6202
1791282179.8632,0.0195,0.7963,0.2000,-0.1965,7.0488,6.9065,5.0725,5.1079,-0.2472,-0.2470,-0.2786,-0.2777,-2.7769,0.1982,-0.1789,-1.6236
1791282179.8822,0.0191,0.4731,0.2000,-0.1965,7.0488,6.9065,5.0725,5.1079,-0.2472,-0.2454,-0.2786,-0.2777,-2.7793,0.1982,-0.1789,-1.6274
1791282179.9021,0.0198,0.3239,0.2000,-0.1965,7.0488,6.8825,5.0725,5.0839,-0.2472,-0.2454,-0.2786,-0.2777,-2.7826,0.1974,-0.1789,-1.6309
1791282179.9224,0.0203,0.5678,0.2000,-0.1965,7.0488,6.8585,5.0725,5.0600,-0.2472,-0.2470,-0.2786,-0.2777,-2.7844,0.1967,-0.1789,-1.6329
1791282179.9422,0.0198,0.4883,0.2000,-0.1932,7.0322,6.8585,5.0890,5.0600,-0.2431,-0.2454,-0.2809,-0.2777,-2.7875,0.1967,-0.1789,-1.6364
1791282179.9621,0.0199,0.5397,0.2000,-0.1932,7.0322,6.8585,5.0890,5.0600,-0.2431,-0.2454,-0.2809,-0.2777,-2.7904,0.1967,-0.1789,-1.6401
1791282179.9829,0.0208,0.4901,0.2000,-0.1932,7.0322,6.8585,5.0890,5.0839,-0.2431,-0.2470,-0.2809,-0.2777,-2.7934,0.1971,-0.1765,-1.6440
1791282180.0036,0.0208,2.4298,0.2000,-0.1932,7.0322,6.8345,5.0890,5.0839,-0.2431,-0.2454,-0.2809,-0.2792,-2.7961,0.1967,-0.1741,-1.6475
1791282180.0226,0.0189,0.3403,0.2000,-0.1932,7.0322,6.8106,5.0890,5.0600,-0.2431,-0.2424,-0.2809,-0.2792,-2.7995,0.1959,-0.1741,-1.6512
1791282180.0421,0.0195,0.4075,0.2000,-0.1932,7.0322,6.8106,5.0890,5.0600,-0.2431,-0.2439,-0.2809,-0.2792,-2.8026,0.1959,-0.1741,-1.6550
1791282180.0635,0.0215,3.8261,0.2000,-0.1932,7.0322,6.7866,5.0890,5.0600,-0.2431,-0.2424,-0.2809,-0.2792,-2.8054,0.1955,-0.1717,-1.6587
1791282180.0831,0.0196,0.8068,0.2000,-0.1932,7.0322,6.8106,5.0890,5.0600,-0.2431,-0.2424,-0.2809,-0.2792,-2.8089,0.1959,-0.1741,-1.6623
1791282180.1021,0.0190,0.3796,0.2000,-0.1932,7.0322,6.8345,5.0890,5.0600,-0.2431,-0.2439,-0.2809,-0.2792,-2.8120,0.1963,-0.1765,-1.6652
1791282180.1229,0.0209,0.2770,0.2000,-0.1932,7.0322,6.8585,5.0890,5.0839,-0.2431,-0.2424,-0.2809,-0.2792,-2.8145,0.1971,-0.1765,-1.6690
1791282180.1421,0.0192,0.4683,0.2000,-0.1932,7.0322,6.8585,5.0890,5.0839,-0.2431,-0.2439,-0.2809,-0.2792,-2.8180,0.1971,-0.1765,-1.6729
1791282180.1637,0.0216,0.3595,0.2000,-0.1932,7.0322,6.9065,5.0890,5.0600,-0.2431,-0.2439,-0.2809,-0.2792,-2.8216,0.1974,-0.1836,-1.6765
1791282180.1823,0.0187,1.1984,0.2000,-0.1932,7.0322,6.9305,5.0890,5.0360,-0.2431,-0.2424,-0.2809,-0.2792,-2.8245,0.1974,-0.1884,-1.6802
1791282180.2028,0.0205,1.3268,0.2000,-0.1932,7.0322,6.9544,5.0890,5.0600,-0.2431,-0.2454,-0.2809,-0.2792,-2.8276,0.1982,-0.1884,-1.6838
1791282180.2235,0.0206,1.3899,0.2000,-0.1761,6.9458,6.9065,5.1754,5.0360,-0.2217,-0.2454,-0.2989,-0.2792,-2.8307,0.1971,-0.1860,-1.6872
1791282180.2437,0.0202,0.4486,0.2000,-0.1761,6.9458,6.8825,5.1754,5.0120,-0.2217,-0.2439,-0.2989,-0.2792,-2.8337,0.1963,-0.1860,-1.6909
1791282180.2622,0.0185,0.8578,0.2000,-0.1761,6.9458,6.8585,5.1754,5.0360,-0.2217,-0.2424,-0.2989,-0.2823,-2.8365,0.1963,-0.1812,-1.6942
1791282180.2832,0.0210,0.4980,0.2000,-0.1761,6.9458,6.8345,5.1754,5.0839,-0.2217,-0.2347,-0.2989,-0.2884,-2.8390,0.1967,-0.1741,-1.6974
1791282180.3020,0.0188,0.3788,0.2000,-0.1761,6.9458,6.7866,5.1754,5.1079,-0.2217,-0.2301,-0.2989,-0.2915,-2.8416,0.1963,-0.1669,-1.7005
1791282180.3224,0.0204,0.3860,0.2000,-0.1761,6.9458,6.7626,5.1754,5.1079,-0.2217,-0.2255,-0.2989,-0.2961,-2.8446,0.1959,-0.1645,-1.7043
1791282180.3421,0.0197,0.3986,0.2000,-0.1761,6.9458,6.7386,5.1754,5.1079,-0.2217,-0.2224,-0.2989,-0.2976,-2.8470,0.1955,-0.1622,-1.7070
1791282180.3647,0.0226,0.5262,0.2000,-0.1761,6.9458,6.7146,5.1754,5.1559,-0.2217,-0.2240,-0.2989,-0.2976,-2.8494,0.1959,-0.1550,-1.7102
1791282180.3823,0.0176,0.5018,0.2000,-0.1761,6.9458,6.7146,5.1754,5.1799,-0.2217,-0.2240,-0.2989,-0.2976,-2.8519,0.1963,-0.1526,-1.7131
1791282180.4020,0.0197,1.0989,0.2000,-0.1761,6.9458,6.7386,5.1754,5.1799,-0.2217,-0.2209,-0.2989,-0.2976,-2.8542,0.1967,-0.1550,-1.7166
1791282180.4228,0.0208,0.5823,0.2000,-0.1761,6.9458,6.7146,5.1754,5.2038,-0.2217,-0.2224,-0.2989,-0.2976,-2.8567,0.1967,-0.1502,-1.7197
1791282180.4437,0.0209,0.4565,0.2000,-0.1761,6.9458,6.6906,5.1754,5.2038,-0.2217,-0.2224,-0.2989,-0.2976,-2.8594,0.1963,-0.1479,-1.7229
1791282180.4622,0.0185,1.0207,0.2000,-0.1761,6.9458,6.6906,5.1754,5.1799,-0.2217,-0.2209,-0.2989,-0.2991,-2.8619,0.1959,-0.1502,-1.7264
1791282180.4822,0.0200,1.1160,0.2000,-0.1894,7.0128,6.7386,5.1084,5.2038,-0.2383,-0.2224,-0.2745,-0.2976,-2.8647,0.1971,-0.1526,-1.7295
1791282180.5020,0.0198,0.4000,0.2000,-0.1894,7.0128,6.7386,5.1084,5.2038,-0.2383,-0.2224,-0.2745,-0.2976,-2.8660,0.1971,-0.1526,-1.7310
1791282180.5227,0.0206,0.5413,0.2000,-0.1894,7.0128,6.7146,5.1084,5.2038,-0.2383,-0.2224,-0.2745,-0.2991,-2.8683,0.1967,-0.1502,-1.7342
1791282180.5421,0.0195,0.4738,0.2000,-0.1894,7.0128,6.7146,5.1084,5.1799,-0.2383,-0.2224,-0.2745,-0.2945,-2.8713,0.1963,-0.1526,-1.7375
1791282180.5623,0.0202,0.7746,0.2000,-0.1894,7.0128,6.7626,5.1084,5.1559,-0.2383,-0.2286,-0.2745,-0.2869,-2.8744,0.1967,-0.1598,-1.7407
1791282180.5828,0.0205,0.6342,0.2000,-0.1894,7.0128,6.7866,5.1084,5.1559,-0.2383,-0.2347,-0.2745,-0.2838,-2.8769,0.1971,-0.1622,-1.7441
1791282180.6023,0.0195,1.0979,0.2000,-0.1894,7.0128,6.8345,5.1084,5.1319,-0.2383,-0.2378,-0.2745,-0.2807,-2.8802,0.1974,-0.1693,-1.7478
1791282180.6229,0.0206,0.2824,0.2000,-0.1894,7.0128,6.8585,5.1084,5.1079,-0.2383,-0.2362,-0.2745,-0.2792,-2.8835,0.1974,-0.1741,-1.7514
1791282180.6421,0.0192,0.4778,0.2000,-0.1894,7.0128,6.9065,5.1084,5.0839,-0.2383,-0.2332,-0.2745,-0.2777,-2.8864,0.1978,-0.1812,-1.7548
1791282180.6625,0.0203,1.4842,0.2000,-0.1894,7.0128,6.9305,5.1084,5.1079,-0.2383,-0.2362,-0.2745,-0.2777,-2.8892,0.1986,-0.1812,-1.7586
1791282180.6826,0.0202,2.4367,0.2000,-0.1894,7.0128,6.9305,5.1084,5.1319,-0.2383,-0.2408,-0.2745,-0.2777,-2.8917,0.1990,-0.1789,-1.7621
1791282180.7021,0.0194,0.4065,0.2000,-0.1894,7.0128,6.9305,5.1084,5.1319,-0.2383,-0.2393,-0.2745,-0.2761,-2.8947,0.1990,-0.1789,-1.7656
1791282180.7224,0.0203,0.4007,0.2000,-0.1894,7.0128,6.9305,5.1084,5.1319,-0.2383,-0.2393,-0.2745,-0.2777,-2.8979,0.1990,-0.1789,-1.7693
1791282180.7421,0.0197,0.4330,0.2000,-0.1894,7.0128,6.9305,5.1084,5.1079,-0.2383,-0.2378,-0.2745,-0.2761,-2.9005,0.1986,-0.1812,-1.7723
1791282180.7621,0.0199,0.4390,0.2000,-0.1894,7.0128,6.8825,5.1084,5.1079,-0.2383,-0.2347,-0.2745,-0.2777,-2.9038,0.1978,-0.1765,-1.7761
1791282180.7822,0.0201,0.5340,0.2000,-0.1894,7.0128,6.8825,5.1084,5.0839,-0.2383,-0.2362,-0.2745,-0.2761,-2.9074,0.1974,-0.1789,-1.7801
1791282180.8049,0.0227,1.6078,0.2000,-0.1894,7.0128,6.9065,5.1084,5.0839,-0.2383,-0.2378,-0.2745,-0.2761,-2.9102,0.1978,-0.1812,-1.7836
1791282180.8243,0.0194,0.9382,0.2000,-0.2477,7.3061,6.8825,4.8151,5.0839,-0.2790,-0.2378,-0.2463,-0.2761,-2.9132,0.1974,-0.1789,-1.7863
1791282180.8421,0.0178,0.4513,0.2000,-0.2924,7.5310,6.8345,4.5902,5.0839,-0.3162,-0.2393,-0.2463,-0.2761,-2.9170,0.1967,-0.1741,-1.7906
1791282180.8638,0.0218,1.7753,0.2000,-0.2924,7.5310,6.8345,4.5902,5.0600,-0.3618,-0.2378,-0.2463,-0.2746,-2.9209,0.1963,-0.1765,-1.7943
1791282180.8821,0.0182,0.4331,0.2000,-0.2924,7.5310,6.8585,4.5902,5.0120,-0.3671,-0.2516,-0.2463,-0.2654,-2.9247,0.1959,-0.1836,-1.7979
1791282180.9020,0.0199,0.3747,0.2000,-0.2924,7.5310,6.8345,4.5902,4.9161,-0.3671,-0.2746,-0.2463,-0.2592,-2.9282,0.1939,-0.1908,-1.8018
1791282180.9239,0.0219,0.4719,0.2000,-0.2924,7.5310,6.8106,4.5902,4.7962,-0.3671,-0.3037,-0.2463,-0.2562,-2.9325,0.1915,-0.2003,-1.8065
1791282180.9421,0.0182,1.9097,0.2000,-0.2924,7.5310,6.8345,4.5902,4.7242,-0.3671,-0.3298,-0.2463,-0.2531,-2.9372,0.1907,-0.2099,-1.8111
1791282180.9621,0.0200,1.9716,0.2000,-0.2924,7.5310,6.8106,4.5902,4.6283,-0.3671,-0.3436,-0.2463,-0.2516,-2.9415,0.1887,-0.2170,-1.8156
1791282180.9821,0.0199,0.8000,0.2000,-0.2924,7.5310,6.7866,4.5902,4.6043,-0.3671,-0.3497,-0.2463,-0.2500,-2.9459,0.1879,-0.2170,-1.8202
1791282181.0021,0.0201,1.8734,0.2000,-0.2924,7.5310,6.7866,4.5902,4.5803,-0.3671,-0.3543,-0.2463,-0.2500,-2.9508,0.1876,-0.2194,-1.8245
1791282181.0232,0.0211,0.7234,0.2000,-0.2924,7.5310,6.8345,4.5902,4.6043,-0.3671,-0.3590,-0.2463,-0.2500,-2.9553,0.1887,-0.2218,-1.8294
1791282181.0429,0.0197,0.6161,0.2000,-0.2924,7.5310,6.8345,4.5902,4.5803,-0.3671,-0.3620,-0.2463,-0.2500,-2.9595,0.1883,-0.2242,-1.8339
1791282181.0628,0.0199,0.5427,0.2000,-0.2924,7.5310,6.8345,4.5902,4.5803,-0.3671,-0.3636,-0.2463,-0.2485,-2.9616,0.1883,-0.2242,-1.8359
1791282181.0829,0.0201,0.6103,0.2000,-0.2924,7.5310,6.8345,4.5902,4.5803,-0.3671,-0.3651,-0.2463,-0.2485,-2.9657,0.1883,-0.2242,-1.8405
1791282181.1021,0.0192,1.1995,0.2000,-0.2924,7.5310,6.8585,4.5902,4.5803,-0.3671,-0.3651,-0.2463,-0.2485,-2.9699,0.1887,-0.2266,-1.8455
1791282181.1224,0.0203,0.4454,0.2000,-0.2924,7.5310,6.8825,4.5902,4.6043,-0.3671,-0.3651,-0.2463,-0.2485,-2.9745,0.1895,-0.2266,-1.8500
1791282181.1427,0.0202,0.4283,0.2000,-0.2834,7.4854,6.9065,4.6358,4.6043,-0.3558,-0.3651,-0.2566,-0.2485,-2.9790,0.1899,-0.2289,-1.8545
1791282181.1628,0.0201,0.5013,0.2000,-0.2834,7.4854,6.8825,4.6358,4.5803,-0.3558,-0.3651,-0.2566,-0.2485,-2.9830,0.1891,-0.2289,-1.8593
1791282181.1821,0.0193,0.4274,0.2000,-0.2834,7.4854,6.8585,4.6358,4.5803,-0.3558,-0.3651,-0.2566,-0.2500,-2.9876,0.1887,-0.2266,-1.8640
1791282181.2023,0.0203,2.8608,0.2000,-0.2834,7.4854,6.8345,4.6358,4.5803,-0.3558,-0.3605,-0.2566,-0.2531,-2.9918,0.1883,-0.2242,-1.8686
1791282181.2224,0.0200,0.3635,0.2000,-0.2834,7.4854,6.8106,4.6358,4.6043,-0.3558,-0.3590,-0.2566,-0.2546,-2.9959,0.1883,-0.2194,-1.8730
1791282181.2420,0.0197,0.3995,0.2000,-0.2834,7.4854,6.7626,4.6358,4.5803,-0.3558,-0.3574,-0.2566,-0.2546,-3.0004,0.1872,-0.2170,-1.8779
1791282181.2629,0.0209,1.7020,0.2000,-0.2834,7.4854,6.7386,4.6358,4.5803,-0.3558,-0.3559,-0.2566,-0.2546,-3.0044,0.1868,-0.2146,-1.8821
1791282181.2821,0.0192,0.3957,0.2000,-0.2834,7.4854,6.7386,4.6358,4.6043,-0.3558,-0.3574,-0.2566,-0.2546,-3.0086,0.1872,-0.2122,-1.8869
1791282181.3021,0.0200,0.8045,0.2000,-0.2834,7.4854,6.7146,4.6358,4.6283,-0.3558,-0.3574,-0.2566,-0.2546,-3.0128,0.1872,-0.2075,-1.8910
1791282181.3230,0.0209,0.4668,0.2000,-0.2834,7.4854,6.6906,4.6358,4.6043,-0.3558,-0.3574,-0.2566,-0.2546,-3.0161,0.1864,-0.2075,-1.8957
1791282181.3421,0.0191,0.3867,0.2000,-0.2834,7.4854,6.6667,4.6358,4.5803,-0.3558,-0.3559,-0.2566,-0.2546,-3.0200,0.1856,-0.2075,-1.9005
1791282181.3621,0.0200,0.5434,0.2000,-0.2834,7.4854,6.6906,4.6358,4.6043,-0.3558,-0.3559,-0.2566,-0.2546,-3.0242,0.1864,-0.2075,-1.9049
1791282181.3821,0.0200,3.8073,0.2000,-0.2834,7.4854,6.6906,4.6358,4.6043,-0.3558,-0.3559,-0.2566,-0.2546,-3.0281,0.1864,-0.2075,-1.9095
1791282181.4020,0.0199,0.4999,0.2000,-0.2475,7.3050,6.6667,4.8162,4.6283,-0.3558,-0.3559,-0.2566,-0.2546,-3.0323,0.1864,-0.2027,-1.9139
1791282181.4227,0.0208,0.3271,0.2000,-0.2475,7.3050,6.7146,4.8162,4.6043,-0.3123,-0.3574,-0.2853,-0.2546,-3.0365,0.1868,-0.2099,-1.9183
1791282181.4422,0.0195,0.4869,0.2000,-0.2475,7.3050,6.7386,4.8162,4.6043,-0.3109,-0.3559,-0.2853,-0.2546,-3.0403,0.1872,-0.2122,-1.9227
1791282181.4649,0.0227,1.2211,0.2000,-0.2475,7.3050,6.7626,4.8162,4.6283,-0.3109,-0.3574,-0.2853,-0.2562,-3.0443,0.1879,-0.2122,-1.9268
1791282181.4825,0.0176,2.3070,0.2000,-0.2475,7.3050,6.7386,4.8162,4.6763,-0.3109,-0.3467,-0.2853,-0.2669,-3.0480,0.1883,-0.2051,-1.9311
1791282181.5027,0.0203,0.4115,0.2000,-0.2475,7.3050,6.7386,4.8162,4.6763,-0.3109,-0.3298,-0.2853,-0.2746,-3.0523,0.1883,-0.2051,-1.9348
1791282181.5250,0.0223,0.4801,0.2000,-0.2475,7.3050,6.7866,4.8162,4.7002,-0.3109,-0.3221,-0.2853,-0.2792,-3.0565,0.1895,-0.2075,-1.9389
1791282181.5429,0.0178,1.7784,0.2000,-0.2475,7.3050,6.8585,4.8162,4.7722,-0.3109,-0.3175,-0.2853,-0.2823,-3.0600,0.1919,-0.2075,-1.9427
1791282181.5627,0.0198,0.4951,0.2000,-0.2475,7.3050,6.8585,4.8162,4.8201,-0.3109,-0.3191,-0.2853,-0.2838,-3.0636,0.1927,-0.2027,-1.9465
1791282181.5820,0.0194,0.3919,0.2000,-0.2475,7.3050,6.8825,4.8162,4.8201,-0.3109,-0.3175,-0.2853,-0.2838,-3.0656,0.1931,-0.2051,-1.9484
1791282181.6028,0.0207,1.2710,0.2000,-0.2475,7.3050,6.9065,4.8162,4.8201,-0.3109,-0.3099,-0.2853,-0.2838,-3.0701,0.1935,-0.2075,-1.9525
1791282181.6226,0.0198,0.3456,0.2000,-0.2475,7.3050,6.9305,4.8162,4.8201,-0.3109,-0.3099,-0.2853,-0.2838,-3.0753,0.1939,-0.2099,-1.9560
1791282181.6427,0.0201,0.5764,0.2000,-0.2475,7.3050,6.9305,4.8162,4.7962,-0.3109,-0.3129,-0.2853,-0.2838,-3.0802,0.1935,-0.2122,-1.9601
1791282181.6644,0.0218,4.0903,0.2000,-0.2475,7.3050,6.9305,4.8162,4.7962,-0.3109,-0.3145,-0.2853,-0.2838,-3.0872,0.1935,-0.2122,-1.9659
1791282181.6822,0.0178,0.4634,0.2000,-0.2304,7.2191,6.9065,4.9021,4.7962,-0.2896,-0.3129,-0.2860,-0.2838,-3.0897,0.1931,-0.2099,-1.9679
1791282181.7021,0.0199,0.4404,0.2000,-0.2304,7.2191,6.9065,4.9021,4.7962,-0.2896,-0.3114,-0.2860,-0.2838,-3.0946,0.1931,-0.2099,-1.9720
1791282181.7227,0.0206,0.6465,0.2000,-0.2304,7.2191,6.8825,4.9021,4.7962,-0.2896,-0.3099,-0.2860,-0.2838,-3.0992,0.1927,-0.2075,-1.9757
1791282181.7421,0.0194,0.4795,0.2000,-0.2304,7.2191,6.8585,4.9021,4.8201,-0.2896,-0.3053,-0.2860,-0.2838,-3.1035,0.1927,-0.2027,-1.9796
1791282181.7621,0.0200,0.5589,0.2000,-0.2304,7.2191,6.8585,4.9021,4.8441,-0.2896,-0.2976,-0.2860,-0.2838,-3.1083,0.1931,-0.2003,-1.9833
1791282181.7829,0.0208,3.5791,0.2000,-0.2304,7.2191,6.8345,4.9021,4.8681,-0.2896,-0.2930,-0.2860,-0.2838,-3.1132,0.1931,-0.1955,-1.9873
1791282181.8021,0.0192,3.1603,0.2000,-0.2304,7.2191,6.8106,4.9021,4.8921,-0.2896,-0.2915,-0.2860,-0.2838,-3.1175,0.1931,-0.1908,-1.9909
1791282181.8225,0.0204,1.4094,0.2000,-0.2304,7.2191,6.8106,4.9021,4.9161,-0.2896,-0.2915,-0.2860,-0.2838,-3.1221,0.1935,-0.1884,-1.9946
1791282181.8420,0.0196,1.3874,0.2000,-0.2304,7.2191,6.8106,4.9021,4.9161,-0.2896,-0.2915,-0.2860,-0.2838,-3.1277,0.1935,-0.1884,-1.9985
1791282181.8621,0.0201,2.0368,0.2000,-0.2304,7.2191,6.8345,4.9021,4.9161,-0.2896,-0.2945,-0.2860,-0.2838,-3.1329,0.1939,-0.1908,-2.0027
1791282181.8821,0.0199,1.8468,0.2000,-0.2304,7.2191,6.8345,4.9021,4.8921,-0.2896,-0.2915,-0.2860,-0.2838,-3.1378,0.1935,-0.1932,-2.0063
1791282181.9024,0.0203,1.4764,0.2000,-0.2304,7.2191,6.8345,4.9021,4.8681,-0.2896,-0.2899,-0.2860,-0.2838,3.1403,0.1931,-0.1955,-2.0107
1791282181.9242,0.0219,0.6784,0.2000,-0.2304,7.2191,6.8345,4.9021,4.8681,-0.2896,-0.2915,-0.2860,-0.2838,3.1350,0.1931,-0.1955,-2.0150
1791282181.9420,0.0178,2.8347,0.2000,-0.2304,7.2191,6.8585,4.9021,4.8921,-0.2896,-0.2915,-0.2860,-0.2838,3.1298,0.1939,-0.1955,-2.0182
1791282181.9621,0.0201,1.2786,0.2000,-0.2304,7.2191,6.8585,4.9021,4.8921,-0.2896,-0.2930,-0.2860,-0.2838,3.1252,0.1939,-0.1955,-2.0226
1791282181.9823,0.0202,2.0888,0.2000,-0.2304,7.2191,6.8585,4.9021,4.8921,-0.2896,-0.2915,-0.2860,-0.2838,3.1207,0.1939,-0.1955,-2.0265
1791282182.0027,0.0205,6.2497,0.2000,-0.2304,7.2191,6.8585,4.9021,4.9161,-0.2896,-0.2884,-0.2860,-0.2838,3.1157,0.1943,-0.1932,-2.0301
1791282182.0224,0.0197,2.5241,0.2000,-0.2304,7.2191,6.8825,4.9021,4.9161,-0.2896,-0.2899,-0.2860,-0.2838,3.1104,0.1947,-0.1955,-2.0347
1791282182.0421,0.0197,3.7785,0.2000,-0.2304,7.2191,6.8825,4.9021,4.8921,-0.2896,-0.2915,-0.2860,-0.2838,3.1057,0.1943,-0.1979,-2.0388
1791282182.0623,0.0202,1.2347,0.2000,-0.2304,7.2191,6.8825,4.9021,4.8921,-0.2896,-0.2915,-0.2860,-0.2838,3.1008,0.1943,-0.1979,-2.0426
1791282182.0821,0.0198,2.8027,0.2000,-0.2357,7.2455,6.8585,4.8758,4.8681,-0.2961,-0.2915,-0.2446,-0.2838,3.0958,0.1935,-0.1979,-2.0467
1791282182.1021,0.0199,2.3538,0.2000,-0.2357,7.2455,6.8585,4.8758,4.8681,-0.2961,-0.2915,-0.2440,-0.2838,3.0909,0.1935,-0.1979,-2.0509
1791282182.1240,0.0219,3.2561,0.2000,-0.2357,7.2455,6.8345,4.8758,4.8681,-0.2961,-0.2915,-0.2440,-0.2823,3.0862,0.1931,-0.1955,-2.0550
1791282182.1421,0.0181,1.8577,0.2000,-0.2357,7.2455,6.8345,4.8758,4.8681,-0.2961,-0.2930,-0.2440,-0.2715,3.0813,0.1931,-0.1955,-2.0586
1791282182.1624,0.0203,0.9364,0.2000,-0.2357,7.2455,6.8106,4.8758,4.8681,-0.2961,-0.2945,-0.2440,-0.2669,3.0787,0.1927,-0.1932,-2.0612
1791282182.1822,0.0198,1.0136,0.2000,-0.2357,7.2455,6.7626,4.8758,4.8441,-0.2961,-0.2930,-0.2440,-0.2592,3.0734,0.1915,-0.1908,-2.0652
1791282182.2021,0.0199,3.4890,0.2000,-0.2357,7.2455,6.7386,4.8758,4.8681,-0.2961,-0.2945,-0.2440,-0.2546,3.0685,0.1915,-0.1860,-2.0689
1791282182.2224,0.0203,2.3434,0.2000,-0.2357,7.2455,6.7146,4.8758,4.8441,-0.2961,-0.2961,-0.2440,-0.2516,3.0638,0.1907,-0.1860,-2.0730
1791282182.2421,0.0196,0.4766,0.2000,-0.2357,7.2455,6.6906,4.8758,4.8441,-0.2961,-0.2945,-0.2440,-0.2500,3.0584,0.1903,-0.1836,-2.0773
1791282182.2622,0.0201,4.1461,0.2000,-0.2357,7.2455,6.6906,4.8758,4.8441,-0.2961,-0.2961,-0.2440,-0.2485,3.0533,0.1903,-0.1836,-2.0814
1791282182.2832,0.0210,0.9470,0.2000,-0.2380,7.2573,6.6906,4.8639,4.8441,-0.2991,-0.2976,-0.2447,-0.2485,3.0489,0.1903,-0.1836,-2.0849
1791282182.3020,0.0188,0.4128,0.2000,-0.2380,7.2573,6.6667,4.8639,4.8441,-0.2991,-0.2961,-0.2447,-0.2470,3.0440,0.1899,-0.1812,-2.0895
1791282182.3241,0.0220,0.2872,0.2000,-0.2380,7.2573,6.6906,4.8639,4.8681,-0.2991,-0.2976,-0.2447,-0.2470,3.0388,0.1907,-0.1812,-2.0933
1791282182.3421,0.0181,2.8158,0.2000,-0.2380,7.2573,6.7146,4.8639,4.8681,-0.2991,-0.2961,-0.2447,-0.2470,3.0335,0.1911,-0.1836,-2.0972
1791282182.3621,0.0200,0.4739,0.2000,-0.2380,7.2573,6.7146,4.8639,4.8681,-0.2991,-0.2976,-0.2447,-0.2470,3.0286,0.1911,-0.1836,-2.1009
1791282182.3821,0.0200,0.6105,0.2000,-0.2380,7.2573,6.7386,4.8639,4.8681,-0.2991,-0.2976,-0.2447,-0.2485,3.0237,0.1915,-0.1860,-2.1053
1791282182.4021,0.0200,1.8069,0.2000,-0.2380,7.2573,6.7626,4.8639,4.8681,-0.2991,-0.2961,-0.2447,-0.2485,3.0183,0.1919,-0.1884,-2.1091
1791282182.4223,0.0202,0.5244,0.2000,-0.2380,7.2573,6.8106,4.8639,4.8681,-0.2991,-0.2976,-0.2447,-0.2485,3.0128,0.1927,-0.1932,-2.1133
1791282182.4421,0.0198,1.2101,0.2000,-0.2380,7.2573,6.8585,4.8639,4.8681,-0.2991,-0.2991,-0.2447,-0.2485,3.0078,0.1935,-0.1979,-2.1169
1791282182.4623,0.0203,1.0677,0.2000,-0.2380,7.2573,6.8585,4.8639,4.8681,-0.2991,-0.2991,-0.2447,-0.2485,3.0031,0.1935,-0.1979,-2.1212
1791282182.4826,0.0203,2.3557,0.2000,-0.2380,7.2573,6.8825,4.8639,4.8681,-0.2991,-0.2976,-0.2447,-0.2485,2.9979,0.1939,-0.2003,-2.1250
1791282182.5026,0.0200,3.1625,0.2000,-0.2380,7.2573,6.9065,4.8639,4.8681,-0.2991,-0.2991,-0.2447,-0.2485,2.9928,0.1943,-0.2027,-2.1290
1791282182.5223,0.0197,0.7655,0.2000,-0.2380,7.2573,6.9065,4.8639,4.8681,-0.2991,-0.2976,-0.2447,-0.2485,2.9878,0.1943,-0.2027,-2.1329
1791282182.5421,0.0198,4.0819,0.2000,-0.2380,7.2573,6.9305,4.8639,4.8681,-0.2991,-0.2991,-0.2447,-0.2485,2.9828,0.1947,-0.2051,-2.1374
1791282182.5637,0.0216,0.5024,0.2000,-0.2198,7.1655,6.9544,4.9557,4.8441,-0.2763,-0.2991,-0.2518,-0.2485,2.9777,0.1947,-0.2099,-2.1416
1791282182.5822,0.0184,0.6843,0.2000,-0.2198,7.1655,6.9305,4.9557,4.8201,-0.2763,-0.2991,-0.2518,-0.2485,2.9721,0.1939,-0.2099,-2.1453
1791282182.6024,0.0202,9.3349,0.2000,-0.2198,7.1655,6.9305,4.9557,4.8441,-0.2763,-0.2991,-0.2518,-0.2500,2.9672,0.1943,-0.2075,-2.1497
1791282182.6258,0.0234,0.4020,0.2000,-0.2198,7.1655,6.9544,4.9557,4.8921,-0.2763,-0.2930,-0.2518,-0.2500,2.9625,0.1955,-0.2051,-2.1538
1791282182.6421,0.0163,1.9746,0.2000,-0.2198,7.1655,6.9305,4.9557,4.8921,-0.2763,-0.2853,-0.2518,-0.2500,2.9571,0.1951,-0.2027,-2.1578
1791282182.6638,0.0217,2.2161,0.2000,-0.2198,7.1655,6.9065,4.9557,4.8921,-0.2763,-0.2823,-0.2518,-0.2500,2.9521,0.1947,-0.2003,-2.1613
1791282182.6828,0.0190,1.1185,0.2000,-0.2198,7.1655,6.8585,4.9557,4.9161,-0.2763,-0.2792,-0.2518,-0.2500,2.9472,0.1943,-0.1932,-2.1653
1791282182.7021,0.0193,0.4673,0.2000,-0.2198,7.1655,6.8345,4.9557,4.9400,-0.2763,-0.2777,-0.2518,-0.2500,2.9423,0.1943,-0.1884,-2.1692
1791282182.7231,0.0210,0.2771,0.2000,-0.2198,7.1655,6.8585,4.9557,4.9400,-0.2763,-0.2792,-0.2518,-0.2500,2.9370,0.1947,-0.1908,-2.1730
1791282182.7421,0.0190,2.8892,0.2000,-0.2198,7.1655,6.8585,4.9557,4.9161,-0.2763,-0.2777,-0.2518,-0.2500,2.9342,0.1943,-0.1932,-2.1753
1791282182.7621,0.0200,1.1208,0.2000,-0.2198,7.1655,6.8345,4.9557,4.9161,-0.2763,-0.2777,-0.2518,-0.2500,2.9289,0.1939,-0.1908,-2.1784
1791282182.7821,0.0200,3.9564,0.2000,-0.2198,7.1655,6.8345,4.9557,4.9161,-0.2763,-0.2777,-0.2518,-0.2500,2.9238,0.1939,-0.1908,-2.1827
1791282182.8022,0.0201,1.8264,0.2000,-0.2198,7.1655,6.8585,4.9557,4.9161,-0.2763,-0.2761,-0.2518,-0.2500,2.9184,0.1943,-0.1932,-2.1866
1791282182.8232,0.0210,0.3961,0.2000,-0.2019,7.0758,6.8825,5.0454,4.9161,-0.2540,-0.2746,-0.2635,-0.2500,2.9125,0.1947,-0.1955,-2.1904
1791282182.8421,0.0189,3.4745,0.2000,-0.2019,7.0758,6.9065,5.0454,4.9400,-0.2540,-0.2761,-0.2635,-0.2500,2.9077,0.1955,-0.1955,-2.1941
1791282182.8624,0.0203,2.9395,0.2000,-0.2019,7.0758,6.9065,5.0454,4.9880,-0.2540,-0.2761,-0.2635,-0.2516,2.9029,0.1963,-0.1908,-2.1976
1791282182.8821,0.0197,0.6205,0.2000,-0.2019,7.0758,6.9065,5.0454,4.9640,-0.2540,-0.2700,-0.2635,-0.2562,2.8974,0.1959,-0.1932,-2.2013
1791282182.9020,0.0200,0.5543,0.2000,-0.2019,7.0758,6.9305,5.0454,4.9640,-0.2540,-0.2638,-0.2635,-0.2592,2.8924,0.1963,-0.1955,-2.2054
1791282182.9228,0.0208,0.5500,0.2000,-0.2019,7.0758,6.9305,5.0454,4.9640,-0.2540,-0.2577,-0.2635,-0.2623,2.8881,0.1963,-0.1955,-2.2084
1791282182.9421,0.0193,3.7998,0.2000,-0.2019,7.0758,6.9065,5.0454,5.0120,-0.2540,-0.2577,-0.2635,-0.2623,2.8833,0.1967,-0.1884,-2.2121
1791282182.9621,0.0200,0.4158,0.2000,-0.2019,7.0758,6.9065,5.0454,5.0360,-0.2540,-0.2577,-0.2635,-0.2623,2.8780,0.1971,-0.1860,-2.2159
1791282182.9823,0.0202,1.7384,0.2000,-0.2019,7.0758,6.9065,5.0454,5.0120,-0.2540,-0.2562,-0.2635,-0.2623,2.8724,0.1967,-0.1884,-2.2196
1791282183.0034,0.0211,2.4173,0.2000,-0.2019,7.0758,6.8825,5.0454,5.0120,-0.2540,-0.2562,-0.2635,-0.2623,2.8676,0.1963,-0.1860,-2.2226
1791282183.0223,0.0190,0.4085,0.2000,-0.2019,7.0758,6.9065,5.0454,5.0360,-0.2540,-0.2562,-0.2635,-0.2638,2.8632,0.1971,-0.1860,-2.2266
1791282183.0421,0.0198,0.4485,0.2000,-0.2019,7.0758,6.8825,5.0454,5.0600,-0.2540,-0.2546,-0.2635,-0.2623,2.8581,0.1971,-0.1812,-2.2303
1791282183.0624,0.0202,1.6701,0.2000,-0.2019,7.0758,6.8825,5.0454,5.0360,-0.2540,-0.2562,-0.2635,-0.2638,2.8529,0.1967,-0.1836,-2.2336
1791282183.0839,0.0215,1.1143,0.2000,-0.1613,6.8714,6.8585,5.2498,5.0360,-0.2090,-0.2562,-0.2756,-0.2638,2.8483,0.1963,-0.1812,-2.2377
1791282183.1032,0.0193,0.5801,0.2000,-0.1613,6.8714,6.8106,5.2498,5.0600,-0.2031,-0.2546,-0.2756,-0.2623,2.8430,0.1959,-0.1741,-2.2412
1791282183.1230,0.0198,0.2904,0.2000,-0.1613,6.8714,6.8106,5.2498,5.0600,-0.2031,-0.2546,-0.2756,-0.2638,2.8377,0.1959,-0.1741,-2.2446
1791282183.1424,0.0194,0.6935,0.2000,-0.1613,6.8714,6.7866,5.2498,5.0839,-0.2031,-0.2424,-0.2756,-0.2684,2.8326,0.1959,-0.1693,-2.2483
1791282183.1622,0.0198,1.4330,0.2000,-0.1613,6.8714,6.7386,5.2498,5.1319,-0.2031,-0.2270,-0.2756,-0.2715,2.8279,0.1959,-0.1598,-2.2519
1791282183.1821,0.0199,3.1471,0.2000,-0.1613,6.8714,6.6906,5.2498,5.1799,-0.2031,-0.2194,-0.2756,-0.2746,2.8235,0.1959,-0.1502,-2.2547
1791282183.2024,0.0203,3.0262,0.2000,-0.1613,6.8714,6.6906,5.2498,5.2038,-0.2031,-0.2117,-0.2756,-0.2746,2.8189,0.1963,-0.1479,-2.2585
1791282183.2237,0.0213,0.5140,0.2000,-0.1613,6.8714,6.7146,5.2498,5.2518,-0.2031,-0.2086,-0.2756,-0.2746,2.8146,0.1974,-0.1455,-2.2618
1791282183.2431,0.0194,0.4075,0.2000,-0.1613,6.8714,6.7386,5.2498,5.2518,-0.2031,-0.2056,-0.2756,-0.2746,2.8103,0.1978,-0.1479,-2.2653
1791282183.2621,0.0190,0.8881,0.2000,-0.1613,6.8714,6.7386,5.2498,5.2518,-0.2031,-0.2056,-0.2756,-0.2746,2.8080,0.1978,-0.1479,-2.2669
1791282183.2824,0.0203,0.4631,0.2000,-0.1613,6.8714,6.7386,5.2498,5.2278,-0.2031,-0.2040,-0.2756,-0.2746,2.8031,0.1974,-0.1502,-2.2701
1791282183.3020,0.0196,0.4161,0.2000,-0.1613,6.8714,6.7866,5.2498,5.2758,-0.2031,-0.2056,-0.2756,-0.2746,2.7982,0.1990,-0.1502,-2.2733
1791282183.3223,0.0203,0.3226,0.2000,-0.1613,6.8714,6.8106,5.2498,5.2518,-0.2031,-0.2040,-0.2756,-0.2746,2.7934,0.1990,-0.1550,-2.2769
1791282183.3421,0.0198,0.4511,0.2000,-0.1561,6.8457,6.8345,5.2755,5.2278,-0.1968,-0.2040,-0.2767,-0.2746,2.7882,0.1990,-0.1598,-2.2803
1791282183.3627,0.0206,0.5361,0.2000,-0.1561,6.8457,6.9065,5.2755,5.2278,-0.1968,-0.2040,-0.2767,-0.2746,2.7832,0.2002,-0.1669,-2.2833
1791282183.3828,0.0201,4.0649,0.2000,-0.1561,6.8457,6.9305,5.2755,5.2278,-0.1968,-0.2040,-0.2767,-0.2761,2.7786,0.2006,-0.1693,-2.2872
1791282183.4032,0.0204,1.9649,0.2000,-0.1561,6.8457,6.9305,5.2755,5.2278,-0.1968,-0.2010,-0.2767,-0.2761,2.7742,0.2006,-0.1693,-2.2904
1791282183.4244,0.0212,0.6749,0.2000,-0.1561,6.8457,6.9305,5.2755,5.2518,-0.1968,-0.1994,-0.2767,-0.2761,2.7695,0.2010,-0.1669,-2.2934
1791282183.4437,0.0193,0.3955,0.2000,-0.1561,6.8457,6.9305,5.2755,5.2278,-0.1968,-0.1994,-0.2767,-0.2746,2.7649,0.2006,-0.1693,-2.2968
1791282183.4631,0.0195,2.1444,0.2000,-0.1561,6.8457,6.8585,5.2755,5.2278,-0.1968,-0.1979,-0.2767,-0.2761,2.7610,0.1994,-0.1622,-2.2998
1791282183.4832,0.0201,2.3871,0.2000,-0.1561,6.8457,6.8345,5.2755,5.2518,-0.1968,-0.1979,-0.2767,-0.2761,2.7573,0.1994,-0.1574,-2.3023
1791282183.5020,0.0188,0.3845,0.2000,-0.1561,6.8457,6.8345,5.2755,5.2758,-0.1968,-0.1979,-0.2767,-0.2761,2.7528,0.1998,-0.1550,-2.3058
1791282183.5240,0.0220,0.3134,0.2000,-0.1561,6.8457,6.8585,5.2755,5.2758,-0.1968,-0.1979,-0.2767,-0.2761,2.7482,0.2002,-0.1574,-2.3090
1791282183.5421,0.0181,0.3874,0.2000,-0.1561,6.8457,6.8345,5.2755,5.2518,-0.1968,-0.1979,-0.2767,-0.2761,2.7438,0.1994,-0.1574,-2.3117
1791282183.5630,0.0209,0.3700,0.2000,-0.1561,6.8457,6.8106,5.2755,5.2278,-0.1968,-0.1979,-0.2767,-0.2761,2.7394,0.1986,-0.1574,-2.3151
1791282183.5822,0.0192,1.9280,0.2000,-0.1561,6.8457,6.8106,5.2755,5.2518,-0.1968,-0.1979,-0.2767,-0.2761,2.7346,0.1990,-0.1550,-2.3178
1791282183.6032,0.0211,3.9087,0.2000,-0.0929,6.5279,6.7866,5.5933,5.2518,-0.1526,-0.1979,-0.2775,-0.2761,2.7304,0.1986,-0.1526,-2.3207
1791282183.6229,0.0196,1.6605,0.2000,-0.0683,6.4038,6.7866,5.7174,5.2758,-0.1115,-0.1979,-0.2775,-0.2761,2.7260,0.1990,-0.1502,-2.3242
1791282183.6421,0.0192,1.2597,0.2000,-0.0683,6.4038,6.7866,5.7174,5.2758,-0.0869,-0.1979,-0.2775,-0.2761,2.7212,0.1990,-0.1502,-2.3271
1791282183.6621,0.0200,1.4608,0.2000,-0.0683,6.4038,6.7866,5.7174,5.2758,-0.0869,-0.1887,-0.2775,-0.2761,2.7165,0.1990,-0.1502,-2.3296
1791282183.6821,0.0200,0.4884,0.2000,-0.0683,6.4038,6.6667,5.7174,5.3717,-0.0869,-0.1672,-0.2775,-0.2761,2.7125,0.1986,-0.1288,-2.3320
1791282183.7022,0.0201,2.7456,0.2000,-0.0683,6.4038,6.5468,5.7174,5.4676,-0.0869,-0.1411,-0.2775,-0.2761,2.7090,0.1982,-0.1073,-2.3340
1791282183.7224,0.0202,0.3292,0.2000,-0.0683,6.4038,6.4988,5.7174,5.5636,-0.0869,-0.1181,-0.2775,-0.2761,2.7057,0.1990,-0.0930,-2.3352
1791282183.7424,0.0199,0.4564,0.2000,-0.0683,6.4038,6.4748,5.7174,5.6115,-0.0869,-0.1104,-0.2775,-0.2761,2.7026,0.1994,-0.0859,-2.3376
1791282183.7621,0.0197,0.3996,0.2000,-0.0683,6.4038,6.4748,5.7174,5.6835,-0.0869,-0.1012,-0.2775,-0.2761,2.7000,0.2006,-0.0787,-2.3392
1791282183.7822,0.0201,0.5962,0.2000,-0.0683,6.4038,6.4508,5.7174,5.6835,-0.0869,-0.0966,-0.2775,-0.2761,2.6968,0.2002,-0.0763,-2.3405
1791282183.8024,0.0201,1.6988,0.2000,-0.0683,6.4038,6.4508,5.7174,5.6835,-0.0869,-0.0920,-0.2775,-0.2777,2.6938,0.2002,-0.0763,-2.3418
1791282183.8236,0.0212,0.2757,0.2000,-0.0683,6.4038,6.4508,5.7174,5.7074,-0.0869,-0.0905,-0.2775,-0.2777,2.6911,0.2006,-0.0739,-2.3439
1791282183.8422,0.0186,3.7879,0.2000,-0.0683,6.4038,6.4508,5.7174,5.6835,-0.0869,-0.0890,-0.2775,-0.2761,2.6883,0.2002,-0.0763,-2.3451
1791282183.8622,0.0200,0.9482,0.2000,-0.0683,6.4038,6.4269,5.7174,5.6595,-0.0869,-0.0890,-0.2775,-0.2761,2.6867,0.1994,-0.0763,-2.3460
1791282183.8821,0.0200,0.8021,0.2000,-0.0610,6.3675,6.4269,5.7537,5.6835,-0.0779,-0.0890,-0.2758,-0.2777,2.6840,0.1998,-0.0739,-2.3474
1791282183.9021,0.0199,0.3821,0.2000,-0.0610,6.3675,6.4029,5.7537,5.7074,-0.0779,-0.0890,-0.2758,-0.2761,2.6820,0.1998,-0.0692,-2.3485
1791282183.9225,0.0205,0.6020,0.2000,-0.0610,6.3675,6.3549,5.7537,5.6835,-0.0779,-0.0890,-0.2758,-0.2777,2.6799,0.1986,-0.0668,-2.3500
1791282183.9422,0.0196,0.4670,0.2000,-0.0610,6.3675,6.3789,5.7537,5.6595,-0.0779,-0.0859,-0.2758,-0.2761,2.6769,0.1986,-0.0715,-2.3512
1791282183.9627,0.0206,0.5177,0.2000,-0.0610,6.3675,6.3789,5.7537,5.6595,-0.0779,-0.0828,-0.2758,-0.2777,2.6746,0.1986,-0.0715,-2.3526
1791282183.9822,0.0194,0.7577,0.2000,-0.0610,6.3675,6.3549,5.7537,5.6835,-0.0779,-0.0813,-0.2758,-0.2777,2.6727,0.1986,-0.0668,-2.3537
1791282184.0024,0.0202,4.2014,0.2000,-0.0610,6.3675,6.3309,5.7537,5.6835,-0.0779,-0.0798,-0.2758,-0.2777,2.6703,0.1982,-0.0644,-2.3550
1791282184.0229,0.0205,0.2737,0.2000,-0.0610,6.3675,6.3549,5.7537,5.7074,-0.0779,-0.0798,-0.2758,-0.2777,2.6687,0.1990,-0.0644,-2.3563
1791282184.0421,0.0192,0.4943,0.2000,-0.0610,6.3675,6.3309,5.7537,5.7314,-0.0779,-0.0798,-0.2758,-0.2777,2.6679,0.1990,-0.0596,-2.3572
1791282184.0629,0.0209,0.4744,0.2000,-0.0610,6.3675,6.3070,5.7537,5.7314,-0.0779,-0.0798,-0.2758,-0.2777,2.6665,0.1986,-0.0572,-2.3588
1791282184.0821,0.0191,0.4273,0.2000,-0.0610,6.3675,6.3070,5.7537,5.7074,-0.0779,-0.0798,-0.2758,-0.2777,2.6650,0.1982,-0.0596,-2.3599
1791282184.1020,0.0200,0.3968,0.2000,-0.0610,6.3675,6.3070,5.7537,5.7314,-0.0779,-0.0798,-0.2758,-0.2777,2.6641,0.1986,-0.0572,-2.3608
1791282184.1230,0.0210,0.2981,0.2000,-0.0610,6.3675,6.3070,5.7537,5.7554,-0.0779,-0.0798,-0.2758,-0.2777,2.6627,0.1990,-0.0548,-2.3619
1791282184.1421,0.0191,0.4658,0.2000,-0.0610,6.3675,6.3309,5.7537,5.7554,-0.0779,-0.0798,-0.2758,-0.2777,2.6612,0.1994,-0.0572,-2.3633
1791282184.1621,0.0200,0.4102,0.2000,-0.0610,6.3675,6.3309,5.7537,5.7314,-0.0779,-0.0798,-0.2758,-0.2777,2.6605,0.1990,-0.0596,-2.3645
1791282184.1821,0.0200,0.8381,0.2000,-0.0610,6.3675,6.3070,5.7537,5.7554,-0.0779,-0.0798,-0.2758,-0.2777,2.6590,0.1990,-0.0548,-2.3657
1791282184.2022,0.0201,1.2381,0.2000,-0.0263,6.1928,6.3309,5.9284,5.7554,-0.0357,-0.0798,-0.3036,-0.2777,2.6567,0.1994,-0.0572,-2.3674
1791282184.2230,0.0208,0.8851,0.2000,-0.0263,6.1928,6.3789,5.9284,5.7314,-0.0344,-0.0798,-0.3036,-0.2777,2.6556,0.1998,-0.0644,-2.3686
1791282184.2437,0.0207,0.4228,0.2000,-0.0263,6.1928,6.4029,5.9284,5.7794,-0.0344,-0.0782,-0.3036,-0.2777,2.6546,0.2010,-0.0620,-2.3697
1791282184.2628,0.0191,1.6339,0.2000,-0.0263,6.1928,6.3789,5.9284,5.8273,-0.0344,-0.0644,-0.3036,-0.2869,2.6529,0.2014,-0.0548,-2.3704
1791282184.2837,0.0208,0.4811,0.2000,-0.0263,6.1928,6.3309,5.9284,5.8273,-0.0344,-0.0522,-0.3036,-0.2930,2.6520,0.2006,-0.0501,-2.3718
1791282184.3021,0.0184,0.5782,0.2000,-0.0263,6.1928,6.3070,5.9284,5.8753,-0.0344,-0.0460,-0.3036,-0.2976,2.6519,0.2010,-0.0429,-2.3721
1791282184.3224,0.0204,1.0175,0.2000,-0.0263,6.1928,6.2830,5.9284,5.9233,-0.0344,-0.0414,-0.3036,-0.3007,2.6508,0.2014,-0.0358,-2.3729
1791282184.3426,0.0202,2.3643,0.2000,-0.0263,6.1928,6.2830,5.9284,5.9233,-0.0344,-0.0383,-0.3036,-0.3022,2.6503,0.2014,-0.0358,-2.3736
1791282184.3621,0.0195,3.0219,0.2000,-0.0263,6.1928,6.2350,5.9284,5.9233,-0.0344,-0.0368,-0.3036,-0.3022,2.6499,0.2006,-0.0310,-2.3741
1791282184.3821,0.0200,3.4777,0.2000,-0.0263,6.1928,6.2110,5.9284,5.9233,-0.0344,-0.0353,-0.3036,-0.3022,2.6490,0.2002,-0.0286,-2.3743
1791282184.4024,0.0203,4.9039,0.2000,-0.0263,6.1928,6.2110,5.9284,5.9233,-0.0344,-0.0353,-0.3036,-0.3037,2.6483,0.2002,-0.0286,-2.3746
1791282184.4227,0.0204,0.6540,0.2000,-0.0263,6.1928,6.2110,5.9284,5.9472,-0.0344,-0.0353,-0.3036,-0.3022,2.6483,0.2006,-0.0262,-2.3753
1791282184.4421,0.0194,0.4221,0.2000,-0.0263,6.1928,6.2110,5.9284,5.9472,-0.0344,-0.0353,-0.3036,-0.3022,2.6482,0.2006,-0.0262,-2.3755
1791282184.4650,0.0229,1.2695,0.2000,-0.0263,6.1928,6.1631,5.9284,5.8993,-0.0344,-0.0353,-0.3036,-0.3037,2.6470,0.1990,-0.0262,-2.3759
1791282184.4823,0.0173,0.7119,0.2000,-0.0124,6.1229,6.1631,5.9983,5.8993,-0.0171,-0.0353,-0.2957,-0.3037,2.6465,0.1990,-0.0262,-2.3767
1791282184.5023,0.0200,0.5526,0.2000,-0.0124,6.1229,6.1631,5.9983,5.8993,-0.0171,-0.0353,-0.2957,-0.3037,2.6458,0.1990,-0.0262,-2.3770
1791282184.5230,0.0207,0.3009,0.2000,-0.0124,6.1229,6.1871,5.9983,5.8753,-0.0171,-0.0353,-0.2957,-0.3037,2.6451,0.1990,-0.0310,-2.3781
1791282184.5437,0.0207,0.4623,0.2000,-0.0124,6.1229,6.1871,5.9983,5.8753,-0.0171,-0.0322,-0.2957,-0.3022,2.6441,0.1990,-0.0310,-2.3781
1791282184.5621,0.0184,0.5274,0.2000,-0.0124,6.1229,6.1391,5.9983,5.8993,-0.0171,-0.0276,-0.2957,-0.2991,2.6437,0.1986,-0.0238,-2.3782
1791282184.5828,0.0207,0.4229,0.2000,-0.0124,6.1229,6.0911,5.9983,5.9472,-0.0171,-0.0215,-0.2957,-0.2991,2.6436,0.1986,-0.0143,-2.3779
1791282184.6028,0.0200,2.8595,0.2000,-0.0124,6.1229,6.0911,5.9983,5.9712,-0.0171,-0.0199,-0.2957,-0.2991,2.6430,0.1990,-0.0119,-2.3787
1791282184.6224,0.0197,1.1829,0.2000,-0.0124,6.1229,6.1151,5.9983,5.9952,-0.0171,-0.0184,-0.2957,-0.2976,2.6425,0.1998,-0.0119,-2.3790
1791282184.6428,0.0204,1.0115,0.2000,-0.0124,6.1229,6.0911,5.9983,5.9712,-0.0171,-0.0184,-0.2957,-0.2976,2.6426,0.1990,-0.0119,-2.3788
1791282184.6622,0.0194,1.2241,0.2000,-0.0124,6.1229,6.0671,5.9983,5.9712,-0.0171,-0.0184,-0.2957,-0.2991,2.6423,0.1986,-0.0095,-2.3794
1791282184.6821,0.0200,2.0812,0.2000,0.0036,6.0433,6.0432,6.0780,5.9712,0.0030,-0.0184,-0.2858,-0.2976,2.6416,0.1982,-0.0072,-2.3796
1791282184.7021,0.0200,0.7779,0.2000,0.0036,6.0433,6.0911,6.0780,5.9952,0.0030,-0.0199,-0.2858,-0.2991,2.6413,0.1994,-0.0095,-2.3801
1791282184.7227,0.0206,0.5570,0.2000,0.0036,6.0433,6.0911,6.0780,5.9952,0.0030,-0.0169,-0.2858,-0.2976,2.6410,0.1994,-0.0095,-2.3804
1791282184.7422,0.0195,0.4688,0.2000,0.0036,6.0433,6.0671,6.0780,5.9952,0.0030,-0.0107,-0.2858,-0.2930,2.6398,0.1990,-0.0072,-2.3805
1791282184.7627,0.0205,1.1387,0.2000,0.0036,6.0433,6.0911,6.0780,6.0432,0.0030,-0.0061,-0.2858,-0.2899,2.6389,0.2002,-0.0048,-2.3808
1791282184.7829,0.0202,0.8300,0.2000,0.0036,6.0433,6.0671,6.0780,6.0192,0.0030,-0.0015,-0.2858,-0.2899,2.6384,0.1994,-0.0048,-2.3805
1791282184.8022,0.0193,0.6804,0.2000,0.0036,6.0433,6.0671,6.0780,5.9952,0.0030,0.0000,-0.2858,-0.2884,2.6370,0.1990,-0.0072,-2.3808
1791282184.8229,0.0207,0.2621,0.2000,0.0036,6.0433,6.0911,6.0780,6.0432,0.0030,0.0015,-0.2858,-0.2884,2.6360,0.2002,-0.0048,-2.3811
1791282184.8421,0.0192,0.4256,0.2000,0.0036,6.0433,6.0911,6.0780,6.0671,0.0030,0.0015,-0.2858,-0.2884,2.6354,0.2006,-0.0024,-2.3810
1791282184.8621,0.0201,1.4555,0.2000,0.0036,6.0433,6.0671,6.0780,6.0671,0.0030,0.0015,-0.2858,-0.2884,2.6341,0.2002,0.0000,-2.3810
1791282184.8850,0.0229,0.6078,0.2000,0.0036,6.0433,6.0671,6.0780,6.0432,0.0030,0.0015,-0.2858,-0.2869,2.6332,0.1998,-0.0024,-2.3808
1791282184.9022,0.0172,0.3218,0.2000,0.0036,6.0433,6.0432,6.0780,6.0671,0.0030,0.0015,-0.2858,-0.2869,2.6327,0.1998,0.0025,-2.3811
1791282184.9250,0.0228,0.3100,0.2000,0.0036,6.0433,6.0192,6.0780,6.0432,0.0030,0.0015,-0.2858,-0.2869,2.6317,0.1990,0.0025,-2.3811
1791282184.9422,0.0171,0.5877,0.2000,0.0036,6.0433,5.9952,6.0780,6.0432,0.0030,0.0015,-0.2858,-0.2869,2.6308,0.1986,0.0050,-2.3808
1791282184.9647,0.0225,0.4764,0.2000,0.0036,6.0433,5.9952,6.0780,6.0671,0.0030,0.0015,-0.2858,-0.2884,2.6304,0.1990,0.0075,-2.3805
1791282184.9821,0.0174,1.2027,0.2000,0.0036,6.0433,5.9952,6.0780,6.0671,0.0030,0.0015,-0.2858,-0.2884,2.6300,0.1990,0.0075,-2.3807
1791282185.0048,0.0228,4.9453,0.2000,-0.0371,6.2470,5.9712,5.8742,5.9952,-0.0447,0.0015,-0.2578,-0.2869,2.6286,0.1974,0.0025,-2.3805
1791282185.0243,0.0195,2.4620,0.2000,-0.0371,6.2470,5.9952,5.8742,5.9952,-0.0479,0.0015,-0.2578,-0.2869,2.6284,0.1978,0.0000,-2.3808
1791282185.0427,0.0183,0.5665,0.2000,-0.0371,6.2470,5.9952,5.8742,6.0192,-0.0479,0.0015,-0.2578,-0.2869,2.6282,0.1982,0.0025,-2.3808
1791282185.0623,0.0196,1.8871,0.2000,-0.0371,6.2470,5.9952,5.8742,6.0192,-0.0479,-0.0031,-0.2578,-0.2807,2.6268,0.1982,0.0025,-2.3808
1791282185.0828,0.0205,0.4809,0.2000,-0.0371,6.2470,6.0671,5.8742,5.9472,-0.0479,-0.0199,-0.2578,-0.2730,2.6251,0.1982,-0.0119,-2.3813
1791282185.1020,0.0192,0.3851,0.2000,-0.0371,6.2470,6.1151,5.8742,5.9233,-0.0479,-0.0337,-0.2578,-0.2684,2.6238,0.1986,-0.0191,-2.3816
1791282185.1230,0.0210,0.3537,0.2000,-0.0371,6.2470,6.1391,5.8742,5.8993,-0.0479,-0.0383,-0.2578,-0.2654,2.6222,0.1986,-0.0238,-2.3825
1791282185.1423,0.0192,0.5791,0.2000,-0.0371,6.2470,6.1391,5.8742,5.8513,-0.0479,-0.0430,-0.2578,-0.2623,2.6216,0.1978,-0.0286,-2.3831
1791282185.1647,0.0224,0.4340,0.2000,-0.0371,6.2470,6.1391,5.8742,5.8513,-0.0479,-0.0445,-0.2578,-0.2608,2.6211,0.1978,-0.0286,-2.3836
1791282185.1821,0.0174,0.4219,0.2000,-0.0371,6.2470,6.1871,5.8742,5.8753,-0.0479,-0.0460,-0.2578,-0.2592,2.6206,0.1990,-0.0310,-2.3843
1791282185.2024,0.0203,1.3539,0.2000,-0.0371,6.2470,6.1871,5.8742,5.8753,-0.0479,-0.0460,-0.2578,-0.2592,2.6199,0.1990,-0.0310,-2.3848
1791282185.2231,0.0208,0.7641,0.2000,-0.0371,6.2470,6.2110,5.8742,5.8993,-0.0479,-0.0460,-0.2578,-0.2608,2.6197,0.1998,-0.0310,-2.3859
1791282185.2421,0.0189,0.4292,0.2000,-0.0371,6.2470,6.2110,5.8742,5.8993,-0.0479,-0.0460,-0.2578,-0.2608,2.6190,0.1998,-0.0310,-2.3866
1791282185.2627,0.0207,4.0104,0.2000,-0.0371,6.2470,6.2350,5.8742,5.8753,-0.0479,-0.0460,-0.2578,-0.2592,2.6175,0.1998,-0.0358,-2.3872
1791282185.2830,0.0203,1.7002,0.2000,-0.0376,6.2499,6.2830,5.8713,5.8753,-0.0486,-0.0460,-0.2558,-0.2592,2.6166,0.2006,-0.0405,-2.3878
1791282185.3021,0.0191,3.7737,0.2000,-0.0376,6.2499,6.2830,5.8713,5.8993,-0.0486,-0.0460,-0.2558,-0.2608,2.6161,0.2010,-0.0382,-2.3888
1791282185.3227,0.0206,3.4532,0.2000,-0.0376,6.2499,6.2830,5.8713,5.8753,-0.0486,-0.0460,-0.2558,-0.2592,2.6157,0.2006,-0.0405,-2.3894
1791282185.3421,0.0194,2.8680,0.2000,-0.0376,6.2499,6.3309,5.8713,5.8993,-0.0486,-0.0476,-0.2558,-0.2577,2.6150,0.2018,-0.0429,-2.3903
1791282185.3621,0.0200,0.6906,0.2000,-0.0376,6.2499,6.3070,5.8713,5.8993,-0.0486,-0.0476,-0.2558,-0.2592,2.6146,0.2014,-0.0405,-2.3909
1791282185.3821,0.0200,1.9915,0.2000,-0.0376,6.2499,6.2830,5.8713,5.8993,-0.0486,-0.0476,-0.2558,-0.2577,2.6140,0.2010,-0.0382,-2.3915
1791282185.4022,0.0202,4.0654,0.2000,-0.0376,6.2499,6.2830,5.8713,5.8993,-0.0486,-0.0476,-0.2558,-0.2577,2.6138,0.2010,-0.0382,-2.3924
1791282185.4229,0.0206,0.4282,0.2000,-0.0376,6.2499,6.2590,5.8713,5.8753,-0.0486,-0.0476,-0.2558,-0.2577,2.6133,0.2002,-0.0382,-2.3930
1791282185.4424,0.0195,3.5658,0.2000,-0.0376,6.2499,6.2590,5.8713,5.8993,-0.0486,-0.0476,-0.2558,-0.2577,2.6125,0.2006,-0.0358,-2.3938
1791282185.4621,0.0197,2.2311,0.2000,-0.0376,6.2499,6.2590,5.8713,5.8993,-0.0486,-0.0476,-0.2558,-0.2592,2.6119,0.2006,-0.0358,-2.3939
1791282185.4823,0.0202,1.7917,0.2000,-0.0376,6.2499,6.2590,5.8713,5.8993,-0.0486,-0.0476,-0.2558,-0.2592,2.6114,0.2006,-0.0358,-2.3950
1791282185.5020,0.0197,0.3793,0.2000,-0.0376,6.2499,6.2350,5.8713,5.8993,-0.0486,-0.0476,-0.2558,-0.2577,2.6111,0.2002,-0.0334,-2.3953
1791282185.5226,0.0206,2.2865,0.2000,-0.0376,6.2499,6.2350,5.8713,5.8513,-0.0486,-0.0476,-0.2558,-0.2577,2.6096,0.1994,-0.0382,-2.3967
1791282185.5429,0.0203,2.4003,0.1899,0.0000,5.7537,6.2350,5.7537,5.8273,-0.0486,-0.0476,-0.2558,-0.2592,2.6091,0.1990,-0.0405,-2.3973
1791282185.5621,0.0192,1.3037,0.1803,0.0000,5.4631,6.2350,5.4631,5.8273,-0.0486,-0.0476,-0.2558,-0.2577,2.6086,0.1990,-0.0405,-2.3977
1791282185.5836,0.0216,0.4369,0.1695,0.0000,5.1365,6.2350,5.1365,5.8273,-0.0486,-0.0476,-0.2558,-0.2577,2.6065,0.1990,-0.0405,-2.3985
1791282185.6032,0.0196,2.8154,0.1597,0.0000,4.8394,6.2110,4.8394,5.8034,-0.0486,-0.0476,-0.2558,-0.2577,2.6060,0.1982,-0.0405,-2.3987
1791282185.6234,0.0201,3.4800,0.1496,0.0000,4.5342,6.0671,4.5342,5.8034,-0.0486,-0.0476,-0.2558,-0.2577,2.6053,0.1959,-0.0262,-2.3993
1791282185.6421,0.0187,0.8138,0.1403,0.0000,4.2511,5.8513,4.2511,5.7074,-0.0486,-0.0476,-0.2558,-0.2577,2.6049,0.1907,-0.0143,-2.3994
1791282185.6621,0.0200,1.5646,0.1303,0.0000,3.9473,5.6115,3.9473,5.5156,-0.0486,-0.0476,-0.2558,-0.2577,2.6049,0.1836,-0.0095,-2.3991
1791282185.6824,0.0203,0.4363,0.1201,0.0000,3.6402,5.3237,3.6402,5.2758,-0.0486,-0.0476,-0.2558,-0.2577,2.6050,0.1749,-0.0048,-2.3996
1791282185.7020,0.0196,1.3179,0.1103,0.0000,3.3426,4.9880,3.3426,4.9880,-0.0486,-0.0476,-0.2558,-0.2592,2.6046,0.1646,0.0000,-2.3994
1791282185.7223,0.0203,0.5078,0.1002,0.0000,3.0349,4.6523,3.0349,4.6523,-0.0486,-0.0476,-0.2558,-0.2592,2.6041,0.1535,0.0000,-2.3996
1791282185.7421,0.0198,0.4807,0.1100,-0.0275,3.4722,4.3405,3.1971,4.3165,-0.0359,-0.0476,-0.2492,-0.2577,2.6043,0.1428,-0.0024,-2.3997
1791282185.7625,0.0204,0.7716,0.1202,-0.0275,3.7814,4.0288,3.5059,3.9808,-0.0359,-0.0476,-0.2492,-0.2592,2.6045,0.1322,-0.0048,-2.3997
1791282185.7841,0.0215,0.5850,0.1310,-0.0275,4.1080,3.6930,3.8322,3.7170,-0.0359,-0.0460,-0.2492,-0.2577,2.6043,0.1223,0.0025,-2.3999
1791282185.8022,0.0182,3.1249,0.1401,-0.0275,4.3832,3.5012,4.1071,3.4772,-0.0359,-0.0430,-0.2492,-0.2546,2.6037,0.1151,-0.0024,-2.4000
1791282185.8230,0.0208,0.2919,0.1505,-0.0275,4.6988,3.5012,4.4224,3.3813,-0.0359,-0.0399,-0.2492,-0.2531,2.6031,0.1136,-0.0120,-2.4010
1791282185.8421,0.0191,0.4543,0.1600,-0.0275,4.9881,3.6211,4.7116,3.4293,-0.0359,-0.0368,-0.2492,-0.2516,2.6024,0.1163,-0.0192,-2.4014
1791282185.8647,0.0226,0.5133,0.1713,-0.0275,5.3302,3.8130,5.0538,3.5971,-0.0359,-0.0368,-0.2492,-0.2516,2.6017,0.1223,-0.0215,-2.4019
1791282185.8822,0.0175,0.5053,0.1801,-0.0275,5.5956,4.0767,5.3192,3.8130,-0.0359,-0.0368,-0.2492,-0.2500,2.6008,0.1302,-0.0263,-2.4023
1791282185.9021,0.0198,0.3993,0.1900,-0.0275,5.8963,4.3645,5.6199,4.1007,-0.0359,-0.0368,-0.2492,-0.2500,2.5998,0.1397,-0.0263,-2.4027
1791282185.9223,0.0202,0.3328,0.2000,-0.0275,6.1988,4.6523,5.9224,4.3885,-0.0359,-0.0383,-0.2492,-0.2500,2.5989,0.1492,-0.0262,-2.4036
1791282185.9420,0.0197,0.4754,0.2000,-0.0275,6.1988,4.9880,5.9224,4.6523,-0.0359,-0.0368,-0.2492,-0.2500,2.5980,0.1591,-0.0334,-2.4043
1791282185.9627,0.0207,0.4072,0.2000,-0.0275,6.1988,5.2758,5.9224,4.9640,-0.0359,-0.0368,-0.2492,-0.2500,2.5973,0.1690,-0.0310,-2.4048
1791282185.9821,0.0194,0.5563,0.2000,-0.0275,6.1988,5.5636,5.9224,5.2518,-0.0359,-0.0368,-0.2492,-0.2500,2.5968,0.1785,-0.0310,-2.4052
1791282186.0022,0.0201,1.0677,0.1899,0.0000,5.7557,5.7794,5.7557,5.5156,-0.0359,-0.0368,-0.2492,-0.2500,2.5961,0.1864,-0.0262,-2.4062
1791282186.0229,0.0207,0.7701,0.1796,0.0000,5.4425,5.9472,5.4425,5.6595,-0.0359,-0.0368,-0.2492,-0.2500,2.5959,0.1915,-0.0286,-2.4068
1791282186.0421,0.0192,0.7485,0.1700,0.0000,5.1511,5.9952,5.1511,5.7314,-0.0359,-0.0368,-0.2492,-0.2500,2.5958,0.1935,-0.0262,-2.4066
1791282186.0622,0.0201,1.0863,0.1599,0.0000,4.8469,6.0192,4.8469,5.8273,-0.0359,-0.0368,-0.2492,-0.2500,2.5953,0.1955,-0.0191,-2.4069
1791282186.0821,0.0199,0.4801,0.1500,0.0000,4.5451,5.9712,4.5451,5.8034,-0.0359,-0.0383,-0.2492,-0.2500,2.5949,0.1943,-0.0167,-2.4075
1791282186.1029,0.0208,0.4391,0.1396,0.0000,4.2301,5.8034,4.2301,5.6835,-0.0359,-0.0368,-0.2492,-0.2500,2.5953,0.1895,-0.0119,-2.4071
1791282186.1242,0.0213,0.2813,0.1289,0.0000,3.9068,5.3957,3.9068,5.4197,-0.0359,-0.0368,-0.2492,-0.2500,2.5954,0.1785,0.0025,-2.4069
1791282186.1422,0.0180,4.7802,0.1199,0.0000,3.6338,5.2758,3.6338,5.2998,-0.0359,-0.0368,-0.2492,-0.2500,2.5954,0.1745,0.0025,-2.4076
1791282186.1622,0.0199,2.6513,0.1099,0.0000,3.3315,5.0120,3.3315,4.9880,-0.0359,-0.0368,-0.2492,-0.2516,2.5955,0.1650,-0.0024,-2.4074
1791282186.1827,0.0205,2.3783,0.0997,0.0000,3.0205,4.6763,3.0205,4.6763,-0.0359,-0.0368,-0.2492,-0.2500,2.5956,0.1543,0.0000,-2.4077
1791282186.2021,0.0194,2.8461,0.0900,0.0000,2.7261,4.3885,2.7261,4.3645,-0.0359,-0.0368,-0.2492,-0.2500,2.5953,0.1444,-0.0024,-2.4079
1791282186.2226,0.0205,0.4427,0.0797,0.0000,2.4159,4.1007,2.4159,4.1007,-0.0359,-0.0368,-0.2492,-0.2516,2.5952,0.1353,0.0000,-2.4080
1791282186.2420,0.0194,0.5601,0.0700,0.0000,2.1215,3.8130,2.1215,3.8130,-0.0359,-0.0368,-0.2492,-0.2500,2.5954,0.1258,0.0000,-2.4079
1791282186.2621,0.0200,1.5559,0.0600,0.0000,1.8179,3.5492,1.8179,3.5012,-0.0359,-0.0368,-0.2492,-0.2516,2.5956,0.1163,-0.0048,-2.4079
1791282186.2821,0.0200,0.4020,0.0500,0.0000,1.5149,3.2134,1.5149,3.2134,-0.0359,-0.0383,-0.2492,-0.2516,2.5957,0.1060,0.0000,-2.4080
1791282186.3021,0.0201,0.4744,0.0400,0.0000,1.2109,2.8537,1.2109,2.8537,-0.0359,-0.0368,-0.2492,-0.2500,2.5956,0.0942,0.0000,-2.4082
1791282186.3223,0.0202,0.3154,0.0299,0.0000,0.9049,2.5420,0.9049,2.5180,-0.0359,-0.0368,-0.2492,-0.2500,2.5956,0.0835,-0.0024,-2.4081
1791282186.3423,0.0200,0.7592,0.0199,0.0000,0.6022,2.2062,0.6022,2.2302,-0.0359,-0.0368,-0.2492,-0.2516,2.5956,0.0732,0.0026,-2.4080
1791282186.3624,0.0200,0.7437,0.0098,0.0000,0.2984,1.8705,0.2984,1.8945,-0.0359,-0.0368,-0.2492,-0.2500,2.5956,0.0621,0.0026,-2.4082
1791282186.3827,0.0203,0.4776,0.0200,-0.0184,0.6952,1.5827,0.5183,1.5827,-0.0246,-0.0368,-0.2919,-0.2500,2.5955,0.0522,0.0000,-2.4082
1791282186.4028,0.0201,1.1934,0.0301,-0.0184,1.0003,1.2950,0.8226,1.2950,-0.0246,-0.0368,-0.2935,-0.2500,2.5956,0.0427,0.0000,-2.4081
1791282186.4231,0.0202,0.3935,0.0402,-0.0184,1.3074,1.0072,1.1288,0.9832,-0.0246,-0.0368,-0.2935,-0.2516,2.5956,0.0328,-0.0025,-2.4082
1791282186.4421,0.0191,2.0519,0.0497,-0.0184,1.5965,0.7914,1.4171,0.7674,-0.0246,-0.0322,-0.2935,-0.2638,2.5956,0.0257,-0.0025,-2.4084
1791282186.4630,0.0209,0.7281,0.0602,-0.0184,1.9132,0.7434,1.7328,0.6715,-0.0246,-0.0291,-0.2935,-0.2746,2.5954,0.0233,-0.0075,-2.4088
1791282186.4824,0.0194,1.5842,0.0699,-0.0184,2.2078,0.8393,2.0265,0.7194,-0.0246,-0.0261,-0.2935,-0.2823,2.5951,0.0257,-0.0125,-2.4092
1791282186.5022,0.0198,0.4299,0.0798,-0.0184,2.5085,1.0312,2.3263,0.8873,-0.0246,-0.0261,-0.2935,-0.2869,2.5949,0.0317,-0.0149,-2.4095
1791282186.5232,0.0210,0.9307,0.0903,-0.0184,2.8271,1.2950,2.6439,1.1031,-0.0246,-0.0276,-0.2935,-0.2884,2.5946,0.0396,-0.0198,-2.4101
1791282186.5425,0.0193,0.5137,0.0999,-0.0184,3.1194,1.5588,2.9353,1.3909,-0.0246,-0.0261,-0.2935,-0.2915,2.5942,0.0487,-0.0172,-2.4104
1791282186.5622,0.0197,0.4433,0.1097,-0.0184,3.4178,1.8225,3.2335,1.6787,-0.0246,-0.0261,-0.2935,-0.2915,2.5939,0.0578,-0.0147,-2.4106
1791282186.5821,0.0199,0.4597,0.1197,-0.0184,3.7202,2.1103,3.5356,1.9424,-0.0246,-0.0261,-0.2935,-0.2915,2.5936,0.0669,-0.0171,-2.4111
1791282186.6022,0.0201,1.1558,0.1097,0.0000,3.3241,2.3981,3.3241,2.2302,-0.0246,-0.0261,-0.2935,-0.2915,2.5935,0.0764,-0.0170,-2.4114
1791282186.6230,0.0209,0.4775,0.0993,0.0000,3.0077,2.7098,3.0077,2.5659,-0.0246,-0.0261,-0.2935,-0.2915,2.5933,0.0871,-0.0145,-2.4115
1791282186.6427,0.0197,2.1056,0.0894,0.0000,2.7099,3.0216,2.7099,2.9017,-0.0246,-0.0261,-0.2935,-0.2915,2.5930,0.0977,-0.0120,-2.4117
1791282186.6627,0.0200,2.0145,0.0794,0.0000,2.4065,3.2374,2.4065,3.0935,-0.0246,-0.0261,-0.2935,-0.2915,2.5925,0.1045,-0.0144,-2.4121
1791282186.6823,0.0195,1.7474,0.0696,0.0000,2.1106,3.2614,2.1106,3.1175,-0.0246,-0.0261,-0.2935,-0.2915,2.5924,0.1053,-0.0144,-2.4118
1791282186.7021,0.0199,0.6897,0.0597,0.0000,1.8096,3.2134,1.8096,3.0935,-0.0246,-0.0261,-0.2935,-0.2915,2.5921,0.1041,-0.0120,-2.4121
1791282186.7230,0.0209,0.8445,0.0493,0.0000,1.4930,3.0456,1.4930,2.9976,-0.0246,-0.0261,-0.2935,-0.2915,2.5921,0.0997,-0.0048,-2.4123
1791282186.7426,0.0196,0.8068,0.0395,0.0000,1.1966,2.8297,1.1966,2.8058,-0.0246,-0.0261,-0.2935,-0.2915,2.5923,0.0930,-0.0024,-2.4120
1791282186.7628,0.0202,0.8322,0.0294,0.0000,0.8899,2.5420,0.8899,2.5420,-0.0246,-0.0261,-0.2935,-0.2915,2.5924,0.0839,0.0000,-2.4120
1791282186.7838,0.0210,0.4419,0.0189,0.0000,0.5719,2.2542,0.5719,2.2542,-0.0246,-0.0261,-0.2935,-0.2915,2.5925,0.0744,0.0000,-2.4123
1791282186.8022,0.0183,1.8682,0.0097,0.0000,0.2939,1.9664,0.2939,1.9424,-0.0246,-0.0261,-0.2935,-0.2915,2.5926,0.0645,-0.0024,-2.4123
1791282186.8233,0.0212,1.8481,0.0000,0.0000,0.0000,1.6307,0.0000,1.6307,-0.0246,-0.0261,-0.2935,-0.2915,2.5927,0.0538,0.0000,-2.4125
1791282186.8421,0.0187,0.8416,0.0000,0.0000,0.0000,1.3429,0.0000,1.2950,-0.0246,-0.0261,-0.2935,-0.2915,2.5927,0.0435,-0.0049,-2.4125
1791282186.8622,0.0201,0.4341,0.0000,0.0000,0.0000,1.0072,0.0000,1.0072,-0.0246,-0.0261,-0.2935,-0.2915,2.5928,0.0332,0.0000,-2.4125
1791282186.8823,0.0201,3.8484,0.0101,0.0287,0.1738,0.7194,0.4359,0.7194,0.0175,-0.0261,-0.2520,-0.2915,2.5929,0.0237,0.0000,-2.4123
1791282186.9027,0.0204,0.5085,0.0202,0.0287,0.4817,0.4796,0.7447,0.4556,0.0343,-0.0261,-0.2520,-0.2915,2.5929,0.0154,-0.0025,-2.4121
1791282186.9230,0.0204,0.2713,0.0304,0.0287,0.7898,0.2638,1.0539,0.2638,0.0343,-0.0261,-0.2520,-0.2915,2.5929,0.0087,0.0000,-2.4123
1791282186.9429,0.0199,0.4022,0.0404,0.0287,1.0904,0.1439,1.3555,0.1679,0.0343,-0.0169,-0.2520,-0.2853,2.5929,0.0051,0.0026,-2.4121
1791282186.9627,0.0198,1.0264,0.0503,0.0287,1.3898,0.1679,1.6558,0.2398,0.0343,-0.0015,-0.2520,-0.2746,2.5929,0.0067,0.0079,-2.4116
1791282186.9847,0.0220,0.4018,0.0612,0.0287,1.7224,0.3118,1.9895,0.4317,0.0343,0.0107,-0.2520,-0.2669,2.5933,0.0123,0.0131,-2.4113
1791282187.0023,0.0176,0.7476,0.0700,0.0287,1.9882,0.5036,2.2562,0.7194,0.0343,0.0199,-0.2520,-0.2623,2.5937,0.0202,0.0235,-2.4108
1791282187.0231,0.0209,0.6198,0.0805,0.0287,2.3042,0.7434,2.5733,0.9832,0.0343,0.0245,-0.2520,-0.2577,2.5942,0.0285,0.0261,-2.4101
1791282187.0421,0.0190,0.7451,0.0900,0.0294,2.5874,1.0552,2.8644,1.2950,0.0352,0.0291,-0.2536,-0.2562,2.5949,0.0388,0.0260,-2.4095
1791282187.0622,0.0201,0.9111,0.1000,0.0294,2.8911,1.3189,3.1692,1.6067,0.0352,0.0307,-0.2536,-0.2546,2.5955,0.0483,0.0311,-2.4088
1791282187.0822,0.0200,0.4762,0.1100,0.0294,3.1935,1.6307,3.4722,1.8945,0.0352,0.0322,-0.2536,-0.2546,2.5962,0.0582,0.0284,-2.4081
1791282187.1027,0.0205,0.6232,0.1202,0.0294,3.5039,1.9424,3.7832,2.2302,0.0352,0.0322,-0.2536,-0.2546,2.5967,0.0688,0.0308,-2.4072
1791282187.1226,0.0200,0.3199,0.1302,0.0294,3.8061,2.2542,4.0861,2.4940,0.0352,0.0337,-0.2536,-0.2546,2.5973,0.0783,0.0256,-2.4068
1791282187.1421,0.0194,1.1747,0.1399,0.0294,4.1002,2.5420,4.3808,2.7818,0.0352,0.0337,-0.2536,-0.2546,2.5980,0.0878,0.0255,-2.4065
1791282187.1621,0.0201,0.4766,0.1500,0.0294,4.4039,2.8537,4.6852,3.0935,0.0352,0.0322,-0.2536,-0.2546,2.5986,0.0981,0.0254,-2.4059
1791282187.1823,0.0202,0.5315,0.1601,0.0294,4.7094,3.1415,4.9907,3.3813,0.0352,0.0337,-0.2536,-0.2562,2.5992,0.1076,0.0253,-2.4050
1791282187.2022,0.0199,0.8083,0.1700,0.0294,5.0113,3.2854,5.2926,3.5492,0.0352,0.0337,-0.2536,-0.2546,2.5996,0.1128,0.0278,-2.4046
1791282187.2229,0.0206,1.1381,0.1803,0.0294,5.3241,3.7170,5.6054,4.0288,0.0352,0.0337,-0.2536,-0.2546,2.6007,0.1278,0.0328,-2.4036
1791282187.2421,0.0192,0.4222,0.1900,0.0294,5.6157,3.8609,5.8970,4.1727,0.0352,0.0337,-0.2536,-0.2546,2.6011,0.1326,0.0328,-2.4031
1791282187.2622,0.0201,0.4565,0.2000,0.0294,5.9198,4.1966,6.2011,4.4604,0.0352,0.0337,-0.2536,-0.2546,2.6020,0.1428,0.0277,-2.4028
1791282187.2825,0.0203,0.4905,0.2000,0.0294,5.9200,4.5084,6.2012,4.7722,0.0352,0.0337,-0.2536,-0.2546,2.6033,0.1531,0.0276,-2.4018
1791282187.3021,0.0196,0.4388,0.2000,0.0294,5.9200,4.7962,6.2012,5.1079,0.0352,0.0337,-0.2536,-0.2546,2.6043,0.1634,0.0326,-2.4010
1791282187.3230,0.0210,0.3238,0.2000,0.0294,5.9200,5.1559,6.2012,5.4197,0.0352,0.0337,-0.2536,-0.2546,2.6048,0.1745,0.0276,-2.4007
1791282187.3423,0.0193,0.4898,0.2000,0.0294,5.9200,5.4436,6.2012,5.7554,0.0352,0.0337,-0.2536,-0.2546,2.6053,0.1848,0.0326,-2.3999
1791282187.3621,0.0198,0.7149,0.2000,0.0294,5.9200,5.6355,6.2012,5.9472,0.0352,0.0337,-0.2536,-0.2546,2.6064,0.1911,0.0326,-2.3986
1791282187.3822,0.0201,0.5406,0.2000,-0.0309,6.2159,5.7314,5.9053,6.0432,-0.0069,0.0337,-0.2579,-0.2546,2.6070,0.1943,0.0326,-2.3984
1791282187.4036,0.0214,5.2665,0.2000,-0.0689,6.4068,5.8034,5.7144,6.1151,-0.0517,0.0337,-0.2579,-0.2546,2.6075,0.1967,0.0326,-2.3981
1791282187.4224,0.0188,0.4095,0.2000,-0.0689,6.4068,5.8753,5.7144,6.1391,-0.0876,0.0322,-0.2579,-0.2562,2.6084,0.1982,0.0276,-2.3975
1791282187.4426,0.0202,1.6178,0.2000,-0.0689,6.4068,5.9233,5.7144,6.1391,-0.0876,0.0199,-0.2579,-0.2562,2.6093,0.1990,0.0226,-2.3970
1791282187.4621,0.0195,0.5673,0.2000,-0.0689,6.4068,5.9952,5.7144,5.9952,-0.0876,0.0031,-0.2579,-0.2562,2.6094,0.1978,0.0000,-2.3976
1791282187.4822,0.0201,0.4997,0.2000,-0.0689,6.4068,6.1151,5.7144,5.8753,-0.0876,-0.0215,-0.2579,-0.2562,2.6092,0.1978,-0.0238,-2.3987
1791282187.5021,0.0199,0.4046,0.2000,-0.0689,6.4068,6.2110,5.7144,5.8273,-0.0876,-0.0491,-0.2579,-0.2562,2.6085,0.1986,-0.0382,-2.3999
1791282187.5227,0.0205,0.2627,0.2000,-0.0689,6.4068,6.2830,5.7144,5.7794,-0.0876,-0.0629,-0.2579,-0.2562,2.6066,0.1990,-0.0501,-2.4012
1791282187.5421,0.0195,0.8389,0.2000,-0.0689,6.4068,6.3549,5.7144,5.7314,-0.0876,-0.0721,-0.2579,-0.2562,2.6051,0.1994,-0.0620,-2.4027
1791282187.5637,0.0216,0.4444,0.2000,-0.0689,6.4068,6.3309,5.7144,5.7314,-0.0876,-0.0798,-0.2579,-0.2562,2.6037,0.1990,-0.0596,-2.4037
1791282187.5838,0.0201,0.4950,0.2000,-0.0689,6.4068,6.3309,5.7144,5.7074,-0.0876,-0.0828,-0.2579,-0.2562,2.6016,0.1986,-0.0620,-2.4054
1791282187.6022,0.0183,1.2714,0.2000,-0.0139,6.1304,6.3789,5.9909,5.7074,-0.0493,-0.0844,-0.2439,-0.2562,2.6000,0.1994,-0.0668,-2.4066
1791282187.6237,0.0216,0.4196,0.2000,0.0052,6.0356,6.4029,6.0857,5.7314,-0.0041,-0.0828,-0.2439,-0.2577,2.5983,0.2002,-0.0668,-2.4082
1791282187.6422,0.0185,0.8349,0.2000,0.0052,6.0356,6.3789,6.0857,5.7314,0.0050,-0.0859,-0.2439,-0.2562,2.5965,0.1998,-0.0644,-2.4097
1791282187.6650,0.0228,0.9207,0.2000,0.0052,6.0356,6.3309,6.0857,5.7554,0.0050,-0.0752,-0.2439,-0.2531,2.5951,0.1994,-0.0572,-2.4103
1791282187.6823,0.0173,1.4493,0.2000,0.0052,6.0356,6.2590,6.0857,5.8273,0.0050,-0.0506,-0.2439,-0.2500,2.5936,0.1994,-0.0429,-2.4102
1791282187.7020,0.0197,0.4461,0.2000,0.0052,6.0356,6.1871,6.0857,5.9472,0.0050,-0.0322,-0.2439,-0.2500,2.5923,0.2002,-0.0238,-2.4109
1791282187.7235,0.0215,0.3655,0.2000,0.0052,6.0356,6.1391,6.0857,5.9952,0.0050,-0.0169,-0.2439,-0.2485,2.5913,0.2002,-0.0143,-2.4111
1791282187.7428,0.0193,0.8870,0.2000,0.0052,6.0356,6.1391,6.0857,6.0192,0.0050,-0.0092,-0.2439,-0.2485,2.5899,0.2006,-0.0119,-2.4109
1791282187.7623,0.0196,0.4804,0.2000,0.0052,6.0356,6.1151,6.0857,6.0432,0.0050,-0.0061,-0.2439,-0.2470,2.5894,0.2006,-0.0072,-2.4112
1791282187.7822,0.0199,0.5125,0.2000,0.0052,6.0356,6.0911,6.0857,6.0671,0.0050,-0.0031,-0.2439,-0.2485,2.5885,0.2006,-0.0024,-2.4112
1791282187.8021,0.0199,2.0843,0.2000,0.0052,6.0356,6.0432,6.0857,6.0432,0.0050,0.0000,-0.2439,-0.2485,2.5873,0.1994,0.0000,-2.4111
1791282187.8231,0.0210,1.0773,0.2000,0.0052,6.0356,6.0432,6.0857,6.0432,0.0050,0.0015,-0.2439,-0.2470,2.5862,0.1994,0.0000,-2.4112
1791282187.8428,0.0197,0.5346,0.2000,0.0052,6.0356,6.0432,6.0857,6.0671,0.0050,0.0031,-0.2439,-0.2470,2.5854,0.1998,0.0025,-2.4112
1791282187.8638,0.0210,1.7047,0.2000,0.0052,6.0356,6.0192,6.0857,6.0671,0.0050,0.0031,-0.2439,-0.2470,2.5845,0.1994,0.0050,-2.4109
1791282187.8827,0.0189,0.5497,0.2000,0.0029,6.0469,5.9952,6.0743,6.0671,0.0020,0.0031,-0.2464,-0.2470,2.5832,0.1990,0.0075,-2.4112
1791282187.9021,0.0194,1.1182,0.2000,0.0029,6.0469,5.9952,6.0743,6.0671,0.0020,0.0031,-0.2464,-0.2470,2.5823,0.1990,0.0075,-2.4111
1791282187.9241,0.0220,0.4177,0.2000,0.0029,6.0469,5.9712,6.0743,6.0911,0.0020,0.0031,-0.2464,-0.2470,2.5813,0.1990,0.0126,-2.4109
1791282187.9423,0.0182,3.2974,0.2000,0.0029,6.0469,5.9472,6.0743,6.0432,0.0020,0.0015,-0.2464,-0.2470,2.5800,0.1978,0.0100,-2.4109
1791282187.9621,0.0198,0.3966,0.2000,0.0029,6.0469,5.9712,6.0743,6.0432,0.0020,0.0015,-0.2464,-0.2485,2.5790,0.1982,0.0075,-2.4109
1791282187.9821,0.0200,0.6085,0.2000,0.0029,6.0469,5.9952,6.0743,6.0192,0.0020,0.0031,-0.2464,-0.2470,2.5783,0.1982,0.0025,-2.4109
1791282188.0021,0.0199,0.4314,0.2000,0.0029,6.0469,5.9712,6.0743,5.9952,0.0020,0.0031,-0.2464,-0.2470,2.5772,0.1974,0.0025,-2.4106
1791282188.0230,0.0209,0.9307,0.2000,0.0029,6.0469,6.0192,6.0743,6.0192,0.0020,0.0015,-0.2464,-0.2470,2.5760,0.1986,0.0000,-2.4111
1791282188.0420,0.0191,0.4056,0.2000,0.0029,6.0469,6.0432,6.0743,6.0192,0.0020,0.0015,-0.2464,-0.2485,2.5749,0.1990,-0.0024,-2.4111
1791282188.0623,0.0202,1.0454,0.2000,0.0029,6.0469,6.0432,6.0743,6.0432,0.0020,0.0031,-0.2464,-0.2485,2.5736,0.1994,0.0000,-2.4111
1791282188.0829,0.0207,2.4052,0.2000,0.0013,6.0543,6.0192,6.0669,6.0432,0.0001,0.0031,-0.2484,-0.2470,2.5721,0.1990,0.0025,-2.4109
1791282188.1023,0.0194,1.5132,0.2000,0.0013,6.0543,6.0432,6.0669,6.0432,0.0001,0.0031,-0.2484,-0.2470,2.5710,0.1994,0.0000,-2.4109
1791282188.1231,0.0207,1.5408,0.2000,0.0013,6.0543,6.0432,6.0669,6.0671,0.0001,0.0015,-0.2484,-0.2485,2.5696,0.1998,0.0025,-2.4109
1791282188.1427,0.0196,1.1554,0.2000,0.0013,6.0543,6.0432,6.0669,6.0671,0.0001,0.0015,-0.2484,-0.2470,2.5687,0.1998,0.0025,-2.4107
1791282188.1621,0.0194,0.4421,0.2000,0.0013,6.0543,6.0432,6.0669,6.0671,0.0001,0.0015,-0.2484,-0.2485,2.5679,0.1998,0.0025,-2.4107
1791282188.1821,0.0200,0.3951,0.2000,0.0013,6.0543,6.0192,6.0669,6.0911,0.0001,0.0015,-0.2484,-0.2485,2.5669,0.1998,0.0075,-2.4104
1791282188.2022,0.0201,1.1100,0.2000,0.0013,6.0543,6.0432,6.0669,6.0671,0.0001,0.0015,-0.2484,-0.2470,2.5659,0.1998,0.0025,-2.4098
1791282188.2236,0.0214,0.4912,0.2000,0.0013,6.0543,6.0911,6.0669,6.1151,0.0001,0.0015,-0.2484,-0.2485,2.5652,0.2014,0.0025,-2.4099
1791282188.2422,0.0185,0.6309,0.2000,0.0013,6.0543,6.1151,6.0669,6.1151,0.0001,0.0015,-0.2484,-0.2485,2.5639,0.2018,0.0000,-2.4098
1791282188.2621,0.0199,0.4969,0.2000,0.0013,6.0543,6.0911,6.0669,6.0671,0.0001,0.0015,-0.2484,-0.2485,2.5628,0.2006,-0.0024,-2.4095
1791282188.2820,0.0200,0.4731,0.2000,0.0537,5.8041,6.0911,6.3171,6.0671,0.0419,0.0015,-0.2563,-0.2485,2.5620,0.2006,-0.0024,-2.4093
1791282188.3020,0.0200,0.6315,0.2000,0.0537,5.8041,6.0911,6.3171,6.0911,0.0656,0.0015,-0.2563,-0.2485,2.5608,0.2010,0.0000,-2.4095
1791282188.3229,0.0209,0.3756,0.2000,0.0537,5.8041,6.0671,6.3171,6.0911,0.0656,0.0031,-0.2563,-0.2485,2.5597,0.2006,0.0025,-2.4093
1791282188.3423,0.0194,4.2561,0.2000,0.0537,5.8041,6.0671,6.3171,6.0911,0.0656,0.0077,-0.2563,-0.2500,2.5596,0.2006,0.0025,-2.4090
1791282188.3627,0.0204,1.5229,0.2000,0.0537,5.8041,5.9472,6.3171,6.1631,0.0656,0.0307,-0.2563,-0.2546,2.5586,0.1998,0.0226,-2.4080
1791282188.3827,0.0200,0.4051,0.2000,0.0537,5.8041,5.8993,6.3171,6.1871,0.0656,0.0383,-0.2563,-0.2546,2.5582,0.1994,0.0301,-2.4069
1791282188.4022,0.0196,1.1595,0.2000,0.0537,5.8041,5.8513,6.3171,6.2350,0.0656,0.0476,-0.2563,-0.2546,2.5579,0.1994,0.0402,-2.4063
1791282188.4228,0.0205,0.3072,0.2000,0.0537,5.8041,5.8273,6.3171,6.2830,0.0656,0.0552,-0.2563,-0.2546,2.5580,0.1998,0.0477,-2.4055
1791282188.4426,0.0198,2.2241,0.2000,0.0537,5.8041,5.8034,6.3171,6.3070,0.0656,0.0598,-0.2563,-0.2546,2.5577,0.1998,0.0527,-2.4042
1791282188.4621,0.0195,0.5216,0.2000,0.0537,5.8041,5.7794,6.3171,6.2830,0.0656,0.0629,-0.2563,-0.2546,2.5577,0.1990,0.0527,-2.4031
1791282188.4821,0.0200,0.4312,0.2000,0.0537,5.8041,5.7554,6.3171,6.2830,0.0656,0.0644,-0.2563,-0.2546,2.5583,0.1986,0.0552,-2.4018
1791282188.5020,0.0200,0.4156,0.2000,0.0537,5.8041,5.7554,6.3171,6.2830,0.0656,0.0644,-0.2563,-0.2546,2.5581,0.1986,0.0552,-2.4005
1791282188.5240,0.0219,0.2771,0.2000,0.0537,5.8041,5.7794,6.3171,6.2590,0.0656,0.0644,-0.2563,-0.2546,2.5575,0.1986,0.0502,-2.3997
1791282188.5422,0.0182,0.4409,0.2000,0.0537,5.8041,5.7794,6.3171,6.2590,0.0656,0.0644,-0.2563,-0.2546,2.5573,0.1986,0.0502,-2.3986
1791282188.5637,0.0215,0.4165,0.2000,0.0537,5.8041,5.7554,6.3171,6.2830,0.0656,0.0629,-0.2563,-0.2546,2.5571,0.1986,0.0552,-2.3973
1791282188.5821,0.0184,0.7271,0.2000,0.0537,5.8041,5.7794,6.3171,6.2830,0.0656,0.0644,-0.2563,-0.2546,2.5567,0.1990,0.0527,-2.3968
1791282188.6022,0.0201,1.4391,0.2000,0.0694,5.7293,5.7794,6.3919,6.2830,0.0851,0.0644,-0.2573,-0.2562,2.5568,0.1990,0.0527,-2.3953
1791282188.6228,0.0206,1.3392,0.2000,0.0694,5.7293,5.7794,6.3919,6.2830,0.0851,0.0644,-0.2573,-0.2546,2.5565,0.1990,0.0527,-2.3944
1791282188.6428,0.0200,1.7627,0.2000,0.0694,5.7293,5.8034,6.3919,6.2830,0.0851,0.0644,-0.2573,-0.2546,2.5562,0.1994,0.0502,-2.3934
1791282188.6622,0.0194,0.4769,0.2000,0.0694,5.7293,5.8034,6.3919,6.3309,0.0851,0.0721,-0.2573,-0.2562,2.5561,0.2002,0.0552,-2.3925
1791282188.6821,0.0199,0.5242,0.2000,0.0694,5.7293,5.7554,6.3919,6.3549,0.0851,0.0767,-0.2573,-0.2562,2.5560,0.1998,0.0628,-2.3909
1791282188.7021,0.0200,0.4317,0.2000,0.0694,5.7293,5.7314,6.3919,6.3549,0.0851,0.0798,-0.2573,-0.2562,2.5556,0.1994,0.0653,-2.3901
1791282188.7229,0.0209,0.2742,0.2000,0.0694,5.7293,5.7554,6.3919,6.3789,0.0851,0.0813,-0.2573,-0.2562,2.5557,0.2002,0.0653,-2.3884
1791282188.7421,0.0191,0.6873,0.2000,0.0694,5.7293,5.7314,6.3919,6.4029,0.0851,0.0828,-0.2573,-0.2562,2.5557,0.2002,0.0703,-2.3867
1791282188.7627,0.0206,0.3887,0.2000,0.0694,5.7293,5.7314,6.3919,6.3789,0.0851,0.0828,-0.2573,-0.2562,2.5553,0.1998,0.0678,-2.3857
1791282188.7821,0.0194,0.4062,0.2000,0.0694,5.7293,5.7554,6.3919,6.3789,0.0851,0.0828,-0.2573,-0.2562,2.5556,0.2002,0.0653,-2.3844
1791282188.8022,0.0201,0.4509,0.2000,0.0694,5.7293,5.7554,6.3919,6.3789,0.0851,0.0828,-0.2573,-0.2562,2.5559,0.2002,0.0653,-2.3828
1791282188.8238,0.0216,0.3091,0.2000,0.0694,5.7293,5.7554,6.3919,6.3789,0.0851,0.0828,-0.2573,-0.2562,2.5558,0.2002,0.0653,-2.3819
1791282188.8424,0.0186,1.4766,0.2000,0.0694,5.7293,5.7314,6.3919,6.3789,0.0851,0.0828,-0.2573,-0.2577,2.5560,0.1998,0.0678,-2.3806
1791282188.8621,0.0197,0.7135,0.2000,0.0694,5.7293,5.7074,6.3919,6.3789,0.0851,0.0828,-0.2573,-0.2562,2.5563,0.1994,0.0703,-2.3790
1791282188.8821,0.0200,0.4404,0.2000,0.0694,5.7293,5.6835,6.3919,6.3549,0.0851,0.0828,-0.2573,-0.2562,2.5564,0.1986,0.0703,-2.3777
1791282188.9038,0.0217,0.4062,0.2000,0.0694,5.7293,5.7074,6.3919,6.3789,0.0851,0.0828,-0.2573,-0.2577,2.5566,0.1994,0.0703,-2.3762
1791282188.9227,0.0189,0.4745,0.2000,0.0476,5.8334,5.7314,6.2878,6.4029,0.0579,0.0828,-0.2970,-0.2562,2.5567,0.2002,0.0703,-2.3746
1791282188.9431,0.0204,5.4845,0.2000,0.0476,5.8334,5.7074,6.2878,6.3549,0.0579,0.0828,-0.3397,-0.2562,2.5569,0.1990,0.0678,-2.3735
1791282188.9621,0.0190,0.5749,0.2000,0.0476,5.8334,5.6835,6.2878,6.3549,0.0579,0.0828,-0.3550,-0.2562,2.5573,0.1986,0.0703,-2.3722
1791282188.9821,0.0200,0.9467,0.2000,0.0476,5.8334,5.7074,6.2878,6.3549,0.0579,0.0767,-0.3550,-0.2638,2.5579,0.1990,0.0678,-2.3713
1791282189.0037,0.0216,3.2915,0.2000,0.0476,5.8334,5.6835,6.2878,6.3070,0.0579,0.0706,-0.3550,-0.2823,2.5582,0.1978,0.0653,-2.3701
1791282189.0224,0.0187,0.2871,0.2000,0.0476,5.8334,5.6835,6.2878,6.2590,0.0579,0.0644,-0.3550,-0.3053,2.5583,0.1971,0.0602,-2.3689
1791282189.0421,0.0197,0.8376,0.2000,0.0476,5.8334,5.7314,6.2878,6.2590,0.0579,0.0614,-0.3550,-0.3221,2.5587,0.1978,0.0552,-2.3676
1791282189.0623,0.0202,0.9051,0.2000,0.0476,5.8334,5.7314,6.2878,6.2590,0.0579,0.0598,-0.3550,-0.3344,2.5585,0.1978,0.0552,-2.3664
1791282189.0821,0.0199,0.3946,0.2000,0.0476,5.8334,5.7554,6.2878,6.2350,0.0579,0.0598,-0.3550,-0.3405,2.5584,0.1978,0.0502,-2.3658
1791282189.1020,0.0199,0.7621,0.2000,0.0476,5.8334,5.8034,6.2878,6.2590,0.0579,0.0598,-0.3550,-0.3482,2.5586,0.1990,0.0477,-2.3645
1791282189.1229,0.0209,0.2813,0.2000,0.0476,5.8334,5.8034,6.2878,6.3070,0.0579,0.0598,-0.3550,-0.3513,2.5586,0.1998,0.0527,-2.3637
1791282189.1422,0.0192,0.4654,0.2000,0.0975,5.5947,5.8034,6.5265,6.2830,0.0982,0.0598,-0.3147,-0.3528,2.5586,0.1994,0.0502,-2.3626
1791282189.1640,0.0218,2.1736,0.2000,0.0975,5.5947,5.8273,6.5265,6.2830,0.1203,0.0598,-0.2999,-0.3528,2.5586,0.1998,0.0477,-2.3618
1791282189.1822,0.0182,0.5380,0.2000,0.0975,5.5947,5.8273,6.5265,6.3070,0.1203,0.0614,-0.2999,-0.3513,2.5580,0.2002,0.0502,-2.3608
1791282189.2023,0.0200,1.4350,0.2000,0.0975,5.5947,5.7794,6.5265,6.3309,0.1203,0.0721,-0.2999,-0.3405,2.5578,0.1998,0.0577,-2.3594
1791282189.2231,0.0209,4.6375,0.2000,0.0975,5.5947,5.7314,6.5265,6.3789,0.1203,0.0859,-0.2999,-0.3283,2.5584,0.1998,0.0678,-2.3571
1791282189.2421,0.0190,0.5409,0.2000,0.0975,5.5947,5.6835,6.5265,6.4748,0.1203,0.0966,-0.2999,-0.3191,2.5592,0.2006,0.0828,-2.3558
1791282189.2621,0.0200,0.5684,0.2000,0.0975,5.5947,5.6595,6.5265,6.4988,0.1203,0.1058,-0.2999,-0.3129,2.5598,0.2006,0.0879,-2.3538
1791282189.2821,0.0200,0.5082,0.2000,0.0975,5.5947,5.6115,6.5265,6.5228,0.1203,0.1104,-0.2999,-0.3083,2.5608,0.2002,0.0954,-2.3520
1791282189.3022,0.0200,0.4400,0.2000,0.0975,5.5947,5.6115,6.5265,6.5228,0.1203,0.1150,-0.2999,-0.3068,2.5614,0.2002,0.0954,-2.3497
1791282189.3240,0.0218,0.3187,0.2000,0.0975,5.5947,5.6595,6.5265,6.5228,0.1203,0.1166,-0.2999,-0.3053,2.5622,0.2010,0.0904,-2.3485
1791282189.3429,0.0189,0.9755,0.2000,0.0975,5.5947,5.6355,6.5265,6.5228,0.1203,0.1181,-0.2999,-0.3037,2.5635,0.2006,0.0929,-2.3464
1791282189.3621,0.0192,0.5005,0.2000,0.0975,5.5947,5.6115,6.5265,6.5228,0.1203,0.1181,-0.2999,-0.3022,2.5648,0.2002,0.0954,-2.3443
1791282189.3824,0.0203,0.4530,0.2000,0.0975,5.5947,5.6355,6.5265,6.5468,0.1203,0.1181,-0.2999,-0.3022,2.5664,0.2010,0.0954,-2.3425
1791282189.4021,0.0197,0.5951,0.2000,0.0975,5.5947,5.6115,6.5265,6.5228,0.1203,0.1181,-0.2999,-0.3037,2.5683,0.2002,0.0954,-2.3404
1791282189.4247,0.0227,0.2724,0.2000,0.0975,5.5947,5.5875,6.5265,6.4988,0.1203,0.1181,-0.2999,-0.3022,2.5701,0.1994,0.0954,-2.3383
1791282189.4430,0.0183,0.5852,0.2000,0.0975,5.5947,5.5875,6.5265,6.4988,0.1203,0.1181,-0.2999,-0.3037,2.5718,0.1994,0.0954,-2.3363
1791282189.4622,0.0192,1.8909,0.2000,0.0975,5.5947,5.6115,6.5265,6.5228,0.1203,0.1181,-0.2999,-0.3022,2.5738,0.2002,0.0954,-2.3345
1791282189.4821,0.0199,1.4420,0.2000,0.1074,5.5476,5.6115,6.5736,6.4988,0.1327,0.1166,-0.3037,-0.3022,2.5747,0.1998,0.0929,-2.3335
1791282189.5021,0.0200,0.6696,0.2000,0.1074,5.5476,5.6115,6.5736,6.4988,0.1327,0.1181,-0.3037,-0.3022,2.5766,0.1998,0.0929,-2.3313
1791282189.5226,0.0205,0.5565,0.2000,0.1074,5.5476,5.5875,6.5736,6.5228,0.1327,0.1181,-0.3037,-0.3022,2.5787,0.1998,0.0979,-2.3292
1791282189.5429,0.0203,1.6587,0.2000,0.1074,5.5476,5.5636,6.5736,6.4988,0.1327,0.1212,-0.3037,-0.3037,2.5810,0.1990,0.0979,-2.3270
1791282189.5621,0.0192,0.5004,0.2000,0.1074,5.5476,5.5156,6.5736,6.4748,0.1327,0.1258,-0.3037,-0.3022,2.5830,0.1978,0.1004,-2.3250
1791282189.5822,0.0201,0.4396,0.2000,0.1074,5.5476,5.5156,6.5736,6.5228,0.1327,0.1273,-0.3037,-0.3037,2.5853,0.1986,0.1054,-2.3226
1791282189.6024,0.0202,1.4664,0.2000,0.1074,5.5476,5.5156,6.5736,6.5468,0.1327,0.1289,-0.3037,-0.3037,2.5872,0.1990,0.1079,-2.3199
1791282189.6229,0.0204,0.3639,0.2000,0.1074,5.5476,5.5156,6.5736,6.5228,0.1327,0.1304,-0.3037,-0.3022,2.5895,0.1986,0.1054,-2.3183
1791282189.6422,0.0194,0.4983,0.2000,0.1074,5.5476,5.4916,6.5736,6.5468,0.1327,0.1304,-0.3037,-0.3037,2.5916,0.1986,0.1105,-2.3160
1791282189.6627,0.0205,0.4600,0.2000,0.1074,5.5476,5.5156,6.5736,6.5707,0.1327,0.1304,-0.3037,-0.3037,2.5938,0.1994,0.1105,-2.3136
1791282189.6823,0.0196,0.6113,0.2000,0.1019,5.5738,5.5156,6.5474,6.5707,0.1258,0.1304,-0.3152,-0.3037,2.5962,0.1994,0.1105,-2.3117
1791282189.7022,0.0199,0.4617,0.2000,0.1019,5.5738,5.5156,6.5474,6.5947,0.1258,0.1289,-0.3152,-0.3037,2.5986,0.1998,0.1130,-2.3094
1791282189.7224,0.0202,0.5018,0.2000,0.1019,5.5738,5.4916,6.5474,6.5947,0.1258,0.1289,-0.3152,-0.3053,2.6004,0.1994,0.1155,-2.3072
1791282189.7436,0.0211,0.8771,0.2000,0.1019,5.5738,5.5156,6.5474,6.5707,0.1258,0.1273,-0.3152,-0.3099,2.6022,0.1994,0.1105,-2.3054
1791282189.7622,0.0186,1.5682,0.2000,0.1019,5.5738,5.5396,6.5474,6.5468,0.1258,0.1273,-0.3152,-0.3114,2.6042,0.1994,0.1054,-2.3033
1791282189.7822,0.0200,0.5726,0.2000,0.1019,5.5738,5.5396,6.5474,6.5468,0.1258,0.1273,-0.3152,-0.3145,2.6058,0.1994,0.1054,-2.3014
1791282189.8021,0.0199,0.5007,0.2000,0.1019,5.5738,5.5636,6.5474,6.5228,0.1258,0.1273,-0.3152,-0.3145,2.6076,0.1994,0.1004,-2.2993
1791282189.8223,0.0202,0.3829,0.2000,0.1019,5.5738,5.5875,6.5474,6.5468,0.1258,0.1273,-0.3152,-0.3145,2.6097,0.2002,0.1004,-2.2976
1791282189.8437,0.0214,0.4352,0.2000,0.1019,5.5738,5.5636,6.5474,6.5228,0.1258,0.1273,-0.3152,-0.3145,2.6116,0.1994,0.1004,-2.2955
1791282189.8621,0.0183,0.5394,0.2000,0.1019,5.5738,5.5636,6.5474,6.5228,0.1258,0.1273,-0.3152,-0.3145,2.6130,0.1994,0.1004,-2.2932
1791282189.8826,0.0206,0.3990,0.2000,0.1019,5.5738,5.5875,6.5474,6.5228,0.1258,0.1273,-0.3152,-0.3145,2.6148,0.1998,0.0979,-2.2916
1791282189.9021,0.0194,0.5528,0.2000,0.1019,5.5738,5.5636,6.5474,6.4988,0.1258,0.1273,-0.3152,-0.3145,2.6171,0.1990,0.0979,-2.2894
1791282189.9228,0.0207,0.2679,0.2000,0.1019,5.5738,5.5636,6.5474,6.4988,0.1258,0.1273,-0.3152,-0.3145,2.6194,0.1990,0.0979,-2.2868
1791282189.9438,0.0210,1.3509,0.2000,0.1006,5.5801,5.5636,6.5411,6.5228,0.1242,0.1273,-0.3232,-0.3160,2.6218,0.1994,0.1004,-2.2847
1791282189.9638,0.0200,0.6146,0.2000,0.1006,5.5801,5.5636,6.5411,6.5228,0.1242,0.1258,-0.3232,-0.3160,2.6246,0.1994,0.1004,-2.2825
1791282189.9821,0.0183,2.1556,0.2000,0.1006,5.5801,5.5396,6.5411,6.4988,0.1242,0.1273,-0.3232,-0.3160,2.6273,0.1986,0.1004,-2.2801
1791282190.0021,0.0200,0.8894,0.2000,0.1006,5.5801,5.5396,6.5411,6.5228,0.1242,0.1258,-0.3232,-0.3206,2.6294,0.1990,0.1029,-2.2773
1791282190.0228,0.0207,0.5043,0.2000,0.1006,5.5801,5.5636,6.5411,6.4988,0.1242,0.1258,-0.3232,-0.3206,2.6318,0.1990,0.0979,-2.2757
1791282190.0421,0.0193,0.4031,0.2000,0.1006,5.5801,5.5636,6.5411,6.4988,0.1242,0.1258,-0.3232,-0.3221,2.6345,0.1990,0.0979,-2.2733
1791282190.0622,0.0201,0.7125,0.2000,0.1006,5.5801,5.5636,6.5411,6.4988,0.1242,0.1258,-0.3232,-0.3221,2.6358,0.1990,0.0979,-2.2719
1791282190.0821,0.0199,0.5269,0.2000,0.1006,5.5801,5.5636,6.5411,6.5228,0.1242,0.1258,-0.3232,-0.3221,2.6380,0.1994,0.1004,-2.2696
1791282190.1025,0.0204,0.3940,0.2000,0.1006,5.5801,5.5636,6.5411,6.5228,0.1242,0.1258,-0.3232,-0.3221,2.6405,0.1994,0.1004,-2.2677
1791282190.1224,0.0199,0.4361,0.2000,0.1006,5.5801,5.5396,6.5411,6.5228,0.1242,0.1258,-0.3232,-0.3221,2.6431,0.1990,0.1029,-2.2651
1791282190.1422,0.0198,0.7009,0.2000,0.1006,5.5801,5.5156,6.5411,6.5468,0.1242,0.1258,-0.3232,-0.3221,2.6453,0.1990,0.1079,-2.2635
1791282190.1641,0.0219,4.8647,0.2000,0.1006,5.5801,5.5396,6.5411,6.5468,0.1242,0.1258,-0.3232,-0.3221,2.6490,0.1994,0.1054,-2.2602
1791282190.1847,0.0206,0.5918,0.2000,0.0924,5.6192,5.5396,6.5020,6.5707,0.1139,0.1258,-0.3011,-0.3237,2.6502,0.1998,0.1079,-2.2587
1791282190.2022,0.0176,0.9700,0.2000,0.0924,5.6192,5.5156,6.5020,6.5947,0.1139,0.1243,-0.3011,-0.3221,2.6523,0.1998,0.1130,-2.2568
1791282190.2227,0.0205,0.2721,0.2000,0.0924,5.6192,5.5396,6.5020,6.5947,0.1139,0.1258,-0.3011,-0.3237,2.6544,0.2002,0.1105,-2.2550
1791282190.2421,0.0194,0.5302,0.2000,0.0924,5.6192,5.5636,6.5020,6.5947,0.1139,0.1212,-0.3011,-0.3191,2.6567,0.2006,0.1079,-2.2531
1791282190.2621,0.0200,0.5176,0.2000,0.0924,5.6192,5.5636,6.5020,6.5468,0.1139,0.1181,-0.3011,-0.3129,2.6587,0.1998,0.1029,-2.2511
1791282190.2836,0.0216,0.4041,0.2000,0.0924,5.6192,5.5636,6.5020,6.5228,0.1139,0.1166,-0.3011,-0.3083,2.6606,0.1994,0.1004,-2.2500
1791282190.3021,0.0184,0.3798,0.2000,0.0924,5.6192,5.6115,6.5020,6.5468,0.1139,0.1150,-0.3011,-0.3068,2.6627,0.2006,0.0979,-2.2484
1791282190.3232,0.0211,0.4284,0.2000,0.0924,5.6192,5.6115,6.5020,6.5228,0.1139,0.1150,-0.3011,-0.3053,2.6647,0.2002,0.0954,-2.2468
1791282190.3427,0.0195,0.9122,0.2000,0.0924,5.6192,5.6115,6.5020,6.5228,0.1139,0.1150,-0.3011,-0.3037,2.6665,0.2002,0.0954,-2.2449
1791282190.3621,0.0194,0.5157,0.2000,0.0924,5.6192,5.6355,6.5020,6.5228,0.1139,0.1150,-0.3011,-0.3037,2.6683,0.2006,0.0929,-2.2431
1791282190.3822,0.0201,0.5383,0.2000,0.0924,5.6192,5.6355,6.5020,6.4748,0.1139,0.1150,-0.3011,-0.3037,2.6699,0.1998,0.0879,-2.2418
1791282190.4024,0.0202,0.9898,0.2000,0.0924,5.6192,5.6355,6.5020,6.4748,0.1139,0.1150,-0.3011,-0.3037,2.6717,0.1998,0.0879,-2.2402
1791282190.4224,0.0200,0.3021,0.2000,0.0924,5.6192,5.6835,6.5020,6.4988,0.1139,0.1150,-0.3011,-0.3022,2.6735,0.2010,0.0853,-2.2388
1791282190.4420,0.0197,0.5446,0.2000,0.0924,5.6192,5.6835,6.5020,6.4508,0.1139,0.1150,-0.3011,-0.3022,2.6753,0.2002,0.0803,-2.2370
1791282190.4622,0.0201,2.3305,0.2000,0.0924,5.6192,5.6595,6.5020,6.4508,0.1139,0.1150,-0.3011,-0.3022,2.6775,0.1998,0.0828,-2.2351
1791282190.4823,0.0201,1.1425,0.2000,0.1147,5.5125,5.6355,6.6087,6.4988,0.1419,0.1150,-0.2874,-0.3037,2.6792,0.2002,0.0904,-2.2330
1791282190.5026,0.0203,0.4531,0.2000,0.1147,5.5125,5.6115,6.6087,6.4748,0.1419,0.1150,-0.2874,-0.3022,2.6809,0.1994,0.0904,-2.2308
1791282190.5226,0.0200,0.9876,0.2000,0.1147,5.5125,5.6355,6.6087,6.4748,0.1419,0.1166,-0.2874,-0.3022,2.6830,0.1998,0.0879,-2.2287
1791282190.5421,0.0195,0.5110,0.2000,0.1147,5.5125,5.5875,6.6087,6.4988,0.1419,0.1243,-0.2874,-0.2976,2.6850,0.1994,0.0954,-2.2267
1791282190.5621,0.0200,0.5424,0.2000,0.1147,5.5125,5.5396,6.6087,6.4988,0.1419,0.1304,-0.2874,-0.2930,2.6870,0.1986,0.1004,-2.2245
1791282190.5822,0.0200,0.4346,0.2000,0.1147,5.5125,5.5396,6.6087,6.5228,0.1419,0.1335,-0.2874,-0.2915,2.6892,0.1990,0.1029,-2.2221
1791282190.6022,0.0200,0.5360,0.2000,0.1147,5.5125,5.5396,6.6087,6.5947,0.1419,0.1365,-0.2874,-0.2899,2.6919,0.2002,0.1105,-2.2198
1791282190.6225,0.0203,0.3636,0.2000,0.1147,5.5125,5.5396,6.6087,6.6187,0.1419,0.1381,-0.2874,-0.2899,2.6932,0.2006,0.1130,-2.2185
1791282190.6423,0.0198,0.6086,0.2000,0.1147,5.5125,5.5156,6.6087,6.6187,0.1419,0.1396,-0.2874,-0.2884,2.6956,0.2002,0.1155,-2.2162
1791282190.6622,0.0198,2.0652,0.2000,0.1147,5.5125,5.5396,6.6087,6.6187,0.1419,0.1396,-0.2874,-0.2884,2.6982,0.2006,0.1130,-2.2136
1791282190.6822,0.0200,0.6062,0.2000,0.1117,5.5272,5.5156,6.5940,6.6187,0.1380,0.1381,-0.2915,-0.2884,2.7007,0.2002,0.1155,-2.2113
1791282190.7023,0.0201,0.5737,0.2000,0.1117,5.5272,5.4916,6.5940,6.6187,0.1380,0.1381,-0.2915,-0.2884,2.7027,0.1998,0.1180,-2.2088
1791282190.7229,0.0207,0.5418,0.2000,0.1117,5.5272,5.4916,6.5940,6.6187,0.1380,0.1396,-0.2915,-0.2899,2.7050,0.1998,0.1180,-2.2062
1791282190.7421,0.0191,0.5091,0.2000,0.1117,5.5272,5.4916,6.5940,6.6187,0.1380,0.1396,-0.2915,-0.2899,2.7076,0.1998,0.1180,-2.2043
1791282190.7621,0.0201,0.3832,0.2000,0.1117,5.5272,5.4916,6.5940,6.5947,0.1380,0.1396,-0.2915,-0.2899,2.7103,0.1994,0.1155,-2.2019
1791282190.7821,0.0199,0.4244,0.2000,0.1117,5.5272,5.4676,6.5940,6.5947,0.1380,0.1381,-0.2915,-0.2899,2.7131,0.1990,0.1180,-2.1996
1791282190.8022,0.0201,0.5577,0.2000,0.1117,5.5272,5.4676,6.5940,6.5947,0.1380,0.1396,-0.2915,-0.2899,2.7156,0.1990,0.1180,-2.1974
1791282190.8224,0.0202,0.3680,0.2000,0.1117,5.5272,5.4676,6.5940,6.5468,0.1380,0.1381,-0.2915,-0.2899,2.7179,0.1982,0.1130,-2.1954
1791282190.8420,0.0197,0.4399,0.2000,0.1117,5.5272,5.4676,6.5940,6.5468,0.1380,0.1381,-0.2915,-0.2899,2.7201,0.1982,0.1130,-2.1927
1791282190.8622,0.0201,0.4638,0.2000,0.1117,5.5272,5.4676,6.5940,6.5707,0.1380,0.1396,-0.2915,-0.2899,2.7217,0.1986,0.1155,-2.1906
1791282190.8821,0.0199,1.4146,0.2000,0.1117,5.5272,5.5156,6.5940,6.5468,0.1380,0.1396,-0.2915,-0.2899,2.7237,0.1990,0.1079,-2.1885
1791282190.9021,0.0200,3.7224,0.2000,0.1117,5.5272,5.5156,6.5940,6.5468,0.1380,0.1381,-0.2915,-0.2899,2.7259,0.1990,0.1079,-2.1858
1791282190.9228,0.0207,0.7634,0.2000,0.1117,5.5272,5.5156,6.5940,6.5228,0.1380,0.1381,-0.2915,-0.2899,2.7278,0.1986,0.1054,-2.1840
1791282190.9429,0.0200,1.2598,0.2000,0.1117,5.5272,5.5156,6.5940,6.5228,0.1380,0.1396,-0.2915,-0.2899,2.7301,0.1986,0.1054,-2.1818
1791282190.9621,0.0192,0.4974,0.2000,0.1013,5.5769,5.5156,6.5443,6.5468,0.1250,0.1381,-0.3139,-0.2899,2.7329,0.1990,0.1079,-2.1786
1791282190.9834,0.0212,0.8114,0.2000,0.1013,5.5769,5.5156,6.5443,6.5707,0.1250,0.1381,-0.3139,-0.2899,2.7349,0.1994,0.1105,-2.1766
1791282191.0024,0.0191,0.4124,0.2000,0.1013,5.5769,5.5396,6.5443,6.5707,0.1250,0.1365,-0.3139,-0.2930,2.7371,0.1998,0.1079,-2.1741
1791282191.0234,0.0210,0.8701,0.2000,0.1013,5.5769,5.5636,6.5443,6.5707,0.1250,0.1319,-0.3139,-0.2991,2.7398,0.2002,0.1054,-2.1712
1791282191.0424,0.0190,1.7302,0.2000,0.1013,5.5769,5.5636,6.5443,6.5468,0.1250,0.1289,-0.3139,-0.3053,2.7419,0.1998,0.1029,-2.1693
1791282191.0621,0.0197,0.4669,0.2000,0.1013,5.5769,5.5636,6.5443,6.5228,0.1250,0.1258,-0.3139,-0.3099,2.7439,0.1994,0.1004,-2.1669
1791282191.0821,0.0200,0.4188,0.2000,0.1013,5.5769,5.5636,6.5443,6.5468,0.1250,0.1258,-0.3139,-0.3114,2.7464,0.1998,0.1029,-2.1646
1791282191.1026,0.0205,4.1580,0.2000,0.1013,5.5769,5.5396,6.5443,6.5707,0.1250,0.1258,-0.3139,-0.3129,2.7487,0.1998,0.1079,-2.1617
1791282191.1225,0.0199,0.3484,0.2000,0.1013,5.5769,5.5396,6.5443,6.5468,0.1250,0.1258,-0.3139,-0.3129,2.7508,0.1994,0.1054,-2.1598
1791282191.1426,0.0202,1.2644,0.2000,0.1013,5.5769,5.5396,6.5443,6.5468,0.1250,0.1258,-0.3139,-0.3129,2.7529,0.1994,0.1054,-2.1574
1791282191.1622,0.0195,0.8778,0.2000,0.1013,5.5769,5.5396,6.5443,6.5707,0.1250,0.1258,-0.3139,-0.3129,2.7552,0.1998,0.1079,-2.1551
1791282191.1822,0.0200,0.6452,0.2000,0.1013,5.5769,5.5636,6.5443,6.5947,0.1250,0.1258,-0.3139,-0.3129,2.7576,0.2006,0.1079,-2.1530
1791282191.2022,0.0200,2.4485,0.2000,0.1013,5.5769,5.5636,6.5443,6.5947,0.1250,0.1258,-0.3139,-0.3129,2.7587,0.2006,0.1079,-2.1518
1791282191.2231,0.0209,1.4436,0.2000,0.1013,5.5769,5.5636,6.5443,6.5707,0.1250,0.1258,-0.3139,-0.3145,2.7612,0.2002,0.1054,-2.1492
1791282191.2429,0.0198,0.8816,0.1901,0.0419,5.5607,5.5875,5.9611,6.5707,0.1250,0.1258,-0.3139,-0.3129,2.7623,0.2006,0.1029,-2.1485
1791282191.2622,0.0193,2.2783,0.1805,0.0000,5.4683,5.5636,5.4683,6.5707,0.1250,0.1258,-0.3139,-0.3145,2.7646,0.2002,0.1054,-2.1460
1791282191.2821,0.0199,2.8698,0.1705,0.0000,5.1663,5.5396,5.1663,6.5707,0.1250,0.1258,-0.3139,-0.3145,2.7666,0.1998,0.1079,-2.1445
1791282191.3020,0.0199,1.0108,0.1605,0.0000,4.8642,5.5636,4.8642,6.5468,0.1250,0.1258,-0.3139,-0.3129,2.7684,0.1998,0.1029,-2.1429
1791282191.3230,0.0209,0.8770,0.1501,0.0000,4.5473,5.5396,4.5473,6.3789,0.1250,0.1258,-0.3139,-0.3145,2.7702,0.1967,0.0879,-2.1421
1791282191.3421,0.0191,2.8668,0.1405,0.0000,4.2579,5.4676,4.2579,6.0671,0.1250,0.1258,-0.3139,-0.3145,2.7710,0.1903,0.0628,-2.1418
1791282191.3621,0.0200,0.7028,0.1305,0.0000,3.9548,5.3477,3.9548,5.6835,0.1250,0.1258,-0.3139,-0.3145,2.7711,0.1820,0.0351,-2.1423
1791282191.3827,0.0206,0.5679,0.1202,0.0000,3.6426,5.1559,3.6426,5.3477,0.1250,0.1258,-0.3139,-0.3145,2.7712,0.1733,0.0201,-2.1420
1791282191.4037,0.0210,0.4039,0.1097,0.0000,3.3240,4.8681,3.3240,5.0120,0.1250,0.1258,-0.3139,-0.3145,2.7710,0.1630,0.0151,-2.1421
1791282191.4228,0.0191,0.9071,0.1001,0.0000,3.0339,4.5803,3.0339,4.6523,0.1250,0.1258,-0.3139,-0.3145,2.7705,0.1523,0.0075,-2.1426
1791282191.4447,0.0219,0.4146,0.0892,0.0000,2.7023,4.3405,2.7023,4.3165,0.1250,0.1258,-0.3139,-0.3145,2.7702,0.1428,-0.0024,-2.1425
1791282191.4621,0.0174,1.3682,0.0805,0.0000,2.4391,4.0288,2.4391,4.0288,0.1250,0.1258,-0.3139,-0.3129,2.7701,0.1329,0.0000,-2.1428
1791282191.4822,0.0200,0.7369,0.0705,0.0000,2.1353,3.7410,2.1353,3.7170,0.1250,0.1258,-0.3139,-0.3145,2.7699,0.1231,-0.0024,-2.1431
1791282191.5021,0.0200,0.6861,0.0605,0.0000,1.8325,3.4532,1.8325,3.4293,0.1250,0.1243,-0.3139,-0.3129,2.7702,0.1136,-0.0024,-2.1429
1791282191.5230,0.0208,2.0038,0.0501,0.0000,1.5167,3.1175,1.5167,3.1175,0.1250,0.1258,-0.3139,-0.3145,2.7709,0.1029,0.0000,-2.1431
1791282191.5421,0.0191,1.8877,0.0405,0.0000,1.2277,2.8058,1.2277,2.7818,0.1250,0.1258,-0.3139,-0.3145,2.7715,0.0922,-0.0024,-2.1434
1791282191.5627,0.0207,1.9242,0.0302,0.0000,0.9145,2.4940,0.9145,2.4700,0.1250,0.1258,-0.3139,-0.3145,2.7718,0.0819,-0.0024,-2.1434
1791282191.5837,0.0210,0.4158,0.0197,0.0000,0.5968,2.2062,0.5968,2.1823,0.1250,0.1258,-0.3139,-0.3129,2.7719,0.0724,-0.0024,-2.1436
1791282191.6021,0.0184,1.5790,0.0105,0.0000,0.3175,1.9185,0.3175,1.8705,0.1250,0.1258,-0.3139,-0.3145,2.7722,0.0625,-0.0049,-2.1439
1791282191.6231,0.0210,3.5096,0.0000,0.0000,0.0000,1.6067,0.0000,1.5588,0.1250,0.1258,-0.3139,-0.3145,2.7723,0.0522,-0.0049,-2.1439
1791282191.6421,0.0190,2.1266,0.0000,0.0000,0.0000,1.2950,0.0000,1.2710,0.1250,0.1258,-0.3139,-0.3145,2.7725,0.0423,-0.0025,-2.1439
1791282191.6621,0.0200,1.7878,0.0000,0.0000,0.0000,0.9832,0.0000,0.9832,0.1250,0.1258,-0.3139,-0.3145,2.7727,0.0324,0.0000,-2.1437
1791282191.6820,0.0199,0.4221,0.0000,0.0000,0.0000,0.6954,0.0000,0.6954,0.1250,0.1258,-0.3139,-0.3145,2.7730,0.0229,0.0000,-2.1437
1791282191.7020,0.0200,1.7389,0.0000,0.0000,0.0000,0.4077,0.0000,0.4317,0.1250,0.1258,-0.3139,-0.3145,2.7731,0.0138,0.0026,-2.1437
1791282191.7233,0.0213,1.1586,0.0000,0.0000,0.0000,0.2398,0.0000,0.2158,0.1250,0.1258,-0.3139,-0.3145,2.7731,0.0075,-0.0025,-2.1437
1791282191.7423,0.0189,3.8868,0.0000,0.0000,0.0000,0.1199,0.0000,0.0959,0.1250,0.1258,-0.3139,-0.3145,2.7731,0.0036,-0.0025,-2.1439
1791282191.7630,0.0207,2.6971,0.0000,0.0000,0.0000,0.0480,0.0000,0.0480,0.0816,0.1243,-0.2705,-0.3145,2.7732,0.0016,0.0000,-2.1435
1791282191.7821,0.0191,2.3901,0.0000,0.0574,-0.2612,0.0000,0.2612,0.0240,0.0415,0.1258,-0.2304,-0.3145,2.7732,0.0004,0.0026,-2.1437
1791282191.8021,0.0200,3.0894,0.0000,0.1173,-0.5337,0.0000,0.5337,0.0240,0.0000,0.1258,-0.1886,-0.3145,2.7732,0.0004,0.0026,-2.1437
1791282191.8257,0.0236,0.5898,0.0000,0.1882,-0.8565,0.0000,0.8565,0.0000,0.0000,0.1120,-0.1391,-0.2991,2.7732,0.0000,0.0000,-2.1437
1791282191.8434,0.0177,0.4344,0.0000,0.2413,-1.0982,0.0000,1.0982,0.0240,0.0000,0.0890,-0.1020,-0.2761,2.7735,0.0004,0.0026,-2.1429
1791282191.8621,0.0186,1.6666,0.0000,0.2972,-1.3526,-0.0480,1.3526,0.0959,0.0000,0.0721,-0.0629,-0.2623,2.7739,0.0008,0.0158,-2.1423
1791282191.8826,0.0206,2.0384,0.0000,0.3590,-1.6335,-0.1439,1.6335,0.2398,0.0000,0.0430,-0.0199,-0.2286,2.7750,0.0016,0.0421,-2.1407
1791282191.9026,0.0200,0.3341,0.0000,0.4189,-1.9070,-0.3597,1.9070,0.4317,0.0000,0.0276,0.0000,-0.1933,2.7774,0.0012,0.0869,-2.1375
1791282191.9228,0.0202,0.2660,0.0000,0.4794,-2.1862,-0.6475,2.1862,0.6715,0.0000,0.0169,0.0000,-0.1534,2.7812,0.0004,0.1449,-2.1331
1791282191.9423,0.0195,0.7624,0.0000,0.5379,-2.4570,-0.9113,2.4570,0.9113,0.0000,0.0092,0.0000,-0.1135,2.7860,0.0000,0.2003,-2.1275
1791282191.9622,0.0199,0.3568,0.0000,0.5975,-2.7337,-1.1990,2.7337,1.1751,0.0000,0.0061,0.0000,-0.0752,2.7922,-0.0004,0.2608,-2.1203
1791282191.9828,0.0206,4.5841,0.0000,0.6594,-3.0219,-1.4868,3.0219,1.5108,0.0000,0.0031,0.0000,-0.0476,2.7999,0.0004,0.3293,-2.1118
1791282192.0025,0.0197,1.8461,0.0000,0.6002,-2.7463,-1.7986,2.7463,1.7986,0.0000,0.0015,0.0000,-0.0307,2.8088,0.0000,0.3952,-2.1022
1791282192.0238,0.0213,0.4426,0.0000,0.5364,-2.4501,-2.0863,2.4501,2.0384,0.0000,0.0015,0.0000,-0.0215,2.8191,-0.0008,0.4525,-2.0918
1791282192.0421,0.0184,0.4387,0.0092,0.4814,-1.9240,-2.3261,2.4803,2.3261,0.0385,0.0015,-0.0385,-0.0138,2.8304,0.0000,0.5097,-2.0800
1791282192.0622,0.0201,0.9105,0.0192,0.4211,-1.3483,-2.5180,2.5131,2.5420,0.0805,0.0015,-0.0805,-0.0092,2.8423,0.0004,0.5536,-2.0681
1791282192.0826,0.0203,0.5401,0.0294,0.3601,-0.7656,-2.5659,2.5470,2.5899,0.1231,0.0031,-0.1231,-0.0077,2.8539,0.0004,0.5639,-2.0569
1791282192.1021,0.0196,1.1113,0.0392,0.3014,-0.2041,-2.4221,2.5785,2.5899,0.1641,0.0153,-0.1641,-0.0153,2.8646,0.0028,0.5480,-2.0465
1791282192.1241,0.0220,0.2879,0.0502,0.2354,0.4292,-2.1583,2.6116,2.5180,0.1788,0.0368,-0.2102,-0.0368,2.8742,0.0059,0.5113,-2.0371
1791282192.1426,0.0185,1.4071,0.0594,0.1799,0.9639,-1.7746,2.6375,2.4940,0.1788,0.0675,-0.2489,-0.0706,2.8830,0.0119,0.4663,-2.0284
1791282192.1636,0.0210,0.3676,0.0699,0.1443,1.4453,-1.3189,2.7932,2.4940,0.1788,0.0997,-0.2848,-0.1028,2.8909,0.0194,0.4159,-2.0212
1791282192.1821,0.0184,0.3988,0.0791,0.1443,1.7222,-0.8393,3.0747,2.4940,0.1788,0.1273,-0.2848,-0.1381,2.8977,0.0273,0.3626,-2.0152
1791282192.2022,0.0201,1.9406,0.0892,0.1463,2.0145,-0.3357,3.3913,2.5420,0.1814,0.1473,-0.2867,-0.1779,2.9036,0.0364,0.3120,-2.0097
1791282192.2229,0.0208,0.7118,0.0996,0.1463,2.3267,0.1199,3.7088,2.6379,0.1814,0.1580,-0.2867,-0.2148,2.9090,0.0455,0.2721,-2.0054
1791282192.2422,0.0192,0.4681,0.1092,0.1463,2.6163,0.6954,4.0015,2.7338,0.1814,0.1657,-0.2867,-0.2393,2.9131,0.0566,0.2193,-2.0021
1791282192.2622,0.0200,0.9803,0.1192,0.1463,2.9176,1.1511,4.3060,2.9257,0.1814,0.1718,-0.2867,-0.2577,2.9166,0.0673,0.1902,-1.9986
1791282192.2829,0.0208,0.5795,0.1296,0.1463,3.2306,1.5348,4.6222,3.1415,0.1814,0.1749,-0.2867,-0.2684,2.9201,0.0772,0.1716,-1.9954
1791282192.3021,0.0192,0.8275,0.1392,0.1463,3.5203,1.7266,4.9149,3.2614,0.1814,0.1764,-0.2867,-0.2730,2.9218,0.0823,0.1636,-1.9940
1791282192.3224,0.0203,0.3524,0.1493,0.1463,3.8261,2.1823,5.2239,3.6451,0.1814,0.1795,-0.2867,-0.2807,2.9269,0.0962,0.1551,-1.9893
1791282192.3424,0.0200,1.4558,0.1593,0.1463,4.1289,2.4700,5.5269,3.9329,0.1814,0.1795,-0.2867,-0.2838,2.9298,0.1056,0.1547,-1.9864
1791282192.3621,0.0197,0.4584,0.1692,0.1463,4.4271,2.6379,5.8251,4.0767,0.1814,0.1795,-0.2867,-0.2838,2.9313,0.1108,0.1520,-1.9851
1791282192.3827,0.0206,0.4072,0.1795,0.1463,4.7398,2.9496,6.1378,4.4125,0.1814,0.1795,-0.2867,-0.2853,2.9344,0.1215,0.1541,-1.9819
1791282192.4021,0.0193,0.4545,0.1891,0.1463,5.0327,3.2854,6.4307,4.7002,0.1814,0.1795,-0.2867,-0.2853,2.9377,0.1318,0.1487,-1.9796
1791282192.4231,0.0211,0.3204,0.1997,0.1463,5.3516,3.6211,6.7497,5.0120,0.1814,0.1779,-0.2867,-0.2853,2.9409,0.1424,0.1458,-1.9767
1791282192.4423,0.0192,0.5472,0.2000,0.1463,5.3616,3.9089,6.7596,5.3237,0.1814,0.1795,-0.2867,-0.2853,2.9444,0.1523,0.1481,-1.9735
1791282192.4627,0.0204,0.4205,0.2000,0.1463,5.3616,4.2206,6.7596,5.6595,0.1814,0.1795,-0.2867,-0.2853,2.9474,0.1630,0.1506,-1.9709
1791282192.4821,0.0194,0.4156,0.2000,0.1463,5.3616,4.5564,6.7596,5.9233,0.1814,0.1795,-0.2867,-0.2853,2.9501,0.1729,0.1431,-1.9679
1791282192.5021,0.0201,0.4853,0.2000,0.1463,5.3616,4.8681,6.7596,6.2110,0.1814,0.1779,-0.2867,-0.2853,2.9529,0.1828,0.1406,-1.9647
1791282192.5224,0.0203,0.6396,0.2000,0.1463,5.3616,5.0839,6.7596,6.4029,0.1814,0.1795,-0.2867,-0.2853,2.9570,0.1895,0.1381,-1.9621
1791282192.5423,0.0199,1.5387,0.1901,0.0867,5.3453,5.2278,6.1740,6.5228,0.1814,0.1795,-0.2867,-0.2853,2.9615,0.1939,0.1356,-1.9591
1791282192.5622,0.0200,0.9025,0.1801,0.0269,5.3289,5.2758,5.5857,6.6187,0.1814,0.1795,-0.2867,-0.2853,2.9651,0.1963,0.1406,-1.9555
1791282192.5823,0.0200,0.5438,0.1701,0.0000,5.1541,5.3237,5.1541,6.6427,0.1814,0.1795,-0.2867,-0.2869,2.9688,0.1974,0.1381,-1.9528
1791282192.6029,0.0206,1.5546,0.1598,0.0000,4.8420,5.3237,4.8420,6.5947,0.1814,0.1795,-0.2867,-0.2853,2.9735,0.1967,0.1330,-1.9501
1791282192.6229,0.0201,0.3049,0.1497,0.0000,4.5378,5.3237,4.5378,6.3549,0.1814,0.1795,-0.2867,-0.2869,2.9772,0.1927,0.1079,-1.9480
1791282192.6421,0.0191,0.4295,0.1402,0.0000,4.2479,5.2998,4.2479,6.0192,0.1814,0.1795,-0.2867,-0.2869,2.9797,0.1868,0.0753,-1.9473
1791282192.6632,0.0211,0.4034,0.1296,0.0000,3.9282,5.2038,3.9282,5.6595,0.1814,0.1795,-0.2867,-0.2869,2.9822,0.1792,0.0477,-1.9462
1791282192.6821,0.0189,0.4120,0.1202,0.0000,3.6418,5.0120,3.6418,5.3237,0.1814,0.1779,-0.2867,-0.2869,2.9841,0.1705,0.0326,-1.9452
1791282192.7038,0.0217,0.4123,0.1093,0.0000,3.3126,4.7722,3.3126,4.9640,0.1814,0.1795,-0.2867,-0.2869,2.9855,0.1606,0.0201,-1.9451
1791282192.7229,0.0191,0.2636,0.0997,0.0000,3.0227,4.5084,3.0227,4.6283,0.1814,0.1795,-0.2867,-0.2869,2.9870,0.1508,0.0126,-1.9446
1791282192.7430,0.0201,1.4481,0.0897,0.0000,2.7183,4.2446,2.7183,4.3165,0.1814,0.1795,-0.2867,-0.2869,2.9885,0.1413,0.0075,-1.9441
1791282192.7622,0.0192,2.0725,0.0801,0.0000,2.4269,3.9568,2.4269,4.0048,0.1814,0.1795,-0.2867,-0.2869,2.9898,0.1314,0.0050,-1.9441
1791282192.7821,0.0199,0.4197,0.0702,0.0000,2.1261,3.6451,2.1261,3.6930,0.1814,0.1795,-0.2867,-0.2869,2.9907,0.1211,0.0051,-1.9436
1791282192.8022,0.0201,1.1155,0.0601,0.0000,1.8214,3.3573,1.8214,3.4053,0.1814,0.1795,-0.2867,-0.2884,2.9917,0.1116,0.0051,-1.9435
1791282192.8262,0.0239,0.2835,0.0481,0.0000,1.4586,3.0695,1.4586,3.0935,0.1814,0.1795,-0.2867,-0.2869,2.9924,0.1017,0.0025,-1.9435
1791282192.8422,0.0161,3.4681,0.0401,0.0000,1.2153,2.9257,1.2153,2.9496,0.1814,0.1779,-0.2867,-0.2869,2.9927,0.0969,0.0025,-1.9433
1791282192.8658,0.0236,0.4372,0.0283,0.0000,0.8583,2.4700,0.8583,2.4460,0.1814,0.1795,-0.2867,-0.2869,2.9935,0.0811,-0.0024,-1.9433
1791282192.8821,0.0163,0.4188,0.0202,0.0000,0.6110,2.1583,0.6110,2.1583,0.1814,0.1795,-0.2867,-0.2869,2.9942,0.0712,0.0000,-1.9431
1791282192.9023,0.0202,1.2741,0.0101,0.0000,0.3048,1.8465,0.3048,1.8945,0.1814,0.1795,-0.2867,-0.2869,2.9950,0.0617,0.0052,-1.9432
1791282192.9224,0.0201,0.3012,0.0000,0.0000,0.0000,1.5588,0.0000,1.5827,0.1814,0.1795,-0.2867,-0.2884,2.9954,0.0518,0.0026,-1.9430
1791282192.9423,0.0198,1.4253,0.0000,0.0000,0.0000,1.2470,0.0000,1.2710,0.1814,0.1795,-0.2867,-0.2884,2.9957,0.0415,0.0026,-1.9430
1791282192.9622,0.0199,0.3788,0.0000,0.0000,0.0000,1.0791,0.0000,1.1271,0.1814,0.1795,-0.2867,-0.2869,2.9959,0.0364,0.0052,-1.9428
1791282192.9821,0.0199,0.4983,0.0000,0.0000,0.0000,0.7914,0.0000,0.8393,0.1814,0.1795,-0.2867,-0.2869,2.9961,0.0269,0.0052,-1.9428
1791282193.0022,0.0201,0.7144,0.0000,0.0000,0.0000,0.5276,0.0000,0.5516,0.1392,0.1795,-0.2446,-0.2869,2.9963,0.0178,0.0026,-1.9428
1791282193.0227,0.0205,0.7453,0.0000,0.0000,0.0000,0.3118,0.0000,0.3357,0.0962,0.1795,-0.2016,-0.2869,2.9964,0.0107,0.0026,-1.9427
1791282193.0425,0.0198,0.7027,0.0000,0.0593,-0.2698,0.1439,0.2698,0.1679,0.0548,0.1779,-0.1602,-0.2853,2.9964,0.0051,0.0026,-1.9427
1791282193.0634,0.0209,0.8136,0.0000,0.1220,-0.5551,0.0719,0.5551,0.0959,0.0111,0.1672,-0.1164,-0.2746,2.9964,0.0028,0.0026,-1.9427
1791282193.0822,0.0188,0.4474,0.0000,0.1783,-0.8113,0.0240,0.8113,0.0480,0.0000,0.1473,-0.0771,-0.2577,2.9966,0.0012,0.0026,-1.9425
1791282193.1027,0.0206,1.7952,0.0000,0.2400,-1.0919,-0.0240,1.0919,0.0719,0.0000,0.1212,-0.0341,-0.2286,2.9968,0.0008,0.0105,-1.9418
1791282193.1224,0.0197,1.4124,0.0000,0.2989,-1.3603,-0.0719,1.3603,0.1439,0.0000,0.0890,0.0000,-0.1963,2.9975,0.0012,0.0237,-1.9406
1791282193.1422,0.0198,1.4574,0.0000,0.3584,-1.6310,-0.1679,1.6310,0.2878,0.0000,0.0583,0.0000,-0.1595,2.9988,0.0020,0.0500,-1.9386
1791282193.1627,0.0205,0.3759,0.0000,0.4200,-1.9123,-0.4317,1.9123,0.5036,0.0000,0.0368,0.0000,-0.1150,3.0018,0.0012,0.1027,-1.9349
1791282193.1848,0.0221,0.4049,0.0000,0.4862,-2.2176,-0.7914,2.2176,0.7674,0.0000,0.0230,0.0000,-0.0782,3.0062,-0.0004,0.1713,-1.9300
1791282193.2022,0.0174,1.0411,0.0000,0.5383,-2.4586,-1.0312,2.4586,1.0312,0.0000,0.0138,0.0000,-0.0476,3.0115,0.0000,0.2266,-1.9240
1791282193.2226,0.0204,2.4173,0.0000,0.5995,-2.7429,-1.2710,2.7429,1.2710,0.0000,0.0077,0.0000,-0.0322,3.0181,0.0000,0.2793,-1.9165
1791282193.2437,0.0211,0.4187,0.0000,0.6629,-3.0384,-1.5588,3.0384,1.5588,0.0000,0.0046,0.0000,-0.0199,3.0264,0.0000,0.3425,-1.9078
1791282193.2621,0.0184,1.3997,0.0000,0.7181,-3.2963,-1.8465,3.2963,1.8465,0.0000,0.0015,0.0000,-0.0138,3.0362,0.0000,0.4057,-1.8980
1791282193.2827,0.0206,0.6247,0.0000,0.7798,-3.5854,-2.1343,3.5854,2.1583,0.0000,0.0015,0.0000,-0.0092,3.0471,0.0004,0.4707,-1.8871
1791282193.3021,0.0194,1.0032,0.0000,0.8000,-3.6804,-2.3981,3.6804,2.4460,0.0000,0.0015,0.0000,-0.0061,3.0585,0.0008,0.5302,-1.8746
1791282193.3230,0.0210,1.1631,0.0000,0.8000,-3.6804,-2.7098,3.6804,2.6619,0.0000,0.0015,0.0000,-0.0031,3.0711,-0.0008,0.5872,-1.8612
1791282193.3422,0.0192,0.9705,0.0000,0.8000,-3.6804,-2.9736,3.6804,2.9496,0.0000,0.0015,0.0000,-0.0015,3.0853,-0.0004,0.6465,-1.8468
1791282193.3628,0.0206,0.4246,0.0000,0.8000,-3.6804,-3.2134,3.6804,3.2134,0.0000,0.0015,0.0000,-0.0015,3.1001,0.0000,0.7004,-1.8319
1791282193.3837,0.0209,0.4106,0.0000,0.8000,-3.6804,-3.4053,3.6804,3.3573,0.0000,0.0015,0.0000,-0.0015,3.1155,-0.0008,0.7362,-1.8161
1791282193.4023,0.0186,1.7734,0.0000,0.8000,-3.6804,-3.5252,3.6804,3.4772,0.0000,0.0015,0.0000,-0.0015,3.1318,-0.0008,0.7618,-1.8002
1791282193.4234,0.0211,0.5120,0.0000,0.8000,-3.6804,-3.5731,3.6804,3.5731,0.0000,0.0015,0.0000,-0.0031,-3.1350,0.0000,0.7772,-1.7842
1791282193.4421,0.0187,0.4523,0.0000,0.8000,-3.6804,-3.6211,3.6804,3.6211,0.0000,0.0015,0.0000,-0.0031,-3.1268,0.0000,0.7874,-1.7760
1791282193.4628,0.0208,0.3860,0.0000,0.8000,-3.6804,-3.6451,3.6804,3.6211,0.0000,0.0015,0.0000,-0.0015,-3.1026,-0.0004,0.7899,-1.7524
1791282193.4829,0.0200,0.4690,0.0000,0.8000,-3.6804,-3.6211,3.6804,3.6451,0.0000,0.0015,0.0000,-0.0031,-3.0943,0.0004,0.7898,-1.7444
1791282193.5022,0.0193,0.9768,0.0000,0.8000,-3.6804,-3.6211,3.6804,3.6691,0.0000,0.0015,0.0000,-0.0015,-3.0774,0.0008,0.7923,-1.7282
1791282193.5238,0.0216,0.3329,0.0000,0.8000,-3.6804,-3.6451,3.6804,3.7170,0.0000,0.0015,0.0000,-0.0015,-3.0529,0.0012,0.8000,-1.7038
1791282193.5422,0.0185,2.2219,0.0000,0.8000,-3.6804,-3.6451,3.6804,3.6930,0.0000,0.0015,0.0000,-0.0031,-3.0450,0.0008,0.7974,-1.6959
1791282193.5657,0.0234,0.8552,0.0000,0.8000,-3.6804,-3.6691,3.6804,3.6211,0.0000,0.0015,0.0000,-0.0015,-3.0206,-0.0008,0.7924,-1.6720
1791282193.5825,0.0169,0.4219,0.0000,0.8000,-3.6804,-3.6691,3.6804,3.6211,0.0000,0.0015,0.0000,-0.0015,-3.0123,-0.0008,0.7924,-1.6642
1791282193.6021,0.0196,1.0311,0.0000,0.8000,-3.6804,-3.6451,3.6804,3.6451,0.0000,0.0015,0.0000,-0.0015,-2.9956,0.0000,0.7925,-1.6482
1791282193.6225,0.0204,0.6173,0.0000,0.8000,-3.6804,-3.6451,3.6804,3.6451,0.0000,0.0015,0.0000,-0.0015,-2.9795,0.0000,0.7925,-1.6318
1791282193.6421,0.0195,0.5425,0.0000,0.8000,-3.6804,-3.6451,3.6804,3.6451,0.0000,0.0015,0.0000,-0.0015,-2.9633,0.0000,0.7925,-1.6160
1791282193.6627,0.0206,0.3586,0.0000,0.8000,-3.6804,-3.6451,3.6804,3.6451,0.0000,0.0015,0.0000,-0.0015,-2.9470,0.0000,0.7925,-1.6001
1791282193.6821,0.0194,0.4175,0.0000,0.8000,-3.6804,-3.6451,3.6804,3.6451,0.0000,0.0015,0.0000,-0.0015,-2.9304,0.0000,0.7925,-1.5841
1791282193.7022,0.0201,0.4571,0.0000,0.8000,-3.6804,-3.6211,3.6804,3.6691,0.0000,0.0015,0.0000,-0.0015,-2.9135,0.0008,0.7923,-1.5680
1791282193.7224,0.0202,0.5571,0.0000,0.8000,-3.6804,-3.6211,3.6804,3.6691,0.0000,0.0015,0.0000,-0.0015,-2.8970,0.0008,0.7923,-1.5520
1791282193.7423,0.0199,1.4280,0.0000,0.8000,-3.6804,-3.6451,3.6804,3.6451,0.0000,0.0015,0.0000,-0.0031,-2.8807,0.0000,0.7925,-1.5358
1791282193.7628,0.0206,0.3601,0.0000,0.8000,-3.6804,-3.6691,3.6804,3.6451,0.0000,0.0015,0.0000,-0.0015,-2.8641,-0.0004,0.7950,-1.5196
1791282193.7821,0.0193,0.6769,0.0000,0.8000,-3.6804,-3.6691,3.6804,3.6451,0.0000,0.0015,0.0000,-0.0015,-2.8475,-0.0004,0.7950,-1.5033
1791282193.8022,0.0201,0.9733,0.0000,0.7398,-3.3979,-3.6691,3.3979,3.6691,0.0000,0.0015,0.0000,-0.0015,-2.8316,0.0000,0.7976,-1.4869
1791282193.8226,0.0205,0.5808,0.0000,0.6783,-3.1103,-3.6451,3.1103,3.6691,0.0000,0.0015,0.0000,-0.0015,-2.8159,0.0004,0.7949,-1.4711
1791282193.8420,0.0194,0.4036,0.0097,0.6202,-2.5540,-3.6451,3.1412,3.6691,-0.0406,0.0000,-0.0406,-0.0015,-2.7999,0.0004,0.7949,-1.4544
1791282193.8622,0.0202,0.8601,0.0198,0.5598,-1.9756,-3.5971,3.1735,3.6451,-0.0828,0.0015,-0.0828,-0.0015,-2.7841,0.0008,0.7872,-1.4389
1791282193.8821,0.0199,0.4746,0.0297,0.5000,-1.4042,-3.4772,3.2052,3.5252,-0.0905,-0.0015,-0.1245,-0.0046,-2.7690,0.0008,0.7617,-1.4242
1791282193.9032,0.0211,0.7458,0.0403,0.4368,-0.7988,-3.2614,3.2384,3.3813,-0.0905,-0.0107,-0.1686,-0.0138,-2.7548,0.0020,0.7231,-1.4107
1791282193.9272,0.0241,0.7125,0.0523,0.3646,-0.1066,-2.8777,3.2760,3.2614,-0.0905,-0.0353,-0.2191,-0.0383,-2.7416,0.0063,0.6684,-1.3980
1791282193.9422,0.0150,4.2272,0.0598,0.3196,0.3252,-2.4460,3.2987,3.2134,-0.0905,-0.0583,-0.2505,-0.0706,-2.7299,0.0127,0.6158,-1.3868
1791282193.9638,0.0215,0.9060,0.0706,0.2549,0.9475,-1.9664,3.3292,3.1415,-0.0905,-0.0706,-0.2956,-0.1028,-2.7197,0.0194,0.5554,-1.3770
1791282193.9821,0.0183,1.0168,0.0797,0.2000,1.4783,-1.7026,3.3533,3.1655,-0.0905,-0.0752,-0.3339,-0.1197,-2.7149,0.0241,0.5288,-1.3723
1791282194.0028,0.0208,0.7837,0.0901,0.1378,2.0821,-0.8873,3.3784,3.2374,-0.0905,-0.0844,-0.3456,-0.1825,-2.7016,0.0388,0.4465,-1.3600
1791282194.0230,0.0201,0.3313,0.1002,0.0774,2.6695,-0.5995,3.4006,3.2614,-0.0905,-0.0859,-0.3456,-0.2010,-2.6978,0.0439,0.4173,-1.3564
1791282194.0437,0.0208,0.4035,0.1105,0.0151,3.2780,0.1199,3.4212,3.3094,-0.0905,-0.0890,-0.3456,-0.2608,-2.6883,0.0566,0.3432,-1.3480
1791282194.0636,0.0199,0.4314,0.1205,-0.0447,3.8753,0.7434,3.4278,3.3333,-0.0905,-0.0890,-0.3456,-0.2899,-2.6837,0.0673,0.2776,-1.3439
1791282194.0821,0.0184,0.4263,0.1297,-0.0712,4.2876,1.0552,3.5737,3.3094,-0.0905,-0.0890,-0.3456,-0.3007,-2.6819,0.0720,0.2412,-1.3424
1791282194.1021,0.0200,0.4337,0.1397,-0.0712,4.5911,1.6307,3.8764,3.3333,-0.0905,-0.0890,-0.3456,-0.3160,-2.6789,0.0819,0.1815,-1.3401
1791282194.1224,0.0204,0.4236,0.1499,-0.0712,4.9002,2.2062,4.1847,3.3813,-0.0905,-0.0890,-0.3456,-0.3267,-2.6770,0.0922,0.1248,-1.3390
1791282194.1423,0.0198,2.7797,0.1400,-0.0117,4.3013,2.8297,4.1834,3.4532,-0.0905,-0.0890,-0.3456,-0.3329,-2.6767,0.1037,0.0660,-1.3394
1791282194.1623,0.0200,0.9327,0.1300,0.0000,3.9392,3.3813,3.9392,3.5492,-0.0905,-0.0890,-0.3456,-0.3375,-2.6775,0.1144,0.0177,-1.3399
1791282194.1821,0.0198,0.4835,0.1201,0.0000,3.6384,3.8849,3.6384,3.7170,-0.0905,-0.0890,-0.3456,-0.3405,-2.6788,0.1254,-0.0167,-1.3408
1791282194.2022,0.0201,4.1863,0.1100,0.0000,3.3336,4.2446,3.3336,3.8609,-0.0905,-0.0890,-0.3456,-0.3421,-2.6801,0.1337,-0.0382,-1.3419
1791282194.2226,0.0204,0.2746,0.0998,0.0000,3.0246,4.3165,3.0246,3.9568,-0.0905,-0.0890,-0.3456,-0.3421,-2.6801,0.1365,-0.0358,-1.3424
1791282194.2421,0.0195,0.5131,0.0901,0.0000,2.7292,4.1966,2.7292,3.9568,-0.0905,-0.0890,-0.3456,-0.3421,-2.6798,0.1345,-0.0239,-1.3428
1791282194.2621,0.0200,2.6124,0.0801,0.0000,2.4268,4.0048,2.4268,3.8369,-0.0905,-0.0890,-0.3456,-0.3421,-2.6800,0.1294,-0.0167,-1.3428
1791282194.2821,0.0200,0.5865,0.0701,0.0000,2.1236,3.7410,2.1236,3.6451,-0.0905,-0.0890,-0.3456,-0.3421,-2.6804,0.1219,-0.0096,-1.3433
1791282194.3021,0.0200,0.3853,0.0601,0.0000,1.8205,3.4053,1.8205,3.3333,-0.0905,-0.0890,-0.3456,-0.3421,-2.6802,0.1112,-0.0072,-1.3431
1791282194.3226,0.0205,1.1780,0.0498,0.0000,1.5093,3.0935,1.5093,3.0216,-0.0905,-0.0890,-0.3456,-0.3421,-2.6799,0.1009,-0.0072,-1.3430
1791282194.3422,0.0196,1.4846,0.0400,0.0000,1.2129,2.8058,1.2129,2.7578,-0.0905,-0.0890,-0.3456,-0.3421,-2.6796,0.0918,-0.0048,-1.3431
1791282194.3630,0.0208,1.8119,0.0296,0.0000,0.8979,2.4940,0.8979,2.4940,-0.0905,-0.0890,-0.3456,-0.3451,-2.6794,0.0823,0.0000,-1.3430
1791282194.3821,0.0191,0.8291,0.0201,0.0000,0.6090,2.1823,0.6090,2.2062,-0.0905,-0.0890,-0.3456,-0.3451,-2.6792,0.0724,0.0026,-1.3430
1791282194.4023,0.0202,1.6646,0.0100,0.0000,0.3030,1.8705,0.3030,1.8705,-0.0905,-0.0890,-0.3456,-0.3451,-2.6791,0.0617,0.0000,-1.3428
1791282194.4250,0.0227,0.2611,0.0000,0.0000,0.0000,1.5588,0.0000,1.5588,-0.0905,-0.0890,-0.3456,-0.3451,-2.6791,0.0514,0.0000,-1.3430
1791282194.4421,0.0171,0.5741,0.0000,0.0000,0.0000,1.2710,0.0000,1.2470,-0.0905,-0.0890,-0.3456,-0.3451,-2.6792,0.0415,-0.0025,-1.3430
1791282194.4621,0.0201,0.8154,0.0000,0.0000,0.0000,0.9832,0.0000,0.9592,-0.0905,-0.0890,-0.3456,-0.3451,-2.6792,0.0321,-0.0025,-1.3431
1791282194.4821,0.0200,0.4826,0.0100,-0.0599,0.5881,0.6715,0.0164,0.6715,-0.1323,-0.0890,-0.3038,-0.3451,-2.6792,0.0222,0.0000,-1.3431
1791282194.5026,0.0205,0.5282,0.0202,-0.1214,1.1960,0.4077,0.0304,0.4077,-0.1753,-0.0890,-0.2726,-0.3451,-2.6792,0.0135,0.0000,-1.3431
1791282194.5251,0.0224,0.3507,0.0315,-0.1887,1.8640,0.2398,0.0421,0.2158,-0.2223,-0.0905,-0.2726,-0.3421,-2.6791,0.0075,-0.0025,-1.3433
1791282194.5423,0.0173,0.8769,0.0401,-0.2405,2.3807,0.1918,0.0487,0.1439,-0.2584,-0.0920,-0.2726,-0.3375,-2.6792,0.0055,-0.0050,-1.3436
1791282194.5658,0.0235,0.5791,0.0518,-0.2440,2.7604,0.4077,0.3807,0.0480,-0.3065,-0.1273,-0.2726,-0.3114,-2.6803,0.0075,-0.0377,-1.3455
1791282194.5821,0.0163,0.5365,0.0600,-0.2440,3.0119,0.5755,0.6224,0.0480,-0.3065,-0.1427,-0.2726,-0.3037,-2.6811,0.0103,-0.0552,-1.3467
1791282194.6020,0.0199,0.7457,0.0699,-0.2440,3.3200,1.0072,0.9185,0.0480,-0.3065,-0.1764,-0.2726,-0.2930,-2.6834,0.0174,-0.1001,-1.3499
1791282194.6224,0.0204,0.3298,0.0801,-0.2440,3.6348,1.4628,1.2207,0.0959,-0.3065,-0.2117,-0.2726,-0.2869,-2.6864,0.0257,-0.1420,-1.3537
1791282194.6421,0.0197,0.4173,0.0900,-0.2440,3.9393,1.9185,1.5130,0.1918,-0.3065,-0.2485,-0.2726,-0.2823,-2.6901,0.0348,-0.1785,-1.3578
1791282194.6631,0.0210,0.4028,0.1005,-0.2440,4.2637,2.3501,1.8247,0.4077,-0.3065,-0.2730,-0.2726,-0.2792,-2.6943,0.0455,-0.1998,-1.3622
1791282194.6825,0.0194,1.1615,0.1102,-0.2440,4.5591,2.7578,2.1173,0.6235,-0.3065,-0.2853,-0.2726,-0.2777,-2.6988,0.0558,-0.2184,-1.3672
1791282194.7027,0.0202,0.4469,0.1203,-0.2440,4.8670,3.1415,2.4222,0.8633,-0.3065,-0.2930,-0.2726,-0.2761,-2.7033,0.0661,-0.2319,-1.3721
1791282194.7223,0.0196,0.4034,0.1301,-0.2440,5.1661,3.4772,2.7185,1.1271,-0.3065,-0.2991,-0.2726,-0.2746,-2.7083,0.0760,-0.2380,-1.3769
1791282194.7425,0.0201,2.5998,0.1402,-0.2440,5.4723,3.8609,3.0217,1.4388,-0.3065,-0.3007,-0.2726,-0.2746,-2.7128,0.0874,-0.2439,-1.3818
1791282194.7639,0.0215,4.0155,0.1509,-0.2440,5.7988,4.1966,3.3454,1.7746,-0.3065,-0.3007,-0.2726,-0.2746,-2.7168,0.0985,-0.2425,-1.3863
1791282194.7839,0.0200,0.6418,0.1409,-0.1841,5.1941,4.4844,3.3451,2.0624,-0.3065,-0.3037,-0.2726,-0.2746,-2.7213,0.1080,-0.2421,-1.3912
1791282194.8021,0.0182,0.3915,0.1318,-0.1295,4.6440,4.7722,3.3442,2.3261,-0.3065,-0.3083,-0.2726,-0.2746,-2.7266,0.1171,-0.2442,-1.3963
1791282194.8226,0.0205,1.9656,0.1215,-0.0679,4.0230,5.0360,3.3426,2.5899,-0.3065,-0.3083,-0.2726,-0.2746,-2.7317,0.1258,-0.2439,-1.4013
1791282194.8420,0.0194,0.4037,0.1118,-0.0096,3.4361,5.2278,3.3403,2.8537,-0.3065,-0.3053,-0.2726,-0.2746,-2.7363,0.1333,-0.2366,-1.4051
1791282194.8632,0.0212,0.4669,0.1012,0.0000,3.0670,5.1799,3.0670,3.0456,-0.3065,-0.3053,-0.2726,-0.2746,-2.7404,0.1357,-0.2126,-1.4088
1791282194.8827,0.0194,0.4241,0.0915,0.0000,2.7727,4.9161,2.7727,3.1415,-0.3065,-0.3068,-0.2726,-0.2746,-2.7433,0.1329,-0.1768,-1.4109
1791282194.9020,0.0194,0.3940,0.0818,0.0000,2.4792,4.4844,2.4792,3.1894,-0.3065,-0.3053,-0.2726,-0.2761,-2.7453,0.1266,-0.1291,-1.4122
1791282194.9263,0.0243,0.3728,0.0697,0.0000,2.1111,4.0528,2.1111,3.2134,-0.3065,-0.3053,-0.2726,-0.2761,-2.7463,0.1199,-0.0838,-1.4134
1791282194.9424,0.0160,1.7392,0.0617,0.0000,1.8682,3.6451,1.8682,3.1175,-0.3065,-0.3053,-0.2726,-0.2746,-2.7468,0.1116,-0.0527,-1.4135
1791282194.9625,0.0202,0.5272,0.0516,0.0000,1.5627,3.2374,1.5627,2.9496,-0.3065,-0.3053,-0.2726,-0.2761,-2.7476,0.1021,-0.0288,-1.4139
1791282194.9821,0.0196,0.5488,0.0418,0.0000,1.2658,2.8777,1.2658,2.6859,-0.3065,-0.3053,-0.2726,-0.2746,-2.7480,0.0918,-0.0193,-1.4140
1791282195.0064,0.0243,8.5415,0.0296,0.0000,0.8978,2.5659,0.8978,2.4460,-0.3065,-0.3037,-0.2726,-0.2746,-2.7481,0.0827,-0.0121,-1.4140
1791282195.0228,0.0164,0.3015,0.0214,0.0000,0.6490,2.2542,0.6490,2.1583,-0.3065,-0.3053,-0.2726,-0.2761,-2.7480,0.0728,-0.0097,-1.4137
1791282195.0421,0.0193,0.4153,0.0118,0.0000,0.3573,1.9185,0.3573,1.8945,-0.3065,-0.3053,-0.2726,-0.2746,-2.7478,0.0629,-0.0024,-1.4135
1791282195.0626,0.0205,0.5439,0.0015,0.0000,0.0467,1.6547,0.0467,1.6547,-0.3065,-0.3053,-0.2726,-0.2761,-2.7474,0.0546,0.0000,-1.4139
1791282195.0822,0.0196,2.2454,0.0000,0.0000,0.0000,1.3429,0.0000,1.3909,-0.3065,-0.3053,-0.2726,-0.2761,-2.7472,0.0451,0.0052,-1.4134
1791282195.1021,0.0200,0.3727,0.0000,0.0000,0.0000,1.1751,0.0000,1.2230,-0.3065,-0.3053,-0.2726,-0.2746,-2.7471,0.0396,0.0052,-1.4137
1791282195.1230,0.0208,0.3038,0.0000,0.0000,0.0000,0.7194,0.0000,0.7434,-0.3065,-0.3053,-0.2726,-0.2746,-2.7471,0.0241,0.0026,-1.4137
1791282195.1421,0.0191,2.9544,0.0000,0.0000,0.0000,0.5755,0.0000,0.5995,-0.3065,-0.3053,-0.2726,-0.2746,-2.7471,0.0194,0.0026,-1.4135
1791282195.1638,0.0217,0.3591,0.0000,0.0000,0.0000,0.2398,0.0000,0.2638,-0.3065,-0.3053,-0.2726,-0.2761,-2.7471,0.0083,0.0026,-1.4135
1791282195.1821,0.0183,0.5895,0.0000,0.0000,0.0000,0.1679,0.0000,0.1918,-0.3065,-0.3053,-0.2726,-0.2746,-2.7471,0.0059,0.0026,-1.4137
1791282195.2021,0.0199,0.7116,0.0000,0.0000,0.0000,0.0959,0.0000,0.0959,-0.3065,-0.3037,-0.2726,-0.2746,-2.7471,0.0032,0.0000,-1.4135
1791282195.2230,0.0210,0.4765,0.0000,0.0000,0.0000,0.0240,0.0000,0.0480,-0.3065,-0.3053,-0.2726,-0.2746,-2.7471,0.0012,0.0026,-1.4137
1791282195.2427,0.0196,0.6004,0.0000,0.0000,0.0000,0.0000,0.0000,0.0240,-0.3065,-0.3053,-0.2726,-0.2746,-2.7471,0.0004,0.0026,-1.4135
1791282195.2621,0.0194,0.5274,0.0097,-0.0582,0.5715,0.0000,0.0160,0.0000,-0.2663,-0.3053,-0.3132,-0.2746,-2.7471,0.0000,0.0000,-1.4135
1791282195.2822,0.0202,1.1520,0.0198,-0.1187,1.1687,0.0000,0.0298,0.0000,-0.2663,-0.3053,-0.3192,-0.2746,-2.7470,0.0000,0.0000,-1.4135
1791282195.3021,0.0199,0.7002,0.0297,-0.1782,1.7598,0.0000,0.0405,0.0000,-0.2663,-0.3037,-0.3192,-0.2761,-2.7470,0.0000,0.0000,-1.4137
1791282195.3224,0.0203,0.8923,0.0399,-0.2118,2.2346,0.0959,0.1812,0.0000,-0.2663,-0.2961,-0.3192,-0.2884,-2.7472,0.0016,-0.0101,-1.4143
1791282195.3422,0.0198,0.6693,0.0497,-0.2118,2.5389,0.3357,0.4754,0.0000,-0.2663,-0.2853,-0.3192,-0.2991,-2.7481,0.0055,-0.0352,-1.4160
1791282195.3621,0.0200,1.7284,0.0597,-0.2118,2.8468,0.6954,0.7728,0.0000,-0.2663,-0.2746,-0.3192,-0.3068,-2.7500,0.0115,-0.0727,-1.4184
1791282195.3828,0.0207,0.6455,0.0701,-0.2118,3.1653,1.1511,1.0805,0.0719,-0.2663,-0.2715,-0.3192,-0.3114,-2.7528,0.0202,-0.1124,-1.4216
1791282195.4026,0.0198,3.4810,0.0800,-0.2118,3.4706,1.5827,1.3752,0.1918,-0.2663,-0.2730,-0.3192,-0.3145,-2.7562,0.0293,-0.1442,-1.4251
1791282195.4225,0.0199,0.4775,0.0899,-0.2118,3.7771,1.9904,1.6710,0.3357,-0.2663,-0.2715,-0.3192,-0.3175,-2.7601,0.0384,-0.1708,-1.4290
1791282195.4421,0.0196,1.6823,0.0997,-0.2118,4.0791,2.3741,1.9624,0.5516,-0.2663,-0.2684,-0.3192,-0.3175,-2.7642,0.0483,-0.1872,-1.4333
1791282195.4621,0.0201,1.6937,0.1097,-0.2118,4.3846,2.7338,2.2651,0.7914,-0.2663,-0.2700,-0.3192,-0.3175,-2.7686,0.0582,-0.1985,-1.4373
1791282195.4837,0.0215,0.3994,0.1205,-0.2118,4.7124,3.0935,2.5902,1.0552,-0.2663,-0.2684,-0.3192,-0.3175,-2.7728,0.0685,-0.2072,-1.4419
1791282195.5020,0.0184,0.6878,0.1113,-0.1567,4.1574,3.4053,2.5888,1.3189,-0.2663,-0.2684,-0.3192,-0.3175,-2.7767,0.0779,-0.2111,-1.4461
1791282195.5226,0.0205,0.6503,0.1010,-0.0951,3.5371,3.6691,2.5866,1.5827,-0.2663,-0.2684,-0.3192,-0.3175,-2.7811,0.0867,-0.2101,-1.4504
1791282195.5421,0.0196,1.1331,0.0913,-0.0364,2.9463,3.9329,2.5844,1.8465,-0.2663,-0.2684,-0.3192,-0.3175,-2.7859,0.0954,-0.2092,-1.4549
1791282195.5625,0.0203,0.9911,0.0811,0.0000,2.4572,4.1487,2.4572,2.1343,-0.2663,-0.2684,-0.3192,-0.3175,-2.7902,0.1037,-0.2014,-1.4584
1791282195.5829,0.0205,1.9006,0.0709,0.0000,2.1471,4.1247,2.1471,2.3261,-0.2663,-0.2684,-0.3192,-0.3175,-2.7935,0.1064,-0.1798,-1.4608
1791282195.6021,0.0192,0.6979,0.0613,0.0000,1.8569,3.9089,1.8569,2.4460,-0.2663,-0.2684,-0.3192,-0.3175,-2.7957,0.1049,-0.1463,-1.4625
1791282195.6224,0.0203,0.3447,0.0511,0.0000,1.5494,3.5012,1.5494,2.4940,-0.2663,-0.2684,-0.3192,-0.3175,-2.7968,0.0989,-0.1008,-1.4634
1791282195.6421,0.0197,0.4777,0.0413,0.0000,1.2509,3.0695,1.2509,2.4221,-0.2663,-0.2684,-0.3192,-0.3175,-2.7980,0.0906,-0.0651,-1.4637
1791282195.6629,0.0208,1.8402,0.0309,0.0000,0.9361,2.6859,0.9361,2.2782,-0.2663,-0.2684,-0.3192,-0.3175,-2.7988,0.0819,-0.0412,-1.4642
1791282195.6821,0.0193,0.4647,0.0212,0.0000,0.6439,2.4940,0.6439,2.1823,-0.2663,-0.2684,-0.3192,-0.3175,-2.7991,0.0772,-0.0316,-1.4645
1791282195.7021,0.0199,2.8459,0.0113,0.0000,0.3419,2.1583,0.3419,1.9424,-0.2663,-0.2684,-0.3192,-0.3175,-2.7995,0.0677,-0.0220,-1.4647
1791282195.7228,0.0207,1.0278,0.0009,0.0000,0.0281,1.6547,0.0281,1.5348,-0.2663,-0.2684,-0.3192,-0.3175,-2.7997,0.0526,-0.0123,-1.4648
1791282195.7423,0.0195,2.2174,0.0000,0.0000,0.0000,1.4868,0.0000,1.3909,-0.2663,-0.2684,-0.3192,-0.3175,-2.7997,0.0475,-0.0099,-1.4647
1791282195.7635,0.0213,0.7356,0.0000,0.0000,0.0000,1.1511,0.0000,1.1271,-0.2663,-0.2684,-0.3192,-0.3175,-2.7995,0.0376,-0.0025,-1.4645
1791282195.7825,0.0190,1.6019,0.0000,0.0000,0.0000,0.8393,0.0000,0.8633,-0.2663,-0.2684,-0.3192,-0.3175,-2.7994,0.0281,0.0026,-1.4644
1791282195.8021,0.0196,0.4455,0.0098,-0.0416,0.4955,0.5516,0.0980,0.5755,-0.2253,-0.2684,-0.2849,-0.3175,-2.7993,0.0186,0.0026,-1.4642
1791282195.8237,0.0216,1.3853,0.0206,-0.0416,0.8237,0.3357,0.4241,0.3597,-0.1801,-0.2684,-0.2849,-0.3175,-2.7993,0.0115,0.0026,-1.4644
1791282195.8422,0.0185,1.7809,0.0298,-0.0416,1.1043,0.1918,0.7028,0.1918,-0.1414,-0.2669,-0.2849,-0.3160,-2.7993,0.0063,0.0000,-1.4643
1791282195.8627,0.0205,1.5312,0.0401,-0.0416,1.4161,0.1439,1.0125,0.1199,-0.0984,-0.2546,-0.2849,-0.3068,-2.7994,0.0044,-0.0025,-1.4648
1791282195.8834,0.0207,1.0767,0.0504,-0.0416,1.7309,0.2638,1.3252,0.0959,-0.0551,-0.2378,-0.2849,-0.3007,-2.7998,0.0059,-0.0176,-1.4653
1791282195.9019,0.0186,1.0146,0.0597,-0.0416,2.0131,0.4796,1.6055,0.2158,-0.0536,-0.2086,-0.2849,-0.2945,-2.8004,0.0115,-0.0276,-1.4661
1791282195.9224,0.0205,3.0102,0.0699,-0.0416,2.3243,0.7434,1.9146,0.4317,-0.0536,-0.1703,-0.2849,-0.2915,-2.8012,0.0194,-0.0325,-1.4669
1791282195.9425,0.0201,1.4131,0.0800,-0.0416,2.6296,1.0312,2.2178,0.6715,-0.0536,-0.1335,-0.2849,-0.2899,-2.8018,0.0281,-0.0373,-1.4674
1791282195.9626,0.0201,1.4844,0.0900,-0.0416,2.9350,1.3189,2.5211,0.9592,-0.0536,-0.1058,-0.2849,-0.2884,-2.8025,0.0376,-0.0371,-1.4682
1791282195.9821,0.0196,0.4561,0.0998,-0.0416,3.2323,1.6307,2.8163,1.2470,-0.0536,-0.0874,-0.2849,-0.2884,-2.8033,0.0475,-0.0394,-1.4690
1791282196.0020,0.0199,0.4430,0.1098,-0.0416,3.5342,1.9664,3.1177,1.5588,-0.0536,-0.0752,-0.2849,-0.2884,-2.8044,0.0582,-0.0417,-1.4701
1791282196.0227,0.0207,0.3891,0.1201,-0.0416,3.8483,2.2782,3.4313,1.8465,-0.0536,-0.0660,-0.2849,-0.2869,-2.8055,0.0681,-0.0439,-1.4709
1791282196.0420,0.0193,0.4052,0.1298,-0.0416,4.1408,2.5659,3.7233,2.1343,-0.0536,-0.0614,-0.2849,-0.2884,-2.8067,0.0776,-0.0437,-1.4716
1791282196.0628,0.0208,0.9112,0.1401,-0.0416,4.4557,2.8537,4.0377,2.4460,-0.0536,-0.0583,-0.2849,-0.2869,-2.8080,0.0874,-0.0410,-1.4724
1791282196.0821,0.0193,0.4578,0.1498,-0.0995,5.0395,3.1415,4.0388,2.7338,-0.0940,-0.0568,-0.2544,-0.2869,-2.8087,0.0969,-0.0408,-1.4730
1791282196.1025,0.0204,2.3153,0.1600,-0.1483,5.5938,3.4293,4.1026,3.0216,-0.1367,-0.0552,-0.2544,-0.2884,-2.8091,0.1064,-0.0408,-1.4738
1791282196.1225,0.0200,0.4914,0.1700,-0.1483,5.8965,3.7170,4.4054,3.3333,-0.1786,-0.0568,-0.2544,-0.2853,-2.8098,0.1163,-0.0383,-1.4744
1791282196.1458,0.0233,1.8645,0.1816,-0.1483,6.2497,4.1007,4.7585,3.5971,-0.1869,-0.0675,-0.2544,-0.2777,-2.8113,0.1270,-0.0502,-1.4759
1791282196.1638,0.0180,0.8540,0.1906,-0.1483,6.5220,4.5324,5.0308,3.7890,-0.1869,-0.0905,-0.2544,-0.2684,-2.8136,0.1373,-0.0740,-1.4781
1791282196.1822,0.0184,2.8198,0.1998,-0.1483,6.8007,4.9640,5.3096,3.9568,-0.1869,-0.1212,-0.2544,-0.2654,-2.8158,0.1472,-0.1002,-1.4807
1791282196.2021,0.0199,0.6397,0.2000,-0.1483,6.8062,5.3477,5.3150,4.1727,-0.1869,-0.1473,-0.2544,-0.2608,-2.8187,0.1571,-0.1169,-1.4831
1791282196.2224,0.0203,2.8881,0.2000,-0.1483,6.8062,5.6835,5.3150,4.4125,-0.1869,-0.1626,-0.2544,-0.2592,-2.8222,0.1666,-0.1264,-1.4863
1791282196.2421,0.0197,0.3997,0.2000,-0.1483,6.8062,5.8753,5.3150,4.5324,-0.1869,-0.1672,-0.2544,-0.2592,-2.8233,0.1717,-0.1335,-1.4878
1791282196.2627,0.0206,0.5561,0.2000,-0.1483,6.8062,6.3309,5.3150,4.9400,-0.1869,-0.1764,-0.2544,-0.2562,-2.8272,0.1860,-0.1383,-1.4922
1791282196.2821,0.0195,0.4514,0.2000,-0.1483,6.8062,6.4508,5.3150,5.0600,-0.1869,-0.1810,-0.2544,-0.2562,-2.8292,0.1899,-0.1383,-1.4942
1791282196.3021,0.0199,0.7033,0.2000,-0.1483,6.8062,6.5947,5.3150,5.1559,-0.1869,-0.1841,-0.2544,-0.2562,-2.8326,0.1939,-0.1431,-1.4977
1791282196.3223,0.0203,0.3759,0.2000,-0.1483,6.8062,6.6427,5.3150,5.1799,-0.1869,-0.1810,-0.2544,-0.2562,-2.8355,0.1951,-0.1455,-1.5005
1791282196.3422,0.0198,0.8438,0.2000,-0.1588,6.8590,6.6667,5.2622,5.2758,-0.2001,-0.1841,-0.2316,-0.2562,-2.8395,0.1971,-0.1383,-1.5037
1791282196.3634,0.0212,0.9436,0.2000,-0.1588,6.8590,6.7386,5.2622,5.3717,-0.2001,-0.1887,-0.2316,-0.2577,-2.8430,0.1998,-0.1359,-1.5069
1791282196.3838,0.0204,0.4160,0.2000,-0.1588,6.8590,6.7146,5.2622,5.3477,-0.2001,-0.1887,-0.2316,-0.2546,-2.8459,0.1990,-0.1359,-1.5101
1791282196.4028,0.0189,0.7741,0.2000,-0.1588,6.8590,6.6667,5.2622,5.2998,-0.2001,-0.1933,-0.2316,-0.2485,-2.8499,0.1974,-0.1359,-1.5133
1791282196.4240,0.0212,0.2893,0.2000,-0.1588,6.8590,6.6667,5.2622,5.2518,-0.2001,-0.1963,-0.2316,-0.2424,-2.8535,0.1967,-0.1407,-1.5167
1791282196.4421,0.0181,0.4623,0.2000,-0.1588,6.8590,6.6906,5.2622,5.2518,-0.2001,-0.1963,-0.2316,-0.2378,-2.8566,0.1971,-0.1431,-1.5199
1791282196.4627,0.0207,0.4024,0.2000,-0.1588,6.8590,6.6906,5.2622,5.2278,-0.2001,-0.1994,-0.2316,-0.2362,-2.8603,0.1967,-0.1455,-1.5231
1791282196.4824,0.0197,0.4361,0.2000,-0.1588,6.8590,6.7146,5.2622,5.1799,-0.2001,-0.1979,-0.2316,-0.2362,-2.8637,0.1963,-0.1526,-1.5263
1791282196.5021,0.0197,0.4103,0.2000,-0.1588,6.8590,6.8106,5.2622,5.2038,-0.2001,-0.1948,-0.2316,-0.2347,-2.8671,0.1982,-0.1598,-1.5295
1791282196.5240,0.0220,0.2657,0.2000,-0.1588,6.8590,6.8585,5.2622,5.2278,-0.2001,-0.1994,-0.2316,-0.2347,-2.8706,0.1994,-0.1622,-1.5324
1791282196.5421,0.0181,0.8492,0.2000,-0.1588,6.8590,6.8585,5.2622,5.2278,-0.2001,-0.2025,-0.2316,-0.2332,-2.8739,0.1994,-0.1622,-1.5359
1791282196.5628,0.0207,0.9546,0.2000,-0.1588,6.8590,6.8825,5.2622,5.2278,-0.2001,-0.2010,-0.2316,-0.2347,-2.8772,0.1998,-0.1645,-1.5391
1791282196.5837,0.0208,0.3839,0.2000,-0.1588,6.8590,6.9065,5.2622,5.2518,-0.2001,-0.2010,-0.2316,-0.2332,-2.8805,0.2006,-0.1645,-1.5424
1791282196.6021,0.0184,0.4906,0.2000,-0.1588,6.8590,6.9065,5.2622,5.2278,-0.2001,-0.2010,-0.2316,-0.2332,-2.8835,0.2002,-0.1669,-1.5450
1791282196.6223,0.0202,0.3721,0.2000,-0.1588,6.8590,6.8585,5.2622,5.2518,-0.2001,-0.2010,-0.2316,-0.2347,-2.8870,0.1998,-0.1598,-1.5484
1791282196.6438,0.0215,1.0884,0.2000,-0.1054,6.5904,6.8825,5.5308,5.2518,-0.1551,-0.2010,-0.2469,-0.2332,-2.8906,0.2002,-0.1622,-1.5516
1791282196.6623,0.0185,0.6313,0.2000,-0.1054,6.5904,6.9065,5.5308,5.2518,-0.1333,-0.1979,-0.2469,-0.2332,-2.8940,0.2006,-0.1645,-1.5545
1791282196.6827,0.0204,2.0306,0.2000,-0.1054,6.5904,6.8825,5.5308,5.2518,-0.1333,-0.1994,-0.2469,-0.2347,-2.8974,0.2002,-0.1622,-1.5581
1791282196.7021,0.0194,0.3675,0.2000,-0.1054,6.5904,6.7866,5.5308,5.2998,-0.1333,-0.1856,-0.2469,-0.2393,-2.9007,0.1994,-0.1479,-1.5606
1791282196.7225,0.0204,0.8893,0.2000,-0.1054,6.5904,6.6906,5.5308,5.3477,-0.1333,-0.1672,-0.2469,-0.2424,-2.9036,0.1986,-0.1335,-1.5624
1791282196.7421,0.0196,2.7647,0.2000,-0.1054,6.5904,6.6427,5.5308,5.4197,-0.1333,-0.1549,-0.2469,-0.2439,-2.9059,0.1990,-0.1216,-1.5649
1791282196.7621,0.0200,0.6640,0.2000,-0.1054,6.5904,6.6187,5.5308,5.4916,-0.1333,-0.1473,-0.2469,-0.2439,-2.9082,0.1998,-0.1121,-1.5671
1791282196.7820,0.0199,0.6147,0.2000,-0.1054,6.5904,6.5707,5.5308,5.4916,-0.1333,-0.1427,-0.2469,-0.2439,-2.9110,0.1990,-0.1073,-1.5694
1791282196.8020,0.0200,1.0580,0.2000,-0.1054,6.5904,6.5947,5.5308,5.5156,-0.1333,-0.1381,-0.2469,-0.2439,-2.9136,0.1998,-0.1073,-1.5717
1791282196.8229,0.0209,3.3409,0.2000,-0.1054,6.5904,6.5947,5.5308,5.5396,-0.1333,-0.1365,-0.2469,-0.2439,-2.9154,0.2002,-0.1049,-1.5739
1791282196.8421,0.0192,3.0749,0.2000,-0.1054,6.5904,6.5947,5.5308,5.5156,-0.1333,-0.1350,-0.2469,-0.2439,-2.9163,0.1998,-0.1073,-1.5749
1791282196.8621,0.0200,2.0357,0.2000,-0.1054,6.5904,6.5228,5.5308,5.5156,-0.1333,-0.1350,-0.2469,-0.2439,-2.9189,0.1986,-0.1002,-1.5772
1791282196.8827,0.0205,2.9978,0.2000,-0.1054,6.5904,6.5468,5.5308,5.5156,-0.1333,-0.1350,-0.2469,-0.2439,-2.9213,0.1990,-0.1025,-1.5792
1791282196.9021,0.0194,1.1338,0.2000,-0.1054,6.5904,6.5947,5.5308,5.4916,-0.1333,-0.1350,-0.2469,-0.2439,-2.9231,0.1994,-0.1097,-1.5819
1791282196.9227,0.0206,0.7413,0.2000,-0.1054,6.5904,6.5707,5.5308,5.5156,-0.1333,-0.1350,-0.2469,-0.2439,-2.9260,0.1994,-0.1049,-1.5844
1791282196.9421,0.0194,2.5640,0.2000,-0.0868,6.4968,6.6187,5.6244,5.5156,-0.1100,-0.1350,-0.2548,-0.2470,-2.9293,0.2002,-0.1097,-1.5865
1791282196.9622,0.0201,0.6751,0.2000,-0.0868,6.4968,6.6187,5.6244,5.5156,-0.1100,-0.1350,-0.2548,-0.2439,-2.9311,0.2002,-0.1097,-1.5882
1791282196.9821,0.0199,0.7718,0.2000,-0.0868,6.4968,6.6187,5.6244,5.5396,-0.1100,-0.1350,-0.2548,-0.2439,-2.9336,0.2006,-0.1073,-1.5908
1791282197.0020,0.0199,0.3938,0.2000,-0.0868,6.4968,6.6187,5.6244,5.5396,-0.1100,-0.1304,-0.2548,-0.2485,-2.9365,0.2006,-0.1073,-1.5923
1791282197.0224,0.0204,0.4165,0.2000,-0.0868,6.4968,6.6187,5.6244,5.5396,-0.1100,-0.1227,-0.2548,-0.2516,-2.9388,0.2006,-0.1073,-1.5948
1791282197.0421,0.0197,0.7559,0.2000,-0.0868,6.4968,6.5707,5.6244,5.5396,-0.1100,-0.1181,-0.2548,-0.2531,-2.9408,0.1998,-0.1025,-1.5961
1791282197.0621,0.0200,0.6684,0.2000,-0.0868,6.4968,6.5228,5.6244,5.5636,-0.1100,-0.1150,-0.2548,-0.2531,-2.9430,0.1994,-0.0954,-1.5978
1791282197.0821,0.0200,0.6922,0.2000,-0.0868,6.4968,6.4988,5.6244,5.5636,-0.1100,-0.1135,-0.2548,-0.2531,-2.9447,0.1990,-0.0930,-1.5993
1791282197.1021,0.0200,0.7079,0.2000,-0.0868,6.4968,6.4508,5.6244,5.5636,-0.1100,-0.1120,-0.2548,-0.2546,-2.9464,0.1982,-0.0882,-1.6009
1791282197.1236,0.0215,1.8348,0.2000,-0.0868,6.4968,6.4508,5.6244,5.5875,-0.1100,-0.1120,-0.2548,-0.2531,-2.9480,0.1986,-0.0859,-1.6021
1791282197.1424,0.0187,6.5596,0.2000,-0.0868,6.4968,6.4508,5.6244,5.6115,-0.1100,-0.1120,-0.2548,-0.2531,-2.9496,0.1990,-0.0835,-1.6038
1791282197.1622,0.0199,0.6032,0.2000,-0.0868,6.4968,6.4269,5.6244,5.6115,-0.1100,-0.1120,-0.2548,-0.2531,-2.9512,0.1986,-0.0811,-1.6054
1791282197.1821,0.0199,0.3969,0.2000,-0.0868,6.4968,6.4269,5.6244,5.5875,-0.1100,-0.1120,-0.2548,-0.2546,-2.9526,0.1982,-0.0835,-1.6071
1791282197.2021,0.0200,0.5850,0.2000,-0.0868,6.4968,6.4029,5.6244,5.6115,-0.1100,-0.1120,-0.2548,-0.2531,-2.9543,0.1982,-0.0787,-1.6086
1791282197.2226,0.0205,0.3373,0.2000,-0.0868,6.4968,6.4269,5.6244,5.6355,-0.1100,-0.1120,-0.2548,-0.2531,-2.9569,0.1990,-0.0787,-1.6105
1791282197.2421,0.0195,0.3659,0.2000,-0.0868,6.4968,6.4508,5.6244,5.6355,-0.1100,-0.1120,-0.2548,-0.2546,-2.9584,0.1994,-0.0811,-1.6120
1791282197.2621,0.0201,0.4521,0.2000,-0.0868,6.4968,6.4508,5.6244,5.6355,-0.1100,-0.1120,-0.2548,-0.2531,-2.9596,0.1994,-0.0811,-1.6138
1791282197.2822,0.0200,0.4581,0.2000,-0.0868,6.4968,6.4508,5.6244,5.6835,-0.1100,-0.1120,-0.2548,-0.2546,-2.9618,0.2002,-0.0763,-1.6155
1791282197.3030,0.0208,0.4009,0.2000,-0.0868,6.4968,6.4988,5.6244,5.6835,-0.1100,-0.1135,-0.2548,-0.2546,-2.9632,0.2010,-0.0811,-1.6172
1791282197.3251,0.0221,0.2718,0.2000,-0.0868,6.4968,6.4748,5.6244,5.6595,-0.1100,-0.1120,-0.2548,-0.2546,-2.9643,0.2002,-0.0811,-1.6190
1791282197.3426,0.0175,10.5871,0.2000,-0.0342,6.2327,6.4508,5.8885,5.6595,-0.1100,-0.1120,-0.2548,-0.2546,-2.9669,0.1998,-0.0787,-1.6212
1791282197.3623,0.0197,0.7429,0.2000,-0.0125,6.1233,6.4748,5.9979,5.6355,-0.0687,-0.1120,-0.2913,-0.2546,-2.9687,0.1998,-0.0835,-1.6228
1791282197.3821,0.0197,0.4515,0.2000,-0.0125,6.1233,6.4748,5.9979,5.6355,-0.0273,-0.1120,-0.2913,-0.2546,-2.9699,0.1998,-0.0835,-1.6247
1791282197.4020,0.0200,0.3958,0.2000,-0.0125,6.1233,6.4988,5.9979,5.6835,-0.0172,-0.1104,-0.2913,-0.2562,-2.9720,0.2010,-0.0811,-1.6265
1791282197.4224,0.0203,0.3277,0.2000,-0.0125,6.1233,6.4748,5.9979,5.7554,-0.0172,-0.0966,-0.2913,-0.2669,-2.9739,0.2018,-0.0715,-1.6276
1791282197.4421,0.0197,1.3586,0.2000,-0.0125,6.1233,6.4029,5.9979,5.7794,-0.0172,-0.0874,-0.2913,-0.2715,-2.9743,0.2010,-0.0620,-1.6283
1791282197.4630,0.0209,0.4886,0.2000,-0.0125,6.1233,6.2590,5.9979,5.8513,-0.0172,-0.0537,-0.2913,-0.2823,-2.9750,0.1998,-0.0405,-1.6289
1791282197.4821,0.0191,0.4147,0.2000,-0.0125,6.1233,6.2350,5.9979,5.8753,-0.0172,-0.0460,-0.2913,-0.2838,-2.9756,0.1998,-0.0358,-1.6292
1791282197.5027,0.0206,2.5386,0.2000,-0.0125,6.1233,6.2350,5.9979,5.9472,-0.0172,-0.0353,-0.2913,-0.2869,-2.9760,0.2010,-0.0286,-1.6295
1791282197.5246,0.0219,0.4332,0.2000,-0.0125,6.1233,6.2110,5.9979,6.0432,-0.0172,-0.0276,-0.2913,-0.2899,-2.9763,0.2022,-0.0167,-1.6300
1791282197.5438,0.0192,2.3066,0.2000,-0.0125,6.1233,6.1871,5.9979,5.9952,-0.0172,-0.0215,-0.2913,-0.2899,-2.9769,0.2010,-0.0191,-1.6298
1791282197.5622,0.0184,1.4439,0.2000,-0.0125,6.1233,6.1631,5.9979,5.9712,-0.0172,-0.0215,-0.2913,-0.2899,-2.9769,0.2002,-0.0191,-1.6303
1791282197.5824,0.0202,1.5839,0.2000,-0.0125,6.1233,6.1391,5.9979,5.9472,-0.0172,-0.0199,-0.2913,-0.2899,-2.9768,0.1994,-0.0191,-1.6305
1791282197.6022,0.0198,0.4970,0.2000,-0.0001,6.0611,6.1151,6.0601,5.9472,-0.0017,-0.0184,-0.2987,-0.2899,-2.9770,0.1990,-0.0167,-1.6309
1791282197.6224,0.0203,0.4818,0.2000,-0.0001,6.0611,6.1391,6.0601,5.9472,-0.0017,-0.0184,-0.2987,-0.2899,-2.9775,0.1994,-0.0191,-1.6311
1791282197.6422,0.0198,0.8700,0.2000,-0.0001,6.0611,6.1151,6.0601,5.9712,-0.0017,-0.0169,-0.2987,-0.2915,-2.9775,0.1994,-0.0143,-1.6309
1791282197.6629,0.0207,0.3555,0.2000,-0.0001,6.0611,6.0671,6.0601,5.9952,-0.0017,-0.0123,-0.2987,-0.2945,-2.9780,0.1990,-0.0072,-1.6311
1791282197.6825,0.0196,0.5236,0.2000,-0.0001,6.0611,6.0432,6.0601,5.9952,-0.0017,-0.0077,-0.2987,-0.2976,-2.9785,0.1986,-0.0048,-1.6311
1791282197.7021,0.0196,0.4308,0.2000,-0.0001,6.0611,6.0192,6.0601,5.9712,-0.0017,-0.0061,-0.2987,-0.2976,-2.9783,0.1978,-0.0048,-1.6306
1791282197.7239,0.0219,0.2644,0.2000,-0.0001,6.0611,6.0432,6.0601,6.0192,-0.0017,-0.0046,-0.2987,-0.2976,-2.9785,0.1990,-0.0024,-1.6306
1791282197.7421,0.0181,0.8604,0.2000,-0.0001,6.0611,6.0432,6.0601,6.0432,-0.0017,-0.0031,-0.2987,-0.2976,-2.9791,0.1994,0.0000,-1.6313
1791282197.7656,0.0236,0.3810,0.2000,-0.0001,6.0611,6.0671,6.0601,6.0192,-0.0017,-0.0031,-0.2987,-0.2976,-2.9792,0.1994,-0.0048,-1.6311
1791282197.7821,0.0165,0.4105,0.2000,-0.0001,6.0611,6.0671,6.0601,6.0671,-0.0017,-0.0031,-0.2987,-0.2976,-2.9794,0.2002,0.0000,-1.6309
1791282197.8020,0.0199,0.3730,0.2000,-0.0001,6.0611,6.0432,6.0601,6.0911,-0.0017,-0.0031,-0.2987,-0.2976,-2.9797,0.2002,0.0050,-1.6313
1791282197.8224,0.0203,0.2968,0.2000,-0.0001,6.0611,6.0192,6.0601,6.0671,-0.0017,-0.0031,-0.2987,-0.2976,-2.9798,0.1994,0.0050,-1.6308
1791282197.8420,0.0197,0.3816,0.2000,-0.0001,6.0611,6.0432,6.0601,6.0911,-0.0017,-0.0031,-0.2987,-0.2976,-2.9798,0.2002,0.0050,-1.6311
1791282197.8623,0.0203,0.4984,0.2000,-0.0001,6.0611,6.0432,6.0601,6.0911,-0.0017,-0.0031,-0.2987,-0.2976,-2.9804,0.2002,0.0050,-1.6311
1791282197.8834,0.0211,0.4082,0.2000,-0.0001,6.0611,6.0432,6.0601,6.0671,-0.0017,-0.0031,-0.2987,-0.2991,-2.9806,0.1998,0.0025,-1.6309
1791282197.9024,0.0190,2.1346,0.2000,-0.0015,6.0681,6.0432,6.0531,6.0432,-0.0034,-0.0031,-0.3064,-0.2991,-2.9803,0.1994,0.0000,-1.6316
1791282197.9224,0.0199,0.3688,0.2000,-0.0015,6.0681,6.0192,6.0531,6.0432,-0.0034,-0.0031,-0.3064,-0.2991,-2.9809,0.1990,0.0025,-1.6313
1791282197.9421,0.0197,3.8883,0.2000,-0.0015,6.0681,6.0432,6.0531,6.0432,-0.0034,-0.0031,-0.3064,-0.2991,-2.9815,0.1994,0.0000,-1.6313
1791282197.9637,0.0216,0.4733,0.2000,-0.0015,6.0681,6.0911,6.0531,6.0432,-0.0034,-0.0031,-0.3064,-0.3022,-2.9816,0.2002,-0.0048,-1.6319
1791282197.9838,0.0201,1.1873,0.2000,-0.0015,6.0681,6.0911,6.0531,6.0192,-0.0034,-0.0046,-0.3064,-0.3053,-2.9820,0.1998,-0.0072,-1.6320
1791282198.0020,0.0182,0.3960,0.2000,-0.0015,6.0681,6.0911,6.0531,6.0192,-0.0034,-0.0031,-0.3064,-0.3053,-2.9826,0.1998,-0.0072,-1.6322
1791282198.0229,0.0209,0.2991,0.2000,-0.0015,6.0681,6.0911,6.0531,6.0192,-0.0034,-0.0031,-0.3064,-0.3053,-2.9823,0.1998,-0.0072,-1.6322
1791282198.0428,0.0199,0.4002,0.2000,-0.0015,6.0681,6.0911,6.0531,6.0432,-0.0034,-0.0031,-0.3064,-0.3053,-2.9821,0.2002,-0.0048,-1.6320
1791282198.0622,0.0194,1.6830,0.2000,-0.0015,6.0681,6.0911,6.0531,6.0671,-0.0034,-0.0031,-0.3064,-0.3053,-2.9823,0.2006,-0.0024,-1.6322
1791282198.0821,0.0199,0.4324,0.2000,-0.0015,6.0681,6.0432,6.0531,6.0192,-0.0034,-0.0031,-0.3064,-0.3068,-2.9830,0.1990,-0.0024,-1.6322
1791282198.1020,0.0200,0.5260,0.2000,-0.0015,6.0681,6.0432,6.0531,5.9952,-0.0034,-0.0031,-0.3064,-0.3068,-2.9828,0.1986,-0.0048,-1.6317
1791282198.1227,0.0207,0.3120,0.2000,-0.0015,6.0681,6.0432,6.0531,5.9952,-0.0034,-0.0046,-0.3064,-0.3068,-2.9822,0.1986,-0.0048,-1.6320
1791282198.1422,0.0194,0.7653,0.2000,-0.0015,6.0681,6.0192,6.0531,5.9952,-0.0034,-0.0031,-0.3064,-0.3068,-2.9820,0.1982,-0.0024,-1.6320
1791282198.1627,0.0205,0.4488,0.2000,-0.0015,6.0681,6.0192,6.0531,5.9952,-0.0034,-0.0031,-0.3064,-0.3068,-2.9816,0.1982,-0.0024,-1.6313
1791282198.1821,0.0194,0.4380,0.2000,-0.0015,6.0681,6.0192,6.0531,5.9952,-0.0034,-0.0046,-0.3064,-0.3068,-2.9814,0.1982,-0.0024,-1.6316
1791282198.2020,0.0200,0.3886,0.2000,0.0017,6.0525,5.9952,6.0687,5.9952,0.0006,-0.0031,-0.3205,-0.3068,-2.9814,0.1978,0.0000,-1.6317
1791282198.2224,0.0203,0.4266,0.2000,0.0017,6.0525,5.9952,6.0687,5.9952,0.0006,-0.0031,-0.3205,-0.3068,-2.9809,0.1978,0.0000,-1.6312
1791282198.2421,0.0197,0.5359,0.2000,0.0017,6.0525,6.0192,6.0687,6.0192,0.0006,-0.0031,-0.3205,-0.3083,-2.9804,0.1986,0.0000,-1.6314
1791282198.2621,0.0201,0.7510,0.2000,0.0017,6.0525,6.0192,6.0687,6.0432,0.0006,-0.0015,-0.3205,-0.3129,-2.9807,0.1990,0.0025,-1.6312
1791282198.2822,0.0201,0.4970,0.2000,0.0017,6.0525,6.0192,6.0687,6.0432,0.0006,-0.0015,-0.3205,-0.3160,-2.9813,0.1990,0.0025,-1.6312
1791282198.3024,0.0202,1.4877,0.2000,0.0017,6.0525,6.0192,6.0687,6.0671,0.0006,-0.0015,-0.3205,-0.3191,-2.9814,0.1994,0.0050,-1.6314
1791282198.3249,0.0225,0.2991,0.2000,0.0017,6.0525,6.0432,6.0687,6.0911,0.0006,-0.0015,-0.3205,-0.3191,-2.9821,0.2002,0.0050,-1.6314
1791282198.3431,0.0181,5.6850,0.2000,0.0017,6.0525,6.0432,6.0687,6.0911,0.0006,-0.0015,-0.3205,-0.3191,-2.9831,0.2002,0.0050,-1.6312
1791282198.3648,0.0217,1.1570,0.2000,0.0017,6.0525,6.0432,6.0687,6.0911,0.0006,-0.0015,-0.3205,-0.3191,-2.9835,0.2002,0.0050,-1.6317
1791282198.3822,0.0174,0.4457,0.2000,0.0017,6.0525,6.0432,6.0687,6.0911,0.0006,-0.0015,-0.3205,-0.3191,-2.9838,0.2002,0.0050,-1.6314
1791282198.4021,0.0199,0.4666,0.2000,0.0017,6.0525,6.0192,6.0687,6.0911,0.0006,-0.0015,-0.3205,-0.3191,-2.9846,0.1998,0.0075,-1.6311
1791282198.4229,0.0208,0.2796,0.2000,0.0017,6.0525,6.0432,6.0687,6.0911,0.0006,-0.0015,-0.3205,-0.3191,-2.9853,0.2002,0.0050,-1.6312
1791282198.4420,0.0192,0.3998,0.2000,0.0017,6.0525,6.0432,6.0687,6.0911,0.0006,-0.0015,-0.3205,-0.3191,-2.9857,0.2002,0.0050,-1.6316
1791282198.4647,0.0226,0.4401,0.2000,0.0017,6.0525,6.0432,6.0687,6.0671,0.0006,-0.0015,-0.3205,-0.3191,-2.9866,0.1998,0.0025,-1.6314
1791282198.4822,0.0176,0.5230,0.2000,0.0017,6.0525,6.0671,6.0687,6.0671,0.0006,-0.0015,-0.3205,-0.3191,-2.9872,0.2002,0.0000,-1.6321
1791282198.5032,0.0210,0.5623,0.2000,0.0017,6.0525,6.1151,6.0687,6.0911,0.0006,-0.0015,-0.3205,-0.3206,-2.9876,0.2014,-0.0024,-1.6319
1791282198.5224,0.0192,3.2400,0.2000,0.0017,6.0525,6.0911,6.0687,6.0671,0.0006,-0.0015,-0.3205,-0.3191,-2.9883,0.2006,-0.0024,-1.6316
1791282198.5421,0.0197,0.5600,0.2000,0.0017,6.0525,6.0911,6.0687,6.0671,0.0006,-0.0015,-0.3205,-0.3206,-2.9889,0.2006,-0.0024,-1.6319
1791282198.5623,0.0202,0.6501,0.2000,0.0017,6.0525,6.0671,6.0687,6.0911,0.0006,-0.0015,-0.3205,-0.3206,-2.9891,0.2006,0.0025,-1.6319
1791282198.5821,0.0198,0.7207,0.2000,-0.0372,6.2475,6.0671,5.8737,6.0671,-0.0410,-0.0031,-0.2942,-0.3206,-2.9898,0.2002,0.0000,-1.6314
1791282198.6021,0.0200,0.4220,0.2000,-0.0372,6.2475,6.0671,5.8737,6.0432,-0.0480,-0.0015,-0.2942,-0.3206,-2.9905,0.1998,-0.0024,-1.6316
1791282198.6224,0.0203,0.4215,0.2000,-0.0372,6.2475,6.0432,5.8737,6.0432,-0.0480,-0.0031,-0.2942,-0.3191,-2.9913,0.1994,0.0000,-1.6316
1791282198.6424,0.0201,1.2093,0.2000,-0.0372,6.2475,6.0432,5.8737,6.0432,-0.0480,-0.0077,-0.2942,-0.3160,-2.9915,0.1994,0.0000,-1.6317
1791282198.6627,0.0203,0.4380,0.2000,-0.0372,6.2475,6.0911,5.8737,5.9712,-0.0480,-0.0184,-0.2942,-0.3083,-2.9919,0.1990,-0.0119,-1.6322
1791282198.6823,0.0196,0.9979,0.2000,-0.0372,6.2475,6.1631,5.8737,5.9472,-0.0480,-0.0337,-0.2942,-0.3037,-2.9929,0.1998,-0.0215,-1.6325
1791282198.7026,0.0203,0.4438,0.2000,-0.0372,6.2475,6.1871,5.8737,5.9233,-0.0480,-0.0399,-0.2942,-0.3007,-2.9948,0.1998,-0.0262,-1.6328
1791282198.7229,0.0203,0.8073,0.2000,-0.0372,6.2475,6.1631,5.8737,5.8513,-0.0480,-0.0430,-0.2942,-0.2991,-2.9968,0.1982,-0.0310,-1.6339
1791282198.7421,0.0192,1.6923,0.2000,-0.0372,6.2475,6.1871,5.8737,5.8273,-0.0480,-0.0460,-0.2942,-0.2991,-2.9981,0.1982,-0.0358,-1.6345
1791282198.7624,0.0202,0.9070,0.2000,-0.0372,6.2475,6.2110,5.8737,5.8753,-0.0480,-0.0460,-0.2942,-0.2976,-2.9995,0.1994,-0.0334,-1.6348
1791282198.7820,0.0197,0.3812,0.2000,-0.0372,6.2475,6.2110,5.8737,5.8753,-0.0480,-0.0460,-0.2942,-0.2961,-3.0007,0.1994,-0.0334,-1.6357
1791282198.8020,0.0200,0.9234,0.2000,-0.0372,6.2475,6.2110,5.8737,5.8513,-0.0480,-0.0460,-0.2942,-0.2961,-3.0023,0.1990,-0.0358,-1.6366
1791282198.8230,0.0210,0.2844,0.2000,-0.0372,6.2475,6.2110,5.8737,5.8513,-0.0480,-0.0460,-0.2942,-0.2961,-3.0034,0.1990,-0.0358,-1.6371
1791282198.8421,0.0190,0.3901,0.2000,-0.0372,6.2475,6.2110,5.8737,5.8513,-0.0480,-0.0460,-0.2942,-0.2961,-3.0047,0.1990,-0.0358,-1.6378
1791282198.8647,0.0226,0.4423,0.2000,-0.0372,6.2475,6.2110,5.8737,5.8753,-0.0480,-0.0460,-0.2942,-0.2961,-3.0064,0.1994,-0.0334,-1.6387
1791282198.8821,0.0174,0.4096,0.2000,-0.0372,6.2475,6.2350,5.8737,5.8993,-0.0480,-0.0460,-0.2942,-0.2976,-3.0083,0.2002,-0.0334,-1.6398
1791282198.9028,0.0207,1.5077,0.2000,-0.0351,6.2371,6.2830,5.8841,5.9233,-0.0455,-0.0460,-0.3056,-0.2961,-3.0098,0.2014,-0.0358,-1.6403
1791282198.9232,0.0204,0.2628,0.2000,-0.0351,6.2371,6.2590,5.8841,5.8993,-0.0455,-0.0460,-0.3056,-0.2961,-3.0117,0.2006,-0.0358,-1.6416
1791282198.9426,0.0195,0.4541,0.2000,-0.0351,6.2371,6.2830,5.8841,5.8513,-0.0455,-0.0460,-0.3056,-0.2976,-3.0134,0.2002,-0.0429,-1.6427
1791282198.9621,0.0194,0.5249,0.2000,-0.0351,6.2371,6.2350,5.8841,5.8513,-0.0455,-0.0460,-0.3056,-0.3007,-3.0144,0.1994,-0.0382,-1.6430
1791282198.9821,0.0200,0.4111,0.2000,-0.0351,6.2371,6.2110,5.8841,5.8513,-0.0455,-0.0460,-0.3056,-0.3022,-3.0151,0.1990,-0.0358,-1.6441
1791282199.0021,0.0200,0.4779,0.2000,-0.0351,6.2371,6.2350,5.8841,5.8513,-0.0455,-0.0460,-0.3056,-0.3037,-3.0164,0.1994,-0.0382,-1.6448
1791282199.0237,0.0216,0.2874,0.2000,-0.0351,6.2371,6.2590,5.8841,5.8513,-0.0455,-0.0460,-0.3056,-0.3037,-3.0179,0.1998,-0.0405,-1.6453
1791282199.0424,0.0187,0.4526,0.2000,-0.0351,6.2371,6.2590,5.8841,5.8513,-0.0455,-0.0460,-0.3056,-0.3037,-3.0191,0.1998,-0.0405,-1.6465
1791282199.0622,0.0198,1.5587,0.2000,-0.0351,6.2371,6.2590,5.8841,5.8513,-0.0455,-0.0460,-0.3056,-0.3037,-3.0200,0.1998,-0.0405,-1.6473
1791282199.0824,0.0202,0.8322,0.2000,-0.0351,6.2371,6.2590,5.8841,5.8513,-0.0455,-0.0460,-0.3056,-0.3037,-3.0208,0.1998,-0.0405,-1.6477
1791282199.1020,0.0196,0.3890,0.2000,-0.0268,6.1954,6.2110,5.9258,5.8513,-0.0351,-0.0460,-0.3273,-0.3037,-3.0214,0.1990,-0.0358,-1.6488
1791282199.1226,0.0206,0.5687,0.2000,-0.0268,6.1954,6.2110,5.9258,5.8513,-0.0351,-0.0460,-0.3273,-0.3053,-3.0227,0.1990,-0.0358,-1.6494
1791282199.1421,0.0196,0.9565,0.2000,-0.0268,6.1954,6.2590,5.9258,5.8753,-0.0351,-0.0445,-0.3273,-0.3068,-3.0234,0.2002,-0.0382,-1.6496
1791282199.1623,0.0202,0.9466,0.2000,-0.0268,6.1954,6.2110,5.9258,5.8513,-0.0351,-0.0414,-0.3273,-0.3129,-3.0242,0.1990,-0.0358,-1.6505
1791282199.1822,0.0199,0.7899,0.2000,-0.0268,6.1954,6.1631,5.9258,5.8513,-0.0351,-0.0383,-0.3273,-0.3191,-3.0253,0.1982,-0.0310,-1.6509
1791282199.2021,0.0199,0.3931,0.2000,-0.0268,6.1954,6.1631,5.9258,5.8513,-0.0351,-0.0368,-0.3273,-0.3221,-3.0265,0.1982,-0.0310,-1.6513
1791282199.2223,0.0203,0.4205,0.2000,-0.0268,6.1954,6.1391,5.9258,5.8753,-0.0351,-0.0368,-0.3273,-0.3237,-3.0272,0.1982,-0.0262,-1.6519
1791282199.2440,0.0216,0.9470,0.2000,-0.0268,6.1954,6.1391,5.9258,5.8753,-0.0351,-0.0368,-0.3273,-0.3252,-3.0275,0.1982,-0.0262,-1.6525
1791282199.2621,0.0182,1.6665,0.2000,-0.0268,6.1954,6.1391,5.9258,5.8993,-0.0351,-0.0368,-0.3273,-0.3252,-3.0278,0.1986,-0.0238,-1.6528
1791282199.2835,0.0213,1.2258,0.2000,-0.0268,6.1954,6.1391,5.9258,5.8993,-0.0351,-0.0368,-0.3273,-0.3252,-3.0287,0.1986,-0.0238,-1.6532
1791282199.3027,0.0192,0.4283,0.2000,-0.0268,6.1954,6.1151,5.9258,5.8993,-0.0351,-0.0368,-0.3273,-0.3252,-3.0289,0.1982,-0.0215,-1.6534
1791282199.3230,0.0204,0.2996,0.2000,-0.0268,6.1954,6.1151,5.9258,5.8753,-0.0351,-0.0368,-0.3273,-0.3252,-3.0291,0.1978,-0.0238,-1.6543
1791282199.3421,0.0191,0.8368,0.2000,-0.0268,6.1954,6.1631,5.9258,5.8993,-0.0351,-0.0368,-0.3273,-0.3252,-3.0294,0.1990,-0.0262,-1.6548
1791282199.3632,0.0211,1.1645,0.2000,-0.0268,6.1954,6.1631,5.9258,5.9233,-0.0351,-0.0368,-0.3273,-0.3252,-3.0298,0.1994,-0.0238,-1.6554
1791282199.3823,0.0190,0.5194,0.2000,-0.0268,6.1954,6.1631,5.9258,5.9233,-0.0351,-0.0368,-0.3273,-0.3267,-3.0304,0.1994,-0.0238,-1.6560
1791282199.4020,0.0198,0.3978,0.2000,-0.0268,6.1954,6.1871,5.9258,5.9233,-0.0351,-0.0368,-0.3273,-0.3252,-3.0314,0.1998,-0.0262,-1.6566
1791282199.4225,0.0204,0.3676,0.2000,-0.0268,6.1954,6.1871,5.9258,5.9472,-0.0351,-0.0368,-0.3273,-0.3252,-3.0316,0.2002,-0.0238,-1.6569
1791282199.4422,0.0198,0.4343,0.2000,-0.0268,6.1954,6.1871,5.9258,5.9472,-0.0351,-0.0368,-0.3273,-0.3252,-3.0319,0.2002,-0.0238,-1.6578
1791282199.4621,0.0199,0.7867,0.2000,-0.0268,6.1954,6.2110,5.9258,5.9712,-0.0351,-0.0368,-0.3273,-0.3252,-3.0331,0.2010,-0.0238,-1.6581
1791282199.4823,0.0201,1.6171,0.2000,-0.0156,6.1391,6.2110,5.9821,5.9712,-0.0211,-0.0368,-0.3464,-0.3252,-3.0339,0.2010,-0.0238,-1.6583
1791282199.5022,0.0199,3.1071,0.2000,-0.0156,6.1391,6.2110,5.9821,5.9472,-0.0211,-0.0368,-0.3464,-0.3252,-3.0349,0.2006,-0.0262,-1.6592
1791282199.5231,0.0210,0.3987,0.2000,-0.0156,6.1391,6.2590,5.9821,5.9472,-0.0211,-0.0368,-0.3464,-0.3267,-3.0357,0.2014,-0.0310,-1.6598
1791282199.5421,0.0190,0.9192,0.2000,-0.0156,6.1391,6.2350,5.9821,5.9472,-0.0211,-0.0307,-0.3464,-0.3329,-3.0363,0.2010,-0.0286,-1.6601
1791282199.5627,0.0206,0.4860,0.2000,-0.0156,6.1391,6.1871,5.9821,5.9233,-0.0211,-0.0276,-0.3464,-0.3390,-3.0365,0.1998,-0.0262,-1.6607
1791282199.5827,0.0200,0.3988,0.2000,-0.0156,6.1391,6.1391,5.9821,5.9233,-0.0211,-0.0261,-0.3464,-0.3421,-3.0368,0.1990,-0.0215,-1.6613
1791282199.6027,0.0200,0.4092,0.2000,-0.0156,6.1391,6.1391,5.9821,5.9472,-0.0211,-0.0230,-0.3464,-0.3451,-3.0371,0.1994,-0.0191,-1.6609
1791282199.6235,0.0208,0.3805,0.2000,-0.0156,6.1391,6.1631,5.9821,5.9952,-0.0211,-0.0230,-0.3464,-0.3451,-3.0373,0.2006,-0.0167,-1.6615
1791282199.6420,0.0186,0.7420,0.2000,-0.0156,6.1391,6.1631,5.9821,5.9712,-0.0211,-0.0230,-0.3464,-0.3451,-3.0378,0.2002,-0.0191,-1.6619
1791282199.6621,0.0200,0.7711,0.2000,-0.0156,6.1391,6.1631,5.9821,5.9472,-0.0211,-0.0230,-0.3464,-0.3451,-3.0381,0.1998,-0.0215,-1.6619
1791282199.6821,0.0200,0.7729,0.2000,-0.0156,6.1391,6.1391,5.9821,5.9472,-0.0211,-0.0230,-0.3464,-0.3467,-3.0381,0.1994,-0.0191,-1.6625
1791282199.7034,0.0213,0.5845,0.2000,-0.0156,6.1391,6.1391,5.9821,5.9472,-0.0211,-0.0230,-0.3464,-0.3451,-3.0382,0.1994,-0.0191,-1.6627
1791282199.7230,0.0196,1.5344,0.2000,-0.0156,6.1391,6.1151,5.9821,5.9233,-0.0211,-0.0230,-0.3464,-0.3451,-3.0383,0.1986,-0.0191,-1.6628
1791282199.7421,0.0191,3.5499,0.2000,-0.0156,6.1391,6.1151,5.9821,5.9233,-0.0211,-0.0230,-0.3464,-0.3451,-3.0384,0.1986,-0.0191,-1.6630
1791282199.7624,0.0203,3.8449,0.2000,-0.0156,6.1391,6.1151,5.9821,5.9712,-0.0211,-0.0230,-0.3464,-0.3451,-3.0386,0.1994,-0.0143,-1.6631
1791282199.7823,0.0199,2.6794,0.2000,-0.0156,6.1391,6.0911,5.9821,5.9712,-0.0211,-0.0230,-0.3464,-0.3451,-3.0390,0.1990,-0.0119,-1.6635
1791282199.8021,0.0198,1.7159,0.2000,-0.0081,6.1012,6.0911,6.0200,5.9472,-0.0117,-0.0230,-0.3611,-0.3451,-3.0391,0.1986,-0.0143,-1.6636
1791282199.8253,0.0232,1.1278,0.2000,-0.0081,6.1012,6.0911,6.0200,5.9712,-0.0117,-0.0230,-0.3611,-0.3467,-3.0395,0.1990,-0.0119,-1.6642
1791282199.8420,0.0168,0.6587,0.2000,-0.0081,6.1012,6.1151,6.0200,5.9712,-0.0117,-0.0230,-0.3611,-0.3451,-3.0398,0.1994,-0.0143,-1.6644
1791282199.8627,0.0207,0.3848,0.2000,-0.0081,6.1012,6.1151,6.0200,5.9712,-0.0117,-0.0199,-0.3611,-0.3497,-3.0401,0.1994,-0.0143,-1.6648
1791282199.8822,0.0194,3.2490,0.2000,-0.0081,6.1012,6.0911,6.0200,5.9712,-0.0117,-0.0169,-0.3611,-0.3543,-3.0406,0.1990,-0.0119,-1.6645
1791282199.9027,0.0206,0.4019,0.2000,-0.0081,6.1012,6.0911,6.0200,5.9952,-0.0117,-0.0153,-0.3611,-0.3574,-3.0411,0.1994,-0.0095,-1.6653
1791282199.9240,0.0213,0.2871,0.2000,-0.0081,6.1012,6.0911,6.0200,5.9952,-0.0117,-0.0138,-0.3611,-0.3590,-3.0421,0.1994,-0.0095,-1.6656
1791282199.9421,0.0181,0.6158,0.2000,-0.0081,6.1012,6.0911,6.0200,5.9952,-0.0117,-0.0138,-0.3611,-0.3590,-3.0427,0.1994,-0.0095,-1.6659
1791282199.9621,0.0200,0.4461,0.2000,-0.0081,6.1012,6.1151,6.0200,6.0192,-0.0117,-0.0138,-0.3611,-0.3590,-3.0433,0.2002,-0.0095,-1.6662
1791282199.9824,0.0202,0.7203,0.2000,-0.0081,6.1012,6.1151,6.0200,6.0192,-0.0117,-0.0138,-0.3611,-0.3590,-3.0437,0.2002,-0.0095,-1.6662
1791282200.0033,0.0210,0.8895,0.2000,-0.0081,6.1012,6.0911,6.0200,6.0192,-0.0117,-0.0138,-0.3611,-0.3605,-3.0443,0.1998,-0.0072,-1.6662
1791282200.0224,0.0190,0.5727,0.2000,-0.0081,6.1012,6.1151,6.0200,6.0192,-0.0117,-0.0138,-0.3611,-0.3590,-3.0449,0.2002,-0.0095,-1.6670
1791282200.0421,0.0197,0.8290,0.2000,-0.0174,6.1480,6.1151,5.9733,6.0192,-0.0233,-0.0138,-0.3409,-0.3605,-3.0454,0.2002,-0.0095,-1.6671
1791282200.0622,0.0201,0.8853,0.2000,-0.0174,6.1480,6.0911,5.9733,6.0192,-0.0233,-0.0153,-0.3409,-0.3605,-3.0457,0.1998,-0.0072,-1.6667
1791282200.0823,0.0201,1.4316,0.2000,-0.0174,6.1480,6.1151,5.9733,6.0192,-0.0233,-0.0153,-0.3409,-0.3590,-3.0460,0.2002,-0.0095,-1.6676
1791282200.1022,0.0199,0.7436,0.2000,-0.0174,6.1480,6.0911,5.9733,5.9952,-0.0233,-0.0184,-0.3409,-0.3543,-3.0463,0.1994,-0.0095,-1.6677
1791282200.1234,0.0212,0.3779,0.2000,-0.0174,6.1480,6.0671,5.9733,5.9472,-0.0233,-0.0215,-0.3409,-0.3497,-3.0463,0.1982,-0.0119,-1.6679
1791282200.1427,0.0193,2.4457,0.2000,-0.0174,6.1480,6.0911,5.9733,5.9472,-0.0233,-0.0215,-0.3409,-0.3482,-3.0465,0.1986,-0.0143,-1.6682
1791282200.1639,0.0211,1.0804,0.2000,-0.0174,6.1480,6.0911,5.9733,5.9233,-0.0233,-0.0215,-0.3409,-0.3451,-3.0468,0.1982,-0.0167,-1.6686
1791282200.1824,0.0185,1.8899,0.2000,-0.0174,6.1480,6.1151,5.9733,5.9233,-0.0233,-0.0215,-0.3409,-0.3451,-3.0472,0.1986,-0.0191,-1.6691
1791282200.2021,0.0197,0.5576,0.2000,-0.0174,6.1480,6.1151,5.9733,5.9233,-0.0233,-0.0215,-0.3409,-0.3421,-3.0475,0.1986,-0.0191,-1.6689
1791282200.2224,0.0203,1.3140,0.2000,-0.0174,6.1480,6.1151,5.9733,5.9233,-0.0233,-0.0215,-0.3409,-0.3421,-3.0475,0.1986,-0.0191,-1.6697
1791282200.2421,0.0197,2.9623,0.2000,-0.0174,6.1480,6.0911,5.9733,5.9233,-0.0233,-0.0215,-0.3409,-0.3451,-3.0476,0.1982,-0.0167,-1.6700
1791282200.2624,0.0203,0.4342,0.2000,-0.0174,6.1480,6.0671,5.9733,5.9233,-0.0233,-0.0215,-0.3409,-0.3421,-3.0479,0.1978,-0.0143,-1.6700
1791282200.2834,0.0209,0.7719,0.2000,-0.0174,6.1480,6.0671,5.9733,5.9472,-0.0233,-0.0215,-0.3409,-0.3421,-3.0483,0.1982,-0.0119,-1.6703
1791282200.3022,0.0188,0.6538,0.2000,-0.0174,6.1480,6.0671,5.9733,5.9472,-0.0233,-0.0215,-0.3409,-0.3421,-3.0485,0.1982,-0.0119,-1.6708
1791282200.3231,0.0209,0.2707,0.2000,-0.0174,6.1480,6.0671,5.9733,5.9472,-0.0233,-0.0215,-0.3409,-0.3421,-3.0484,0.1982,-0.0119,-1.6708
1791282200.3421,0.0189,1.2837,0.2000,-0.0174,6.1480,6.0911,5.9733,5.9712,-0.0233,-0.0215,-0.3409,-0.3421,-3.0487,0.1990,-0.0119,-1.6711
1791282200.3625,0.0204,2.4816,0.2000,-0.0174,6.1480,6.0911,5.9733,5.9472,-0.0233,-0.0215,-0.3409,-0.3421,-3.0490,0.1986,-0.0143,-1.6715
1791282200.3821,0.0196,0.8721,0.2000,-0.0174,6.1480,6.0911,5.9733,5.9472,-0.0233,-0.0215,-0.3409,-0.3421,-3.0490,0.1986,-0.0143,-1.6718
1791282200.4021,0.0200,0.4290,0.2000,0.0006,6.0575,6.1151,6.0637,5.9472,-0.0008,-0.0215,-0.3188,-0.3421,-3.0492,0.1990,-0.0167,-1.6720
1791282200.4223,0.0203,0.3719,0.2000,0.0006,6.0575,6.1391,6.0637,5.9952,-0.0008,-0.0215,-0.3188,-0.3421,-3.0496,0.2002,-0.0143,-1.6729
1791282200.4423,0.0200,0.5324,0.2000,0.0006,6.0575,6.1631,6.0637,5.9712,-0.0008,-0.0199,-0.3188,-0.3451,-3.0498,0.2002,-0.0191,-1.6732
1791282200.4623,0.0199,1.6193,0.2000,0.0006,6.0575,6.1631,6.0637,5.9712,-0.0008,-0.0169,-0.3188,-0.3375,-3.0505,0.2002,-0.0191,-1.6732
1791282200.4829,0.0207,0.9033,0.2000,0.0006,6.0575,6.1631,6.0637,6.0192,-0.0008,-0.0107,-0.3188,-0.3313,-3.0509,0.2010,-0.0143,-1.6731
1791282200.5021,0.0192,0.4561,0.2000,0.0006,6.0575,6.1151,6.0637,6.0432,-0.0008,-0.0061,-0.3188,-0.3283,-3.0510,0.2006,-0.0072,-1.6737
1791282200.5227,0.0206,0.3039,0.2000,0.0006,6.0575,6.1151,6.0637,6.0671,-0.0008,-0.0046,-0.3188,-0.3252,-3.0513,0.2010,-0.0048,-1.6735
1791282200.5437,0.0210,0.5163,0.2000,0.0006,6.0575,6.1151,6.0637,6.0671,-0.0008,-0.0031,-0.3188,-0.3237,-3.0513,0.2010,-0.0048,-1.6732
1791282200.5621,0.0184,0.8032,0.2000,0.0006,6.0575,6.1391,6.0637,6.0911,-0.0008,-0.0015,-0.3188,-0.3221,-3.0510,0.2018,-0.0048,-1.6737
1791282200.5821,0.0200,0.5813,0.2000,0.0006,6.0575,6.0911,6.0637,6.0911,-0.0008,-0.0015,-0.3188,-0.3221,-3.0514,0.2010,0.0000,-1.6734
1791282200.6021,0.0199,0.5664,0.2000,0.0006,6.0575,6.0911,6.0637,6.0911,-0.0008,-0.0015,-0.3188,-0.3206,-3.0518,0.2010,0.0000,-1.6732
1791282200.6229,0.0208,0.2813,0.2000,0.0006,6.0575,6.0911,6.0637,6.0671,-0.0008,-0.0031,-0.3188,-0.3206,-3.0520,0.2006,-0.0024,-1.6735
1791282200.6427,0.0198,0.4612,0.2000,0.0006,6.0575,6.0911,6.0637,6.0671,-0.0008,-0.0015,-0.3188,-0.3206,-3.0524,0.2006,-0.0024,-1.6735
1791282200.6639,0.0212,2.4107,0.2000,0.0006,6.0575,6.0911,6.0637,6.0671,-0.0008,-0.0015,-0.3188,-0.3206,-3.0525,0.2006,-0.0024,-1.6732
1791282200.6829,0.0190,2.4859,0.2000,0.0048,6.0377,6.0671,6.0835,6.0671,0.0044,-0.0015,-0.3366,-0.3206,-3.0524,0.2002,0.0000,-1.6732
1791282200.7021,0.0191,1.3625,0.2000,0.0048,6.0377,6.0432,6.0835,6.0432,0.0044,-0.0015,-0.3366,-0.3206,-3.0525,0.1994,0.0000,-1.6733
1791282200.7230,0.0209,1.2479,0.2000,0.0048,6.0377,6.0671,6.0835,6.0432,0.0044,-0.0015,-0.3366,-0.3221,-3.0529,0.1998,-0.0024,-1.6734
1791282200.7422,0.0193,1.0808,0.2000,0.0048,6.0377,6.0671,6.0835,6.0432,0.0044,0.0000,-0.3366,-0.3267,-3.0536,0.1998,-0.0024,-1.6733
1791282200.7627,0.0205,0.6178,0.2000,0.0048,6.0377,6.0192,6.0835,6.0192,0.0044,0.0015,-0.3366,-0.3313,-3.0542,0.1986,0.0000,-1.6729
1791282200.7821,0.0194,1.6621,0.2000,0.0048,6.0377,5.9952,6.0835,6.0432,0.0044,0.0031,-0.3366,-0.3329,-3.0543,0.1986,0.0050,-1.6724
1791282200.8028,0.0207,0.4270,0.2000,0.0048,6.0377,6.0432,6.0835,6.1151,0.0044,0.0031,-0.3366,-0.3344,-3.0544,0.2006,0.0075,-1.6721
1791282200.8229,0.0202,0.2631,0.2000,0.0048,6.0377,6.0192,6.0835,6.1151,0.0044,0.0031,-0.3366,-0.3344,-3.0549,0.2002,0.0100,-1.6727
1791282200.8420,0.0191,0.4060,0.2000,0.0048,6.0377,5.9952,6.0835,6.0671,0.0044,0.0031,-0.3366,-0.3344,-3.0551,0.1990,0.0075,-1.6719
1791282200.8628,0.0208,0.3794,0.2000,0.0048,6.0377,5.9712,6.0835,6.0671,0.0044,0.0031,-0.3366,-0.3344,-3.0551,0.1986,0.0100,-1.6719
1791282200.8836,0.0207,1.6173,0.2000,0.0048,6.0377,5.9952,6.0835,6.0671,0.0044,0.0031,-0.3366,-0.3344,-3.0552,0.1990,0.0075,-1.6722
1791282200.9021,0.0185,1.2069,0.2000,0.0048,6.0377,5.9952,6.0835,6.0671,0.0044,0.0031,-0.3366,-0.3344,-3.0553,0.1990,0.0075,-1.6716
1791282200.9223,0.0202,0.5123,0.2000,0.0048,6.0377,6.0192,6.0835,6.0671,0.0044,0.0031,-0.3366,-0.3344,-3.0555,0.1994,0.0050,-1.6721
1791282200.9422,0.0199,1.9262,0.2000,0.0048,6.0375,6.0432,6.0837,6.0911,0.0045,0.0031,-0.3434,-0.3344,-3.0553,0.2002,0.0050,-1.6719
1791282200.9625,0.0203,1.4424,0.2000,0.0048,6.0375,6.0432,6.0837,6.0911,0.0045,0.0031,-0.3434,-0.3344,-3.0554,0.2002,0.0050,-1.6716
1791282200.9822,0.0197,0.5540,0.2000,0.0048,6.0375,6.0432,6.0837,6.0911,0.0045,0.0031,-0.3434,-0.3344,-3.0555,0.2002,0.0050,-1.6722
1791282201.0021,0.0199,0.5632,0.2000,0.0048,6.0375,6.0671,6.0837,6.0911,0.0045,0.0031,-0.3434,-0.3375,-3.0556,0.2006,0.0025,-1.6721
1791282201.0224,0.0203,0.3742,0.2000,0.0048,6.0375,6.0671,6.0837,6.0671,0.0045,0.0031,-0.3434,-0.3405,-3.0561,0.2002,0.0000,-1.6716
1791282201.0427,0.0203,3.1879,0.2000,0.0048,6.0375,6.0671,6.0837,6.0911,0.0045,0.0031,-0.3434,-0.3421,-3.0560,0.2006,0.0025,-1.6722
1791282201.0622,0.0195,2.8283,0.2000,0.0048,6.0375,6.0671,6.0837,6.0911,0.0045,0.0031,-0.3434,-0.3421,-3.0560,0.2006,0.0025,-1.6717
1791282201.0836,0.0214,6.2203,0.2000,0.0048,6.0375,6.0671,6.0837,6.0911,0.0045,0.0015,-0.3434,-0.3421,-3.0562,0.2006,0.0025,-1.6716
1791282201.1023,0.0187,1.0669,0.2000,0.0048,6.0375,6.0671,6.0837,6.0911,0.0045,0.0031,-0.3434,-0.3421,-3.0563,0.2006,0.0025,-1.6718
1791282201.1224,0.0201,0.4523,0.2000,0.0048,6.0375,6.0432,6.0837,6.0671,0.0045,0.0031,-0.3434,-0.3421,-3.0559,0.1998,0.0025,-1.6714
1791282201.1421,0.0196,2.3015,0.2000,0.0048,6.0375,6.0192,6.0837,6.0671,0.0045,0.0031,-0.3434,-0.3421,-3.0558,0.1994,0.0050,-1.6716
1791282201.1627,0.0206,0.6402,0.2000,0.0048,6.0375,5.9952,6.0837,6.0671,0.0045,0.0031,-0.3434,-0.3421,-3.0558,0.1990,0.0075,-1.6717
1791282201.1822,0.0195,0.4842,0.2000,0.0048,6.0375,5.9952,6.0837,6.0671,0.0045,0.0031,-0.3434,-0.3421,-3.0558,0.1990,0.0075,-1.6709
1791282201.2047,0.0226,0.3860,0.2000,0.0048,6.0375,6.0192,6.0837,6.0671,0.0045,0.0031,-0.3434,-0.3421,-3.0559,0.1994,0.0050,-1.6714
1791282201.2223,0.0176,0.4359,0.2000,0.0048,6.0375,5.9952,6.0837,6.0432,0.0045,0.0031,-0.3434,-0.3421,-3.0559,0.1986,0.0050,-1.6713
1791282201.2420,0.0197,0.3658,0.2000,0.0048,6.0375,5.9952,6.0837,6.0432,0.0045,0.0031,-0.3434,-0.3421,-3.0559,0.1986,0.0050,-1.6709
1791282201.2621,0.0200,0.5968,0.2000,0.0048,6.0375,6.0192,6.0837,6.0432,0.0045,0.0031,-0.3434,-0.3421,-3.0562,0.1990,0.0025,-1.6713
1791282201.2822,0.0201,0.9172,0.1979,0.0075,5.9608,6.0192,6.0327,6.0192,0.0078,0.0031,-0.3794,-0.3421,-3.0564,0.1986,0.0000,-1.6709
1791282201.3021,0.0199,1.0431,0.1979,0.0075,5.9608,5.9952,6.0327,6.0432,0.0078,0.0031,-0.3794,-0.3421,-3.0564,0.1986,0.0050,-1.6708
1791282201.3227,0.0206,0.3131,0.1979,0.0075,5.9608,6.0192,6.0327,6.0671,0.0078,0.0031,-0.3794,-0.3467,-3.0566,0.1994,0.0050,-1.6706
1791282201.3421,0.0195,1.5939,0.1979,0.0075,5.9608,5.9952,6.0327,6.0671,0.0078,0.0046,-0.3794,-0.3574,-3.0571,0.1990,0.0075,-1.6706
1791282201.3630,0.0208,0.4967,0.1979,0.0075,5.9608,5.9712,6.0327,6.0432,0.0078,0.0061,-0.3794,-0.3651,-3.0572,0.1982,0.0075,-1.6701
1791282201.3822,0.0193,0.4489,0.1979,0.0075,5.9608,5.9233,6.0327,6.0432,0.0078,0.0061,-0.3794,-0.3712,-3.0571,0.1974,0.0126,-1.6701
1791282201.4021,0.0198,0.4057,0.1979,0.0075,5.9608,5.9233,6.0327,6.0192,0.0078,0.0061,-0.3794,-0.3743,-3.0574,0.1971,0.0100,-1.6698
1791282201.4224,0.0203,0.3045,0.1979,0.0075,5.9608,5.9233,6.0327,6.0192,0.0078,0.0061,-0.3794,-0.3758,-3.0575,0.1971,0.0100,-1.6693
1791282201.4421,0.0197,0.5233,0.1979,0.0075,5.9608,5.9472,6.0327,6.0671,0.0078,0.0061,-0.3794,-0.3774,-3.0575,0.1982,0.0126,-1.6697
1791282201.4629,0.0208,0.4341,0.1979,0.0075,5.9608,5.9712,6.0327,6.0671,0.0078,0.0046,-0.3794,-0.3774,-3.0580,0.1986,0.0100,-1.6698
1791282201.4822,0.0193,0.8191,0.1979,0.0075,5.9608,5.9712,6.0327,6.0432,0.0078,0.0061,-0.3794,-0.3774,-3.0587,0.1982,0.0075,-1.6695
1791282201.5021,0.0199,0.4189,0.1979,0.0075,5.9608,5.9712,6.0327,6.0432,0.0078,0.0061,-0.3794,-0.3774,-3.0589,0.1982,0.0075,-1.6693
1791282201.5224,0.0203,0.5032,0.1979,0.0075,5.9608,6.0192,6.0327,6.0671,0.0078,0.0061,-0.3794,-0.3789,-3.0595,0.1994,0.0050,-1.6692
1791282201.5439,0.0215,0.9508,0.1979,0.0075,5.9608,6.0192,6.0327,6.0671,0.0078,0.0061,-0.3794,-0.3774,-3.0603,0.1994,0.0050,-1.6689
1791282201.5625,0.0187,1.5382,0.1979,0.0075,5.9608,6.0432,6.0327,6.0671,0.0078,0.0046,-0.3794,-0.3789,-3.0609,0.1998,0.0025,-1.6689
1791282201.5822,0.0197,0.5726,0.1880,0.0092,5.6542,6.0192,5.7420,6.0671,0.0099,0.0061,-0.3993,-0.3789,-3.0613,0.1994,0.0050,-1.6689
1791282201.6021,0.0199,2.9988,0.1781,0.0092,5.3529,6.0192,5.4408,6.0671,0.0099,0.0061,-0.3993,-0.3789,-3.0615,0.1994,0.0050,-1.6689
1791282201.6228,0.0207,0.2990,0.1678,0.0092,5.0394,6.0192,5.1273,6.0671,0.0099,0.0061,-0.3993,-0.3804,-3.0619,0.1994,0.0050,-1.6685
1791282201.6426,0.0198,1.2534,0.1578,0.0092,4.7393,5.9472,4.8272,6.0192,0.0099,0.0077,-0.3993,-0.3866,-3.0624,0.1974,0.0075,-1.6684
1791282201.6621,0.0195,0.4799,0.1481,0.0092,4.4439,5.8993,4.5318,5.9472,0.0099,0.0077,-0.3993,-0.3896,-3.0628,0.1955,0.0050,-1.6681
1791282201.6824,0.0203,3.7149,0.1445,0.0092,4.3356,5.6835,4.4233,5.7554,0.0099,0.0077,-0.3993,-0.3927,-3.0637,0.1887,0.0075,-1.6679
1791282201.7025,0.0201,0.5519,0.1445,0.0092,4.3356,5.4676,4.4233,5.5396,0.0099,0.0077,-0.3993,-0.3973,-3.0638,0.1816,0.0075,-1.6676
1791282201.7240,0.0215,0.3653,0.1445,0.0092,4.3356,5.2518,4.4233,5.3237,0.0099,0.0077,-0.3993,-0.3973,-3.0635,0.1745,0.0075,-1.6673
1791282201.7421,0.0182,0.5751,0.1445,0.0092,4.3356,4.8921,4.4233,5.0120,0.0099,0.0077,-0.3993,-0.3973,-3.0638,0.1634,0.0126,-1.6671
1791282201.7621,0.0200,0.4395,0.1445,0.0092,4.3356,4.6763,4.4233,4.7482,0.0099,0.0077,-0.3993,-0.3973,-3.0638,0.1555,0.0075,-1.6666
1791282201.7821,0.0199,0.3854,0.1445,0.0092,4.3356,4.5324,4.4233,4.6043,0.0099,0.0077,-0.3993,-0.3973,-3.0641,0.1508,0.0075,-1.6668
1791282201.8022,0.0202,1.0283,0.1445,0.0092,4.3356,4.4365,4.4233,4.5084,0.0099,0.0077,-0.3993,-0.3973,-3.0645,0.1476,0.0075,-1.6666
1791282201.8237,0.0214,0.4550,0.1445,0.0092,4.3356,4.3885,4.4233,4.4604,0.0099,0.0077,-0.3993,-0.3973,-3.0650,0.1460,0.0075,-1.6666
1791282201.8422,0.0186,0.5578,0.1538,0.0023,4.6501,4.3405,4.6719,4.3885,0.0013,0.0077,-0.3604,-0.3973,-3.0657,0.1440,0.0050,-1.6664
1791282201.8621,0.0198,1.6626,0.1637,0.0023,4.9507,4.3405,4.9724,4.3885,0.0013,0.0077,-0.3573,-0.3973,-3.0658,0.1440,0.0050,-1.6656
1791282201.8826,0.0205,3.9032,0.1740,0.0023,5.2615,4.3405,5.2833,4.4125,0.0013,0.0061,-0.3573,-0.3973,-3.0660,0.1444,0.0075,-1.6656
1791282201.9026,0.0200,0.3430,0.1840,0.0023,5.5648,4.3645,5.5866,4.4604,0.0013,0.0046,-0.3573,-0.3866,-3.0664,0.1456,0.0101,-1.6653
1791282201.9250,0.0224,0.2776,0.1952,0.0023,5.9036,4.4844,5.9254,4.5564,0.0013,0.0031,-0.3573,-0.3758,-3.0667,0.1492,0.0075,-1.6656
1791282201.9424,0.0174,0.6960,0.2000,0.0023,6.0497,4.6763,6.0715,4.7242,0.0013,0.0031,-0.3573,-0.3697,-3.0666,0.1551,0.0050,-1.6653
1791282201.9627,0.0203,0.5226,0.2000,0.0023,6.0497,4.8921,6.0715,4.9400,0.0013,0.0031,-0.3573,-0.3666,-3.0667,0.1622,0.0050,-1.6653
1791282201.9830,0.0203,0.4026,0.2000,0.0023,6.0497,5.1559,6.0715,5.2278,0.0013,0.0031,-0.3573,-0.3636,-3.0670,0.1713,0.0075,-1.6650
1791282202.0021,0.0191,2.9063,0.2000,0.0023,6.0497,5.4436,6.0715,5.4916,0.0013,0.0031,-0.3573,-0.3620,-3.0673,0.1804,0.0050,-1.6652
1791282202.0223,0.0203,0.3114,0.2000,0.0023,6.0497,5.6355,6.0715,5.7074,0.0013,0.0031,-0.3573,-0.3605,-3.0677,0.1872,0.0075,-1.6647
1791282202.0421,0.0198,1.6639,0.2000,0.0023,6.0497,5.8034,6.0715,5.8513,0.0013,0.0031,-0.3573,-0.3605,-3.0682,0.1923,0.0050,-1.6652
1791282202.0626,0.0204,0.7314,0.2000,0.0023,6.0497,5.9233,6.0715,5.9472,0.0013,0.0031,-0.3573,-0.3605,-3.0686,0.1959,0.0025,-1.6652
1791282202.0821,0.0195,2.6036,0.2000,0.0065,6.0297,5.9952,6.0916,5.9952,0.0065,0.0031,-0.3468,-0.3590,-3.0688,0.1978,0.0000,-1.6652
1791282202.1021,0.0200,0.5908,0.2000,0.0065,6.0297,5.9952,6.0916,6.0192,0.0065,0.0031,-0.3468,-0.3590,-3.0697,0.1982,0.0025,-1.6655
1791282202.1232,0.0211,0.2631,0.2000,0.0065,6.0297,6.0192,6.0916,6.0192,0.0065,0.0031,-0.3468,-0.3574,-3.0708,0.1986,0.0000,-1.6653
1791282202.1422,0.0191,0.6165,0.2000,0.0065,6.0297,6.0432,6.0916,6.0432,0.0065,0.0031,-0.3468,-0.3543,-3.0716,0.1994,0.0000,-1.6653
1791282202.1623,0.0200,0.8142,0.2000,0.0065,6.0297,6.0671,6.0916,6.0671,0.0065,0.0046,-0.3468,-0.3513,-3.0721,0.2002,0.0000,-1.6650
1791282202.1821,0.0198,0.4235,0.2000,0.0065,6.0297,6.0671,6.0916,6.0671,0.0065,0.0046,-0.3468,-0.3513,-3.0727,0.2002,0.0000,-1.6653
1791282202.2020,0.0200,0.5442,0.2000,0.0065,6.0297,6.0671,6.0916,6.0671,0.0065,0.0046,-0.3468,-0.3513,-3.0730,0.2002,0.0000,-1.6652
1791282202.2227,0.0207,0.7081,0.2000,0.0065,6.0297,6.0432,6.0916,6.0671,0.0065,0.0046,-0.3468,-0.3482,-3.0735,0.1998,0.0025,-1.6655
1791282202.2422,0.0194,2.8703,0.2000,0.0065,6.0297,6.0192,6.0916,6.0671,0.0065,0.0046,-0.3468,-0.3482,-3.0737,0.1994,0.0050,-1.6653
1791282202.2622,0.0200,0.7421,0.2000,0.0065,6.0297,5.9952,6.0916,6.0671,0.0065,0.0046,-0.3468,-0.3497,-3.0740,0.1990,0.0075,-1.6648
1791282202.2822,0.0200,0.9319,0.2000,0.0065,6.0297,5.9952,6.0916,6.0911,0.0065,0.0046,-0.3468,-0.3482,-3.0744,0.1994,0.0100,-1.6648
1791282202.3022,0.0201,0.6828,0.2000,0.0065,6.0297,5.9712,6.0916,6.0911,0.0065,0.0046,-0.3468,-0.3482,-3.0752,0.1990,0.0126,-1.6645
1791282202.3241,0.0219,0.2782,0.2000,0.0065,6.0297,5.9712,6.0916,6.0671,0.0065,0.0046,-0.3468,-0.3497,-3.0762,0.1986,0.0100,-1.6640
1791282202.3422,0.0180,0.6926,0.2000,0.0065,6.0297,5.9712,6.0916,6.0192,0.0065,0.0046,-0.3468,-0.3482,-3.0764,0.1978,0.0050,-1.6644
1791282202.3624,0.0202,0.5080,0.2000,0.0065,6.0297,5.9712,6.0916,6.0192,0.0065,0.0046,-0.3468,-0.3497,-3.0763,0.1978,0.0050,-1.6639
1791282202.3823,0.0199,0.6958,0.2000,0.0146,5.9907,5.9712,6.1305,6.0432,0.0167,0.0046,-0.3346,-0.3482,-3.0767,0.1982,0.0075,-1.6640
1791282202.4037,0.0214,0.3956,0.2000,0.0146,5.9907,5.9712,6.1305,6.0192,0.0167,0.0046,-0.3346,-0.3482,-3.0770,0.1978,0.0050,-1.6637
1791282202.4224,0.0187,0.5488,0.2000,0.0146,5.9907,5.9712,6.1305,6.0432,0.0167,0.0046,-0.3346,-0.3482,-3.0771,0.1982,0.0075,-1.6634
1791282202.4421,0.0197,0.3611,0.2000,0.0146,5.9907,5.9712,6.1305,6.0671,0.0167,0.0092,-0.3346,-0.3421,-3.0780,0.1986,0.0100,-1.6629
1791282202.4621,0.0200,0.6489,0.2000,0.0146,5.9907,5.9712,6.1305,6.0671,0.0167,0.0123,-0.3346,-0.3405,-3.0782,0.1986,0.0100,-1.6629
1791282202.4821,0.0200,0.6487,0.2000,0.0146,5.9907,5.9472,6.1305,6.0911,0.0167,0.0138,-0.3346,-0.3390,-3.0780,0.1986,0.0151,-1.6624
1791282202.5024,0.0204,0.4302,0.2000,0.0146,5.9907,5.9472,6.1305,6.1391,0.0167,0.0153,-0.3346,-0.3375,-3.0779,0.1994,0.0201,-1.6620
1791282202.5224,0.0200,1.1701,0.2000,0.0146,5.9907,5.9712,6.1305,6.1391,0.0167,0.0153,-0.3346,-0.3375,-3.0779,0.1998,0.0176,-1.6616
1791282202.5421,0.0197,1.0321,0.2000,0.0146,5.9907,5.9712,6.1305,6.1631,0.0167,0.0153,-0.3346,-0.3359,-3.0776,0.2002,0.0201,-1.6613
1791282202.5621,0.0200,0.4902,0.2000,0.0146,5.9907,5.9472,6.1305,6.1631,0.0167,0.0153,-0.3346,-0.3375,-3.0775,0.1998,0.0226,-1.6608
1791282202.5823,0.0202,0.8739,0.2000,0.0592,5.7780,5.9712,6.3432,6.1391,0.0590,0.0153,-0.2923,-0.3375,-3.0778,0.1998,0.0176,-1.6608
1791282202.6020,0.0198,0.5373,0.2000,0.0592,5.7780,5.9952,6.3432,6.1391,0.0724,0.0153,-0.2509,-0.3359,-3.0780,0.2002,0.0151,-1.6603
1791282202.6237,0.0216,0.3386,0.2000,0.0592,5.7780,5.9952,6.3432,6.1631,0.0724,0.0169,-0.2056,-0.3344,-3.0784,0.2006,0.0176,-1.6597
1791282202.6421,0.0184,2.0386,0.2000,0.0592,5.7780,5.9712,6.3432,6.1631,0.0724,0.0291,-0.1671,-0.3206,-3.0786,0.2002,0.0201,-1.6597
1791282202.6621,0.0201,1.7194,0.2000,0.0592,5.7780,5.9233,6.3432,6.2110,0.0724,0.0430,-0.1251,-0.2991,-3.0784,0.2002,0.0301,-1.6587
1791282202.6823,0.0202,3.8568,0.2000,0.0592,5.7780,5.8753,6.3432,6.2830,0.0724,0.0552,-0.0828,-0.2669,-3.0779,0.2006,0.0427,-1.6573
1791282202.7026,0.0203,0.3788,0.2000,0.0592,5.7780,5.8993,6.3432,6.3070,0.0724,0.0614,-0.0403,-0.2332,-3.0775,0.2014,0.0427,-1.6570
1791282202.7223,0.0197,0.2997,0.2000,0.0592,5.7780,5.8753,6.3432,6.3309,0.0724,0.0660,-0.0267,-0.1963,-3.0767,0.2014,0.0477,-1.6555
1791282202.7421,0.0197,3.1553,0.2000,0.0592,5.7780,5.8273,6.3432,6.3789,0.0724,0.0675,-0.0267,-0.1565,-3.0761,0.2014,0.0577,-1.6538
1791282202.7625,0.0204,0.9562,0.2000,0.0592,5.7780,5.8273,6.3432,6.4029,0.0724,0.0690,-0.0267,-0.1181,-3.0760,0.2018,0.0602,-1.6530
1791282202.7838,0.0213,0.4017,0.2000,0.0592,5.7780,5.8034,6.3432,6.3789,0.0724,0.0706,-0.0267,-0.0859,-3.0752,0.2010,0.0602,-1.6517
1791282202.8020,0.0182,0.3840,0.2000,0.0592,5.7780,5.8034,6.3432,6.3789,0.0724,0.0706,-0.0267,-0.0752,-3.0748,0.2010,0.0602,-1.6509
1791282202.8224,0.0203,0.3113,0.2000,0.0592,5.7780,5.7554,6.3432,6.3549,0.0724,0.0706,-0.0267,-0.0583,-3.0745,0.1998,0.0628,-1.6496
1791282202.8421,0.0197,0.5302,0.2000,0.0592,5.7780,5.7794,6.3432,6.3309,0.0724,0.0706,-0.0267,-0.0460,-3.0741,0.1998,0.0577,-1.6483
1791282202.8628,0.0208,1.0135,0.2000,0.0592,5.7780,5.7794,6.3432,6.3070,0.0724,0.0706,-0.0267,-0.0399,-3.0730,0.1994,0.0552,-1.6473
1791282202.8823,0.0194,2.3346,0.2000,0.0501,5.8214,5.7554,6.2998,6.3309,0.0610,0.0706,-0.0674,-0.0337,-3.0723,0.1994,0.0602,-1.6461
1791282202.9021,0.0198,0.4158,0.2000,0.0501,5.8214,5.7554,6.2998,6.3309,0.0610,0.0706,-0.1089,-0.0322,-3.0720,0.1994,0.0602,-1.6444
1791282202.9230,0.0209,0.3330,0.2000,0.0501,5.8214,5.7794,6.2998,6.3309,0.0610,0.0706,-0.1528,-0.0307,-3.0712,0.1998,0.0577,-1.6435
1791282202.9428,0.0198,1.5299,0.2000,0.0501,5.8214,5.7554,6.2998,6.3549,0.0610,0.0675,-0.1943,-0.0353,-3.0705,0.1998,0.0628,-1.6419
1791282202.9630,0.0201,1.6736,0.2000,0.0501,5.8214,5.7554,6.2998,6.3309,0.0610,0.0644,-0.2364,-0.0568,-3.0703,0.1994,0.0602,-1.6406
1791282202.9821,0.0191,2.9438,0.2000,0.0501,5.8214,5.7794,6.2998,6.2830,0.0610,0.0629,-0.2765,-0.0890,-3.0704,0.1990,0.0527,-1.6398
1791282203.0021,0.0201,0.4242,0.2000,0.0501,5.8214,5.7794,6.2998,6.2830,0.0610,0.0629,-0.3185,-0.1273,-3.0704,0.1990,0.0527,-1.6385
1791282203.0225,0.0203,0.3447,0.2000,0.0501,5.8214,5.7554,6.2998,6.2830,0.0610,0.0629,-0.3512,-0.1595,-3.0705,0.1986,0.0552,-1.6374
1791282203.0427,0.0202,0.4958,0.2000,0.0501,5.8214,5.8034,6.2998,6.3070,0.0610,0.0629,-0.3512,-0.1887,-3.0700,0.1998,0.0527,-1.6364
1791282203.0621,0.0194,0.5582,0.2000,0.0501,5.8214,5.8273,6.2998,6.3309,0.0610,0.0629,-0.3512,-0.2332,-3.0694,0.2006,0.0527,-1.6358
1791282203.0822,0.0201,0.9858,0.2000,0.1103,5.5339,5.7794,6.5873,6.3309,0.1030,0.0629,-0.3092,-0.2761,-3.0694,0.1998,0.0577,-1.6342
1791282203.1022,0.0200,0.5363,0.2000,0.1107,5.5319,5.7794,6.5894,6.3070,0.1368,0.0629,-0.2673,-0.3022,-3.0698,0.1994,0.0552,-1.6337
1791282203.1236,0.0214,0.8281,0.2000,0.1107,5.5319,5.8034,6.5894,6.3070,0.1368,0.0644,-0.2225,-0.3191,-3.0695,0.1998,0.0527,-1.6327
1791282203.1421,0.0185,0.9214,0.2000,0.1107,5.5319,5.7794,6.5894,6.3549,0.1368,0.0767,-0.1837,-0.3160,-3.0688,0.2002,0.0602,-1.6306
1791282203.1627,0.0206,1.9527,0.2000,0.1107,5.5319,5.6835,6.5894,6.4269,0.1368,0.0966,-0.1405,-0.2991,-3.0679,0.1998,0.0778,-1.6297
1791282203.1835,0.0208,5.3818,0.2000,0.1107,5.5319,5.6355,6.5894,6.4748,0.1368,0.1104,-0.0970,-0.2746,-3.0665,0.1998,0.0879,-1.6276
1791282203.2023,0.0188,0.6025,0.2000,0.1107,5.5319,5.5875,6.5894,6.4988,0.1368,0.1197,-0.0576,-0.2424,-3.0654,0.1994,0.0954,-1.6250
1791282203.2231,0.0208,0.5692,0.2000,0.1107,5.5319,5.5636,6.5894,6.5228,0.1368,0.1258,-0.0139,-0.2102,-3.0642,0.1994,0.1004,-1.6234
1791282203.2421,0.0190,0.4020,0.2000,0.1107,5.5319,5.5636,6.5894,6.5468,0.1368,0.1304,-0.0057,-0.1779,-3.0629,0.1998,0.1029,-1.6215
1791282203.2622,0.0201,0.6071,0.2000,0.1107,5.5319,5.5875,6.5894,6.5468,0.1368,0.1319,-0.0057,-0.1396,-3.0616,0.2002,0.1004,-1.6194
1791282203.2827,0.0205,0.9832,0.2000,0.1107,5.5319,5.5875,6.5894,6.5707,0.1368,0.1350,-0.0057,-0.0982,-3.0598,0.2006,0.1029,-1.6170
1791282203.3021,0.0194,0.3768,0.2000,0.1107,5.5319,5.5636,6.5894,6.5707,0.1368,0.1335,-0.0057,-0.0675,-3.0583,0.2002,0.1054,-1.6149
1791282203.3223,0.0202,0.3451,0.2000,0.1107,5.5319,5.5636,6.5894,6.5707,0.1368,0.1350,-0.0057,-0.0445,-3.0569,0.2002,0.1054,-1.6125
1791282203.3421,0.0198,0.8921,0.2000,0.1106,5.5325,5.5636,6.5887,6.5468,0.1366,0.1350,-0.0131,-0.0307,-3.0550,0.1998,0.1029,-1.6104
1791282203.3622,0.0201,0.6126,0.2000,0.1106,5.5325,5.5396,6.5887,6.5468,0.1366,0.1335,-0.0131,-0.0230,-3.0530,0.1994,0.1054,-1.6080
1791282203.3821,0.0200,0.4490,0.2000,0.1106,5.5325,5.5156,6.5887,6.5228,0.1366,0.1335,-0.0131,-0.0169,-3.0512,0.1986,0.1054,-1.6054
1791282203.4021,0.0200,3.9304,0.2000,0.1106,5.5325,5.5156,6.5887,6.5468,0.1366,0.1350,-0.0131,-0.0169,-3.0483,0.1990,0.1079,-1.6029
1791282203.4237,0.0216,2.6313,0.2000,0.1106,5.5325,5.4676,6.5887,6.5468,0.1366,0.1350,-0.0131,-0.0169,-3.0450,0.1982,0.1130,-1.6006
1791282203.4421,0.0184,0.3933,0.2000,0.1106,5.5325,5.4676,6.5887,6.5468,0.1366,0.1350,-0.0131,-0.0169,-3.0437,0.1982,0.1130,-1.5992
1791282203.4621,0.0200,1.8816,0.2000,0.1106,5.5325,5.4676,6.5887,6.5468,0.1366,0.1350,-0.0131,-0.0153,-3.0410,0.1982,0.1130,-1.5966
1791282203.4823,0.0201,3.3160,0.2000,0.1106,5.5325,5.4916,6.5887,6.5707,0.1366,0.1350,-0.0131,-0.0153,-3.0379,0.1990,0.1130,-1.5940
1791282203.5039,0.0216,2.1606,0.2000,0.1106,5.5325,5.4916,6.5887,6.5947,0.1366,0.1350,-0.0131,-0.0153,-3.0335,0.1994,0.1155,-1.5903
1791282203.5247,0.0209,1.3692,0.2000,0.1106,5.5325,5.5156,6.5887,6.6187,0.1366,0.1335,-0.0131,-0.0153,-3.0304,0.2002,0.1155,-1.5882
1791282203.5421,0.0174,2.7295,0.2000,0.1106,5.5325,5.5156,6.5887,6.6187,0.1366,0.1350,-0.0131,-0.0169,-3.0290,0.2002,0.1155,-1.5868
1791282203.5622,0.0201,2.7675,0.2000,0.1106,5.5325,5.4916,6.5887,6.5947,0.1366,0.1350,-0.0131,-0.0153,-3.0262,0.1994,0.1155,-1.5849
1791282203.5822,0.0200,1.8391,0.2000,0.1106,5.5325,5.5156,6.5887,6.5947,0.1366,0.1350,-0.0131,-0.0153,-3.0231,0.1998,0.1130,-1.5826
1791282203.6024,0.0202,1.8342,0.2000,0.1512,5.3386,5.5156,6.7827,6.6427,0.1789,0.1335,-0.0554,-0.0153,-3.0204,0.2006,0.1180,-1.5804
1791282203.6231,0.0208,2.7964,0.2000,0.1512,5.3386,5.5396,6.7827,6.6187,0.1874,0.1350,-0.0989,-0.0153,-3.0177,0.2006,0.1130,-1.5783
1791282203.6422,0.0191,0.6839,0.2000,0.1512,5.3386,5.5156,6.7827,6.5947,0.1874,0.1365,-0.1389,-0.0184,-3.0148,0.1998,0.1130,-1.5762
1791282203.6621,0.0199,2.9909,0.2000,0.1512,5.3386,5.4676,6.7827,6.6427,0.1874,0.1473,-0.1805,-0.0245,-3.0124,0.1998,0.1230,-1.5738
1791282203.6821,0.0199,0.5952,0.2000,0.1512,5.3386,5.4197,6.7827,6.6667,0.1874,0.1611,-0.2223,-0.0445,-3.0098,0.1994,0.1305,-1.5715
1791282203.7021,0.0201,0.6867,0.2000,0.1512,5.3386,5.3957,6.7827,6.6906,0.1874,0.1703,-0.2643,-0.0752,-3.0065,0.1994,0.1356,-1.5688
1791282203.7233,0.0212,0.3281,0.2000,0.1512,5.3386,5.3477,6.7827,6.7626,0.1874,0.1764,-0.3087,-0.1120,-3.0034,0.1998,0.1481,-1.5656
1791282203.7422,0.0189,0.6226,0.2000,0.1512,5.3386,5.3717,6.7827,6.7866,0.1874,0.1810,-0.3483,-0.1503,-3.0006,0.2006,0.1481,-1.5630
1791282203.7633,0.0211,0.6075,0.2000,0.1512,5.3386,5.3957,6.7827,6.8106,0.1874,0.1825,-0.3840,-0.1887,-2.9970,0.2014,0.1481,-1.5601
1791282203.7821,0.0188,0.6185,0.2000,0.1512,5.3386,5.3717,6.7827,6.8106,0.1874,0.1841,-0.3840,-0.2301,-2.9936,0.2010,0.1506,-1.5569
1791282203.8028,0.0206,0.6177,0.2000,0.1512,5.3386,5.3717,6.7827,6.7626,0.1874,0.1856,-0.3840,-0.2715,-2.9906,0.2002,0.1456,-1.5545
1791282203.8224,0.0196,0.2801,0.2000,0.1512,5.3386,5.4197,6.7827,6.7386,0.1874,0.1856,-0.3840,-0.3099,-2.9874,0.2006,0.1381,-1.5520
1791282203.8423,0.0199,1.7621,0.2000,0.1512,5.3386,5.4197,6.7827,6.7386,0.1874,0.1856,-0.3840,-0.3359,-2.9840,0.2006,0.1381,-1.5489
1791282203.8621,0.0198,1.0631,0.2000,0.1512,5.3386,5.3957,6.7827,6.7386,0.1874,0.1841,-0.3840,-0.3543,-2.9808,0.2002,0.1406,-1.5460
1791282203.8822,0.0201,0.9550,0.2000,0.1409,5.3876,5.3957,6.7336,6.7626,0.1746,0.1856,-0.3420,-0.3651,-2.9774,0.2006,0.1431,-1.5425
1791282203.9022,0.0200,0.8357,0.2000,0.1409,5.3876,5.3957,6.7336,6.7866,0.1746,0.1856,-0.3221,-0.3728,-2.9739,0.2010,0.1456,-1.5396
1791282203.9230,0.0207,0.3187,0.2000,0.1409,5.3876,5.3717,6.7336,6.7626,0.1746,0.1841,-0.3221,-0.3758,-2.9700,0.2002,0.1456,-1.5364
1791282203.9429,0.0199,1.3975,0.2000,0.1409,5.3876,5.3477,6.7336,6.7626,0.1746,0.1810,-0.3221,-0.3651,-2.9664,0.1998,0.1481,-1.5333
1791282203.9624,0.0195,0.5460,0.2000,0.1409,5.3876,5.3717,6.7336,6.7386,0.1746,0.1779,-0.3221,-0.3513,-2.9631,0.1998,0.1431,-1.5303
1791282203.9821,0.0197,0.4043,0.2000,0.1409,5.3876,5.3717,6.7336,6.7146,0.1746,0.1764,-0.3221,-0.3405,-2.9594,0.1994,0.1406,-1.5274
1791282204.0022,0.0201,1.8005,0.2000,0.1409,5.3876,5.3477,6.7336,6.7386,0.1746,0.1764,-0.3221,-0.3344,-2.9561,0.1994,0.1456,-1.5243
1791282204.0228,0.0206,0.2757,0.2000,0.1409,5.3876,5.3477,6.7336,6.7386,0.1746,0.1764,-0.3221,-0.3298,-2.9531,0.1994,0.1456,-1.5213
1791282204.0433,0.0205,0.4219,0.2000,0.1409,5.3876,5.3477,6.7336,6.7386,0.1746,0.1764,-0.3221,-0.3283,-2.9494,0.1994,0.1456,-1.5182
1791282204.0622,0.0189,1.4303,0.2000,0.1409,5.3876,5.3477,6.7336,6.7386,0.1746,0.1764,-0.3221,-0.3267,-2.9473,0.1994,0.1456,-1.5170
1791282204.0825,0.0203,2.8113,0.2000,0.1409,5.3876,5.3477,6.7336,6.7626,0.1746,0.1764,-0.3221,-0.3252,-2.9437,0.1998,0.1481,-1.5136
1791282204.1031,0.0206,0.3942,0.2000,0.1409,5.3876,5.3477,6.7336,6.7626,0.1746,0.1764,-0.3221,-0.3237,-2.9404,0.1998,0.1481,-1.5110
1791282204.1242,0.0211,1.2359,0.2000,0.1409,5.3876,5.3717,6.7336,6.7386,0.1746,0.1764,-0.3221,-0.3237,-2.9366,0.1998,0.1431,-1.5080
1791282204.1421,0.0178,0.3866,0.2000,0.1409,5.3876,5.3477,6.7336,6.7386,0.1746,0.1749,-0.3221,-0.3237,-2.9331,0.1994,0.1456,-1.5051
1791282204.1623,0.0202,2.4260,0.2000,0.1409,5.3876,5.3717,6.7336,6.7386,0.1746,0.1764,-0.3221,-0.3237,-2.9304,0.1998,0.1431,-1.5025
1791282204.1821,0.0198,0.4009,0.2000,0.0814,5.6719,5.3957,6.4493,6.7146,0.1330,0.1764,-0.2805,-0.3252,-2.9276,0.1998,0.1381,-1.4998
1791282204.2041,0.0219,0.8136,0.2000,0.0705,5.7237,5.3957,6.3975,6.6906,0.0871,0.1764,-0.2346,-0.3237,-2.9243,0.1994,0.1356,-1.4969
1791282204.2227,0.0187,0.3257,0.2000,0.0705,5.7237,5.3717,6.3975,6.7146,0.0866,0.1733,-0.1955,-0.3221,-2.9209,0.1994,0.1406,-1.4945
1791282204.2421,0.0193,0.5090,0.2000,0.0705,5.7237,5.3957,6.3975,6.6906,0.0866,0.1611,-0.1550,-0.3099,-2.9176,0.1994,0.1356,-1.4921
1791282204.2626,0.0206,0.3641,0.2000,0.0705,5.7237,5.4916,6.3975,6.5947,0.0866,0.1442,-0.1119,-0.2930,-2.9149,0.1994,0.1155,-1.4906
1791282204.2822,0.0195,1.0626,0.2000,0.0705,5.7237,5.5636,6.3975,6.4748,0.0866,0.1243,-0.0710,-0.2638,-2.9128,0.1986,0.0954,-1.4887
1791282204.3021,0.0199,0.4333,0.2000,0.0705,5.7237,5.5875,6.3975,6.4029,0.0866,0.1104,-0.0293,-0.2255,-2.9106,0.1978,0.0853,-1.4868
1791282204.3230,0.0209,0.2597,0.2000,0.0705,5.7237,5.6595,6.3975,6.3789,0.0866,0.0997,-0.0118,-0.1871,-2.9093,0.1986,0.0753,-1.4856
1791282204.3421,0.0191,0.3952,0.2000,0.0705,5.7237,5.7074,6.3975,6.3789,0.0866,0.0951,-0.0118,-0.1457,-2.9080,0.1994,0.0703,-1.4836
1791282204.3621,0.0200,0.5968,0.2000,0.0705,5.7237,5.6835,6.3975,6.3789,0.0866,0.0905,-0.0118,-0.1058,-2.9063,0.1990,0.0728,-1.4818
1791282204.3827,0.0206,0.4537,0.2000,0.0705,5.7237,5.7074,6.3975,6.3549,0.0866,0.0890,-0.0118,-0.0752,-2.9050,0.1990,0.0678,-1.4800
1791282204.4021,0.0194,0.4029,0.2000,0.0284,5.9249,5.7554,6.1963,6.3549,0.0460,0.0874,-0.0129,-0.0537,-2.9032,0.1998,0.0628,-1.4787
1791282204.4223,0.0202,0.4122,0.2000,0.0284,5.9249,5.7794,6.1963,6.4029,0.0339,0.0874,-0.0129,-0.0383,-2.9011,0.2010,0.0653,-1.4768
1791282204.4426,0.0203,3.2894,0.2000,0.0284,5.9249,5.7554,6.1963,6.4029,0.0339,0.0859,-0.0129,-0.0291,-2.8992,0.2006,0.0678,-1.4754
1791282204.4621,0.0195,0.4730,0.2000,0.0284,5.9249,5.7794,6.1963,6.3549,0.0339,0.0752,-0.0129,-0.0230,-2.8970,0.2002,0.0602,-1.4739
1791282204.4827,0.0206,0.8551,0.2000,0.0284,5.9249,5.8273,6.1963,6.3309,0.0339,0.0568,-0.0129,-0.0199,-2.8951,0.2006,0.0527,-1.4730
1791282204.5021,0.0194,4.3837,0.2000,0.0284,5.9249,5.8273,6.1963,6.2830,0.0339,0.0476,-0.0129,-0.0169,-2.8938,0.1998,0.0477,-1.4718
1791282204.5229,0.0208,3.2977,0.2000,0.0284,5.9249,5.8753,6.1963,6.2590,0.0339,0.0414,-0.0129,-0.0153,-2.8923,0.2002,0.0402,-1.4707
1791282204.5421,0.0192,0.5964,0.2000,0.0284,5.9249,5.8993,6.1963,6.2830,0.0339,0.0383,-0.0129,-0.0153,-2.8906,0.2010,0.0402,-1.4701
1791282204.5627,0.0206,0.4787,0.2000,0.0284,5.9249,5.8753,6.1963,6.2590,0.0339,0.0368,-0.0129,-0.0153,-2.8902,0.2002,0.0402,-1.4696
1791282204.5821,0.0194,0.5987,0.2000,0.0284,5.9249,5.8513,6.1963,6.2110,0.0339,0.0353,-0.0129,-0.0153,-2.8893,0.1990,0.0377,-1.4686
1791282204.6023,0.0202,1.1161,0.2000,0.0284,5.9249,5.8753,6.1963,6.2110,0.0339,0.0353,-0.0129,-0.0153,-2.8880,0.1994,0.0351,-1.4683
1791282204.6224,0.0202,1.8583,0.2000,0.0284,5.9249,5.8753,6.1963,6.2350,0.0339,0.0353,-0.0129,-0.0153,-2.8870,0.1998,0.0377,-1.4681
1791282204.6422,0.0197,1.1528,0.2000,0.0284,5.9249,5.8513,6.1963,6.1871,0.0339,0.0353,-0.0129,-0.0138,-2.8854,0.1986,0.0351,-1.4673
1791282204.6627,0.0205,0.5259,0.2000,0.0284,5.9249,5.8513,6.1963,6.1871,0.0339,0.0337,-0.0129,-0.0138,-2.8837,0.1986,0.0351,-1.4675
1791282204.6823,0.0196,1.0556,0.2000,0.0284,5.9249,5.8513,6.1963,6.2110,0.0339,0.0337,-0.0129,-0.0138,-2.8830,0.1990,0.0377,-1.4669
1791282204.7027,0.0204,0.3993,0.2000,0.0284,5.9249,5.8513,6.1963,6.2110,0.0339,0.0353,-0.0129,-0.0138,-2.8824,0.1990,0.0377,-1.4662
1791282204.7223,0.0196,0.3513,0.2000,0.0284,5.9249,5.8753,6.1963,6.2110,0.0339,0.0337,-0.0129,-0.0138,-2.8816,0.1994,0.0351,-1.4662
1791282204.7422,0.0198,0.4789,0.2000,0.0878,5.6410,5.8993,6.4802,6.2110,0.0754,0.0337,-0.0544,-0.0138,-2.8809,0.1998,0.0326,-1.4662
1791282204.7626,0.0205,2.1318,0.2000,0.1482,5.3527,5.9233,6.7685,6.1871,0.1183,0.0353,-0.0973,-0.0138,-2.8799,0.1998,0.0276,-1.4657
1791282204.7821,0.0195,0.7248,0.2000,0.1482,5.3527,5.9233,6.7685,6.1631,0.1591,0.0353,-0.1381,-0.0153,-2.8788,0.1994,0.0251,-1.4657
1791282204.8021,0.0199,0.3811,0.2000,0.1482,5.3527,5.8753,6.7685,6.2110,0.1837,0.0506,-0.1799,-0.0261,-2.8779,0.1994,0.0351,-1.4644
1791282204.8224,0.0203,0.3859,0.2000,0.1482,5.3527,5.7554,6.7685,6.3070,0.1837,0.0736,-0.2225,-0.0522,-2.8766,0.1990,0.0577,-1.4625
1791282204.8423,0.0199,0.4977,0.2000,0.1482,5.3527,5.5875,6.7685,6.4269,0.1837,0.1028,-0.2641,-0.0828,-2.8748,0.1982,0.0879,-1.4606
1791282204.8627,0.0204,0.5051,0.2000,0.1482,5.3527,5.4916,6.7685,6.5468,0.1837,0.1304,-0.3068,-0.1166,-2.8726,0.1986,0.1105,-1.4582
1791282204.8823,0.0196,1.1355,0.2000,0.1482,5.3527,5.4436,6.7685,6.5947,0.1837,0.1488,-0.3479,-0.1534,-2.8698,0.1986,0.1205,-1.4555
1791282204.9027,0.0204,0.5842,0.2000,0.1482,5.3527,5.3957,6.7685,6.6667,0.1837,0.1611,-0.3906,-0.1917,-2.8665,0.1990,0.1330,-1.4527
1791282204.9243,0.0216,0.3230,0.2000,0.1482,5.3527,5.3957,6.7685,6.7146,0.1837,0.1687,-0.4231,-0.2301,-2.8630,0.1998,0.1381,-1.4500
1791282204.9421,0.0178,0.4010,0.2000,0.1482,5.3527,5.4197,6.7685,6.7626,0.1837,0.1749,-0.4231,-0.2730,-2.8595,0.2010,0.1406,-1.4473
1791282204.9637,0.0216,0.4132,0.2000,0.1482,5.3527,5.4197,6.7685,6.7626,0.1837,0.1795,-0.4231,-0.3129,-2.8556,0.2010,0.1406,-1.4442
1791282204.9821,0.0184,1.0381,0.2000,0.1482,5.3527,5.3957,6.7685,6.7626,0.1837,0.1810,-0.4231,-0.3528,-2.8520,0.2006,0.1431,-1.4413
1791282205.0021,0.0199,0.4188,0.2000,0.0884,5.6385,5.3957,6.4827,6.7386,0.1419,0.1825,-0.3814,-0.3789,-2.8487,0.2002,0.1406,-1.4378
1791282205.0223,0.0203,0.4397,0.2000,0.0275,5.9293,5.3957,6.1919,6.7626,0.0994,0.1825,-0.3389,-0.3942,-2.8448,0.2006,0.1431,-1.4351
1791282205.0442,0.0219,2.3772,0.2000,0.0055,6.0341,5.3957,6.0871,6.7866,0.0536,0.1810,-0.2931,-0.4050,-2.8410,0.2010,0.1456,-1.4320
1791282205.0627,0.0185,1.5615,0.2000,0.0055,6.0341,5.4197,6.0871,6.7386,0.0149,0.1703,-0.2544,-0.3973,-2.8377,0.2006,0.1381,-1.4298
1791282205.0832,0.0205,5.3545,0.2000,0.0055,6.0341,5.5156,6.0871,6.5947,0.0054,0.1473,-0.2113,-0.3774,-2.8347,0.1998,0.1130,-1.4280
1791282205.1034,0.0202,0.5867,0.2000,0.0055,6.0341,5.6595,6.0871,6.4269,0.0054,0.1135,-0.1691,-0.3513,-2.8325,0.1994,0.0803,-1.4275
1791282205.1232,0.0198,0.3843,0.2000,0.0055,6.0341,5.8034,6.0871,6.2830,0.0054,0.0782,-0.1276,-0.3160,-2.8312,0.1994,0.0502,-1.4267
1791282205.1421,0.0188,0.9639,0.2000,0.0055,6.0341,5.8993,6.0871,6.1871,0.0054,0.0522,-0.0881,-0.2807,-2.8303,0.1994,0.0301,-1.4264
1791282205.1646,0.0226,0.4338,0.2000,0.0055,6.0341,5.9233,6.0871,6.1151,0.0054,0.0337,-0.0408,-0.2424,-2.8298,0.1986,0.0201,-1.4259
1791282205.1821,0.0175,3.9399,0.2000,0.0055,6.0341,5.9233,6.0871,6.0911,0.0054,0.0276,-0.0043,-0.2224,-2.8296,0.1982,0.0176,-1.4261
1791282205.2021,0.0200,0.5080,0.2000,0.0055,6.0341,5.9472,6.0871,6.0671,0.0054,0.0184,0.0144,-0.1825,-2.8294,0.1982,0.0126,-1.4253
1791282205.2232,0.0211,0.3418,0.2000,0.0055,6.0341,5.9712,6.0871,6.0911,0.0054,0.0138,0.0144,-0.1427,-2.8292,0.1990,0.0126,-1.4251
1791282205.2421,0.0189,0.4537,0.2000,0.0055,6.0341,5.9712,6.0871,6.0911,0.0054,0.0092,0.0144,-0.1012,-2.8291,0.1990,0.0126,-1.4253
1791282205.2627,0.0206,0.4505,0.2000,0.0055,6.0341,5.9712,6.0871,6.0432,0.0054,0.0061,0.0144,-0.0629,-2.8287,0.1982,0.0075,-1.4249
1791282205.2829,0.0202,1.0297,0.2000,0.0055,6.0341,5.9952,6.0871,6.0432,0.0054,0.0061,0.0144,-0.0353,-2.8283,0.1986,0.0050,-1.4245
1791282205.3030,0.0201,0.3949,0.2000,0.0055,6.0341,6.0192,6.0871,6.0671,0.0054,0.0061,0.0144,-0.0184,-2.8284,0.1994,0.0050,-1.4245
1791282205.3225,0.0195,0.3865,0.2000,0.0055,6.0341,6.0192,6.0871,6.0192,0.0054,0.0061,0.0144,-0.0061,-2.8286,0.1986,0.0000,-1.4243
1791282205.3427,0.0202,0.4405,0.2000,0.0171,5.9788,6.0192,6.1424,6.0432,0.0198,0.0061,0.0125,-0.0000,-2.8281,0.1990,0.0025,-1.4240
1791282205.3627,0.0200,0.5184,0.2000,0.0171,5.9788,6.0192,6.1424,6.0671,0.0198,0.0061,0.0125,0.0046,-2.8280,0.1994,0.0050,-1.4238
1791282205.3822,0.0195,0.6605,0.2000,0.0171,5.9788,6.0432,6.1424,6.0671,0.0198,0.0077,0.0125,0.0077,-2.8276,0.1998,0.0025,-1.4237
1791282205.4021,0.0199,2.9343,0.2000,0.0171,5.9788,6.0432,6.1424,6.0911,0.0198,0.0107,0.0125,0.0092,-2.8269,0.2002,0.0050,-1.4229
1791282205.4224,0.0203,0.3982,0.2000,0.0171,5.9788,6.0432,6.1424,6.1151,0.0198,0.0153,0.0125,0.0092,-2.8267,0.2006,0.0075,-1.4227
1791282205.4421,0.0197,1.8474,0.2000,0.0171,5.9788,5.9952,6.1424,6.0911,0.0198,0.0169,0.0125,0.0092,-2.8265,0.1994,0.0100,-1.4219
1791282205.4628,0.0207,1.0354,0.2000,0.0171,5.9788,5.9712,6.1424,6.0911,0.0198,0.0184,0.0125,0.0107,-2.8257,0.1990,0.0126,-1.4211
1791282205.4821,0.0193,0.7394,0.2000,0.0171,5.9788,5.9712,6.1424,6.1391,0.0198,0.0184,0.0125,0.0107,-2.8253,0.1998,0.0176,-1.4211
1791282205.5022,0.0201,1.8228,0.2000,0.0171,5.9788,5.9952,6.1424,6.1391,0.0198,0.0184,0.0125,0.0092,-2.8254,0.2002,0.0151,-1.4203
1791282205.5230,0.0208,0.3214,0.2000,0.0171,5.9788,5.9952,6.1424,6.1391,0.0198,0.0184,0.0125,0.0107,-2.8252,0.2002,0.0151,-1.4198
1791282205.5422,0.0193,0.4892,0.2000,0.0171,5.9788,5.9712,6.1424,6.1631,0.0198,0.0184,0.0125,0.0092,-2.8247,0.2002,0.0201,-1.4190
1791282205.5641,0.0219,2.2696,0.2000,0.0171,5.9788,5.9472,6.1424,6.1631,0.0198,0.0184,0.0125,0.0107,-2.8241,0.1998,0.0226,-1.4187
1791282205.5824,0.0183,0.4127,0.1909,0.0000,5.7834,5.9472,5.7834,6.1631,0.0198,0.0184,0.0125,0.0107,-2.8236,0.1998,0.0226,-1.4182
1791282205.6027,0.0203,0.7899,0.1807,0.0000,5.4764,5.9712,5.4764,6.1871,0.0198,0.0184,0.0125,0.0107,-2.8229,0.2006,0.0226,-1.4174
1791282205.6229,0.0202,0.4525,0.1706,0.0000,5.1706,5.9712,5.1706,6.1871,0.0198,0.0184,0.0125,0.0107,-2.8227,0.2006,0.0226,-1.4172
1791282205.6421,0.0192,0.6341,0.1610,0.0000,4.8794,5.8993,4.8794,6.0911,0.0198,0.0184,0.0125,0.0107,-2.8227,0.1978,0.0201,-1.4171
1791282205.6627,0.0206,0.4386,0.1507,0.0000,4.5671,5.7794,4.5671,5.9233,0.0198,0.0184,0.0125,0.0107,-2.8226,0.1931,0.0151,-1.4171
1791282205.6826,0.0199,3.4932,0.1408,0.0000,4.2656,5.6355,4.2656,5.7314,0.0198,0.0184,0.0125,0.0107,-2.8226,0.1876,0.0100,-1.4171
1791282205.7020,0.0195,1.9376,0.1310,0.0000,3.9709,5.3957,3.9709,5.4916,0.0198,0.0169,0.0125,0.0107,-2.8227,0.1796,0.0100,-1.4171
1791282205.7224,0.0203,1.7568,0.1209,0.0000,3.6631,5.1079,3.6631,5.2038,0.0198,0.0184,0.0125,0.0107,-2.8228,0.1701,0.0100,-1.4172
1791282205.7421,0.0197,4.5366,0.1110,0.0000,3.3641,4.8441,3.3641,4.9161,0.0198,0.0184,0.0125,0.0107,-2.8226,0.1610,0.0075,-1.4174
1791282205.7621,0.0200,0.5844,0.1010,0.0000,3.0608,4.7242,3.0608,4.7722,0.0198,0.0184,0.0125,0.0092,-2.8226,0.1567,0.0050,-1.4176
1791282205.7821,0.0200,2.9098,0.1110,0.0164,3.2867,4.4125,3.4416,4.4604,0.0189,0.0184,0.0117,0.0107,-2.8230,0.1464,0.0050,-1.4177
1791282205.8020,0.0199,0.4612,0.1210,0.0164,3.5882,4.1487,3.7435,4.1247,0.0189,0.0184,0.0117,0.0107,-2.8236,0.1365,-0.0024,-1.4177
1791282205.8252,0.0231,1.4980,0.1325,0.0164,3.9385,3.7170,4.0942,3.7170,0.0189,0.0184,0.0117,0.0092,-2.8245,0.1227,0.0000,-1.4182
1791282205.8421,0.0169,0.6622,0.1410,0.0164,4.1950,3.5731,4.3510,3.5971,0.0189,0.0184,0.0117,0.0107,-2.8249,0.1183,0.0025,-1.4184
1791282205.8627,0.0206,0.3688,0.1513,0.0164,4.5067,3.4293,4.6631,3.4772,0.0189,0.0184,0.0117,0.0107,-2.8260,0.1140,0.0051,-1.4184
1791282205.8821,0.0194,2.1325,0.1610,0.0164,4.8007,3.4532,4.9570,3.5252,0.0189,0.0184,0.0117,0.0107,-2.8270,0.1151,0.0076,-1.4180
1791282205.9020,0.0199,0.3743,0.1710,0.0164,5.1029,3.5971,5.2592,3.6930,0.0189,0.0184,0.0117,0.0107,-2.8278,0.1203,0.0101,-1.4180
1791282205.9224,0.0204,0.3811,0.1812,0.0164,5.4119,3.8369,5.5683,3.9568,0.0189,0.0184,0.0117,0.0107,-2.8283,0.1286,0.0126,-1.4179
1791282205.9421,0.0196,0.4000,0.1910,0.0164,5.7096,4.1007,5.8660,4.2686,0.0189,0.0184,0.0117,0.0107,-2.8287,0.1381,0.0176,-1.4179
1791282205.9637,0.0216,0.4032,0.2000,0.0164,5.9824,4.3885,6.1388,4.5564,0.0189,0.0184,0.0117,0.0107,-2.8298,0.1476,0.0176,-1.4177
1791282205.9820,0.0184,0.3854,0.2000,0.0164,5.9824,4.7002,6.1388,4.8681,0.0189,0.0184,0.0117,0.0092,-2.8309,0.1579,0.0176,-1.4174
1791282206.0037,0.0216,0.6654,0.2000,0.0164,5.9824,5.0120,6.1388,5.1799,0.0189,0.0184,0.0117,0.0107,-2.8315,0.1682,0.0176,-1.4174
1791282206.0225,0.0188,0.4148,0.2000,0.0164,5.9824,5.3237,6.1388,5.4676,0.0189,0.0184,0.0117,0.0092,-2.8324,0.1781,0.0151,-1.4172
1791282206.0432,0.0208,0.9870,0.2000,-0.0266,6.1946,5.5875,5.9266,5.7314,-0.0246,0.0184,0.0495,0.0107,-2.8339,0.1868,0.0151,-1.4169
1791282206.0628,0.0196,0.5606,0.2000,-0.0266,6.1946,5.7554,5.9266,5.8753,-0.0349,0.0184,0.0495,0.0107,-2.8348,0.1919,0.0126,-1.4171
1791282206.0821,0.0193,0.7169,0.2000,-0.0266,6.1946,5.8993,5.9266,5.9952,-0.0349,0.0153,0.0495,0.0123,-2.8356,0.1963,0.0100,-1.4169
1791282206.1021,0.0199,1.8059,0.2000,-0.0266,6.1946,5.9952,5.9266,6.0192,-0.0349,0.0061,0.0495,0.0215,-2.8371,0.1982,0.0025,-1.4172
1791282206.1256,0.0236,0.3142,0.2000,-0.0266,6.1946,6.0671,5.9266,5.9952,-0.0349,-0.0077,0.0495,0.0307,-2.8387,0.1990,-0.0072,-1.4171
1791282206.1421,0.0165,2.8605,0.2000,-0.0266,6.1946,6.1391,5.9266,5.9952,-0.0349,-0.0199,0.0495,0.0368,-2.8393,0.2002,-0.0143,-1.4177
1791282206.1621,0.0200,1.9778,0.2000,-0.0266,6.1946,6.1631,5.9266,5.9472,-0.0349,-0.0276,0.0495,0.0414,-2.8400,0.1998,-0.0215,-1.4180
1791282206.1837,0.0216,0.3891,0.2000,-0.0266,6.1946,6.1631,5.9266,5.9233,-0.0349,-0.0307,0.0495,0.0430,-2.8406,0.1994,-0.0238,-1.4183
1791282206.2021,0.0183,1.9397,0.2000,-0.0266,6.1946,6.1871,5.9266,5.9233,-0.0349,-0.0337,0.0495,0.0445,-2.8401,0.1998,-0.0262,-1.4189
1791282206.2241,0.0220,0.5678,0.2000,-0.0266,6.1946,6.1631,5.9266,5.9233,-0.0349,-0.0337,0.0495,0.0460,-2.8403,0.1994,-0.0238,-1.4192
1791282206.2423,0.0182,2.3499,0.2000,-0.0266,6.1946,6.1631,5.9266,5.8993,-0.0349,-0.0337,0.0495,0.0445,-2.8414,0.1990,-0.0262,-1.4198
1791282206.2621,0.0198,1.3470,0.2000,-0.0266,6.1946,6.1871,5.9266,5.9233,-0.0349,-0.0337,0.0495,0.0445,-2.8414,0.1998,-0.0262,-1.4201
1791282206.2822,0.0201,1.8099,0.2000,-0.0221,6.1719,6.2110,5.9493,5.9472,-0.0292,-0.0337,0.0465,0.0460,-2.8411,0.2006,-0.0262,-1.4207
1791282206.3023,0.0200,1.2632,0.2000,-0.0221,6.1719,6.1631,5.9493,5.9233,-0.0292,-0.0337,0.0465,0.0460,-2.8422,0.1994,-0.0238,-1.4214
1791282206.3227,0.0204,0.6334,0.2000,-0.0221,6.1719,6.1631,5.9493,5.8993,-0.0292,-0.0337,0.0465,0.0460,-2.8426,0.1990,-0.0262,-1.4217
1791282206.3421,0.0194,0.8283,0.2000,-0.0221,6.1719,6.1631,5.9493,5.8993,-0.0292,-0.0322,0.0465,0.0460,-2.8426,0.1990,-0.0262,-1.4218
1791282206.3622,0.0200,0.5054,0.2000,-0.0221,6.1719,6.1391,5.9493,5.9233,-0.0292,-0.0322,0.0465,0.0460,-2.8429,0.1990,-0.0215,-1.4215
1791282206.3826,0.0204,3.4389,0.2000,-0.0221,6.1719,6.1151,5.9493,5.8993,-0.0292,-0.0307,0.0465,0.0445,-2.8438,0.1982,-0.0215,-1.4227
1791282206.4021,0.0195,0.5453,0.2000,-0.0221,6.1719,6.1391,5.9493,5.8753,-0.0292,-0.0307,0.0465,0.0460,-2.8439,0.1982,-0.0262,-1.4232
1791282206.4230,0.0209,2.1140,0.2000,-0.0221,6.1719,6.1151,5.9493,5.8993,-0.0292,-0.0307,0.0465,0.0445,-2.8442,0.1982,-0.0215,-1.4227
1791282206.4423,0.0193,2.2031,0.2000,-0.0221,6.1719,6.0911,5.9493,5.8753,-0.0292,-0.0307,0.0465,0.0445,-2.8451,0.1974,-0.0215,-1.4238
1791282206.4633,0.0210,0.6040,0.2000,-0.0221,6.1719,6.1151,5.9493,5.8753,-0.0292,-0.0307,0.0465,0.0460,-2.8453,0.1978,-0.0238,-1.4238
1791282206.4822,0.0189,3.8573,0.2000,-0.0221,6.1719,6.1151,5.9493,5.9233,-0.0292,-0.0307,0.0465,0.0445,-2.8456,0.1986,-0.0191,-1.4236
1791282206.5021,0.0198,0.6916,0.2000,-0.0221,6.1719,6.1631,5.9493,5.9233,-0.0292,-0.0322,0.0465,0.0445,-2.8466,0.1994,-0.0238,-1.4246
1791282206.5224,0.0203,0.9710,0.2000,-0.0221,6.1719,6.1871,5.9493,5.8993,-0.0292,-0.0307,0.0465,0.0445,-2.8473,0.1994,-0.0286,-1.4249
1791282206.5421,0.0197,2.0088,0.2000,-0.0221,6.1719,6.1871,5.9493,5.9233,-0.0292,-0.0307,0.0465,0.0445,-2.8469,0.1998,-0.0262,-1.4250
1791282206.5627,0.0206,2.1200,0.2000,-0.0221,6.1719,6.1631,5.9493,5.9472,-0.0292,-0.0307,0.0465,0.0445,-2.8473,0.1998,-0.0215,-1.4252
1791282206.5823,0.0196,1.7760,0.2000,-0.0221,6.1719,6.1391,5.9493,5.9233,-0.0292,-0.0307,0.0465,0.0445,-2.8479,0.1990,-0.0215,-1.4255
1791282206.6027,0.0204,0.6378,0.2000,-0.0148,6.1348,6.1871,5.9864,5.9472,-0.0200,-0.0307,0.0428,0.0445,-2.8483,0.2002,-0.0238,-1.4255
1791282206.6227,0.0200,3.1638,0.2000,-0.0148,6.1348,6.1871,5.9864,5.9712,-0.0200,-0.0307,0.0428,0.0445,-2.8488,0.2006,-0.0215,-1.4259
1791282206.6438,0.0210,2.1823,0.2000,-0.0148,6.1348,6.1871,5.9864,5.9472,-0.0200,-0.0307,0.0428,0.0445,-2.8494,0.2002,-0.0238,-1.4261
1791282206.6621,0.0183,4.9710,0.2000,-0.0148,6.1348,6.1631,5.9864,5.9233,-0.0200,-0.0261,0.0428,0.0445,-2.8493,0.1994,-0.0238,-1.4262
1791282206.6822,0.0201,4.1736,0.2000,-0.0148,6.1348,6.1391,5.9864,5.9712,-0.0200,-0.0230,0.0428,0.0445,-2.8496,0.1998,-0.0167,-1.4262
1791282206.7021,0.0198,0.5670,0.2000,-0.0148,6.1348,6.0911,5.9864,5.9952,-0.0200,-0.0215,0.0428,0.0445,-2.8505,0.1994,-0.0095,-1.4267
1791282206.7231,0.0211,1.5411,0.2000,-0.0148,6.1348,6.1151,5.9864,6.0192,-0.0200,-0.0215,0.0428,0.0445,-2.8508,0.2002,-0.0095,-1.4265
1791282206.7427,0.0196,0.5800,0.2000,-0.0148,6.1348,6.1151,5.9864,6.0432,-0.0200,-0.0215,0.0428,0.0445,-2.8511,0.2006,-0.0072,-1.4268
1791282206.7638,0.0211,0.3983,0.2000,-0.0148,6.1348,6.1151,5.9864,6.0192,-0.0200,-0.0215,0.0428,0.0445,-2.8519,0.2002,-0.0095,-1.4273
1791282206.7821,0.0183,1.3685,0.2000,-0.0148,6.1348,6.1151,5.9864,6.0192,-0.0200,-0.0199,0.0428,0.0445,-2.8523,0.2002,-0.0095,-1.4272
1791282206.8020,0.0200,0.5218,0.2000,-0.0148,6.1348,6.1151,5.9864,6.0192,-0.0200,-0.0215,0.0428,0.0445,-2.8532,0.2002,-0.0095,-1.4279
1791282206.8241,0.0221,1.4527,0.2000,-0.0148,6.1348,6.0911,5.9864,5.9952,-0.0200,-0.0215,0.0428,0.0445,-2.8543,0.1994,-0.0095,-1.4285
1791282206.8428,0.0187,0.4256,0.2000,-0.0148,6.1348,6.0671,5.9864,5.9952,-0.0200,-0.0199,0.0428,0.0445,-2.8548,0.1990,-0.0072,-1.4285
1791282206.8639,0.0211,0.3896,0.2000,-0.0148,6.1348,6.0671,5.9864,5.9952,-0.0200,-0.0215,0.0428,0.0445,-2.8550,0.1990,-0.0072,-1.4293
1791282206.8826,0.0187,2.0286,0.2000,-0.0148,6.1348,6.0671,5.9864,5.9952,-0.0200,-0.0215,0.0428,0.0445,-2.8563,0.1990,-0.0072,-1.4297
1791282206.9021,0.0195,0.3778,0.2000,-0.0148,6.1348,6.0671,5.9864,5.9712,-0.0200,-0.0215,0.0428,0.0445,-2.8573,0.1986,-0.0095,-1.4305
1791282206.9223,0.0202,0.3936,0.2000,-0.0148,6.1348,6.0911,5.9864,5.9712,-0.0200,-0.0215,0.0428,0.0445,-2.8578,0.1990,-0.0119,-1.4314
1791282206.9420,0.0197,0.4056,0.2000,-0.0135,6.1286,6.1151,5.9926,5.9712,-0.0185,-0.0215,0.0429,0.0430,-2.8587,0.1994,-0.0143,-1.4317
1791282206.9621,0.0201,0.5770,0.2000,-0.0135,6.1286,6.1151,5.9926,5.9472,-0.0185,-0.0215,0.0429,0.0430,-2.8594,0.1990,-0.0167,-1.4320
1791282206.9828,0.0207,0.9365,0.2000,-0.0135,6.1286,6.1151,5.9926,5.9233,-0.0185,-0.0215,0.0429,0.0445,-2.8603,0.1986,-0.0191,-1.4326
1791282207.0022,0.0194,0.9210,0.2000,-0.0135,6.1286,6.1391,5.9926,5.9952,-0.0185,-0.0199,0.0429,0.0445,-2.8609,0.2002,-0.0143,-1.4329
1791282207.0234,0.0213,0.4074,0.2000,-0.0135,6.1286,6.1391,5.9926,5.9952,-0.0185,-0.0199,0.0429,0.0430,-2.8615,0.2002,-0.0143,-1.4337
1791282207.0421,0.0187,0.4551,0.2000,-0.0135,6.1286,6.1151,5.9926,5.9472,-0.0185,-0.0184,0.0429,0.0430,-2.8621,0.1990,-0.0167,-1.4343
1791282207.0621,0.0200,0.4569,0.2000,-0.0135,6.1286,6.1391,5.9926,5.9712,-0.0185,-0.0199,0.0429,0.0430,-2.8629,0.1998,-0.0167,-1.4345
1791282207.0827,0.0206,0.7295,0.2000,-0.0135,6.1286,6.1871,5.9926,5.9952,-0.0185,-0.0199,0.0429,0.0430,-2.8636,0.2010,-0.0191,-1.4352
1791282207.1021,0.0194,0.3958,0.2000,-0.0135,6.1286,6.1871,5.9926,5.9952,-0.0185,-0.0215,0.0429,0.0430,-2.8639,0.2010,-0.0191,-1.4355
1791282207.1226,0.0205,0.3263,0.2000,-0.0135,6.1286,6.1871,5.9926,5.9952,-0.0185,-0.0199,0.0429,0.0430,-2.8648,0.2010,-0.0191,-1.4360
1791282207.1421,0.0196,0.6367,0.2000,-0.0135,6.1286,6.1871,5.9926,5.9472,-0.0185,-0.0199,0.0429,0.0430,-2.8653,0.2002,-0.0238,-1.4365
1791282207.1637,0.0216,0.3856,0.2000,-0.0135,6.1286,6.1631,5.9926,5.9472,-0.0185,-0.0199,0.0429,0.0430,-2.8649,0.1998,-0.0215,-1.4365
1791282207.1821,0.0184,0.4798,0.2000,-0.0135,6.1286,6.1391,5.9926,5.9952,-0.0185,-0.0199,0.0429,0.0430,-2.8653,0.2002,-0.0143,-1.4365
1791282207.2022,0.0201,0.4631,0.2000,-0.0135,6.1286,6.1631,5.9926,6.0192,-0.0185,-0.0199,0.0429,0.0430,-2.8658,0.2010,-0.0143,-1.4371
1791282207.2232,0.0210,0.5150,0.2000,-0.0135,6.1286,6.1631,5.9926,5.9712,-0.0185,-0.0199,0.0429,0.0430,-2.8659,0.2002,-0.0191,-1.4372
1791282207.2421,0.0189,0.4311,0.2000,-0.0080,6.1006,6.1631,6.0206,5.9712,-0.0115,-0.0199,0.0544,0.0430,-2.8665,0.2002,-0.0191,-1.4369
1791282207.2621,0.0200,0.5063,0.2000,-0.0080,6.1006,6.1631,6.0206,5.9952,-0.0115,-0.0199,0.0544,0.0430,-2.8670,0.2006,-0.0167,-1.4377
1791282207.2821,0.0200,1.2405,0.2000,-0.0080,6.1006,6.1391,6.0206,5.9712,-0.0115,-0.0199,0.0544,0.0445,-2.8670,0.1998,-0.0167,-1.4380
1791282207.3028,0.0207,0.4204,0.2000,-0.0080,6.1006,6.0911,6.0206,5.9712,-0.0115,-0.0169,0.0544,0.0476,-2.8678,0.1990,-0.0119,-1.4378
1791282207.3241,0.0213,0.2868,0.2000,-0.0080,6.1006,6.0911,6.0206,5.9952,-0.0115,-0.0153,0.0544,0.0506,-2.8683,0.1994,-0.0095,-1.4386
1791282207.3440,0.0199,0.5405,0.2000,-0.0080,6.1006,6.0911,6.0206,5.9712,-0.0115,-0.0138,0.0544,0.0506,-2.8677,0.1990,-0.0119,-1.4380
1791282207.3621,0.0181,0.4382,0.2000,-0.0080,6.1006,6.0671,6.0206,5.9952,-0.0115,-0.0138,0.0544,0.0506,-2.8679,0.1990,-0.0072,-1.4384
1791282207.3821,0.0200,0.4850,0.2000,-0.0080,6.1006,6.0671,6.0206,6.0432,-0.0115,-0.0138,0.0544,0.0522,-2.8685,0.1998,-0.0024,-1.4384
1791282207.4020,0.0199,0.3915,0.2000,-0.0058,6.0900,6.0671,6.0312,5.9952,-0.0089,-0.0138,0.0566,0.0522,-2.8687,0.1990,-0.0072,-1.4386
1791282207.4229,0.0209,0.5069,0.2000,-0.0058,6.0900,6.0432,6.0312,5.9712,-0.0089,-0.0138,0.0566,0.0506,-2.8692,0.1982,-0.0072,-1.4386
1791282207.4425,0.0196,1.1226,0.2000,-0.0058,6.0900,6.0432,6.0312,5.9472,-0.0089,-0.0138,0.0566,0.0522,-2.8701,0.1978,-0.0095,-1.4386
1791282207.4626,0.0202,0.3676,0.2000,-0.0058,6.0900,6.0671,6.0312,5.9712,-0.0089,-0.0123,0.0566,0.0537,-2.8701,0.1986,-0.0095,-1.4389
1791282207.4823,0.0197,1.3906,0.2000,-0.0058,6.0900,6.0671,6.0312,5.9952,-0.0089,-0.0107,0.0566,0.0537,-2.8698,0.1990,-0.0072,-1.4386
1791282207.5053,0.0230,1.3219,0.2000,-0.0058,6.0900,6.0432,6.0312,5.9952,-0.0089,-0.0107,0.0566,0.0552,-2.8705,0.1986,-0.0048,-1.4390
1791282207.5224,0.0170,0.3223,0.2000,-0.0058,6.0900,6.0671,6.0312,5.9712,-0.0089,-0.0107,0.0566,0.0552,-2.8707,0.1986,-0.0095,-1.4389
1791282207.5422,0.0198,0.4963,0.2000,-0.0058,6.0900,6.0671,6.0312,5.9712,-0.0089,-0.0107,0.0566,0.0537,-2.8707,0.1986,-0.0095,-1.4389
1791282207.5622,0.0201,1.3364,0.2000,-0.0058,6.0900,6.0911,6.0312,6.0192,-0.0089,-0.0107,0.0566,0.0537,-2.8714,0.1998,-0.0072,-1.4392
1791282207.5825,0.0202,0.6178,0.2000,-0.0058,6.0900,6.1151,6.0312,6.0192,-0.0089,-0.0107,0.0566,0.0537,-2.8717,0.2002,-0.0095,-1.4387
1791282207.6021,0.0197,0.5994,0.2000,-0.0058,6.0900,6.1151,6.0312,6.0192,-0.0089,-0.0107,0.0566,0.0537,-2.8716,0.2002,-0.0095,-1.4384
1791282207.6229,0.0207,0.4016,0.2000,-0.0058,6.0900,6.0911,6.0312,6.0192,-0.0089,-0.0107,0.0566,0.0552,-2.8718,0.1998,-0.0072,-1.4383
1791282207.6422,0.0193,5.7007,0.2000,-0.0034,6.0776,6.1151,6.0436,6.0192,-0.0058,-0.0107,0.0598,0.0552,-2.8721,0.2002,-0.0095,-1.4383
1791282207.6626,0.0204,0.4248,0.2000,-0.0034,6.0776,6.1391,6.0436,6.0432,-0.0058,-0.0107,0.0598,0.0552,-2.8715,0.2010,-0.0095,-1.4381
1791282207.6828,0.0202,1.1244,0.2000,-0.0034,6.0776,6.1151,6.0436,6.0911,-0.0058,-0.0107,0.0598,0.0552,-2.8712,0.2014,-0.0024,-1.4378
1791282207.7031,0.0203,1.6446,0.2000,-0.0034,6.0776,6.0671,6.0436,6.0671,-0.0058,-0.0092,0.0598,0.0552,-2.8722,0.2002,0.0000,-1.4375
1791282207.7229,0.0199,0.2633,0.2000,-0.0034,6.0776,6.0671,6.0436,6.0432,-0.0058,-0.0077,0.0598,0.0568,-2.8724,0.1998,-0.0024,-1.4377
1791282207.7421,0.0192,0.4189,0.2000,-0.0034,6.0776,6.0432,6.0436,6.0432,-0.0058,-0.0077,0.0598,0.0568,-2.8718,0.1994,0.0000,-1.4375
1791282207.7627,0.0205,0.9349,0.2000,-0.0034,6.0776,6.0192,6.0436,6.0432,-0.0058,-0.0092,0.0598,0.0583,-2.8725,0.1990,0.0025,-1.4370
1791282207.7842,0.0215,0.4886,0.2000,-0.0034,6.0776,6.0192,6.0436,6.0432,-0.0058,-0.0077,0.0598,0.0583,-2.8729,0.1990,0.0025,-1.4373
1791282207.8023,0.0181,0.5119,0.2000,-0.0034,6.0776,6.0192,6.0436,6.0671,-0.0058,-0.0077,0.0598,0.0583,-2.8726,0.1994,0.0050,-1.4373
1791282207.8226,0.0204,0.3022,0.2000,-0.0034,6.0776,6.0192,6.0436,6.0671,-0.0058,-0.0077,0.0598,0.0583,-2.8732,0.1994,0.0050,-1.4372
1791282207.8421,0.0194,0.4222,0.2000,-0.0034,6.0776,6.0432,6.0436,6.0671,-0.0058,-0.0077,0.0598,0.0583,-2.8737,0.1998,0.0025,-1.4380
1791282207.8621,0.0200,0.4383,0.2000,-0.0034,6.0776,6.0192,6.0436,6.0432,-0.0058,-0.0077,0.0598,0.0583,-2.8737,0.1990,0.0025,-1.4380
1791282207.8822,0.0201,1.0614,0.2000,-0.0018,6.0696,6.0192,6.0516,6.0911,-0.0038,-0.0077,0.0636,0.0583,-2.8741,0.1998,0.0075,-1.4378
1791282207.9021,0.0199,0.5261,0.2000,-0.0018,6.0696,6.0192,6.0516,6.1151,-0.0038,-0.0077,0.0636,0.0568,-2.8750,0.2002,0.0100,-1.4381
1791282207.9230,0.0209,0.4641,0.2000,-0.0018,6.0696,6.0432,6.0516,6.0671,-0.0038,-0.0077,0.0636,0.0583,-2.8753,0.1998,0.0025,-1.4386
1791282207.9421,0.0191,1.0155,0.2000,-0.0018,6.0696,6.0192,6.0516,6.0432,-0.0038,-0.0061,0.0636,0.0583,-2.8760,0.1990,0.0025,-1.4386
1791282207.9622,0.0201,1.6200,0.2000,-0.0018,6.0696,5.9952,6.0516,5.9952,-0.0038,-0.0046,0.0636,0.0598,-2.8772,0.1978,0.0000,-1.4394
1791282207.9827,0.0205,0.4654,0.2000,-0.0018,6.0696,6.0192,6.0516,5.9712,-0.0038,-0.0046,0.0636,0.0614,-2.8768,0.1978,-0.0048,-1.4397
1791282208.0020,0.0194,0.4076,0.2000,-0.0018,6.0696,5.9952,6.0516,5.9952,-0.0038,-0.0046,0.0636,0.0598,-2.8768,0.1978,0.0000,-1.4402
1791282208.0240,0.0219,1.7594,0.2000,-0.0018,6.0696,6.0192,6.0516,5.9952,-0.0038,-0.0046,0.0636,0.0598,-2.8782,0.1982,-0.0024,-1.4405
1791282208.0434,0.0194,0.4159,0.2000,-0.0018,6.0696,6.0671,6.0516,5.9952,-0.0038,-0.0046,0.0636,0.0614,-2.8785,0.1990,-0.0072,-1.4410
1791282208.0621,0.0187,1.7864,0.2000,-0.0018,6.0696,6.0671,6.0516,5.9952,-0.0038,-0.0046,0.0636,0.0598,-2.8786,0.1990,-0.0072,-1.4411
1791282208.0825,0.0204,1.0404,0.2000,-0.0018,6.0696,6.0671,6.0516,6.0192,-0.0038,-0.0046,0.0636,0.0614,-2.8799,0.1994,-0.0048,-1.4414
1791282208.1021,0.0196,0.5948,0.2000,-0.0018,6.0696,6.1151,6.0516,6.0432,-0.0038,-0.0046,0.0636,0.0614,-2.8804,0.2006,-0.0072,-1.4417
1791282208.1229,0.0209,0.8934,0.2000,-0.0018,6.0696,6.1391,6.0516,6.0432,-0.0038,-0.0046,0.0636,0.0614,-2.8800,0.2010,-0.0095,-1.4414
1791282208.1423,0.0193,2.2029,0.2000,-0.0018,6.0696,6.1391,6.0516,6.0671,-0.0038,-0.0046,0.0636,0.0598,-2.8809,0.2014,-0.0072,-1.4422
1791282208.1643,0.0220,0.9723,0.2000,-0.0018,6.0696,6.1391,6.0516,6.0432,-0.0038,-0.0046,0.0636,0.0614,-2.8816,0.2010,-0.0095,-1.4422
1791282208.1821,0.0177,0.6082,0.2000,-0.0013,6.0672,6.1391,6.0540,6.0192,-0.0032,-0.0046,0.0736,0.0614,-2.8812,0.2006,-0.0119,-1.4420
1791282208.2028,0.0207,0.4989,0.2000,-0.0013,6.0672,6.0911,6.0540,6.0192,-0.0032,-0.0046,0.0736,0.0614,-2.8804,0.1998,-0.0072,-1.4421
1791282208.2233,0.0206,0.4254,0.2000,-0.0013,6.0672,6.0911,6.0540,6.0671,-0.0032,-0.0046,0.0736,0.0629,-2.8813,0.2006,-0.0024,-1.4422
1791282208.2421,0.0188,0.4154,0.2000,-0.0013,6.0672,6.0911,6.0540,6.0671,-0.0032,-0.0046,0.0736,0.0644,-2.8812,0.2006,-0.0024,-1.4422
1791282208.2627,0.0206,1.1650,0.2000,-0.0013,6.0672,6.0671,6.0540,5.9952,-0.0032,-0.0046,0.0736,0.0660,-2.8806,0.1990,-0.0072,-1.4419
1791282208.2823,0.0196,1.3235,0.2000,-0.0013,6.0672,6.0432,6.0540,6.0192,-0.0032,-0.0046,0.0736,0.0690,-2.8812,0.1990,-0.0024,-1.4414
1791282208.3021,0.0197,0.3993,0.2000,-0.0013,6.0672,6.0671,6.0540,6.0192,-0.0032,-0.0046,0.0736,0.0706,-2.8820,0.1994,-0.0048,-1.4420
1791282208.3230,0.0210,0.2898,0.2000,-0.0013,6.0672,6.0671,6.0540,5.9952,-0.0032,-0.0046,0.0736,0.0721,-2.8813,0.1990,-0.0072,-1.4419
1791282208.3423,0.0192,0.4663,0.2000,-0.0013,6.0672,6.0432,6.0540,6.0192,-0.0032,-0.0046,0.0736,0.0706,-2.8813,0.1990,-0.0024,-1.4419
1791282208.3622,0.0200,0.9565,0.2000,-0.0013,6.0672,6.0432,6.0540,6.0432,-0.0032,-0.0046,0.0736,0.0721,-2.8817,0.1994,0.0000,-1.4421
1791282208.3827,0.0204,0.4216,0.2000,-0.0013,6.0672,6.0671,6.0540,6.0432,-0.0032,-0.0046,0.0736,0.0721,-2.8809,0.1998,-0.0024,-1.4419
1791282208.4020,0.0193,0.4203,0.2000,-0.0009,6.0653,6.0432,6.0559,6.0432,-0.0027,-0.0046,0.0774,0.0706,-2.8817,0.1994,0.0000,-1.4417
1791282208.4232,0.0212,0.3813,0.2000,-0.0009,6.0653,6.0432,6.0559,6.0192,-0.0027,-0.0046,0.0774,0.0721,-2.8830,0.1990,-0.0024,-1.4419
1791282208.4423,0.0191,1.5055,0.2000,-0.0009,6.0653,6.0671,6.0559,6.0432,-0.0027,-0.0046,0.0774,0.0721,-2.8825,0.1998,-0.0024,-1.4420
1791282208.4624,0.0201,0.4564,0.2000,-0.0009,6.0653,6.0432,6.0559,6.0192,-0.0027,-0.0046,0.0774,0.0736,-2.8824,0.1990,-0.0024,-1.4417
1791282208.4839,0.0215,1.1319,0.2000,-0.0009,6.0653,6.0192,6.0559,6.0192,-0.0027,-0.0046,0.0774,0.0736,-2.8835,0.1986,0.0000,-1.4417
1791282208.5021,0.0181,0.4289,0.2000,-0.0009,6.0653,6.0432,6.0559,5.9952,-0.0027,-0.0046,0.0774,0.0752,-2.8831,0.1986,-0.0048,-1.4422
1791282208.5224,0.0204,0.3986,0.2000,-0.0009,6.0653,5.9952,6.0559,5.9952,-0.0027,-0.0046,0.0774,0.0736,-2.8826,0.1978,0.0000,-1.4412
1791282208.5427,0.0203,0.4810,0.2000,-0.0009,6.0653,5.9952,6.0559,6.0192,-0.0027,-0.0046,0.0774,0.0752,-2.8839,0.1982,0.0025,-1.4417
1791282208.5622,0.0194,0.6860,0.2000,-0.0009,6.0653,6.0432,6.0559,5.9712,-0.0027,-0.0046,0.0774,0.0752,-2.8844,0.1982,-0.0072,-1.4417
1791282208.5828,0.0207,0.4478,0.2000,-0.0009,6.0653,6.0432,6.0559,5.9952,-0.0027,-0.0046,0.0774,0.0752,-2.8831,0.1986,-0.0048,-1.4411
1791282208.6021,0.0193,0.5832,0.2000,-0.0009,6.0653,6.0192,6.0559,6.0432,-0.0027,-0.0046,0.0774,0.0752,-2.8834,0.1990,0.0025,-1.4413
1791282208.6229,0.0208,0.4555,0.2000,-0.0009,6.0653,6.0671,6.0559,6.0911,-0.0027,-0.0046,0.0774,0.0752,-2.8842,0.2006,0.0025,-1.4409
1791282208.6420,0.0191,0.4425,0.2000,-0.0009,6.0653,6.1151,6.0559,6.0671,-0.0027,-0.0046,0.0774,0.0752,-2.8836,0.2010,-0.0048,-1.4403
1791282208.6621,0.0200,0.4984,0.2000,-0.0009,6.0653,6.0911,6.0559,6.0671,-0.0027,-0.0046,0.0774,0.0752,-2.8838,0.2006,-0.0024,-1.4403
1791282208.6829,0.0208,2.5023,0.2000,-0.0009,6.0653,6.0911,6.0559,6.0432,-0.0027,-0.0046,0.0774,0.0752,-2.8844,0.2002,-0.0048,-1.4402
1791282208.7023,0.0194,0.6728,0.2000,-0.0009,6.0653,6.1151,6.0559,6.0671,-0.0027,-0.0046,0.0774,0.0752,-2.8840,0.2010,-0.0048,-1.4400
1791282208.7249,0.0226,0.4461,0.2000,0.0018,6.0520,6.0911,6.0693,6.0911,0.0007,-0.0046,0.0901,0.0752,-2.8839,0.2010,0.0000,-1.4400
1791282208.7421,0.0172,3.8596,0.2000,0.0018,6.0520,6.0911,6.0693,6.0911,0.0007,-0.0046,0.0901,0.0752,-2.8842,0.2010,0.0000,-1.4392
1791282208.7622,0.0201,0.5485,0.2000,0.0018,6.0520,6.0671,6.0693,6.0911,0.0007,-0.0046,0.0901,0.0752,-2.8842,0.2006,0.0025,-1.4397
1791282208.7821,0.0199,0.7394,0.2000,0.0018,6.0520,6.0192,6.0693,6.0671,0.0007,-0.0031,0.0901,0.0782,-2.8834,0.1994,0.0050,-1.4392
1791282208.8027,0.0206,0.8726,0.2000,0.0018,6.0520,5.9712,6.0693,6.0671,0.0007,-0.0015,0.0901,0.0828,-2.8833,0.1986,0.0100,-1.4389
1791282208.8240,0.0213,0.3019,0.2000,0.0018,6.0520,6.0432,6.0693,6.0911,0.0007,-0.0015,0.0901,0.0859,-2.8829,0.2002,0.0050,-1.4389
1791282208.8424,0.0184,1.3215,0.2000,0.0018,6.0520,6.0192,6.0693,6.0911,0.0007,-0.0015,0.0901,0.0874,-2.8825,0.1998,0.0075,-1.4387
1791282208.8621,0.0197,0.4002,0.2000,0.0018,6.0520,5.9952,6.0693,6.0671,0.0007,-0.0015,0.0901,0.0874,-2.8820,0.1990,0.0075,-1.4384
1791282208.8822,0.0201,0.6005,0.2000,0.0018,6.0520,5.9712,6.0693,6.0671,0.0007,-0.0015,0.0901,0.0874,-2.8817,0.1986,0.0100,-1.4389
1791282208.9021,0.0199,0.5073,0.2000,0.0018,6.0520,5.9952,6.0693,6.0911,0.0007,-0.0015,0.0901,0.0890,-2.8806,0.1994,0.0100,-1.4389
1791282208.9224,0.0203,0.3466,0.2000,0.0018,6.0520,5.9952,6.0693,6.0911,0.0007,-0.0015,0.0901,0.0890,-2.8795,0.1994,0.0100,-1.4391
1791282208.9422,0.0198,1.7759,0.2000,0.0018,6.0520,6.0192,6.0693,6.1391,0.0007,-0.0015,0.0901,0.0890,-2.8789,0.2006,0.0126,-1.4391
1791282208.9627,0.0206,1.3059,0.2000,0.0018,6.0520,6.0432,6.0693,6.1151,0.0007,-0.0015,0.0901,0.0874,-2.8776,0.2006,0.0075,-1.4396
1791282208.9821,0.0194,5.9971,0.2000,0.0018,6.0520,5.9952,6.0693,6.0671,0.0007,0.0015,0.0901,0.0874,-2.8773,0.1990,0.0075,-1.4392
1791282209.0021,0.0200,3.1875,0.2000,0.0037,6.0429,5.9952,6.0783,6.0432,0.0031,-0.0015,0.0958,0.0890,-2.8769,0.1986,0.0050,-1.4397
1791282209.0260,0.0239,0.8296,0.2000,0.0037,6.0429,6.0192,6.0783,6.0192,0.0031,-0.0015,0.0958,0.0890,-2.8762,0.1986,0.0000,-1.4405
1791282209.0433,0.0173,0.4501,0.2000,0.0037,6.0429,6.0192,6.0783,5.9952,0.0031,-0.0015,0.0958,0.0890,-2.8760,0.1982,-0.0024,-1.4404
1791282209.0636,0.0203,0.6156,0.2000,0.0037,6.0429,5.9952,6.0783,5.9952,0.0031,0.0000,0.0958,0.0905,-2.8764,0.1978,0.0000,-1.4410
1791282209.0822,0.0186,1.0127,0.2000,0.0037,6.0429,6.0192,6.0783,6.0192,0.0031,0.0015,0.0958,0.0920,-2.8768,0.1986,0.0000,-1.4413
1791282209.1021,0.0199,0.9711,0.2000,0.0037,6.0429,6.0192,6.0783,5.9952,0.0031,0.0015,0.0958,0.0936,-2.8770,0.1982,-0.0024,-1.4413
1791282209.1224,0.0204,0.3646,0.2000,0.0037,6.0429,6.0671,6.0783,6.0432,0.0031,0.0015,0.0958,0.0936,-2.8773,0.1998,-0.0024,-1.4418
1791282209.1438,0.0214,0.4367,0.2000,0.0037,6.0429,6.0911,6.0783,6.0671,0.0031,0.0015,0.0958,0.0920,-2.8773,0.2006,-0.0024,-1.4418
1791282209.1621,0.0183,0.4461,0.2000,0.0037,6.0429,6.0911,6.0783,6.0671,0.0031,0.0015,0.0958,0.0936,-2.8767,0.2006,-0.0024,-1.4419
1791282209.1821,0.0200,0.5394,0.2000,0.0037,6.0429,6.1151,6.0783,6.0671,0.0031,0.0015,0.0958,0.0920,-2.8768,0.2010,-0.0048,-1.4419
1791282209.2032,0.0211,0.4152,0.2000,0.0037,6.0429,6.1391,6.0783,6.0911,0.0031,0.0015,0.0958,0.0936,-2.8768,0.2018,-0.0048,-1.4419
1791282209.2236,0.0204,3.3282,0.2000,0.0037,6.0429,6.1151,6.0783,6.0671,0.0031,0.0015,0.0958,0.0936,-2.8766,0.2010,-0.0048,-1.4416
1791282209.2430,0.0194,0.9040,0.2000,0.0041,6.0411,6.0911,6.0801,6.0671,0.0035,0.0015,0.1026,0.0936,-2.8766,0.2006,-0.0024,-1.4419
1791282209.2633,0.0202,0.4236,0.2000,0.0041,6.0411,6.0911,6.0801,6.0671,0.0035,0.0015,0.1026,0.0936,-2.8768,0.2006,-0.0024,-1.4419
1791282209.2822,0.0189,4.0546,0.2000,0.0041,6.0411,6.0671,6.0801,6.0432,0.0035,0.0015,0.1026,0.0936,-2.8764,0.1998,-0.0024,-1.4418
1791282209.3021,0.0199,0.3767,0.2000,0.0041,6.0411,6.0432,6.0801,6.0432,0.0035,0.0015,0.1026,0.0966,-2.8758,0.1994,0.0000,-1.4413
1791282209.3230,0.0209,0.2963,0.2000,0.0041,6.0411,6.0432,6.0801,6.0671,0.0035,0.0015,0.1026,0.0982,-2.8756,0.1998,0.0025,-1.4413
1791282209.3423,0.0193,1.3396,0.2000,0.0041,6.0411,6.0432,6.0801,6.0911,0.0035,0.0015,0.1026,0.0997,-2.8752,0.2002,0.0050,-1.4408
1791282209.3621,0.0198,0.5645,0.2000,0.0041,6.0411,6.0192,6.0801,6.0671,0.0035,0.0015,0.1026,0.0997,-2.8748,0.1994,0.0050,-1.4408
1791282209.3821,0.0200,0.4176,0.2000,0.0041,6.0411,6.0192,6.0801,6.0671,0.0035,0.0015,0.1026,0.1012,-2.8745,0.1994,0.0050,-1.4405
1791282209.4021,0.0200,0.3935,0.2000,0.0041,6.0411,6.0192,6.0801,6.0671,0.0035,0.0015,0.1026,0.1012,-2.8743,0.1994,0.0050,-1.4410
1791282209.4234,0.0213,1.0941,0.2000,0.0041,6.0411,5.9952,6.0801,6.0671,0.0035,0.0015,0.1026,0.1012,-2.8732,0.1990,0.0075,-1.4403
1791282209.4421,0.0187,0.4177,0.2000,0.0041,6.0411,5.9952,6.0801,6.0911,0.0035,0.0015,0.1026,0.1012,-2.8730,0.1994,0.0100,-1.4402
1791282209.4625,0.0204,4.3342,0.2000,0.0041,6.0411,6.0192,6.0801,6.0911,0.0035,0.0015,0.1026,0.1012,-2.8735,0.1998,0.0075,-1.4403
1791282209.4827,0.0202,2.8836,0.2000,0.0020,6.0511,6.0192,6.0701,6.0671,0.0009,0.0015,0.1195,0.0997,-2.8737,0.1994,0.0050,-1.4400
1791282209.5023,0.0196,0.7479,0.2000,0.0020,6.0511,5.9952,6.0701,6.0432,0.0009,0.0015,0.1195,0.1012,-2.8735,0.1986,0.0050,-1.4397
1791282209.5225,0.0202,0.4248,0.2000,0.0020,6.0511,6.0192,6.0701,6.0432,0.0009,0.0015,0.1195,0.1012,-2.8738,0.1990,0.0025,-1.4397
1791282209.5422,0.0197,1.0572,0.2000,0.0020,6.0511,6.0432,6.0701,6.0432,0.0009,0.0015,0.1195,0.1043,-2.8742,0.1994,0.0000,-1.4397
1791282209.5640,0.0218,0.8950,0.2000,0.0020,6.0511,5.9952,6.0701,6.0192,0.0009,0.0015,0.1195,0.1104,-2.8740,0.1982,0.0025,-1.4392
1791282209.5821,0.0181,0.5447,0.2000,0.0020,6.0511,5.9952,6.0701,5.9952,0.0009,0.0015,0.1195,0.1135,-2.8738,0.1978,0.0000,-1.4394
1791282209.6020,0.0199,0.3974,0.2000,0.0020,6.0511,5.9952,6.0701,6.0432,0.0009,0.0015,0.1195,0.1150,-2.8735,0.1986,0.0050,-1.4390
1791282209.6232,0.0212,1.8973,0.2000,0.0020,6.0511,5.9952,6.0701,6.0432,0.0009,0.0015,0.1195,0.1166,-2.8733,0.1986,0.0050,-1.4386
1791282209.6420,0.0188,1.4690,0.2000,0.0020,6.0511,6.0192,6.0701,6.0432,0.0009,0.0015,0.1195,0.1181,-2.8734,0.1990,0.0025,-1.4389
1791282209.6621,0.0200,0.4976,0.2000,0.0020,6.0511,6.0432,6.0701,6.0432,0.0009,0.0015,0.1195,0.1181,-2.8736,0.1994,0.0000,-1.4383
1791282209.6824,0.0203,1.5809,0.2000,0.0020,6.0511,6.0432,6.0701,6.0671,0.0009,0.0015,0.1195,0.1181,-2.8736,0.1998,0.0025,-1.4376
1791282209.7021,0.0197,0.4661,0.2000,0.0020,6.0511,6.0671,6.0701,6.0671,0.0009,0.0015,0.1195,0.1181,-2.8740,0.2002,0.0000,-1.4378
1791282209.7234,0.0213,0.5930,0.2000,0.0020,6.0511,6.1151,6.0701,6.0671,0.0009,0.0000,0.1195,0.1181,-2.8739,0.2010,-0.0048,-1.4375
1791282209.7421,0.0187,0.7445,0.2000,0.0024,6.0492,6.0911,6.0720,6.0671,0.0014,0.0015,0.1222,0.1181,-2.8732,0.2006,-0.0024,-1.4373
1791282209.7621,0.0200,0.6693,0.2000,0.0024,6.0492,6.0911,6.0720,6.0911,0.0014,0.0015,0.1222,0.1181,-2.8727,0.2010,0.0000,-1.4371
1791282209.7823,0.0202,0.4962,0.2000,0.0024,6.0492,6.0671,6.0720,6.1151,0.0014,0.0015,0.1222,0.1181,-2.8725,0.2010,0.0050,-1.4367
1791282209.8021,0.0197,1.0027,0.2000,0.0024,6.0492,6.0432,6.0720,6.0911,0.0014,0.0015,0.1222,0.1197,-2.8718,0.2002,0.0050,-1.4363
1791282209.8240,0.0219,3.4781,0.2000,0.0024,6.0492,5.9952,6.0720,6.0911,0.0014,0.0015,0.1222,0.1197,-2.8716,0.1994,0.0100,-1.4360
1791282209.8423,0.0183,2.8117,0.2000,0.0024,6.0492,5.9952,6.0720,6.0671,0.0014,0.0015,0.1222,0.1212,-2.8711,0.1990,0.0075,-1.4359
1791282209.8627,0.0204,0.7321,0.2000,0.0024,6.0492,5.9952,6.0720,6.0911,0.0014,0.0015,0.1222,0.1197,-2.8705,0.1994,0.0100,-1.4354
1791282209.8833,0.0206,0.8615,0.2000,0.0024,6.0492,5.9712,6.0720,6.0911,0.0014,0.0015,0.1222,0.1197,-2.8706,0.1990,0.0126,-1.4354
1791282209.9020,0.0187,0.4593,0.2000,0.0024,6.0492,5.9712,6.0720,6.0911,0.0014,0.0015,0.1222,0.1197,-2.8707,0.1990,0.0126,-1.4357
1791282209.9234,0.0214,0.3473,0.2000,0.0024,6.0492,5.9712,6.0720,6.0671,0.0014,0.0015,0.1222,0.1212,-2.8702,0.1986,0.0100,-1.4359
1791282209.9422,0.0188,0.5938,0.2000,0.0024,6.0492,5.9712,6.0720,6.0671,0.0014,0.0015,0.1222,0.1212,-2.8697,0.1986,0.0100,-1.4359
1791282209.9621,0.0199,0.7849,0.2000,0.0024,6.0492,5.9712,6.0720,6.0911,0.0014,0.0015,0.1222,0.1212,-2.8696,0.1990,0.0126,-1.4355
1791282209.9821,0.0200,1.8594,0.2000,0.0024,6.0492,5.9952,6.0720,6.1151,0.0014,0.0015,0.1222,0.1212,-2.8697,0.1998,0.0126,-1.4362
1791282210.0021,0.0200,1.1947,0.2000,0.0024,6.0492,5.9952,6.0720,6.0911,0.0014,0.0015,0.1222,0.1197,-2.8695,0.1994,0.0100,-1.4363
1791282210.0241,0.0220,0.3211,0.2000,0.0024,6.0492,5.9952,6.0720,6.0671,0.0014,0.0015,0.1222,0.1212,-2.8696,0.1990,0.0075,-1.4368
1791282210.0421,0.0179,0.6936,0.2000,0.0024,6.0492,6.0192,6.0720,6.0671,0.0014,0.0015,0.1222,0.1212,-2.8697,0.1994,0.0050,-1.4368
1791282210.0629,0.0208,0.6320,0.2000,0.0024,6.0492,6.0192,6.0720,6.0432,0.0014,0.0015,0.1222,0.1212,-2.8701,0.1990,0.0025,-1.4375
1791282210.0829,0.0200,4.4890,0.2000,0.0028,6.0474,6.0192,6.0738,6.0192,0.0019,0.0015,0.1471,0.1212,-2.8705,0.1986,0.0000,-1.4376
1791282210.1020,0.0191,0.4412,0.2000,0.0028,6.0474,6.0432,6.0738,6.0192,0.0019,0.0015,0.1471,0.1212,-2.8706,0.1990,-0.0024,-1.4381
1791282210.1225,0.0205,0.2906,0.2000,0.0028,6.0474,6.0432,6.0738,6.0432,0.0019,0.0015,0.1471,0.1212,-2.8702,0.1994,0.0000,-1.4381
1791282210.1421,0.0196,0.5108,0.2000,0.0028,6.0474,5.9952,6.0738,6.0432,0.0019,0.0015,0.1471,0.1258,-2.8699,0.1986,0.0050,-1.4382
1791282210.1644,0.0223,0.5041,0.2000,0.0028,6.0474,6.0192,6.0738,6.0432,0.0019,0.0015,0.1471,0.1319,-2.8701,0.1990,0.0025,-1.4382
1791282210.1837,0.0193,0.4047,0.2000,0.0028,6.0474,6.0432,6.0738,6.0671,0.0019,0.0015,0.1471,0.1381,-2.8705,0.1998,0.0025,-1.4382
1791282210.2025,0.0188,2.4237,0.2000,0.0028,6.0474,6.0671,6.0738,6.0432,0.0019,0.0015,0.1471,0.1396,-2.8710,0.1998,-0.0024,-1.4383
1791282210.2230,0.0205,2.0381,0.2000,0.0028,6.0474,6.0911,6.0738,6.0192,0.0019,0.0015,0.1471,0.1411,-2.8715,0.1998,-0.0072,-1.4386
1791282210.2426,0.0196,1.2839,0.2000,0.0028,6.0474,6.1151,6.0738,6.0432,0.0019,0.0015,0.1471,0.1427,-2.8716,0.2006,-0.0072,-1.4387
1791282210.2637,0.0211,0.3935,0.2000,0.0028,6.0474,6.1151,6.0738,6.0671,0.0019,0.0015,0.1471,0.1442,-2.8717,0.2010,-0.0048,-1.4383
1791282210.2821,0.0184,0.5001,0.2000,0.0028,6.0474,6.0911,6.0738,6.0671,0.0019,0.0015,0.1471,0.1442,-2.8721,0.2006,-0.0024,-1.4387
1791282210.3021,0.0200,0.4633,0.2000,0.0028,6.0474,6.0911,6.0738,6.0671,0.0019,0.0015,0.1471,0.1442,-2.8719,0.2006,-0.0024,-1.4386
1791282210.3237,0.0216,0.8636,0.2000,0.0028,6.0474,6.0671,6.0738,6.0911,0.0019,0.0015,0.1471,0.1442,-2.8715,0.2006,0.0025,-1.4381
1791282210.3437,0.0201,0.6660,0.1900,0.0000,5.7567,6.0432,5.7567,6.0911,0.0019,0.0015,0.1471,0.1427,-2.8714,0.2002,0.0050,-1.4381
1791282210.3621,0.0184,2.9285,0.1808,0.0000,5.4785,6.0671,5.4785,6.0671,0.0019,0.0015,0.1471,0.1442,-2.8716,0.2002,0.0000,-1.4382
1791282210.3821,0.0200,2.4864,0.1708,0.0000,5.1750,6.0432,5.1750,6.0432,0.0019,0.0015,0.1471,0.1442,-2.8715,0.1994,0.0000,-1.4377
1791282210.4023,0.0202,0.4359,0.1607,0.0000,4.8685,5.9712,4.8685,5.9952,0.0019,0.0015,0.1471,0.1442,-2.8714,0.1974,0.0025,-1.4379
1791282210.4240,0.0216,0.3205,0.1498,0.0000,4.5406,5.8513,4.5406,5.8513,0.0019,0.0015,0.1471,0.1442,-2.8717,0.1931,0.0000,-1.4377
1791282210.4422,0.0182,0.5222,0.1407,0.0000,4.2647,5.6595,4.2647,5.6835,0.0019,0.0015,0.1471,0.1442,-2.8714,0.1872,0.0025,-1.4381
1791282210.4621,0.0199,0.4250,0.1308,0.0000,3.9634,5.4197,3.9634,5.4676,0.0019,0.0015,0.1471,0.1442,-2.8710,0.1796,0.0050,-1.4374
1791282210.4827,0.0206,0.5577,0.1205,0.0000,3.6514,5.1559,3.6514,5.1799,0.0019,0.0015,0.1471,0.1442,-2.8710,0.1705,0.0025,-1.4378
1791282210.5022,0.0195,3.9370,0.1108,0.0000,3.3563,4.8681,3.3563,4.8681,0.0019,0.0015,0.1471,0.1442,-2.8709,0.1606,0.0000,-1.4371
1791282210.5224,0.0203,0.3660,0.1006,0.0000,3.0494,4.5803,3.0494,4.6043,0.0019,0.0015,0.1471,0.1427,-2.8705,0.1515,0.0025,-1.4374
1791282210.5439,0.0215,0.6008,0.0899,0.0000,2.7236,4.2686,2.7236,4.2926,0.0019,0.0015,0.1471,0.1442,-2.8700,0.1413,0.0025,-1.4373
1791282210.5621,0.0182,0.9355,0.0808,0.0000,2.4480,4.1247,2.4480,4.1487,0.0019,0.0015,0.1471,0.1442,-2.8698,0.1365,0.0025,-1.4371
1791282210.5822,0.0201,2.8978,0.0707,0.0000,2.1435,3.8369,2.1435,3.8609,0.0019,0.0015,0.1471,0.1442,-2.8698,0.1270,0.0025,-1.4374
1791282210.6021,0.0199,3.3036,0.0608,0.0000,1.8425,3.5731,1.8425,3.5252,0.0019,0.0015,0.1471,0.1427,-2.8699,0.1171,-0.0048,-1.4371
1791282210.6307,0.0287,1.7475,0.0465,0.0000,1.4081,3.1175,1.4081,3.0935,0.0019,0.0015,0.1471,0.1442,-2.8696,0.1025,-0.0024,-1.4370
1791282210.6426,0.0118,3.5532,0.0405,0.0000,1.2287,2.9496,1.2287,2.9496,0.0019,0.0015,0.1471,0.1442,-2.8695,0.0973,0.0000,-1.4373
1791282210.6623,0.0197,3.3045,0.0307,0.0000,0.9295,2.6619,0.9295,2.6379,0.0019,0.0015,0.1471,0.1442,-2.8697,0.0874,-0.0024,-1.4375
1791282210.6822,0.0198,5.8468,0.0208,0.0000,0.6290,2.3501,0.6290,2.3261,0.0019,0.0015,0.1471,0.1442,-2.8698,0.0772,-0.0024,-1.4373
1791282210.7022,0.0200,4.2536,0.0108,0.0000,0.3259,1.9904,0.3259,2.0144,0.0019,0.0015,0.1471,0.1442,-2.8696,0.0661,0.0026,-1.4371
1791282210.7224,0.0203,0.3117,0.0006,0.0000,0.0188,1.7026,0.0188,1.7026,0.0019,0.0015,0.1471,0.1427,-2.8695,0.0562,0.0000,-1.4370
1791282210.7421,0.0197,3.3680,0.0000,0.0000,0.0000,1.4149,0.0000,1.4149,0.0019,0.0015,0.1471,0.1442,-2.8696,0.0467,0.0000,-1.4370
1791282210.7621,0.0200,0.4676,0.0000,0.0000,0.0000,1.1031,0.0000,1.1031,0.0019,0.0015,0.1471,0.1442,-2.8698,0.0364,0.0000,-1.4370
1791282210.7824,0.0203,1.0120,0.0000,0.0000,0.0000,0.7914,0.0000,0.7674,0.0019,0.0015,0.1471,0.1442,-2.8698,0.0257,-0.0025,-1.4371
1791282210.8027,0.0203,0.4513,0.0000,0.0000,0.0000,0.5276,0.0000,0.5036,0.0019,0.0015,0.1471,0.1442,-2.8698,0.0170,-0.0025,-1.4371
1791282210.8230,0.0203,0.8136,0.0000,0.0000,0.0000,0.2878,0.0000,0.2878,0.0019,0.0015,0.1471,0.1442,-2.8698,0.0095,0.0000,-1.4371
1791282210.8428,0.0198,2.8185,0.0000,0.0000,0.0000,0.1439,0.0000,0.1679,0.0019,0.0015,0.1471,0.1442,-2.8698,0.0051,0.0026,-1.4370
1791282210.8621,0.0193,0.4802,0.0000,0.0000,0.0000,0.0719,0.0000,0.0959,0.0019,0.0015,0.1471,0.1427,-2.8698,0.0028,0.0026,-1.4370
1791282210.8822,0.0201,0.5953,0.0000,0.0000,0.0000,0.0240,0.0000,0.0240,0.0019,0.0015,0.1471,0.1442,-2.8698,0.0008,0.0000,-1.4371
1791282210.9020,0.0198,0.4608,0.0000,0.0000,0.0000,0.0240,0.0000,0.0000,0.0019,0.0015,0.1471,0.1427,-2.8698,0.0004,-0.0025,-1.4371
1791282210.9224,0.0204,0.5393,0.0000,0.0000,0.0000,0.0000,0.0000,0.0000,0.0019,0.0015,0.1471,0.1442,-2.8698,0.0000,0.0000,-1.4371
1791282210.9437,0.0213,0.9605,0.0107,0.0073,0.2900,0.0000,0.3563,0.0000,0.0075,0.0015,0.1025,0.1442,-2.8698,0.0000,0.0000,-1.4371
1791282210.9621,0.0184,0.5600,0.0199,0.0073,0.5683,0.0000,0.6348,0.0000,0.0075,0.0015,0.0640,0.1427,-2.8698,0.0000,0.0000,-1.4371
1791282210.9821,0.0199,0.7361,0.0298,0.0073,0.8704,0.0000,0.9371,0.0000,0.0075,0.0015,0.0490,0.1427,-2.8698,0.0000,0.0000,-1.4371
1791282211.0037,0.0217,0.4149,0.0407,0.0073,1.1985,0.0480,1.2655,0.0719,0.0075,0.0046,0.0490,0.1335,-2.8698,0.0020,0.0026,-1.4370
1791282211.0230,0.0193,0.4594,0.0503,0.0073,1.4903,0.1679,1.5576,0.1918,0.0075,0.0061,0.0490,0.1104,-2.8698,0.0059,0.0026,-1.4368
1791282211.0427,0.0197,0.4240,0.0602,0.0073,1.7890,0.3118,1.8565,0.3837,0.0075,0.0061,0.0490,0.0859,-2.8699,0.0115,0.0079,-1.4366
1791282211.0628,0.0201,0.4856,0.0702,0.0073,2.0927,0.5516,2.1605,0.6235,0.0075,0.0061,0.0490,0.0706,-2.8699,0.0194,0.0078,-1.4366
1791282211.0828,0.0200,0.6276,0.0802,0.0073,2.3957,0.8633,2.4637,0.9113,0.0075,0.0061,0.0490,0.0629,-2.8697,0.0293,0.0052,-1.4361
1791282211.1027,0.0200,0.4600,0.0902,0.0073,2.6981,1.1511,2.7663,1.1990,0.0075,0.0061,0.0490,0.0568,-2.8694,0.0388,0.0052,-1.4365
1791282211.1230,0.0203,0.3298,0.1003,0.0073,3.0056,1.4388,3.0741,1.5108,0.0075,0.0061,0.0490,0.0537,-2.8691,0.0487,0.0078,-1.4361
1791282211.1424,0.0193,0.6473,0.1100,0.0073,3.2982,1.7026,3.3669,1.8225,0.0075,0.0061,0.0490,0.0522,-2.8685,0.0582,0.0129,-1.4358
1791282211.1621,0.0197,0.5395,0.1198,0.0073,3.5969,1.9904,3.6657,2.0863,0.0075,0.0061,0.0490,0.0522,-2.8682,0.0673,0.0103,-1.4356
1791282211.1822,0.0202,0.5268,0.1097,0.0678,3.0047,2.1343,3.6465,2.2062,0.0498,0.0061,0.0913,0.0506,-2.8682,0.0716,0.0077,-1.4353
1791282211.2034,0.0212,2.3559,0.0991,0.1086,2.4917,2.5899,3.5173,2.6619,0.0941,0.0061,0.1357,0.0506,-2.8686,0.0867,0.0077,-1.4350
1791282211.2227,0.0193,0.5926,0.0895,0.1086,2.2011,2.9017,3.2230,2.9496,0.1342,0.0077,0.1761,0.0522,-2.8691,0.0965,0.0051,-1.4355
1791282211.2429,0.0202,5.1698,0.0794,0.1086,1.8973,3.0216,2.9153,3.0935,0.1342,0.0138,0.2184,0.0568,-2.8693,0.1009,0.0076,-1.4350
1791282211.2621,0.0192,0.4142,0.0698,0.1086,1.6083,3.0695,2.6227,3.2854,0.1342,0.0322,0.2586,0.0767,-2.8689,0.1049,0.0228,-1.4334
1791282211.2824,0.0202,5.4338,0.0597,0.1086,1.3035,2.9496,2.3141,3.4053,0.1342,0.0614,0.3010,0.1028,-2.8673,0.1049,0.0482,-1.4317
1791282211.3021,0.0197,4.3029,0.0498,0.1086,1.0070,2.6619,2.0138,3.3813,0.1342,0.0859,0.3422,0.1350,-2.8653,0.0997,0.0762,-1.4293
1791282211.3224,0.0203,0.3086,0.0397,0.1086,0.7010,2.3741,1.7040,3.2134,0.1342,0.1028,0.3848,0.1749,-2.8630,0.0922,0.0891,-1.4272
1791282211.3421,0.0197,0.4311,0.0298,0.1086,0.4042,2.0863,1.4035,2.9976,0.1342,0.1135,0.3923,0.2102,-2.8608,0.0839,0.0971,-1.4251
1791282211.3637,0.0216,0.4576,0.0190,0.1086,0.0791,1.7746,1.0745,2.7338,0.1342,0.1212,0.3923,0.2500,-2.8586,0.0744,0.1025,-1.4227
1791282211.3821,0.0184,0.4267,0.0098,0.1086,-0.1985,1.4628,0.7935,2.4221,0.1342,0.1258,0.3923,0.2945,-2.8565,0.0641,0.1029,-1.4205
1791282211.4056,0.0235,1.0095,-0.0019,0.1086,-0.5531,1.1271,0.4359,2.1103,0.1342,0.1289,0.3923,0.3283,-2.8543,0.0534,0.1059,-1.4185
1791282211.4226,0.0170,0.4073,-0.0105,0.1086,-0.8124,0.8153,0.1790,1.7986,0.1342,0.1304,0.3923,0.3513,-2.8521,0.0431,0.1063,-1.4160
1791282211.4421,0.0194,0.5272,-0.0007,0.0503,-0.2516,0.5036,0.2067,1.4868,0.1342,0.1319,0.3923,0.3666,-2.8501,0.0328,0.1067,-1.4138
1791282211.4621,0.0200,0.5101,0.0000,0.0000,0.0000,0.2158,0.0000,1.1990,0.1342,0.1319,0.3923,0.3758,-2.8478,0.0233,0.1071,-1.4118
1791282211.4823,0.0202,0.5898,0.0000,0.0000,0.0000,0.0000,0.0000,0.9113,0.1342,0.1304,0.3923,0.3820,-2.8461,0.0150,0.0996,-1.4100
1791282211.5031,0.0208,0.5881,0.0000,0.0000,0.0000,-0.1918,0.0000,0.6235,0.1342,0.1319,0.3923,0.3866,-2.8443,0.0071,0.0894,-1.4081
1791282211.5229,0.0198,0.2687,0.0000,0.0000,0.0000,-0.2878,0.0000,0.4317,0.1342,0.1319,0.3923,0.3881,-2.8430,0.0024,0.0790,-1.4073
1791282211.5421,0.0191,0.3984,0.0000,0.0000,0.0000,-0.2158,0.0000,0.2398,0.1342,0.1319,0.3923,0.3896,-2.8424,0.0004,0.0501,-1.4068
1791282211.5621,0.0200,0.5493,0.0000,0.0000,0.0000,-0.0959,0.0000,0.1439,0.1342,0.1319,0.3923,0.3912,-2.8420,0.0008,0.0263,-1.4066
1791282211.5827,0.0206,0.5485,0.0000,0.0000,0.0000,-0.0240,0.0000,0.0719,0.1342,0.1319,0.3923,0.3912,-2.8420,0.0008,0.0105,-1.4068
1791282211.6021,0.0194,0.4179,0.0000,0.0000,0.0000,0.0000,0.0000,0.0240,0.1342,0.1319,0.3923,0.3912,-2.8419,0.0004,0.0026,-1.4066
1791282211.6242,0.0221,1.0202,0.0000,0.0000,0.0000,0.0000,0.0000,0.0000,0.1342,0.1319,0.3923,0.3912,-2.8419,0.0000,0.0000,-1.4066
1791282211.6421,0.0180,0.4114,0.0000,0.0000,0.0000,0.0000,0.0000,0.0000,0.1342,0.1319,0.3923,0.3912,-2.8419,0.0000,0.0000,-1.4066
1791282211.6621,0.0200,0.3649,0.0000,0.0000,0.0000,0.0000,0.0000,0.0000,0.1342,0.1319,0.3923,0.3912,-2.8419,0.0000,0.0000,-1.4064
1791282211.6822,0.0201,0.9532,0.0100,-0.0603,0.5924,0.0000,0.0165,0.0000,0.0921,0.1319,0.3502,0.3912,-2.8419,0.0000,0.0000,-1.4066
1791282211.7021,0.0199,0.4668,0.0200,-0.0935,1.0543,0.0000,0.1568,0.0000,0.0505,0.1319,0.3086,0.3912,-2.8420,0.0000,0.0000,-1.4064
1791282211.7251,0.0230,1.0247,0.0315,-0.0935,1.4053,0.0000,0.5027,0.0000,0.0023,0.1304,0.2604,0.3896,-2.8419,0.0000,0.0000,-1.4066
1791282211.7422,0.0172,0.5353,0.0401,-0.0935,1.6676,0.0240,0.7612,0.0000,-0.0337,0.1181,0.2275,0.3789,-2.8419,0.0004,-0.0025,-1.4069
1791282211.7621,0.0198,2.2116,0.0500,-0.0935,1.9704,0.0719,1.0594,0.0000,-0.0752,0.1074,0.2275,0.3682,-2.8420,0.0012,-0.0076,-1.4071
1791282211.7821,0.0200,1.9774,0.0600,-0.0935,2.2762,0.3357,1.3606,0.0719,-0.1172,0.0798,0.2275,0.3421,-2.8425,0.0067,-0.0277,-1.4085
1791282211.8020,0.0199,3.1401,0.0700,-0.0935,2.5806,0.7434,1.6604,0.2158,-0.1184,0.0460,0.2275,0.3068,-2.8438,0.0158,-0.0551,-1.4101
1791282211.8270,0.0249,0.3840,0.0824,-0.0935,2.9614,1.2470,2.0353,0.5276,-0.1184,-0.0077,0.2275,0.2654,-2.8461,0.0293,-0.0746,-1.4127
1791282211.8421,0.0151,0.8610,0.0900,-0.0935,3.1919,1.4149,2.2622,0.6715,-0.1184,-0.0230,0.2275,0.2577,-2.8469,0.0344,-0.0769,-1.4135
1791282211.8621,0.0200,2.2730,0.1000,-0.0935,3.4977,1.7266,2.5631,0.9113,-0.1184,-0.0583,0.2275,0.2470,-2.8489,0.0435,-0.0839,-1.4154
1791282211.8842,0.0221,6.8287,0.1110,-0.0935,3.8326,2.0863,2.8969,1.1990,-0.1184,-0.0828,0.2275,0.2378,-2.8508,0.0542,-0.0909,-1.4173
1791282211.9021,0.0179,0.3841,0.1200,-0.0935,4.1042,2.3981,3.1674,1.4868,-0.1184,-0.0966,0.2275,0.2347,-2.8530,0.0641,-0.0928,-1.4190
1791282211.9226,0.0206,0.3016,0.1303,-0.0935,4.4162,2.7098,3.4784,1.7746,-0.1184,-0.1043,0.2275,0.2316,-2.8550,0.0740,-0.0948,-1.4208
1791282211.9421,0.0195,0.4365,0.1400,-0.0935,4.7119,3.0216,3.7729,2.0384,-0.1184,-0.1104,0.2275,0.2301,-2.8571,0.0835,-0.0992,-1.4225
1791282211.9625,0.0204,0.5058,0.1502,-0.0935,5.0218,3.3094,4.0818,2.3741,-0.1184,-0.1135,0.2275,0.2301,-2.8590,0.0938,-0.0939,-1.4244
1791282211.9820,0.0195,0.4146,0.1600,-0.0935,5.3179,3.6451,4.3778,2.7098,-0.1184,-0.1150,0.2275,0.2286,-2.8609,0.1049,-0.0935,-1.4262
1791282212.0024,0.0203,0.4715,0.1670,-0.0935,5.5294,3.9808,4.5893,3.0695,-0.1184,-0.1166,0.2275,0.2255,-2.8628,0.1163,-0.0910,-1.4279
1791282212.0241,0.0217,0.8528,0.1670,-0.0935,5.5294,4.3165,4.5893,3.4053,-0.1184,-0.1166,0.2275,0.2255,-2.8649,0.1274,-0.0909,-1.4299
1791282212.0430,0.0190,0.4529,0.1575,-0.0366,4.9557,4.6283,4.5880,3.6930,-0.1184,-0.1166,0.2275,0.2255,-2.8673,0.1373,-0.0931,-1.4316
1791282212.0621,0.0191,0.5781,0.1479,0.0000,4.4829,4.9400,4.4829,3.9808,-0.1184,-0.1181,0.2275,0.2255,-2.8695,0.1472,-0.0954,-1.4336
1791282212.0822,0.0200,0.8034,0.1379,0.0000,4.1793,5.1559,4.1793,4.1966,-0.1184,-0.1197,0.2275,0.2240,-2.8712,0.1543,-0.0954,-1.4354
1791282212.1022,0.0200,1.0879,0.1279,0.0000,3.8756,5.1799,3.8756,4.3645,-0.1184,-0.1181,0.2275,0.2255,-2.8728,0.1575,-0.0811,-1.4365
1791282212.1253,0.0231,3.3827,0.1163,0.0000,3.5251,5.0600,3.5251,4.4365,-0.1184,-0.1181,0.2275,0.2255,-2.8743,0.1567,-0.0620,-1.4374
1791282212.1421,0.0167,3.2585,0.1080,0.0000,3.2718,4.8441,3.2718,4.4365,-0.1184,-0.1181,0.2275,0.2255,-2.8750,0.1531,-0.0405,-1.4378
1791282212.1633,0.0213,1.0278,0.0973,0.0000,2.9497,4.5324,2.9497,4.3165,-0.1184,-0.1197,0.2275,0.2240,-2.8752,0.1460,-0.0215,-1.4381
1791282212.1827,0.0194,3.2174,0.0877,0.0000,2.6562,4.2206,2.6562,4.1487,-0.1184,-0.1166,0.2275,0.2255,-2.8754,0.1381,-0.0072,-1.4383
1791282212.2022,0.0195,3.9165,0.0779,0.0000,2.3606,3.9329,2.3606,3.8849,-0.1184,-0.1166,0.2275,0.2255,-2.8756,0.1290,-0.0048,-1.4386
1791282212.2264,0.0242,0.4039,0.0658,0.0000,1.9945,3.6211,1.9945,3.5971,-0.1184,-0.1181,0.2275,0.2255,-2.8763,0.1191,-0.0024,-1.4389
1791282212.2421,0.0158,0.3768,0.0579,0.0000,1.7554,3.3333,1.7554,3.3094,-0.1184,-0.1181,0.2275,0.2255,-2.8766,0.1096,-0.0024,-1.4391
1791282212.2637,0.0216,0.5683,0.0471,0.0000,1.4284,3.0456,1.4284,3.0216,-0.1184,-0.1181,0.2275,0.2255,-2.8768,0.1001,-0.0024,-1.4392
1791282212.2824,0.0186,1.1369,0.0378,0.0000,1.1459,2.7338,1.1459,2.7338,-0.1184,-0.1181,0.2275,0.2255,-2.8769,0.0902,0.0000,-1.4392
1791282212.3027,0.0204,0.4117,0.0276,0.0000,0.8373,2.3981,0.8373,2.3981,-0.1184,-0.1181,0.2275,0.2255,-2.8770,0.0791,0.0000,-1.4395
1791282212.3227,0.0199,0.3377,0.0177,0.0000,0.5354,2.0863,0.5354,2.0863,-0.1184,-0.1181,0.2275,0.2255,-2.8770,0.0688,0.0000,-1.4394
1791282212.3422,0.0195,0.6994,0.0079,0.0000,0.2396,1.9424,0.2396,1.9424,-0.1184,-0.1181,0.2275,0.2255,-2.8770,0.0641,0.0000,-1.4394
1791282212.3623,0.0201,2.9964,0.0000,0.0000,0.0000,1.6307,0.0000,1.6547,-0.1184,-0.1197,0.2275,0.2255,-2.8770,0.0542,0.0026,-1.4395
1791282212.3821,0.0198,0.4239,0.0000,0.0000,0.0000,1.3429,0.0000,1.3429,-0.1184,-0.1181,0.2275,0.2255,-2.8770,0.0443,0.0000,-1.4399
1791282212.4020,0.0200,0.5992,0.0000,0.0000,0.0000,1.0552,0.0000,1.0312,-0.1184,-0.1181,0.2275,0.2255,-2.8771,0.0344,-0.0025,-1.4397
1791282212.4251,0.0230,0.8581,0.0000,0.0000,0.0000,0.6235,0.0000,0.5995,-0.1184,-0.1181,0.2275,0.2255,-2.8771,0.0202,-0.0025,-1.4399
1791282212.4421,0.0170,0.5316,0.0000,0.0000,0.0000,0.5036,0.0000,0.4556,-0.1184,-0.1181,0.2275,0.2255,-2.8771,0.0158,-0.0050,-1.4402
1791282212.4622,0.0202,0.8883,0.0000,0.0000,0.0000,0.3118,0.0000,0.2878,-0.1184,-0.1197,0.2275,0.2255,-2.8771,0.0099,-0.0025,-1.4402
1791282212.4837,0.0215,1.0510,0.0000,0.0000,0.0000,0.1439,0.0000,0.1439,-0.1184,-0.1181,0.2275,0.2255,-2.8771,0.0047,0.0000,-1.4402
1791282212.5023,0.0186,0.5802,0.0000,0.0000,0.0000,0.0480,0.0000,0.0480,-0.1184,-0.1197,0.2275,0.2255,-2.8771,0.0016,0.0000,-1.4402
1791282212.5235,0.0212,0.2721,0.0000,0.0000,0.0000,0.0000,0.0000,0.0000,-0.1184,-0.1197,0.2275,0.2240,-2.8771,0.0000,0.0000,-1.4402
1791282212.5423,0.0188,2.8469,0.0000,0.0000,0.0000,0.0000,0.0000,0.0000,-0.1184,-0.1181,0.2275,0.2255,-2.8771,0.0000,0.0000,-1.4400
1791282212.5641,0.0219,0.4530,0.0000,0.0000,0.0000,0.0000,0.0000,0.0000,-0.1184,-0.1181,0.2275,0.2255,-2.8772,0.0000,0.0000,-1.4404
1791282212.5820,0.0179,0.3934,0.0000,0.0000,0.0000,0.0000,0.0000,0.0000,-0.1184,-0.1197,0.2275,0.2255,-2.8772,0.0000,0.0000,-1.4404
1791282212.6022,0.0201,0.9278,0.0000,0.0000,0.0000,0.0000,0.0000,0.0000,-0.1184,-0.1181,0.2275,0.2255,-2.8772,0.0000,0.0000,-1.4404
1791282212.6230,0.0209,2.6706,0.0000,0.0000,0.0000,0.0000,0.0000,0.0000,-0.1184,-0.1181,0.2275,0.2255,-2.8772,0.0000,0.0000,-1.4402
1791282212.6424,0.0194,0.4318,0.0000,0.0000,0.0000,0.0000,0.0000,0.0000,-0.1184,-0.1181,0.2275,0.2255,-2.8771,0.0000,0.0000,-1.4404
1791282212.6629,0.0205,0.6246,0.0000,0.0000,0.0000,0.0000,0.0000,0.0000,-0.0755,-0.1181,0.1846,0.2255,-2.8772,0.0000,0.0000,-1.4404
1791282212.6821,0.0192,0.4163,0.0000,0.0575,-0.2619,0.0000,0.2619,0.0000,-0.0353,-0.1181,0.1444,0.2255,-2.8772,0.0000,0.0000,-1.4402
1791282212.7021,0.0200,0.4284,0.0000,0.1174,-0.5344,0.0000,0.5344,0.0000,0.0000,-0.1166,0.1026,0.2240,-2.8772,0.0000,0.0000,-1.4404
1791282212.7239,0.0219,0.3146,0.0000,0.1831,-0.8333,0.0000,0.8333,0.0000,0.0000,-0.1028,0.0568,0.2148,-2.8772,0.0000,0.0000,-1.4402
1791282212.7428,0.0188,0.4070,0.0000,0.2396,-1.0904,0.0000,1.0904,0.0480,0.0000,-0.0798,0.0173,0.1917,-2.8772,0.0008,0.0053,-1.4395
1791282212.7621,0.0193,0.5656,0.0000,0.2976,-1.3543,-0.0959,1.3543,0.1439,0.0000,-0.0537,0.0000,0.1595,-2.8765,0.0008,0.0263,-1.4378
1791282212.7829,0.0208,0.3977,0.0000,0.3599,-1.6376,-0.2638,1.6376,0.3118,0.0000,-0.0353,0.0000,0.1227,-2.8750,0.0008,0.0632,-1.4358
1791282212.8022,0.0193,0.4656,0.0000,0.4178,-1.9021,-0.4077,1.9021,0.5516,0.0000,-0.0199,0.0000,0.0874,-2.8726,0.0024,0.1053,-1.4321
1791282212.8237,0.0215,2.3636,0.0000,0.4824,-2.2003,-0.6954,2.2003,0.7914,0.0000,-0.0138,0.0000,0.0537,-2.8690,0.0016,0.1633,-1.4272
1791282212.8421,0.0184,0.3534,0.0000,0.5376,-2.4554,-1.0072,2.4554,1.0312,0.0000,-0.0077,0.0000,0.0322,-2.8636,0.0004,0.2239,-1.4212
1791282212.8622,0.0201,1.0500,0.0000,0.5979,-2.7356,-1.2950,2.7356,1.2950,0.0000,-0.0046,0.0000,0.0199,-2.8572,0.0000,0.2846,-1.4137
1791282212.8821,0.0199,0.5049,0.0000,0.5382,-2.4581,-1.5588,2.4581,1.5588,0.0000,-0.0031,0.0000,0.0123,-2.8496,0.0000,0.3425,-1.4055
1791282212.9021,0.0199,0.4852,0.0100,0.4783,-1.8868,-1.7986,2.4909,1.8705,0.0418,-0.0015,0.0418,0.0077,-2.8408,0.0012,0.4029,-1.3957
1791282212.9227,0.0206,0.5992,0.0203,0.4165,-1.2959,-2.0624,2.5245,2.1343,0.0849,-0.0015,0.0849,0.0046,-2.8307,0.0012,0.4602,-1.3853
1791282212.9425,0.0198,0.5746,0.0302,0.3571,-0.7285,-2.1823,2.5575,2.2302,0.1264,-0.0015,0.1264,0.0031,-2.8255,0.0008,0.4836,-1.3799
1791282212.9621,0.0196,0.7800,0.0400,0.2982,-0.1653,-2.2782,2.5890,2.3501,0.1346,0.0046,0.1675,0.0092,-2.8150,0.0012,0.5069,-1.3691
1791282212.9827,0.0206,0.4289,0.0503,0.2365,0.4269,-2.2062,2.6198,2.3981,0.1346,0.0245,0.2020,0.0261,-2.8053,0.0032,0.5040,-1.3596
1791282213.0022,0.0196,2.7616,0.0601,0.1778,0.9922,-1.8945,2.6472,2.4221,0.1346,0.0522,0.2020,0.0552,-2.7959,0.0087,0.4719,-1.3507
1791282213.0229,0.0207,1.6119,0.0704,0.1157,1.5927,-1.4868,2.6740,2.4700,0.1346,0.0813,0.2020,0.0859,-2.7876,0.0162,0.4319,-1.3428
1791282213.0423,0.0193,3.6676,0.0801,0.1089,1.9152,-1.0552,2.9366,2.5180,0.1346,0.0997,0.2020,0.1197,-2.7807,0.0241,0.3891,-1.3360
1791282213.0647,0.0224,0.4289,0.0913,0.1089,2.2529,-0.5516,3.2786,2.5420,0.1346,0.1135,0.2020,0.1503,-2.7752,0.0328,0.3358,-1.3305
1791282213.0823,0.0176,1.4677,0.1001,0.1089,2.5184,-0.0480,3.5475,2.5659,0.1346,0.1212,0.2020,0.1687,-2.7711,0.0415,0.2829,-1.3258
1791282213.1020,0.0197,2.3411,0.1099,0.1089,2.8159,0.4556,3.8472,2.5899,0.1346,0.1258,0.2020,0.1810,-2.7678,0.0503,0.2302,-1.3224
1791282213.1224,0.0204,0.3426,0.1015,0.0478,2.8485,1.0072,3.3006,2.6859,0.0920,0.1289,0.2447,0.1887,-2.7656,0.0609,0.1803,-1.3197
1791282213.1428,0.0204,1.9753,0.1015,-0.0135,3.1420,1.5108,3.0071,2.9257,0.0491,0.1319,0.2645,0.1933,-2.7636,0.0732,0.1513,-1.3174
1791282213.1621,0.0193,0.7699,0.1015,-0.0713,3.4309,1.9424,2.7182,3.1655,0.0088,0.1304,0.2645,0.1994,-2.7619,0.0843,0.1302,-1.3151
1791282213.1820,0.0199,0.4034,0.1015,-0.0895,3.5219,2.2542,2.6272,3.3573,-0.0330,0.1181,0.2645,0.2132,-2.7598,0.0926,0.1171,-1.3135
1791282213.2020,0.0200,1.2237,0.1015,-0.0895,3.5219,2.5180,2.6272,3.3333,-0.0748,0.0982,0.2645,0.2301,-2.7581,0.0965,0.0864,-1.3128
1791282213.2239,0.0219,0.9083,0.1015,-0.0895,3.5219,2.8058,2.6272,3.2134,-0.1134,0.0644,0.2645,0.2408,-2.7575,0.0993,0.0432,-1.3130
1791282213.2424,0.0185,0.9842,0.1015,-0.0895,3.5219,3.0216,2.6272,3.0216,-0.1134,0.0291,0.2645,0.2500,-2.7583,0.0997,0.0000,-1.3140
1791282213.2622,0.0198,0.5490,0.1015,-0.0895,3.5219,3.1894,2.6272,2.8537,-0.1134,-0.0046,0.2645,0.2562,-2.7598,0.0997,-0.0336,-1.3157
1791282213.2821,0.0200,0.7985,0.1015,-0.0895,3.5219,3.3094,2.6272,2.7578,-0.1134,-0.0430,0.2645,0.2577,-2.7613,0.1001,-0.0552,-1.3174
1791282213.3020,0.0199,0.4753,0.1015,-0.0895,3.5219,3.3813,2.6272,2.6859,-0.1134,-0.0690,0.2645,0.2608,-2.7630,0.1001,-0.0696,-1.3191
1791282213.3229,0.0209,0.2833,0.1015,-0.0895,3.5219,3.4532,2.6272,2.6859,-0.1134,-0.0859,0.2645,0.2623,-2.7646,0.1013,-0.0768,-1.3209
1791282213.3422,0.0193,0.6917,0.1015,-0.0895,3.5219,3.4772,2.6272,2.6619,-0.1134,-0.0966,0.2645,0.2608,-2.7658,0.1013,-0.0816,-1.3229
1791282213.3657,0.0234,0.5606,0.1015,-0.0895,3.5219,3.4772,2.6272,2.6619,-0.1134,-0.1028,0.2645,0.2623,-2.7670,0.1013,-0.0816,-1.3247
1791282213.3822,0.0165,0.5865,0.0993,-0.0918,3.4681,3.4772,2.5511,2.6379,-0.1163,-0.1074,0.2598,0.2623,-2.7689,0.1009,-0.0840,-1.3266
1791282213.4021,0.0199,0.9118,0.0993,-0.0918,3.4681,3.5012,2.5511,2.6379,-0.1163,-0.1104,0.2598,0.2623,-2.7711,0.1013,-0.0863,-1.3286
1791282213.4233,0.0212,0.8636,0.0993,-0.0918,3.4681,3.5492,2.5511,2.6379,-0.1163,-0.1104,0.2598,0.2608,-2.7733,0.1021,-0.0911,-1.3307
1791282213.4424,0.0191,1.9530,0.0993,-0.0918,3.4681,3.5492,2.5511,2.6139,-0.1163,-0.1120,0.2598,0.2623,-2.7754,0.1017,-0.0935,-1.3326
1791282213.4627,0.0203,0.4283,0.0993,-0.0918,3.4681,3.5012,2.5511,2.5899,-0.1163,-0.1135,0.2598,0.2608,-2.7772,0.1005,-0.0912,-1.3344
1791282213.4828,0.0201,0.9344,0.0993,-0.0918,3.4681,3.4772,2.5511,2.5899,-0.1163,-0.1150,0.2598,0.2608,-2.7781,0.1001,-0.0888,-1.3355
1791282213.5023,0.0196,0.4292,0.0993,-0.0918,3.4681,3.4532,2.5511,2.5659,-0.1163,-0.1166,0.2598,0.2608,-2.7802,0.0993,-0.0888,-1.3373
1791282213.5224,0.0201,0.3553,0.0993,-0.0918,3.4681,3.4532,2.5511,2.5659,-0.1163,-0.1166,0.2598,0.2608,-2.7820,0.0993,-0.0888,-1.3395
1791282213.5421,0.0197,0.4661,0.0993,-0.0918,3.4681,3.4772,2.5511,2.5420,-0.1163,-0.1166,0.2598,0.2608,-2.7839,0.0993,-0.0936,-1.3413
1791282213.5634,0.0212,0.4968,0.0993,-0.0918,3.4681,3.4772,2.5511,2.5420,-0.1163,-0.1166,0.2598,0.2608,-2.7858,0.0993,-0.0936,-1.3432
1791282213.5821,0.0188,1.8798,0.0993,-0.0918,3.4681,3.4772,2.5511,2.5659,-0.1163,-0.1181,0.2598,0.2608,-2.7878,0.0997,-0.0912,-1.3453
1791282213.6021,0.0199,0.4135,0.1005,-0.0930,3.5091,3.5012,2.5798,2.5180,-0.1178,-0.1181,0.2672,0.2608,-2.7899,0.0993,-0.0984,-1.3470
1791282213.6242,0.0221,2.8293,0.1005,-0.0930,3.5091,3.5012,2.5798,2.4940,-0.1178,-0.1181,0.2672,0.2608,-2.7921,0.0989,-0.1008,-1.3491
1791282213.6421,0.0179,0.4131,0.1005,-0.0930,3.5091,3.5012,2.5798,2.5180,-0.1178,-0.1181,0.2672,0.2623,-2.7940,0.0993,-0.0984,-1.3513
1791282213.6621,0.0200,0.7802,0.1005,-0.0930,3.5091,3.4772,2.5798,2.5420,-0.1178,-0.1181,0.2672,0.2638,-2.7959,0.0993,-0.0936,-1.3531
1791282213.6821,0.0200,0.5067,0.1005,-0.0930,3.5091,3.5012,2.5798,2.5659,-0.1178,-0.1166,0.2672,0.2638,-2.7975,0.1001,-0.0936,-1.3550
1791282213.7020,0.0199,0.4248,0.1005,-0.0930,3.5091,3.5012,2.5798,2.5659,-0.1178,-0.1181,0.2672,0.2654,-2.7989,0.1001,-0.0936,-1.3565
1791282213.7258,0.0237,0.2982,0.1005,-0.0930,3.5091,3.5012,2.5798,2.5659,-0.1178,-0.1181,0.2672,0.2654,-2.8005,0.1001,-0.0936,-1.3585
1791282213.7420,0.0163,0.7591,0.1005,-0.0930,3.5091,3.5012,2.5798,2.5659,-0.1178,-0.1197,0.2672,0.2654,-2.8025,0.1001,-0.0936,-1.3605
1791282213.7627,0.0206,2.3720,0.1005,-0.0930,3.5091,3.5252,2.5798,2.5420,-0.1178,-0.1197,0.2672,0.2654,-2.8044,0.1001,-0.0984,-1.3622
1791282213.7822,0.0195,0.7440,0.1005,-0.0930,3.5091,3.5252,2.5798,2.5420,-0.1178,-0.1181,0.2672,0.2654,-2.8060,0.1001,-0.0984,-1.3642
1791282213.8037,0.0215,0.4059,0.1005,-0.0930,3.5091,3.5012,2.5798,2.5659,-0.1178,-0.1181,0.2672,0.2654,-2.8074,0.1001,-0.0936,-1.3659
1791282213.8234,0.0197,1.1202,0.1005,-0.0930,3.5091,3.5012,2.5798,2.5899,-0.1178,-0.1197,0.2672,0.2654,-2.8090,0.1005,-0.0912,-1.3675
1791282213.8436,0.0202,0.4733,0.1005,-0.0930,3.5091,3.4772,2.5798,2.5899,-0.1178,-0.1181,0.2672,0.2654,-2.8106,0.1001,-0.0888,-1.3692
1791282213.8636,0.0200,0.5583,0.0987,-0.1032,3.5068,3.5012,2.4761,2.5899,-0.1305,-0.1197,0.2274,0.2654,-2.8120,0.1005,-0.0912,-1.3712
1791282213.8829,0.0193,2.9672,0.0987,-0.1032,3.5068,3.5012,2.4761,2.5899,-0.1305,-0.1197,0.2274,0.2654,-2.8131,0.1005,-0.0912,-1.3731
1791282213.9030,0.0201,0.5242,0.0987,-0.1032,3.5068,3.4772,2.4761,2.5899,-0.1305,-0.1181,0.2274,0.2638,-2.8142,0.1001,-0.0888,-1.3748
1791282213.9240,0.0211,0.2977,0.0987,-0.1032,3.5068,3.4772,2.4761,2.5659,-0.1305,-0.1197,0.2274,0.2562,-2.8158,0.0997,-0.0912,-1.3764
1791282213.9421,0.0180,0.4047,0.0987,-0.1032,3.5068,3.4772,2.4761,2.5420,-0.1305,-0.1258,0.2274,0.2424,-2.8176,0.0993,-0.0936,-1.3785
1791282213.9630,0.0209,1.2252,0.0987,-0.1032,3.5068,3.4772,2.4761,2.5180,-0.1305,-0.1273,0.2274,0.2362,-2.8197,0.0989,-0.0960,-1.3804
1791282213.9826,0.0196,2.7793,0.0987,-0.1032,3.5068,3.4532,2.4761,2.4940,-0.1305,-0.1289,0.2274,0.2316,-2.8219,0.0981,-0.0961,-1.3823
1791282214.0021,0.0195,2.1004,0.0987,-0.1032,3.5068,3.4772,2.4761,2.4940,-0.1305,-0.1289,0.2274,0.2301,-2.8237,0.0985,-0.0984,-1.3843
1791282214.0267,0.0246,0.3848,0.0987,-0.1032,3.5068,3.4772,2.4761,2.4700,-0.1305,-0.1289,0.2274,0.2286,-2.8255,0.0981,-0.1009,-1.3864
1791282214.0421,0.0154,2.0389,0.0987,-0.1032,3.5068,3.4772,2.4761,2.4700,-0.1305,-0.1289,0.2274,0.2286,-2.8274,0.0981,-0.1009,-1.3883
1791282214.0633,0.0212,0.4776,0.0987,-0.1032,3.5068,3.4772,2.4761,2.4460,-0.1305,-0.1304,0.2274,0.2286,-2.8293,0.0977,-0.1033,-1.3904
1791282214.0821,0.0188,0.4304,0.0893,-0.0469,2.9399,3.4772,2.4741,2.4460,-0.1305,-0.1304,0.2274,0.2286,-2.8303,0.0977,-0.1033,-1.3909
1791282214.1029,0.0208,0.4323,0.0789,0.0000,2.3916,3.4772,2.3916,2.4221,-0.1305,-0.1304,0.2274,0.2286,-2.8333,0.0973,-0.1057,-1.3947
1791282214.1230,0.0202,0.5640,0.0688,0.0000,2.0862,3.4772,2.0862,2.4460,-0.1305,-0.1319,0.2274,0.2286,-2.8348,0.0977,-0.1033,-1.3966
1791282214.1427,0.0197,1.3110,0.0590,0.0000,1.7884,3.4293,1.7884,2.4700,-0.1305,-0.1304,0.2274,0.2286,-2.8355,0.0973,-0.0961,-1.3970
1791282214.1631,0.0204,1.3430,0.0488,0.0000,1.4789,3.2854,1.4789,2.4700,-0.1305,-0.1304,0.2274,0.2286,-2.8371,0.0950,-0.0818,-1.3981
1791282214.1827,0.0196,1.5191,0.0390,0.0000,1.1826,3.0216,1.1826,2.4221,-0.1305,-0.1304,0.2274,0.2286,-2.8381,0.0898,-0.0603,-1.3990
1791282214.2021,0.0194,2.0827,0.0293,0.0000,0.8882,2.7098,0.8882,2.3022,-0.1305,-0.1304,0.2274,0.2286,-2.8382,0.0827,-0.0411,-1.3987
1791282214.2258,0.0237,1.0664,0.0175,0.0000,0.5292,2.2062,0.5292,2.0144,-0.1305,-0.1304,0.2274,0.2286,-2.8381,0.0696,-0.0195,-1.3992
1791282214.2421,0.0163,1.0057,0.0093,0.0000,0.2817,2.0384,0.2817,1.9185,-0.1305,-0.1304,0.2274,0.2286,-2.8379,0.0653,-0.0122,-1.3994
1791282214.2622,0.0201,1.2784,0.0000,0.0000,0.0000,1.7026,0.0000,1.6547,-0.1305,-0.1304,0.2274,0.2286,-2.8378,0.0554,-0.0049,-1.3994
1791282214.2822,0.0200,2.6734,0.0000,0.0000,0.0000,1.4149,0.0000,1.3669,-0.1305,-0.1304,0.2274,0.2286,-2.8378,0.0459,-0.0049,-1.3994
1791282214.3028,0.0206,4.6365,0.0000,0.0000,0.0000,1.0791,0.0000,1.0312,-0.1305,-0.1304,0.2274,0.2286,-2.8378,0.0348,-0.0050,-1.3995
1791282214.3269,0.0240,0.2806,0.0120,0.0721,0.0346,0.7434,0.6937,0.7194,-0.0802,-0.1304,0.2463,0.2286,-2.8378,0.0241,-0.0025,-1.3995
1791282214.3421,0.0152,0.9931,0.0196,0.0950,0.1599,0.4317,1.0305,0.4556,-0.0483,-0.1304,0.2463,0.2286,-2.8378,0.0146,0.0026,-1.3993
1791282214.3623,0.0202,2.2371,0.0298,0.0950,0.4646,0.2398,1.3384,0.2398,-0.0059,-0.1304,0.2463,0.2286,-2.8378,0.0079,0.0000,-1.3993
1791282214.3821,0.0198,1.1867,0.0396,0.0950,0.7625,0.0959,1.6395,0.1679,0.0355,-0.1243,0.2463,0.2316,-2.8378,0.0044,0.0079,-1.3988
1791282214.4037,0.0217,0.3794,0.0505,0.0950,1.0889,0.0959,1.9694,0.3118,0.0808,-0.1012,0.2463,0.2362,-2.8374,0.0067,0.0237,-1.3977
1791282214.4254,0.0216,2.4691,0.0613,0.0950,1.4148,0.1439,2.2988,0.5995,0.1171,-0.0690,0.2463,0.2393,-2.8364,0.0123,0.0498,-1.3960
1791282214.4421,0.0167,0.3976,0.0696,0.0950,1.6664,0.2878,2.5532,0.8873,0.1171,-0.0322,0.2463,0.2424,-2.8351,0.0194,0.0654,-1.3945
1791282214.4621,0.0200,0.4837,0.0796,0.0950,1.9679,0.5036,2.8581,1.1990,0.1171,0.0077,0.2463,0.2424,-2.8336,0.0281,0.0756,-1.3926
1791282214.4823,0.0202,0.4817,0.0897,0.0950,2.2723,0.7674,3.1659,1.5348,0.1171,0.0430,0.2463,0.2439,-2.8316,0.0380,0.0831,-1.3905
1791282214.5020,0.0198,0.4250,0.0996,0.0950,2.5700,1.0312,3.4670,1.8705,0.1171,0.0721,0.2463,0.2439,-2.8296,0.0479,0.0906,-1.3885
1791282214.5227,0.0206,0.2816,0.1099,0.0950,2.8814,1.3189,3.7804,2.1583,0.1171,0.0874,0.2463,0.2439,-2.8276,0.0574,0.0903,-1.3867
1791282214.5421,0.0194,0.4131,0.1196,0.0950,3.1746,1.6067,4.0756,2.4460,0.1171,0.0966,0.2463,0.2439,-2.8256,0.0669,0.0900,-1.3849
1791282214.5637,0.0217,0.9070,0.1305,0.0950,3.5016,1.8945,4.4048,2.7818,0.1171,0.1058,0.2463,0.2439,-2.8237,0.0772,0.0947,-1.3827
1791282214.5822,0.0185,0.5855,0.1212,0.0395,3.4856,2.2062,3.8608,3.0695,0.0784,0.1089,0.2076,0.2439,-2.8218,0.0871,0.0918,-1.3804
1791282214.6021,0.0199,0.3928,0.1113,-0.0202,3.4726,2.4940,3.2700,3.3813,0.0367,0.1120,0.1659,0.2439,-2.8200,0.0969,0.0940,-1.3787
1791282214.6263,0.0242,0.3829,0.0992,-0.0395,3.2023,2.8058,2.8074,3.7170,-0.0140,0.1120,0.1378,0.2424,-2.8182,0.1076,0.0963,-1.3766
1791282214.6427,0.0164,1.9992,0.0910,-0.0395,2.9530,2.9496,2.5597,3.8130,-0.0483,0.1074,0.1378,0.2408,-2.8172,0.1116,0.0912,-1.3757
1791282214.6622,0.0195,0.5071,0.0812,-0.0395,2.6571,3.1655,2.2658,3.8609,-0.0510,0.0905,0.1378,0.2240,-2.8155,0.1159,0.0734,-1.3748
1791282214.6821,0.0199,0.4972,0.0713,-0.0395,2.3548,3.2614,1.9655,3.6930,-0.0510,0.0644,0.1378,0.1979,-2.8144,0.1147,0.0455,-1.3748
1791282214.7027,0.0207,1.3240,0.0610,-0.0395,2.0407,3.2374,1.6534,3.4053,-0.0510,0.0307,0.1378,0.1733,-2.8142,0.1096,0.0177,-1.3748
1791282214.7231,0.0204,0.2759,0.0507,-0.0395,1.7305,3.1415,1.3452,3.1175,-0.0510,0.0015,0.1378,0.1611,-2.8142,0.1033,-0.0024,-1.3752
1791282214.7423,0.0191,2.7052,0.0412,-0.0395,1.4397,2.9976,1.0563,2.8058,-0.0510,-0.0169,0.1378,0.1534,-2.8147,0.0958,-0.0192,-1.3755
1791282214.7622,0.0200,0.8440,0.0312,-0.0395,1.1363,2.7338,0.7547,2.5180,-0.0510,-0.0307,0.1378,0.1457,-2.8151,0.0867,-0.0217,-1.3762
1791282214.7828,0.0205,0.4800,0.0244,-0.0395,0.9286,2.4700,0.5484,2.1583,-0.0510,-0.0383,0.1378,0.1427,-2.8154,0.0764,-0.0316,-1.3766
1791282214.8030,0.0202,0.6171,0.0345,0.0212,0.9474,2.1583,1.1428,1.8225,-0.0086,-0.0445,0.1802,0.1411,-2.8159,0.0657,-0.0342,-1.3773
1791282214.8261,0.0231,2.8523,0.0460,0.0904,0.9762,1.6547,1.8127,1.3429,0.0397,-0.0476,0.2285,0.1396,-2.8166,0.0495,-0.0320,-1.3785
1791282214.8424,0.0163,3.0494,0.0542,0.1152,1.1072,1.5348,2.1763,1.1751,0.0739,-0.0460,0.2548,0.1411,-2.8170,0.0447,-0.0370,-1.3787
1791282214.8628,0.0204,0.6794,0.0644,0.1152,1.4138,1.3189,2.4871,1.0312,0.1166,-0.0368,0.2548,0.1534,-2.8175,0.0388,-0.0297,-1.3787
1791282214.8821,0.0193,0.4916,0.0740,0.1152,1.7045,1.1511,2.7816,1.0791,0.1424,-0.0184,0.2548,0.1703,-2.8174,0.0368,-0.0074,-1.3780
1791282214.9020,0.0200,0.3801,0.0840,0.1152,2.0050,1.0791,3.0862,1.2950,0.1424,0.0092,0.2548,0.1963,-2.8168,0.0392,0.0234,-1.3769
1791282214.9230,0.0210,0.4870,0.0945,0.1152,2.3203,1.1271,3.4058,1.6307,0.1424,0.0460,0.2548,0.2163,-2.8155,0.0455,0.0544,-1.3752
1791282214.9421,0.0191,0.4669,0.1040,0.1152,2.6082,1.2710,3.6969,1.9904,0.1424,0.0798,0.2548,0.2301,-2.8139,0.0538,0.0775,-1.3731
1791282214.9626,0.0206,0.4246,0.1143,0.1152,2.9183,1.4868,4.0095,2.3501,0.1424,0.1028,0.2548,0.2378,-2.8120,0.0633,0.0927,-1.3711
1791282214.9821,0.0195,0.4601,0.1241,0.1152,3.2124,1.7506,4.3060,2.6619,0.1424,0.1181,0.2548,0.2439,-2.8098,0.0728,0.0975,-1.3686
1791282215.0038,0.0217,0.5962,0.1349,0.1152,3.5395,1.9904,4.6358,2.9976,0.1424,0.1258,0.2548,0.2485,-2.8074,0.0823,0.1073,-1.3663
1791282215.0229,0.0191,0.3902,0.1254,0.0579,3.5235,2.2782,4.0737,3.3094,0.1024,0.1319,0.2948,0.2516,-2.8047,0.0922,0.1095,-1.3639
1791282215.0440,0.0211,3.5092,0.1148,-0.0053,3.5058,2.5659,3.4531,3.6211,0.0583,0.1365,0.3389,0.2516,-2.8021,0.1021,0.1116,-1.3613
1791282215.0621,0.0181,0.5463,0.1058,-0.0597,3.5032,2.8297,2.9063,3.9089,0.0203,0.1365,0.3432,0.2531,-2.7996,0.1112,0.1140,-1.3597
1791282215.0838,0.0217,0.8233,0.0949,-0.1247,3.4979,3.0935,2.2548,4.1007,-0.0251,0.1258,0.3432,0.2669,-2.7976,0.1187,0.1062,-1.3577
1791282215.1021,0.0183,0.4478,0.0858,-0.1796,3.4901,3.2614,1.7080,4.0288,-0.0634,0.1043,0.3432,0.2899,-2.7955,0.1203,0.0809,-1.3569
1791282215.1224,0.0204,0.3232,0.0756,-0.2406,3.4785,3.3813,1.1030,3.7890,-0.1060,0.0736,0.3432,0.3083,-2.7944,0.1183,0.0430,-1.3573
1791282215.1421,0.0197,0.4880,0.0657,-0.2957,3.4444,3.4293,0.5401,3.4053,-0.1473,0.0399,0.3432,0.3206,-2.7951,0.1128,-0.0024,-1.3583
1791282215.1627,0.0206,3.3500,0.0555,-0.2957,3.1251,3.4532,0.2359,2.9017,-0.1792,0.0061,0.3432,0.3298,-2.7975,0.1049,-0.0551,-1.3612
1791282215.1823,0.0196,1.1174,0.0457,-0.2957,2.8211,3.4532,-0.0539,2.5899,-0.1792,-0.0138,0.3432,0.3313,-2.7991,0.0997,-0.0864,-1.3628
1791282215.2020,0.0198,1.2365,0.0358,-0.2957,2.5145,3.4532,-0.3463,2.0624,-0.1792,-0.0537,0.3432,0.3359,-2.8028,0.0910,-0.1398,-1.3668
1791282215.2277,0.0256,2.3828,0.0230,-0.2957,2.1173,3.3813,-0.7254,1.2950,-0.1792,-0.1120,0.3432,0.3405,-2.8099,0.0772,-0.2112,-1.3744
1791282215.2423,0.0147,1.4908,0.0156,-0.2517,1.6795,3.3094,-0.7317,1.0791,-0.1485,-0.1273,0.3125,0.3405,-2.8124,0.0724,-0.2263,-1.3770
1791282215.2622,0.0199,0.6746,0.0057,-0.1921,1.0888,3.1175,-0.7428,0.7194,-0.1069,-0.1473,0.2709,0.3421,-2.8174,0.0633,-0.2444,-1.3820
1791282215.2821,0.0199,0.6905,0.0000,-0.1324,0.6292,2.8537,-0.6292,0.3597,-0.0652,-0.1595,0.2292,0.3421,-2.8227,0.0530,-0.2555,-1.3882
1791282215.3020,0.0199,1.8037,0.0000,-0.0725,0.3448,2.5659,-0.3448,-0.0480,-0.0234,-0.1595,0.1874,0.3375,-2.8286,0.0415,-0.2694,-1.3934
1791282215.3224,0.0203,0.3101,0.0000,-0.0116,0.0550,2.1823,-0.0550,-0.3597,0.0192,-0.1442,0.1853,0.3191,-2.8339,0.0301,-0.2635,-1.3978
1791282215.3421,0.0197,0.4046,0.0000,0.0476,-0.2165,1.6787,0.2165,-0.4796,0.0605,-0.1166,0.1853,0.2884,-2.8380,0.0198,-0.2248,-1.4014
1791282215.3621,0.0200,1.3541,0.0000,0.1076,-0.4897,1.2230,0.4897,-0.5036,0.1024,-0.0859,0.1853,0.2546,-2.8411,0.0119,-0.1806,-1.4039
1791282215.3822,0.0201,0.5662,0.0000,0.1678,-0.7635,0.8393,0.7635,-0.4077,0.1386,-0.0491,0.1853,0.2255,-2.8434,0.0071,-0.1307,-1.4055
1791282215.4021,0.0200,0.4503,0.0000,0.2276,-1.0359,0.5036,1.0359,-0.2158,0.1386,-0.0092,0.1853,0.2102,-2.8444,0.0047,-0.0755,-1.4055
1791282215.4249,0.0228,1.8902,0.0000,0.2334,-1.0622,0.2158,1.0622,0.0000,0.1386,0.0276,0.1853,0.2010,-2.8443,0.0036,-0.0227,-1.4047
1791282215.4429,0.0180,0.6130,0.0000,0.2334,-1.0622,-0.0719,1.0622,0.1439,0.1386,0.0675,0.1853,0.1948,-2.8435,0.0012,0.0237,-1.4032
1791282215.4637,0.0208,0.4002,0.0000,0.2334,-1.0622,-0.3597,1.0622,0.3118,0.1386,0.0920,0.1853,0.1902,-2.8420,-0.0008,0.0738,-1.4002
1791282215.4821,0.0184,0.4090,0.0000,0.2334,-1.0622,-0.5276,1.0622,0.5755,0.1386,0.1089,0.1853,0.1887,-2.8392,0.0008,0.1212,-1.3970
1791282215.5021,0.0200,0.5163,0.0000,0.1735,-0.7894,-0.6235,0.7894,0.7914,0.0968,0.1197,0.2272,0.1871,-2.8358,0.0028,0.1553,-1.3929
1791282215.5227,0.0206,0.6315,0.0000,0.1117,-0.5083,-0.8153,0.5083,0.8873,0.0536,0.1273,0.2703,0.1871,-2.8318,0.0012,0.1870,-1.3886
1791282215.5421,0.0194,0.7530,0.0000,0.0535,-0.2433,-0.9832,0.2433,0.9592,0.0130,0.1289,0.3110,0.1887,-2.8274,-0.0004,0.2134,-1.3840
1791282215.5621,0.0201,0.5522,0.0000,-0.0067,0.0318,-0.9832,-0.0318,0.9113,-0.0290,0.1181,0.3530,0.2010,-2.8238,-0.0012,0.2081,-1.3805
1791282215.5826,0.0205,1.8250,0.0000,-0.0682,0.3241,-0.8393,-0.3241,0.7914,-0.0719,0.0966,0.3898,0.2255,-2.8209,-0.0008,0.1791,-1.3778
1791282215.6024,0.0198,1.8627,0.0000,-0.1276,0.6064,-0.6715,-0.6064,0.6235,-0.1134,0.0675,0.3898,0.2546,-2.8186,-0.0008,0.1423,-1.3757
1791282215.6230,0.0206,0.8430,0.0000,-0.1893,0.8996,-0.4317,-0.8996,0.4317,-0.1565,0.0322,0.3898,0.2884,-2.8172,0.0000,0.0949,-1.3749
1791282215.6421,0.0191,0.6777,0.0000,-0.2465,1.1716,-0.2158,-1.1716,0.2158,-0.1964,-0.0015,0.3898,0.3221,-2.8169,0.0000,0.0474,-1.3752
1791282215.6621,0.0200,0.5321,0.0000,-0.3066,1.4574,0.0240,-1.4574,0.0000,-0.2384,-0.0414,0.3898,0.3467,-2.8174,0.0004,-0.0025,-1.3765
1791282215.6824,0.0203,3.9726,0.0000,-0.3675,1.7468,0.1918,-1.7468,-0.2398,-0.2387,-0.0828,0.3898,0.3620,-2.8185,-0.0008,-0.0454,-1.3781
1791282215.7029,0.0204,0.4905,0.0000,-0.3948,1.8764,0.3837,-1.8764,-0.4556,-0.2387,-0.1227,0.3898,0.3728,-2.8204,-0.0012,-0.0883,-1.3814
1791282215.7230,0.0201,0.3134,0.0000,-0.3948,1.8764,0.5516,-1.8764,-0.5276,-0.2387,-0.1442,0.3898,0.3758,-2.8220,0.0004,-0.1135,-1.3836
1791282215.7421,0.0191,0.4454,0.0000,-0.3948,1.8764,0.9113,-1.8764,-0.8153,-0.2387,-0.1779,0.3898,0.3820,-2.8261,0.0016,-0.1815,-1.3891
1791282215.7621,0.0200,0.4829,0.0000,-0.3948,1.8764,1.1990,-1.8764,-1.1751,-0.2387,-0.2025,0.3898,0.3835,-2.8314,0.0004,-0.2497,-1.3956
1791282215.7821,0.0200,0.4150,0.0000,-0.3948,1.8764,1.4388,-1.8764,-1.4149,-0.2387,-0.2148,0.3898,0.3866,-2.8373,0.0004,-0.3002,-1.4024
1791282215.8021,0.0200,0.4386,0.0000,-0.3948,1.8764,1.5827,-1.8764,-1.5588,-0.2387,-0.2240,0.3898,0.3866,-2.8438,0.0004,-0.3304,-1.4098
1791282215.8263,0.0242,1.4478,0.0000,-0.3948,1.8764,1.7266,-1.8764,-1.7026,-0.2387,-0.2286,0.3898,0.3881,-2.8554,0.0004,-0.3607,-1.4214
1791282215.8422,0.0159,0.8388,0.0000,-0.3948,1.8764,1.7506,-1.8764,-1.7266,-0.2387,-0.2316,0.3898,0.3881,-2.8596,0.0004,-0.3657,-1.4253
1791282215.8628,0.0206,0.4456,0.0000,-0.3948,1.8764,1.8465,-1.8764,-1.7986,-0.2387,-0.2347,0.3898,0.3881,-2.8680,0.0008,-0.3833,-1.4335
1791282215.8827,0.0199,0.6245,0.0000,-0.3350,1.5921,1.8705,-1.5921,-1.8465,-0.2387,-0.2362,0.3898,0.3866,-2.8761,0.0004,-0.3910,-1.4419
1791282215.9021,0.0194,0.5992,0.0000,-0.2769,1.3162,1.8465,-1.3162,-1.8705,-0.2387,-0.2378,0.3898,0.3866,-2.8836,-0.0004,-0.3910,-1.4493
1791282215.9240,0.0219,0.3261,0.0000,-0.2112,1.0037,1.8225,-1.0037,-1.8465,-0.2387,-0.2378,0.3898,0.3881,-2.8910,-0.0004,-0.3860,-1.4570
1791282215.9421,0.0181,0.4591,0.0000,-0.1568,0.7451,1.7746,-0.7451,-1.7986,-0.2387,-0.2378,0.3898,0.3881,-2.8986,-0.0004,-0.3759,-1.4641
1791282215.9626,0.0204,0.7985,0.0000,-0.0954,0.4536,1.6787,-0.4536,-1.6787,-0.2387,-0.2378,0.3898,0.3881,-2.9056,0.0000,-0.3532,-1.4704
1791282215.9821,0.0195,2.9036,0.0000,-0.0368,0.1749,1.4868,-0.1749,-1.4868,-0.2387,-0.2362,0.3898,0.3881,-2.9116,0.0000,-0.3128,-1.4761
1791282216.0027,0.0206,0.5718,0.0000,0.0000,0.0000,1.2950,0.0000,-1.2950,-0.2387,-0.2378,0.3898,0.3881,-2.9168,0.0000,-0.2725,-1.4806
1791282216.0227,0.0201,0.9873,0.0000,0.0000,0.0000,1.0791,0.0000,-1.0312,-0.2387,-0.2378,0.3898,0.3881,-2.9206,0.0008,-0.2219,-1.4837
1791282216.0422,0.0195,1.8385,0.0000,0.0000,0.0000,0.8153,0.0000,-0.7674,-0.2387,-0.2378,0.3898,0.3881,-2.9231,0.0008,-0.1664,-1.4858
1791282216.0634,0.0212,0.4933,0.0000,0.0000,0.0000,0.5276,0.0000,-0.5036,-0.2387,-0.2378,0.3898,0.3881,-2.9247,0.0004,-0.1085,-1.4869
1791282216.0822,0.0188,2.8518,0.0000,0.0000,0.0000,0.3118,0.0000,-0.2878,-0.2387,-0.2378,0.3898,0.3881,-2.9254,0.0004,-0.0631,-1.4874
1791282216.1038,0.0216,1.0012,0.0000,0.0000,0.0000,0.1679,0.0000,-0.1679,-0.2387,-0.2378,0.3898,0.3881,-2.9258,0.0000,-0.0353,-1.4879
1791282216.1224,0.0186,2.7716,0.0000,0.0000,0.0000,0.0959,0.0000,-0.0719,-0.2387,-0.2378,0.3898,0.3881,-2.9260,0.0004,-0.0177,-1.4879
1791282216.1421,0.0197,2.9906,0.0000,0.0000,0.0000,0.0240,0.0000,-0.0240,-0.2387,-0.2378,0.3898,0.3881,-2.9260,0.0000,-0.0050,-1.4879
1791282216.1621,0.0200,0.7808,0.0000,0.0000,0.0000,0.0000,0.0000,0.0000,-0.2387,-0.2378,0.3898,0.3881,-2.9260,0.0000,0.0000,-1.4880
1791282216.1829,0.0208,0.4165,0.0000,0.0000,0.0000,0.0000,0.0000,0.0000,-0.2387,-0.2378,0.3898,0.3881,-2.9260,0.0000,0.0000,-1.4879
1791282216.2021,0.0192,0.3783,0.0000,0.0000,0.0000,0.0000,0.0000,0.0000,-0.2387,-0.2378,0.3898,0.3881,-2.9260,0.0000,0.0000,-1.4879
1791282216.2234,0.0213,2.4423,0.0000,0.0000,0.0000,0.0000,0.0000,0.0000,-0.2387,-0.2378,0.3898,0.3881,-2.9260,0.0000,0.0000,-1.4880
1791282216.2422,0.0189,1.1137,0.0000,0.0000,0.0000,0.0000,0.0000,0.0000,-0.2387,-0.2378,0.3898,0.3881,-2.9260,0.0000,0.0000,-1.4880
1791282216.2637,0.0215,0.3614,0.0000,0.0000,0.0000,0.0000,0.0000,0.0000,-0.2387,-0.2378,0.3898,0.3881,-2.9261,0.0000,0.0000,-1.4882
1791282216.2827,0.0190,0.4169,0.0000,0.0000,0.0000,0.0000,0.0000,0.0000,-0.2387,-0.2378,0.3898,0.3881,-2.9260,0.0000,0.0000,-1.4879
1791282216.3021,0.0194,0.4382,0.0000,0.0000,0.0000,0.0000,0.0000,0.0000,-0.2387,-0.2378,0.3898,0.3881,-2.9260,0.0000,0.0000,-1.4879
1791282216.3240,0.0219,0.3202,0.0000,0.0000,0.0000,0.0000,0.0000,0.0000,-0.2387,-0.2378,0.3898,0.3881,-2.9261,0.0000,0.0000,-1.4880
1791282216.3444,0.0203,0.5329,0.0000,0.0000,0.0000,0.0000,0.0000,0.0000,-0.2387,-0.2378,0.3898,0.3881,-2.9260,0.0000,0.0000,-1.4882
1791282216.3622,0.0179,0.7423,0.0000,0.0000,0.0000,0.0000,0.0000,0.0000,-0.2387,-0.2378,0.3898,0.3881,-2.9259,0.0000,0.0000,-1.4882
1791282216.3827,0.0204,3.9510,0.0000,0.0000,0.0000,0.0000,0.0000,0.0000,-0.1959,-0.2378,0.3470,0.3881,-2.9260,0.0000,0.0000,-1.4880
1791282216.4021,0.0194,1.5947,0.0000,-0.0582,0.2767,0.0000,-0.2767,0.0000,-0.1553,-0.2378,0.3063,0.3881,-2.9261,0.0000,0.0000,-1.4882
1791282216.4252,0.0231,4.1981,0.0000,-0.1276,0.6063,0.0000,-0.6063,0.0000,-0.1068,-0.2378,0.2579,0.3866,-2.9261,0.0000,0.0000,-1.4882
1791282216.4426,0.0174,0.6212,0.0000,-0.1799,0.8550,0.0000,-0.8550,0.0000,-0.0703,-0.2362,0.2214,0.3835,-2.9260,0.0000,0.0000,-1.4882
1791282216.4621,0.0195,0.4809,0.0000,-0.2383,1.1326,0.0240,-1.1326,-0.0480,-0.0295,-0.2132,0.1806,0.3651,-2.9263,-0.0004,-0.0076,-1.4888
1791282216.4821,0.0201,0.4598,0.0000,-0.2985,1.4185,0.1439,-1.4185,-0.1439,0.0000,-0.1856,0.1386,0.3375,-2.9271,0.0000,-0.0303,-1.4905
1791282216.5021,0.0199,0.4393,0.0000,-0.3582,1.7024,0.3118,-1.7024,-0.3118,0.0000,-0.1503,0.0969,0.3022,-2.9287,0.0000,-0.0656,-1.4932
1791282216.5228,0.0208,0.2928,0.0000,-0.4205,1.9987,0.5516,-1.9987,-0.5516,0.0000,-0.1104,0.0534,0.2623,-2.9318,0.0000,-0.1160,-1.4967
1791282216.5421,0.0193,0.5866,0.0000,-0.4784,2.2740,0.7914,-2.2740,-0.7914,0.0000,-0.0706,0.0130,0.2194,-2.9357,0.0000,-0.1665,-1.5014
1791282216.5657,0.0236,0.4426,0.0000,-0.5492,2.6106,1.0552,-2.6106,-1.0791,0.0000,-0.0460,0.0000,0.1764,-2.9410,-0.0004,-0.2245,-1.5074
1791282216.5821,0.0164,0.4510,0.0000,-0.5984,2.8446,1.3189,-2.8446,-1.3429,0.0000,-0.0307,0.0000,0.1319,-2.9476,-0.0004,-0.2800,-1.5148
1791282216.6021,0.0199,0.5645,0.0000,-0.6582,3.1292,1.6307,-3.1292,-1.6547,0.0000,-0.0184,0.0000,0.0890,-2.9557,-0.0004,-0.3456,-1.5235
1791282216.6230,0.0209,0.7255,0.0000,-0.7210,3.4278,1.9185,-3.4278,-1.9424,0.0000,-0.0107,0.0000,0.0552,-2.9648,-0.0004,-0.4061,-1.5335
1791282216.6423,0.0193,0.7831,0.0000,-0.6630,3.1520,2.1823,-3.1520,-2.2302,0.0000,-0.0077,0.0000,0.0337,-2.9752,-0.0008,-0.4641,-1.5442
1791282216.6623,0.0200,0.7856,0.0000,-0.6031,2.8669,2.4940,-2.8669,-2.4940,0.0000,-0.0046,0.0000,0.0215,-2.9871,0.0000,-0.5247,-1.5566
1791282216.6841,0.0218,1.1685,0.0109,-0.5376,2.8979,2.7818,-2.2367,-2.7818,0.0006,-0.0015,0.0457,0.0138,-2.9996,0.0000,-0.5852,-1.5700
1791282216.7024,0.0183,1.6612,0.0201,-0.4826,2.9232,2.9736,-1.7061,-2.9496,0.0006,-0.0015,0.0841,0.0092,-3.0128,0.0004,-0.6229,-1.5831
1791282216.7223,0.0199,0.4562,0.0300,-0.4229,2.9494,2.9976,-1.1290,-2.9736,0.0006,-0.0015,0.1258,0.0061,-3.0262,0.0004,-0.6279,-1.5960
1791282216.7428,0.0205,0.4131,0.0403,-0.3614,2.9729,2.9736,-0.5319,-2.8537,0.0006,-0.0015,0.1687,0.0184,-3.0390,0.0020,-0.6124,-1.6077
1791282216.7637,0.0208,0.5682,0.0507,-0.2989,2.9931,2.9496,0.0795,-2.5659,0.0006,-0.0015,0.2124,0.0399,-3.0507,0.0063,-0.5787,-1.6189
1791282216.7821,0.0184,0.5724,0.0599,-0.2437,3.0084,2.9017,0.6213,-2.1823,0.0006,-0.0015,0.2509,0.0706,-3.0612,0.0119,-0.5321,-1.6286
1791282216.8023,0.0203,1.2185,0.0700,-0.1830,3.0224,2.9257,1.2211,-1.6787,0.0006,-0.0031,0.2933,0.1043,-3.0708,0.0206,-0.4799,-1.6373
1791282216.8239,0.0216,2.0877,0.0808,-0.1183,3.0339,2.9257,1.8634,-1.1751,0.0006,-0.0015,0.3385,0.1396,-3.0790,0.0289,-0.4254,-1.6452
1791282216.8422,0.0183,0.6358,0.0899,-0.0634,3.0409,2.9496,2.4099,-0.9113,0.0006,-0.0015,0.3488,0.1611,-3.0828,0.0336,-0.3995,-1.6484
1791282216.8621,0.0200,0.5494,0.0999,-0.0035,3.0457,2.9496,3.0109,-0.3837,0.0006,-0.0015,0.3488,0.1979,-3.0892,0.0423,-0.3434,-1.6543
1791282216.8821,0.0200,0.4030,0.1099,0.0017,3.3227,2.9736,3.3388,0.1199,0.0006,-0.0015,0.3488,0.2378,-3.0945,0.0510,-0.2927,-1.6590
1791282216.9024,0.0203,0.4774,0.1201,0.0017,3.6309,2.9736,3.6471,0.6715,0.0006,-0.0015,0.3488,0.2761,-3.0993,0.0601,-0.2350,-1.6621
1791282216.9243,0.0218,0.4653,0.1310,0.0017,3.9614,3.0216,3.9776,1.6547,0.0006,-0.0015,0.3488,0.3114,-3.1031,0.0772,-0.1384,-1.6648
1791282216.9429,0.0187,0.8797,0.1403,0.0578,3.9773,3.0456,4.5280,1.9424,0.0397,-0.0015,0.3097,0.3191,-3.1038,0.0823,-0.1114,-1.6654
1791282216.9622,0.0192,0.5832,0.1500,0.1155,3.9925,3.1415,5.0957,2.4221,0.0800,-0.0015,0.2694,0.3298,-3.1048,0.0918,-0.0723,-1.6661
1791282216.9830,0.0208,0.5911,0.1604,0.1449,4.1672,3.3094,5.5516,2.8777,0.1236,-0.0015,0.2628,0.3359,-3.1055,0.1021,-0.0432,-1.6666
1791282217.0027,0.0197,0.4213,0.1702,0.1449,4.4650,3.5252,5.8495,3.2854,0.1647,0.0061,0.2628,0.3359,-3.1058,0.1124,-0.0240,-1.6661
1791282217.0229,0.0202,3.7380,0.1803,0.1449,4.7718,3.7170,6.1562,3.8130,0.1796,0.0307,0.2628,0.3191,-3.1050,0.1242,0.0101,-1.6652
1791282217.0421,0.0192,1.0504,0.1881,0.1449,5.0073,3.8609,6.3918,4.3405,0.1796,0.0629,0.2628,0.2991,-3.1035,0.1353,0.0504,-1.6629
1791282217.0628,0.0207,0.3588,0.1881,0.1449,5.0073,4.0288,6.3918,4.8201,0.1796,0.0966,0.2628,0.2838,-3.1010,0.1460,0.0829,-1.6608
1791282217.0827,0.0199,0.3951,0.1881,0.1449,5.0073,4.2206,6.3918,5.2758,0.1796,0.1258,0.2628,0.2777,-3.0983,0.1567,0.1105,-1.6579
1791282217.1021,0.0194,0.4413,0.1881,0.1449,5.0073,4.4844,6.3918,5.6835,0.1796,0.1457,0.2628,0.2715,-3.0949,0.1678,0.1255,-1.6552
1791282217.1223,0.0203,0.7905,0.1881,0.1449,5.0073,4.7242,6.3918,5.9952,0.1796,0.1565,0.2628,0.2684,-3.0916,0.1769,0.1330,-1.6523
1791282217.1433,0.0209,0.5111,0.1776,0.0821,4.9901,4.8441,5.7743,6.1871,0.1357,0.1657,0.2957,0.2654,-3.0884,0.1820,0.1406,-1.6491
1791282217.1628,0.0195,0.7087,0.1679,0.0236,4.9741,4.9400,5.1996,6.2830,0.0949,0.1703,0.2957,0.2608,-3.0853,0.1852,0.1406,-1.6464
1791282217.1821,0.0193,0.6194,0.1582,-0.0344,4.9668,4.9640,4.6206,6.3549,0.0544,0.1718,0.2957,0.2623,-3.0817,0.1868,0.1456,-1.6435
1791282217.2021,0.0200,0.4106,0.1482,-0.0434,4.7097,4.9880,4.2730,6.2590,0.0126,0.1595,0.2957,0.2715,-3.0783,0.1856,0.1330,-1.6412
1791282217.2250,0.0229,0.3668,0.1367,-0.0434,4.3618,4.9880,3.9257,5.9952,-0.0355,0.1381,0.2957,0.2807,-3.0760,0.1812,0.1054,-1.6400
1791282217.2421,0.0171,0.4671,0.1282,-0.0434,4.1025,4.9880,3.6669,5.5875,-0.0559,0.1089,0.2957,0.2853,-3.0744,0.1745,0.0628,-1.6398
1791282217.2621,0.0200,0.4313,0.1182,-0.0434,3.7997,4.9161,3.3646,5.1799,-0.0559,0.0752,0.2957,0.2899,-3.0742,0.1666,0.0276,-1.6400
1791282217.2821,0.0200,0.5656,0.1082,-0.0434,3.4964,4.7722,3.0618,4.7722,-0.0559,0.0383,0.2957,0.2915,-3.0744,0.1575,0.0000,-1.6400
1791282217.3020,0.0200,0.3979,0.0982,-0.0434,3.1934,4.5803,2.7596,4.3885,-0.0559,0.0046,0.2957,0.2930,-3.0746,0.1480,-0.0191,-1.6409
1791282217.3226,0.0205,0.5460,0.0880,-0.0434,2.8810,4.3405,2.4495,4.0528,-0.0559,-0.0169,0.2957,0.2945,-3.0750,0.1385,-0.0287,-1.6416
1791282217.3421,0.0195,0.5272,0.0782,-0.0656,2.6943,4.0767,2.0462,3.7410,-0.0835,-0.0322,0.3365,0.2945,-3.0757,0.1290,-0.0335,-1.6419
1791282217.3624,0.0204,0.9461,0.0680,-0.0656,2.3842,3.7650,1.7395,3.4532,-0.0835,-0.0414,0.3631,0.2945,-3.0765,0.1191,-0.0311,-1.6427
1791282217.3822,0.0197,0.5859,0.0582,-0.0656,2.0836,3.6451,1.4420,3.2854,-0.0835,-0.0445,0.3631,0.2945,-3.0769,0.1144,-0.0359,-1.6430
1791282217.4021,0.0199,0.3951,0.0482,-0.0656,1.7797,3.3573,1.1414,2.9736,-0.0835,-0.0537,0.3631,0.3022,-3.0777,0.1045,-0.0384,-1.6441
1791282217.4230,0.0209,0.2909,0.0378,-0.0656,1.4619,3.0935,0.8269,2.6379,-0.0835,-0.0598,0.3631,0.3191,-3.0786,0.0946,-0.0457,-1.6450
1791282217.4422,0.0192,0.5586,0.0282,-0.0656,1.1696,2.8537,0.5376,2.3261,-0.0835,-0.0690,0.3631,0.3344,-3.0797,0.0855,-0.0532,-1.6462
1791282217.4623,0.0201,0.9659,0.0181,-0.0656,0.8632,2.5659,0.2344,1.9904,-0.0835,-0.0798,0.3631,0.3451,-3.0807,0.0752,-0.0583,-1.6476
1791282217.4827,0.0205,0.4027,0.0079,-0.0656,0.5515,2.2302,-0.0741,1.6547,-0.0835,-0.0813,0.3631,0.3513,-3.0820,0.0641,-0.0586,-1.6490
1791282217.5031,0.0203,0.4285,-0.0023,-0.0656,0.2424,1.8945,-0.3811,1.2950,-0.0835,-0.0813,0.3631,0.3559,-3.0832,0.0526,-0.0614,-1.6503
1791282217.5224,0.0193,0.3687,-0.0119,-0.0656,-0.0494,1.5588,-0.6741,0.9592,-0.0835,-0.0813,0.3631,0.3590,-3.0846,0.0415,-0.0618,-1.6513
1791282217.5420,0.0197,0.4294,-0.0218,-0.0656,-0.3468,1.2470,-0.9727,0.6475,-0.0835,-0.0813,0.3631,0.3605,-3.0860,0.0313,-0.0621,-1.6525
1791282217.5621,0.0201,1.6187,-0.0318,-0.0656,-0.6502,0.9592,-1.2772,0.3357,-0.0835,-0.0813,0.3631,0.3605,-3.0873,0.0214,-0.0649,-1.6540
1791282217.5826,0.0205,1.1122,-0.0420,-0.1003,-0.7932,0.6235,-1.7545,0.0240,-0.1264,-0.0813,0.3997,0.3605,-3.0885,0.0107,-0.0627,-1.6549
1791282217.6021,0.0195,0.5029,-0.0518,-0.1003,-1.0879,0.3118,-2.0510,-0.2158,-0.1270,-0.0813,0.3997,0.3620,-3.0894,0.0016,-0.0555,-1.6561
1791282217.6225,0.0204,1.3328,-0.0620,-0.1003,-1.3966,0.0000,-2.3616,-0.5276,-0.1270,-0.0813,0.3997,0.3636,-3.0904,-0.0087,-0.0554,-1.6575
1791282217.6437,0.0212,1.5848,-0.0726,-0.1003,-1.7164,-0.2638,-2.6834,-0.9113,-0.1270,-0.0920,0.3997,0.3743,-3.0920,-0.0194,-0.0679,-1.6593
1791282217.6647,0.0210,0.4658,-0.0831,-0.1003,-2.0338,-0.4556,-3.0028,-1.2470,-0.1270,-0.1058,0.3997,0.3835,-3.0937,-0.0281,-0.0828,-1.6614
1791282217.6823,0.0176,1.6981,-0.0919,-0.1003,-2.2991,-0.6715,-3.2698,-1.5827,-0.1270,-0.1197,0.3997,0.3896,-3.0957,-0.0372,-0.0952,-1.6634
1791282217.7021,0.0198,3.4112,-0.1000,-0.1003,-2.5442,-0.9353,-3.5164,-1.9185,-0.1270,-0.1227,0.3997,0.3942,-3.0973,-0.0471,-0.1025,-1.6655
1791282217.7258,0.0237,0.2622,-0.1000,-0.1003,-2.5442,-1.2950,-3.5164,-2.2302,-0.1270,-0.1243,0.3997,0.3958,-3.0985,-0.0582,-0.0973,-1.6671
1791282217.7421,0.0163,0.4371,-0.1000,-0.1003,-2.5442,-1.6307,-3.5164,-2.4940,-0.1270,-0.1258,0.3997,0.3973,-3.1001,-0.0681,-0.0896,-1.6690
1791282217.7629,0.0208,1.9194,-0.1000,-0.1003,-2.5442,-1.8945,-3.5164,-2.8297,-0.1270,-0.1258,0.3997,0.3988,-3.1023,-0.0779,-0.0969,-1.6711
1791282217.7821,0.0192,0.4394,-0.1000,-0.1003,-2.5442,-2.1343,-3.5164,-3.1415,-0.1270,-0.1258,0.3997,0.3988,-3.1047,-0.0871,-0.1042,-1.6735
1791282217.8021,0.0199,0.4154,-0.1000,-0.1003,-2.5442,-2.2782,-3.5164,-3.3333,-0.1270,-0.1258,0.3997,0.3988,-3.1066,-0.0926,-0.1090,-1.6759
1791282217.8228,0.0208,0.8916,-0.1000,-0.1003,-2.5442,-2.4221,-3.5164,-3.4053,-0.1270,-0.1258,0.3997,0.3988,-3.1080,-0.0962,-0.1015,-1.6778
1791282217.8422,0.0194,0.6088,-0.0903,-0.0423,-2.5327,-2.4700,-2.9415,-3.4532,-0.1270,-0.1258,0.3997,0.3988,-3.1094,-0.0977,-0.1015,-1.6798
1791282217.8624,0.0202,0.5576,-0.0802,0.0000,-2.4314,-2.5180,-2.4314,-3.4532,-0.1270,-0.1243,0.3997,0.3988,-3.1110,-0.0985,-0.0965,-1.6819
1791282217.8837,0.0214,0.6171,-0.0695,0.0000,-2.1074,-2.5180,-2.1074,-3.4772,-0.1270,-0.1258,0.3997,0.3988,-3.1130,-0.0989,-0.0990,-1.6839
1791282217.9020,0.0183,0.4538,-0.0604,0.0000,-1.8299,-2.5180,-1.8299,-3.4772,-0.1270,-0.1289,0.3997,0.3988,-3.1142,-0.0989,-0.0990,-1.6846
1791282217.9249,0.0228,0.2924,-0.0490,0.0000,-1.4839,-2.4940,-1.4839,-3.1894,-0.1270,-0.1289,0.3997,0.3988,-3.1166,-0.0938,-0.0718,-1.6860
1791282217.9421,0.0172,0.4961,-0.0404,0.0000,-1.2235,-2.4700,-1.2235,-3.0456,-0.1270,-0.1289,0.3997,0.3988,-3.1169,-0.0910,-0.0595,-1.6863
1791282217.9621,0.0200,1.0875,-0.0304,0.0000,-0.9205,-2.3741,-0.9205,-2.6859,-0.1270,-0.1289,0.3997,0.3988,-3.1169,-0.0835,-0.0323,-1.6868
1791282217.9827,0.0207,1.0288,-0.0200,0.0000,-0.6076,-2.1823,-0.6076,-2.3741,-0.1270,-0.1289,0.3997,0.3988,-3.1169,-0.0752,-0.0199,-1.6865
1791282218.0022,0.0194,1.9686,-0.0103,0.0000,-0.3130,-1.9424,-0.3130,-2.0144,-0.1270,-0.1289,0.3997,0.3988,-3.1169,-0.0653,-0.0075,-1.6866
1791282218.0267,0.0245,4.4329,0.0000,0.0000,0.0000,-1.5108,0.0000,-1.5588,-0.1270,-0.1289,0.3997,0.3988,-3.1170,-0.0506,-0.0050,-1.6868
1791282218.0422,0.0155,2.5930,0.0000,0.0000,0.0000,-1.3669,0.0000,-1.4149,-0.1270,-0.1289,0.3997,0.3988,-3.1170,-0.0459,-0.0050,-1.6868
1791282218.0621,0.0198,0.4371,0.0000,0.0000,0.0000,-1.1031,0.0000,-1.1271,-0.1270,-0.1289,0.3997,0.3988,-3.1172,-0.0368,-0.0025,-1.6868
1791282218.0821,0.0200,0.7014,0.0000,0.0000,0.0000,-0.7914,0.0000,-0.8393,-0.1270,-0.1289,0.3997,0.3988,-3.1173,-0.0269,-0.0050,-1.6868
1791282218.1021,0.0200,0.4181,0.0000,0.0000,0.0000,-0.5276,0.0000,-0.5516,-0.1270,-0.1289,0.3997,0.3988,-3.1173,-0.0178,-0.0025,-1.6868
1791282218.1225,0.0204,0.6088,0.0000,0.0000,0.0000,-0.3118,0.0000,-0.3118,-0.1270,-0.1289,0.3997,0.3988,-3.1173,-0.0103,0.0000,-1.6870
1791282218.1421,0.0196,0.8216,0.0000,0.0000,0.0000,-0.1439,0.0000,-0.1679,-0.1270,-0.1289,0.3997,0.3988,-3.1173,-0.0051,-0.0025,-1.6870
1791282218.1623,0.0202,1.4863,0.0000,0.0000,0.0000,-0.0719,0.0000,-0.0719,-0.1270,-0.1289,0.3997,0.3988,-3.1173,-0.0024,0.0000,-1.6870
1791282218.1823,0.0199,0.6678,0.0000,0.0000,0.0000,-0.0480,0.0000,-0.0240,-0.1270,-0.1289,0.3997,0.3988,-3.1173,-0.0012,0.0026,-1.6868
1791282218.2021,0.0198,0.8517,0.0000,0.0000,0.0000,0.0000,0.0000,0.0000,-0.1270,-0.1289,0.3997,0.3988,-3.1174,0.0000,0.0000,-1.6868
1791282218.2240,0.0219,2.1030,0.0000,0.0000,0.0000,0.0000,0.0000,0.0000,-0.1270,-0.1289,0.3997,0.3988,-3.1173,0.0000,0.0000,-1.6866
1791282218.2423,0.0184,2.4903,0.0000,0.0000,0.0000,0.0000,0.0000,0.0000,-0.1270,-0.1289,0.3997,0.3988,-3.1174,0.0000,0.0000,-1.6866
1791282218.2627,0.0203,0.3623,0.0000,0.0000,0.0000,0.0000,0.0000,0.0000,-0.1270,-0.1289,0.3997,0.3988,-3.1174,0.0000,0.0000,-1.6870
1791282218.2828,0.0201,0.4471,0.0000,0.0000,0.0000,0.0000,0.0000,0.0000,-0.1270,-0.1289,0.3997,0.3988,-3.1174,0.0000,0.0000,-1.6866
1791282218.3031,0.0203,0.4848,0.0000,0.0000,0.0000,0.0000,0.0000,0.0000,-0.1270,-0.1289,0.3997,0.3973,-3.1174,0.0000,0.0000,-1.6870
1791282218.3242,0.0210,0.2672,0.0000,0.0000,0.0000,0.0000,0.0000,0.0000,-0.1270,-0.1289,0.3997,0.3988,-3.1174,0.0000,0.0000,-1.6866
1791282218.3421,0.0179,0.5131,0.0000,0.0000,0.0000,0.0000,0.0000,0.0000,-0.1270,-0.1289,0.3997,0.3988,-3.1174,0.0000,0.0000,-1.6868
1791282218.3623,0.0203,2.5160,0.0000,0.0000,0.0000,0.0000,0.0000,0.0000,-0.1270,-0.1289,0.3997,0.3988,-3.1173,0.0000,0.0000,-1.6868
1791282218.3837,0.0214,5.4966,0.0000,0.0000,0.0000,0.0000,0.0000,0.0000,-0.0822,-0.1289,0.3549,0.3988,-3.1174,0.0000,0.0000,-1.6870
1791282218.4020,0.0183,0.6546,0.0000,-0.0550,0.2614,0.0000,-0.2614,0.0000,-0.0438,-0.1289,0.3165,0.3988,-3.1174,0.0000,0.0000,-1.6870
1791282218.4244,0.0223,5.7232,0.0000,-0.1220,0.5796,0.0000,-0.5796,0.0000,0.0000,-0.1273,0.2698,0.3973,-3.1174,0.0000,0.0000,-1.6866
1791282218.4422,0.0179,2.7470,0.0000,-0.1756,0.8344,0.0000,-0.8344,0.0000,0.0000,-0.1135,0.2323,0.3866,-3.1174,0.0000,0.0000,-1.6870
1791282218.4621,0.0199,1.2479,0.0000,-0.2351,1.1175,0.0240,-1.1175,-0.0480,0.0000,-0.0905,0.1908,0.3636,-3.1176,-0.0004,-0.0076,-1.6876
1791282218.4821,0.0200,0.4080,0.0000,-0.2952,1.4029,0.1199,-1.4029,-0.1918,0.0000,-0.0583,0.1488,0.3329,-3.1184,-0.0012,-0.0328,-1.6890
1791282218.5023,0.0202,1.0828,0.0000,-0.3557,1.6904,0.1679,-1.6904,-0.2638,0.0000,-0.0491,0.1066,0.3160,-3.1189,-0.0016,-0.0454,-1.6899
1791282218.5224,0.0201,1.5418,0.0000,-0.4160,1.9773,0.4556,-1.9773,-0.5516,0.0000,-0.0261,0.0645,0.2623,-3.1221,-0.0016,-0.1059,-1.6947
1791282218.5421,0.0197,0.4340,0.0000,-0.4751,2.2581,0.6235,-2.2581,-0.6715,0.0000,-0.0184,0.0232,0.2408,-3.1239,-0.0008,-0.1362,-1.6971
1791282218.5623,0.0203,1.8464,0.0000,-0.5358,2.5471,0.9113,-2.5471,-0.9353,0.0000,-0.0123,0.0000,0.2025,-3.1287,-0.0004,-0.1942,-1.7024
1791282218.5821,0.0197,0.3858,0.0000,-0.5951,2.8289,1.1751,-2.8289,-1.2230,0.0000,-0.0077,0.0000,0.1626,-3.1344,-0.0008,-0.2522,-1.7089
1791282218.6021,0.0200,0.4626,0.0000,-0.6550,3.1140,1.4388,-3.1140,-1.4868,0.0000,-0.0046,0.0000,0.1197,-3.1414,-0.0008,-0.3077,-1.7166
1791282218.6234,0.0213,0.4228,0.0000,-0.7190,3.4185,1.7506,-3.4185,-1.7746,0.0000,-0.0015,0.0000,0.0798,3.1340,-0.0004,-0.3708,-1.7257
1791282218.6431,0.0197,1.8244,0.0000,-0.7783,3.7005,2.0624,-3.7005,-2.0863,0.0000,-0.0015,0.0000,0.0460,3.1249,-0.0004,-0.4364,-1.7362
1791282218.6630,0.0199,0.3656,0.0000,-0.7187,3.4170,2.3741,-3.4170,-2.3741,0.0000,-0.0015,0.0000,0.0291,3.1141,0.0000,-0.4995,-1.7478
1791282218.6827,0.0197,0.6399,0.0098,-0.6596,3.4453,2.6859,-2.8485,-2.6619,0.0412,-0.0015,0.0412,0.0199,3.1018,0.0004,-0.5624,-1.7604
1791282218.7027,0.0200,0.4120,0.0198,-0.5997,3.4739,2.9496,-2.2719,-2.9257,0.0831,-0.0015,0.0831,0.0107,3.0884,0.0004,-0.6179,-1.7742
1791282218.7230,0.0203,3.0239,0.0300,-0.5388,3.5023,3.1415,-1.6853,-3.1655,0.1004,0.0000,0.1256,0.0077,3.0741,-0.0004,-0.6633,-1.7883
1791282218.7421,0.0191,3.4160,0.0395,-0.4814,3.5279,3.2614,-1.1314,-3.2134,0.1004,0.0138,0.1656,0.0184,3.0597,0.0008,-0.6808,-1.8017
1791282218.7622,0.0202,2.5138,0.0496,-0.4210,3.5533,3.3333,-0.5462,-3.0216,0.1004,0.0368,0.2078,0.0383,3.0463,0.0051,-0.6671,-1.8142
1791282218.7821,0.0198,2.8427,0.0595,-0.3615,3.5739,3.3813,0.0344,-2.7098,0.1004,0.0568,0.2494,0.0629,3.0340,0.0111,-0.6380,-1.8266
1791282218.8020,0.0200,2.1098,0.0695,-0.3016,3.5906,3.4293,0.6227,-2.2782,0.1004,0.0736,0.2912,0.0966,3.0223,0.0190,-0.5959,-1.8376
1791282218.8253,0.0232,1.8344,0.0811,-0.2319,3.6064,3.4532,1.3109,-1.7506,0.1004,0.0828,0.3399,0.1319,3.0118,0.0281,-0.5410,-1.8474
1791282218.8426,0.0173,2.5583,0.0898,-0.1800,3.6156,3.4772,1.8261,-1.1990,0.1004,0.0890,0.3761,0.1733,3.0024,0.0376,-0.4836,-1.8561
1791282218.8624,0.0198,2.1712,0.0997,-0.1204,3.6234,3.5012,2.4198,-0.6475,0.1009,0.0936,0.4030,0.2148,2.9939,0.0471,-0.4266,-1.8634
1791282218.8827,0.0202,0.5801,0.1080,-0.0597,3.5705,3.5492,2.9734,-0.0959,0.1009,0.0966,0.4030,0.2577,2.9871,0.0570,-0.3727,-1.8698
1791282218.9020,0.0194,1.0854,0.1080,-0.0016,3.2800,3.5492,3.2639,0.3837,0.1009,0.0966,0.4030,0.3007,2.9812,0.0649,-0.3224,-1.8753
1791282218.9251,0.0231,0.2640,0.1080,0.0676,2.9520,3.5492,3.5919,0.9592,0.1009,0.0982,0.4030,0.3359,2.9760,0.0744,-0.2625,-1.8787
1791282218.9421,0.0170,2.7877,0.1080,0.0820,2.8840,3.5492,3.6599,1.6547,0.1009,0.0982,0.4030,0.3605,2.9726,0.0859,-0.1909,-1.8811
1791282218.9624,0.0202,2.1568,0.1080,0.0820,2.8840,3.5252,3.6599,2.2062,0.1009,0.0997,0.4030,0.3758,2.9704,0.0946,-0.1323,-1.8827
1791282218.9827,0.0203,0.4116,0.1080,0.0820,2.8840,3.4053,3.6599,2.6619,0.1009,0.0997,0.4030,0.3850,2.9694,0.1001,-0.0744,-1.8830
1791282219.0025,0.0199,0.3928,0.1080,0.0820,2.8840,3.2614,3.6599,3.0216,0.1009,0.0997,0.4030,0.3927,2.9693,0.1037,-0.0240,-1.8827
1791282219.0230,0.0205,0.5713,0.1080,0.0820,2.8840,3.1415,3.6599,3.2854,0.1009,0.0997,0.4030,0.3973,2.9701,0.1060,0.0152,-1.8819
1791282219.0422,0.0192,0.4837,0.1080,0.0820,2.8840,3.0456,3.6599,3.4532,0.1009,0.0997,0.4030,0.3988,2.9711,0.1072,0.0431,-1.8804
1791282219.0621,0.0198,0.4673,0.1080,0.0820,2.8840,2.9976,3.6599,3.5012,0.1009,0.0997,0.4030,0.4004,2.9717,0.1072,0.0532,-1.8798
1791282219.0821,0.0200,1.9257,0.1080,0.0820,2.8840,2.9496,3.6599,3.5731,0.1009,0.0997,0.4030,0.4019,2.9733,0.1076,0.0659,-1.8786
1791282219.1021,0.0200,0.8802,0.0980,0.0219,2.8651,2.9257,3.0716,3.5971,0.0590,0.0997,0.4450,0.4019,2.9751,0.1076,0.0710,-1.8768
1791282219.1230,0.0209,0.5513,0.0875,-0.0407,2.8544,2.8777,2.4498,3.6211,0.0152,0.0997,0.4739,0.4019,2.9767,0.1072,0.0786,-1.8754
1791282219.1426,0.0196,1.2724,0.0777,-0.0619,2.6609,2.8777,2.0490,3.6451,-0.0258,0.0997,0.4739,0.4019,2.9785,0.1076,0.0811,-1.8739
1791282219.1628,0.0202,6.3118,0.0676,-0.0619,2.3537,2.8777,1.7449,3.5971,-0.0681,0.0920,0.4739,0.4096,2.9801,0.1068,0.0760,-1.8726
1791282219.1822,0.0194,1.7896,0.0579,-0.0619,2.0578,2.8777,1.4520,3.4293,-0.0790,0.0767,0.4739,0.4280,2.9813,0.1041,0.0583,-1.8721
1791282219.2021,0.0198,0.3962,0.0480,-0.0619,1.7558,2.8537,1.1530,3.1175,-0.0790,0.0506,0.4739,0.4449,2.9816,0.0985,0.0279,-1.8720
1791282219.2240,0.0219,0.3558,0.0370,-0.0619,1.4222,2.7818,0.8227,2.7338,-0.0790,0.0123,0.4739,0.4541,2.9815,0.0910,-0.0048,-1.8729
1791282219.2423,0.0183,0.5408,0.0279,-0.0619,1.1432,2.6379,0.5464,2.3501,-0.0790,-0.0184,0.4739,0.4617,2.9807,0.0823,-0.0291,-1.8741
1791282219.2627,0.0204,1.2760,0.0177,-0.0619,0.8319,2.3981,0.2382,1.9664,-0.0790,-0.0414,0.4739,0.4663,2.9797,0.0720,-0.0438,-1.8751
1791282219.2826,0.0198,0.4344,0.0077,-0.0619,0.5302,2.1103,-0.0606,1.6307,-0.0790,-0.0552,0.4739,0.4694,2.9786,0.0617,-0.0489,-1.8762
1791282219.3026,0.0201,0.4039,-0.0023,-0.0619,0.2251,1.8225,-0.3637,1.2950,-0.0790,-0.0629,0.4739,0.4709,2.9775,0.0514,-0.0541,-1.8773
1791282219.3240,0.0214,0.3203,-0.0130,-0.0619,-0.0983,1.5108,-0.6884,0.9592,-0.0790,-0.0690,0.4739,0.4725,2.9763,0.0408,-0.0569,-1.8784
1791282219.3420,0.0180,0.4086,-0.0220,-0.0619,-0.3709,1.1511,-0.9620,0.6475,-0.0790,-0.0721,0.4739,0.4725,2.9753,0.0297,-0.0522,-1.8793
1791282219.3667,0.0247,0.4846,-0.0343,-0.0619,-0.7442,0.8393,-1.3367,0.3118,-0.0790,-0.0752,0.4739,0.4725,2.9742,0.0190,-0.0550,-1.8805
1791282219.3823,0.0155,1.9281,-0.0421,-0.0619,-0.9793,0.5276,-1.5727,0.0480,-0.0790,-0.0767,0.4739,0.4709,2.9733,0.0095,-0.0502,-1.8813
1791282219.4021,0.0199,0.4493,-0.0322,-0.0023,-0.9639,0.2398,-0.9859,-0.1918,-0.0790,-0.0782,0.4739,0.4725,2.9725,0.0008,-0.0454,-1.8827
1791282219.4228,0.0207,2.1769,-0.0218,0.0000,-0.6617,-0.0240,-0.6617,-0.5755,-0.0790,-0.0767,0.4739,0.4725,2.9713,-0.0099,-0.0579,-1.8840
1791282219.4420,0.0192,0.5143,-0.0122,0.0000,-0.3704,-0.3118,-0.3704,-0.9113,-0.0790,-0.0767,0.4739,0.4725,2.9700,-0.0202,-0.0628,-1.8850
1791282219.4628,0.0207,0.5691,-0.0019,0.0000,-0.0564,-0.5276,-0.0564,-1.0552,-0.0790,-0.0767,0.4739,0.4725,2.9690,-0.0261,-0.0552,-1.8861
1791282219.4821,0.0193,0.4849,0.0000,0.0000,0.0000,-0.6475,0.0000,-1.0312,-0.0790,-0.0767,0.4739,0.4725,2.9683,-0.0277,-0.0401,-1.8864
1791282219.5021,0.0200,0.5322,0.0000,0.0000,0.0000,-0.5995,0.0000,-0.8633,-0.0790,-0.0767,0.4739,0.4725,2.9680,-0.0241,-0.0276,-1.8866
1791282219.5224,0.0203,0.3964,0.0000,0.0000,0.0000,-0.4556,0.0000,-0.5995,-0.0790,-0.0767,0.4739,0.4725,2.9678,-0.0174,-0.0151,-1.8867
1791282219.5421,0.0197,0.4022,0.0000,0.0000,0.0000,-0.2398,0.0000,-0.3837,-0.0790,-0.0767,0.4739,0.4725,2.9676,-0.0103,-0.0151,-1.8871
1791282219.5641,0.0219,0.3720,0.0000,0.0000,0.0000,-0.0959,0.0000,-0.2158,-0.0790,-0.0767,0.4739,0.4725,2.9675,-0.0051,-0.0126,-1.8872
1791282219.5821,0.0180,0.3982,0.0000,0.0000,0.0000,-0.0480,0.0000,-0.0959,-0.0790,-0.0767,0.4739,0.4725,2.9675,-0.0024,-0.0050,-1.8871
1791282219.6020,0.0200,0.4256,0.0000,0.0000,0.0000,-0.0480,0.0000,-0.0480,-0.0790,-0.0767,0.4739,0.4725,2.9675,-0.0016,0.0000,-1.8869
1791282219.6276,0.0256,4.2369,0.0000,0.0000,0.0000,-0.0480,0.0000,0.0000,-0.0790,-0.0767,0.4739,0.4725,2.9676,-0.0008,0.0053,-1.8869
1791282219.6421,0.0144,0.8706,0.0000,0.0000,0.0000,-0.0240,0.0000,0.0000,-0.0790,-0.0767,0.4739,0.4725,2.9676,-0.0004,0.0026,-1.8871
1791282219.6622,0.0201,0.9131,0.0000,0.0000,0.0000,0.0000,0.0000,0.0000,-0.0790,-0.0767,0.4739,0.4725,2.9675,0.0000,0.0000,-1.8869
1791282219.6822,0.0200,0.7839,0.0000,0.0000,0.0000,0.0000,0.0000,0.0000,-0.0790,-0.0767,0.4739,0.4725,2.9676,0.0000,0.0000,-1.8869
1791282219.7021,0.0199,0.5032,0.0000,0.0000,0.0000,0.0000,0.0000,0.0000,-0.0790,-0.0767,0.4739,0.4725,2.9678,0.0000,0.0000,-1.8871
1791282219.7224,0.0204,0.6063,0.0000,0.0000,0.0000,0.0000,0.0000,0.0000,-0.0790,-0.0767,0.4739,0.4725,2.9676,0.0000,0.0000,-1.8869
1791282219.7422,0.0198,3.7529,0.0000,0.0000,0.0000,0.0000,0.0000,0.0000,-0.0790,-0.0767,0.4739,0.4725,2.9676,0.0000,0.0000,-1.8871
1791282219.7638,0.0216,1.0919,0.0000,0.0000,0.0000,0.0000,0.0000,0.0000,-0.0790,-0.0767,0.4739,0.4709,2.9675,0.0000,0.0000,-1.8871
1791282219.7826,0.0188,2.1162,0.0000,0.0000,0.0000,0.0000,0.0000,0.0000,-0.0790,-0.0767,0.4739,0.4725,2.9676,0.0000,0.0000,-1.8871
1791282219.8021,0.0194,0.4382,0.0000,0.0000,0.0000,0.0000,0.0000,0.0000,-0.0790,-0.0767,0.4739,0.4725,2.9676,0.0000,0.0000,-1.8869
1791282219.8225,0.0204,0.3048,0.0000,0.0000,0.0000,0.0000,0.0000,0.0000,-0.0790,-0.0767,0.4739,0.4725,2.9677,0.0000,0.0000,-1.8869
1791282219.8420,0.0195,0.4226,0.0000,0.0000,0.0000,0.0000,0.0000,0.0000,-0.0790,-0.0767,0.4739,0.4725,2.9676,0.0000,0.0000,-1.8871
1791282219.8621,0.0200,0.5040,0.0000,0.0000,0.0000,0.0000,0.0000,0.0000,-0.0790,-0.0767,0.4739,0.4725,2.9676,0.0000,0.0000,-1.8871
1791282219.8840,0.0219,0.5295,0.0000,0.0000,0.0000,0.0000,0.0000,0.0000,-0.0790,-0.0767,0.4739,0.4725,2.9676,0.0000,0.0000,-1.8869
1791282219.9021,0.0181,0.3976,0.0000,0.0000,0.0000,0.0000,0.0000,0.0000,-0.0790,-0.0767,0.4739,0.4725,2.9676,0.0000,0.0000,-1.8869
1791282219.9230,0.0209,0.3038,0.0000,0.0000,0.0000,0.0000,0.0000,0.0000,-0.0790,-0.0767,0.4739,0.4725,2.9676,0.0000,0.0000,-1.8869
1791282219.9420,0.0191,0.4244,0.0000,0.0000,0.0000,0.0000,0.0000,0.0000,-0.0790,-0.0767,0.4739,0.4725,2.9676,0.0000,0.0000,-1.8871
1791282219.9627,0.0207,0.5332,0.0000,0.0000,0.0000,0.0000,0.0000,0.0000,-0.0790,-0.0767,0.4739,0.4725,2.9676,0.0000,0.0000,-1.8869
1791282219.9821,0.0194,0.6905,0.0000,0.0000,0.0000,0.0000,0.0000,0.0000,-0.0383,-0.0767,0.4332,0.4725,2.9676,0.0000,0.0000,-1.8869
1791282220.0027,0.0206,2.1039,0.0000,0.0618,-0.2811,0.0000,0.2811,0.0000,0.0000,-0.0767,0.3901,0.4725,2.9677,0.0000,0.0000,-1.8869
1791282220.0225,0.0198,0.4211,0.0000,0.1212,-0.5515,0.0000,0.5515,0.0000,0.0000,-0.0752,0.3486,0.4725,2.9677,0.0000,0.0000,-1.8871
1791282220.0426,0.0201,0.7538,0.0000,0.1814,-0.8256,0.0000,0.8256,0.0000,0.0000,-0.0614,0.3065,0.4617,2.9676,0.0000,0.0000,-1.8869
1791282220.0622,0.0196,0.3829,0.0000,0.2403,-1.0933,-0.0480,1.0933,0.0000,0.0000,-0.0414,0.2654,0.4387,2.9679,-0.0008,0.0053,-1.8860
1791282220.0820,0.0198,0.3790,0.0000,0.2997,-1.3639,-0.1918,1.3639,0.0959,0.0000,-0.0261,0.2239,0.4080,2.9688,-0.0016,0.0316,-1.8847
1791282220.1027,0.0207,1.9778,0.0000,0.3618,-1.6462,-0.3597,1.6462,0.2158,0.0000,-0.0153,0.1806,0.3728,2.9703,-0.0024,0.0632,-1.8827
1791282220.1240,0.0212,0.2956,0.0000,0.4255,-1.9375,-0.5276,1.9375,0.3837,0.0000,-0.0092,0.1361,0.3359,2.9726,-0.0024,0.1001,-1.8791
1791282220.1421,0.0181,2.4164,0.0000,0.4798,-2.1881,-0.7434,2.1881,0.6954,0.0000,-0.0061,0.0982,0.2976,2.9765,-0.0008,0.1581,-1.8744
1791282220.1638,0.0218,1.1757,0.0000,0.5451,-2.4901,-1.0072,2.4901,1.0312,0.0000,-0.0031,0.0527,0.2592,2.9814,0.0004,0.2239,-1.8684
1791282220.1821,0.0183,0.3773,0.0000,0.5999,-2.7446,-1.1511,2.7446,1.1751,0.0000,-0.0031,0.0144,0.2362,2.9841,0.0004,0.2556,-1.8650
1791282220.2021,0.0200,0.4122,0.0000,0.6598,-3.0240,-1.3909,3.0240,1.4149,0.0000,-0.0015,0.0000,0.1948,2.9907,0.0004,0.3082,-1.8572
1791282220.2228,0.0207,0.7460,0.0000,0.7219,-3.3139,-1.6547,3.3139,1.6787,0.0000,-0.0015,0.0000,0.1549,2.9984,0.0004,0.3662,-1.8485
1791282220.2421,0.0194,0.9997,0.0000,0.7800,-3.5862,-1.9664,3.5862,1.9185,0.0000,-0.0015,0.0000,0.1120,3.0078,-0.0008,0.4265,-1.8380
1791282220.2634,0.0213,1.4011,0.0000,0.8000,-3.6804,-2.2542,3.6804,2.2542,0.0000,-0.0015,0.0000,0.0690,3.0186,0.0000,0.4941,-1.8266
1791282220.2828,0.0194,0.4123,0.0000,0.8000,-3.6804,-2.5420,3.6804,2.5659,0.0000,-0.0015,0.0000,0.0430,3.0306,0.0004,0.5588,-1.8137
1791282220.3021,0.0193,0.4503,0.0000,0.8000,-3.6804,-2.8537,3.6804,2.8297,0.0000,-0.0015,0.0000,0.0276,3.0438,-0.0004,0.6207,-1.7996
1791282220.3240,0.0219,0.3268,0.0000,0.8000,-3.6804,-3.0935,3.6804,3.1175,0.0000,-0.0015,0.0000,0.0169,3.0583,0.0004,0.6773,-1.7845
1791282220.3427,0.0188,0.4127,0.0000,0.8000,-3.6804,-3.2854,3.6804,3.3333,0.0000,-0.0015,0.0000,0.0092,3.0734,0.0008,0.7208,-1.7690
1791282220.3622,0.0194,1.5015,0.0000,0.8000,-3.6804,-3.4532,3.6804,3.4532,0.0000,-0.0015,0.0000,0.0061,3.0894,0.0000,0.7516,-1.7530
1791282220.3821,0.0200,0.4248,0.0000,0.8000,-3.6804,-3.5731,3.6804,3.5252,0.0000,-0.0015,0.0000,0.0031,3.1052,-0.0008,0.7720,-1.7370
1791282220.4021,0.0200,0.4349,0.0000,0.8000,-3.6804,-3.6211,3.6804,3.5492,0.0000,-0.0015,0.0000,0.0015,3.1204,-0.0012,0.7796,-1.7209
1791282220.4226,0.0205,0.3333,0.0000,0.8000,-3.6804,-3.6211,3.6804,3.5971,0.0000,-0.0015,0.0000,0.0015,3.1357,-0.0004,0.7848,-1.7051
1791282220.4421,0.0195,0.4682,0.0000,0.7416,-3.4064,-3.6211,3.4064,3.6211,0.0000,-0.0015,0.0000,0.0015,-3.1317,0.0000,0.7874,-1.6888
1791282220.4621,0.0200,0.7721,0.0000,0.6815,-3.1252,-3.5971,3.1252,3.6451,0.0000,-0.0015,0.0000,0.0015,-3.1156,0.0008,0.7872,-1.6726
1791282220.4821,0.0200,0.7671,-0.0100,0.6215,-3.1530,-3.6211,2.5466,3.6691,0.0419,-0.0015,0.0419,-0.0000,-3.0994,0.0008,0.7923,-1.6568
1791282220.5022,0.0200,0.6443,-0.0200,0.5614,-3.1825,-3.6211,1.9690,3.6211,0.0839,-0.0015,0.0839,-0.0000,-3.0835,0.0000,0.7874,-1.6411
1791282220.5225,0.0203,0.6991,-0.0302,0.5005,-3.2137,-3.5252,1.3856,3.5012,0.0999,0.0000,0.1263,0.0031,-3.0688,-0.0004,0.7644,-1.6261
1791282220.5426,0.0202,0.8095,-0.0402,0.4401,-3.2452,-3.3813,0.8062,3.2374,0.0999,0.0123,0.1686,0.0138,-3.0551,-0.0024,0.7207,-1.6132
1791282220.5622,0.0195,2.0471,-0.0500,0.3814,-3.2759,-3.2614,0.2448,2.9017,0.0999,0.0368,0.2095,0.0383,-3.0419,-0.0059,0.6717,-1.6007
1791282220.5821,0.0199,0.5226,-0.0600,0.3217,-3.3062,-3.1894,-0.3286,2.5180,0.0999,0.0598,0.2512,0.0690,-3.0295,-0.0111,0.6222,-1.5890
1791282220.6020,0.0200,0.4057,-0.0700,0.2618,-3.3349,-3.1894,-0.9051,2.0384,0.0999,0.0752,0.2930,0.1028,-3.0187,-0.0190,0.5697,-1.5786
1791282220.6250,0.0229,0.3639,-0.0814,0.1930,-3.3660,-3.2374,-1.5690,1.4628,0.0999,0.0844,0.3411,0.1396,-3.0100,-0.0293,0.5116,-1.5696
1791282220.6420,0.0171,0.4084,-0.0900,0.1418,-3.3878,-3.2374,-2.0640,0.8873,0.0999,0.0890,0.3768,0.1779,-3.0023,-0.0388,0.4482,-1.5617
1791282220.6621,0.0201,0.5771,-0.1000,0.0815,-3.4119,-3.2374,-2.6487,0.3837,0.0999,0.0936,0.4189,0.2178,-2.9952,-0.0471,0.3926,-1.5549
1791282220.6837,0.0216,0.4291,-0.1000,0.0811,-3.4101,-3.2854,-2.6505,-0.0959,0.0999,0.0966,0.4641,0.2608,-2.9890,-0.0558,0.3450,-1.5493
1791282220.7025,0.0188,0.4579,-0.1000,0.0811,-3.4101,-3.3333,-2.6505,-0.7674,0.0999,0.0966,0.4790,0.3022,-2.9844,-0.0677,0.2766,-1.5453
1791282220.7223,0.0198,0.3209,-0.1000,0.0811,-3.4101,-3.3573,-2.6505,-1.0791,0.0999,0.0966,0.4790,0.3221,-2.9828,-0.0732,0.2452,-1.5438
1791282220.7420,0.0197,0.4840,-0.0902,0.0221,-2.8350,-3.3813,-2.6289,-1.6307,0.0999,0.0982,0.4790,0.3636,-2.9805,-0.0827,0.1879,-1.5414
1791282220.7622,0.0202,1.6508,-0.0801,0.0000,-2.4263,-3.4053,-2.4263,-2.0384,0.0999,0.0966,0.4790,0.4034,-2.9790,-0.0898,0.1464,-1.5391
1791282220.7823,0.0201,1.6668,-0.0700,0.0000,-2.1217,-3.4053,-2.1217,-2.2782,0.0999,0.0982,0.4790,0.4310,-2.9775,-0.0938,0.1206,-1.5369
1791282220.8023,0.0200,0.4546,-0.0600,0.0000,-1.8182,-3.3813,-1.8182,-2.4221,0.0999,0.0982,0.4790,0.4479,-2.9757,-0.0958,0.1026,-1.5354
1791282220.8228,0.0205,1.1701,-0.0498,0.0000,-1.5082,-3.2614,-1.5082,-2.4940,0.0999,0.0982,0.4790,0.4587,-2.9741,-0.0950,0.0821,-1.5343
1791282220.8462,0.0234,0.8808,-0.0381,0.0000,-1.1538,-2.8297,-1.1538,-2.3981,0.0999,0.0982,0.4790,0.4694,-2.9724,-0.0863,0.0463,-1.5336
1791282220.8621,0.0159,0.4468,-0.0301,0.0000,-0.9125,-2.6619,-0.9125,-2.3022,0.0999,0.0982,0.4790,0.4709,-2.9721,-0.0819,0.0386,-1.5336
1791282220.8821,0.0200,2.7879,-0.0201,0.0000,-0.6092,-2.3022,-0.6092,-2.0863,0.0999,0.0982,0.4790,0.4740,-2.9718,-0.0724,0.0232,-1.5331
1791282220.9020,0.0198,0.5420,-0.0102,0.0000,-0.3084,-1.9904,-0.3084,-1.8465,0.0999,0.0982,0.4790,0.4755,-2.9716,-0.0633,0.0155,-1.5333
1791282220.9223,0.0203,0.4598,-0.0000,0.0000,-0.0003,-1.6787,-0.0003,-1.5827,0.0999,0.0982,0.4790,0.4755,-2.9717,-0.0538,0.0104,-1.5331
1791282220.9421,0.0198,2.3692,0.0000,0.0000,0.0000,-1.3669,0.0000,-1.3429,0.0999,0.0982,0.4790,0.4771,-2.9717,-0.0447,0.0026,-1.5331
1791282220.9636,0.0215,1.8848,0.0000,0.0000,0.0000,-1.0552,0.0000,-1.0552,0.0999,0.0982,0.4790,0.4771,-2.9717,-0.0348,0.0000,-1.5331
1791282220.9822,0.0186,3.6431,0.0000,0.0000,0.0000,-0.7434,0.0000,-0.7194,0.0999,0.0982,0.4790,0.4771,-2.9717,-0.0241,0.0026,-1.5331
1791282221.0021,0.0198,0.4082,0.0000,0.0000,0.0000,-0.4556,0.0000,-0.4317,0.0999,0.0982,0.4790,0.4771,-2.9718,-0.0146,0.0026,-1.5331
1791282221.0226,0.0205,0.7491,0.0000,0.0000,0.0000,-0.2398,0.0000,-0.2398,0.0999,0.0982,0.4790,0.4771,-2.9718,-0.0079,0.0000,-1.5331
1791282221.0422,0.0197,0.5835,-0.0098,-0.0590,-0.0170,-0.1199,-0.5791,-0.1199,0.0587,0.0982,0.4378,0.4771,-2.9718,-0.0040,0.0000,-1.5331
1791282221.0627,0.0205,0.4701,-0.0201,-0.1060,-0.1026,-0.0719,-1.1144,-0.0480,0.0157,0.0982,0.4220,0.4771,-2.9718,-0.0020,0.0026,-1.5331
1791282221.0829,0.0201,0.4108,-0.0301,-0.1060,-0.4066,-0.0240,-1.4205,-0.0240,-0.0264,0.0966,0.4220,0.4771,-2.9718,-0.0008,0.0000,-1.5331
1791282221.1020,0.0192,1.8374,-0.0397,-0.1060,-0.6958,-0.0240,-1.7116,-0.0959,-0.0665,0.0844,0.4220,0.4663,-2.9719,-0.0020,-0.0076,-1.5338
1791282221.1224,0.0204,0.3358,-0.0499,-0.1060,-1.0035,-0.0240,-2.0213,-0.3357,-0.1092,0.0598,0.4220,0.4510,-2.9726,-0.0059,-0.0328,-1.5352
1791282221.1447,0.0223,0.4443,-0.0611,-0.1060,-1.3408,-0.0959,-2.3608,-0.6475,-0.1341,0.0307,0.4220,0.4387,-2.9739,-0.0123,-0.0579,-1.5370
1791282221.1623,0.0175,1.6370,-0.0698,-0.1060,-1.6056,-0.2638,-2.6273,-0.9592,-0.1341,-0.0015,0.4220,0.4326,-2.9755,-0.0202,-0.0729,-1.5388
1791282221.1821,0.0198,0.5551,-0.0798,-0.1060,-1.9051,-0.4796,-2.9287,-1.2710,-0.1341,-0.0383,0.4220,0.4280,-2.9772,-0.0289,-0.0828,-1.5405
1791282221.2027,0.0206,0.5898,-0.0901,-0.1060,-2.2165,-0.7194,-3.2423,-1.6307,-0.1341,-0.0721,0.4220,0.4264,-2.9790,-0.0388,-0.0952,-1.5425
1791282221.2231,0.0204,0.4534,-0.1000,-0.1060,-2.5164,-1.0072,-3.5442,-1.9424,-0.1341,-0.0997,0.4220,0.4264,-2.9809,-0.0487,-0.0975,-1.5445
1791282221.2423,0.0192,1.0572,-0.1000,-0.1423,-2.3406,-1.2710,-3.7200,-2.2542,-0.1744,-0.1120,0.4623,0.4249,-2.9827,-0.0582,-0.1023,-1.5469
1791282221.2622,0.0199,0.8805,-0.1000,-0.1423,-2.3406,-1.5348,-3.7200,-2.5420,-0.1795,-0.1197,0.4845,0.4218,-2.9847,-0.0673,-0.1046,-1.5490
1791282221.2821,0.0199,0.7815,-0.1000,-0.1423,-2.3406,-1.7026,-3.7200,-2.6859,-0.1795,-0.1227,0.4845,0.4218,-2.9857,-0.0724,-0.1020,-1.5501
1791282221.3021,0.0199,0.4691,-0.1000,-0.1423,-2.3406,-1.9664,-3.7200,-3.0216,-0.1795,-0.1304,0.4845,0.4264,-2.9878,-0.0823,-0.1092,-1.5528
1791282221.3254,0.0234,0.3714,-0.1000,-0.1423,-2.3406,-2.1823,-3.7200,-3.3813,-0.1795,-0.1534,0.4845,0.4510,-2.9917,-0.0918,-0.1239,-1.5571
1791282221.3420,0.0166,0.3929,-0.1000,-0.1423,-2.3406,-2.2302,-3.7200,-3.4532,-0.1795,-0.1565,0.4845,0.4587,-2.9930,-0.0938,-0.1263,-1.5584
1791282221.3622,0.0201,1.1287,-0.1000,-0.1423,-2.3406,-2.2542,-3.7200,-3.5252,-0.1795,-0.1703,0.4845,0.4679,-2.9955,-0.0954,-0.1313,-1.5611
1791282221.3822,0.0200,3.1327,-0.1000,-0.1423,-2.3406,-2.2782,-3.7200,-3.5971,-0.1795,-0.1733,0.4845,0.4740,-2.9980,-0.0969,-0.1362,-1.5641
1791282221.4020,0.0198,0.5467,-0.1000,-0.1423,-2.3406,-2.3022,-3.7200,-3.6451,-0.1795,-0.1749,0.4845,0.4786,-3.0006,-0.0981,-0.1386,-1.5668
1791282221.4227,0.0206,3.0448,-0.1000,-0.1423,-2.3406,-2.3501,-3.7200,-3.6930,-0.1795,-0.1779,0.4845,0.4817,-3.0032,-0.0997,-0.1386,-1.5698
1791282221.4422,0.0195,0.8194,-0.1000,-0.1423,-2.3406,-2.3501,-3.7200,-3.7170,-0.1795,-0.1779,0.4845,0.4832,-3.0057,-0.1001,-0.1410,-1.5726
1791282221.4648,0.0226,0.3298,-0.1000,-0.1423,-2.3406,-2.3261,-3.7200,-3.7170,-0.1795,-0.1779,0.4845,0.4832,-3.0081,-0.0997,-0.1435,-1.5755
1791282221.4821,0.0173,0.9296,-0.1000,-0.1423,-2.3406,-2.3261,-3.7200,-3.6930,-0.1795,-0.1779,0.4845,0.4832,-3.0104,-0.0993,-0.1411,-1.5782
1791282221.5021,0.0200,0.4822,-0.1000,-0.1423,-2.3406,-2.3261,-3.7200,-3.6691,-0.1795,-0.1779,0.4845,0.4832,-3.0132,-0.0989,-0.1386,-1.5809
1791282221.5229,0.0208,0.4752,-0.1000,-0.1423,-2.3406,-2.3022,-3.7200,-3.6930,-0.1795,-0.1779,0.4845,0.4832,-3.0164,-0.0989,-0.1435,-1.5842
1791282221.5421,0.0192,0.7843,-0.0904,-0.0847,-2.3296,-2.3022,-3.1494,-3.7170,-0.1795,-0.1795,0.4845,0.4832,-3.0194,-0.0993,-0.1460,-1.5870
1791282221.5623,0.0202,1.4814,-0.0803,-0.0241,-2.3169,-2.3022,-2.5495,-3.7170,-0.1795,-0.1795,0.4845,0.4832,-3.0220,-0.0993,-0.1460,-1.5899
1791282221.5821,0.0198,0.9055,-0.0704,0.0000,-2.1330,-2.3261,-2.1330,-3.7170,-0.1795,-0.1779,0.4845,0.4817,-3.0242,-0.0997,-0.1435,-1.5924
1791282221.6032,0.0211,0.4929,-0.0599,0.0000,-1.8139,-2.3501,-1.8139,-3.6211,-0.1795,-0.1795,0.4845,0.4832,-3.0263,-0.0985,-0.1312,-1.5948
1791282221.6239,0.0207,0.5935,-0.0495,0.0000,-1.5003,-2.3261,-1.5003,-3.3573,-0.1795,-0.1795,0.4845,0.4832,-3.0282,-0.0938,-0.1065,-1.5961
1791282221.6427,0.0188,2.0422,-0.0401,0.0000,-1.2151,-2.2782,-1.2151,-3.0216,-0.1795,-0.1795,0.4845,0.4832,-3.0294,-0.0874,-0.0769,-1.5968
1791282221.6621,0.0194,0.4896,-0.0304,0.0000,-0.9217,-2.1823,-0.9217,-2.6619,-0.1795,-0.1795,0.4845,0.4832,-3.0304,-0.0799,-0.0497,-1.5975
1791282221.6827,0.0206,0.4598,-0.0201,0.0000,-0.6097,-1.9904,-0.6097,-2.2782,-0.1795,-0.1779,0.4845,0.4832,-3.0311,-0.0704,-0.0299,-1.5975
1791282221.7024,0.0198,0.4537,-0.0102,0.0000,-0.3101,-1.7266,-0.3101,-1.8945,-0.1795,-0.1795,0.4845,0.4832,-3.0311,-0.0597,-0.0175,-1.5978
1791282221.7224,0.0199,0.3581,-0.0003,0.0000,-0.0083,-1.4868,-0.0083,-1.5827,-0.1795,-0.1779,0.4845,0.4832,-3.0310,-0.0506,-0.0100,-1.5978
1791282221.7421,0.0197,0.4548,0.0000,0.0000,0.0000,-1.2230,0.0000,-1.2950,-0.1795,-0.1795,0.4845,0.4832,-3.0310,-0.0415,-0.0075,-1.5978
1791282221.7623,0.0202,1.2367,0.0000,0.0000,0.0000,-0.9592,0.0000,-0.9832,-0.1795,-0.1795,0.4845,0.4832,-3.0310,-0.0321,-0.0025,-1.5978
1791282221.7826,0.0203,2.1061,0.0000,0.0000,0.0000,-0.6715,0.0000,-0.6954,-0.1795,-0.1795,0.4845,0.4832,-3.0310,-0.0226,-0.0025,-1.5978
1791282221.8027,0.0201,3.5505,0.0000,0.0000,0.0000,-0.4317,0.0000,-0.4317,-0.1795,-0.1795,0.4845,0.4832,-3.0310,-0.0142,0.0000,-1.5976
1791282221.8226,0.0199,0.5346,0.0000,0.0000,0.0000,-0.2398,0.0000,-0.2398,-0.1795,-0.1795,0.4845,0.4832,-3.0309,-0.0079,0.0000,-1.5976
1791282221.8421,0.0195,0.4172,0.0000,0.0000,0.0000,-0.1679,0.0000,-0.1679,-0.1795,-0.1795,0.4845,0.4832,-3.0309,-0.0055,0.0000,-1.5975
1791282221.8621,0.0200,0.5254,0.0000,0.0000,0.0000,-0.0719,0.0000,-0.0719,-0.1795,-0.1795,0.4845,0.4832,-3.0309,-0.0024,0.0000,-1.5975
1791282221.8821,0.0200,0.5058,0.0000,0.0000,0.0000,-0.0240,0.0000,0.0000,-0.1795,-0.1795,0.4845,0.4832,-3.0309,-0.0004,0.0026,-1.5973
1791282221.9027,0.0206,0.5538,0.0000,0.0000,0.0000,-0.0240,0.0000,0.0000,-0.1795,-0.1795,0.4845,0.4832,-3.0309,-0.0004,0.0026,-1.5973
1791282221.9243,0.0216,0.3490,0.0000,0.0000,0.0000,0.0000,0.0000,0.0000,-0.1795,-0.1795,0.4845,0.4832,-3.0308,0.0000,0.0000,-1.5973
1791282221.9424,0.0181,0.4444,0.0000,0.0000,0.0000,0.0000,0.0000,0.0000,-0.1795,-0.1779,0.4845,0.4832,-3.0308,0.0000,0.0000,-1.5973
1791282221.9623,0.0199,1.7182,0.0000,0.0000,0.0000,0.0000,0.0000,0.0000,-0.1795,-0.1795,0.4845,0.4832,-3.0308,0.0000,0.0000,-1.5973
1791282221.9823,0.0200,1.2168,0.0000,0.0000,0.0000,0.0000,0.0000,0.0000,-0.1376,-0.1795,0.4427,0.4832,-3.0308,0.0000,0.0000,-1.5973
1791282222.0021,0.0198,0.4456,0.0000,-0.0594,0.2822,0.0000,-0.2822,0.0000,-0.0962,-0.1795,0.4012,0.4832,-3.0308,0.0000,0.0000,-1.5973
1791282222.0225,0.0204,0.7744,0.0000,-0.1206,0.5730,0.0000,-0.5730,0.0000,-0.0535,-0.1779,0.3585,0.4817,-3.0308,0.0000,0.0000,-1.5973
1791282222.0421,0.0196,2.8368,0.0000,-0.1794,0.8527,0.0000,-0.8527,0.0000,-0.0124,-0.1641,0.3174,0.4725,-3.0307,0.0000,0.0000,-1.5975
1791282222.0621,0.0200,1.9289,0.0000,-0.2393,1.1375,0.0240,-1.1375,-0.0480,0.0000,-0.1427,0.2756,0.4495,-3.0310,-0.0004,-0.0076,-1.5981
1791282222.0828,0.0207,1.0814,0.0000,-0.3015,1.4329,0.1439,-1.4329,-0.1918,0.0000,-0.1120,0.2322,0.4188,-3.0319,-0.0008,-0.0353,-1.5999
1791282222.1026,0.0199,4.8819,0.0000,-0.3610,1.7160,0.2638,-1.7160,-0.3597,0.0000,-0.0798,0.1906,0.3835,-3.0333,-0.0016,-0.0656,-1.6020
1791282222.1226,0.0199,1.2357,0.0000,-0.4208,2.0002,0.4317,-2.0002,-0.5755,0.0000,-0.0506,0.1489,0.3467,-3.0356,-0.0024,-0.1059,-1.6055
1791282222.1421,0.0195,1.9506,0.0000,-0.4794,2.2786,0.7434,-2.2786,-0.7914,0.0000,-0.0337,0.1080,0.3099,-3.0396,-0.0008,-0.1614,-1.6102
1791282222.1626,0.0205,2.2480,0.0000,-0.5410,2.5718,1.0312,-2.5718,-1.0552,0.0000,-0.0199,0.0650,0.2746,-3.0448,-0.0004,-0.2195,-1.6162
1791282222.1821,0.0195,1.7155,0.0000,-0.5994,2.8495,1.2710,-2.8495,-1.3189,0.0000,-0.0123,0.0242,0.2332,-3.0510,-0.0008,-0.2724,-1.6231
1791282222.2021,0.0200,0.5035,0.0000,-0.6595,3.1351,1.5588,-3.1351,-1.6067,0.0000,-0.0077,0.0000,0.1917,-3.0586,-0.0008,-0.3330,-1.6315
1791282222.2228,0.0207,0.6954,0.0000,-0.7215,3.4303,1.8705,-3.4303,-1.9185,0.0000,-0.0046,0.0000,0.1457,-3.0677,-0.0008,-0.3985,-1.6413
1791282222.2421,0.0193,0.5980,0.0000,-0.7795,3.7061,2.1583,-3.7061,-2.2302,0.0000,-0.0031,0.0000,0.1043,-3.0782,-0.0012,-0.4616,-1.6520
1791282222.2621,0.0200,0.8776,0.0000,-0.8000,3.8039,2.4460,-3.8039,-2.5180,0.0000,-0.0015,0.0000,0.0660,-3.0895,-0.0012,-0.5221,-1.6641
1791282222.2822,0.0200,0.8001,0.0000,-0.8000,3.8039,2.7818,-3.8039,-2.7818,0.0000,-0.0015,0.0000,0.0383,-3.1016,0.0000,-0.5852,-1.6780
1791282222.3020,0.0199,0.5244,0.0000,-0.8000,3.8039,3.0695,-3.8039,-3.0695,0.0000,-0.0015,0.0000,0.0230,-3.1154,0.0000,-0.6457,-1.6923
1791282222.3229,0.0209,0.3925,0.0000,-0.8000,3.8039,3.3333,-3.8039,-3.2854,0.0000,-0.0015,0.0000,0.0153,-3.1305,0.0008,-0.6959,-1.7073
1791282222.3422,0.0193,0.5388,0.0000,-0.8000,3.8039,3.5252,-3.8039,-3.4532,0.0000,-0.0015,0.0000,0.0092,3.1373,0.0012,-0.7336,-1.7233
1791282222.3623,0.0201,1.3306,0.0000,-0.8000,3.8039,3.6211,-3.8039,-3.6211,0.0000,-0.0015,0.0000,0.0046,3.1210,0.0000,-0.7616,-1.7391
1791282222.3821,0.0198,1.9318,0.0000,-0.8000,3.8039,3.6930,-3.8039,-3.6930,0.0000,-0.0015,0.0000,0.0031,3.1048,0.0000,-0.7767,-1.7551
1791282222.4027,0.0207,0.3958,0.0000,-0.8000,3.8039,3.7410,-3.8039,-3.7410,0.0000,-0.0015,0.0000,0.0015,3.0889,0.0000,-0.7868,-1.7710
1791282222.4224,0.0197,0.4841,0.0000,-0.8000,3.8039,3.7650,-3.8039,-3.7650,0.0000,-0.0015,0.0000,0.0015,3.0724,0.0000,-0.7918,-1.7873
1791282222.4421,0.0197,1.7771,0.0000,-0.8000,3.8039,3.7890,-3.8039,-3.7650,0.0000,-0.0015,0.0000,0.0015,3.0556,0.0004,-0.7943,-1.8036
1791282222.4621,0.0200,0.8909,0.0000,-0.8000,3.8039,3.7890,-3.8039,-3.7650,0.0000,-0.0015,0.0000,0.0015,3.0473,0.0004,-0.7943,-1.8118
1791282222.4827,0.0206,0.4072,0.0000,-0.8000,3.8039,3.8130,-3.8039,-3.7650,0.0000,-0.0015,0.0000,0.0015,3.0308,0.0008,-0.7967,-1.8281
1791282222.5021,0.0194,0.3854,0.0000,-0.8000,3.8039,3.8130,-3.8039,-3.7890,0.0000,-0.0015,0.0000,0.0015,3.0148,0.0004,-0.7994,-1.8446
1791282222.5223,0.0202,0.3528,0.0000,-0.8000,3.8039,3.8130,-3.8039,-3.7890,0.0000,-0.0015,0.0000,0.0015,2.9983,0.0004,-0.7994,-1.8610
1791282222.5421,0.0198,0.7650,0.0000,-0.7406,3.5210,3.8369,-3.5210,-3.7890,0.0000,-0.0015,0.0000,0.0015,2.9816,0.0008,-0.8019,-1.8773
1791282222.5623,0.0201,0.9285,0.0000,-0.6802,3.2336,3.8130,-3.2336,-3.7890,0.0000,-0.0015,0.0000,0.0015,2.9657,0.0004,-0.7994,-1.8935
1791282222.5822,0.0199,0.8326,-0.0100,-0.6203,2.6492,3.7890,-3.2536,-3.8130,0.0418,-0.0015,0.0418,-0.0000,2.9496,-0.0004,-0.7995,-1.9099
1791282222.6021,0.0199,0.8831,-0.0199,-0.5607,2.0675,3.7410,-3.2747,-3.7650,0.0834,-0.0015,0.0834,0.0015,2.9337,-0.0004,-0.7893,-1.9251
1791282222.6231,0.0210,0.3512,-0.0304,-0.4978,1.4552,3.6211,-3.2976,-3.6451,0.1273,-0.0015,0.1273,0.0031,2.9186,-0.0004,-0.7641,-1.9402
1791282222.6427,0.0196,0.5700,-0.0402,-0.4389,0.8820,3.3813,-3.3192,-3.5012,0.1684,0.0138,0.1684,0.0153,2.9040,-0.0020,-0.7238,-1.9541
1791282222.6625,0.0198,0.4664,-0.0501,-0.3796,0.3034,3.0216,-3.3397,-3.3813,0.2099,0.0368,0.2099,0.0368,2.8904,-0.0059,-0.6732,-1.9664
1791282222.6821,0.0196,0.5142,-0.0599,-0.3207,-0.2736,2.5899,-3.3575,-3.3333,0.2510,0.0690,0.2510,0.0690,2.8777,-0.0123,-0.6224,-1.9778
1791282222.7022,0.0201,0.4570,-0.0700,-0.2603,-0.8664,2.0624,-3.3746,-3.3094,0.2805,0.1028,0.2874,0.1028,2.8667,-0.0206,-0.5637,-1.9880
1791282222.7231,0.0209,0.2720,-0.0804,-0.1977,-1.4819,1.5348,-3.3911,-3.3094,0.2805,0.1381,0.2874,0.1396,2.8575,-0.0293,-0.5075,-1.9966
1791282222.7427,0.0197,0.4093,-0.0808,-0.1388,-1.7793,0.9832,-3.1191,-3.3094,0.2805,0.1749,0.2874,0.1779,2.8492,-0.0384,-0.4486,-2.0047
1791282222.7628,0.0200,3.6113,-0.0808,-0.0786,-2.0695,0.3837,-2.8289,-3.3333,0.2805,0.2117,0.2874,0.2148,2.8419,-0.0487,-0.3874,-2.0110
1791282222.7828,0.0200,0.4150,-0.0808,-0.0185,-2.3598,-0.1918,-2.5386,-3.3333,0.2805,0.2362,0.2874,0.2393,2.8359,-0.0582,-0.3268,-2.0168
1791282222.8022,0.0194,1.7021,-0.0808,0.0396,-2.6334,-0.6715,-2.2650,-3.3094,0.2805,0.2531,0.2874,0.2577,2.8311,-0.0657,-0.2740,-2.0211
1791282222.8228,0.0207,0.6844,-0.0808,0.1015,-2.9220,-1.0791,-1.9765,-3.2374,0.2805,0.2623,0.2874,0.2684,2.8276,-0.0712,-0.2239,-2.0244
1791282222.8421,0.0193,0.4906,-0.0905,0.0855,-3.1401,-1.4388,-2.3419,-3.0456,0.2401,0.2700,0.3109,0.2746,2.8250,-0.0740,-0.1666,-2.0263
1791282222.8624,0.0203,0.4793,-0.1000,0.0855,-3.4305,-1.8465,-2.6301,-2.8297,0.1976,0.2730,0.3109,0.2792,2.8237,-0.0772,-0.1019,-2.0270
1791282222.8822,0.0198,0.6244,-0.1000,0.0855,-3.4305,-2.2062,-2.6301,-2.5899,0.1561,0.2746,0.3109,0.2838,2.8234,-0.0791,-0.0398,-2.0264
1791282222.9021,0.0199,0.7815,-0.1000,0.0855,-3.4305,-2.4940,-2.6301,-2.4221,0.1145,0.2623,0.3109,0.2930,2.8238,-0.0811,0.0077,-2.0254
1791282222.9224,0.0203,0.3564,-0.1000,0.0855,-3.4305,-2.7818,-2.6301,-2.3981,0.1053,0.2408,0.3109,0.3007,2.8248,-0.0855,0.0412,-2.0244
1791282222.9421,0.0196,0.3991,-0.1000,0.0855,-3.4305,-3.0216,-2.6301,-2.4940,0.1053,0.2102,0.3109,0.3037,2.8260,-0.0910,0.0565,-2.0227
1791282222.9667,0.0246,0.4158,-0.1000,0.0855,-3.4305,-3.1894,-2.6301,-2.5420,0.1053,0.1779,0.3109,0.3068,2.8275,-0.0946,0.0693,-2.0214
1791282222.9822,0.0155,0.4369,-0.1000,0.0855,-3.4305,-3.2854,-2.6301,-2.5899,0.1053,0.1503,0.3109,0.3083,2.8287,-0.0969,0.0743,-2.0198
1791282223.0021,0.0199,3.7870,-0.1000,0.0855,-3.4305,-3.3573,-2.6301,-2.6139,0.1053,0.1350,0.3109,0.3083,2.8297,-0.0985,0.0794,-2.0183
1791282223.0225,0.0204,0.6488,-0.1000,0.0855,-3.4305,-3.3573,-2.6301,-2.6379,0.1053,0.1289,0.3109,0.3099,2.8304,-0.0989,0.0769,-2.0176
1791282223.0421,0.0196,1.9346,-0.1000,0.0855,-3.4305,-3.3813,-2.6301,-2.6379,0.1053,0.1197,0.3109,0.3083,2.8320,-0.0993,0.0794,-2.0157
1791282223.0627,0.0206,0.6844,-0.1000,0.0855,-3.4305,-3.4053,-2.6301,-2.6379,0.1053,0.1135,0.3109,0.3099,2.8335,-0.0997,0.0820,-2.0145
1791282223.0821,0.0195,1.3231,-0.1000,0.0855,-3.4305,-3.4053,-2.6301,-2.6379,0.1053,0.1104,0.3109,0.3099,2.8349,-0.0997,0.0820,-2.0129
1791282223.1021,0.0199,0.4326,-0.0900,0.0257,-2.8479,-3.4053,-2.6084,-2.6379,0.0635,0.1089,0.2904,0.3083,2.8363,-0.0997,0.0820,-2.0108
1791282223.1243,0.0223,1.0201,-0.0789,-0.0411,-2.1922,-3.4053,-2.5893,-2.6139,0.0169,0.1074,0.2904,0.3083,2.8378,-0.0993,0.0845,-2.0093
1791282223.1427,0.0184,2.1033,-0.0723,-0.0963,-1.7280,-3.3813,-2.6561,-2.6139,-0.0216,0.1058,0.2904,0.3099,2.8395,-0.0989,0.0820,-2.0078
1791282223.1622,0.0194,0.5967,-0.0723,-0.1128,-1.6485,-3.3094,-2.7356,-2.5899,-0.0623,0.0936,0.2904,0.3037,2.8411,-0.0973,0.0769,-2.0067
1791282223.1823,0.0202,1.4054,-0.0723,-0.1128,-1.6485,-3.1415,-2.7356,-2.6139,-0.1046,0.0767,0.2904,0.2976,2.8421,-0.0950,0.0564,-2.0063
1791282223.2027,0.0204,0.3952,-0.0723,-0.1128,-1.6485,-2.8297,-2.7356,-2.6139,-0.1425,0.0522,0.2904,0.2961,2.8420,-0.0898,0.0231,-2.0068
1791282223.2230,0.0203,0.3363,-0.0723,-0.1128,-1.6485,-2.4700,-2.7356,-2.6379,-0.1425,0.0138,0.2904,0.2930,2.8411,-0.0843,-0.0174,-2.0083
1791282223.2421,0.0191,0.4094,-0.0723,-0.1128,-1.6485,-2.1343,-2.7356,-2.6379,-0.1425,-0.0276,0.2904,0.2899,2.8394,-0.0787,-0.0522,-2.0100
1791282223.2622,0.0201,0.5361,-0.0723,-0.1128,-1.6485,-1.9185,-2.7356,-2.6619,-0.1425,-0.0675,0.2904,0.2884,2.8374,-0.0756,-0.0771,-2.0121
1791282223.2849,0.0227,0.4181,-0.0723,-0.1128,-1.6485,-1.7746,-2.7356,-2.6859,-0.1425,-0.0997,0.2904,0.2899,2.8355,-0.0736,-0.0945,-2.0143
1791282223.3020,0.0171,0.4661,-0.0723,-0.1128,-1.6485,-1.7266,-2.7356,-2.6859,-0.1425,-0.1150,0.2904,0.2899,2.8337,-0.0728,-0.0995,-2.0162
1791282223.3240,0.0219,0.2706,-0.0723,-0.1128,-1.6485,-1.7026,-2.7356,-2.6859,-0.1425,-0.1258,0.2904,0.2899,2.8317,-0.0724,-0.1020,-2.0181
1791282223.3421,0.0181,0.4131,-0.0723,-0.1128,-1.6485,-1.6787,-2.7356,-2.7338,-0.1425,-0.1319,0.2904,0.2899,2.8297,-0.0728,-0.1094,-2.0205
1791282223.3624,0.0203,1.6411,-0.0723,-0.1128,-1.6485,-1.6787,-2.7356,-2.7338,-0.1425,-0.1365,0.2904,0.2899,2.8275,-0.0728,-0.1094,-2.0229
1791282223.3821,0.0197,2.8482,-0.0625,-0.0537,-1.6354,-1.6787,-2.1517,-2.7338,-0.1013,-0.1365,0.3316,0.2899,2.8256,-0.0728,-0.1094,-2.0251
1791282223.4021,0.0200,0.3942,-0.0525,0.0064,-1.6198,-1.6787,-1.5606,-2.7098,-0.0593,-0.1381,0.3616,0.2899,2.8237,-0.0724,-0.1070,-2.0275
1791282223.4224,0.0203,0.5263,-0.0423,0.0672,-1.5926,-1.6547,-0.9740,-2.7098,-0.0169,-0.1396,0.3616,0.2915,2.8217,-0.0720,-0.1095,-2.0294
1791282223.4422,0.0198,1.3118,-0.0324,0.1267,-1.5645,-1.6307,-0.4012,-2.5899,0.0246,-0.1289,0.3616,0.3053,2.8200,-0.0696,-0.0996,-2.0310
1791282223.4629,0.0207,0.3651,-0.0221,0.1886,-1.5335,-1.6307,0.1939,-2.3261,0.0679,-0.1058,0.3616,0.3237,2.8187,-0.0653,-0.0722,-2.0315
1791282223.4821,0.0192,0.5007,-0.0125,0.2263,-1.4118,-1.5827,0.6548,-1.9664,0.1082,-0.0767,0.3616,0.3375,2.8181,-0.0586,-0.0399,-2.0313
1791282223.5021,0.0200,1.1847,-0.0025,0.2263,-1.1052,-1.5827,0.9555,-1.5588,0.1501,-0.0414,0.3616,0.3467,2.8185,-0.0518,0.0026,-2.0303
1791282223.5224,0.0203,0.3582,0.0077,0.2263,-0.7999,-1.5588,1.2653,-1.0552,0.1926,-0.0031,0.3616,0.3513,2.8201,-0.0431,0.0547,-2.0278
1791282223.5421,0.0197,0.3834,0.0175,0.2263,-0.5052,-1.5108,1.5674,-0.5276,0.2339,0.0353,0.3616,0.3559,2.8230,-0.0336,0.1070,-2.0245
1791282223.5629,0.0207,1.4880,0.0279,0.2263,-0.1949,-1.4149,1.8857,-0.1199,0.2773,0.0767,0.3616,0.3590,2.8260,-0.0253,0.1413,-2.0208
1791282223.5822,0.0193,0.6662,0.0376,0.2263,0.0941,-1.3429,2.1822,0.0480,0.2813,0.0966,0.3616,0.3590,2.8275,-0.0214,0.1519,-2.0190
1791282223.6028,0.0206,0.7551,0.0479,0.2263,0.4028,-1.1511,2.4989,0.5036,0.2813,0.1381,0.3616,0.3605,2.8311,-0.0107,0.1813,-2.0144
1791282223.6234,0.0205,2.6088,0.0376,0.1647,0.3799,-0.7914,1.9000,1.1031,0.2383,0.1963,0.3800,0.3605,2.8377,0.0051,0.2078,-2.0079
1791282223.6423,0.0189,0.5257,0.0282,0.1418,0.2013,-0.6715,1.5050,1.2710,0.1987,0.2117,0.3800,0.3605,2.8399,0.0099,0.2127,-2.0055
1791282223.6637,0.0214,0.7350,0.0174,0.1418,-0.1208,-0.3837,1.1777,1.5827,0.1756,0.2362,0.3800,0.3605,2.8443,0.0198,0.2145,-2.0010
1791282223.6822,0.0185,0.7215,0.0082,0.1418,-0.3991,-0.1439,0.8951,1.8465,0.1756,0.2439,0.3800,0.3651,2.8485,0.0281,0.2165,-1.9970
1791282223.7030,0.0208,1.3257,-0.0022,0.1418,-0.7121,0.0480,0.5790,1.8705,0.1756,0.2316,0.3800,0.3712,2.8525,0.0317,0.1979,-1.9935
1791282223.7226,0.0197,0.4614,-0.0120,0.1418,-1.0117,0.0959,0.2830,1.7506,0.1756,0.2148,0.3800,0.3743,2.8561,0.0305,0.1798,-1.9902
1791282223.7422,0.0195,0.6759,-0.0218,0.1418,-1.3091,0.0000,-0.0109,1.5108,0.1756,0.1994,0.3800,0.3758,2.8595,0.0249,0.1645,-1.9870
1791282223.7621,0.0199,1.9480,-0.0317,0.1418,-1.6128,-0.2158,-0.3110,1.2230,0.1756,0.1917,0.3800,0.3789,2.8627,0.0166,0.1571,-1.9840
1791282223.7828,0.0208,0.6242,-0.0421,0.1418,-1.9293,-0.4317,-0.6236,0.9353,0.1756,0.1841,0.3800,0.3789,2.8658,0.0083,0.1497,-1.9810
1791282223.8024,0.0196,0.4668,-0.0438,0.1418,-1.9808,-0.6715,-0.6746,0.6715,0.1756,0.1810,0.3800,0.3789,2.8689,0.0000,0.1476,-1.9779
1791282223.8226,0.0202,0.7009,-0.0438,0.1418,-1.9808,-0.9353,-0.6746,0.3837,0.1756,0.1795,0.3800,0.3789,2.8719,-0.0091,0.1446,-1.9751
1791282223.8421,0.0195,0.5056,-0.0460,0.1364,-2.0228,-1.1990,-0.7656,0.0480,0.1689,0.1779,0.3624,0.3789,2.8748,-0.0190,0.1363,-1.9722
1791282223.8628,0.0207,2.0725,-0.0460,0.1364,-2.0228,-1.4628,-0.7656,-0.1679,0.1689,0.1779,0.3624,0.3789,2.8776,-0.0269,0.1412,-1.9692
1791282223.8829,0.0200,0.5109,-0.0460,0.1364,-2.0228,-1.6787,-0.7656,-0.3837,0.1689,0.1764,0.3624,0.3774,2.8802,-0.0340,0.1409,-1.9662
1791282223.9022,0.0194,0.6017,-0.0460,0.1364,-2.0228,-1.7986,-0.7656,-0.5036,0.1689,0.1733,0.3624,0.3743,2.8826,-0.0380,0.1408,-1.9635
1791282223.9239,0.0217,0.2713,-0.0460,0.1364,-2.0228,-1.8465,-0.7656,-0.5755,0.1689,0.1718,0.3624,0.3712,2.8847,-0.0400,0.1381,-1.9605
1791282223.9421,0.0182,0.4113,-0.0460,0.1364,-2.0228,-1.8705,-0.7656,-0.5755,0.1689,0.1703,0.3624,0.3651,2.8873,-0.0404,0.1407,-1.9575
1791282223.9640,0.0219,4.9869,-0.0460,0.1364,-2.0228,-1.8945,-0.7656,-0.5516,0.1689,0.1703,0.3624,0.3636,2.8905,-0.0404,0.1459,-1.9544
1791282223.9821,0.0181,0.5228,-0.0460,0.1364,-2.0228,-1.9424,-0.7656,-0.6235,0.1689,0.1703,0.3624,0.3636,2.8933,-0.0423,0.1432,-1.9517
1791282224.0020,0.0199,0.4557,-0.0460,0.1364,-2.0228,-1.9904,-0.7656,-0.7434,0.1689,0.1703,0.3624,0.3620,2.8957,-0.0451,0.1353,-1.9490
1791282224.0229,0.0208,0.3356,-0.0460,0.1364,-2.0228,-2.0144,-0.7656,-0.7914,0.1689,0.1703,0.3624,0.3636,2.8983,-0.0463,0.1326,-1.9460
1791282224.0424,0.0196,0.4660,-0.0460,0.1364,-2.0228,-2.0144,-0.7656,-0.7674,0.1689,0.1703,0.3624,0.3620,2.9008,-0.0459,0.1353,-1.9432
1791282224.0629,0.0204,0.3745,-0.0460,0.1364,-2.0228,-1.9904,-0.7656,-0.7674,0.1689,0.1703,0.3624,0.3636,2.9033,-0.0455,0.1327,-1.9405
1791282224.0820,0.0192,0.3876,-0.0460,0.1364,-2.0228,-1.9904,-0.7656,-0.7674,0.1689,0.1703,0.3624,0.3636,2.9045,-0.0455,0.1327,-1.9389
1791282224.1021,0.0201,0.4421,-0.0460,0.1364,-2.0228,-1.9904,-0.7656,-0.7434,0.1689,0.1703,0.3624,0.3636,2.9068,-0.0451,0.1353,-1.9360
1791282224.1223,0.0202,0.2876,-0.0460,0.1364,-2.0228,-1.9904,-0.7656,-0.7434,0.1689,0.1703,0.3624,0.3620,2.9106,-0.0451,0.1353,-1.9317
1791282224.1421,0.0198,0.8901,-0.0460,0.1364,-2.0228,-1.9904,-0.7656,-0.7434,0.1689,0.1703,0.3624,0.3620,2.9119,-0.0451,0.1353,-1.9302
1791282224.1638,0.0217,1.3228,-0.0460,0.1364,-2.0228,-2.0144,-0.7656,-0.7674,0.1689,0.1703,0.3624,0.3636,2.9157,-0.0459,0.1353,-1.9261
1791282224.1823,0.0184,1.1021,-0.0368,0.0811,-1.4882,-2.0144,-0.7423,-0.7674,0.1689,0.1703,0.3624,0.3620,2.9171,-0.0459,0.1353,-1.9247
1791282224.2021,0.0199,0.8650,-0.0269,0.0216,-0.9132,-2.0144,-0.7156,-0.7674,0.1689,0.1703,0.3624,0.3620,2.9198,-0.0459,0.1353,-1.9219
1791282224.2229,0.0208,0.3179,-0.0165,0.0000,-0.4988,-2.0144,-0.4988,-0.7674,0.1689,0.1703,0.3624,0.3636,2.9224,-0.0459,0.1353,-1.9189
1791282224.2421,0.0191,0.4232,-0.0069,0.0000,-0.2088,-2.0144,-0.2088,-0.7674,0.1689,0.1703,0.3624,0.3620,2.9249,-0.0459,0.1353,-1.9164
1791282224.2634,0.0213,0.5431,0.0000,0.0000,0.0000,-1.8465,0.0000,-0.7434,0.1689,0.1703,0.3624,0.3620,2.9269,-0.0427,0.1198,-1.9146
1791282224.2821,0.0187,1.8078,0.0000,0.0000,0.0000,-1.5108,0.0000,-0.7194,0.1689,0.1703,0.3624,0.3636,2.9280,-0.0368,0.0861,-1.9137
1791282224.3027,0.0206,0.4288,0.0000,0.0000,0.0000,-1.1031,0.0000,-0.5995,0.1689,0.1703,0.3624,0.3636,2.9285,-0.0281,0.0549,-1.9131
1791282224.3233,0.0206,0.3263,0.0000,0.0000,0.0000,-0.7674,0.0000,-0.4317,0.1689,0.1703,0.3624,0.3620,2.9290,-0.0198,0.0367,-1.9126
1791282224.3421,0.0188,0.4952,0.0000,0.0000,0.0000,-0.4796,0.0000,-0.2638,0.1689,0.1703,0.3624,0.3620,2.9292,-0.0123,0.0236,-1.9124
1791282224.3621,0.0200,0.9010,0.0000,0.0000,0.0000,-0.2638,0.0000,-0.1439,0.1689,0.1703,0.3624,0.3620,2.9293,-0.0067,0.0132,-1.9124
1791282224.3822,0.0201,0.4353,0.0000,0.0000,0.0000,-0.1679,0.0000,-0.0719,0.1689,0.1703,0.3624,0.3620,2.9294,-0.0040,0.0105,-1.9121
1791282224.4021,0.0199,0.4386,0.0000,0.0000,0.0000,-0.0719,0.0000,-0.0480,0.1689,0.1703,0.3624,0.3620,2.9293,-0.0020,0.0026,-1.9122
1791282224.4225,0.0204,0.6624,0.0000,0.0000,0.0000,-0.0240,0.0000,-0.0240,0.1689,0.1703,0.3624,0.3636,2.9293,-0.0008,0.0000,-1.9121
1791282224.4422,0.0196,0.4897,0.0000,0.0000,0.0000,0.0000,0.0000,0.0000,0.1689,0.1703,0.3624,0.3620,2.9294,0.0000,0.0000,-1.9122
1791282224.4621,0.0200,0.5681,0.0000,0.0000,0.0000,0.0000,0.0000,0.0000,0.1689,0.1703,0.3624,0.3620,2.9293,0.0000,0.0000,-1.9122
1791282224.4839,0.0217,0.9183,0.0000,0.0000,0.0000,0.0000,0.0000,0.0000,0.1689,0.1703,0.3624,0.3620,2.9293,0.0000,0.0000,-1.9122
1791282224.5021,0.0183,0.4266,0.0000,0.0000,0.0000,0.0000,0.0000,0.0000,0.1689,0.1703,0.3624,0.3620,2.9293,0.0000,0.0000,-1.9122
1791282224.5224,0.0202,0.4141,0.0000,0.0000,0.0000,0.0000,0.0000,0.0000,0.1689,0.1703,0.3624,0.3620,2.9293,0.0000,0.0000,-1.9121
1791282224.5438,0.0214,0.6318,0.0000,0.0000,0.0000,0.0000,0.0000,0.0000,0.1689,0.1703,0.3624,0.3620,2.9294,0.0000,0.0000,-1.9121
1791282224.5621,0.0184,0.5763,0.0000,0.0000,0.0000,0.0000,0.0000,0.0000,0.1689,0.1703,0.3624,0.3636,2.9294,0.0000,0.0000,-1.9122
1791282224.5821,0.0199,0.6697,0.0000,0.0000,0.0000,0.0000,0.0000,0.0000,0.1689,0.1687,0.3624,0.3636,2.9294,0.0000,0.0000,-1.9122
1791282224.6020,0.0200,0.4553,0.0000,0.0000,0.0000,0.0000,0.0000,0.0000,0.1689,0.1703,0.3624,0.3620,2.9294,0.0000,0.0000,-1.9122
1791282224.6226,0.0206,0.2908,0.0000,0.0000,0.0000,0.0000,0.0000,0.0000,0.1689,0.1703,0.3624,0.3620,2.9293,0.0000,0.0000,-1.9122
1791282224.6420,0.0194,0.4226,0.0000,0.0000,0.0000,0.0000,0.0000,0.0000,0.1689,0.1703,0.3624,0.3636,2.9293,0.0000,0.0000,-1.9122
1791282224.6624,0.0204,0.6379,0.0000,0.0000,0.0000,0.0000,0.0000,0.0000,0.1689,0.1703,0.3624,0.3636,2.9294,0.0000,0.0000,-1.9121
1791282224.6824,0.0199,3.8279,0.0000,0.0000,0.0000,0.0000,0.0000,0.0000,0.1689,0.1687,0.3624,0.3620,2.9293,0.0000,0.0000,-1.9121
1791282224.7039,0.0215,0.4274,0.0108,0.0646,0.0311,0.0000,0.6215,0.0000,0.1689,0.1703,0.3624,0.3620,2.9293,0.0000,0.0000,-1.9122
1791282224.7230,0.0191,1.0063,0.0203,0.1219,0.0568,0.0000,1.1746,0.0000,0.2089,0.1703,0.3224,0.3620,2.9292,0.0000,0.0000,-1.9121
1791282224.7421,0.0191,0.4942,0.0299,0.1791,0.0806,0.0000,1.7287,0.0000,0.2488,0.1703,0.2998,0.3620,2.9293,0.0000,0.0000,-1.9122
1791282224.7621,0.0201,0.8564,0.0399,0.2393,0.1036,0.0000,2.3138,0.0240,0.2908,0.1703,0.2998,0.3620,2.9294,0.0004,0.0026,-1.9119
1791282224.7824,0.0203,0.6894,0.0500,0.2912,0.1656,0.0000,2.8654,0.1439,0.3333,0.1764,0.2998,0.3590,2.9298,0.0024,0.0158,-1.9112
1791282224.8021,0.0197,0.4421,0.0599,0.2912,0.4593,0.0000,3.1690,0.3837,0.3625,0.1933,0.2998,0.3436,2.9307,0.0063,0.0421,-1.9090
1791282224.8234,0.0213,2.2131,0.0705,0.2912,0.7768,0.0000,3.4973,0.8633,0.3625,0.2194,0.2998,0.3283,2.9330,0.0142,0.0944,-1.9057
1791282224.8429,0.0195,0.4473,0.0803,0.2912,1.0674,0.0000,3.7980,1.3909,0.3625,0.2516,0.2998,0.3175,2.9367,0.0229,0.1515,-1.9014
1791282224.8621,0.0191,1.2043,0.0899,0.2912,1.3525,0.0719,4.0929,1.9424,0.3625,0.2869,0.2998,0.3114,2.9412,0.0332,0.2030,-1.8964
1791282224.8827,0.0207,0.4201,0.1002,0.2912,1.6602,0.2398,4.4113,2.3981,0.3625,0.3145,0.2998,0.3053,2.9460,0.0435,0.2334,-1.8910
1791282224.9023,0.0195,0.4992,0.1100,0.2912,1.9533,0.4077,4.7104,2.8058,0.3625,0.3313,0.2998,0.3037,2.9512,0.0530,0.2584,-1.8851
1791282224.9249,0.0226,0.3074,0.1213,0.2912,2.2930,0.5755,5.0571,3.2134,0.3625,0.3421,0.2998,0.3022,2.9570,0.0625,0.2832,-1.8792
1791282224.9421,0.0172,0.6568,0.1299,0.2914,2.5494,0.8633,5.3208,3.5971,0.3627,0.3482,0.3024,0.3007,2.9630,0.0736,0.2923,-1.8733
1791282224.9639,0.0218,1.1693,0.1407,0.2914,2.8760,1.2470,5.6542,3.9808,0.3627,0.3543,0.3024,0.3007,2.9692,0.0863,0.2909,-1.8674
1791282224.9822,0.0183,0.5251,0.1499,0.2914,3.1505,1.5348,5.9344,4.3165,0.3627,0.3574,0.3024,0.3007,2.9755,0.0965,0.2949,-1.8617
1791282225.0021,0.0200,0.8014,0.1599,0.2914,3.4529,1.8225,6.2370,4.6043,0.3627,0.3590,0.3024,0.3007,2.9815,0.1060,0.2941,-1.8557
1791282225.0231,0.0209,0.2793,0.1704,0.2914,3.7702,2.1103,6.5542,4.9161,0.3627,0.3605,0.3024,0.3007,2.9876,0.1159,0.2960,-1.8497
1791282225.0427,0.0196,0.5033,0.1802,0.2914,4.0675,2.4221,6.8515,5.2518,0.3627,0.3605,0.3024,0.3007,2.9936,0.1266,0.2978,-1.8441
1791282225.0621,0.0194,0.4582,0.1858,0.2914,4.2384,2.7098,7.0225,5.5396,0.3627,0.3605,0.3024,0.3007,2.9996,0.1361,0.2971,-1.8383
1791282225.0821,0.0200,0.4728,0.1858,0.2914,4.2384,3.0216,7.0225,5.8273,0.3627,0.3605,0.3024,0.3007,3.0059,0.1460,0.2940,-1.8328
1791282225.1023,0.0202,0.6342,0.1858,0.2914,4.2384,3.3333,7.0225,6.1631,0.3627,0.3605,0.3024,0.3007,3.0123,0.1567,0.2962,-1.8267
1791282225.1231,0.0208,0.3243,0.1858,0.2914,4.2384,3.6211,7.0225,6.4508,0.3627,0.3605,0.3024,0.3007,3.0190,0.1662,0.2962,-1.8212
1791282225.1421,0.0191,0.4251,0.1858,0.2914,4.2384,3.8609,7.0225,6.6427,0.3627,0.3605,0.3024,0.2991,3.0255,0.1733,0.2912,-1.8158
1791282225.1638,0.0217,1.4086,0.1858,0.2914,4.2384,4.0288,7.0225,6.7626,0.3627,0.3605,0.3024,0.3007,3.0317,0.1781,0.2862,-1.8100
1791282225.1820,0.0182,0.4141,0.1858,0.2914,4.2384,4.1247,7.0225,6.8106,0.3627,0.3605,0.3024,0.2991,3.0376,0.1804,0.2812,-1.8045
1791282225.2025,0.0204,2.3070,0.1756,0.2326,4.2100,4.1727,6.4318,6.7866,0.3199,0.3605,0.2596,0.2991,3.0439,0.1808,0.2736,-1.7992
1791282225.2227,0.0202,0.3025,0.1655,0.2326,3.9039,4.2206,6.1256,6.7626,0.2891,0.3605,0.2172,0.3007,3.0501,0.1812,0.2661,-1.7936
1791282225.2422,0.0195,0.4626,0.1558,0.2326,3.6088,4.2446,5.8306,6.7626,0.2891,0.3590,0.1917,0.2991,3.0559,0.1816,0.2636,-1.7883
1791282225.2637,0.0215,0.5671,0.1450,0.2326,3.2839,4.2446,5.5031,6.7146,0.2891,0.3451,0.1917,0.2899,3.0625,0.1808,0.2586,-1.7827
1791282225.2822,0.0185,0.5751,0.1357,0.2326,3.0057,4.1727,5.2203,6.6187,0.2891,0.3267,0.1917,0.2669,3.0687,0.1781,0.2560,-1.7776
1791282225.3028,0.0206,0.5396,0.1254,0.2326,2.6966,4.0288,4.9061,6.4029,0.2891,0.3114,0.1917,0.2378,3.0744,0.1721,0.2485,-1.7727
1791282225.3226,0.0199,0.2714,0.1155,0.2326,2.3982,3.8609,4.6028,6.1151,0.2891,0.3022,0.1917,0.2178,3.0801,0.1646,0.2360,-1.7676
1791282225.3427,0.0201,0.6300,0.1055,0.2326,2.0963,3.7890,4.2959,5.9952,0.2891,0.2991,0.1917,0.2117,3.0830,0.1614,0.2309,-1.7650
1791282225.3626,0.0199,0.5594,0.0955,0.2326,1.7986,3.5252,3.9918,5.7314,0.2891,0.2945,0.1917,0.2056,3.0887,0.1527,0.2309,-1.7601
1791282225.3823,0.0197,0.4268,0.0857,0.2326,1.5043,3.1894,3.6893,5.4436,0.2891,0.2915,0.1917,0.1994,3.0945,0.1424,0.2364,-1.7549
1791282225.4020,0.0198,0.4152,0.0758,0.2326,1.2088,2.8777,3.3857,5.1319,0.2891,0.2899,0.1917,0.1948,3.1005,0.1322,0.2369,-1.7497
1791282225.4223,0.0203,0.3714,0.0657,0.2326,0.9057,2.5899,3.0743,4.8201,0.2891,0.2899,0.1917,0.1948,3.1059,0.1223,0.2349,-1.7449
1791282225.4422,0.0199,0.4892,0.0756,0.2922,0.9237,2.2542,3.6589,4.4844,0.3308,0.2899,0.2333,0.1933,3.1113,0.1112,0.2355,-1.7402
1791282225.4647,0.0225,0.4618,0.0821,0.3035,1.0652,1.9185,3.9130,4.1487,0.3778,0.2899,0.2805,0.1933,3.1168,0.1001,0.2361,-1.7352
1791282225.4822,0.0175,0.5682,0.0821,0.3035,1.0652,1.6307,3.9130,3.8130,0.3778,0.2915,0.3171,0.1948,3.1221,0.0898,0.2319,-1.7303
1791282225.5024,0.0202,1.3201,0.0821,0.3035,1.0652,1.3669,3.9130,3.6211,0.3778,0.3022,0.3408,0.2056,3.1272,0.0823,0.2402,-1.7249
1791282225.5241,0.0216,0.2784,0.0821,0.3035,1.0652,1.1751,3.9130,3.5731,0.3778,0.3175,0.3408,0.2224,3.1329,0.0783,0.2560,-1.7193
1791282225.5422,0.0181,0.4369,0.0821,0.3035,1.0652,1.1031,3.9130,3.6451,0.3778,0.3390,0.3408,0.2531,3.1389,0.0783,0.2713,-1.7129
1791282225.5667,0.0245,1.2999,0.0821,0.3035,1.0652,1.0791,3.9130,3.7650,0.3778,0.3513,0.3408,0.2823,-3.1378,0.0799,0.2865,-1.7069
1791282225.5841,0.0174,0.3869,0.0821,0.3035,1.0652,1.0791,3.9130,3.8369,0.3778,0.3605,0.3408,0.3037,-3.1310,0.0811,0.2940,-1.7008
1791282225.6021,0.0180,0.4021,0.0821,0.3035,1.0652,1.0552,3.9130,3.8609,0.3778,0.3651,0.3408,0.3175,-3.1246,0.0811,0.2992,-1.6948
1791282225.6229,0.0209,0.3220,0.0821,0.3035,1.0652,1.0312,3.9130,3.8849,0.3778,0.3712,0.3408,0.3252,-3.1181,0.0811,0.3043,-1.6882
1791282225.6421,0.0191,0.4776,0.0821,0.3035,1.0652,1.0312,3.9130,3.8849,0.3778,0.3728,0.3408,0.3313,-3.1116,0.0811,0.3043,-1.6820
1791282225.6626,0.0205,0.4979,0.0821,0.3035,1.0652,1.0312,3.9130,3.9089,0.3778,0.3743,0.3408,0.3344,-3.1051,0.0815,0.3068,-1.6761
1791282225.6827,0.0201,0.4382,0.0821,0.3035,1.0652,1.0312,3.9130,3.9089,0.3778,0.3758,0.3408,0.3375,-3.0984,0.0815,0.3068,-1.6698
1791282225.7038,0.0212,0.9780,0.0716,0.2400,1.0469,1.0312,3.2897,3.9089,0.3335,0.3758,0.3777,0.3390,-3.0919,0.0815,0.3068,-1.6637
1791282225.7237,0.0199,0.4250,0.0616,0.1803,1.0275,1.0312,2.7066,3.9089,0.2918,0.3758,0.3777,0.3375,-3.0854,0.0815,0.3068,-1.6577
1791282225.7422,0.0185,2.6061,0.0524,0.1250,1.0076,1.0312,2.1671,3.8849,0.2532,0.3743,0.3777,0.3405,-3.0789,0.0811,0.3043,-1.6516
1791282225.7640,0.0218,2.3927,0.0415,0.0595,0.9818,1.0552,1.5314,3.8130,0.2075,0.3590,0.3777,0.3513,-3.0725,0.0803,0.2941,-1.6460
1791282225.7821,0.0181,1.3411,0.0324,0.0052,0.9585,1.0552,1.0063,3.5731,0.1696,0.3359,0.3777,0.3605,-3.0666,0.0764,0.2689,-1.6416
1791282225.8021,0.0200,0.6497,0.0224,-0.0549,0.9428,1.0552,0.4152,3.1894,0.1276,0.3053,0.3777,0.3666,-3.0620,0.0700,0.2285,-1.6382
1791282225.8240,0.0219,2.9983,0.0115,-0.0560,0.6148,1.0312,0.0792,2.7098,0.0817,0.2730,0.3777,0.3712,-3.0587,0.0617,0.1803,-1.6355
1791282225.8421,0.0180,2.0075,0.0024,-0.0560,0.3405,0.9832,-0.1927,2.1583,0.0440,0.2347,0.3777,0.3728,-3.0567,0.0518,0.1267,-1.6345
1791282225.8621,0.0200,1.6855,-0.0076,-0.0560,0.0371,0.9592,-0.4963,1.8945,0.0020,0.2163,0.3777,0.3743,-3.0561,0.0471,0.1010,-1.6344
1791282225.8821,0.0200,3.1621,-0.0176,-0.0560,-0.2653,0.9353,-0.7998,1.3429,-0.0399,0.1764,0.3777,0.3758,-3.0558,0.0376,0.0442,-1.6345
1791282225.9031,0.0210,4.2207,-0.0281,-0.0560,-0.5829,0.8153,-1.1184,0.8633,-0.0716,0.1381,0.3777,0.3758,-3.0559,0.0277,0.0052,-1.6350
1791282225.9227,0.0196,0.4107,-0.0379,-0.0404,-0.9535,0.6235,-1.3407,0.4796,-0.0521,0.0982,0.3832,0.3758,-3.0564,0.0182,-0.0150,-1.6357
1791282225.9421,0.0194,0.3937,-0.0476,-0.0404,-1.2470,0.4077,-1.6350,0.1199,-0.0521,0.0598,0.3832,0.3758,-3.0569,0.0087,-0.0301,-1.6363
1791282225.9630,0.0209,0.5694,-0.0580,-0.0404,-1.5633,0.1439,-1.9522,-0.1439,-0.0521,0.0199,0.3832,0.3758,-3.0573,0.0000,-0.0303,-1.6370
1791282225.9822,0.0192,0.7061,-0.0676,-0.0404,-1.8546,-0.1199,-2.2441,-0.4077,-0.0521,-0.0123,0.3832,0.3774,-3.0576,-0.0087,-0.0302,-1.6378
1791282226.0020,0.0198,0.4113,-0.0746,-0.0404,-2.0641,-0.3357,-2.4541,-0.8153,-0.0521,-0.0276,0.3832,0.3804,-3.0588,-0.0190,-0.0503,-1.6392
1791282226.0224,0.0203,0.3206,-0.0746,-0.0404,-2.0641,-0.6235,-2.4541,-1.1511,-0.0521,-0.0368,0.3832,0.3820,-3.0599,-0.0293,-0.0552,-1.6402
1791282226.0425,0.0201,0.9741,-0.0746,-0.0404,-2.0641,-1.0791,-2.4541,-1.4868,-0.0521,-0.0414,0.3832,0.3820,-3.0606,-0.0423,-0.0425,-1.6408
1791282226.0626,0.0202,1.2342,-0.0746,-0.0404,-2.0641,-1.4149,-2.4541,-1.8225,-0.0521,-0.0445,0.3832,0.3804,-3.0613,-0.0534,-0.0424,-1.6418
1791282226.0821,0.0195,2.8730,-0.0746,-0.0404,-2.0641,-1.6547,-2.4541,-2.0384,-0.0521,-0.0476,0.3832,0.3820,-3.0619,-0.0609,-0.0399,-1.6426
1791282226.1026,0.0205,1.8098,-0.0746,-0.0404,-2.0641,-1.7986,-2.4541,-2.1823,-0.0521,-0.0491,0.3832,0.3820,-3.0623,-0.0657,-0.0399,-1.6434
1791282226.1224,0.0198,2.1601,-0.0746,-0.0404,-2.0641,-1.8945,-2.4541,-2.2542,-0.0521,-0.0506,0.3832,0.3820,-3.0627,-0.0685,-0.0373,-1.6442
1791282226.1421,0.0197,3.0713,-0.0746,-0.0404,-2.0641,-1.9185,-2.4541,-2.3022,-0.0521,-0.0506,0.3832,0.3820,-3.0633,-0.0696,-0.0398,-1.6450
1791282226.1626,0.0205,3.2671,-0.0746,-0.0404,-2.0641,-1.9664,-2.4541,-2.3501,-0.0521,-0.0506,0.3832,0.3820,-3.0641,-0.0712,-0.0398,-1.6459
1791282226.1830,0.0205,0.5411,-0.0746,-0.0404,-2.0641,-2.0144,-2.4541,-2.3981,-0.0521,-0.0506,0.3832,0.3820,-3.0649,-0.0728,-0.0398,-1.6469
1791282226.2020,0.0190,0.5206,-0.0651,0.0165,-2.0480,-2.0384,-1.8952,-2.4221,-0.0124,-0.0506,0.4229,0.3820,-3.0658,-0.0736,-0.0398,-1.6477
1791282226.2227,0.0207,0.6351,-0.0547,0.0189,-1.7454,-2.0384,-1.5708,-2.4700,0.0220,-0.0522,0.4338,0.3820,-3.0668,-0.0744,-0.0448,-1.6485
1791282226.2421,0.0194,0.5148,-0.0450,0.0189,-1.4507,-2.0624,-1.2767,-2.4700,0.0220,-0.0506,0.4338,0.3835,-3.0675,-0.0748,-0.0423,-1.6489
1791282226.2621,0.0200,0.5381,-0.0350,0.0189,-1.1479,-2.0384,-0.9743,-2.3501,0.0220,-0.0399,0.4338,0.3973,-3.0677,-0.0724,-0.0323,-1.6494
1791282226.2822,0.0201,1.7853,-0.0250,0.0189,-0.8429,-1.9904,-0.6698,-2.1103,0.0220,-0.0199,0.4338,0.4096,-3.0676,-0.0677,-0.0124,-1.6493
1791282226.3027,0.0205,0.4539,-0.0147,0.0189,-0.5320,-1.8465,-0.3594,-1.8705,0.0220,-0.0046,0.4338,0.4188,-3.0672,-0.0613,-0.0025,-1.6493
1791282226.3225,0.0198,0.3167,-0.0048,0.0189,-0.2323,-1.6547,-0.0602,-1.5827,0.0220,0.0061,0.4338,0.4249,-3.0669,-0.0534,0.0078,-1.6489
1791282226.3427,0.0202,0.4198,0.0053,0.0189,0.0736,-1.4149,0.2458,-1.3189,0.0220,0.0107,0.4338,0.4280,-3.0668,-0.0451,0.0104,-1.6488
1791282226.3621,0.0194,1.2029,0.0150,0.0189,0.3676,-1.1271,0.5404,-1.0072,0.0220,0.0153,0.4338,0.4310,-3.0666,-0.0352,0.0130,-1.6484
1791282226.3828,0.0207,0.4807,0.0253,0.0189,0.6807,-0.8393,0.8542,-0.7194,0.0220,0.0184,0.4338,0.4326,-3.0664,-0.0257,0.0131,-1.6481
1791282226.4022,0.0194,0.4813,0.0350,0.0189,0.9749,-0.7194,1.1490,-0.5755,0.0220,0.0184,0.4338,0.4326,-3.0663,-0.0214,0.0157,-1.6478
1791282226.4228,0.0206,0.3112,0.0453,0.0189,1.2863,-0.2638,1.4611,-0.1199,0.0220,0.0199,0.4338,0.4326,-3.0660,-0.0063,0.0158,-1.6474
1791282226.4421,0.0193,0.4336,0.0357,-0.0389,1.2700,-0.1199,0.8937,0.0000,-0.0183,0.0199,0.4742,0.4326,-3.0659,-0.0020,0.0132,-1.6473
1791282226.4623,0.0202,2.2234,0.0256,-0.0996,1.2547,0.1439,0.2955,0.2638,-0.0607,0.0199,0.4862,0.4326,-3.0656,0.0067,0.0131,-1.6471
1791282226.4821,0.0198,0.4408,0.0157,-0.1175,1.0385,0.3357,-0.0873,0.4796,-0.1021,0.0199,0.4862,0.4326,-3.0653,0.0135,0.0157,-1.6464
1791282226.5025,0.0204,8.3979,0.0055,-0.1175,0.7261,0.5755,-0.3940,0.7674,-0.1449,0.0138,0.4862,0.4403,-3.0647,0.0222,0.0209,-1.6463
1791282226.5224,0.0199,0.5572,-0.0045,-0.1175,0.4238,0.8873,-0.6942,0.9113,-0.1485,-0.0015,0.4862,0.4541,-3.0648,0.0297,0.0026,-1.6469
1791282226.5421,0.0198,0.4408,-0.0143,-0.1175,0.1254,1.0312,-0.9947,0.8393,-0.1485,-0.0337,0.4862,0.4663,-3.0654,0.0309,-0.0199,-1.6479
1791282226.5623,0.0202,1.3180,-0.0244,-0.1175,-0.1792,1.0312,-1.3015,0.5276,-0.1485,-0.0644,0.4862,0.4740,-3.0667,0.0257,-0.0523,-1.6498
1791282226.5821,0.0197,0.4090,-0.0343,-0.1175,-0.4773,0.8633,-1.6018,0.0480,-0.1485,-0.0966,0.4862,0.4786,-3.0686,0.0150,-0.0851,-1.6519
1791282226.6022,0.0201,0.4518,-0.0444,-0.1175,-0.7812,0.6235,-1.9079,-0.2878,-0.1485,-0.1181,0.4862,0.4817,-3.0706,0.0055,-0.0956,-1.6540
1791282226.6229,0.0207,0.3445,-0.0547,-0.1175,-1.0939,0.3837,-2.2228,-0.5755,-0.1485,-0.1335,0.4862,0.4832,-3.0726,-0.0032,-0.1009,-1.6561
1791282226.6421,0.0192,0.4270,-0.0643,-0.1175,-1.3835,0.1199,-2.5146,-0.8393,-0.1485,-0.1381,0.4862,0.4832,-3.0745,-0.0119,-0.1007,-1.6583
1791282226.6627,0.0206,0.4574,-0.0746,-0.1175,-1.6942,-0.1199,-2.8275,-1.1271,-0.1485,-0.1411,0.4862,0.4847,-3.0766,-0.0206,-0.1055,-1.6606
1791282226.6821,0.0194,0.4834,-0.0843,-0.1175,-1.9871,-0.3837,-3.1225,-1.4388,-0.1485,-0.1442,0.4862,0.4847,-3.0788,-0.0301,-0.1104,-1.6631
1791282226.7024,0.0203,1.5543,-0.0742,-0.0566,-1.9742,-0.5995,-2.5200,-1.7746,-0.1485,-0.1473,0.4862,0.4847,-3.0816,-0.0392,-0.1227,-1.6658
1791282226.7236,0.0212,0.4708,-0.0636,0.0000,-1.9260,-0.9113,-1.9260,-2.1343,-0.1485,-0.1473,0.4862,0.4847,-3.0842,-0.0503,-0.1274,-1.6684
1791282226.7422,0.0186,0.5096,-0.0542,0.0000,-1.6438,-1.2710,-1.6438,-2.4460,-0.1485,-0.1473,0.4862,0.4832,-3.0866,-0.0613,-0.1222,-1.6708
1791282226.7628,0.0206,0.5536,-0.0440,0.0000,-1.3322,-1.5348,-1.3322,-2.6379,-0.1485,-0.1473,0.4862,0.4847,-3.0885,-0.0688,-0.1145,-1.6727
1791282226.7821,0.0194,0.4947,-0.0343,0.0000,-1.0387,-1.6787,-1.0387,-2.5420,-0.1485,-0.1503,0.4862,0.4847,-3.0897,-0.0696,-0.0896,-1.6737
1791282226.8023,0.0202,0.6988,-0.0242,0.0000,-0.7332,-1.7266,-0.7332,-2.3022,-0.1485,-0.1503,0.4862,0.4847,-3.0902,-0.0665,-0.0598,-1.6743
1791282226.8230,0.0207,0.3070,-0.0138,0.0000,-0.4193,-1.6547,-0.4193,-1.9904,-0.1485,-0.1503,0.4862,0.4847,-3.0904,-0.0601,-0.0349,-1.6749
1791282226.8421,0.0190,0.5004,-0.0043,0.0000,-0.1308,-1.4868,-0.1308,-1.6787,-0.1485,-0.1503,0.4862,0.4847,-3.0907,-0.0522,-0.0200,-1.6749
1791282226.8621,0.0200,3.0611,0.0000,0.0000,0.0000,-1.2710,0.0000,-1.3909,-0.1485,-0.1503,0.4862,0.4847,-3.0908,-0.0439,-0.0125,-1.6751
1791282226.8821,0.0201,1.9802,0.0000,0.0000,0.0000,-1.0312,0.0000,-1.0791,-0.1485,-0.1503,0.4862,0.4847,-3.0909,-0.0348,-0.0050,-1.6753
1791282226.9035,0.0214,3.3830,0.0000,0.0000,0.0000,-0.7914,0.0000,-0.8153,-0.1485,-0.1519,0.4862,0.4847,-3.0909,-0.0265,-0.0025,-1.6753
1791282226.9240,0.0205,0.3297,0.0000,0.0000,0.0000,-0.5276,0.0000,-0.5516,-0.1485,-0.1503,0.4862,0.4847,-3.0910,-0.0178,-0.0025,-1.6753
1791282226.9424,0.0184,1.2996,0.0000,0.0000,0.0000,-0.3118,0.0000,-0.3118,-0.1485,-0.1503,0.4862,0.4847,-3.0909,-0.0103,0.0000,-1.6751
1791282226.9624,0.0200,3.6591,0.0000,0.0000,0.0000,-0.1679,0.0000,-0.1679,-0.1485,-0.1503,0.4862,0.4847,-3.0910,-0.0055,0.0000,-1.6751
1791282226.9857,0.0233,0.6848,0.0116,0.0495,0.1263,-0.0719,0.5789,-0.0719,-0.0997,-0.1503,0.4374,0.4847,-3.0909,-0.0024,0.0000,-1.6753
1791282227.0022,0.0165,0.6683,0.0199,0.0495,0.3763,-0.0480,0.8302,-0.0480,-0.0651,-0.1503,0.4031,0.4847,-3.0909,-0.0016,0.0000,-1.6753
1791282227.0227,0.0205,0.6576,0.0301,0.0495,0.6858,-0.0240,1.1415,-0.0240,-0.0222,-0.1503,0.4031,0.4847,-3.0909,-0.0008,0.0000,-1.6751
1791282227.0426,0.0199,1.6902,0.0401,0.0495,0.9866,-0.0240,1.4440,0.0000,0.0195,-0.1442,0.4031,0.4817,-3.0909,-0.0004,0.0026,-1.6748
1791282227.0628,0.0202,0.3597,0.0502,0.0495,1.2917,0.0240,1.7508,0.1199,0.0603,-0.1243,0.4031,0.4617,-3.0905,0.0024,0.0105,-1.6746
1791282227.0827,0.0199,0.4256,0.0602,0.0495,1.5927,0.1199,2.0535,0.2398,0.0603,-0.0966,0.4031,0.4403,-3.0904,0.0059,0.0131,-1.6742
1791282227.1025,0.0198,7.2409,0.0700,0.0495,1.8913,0.2158,2.3538,0.4796,0.0603,-0.0629,0.4031,0.4249,-3.0895,0.0115,0.0289,-1.6729
1791282227.1223,0.0198,0.3421,0.0800,0.0495,2.1908,0.4796,2.6550,0.8873,0.0603,-0.0276,0.4031,0.4203,-3.0883,0.0226,0.0444,-1.6717
1791282227.1423,0.0200,2.8140,0.0899,0.0495,2.4924,0.8393,2.9584,1.2950,0.0603,0.0031,0.4031,0.4142,-3.0872,0.0352,0.0494,-1.6707
1791282227.1621,0.0198,3.1036,0.0999,0.0495,2.7921,1.1271,3.2598,1.5827,0.0603,0.0230,0.4031,0.4096,-3.0861,0.0447,0.0492,-1.6696
1791282227.1821,0.0200,3.6425,0.1008,0.0495,2.8209,1.4149,3.2888,1.8705,0.0603,0.0368,0.4031,0.4080,-3.0852,0.0542,0.0491,-1.6686
1791282227.2021,0.0201,0.6377,0.1034,0.0539,2.8787,1.7266,3.3883,2.1583,0.0658,0.0445,0.4024,0.4065,-3.0845,0.0641,0.0463,-1.6679
1791282227.2250,0.0229,3.0409,0.1034,0.0539,2.8787,1.9904,3.3883,2.4221,0.0658,0.0506,0.4024,0.4050,-3.0832,0.0728,0.0462,-1.6666
1791282227.2421,0.0171,0.6668,0.1034,0.0539,2.8787,2.2302,3.3883,2.6859,0.0658,0.0552,0.4024,0.4050,-3.0816,0.0811,0.0486,-1.6655
1791282227.2621,0.0200,2.0946,0.1034,0.0539,2.8787,2.4460,3.3883,2.9496,0.0658,0.0583,0.4024,0.4050,-3.0804,0.0890,0.0535,-1.6643
1791282227.2822,0.0201,0.4484,0.1034,0.0539,2.8787,2.6379,3.3883,3.1415,0.0658,0.0629,0.4024,0.4034,-3.0792,0.0954,0.0534,-1.6630
1791282227.3026,0.0205,0.7741,0.1034,0.0539,2.8787,2.7578,3.3883,3.2614,0.0658,0.0629,0.4024,0.4034,-3.0777,0.0993,0.0533,-1.6619
1791282227.3224,0.0197,0.3454,0.1034,0.0539,2.8787,2.8058,3.3883,3.3094,0.0658,0.0644,0.4024,0.4034,-3.0764,0.1009,0.0533,-1.6608
1791282227.3421,0.0197,0.5255,0.1034,0.0539,2.8787,2.8297,3.3883,3.3333,0.0658,0.0644,0.4024,0.4034,-3.0748,0.1017,0.0533,-1.6596
1791282227.3621,0.0200,0.5900,0.1034,0.0539,2.8787,2.8537,3.3883,3.3573,0.0658,0.0644,0.4024,0.4034,-3.0733,0.1025,0.0533,-1.6586
1791282227.3824,0.0203,2.6609,0.1034,0.0539,2.8787,2.8297,3.3883,3.3573,0.0658,0.0644,0.4024,0.4034,-3.0719,0.1021,0.0558,-1.6577
1791282227.4022,0.0198,0.3919,0.1034,0.0539,2.8787,2.8537,3.3883,3.3573,0.0658,0.0644,0.4024,0.4034,-3.0708,0.1025,0.0533,-1.6564
1791282227.4224,0.0202,0.3746,0.1034,0.0539,2.8787,2.8777,3.3883,3.3813,0.0658,0.0629,0.4024,0.4034,-3.0696,0.1033,0.0533,-1.6552
1791282227.4421,0.0197,0.4865,0.0935,0.0826,2.4452,2.8777,3.2240,3.3813,0.1017,0.0644,0.4437,0.4034,-3.0683,0.1033,0.0533,-1.6543
1791282227.4622,0.0201,0.5229,0.0835,0.0826,2.1427,2.8777,2.9185,3.3813,0.1017,0.0644,0.4857,0.4034,-3.0672,0.1033,0.0533,-1.6531
1791282227.4822,0.0200,0.6551,0.0735,0.0826,1.8404,2.8777,2.6133,3.3573,0.1017,0.0660,0.5277,0.4034,-3.0658,0.1029,0.0507,-1.6520
1791282227.5036,0.0214,0.7173,0.0628,0.0826,1.5172,2.8058,2.2870,3.3573,0.1017,0.0767,0.5726,0.4142,-3.0641,0.1017,0.0584,-1.6505
1791282227.5227,0.0190,1.3148,0.0533,0.0826,1.2302,2.6379,1.9973,3.2614,0.1017,0.0859,0.6124,0.4372,-3.0624,0.0973,0.0661,-1.6489
1791282227.5439,0.0212,0.4165,0.0426,0.0826,0.9099,2.3981,1.6740,3.0935,0.1017,0.0920,0.6569,0.4694,-3.0605,0.0906,0.0739,-1.6474
1791282227.5621,0.0182,2.0696,0.0335,0.0826,0.6356,2.2782,1.3971,2.9976,0.1017,0.0936,0.6950,0.4863,-3.0596,0.0871,0.0765,-1.6466
1791282227.5822,0.0201,0.9691,0.0235,0.0826,0.3323,1.9904,1.0910,2.7098,0.1017,0.0966,0.7043,0.5246,-3.0579,0.0776,0.0768,-1.6451
1791282227.6026,0.0204,0.4081,0.0133,0.0826,0.0247,1.5348,0.7805,2.2542,0.1017,0.0982,0.7043,0.5814,-3.0553,0.0625,0.0772,-1.6425
1791282227.6225,0.0198,0.3531,0.0034,0.0826,-0.2745,1.3909,0.4786,2.1103,0.1017,0.0997,0.7043,0.6013,-3.0544,0.0578,0.0774,-1.6418
1791282227.6424,0.0200,1.1512,-0.0066,0.0826,-0.5776,1.1271,0.1760,1.8465,0.1017,0.0997,0.7043,0.6366,-3.0528,0.0491,0.0776,-1.6404
1791282227.6621,0.0197,0.4089,-0.0165,0.0826,-0.8764,0.8633,-0.1208,1.6067,0.1017,0.0997,0.7043,0.6627,-3.0510,0.0408,0.0805,-1.6387
1791282227.6821,0.0200,0.5863,-0.0265,0.0226,-0.9055,0.5755,-0.6981,1.3189,0.0598,0.0997,0.6624,0.6780,-3.0494,0.0313,0.0808,-1.6370
1791282227.7022,0.0201,1.5389,-0.0365,-0.0378,-0.9260,0.2398,-1.2880,1.0072,0.0176,0.0997,0.6202,0.6872,-3.0477,0.0206,0.0837,-1.6355
1791282227.7226,0.0204,4.1001,-0.0467,-0.0990,-0.9412,0.0000,-1.8907,0.6475,-0.0251,0.0982,0.5775,0.6918,-3.0464,0.0107,0.0709,-1.6342
1791282227.7428,0.0201,0.4223,-0.0568,-0.1184,-1.1516,-0.3118,-2.2899,0.2398,-0.0672,0.0859,0.5354,0.6857,-3.0453,-0.0012,0.0606,-1.6333
1791282227.7688,0.0261,1.1044,-0.0698,-0.1184,-1.5452,-0.6954,-2.6864,-0.3357,-0.1218,0.0506,0.4830,0.6565,-3.0441,-0.0170,0.0393,-1.6325
1791282227.7822,0.0134,1.7198,-0.0765,-0.1184,-1.7474,-0.7674,-2.8900,-0.5036,-0.1496,0.0368,0.4830,0.6443,-3.0439,-0.0210,0.0288,-1.6330
1791282227.8021,0.0198,0.5392,-0.0864,-0.1184,-2.0469,-0.8873,-3.1918,-1.0072,-0.1496,0.0092,0.4830,0.6105,-3.0444,-0.0313,-0.0125,-1.6346
1791282227.8230,0.0209,0.3109,-0.0969,-0.1184,-2.3623,-0.9832,-3.5095,-1.5108,-0.1496,-0.0261,0.4830,0.5768,-3.0459,-0.0412,-0.0551,-1.6364
1791282227.8426,0.0197,3.4094,-0.1000,-0.1184,-2.4563,-1.1751,-3.6043,-1.9664,-0.1496,-0.0644,0.4830,0.5446,-3.0477,-0.0518,-0.0824,-1.6383
1791282227.8621,0.0194,0.4278,-0.1000,-0.1184,-2.4563,-1.4388,-3.6043,-2.3501,-0.1496,-0.0982,0.4830,0.5216,-3.0496,-0.0625,-0.0947,-1.6408
1791282227.8821,0.0200,0.4276,-0.1000,-0.1184,-2.4563,-1.7026,-3.6043,-2.7098,-0.1496,-0.1212,0.4830,0.5077,-3.0516,-0.0728,-0.1045,-1.6431
1791282227.9027,0.0207,1.0001,-0.1000,-0.1184,-2.4563,-1.9424,-3.6043,-2.9976,-0.1496,-0.1335,0.4830,0.5001,-3.0534,-0.0815,-0.1093,-1.6453
1791282227.9230,0.0203,0.2691,-0.1000,-0.1184,-2.4563,-2.1343,-3.6043,-3.1894,-0.1496,-0.1396,0.4830,0.4909,-3.0557,-0.0878,-0.1091,-1.6474
1791282227.9437,0.0207,0.4624,-0.1000,-0.1184,-2.4563,-2.2542,-3.6043,-3.3573,-0.1496,-0.1411,0.4830,0.4893,-3.0585,-0.0926,-0.1140,-1.6497
1791282227.9623,0.0186,0.9908,-0.1000,-0.1184,-2.4563,-2.3261,-3.6043,-3.4772,-0.1496,-0.1457,0.4830,0.4878,-3.0609,-0.0958,-0.1189,-1.6524
1791282227.9825,0.0202,1.2670,-0.1000,-0.1456,-2.3247,-2.3981,-3.7359,-3.5252,-0.1836,-0.1503,0.4559,0.4863,-3.0626,-0.0977,-0.1163,-1.6546
1791282228.0028,0.0203,0.6211,-0.1000,-0.1456,-2.3247,-2.4221,-3.7359,-3.5492,-0.1836,-0.1503,0.4559,0.4832,-3.0642,-0.0985,-0.1163,-1.6572
1791282228.0232,0.0204,0.7025,-0.1000,-0.1456,-2.3247,-2.4221,-3.7359,-3.5492,-0.1836,-0.1488,0.4559,0.4832,-3.0662,-0.0985,-0.1163,-1.6594
1791282228.0432,0.0200,0.4625,-0.1000,-0.1456,-2.3247,-2.4221,-3.7359,-3.5492,-0.1836,-0.1595,0.4559,0.4740,-3.0685,-0.0985,-0.1163,-1.6621
1791282228.0622,0.0190,1.1631,-0.1000,-0.1456,-2.3247,-2.3741,-3.7359,-3.6451,-0.1836,-0.1687,0.4559,0.4679,-3.0712,-0.0993,-0.1312,-1.6649
1791282228.0827,0.0204,0.4101,-0.1000,-0.1456,-2.3247,-2.3741,-3.7359,-3.7170,-0.1836,-0.1779,0.4559,0.4633,-3.0739,-0.1005,-0.1386,-1.6676
1791282228.1035,0.0208,0.9056,-0.1000,-0.1456,-2.3247,-2.3501,-3.7359,-3.7170,-0.1836,-0.1779,0.4559,0.4602,-3.0763,-0.1001,-0.1410,-1.6706
1791282228.1228,0.0193,1.2803,-0.1000,-0.1456,-2.3247,-2.3261,-3.7359,-3.6930,-0.1836,-0.1795,0.4559,0.4587,-3.0789,-0.0993,-0.1411,-1.6736
1791282228.1431,0.0203,0.4247,-0.1000,-0.1456,-2.3247,-2.3022,-3.7359,-3.6691,-0.1836,-0.1810,0.4559,0.4571,-3.0818,-0.0985,-0.1411,-1.6765
1791282228.1621,0.0190,1.4658,-0.1000,-0.1456,-2.3247,-2.3022,-3.7359,-3.6930,-0.1836,-0.1825,0.4559,0.4571,-3.0833,-0.0989,-0.1435,-1.6784
1791282228.1824,0.0203,1.9973,-0.1000,-0.1456,-2.3247,-2.3261,-3.7359,-3.7410,-0.1836,-0.1841,0.4559,0.4571,-3.0860,-0.1001,-0.1460,-1.6812
1791282228.2028,0.0204,0.5263,-0.1000,-0.1456,-2.3247,-2.3261,-3.7359,-3.7650,-0.1836,-0.1841,0.4559,0.4571,-3.0886,-0.1005,-0.1485,-1.6842
1791282228.2231,0.0202,0.2656,-0.1000,-0.0969,-2.5609,-2.3261,-3.4997,-3.7410,-0.1412,-0.1825,0.4983,0.4571,-3.0911,-0.1001,-0.1460,-1.6874
1791282228.2437,0.0207,0.4530,-0.1000,-0.0969,-2.5609,-2.3022,-3.4997,-3.6930,-0.1226,-0.1825,0.5289,0.4571,-3.0942,-0.0989,-0.1435,-1.6906
1791282228.2623,0.0186,0.5126,-0.1000,-0.0969,-2.5609,-2.2782,-3.4997,-3.6930,-0.1226,-0.1825,0.5289,0.4571,-3.0973,-0.0985,-0.1460,-1.6934
1791282228.2847,0.0224,0.8367,-0.1000,-0.0969,-2.5609,-2.3501,-3.4997,-3.6451,-0.1226,-0.1657,0.5289,0.4740,-3.1011,-0.0989,-0.1336,-1.6974
1791282228.3028,0.0181,0.8209,-0.1000,-0.0969,-2.5609,-2.3981,-3.4997,-3.6211,-0.1226,-0.1580,0.5289,0.4832,-3.1022,-0.0993,-0.1262,-1.6986
1791282228.3225,0.0197,0.3344,-0.1000,-0.0969,-2.5609,-2.4460,-3.4997,-3.5731,-0.1226,-0.1442,0.5289,0.5001,-3.1037,-0.0993,-0.1163,-1.7005
1791282228.3422,0.0197,0.5900,-0.1000,-0.0969,-2.5609,-2.4940,-3.4997,-3.5012,-0.1226,-0.1381,0.5289,0.5108,-3.1052,-0.0989,-0.1039,-1.7028
1791282228.3621,0.0199,0.7611,-0.1000,-0.0969,-2.5609,-2.5180,-3.4997,-3.4772,-0.1226,-0.1319,0.5289,0.5170,-3.1073,-0.0989,-0.0990,-1.7050
1791282228.3827,0.0206,0.9108,-0.1000,-0.0969,-2.5609,-2.5420,-3.4997,-3.4772,-0.1226,-0.1289,0.5289,0.5216,-3.1095,-0.0993,-0.0965,-1.7069
1791282228.4022,0.0196,0.4883,-0.1000,-0.0969,-2.5609,-2.5420,-3.4997,-3.5012,-0.1226,-0.1258,0.5289,0.5246,-3.1116,-0.0997,-0.0990,-1.7091
1791282228.4226,0.0204,0.7235,-0.1000,-0.0969,-2.5609,-2.5420,-3.4997,-3.5012,-0.1226,-0.1243,0.5289,0.5262,-3.1134,-0.0997,-0.0990,-1.7112
1791282228.4425,0.0198,1.6885,-0.1000,-0.0969,-2.5609,-2.5180,-3.4997,-3.4772,-0.1226,-0.1243,0.5289,0.5277,-3.1150,-0.0989,-0.0990,-1.7132
1791282228.4622,0.0198,2.6310,-0.0901,-0.0376,-2.5492,-2.5420,-2.9125,-3.4772,-0.0812,-0.1243,0.4875,0.5277,-3.1168,-0.0993,-0.0965,-1.7154
1791282228.4827,0.0205,1.4402,-0.0799,0.0239,-2.5316,-2.5659,-2.3087,-3.5012,-0.0383,-0.1243,0.4446,0.5277,-3.1188,-0.1001,-0.0965,-1.7175
1791282228.5020,0.0193,1.5012,-0.0702,0.0548,-2.3827,-2.5659,-1.8737,-3.5012,0.0021,-0.1227,0.4160,0.5277,-3.1208,-0.1001,-0.0965,-1.7195
1791282228.5258,0.0238,0.3235,-0.0583,0.0548,-2.0217,-2.5420,-1.5144,-3.4293,0.0518,-0.1089,0.4160,0.5185,-3.1228,-0.0985,-0.0916,-1.7208
1791282228.5420,0.0163,0.4206,-0.0502,0.0548,-1.7744,-2.5180,-1.2683,-3.1655,0.0670,-0.0859,0.4160,0.4939,-3.1243,-0.0938,-0.0669,-1.7214
1791282228.5639,0.0219,0.5481,-0.0393,0.0548,-1.4418,-2.4700,-0.9372,-2.7818,0.0670,-0.0552,0.4160,0.4679,-3.1247,-0.0867,-0.0322,-1.7213
1791282228.5821,0.0181,0.5563,-0.0302,0.0548,-1.1664,-2.3501,-0.6631,-2.3981,0.0670,-0.0184,0.4160,0.4479,-3.1242,-0.0783,-0.0050,-1.7210
1791282228.6020,0.0200,0.4274,-0.0202,0.0548,-0.8633,-2.2062,-0.3614,-2.0384,0.0670,0.0107,0.4160,0.4372,-3.1236,-0.0700,0.0181,-1.7201
1791282228.6225,0.0204,0.3171,-0.0100,0.0548,-0.5529,-1.9904,-0.0525,-1.6787,0.0670,0.0307,0.4160,0.4295,-3.1226,-0.0605,0.0337,-1.7191
1791282228.6421,0.0196,0.5319,-0.0002,0.0548,-0.2554,-1.7506,0.2436,-1.3669,0.0670,0.0430,0.4160,0.4234,-3.1217,-0.0514,0.0416,-1.7181
1791282228.6621,0.0201,0.3996,0.0098,0.0548,0.0477,-1.5108,0.5485,-1.0791,0.0670,0.0537,0.4160,0.4203,-3.1208,-0.0427,0.0469,-1.7171
1791282228.6832,0.0211,0.5323,0.0204,0.0548,0.3658,-1.2470,0.8686,-0.7674,0.0670,0.0583,0.4160,0.4188,-3.1199,-0.0332,0.0522,-1.7160
1791282228.7025,0.0193,2.4080,0.0300,0.0584,0.6407,-0.9113,1.1784,-0.4317,0.0715,0.0629,0.4094,0.4172,-3.1188,-0.0222,0.0524,-1.7148
1791282228.7235,0.0210,0.6833,0.0405,0.0584,0.9582,-0.5995,1.4980,-0.1439,0.0715,0.0644,0.4094,0.4172,-3.1178,-0.0123,0.0499,-1.7140
1791282228.7422,0.0187,0.5838,0.0499,0.0584,1.2411,-0.4556,1.7827,0.0000,0.0715,0.0644,0.4094,0.4172,-3.1174,-0.0075,0.0500,-1.7136
1791282228.7634,0.0211,5.4512,0.0605,0.0584,1.5602,-0.1679,2.1040,0.1679,0.0715,0.0675,0.4094,0.4157,-3.1170,0.0000,0.0369,-1.7130
1791282228.7833,0.0199,1.7239,0.0704,0.0584,1.8605,0.1199,2.4063,0.5036,0.0715,0.0690,0.4094,0.4142,-3.1161,0.0103,0.0420,-1.7114
1791282228.8020,0.0188,0.3907,0.0798,0.0584,2.1441,0.3118,2.6918,0.9113,0.0715,0.0706,0.4094,0.4126,-3.1142,0.0202,0.0654,-1.7098
1791282228.8240,0.0219,0.4218,0.0908,0.0584,2.4753,0.5516,3.0253,1.2470,0.0715,0.0706,0.4094,0.4111,-3.1126,0.0297,0.0756,-1.7086
1791282228.8421,0.0181,0.7613,0.0974,0.0584,2.6749,0.9592,3.2263,1.5588,0.0715,0.0706,0.4094,0.4111,-3.1118,0.0415,0.0649,-1.7073
1791282228.8632,0.0211,0.4144,0.0974,0.0584,2.6749,1.3189,3.2263,1.8705,0.0715,0.0706,0.4094,0.4111,-3.1108,0.0526,0.0594,-1.7063
1791282228.8822,0.0190,0.5333,0.0974,0.0584,2.6749,1.6307,3.2263,2.1583,0.0715,0.0706,0.4094,0.4111,-3.1093,0.0625,0.0566,-1.7050
1791282228.9029,0.0207,4.8370,0.0974,0.0584,2.6749,1.9185,3.2263,2.4460,0.0715,0.0706,0.4094,0.4111,-3.1076,0.0720,0.0564,-1.7038
1791282228.9241,0.0212,0.3494,0.0974,0.0584,2.6749,2.1583,3.2263,2.7578,0.0715,0.0706,0.4094,0.4111,-3.1061,0.0811,0.0639,-1.7023
1791282228.9421,0.0181,0.4466,0.0974,0.0584,2.6749,2.3741,3.2263,2.9736,0.0715,0.0706,0.4094,0.4111,-3.1042,0.0882,0.0637,-1.7009
1791282228.9621,0.0200,0.8614,0.0974,0.0584,2.6749,2.5180,3.2263,3.0935,0.0715,0.0706,0.4094,0.4111,-3.1030,0.0926,0.0611,-1.6997
1791282228.9828,0.0207,0.4713,0.0870,0.0000,2.6371,2.5659,2.6371,3.1655,0.0715,0.0706,0.4094,0.4111,-3.1016,0.0946,0.0636,-1.6983
1791282229.0037,0.0209,0.3921,0.0766,0.0000,2.3209,2.6139,2.3209,3.1894,0.0715,0.0706,0.4094,0.4111,-3.1004,0.0958,0.0610,-1.6970
1791282229.0224,0.0187,0.4144,0.0672,0.0000,2.0378,2.6619,2.0378,3.1894,0.0715,0.0706,0.4094,0.4111,-3.0992,0.0965,0.0559,-1.6960
1791282229.0427,0.0203,0.5083,0.0571,0.0000,1.7299,2.6619,1.7299,3.0935,0.0715,0.0706,0.4094,0.4111,-3.0977,0.0950,0.0458,-1.6955
1791282229.0627,0.0200,0.4489,0.0471,0.0000,1.4267,2.6139,1.4267,2.9017,0.0715,0.0706,0.4094,0.4111,-3.0966,0.0910,0.0306,-1.6949
1791282229.0822,0.0195,0.5662,0.0373,0.0000,1.1308,2.4460,1.1308,2.6859,0.0715,0.0706,0.4094,0.4111,-3.0959,0.0847,0.0255,-1.6945
1791282229.1042,0.0220,0.6621,0.0263,0.0000,0.7980,2.2782,0.7980,2.4460,0.0715,0.0706,0.4094,0.4111,-3.0954,0.0779,0.0179,-1.6940
1791282229.1225,0.0183,0.3169,0.0172,0.0000,0.5212,2.0384,0.5212,2.1343,0.0715,0.0706,0.4094,0.4111,-3.0952,0.0688,0.0103,-1.6942
1791282229.1439,0.0214,0.4949,0.0065,0.0000,0.1964,1.7506,0.1964,1.7506,0.0715,0.0706,0.4094,0.4111,-3.0952,0.0578,0.0000,-1.6942
1791282229.1623,0.0184,3.0699,0.0000,0.0000,0.0000,1.4628,0.0000,1.4388,0.0715,0.0706,0.4094,0.4111,-3.0949,0.0479,-0.0025,-1.6942
1791282229.1821,0.0198,2.9703,0.0000,0.0000,0.0000,1.1751,0.0000,1.1990,0.0715,0.0706,0.4094,0.4111,-3.0946,0.0392,0.0026,-1.6942
1791282229.2021,0.0200,0.4054,0.0000,0.0000,0.0000,0.8633,0.0000,0.8873,0.0715,0.0706,0.4094,0.4111,-3.0944,0.0289,0.0026,-1.6940
1791282229.2226,0.0205,0.6134,0.0000,0.0000,0.0000,0.5995,0.0000,0.5995,0.0715,0.0706,0.4094,0.4111,-3.0944,0.0198,0.0000,-1.6939
1791282229.2421,0.0195,0.4803,0.0000,0.0000,0.0000,0.3837,0.0000,0.3597,0.0715,0.0706,0.4094,0.4111,-3.0943,0.0123,-0.0025,-1.6939
1791282229.2621,0.0200,0.8817,0.0000,0.0000,0.0000,0.1918,0.0000,0.1918,0.0715,0.0706,0.4094,0.4111,-3.0944,0.0063,0.0000,-1.6939
1791282229.2849,0.0228,0.9440,0.0000,0.0000,0.0000,0.0959,0.0000,0.0959,0.0715,0.0706,0.4094,0.4111,-3.0944,0.0032,0.0000,-1.6939
1791282229.3025,0.0175,6.2376,0.0000,0.0000,0.0000,0.0480,0.0000,0.0480,0.0715,0.0706,0.4094,0.4111,-3.0943,0.0016,0.0000,-1.6939
1791282229.3224,0.0199,0.3684,0.0000,0.0000,0.0000,0.0480,0.0000,0.0240,0.0715,0.0706,0.4094,0.4111,-3.0944,0.0012,-0.0025,-1.6940
1791282229.3420,0.0196,0.8104,0.0000,0.0000,0.0000,0.0000,0.0000,0.0000,0.0715,0.0706,0.4094,0.4111,-3.0944,0.0000,0.0000,-1.6939
1791282229.3624,0.0203,2.4347,0.0000,0.0000,0.0000,0.0000,0.0000,0.0240,0.0715,0.0706,0.4094,0.4111,-3.0945,0.0004,0.0026,-1.6940
1791282229.3821,0.0197,1.9754,0.0000,0.0000,0.0000,0.0000,0.0000,0.0000,0.0715,0.0706,0.4094,0.4111,-3.0944,0.0000,0.0000,-1.6940
1791282229.4021,0.0200,1.3100,0.0000,0.0000,0.0000,0.0000,0.0000,0.0000,0.0715,0.0706,0.4094,0.4111,-3.0944,0.0000,0.0000,-1.6942
1791282229.4224,0.0203,0.3096,0.0000,0.0000,0.0000,0.0000,0.0000,0.0000,0.0715,0.0706,0.4094,0.4111,-3.0944,0.0000,0.0000,-1.6942
1791282229.4422,0.0199,0.9966,0.0000,0.0000,0.0000,0.0000,0.0000,0.0000,0.0715,0.0706,0.4094,0.4111,-3.0944,0.0000,0.0000,-1.6939
1791282229.4637,0.0215,0.3907,0.0000,0.0000,0.0000,0.0000,0.0000,0.0000,0.0715,0.0706,0.4094,0.4111,-3.0944,0.0000,0.0000,-1.6940
1791282229.4821,0.0184,0.8000,0.0000,0.0000,0.0000,0.0000,0.0000,0.0000,0.0715,0.0706,0.4094,0.4111,-3.0943,0.0000,0.0000,-1.6940
1791282229.5020,0.0199,0.4400,-0.0099,-0.0597,-0.0172,0.0000,-0.5856,0.0000,0.0298,0.0706,0.4511,0.4111,-3.0944,0.0000,0.0000,-1.6940
1791282229.5227,0.0206,0.6645,-0.0203,-0.1002,-0.1361,0.0000,-1.0922,0.0000,-0.0134,0.0706,0.4666,0.4111,-3.0944,0.0000,0.0000,-1.6940
1791282229.5421,0.0194,0.7171,-0.0300,-0.1002,-0.4292,0.0000,-1.3872,0.0000,-0.0541,0.0690,0.4666,0.4111,-3.0944,0.0000,0.0000,-1.6942
1791282229.5622,0.0201,1.0335,-0.0400,-0.1002,-0.7334,0.0000,-1.6932,-0.0480,-0.0962,0.0552,0.4666,0.4218,-3.0945,-0.0008,-0.0050,-1.6945
1791282229.5822,0.0200,0.7632,-0.0500,-0.1002,-1.0351,0.0000,-1.9967,-0.1679,-0.1268,0.0353,0.4666,0.4372,-3.0949,-0.0028,-0.0177,-1.6955
1791282229.6027,0.0205,0.4128,-0.0603,-0.1002,-1.3448,-0.0719,-2.3084,-0.4796,-0.1268,0.0031,0.4666,0.4479,-3.0957,-0.0091,-0.0428,-1.6971
1791282229.6223,0.0196,0.3318,-0.0701,-0.1002,-1.6415,-0.2638,-2.6070,-0.9113,-0.1268,-0.0337,0.4666,0.4541,-3.0974,-0.0194,-0.0679,-1.6990
1791282229.6421,0.0197,0.4794,-0.0800,-0.1002,-1.9398,-0.4556,-2.9071,-1.2710,-0.1268,-0.0629,0.4666,0.4587,-3.0994,-0.0285,-0.0853,-1.7011
1791282229.6621,0.0200,0.5592,-0.0900,-0.1002,-2.2420,-0.6235,-3.2112,-1.5827,-0.1268,-0.0920,0.4666,0.4617,-3.1016,-0.0364,-0.1002,-1.7030
1791282229.6821,0.0200,0.3996,-0.1000,-0.1002,-2.5441,-0.9353,-3.5152,-1.8705,-0.1268,-0.1058,0.4666,0.4633,-3.1036,-0.0463,-0.0975,-1.7053
1791282229.7021,0.0200,0.8685,-0.1000,-0.1002,-2.5447,-1.2710,-3.5159,-2.1583,-0.1268,-0.1135,0.4666,0.4648,-3.1053,-0.0566,-0.0923,-1.7070
1791282229.7224,0.0203,0.6965,-0.1000,-0.1002,-2.5447,-1.5827,-3.5159,-2.4700,-0.1268,-0.1197,0.4666,0.4648,-3.1072,-0.0669,-0.0921,-1.7093
1791282229.7421,0.0197,0.6233,-0.1000,-0.1002,-2.5447,-1.8465,-3.5159,-2.8058,-0.1268,-0.1227,0.4666,0.4648,-3.1093,-0.0768,-0.0994,-1.7116
1791282229.7637,0.0217,1.1871,-0.1000,-0.1002,-2.5447,-2.0624,-3.5159,-3.0695,-0.1268,-0.1243,0.4666,0.4648,-3.1115,-0.0847,-0.1042,-1.7137
1791282229.7823,0.0185,1.5465,-0.1000,-0.1002,-2.5447,-2.2302,-3.5159,-3.2374,-0.1268,-0.1258,0.4666,0.4648,-3.1133,-0.0902,-0.1041,-1.7161
1791282229.8020,0.0198,0.5414,-0.1000,-0.1002,-2.5447,-2.3501,-3.5159,-3.3573,-0.1268,-0.1258,0.4666,0.4648,-3.1154,-0.0942,-0.1040,-1.7183
1791282229.8224,0.0203,0.4307,-0.1000,-0.1002,-2.5447,-2.4221,-3.5159,-3.4293,-0.1268,-0.1258,0.4666,0.4648,-3.1175,-0.0965,-0.1040,-1.7205
1791282229.8421,0.0197,0.4680,-0.1000,-0.1031,-2.5304,-2.4940,-3.5302,-3.4772,-0.1305,-0.1258,0.4664,0.4648,-3.1194,-0.0985,-0.1015,-1.7227
1791282229.8627,0.0206,0.4797,-0.1000,-0.1031,-2.5304,-2.5420,-3.5302,-3.5252,-0.1305,-0.1258,0.4664,0.4633,-3.1213,-0.1001,-0.1014,-1.7248
1791282229.8821,0.0194,0.5486,-0.1000,-0.1031,-2.5304,-2.5420,-3.5302,-3.5252,-0.1305,-0.1258,0.4664,0.4648,-3.1222,-0.1001,-0.1014,-1.7256
1791282229.9022,0.0201,1.7238,-0.1000,-0.1031,-2.5304,-2.5180,-3.5302,-3.5252,-0.1305,-0.1243,0.4664,0.4648,-3.1239,-0.0997,-0.1039,-1.7278
1791282229.9227,0.0206,0.4673,-0.1000,-0.1031,-2.5304,-2.4940,-3.5302,-3.5012,-0.1305,-0.1258,0.4664,0.4648,-3.1262,-0.0989,-0.1039,-1.7300
1791282229.9421,0.0193,0.4411,-0.1000,-0.1031,-2.5304,-2.4940,-3.5302,-3.5012,-0.1305,-0.1289,0.4664,0.4648,-3.1286,-0.0989,-0.1039,-1.7322
1791282229.9624,0.0203,4.9809,-0.1000,-0.1031,-2.5304,-2.5180,-3.5302,-3.5252,-0.1305,-0.1319,0.4664,0.4648,-3.1307,-0.0997,-0.1039,-1.7343
1791282229.9821,0.0197,0.5067,-0.1000,-0.1031,-2.5304,-2.5180,-3.5302,-3.5492,-0.1305,-0.1319,0.4664,0.4648,-3.1325,-0.1001,-0.1064,-1.7365
1791282230.0020,0.0199,0.3868,-0.1000,-0.1031,-2.5304,-2.5420,-3.5302,-3.5252,-0.1305,-0.1319,0.4664,0.4648,-3.1342,-0.1001,-0.1014,-1.7384
1791282230.0225,0.0205,0.3204,-0.1000,-0.1031,-2.5304,-2.5180,-3.5302,-3.5012,-0.1305,-0.1304,0.4664,0.4648,-3.1360,-0.0993,-0.1015,-1.7405
1791282230.0421,0.0196,0.4177,-0.1000,-0.1031,-2.5304,-2.5180,-3.5302,-3.5012,-0.1305,-0.1304,0.4664,0.4648,-3.1384,-0.0993,-0.1015,-1.7424
1791282230.0638,0.0217,0.4306,-0.1000,-0.1031,-2.5304,-2.5180,-3.5302,-3.5252,-0.1305,-0.1319,0.4664,0.4633,-3.1407,-0.0997,-0.1039,-1.7446
1791282230.0826,0.0188,6.2554,-0.1000,-0.1031,-2.5304,-2.5180,-3.5302,-3.5252,-0.1305,-0.1319,0.4664,0.4648,3.1402,-0.0997,-0.1039,-1.7466
1791282230.1022,0.0196,0.9800,-0.0902,-0.0445,-2.5189,-2.5180,-2.9491,-3.5492,-0.0895,-0.1319,0.4254,0.4648,3.1383,-0.1001,-0.1064,-1.7487
1791282230.1224,0.0202,0.5220,-0.0801,0.0162,-2.5030,-2.5180,-2.3521,-3.5252,-0.0472,-0.1319,0.3970,0.4648,3.1369,-0.0997,-0.1039,-1.7508
1791282230.1422,0.0199,0.5575,-0.0702,0.0600,-2.4050,-2.5180,-1.8482,-3.5012,-0.0056,-0.1304,0.3970,0.4648,3.1352,-0.0993,-0.1015,-1.7525
1791282230.1624,0.0202,1.4626,-0.0601,0.0600,-2.0987,-2.5420,-1.5435,-3.4293,0.0366,-0.1166,0.3970,0.4556,3.1334,-0.0985,-0.0916,-1.7536
1791282230.1827,0.0202,0.6949,-0.0500,0.0600,-1.7911,-2.5420,-1.2375,-3.1894,0.0734,-0.0936,0.3970,0.4372,3.1322,-0.0946,-0.0669,-1.7541
1791282230.2020,0.0194,0.6061,-0.0403,0.0600,-1.4968,-2.4940,-0.9447,-2.8297,0.0734,-0.0644,0.3970,0.4234,3.1316,-0.0878,-0.0347,-1.7538
1791282230.2258,0.0238,0.3290,-0.0284,0.0600,-1.1353,-2.4221,-0.5851,-2.4221,0.0734,-0.0291,0.3970,0.4142,3.1317,-0.0799,0.0000,-1.7533
1791282230.2423,0.0164,1.4574,-0.0202,0.0600,-0.8855,-2.2302,-0.3365,-2.0384,0.0734,0.0061,0.3970,0.4065,3.1326,-0.0704,0.0207,-1.7523
1791282230.2624,0.0201,1.2902,-0.0101,0.0600,-0.5798,-1.9904,-0.0324,-1.6787,0.0734,0.0307,0.3970,0.4034,3.1335,-0.0605,0.0337,-1.7511
1791282230.2827,0.0203,0.7279,0.0000,0.0600,-0.2720,-1.7746,0.2739,-1.3429,0.0734,0.0445,0.3970,0.4019,3.1345,-0.0514,0.0467,-1.7498
1791282230.3029,0.0203,1.2080,0.0102,0.0600,0.0340,-1.5108,0.5819,-1.0312,0.0734,0.0568,0.3970,0.4004,3.1355,-0.0419,0.0521,-1.7488
1791282230.3242,0.0213,0.3184,0.0208,0.0600,0.3559,-1.2230,0.9059,-0.7434,0.0734,0.0629,0.3970,0.3988,3.1365,-0.0324,0.0522,-1.7476
1791282230.3433,0.0190,0.4816,0.0303,0.0642,0.6233,-0.9353,1.2145,-0.4077,0.0787,0.0675,0.3818,0.3988,3.1375,-0.0222,0.0576,-1.7466
1791282230.3624,0.0191,2.2759,0.0399,0.0642,0.9116,-0.6235,1.5049,-0.0959,0.0787,0.0706,0.3818,0.3988,3.1387,-0.0119,0.0578,-1.7456
1791282230.3835,0.0211,0.7893,0.0504,0.0642,1.2303,-0.3357,1.8259,0.0719,0.0787,0.0721,0.3818,0.3973,3.1392,-0.0044,0.0447,-1.7446
1791282230.4038,0.0204,0.9505,0.0606,0.0642,1.5376,-0.0240,2.1355,0.3837,0.0787,0.0752,0.3818,0.3927,3.1400,0.0059,0.0447,-1.7434
1791282230.4223,0.0185,0.3074,0.0699,0.0642,1.8173,0.2158,2.4172,0.7914,0.0787,0.0752,0.3818,0.3881,-3.1416,0.0166,0.0629,-1.7418
1791282230.4421,0.0197,0.9428,0.0797,0.0642,2.1149,0.4556,2.7171,1.1271,0.0787,0.0767,0.3818,0.3866,-3.1399,0.0261,0.0731,-1.7402
1791282230.4621,0.0200,0.5672,0.0897,0.0642,2.4169,0.6954,3.0214,1.4388,0.0787,0.0767,0.3818,0.3835,-3.1382,0.0352,0.0806,-1.7386
1791282230.4830,0.0210,0.4752,0.1002,0.0642,2.7333,1.0312,3.3401,1.7266,0.0787,0.0767,0.3818,0.3850,-3.1366,0.0455,0.0751,-1.7373
1791282230.5027,0.0197,1.5775,0.1101,0.0642,3.0309,1.2230,3.6391,1.8465,0.0787,0.0767,0.3818,0.3835,-3.1359,0.0506,0.0672,-1.7369
1791282230.5227,0.0200,1.1032,0.1201,0.0642,3.3334,1.5348,3.9430,2.1583,0.0787,0.0767,0.3818,0.3835,-3.1346,0.0609,0.0670,-1.7353
1791282230.5437,0.0210,0.5218,0.1262,0.0642,3.5202,1.8465,4.1306,2.4460,0.0787,0.0767,0.3818,0.3835,-3.1332,0.0708,0.0642,-1.7343
1791282230.5628,0.0190,1.1966,0.1262,0.0642,3.5202,2.1583,4.1306,2.7818,0.0787,0.0767,0.3818,0.3835,-3.1315,0.0815,0.0665,-1.7330
1791282230.5821,0.0193,0.5538,0.1262,0.0642,3.5202,2.4460,4.1306,3.1175,0.0787,0.0767,0.3818,0.3835,-3.1301,0.0918,0.0713,-1.7315
1791282230.6022,0.0201,0.4761,0.1262,0.0642,3.5202,2.7338,4.1306,3.4053,0.0787,0.0767,0.3818,0.3835,-3.1282,0.1013,0.0711,-1.7304
1791282230.6237,0.0215,0.6172,0.1262,0.0642,3.5202,2.9976,4.1306,3.6451,0.0787,0.0767,0.3818,0.3835,-3.1270,0.1096,0.0684,-1.7291
1791282230.6437,0.0200,0.9206,0.1262,0.0642,3.5202,3.2134,4.1306,3.8130,0.0787,0.0767,0.3818,0.3835,-3.1255,0.1159,0.0632,-1.7280
1791282230.6627,0.0190,1.2225,0.1332,0.0667,3.7186,3.3573,4.3538,3.9329,0.0819,0.0752,0.3759,0.3835,-3.1240,0.1203,0.0607,-1.7268
1791282230.6847,0.0220,0.7516,0.1332,0.0667,3.7186,3.4293,4.3538,4.0288,0.0819,0.0767,0.3759,0.3835,-3.1227,0.1231,0.0631,-1.7257
1791282230.7022,0.0175,0.7429,0.1332,0.0667,3.7186,3.4772,4.3538,4.0767,0.0819,0.0767,0.3759,0.3835,-3.1213,0.1246,0.0631,-1.7247
1791282230.7225,0.0204,0.5110,0.1332,0.0667,3.7186,3.5252,4.3538,4.1007,0.0819,0.0782,0.3759,0.3804,-3.1198,0.1258,0.0606,-1.7234
1791282230.7427,0.0201,0.5807,0.1332,0.0667,3.7186,3.5731,4.3538,4.1727,0.0819,0.0798,0.3759,0.3789,-3.1177,0.1278,0.0631,-1.7218
1791282230.7637,0.0210,0.3724,0.1332,0.0667,3.7186,3.6211,4.3538,4.2446,0.0819,0.0798,0.3759,0.3774,-3.1161,0.1298,0.0656,-1.7204
1791282230.7821,0.0184,0.4281,0.1332,0.0667,3.7186,3.6451,4.3538,4.2926,0.0819,0.0798,0.3759,0.3774,-3.1143,0.1310,0.0681,-1.7189
1791282230.8020,0.0199,0.4126,0.1332,0.0667,3.7186,3.6930,4.3538,4.3405,0.0819,0.0798,0.3759,0.3774,-3.1130,0.1326,0.0680,-1.7178
1791282230.8225,0.0205,0.3463,0.1332,0.0667,3.7186,3.7170,4.3538,4.3405,0.0819,0.0798,0.3759,0.3774,-3.1113,0.1329,0.0655,-1.7163
1791282230.8421,0.0196,2.8414,0.1332,0.0667,3.7186,3.7170,4.3538,4.3405,0.0819,0.0798,0.3759,0.3774,-3.1094,0.1329,0.0655,-1.7147
1791282230.8626,0.0205,3.4960,0.1332,0.0667,3.7186,3.7170,4.3538,4.3165,0.0819,0.0782,0.3759,0.3774,-3.1078,0.1326,0.0630,-1.7136
1791282230.8822,0.0196,4.3178,0.1395,0.0696,3.8961,3.7170,4.5595,4.3405,0.0854,0.0798,0.3724,0.3774,-3.1060,0.1329,0.0655,-1.7118
1791282230.9024,0.0202,0.7271,0.1395,0.0696,3.8961,3.7170,4.5595,4.3405,0.0854,0.0798,0.3724,0.3774,-3.1042,0.1329,0.0655,-1.7105
1791282230.9231,0.0207,0.8558,0.1395,0.0696,3.8961,3.7170,4.5595,4.3405,0.0854,0.0798,0.3724,0.3774,-3.1026,0.1329,0.0655,-1.7089
1791282230.9421,0.0190,0.4113,0.1395,0.0696,3.8961,3.7650,4.5595,4.3885,0.0854,0.0813,0.3724,0.3758,-3.1010,0.1345,0.0655,-1.7071
1791282230.9621,0.0200,0.8028,0.1395,0.0696,3.8961,3.8130,4.5595,4.4365,0.0854,0.0828,0.3724,0.3743,-3.0993,0.1361,0.0655,-1.7059
1791282230.9821,0.0199,0.4434,0.1395,0.0696,3.8961,3.8369,4.5595,4.4844,0.0854,0.0844,0.3724,0.3743,-3.0975,0.1373,0.0680,-1.7041
1791282231.0021,0.0200,0.4969,0.1395,0.0696,3.8961,3.8369,4.5595,4.4844,0.0854,0.0844,0.3724,0.3743,-3.0959,0.1373,0.0680,-1.7023
1791282231.0233,0.0212,0.2993,0.1395,0.0696,3.8961,3.8609,4.5595,4.5324,0.0854,0.0844,0.3724,0.3743,-3.0938,0.1385,0.0705,-1.7007
1791282231.0421,0.0188,0.5337,0.1395,0.0696,3.8961,3.8849,4.5595,4.5803,0.0854,0.0844,0.3724,0.3743,-3.0921,0.1397,0.0730,-1.6991
1791282231.0642,0.0221,0.4090,0.1395,0.0696,3.8961,3.9089,4.5595,4.5803,0.0854,0.0844,0.3724,0.3743,-3.0901,0.1401,0.0704,-1.6975
1791282231.0826,0.0185,3.4826,0.1395,0.0696,3.8961,3.8849,4.5595,4.5803,0.0854,0.0844,0.3724,0.3743,-3.0890,0.1397,0.0730,-1.6968
1791282231.1022,0.0196,1.5350,0.1395,0.0696,3.8961,3.8849,4.5595,4.5564,0.0854,0.0844,0.3724,0.3743,-3.0869,0.1393,0.0705,-1.6951
1791282231.1226,0.0203,0.3264,0.1294,0.0086,3.8788,3.8609,3.9607,4.5564,0.0429,0.0844,0.3991,0.3743,-3.0850,0.1389,0.0730,-1.6935
1791282231.1421,0.0195,0.4189,0.1196,-0.0498,3.8743,3.8849,3.3751,4.5803,0.0021,0.0844,0.3991,0.3743,-3.0832,0.1397,0.0730,-1.6919
1791282231.1647,0.0227,0.6749,0.1083,-0.0695,3.6294,3.9089,2.9336,4.5564,-0.0454,0.0828,0.3991,0.3743,-3.0800,0.1397,0.0679,-1.6898
1791282231.1821,0.0174,0.4024,0.0996,-0.0695,3.3649,3.8849,2.6700,4.5084,-0.0819,0.0767,0.3991,0.3758,-3.0793,0.1385,0.0654,-1.6896
1791282231.2027,0.0206,0.5540,0.0893,-0.0695,3.0517,3.8609,2.3604,4.2446,-0.0885,0.0568,0.3991,0.3835,-3.0786,0.1337,0.0403,-1.6896
1791282231.2231,0.0204,0.4151,0.0791,-0.0695,2.7408,3.8130,2.0531,3.9329,-0.0885,0.0291,0.3991,0.3881,-3.0785,0.1278,0.0126,-1.6899
1791282231.2426,0.0195,0.4195,0.0694,-0.0695,2.4438,3.7650,1.7595,3.6211,-0.0885,-0.0061,0.3991,0.3927,-3.0791,0.1219,-0.0144,-1.6904
1791282231.2646,0.0220,0.4400,0.0583,-0.0695,2.1079,3.5971,1.4274,3.2134,-0.0885,-0.0368,0.3991,0.3942,-3.0801,0.1124,-0.0383,-1.6921
1791282231.2821,0.0175,0.3954,0.0496,-0.0695,1.8415,3.3573,1.1640,2.7578,-0.0885,-0.0568,0.3991,0.3958,-3.0815,0.1009,-0.0600,-1.6936
1791282231.3022,0.0201,0.7832,0.0395,-0.0695,1.5355,3.0456,0.8614,2.3981,-0.0885,-0.0690,0.3991,0.3973,-3.0828,0.0898,-0.0651,-1.6947
1791282231.3225,0.0203,0.3661,0.0294,-0.0695,1.2256,2.7338,0.5549,2.1103,-0.0885,-0.0767,0.3991,0.3973,-3.0841,0.0799,-0.0630,-1.6959
1791282231.3437,0.0212,0.4260,0.0188,-0.0695,0.9031,2.4460,0.2360,1.8225,-0.0885,-0.0813,0.3991,0.3958,-3.0855,0.0704,-0.0633,-1.6970
1791282231.3623,0.0186,0.9517,0.0095,-0.0695,0.6200,2.1583,-0.0441,1.5348,-0.0885,-0.0844,0.3991,0.3973,-3.0868,0.0609,-0.0636,-1.6984
1791282231.3827,0.0204,0.4714,0.0000,-0.0084,0.0398,1.8705,-0.0398,1.2470,-0.0885,-0.0874,0.3991,0.3973,-3.0882,0.0514,-0.0639,-1.6997
1791282231.4033,0.0206,0.5432,0.0000,0.0000,0.0000,1.5827,0.0000,0.9353,-0.0885,-0.0874,0.3991,0.3973,-3.0894,0.0415,-0.0667,-1.7009
1791282231.4223,0.0191,0.3708,0.0000,0.0000,0.0000,1.2470,0.0000,0.6475,-0.0885,-0.0874,0.3991,0.3973,-3.0906,0.0313,-0.0621,-1.7022
1791282231.4427,0.0203,0.4155,0.0000,0.0000,0.0000,0.9113,0.0000,0.3837,-0.0885,-0.0874,0.3991,0.3973,-3.0915,0.0214,-0.0549,-1.7029
1791282231.4627,0.0200,0.4471,0.0000,0.0000,0.0000,0.5995,0.0000,0.2158,-0.0885,-0.0874,0.3991,0.3973,-3.0921,0.0135,-0.0401,-1.7032
1791282231.4821,0.0194,0.4140,0.0000,0.0000,0.0000,0.3357,0.0000,0.0719,-0.0885,-0.0874,0.3991,0.3973,-3.0924,0.0067,-0.0277,-1.7035
1791282231.5022,0.0201,0.9978,0.0000,0.0000,0.0000,0.1918,0.0000,0.0000,-0.0885,-0.0874,0.3991,0.3973,-3.0926,0.0032,-0.0202,-1.7038
1791282231.5248,0.0226,2.1459,0.0000,0.0000,0.0000,0.0719,0.0000,0.0000,-0.0885,-0.0874,0.3991,0.3973,-3.0927,0.0012,-0.0076,-1.7038
1791282231.5421,0.0173,1.2065,0.0000,0.0000,0.0000,0.0240,0.0000,0.0000,-0.0885,-0.0874,0.3991,0.3973,-3.0927,0.0004,-0.0025,-1.7038
1791282231.5622,0.0201,1.9013,0.0000,0.0000,0.0000,0.0000,0.0000,0.0000,-0.0885,-0.0874,0.3991,0.3973,-3.0927,0.0000,0.0000,-1.7038
1791282231.5823,0.0201,2.3363,0.0000,0.0000,0.0000,0.0000,0.0000,0.0000,-0.0885,-0.0874,0.3991,0.3973,-3.0927,0.0000,0.0000,-1.7040
1791282231.6026,0.0203,6.5690,0.0000,0.0000,0.0000,0.0000,0.0000,0.0000,-0.0885,-0.0874,0.3991,0.3973,-3.0927,0.0000,0.0000,-1.7040
1791282231.6225,0.0199,0.3183,0.0000,0.0000,0.0000,0.0000,0.0000,0.0000,-0.0885,-0.0874,0.3991,0.3973,-3.0927,0.0000,0.0000,-1.7038
1791282231.6435,0.0210,1.1018,-0.0105,-0.0629,-0.0181,0.0000,-0.6172,0.0000,-0.1324,-0.0874,0.4430,0.3958,-3.0927,0.0000,0.0000,-1.7040
1791282231.6634,0.0199,0.4205,-0.0204,-0.1199,-0.0473,0.0000,-1.1919,0.0000,-0.1515,-0.0874,0.4725,0.3973,-3.0927,0.0000,0.0000,-1.7040
1791282231.6827,0.0193,0.4247,-0.0301,-0.1199,-0.3381,0.0240,-1.4848,0.0000,-0.1515,-0.0874,0.4725,0.3973,-3.0926,0.0004,-0.0025,-1.7040
1791282231.7022,0.0195,0.8689,-0.0398,-0.1199,-0.6327,0.0000,-1.7816,0.0000,-0.1515,-0.0920,0.4725,0.4050,-3.0926,0.0000,0.0000,-1.7043
1791282231.7226,0.0204,0.2855,-0.0501,-0.1199,-0.9414,0.0000,-2.0926,-0.0959,-0.1515,-0.1089,0.4725,0.4249,-3.0928,-0.0016,-0.0101,-1.7050
1791282231.7427,0.0201,0.4266,-0.0601,-0.1199,-1.2443,0.0000,-2.3977,-0.4077,-0.1515,-0.1258,0.4725,0.4418,-3.0937,-0.0067,-0.0428,-1.7069
1791282231.7643,0.0216,0.5123,-0.0709,-0.1199,-1.5703,-0.1199,-2.7261,-0.8393,-0.1515,-0.1396,0.4725,0.4525,-3.0956,-0.0158,-0.0755,-1.7087
1791282231.7837,0.0194,3.1843,-0.0806,-0.1199,-1.8631,-0.3357,-3.0211,-1.2230,-0.1515,-0.1457,0.4725,0.4602,-3.0979,-0.0257,-0.0929,-1.7109
1791282231.8021,0.0184,0.4339,-0.0898,-0.1199,-2.1404,-0.5755,-3.3006,-1.6307,-0.1515,-0.1473,0.4725,0.4648,-3.1003,-0.0364,-0.1102,-1.7135
1791282231.8224,0.0203,0.3649,-0.0999,-0.1199,-2.4474,-0.7914,-3.6098,-1.9424,-0.1515,-0.1488,0.4725,0.4679,-3.1028,-0.0451,-0.1200,-1.7162
1791282231.8422,0.0198,3.8032,-0.1000,-0.1199,-2.4491,-1.0072,-3.6115,-2.2302,-0.1515,-0.1503,0.4725,0.4709,-3.1053,-0.0534,-0.1273,-1.7186
1791282231.8621,0.0199,0.7111,-0.1000,-0.1199,-2.4491,-1.3429,-3.6115,-2.5180,-0.1515,-0.1503,0.4725,0.4709,-3.1070,-0.0637,-0.1221,-1.7210
1791282231.8822,0.0201,0.7756,-0.0900,-0.0597,-2.4373,-1.7266,-3.0151,-2.8297,-0.1095,-0.1503,0.4304,0.4709,-3.1087,-0.0752,-0.1144,-1.7235
1791282231.9022,0.0201,1.5912,-0.0799,0.0000,-2.4223,-1.9664,-2.4223,-3.1175,-0.0674,-0.1488,0.3884,0.4709,-3.1111,-0.0839,-0.1191,-1.7262
1791282231.9233,0.0210,2.4419,-0.0694,0.0000,-2.1037,-2.1343,-2.1037,-3.3094,-0.0234,-0.1488,0.3444,0.4694,-3.1139,-0.0898,-0.1215,-1.7285
1791282231.9423,0.0191,1.6568,-0.0599,0.0000,-1.8144,-2.2542,-1.8144,-3.3813,0.0000,-0.1396,0.3044,0.4602,-3.1164,-0.0930,-0.1164,-1.7300
1791282231.9621,0.0198,0.9307,-0.0500,0.0000,-1.5149,-2.3261,-1.5149,-3.2374,0.0000,-0.1150,0.2630,0.4372,-3.1183,-0.0918,-0.0942,-1.7312
1791282231.9826,0.0205,0.6627,-0.0397,0.0000,-1.2039,-2.3261,-1.2039,-2.9257,0.0000,-0.0859,0.2200,0.4065,-3.1191,-0.0867,-0.0620,-1.7315
1791282232.0022,0.0195,0.4098,-0.0300,0.0000,-0.9078,-2.2302,-0.9078,-2.5420,0.0000,-0.0552,0.1791,0.3712,-3.1194,-0.0787,-0.0323,-1.7319
1791282232.0230,0.0209,0.3093,-0.0195,0.0000,-0.5916,-2.0144,-0.5916,-2.2062,0.0000,-0.0368,0.1354,0.3344,-3.1194,-0.0696,-0.0199,-1.7323
1791282232.0430,0.0199,0.4264,-0.0096,0.0000,-0.2898,-1.7506,-0.2898,-1.8465,0.0000,-0.0215,0.0937,0.2945,-3.1195,-0.0594,-0.0100,-1.7323
1791282232.0622,0.0192,0.4493,0.0000,0.0000,0.0000,-1.4868,0.0000,-1.5348,0.0000,-0.0138,0.0535,0.2562,-3.1197,-0.0499,-0.0050,-1.7324
1791282232.0827,0.0206,0.4153,0.0000,0.0000,0.0000,-1.2230,0.0000,-1.2470,0.0000,-0.0077,0.0104,0.2132,-3.1200,-0.0408,-0.0025,-1.7324
1791282232.1025,0.0198,5.0956,0.0000,0.0000,0.0000,-0.9113,0.0000,-0.9592,0.0000,-0.0046,0.0000,0.1718,-3.1202,-0.0309,-0.0050,-1.7326
1791282232.1223,0.0198,0.3131,0.0000,0.0000,0.0000,-0.6235,0.0000,-0.6715,0.0000,-0.0031,0.0000,0.1289,-3.1204,-0.0214,-0.0050,-1.7326
1791282232.1422,0.0199,0.6903,0.0000,0.0000,0.0000,-0.3837,0.0000,-0.4077,0.0000,-0.0015,0.0000,0.0890,-3.1203,-0.0131,-0.0025,-1.7327
1791282232.1641,0.0219,0.8215,0.0000,0.0000,0.0000,-0.1918,0.0000,-0.2158,0.0000,-0.0031,0.0000,0.0537,-3.1203,-0.0067,-0.0025,-1.7327
1791282232.1823,0.0181,2.0586,0.0000,0.0000,0.0000,-0.1199,0.0000,-0.1199,0.0000,-0.0015,0.0000,0.0322,-3.1204,-0.0040,0.0000,-1.7326
1791282232.2021,0.0198,0.6065,0.0000,0.0000,0.0000,-0.0719,0.0000,-0.0959,0.0000,-0.0015,0.0000,0.0261,-3.1204,-0.0028,-0.0025,-1.7327
1791282232.2224,0.0204,0.3507,0.0000,0.0000,0.0000,-0.0240,0.0000,-0.0240,0.0000,-0.0015,0.0000,0.0153,-3.1204,-0.0008,0.0000,-1.7327
1791282232.2433,0.0209,0.6531,0.0000,0.0000,0.0000,0.0000,0.0000,0.0000,0.0000,-0.0015,0.0000,0.0077,-3.1204,0.0000,0.0000,-1.7329
1791282232.2621,0.0188,0.5271,0.0000,0.0000,0.0000,0.0000,0.0000,0.0000,0.0000,-0.0015,0.0000,0.0061,-3.1203,0.0000,0.0000,-1.7327
1791282232.2829,0.0208,0.4118,0.0000,0.0000,0.0000,0.0000,0.0000,0.0000,0.0000,-0.0015,0.0000,0.0031,-3.1204,0.0000,0.0000,-1.7327
1791282232.3023,0.0194,4.6764,0.0000,0.0000,0.0000,0.0000,0.0000,0.0000,0.0000,-0.0015,0.0000,0.0015,-3.1203,0.0000,0.0000,-1.7327
1791282232.3254,0.0231,0.5123,0.0000,0.0000,0.0000,0.0000,0.0000,0.0000,0.0000,-0.0015,0.0000,-0.0000,-3.1204,0.0000,0.0000,-1.7329
1791282232.3429,0.0175,0.3877,0.0000,0.0000,0.0000,0.0000,0.0000,0.0000,0.0000,-0.0015,0.0000,0.0015,-3.1204,0.0000,0.0000,-1.7329
1791282232.3621,0.0192,1.2758,0.0000,0.0000,0.0000,0.0000,0.0000,0.0000,0.0000,-0.0015,0.0000,0.0015,-3.1204,0.0000,0.0000,-1.7329
1791282232.3834,0.0213,0.4573,0.0000,0.0000,0.0000,0.0000,0.0000,0.0000,0.0000,-0.0015,0.0000,0.0015,-3.1205,0.0000,0.0000,-1.7329
1791282232.4021,0.0187,0.4951,0.0000,0.0000,0.0000,0.0000,0.0000,0.0000,0.0000,-0.0015,0.0000,0.0015,-3.1205,0.0000,0.0000,-1.7329
1791282232.4226,0.0205,0.6300,0.0000,0.0000,0.0000,0.0000,0.0000,0.0000,0.0000,-0.0015,0.0000,0.0015,-3.1204,0.0000,0.0000,-1.7327
1791282232.4422,0.0196,0.5519,0.0000,0.0000,0.0000,0.0000,0.0000,0.0000,0.0000,-0.0015,0.0000,0.0015,-3.1204,0.0000,0.0000,-1.7329
1791282232.4634,0.0213,1.6369,0.0000,0.0000,0.0000,0.0000,0.0000,0.0000,0.0000,-0.0015,0.0000,-0.0000,-3.1203,0.0000,0.0000,-1.7329
1791282232.4827,0.0193,0.7283,0.0000,0.0000,0.0000,0.0000,0.0000,0.0000,0.0000,-0.0015,-0.0403,0.0015,-3.1204,0.0000,0.0000,-1.7329
1791282232.5020,0.0193,4.3418,0.0000,0.0000,0.0000,0.0000,0.0000,0.0000,0.0000,-0.0015,-0.0807,0.0015,-3.1204,0.0000,0.0000,-1.7329
1791282232.5223,0.0204,0.6158,0.0000,0.0000,0.0000,0.0000,0.0000,0.0000,0.0000,-0.0031,-0.1234,-0.0000,-3.1204,0.0000,0.0000,-1.7329
1791282232.5427,0.0204,0.3949,0.0000,0.0000,0.0000,0.0000,0.0000,0.0000,0.0000,-0.0015,-0.1660,-0.0092,-3.1204,0.0000,0.0000,-1.7329
1791282232.5625,0.0198,0.4529,0.0000,0.0000,0.0000,0.0000,0.0000,0.0000,0.0000,-0.0015,-0.2076,-0.0322,-3.1204,0.0000,0.0000,-1.7329
1791282232.5827,0.0201,0.4102,0.0000,0.0000,0.0000,0.0000,0.0000,0.0000,0.0000,-0.0015,-0.2497,-0.0675,-3.1204,0.0000,0.0000,-1.7331
1791282232.6028,0.0201,0.5178,0.0000,0.0000,0.0000,0.0000,0.0000,0.0000,0.0000,-0.0015,-0.2618,-0.1028,-3.1204,0.0000,0.0000,-1.7327
1791282232.6230,0.0202,0.4126,0.0000,0.0000,0.0000,0.0000,0.0000,0.0000,0.0000,-0.0015,-0.2618,-0.1396,-3.1204,0.0000,0.0000,-1.7329
1791282232.6421,0.0191,0.4265,0.0000,0.0000,0.0000,0.0000,0.0000,0.0000,0.0000,-0.0015,-0.2618,-0.1779,-3.1204,0.0000,0.0000,-1.7327
1791282232.6625,0.0204,0.5766,0.0000,0.0000,0.0000,0.0000,0.0000,0.0000,0.0000,-0.0015,-0.2618,-0.2071,-3.1205,0.0000,0.0000,-1.7329
1791282232.6821,0.0196,0.4537,0.0000,0.0000,0.0000,0.0000,0.0000,0.0000,0.0000,-0.0015,-0.2618,-0.2270,-3.1204,0.0000,0.0000,-1.7331
1791282232.7021,0.0200,0.9385,0.0000,0.0000,0.0000,0.0000,0.0000,0.0000,0.0000,-0.0031,-0.2618,-0.2408,-3.1204,0.0000,0.0000,-1.7331
1791282232.7244,0.0223,0.3706,0.0000,0.0000,0.0000,0.0000,0.0000,0.0000,0.0000,-0.0015,-0.2618,-0.2485,-3.1204,0.0000,0.0000,-1.7331
1791282232.7422,0.0177,0.5747,0.0000,0.0000,0.0000,0.0000,0.0000,0.0000,0.0000,-0.0015,-0.2618,-0.2546,-3.1205,0.0000,0.0000,-1.7331
1791282232.7623,0.0201,0.7998,0.0000,0.0000,0.0000,0.0000,0.0000,0.0000,0.0000,-0.0015,-0.2618,-0.2577,-3.1205,0.0000,0.0000,-1.7331
1791282232.7823,0.0201,0.4754,0.0000,0.0000,0.0000,0.0000,0.0000,0.0000,0.0000,-0.0015,-0.2618,-0.2592,-3.1205,0.0000,0.0000,-1.7331
1791282232.8020,0.0197,0.4591,0.0000,0.0000,0.0000,0.0000,0.0000,0.0000,0.0000,-0.0015,-0.2618,-0.2623,-3.1205,0.0000,0.0000,-1.7331
1791282232.8224,0.0204,0.3981,0.0000,0.0000,0.0000,0.0000,0.0000,0.0000,0.0000,-0.0015,-0.2618,-0.2608,-3.1204,0.0000,0.0000,-1.7331
1791282232.8421,0.0197,0.4444,0.0000,0.0000,0.0000,0.0000,0.0000,0.0000,0.0000,-0.0015,-0.2618,-0.2623,-3.1204,0.0000,0.0000,-1.7331
1791282232.8621,0.0201,0.5392,0.0000,0.0000,0.0000,0.0000,0.0000,0.0000,0.0000,-0.0015,-0.2618,-0.2623,-3.1203,0.0000,0.0000,-1.7329
1791282232.8822,0.0201,0.4966,0.0000,0.0000,0.0000,0.0000,0.0000,0.0000,0.0000,-0.0015,-0.2618,-0.2623,-3.1204,0.0000,0.0000,-1.7329
1791282232.9021,0.0199,0.5147,0.0000,0.0000,0.0000,0.0000,0.0000,0.0000,0.0000,-0.0015,-0.2618,-0.2623,-3.1204,0.0000,0.0000,-1.7331
1791282232.9230,0.0209,0.3066,0.0000,0.0000,0.0000,0.0000,0.0000,0.0000,0.0000,-0.0015,-0.2618,-0.2623,-3.1205,0.0000,0.0000,-1.7331
1791282232.9421,0.0191,0.7948,0.0000,0.0000,0.0000,0.0000,0.0000,0.0000,0.0000,-0.0015,-0.2618,-0.2623,-3.1204,0.0000,0.0000,-1.7331
1791282232.9628,0.0207,1.2814,0.0000,0.0000,0.0000,0.0000,0.0000,0.0000,0.0000,-0.0015,-0.2618,-0.2623,-3.1205,0.0000,0.0000,-1.7331
1791282232.9821,0.0193,1.3593,0.0000,0.0000,0.0000,0.0000,0.0000,0.0000,0.0000,-0.0015,-0.2618,-0.2623,-3.1204,0.0000,0.0000,-1.7331
1791282233.0021,0.0200,0.4048,0.0000,0.0000,0.0000,0.0000,0.0000,0.0000,0.0000,-0.0015,-0.2618,-0.2623,-3.1205,0.0000,0.0000,-1.7331
1791282233.0230,0.0209,0.3707,0.0000,0.0000,0.0000,0.0000,0.0000,0.0000,0.0000,-0.0015,-0.2618,-0.2623,-3.1204,0.0000,0.0000,-1.7331
1791282233.0423,0.0193,0.9856,0.0000,0.0000,0.0000,0.0000,0.0000,0.0000,0.0000,-0.0015,-0.2618,-0.2623,-3.1204,0.0000,0.0000,-1.7329
1791282233.0621,0.0198,0.5487,0.0000,0.0000,0.0000,0.0000,0.0000,0.0000,0.0000,-0.0015,-0.2618,-0.2638,-3.1204,0.0000,0.0000,-1.7331
1791282233.0821,0.0200,0.4175,0.0000,0.0000,0.0000,0.0000,0.0000,0.0000,0.0000,-0.0015,-0.2618,-0.2638,-3.1204,0.0000,0.0000,-1.7331
1791282233.1026,0.0205,3.9922,0.0000,0.0000,0.0000,0.0000,0.0000,0.0000,0.0000,-0.0015,-0.2618,-0.2638,-3.1204,0.0000,0.0000,-1.7331
1791282233.1228,0.0202,0.4431,0.0000,0.0000,0.0000,0.0000,0.0000,0.0000,0.0000,-0.0015,-0.2618,-0.2638,-3.1204,0.0000,0.0000,-1.7331
1791282233.1421,0.0192,0.4301,0.0000,0.0000,0.0000,0.0000,0.0000,0.0000,0.0000,-0.0015,-0.2618,-0.2638,-3.1204,0.0000,0.0000,-1.7331
1791282233.1679,0.0258,1.2568,0.0000,0.0000,0.0000,0.0000,0.0000,0.0000,0.0000,-0.0015,-0.2618,-0.2638,-3.1204,0.0000,0.0000,-1.7331
1791282233.1821,0.0142,0.4119,0.0000,0.0000,0.0000,0.0000,0.0000,0.0000,0.0000,-0.0015,-0.2618,-0.2638,-3.1204,0.0000,0.0000,-1.7331
1791282233.2021,0.0200,0.4796,0.0000,0.0000,0.0000,0.0000,0.0000,0.0000,0.0000,-0.0015,-0.2618,-0.2638,-3.1204,0.0000,0.0000,-1.7331
1791282233.2258,0.0238,0.2941,0.0000,0.0000,0.0000,0.0000,0.0000,0.0000,0.0000,-0.0015,-0.2618,-0.2638,-3.1203,0.0000,0.0000,-1.7331
1791282233.2422,0.0164,0.9938,0.0000,0.0000,0.0000,0.0000,0.0000,0.0000,0.0000,-0.0015,-0.2618,-0.2638,-3.1204,0.0000,0.0000,-1.7331
1791282233.2637,0.0214,0.3800,0.0000,0.0000,0.0000,0.0000,0.0000,0.0000,0.0000,-0.0015,-0.2618,-0.2638,-3.1204,0.0000,0.0000,-1.7331
1791282233.2821,0.0184,0.4194,0.0000,0.0000,0.0000,0.0000,0.0000,0.0000,0.0000,-0.0015,-0.2618,-0.2638,-3.1205,0.0000,0.0000,-1.7331
1791282233.3023,0.0202,1.2267,0.0000,0.0000,0.0000,0.0000,0.0000,0.0000,0.0000,-0.0015,-0.2618,-0.2638,-3.1204,0.0000,0.0000,-1.7331
1791282233.3224,0.0201,0.3511,0.0000,0.0000,0.0000,0.0000,0.0000,0.0000,0.0000,-0.0015,-0.2618,-0.2623,-3.1204,0.0000,0.0000,-1.7329
1791282233.3421,0.0197,0.6296,0.0000,0.0000,0.0000,0.0000,0.0000,0.0000,0.0000,-0.0015,-0.2618,-0.2638,-3.1205,0.0000,0.0000,-1.7329
1791282233.3621,0.0200,0.4105,0.0000,0.0000,0.0000,0.0000,0.0000,0.0000,0.0000,-0.0015,-0.2618,-0.2638,-3.1204,0.0000,0.0000,-1.7331
1791282233.3823,0.0202,0.8938,0.0000,0.0000,0.0000,0.0000,0.0000,0.0000,0.0000,-0.0015,-0.2618,-0.2638,-3.1204,0.0000,0.0000,-1.7331
1791282233.4021,0.0197,0.9491,0.0000,0.0000,0.0000,0.0000,0.0000,0.0000,0.0000,-0.0015,-0.2618,-0.2623,-3.1204,0.0000,0.0000,-1.7329
1791282233.4243,0.0222,0.3145,0.0000,0.0000,0.0000,0.0000,0.0000,0.0000,0.0000,-0.0015,-0.2618,-0.2638,-3.1204,0.0000,0.0000,-1.7331
1791282233.4423,0.0180,0.4996,0.0000,0.0000,0.0000,0.0000,0.0000,0.0000,0.0000,-0.0015,-0.2618,-0.2638,-3.1204,0.0000,0.0000,-1.7331
1791282233.4633,0.0210,0.4331,0.0000,0.0000,0.0000,0.0000,0.0000,0.0000,0.0000,-0.0015,-0.2618,-0.2638,-3.1204,0.0000,0.0000,-1.7331
1791282233.4844,0.0211,0.4500,0.0000,0.0000,0.0000,0.0000,0.0000,0.0000,0.0000,-0.0015,-0.2618,-0.2638,-3.1204,0.0000,0.0000,-1.7331
1791282233.5040,0.0196,0.7926,0.0000,0.0000,0.0000,0.0000,0.0000,0.0000,0.0000,-0.0015,-0.2618,-0.2638,-3.1204,0.0000,0.0000,-1.7329
1791282233.5240,0.0200,0.2675,0.0000,0.0000,0.0000,0.0000,0.0000,0.0000,0.0000,-0.0015,-0.2618,-0.2638,-3.1204,0.0000,0.0000,-1.7331
1791282233.5422,0.0182,2.7852,0.0000,0.0000,0.0000,0.0000,0.0000,0.0000,0.0000,-0.0015,-0.2618,-0.2638,-3.1203,0.0000,0.0000,-1.7331
1791282233.5624,0.0202,3.3147,0.0000,0.0000,0.0000,0.0000,0.0000,0.0000,0.0000,-0.0015,-0.2618,-0.2638,-3.1204,0.0000,0.0000,-1.7331
1791282233.5839,0.0215,1.8264,0.0000,0.0000,0.0000,0.0000,0.0000,0.0000,0.0000,-0.0015,-0.2618,-0.2623,-3.1204,0.0000,0.0000,-1.7331
1791282233.6033,0.0194,0.7912,0.0000,0.0000,0.0000,0.0000,0.0000,0.0000,0.0000,-0.0015,-0.2618,-0.2623,-3.1204,0.0000,0.0000,-1.7331
1791282233.6251,0.0218,0.3408,0.0000,0.0000,0.0000,0.0000,0.0000,0.0000,0.0000,-0.0015,-0.2618,-0.2638,-3.1203,0.0000,0.0000,-1.7331
1791282233.6424,0.0173,0.9883,0.0000,0.0000,0.0000,0.0000,0.0000,0.0000,0.0000,-0.0015,-0.2618,-0.2623,-3.1203,0.0000,0.0000,-1.7331
1791282233.6628,0.0205,0.3553,0.0000,0.0000,0.0000,0.0000,0.0000,0.0000,0.0000,-0.0015,-0.2618,-0.2638,-3.1203,0.0000,0.0000,-1.7331
1791282233.6822,0.0194,3.4608,0.0000,0.0000,0.0000,0.0000,0.0000,0.0000,0.0000,-0.0015,-0.2618,-0.2638,-3.1205,0.0000,0.0000,-1.7329
1791282233.7022,0.0200,1.1944,0.0000,0.0000,0.0000,0.0000,0.0000,0.0000,0.0000,-0.0015,-0.2618,-0.2638,-3.1204,0.0000,0.0000,-1.7331
1791282233.7232,0.0210,0.3091,0.0000,0.0000,0.0000,0.0000,0.0000,0.0000,0.0000,-0.0015,-0.2618,-0.2638,-3.1204,0.0000,0.0000,-1.7331
1791282233.7421,0.0190,0.4041,0.0000,0.0000,0.0000,0.0000,0.0000,0.0000,0.0000,-0.0015,-0.2618,-0.2638,-3.1205,0.0000,0.0000,-1.7329
1791282233.7622,0.0200,0.4666,0.0000,0.0000,0.0000,0.0000,0.0000,0.0000,0.0000,-0.0015,-0.2618,-0.2638,-3.1204,0.0000,0.0000,-1.7331
1791282233.7821,0.0200,0.8670,0.0000,0.0000,0.0000,0.0000,0.0000,0.0000,0.0000,-0.0015,-0.2618,-0.2638,-3.1204,0.0000,0.0000,-1.7331
1791282233.8022,0.0201,4.0966,0.0000,0.0000,0.0000,0.0000,0.0000,0.0000,0.0000,-0.0015,-0.2618,-0.2638,-3.1204,0.0000,0.0000,-1.7329
1791282233.8240,0.0218,0.2977,0.0000,0.0000,0.0000,0.0000,0.0000,0.0000,0.0000,-0.0015,-0.2618,-0.2638,-3.1205,0.0000,0.0000,-1.7331
1791282233.8429,0.0189,1.1212,0.0000,0.0000,0.0000,0.0000,0.0000,0.0000,0.0000,-0.0015,-0.2618,-0.2638,-3.1205,0.0000,0.0000,-1.7331
1791282233.8621,0.0193,1.9245,0.0000,0.0000,0.0000,0.0000,0.0000,0.0000,0.0000,-0.0015,-0.2618,-0.2638,-3.1204,0.0000,0.0000,-1.7331
1791282233.8821,0.0200,3.0439,0.0000,0.0000,0.0000,0.0000,0.0000,0.0000,0.0000,-0.0015,-0.2618,-0.2638,-3.1204,0.0000,0.0000,-1.7331
1791282233.9023,0.0203,1.8333,0.0000,0.0000,0.0000,0.0000,0.0000,0.0000,0.0000,-0.0015,-0.2618,-0.2638,-3.1204,0.0000,0.0000,-1.7331
1791282233.9243,0.0220,0.3673,0.0000,0.0000,0.0000,0.0000,0.0000,0.0000,0.0000,-0.0015,-0.2618,-0.2638,-3.1204,0.0000,0.0000,-1.7331
1791282233.9428,0.0185,0.4283,0.0000,0.0000,0.0000,0.0000,0.0000,0.0000,0.0000,-0.0015,-0.2618,-0.2638,-3.1204,0.0000,0.0000,-1.7329
1791282233.9622,0.0194,4.5059,0.0000,0.0000,0.0000,0.0000,0.0000,0.0000,0.0000,-0.0015,-0.2618,-0.2638,-3.1204,0.0000,0.0000,-1.7329
1791282233.9821,0.0199,1.3866,0.0000,0.0000,0.0000,0.0000,0.0000,0.0000,0.0000,-0.0015,-0.2618,-0.2638,-3.1204,0.0000,0.0000,-1.7329
1791282234.0022,0.0201,1.0461,0.0000,0.0000,0.0000,0.0000,0.0000,0.0000,0.0000,-0.0015,-0.2618,-0.2638,-3.1204,0.0000,0.0000,-1.7331
1791282234.0232,0.0211,1.9554,0.0000,0.0000,0.0000,0.0000,0.0000,0.0000,0.0000,-0.0015,-0.2618,-0.2638,-3.1203,0.0000,0.0000,-1.7329
1791282234.0424,0.0192,1.0878,0.0000,0.0000,0.0000,0.0000,0.0000,0.0000,0.0000,-0.0015,-0.2618,-0.2638,-3.1204,0.0000,0.0000,-1.7331
1791282234.0637,0.0213,0.4282,0.0000,0.0000,0.0000,0.0000,0.0000,0.0000,0.0000,-0.0015,-0.2618,-0.2638,-3.1204,0.0000,0.0000,-1.7329
1791282234.0822,0.0185,3.5120,0.0000,0.0000,0.0000,0.0000,0.0000,0.0000,0.0000,-0.0015,-0.2618,-0.2638,-3.1204,0.0000,0.0000,-1.7329
1791282234.1022,0.0200,1.1505,0.0000,0.0000,0.0000,0.0000,0.0000,0.0000,0.0000,-0.0015,-0.2618,-0.2638,-3.1204,0.0000,0.0000,-1.7331
1791282234.1230,0.0208,0.2980,0.0000,0.0000,0.0000,0.0000,0.0000,0.0000,0.0000,-0.0015,-0.2618,-0.2638,-3.1204,0.0000,0.0000,-1.7329
1791282234.1447,0.0217,0.4006,0.0000,0.0000,0.0000,0.0000,0.0000,0.0000,0.0000,-0.0015,-0.2618,-0.2638,-3.1204,0.0000,0.0000,-1.7331
1791282234.1621,0.0174,0.3923,0.0000,0.0000,0.0000,0.0000,0.0000,0.0000,0.0000,-0.0015,-0.2618,-0.2638,-3.1204,0.0000,0.0000,-1.7331
1791282234.1821,0.0200,0.3983,0.0000,0.0000,0.0000,0.0000,0.0000,0.0000,0.0000,-0.0015,-0.2618,-0.2638,-3.1204,0.0000,0.0000,-1.7331
1791282234.2022,0.0201,0.5348,0.0000,0.0000,0.0000,0.0000,0.0000,0.0000,0.0000,-0.0015,-0.2618,-0.2638,-3.1204,0.0000,0.0000,-1.7331
1791282234.2223,0.0201,1.1618,0.0000,0.0000,0.0000,0.0000,0.0000,0.0000,0.0000,-0.0015,-0.2618,-0.2623,-3.1204,0.0000,0.0000,-1.7331
1791282234.2423,0.0199,0.9214,0.0000,0.0000,0.0000,0.0000,0.0000,0.0000,0.0000,-0.0015,-0.2618,-0.2638,-3.1204,0.0000,0.0000,-1.7329
1791282234.2628,0.0206,0.5969,0.0000,0.0000,0.0000,0.0000,0.0000,0.0000,0.0000,-0.0015,-0.2618,-0.2638,-3.1204,0.0000,0.0000,-1.7329
1791282234.2829,0.0200,0.4831,0.0000,0.0000,0.0000,0.0000,0.0000,0.0000,0.0000,-0.0015,-0.2618,-0.2638,-3.1204,0.0000,0.0000,-1.7331
1791282234.3023,0.0194,2.1963,0.0000,0.0000,0.0000,0.0000,0.0000,0.0000,0.0000,-0.0015,-0.2618,-0.2638,-3.1203,0.0000,0.0000,-1.7331
1791282234.3239,0.0217,0.2962,0.0000,0.0000,0.0000,0.0000,0.0000,0.0000,0.0000,-0.0015,-0.2618,-0.2638,-3.1204,0.0000,0.0000,-1.7331
1791282234.3438,0.0199,0.9282,0.0000,0.0000,0.0000,0.0000,0.0000,0.0000,0.0000,-0.0015,-0.2618,-0.2623,-3.1204,0.0000,0.0000,-1.7331
1791282234.3621,0.0183,0.4708,0.0000,0.0000,0.0000,0.0000,0.0000,0.0000,0.0000,-0.0015,-0.2618,-0.2638,-3.1204,0.0000,0.0000,-1.7329
1791282234.3822,0.0201,0.9132,0.0000,0.0000,0.0000,0.0000,0.0000,0.0000,0.0000,-0.0015,-0.2618,-0.2638,-3.1204,0.0000,0.0000,-1.7331
1791282234.4040,0.0217,0.4036,0.0000,0.0000,0.0000,0.0000,0.0000,0.0000,0.0000,-0.0015,-0.2618,-0.2638,-3.1204,0.0000,0.0000,-1.7331
1791282234.4230,0.0190,0.3313,0.0000,0.0000,0.0000,0.0000,0.0000,0.0000,0.0000,-0.0015,-0.2618,-0.2638,-3.1203,0.0000,0.0000,-1.7329
1791282234.4423,0.0194,0.9715,0.0000,0.0000,0.0000,0.0000,0.0000,0.0000,0.0000,-0.0015,-0.2618,-0.2638,-3.1205,0.0000,0.0000,-1.7331
1791282234.4622,0.0199,0.4133,0.0000,0.0000,0.0000,0.0000,0.0000,0.0000,0.0000,-0.0015,-0.2618,-0.2638,-3.1204,0.0000,0.0000,-1.7331
1791282234.4821,0.0199,0.6856,0.0000,0.0000,0.0000,0.0000,0.0000,0.0000,0.0000,-0.0015,-0.2618,-0.2638,-3.1205,0.0000,0.0000,-1.7329
1791282234.5023,0.0202,1.4896,0.0000,0.0000,0.0000,0.0000,0.0000,0.0000,0.0000,-0.0015,-0.2618,-0.2638,-3.1204,0.0000,0.0000,-1.7329
1791282234.5250,0.0227,0.4014,0.0000,0.0000,0.0000,0.0000,0.0000,0.0000,0.0000,-0.0015,-0.2618,-0.2638,-3.1204,0.0000,0.0000,-1.7329
1791282234.5421,0.0171,0.5818,0.0000,0.0000,0.0000,0.0000,0.0000,0.0000,0.0000,-0.0015,-0.2618,-0.2638,-3.1205,0.0000,0.0000,-1.7329
1791282234.5622,0.0202,0.5719,0.0000,0.0000,0.0000,0.0000,0.0000,0.0000,0.0000,-0.0015,-0.2618,-0.2638,-3.1205,0.0000,0.0000,-1.7331
1791282234.5823,0.0201,1.6429,0.0000,0.0000,0.0000,0.0000,0.0000,0.0000,0.0000,-0.0015,-0.2618,-0.2638,-3.1205,0.0000,0.0000,-1.7329
1791282234.6020,0.0197,0.4013,0.0000,0.0000,0.0000,0.0000,0.0000,0.0000,0.0000,-0.0015,-0.2618,-0.2638,-3.1205,0.0000,0.0000,-1.7331
1791282234.6233,0.0212,0.3295,0.0000,0.0000,0.0000,0.0000,0.0000,0.0000,0.0000,-0.0015,-0.2618,-0.2638,-3.1205,0.0000,0.0000,-1.7329
1791282234.6432,0.0200,0.7611,0.0000,0.0000,0.0000,0.0000,0.0000,0.0000,0.0000,-0.0015,-0.2618,-0.2638,-3.1204,0.0000,0.0000,-1.7329
1791282234.6627,0.0195,1.7214,0.0000,0.0000,0.0000,0.0000,0.0000,0.0000,0.0000,-0.0015,-0.2618,-0.2638,-3.1204,0.0000,0.0000,-1.7329
1791282234.6823,0.0195,0.6828,0.0000,0.0000,0.0000,0.0000,0.0000,0.0000,0.0000,-0.0015,-0.2618,-0.2638,-3.1204,0.0000,0.0000,-1.7329
1791282234.7022,0.0199,0.9915,0.0000,0.0000,0.0000,0.0000,0.0000,0.0000,0.0000,-0.0015,-0.2618,-0.2638,-3.1204,0.0000,0.0000,-1.7329
1791282234.7226,0.0204,1.0254,0.0000,0.0000,0.0000,0.0000,0.0000,0.0000,0.0000,-0.0015,-0.2618,-0.2638,-3.1204,0.0000,0.0000,-1.7329
1791282234.7421,0.0195,1.8247,0.0000,0.0000,0.0000,0.0000,0.0000,0.0000,0.0000,-0.0015,-0.2618,-0.2638,-3.1204,0.0000,0.0000,-1.7331
1791282234.7630,0.0210,2.9175,0.0000,0.0000,0.0000,0.0000,0.0000,0.0000,0.0000,-0.0015,-0.2618,-0.2638,-3.1204,0.0000,0.0000,-1.7329
1791282234.7822,0.0192,3.5536,0.0000,0.0000,0.0000,0.0000,0.0000,0.0000,0.0000,-0.0015,-0.2618,-0.2638,-3.1205,0.0000,0.0000,-1.7329
1791282234.8022,0.0200,3.5386,0.0000,0.0000,0.0000,0.0000,0.0000,0.0000,0.0000,-0.0015,-0.2618,-0.2638,-3.1204,0.0000,0.0000,-1.7331
1791282234.8227,0.0205,0.7538,0.0000,0.0000,0.0000,0.0000,0.0000,0.0000,0.0000,-0.0015,-0.2618,-0.2638,-3.1204,0.0000,0.0000,-1.7329
1791282234.8421,0.0194,0.7828,0.0000,0.0000,0.0000,0.0000,0.0000,0.0000,0.0000,-0.0015,-0.2618,-0.2638,-3.1205,0.0000,0.0000,-1.7329
1791282234.8627,0.0206,0.3995,0.0000,0.0000,0.0000,0.0000,0.0000,0.0000,0.0000,-0.0015,-0.2618,-0.2638,-3.1204,0.0000,0.0000,-1.7329
1791282234.8820,0.0194,0.3905,0.0000,0.0000,0.0000,0.0000,0.0000,0.0000,0.0000,-0.0015,-0.2618,-0.2623,-3.1204,0.0000,0.0000,-1.7329
1791282234.9022,0.0201,0.4513,0.0000,0.0000,0.0000,0.0000,0.0000,0.0000,0.0000,-0.0015,-0.2618,-0.2623,-3.1205,0.0000,0.0000,-1.7329
1791282234.9224,0.0202,0.3579,0.0000,0.0000,0.0000,0.0000,0.0000,0.0000,0.0000,-0.0015,-0.2618,-0.2638,-3.1204,0.0000,0.0000,-1.7331
1791282234.9437,0.0214,0.4416,0.0000,0.0000,0.0000,0.0000,0.0000,0.0000,0.0000,-0.0015,-0.2618,-0.2638,-3.1204,0.0000,0.0000,-1.7329
1791282234.9621,0.0184,0.5278,0.0000,0.0000,0.0000,0.0000,0.0000,0.0000,0.0000,-0.0015,-0.2618,-0.2638,-3.1204,0.0000,0.0000,-1.7331
1791282234.9821,0.0199,0.4374,0.0000,0.0000,0.0000,0.0000,0.0000,0.0000,0.0000,-0.0015,-0.2618,-0.2638,-3.1204,0.0000,0.0000,-1.7331
1791282235.0021,0.0200,0.5242,0.0000,0.0000,0.0000,0.0000,0.0000,0.0000,0.0000,-0.0015,-0.2618,-0.2638,-3.1204,0.0000,0.0000,-1.7329
1791282235.0230,0.0208,0.3023,0.0000,0.0000,0.0000,0.0000,0.0000,0.0000,0.0000,-0.0015,-0.2618,-0.2638,-3.1204,0.0000,0.0000,-1.7329
1791282235.0439,0.0209,0.7516,0.0000,0.0000,0.0000,0.0000,0.0000,0.0000,0.0000,-0.0015,-0.2618,-0.2638,-3.1203,0.0000,0.0000,-1.7331
1791282235.0622,0.0183,0.6220,0.0000,0.0000,0.0000,0.0000,0.0000,0.0000,0.0000,-0.0031,-0.2618,-0.2638,-3.1204,0.0000,0.0000,-1.7329
1791282235.0821,0.0199,0.4601,0.0000,0.0000,0.0000,0.0000,0.0000,0.0000,0.0000,-0.0015,-0.2618,-0.2638,-3.1204,0.0000,0.0000,-1.7329
1791282235.1027,0.0206,0.4279,0.0000,0.0000,0.0000,0.0000,0.0000,0.0000,0.0000,-0.0015,-0.2618,-0.2638,-3.1204,0.0000,0.0000,-1.7331
1791282235.1231,0.0204,0.2828,0.0000,0.0000,0.0000,0.0000,0.0000,0.0000,0.0000,-0.0015,-0.2618,-0.2638,-3.1204,0.0000,0.0000,-1.7329
1791282235.1431,0.0200,2.6731,0.0000,0.0000,0.0000,0.0000,0.0000,0.0000,0.0000,-0.0015,-0.2618,-0.2638,-3.1205,0.0000,0.0000,-1.7329
1791282235.1622,0.0191,0.6715,0.0000,0.0000,0.0000,0.0000,0.0000,0.0000,0.0000,-0.0015,-0.2618,-0.2638,-3.1205,0.0000,0.0000,-1.7329
1791282235.1822,0.0200,2.1905,0.0000,0.0000,0.0000,0.0000,0.0000,0.0000,0.0000,-0.0015,-0.2618,-0.2638,-3.1204,0.0000,0.0000,-1.7329
1791282235.2021,0.0199,0.5012,0.0000,0.0000,0.0000,0.0000,0.0000,0.0000,0.0000,-0.0015,-0.2618,-0.2638,-3.1204,0.0000,0.0000,-1.7331
1791282235.2229,0.0208,0.2651,0.0000,0.0000,0.0000,0.0000,0.0000,0.0000,0.0000,-0.0015,-0.2618,-0.2638,-3.1204,0.0000,0.0000,-1.7329
1791282235.2431,0.0202,0.9683,0.0000,0.0000,0.0000,0.0000,0.0000,0.0000,0.0000,-0.0015,-0.2618,-0.2638,-3.1205,0.0000,0.0000,-1.7329
1791282235.2624,0.0193,3.2917,0.0000,0.0000,0.0000,0.0000,0.0000,0.0000,0.0000,-0.0015,-0.2618,-0.2638,-3.1205,0.0000,0.0000,-1.7329
1791282235.2821,0.0197,0.4168,0.0000,0.0000,0.0000,0.0000,0.0000,0.0000,0.0000,-0.0015,-0.2618,-0.2638,-3.1204,0.0000,0.0000,-1.7329
1791282235.3022,0.0201,0.9908,0.0000,0.0000,0.0000,0.0000,0.0000,0.0000,0.0000,-0.0015,-0.2618,-0.2638,-3.1205,0.0000,0.0000,-1.7331
1791282235.3226,0.0204,0.2627,0.0000,0.0000,0.0000,0.0000,0.0000,0.0000,0.0000,-0.0015,-0.2618,-0.2638,-3.1205,0.0000,0.0000,-1.7329
1791282235.3422,0.0196,0.8546,0.0000,0.0000,0.0000,0.0000,0.0000,0.0000,0.0000,-0.0015,-0.2618,-0.2638,-3.1205,0.0000,0.0000,-1.7329
1791282235.3622,0.0200,0.5559,0.0000,0.0000,0.0000,0.0000,0.0000,0.0000,0.0000,-0.0015,-0.2618,-0.2638,-3.1204,0.0000,0.0000,-1.7331
1791282235.3829,0.0207,0.4371,0.0000,0.0000,0.0000,0.0000,0.0000,0.0000,0.0000,-0.0015,-0.2618,-0.2638,-3.1205,0.0000,0.0000,-1.7329
1791282235.4023,0.0194,0.4496,0.0000,0.0000,0.0000,0.0000,0.0000,0.0000,0.0000,-0.0015,-0.2618,-0.2638,-3.1204,0.0000,0.0000,-1.7329
1791282235.4229,0.0206,0.2600,0.0000,0.0000,0.0000,0.0000,0.0000,0.0000,0.0000,-0.0015,-0.2618,-0.2638,-3.1204,0.0000,0.0000,-1.7329
1791282235.4426,0.0197,1.3217,0.0000,0.0000,0.0000,0.0000,0.0000,0.0000,0.0000,-0.0015,-0.2618,-0.2623,-3.1204,0.0000,0.0000,-1.7329
1791282235.4622,0.0196,0.4566,0.0000,0.0000,0.0000,0.0000,0.0000,0.0000,0.0000,-0.0015,-0.2618,-0.2638,-3.1204,0.0000,0.0000,-1.7329
1791282235.4821,0.0199,0.5367,0.0000,0.0000,0.0000,0.0000,0.0000,0.0000,0.0000,-0.0015,-0.2618,-0.2638,-3.1204,0.0000,0.0000,-1.7329
1791282235.5021,0.0200,0.7731,0.0000,0.0000,0.0000,0.0000,0.0000,0.0000,0.0000,-0.0015,-0.2618,-0.2638,-3.1204,0.0000,0.0000,-1.7329
1791282235.5234,0.0212,0.3447,0.0000,0.0000,0.0000,0.0000,0.0000,0.0000,0.0000,-0.0015,-0.2618,-0.2638,-3.1204,0.0000,0.0000,-1.7329
1791282235.5427,0.0193,0.4024,0.0000,0.0000,0.0000,0.0000,0.0000,0.0000,0.0000,-0.0015,-0.2618,-0.2638,-3.1204,0.0000,0.0000,-1.7329
1791282235.5625,0.0198,0.5752,0.0000,0.0000,0.0000,0.0000,0.0000,0.0000,0.0000,-0.0015,-0.2618,-0.2638,-3.1204,0.0000,0.0000,-1.7329
1791282235.5827,0.0202,0.4031,0.0000,0.0000,0.0000,0.0000,0.0000,0.0000,0.0000,-0.0015,-0.2618,-0.2638,-3.1205,0.0000,0.0000,-1.7329
1791282235.6020,0.0194,0.4072,0.0000,0.0000,0.0000,0.0000,0.0000,0.0000,0.0000,-0.0015,-0.2618,-0.2638,-3.1205,0.0000,0.0000,-1.7329
1791282235.6255,0.0234,1.5739,0.0000,0.0000,0.0000,0.0000,0.0000,0.0000,0.0000,-0.0015,-0.2618,-0.2638,-3.1205,0.0000,0.0000,-1.7329
1791282235.6448,0.0193,0.6177,0.0000,0.0000,0.0000,0.0000,0.0000,0.0000,0.0000,-0.0015,-0.2618,-0.2638,-3.1204,0.0000,0.0000,-1.7329
1791282235.6624,0.0176,0.5928,0.0000,0.0000,0.0000,0.0000,0.0000,0.0000,0.0000,-0.0015,-0.2618,-0.2638,-3.1204,0.0000,0.0000,-1.7329
1791282235.6823,0.0199,1.1883,0.0000,0.0000,0.0000,0.0000,0.0000,0.0000,0.0000,-0.0015,-0.2618,-0.2638,-3.1204,0.0000,0.0000,-1.7329
1791282235.7023,0.0200,1.3577,0.0000,0.0000,0.0000,0.0000,0.0000,0.0000,0.0000,-0.0015,-0.2618,-0.2638,-3.1204,0.0000,0.0000,-1.7329
1791282235.7241,0.0219,0.3377,0.0000,0.0000,0.0000,0.0000,0.0000,0.0000,0.0000,-0.0015,-0.2618,-0.2638,-3.1204,0.0000,0.0000,-1.7329
1791282235.7421,0.0179,0.3966,0.0000,0.0000,0.0000,0.0000,0.0000,0.0000,0.0000,-0.0015,-0.2618,-0.2623,-3.1204,0.0000,0.0000,-1.7329
1791282235.7621,0.0201,1.6332,0.0000,0.0000,0.0000,0.0000,0.0000,0.0000,0.0000,-0.0015,-0.2618,-0.2623,-3.1204,0.0000,0.0000,-1.7329
1791282235.7823,0.0202,0.7852,0.0000,0.0000,0.0000,0.0000,0.0000,0.0000,0.0000,-0.0015,-0.2618,-0.2638,-3.1204,0.0000,0.0000,-1.7329
1791282235.8026,0.0203,0.4032,0.0000,0.0000,0.0000,0.0000,0.0000,0.0000,0.0000,-0.0015,-0.2618,-0.2623,-3.1204,0.0000,0.0000,-1.7329
1791282235.8230,0.0204,0.2658,0.0000,0.0000,0.0000,0.0000,0.0000,0.0000,0.0000,-0.0015,-0.2618,-0.2638,-3.1204,0.0000,0.0000,-1.7329
1791282235.8421,0.0191,0.7580,0.0000,0.0000,0.0000,0.0000,0.0000,0.0000,0.0000,-0.0015,-0.2618,-0.2638,-3.1204,0.0000,0.0000,-1.7329
1791282235.8621,0.0200,0.4982,0.0000,0.0000,0.0000,0.0000,0.0000,0.0000,0.0000,-0.0015,-0.2618,-0.2638,-3.1204,0.0000,0.0000,-1.7329
1791282235.8825,0.0204,3.5432,0.0000,0.0000,0.0000,0.0000,0.0000,0.0000,0.0000,-0.0015,-0.2618,-0.2638,-3.1204,0.0000,0.0000,-1.7329
1791282235.9027,0.0202,1.0770,0.0000,0.0000,0.0000,0.0000,0.0000,0.0000,0.0000,-0.0015,-0.2618,-0.2638,-3.1204,0.0000,0.0000,-1.7329
1791282235.9227,0.0200,0.3964,0.0000,0.0000,0.0000,0.0000,0.0000,0.0000,0.0000,-0.0015,-0.2618,-0.2638,-3.1204,0.0000,0.0000,-1.7329
1791282235.9421,0.0193,0.5184,0.0000,0.0000,0.0000,0.0000,0.0000,0.0000,0.0000,-0.0015,-0.2618,-0.2638,-3.1205,0.0000,0.0000,-1.7329
1791282235.9627,0.0206,0.4971,0.0000,0.0000,0.0000,0.0000,0.0000,0.0000,0.0000,-0.0015,-0.2618,-0.2638,-3.1204,0.0000,0.0000,-1.7329
1791282235.9833,0.0206,0.4397,0.0000,0.0000,0.0000,0.0000,0.0000,0.0000,0.0000,-0.0015,-0.2618,-0.2638,-3.1204,0.0000,0.0000,-1.7329
1791282236.0020,0.0187,0.3876,0.0000,0.0000,0.0000,0.0000,0.0000,0.0000,0.0000,-0.0015,-0.2618,-0.2638,-3.1204,0.0000,0.0000,-1.7329
1791282236.0231,0.0210,0.3101,0.0000,0.0000,0.0000,0.0000,0.0000,0.0000,0.0000,-0.0015,-0.2618,-0.2638,-3.1204,0.0000,0.0000,-1.7329
1791282236.0426,0.0196,2.6325,0.0000,0.0000,0.0000,0.0000,0.0000,0.0000,0.0000,-0.0015,-0.2618,-0.2638,-3.1204,0.0000,0.0000,-1.7331
1791282236.0621,0.0195,0.5055,0.0000,0.0000,0.0000,0.0000,0.0000,0.0000,0.0000,-0.0015,-0.2618,-0.2638,-3.1204,0.0000,0.0000,-1.7329
1791282236.0821,0.0200,0.4184,0.0000,0.0000,0.0000,0.0000,0.0000,0.0000,0.0000,-0.0015,-0.2618,-0.2638,-3.1204,0.0000,0.0000,-1.7329
1791282236.1022,0.0201,0.9601,0.0000,0.0000,0.0000,0.0000,0.0000,0.0000,0.0000,-0.0015,-0.2618,-0.2638,-3.1204,0.0000,0.0000,-1.7329
1791282236.1232,0.0209,0.3313,0.0000,0.0000,0.0000,0.0000,0.0000,0.0000,0.0000,-0.0015,-0.2618,-0.2638,-3.1204,0.0000,0.0000,-1.7329
1791282236.1424,0.0192,1.3166,0.0000,0.0000,0.0000,0.0000,0.0000,0.0000,0.0000,-0.0015,-0.2618,-0.2638,-3.1204,0.0000,0.0000,-1.7331
1791282236.1637,0.0213,0.4118,0.0000,0.0000,0.0000,0.0000,0.0000,0.0000,0.0000,-0.0015,-0.2618,-0.2638,-3.1204,0.0000,0.0000,-1.7329
1791282236.1823,0.0185,0.5475,0.0000,0.0000,0.0000,0.0000,0.0000,0.0000,0.0000,-0.0015,-0.2618,-0.2638,-3.1204,0.0000,0.0000,-1.7329
1791282236.2021,0.0198,0.6940,0.0000,0.0000,0.0000,0.0000,0.0000,0.0000,0.0000,-0.0015,-0.2618,-0.2638,-3.1203,0.0000,0.0000,-1.7329
1791282236.2247,0.0226,0.2989,0.0000,0.0000,0.0000,0.0000,0.0000,0.0000,0.0000,-0.0015,-0.2618,-0.2638,-3.1204,0.0000,0.0000,-1.7329
1791282236.2422,0.0175,0.9255,0.0000,0.0000,0.0000,0.0000,0.0000,0.0000,0.0000,-0.0015,-0.2618,-0.2638,-3.1204,0.0000,0.0000,-1.7329
1791282236.2636,0.0214,0.4283,0.0000,0.0000,0.0000,0.0000,0.0000,0.0000,0.0000,-0.0015,-0.2618,-0.2638,-3.1203,0.0000,0.0000,-1.7329
1791282236.2821,0.0185,0.8294,0.0000,0.0000,0.0000,0.0000,0.0000,0.0000,0.0000,-0.0015,-0.2618,-0.2638,-3.1204,0.0000,0.0000,-1.7329
1791282236.3022,0.0201,1.1365,0.0000,0.0000,0.0000,0.0000,0.0000,0.0000,0.0000,-0.0015,-0.2618,-0.2638,-3.1205,0.0000,0.0000,-1.7329
1791282236.3225,0.0202,0.3721,0.0000,0.0000,0.0000,0.0000,0.0000,0.0000,0.0000,-0.0015,-0.2618,-0.2638,-3.1204,0.0000,0.0000,-1.7329
1791282236.3447,0.0222,0.3988,0.0000,0.0000,0.0000,0.0000,0.0000,0.0000,0.0000,-0.0015,-0.2618,-0.2623,-3.1204,0.0000,0.0000,-1.7329
1791282236.3621,0.0174,0.4535,0.0000,0.0000,0.0000,0.0000,0.0000,0.0000,0.0000,-0.0015,-0.2618,-0.2638,-3.1204,0.0000,0.0000,-1.7331
1791282236.3820,0.0200,0.9457,0.0000,0.0000,0.0000,0.0000,0.0000,0.0000,0.0000,-0.0015,-0.2618,-0.2638,-3.1203,0.0000,0.0000,-1.7329
1791282236.4022,0.0202,0.9967,0.0000,0.0000,0.0000,0.0000,0.0000,0.0000,0.0000,-0.0015,-0.2618,-0.2638,-3.1204,0.0000,0.0000,-1.7329
1791282236.4224,0.0202,0.6731,0.0000,0.0000,0.0000,0.0000,0.0000,0.0000,0.0000,-0.0015,-0.2618,-0.2638,-3.1204,0.0000,0.0000,-1.7329
1791282236.4448,0.0224,3.5665,0.0000,0.0000,0.0000,0.0000,0.0000,0.0000,0.0000,-0.0015,-0.2618,-0.2638,-3.1204,0.0000,0.0000,-1.7329
1791282236.4621,0.0173,0.6024,0.0000,0.0000,0.0000,0.0000,0.0000,0.0000,0.0000,-0.0015,-0.2618,-0.2638,-3.1204,0.0000,0.0000,-1.7329
1791282236.4821,0.0200,0.5757,0.0000,0.0000,0.0000,0.0000,0.0000,0.0000,0.0000,-0.0015,-0.2618,-0.2638,-3.1203,0.0000,0.0000,-1.7329
1791282236.5021,0.0200,2.1266,0.0000,0.0000,0.0000,0.0000,0.0000,0.0000,0.0000,-0.0015,-0.2618,-0.2638,-3.1204,0.0000,0.0000,-1.7329
1791282236.5230,0.0208,0.3485,0.0000,0.0000,0.0000,0.0000,0.0000,0.0000,0.0000,-0.0015,-0.2618,-0.2638,-3.1204,0.0000,0.0000,-1.7331
1791282236.5421,0.0191,0.4623,0.0000,0.0000,0.0000,0.0000,0.0000,0.0000,0.0000,-0.0015,-0.2618,-0.2638,-3.1204,0.0000,0.0000,-1.7331
1791282236.5621,0.0200,0.4813,0.0000,0.0000,0.0000,0.0000,0.0000,0.0000,0.0000,-0.0015,-0.2618,-0.2623,-3.1204,0.0000,0.0000,-1.7329
1791282236.5824,0.0203,0.5645,0.0000,0.0000,0.0000,0.0000,0.0000,0.0000,0.0000,-0.0015,-0.2618,-0.2638,-3.1204,0.0000,0.0000,-1.7329
1791282236.6020,0.0196,0.4418,0.0000,0.0000,0.0000,0.0000,0.0000,0.0000,0.0000,-0.0015,-0.2618,-0.2638,-3.1203,0.0000,0.0000,-1.7329
1791282236.6223,0.0203,0.4232,0.0000,0.0000,0.0000,0.0000,0.0000,0.0000,0.0000,-0.0015,-0.2618,-0.2638,-3.1204,0.0000,0.0000,-1.7329
1791282236.6421,0.0198,0.6894,0.0000,0.0000,0.0000,0.0000,0.0000,0.0000,0.0000,-0.0015,-0.2618,-0.2638,-3.1204,0.0000,0.0000,-1.7329
1791282236.6622,0.0201,0.9450,0.0000,0.0000,0.0000,0.0000,0.0000,0.0000,0.0000,-0.0015,-0.2618,-0.2623,-3.1204,0.0000,0.0000,-1.7329
1791282236.6822,0.0200,0.4799,0.0000,0.0000,0.0000,0.0000,0.0000,0.0000,0.0000,-0.0015,-0.2618,-0.2638,-3.1204,0.0000,0.0000,-1.7329
1791282236.7021,0.0199,0.4596,0.0000,0.0000,0.0000,0.0000,0.0000,0.0000,0.0000,-0.0015,-0.2618,-0.2623,-3.1204,0.0000,0.0000,-1.7329
1791282236.7237,0.0217,0.3557,0.0000,0.0000,0.0000,0.0000,0.0000,0.0000,0.0000,-0.0015,-0.2618,-0.2638,-3.1204,0.0000,0.0000,-1.7329
1791282236.7430,0.0193,0.4699,0.0000,0.0000,0.0000,0.0000,0.0000,0.0000,0.0000,-0.0015,-0.2618,-0.2638,-3.1204,0.0000,0.0000,-1.7329
1791282236.7621,0.0190,0.4969,0.0000,0.0000,0.0000,0.0000,0.0000,0.0000,0.0000,-0.0015,-0.2618,-0.2638,-3.1204,0.0000,0.0000,-1.7329
1791282236.7820,0.0200,0.3998,0.0000,0.0000,0.0000,0.0000,0.0000,0.0000,0.0000,-0.0015,-0.2618,-0.2638,-3.1203,0.0000,0.0000,-1.7329
1791282236.8027,0.0207,0.4229,0.0000,0.0000,0.0000,0.0000,0.0000,0.0000,0.0000,-0.0015,-0.2618,-0.2638,-3.1203,0.0000,0.0000,-1.7329
1791282236.8230,0.0202,0.2939,0.0000,0.0000,0.0000,0.0000,0.0000,0.0000,0.0000,-0.0015,-0.2618,-0.2638,-3.1204,0.0000,0.0000,-1.7329
1791282236.8421,0.0192,0.5063,0.0000,0.0000,0.0000,0.0000,0.0000,0.0000,0.0000,-0.0015,-0.2618,-0.2638,-3.1204,0.0000,0.0000,-1.7331
1791282236.8623,0.0201,0.5058,0.0000,0.0000,0.0000,0.0000,0.0000,0.0000,0.0000,-0.0015,-0.2618,-0.2638,-3.1204,0.0000,0.0000,-1.7331
1791282236.8821,0.0198,0.8168,0.0000,0.0000,0.0000,0.0000,0.0000,0.0000,0.0000,-0.0015,-0.2618,-0.2638,-3.1204,0.0000,0.0000,-1.7331
1791282236.9022,0.0200,0.8776,0.0000,0.0000,0.0000,0.0000,0.0000,0.0000,0.0000,-0.0031,-0.2618,-0.2638,-3.1204,0.0000,0.0000,-1.7329
1791282236.9266,0.0245,0.7367,0.0000,0.0000,0.0000,0.0000,0.0000,0.0000,0.0000,-0.0015,-0.2618,-0.2623,-3.1204,0.0000,0.0000,-1.7329
1791282236.9422,0.0156,2.0467,0.0000,0.0000,0.0000,0.0000,0.0000,0.0000,0.0000,-0.0015,-0.2618,-0.2638,-3.1204,0.0000,0.0000,-1.7331
1791282236.9621,0.0198,0.8992,0.0000,0.0000,0.0000,0.0000,0.0000,0.0000,0.0000,-0.0015,-0.2618,-0.2638,-3.1204,0.0000,0.0000,-1.7329
1791282236.9821,0.0200,2.9679,0.0000,0.0000,0.0000,0.0000,0.0000,0.0000,0.0000,-0.0015,-0.2618,-0.2638,-3.1204,0.0000,0.0000,-1.7329
1791282237.0024,0.0203,4.7762,0.0000,0.0000,0.0000,0.0000,0.0000,0.0000,0.0000,-0.0015,-0.2618,-0.2638,-3.1203,0.0000,0.0000,-1.7331
1791282237.0224,0.0200,0.3259,0.0000,0.0000,0.0000,0.0000,0.0000,0.0000,0.0000,-0.0015,-0.2618,-0.2638,-3.1204,0.0000,0.0000,-1.7329
1791282237.0423,0.0200,3.7089,0.0000,0.0000,0.0000,0.0000,0.0000,0.0000,0.0000,-0.0015,-0.2618,-0.2638,-3.1204,0.0000,0.0000,-1.7329
1791282237.0622,0.0198,2.0855,0.0000,0.0000,0.0000,0.0000,0.0000,0.0000,0.0000,-0.0015,-0.2618,-0.2638,-3.1205,0.0000,0.0000,-1.7329
1791282237.0821,0.0199,2.0089,0.0000,0.0000,0.0000,0.0000,0.0000,0.0000,0.0000,-0.0015,-0.2618,-0.2638,-3.1203,0.0000,0.0000,-1.7329
1791282237.1025,0.0204,4.1844,0.0000,0.0000,0.0000,0.0000,0.0000,0.0000,0.0000,-0.0015,-0.2618,-0.2638,-3.1204,0.0000,0.0000,-1.7329
1791282237.1224,0.0199,0.2869,0.0000,0.0000,0.0000,0.0000,0.0000,0.0000,0.0000,-0.0015,-0.2618,-0.2638,-3.1203,0.0000,0.0000,-1.7331
1791282237.1438,0.0214,0.6358,0.0000,0.0000,0.0000,0.0000,0.0000,0.0000,0.0000,-0.0015,-0.2618,-0.2638,-3.1204,0.0000,0.0000,-1.7329
1791282237.1623,0.0184,0.9720,0.0000,0.0000,0.0000,0.0000,0.0000,0.0000,0.0000,-0.0015,-0.2618,-0.2638,-3.1205,0.0000,0.0000,-1.7331
1791282237.1823,0.0200,3.5205,0.0000,0.0000,0.0000,0.0000,0.0000,0.0000,0.0000,-0.0015,-0.2618,-0.2638,-3.1204,0.0000,0.0000,-1.7329
1791282237.2021,0.0198,0.4747,0.0000,0.0000,0.0000,0.0000,0.0000,0.0000,0.0000,-0.0015,-0.2618,-0.2638,-3.1204,0.0000,0.0000,-1.7329
1791282237.2231,0.0210,0.3031,0.0000,0.0000,0.0000,0.0000,0.0000,0.0000,0.0000,-0.0015,-0.2618,-0.2623,-3.1204,0.0000,0.0000,-1.7329
1791282237.2422,0.0191,0.7933,0.0000,0.0000,0.0000,0.0000,0.0000,0.0000,0.0000,-0.0015,-0.2618,-0.2638,-3.1204,0.0000,0.0000,-1.7329
1791282237.2621,0.0199,0.5012,0.0000,0.0000,0.0000,0.0000,0.0000,0.0000,0.0000,-0.0015,-0.2618,-0.2638,-3.1204,0.0000,0.0000,-1.7329
1791282237.2828,0.0206,0.4281,0.0000,0.0000,0.0000,0.0000,0.0000,0.0000,0.0000,-0.0015,-0.2618,-0.2623,-3.1204,0.0000,0.0000,-1.7329
1791282237.3028,0.0200,1.0499,0.0000,0.0000,0.0000,0.0000,0.0000,0.0000,0.0000,-0.0031,-0.2618,-0.2638,-3.1204,0.0000,0.0000,-1.7331
1791282237.3236,0.0208,0.3408,0.0000,0.0000,0.0000,0.0000,0.0000,0.0000,0.0000,-0.0015,-0.2618,-0.2638,-3.1203,0.0000,0.0000,-1.7329
1791282237.3421,0.0185,0.4285,0.0000,0.0000,0.0000,0.0000,0.0000,0.0000,0.0000,-0.0015,-0.2618,-0.2623,-3.1204,0.0000,0.0000,-1.7329
1791282237.3640,0.0219,1.0234,0.0000,0.0000,0.0000,0.0000,0.0000,0.0000,0.0000,-0.0015,-0.2618,-0.2638,-3.1203,0.0000,0.0000,-1.7331
1791282237.3822,0.0182,4.6503,0.0000,0.0000,0.0000,0.0000,0.0000,0.0000,0.0000,-0.0015,-0.2618,-0.2638,-3.1203,0.0000,0.0000,-1.7329
1791282237.4021,0.0199,0.4218,0.0000,0.0000,0.0000,0.0000,0.0000,0.0000,0.0000,-0.0015,-0.2618,-0.2638,-3.1204,0.0000,0.0000,-1.7329
1791282237.4224,0.0203,0.3311,0.0000,0.0000,0.0000,0.0000,0.0000,0.0000,0.0000,-0.0015,-0.2618,-0.2638,-3.1204,0.0000,0.0000,-1.7329
1791282237.4421,0.0197,0.4116,0.0000,0.0000,0.0000,0.0000,0.0000,0.0000,0.0000,-0.0015,-0.2618,-0.2638,-3.1204,0.0000,0.0000,-1.7329
1791282237.4621,0.0200,0.4598,0.0000,0.0000,0.0000,0.0000,0.0000,0.0000,0.0000,-0.0015,-0.2618,-0.2638,-3.1205,0.0000,0.0000,-1.7329
1791282237.4821,0.0200,0.4016,0.0000,0.0000,0.0000,0.0000,0.0000,0.0000,0.0000,-0.0015,-0.2618,-0.2638,-3.1203,0.0000,0.0000,-1.7329
1791282237.5028,0.0207,2.5354,0.0000,0.0000,0.0000,0.0000,0.0000,0.0000,0.0000,-0.0015,-0.2618,-0.2638,-3.1204,0.0000,0.0000,-1.7329
1791282237.5224,0.0196,0.3035,0.0000,0.0000,0.0000,0.0000,0.0000,0.0000,0.0000,-0.0015,-0.2618,-0.2638,-3.1204,0.0000,0.0000,-1.7329
1791282237.5421,0.0197,0.4121,0.0000,0.0000,0.0000,0.0000,0.0000,0.0000,0.0000,-0.0015,-0.2618,-0.2638,-3.1203,0.0000,0.0000,-1.7331
1791282237.5623,0.0202,1.5560,0.0000,0.0000,0.0000,0.0000,0.0000,0.0000,0.0000,-0.0015,-0.2618,-0.2638,-3.1203,0.0000,0.0000,-1.7329
1791282237.5828,0.0205,0.6159,0.0000,0.0000,0.0000,0.0000,0.0000,0.0000,0.0000,-0.0015,-0.2618,-0.2638,-3.1204,0.0000,0.0000,-1.7329
1791282237.6025,0.0198,1.8026,0.0000,0.0000,0.0000,0.0000,0.0000,0.0000,0.0000,-0.0015,-0.2618,-0.2638,-3.1204,0.0000,0.0000,-1.7329
1791282237.6230,0.0205,0.2665,0.0000,0.0000,0.0000,0.0000,0.0000,0.0000,0.0000,-0.0015,-0.2618,-0.2638,-3.1204,0.0000,0.0000,-1.7329
1791282237.6423,0.0193,1.3947,0.0000,0.0000,0.0000,0.0000,0.0000,0.0000,0.0000,-0.0015,-0.2618,-0.2638,-3.1203,0.0000,0.0000,-1.7329
1791282237.6621,0.0198,1.3495,0.0000,0.0000,0.0000,0.0000,0.0000,0.0000,0.0000,-0.0015,-0.2618,-0.2638,-3.1203,0.0000,0.0000,-1.7329
1791282237.6821,0.0200,0.4081,0.0000,0.0000,0.0000,0.0000,0.0000,0.0000,0.0000,-0.0015,-0.2618,-0.2638,-3.1204,0.0000,0.0000,-1.7329
1791282237.7023,0.0202,1.3818,0.0000,0.0000,0.0000,0.0000,0.0000,0.0000,0.0000,-0.0015,-0.2618,-0.2638,-3.1203,0.0000,0.0000,-1.7329
1791282237.7227,0.0205,0.2910,0.0000,0.0000,0.0000,0.0000,0.0000,0.0000,0.0000,-0.0015,-0.2618,-0.2638,-3.1203,0.0000,0.0000,-1.7329
1791282237.7421,0.0193,0.5059,0.0000,0.0000,0.0000,0.0000,0.0000,0.0000,0.0000,-0.0015,-0.2618,-0.2638,-3.1203,0.0000,0.0000,-1.7329
1791282237.7621,0.0200,1.4775,0.0000,0.0000,0.0000,0.0000,0.0000,0.0000,0.0000,-0.0015,-0.2618,-0.2638,-3.1203,0.0000,0.0000,-1.7329
1791282237.7822,0.0201,0.7533,0.0000,0.0000,0.0000,0.0000,0.0000,0.0000,0.0000,-0.0015,-0.2618,-0.2638,-3.1204,0.0000,0.0000,-1.7329
1791282237.8021,0.0200,0.8637,0.0000,0.0000,0.0000,0.0000,0.0000,0.0000,0.0000,-0.0015,-0.2618,-0.2638,-3.1204,0.0000,0.0000,-1.7329
1791282237.8260,0.0239,1.0605,0.0000,0.0000,0.0000,0.0000,0.0000,0.0000,0.0000,-0.0015,-0.2618,-0.2623,-3.1204,0.0000,0.0000,-1.7329
1791282237.8441,0.0181,1.6943,0.0000,0.0000,0.0000,0.0000,0.0000,0.0000,0.0000,-0.0015,-0.2618,-0.2638,-3.1203,0.0000,0.0000,-1.7329
1791282237.8628,0.0187,0.4198,0.0000,0.0000,0.0000,0.0000,0.0000,0.0000,0.0000,-0.0015,-0.2618,-0.2638,-3.1204,0.0000,0.0000,-1.7329
1791282237.8821,0.0193,2.8909,0.0000,0.0000,0.0000,0.0000,0.0000,0.0000,0.0000,-0.0015,-0.2618,-0.2638,-3.1204,0.0000,0.0000,-1.7329
1791282237.9027,0.0206,0.4247,0.0000,0.0000,0.0000,0.0000,0.0000,0.0000,0.0000,-0.0015,-0.2618,-0.2638,-3.1204,0.0000,0.0000,-1.7329
1791282237.9229,0.0202,0.3153,0.0000,0.0000,0.0000,0.0000,0.0000,0.0000,0.0000,-0.0015,-0.2618,-0.2638,-3.1204,0.0000,0.0000,-1.7329
1791282237.9423,0.0194,1.0764,0.0000,0.0000,0.0000,0.0000,0.0000,0.0000,0.0000,-0.0015,-0.2618,-0.2638,-3.1203,0.0000,0.0000,-1.7331
1791282237.9647,0.0225,0.4181,0.0000,0.0000,0.0000,0.0000,0.0000,0.0000,0.0000,-0.0015,-0.2618,-0.2638,-3.1203,0.0000,0.0000,-1.7329
1791282237.9831,0.0184,0.4175,0.0000,0.0000,0.0000,0.0000,0.0000,0.0000,0.0000,-0.0015,-0.2618,-0.2638,-3.1204,0.0000,0.0000,-1.7329
1791282238.0025,0.0194,0.6049,0.0000,0.0000,0.0000,0.0000,0.0000,0.0000,0.0000,-0.0015,-0.2618,-0.2638,-3.1204,0.0000,0.0000,-1.7329
1791282238.0233,0.0208,0.5165,0.0000,0.0000,0.0000,0.0000,0.0000,0.0000,0.0000,-0.0031,-0.2618,-0.2623,-3.1204,0.0000,0.0000,-1.7329
1791282238.0425,0.0192,0.9419,0.0000,0.0000,0.0000,0.0000,0.0000,0.0000,0.0000,-0.0015,-0.2618,-0.2638,-3.1203,0.0000,0.0000,-1.7329
1791282238.0627,0.0203,0.5040,0.0000,0.0000,0.0000,0.0000,0.0000,0.0000,0.0000,-0.0015,-0.2618,-0.2638,-3.1204,0.0000,0.0000,-1.7329
1791282238.0825,0.0198,0.4353,0.0000,0.0000,0.0000,0.0000,0.0000,0.0000,0.0000,-0.0015,-0.2618,-0.2638,-3.1204,0.0000,0.0000,-1.7329
1791282238.1021,0.0196,0.8425,0.0000,0.0000,0.0000,0.0000,0.0000,0.0000,0.0000,-0.0015,-0.2618,-0.2638,-3.1203,0.0000,0.0000,-1.7329
1791282238.1240,0.0219,0.2806,0.0000,0.0000,0.0000,0.0000,0.0000,0.0000,0.0000,-0.0015,-0.2618,-0.2638,-3.1204,0.0000,0.0000,-1.7329
1791282238.1421,0.0181,0.4216,0.0000,0.0000,0.0000,0.0000,0.0000,0.0000,0.0000,-0.0015,-0.2618,-0.2638,-3.1203,0.0000,0.0000,-1.7329
1791282238.1621,0.0200,0.5165,0.0000,0.0000,0.0000,0.0000,0.0000,0.0000,0.0000,-0.0015,-0.2618,-0.2638,-3.1204,0.0000,0.0000,-1.7329
1791282238.1828,0.0207,0.3540,0.0000,0.0000,0.0000,0.0000,0.0000,0.0000,0.0000,-0.0015,-0.2618,-0.2623,-3.1204,0.0000,0.0000,-1.7329
1791282238.2021,0.0194,0.3890,0.0000,0.0000,0.0000,0.0000,0.0000,0.0000,0.0000,-0.0015,-0.2618,-0.2638,-3.1204,0.0000,0.0000,-1.7329
1791282238.2250,0.0229,0.3127,0.0000,0.0000,0.0000,0.0000,0.0000,0.0000,0.0000,-0.0015,-0.2618,-0.2638,-3.1204,0.0000,0.0000,-1.7329
1791282238.2423,0.0173,1.9481,0.0000,0.0000,0.0000,0.0000,0.0000,0.0000,0.0000,-0.0015,-0.2618,-0.2638,-3.1204,0.0000,0.0000,-1.7329
1791282238.2627,0.0204,1.0250,0.0000,0.0000,0.0000,0.0000,0.0000,0.0000,0.0000,-0.0015,-0.2618,-0.2638,-3.1204,0.0000,0.0000,-1.7329
1791282238.2829,0.0202,0.5467,0.0000,0.0000,0.0000,0.0000,0.0000,0.0000,0.0000,-0.0015,-0.2618,-0.2638,-3.1204,0.0000,0.0000,-1.7329
1791282238.3021,0.0192,0.6233,0.0000,0.0000,0.0000,0.0000,0.0000,0.0000,0.0000,-0.0031,-0.2618,-0.2638,-3.1205,0.0000,0.0000,-1.7329
1791282238.3231,0.0210,0.3161,0.0000,0.0000,0.0000,0.0000,0.0000,0.0000,0.0000,-0.0015,-0.2618,-0.2638,-3.1204,0.0000,0.0000,-1.7329
1791282238.3420,0.0189,0.4421,0.0000,0.0000,0.0000,0.0000,0.0000,0.0000,0.0000,-0.0015,-0.2618,-0.2623,-3.1204,0.0000,0.0000,-1.7329
1791282238.3633,0.0212,0.5354,0.0000,0.0000,0.0000,0.0000,0.0000,0.0000,0.0000,-0.0015,-0.2618,-0.2638,-3.1204,0.0000,0.0000,-1.7331
1791282238.3824,0.0191,1.4205,0.0000,0.0000,0.0000,0.0000,0.0000,0.0000,0.0000,-0.0015,-0.2618,-0.2638,-3.1204,0.0000,0.0000,-1.7329
1791282238.4026,0.0201,0.3958,0.0000,0.0000,0.0000,0.0000,0.0000,0.0000,0.0000,-0.0015,-0.2618,-0.2638,-3.1204,0.0000,0.0000,-1.7329
1791282238.4223,0.0198,0.4267,0.0000,0.0000,0.0000,0.0000,0.0000,0.0000,0.0000,-0.0015,-0.2618,-0.2638,-3.1204,0.0000,0.0000,-1.7331
1791282238.4422,0.0199,1.0832,0.0000,0.0000,0.0000,0.0000,0.0000,0.0000,0.0000,-0.0015,-0.2618,-0.2638,-3.1204,0.0000,0.0000,-1.7329
1791282238.4626,0.0204,0.5948,0.0000,0.0000,0.0000,0.0000,0.0000,0.0000,0.0000,-0.0015,-0.2618,-0.2623,-3.1204,0.0000,0.0000,-1.7329
1791282238.4822,0.0196,2.0419,0.0000,0.0000,0.0000,0.0000,0.0000,0.0000,0.0000,-0.0015,-0.2618,-0.2638,-3.1203,0.0000,0.0000,-1.7329
1791282238.5068,0.0246,2.5098,0.0000,0.0000,0.0000,0.0000,0.0000,0.0000,0.0000,-0.0015,-0.2618,-0.2638,-3.1203,0.0000,0.0000,-1.7329
1791282238.5224,0.0156,0.3343,0.0000,0.0000,0.0000,0.0000,0.0000,0.0000,0.0000,-0.0015,-0.2618,-0.2638,-3.1203,0.0000,0.0000,-1.7329
1791282238.5421,0.0197,0.4702,0.0000,0.0000,0.0000,0.0000,0.0000,0.0000,0.0000,-0.0015,-0.2618,-0.2638,-3.1203,0.0000,0.0000,-1.7329
1791282238.5621,0.0200,0.4083,0.0000,0.0000,0.0000,0.0000,0.0000,0.0000,0.0000,-0.0015,-0.2618,-0.2638,-3.1204,0.0000,0.0000,-1.7329
1791282238.5822,0.0201,0.8322,0.0000,0.0000,0.0000,0.0000,0.0000,0.0000,0.0000,-0.0015,-0.2618,-0.2638,-3.1204,0.0000,0.0000,-1.7329
1791282238.6027,0.0205,0.5081,0.0000,0.0000,0.0000,0.0000,0.0000,0.0000,0.0000,-0.0015,-0.2618,-0.2638,-3.1204,0.0000,0.0000,-1.7329
1791282238.6251,0.0223,0.3027,0.0000,0.0000,0.0000,0.0000,0.0000,0.0000,0.0000,-0.0015,-0.2618,-0.2638,-3.1204,0.0000,0.0000,-1.7331
1791282238.6422,0.0171,1.1642,0.0000,0.0000,0.0000,0.0000,0.0000,0.0000,0.0000,-0.0015,-0.2618,-0.2638,-3.1204,0.0000,0.0000,-1.7329
1791282238.6621,0.0200,0.9923,0.0000,0.0000,0.0000,0.0000,0.0000,0.0000,0.0000,-0.0015,-0.2618,-0.2623,-3.1203,0.0000,0.0000,-1.7329
1791282238.6822,0.0201,0.7423,0.0000,0.0000,0.0000,0.0000,0.0000,0.0000,0.0000,-0.0015,-0.2618,-0.2638,-3.1203,0.0000,0.0000,-1.7331
1791282238.7021,0.0199,0.5933,0.0000,0.0000,0.0000,0.0000,0.0000,0.0000,0.0000,-0.0015,-0.2618,-0.2638,-3.1203,0.0000,0.0000,-1.7329
1791282238.7254,0.0233,0.6576,0.0000,0.0000,0.0000,0.0000,0.0000,0.0000,0.0000,-0.0015,-0.2618,-0.2638,-3.1204,0.0000,0.0000,-1.7329
1791282238.7423,0.0169,0.5717,0.0000,0.0000,0.0000,0.0000,0.0000,0.0000,0.0000,-0.0015,-0.2618,-0.2638,-3.1203,0.0000,0.0000,-1.7331
1791282238.7628,0.0205,2.4014,0.0000,0.0000,0.0000,0.0000,0.0000,0.0000,0.0000,-0.0015,-0.2618,-0.2638,-3.1203,0.0000,0.0000,-1.7329
1791282238.7821,0.0193,2.9269,0.0000,0.0000,0.0000,0.0000,0.0000,0.0000,0.0000,-0.0015,-0.2618,-0.2638,-3.1204,0.0000,0.0000,-1.7329
1791282238.8021,0.0200,2.1196,0.0000,0.0000,0.0000,0.0000,0.0000,0.0000,0.0000,-0.0015,-0.2618,-0.2638,-3.1204,0.0000,0.0000,-1.7329
1791282238.8224,0.0203,2.5058,0.0000,0.0000,0.0000,0.0000,0.0000,0.0000,0.0000,-0.0015,-0.2618,-0.2638,-3.1203,0.0000,0.0000,-1.7329
1791282238.8422,0.0198,1.3970,0.0000,0.0000,0.0000,0.0000,0.0000,0.0000,0.0000,-0.0015,-0.2618,-0.2638,-3.1204,0.0000,0.0000,-1.7329
1791282238.8621,0.0200,1.0771,0.0000,0.0000,0.0000,0.0000,0.0000,0.0000,0.0000,-0.0015,-0.2618,-0.2638,-3.1203,0.0000,0.0000,-1.7329
1791282238.8823,0.0202,3.6595,0.0000,0.0000,0.0000,0.0000,0.0000,0.0000,0.0000,-0.0015,-0.2618,-0.2638,-3.1203,0.0000,0.0000,-1.7329
1791282238.9022,0.0199,0.9118,0.0000,0.0000,0.0000,0.0000,0.0000,0.0000,0.0000,-0.0015,-0.2618,-0.2638,-3.1204,0.0000,0.0000,-1.7329
1791282238.9231,0.0209,1.1988,0.0000,0.0000,0.0000,0.0000,0.0000,0.0000,0.0000,-0.0015,-0.2618,-0.2638,-3.1203,0.0000,0.0000,-1.7329
1791282238.9424,0.0193,1.8436,0.0000,0.0000,0.0000,0.0000,0.0000,0.0000,0.0000,-0.0015,-0.2618,-0.2623,-3.1203,0.0000,0.0000,-1.7329
1791282238.9634,0.0210,1.8579,0.0000,0.0000,0.0000,0.0000,0.0000,0.0000,0.0000,-0.0015,-0.2618,-0.2638,-3.1204,0.0000,0.0000,-1.7329
1791282238.9828,0.0194,2.2199,0.0000,0.0000,0.0000,0.0000,0.0000,0.0000,0.0000,-0.0015,-0.2618,-0.2623,-3.1203,0.0000,0.0000,-1.7329
1791282239.0025,0.0197,1.9314,0.0000,0.0000,0.0000,0.0000,0.0000,0.0000,0.0000,-0.0015,-0.2618,-0.2623,-3.1205,0.0000,0.0000,-1.7329
1791282239.0240,0.0214,0.2603,0.0000,0.0000,0.0000,0.0000,0.0000,0.0000,0.0000,-0.0015,-0.2618,-0.2623,-3.1204,0.0000,0.0000,-1.7329
1791282239.0421,0.0181,3.5834,0.0000,0.0000,0.0000,0.0000,0.0000,0.0000,0.0000,-0.0015,-0.2618,-0.2638,-3.1204,0.0000,0.0000,-1.7329
1791282239.0624,0.0204,1.7335,0.0000,0.0000,0.0000,0.0000,0.0000,0.0000,0.0000,-0.0015,-0.2618,-0.2638,-3.1203,0.0000,0.0000,-1.7329
1791282239.0821,0.0197,2.8850,0.0000,0.0000,0.0000,0.0000,0.0000,0.0000,0.0000,-0.0015,-0.2618,-0.2638,-3.1204,0.0000,0.0000,-1.7329
1791282239.1024,0.0203,5.5049,0.0000,0.0000,0.0000,0.0000,0.0000,0.0000,0.0000,-0.0015,-0.2618,-0.2638,-3.1203,0.0000,0.0000,-1.7329
1791282239.1251,0.0228,0.2691,0.0000,0.0000,0.0000,0.0000,0.0000,0.0000,0.0000,-0.0015,-0.2618,-0.2638,-3.1203,0.0000,0.0000,-1.7329
1791282239.1421,0.0169,3.9646,0.0000,0.0000,0.0000,0.0000,0.0000,0.0000,0.0000,-0.0015,-0.2618,-0.2638,-3.1204,0.0000,0.0000,-1.7329
1791282239.1637,0.0216,0.4337,0.0000,0.0000,0.0000,0.0000,0.0000,0.0000,0.0000,-0.0015,-0.2618,-0.2638,-3.1204,0.0000,0.0000,-1.7329
1791282239.1836,0.0199,4.1111,0.0000,0.0000,0.0000,0.0000,0.0000,0.0000,0.0000,-0.0015,-0.2618,-0.2638,-3.1203,0.0000,0.0000,-1.7329
1791282239.2022,0.0186,0.4096,0.0000,0.0000,0.0000,0.0000,0.0000,0.0000,0.0000,-0.0015,-0.2618,-0.2638,-3.1204,0.0000,0.0000,-1.7329
1791282239.2223,0.0202,0.6919,0.0000,0.0000,0.0000,0.0000,0.0000,0.0000,0.0000,-0.0015,-0.2618,-0.2638,-3.1203,0.0000,0.0000,-1.7331
1791282239.2423,0.0200,2.3954,0.0000,0.0000,0.0000,0.0000,0.0000,0.0000,0.0000,-0.0015,-0.2618,-0.2638,-3.1203,0.0000,0.0000,-1.7329
1791282239.2625,0.0202,0.9303,0.0000,0.0000,0.0000,0.0000,0.0000,0.0000,0.0000,-0.0015,-0.2618,-0.2638,-3.1204,0.0000,0.0000,-1.7329
1791282239.2821,0.0196,0.4042,0.0000,0.0000,0.0000,0.0000,0.0000,0.0000,0.0000,-0.0015,-0.2618,-0.2638,-3.1204,0.0000,0.0000,-1.7329
1791282239.3022,0.0202,0.7563,0.0000,0.0000,0.0000,0.0000,0.0000,0.0000,0.0000,-0.0015,-0.2618,-0.2638,-3.1204,0.0000,0.0000,-1.7329
1791282239.3226,0.0203,0.3216,0.0000,0.0000,0.0000,0.0000,0.0000,0.0000,0.0000,-0.0015,-0.2618,-0.2638,-3.1204,0.0000,0.0000,-1.7329
1791282239.3430,0.0204,0.4161,0.0000,0.0000,0.0000,0.0000,0.0000,0.0000,0.0000,-0.0015,-0.2618,-0.2623,-3.1204,0.0000,0.0000,-1.7329
1791282239.3621,0.0191,0.5760,0.0000,0.0000,0.0000,0.0000,0.0000,0.0000,0.0000,-0.0015,-0.2618,-0.2638,-3.1204,0.0000,0.0000,-1.7329
1791282239.3822,0.0201,1.1851,0.0000,0.0000,0.0000,0.0000,0.0000,0.0000,0.0000,-0.0015,-0.2618,-0.2638,-3.1203,0.0000,0.0000,-1.7329
1791282239.4020,0.0199,0.4637,0.0000,0.0000,0.0000,0.0000,0.0000,0.0000,0.0000,-0.0015,-0.2618,-0.2638,-3.1203,0.0000,0.0000,-1.7329
1791282239.4224,0.0203,0.3280,0.0000,0.0000,0.0000,0.0000,0.0000,0.0000,0.0000,-0.0015,-0.2618,-0.2638,-3.1204,0.0000,0.0000,-1.7329
1791282239.4427,0.0204,5.4908,0.0000,0.0000,0.0000,0.0000,0.0000,0.0000,0.0000,-0.0015,-0.2618,-0.2638,-3.1204,0.0000,0.0000,-1.7329
1791282239.4630,0.0203,2.0768,0.0000,0.0000,0.0000,0.0000,0.0000,0.0000,0.0000,-0.0015,-0.2618,-0.2638,-3.1204,0.0000,0.0000,-1.7329
1791282239.4821,0.0191,2.0190,0.0000,0.0000,0.0000,0.0000,0.0000,0.0000,0.0000,-0.0015,-0.2618,-0.2638,-3.1204,0.0000,0.0000,-1.7329
1791282239.5023,0.0202,1.2110,0.0000,0.0000,0.0000,0.0000,0.0000,0.0000,0.0000,-0.0015,-0.2618,-0.2638,-3.1203,0.0000,0.0000,-1.7329
1791282239.5225,0.0202,0.3760,0.0000,0.0000,0.0000,0.0000,0.0000,0.0000,0.0000,-0.0015,-0.2618,-0.2638,-3.1203,0.0000,0.0000,-1.7329
1791282239.5447,0.0223,0.3960,0.0000,0.0000,0.0000,0.0000,0.0000,0.0000,0.0000,-0.0031,-0.2618,-0.2638,-3.1203,0.0000,0.0000,-1.7329
1791282239.5621,0.0173,0.5040,0.0000,0.0000,0.0000,0.0000,0.0000,0.0000,0.0000,-0.0015,-0.2618,-0.2623,-3.1204,0.0000,0.0000,-1.7329
1791282239.5825,0.0204,0.9856,0.0000,0.0000,0.0000,0.0000,0.0000,0.0000,0.0000,-0.0015,-0.2618,-0.2638,-3.1203,0.0000,0.0000,-1.7329
1791282239.6027,0.0202,0.4544,0.0000,0.0000,0.0000,0.0000,0.0000,0.0000,0.0000,-0.0015,-0.2618,-0.2638,-3.1204,0.0000,0.0000,-1.7329
1791282239.6230,0.0203,0.8060,0.0000,0.0000,0.0000,0.0000,0.0000,0.0000,0.0000,-0.0015,-0.2618,-0.2638,-3.1203,0.0000,0.0000,-1.7329
1791282239.6421,0.0191,0.7636,0.0000,0.0000,0.0000,0.0000,0.0000,0.0000,0.0000,-0.0015,-0.2618,-0.2638,-3.1204,0.0000,0.0000,-1.7329
1791282239.6622,0.0200,0.8753,0.0000,0.0000,0.0000,0.0000,0.0000,0.0000,0.0000,-0.0015,-0.2618,-0.2638,-3.1203,0.0000,0.0000,-1.7329
1791282239.6821,0.0200,0.7547,0.0000,0.0000,0.0000,0.0000,0.0000,0.0000,0.0000,-0.0015,-0.2618,-0.2638,-3.1203,0.0000,0.0000,-1.7329
1791282239.7023,0.0202,0.7231,0.0000,0.0000,0.0000,0.0000,0.0000,0.0000,0.0000,-0.0015,-0.2618,-0.2638,-3.1203,0.0000,0.0000,-1.7329
1791282239.7231,0.0208,2.0932,0.0000,0.0000,0.0000,0.0000,0.0000,0.0000,0.0000,-0.0015,-0.2618,-0.2638,-3.1203,0.0000,0.0000,-1.7329
1791282239.7427,0.0197,0.4646,0.0000,0.0000,0.0000,0.0000,0.0000,0.0000,0.0000,-0.0015,-0.2618,-0.2623,-3.1204,0.0000,0.0000,-1.7329
1791282239.7623,0.0195,1.5770,0.0000,0.0000,0.0000,0.0000,0.0000,0.0000,0.0000,-0.0015,-0.2618,-0.2623,-3.1204,0.0000,0.0000,-1.7329
1791282239.7828,0.0205,2.9871,0.0000,0.0000,0.0000,0.0000,0.0000,0.0000,0.0000,-0.0015,-0.2618,-0.2638,-3.1204,0.0000,0.0000,-1.7329
1791282239.8020,0.0192,0.4059,0.0000,0.0000,0.0000,0.0000,0.0000,0.0000,0.0000,-0.0015,-0.2618,-0.2638,-3.1203,0.0000,0.0000,-1.7329
1791282239.8271,0.0250,0.3546,0.0000,0.0000,0.0000,0.0000,0.0000,0.0000,0.0000,-0.0015,-0.2618,-0.2638,-3.1203,0.0000,0.0000,-1.7329
1791282239.8421,0.0151,1.9083,0.0000,0.0000,0.0000,0.0000,0.0000,0.0000,0.0000,-0.0015,-0.2618,-0.2638,-3.1203,0.0000,0.0000,-1.7329
1791282239.8625,0.0203,1.7319,0.0000,0.0000,0.0000,0.0000,0.0000,0.0000,0.0000,-0.0015,-0.2618,-0.2638,-3.1204,0.0000,0.0000,-1.7329
1791282239.8837,0.0212,0.4011,0.0000,0.0000,0.0000,0.0000,0.0000,0.0000,0.0000,-0.0015,-0.2618,-0.2638,-3.1203,0.0000,0.0000,-1.7329
1791282239.9021,0.0185,0.8416,0.0000,0.0000,0.0000,0.0000,0.0000,0.0000,0.0000,-0.0015,-0.2618,-0.2638,-3.1203,0.0000,0.0000,-1.7329
1791282239.9233,0.0212,1.3179,0.0000,0.0000,0.0000,0.0000,0.0000,0.0000,0.0000,-0.0015,-0.2618,-0.2638,-3.1204,0.0000,0.0000,-1.7329
1791282239.9438,0.0205,0.4411,0.0000,0.0000,0.0000,0.0000,0.0000,0.0000,0.0000,-0.0015,-0.2618,-0.2638,-3.1203,0.0000,0.0000,-1.7329
1791282239.9627,0.0189,0.4033,0.0000,0.0000,0.0000,0.0000,0.0000,0.0000,0.0000,-0.0015,-0.2618,-0.2638,-3.1203,0.0000,0.0000,-1.7329
1791282239.9833,0.0206,1.1787,0.0000,0.0000,0.0000,0.0000,0.0000,0.0000,0.0000,-0.0015,-0.2618,-0.2638,-3.1203,0.0000,0.0000,-1.7331
1791282240.0021,0.0189,2.9007,0.0000,0.0000,0.0000,0.0000,0.0000,0.0000,0.0000,-0.0015,-0.2618,-0.2638,-3.1203,0.0000,0.0000,-1.7329
1791282240.0224,0.0203,0.3111,0.0000,0.0000,0.0000,0.0000,0.0000,0.0000,0.0000,-0.0015,-0.2618,-0.2638,-3.1203,0.0000,0.0000,-1.7329
1791282240.0423,0.0199,3.2801,0.0000,0.0000,0.0000,0.0000,0.0000,0.0000,0.0000,-0.0015,-0.2618,-0.2638,-3.1203,0.0000,0.0000,-1.7329
1791282240.0636,0.0213,0.4013,0.0000,0.0000,0.0000,0.0000,0.0000,0.0000,0.0000,-0.0015,-0.2618,-0.2638,-3.1204,0.0000,0.0000,-1.7329
1791282240.0837,0.0200,0.4179,0.0000,0.0000,0.0000,0.0000,0.0000,0.0000,0.0000,-0.0015,-0.2618,-0.2638,-3.1204,0.0000,0.0000,-1.7329
1791282240.1021,0.0184,0.6959,0.0000,0.0000,0.0000,0.0000,0.0000,0.0000,0.0000,-0.0015,-0.2618,-0.2638,-3.1203,0.0000,0.0000,-1.7329
1791282240.1224,0.0203,0.4087,0.0000,0.0000,0.0000,0.0000,0.0000,0.0000,0.0000,-0.0015,-0.2618,-0.2638,-3.1203,0.0000,0.0000,-1.7329
1791282240.1422,0.0198,0.6643,0.0000,0.0000,0.0000,0.0000,0.0000,0.0000,0.0000,-0.0015,-0.2618,-0.2623,-3.1204,0.0000,0.0000,-1.7329
1791282240.1623,0.0201,0.7143,0.0000,0.0000,0.0000,0.0000,0.0000,0.0000,0.0000,-0.0015,-0.2618,-0.2638,-3.1204,0.0000,0.0000,-1.7329
1791282240.1823,0.0200,1.0455,0.0000,0.0000,0.0000,0.0000,0.0000,0.0000,0.0000,-0.0015,-0.2618,-0.2638,-3.1203,0.0000,0.0000,-1.7329
1791282240.2023,0.0200,0.7375,0.0000,0.0000,0.0000,0.0000,0.0000,0.0000,0.0000,-0.0015,-0.2618,-0.2638,-3.1204,0.0000,0.0000,-1.7329
1791282240.2252,0.0229,1.2835,0.0000,0.0000,0.0000,0.0000,0.0000,0.0000,0.0000,-0.0015,-0.2618,-0.2638,-3.1204,0.0000,0.0000,-1.7329
1791282240.2421,0.0169,1.0768,0.0000,0.0000,0.0000,0.0000,0.0000,0.0000,0.0000,-0.0015,-0.2618,-0.2638,-3.1204,0.0000,0.0000,-1.7329
1791282240.2622,0.0201,0.5631,0.0000,0.0000,0.0000,0.0000,0.0000,0.0000,0.0000,-0.0015,-0.2618,-0.2638,-3.1203,0.0000,0.0000,-1.7329
1791282240.2837,0.0215,0.4224,0.0000,0.0000,0.0000,0.0000,0.0000,0.0000,0.0000,-0.0015,-0.2618,-0.2638,-3.1203,0.0000,0.0000,-1.7329
1791282240.3021,0.0184,1.1578,0.0000,0.0000,0.0000,0.0000,0.0000,0.0000,0.0000,-0.0015,-0.2618,-0.2638,-3.1204,0.0000,0.0000,-1.7329
1791282240.3224,0.0203,0.3241,0.0000,0.0000,0.0000,0.0000,0.0000,0.0000,0.0000,-0.0015,-0.2618,-0.2638,-3.1204,0.0000,0.0000,-1.7329
1791282240.3427,0.0203,0.4945,0.0000,0.0000,0.0000,0.0000,0.0000,0.0000,0.0000,-0.0015,-0.2618,-0.2638,-3.1204,0.0000,0.0000,-1.7329
1791282240.3637,0.0210,0.4330,0.0000,0.0000,0.0000,0.0000,0.0000,0.0000,0.0000,-0.0015,-0.2618,-0.2638,-3.1204,0.0000,0.0000,-1.7329
1791282240.3822,0.0186,0.9824,0.0000,0.0000,0.0000,0.0000,0.0000,0.0000,0.0000,-0.0015,-0.2618,-0.2638,-3.1204,0.0000,0.0000,-1.7329
1791282240.4022,0.0200,0.4402,0.0000,0.0000,0.0000,0.0000,0.0000,0.0000,0.0000,-0.0015,-0.2618,-0.2638,-3.1204,0.0000,0.0000,-1.7329
1791282240.4264,0.0242,0.7455,0.0000,0.0000,0.0000,0.0000,0.0000,0.0000,0.0000,-0.0015,-0.2618,-0.2638,-3.1203,0.0000,0.0000,-1.7329
1791282240.4427,0.0163,4.7979,0.0000,0.0000,0.0000,0.0000,0.0000,0.0000,0.0000,-0.0015,-0.2618,-0.2638,-3.1203,0.0000,0.0000,-1.7329
1791282240.4636,0.0209,0.3786,0.0000,0.0000,0.0000,0.0000,0.0000,0.0000,0.0000,-0.0015,-0.2618,-0.2638,-3.1203,0.0000,0.0000,-1.7329
1791282240.4821,0.0185,3.3589,0.0000,0.0000,0.0000,0.0000,0.0000,0.0000,0.0000,-0.0015,-0.2618,-0.2638,-3.1204,0.0000,0.0000,-1.7329
1791282240.5020,0.0199,0.4246,0.0000,0.0000,0.0000,0.0000,0.0000,0.0000,0.0000,-0.0015,-0.2618,-0.2638,-3.1204,0.0000,0.0000,-1.7329
1791282240.5225,0.0204,0.3108,0.0000,0.0000,0.0000,0.0000,0.0000,0.0000,0.0000,-0.0015,-0.2618,-0.2638,-3.1203,0.0000,0.0000,-1.7329
1791282240.5427,0.0203,0.4453,0.0000,0.0000,0.0000,0.0000,0.0000,0.0000,0.0000,-0.0015,-0.2618,-0.2638,-3.1203,0.0000,0.0000,-1.7329
1791282240.5621,0.0194,0.6493,0.0000,0.0000,0.0000,0.0000,0.0000,0.0000,0.0000,-0.0015,-0.2618,-0.2638,-3.1204,0.0000,0.0000,-1.7331
1791282240.5846,0.0225,0.4000,0.0000,0.0000,0.0000,0.0000,0.0000,0.0000,0.0000,-0.0015,-0.2618,-0.2638,-3.1203,0.0000,0.0000,-1.7331
1791282240.6020,0.0174,0.3425,0.0000,0.0000,0.0000,0.0000,0.0000,0.0000,0.0000,-0.0015,-0.2618,-0.2638,-3.1204,0.0000,0.0000,-1.7329
1791282240.6223,0.0203,0.3381,0.0000,0.0000,0.0000,0.0000,0.0000,0.0000,0.0000,-0.0015,-0.2618,-0.2638,-3.1203,0.0000,0.0000,-1.7331
1791282240.6421,0.0198,1.1542,0.0000,0.0000,0.0000,0.0000,0.0000,0.0000,0.0000,-0.0015,-0.2618,-0.2638,-3.1203,0.0000,0.0000,-1.7329
1791282240.6627,0.0205,1.7798,0.0000,0.0000,0.0000,0.0000,0.0000,0.0000,0.0000,-0.0015,-0.2618,-0.2638,-3.1204,0.0000,0.0000,-1.7329
1791282240.6821,0.0194,0.4457,0.0000,0.0000,0.0000,0.0000,0.0000,0.0000,0.0000,-0.0015,-0.2618,-0.2638,-3.1204,0.0000,0.0000,-1.7329
1791282240.7023,0.0202,1.0429,0.0000,0.0000,0.0000,0.0000,0.0000,0.0000,0.0000,-0.0015,-0.2618,-0.2638,-3.1204,0.0000,0.0000,-1.7329
1791282240.7230,0.0207,0.5749,0.0000,0.0000,0.0000,0.0000,0.0000,0.0000,0.0000,-0.0015,-0.2618,-0.2638,-3.1204,0.0000,0.0000,-1.7329
1791282240.7421,0.0191,0.5141,0.0000,0.0000,0.0000,0.0000,0.0000,0.0000,0.0000,-0.0015,-0.2618,-0.2623,-3.1203,0.0000,0.0000,-1.7329
1791282240.7621,0.0200,0.5235,0.0000,0.0000,0.0000,0.0000,0.0000,0.0000,0.0000,-0.0015,-0.2618,-0.2638,-3.1203,0.0000,0.0000,-1.7329
1791282240.7821,0.0200,0.7883,0.0000,0.0000,0.0000,0.0000,0.0000,0.0000,0.0000,-0.0015,-0.2618,-0.2638,-3.1203,0.0000,0.0000,-1.7329
1791282240.8021,0.0201,0.4428,0.0000,0.0000,0.0000,0.0000,0.0000,0.0000,0.0000,-0.0015,-0.2618,-0.2638,-3.1203,0.0000,0.0000,-1.7329
1791282240.8239,0.0218,0.3401,0.0000,0.0000,0.0000,0.0000,0.0000,0.0000,0.0000,-0.0015,-0.2618,-0.2638,-3.1203,0.0000,0.0000,-1.7329
1791282240.8422,0.0182,1.0294,0.0000,0.0000,0.0000,0.0000,0.0000,0.0000,0.0000,-0.0015,-0.2618,-0.2638,-3.1203,0.0000,0.0000,-1.7329
1791282240.8627,0.0205,0.4305,0.0000,0.0000,0.0000,0.0000,0.0000,0.0000,0.0000,-0.0015,-0.2618,-0.2638,-3.1204,0.0000,0.0000,-1.7329
1791282240.8821,0.0194,2.9909,0.0000,0.0000,0.0000,0.0000,0.0000,0.0000,0.0000,-0.0015,-0.2618,-0.2638,-3.1203,0.0000,0.0000,-1.7329
1791282240.9021,0.0200,0.9590,0.0000,0.0000,0.0000,0.0000,0.0000,0.0000,0.0000,-0.0015,-0.2618,-0.2638,-3.1205,0.0000,0.0000,-1.7329
1791282240.9236,0.0215,0.3293,0.0000,0.0000,0.0000,0.0000,0.0000,0.0000,0.0000,-0.0015,-0.2618,-0.2638,-3.1204,0.0000,0.0000,-1.7329
1791282240.9429,0.0193,1.0003,0.0000,0.0000,0.0000,0.0000,0.0000,0.0000,0.0000,-0.0015,-0.2618,-0.2638,-3.1204,0.0000,0.0000,-1.7329
1791282240.9621,0.0192,1.4370,0.0000,0.0000,0.0000,0.0000,0.0000,0.0000,0.0000,-0.0015,-0.2618,-0.2638,-3.1204,0.0000,0.0000,-1.7329
1791282240.9827,0.0207,3.2318,0.0000,0.0000,0.0000,0.0000,0.0000,0.0000,0.0000,-0.0015,-0.2618,-0.2638,-3.1204,0.0000,0.0000,-1.7329
1791282241.0020,0.0193,0.6470,0.0000,0.0000,0.0000,0.0000,0.0000,0.0000,0.0000,-0.0015,-0.2618,-0.2638,-3.1203,0.0000,0.0000,-1.7329
1791282241.0225,0.0204,0.9948,0.0000,0.0000,0.0000,0.0000,0.0000,0.0000,0.0000,-0.0015,-0.2618,-0.2638,-3.1204,0.0000,0.0000,-1.7329
1791282241.0422,0.0197,1.7614,0.0000,0.0000,0.0000,0.0000,0.0000,0.0000,0.0000,-0.0015,-0.2618,-0.2623,-3.1204,0.0000,0.0000,-1.7329
1791282241.0623,0.0200,1.4642,0.0000,0.0000,0.0000,0.0000,0.0000,0.0000,0.0000,-0.0015,-0.2618,-0.2638,-3.1204,0.0000,0.0000,-1.7329
1791282241.0827,0.0204,0.6432,0.0000,0.0000,0.0000,0.0000,0.0000,0.0000,0.0000,-0.0015,-0.2618,-0.2638,-3.1203,0.0000,0.0000,-1.7329
1791282241.1021,0.0195,3.0497,0.0000,0.0000,0.0000,0.0000,0.0000,0.0000,0.0000,-0.0015,-0.2618,-0.2638,-3.1203,0.0000,0.0000,-1.7329
1791282241.1231,0.0209,2.9314,0.0000,0.0000,0.0000,0.0000,0.0000,0.0000,0.0000,-0.0015,-0.2618,-0.2638,-3.1203,0.0000,0.0000,-1.7329
1791282241.1421,0.0190,3.8533,0.0000,0.0000,0.0000,0.0000,0.0000,0.0000,0.0000,-0.0015,-0.2618,-0.2638,-3.1203,0.0000,0.0000,-1.7329
1791282241.1622,0.0201,0.7016,0.0000,0.0000,0.0000,0.0000,0.0000,0.0000,0.0000,-0.0015,-0.2618,-0.2638,-3.1204,0.0000,0.0000,-1.7329
1791282241.1821,0.0199,1.9328,0.0000,0.0000,0.0000,0.0000,0.0000,0.0000,0.0000,-0.0015,-0.2618,-0.2638,-3.1203,0.0000,0.0000,-1.7329
1791282241.2021,0.0200,0.6849,0.0000,0.0000,0.0000,0.0000,0.0000,0.0000,0.0000,-0.0015,-0.2618,-0.2638,-3.1204,0.0000,0.0000,-1.7329
1791282241.2229,0.0208,0.3364,0.0000,0.0000,0.0000,0.0000,0.0000,0.0000,0.0000,-0.0015,-0.2618,-0.2638,-3.1204,0.0000,0.0000,-1.7329
1791282241.2421,0.0192,3.3024,0.0000,0.0000,0.0000,0.0000,0.0000,0.0000,0.0000,-0.0015,-0.2618,-0.2638,-3.1203,0.0000,0.0000,-1.7329
1791282241.2621,0.0200,0.6332,0.0000,0.0000,0.0000,0.0000,0.0000,0.0000,0.0000,-0.0015,-0.2618,-0.2638,-3.1203,0.0000,0.0000,-1.7329
1791282241.2821,0.0200,0.4332,0.0000,0.0000,0.0000,0.0000,0.0000,0.0000,0.0000,-0.0015,-0.2618,-0.2638,-3.1203,0.0000,0.0000,-1.7329
1791282241.3021,0.0200,0.9338,0.0000,0.0000,0.0000,0.0000,0.0000,0.0000,0.0000,-0.0015,-0.2618,-0.2623,-3.1203,0.0000,0.0000,-1.7329
1791282241.3228,0.0206,0.5567,0.0000,0.0000,0.0000,0.0000,0.0000,0.0000,0.0000,-0.0015,-0.2618,-0.2638,-3.1203,0.0000,0.0000,-1.7329
1791282241.3420,0.0193,0.4559,0.0000,0.0000,0.0000,0.0000,0.0000,0.0000,0.0000,-0.0015,-0.2618,-0.2638,-3.1203,0.0000,0.0000,-1.7329
1791282241.3621,0.0201,0.7890,0.0000,0.0000,0.0000,0.0000,0.0000,0.0000,0.0000,-0.0015,-0.2618,-0.2638,-3.1204,0.0000,0.0000,-1.7329
1791282241.3823,0.0201,1.3099,0.0000,0.0000,0.0000,0.0000,0.0000,0.0000,0.0000,-0.0015,-0.2618,-0.2638,-3.1204,0.0000,0.0000,-1.7329
1791282241.4023,0.0200,0.4936,0.0000,0.0000,0.0000,0.0000,0.0000,0.0000,0.0000,-0.0015,-0.2618,-0.2638,-3.1203,0.0000,0.0000,-1.7329
1791282241.4234,0.0211,0.3301,0.0000,0.0000,0.0000,0.0000,0.0000,0.0000,0.0000,-0.0015,-0.2618,-0.2623,-3.1203,0.0000,0.0000,-1.7329
1791282241.4428,0.0194,4.6202,0.0000,0.0000,0.0000,0.0000,0.0000,0.0000,0.0000,-0.0015,-0.2618,-0.2638,-3.1204,0.0000,0.0000,-1.7329
1791282241.4622,0.0194,0.5635,0.0000,0.0000,0.0000,0.0000,0.0000,0.0000,0.0000,-0.0015,-0.2618,-0.2638,-3.1203,0.0000,0.0000,-1.7329
1791282241.4827,0.0206,0.4377,0.0000,0.0000,0.0000,0.0000,0.0000,0.0000,0.0000,-0.0015,-0.2618,-0.2638,-3.1203,0.0000,0.0000,-1.7329
1791282241.5022,0.0194,0.4505,0.0000,0.0000,0.0000,0.0000,0.0000,0.0000,0.0000,-0.0015,-0.2618,-0.2638,-3.1204,0.0000,0.0000,-1.7329
1791282241.5241,0.0220,0.3237,0.0000,0.0000,0.0000,0.0000,0.0000,0.0000,0.0000,-0.0015,-0.2618,-0.2638,-3.1204,0.0000,0.0000,-1.7329
1791282241.5427,0.0185,0.4218,0.0000,0.0000,0.0000,0.0000,0.0000,0.0000,0.0000,-0.0031,-0.2618,-0.2638,-3.1204,0.0000,0.0000,-1.7329
1791282241.5627,0.0200,0.4568,0.0000,0.0000,0.0000,0.0000,0.0000,0.0000,0.0000,-0.0015,-0.2618,-0.2638,-3.1204,0.0000,0.0000,-1.7331
1791282241.5822,0.0195,0.7858,0.0000,0.0000,0.0000,0.0000,0.0000,0.0000,0.0000,-0.0015,-0.2618,-0.2638,-3.1204,0.0000,0.0000,-1.7329
1791282241.6039,0.0217,2.2001,0.0000,0.0000,0.0000,0.0000,0.0000,0.0000,0.0000,-0.0015,-0.2618,-0.2638,-3.1203,0.0000,0.0000,-1.7329
1791282241.6251,0.0212,0.2655,0.0000,0.0000,0.0000,0.0000,0.0000,0.0000,0.0000,-0.0015,-0.2618,-0.2638,-3.1203,0.0000,0.0000,-1.7331
1791282241.6421,0.0170,0.6341,0.0000,0.0000,0.0000,0.0000,0.0000,0.0000,0.0000,-0.0015,-0.2618,-0.2638,-3.1204,0.0000,0.0000,-1.7329
1791282241.6621,0.0200,0.6625,0.0000,0.0000,0.0000,0.0000,0.0000,0.0000,0.0000,-0.0015,-0.2618,-0.2638,-3.1203,0.0000,0.0000,-1.7331
1791282241.6821,0.0200,0.4348,0.0000,0.0000,0.0000,0.0000,0.0000,0.0000,0.0000,-0.0015,-0.2618,-0.2638,-3.1203,0.0000,0.0000,-1.7331
1791282241.7022,0.0201,0.9222,0.0000,0.0000,0.0000,0.0000,0.0000,0.0000,0.0000,-0.0015,-0.2618,-0.2638,-3.1203,0.0000,0.0000,-1.7329
1791282241.7236,0.0214,0.4059,0.0000,0.0000,0.0000,0.0000,0.0000,0.0000,0.0000,-0.0015,-0.2618,-0.2638,-3.1204,0.0000,0.0000,-1.7329
1791282241.7427,0.0191,0.3954,0.0000,0.0000,0.0000,0.0000,0.0000,0.0000,0.0000,-0.0015,-0.2618,-0.2623,-3.1203,0.0000,0.0000,-1.7329
1791282241.7623,0.0196,0.9355,0.0000,0.0000,0.0000,0.0000,0.0000,0.0000,0.0000,-0.0015,-0.2618,-0.2638,-3.1202,0.0000,0.0000,-1.7329
1791282241.7824,0.0201,1.9671,0.0000,0.0000,0.0000,0.0000,0.0000,0.0000,0.0000,-0.0015,-0.2618,-0.2638,-3.1203,0.0000,0.0000,-1.7329
1791282241.8023,0.0199,0.9493,0.0000,0.0000,0.0000,0.0000,0.0000,0.0000,0.0000,-0.0015,-0.2618,-0.2638,-3.1204,0.0000,0.0000,-1.7329
1791282241.8229,0.0206,0.3871,0.0000,0.0000,0.0000,0.0000,0.0000,0.0000,0.0000,-0.0015,-0.2618,-0.2638,-3.1203,0.0000,0.0000,-1.7329
1791282241.8421,0.0192,0.6318,0.0000,0.0000,0.0000,0.0000,0.0000,0.0000,0.0000,-0.0015,-0.2618,-0.2638,-3.1203,0.0000,0.0000,-1.7329
1791282241.8644,0.0223,0.5026,0.0000,0.0000,0.0000,0.0000,0.0000,0.0000,0.0000,-0.0015,-0.2618,-0.2638,-3.1203,0.0000,0.0000,-1.7331
1791282241.8821,0.0177,0.4206,0.0000,0.0000,0.0000,0.0000,0.0000,0.0000,0.0000,-0.0015,-0.2618,-0.2623,-3.1203,0.0000,0.0000,-1.7329
1791282241.9020,0.0200,0.3970,0.0000,0.0000,0.0000,0.0000,0.0000,0.0000,0.0000,-0.0015,-0.2618,-0.2638,-3.1203,0.0000,0.0000,-1.7329
1791282241.9228,0.0208,0.3200,0.0000,0.0000,0.0000,0.0000,0.0000,0.0000,0.0000,-0.0015,-0.2618,-0.2638,-3.1204,0.0000,0.0000,-1.7329
1791282241.9421,0.0192,0.3967,0.0000,0.0000,0.0000,0.0000,0.0000,0.0000,0.0000,-0.0015,-0.2618,-0.2638,-3.1203,0.0000,0.0000,-1.7329
1791282241.9621,0.0200,0.4927,0.0000,0.0000,0.0000,0.0000,0.0000,0.0000,0.0000,-0.0015,-0.2618,-0.2638,-3.1204,0.0000,0.0000,-1.7329
1791282241.9823,0.0202,0.7519,0.0000,0.0000,0.0000,0.0000,0.0000,0.0000,0.0000,-0.0015,-0.2618,-0.2638,-3.1204,0.0000,0.0000,-1.7329
1791282242.0020,0.0198,0.4052,0.0000,0.0000,0.0000,0.0000,0.0000,0.0000,0.0000,-0.0015,-0.2618,-0.2638,-3.1203,0.0000,0.0000,-1.7329
1791282242.0223,0.0203,0.2802,0.0000,0.0000,0.0000,0.0000,0.0000,0.0000,0.0000,-0.0015,-0.2618,-0.2638,-3.1203,0.0000,0.0000,-1.7329
1791282242.0421,0.0198,0.9517,0.0000,0.0000,0.0000,0.0000,0.0000,0.0000,0.0000,-0.0015,-0.2618,-0.2623,-3.1203,0.0000,0.0000,-1.7329
1791282242.0631,0.0210,2.7398,0.0000,0.0000,0.0000,0.0000,0.0000,0.0000,0.0000,-0.0015,-0.2618,-0.2638,-3.1204,0.0000,0.0000,-1.7329
1791282242.0821,0.0190,0.4632,0.0000,0.0000,0.0000,0.0000,0.0000,0.0000,0.0000,-0.0015,-0.2618,-0.2638,-3.1203,0.0000,0.0000,-1.7329
1791282242.1022,0.0201,2.8953,0.0000,0.0000,0.0000,0.0000,0.0000,0.0000,0.0000,-0.0015,-0.2618,-0.2638,-3.1203,0.0000,0.0000,-1.7329
1791282242.1229,0.0206,0.8523,0.0000,0.0000,0.0000,0.0000,0.0000,0.0000,0.0000,-0.0015,-0.2618,-0.2638,-3.1204,0.0000,0.0000,-1.7331
1791282242.1437,0.0209,0.6091,0.0000,0.0000,0.0000,0.0000,0.0000,0.0000,0.0000,-0.0015,-0.2618,-0.2638,-3.1203,0.0000,0.0000,-1.7329
1791282242.1637,0.0199,0.4658,0.0000,0.0000,0.0000,0.0000,0.0000,0.0000,0.0000,-0.0015,-0.2618,-0.2638,-3.1204,0.0000,0.0000,-1.7329
1791282242.1824,0.0187,1.5327,0.0000,0.0000,0.0000,0.0000,0.0000,0.0000,0.0000,-0.0015,-0.2618,-0.2638,-3.1204,0.0000,0.0000,-1.7329
1791282242.2031,0.0207,0.6347,0.0000,0.0000,0.0000,0.0000,0.0000,0.0000,0.0000,-0.0015,-0.2618,-0.2638,-3.1205,0.0000,0.0000,-1.7329
1791282242.2226,0.0195,1.1778,0.0000,0.0000,0.0000,0.0000,0.0000,0.0000,0.0000,-0.0015,-0.2618,-0.2638,-3.1203,0.0000,0.0000,-1.7331
1791282242.2421,0.0195,2.8416,0.0000,0.0000,0.0000,0.0000,0.0000,0.0000,0.0000,-0.0015,-0.2618,-0.2638,-3.1204,0.0000,0.0000,-1.7329
1791282242.2621,0.0200,0.5673,0.0000,0.0000,0.0000,0.0000,0.0000,0.0000,0.0000,-0.0015,-0.2618,-0.2638,-3.1203,0.0000,0.0000,-1.7329
1791282242.2821,0.0201,0.7499,0.0000,0.0000,0.0000,0.0000,0.0000,0.0000,0.0000,-0.0015,-0.2618,-0.2638,-3.1203,0.0000,0.0000,-1.7329
1791282242.3021,0.0199,0.4051,0.0000,0.0000,0.0000,0.0000,0.0000,0.0000,0.0000,-0.0015,-0.2618,-0.2638,-3.1204,0.0000,0.0000,-1.7329
1791282242.3227,0.0207,0.5911,0.0000,0.0000,0.0000,0.0000,0.0000,0.0000,0.0000,-0.0015,-0.2618,-0.2638,-3.1204,0.0000,0.0000,-1.7331
1791282242.3421,0.0193,0.4227,0.0000,0.0000,0.0000,0.0000,0.0000,0.0000,0.0000,-0.0015,-0.2618,-0.2623,-3.1203,0.0000,0.0000,-1.7331
1791282242.3641,0.0221,0.4711,0.0000,0.0000,0.0000,0.0000,0.0000,0.0000,0.0000,-0.0015,-0.2618,-0.2638,-3.1204,0.0000,0.0000,-1.7331
1791282242.3827,0.0186,0.4541,0.0000,0.0000,0.0000,0.0000,0.0000,0.0000,0.0000,-0.0015,-0.2618,-0.2638,-3.1204,0.0000,0.0000,-1.7329
1791282242.4020,0.0193,0.5520,0.0000,0.0000,0.0000,0.0000,0.0000,0.0000,0.0000,-0.0015,-0.2618,-0.2638,-3.1203,0.0000,0.0000,-1.7329
1791282242.4229,0.0209,0.2695,0.0000,0.0000,0.0000,0.0000,0.0000,0.0000,0.0000,-0.0015,-0.2618,-0.2638,-3.1203,0.0000,0.0000,-1.7329
1791282242.4421,0.0192,0.7946,0.0000,0.0000,0.0000,0.0000,0.0000,0.0000,0.0000,-0.0015,-0.2618,-0.2638,-3.1203,0.0000,0.0000,-1.7331
1791282242.4622,0.0201,1.1661,0.0000,0.0000,0.0000,0.0000,0.0000,0.0000,0.0000,-0.0015,-0.2618,-0.2638,-3.1204,0.0000,0.0000,-1.7331
1791282242.4827,0.0205,3.2964,0.0000,0.0000,0.0000,0.0000,0.0000,0.0000,0.0000,-0.0015,-0.2618,-0.2638,-3.1203,0.0000,0.0000,-1.7329
1791282242.5021,0.0194,0.6221,0.0000,0.0000,0.0000,0.0000,0.0000,0.0000,0.0000,-0.0015,-0.2618,-0.2638,-3.1203,0.0000,0.0000,-1.7329
1791282242.5229,0.0209,0.5074,0.0000,0.0000,0.0000,0.0000,0.0000,0.0000,0.0000,-0.0015,-0.2618,-0.2638,-3.1203,0.0000,0.0000,-1.7329
1791282242.5423,0.0194,0.6576,0.0000,0.0000,0.0000,0.0000,0.0000,0.0000,0.0000,-0.0015,-0.2618,-0.2638,-3.1204,0.0000,0.0000,-1.7329
1791282242.5622,0.0199,1.0182,0.0000,0.0000,0.0000,0.0000,0.0000,0.0000,0.0000,-0.0015,-0.2618,-0.2638,-3.1203,0.0000,0.0000,-1.7329
1791282242.5830,0.0208,1.1725,0.0000,0.0000,0.0000,0.0000,0.0000,0.0000,0.0000,-0.0015,-0.2618,-0.2638,-3.1203,0.0000,0.0000,-1.7329
1791282242.6021,0.0191,0.5494,0.0000,0.0000,0.0000,0.0000,0.0000,0.0000,0.0000,-0.0015,-0.2618,-0.2623,-3.1204,0.0000,0.0000,-1.7331
1791282242.6229,0.0209,0.2934,0.0000,0.0000,0.0000,0.0000,0.0000,0.0000,0.0000,-0.0031,-0.2618,-0.2638,-3.1204,0.0000,0.0000,-1.7329
1791282242.6422,0.0193,0.6771,0.0000,0.0000,0.0000,0.0000,0.0000,0.0000,0.0000,-0.0015,-0.2618,-0.2638,-3.1204,0.0000,0.0000,-1.7331
1791282242.6636,0.0214,0.3841,0.0000,0.0000,0.0000,0.0000,0.0000,0.0000,0.0000,-0.0015,-0.2618,-0.2638,-3.1204,0.0000,0.0000,-1.7329
1791282242.6821,0.0185,0.4244,0.0000,0.0000,0.0000,0.0000,0.0000,0.0000,0.0000,-0.0015,-0.2618,-0.2623,-3.1203,0.0000,0.0000,-1.7329
1791282242.7021,0.0200,0.4642,0.0000,0.0000,0.0000,0.0000,0.0000,0.0000,0.0000,-0.0015,-0.2618,-0.2638,-3.1204,0.0000,0.0000,-1.7329
1791282242.7240,0.0219,1.3739,0.0000,0.0000,0.0000,0.0000,0.0000,0.0000,0.0000,-0.0015,-0.2618,-0.2638,-3.1204,0.0000,0.0000,-1.7329
1791282242.7463,0.0223,0.6494,0.0000,0.0000,0.0000,0.0000,0.0000,0.0000,0.0000,-0.0015,-0.2618,-0.2638,-3.1204,0.0000,0.0000,-1.7331
