t,dt,loop_ms,v_ref,w_ref,wL_ref,wL,wR_ref,wR,thL_err,thR_err,wL_cmd,wR_cmd,yaw_cmd,yaw,pitch_cmd,pitch,imu_yaw
1790997787.3439,0.0200,0.2517,0.0000,0.0000,0.0000,0.0000,0.0000,0.0000,0.0000,0.0000,0.0000,0.0000,0.0000,0.0000,0.0000,0.0000,0.0000
1790997787.3639,0.0200,0.0712,0.0000,0.0000,0.0000,0.0000,0.0000,0.0000,0.0000,0.0000,0.0000,0.0000,0.0000,0.0000,0.0000,0.0000,0.0000
1790997787.3839,0.0200,0.0638,0.0000,0.0000,0.0000,0.0000,0.0000,0.0000,0.0015,0.0000,0.0000,0.0000,0.0000,0.0000,0.0000,0.0000,0.0000
1790997787.4038,0.0199,0.0647,0.0000,0.0000,0.0000,0.0000,0.0000,0.0000,0.0000,0.0000,0.0000,0.0000,0.0000,0.0000,0.0000,0.0000,0.0000
1790997787.4238,0.0200,0.0992,0.0000,0.0000,0.0000,0.0000,0.0000,0.0000,-0.0015,0.0000,0.0000,0.0000,0.0000,0.0000,0.0000,0.0000,0.0000
1790997787.4438,0.0200,0.0973,0.0000,0.0000,0.0000,0.0000,0.0000,0.0000,0.0000,0.0000,0.0000,0.0000,0.0000,0.0000,0.0000,0.0000,0.0000
1790997787.4639,0.0200,0.0953,0.0000,0.0000,0.0000,0.0000,0.0000,0.0000,0.0000,0.0000,0.0000,0.0000,0.0000,0.0000,0.0000,0.0000,0.0000
1790997787.4839,0.0200,0.0951,0.0000,0.0000,0.0000,0.0000,0.0000,0.0000,0.0000,0.0000,0.0000,0.0000,0.0000,0.0000,0.0000,0.0000,0.0000
1790997787.5038,0.0199,0.0931,0.0000,0.0000,0.0000,0.0000,0.0000,0.0000,0.0015,0.0000,0.0000,0.0000,0.0000,0.0000,0.0000,0.0000,0.0000
1790997787.5239,0.0200,0.0942,0.0000,0.0000,0.0000,0.0000,0.0000,0.0000,-0.0015,0.0000,0.0000,0.0000,0.0000,0.0000,0.0000,0.0000,0.0000
1790997787.5439,0.0200,0.0937,0.0000,0.0000,0.0000,0.0000,0.0000,0.0000,0.0000,0.0000,0.0000,0.0000,0.0000,0.0000,0.0000,0.0000,0.0000
1790997787.5639,0.0200,0.0926,0.0000,0.0000,0.0000,0.0000,0.0000,0.0000,0.0000,0.0000,0.0000,0.0000,0.0000,0.0000,0.0000,0.0000,0.0000
1790997787.5838,0.0200,0.0957,0.0000,0.0000,0.0000,0.0000,0.0000,0.0000,0.0015,0.0000,0.0000,0.0000,0.0000,0.0000,0.0000,0.0000,0.0000
1790997787.6038,0.0199,0.1037,0.0000,0.0000,0.0000,0.0000,0.0000,0.0000,0.0000,0.0000,0.0000,0.0000,0.0000,0.0000,0.0000,0.0000,0.0000
1790997787.6239,0.0201,0.0970,0.0000,0.0000,0.0000,0.0000,0.0000,0.0000,0.0000,0.0000,0.0000,0.0000,0.0000,0.0000,0.0000,0.0000,0.0000
1790997787.6439,0.0200,0.0922,0.0000,0.0000,0.0000,0.0000,0.0000,0.0000,-0.0015,0.0000,0.0000,0.0000,0.0000,0.0000,0.0000,0.0000,0.0000
1790997787.6639,0.0200,0.0923,0.0000,0.0000,0.0000,0.0000,0.0000,0.0000,0.0000,0.0000,0.0000,0.0000,0.0000,0.0000,0.0000,0.0000,0.0000
1790997787.6839,0.0200,0.0926,0.0000,0.0000,0.0000,0.0000,0.0000,0.0000,0.0000,0.0000,0.0000,0.0000,0.0000,0.0000,0.0000,0.0000,0.0000
1790997787.7039,0.0200,0.0923,0.0000,0.0000,0.0000,0.0000,0.0000,0.0000,0.0000,0.0000,0.0000,0.0000,0.0000,0.0000,0.0000,0.0000,0.0000
1790997787.7239,0.0200,0.0924,0.0000,0.0000,0.0000,0.0000,0.0000,0.0000,0.0000,0.0000,0.0000,0.0000,0.0000,0.0000,0.0000,0.0000,0.0000
1790997787.7439,0.0200,0.0933,0.0000,0.0000,0.0000,0.0000,0.0000,0.0000,0.0000,0.0000,0.0000,0.0000,0.0000,0.0000,0.0000,0.0000,0.0000
1790997787.7638,0.0200,0.0955,0.0000,0.0000,0.0000,0.0000,0.0000,0.0000,0.0015,-0.0015,0.0000,0.0000,0.0000,0.0000,0.0000,0.0000,0.0000
1790997787.7839,0.0200,0.0936,0.0000,0.0000,0.0000,0.0000,0.0000,0.0000,-0.0015,0.0015,0.0000,0.0000,0.0000,0.0000,0.0000,0.0000,0.0000
1790997787.8039,0.0200,0.0929,0.0000,0.0000,0.0000,0.0000,0.0000,0.0000,0.0000,0.0000,0.0000,0.0000,0.0000,0.0000,0.0000,0.0000,0.0000
1790997787.8239,0.0200,0.1014,0.0000,0.0000,0.0000,0.0000,0.0000,0.0000,0.0015,0.0000,0.0000,0.0000,0.0000,0.0000,0.0000,0.0000,0.0000
1790997787.8439,0.0200,0.0931,0.0000,0.0000,0.0000,0.0000,0.0000,0.0000,-0.0015,0.0000,0.0000,0.0000,0.0000,0.0000,0.0000,0.0000,0.0000
1790997787.8638,0.0200,0.0966,0.0000,0.0000,0.0000,0.0000,0.0000,0.0000,0.0000,0.0000,0.0000,0.0000,0.0000,0.0000,0.0000,0.0000,0.0000
1790997787.8839,0.0200,0.0939,0.0000,0.0000,0.0000,0.0000,0.0000,0.0000,0.0015,0.0000,0.0000,0.0000,0.0000,0.0000,0.0000,0.0000,0.0000
1790997787.9038,0.0199,0.0941,0.0000,0.0000,0.0000,0.0000,0.0000,0.0000,-0.0015,0.0000,0.0000,0.0000,0.0000,0.0000,0.0000,0.0000,0.0000
1790997787.9239,0.0201,0.0926,0.0000,0.0000,0.0000,0.0000,0.0000,0.0000,0.0000,0.0000,0.0000,0.0000,0.0000,0.0000,0.0000,0.0000,0.0000
1790997787.9439,0.0200,0.0950,0.0000,0.0000,0.0000,0.0000,0.0000,0.0000,0.0000,0.0000,0.0000,0.0000,0.0000,0.0000,0.0000,0.0000,0.0000
1790997787.9638,0.0200,0.0928,0.0000,0.0000,0.0000,0.0000,0.0000,0.0000,0.0000,0.0000,0.0000,0.0000,0.0000,0.0000,0.0000,0.0000,0.0000
1790997787.9839,0.0200,0.0933,0.0000,0.0000,0.0000,0.0000,0.0000,0.0000,0.0015,0.0000,0.0000,0.0000,0.0000,0.0000,0.0000,0.0000,0.0000
1790997788.0039,0.0200,0.0935,0.0000,0.0000,0.0000,0.0000,0.0000,0.0000,-0.0015,0.0000,0.0000,0.0000,0.0000,0.0000,0.0000,0.0000,0.0000
1790997788.0238,0.0200,0.1062,0.0000,0.0000,0.0000,0.0000,0.0000,0.0000,0.0000,0.0000,0.0000,0.0000,0.0000,0.0000,0.0000,0.0000,0.0000
1790997788.0438,0.0200,0.0944,0.0000,0.0000,0.0000,0.0000,0.0000,0.0000,0.0000,0.0000,0.0000,0.0000,0.0000,0.0000,0.0000,0.0000,0.0000
1790997788.0639,0.0200,0.0926,0.0000,0.0000,0.0000,0.0000,0.0000,0.0000,0.0000,0.0000,0.0000,0.0000,0.0000,0.0000,0.0000,0.0000,0.0000
1790997788.0839,0.0200,0.0932,0.0000,0.0000,0.0000,0.0000,0.0000,0.0000,0.0000,0.0000,0.0000,0.0000,0.0000,0.0000,0.0000,0.0000,0.0000
1790997788.1039,0.0200,0.0928,0.0000,0.0000,0.0000,0.0000,0.0000,0.0000,0.0000,0.0000,0.0000,0.0000,0.0000,0.0000,0.0000,0.0000,0.0000
1790997788.1237,0.0199,0.0922,0.0000,0.0000,0.0000,0.0000,0.0000,0.0000,0.0000,0.0000,0.0000,0.0000,0.0000,0.0000,0.0000,0.0000,0.0000
1790997788.1439,0.0201,0.0939,0.0000,0.0000,0.0000,0.0000,0.0000,0.0000,0.0015,0.0000,0.0000,0.0000,0.0000,0.0000,0.0000,0.0000,0.0000
1790997788.1639,0.0201,0.0929,0.0000,0.0000,0.0000,0.0000,0.0000,0.0000,0.0000,0.0000,0.0000,0.0000,0.0000,0.0000,0.0000,0.0000,0.0000
1790997788.1838,0.0199,0.0936,0.0000,0.0000,0.0000,0.0000,0.0000,0.0000,0.0000,0.0000,0.0000,0.0000,0.0000,0.0000,0.0000,0.0000,0.0000
1790997788.2038,0.0200,0.0960,0.0000,0.0000,0.0000,0.0000,0.0000,0.0000,-0.0015,0.0000,0.0000,0.0000,0.0000,0.0000,0.0000,0.0000,0.0000
1790997788.2238,0.0201,0.0981,0.0000,0.0000,0.0000,0.0000,0.0000,0.0000,0.0015,0.0000,0.0000,0.0000,0.0000,0.0000,0.0000,0.0000,0.0000
1790997788.2439,0.0200,0.0977,0.0000,0.0000,0.0000,0.0000,0.0000,0.0000,-0.0015,0.0000,0.0000,0.0000,0.0000,0.0000,0.0000,0.0000,0.0000
1790997788.2639,0.0201,0.0970,0.0000,0.0000,0.0000,0.0000,0.0000,0.0000,0.0000,0.0000,0.0000,0.0000,0.0000,0.0000,0.0000,0.0000,0.0000
1790997788.2838,0.0199,0.0955,0.0000,0.0000,0.0000,0.0000,0.0000,0.0000,0.0015,0.0000,0.0000,0.0000,0.0000,0.0000,0.0000,0.0000,0.0000
1790997788.3039,0.0201,0.1021,0.0000,0.0000,0.0000,0.0000,0.0000,0.0000,-0.0015,0.0000,0.0000,0.0000,0.0000,0.0000,0.0000,0.0000,0.0000
1790997788.3238,0.0199,0.1023,0.0000,0.0000,0.0000,0.0000,0.0000,0.0000,0.0015,0.0000,0.0000,0.0000,0.0000,0.0000,0.0000,0.0000,0.0000
1790997788.3438,0.0200,0.0955,0.0000,0.0000,0.0000,0.0000,0.0000,0.0000,0.0000,0.0000,0.0000,0.0000,0.0000,0.0000,0.0000,0.0000,0.0000
1790997788.3639,0.0201,0.0976,0.0000,0.0000,0.0000,0.0000,0.0000,0.0000,-0.0015,0.0000,0.0000,0.0000,0.0000,0.0000,0.0000,0.0000,0.0000
1790997788.3839,0.0200,0.0971,0.0000,0.0000,0.0000,0.0000,0.0000,0.0000,0.0000,0.0000,0.0000,0.0000,0.0000,0.0000,0.0000,0.0000,0.0000
1790997788.4039,0.0200,0.0962,0.0000,0.0000,0.0000,0.0000,0.0000,0.0000,0.0000,0.0000,0.0000,0.0000,0.0000,0.0000,0.0000,0.0000,0.0000
1790997788.4238,0.0199,0.0982,0.0000,0.0000,0.0000,0.0000,0.0000,0.0000,0.0000,0.0000,0.0000,0.0000,0.0000,0.0000,0.0000,0.0000,0.0000
1790997788.4439,0.0201,0.1060,0.0000,0.0000,0.0000,0.0000,0.0000,0.0000,0.0015,0.0000,0.0000,0.0000,0.0000,0.0000,0.0000,0.0000,0.0000
1790997788.4639,0.0200,0.1023,0.0000,0.0000,0.0000,0.0000,0.0000,0.0000,-0.0015,0.0000,0.0000,0.0000,0.0000,0.0000,0.0000,0.0000,0.0000
1790997788.4839,0.0200,0.0993,0.0000,0.0000,0.0000,0.0000,0.0000,0.0000,0.0000,0.0000,0.0000,0.0000,0.0000,0.0000,0.0000,0.0000,0.0000
1790997788.5038,0.0200,0.1019,0.0000,0.0000,0.0000,0.0000,0.0000,0.0000,0.0015,0.0000,0.0000,0.0000,0.0000,0.0000,0.0000,0.0000,0.0000
1790997788.5239,0.0200,0.1014,0.0000,0.0000,0.0000,0.0000,0.0000,0.0000,-0.0015,0.0000,0.0000,0.0000,0.0000,0.0000,0.0000,0.0000,0.0000
1790997788.5439,0.0200,0.1003,0.0000,0.0000,0.0000,0.0000,0.0000,0.0000,0.0015,-0.0015,0.0000,0.0000,0.0000,0.0000,0.0000,0.0000,0.0000
1790997788.5639,0.0200,0.1682,0.0000,0.0000,0.0000,0.0000,0.0000,0.0000,0.0000,0.0015,0.0000,0.0000,0.0000,0.0000,0.0000,0.0000,0.0000
1790997788.5839,0.0200,0.1447,0.0000,0.0000,0.0000,0.0000,0.0000,0.0000,-0.0015,0.0000,0.0000,0.0000,0.0000,0.0000,0.0000,0.0000,0.0000
1790997788.6039,0.0200,0.1787,0.0000,0.0000,0.0000,0.0000,0.0000,0.0000,0.0000,0.0000,0.0000,0.0000,0.0000,0.0000,0.0000,0.0000,0.0000
1790997788.6239,0.0200,0.1111,0.0000,0.0000,0.0000,0.0000,0.0000,0.0000,0.0000,0.0000,0.0000,0.0000,0.0000,0.0000,0.0000,0.0000,0.0000
1790997788.6438,0.0199,0.1259,0.0000,0.0000,0.0000,0.0000,0.0000,0.0000,0.0000,0.0000,0.0000,0.0000,0.0000,0.0000,0.0000,0.0000,0.0000
1790997788.6638,0.0200,0.1020,0.0000,0.0000,0.0000,0.0000,0.0000,0.0000,0.0000,0.0000,0.0000,0.0000,0.0000,0.0000,0.0000,0.0000,0.0000
1790997788.6838,0.0200,0.0935,0.0000,0.0000,0.0000,0.0000,0.0000,0.0000,0.0000,0.0000,0.0000,0.0000,0.0000,0.0000,0.0000,0.0000,0.0000
1790997788.7038,0.0200,0.0945,0.0000,0.0000,0.0000,0.0000,0.0000,0.0000,0.0000,0.0000,0.0000,0.0000,0.0000,0.0000,0.0000,0.0000,0.0000
1790997788.7238,0.0200,0.0904,0.0000,0.0000,0.0000,0.0000,0.0000,0.0000,0.0000,0.0000,0.0000,0.0000,0.0000,0.0000,0.0000,0.0000,0.0000
1790997788.7439,0.0201,0.0834,0.0000,0.0000,0.0000,0.0000,0.0000,0.0000,0.0000,0.0000,0.0000,0.0000,0.0000,0.0000,0.0000,0.0000,0.0000
1790997788.7639,0.0200,0.1245,0.0000,0.0000,0.0000,0.0000,0.0000,0.0000,0.0000,0.0000,0.0000,0.0000,0.0000,0.0000,0.0000,0.0000,0.0000
1790997788.7839,0.0200,0.1192,0.0000,0.0000,0.0000,0.0000,0.0000,0.0000,0.0000,0.0000,0.0000,0.0000,0.0000,0.0000,0.0000,0.0000,0.0000
1790997788.8040,0.0201,0.1464,0.0000,0.0000,0.0000,0.0000,0.0000,0.0000,0.0000,0.0000,0.0000,0.0000,0.0000,0.0000,0.0000,0.0000,0.0000
1790997788.8240,0.0200,0.1564,0.0000,0.0000,0.0000,0.0000,0.0000,0.0000,0.0000,0.0000,0.0000,0.0000,0.0000,0.0000,0.0000,0.0000,0.0000
1790997788.8438,0.0199,0.1103,0.0000,0.0000,0.0000,0.0000,0.0000,0.0000,0.0000,0.0000,0.0000,0.0000,0.0000,0.0000,0.0000,0.0000,0.0000
1790997788.8639,0.0200,0.0984,0.0000,0.0000,0.0000,0.0000,0.0000,0.0000,0.0015,0.0000,0.0000,0.0000,0.0000,0.0000,0.0000,0.0000,0.0000
1790997788.8838,0.0200,0.0979,0.0000,0.0000,0.0000,0.0000,0.0000,0.0000,-0.0015,0.0000,0.0000,0.0000,0.0000,0.0000,0.0000,0.0000,0.0000
1790997788.9039,0.0200,0.0961,0.0000,0.0000,0.0000,0.0000,0.0000,0.0000,0.0000,0.0000,0.0000,0.0000,0.0000,0.0000,0.0000,0.0000,0.0000
1790997788.9239,0.0200,0.0996,0.0000,0.0000,0.0000,0.0000,0.0000,0.0000,0.0000,0.0000,0.0000,0.0000,0.0000,0.0000,0.0000,0.0000,0.0000
1790997788.9439,0.0200,0.0976,0.0000,0.0000,0.0000,0.0000,0.0000,0.0000,0.0000,0.0000,0.0000,0.0000,0.0000,0.0000,0.0000,0.0000,0.0000
1790997788.9638,0.0200,0.0989,0.0000,0.0000,0.0000,0.0000,0.0000,0.0000,0.0000,0.0000,0.0000,0.0000,0.0000,0.0000,0.0000,0.0000,0.0000
1790997788.9839,0.0201,0.0990,0.0000,0.0000,0.0000,0.0000,0.0000,0.0000,0.0000,0.0000,0.0000,0.0000,0.0000,0.0000,0.0000,0.0000,0.0000
1790997789.0039,0.0200,0.0967,0.0000,0.0000,0.0000,0.0000,0.0000,0.0000,0.0000,0.0000,0.0000,0.0000,0.0000,0.0000,0.0000,0.0000,0.0000
1790997789.0239,0.0200,0.1030,0.0000,0.0000,0.0000,0.0000,0.0000,0.0000,0.0000,0.0000,0.0000,0.0000,0.0000,0.0000,0.0000,0.0000,0.0000
1790997789.0439,0.0200,0.0969,0.0000,0.0000,0.0000,0.0000,0.0000,0.0000,0.0000,0.0000,0.0000,0.0000,0.0000,0.0000,0.0000,0.0000,0.0000
1790997789.0639,0.0200,0.1070,0.0000,0.0000,0.0000,0.0000,0.0000,0.0000,0.0015,0.0000,0.0000,0.0000,0.0000,0.0000,0.0000,0.0000,0.0000
1790997789.0839,0.0201,0.1010,0.0000,0.0000,0.0000,0.0000,0.0000,0.0000,0.0000,0.0000,0.0000,0.0000,0.0000,0.0000,0.0000,0.0000,0.0000
1790997789.1039,0.0199,0.0976,0.0000,0.0000,0.0000,0.0000,0.0000,0.0000,-0.0015,0.0000,0.0000,0.0000,0.0000,0.0000,0.0000,0.0000,0.0000
1790997789.1239,0.0200,0.0995,0.0000,0.0000,0.0000,0.0000,0.0000,0.0000,0.0000,0.0000,0.0000,0.0000,0.0000,0.0000,0.0000,0.0000,0.0000
1790997789.1439,0.0200,0.1011,0.0000,0.0000,0.0000,0.0000,0.0000,0.0000,0.0000,0.0000,0.0000,0.0000,0.0000,0.0000,0.0000,0.0000,0.0000
1790997789.1639,0.0200,0.0981,0.0000,0.0000,0.0000,0.0000,0.0000,0.0000,0.0000,0.0000,0.0000,0.0000,0.0000,0.0000,0.0000,0.0000,0.0000
1790997789.1839,0.0200,0.0984,0.0000,0.0000,0.0000,0.0000,0.0000,0.0000,0.0000,0.0000,0.0000,0.0000,0.0000,0.0000,0.0000,0.0000,0.0000
1790997789.2039,0.0200,0.0970,0.0000,0.0000,0.0000,0.0000,0.0000,0.0000,0.0000,0.0000,0.0000,0.0000,0.0000,0.0000,0.0000,0.0000,0.0000
1790997789.2239,0.0200,0.1458,0.0000,0.0000,0.0000,0.0000,0.0000,0.0000,0.0000,0.0000,0.0000,0.0000,0.0000,0.0000,0.0000,0.0000,0.0000
1790997789.2439,0.0200,0.1038,0.0000,0.0000,0.0000,0.0000,0.0000,0.0000,0.0015,0.0000,0.0000,0.0000,0.0000,0.0000,0.0000,0.0000,0.0000
1790997789.2638,0.0200,0.1082,0.0000,0.0000,0.0000,0.0000,0.0000,0.0000,0.0000,0.0000,0.0000,0.0000,0.0000,0.0000,0.0000,0.0000,0.0000
1790997789.2838,0.0200,0.1092,0.0000,0.0000,0.0000,0.0000,0.0000,0.0000,-0.0015,0.0000,0.0000,0.0000,0.0000,0.0000,0.0000,0.0000,0.0000
1790997789.3039,0.0201,0.0982,0.0000,0.0000,0.0000,0.0000,0.0000,0.0000,0.0015,0.0000,0.0000,0.0000,0.0000,0.0000,0.0000,0.0000,0.0000
1790997789.3238,0.0199,0.1075,0.0000,0.0000,0.0000,0.0000,0.0000,0.0000,-0.0015,0.0000,0.0000,0.0000,0.0000,0.0000,0.0000,0.0000,0.0000
1790997789.3438,0.0200,0.0931,0.0000,0.0000,0.0000,0.0000,0.0000,0.0000,0.0015,0.0000,0.0000,0.0000,0.0000,0.0000,0.0000,0.0000,0.0000
1790997789.3638,0.0200,0.0984,0.0000,0.0000,0.0000,0.0000,0.0000,0.0000,-0.0015,0.0000,0.0000,0.0000,0.0000,0.0000,0.0000,0.0000,0.0000
1790997789.3838,0.0200,0.1006,0.0000,0.0000,0.0000,0.0000,0.0000,0.0000,0.0015,0.0000,0.0000,0.0000,0.0000,0.0000,0.0000,0.0000,0.0000
1790997789.4038,0.0201,0.1024,0.0000,0.0000,0.0000,0.0000,0.0000,0.0000,0.0000,0.0000,0.0000,0.0000,0.0000,0.0000,0.0000,0.0000,0.0000
1790997789.4238,0.0200,0.0962,0.0000,0.0000,0.0000,0.0000,0.0000,0.0000,-0.0015,0.0000,0.0000,0.0000,0.0000,0.0000,0.0000,0.0000,0.0000
1790997789.4438,0.0200,0.0828,0.0000,0.0000,0.0000,0.0000,0.0000,0.0000,0.0015,0.0000,0.0000,0.0000,0.0000,0.0000,0.0000,0.0000,0.0000
1790997789.4638,0.0200,0.0833,0.0000,0.0000,0.0000,0.0000,0.0000,0.0000,-0.0015,0.0000,0.0000,0.0000,0.0000,0.0000,0.0000,0.0000,0.0000
1790997789.4838,0.0201,0.0936,0.0000,0.0000,0.0000,0.0000,0.0000,0.0000,0.0000,0.0000,0.0000,0.0000,0.0000,0.0000,0.0000,0.0000,0.0000
1790997789.5039,0.0200,0.1012,0.0000,0.0000,0.0000,0.0000,0.0000,0.0000,0.0000,0.0000,0.0000,0.0000,0.0000,0.0000,0.0000,0.0000,0.0000
1790997789.5238,0.0200,0.0993,0.0000,0.0000,0.0000,0.0000,0.0000,0.0000,0.0000,0.0000,0.0000,0.0000,0.0000,0.0000,0.0000,0.0000,0.0000
1790997789.5438,0.0200,0.0953,0.0000,0.0000,0.0000,0.0000,0.0000,0.0000,0.0015,0.0000,0.0000,0.0000,0.0000,0.0000,0.0000,0.0000,0.0000
1790997789.5638,0.0199,0.0952,0.0000,0.0000,0.0000,0.0000,0.0000,0.0000,-0.0015,0.0000,0.0000,0.0000,0.0000,0.0000,0.0000,0.0000,0.0000
1790997789.5838,0.0201,0.0818,0.0000,0.0000,0.0000,0.0000,0.0000,0.0000,0.0000,0.0000,0.0000,0.0000,0.0000,0.0000,0.0000,0.0000,0.0000
1790997789.6039,0.0200,0.0972,0.0000,0.0000,0.0000,0.0000,0.0000,0.0000,0.0000,0.0000,0.0000,0.0000,0.0000,0.0000,0.0000,0.0000,0.0000
1790997789.6238,0.0199,0.0993,0.0000,0.0000,0.0000,0.0000,0.0000,0.0000,0.0015,0.0000,0.0000,0.0000,0.0000,0.0000,0.0000,0.0000,0.0000
1790997789.6438,0.0201,0.0960,0.0000,0.0000,0.0000,0.0000,0.0000,0.0000,-0.0015,0.0000,0.0000,0.0000,0.0000,0.0000,0.0000,0.0000,0.0000
1790997789.6639,0.0200,0.0961,0.0000,0.0000,0.0000,0.0000,0.0000,0.0000,0.0000,0.0000,0.0000,0.0000,0.0000,0.0000,0.0000,0.0000,0.0000
1790997789.6838,0.0199,0.1001,0.0000,0.0000,0.0000,0.0000,0.0000,0.0000,0.0015,0.0000,0.0000,0.0000,0.0000,0.0000,0.0000,0.0000,0.0000
1790997789.7038,0.0201,0.0956,0.0000,0.0000,0.0000,0.0000,0.0000,0.0000,-0.0015,0.0000,0.0000,0.0000,0.0000,0.0000,0.0000,0.0000,0.0000
1790997789.7238,0.0200,0.0961,0.0000,0.0000,0.0000,0.0000,0.0000,0.0000,0.0000,0.0000,0.0000,0.0000,0.0000,0.0000,0.0000,0.0000,0.0000
1790997789.7438,0.0199,0.0972,0.0000,0.0000,0.0000,0.0000,0.0000,0.0000,0.0000,0.0000,0.0000,0.0000,0.0000,0.0000,0.0000,0.0000,0.0000
1790997789.7639,0.0202,0.0968,0.0000,0.0000,0.0000,0.0000,0.0000,0.0000,0.0015,0.0000,0.0000,0.0000,0.0000,0.0000,0.0000,0.0000,0.0000
1790997789.7838,0.0199,0.0918,0.0000,0.0000,0.0000,0.0000,0.0000,0.0000,0.0000,0.0000,0.0000,0.0000,0.0000,0.0000,0.0000,0.0000,0.0000
1790997789.8038,0.0199,0.0975,0.0000,0.0000,0.0000,0.0000,0.0000,0.0000,-0.0015,0.0000,0.0000,0.0000,0.0000,0.0000,0.0000,0.0000,0.0000
1790997789.8238,0.0201,0.0971,0.0000,0.0000,0.0000,0.0000,0.0000,0.0000,0.0000,0.0000,0.0000,0.0000,0.0000,0.0000,0.0000,0.0000,0.0000
1790997789.8439,0.0200,0.0931,0.0000,0.0000,0.0000,0.0000,0.0000,0.0000,0.0000,0.0000,0.0000,0.0000,0.0000,0.0000,0.0000,0.0000,0.0000
1790997789.8639,0.0200,0.0923,0.0000,0.0000,0.0000,0.0000,0.0000,0.0000,0.0000,0.0000,0.0000,0.0000,0.0000,0.0000,0.0000,0.0000,0.0000
1790997789.8838,0.0200,0.0927,0.0000,0.0000,0.0000,0.0000,0.0000,0.0000,0.0000,0.0000,0.0000,0.0000,0.0000,0.0000,0.0000,0.0000,0.0000
1790997789.9038,0.0200,0.0959,0.0000,0.0000,0.0000,0.0000,0.0000,0.0000,0.0000,0.0000,0.0000,0.0000,0.0000,0.0000,0.0000,0.0000,0.0000
1790997789.9239,0.0200,0.0946,0.0000,0.0000,0.0000,0.0000,0.0000,0.0000,0.0000,0.0000,0.0000,0.0000,0.0000,0.0000,0.0000,0.0000,0.0000
1790997789.9439,0.0200,0.0917,0.0000,0.0000,0.0000,0.0000,0.0000,0.0000,0.0000,0.0000,0.0000,0.0000,0.0000,0.0000,0.0000,0.0000,0.0000
1790997789.9639,0.0200,0.0923,0.0000,0.0000,0.0000,0.0000,0.0000,0.0000,0.0000,0.0000,0.0000,0.0000,0.0000,0.0000,0.0000,0.0000,0.0000
1790997789.9838,0.0200,0.0977,0.0000,0.0000,0.0000,0.0000,0.0000,0.0000,0.0000,0.0000,0.0000,0.0000,0.0000,0.0000,0.0000,0.0000,0.0000
1790997790.0039,0.0200,0.0973,0.0000,0.0000,0.0000,0.0000,0.0000,0.0000,0.0000,0.0000,0.0000,0.0000,0.0000,0.0000,0.0000,0.0000,0.0000
1790997790.0239,0.0200,0.0982,0.0000,0.0000,0.0000,0.0000,0.0000,0.0000,0.0000,0.0000,0.0000,0.0000,0.0000,0.0000,0.0000,0.0000,0.0000
1790997790.0439,0.0200,0.0964,0.0000,0.0000,0.0000,0.0000,0.0000,0.0000,0.0000,0.0000,0.0000,0.0000,0.0000,0.0000,0.0000,0.0000,0.0000
1790997790.0638,0.0200,0.0961,0.0000,0.0000,0.0000,0.0000,0.0000,0.0000,0.0000,0.0000,0.0000,0.0000,0.0000,0.0000,0.0000,0.0000,0.0000
1790997790.0839,0.0200,0.0971,0.0000,0.0000,0.0000,0.0000,0.0000,0.0000,0.0000,0.0000,0.0000,0.0000,0.0000,0.0000,0.0000,0.0000,0.0000
1790997790.1039,0.0200,0.1256,0.0000,0.0000,0.0000,0.0000,0.0000,0.0000,0.0000,0.0000,0.0000,0.0000,0.0000,0.0000,0.0000,0.0000,0.0000
1790997790.1238,0.0200,0.0971,0.0000,0.0000,0.0000,0.0000,0.0000,0.0000,0.0000,0.0000,0.0000,0.0000,0.0000,0.0000,0.0000,0.0000,0.0000
1790997790.1439,0.0200,0.0990,0.0000,0.0000,0.0000,0.0000,0.0000,0.0000,0.0000,0.0000,0.0000,0.0000,0.0000,0.0000,0.0000,0.0000,0.0000
1790997790.1639,0.0200,0.0989,0.0000,0.0000,0.0000,0.0000,0.0000,0.0000,0.0000,0.0000,0.0000,0.0000,0.0000,0.0000,0.0000,0.0000,0.0000
1790997790.1839,0.0200,0.0986,0.0000,0.0000,0.0000,0.0000,0.0000,0.0000,0.0000,0.0000,0.0000,0.0000,0.0000,0.0000,0.0000,0.0000,0.0000
1790997790.2039,0.0200,0.0988,0.0000,0.0000,0.0000,0.0000,0.0000,0.0000,0.0000,0.0000,0.0000,0.0000,0.0000,0.0000,0.0000,0.0000,0.0000
1790997790.2239,0.0200,0.1056,0.0000,0.0000,0.0000,0.0000,0.0000,0.0000,0.0015,0.0000,0.0000,0.0000,0.0000,0.0000,0.0000,0.0000,0.0000
1790997790.2438,0.0200,0.1242,0.0000,0.0000,0.0000,0.0000,0.0000,0.0000,-0.0015,0.0000,0.0000,0.0000,0.0000,0.0000,0.0000,0.0000,0.0000
1790997790.2639,0.0200,0.1005,0.0000,0.0000,0.0000,0.0000,0.0000,0.0000,0.0000,0.0000,0.0000,0.0000,0.0000,0.0000,0.0000,0.0000,0.0000
1790997790.2839,0.0200,0.0994,0.0000,0.0000,0.0000,0.0000,0.0000,0.0000,0.0000,0.0000,0.0000,0.0000,0.0000,0.0000,0.0000,0.0000,0.0000
1790997790.3039,0.0200,0.1143,0.0000,0.0000,0.0000,0.0000,0.0000,0.0000,0.0000,0.0000,0.0000,0.0000,0.0000,0.0000,0.0000,0.0000,0.0000
1790997790.3239,0.0199,0.1018,0.0000,0.0000,0.0000,0.0000,0.0000,0.0000,0.0015,0.0000,0.0000,0.0000,0.0000,0.0000,0.0000,0.0000,0.0000
1790997790.3438,0.0200,0.0984,0.0000,0.0000,0.0000,0.0000,0.0000,0.0000,-0.0015,0.0000,0.0000,0.0000,0.0000,0.0000,0.0000,0.0000,0.0000
1790997790.3639,0.0200,0.0983,0.0000,0.0000,0.0000,0.0000,0.0000,0.0000,0.0000,0.0000,0.0000,0.0000,0.0000,0.0000,0.0000,0.0000,0.0000
1790997790.3838,0.0200,0.0986,0.0000,0.0000,0.0000,0.0000,0.0000,0.0000,0.0000,0.0000,0.0000,0.0000,0.0000,0.0000,0.0000,0.0000,0.0000
1790997790.4039,0.0200,0.0943,0.0000,0.0000,0.0000,0.0000,0.0000,0.0000,0.0000,0.0000,0.0000,0.0000,0.0000,0.0000,0.0000,0.0000,0.0000
1790997790.4239,0.0201,0.0969,0.0000,0.0000,0.0000,0.0000,0.0000,0.0000,0.0015,0.0000,0.0000,0.0000,0.0000,0.0000,0.0000,0.0000,0.0000
1790997790.4438,0.0199,0.0989,0.0000,0.0000,0.0000,0.0000,0.0000,0.0000,0.0000,0.0000,0.0000,0.0000,0.0000,0.0000,0.0000,0.0000,0.0000
1790997790.4638,0.0200,0.0931,0.0000,0.0000,0.0000,0.0000,0.0000,0.0000,-0.0015,0.0000,0.0000,0.0000,0.0000,0.0000,0.0000,0.0000,0.0000
1790997790.4839,0.0200,0.0919,0.0000,0.0000,0.0000,0.0000,0.0000,0.0000,0.0000,0.0000,0.0000,0.0000,0.0000,0.0000,0.0000,0.0000,0.0000
1790997790.5038,0.0200,0.0915,0.0000,0.0000,0.0000,0.0000,0.0000,0.0000,0.0015,0.0000,0.0000,0.0000,0.0000,0.0000,0.0000,0.0000,0.0000
1790997790.5239,0.0200,0.1126,0.0000,0.0000,0.0000,0.0000,0.0000,0.0000,0.0000,0.0000,0.0000,0.0000,0.0000,0.0000,0.0000,0.0000,0.0000
1790997790.5439,0.0200,0.0970,0.0000,0.0000,0.0000,0.0000,0.0000,0.0000,0.0000,0.0000,0.0000,0.0000,0.0000,0.0000,0.0000,0.0000,0.0000
1790997790.5639,0.0200,0.0962,0.0000,0.0000,0.0000,0.0000,0.0000,0.0000,0.0000,0.0000,0.0000,0.0000,0.0000,0.0000,0.0000,0.0000,0.0000
1790997790.5839,0.0200,0.0951,0.0000,0.0000,0.0000,0.0000,0.0000,0.0000,0.0000,0.0000,0.0000,0.0000,0.0000,0.0000,0.0000,0.0000,0.0000
1790997790.6038,0.0200,0.0937,0.0000,0.0000,0.0000,0.0000,0.0000,0.0000,-0.0015,0.0000,0.0000,0.0000,0.0000,0.0000,0.0000,0.0000,0.0000
1790997790.6239,0.0200,0.0946,0.0000,0.0000,0.0000,0.0000,0.0000,0.0000,0.0000,0.0000,0.0000,0.0000,0.0000,0.0000,0.0000,0.0000,0.0000
1790997790.6439,0.0200,0.0925,0.0000,0.0000,0.0000,0.0000,0.0000,0.0000,0.0000,0.0000,0.0000,0.0000,0.0000,0.0000,0.0000,0.0000,0.0000
1790997790.6638,0.0200,0.0929,0.0000,0.0000,0.0000,0.0000,0.0000,0.0000,0.0000,0.0000,0.0000,0.0000,0.0000,0.0000,0.0000,0.0000,0.0000
1790997790.6839,0.0200,0.0925,0.0000,0.0000,0.0000,0.0000,0.0000,0.0000,0.0000,0.0000,0.0000,0.0000,0.0000,0.0000,0.0000,0.0000,0.0000
1790997790.7038,0.0200,0.0926,0.0000,0.0000,0.0000,0.0000,0.0000,0.0000,0.0000,0.0000,0.0000,0.0000,0.0000,0.0000,0.0000,0.0000,0.0000
1790997790.7239,0.0200,0.1110,0.0000,0.0000,0.0000,0.0000,0.0000,0.0000,0.0015,0.0000,0.0000,0.0000,0.0000,0.0000,0.0000,0.0000,0.0000
1790997790.7439,0.0200,0.0930,0.0000,0.0000,0.0000,0.0000,0.0000,0.0000,-0.0015,0.0000,0.0000,0.0000,0.0000,0.0000,0.0000,0.0000,0.0000
1790997790.7639,0.0199,0.0924,0.0000,0.0000,0.0000,0.0000,0.0000,0.0000,0.0000,0.0000,0.0000,0.0000,0.0000,0.0000,0.0000,0.0000,0.0000
1790997790.7839,0.0200,0.0928,0.0000,0.0000,0.0000,0.0000,0.0000,0.0000,0.0000,0.0000,0.0000,0.0000,0.0000,0.0000,0.0000,0.0000,0.0000
1790997790.8039,0.0200,0.0927,0.0000,0.0000,0.0000,0.0000,0.0000,0.0000,0.0000,0.0000,0.0000,0.0000,0.0000,0.0000,0.0000,0.0000,0.0000
1790997790.8239,0.0200,0.0964,0.0000,0.0000,0.0000,0.0000,0.0000,0.0000,0.0015,0.0000,0.0000,0.0000,0.0000,0.0000,0.0000,0.0000,0.0000
1790997790.8439,0.0200,0.0927,0.0000,0.0000,0.0000,0.0000,0.0000,0.0000,-0.0015,0.0000,0.0000,0.0000,0.0000,0.0000,0.0000,0.0000,0.0000
1790997790.8639,0.0200,0.0941,0.0000,0.0000,0.0000,0.0000,0.0000,0.0000,0.0000,0.0000,0.0000,0.0000,0.0000,0.0000,0.0000,0.0000,0.0000
1790997790.8838,0.0199,0.0936,0.0000,0.0000,0.0000,0.0000,0.0000,0.0000,0.0000,0.0000,0.0000,0.0000,0.0000,0.0000,0.0000,0.0000,0.0000
1790997790.9039,0.0201,0.0937,0.0000,0.0000,0.0000,0.0000,0.0000,0.0000,0.0000,0.0000,0.0000,0.0000,0.0000,0.0000,0.0000,0.0000,0.0000
1790997790.9238,0.0199,0.1152,0.0000,0.0000,0.0000,0.0000,0.0000,0.0000,0.0000,0.0000,0.0000,0.0000,0.0000,0.0000,0.0000,0.0000,0.0000
1790997790.9439,0.0201,0.0973,0.0000,0.0000,0.0000,0.0000,0.0000,0.0000,0.0015,0.0000,0.0000,0.0000,0.0000,0.0000,0.0000,0.0000,0.0000
1790997790.9638,0.0199,0.0945,0.0000,0.0000,0.0000,0.0000,0.0000,0.0000,-0.0015,0.0000,0.0000,0.0000,0.0000,0.0000,0.0000,0.0000,0.0000
1790997790.9839,0.0200,0.0949,0.0000,0.0000,0.0000,0.0000,0.0000,0.0000,0.0000,0.0000,0.0000,0.0000,0.0000,0.0000,0.0000,0.0000,0.0000
1790997791.0039,0.0200,0.0944,0.0000,0.0000,0.0000,0.0000,0.0000,0.0000,0.0000,0.0000,0.0000,0.0000,0.0000,0.0000,0.0000,0.0000,0.0000
1790997791.0239,0.0200,0.1003,0.0000,0.0000,0.0000,0.0000,0.0000,0.0000,0.0000,0.0000,0.0000,0.0000,0.0000,0.0000,0.0000,0.0000,0.0000
1790997791.0438,0.0200,0.0958,0.0000,0.0000,0.0000,0.0000,0.0000,0.0000,0.0015,0.0000,0.0000,0.0000,0.0000,0.0000,0.0000,0.0000,0.0000
1790997791.0639,0.0200,0.0925,0.0000,0.0000,0.0000,0.0000,0.0000,0.0000,-0.0015,0.0000,0.0000,0.0000,0.0000,0.0000,0.0000,0.0000,0.0000
1790997791.0839,0.0200,0.0928,0.0000,0.0000,0.0000,0.0000,0.0000,0.0000,0.0000,0.0000,0.0000,0.0000,0.0000,0.0000,0.0000,0.0000,0.0000
1790997791.1038,0.0200,0.0923,0.0000,0.0000,0.0000,0.0000,0.0000,0.0000,0.0000,0.0000,0.0000,0.0000,0.0000,0.0000,0.0000,0.0000,0.0000
1790997791.1238,0.0200,0.0914,0.0000,0.0000,0.0000,0.0000,0.0000,0.0000,0.0015,0.0000,0.0000,0.0000,0.0000,0.0000,0.0000,0.0000,0.0000
1790997791.1439,0.0200,0.1085,0.0000,0.0000,0.0000,0.0000,0.0000,0.0000,0.0000,-0.0015,0.0000,0.0000,0.0000,0.0000,0.0000,0.0000,0.0000
1790997791.1639,0.0200,0.0996,0.0000,0.0000,0.0000,0.0000,0.0000,0.0000,-0.0015,0.0015,0.0000,0.0000,0.0000,0.0000,0.0000,0.0000,0.0000
1790997791.1839,0.0200,0.0939,0.0000,0.0000,0.0000,0.0000,0.0000,0.0000,0.0000,0.0000,0.0000,0.0000,0.0000,0.0000,0.0000,0.0000,0.0000
1790997791.2039,0.0200,0.0935,0.0000,0.0000,0.0000,0.0000,0.0000,0.0000,0.0000,0.0000,0.0000,0.0000,0.0000,0.0000,0.0000,0.0000,0.0000
1790997791.2239,0.0200,0.0942,0.0000,0.0000,0.0000,0.0000,0.0000,0.0000,0.0000,0.0000,0.0000,0.0000,0.0000,0.0000,0.0000,0.0000,0.0000
1790997791.2438,0.0199,0.0863,0.0000,0.0000,0.0000,0.0000,0.0000,0.0000,0.0000,0.0000,0.0000,0.0000,0.0000,0.0000,0.0000,0.0000,0.0000
1790997791.2639,0.0201,0.0922,0.0000,0.0000,0.0000,0.0000,0.0000,0.0000,0.0015,0.0000,0.0000,0.0000,0.0000,0.0000,0.0000,0.0000,0.0000
1790997791.2837,0.0199,0.0957,0.0000,0.0000,0.0000,0.0000,0.0000,0.0000,0.0000,0.0000,0.0000,0.0000,0.0000,0.0000,0.0000,0.0000,0.0000
1790997791.3038,0.0201,0.1016,0.0000,0.0000,0.0000,0.0000,0.0000,0.0000,-0.0015,0.0000,0.0000,0.0000,0.0000,0.0000,0.0000,0.0000,0.0000
1790997791.3239,0.0200,0.0947,0.0000,0.0000,0.0000,0.0000,0.0000,0.0000,0.0000,0.0000,0.0000,0.0000,0.0000,0.0000,0.0000,0.0000,0.0000
1790997791.3439,0.0200,0.1149,0.0000,0.0000,0.0000,0.0000,0.0000,0.0000,0.0000,0.0000,0.0000,0.0000,0.0000,0.0000,0.0000,0.0000,0.0000
1790997791.3639,0.0200,0.0975,0.0000,0.0000,0.0000,0.0000,0.0000,0.0000,0.0015,0.0000,0.0000,0.0000,0.0000,0.0000,0.0000,0.0000,0.0000
1790997791.3839,0.0200,0.0926,0.0000,0.0000,0.0000,0.0000,0.0000,0.0000,-0.0015,0.0000,0.0000,0.0000,0.0000,0.0000,0.0000,0.0000,0.0000
1790997791.4038,0.0199,0.1026,0.0000,0.0000,0.0000,0.0000,0.0000,0.0000,0.0000,0.0000,0.0000,0.0000,0.0000,0.0000,0.0000,0.0000,0.0000
1790997791.4239,0.0200,0.1611,0.0000,0.0000,0.0000,0.0000,0.0000,0.0000,0.0000,0.0000,0.0000,0.0000,0.0000,0.0000,0.0000,0.0000,0.0000
1790997791.4439,0.0200,0.1489,0.0000,0.0000,0.0000,0.0000,0.0000,0.0000,0.0000,0.0000,0.0000,0.0000,0.0000,0.0000,0.0000,0.0000,0.0000
1790997791.4639,0.0200,0.1410,0.0000,0.0000,0.0000,0.0000,0.0000,0.0000,0.0000,0.0000,0.0000,0.0000,0.0000,0.0000,0.0000,0.0000,0.0000
1790997791.4839,0.0200,0.1097,0.0000,0.0000,0.0000,0.0000,0.0000,0.0000,0.0000,0.0000,0.0000,0.0000,0.0000,0.0000,0.0000,0.0000,0.0000
1790997791.5039,0.0200,0.1049,0.0000,0.0000,0.0000,0.0000,0.0000,0.0000,0.0015,0.0000,0.0000,0.0000,0.0000,0.0000,0.0000,0.0000,0.0000
1790997791.5238,0.0200,0.1041,0.0000,0.0000,0.0000,0.0000,0.0000,0.0000,0.0000,0.0000,0.0000,0.0000,0.0000,0.0000,0.0000,0.0000,0.0000
1790997791.5439,0.0201,0.1332,0.0000,0.0000,0.0000,0.0000,0.0000,0.0000,-0.0015,0.0000,0.0000,0.0000,0.0000,0.0000,0.0000,0.0000,0.0000
1790997791.5638,0.0199,0.1162,0.0000,0.0000,0.0000,0.0000,0.0000,0.0000,0.0000,0.0000,0.0000,0.0000,0.0000,0.0000,0.0000,0.0000,0.0000
1790997791.5839,0.0200,0.1239,0.0000,0.0000,0.0000,0.0000,0.0000,0.0000,0.0000,0.0000,0.0000,0.0000,0.0000,0.0000,0.0000,0.0000,0.0000
1790997791.6039,0.0200,0.1228,0.0000,0.0000,0.0000,0.0000,0.0000,0.0000,0.0000,0.0000,0.0000,0.0000,0.0000,0.0000,0.0000,0.0000,0.0000
1790997791.6238,0.0200,0.1116,0.0000,0.0000,0.0000,0.0000,0.0000,0.0000,0.0000,0.0000,0.0000,0.0000,0.0000,0.0000,0.0000,0.0000,0.0000
1790997791.6438,0.0200,0.1077,0.0000,0.0000,0.0000,0.0000,0.0000,0.0000,0.0015,0.0000,0.0000,0.0000,0.0000,0.0000,0.0000,0.0000,0.0000
1790997791.6639,0.0200,0.1024,0.0000,0.0000,0.0000,0.0000,0.0000,0.0000,0.0000,0.0000,0.0000,0.0000,0.0000,0.0000,0.0000,0.0000,0.0000
1790997791.6839,0.0200,0.1003,0.0000,0.0000,0.0000,0.0000,0.0000,0.0000,-0.0015,0.0000,0.0000,0.0000,0.0000,0.0000,0.0000,0.0000,0.0000
1790997791.7039,0.0200,0.0944,0.0000,0.0000,0.0000,0.0000,0.0000,0.0000,0.0015,0.0000,0.0000,0.0000,0.0000,0.0000,0.0000,0.0000,0.0000
1790997791.7238,0.0200,0.0948,0.0000,0.0000,0.0000,0.0000,0.0000,0.0000,-0.0015,0.0000,0.0000,0.0000,0.0000,0.0000,0.0000,0.0000,0.0000
1790997791.7439,0.0201,0.0936,0.0000,0.0000,0.0000,0.0000,0.0000,0.0000,0.0000,0.0000,0.0000,0.0000,0.0000,0.0000,0.0000,0.0000,0.0000
1790997791.7639,0.0200,0.1187,0.0000,0.0000,0.0000,0.0000,0.0000,0.0000,0.0015,0.0000,0.0000,0.0000,0.0000,0.0000,0.0000,0.0000,0.0000
1790997791.7838,0.0200,0.1021,0.0000,0.0000,0.0000,0.0000,0.0000,0.0000,-0.0015,0.0000,0.0000,0.0000,0.0000,0.0000,0.0000,0.0000,0.0000
1790997791.8038,0.0200,0.0978,0.0000,0.0000,0.0000,0.0000,0.0000,0.0000,0.0000,0.0000,0.0000,0.0000,0.0000,0.0000,0.0000,0.0000,0.0000
1790997791.8239,0.0200,0.1007,0.0000,0.0000,0.0000,0.0000,0.0000,0.0000,0.0000,0.0000,0.0000,0.0000,0.0000,0.0000,0.0000,0.0000,0.0000
1790997791.8438,0.0199,0.0947,0.0000,0.0000,0.0000,0.0000,0.0000,0.0000,0.0000,0.0000,0.0000,0.0000,0.0000,0.0000,0.0000,0.0000,0.0000
1790997791.8638,0.0200,0.0958,0.0000,0.0000,0.0000,0.0000,0.0000,0.0000,0.0000,0.0000,0.0000,0.0000,0.0000,0.0000,0.0000,0.0000,0.0000
1790997791.8838,0.0200,0.0991,0.0000,0.0000,0.0000,0.0000,0.0000,0.0000,0.0000,0.0000,0.0000,0.0000,0.0000,0.0000,0.0000,0.0000,0.0000
1790997791.9039,0.0201,0.0980,0.0000,0.0000,0.0000,0.0000,0.0000,0.0000,0.0000,0.0000,0.0000,0.0000,0.0000,0.0000,0.0000,0.0000,0.0000
1790997791.9238,0.0199,0.0990,0.0000,0.0000,0.0000,0.0000,0.0000,0.0000,0.0000,0.0000,0.0000,0.0000,0.0000,0.0000,0.0000,0.0000,0.0000
1790997791.9439,0.0201,0.0943,0.0000,0.0000,0.0000,0.0000,0.0000,0.0000,0.0000,0.0000,0.0000,0.0000,0.0000,0.0000,0.0000,0.0000,0.0000
1790997791.9639,0.0200,0.1109,0.0000,0.0000,0.0000,0.0000,0.0000,0.0000,0.0000,0.0000,0.0000,0.0000,0.0000,0.0000,0.0000,0.0000,0.0000
1790997791.9839,0.0200,0.0945,0.0000,0.0000,0.0000,0.0000,0.0000,0.0000,0.0000,0.0000,0.0000,0.0000,0.0000,0.0000,0.0000,0.0000,0.0000
1790997792.0039,0.0200,0.0928,0.0000,0.0000,0.0000,0.0000,0.0000,0.0000,0.0000,0.0000,0.0000,0.0000,0.0000,0.0000,0.0000,0.0000,0.0000
1790997792.0238,0.0199,0.0956,0.0000,0.0000,0.0000,0.0000,0.0000,0.0000,0.0000,0.0000,0.0000,0.0000,0.0000,0.0000,0.0000,0.0000,0.0000
1790997792.0439,0.0201,0.0921,0.0000,0.0000,0.0000,0.0000,0.0000,0.0000,0.0000,0.0000,0.0000,0.0000,0.0000,0.0000,0.0000,0.0000,0.0000
1790997792.0639,0.0200,0.0926,0.0000,0.0000,0.0000,0.0000,0.0000,0.0000,0.0015,0.0000,0.0000,0.0000,0.0000,0.0000,0.0000,0.0000,0.0000
1790997792.0838,0.0199,0.2404,0.0000,0.0000,0.0000,0.0000,0.0000,0.0000,-0.0015,0.0000,0.0000,0.0000,0.0000,0.0000,0.0000,0.0000,0.0000
1790997792.1039,0.0201,0.2537,0.0000,0.0000,0.0000,0.0000,0.0000,0.0000,0.0000,0.0000,0.0000,0.0000,0.0000,0.0000,0.0000,0.0000,0.0000
1790997792.1239,0.0200,0.1755,0.0000,0.0000,0.0000,0.0000,0.0000,0.0000,0.0000,0.0000,0.0000,0.0000,0.0000,0.0000,0.0000,0.0000,0.0000
1790997792.1439,0.0200,0.1676,0.0000,0.0000,0.0000,0.0000,0.0000,0.0000,0.0015,0.0000,0.0000,0.0000,0.0000,0.0000,0.0000,0.0000,0.0000
1790997792.1639,0.0200,0.1857,0.0000,0.0000,0.0000,0.0000,0.0000,0.0000,-0.0015,0.0000,0.0000,0.0000,0.0000,0.0000,0.0000,0.0000,0.0000
1790997792.1839,0.0200,0.1775,0.0000,0.0000,0.0000,0.0000,0.0000,0.0000,0.0015,0.0000,0.0000,0.0000,0.0000,0.0000,0.0000,0.0000,0.0000
1790997792.2039,0.0200,0.1512,0.0000,0.0000,0.0000,0.0000,0.0000,0.0000,-0.0015,0.0000,0.0000,0.0000,0.0000,0.0000,0.0000,0.0000,0.0000
1790997792.2239,0.0200,0.0870,0.0000,0.0000,0.0000,0.0000,0.0000,0.0000,0.0015,0.0000,0.0000,0.0000,0.0000,0.0000,0.0000,0.0000,0.0000
1790997792.2439,0.0200,0.1573,0.0000,0.0000,0.0000,0.0000,0.0000,0.0000,-0.0015,0.0000,0.0000,0.0000,0.0000,0.0000,0.0000,0.0000,0.0000
1790997792.2639,0.0200,0.1527,0.0000,0.0000,0.0000,0.0000,0.0000,0.0000,0.0000,0.0000,0.0000,0.0000,0.0000,0.0000,0.0000,0.0000,0.0000
1790997792.2839,0.0200,0.1371,0.0000,0.0000,0.0000,0.0000,0.0000,0.0000,0.0000,0.0000,0.0000,0.0000,0.0000,0.0000,0.0000,0.0000,0.0000
1790997792.3039,0.0200,0.1139,0.0000,0.0000,0.0000,0.0000,0.0000,0.0000,0.0000,0.0000,0.0000,0.0000,0.0000,0.0000,0.0000,0.0000,0.0000
1790997792.3239,0.0200,0.0934,0.0000,0.0000,0.0000,0.0000,0.0000,0.0000,0.0000,0.0000,0.0000,0.0000,0.0000,0.0000,0.0000,0.0000,0.0000
1790997792.3439,0.0200,0.1113,0.0000,0.0000,0.0000,0.0000,0.0000,0.0000,0.0000,-0.0015,0.0000,0.0000,0.0000,0.0000,0.0000,0.0000,0.0000
1790997792.3638,0.0200,0.1063,0.0000,0.0000,0.0000,0.0000,0.0000,0.0000,0.0000,0.0015,0.0000,0.0000,0.0000,0.0000,0.0000,0.0000,0.0000
1790997792.3839,0.0200,0.1083,0.0000,0.0000,0.0000,0.0000,0.0000,0.0000,0.0015,0.0000,0.0000,0.0000,0.0000,0.0000,0.0000,0.0000,0.0000
1790997792.4038,0.0200,0.0964,0.0000,0.0000,0.0000,0.0000,0.0000,0.0000,-0.0015,0.0000,0.0000,0.0000,0.0000,0.0000,0.0000,0.0000,0.0000
1790997792.4239,0.0200,0.0999,0.0000,0.0000,0.0000,0.0000,0.0000,0.0000,0.0000,0.0000,0.0000,0.0000,0.0000,0.0000,0.0000,0.0000,0.0000
1790997792.4439,0.0200,0.1191,0.0000,0.0000,0.0000,0.0000,0.0000,0.0000,0.0000,0.0000,0.0000,0.0000,0.0000,0.0000,0.0000,0.0000,0.0000
1790997792.4639,0.0200,0.1271,0.0000,0.0000,0.0000,0.0000,0.0000,0.0000,0.0000,0.0000,0.0000,0.0000,0.0000,0.0000,0.0000,0.0000,0.0000
1790997792.4839,0.0200,0.0977,0.0000,0.0000,0.0000,0.0000,0.0000,0.0000,0.0000,0.0000,0.0000,0.0000,0.0000,0.0000,0.0000,0.0000,0.0000
1790997792.5039,0.0200,0.0970,0.0000,0.0000,0.0000,0.0000,0.0000,0.0000,0.0000,0.0000,0.0000,0.0000,0.0000,0.0000,0.0000,0.0000,0.0000
1790997792.5239,0.0200,0.0952,0.0000,0.0000,0.0000,0.0000,0.0000,0.0000,0.0015,0.0000,0.0000,0.0000,0.0000,0.0000,0.0000,0.0000,0.0000
1790997792.5439,0.0200,0.0958,0.0000,0.0000,0.0000,0.0000,0.0000,0.0000,-0.0015,0.0000,0.0000,0.0000,0.0000,0.0000,0.0000,0.0000,0.0000
1790997792.5638,0.0200,0.0963,0.0000,0.0000,0.0000,0.0000,0.0000,0.0000,0.0000,0.0000,0.0000,0.0000,0.0000,0.0000,0.0000,0.0000,0.0000
1790997792.5839,0.0200,0.1040,0.0000,0.0000,0.0000,0.0000,0.0000,0.0000,0.0000,0.0000,0.0000,0.0000,0.0000,0.0000,0.0000,0.0000,0.0000
1790997792.6039,0.0200,0.0968,0.0000,0.0000,0.0000,0.0000,0.0000,0.0000,0.0000,0.0000,0.0000,0.0000,0.0000,0.0000,0.0000,0.0000,0.0000
1790997792.6238,0.0199,0.0993,0.0000,0.0000,0.0000,0.0000,0.0000,0.0000,0.0000,0.0000,0.0000,0.0000,0.0000,0.0000,0.0000,0.0000,0.0000
1790997792.6439,0.0200,0.0961,0.0000,0.0000,0.0000,0.0000,0.0000,0.0000,0.0000,0.0000,0.0000,0.0000,0.0000,0.0000,0.0000,0.0000,0.0000
1790997792.6640,0.0201,0.0953,0.0000,0.0000,0.0000,0.0000,0.0000,0.0000,0.0000,0.0000,0.0000,0.0000,0.0000,0.0000,0.0000,0.0000,0.0000
1790997792.6838,0.0199,0.0968,0.0000,0.0000,0.0000,0.0000,0.0000,0.0000,0.0015,0.0000,0.0000,0.0000,0.0000,0.0000,0.0000,0.0000,0.0000
1790997792.7039,0.0201,0.0958,0.0000,0.0000,0.0000,0.0000,0.0000,0.0000,-0.0015,0.0000,0.0000,0.0000,0.0000,0.0000,0.0000,0.0000,0.0000
1790997792.7239,0.0200,0.0958,0.0000,0.0000,0.0000,0.0000,0.0000,0.0000,0.0015,0.0000,0.0000,0.0000,0.0000,0.0000,0.0000,0.0000,0.0000
1790997792.7439,0.0200,0.1323,0.0000,0.0000,0.0000,0.0000,0.0000,0.0000,-0.0015,0.0000,0.0000,0.0000,0.0000,0.0000,0.0000,0.0000,0.0000
1790997792.7639,0.0200,0.1019,0.0000,0.0000,0.0000,0.0000,0.0000,0.0000,0.0000,0.0000,0.0000,0.0000,0.0000,0.0000,0.0000,0.0000,0.0000
1790997792.7838,0.0200,0.1098,0.0000,0.0000,0.0000,0.0000,0.0000,0.0000,0.0000,0.0000,0.0000,0.0000,0.0000,0.0000,0.0000,0.0000,0.0000
1790997792.8039,0.0200,0.0963,0.0000,0.0000,0.0000,0.0000,0.0000,0.0000,0.0000,0.0000,0.0000,0.0000,0.0000,0.0000,0.0000,0.0000,0.0000
1790997792.8239,0.0201,0.0990,0.0000,0.0000,0.0000,0.0000,0.0000,0.0000,0.0000,0.0000,0.0000,0.0000,0.0000,0.0000,0.0000,0.0000,0.0000
1790997792.8439,0.0200,0.0955,0.0000,0.0000,0.0000,0.0000,0.0000,0.0000,0.0000,0.0000,0.0000,0.0000,0.0000,0.0000,0.0000,0.0000,0.0000
1790997792.8639,0.0200,0.0965,0.0000,0.0000,0.0000,0.0000,0.0000,0.0000,0.0000,0.0000,0.0000,0.0000,0.0000,0.0000,0.0000,0.0000,0.0000
1790997792.8839,0.0200,0.0957,0.0000,0.0000,0.0000,0.0000,0.0000,0.0000,0.0000,0.0000,0.0000,0.0000,0.0000,0.0000,0.0000,0.0000,0.0000
1790997792.9039,0.0200,0.0960,0.0000,0.0000,0.0000,0.0000,0.0000,0.0000,0.0015,0.0000,0.0000,0.0000,0.0000,0.0000,0.0000,0.0000,0.0000
1790997792.9238,0.0200,0.0966,0.0000,0.0000,0.0000,0.0000,0.0000,0.0000,-0.0015,0.0000,0.0000,0.0000,0.0000,0.0000,0.0000,0.0000,0.0000
1790997792.9440,0.0201,0.0950,0.0000,0.0000,0.0000,0.0000,0.0000,0.0000,0.0000,0.0000,0.0000,0.0000,0.0000,0.0000,0.0000,0.0000,0.0000
1790997792.9639,0.0200,0.0955,0.0000,0.0000,0.0000,0.0000,0.0000,0.0000,0.0000,0.0000,0.0000,0.0000,0.0000,0.0000,0.0000,0.0000,0.0000
1790997792.9838,0.0199,0.0953,0.0000,0.0000,0.0000,0.0000,0.0000,0.0000,0.0000,0.0000,0.0000,0.0000,0.0000,0.0000,0.0000,0.0000,0.0000
1790997793.0039,0.0201,0.1050,0.0000,0.0000,0.0000,0.0000,0.0000,0.0000,0.0000,0.0000,0.0000,0.0000,0.0000,0.0000,0.0000,0.0000,0.0000
1790997793.0239,0.0200,0.0975,0.0000,0.0000,0.0000,0.0000,0.0000,0.0000,0.0015,0.0000,0.0000,0.0000,0.0000,0.0000,0.0000,0.0000,0.0000
1790997793.0439,0.0199,0.0959,0.0000,0.0000,0.0000,0.0000,0.0000,0.0000,-0.0015,0.0000,0.0000,0.0000,0.0000,0.0000,0.0000,0.0000,0.0000
1790997793.0639,0.0201,0.0954,0.0000,0.0000,0.0000,0.0000,0.0000,0.0000,0.0000,0.0000,0.0000,0.0000,0.0000,0.0000,0.0000,0.0000,0.0000
1790997793.0839,0.0200,0.1352,0.0000,0.0000,0.0000,0.0000,0.0000,0.0000,0.0015,0.0000,0.0000,0.0000,0.0000,0.0000,0.0000,0.0000,0.0000
1790997793.1039,0.0199,0.1003,0.0000,0.0000,0.0000,0.0000,0.0000,0.0000,-0.0015,0.0000,0.0000,0.0000,0.0000,0.0000,0.0000,0.0000,0.0000
1790997793.1239,0.0201,0.0962,0.0000,0.0000,0.0000,0.0000,0.0000,0.0000,0.0015,0.0000,0.0000,0.0000,0.0000,0.0000,0.0000,0.0000,0.0000
1790997793.1437,0.0198,0.1019,0.0000,0.0000,0.0000,0.0000,0.0000,0.0000,0.0000,0.0000,0.0000,0.0000,0.0000,0.0000,0.0000,0.0000,0.0000
1790997793.1638,0.0201,0.1185,0.0000,0.0000,0.0000,0.0000,0.0000,0.0000,0.0000,0.0000,0.0000,0.0000,0.0000,0.0000,0.0000,0.0000,0.0000
1790997793.1839,0.0201,0.1832,0.0000,0.0000,0.0000,0.0000,0.0000,0.0000,-0.0015,0.0000,0.0000,0.0000,0.0000,0.0000,0.0000,0.0000,0.0000
1790997793.2038,0.0199,0.1449,0.0000,0.0000,0.0000,0.0000,0.0000,0.0000,0.0000,0.0000,0.0000,0.0000,0.0000,0.0000,0.0000,0.0000,0.0000
1790997793.2240,0.0202,0.2011,0.0000,0.0000,0.0000,0.0000,0.0000,0.0000,0.0015,0.0000,0.0000,0.0000,0.0000,0.0000,0.0000,0.0000,0.0000
1790997793.2438,0.0198,0.1541,0.0000,0.0000,0.0000,0.0000,0.0000,0.0000,-0.0015,0.0000,0.0000,0.0000,0.0000,0.0000,0.0000,0.0000,0.0000
1790997793.2638,0.0201,0.1073,0.0000,0.0000,0.0000,0.0000,0.0000,0.0000,0.0000,0.0000,0.0000,0.0000,0.0000,0.0000,0.0000,0.0000,0.0000
1790997793.2839,0.0200,0.0816,0.0000,0.0000,0.0000,0.0000,0.0000,0.0000,0.0015,0.0000,0.0000,0.0000,0.0000,0.0000,0.0000,0.0000,0.0000
1790997793.3038,0.0200,0.0870,0.0000,0.0000,0.0000,0.0000,0.0000,0.0000,-0.0015,0.0000,0.0000,0.0000,0.0000,0.0000,0.0000,0.0000,0.0000
1790997793.3239,0.0200,0.0995,0.0000,0.0000,0.0000,0.0000,0.0000,0.0000,0.0000,0.0000,0.0000,0.0000,0.0000,0.0000,0.0000,0.0000,0.0000
1790997793.3438,0.0199,0.1010,0.0000,0.0000,0.0000,0.0000,0.0000,0.0000,0.0015,0.0000,0.0000,0.0000,0.0000,0.0000,0.0000,0.0000,0.0000
1790997793.3639,0.0201,0.0964,0.0000,0.0000,0.0000,0.0000,0.0000,0.0000,-0.0015,0.0000,0.0000,0.0000,0.0000,0.0000,0.0000,0.0000,0.0000
1790997793.3838,0.0200,0.0966,0.0000,0.0000,0.0000,0.0000,0.0000,0.0000,0.0000,0.0000,0.0000,0.0000,0.0000,0.0000,0.0000,0.0000,0.0000
1790997793.4039,0.0200,0.1040,0.0000,0.0000,0.0000,0.0000,0.0000,0.0000,0.0015,0.0000,0.0000,0.0000,0.0000,0.0000,0.0000,0.0000,0.0000
1790997793.4238,0.0199,0.1028,0.0000,0.0000,0.0000,0.0000,0.0000,0.0000,-0.0015,0.0000,0.0000,0.0000,0.0000,0.0000,0.0000,0.0000,0.0000
1790997793.4438,0.0200,0.0960,0.0000,0.0000,0.0000,0.0000,0.0000,0.0000,0.0015,0.0000,0.0000,0.0000,0.0000,0.0000,0.0000,0.0000,0.0000
1790997793.4638,0.0200,0.1009,0.0000,0.0000,0.0000,0.0000,0.0000,0.0000,-0.0015,0.0000,0.0000,0.0000,0.0000,0.0000,0.0000,0.0000,0.0000
1790997793.4839,0.0201,0.0981,0.0000,0.0000,0.0000,0.0000,0.0000,0.0000,0.0015,0.0000,0.0000,0.0000,0.0000,0.0000,0.0000,0.0000,0.0000
1790997793.5038,0.0199,0.0956,0.0000,0.0000,0.0000,0.0000,0.0000,0.0000,-0.0015,0.0000,0.0000,0.0000,0.0000,0.0000,0.0000,0.0000,0.0000
1790997793.5239,0.0200,0.0968,0.0000,0.0000,0.0000,0.0000,0.0000,0.0000,0.0000,0.0000,0.0000,0.0000,0.0000,0.0000,0.0000,0.0000,0.0000
1790997793.5438,0.0200,0.0958,0.0000,0.0000,0.0000,0.0000,0.0000,0.0000,0.0000,0.0000,0.0000,0.0000,0.0000,0.0000,0.0000,0.0000,0.0000
1790997793.5639,0.0201,0.0964,0.0000,0.0000,0.0000,0.0000,0.0000,0.0000,0.0000,0.0000,0.0000,0.0000,0.0000,0.0000,0.0000,0.0000,0.0000
1790997793.5839,0.0200,0.0972,0.0000,0.0000,0.0000,0.0000,0.0000,0.0000,0.0015,0.0000,0.0000,0.0000,0.0000,0.0000,0.0000,0.0000,0.0000
1790997793.6038,0.0200,0.0963,0.0000,0.0000,0.0000,0.0000,0.0000,0.0000,-0.0015,-0.0015,0.0000,0.0000,0.0000,0.0000,0.0000,0.0000,0.0000
1790997793.6239,0.0201,0.1043,0.0000,0.0000,0.0000,0.0000,0.0000,0.0000,0.0000,0.0015,0.0000,0.0000,0.0000,0.0000,0.0000,0.0000,0.0000
1790997793.6439,0.0199,0.0967,0.0000,0.0000,0.0000,0.0000,0.0000,0.0000,0.0000,0.0000,0.0000,0.0000,0.0000,0.0000,0.0000,0.0000,0.0000
1790997793.6639,0.0201,0.0960,0.0000,0.0000,0.0000,0.0000,0.0000,0.0000,0.0015,0.0000,0.0000,0.0000,0.0000,0.0000,0.0000,0.0000,0.0000
1790997793.6839,0.0200,0.0958,0.0000,0.0000,0.0000,0.0000,0.0000,0.0000,-0.0015,0.0000,0.0000,0.0000,0.0000,0.0000,0.0000,0.0000,0.0000
1790997793.7038,0.0200,0.0924,0.0000,0.0000,0.0000,0.0000,0.0000,0.0000,0.0000,0.0000,0.0000,0.0000,0.0000,0.0000,0.0000,0.0000,0.0000
1790997793.7239,0.0201,0.0966,0.0000,0.0000,0.0000,0.0000,0.0000,0.0000,0.0000,0.0000,0.0000,0.0000,0.0000,0.0000,0.0000,0.0000,0.0000
1790997793.7439,0.0200,0.0957,0.0000,0.0000,0.0000,0.0000,0.0000,0.0000,0.0000,0.0000,0.0000,0.0000,0.0000,0.0000,0.0000,0.0000,0.0000
1790997793.7639,0.0199,0.0966,0.0000,0.0000,0.0000,0.0000,0.0000,0.0000,0.0000,0.0000,0.0000,0.0000,0.0000,0.0000,0.0000,0.0000,0.0000
1790997793.7839,0.0200,0.0954,0.0000,0.0000,0.0000,0.0000,0.0000,0.0000,0.0015,0.0000,0.0000,0.0000,0.0000,0.0000,0.0000,0.0000,0.0000
1790997793.8039,0.0200,0.0962,0.0000,0.0000,0.0000,0.0000,0.0000,0.0000,-0.0015,0.0000,0.0000,0.0000,0.0000,0.0000,0.0000,0.0000,0.0000
1790997793.8239,0.0200,0.1081,0.0000,0.0000,0.0000,0.0000,0.0000,0.0000,0.0015,0.0000,0.0000,0.0000,0.0000,0.0000,0.0000,0.0000,0.0000
1790997793.8439,0.0200,0.0958,0.0000,0.0000,0.0000,0.0000,0.0000,0.0000,-0.0015,0.0000,0.0000,0.0000,0.0000,0.0000,0.0000,0.0000,0.0000
1790997793.8639,0.0200,0.0955,0.0000,0.0000,0.0000,0.0000,0.0000,0.0000,0.0000,0.0000,0.0000,0.0000,0.0000,0.0000,0.0000,0.0000,0.0000
1790997793.8839,0.0200,0.0960,0.0000,0.0000,0.0000,0.0000,0.0000,0.0000,0.0000,0.0000,0.0000,0.0000,0.0000,0.0000,0.0000,0.0000,0.0000
1790997793.9038,0.0200,0.0961,0.0000,0.0000,0.0000,0.0000,0.0000,0.0000,0.0015,0.0000,0.0000,0.0000,0.0000,0.0000,0.0000,0.0000,0.0000
1790997793.9239,0.0201,0.0958,0.0000,0.0000,0.0000,0.0000,0.0000,0.0000,-0.0015,0.0000,0.0000,0.0000,0.0000,0.0000,0.0000,0.0000,0.0000
1790997793.9439,0.0200,0.1084,0.0000,0.0000,0.0000,0.0000,0.0000,0.0000,0.0000,0.0000,0.0000,0.0000,0.0000,0.0000,0.0000,0.0000,0.0000
1790997793.9639,0.0200,0.0974,0.0000,0.0000,0.0000,0.0000,0.0000,0.0000,0.0000,0.0000,0.0000,0.0000,0.0000,0.0000,0.0000,0.0000,0.0000
1790997793.9839,0.0200,0.0962,0.0000,0.0000,0.0000,0.0000,0.0000,0.0000,0.0015,0.0000,0.0000,0.0000,0.0000,0.0000,0.0000,0.0000,0.0000
1790997794.0039,0.0200,0.0964,0.0000,0.0000,0.0000,0.0000,0.0000,0.0000,-0.0015,0.0000,0.0000,0.0000,0.0000,0.0000,0.0000,0.0000,0.0000
1790997794.0239,0.0200,0.1046,0.0000,0.0000,0.0000,0.0000,0.0000,0.0000,0.0015,0.0000,0.0000,0.0000,0.0000,0.0000,0.0000,0.0000,0.0000
1790997794.0439,0.0200,0.0958,0.0000,0.0000,0.0000,0.0000,0.0000,0.0000,-0.0015,0.0000,0.0000,0.0000,0.0000,0.0000,0.0000,0.0000,0.0000
1790997794.0638,0.0200,0.0964,0.0000,0.0000,0.0000,0.0000,0.0000,0.0000,0.0015,0.0000,0.0000,0.0000,0.0000,0.0000,0.0000,0.0000,0.0000
1790997794.0839,0.0201,0.0953,0.0000,0.0000,0.0000,0.0000,0.0000,0.0000,-0.0015,0.0000,0.0000,0.0000,0.0000,0.0000,0.0000,0.0000,0.0000
1790997794.1039,0.0200,0.0960,0.0000,0.0000,0.0000,0.0000,0.0000,0.0000,0.0015,0.0000,0.0000,0.0000,0.0000,0.0000,0.0000,0.0000,0.0000
1790997794.1238,0.0199,0.0959,0.0000,0.0000,0.0000,0.0000,0.0000,0.0000,0.0000,0.0000,0.0000,0.0000,0.0000,0.0000,0.0000,0.0000,0.0000
1790997794.1439,0.0200,0.0955,0.0000,0.0000,0.0000,0.0000,0.0000,0.0000,-0.0015,0.0000,0.0000,0.0000,0.0000,0.0000,0.0000,0.0000,0.0000
1790997794.1639,0.0201,0.0952,0.0000,0.0000,0.0000,0.0000,0.0000,0.0000,0.0015,0.0000,0.0000,0.0000,0.0000,0.0000,0.0000,0.0000,0.0000
1790997794.1837,0.0198,0.1203,0.0000,0.0000,0.0000,0.0000,0.0000,0.0000,-0.0015,0.0000,0.0000,0.0000,0.0000,0.0000,0.0000,0.0000,0.0000
1790997794.2039,0.0201,0.0964,0.0000,0.0000,0.0000,0.0000,0.0000,0.0000,0.0015,0.0000,0.0000,0.0000,0.0000,0.0000,0.0000,0.0000,0.0000
1790997794.2238,0.0200,0.0977,0.0000,0.0000,0.0000,0.0000,0.0000,0.0000,0.0000,0.0000,0.0000,0.0000,0.0000,0.0000,0.0000,0.0000,0.0000
1790997794.2439,0.0200,0.0985,0.0000,0.0000,0.0000,0.0000,0.0000,0.0000,-0.0015,0.0000,0.0000,0.0000,0.0000,0.0000,0.0000,0.0000,0.0000
1790997794.2639,0.0200,0.0954,0.0000,0.0000,0.0000,0.0000,0.0000,0.0000,0.0000,0.0000,0.0000,0.0000,0.0000,0.0000,0.0000,0.0000,0.0000
1790997794.2839,0.0200,0.0957,0.0000,0.0000,0.0000,0.0000,0.0000,0.0000,0.0000,0.0000,0.0000,0.0000,0.0000,0.0000,0.0000,0.0000,0.0000
1790997794.3039,0.0200,0.0977,0.0000,0.0000,0.0000,0.0000,0.0000,0.0000,0.0015,0.0000,0.0000,0.0000,0.0000,0.0000,0.0000,0.0000,0.0000
1790997794.3239,0.0201,0.0961,0.0000,0.0000,0.0000,0.0000,0.0000,0.0000,-0.0015,0.0000,0.0000,0.0000,0.0000,0.0000,0.0000,0.0000,0.0000
1790997794.3439,0.0199,0.0959,0.0000,0.0000,0.0000,0.0000,0.0000,0.0000,0.0000,0.0000,0.0000,0.0000,0.0000,0.0000,0.0000,0.0000,0.0000
1790997794.3638,0.0200,0.0952,0.0000,0.0000,0.0000,0.0000,0.0000,0.0000,0.0000,0.0000,0.0000,0.0000,0.0000,0.0000,0.0000,0.0000,0.0000
1790997794.3839,0.0200,0.0969,0.0000,0.0000,0.0000,0.0000,0.0000,0.0000,0.0015,0.0000,0.0000,0.0000,0.0000,0.0000,0.0000,0.0000,0.0000
1790997794.4039,0.0200,0.0959,0.0000,0.0000,0.0000,0.0000,0.0000,0.0000,-0.0015,0.0000,0.0000,0.0000,0.0000,0.0000,0.0000,0.0000,0.0000
1790997794.4238,0.0199,0.0990,0.0000,0.0000,0.0000,0.0000,0.0000,0.0000,0.0000,0.0000,0.0000,0.0000,0.0000,0.0000,0.0000,0.0000,0.0000
1790997794.4439,0.0201,0.1028,0.0000,0.0000,0.0000,0.0000,0.0000,0.0000,0.0000,0.0000,0.0000,0.0000,0.0000,0.0000,0.0000,0.0000,0.0000
1790997794.4639,0.0200,0.0969,0.0000,0.0000,0.0000,0.0000,0.0000,0.0000,0.0000,0.0000,0.0000,0.0000,0.0000,0.0000,0.0000,0.0000,0.0000
1790997794.4839,0.0200,0.0963,0.0000,0.0000,0.0000,0.0000,0.0000,0.0000,0.0015,0.0000,0.0000,0.0000,0.0000,0.0000,0.0000,0.0000,0.0000
1790997794.5038,0.0199,0.0957,0.0000,0.0000,0.0000,0.0000,0.0000,0.0000,0.0000,0.0000,0.0000,0.0000,0.0000,0.0000,0.0000,0.0000,0.0000
1790997794.5239,0.0201,0.1003,0.0000,0.0000,0.0000,0.0000,0.0000,0.0000,-0.0015,0.0000,0.0000,0.0000,0.0000,0.0000,0.0000,0.0000,0.0000
1790997794.5438,0.0199,0.1098,0.0000,0.0000,0.0000,0.0000,0.0000,0.0000,0.0000,0.0000,0.0000,0.0000,0.0000,0.0000,0.0000,0.0000,0.0000
1790997794.5639,0.0201,0.0971,0.0000,0.0000,0.0000,0.0000,0.0000,0.0000,0.0000,0.0000,0.0000,0.0000,0.0000,0.0000,0.0000,0.0000,0.0000
1790997794.5839,0.0200,0.0961,0.0000,0.0000,0.0000,0.0000,0.0000,0.0000,0.0000,0.0000,0.0000,0.0000,0.0000,0.0000,0.0000,0.0000,0.0000
1790997794.6039,0.0200,0.0972,0.0000,0.0000,0.0000,0.0000,0.0000,0.0000,0.0000,0.0000,0.0000,0.0000,0.0000,0.0000,0.0000,0.0000,0.0000
1790997794.6239,0.0200,0.0997,0.0000,0.0000,0.0000,0.0000,0.0000,0.0000,0.0000,0.0000,0.0000,0.0000,0.0000,0.0000,0.0000,0.0000,0.0000
1790997794.6439,0.0200,0.1019,0.0000,0.0000,0.0000,0.0000,0.0000,0.0000,0.0015,0.0000,0.0000,0.0000,0.0000,0.0000,0.0000,0.0000,0.0000
1790997794.6639,0.0200,0.0984,0.0000,0.0000,0.0000,0.0000,0.0000,0.0000,-0.0015,0.0000,0.0000,0.0000,0.0000,0.0000,0.0000,0.0000,0.0000
1790997794.6839,0.0200,0.0955,0.0000,0.0000,0.0000,0.0000,0.0000,0.0000,0.0015,0.0000,0.0000,0.0000,0.0000,0.0000,0.0000,0.0000,0.0000
1790997794.7039,0.0200,0.0958,0.0000,0.0000,0.0000,0.0000,0.0000,0.0000,-0.0015,0.0000,0.0000,0.0000,0.0000,0.0000,0.0000,0.0000,0.0000
1790997794.7239,0.0200,0.0965,0.0000,0.0000,0.0000,0.0000,0.0000,0.0000,0.0015,0.0000,0.0000,0.0000,0.0000,0.0000,0.0000,0.0000,0.0000
1790997794.7439,0.0200,0.0961,0.0000,0.0000,0.0000,0.0000,0.0000,0.0000,-0.0015,0.0000,0.0000,0.0000,0.0000,0.0000,0.0000,0.0000,0.0000
1790997794.7639,0.0200,0.0959,0.0000,0.0000,0.0000,0.0000,0.0000,0.0000,0.0000,0.0000,0.0000,0.0000,0.0000,0.0000,0.0000,0.0000,0.0000
1790997794.7839,0.0200,0.1557,0.0000,0.0000,0.0000,0.0000,0.0000,0.0000,0.0015,0.0000,0.0000,0.0000,0.0000,0.0000,0.0000,0.0000,0.0000
1790997794.8039,0.0200,0.0967,0.0000,0.0000,0.0000,0.0000,0.0000,0.0000,-0.0015,0.0000,0.0000,0.0000,0.0000,0.0000,0.0000,0.0000,0.0000
1790997794.8238,0.0199,0.0980,0.0000,0.0000,0.0000,0.0000,0.0000,0.0000,0.0015,0.0000,0.0000,0.0000,0.0000,0.0000,0.0000,0.0000,0.0000
1790997794.8439,0.0200,0.0961,0.0000,0.0000,0.0000,0.0000,0.0000,0.0000,-0.0015,0.0000,0.0000,0.0000,0.0000,0.0000,0.0000,0.0000,0.0000
1790997794.8639,0.0200,0.0929,0.0000,0.0000,0.0000,0.0000,0.0000,0.0000,0.0000,0.0000,0.0000,0.0000,0.0000,0.0000,0.0000,0.0000,0.0000
1790997794.8839,0.0200,0.0916,0.0000,0.0000,0.0000,0.0000,0.0000,0.0000,0.0000,0.0000,0.0000,0.0000,0.0000,0.0000,0.0000,0.0000,0.0000
1790997794.9039,0.0200,0.0917,0.0000,0.0000,0.0000,0.0000,0.0000,0.0000,0.0000,0.0000,0.0000,0.0000,0.0000,0.0000,0.0000,0.0000,0.0000
1790997794.9239,0.0200,0.0921,0.0000,0.0000,0.0000,0.0000,0.0000,0.0000,0.0000,0.0000,0.0000,0.0000,0.0000,0.0000,0.0000,0.0000,0.0000
1790997794.9439,0.0200,0.0913,0.0000,0.0000,0.0000,0.0000,0.0000,0.0000,0.0015,0.0000,0.0000,0.0000,0.0000,0.0000,0.0000,0.0000,0.0000
1790997794.9639,0.0200,0.0926,0.0000,0.0000,0.0000,0.0000,0.0000,0.0000,-0.0015,0.0000,0.0000,0.0000,0.0000,0.0000,0.0000,0.0000,0.0000
1790997794.9839,0.0200,0.0919,0.0000,0.0000,0.0000,0.0000,0.0000,0.0000,0.0000,0.0000,0.0000,0.0000,0.0000,0.0000,0.0000,0.0000,0.0000
1790997795.0039,0.0200,0.0923,0.0000,0.0000,0.0000,0.0000,0.0000,0.0000,0.0000,0.0000,0.0000,0.0000,0.0000,0.0000,0.0000,0.0000,0.0000
1790997795.0239,0.0200,0.0944,0.0000,0.0000,0.0000,0.0000,0.0000,0.0000,0.0015,0.0000,0.0000,0.0000,0.0000,0.0000,0.0000,0.0000,0.0000
1790997795.0439,0.0200,0.0922,0.0000,0.0000,0.0000,0.0000,0.0000,0.0000,0.0000,0.0000,0.0000,0.0000,0.0000,0.0000,0.0000,0.0000,0.0000
1790997795.0639,0.0200,0.1004,0.0000,0.0000,0.0000,0.0000,0.0000,0.0000,0.0000,0.0000,0.0000,0.0000,0.0000,0.0000,0.0000,0.0000,0.0000
1790997795.0839,0.0200,0.0925,0.0000,0.0000,0.0000,0.0000,0.0000,0.0000,-0.0015,0.0000,0.0000,0.0000,0.0000,0.0000,0.0000,0.0000,0.0000
1790997795.1039,0.0199,0.0911,0.0000,0.0000,0.0000,0.0000,0.0000,0.0000,0.0000,0.0000,0.0000,0.0000,0.0000,0.0000,0.0000,0.0000,0.0000
1790997795.1239,0.0201,0.0915,0.0000,0.0000,0.0000,0.0000,0.0000,0.0000,0.0000,0.0000,0.0000,0.0000,0.0000,0.0000,0.0000,0.0000,0.0000
1790997795.1439,0.0199,0.1066,0.0000,0.0000,0.0000,0.0000,0.0000,0.0000,0.0000,0.0000,0.0000,0.0000,0.0000,0.0000,0.0000,0.0000,0.0000
1790997795.1639,0.0200,0.0950,0.0000,0.0000,0.0000,0.0000,0.0000,0.0000,0.0000,0.0000,0.0000,0.0000,0.0000,0.0000,0.0000,0.0000,0.0000
1790997795.1838,0.0199,0.0970,0.0000,0.0000,0.0000,0.0000,0.0000,0.0000,0.0000,0.0000,0.0000,0.0000,0.0000,0.0000,0.0000,0.0000,0.0000
1790997795.2040,0.0202,0.0970,0.0000,0.0000,0.0000,0.0000,0.0000,0.0000,0.0000,0.0000,0.0000,0.0000,0.0000,0.0000,0.0000,0.0000,0.0000
1790997795.2239,0.0199,0.0949,0.0000,0.0000,0.0000,0.0000,0.0000,0.0000,0.0000,0.0000,0.0000,0.0000,0.0000,0.0000,0.0000,0.0000,0.0000
1790997795.2439,0.0200,0.0952,0.0000,0.0000,0.0000,0.0000,0.0000,0.0000,0.0015,0.0000,0.0000,0.0000,0.0000,0.0000,0.0000,0.0000,0.0000
1790997795.2638,0.0199,0.3723,0.0000,0.0000,0.0000,0.0000,0.0000,0.0000,-0.0015,0.0000,0.0000,0.0000,0.0000,0.0000,0.0000,0.0000,0.0000
1790997795.2839,0.0201,0.0971,0.0000,0.0000,0.0000,0.0000,0.0000,0.0000,0.0000,0.0000,0.0000,0.0000,0.0000,0.0000,0.0000,0.0000,0.0000
1790997795.3039,0.0200,0.0957,0.0000,0.0000,0.0000,0.0000,0.0000,0.0000,0.0000,0.0000,0.0000,0.0000,0.0000,0.0000,0.0000,0.0000,0.0000
1790997795.3238,0.0200,0.1189,0.0000,0.0000,0.0000,0.0000,0.0000,0.0000,0.0000,0.0000,0.0000,0.0000,0.0000,0.0000,0.0000,0.0000,0.0000
1790997795.3439,0.0200,0.0955,0.0000,0.0000,0.0000,0.0000,0.0000,0.0000,0.0015,0.0000,0.0000,0.0000,0.0000,0.0000,0.0000,0.0000,0.0000
1790997795.3638,0.0199,0.0964,0.0000,0.0000,0.0000,0.0000,0.0000,0.0000,-0.0015,0.0000,0.0000,0.0000,0.0000,0.0000,0.0000,0.0000,0.0000
1790997795.3839,0.0201,0.3227,0.0000,0.0000,0.0000,0.0000,0.0000,0.0000,0.0000,0.0000,0.0000,0.0000,0.0000,0.0000,0.0000,0.0000,0.0000
1790997795.4039,0.0200,0.0956,0.0000,0.0000,0.0000,0.0000,0.0000,0.0000,0.0015,0.0000,0.0000,0.0000,0.0000,0.0000,0.0000,0.0000,0.0000
1790997795.4239,0.0200,0.0990,0.0000,0.0000,0.0000,0.0000,0.0000,0.0000,-0.0015,0.0000,0.0000,0.0000,0.0000,0.0000,0.0000,0.0000,0.0000
1790997795.4439,0.0200,0.3948,0.0000,0.0000,0.0000,0.0000,0.0000,0.0000,0.0000,0.0000,0.0000,0.0000,0.0000,0.0000,0.0000,0.0000,0.0000
1790997795.4638,0.0200,0.0984,0.0000,0.0000,0.0000,0.0000,0.0000,0.0000,0.0000,0.0000,0.0000,0.0000,0.0000,0.0000,0.0000,0.0000,0.0000
1790997795.4838,0.0200,0.0956,0.0000,0.0000,0.0000,0.0000,0.0000,0.0000,0.0000,0.0000,0.0000,0.0000,0.0000,0.0000,0.0000,0.0000,0.0000
1790997795.5038,0.0200,0.3520,0.0000,0.0000,0.0000,0.0000,0.0000,0.0000,0.0015,0.0000,0.0000,0.0000,0.0000,0.0000,0.0000,0.0000,0.0000
1790997795.5239,0.0200,0.1022,0.0000,0.0000,0.0000,0.0000,0.0000,0.0000,-0.0015,0.0000,0.0000,0.0000,0.0000,0.0000,0.0000,0.0000,0.0000
1790997795.5439,0.0200,0.0964,0.0000,0.0000,0.0000,0.0000,0.0000,0.0000,0.0000,0.0000,0.0000,0.0000,0.0000,0.0000,0.0000,0.0000,0.0000
1790997795.5639,0.0200,0.2735,0.0000,0.0000,0.0000,0.0000,0.0000,0.0000,0.0000,0.0000,0.0000,0.0000,0.0000,0.0000,0.0000,0.0000,0.0000
1790997795.5839,0.0200,0.0968,0.0000,0.0000,0.0000,0.0000,0.0000,0.0000,0.0015,0.0000,0.0000,0.0000,0.0000,0.0000,0.0000,0.0000,0.0000
1790997795.6039,0.0200,0.0957,0.0000,0.0000,0.0000,0.0000,0.0000,0.0000,-0.0015,0.0000,0.0000,0.0000,0.0000,0.0000,0.0000,0.0000,0.0000
1790997795.6239,0.0200,0.1014,0.0000,0.0000,0.0000,0.0000,0.0000,0.0000,0.0000,0.0000,0.0000,0.0000,0.0000,0.0000,0.0000,0.0000,0.0000
1790997795.6439,0.0200,0.0962,0.0000,0.0000,0.0000,0.0000,0.0000,0.0000,0.0000,0.0000,0.0000,0.0000,0.0000,0.0000,0.0000,0.0000,0.0000
1790997795.6638,0.0200,0.0950,0.0000,0.0000,0.0000,0.0000,0.0000,0.0000,0.0000,0.0000,0.0000,0.0000,0.0000,0.0000,0.0000,0.0000,0.0000
1790997795.6839,0.0201,0.1819,0.0000,0.0000,0.0000,0.0000,0.0000,0.0000,0.0015,0.0000,0.0000,0.0000,0.0000,0.0000,0.0000,0.0000,0.0000
1790997795.7039,0.0200,0.0969,0.0000,0.0000,0.0000,0.0000,0.0000,0.0000,-0.0015,0.0000,0.0000,0.0000,0.0000,0.0000,0.0000,0.0000,0.0000
1790997795.7239,0.0200,0.0966,0.0000,0.0000,0.0000,0.0000,0.0000,0.0000,0.0000,0.0000,0.0000,0.0000,0.0000,0.0000,0.0000,0.0000,0.0000
1790997795.7438,0.0199,0.3848,0.0000,0.0000,0.0000,0.0000,0.0000,0.0000,0.0000,0.0000,0.0000,0.0000,0.0000,0.0000,0.0000,0.0000,0.0000
1790997795.7639,0.0201,0.0967,0.0000,0.0000,0.0000,0.0000,0.0000,0.0000,0.0000,0.0000,0.0000,0.0000,0.0000,0.0000,0.0000,0.0000,0.0000
1790997795.7839,0.0200,0.0959,0.0000,0.0000,0.0000,0.0000,0.0000,0.0000,0.0000,0.0000,0.0000,0.0000,0.0000,0.0000,0.0000,0.0000,0.0000
1790997795.8039,0.0200,0.2494,0.0000,0.0000,0.0000,0.0000,0.0000,0.0000,0.0000,0.0000,0.0000,0.0000,0.0000,0.0000,0.0000,0.0000,0.0000
1790997795.8239,0.0200,0.0998,0.0000,0.0000,0.0000,0.0000,0.0000,0.0000,0.0000,0.0000,0.0000,0.0000,0.0000,0.0000,0.0000,0.0000,0.0000
1790997795.8439,0.0200,0.0960,0.0000,0.0000,0.0000,0.0000,0.0000,0.0000,0.0000,0.0000,0.0000,0.0000,0.0000,0.0000,0.0000,0.0000,0.0000
1790997795.8639,0.0200,0.3594,0.0000,0.0000,0.0000,0.0000,0.0000,0.0000,0.0000,0.0000,0.0000,0.0000,0.0000,0.0000,0.0000,0.0000,0.0000
1790997795.8839,0.0200,0.1060,0.0000,0.0000,0.0000,0.0000,0.0000,0.0000,0.0015,0.0000,0.0000,0.0000,0.0000,0.0000,0.0000,0.0000,0.0000
1790997795.9039,0.0200,0.0973,0.0000,0.0000,0.0000,0.0000,0.0000,0.0000,-0.0015,0.0000,0.0000,0.0000,0.0000,0.0000,0.0000,0.0000,0.0000
1790997795.9239,0.0200,0.3041,0.0000,0.0000,0.0000,0.0000,0.0000,0.0000,0.0015,0.0000,0.0000,0.0000,0.0000,0.0000,0.0000,0.0000,0.0000
1790997795.9439,0.0200,0.0960,0.0000,0.0000,0.0000,0.0000,0.0000,0.0000,-0.0015,0.0000,0.0000,0.0000,0.0000,0.0000,0.0000,0.0000,0.0000
1790997795.9639,0.0200,0.0968,0.0000,0.0000,0.0000,0.0000,0.0000,0.0000,0.0000,0.0000,0.0000,0.0000,0.0000,0.0000,0.0000,0.0000,0.0000
1790997795.9839,0.0200,0.2785,0.0000,0.0000,0.0000,0.0000,0.0000,0.0000,0.0000,0.0000,0.0000,0.0000,0.0000,0.0000,0.0000,0.0000,0.0000
1790997796.0039,0.0201,0.0960,0.0000,0.0000,0.0000,0.0000,0.0000,0.0000,0.0000,0.0000,0.0000,0.0000,0.0000,0.0000,0.0000,0.0000,0.0000
1790997796.0239,0.0200,0.0977,0.0000,0.0000,0.0000,0.0000,0.0000,0.0000,0.0000,0.0000,0.0000,0.0000,0.0000,0.0000,0.0000,0.0000,0.0000
1790997796.0439,0.0200,0.2549,0.0000,0.0000,0.0000,0.0000,0.0000,0.0000,0.0000,0.0000,0.0000,0.0000,0.0000,0.0000,0.0000,0.0000,0.0000
1790997796.0639,0.0200,0.0956,0.0000,0.0000,0.0000,0.0000,0.0000,0.0000,0.0000,0.0000,0.0000,0.0000,0.0000,0.0000,0.0000,0.0000,0.0000
1790997796.0839,0.0200,0.1041,0.0000,0.0000,0.0000,0.0000,0.0000,0.0000,0.0000,0.0000,0.0000,0.0000,0.0000,0.0000,0.0000,0.0000,0.0000
1790997796.1039,0.0201,0.2747,0.0000,0.0000,0.0000,0.0000,0.0000,0.0000,0.0000,0.0000,0.0000,0.0000,0.0000,0.0000,0.0000,0.0000,0.0000
1790997796.1239,0.0200,0.0966,0.0000,0.0000,0.0000,0.0000,0.0000,0.0000,0.0015,0.0000,0.0000,0.0000,0.0000,0.0000,0.0000,0.0000,0.0000
1790997796.1439,0.0200,0.0962,0.0000,0.0000,0.0000,0.0000,0.0000,0.0000,-0.0015,0.0000,0.0000,0.0000,0.0000,0.0000,0.0000,0.0000,0.0000
1790997796.1639,0.0200,0.0970,0.0000,0.0000,0.0000,0.0000,0.0000,0.0000,0.0000,0.0000,0.0000,0.0000,0.0000,0.0000,0.0000,0.0000,0.0000
1790997796.1838,0.0199,0.0952,0.0000,0.0000,0.0000,0.0000,0.0000,0.0000,0.0000,0.0000,0.0000,0.0000,0.0000,0.0000,0.0000,0.0000,0.0000
1790997796.2038,0.0200,0.1106,0.0000,0.0000,0.0000,0.0000,0.0000,0.0000,0.0000,0.0000,0.0000,0.0000,0.0000,0.0000,0.0000,0.0000,0.0000
1790997796.2239,0.0200,0.1603,0.0000,0.0000,0.0000,0.0000,0.0000,0.0000,0.0015,0.0000,0.0000,0.0000,0.0000,0.0000,0.0000,0.0000,0.0000
1790997796.2439,0.0200,0.1753,0.0000,0.0000,0.0000,0.0000,0.0000,0.0000,-0.0015,0.0000,0.0000,0.0000,0.0000,0.0000,0.0000,0.0000,0.0000
1790997796.2639,0.0199,0.1531,0.0000,0.0000,0.0000,0.0000,0.0000,0.0000,0.0000,0.0000,0.0000,0.0000,0.0000,0.0000,0.0000,0.0000,0.0000
1790997796.2839,0.0200,0.1367,0.0000,0.0000,0.0000,0.0000,0.0000,0.0000,0.0000,0.0000,0.0000,0.0000,0.0000,0.0000,0.0000,0.0000,0.0000
1790997796.3038,0.0200,0.1496,0.0000,0.0000,0.0000,0.0000,0.0000,0.0000,0.0000,0.0000,0.0000,0.0000,0.0000,0.0000,0.0000,0.0000,0.0000
1790997796.3238,0.0200,0.0770,0.0000,0.0000,0.0000,0.0000,0.0000,0.0000,0.0000,0.0000,0.0000,0.0000,0.0000,0.0000,0.0000,0.0000,0.0000
1790997796.3439,0.0200,0.1209,0.0000,0.0000,0.0000,0.0000,0.0000,0.0000,0.0000,0.0000,0.0000,0.0000,0.0000,0.0000,0.0000,0.0000,0.0000
1790997796.3639,0.0201,0.0979,0.0000,0.0000,0.0000,0.0000,0.0000,0.0000,0.0000,0.0000,0.0000,0.0000,0.0000,0.0000,0.0000,0.0000,0.0000
1790997796.3839,0.0199,0.0968,0.0000,0.0000,0.0000,0.0000,0.0000,0.0000,0.0000,0.0000,0.0000,0.0000,0.0000,0.0000,0.0000,0.0000,0.0000
1790997796.4039,0.0200,0.3476,0.0000,0.0000,0.0000,0.0000,0.0000,0.0000,0.0000,0.0000,0.0000,0.0000,0.0000,0.0000,0.0000,0.0000,0.0000
1790997796.4239,0.0200,0.0991,0.0000,0.0000,0.0000,0.0000,0.0000,0.0000,0.0015,0.0000,0.0000,0.0000,0.0000,0.0000,0.0000,0.0000,0.0000
1790997796.4439,0.0200,0.0956,0.0000,0.0000,0.0000,0.0000,0.0000,0.0000,-0.0015,0.0000,0.0000,0.0000,0.0000,0.0000,0.0000,0.0000,0.0000
1790997796.4638,0.0200,0.0980,0.0000,0.0000,0.0000,0.0000,0.0000,0.0000,0.0015,0.0000,0.0000,0.0000,0.0000,0.0000,0.0000,0.0000,0.0000
1790997796.4839,0.0200,0.0950,0.0000,0.0000,0.0000,0.0000,0.0000,0.0000,0.0000,0.0000,0.0000,0.0000,0.0000,0.0000,0.0000,0.0000,0.0000
1790997796.5039,0.0200,0.1882,0.0000,0.0000,0.0000,0.0000,0.0000,0.0000,-0.0015,0.0000,0.0000,0.0000,0.0000,0.0000,0.0000,0.0000,0.0000
1790997796.5239,0.0199,0.1040,0.0000,0.0000,0.0000,0.0000,0.0000,0.0000,0.0000,0.0000,0.0000,0.0000,0.0000,0.0000,0.0000,0.0000,0.0000
1790997796.5438,0.0200,0.0974,0.0000,0.0000,0.0000,0.0000,0.0000,0.0000,0.0000,0.0000,0.0000,0.0000,0.0000,0.0000,0.0000,0.0000,0.0000
1790997796.5638,0.0200,0.0962,0.0000,0.0000,0.0000,0.0000,0.0000,0.0000,0.0000,0.0000,0.0000,0.0000,0.0000,0.0000,0.0000,0.0000,0.0000
1790997796.5839,0.0201,0.2921,0.0000,0.0000,0.0000,0.0000,0.0000,0.0000,0.0015,0.0000,0.0000,0.0000,0.0000,0.0000,0.0000,0.0000,0.0000
1790997796.6039,0.0200,0.0961,0.0000,0.0000,0.0000,0.0000,0.0000,0.0000,-0.0015,0.0000,0.0000,0.0000,0.0000,0.0000,0.0000,0.0000,0.0000
1790997796.6239,0.0199,0.0982,0.0000,0.0000,0.0000,0.0000,0.0000,0.0000,0.0000,0.0000,0.0000,0.0000,0.0000,0.0000,0.0000,0.0000,0.0000
1790997796.6439,0.0200,0.0947,0.0000,0.0000,0.0000,0.0000,0.0000,0.0000,0.0000,0.0000,0.0000,0.0000,0.0000,0.0000,0.0000,0.0000,0.0000
1790997796.6639,0.0200,0.0974,0.0000,0.0000,0.0000,0.0000,0.0000,0.0000,0.0000,0.0000,0.0000,0.0000,0.0000,0.0000,0.0000,0.0000,0.0000
1790997796.6839,0.0200,0.0956,0.0000,0.0000,0.0000,0.0000,0.0000,0.0000,0.0000,0.0000,0.0000,0.0000,0.0000,0.0000,0.0000,0.0000,0.0000
1790997796.7039,0.0200,0.1772,0.0000,0.0000,0.0000,0.0000,0.0000,0.0000,0.0015,0.0000,0.0000,0.0000,0.0000,0.0000,0.0000,0.0000,0.0000
1790997796.7239,0.0200,0.1058,0.0000,0.0000,0.0000,0.0000,0.0000,0.0000,-0.0015,0.0000,0.0000,0.0000,0.0000,0.0000,0.0000,0.0000,0.0000
1790997796.7439,0.0200,0.1102,0.0000,0.0000,0.0000,0.0000,0.0000,0.0000,0.0015,0.0000,0.0000,0.0000,0.0000,0.0000,0.0000,0.0000,0.0000
1790997796.7639,0.0200,0.0957,0.0000,0.0000,0.0000,0.0000,0.0000,0.0000,0.0000,0.0000,0.0000,0.0000,0.0000,0.0000,0.0000,0.0000,0.0000
1790997796.7838,0.0200,0.0956,0.0000,0.0000,0.0000,0.0000,0.0000,0.0000,-0.0015,0.0000,0.0000,0.0000,0.0000,0.0000,0.0000,0.0000,0.0000
1790997796.8039,0.0201,0.0959,0.0000,0.0000,0.0000,0.0000,0.0000,0.0000,0.0000,0.0000,0.0000,0.0000,0.0000,0.0000,0.0000,0.0000,0.0000
1790997796.8239,0.0200,0.0992,0.0000,0.0000,0.0000,0.0000,0.0000,0.0000,0.0015,0.0000,0.0000,0.0000,0.0000,0.0000,0.0000,0.0000,0.0000
1790997796.8439,0.0200,0.0960,0.0000,0.0000,0.0000,0.0000,0.0000,0.0000,-0.0015,0.0000,0.0000,0.0000,0.0000,0.0000,0.0000,0.0000,0.0000
1790997796.8638,0.0199,0.1530,0.0000,0.0000,0.0000,0.0000,0.0000,0.0000,0.0000,0.0000,0.0000,0.0000,0.0000,0.0000,0.0000,0.0000,0.0000
1790997796.8839,0.0200,0.3162,0.0000,0.0000,0.0000,0.0000,0.0000,0.0000,0.0000,0.0000,0.0000,0.0000,0.0000,0.0000,0.0000,0.0000,0.0000
1790997796.9038,0.0200,0.0959,0.0000,0.0000,0.0000,0.0000,0.0000,0.0000,0.0000,0.0000,0.0000,0.0000,0.0000,0.0000,0.0000,0.0000,0.0000
1790997796.9239,0.0201,0.1011,0.0000,0.0000,0.0000,0.0000,0.0000,0.0000,0.0000,0.0000,0.0000,0.0000,0.0000,0.0000,0.0000,0.0000,0.0000
1790997796.9438,0.0199,0.1007,0.0000,0.0000,0.0000,0.0000,0.0000,0.0000,0.0015,0.0000,0.0000,0.0000,0.0000,0.0000,0.0000,0.0000,0.0000
1790997796.9639,0.0201,0.1085,0.0000,0.0000,0.0000,0.0000,0.0000,0.0000,-0.0015,0.0000,0.0000,0.0000,0.0000,0.0000,0.0000,0.0000,0.0000
1790997796.9839,0.0200,0.1431,0.0000,0.0000,0.0000,0.0000,0.0000,0.0000,0.0015,0.0000,0.0000,0.0000,0.0000,0.0000,0.0000,0.0000,0.0000
1790997797.0039,0.0200,0.0970,0.0000,0.0000,0.0000,0.0000,0.0000,0.0000,-0.0015,0.0000,0.0000,0.0000,0.0000,0.0000,0.0000,0.0000,0.0000
1790997797.0239,0.0200,0.1007,0.0000,0.0000,0.0000,0.0000,0.0000,0.0000,0.0000,0.0000,0.0000,0.0000,0.0000,0.0000,0.0000,0.0000,0.0000
1790997797.0437,0.0199,0.0955,0.0000,0.0000,0.0000,0.0000,0.0000,0.0000,0.0000,0.0000,0.0000,0.0000,0.0000,0.0000,0.0000,0.0000,0.0000
1790997797.0638,0.0201,0.0991,0.0000,0.0000,0.0000,0.0000,0.0000,0.0000,0.0000,0.0000,0.0000,0.0000,0.0000,0.0000,0.0000,0.0000,0.0000
1790997797.0839,0.0201,0.0974,0.0000,0.0000,0.0000,0.0000,0.0000,0.0000,0.0000,0.0000,0.0000,0.0000,0.0000,0.0000,0.0000,0.0000,0.0000
1790997797.1039,0.0200,0.0964,0.0000,0.0000,0.0000,0.0000,0.0000,0.0000,0.0000,0.0000,0.0000,0.0000,0.0000,0.0000,0.0000,0.0000,0.0000
1790997797.1239,0.0200,0.1378,0.0000,0.0000,0.0000,0.0000,0.0000,0.0000,0.0000,0.0000,0.0000,0.0000,0.0000,0.0000,0.0000,0.0000,0.0000
1790997797.1439,0.0200,0.1822,0.0000,0.0000,0.0000,0.0000,0.0000,0.0000,0.0000,0.0000,0.0000,0.0000,0.0000,0.0000,0.0000,0.0000,0.0000
1790997797.1639,0.0201,0.1453,0.0000,0.0000,0.0000,0.0000,0.0000,0.0000,0.0015,0.0000,0.0000,0.0000,0.0000,0.0000,0.0000,0.0000,0.0000
1790997797.1839,0.0200,0.2264,0.0000,0.0000,0.0000,0.0000,0.0000,0.0000,-0.0015,0.0000,0.0000,0.0000,0.0000,0.0000,0.0000,0.0000,0.0000
1790997797.2039,0.0200,0.1499,0.0000,0.0000,0.0000,0.0000,0.0000,0.0000,0.0000,0.0000,0.0000,0.0000,0.0000,0.0000,0.0000,0.0000,0.0000
1790997797.2239,0.0200,0.1060,0.0000,0.0000,0.0000,0.0000,0.0000,0.0000,0.0000,0.0000,0.0000,0.0000,0.0000,0.0000,0.0000,0.0000,0.0000
1790997797.2439,0.0199,0.0993,0.0000,0.0000,0.0000,0.0000,0.0000,0.0000,0.0000,0.0000,0.0000,0.0000,0.0000,0.0000,0.0000,0.0000,0.0000
1790997797.2638,0.0200,0.1002,0.0000,0.0000,0.0000,0.0000,0.0000,0.0000,0.0000,0.0000,0.0000,0.0000,0.0000,0.0000,0.0000,0.0000,0.0000
1790997797.2838,0.0199,0.0954,0.0000,0.0000,0.0000,0.0000,0.0000,0.0000,0.0000,0.0000,0.0000,0.0000,0.0000,0.0000,0.0000,0.0000,0.0000
1790997797.3039,0.0201,0.3081,0.0000,0.0000,0.0000,0.0000,0.0000,0.0000,0.0015,0.0000,0.0000,0.0000,0.0000,0.0000,0.0000,0.0000,0.0000
1790997797.3239,0.0200,0.1502,0.0000,0.0000,0.0000,0.0000,0.0000,0.0000,-0.0015,0.0000,0.0000,0.0000,0.0000,0.0000,0.0000,0.0000,0.0000
1790997797.3440,0.0201,0.1307,0.0000,0.0000,0.0000,0.0000,0.0000,0.0000,0.0000,0.0000,0.0000,0.0000,0.0000,0.0000,0.0000,0.0000,0.0000
1790997797.3639,0.0199,0.1022,0.0000,0.0000,0.0000,0.0000,0.0000,0.0000,0.0000,-0.0015,0.0000,0.0000,0.0000,0.0000,0.0000,0.0000,0.0000
1790997797.3839,0.0200,0.1699,0.0000,0.0000,0.0000,0.0000,0.0000,0.0000,0.0000,0.0015,0.0000,0.0000,0.0000,0.0000,0.0000,0.0000,0.0000
1790997797.4039,0.0199,0.1077,0.0000,0.0000,0.0000,0.0000,0.0000,0.0000,0.0015,0.0000,0.0000,0.0000,0.0000,0.0000,0.0000,0.0000,0.0000
1790997797.4239,0.0200,0.1071,0.0000,0.0000,0.0000,0.0000,0.0000,0.0000,-0.0015,0.0000,0.0000,0.0000,0.0000,0.0000,0.0000,0.0000,0.0000
1790997797.4439,0.0200,0.1011,0.0000,0.0000,0.0000,0.0000,0.0000,0.0000,0.0000,0.0000,0.0000,0.0000,0.0000,0.0000,0.0000,0.0000,0.0000
1790997797.4638,0.0200,0.1315,0.0000,0.0000,0.0000,0.0000,0.0000,0.0000,0.0000,0.0000,0.0000,0.0000,0.0000,0.0000,0.0000,0.0000,0.0000
1790997797.4838,0.0200,0.1078,0.0000,0.0000,0.0000,0.0000,0.0000,0.0000,0.0000,0.0000,0.0000,0.0000,0.0000,0.0000,0.0000,0.0000,0.0000
1790997797.5039,0.0200,0.1020,0.0000,0.0000,0.0000,0.0000,0.0000,0.0000,0.0015,0.0000,0.0000,0.0000,0.0000,0.0000,0.0000,0.0000,0.0000
1790997797.5239,0.0200,0.1174,0.0000,0.0000,0.0000,0.0000,0.0000,0.0000,-0.0015,0.0000,0.0000,0.0000,0.0000,0.0000,0.0000,0.0000,0.0000
1790997797.5439,0.0200,0.1107,0.0000,0.0000,0.0000,0.0000,0.0000,0.0000,0.0000,0.0000,0.0000,0.0000,0.0000,0.0000,0.0000,0.0000,0.0000
1790997797.5639,0.0200,0.1026,0.0000,0.0000,0.0000,0.0000,0.0000,0.0000,0.0015,0.0000,0.0000,0.0000,0.0000,0.0000,0.0000,0.0000,0.0000
1790997797.5839,0.0200,0.1018,0.0000,0.0000,0.0000,0.0000,0.0000,0.0000,-0.0015,0.0000,0.0000,0.0000,0.0000,0.0000,0.0000,0.0000,0.0000
1790997797.6039,0.0200,0.0998,0.0000,0.0000,0.0000,0.0000,0.0000,0.0000,0.0000,0.0000,0.0000,0.0000,0.0000,0.0000,0.0000,0.0000,0.0000
1790997797.6239,0.0200,0.1058,0.0000,0.0000,0.0000,0.0000,0.0000,0.0000,0.0000,0.0000,0.0000,0.0000,0.0000,0.0000,0.0000,0.0000,0.0000
1790997797.6439,0.0200,0.1006,0.0000,0.0000,0.0000,0.0000,0.0000,0.0000,0.0000,0.0000,0.0000,0.0000,0.0000,0.0000,0.0000,0.0000,0.0000
1790997797.6638,0.0199,0.1690,0.0000,0.0000,0.0000,0.0000,0.0000,0.0000,0.0000,0.0000,0.0000,0.0000,0.0000,0.0000,0.0000,0.0000,0.0000
1790997797.6839,0.0201,0.1253,0.0000,0.0000,0.0000,0.0000,0.0000,0.0000,0.0000,0.0000,0.0000,0.0000,0.0000,0.0000,0.0000,0.0000,0.0000
1790997797.7039,0.0200,0.1016,0.0000,0.0000,0.0000,0.0000,0.0000,0.0000,0.0000,0.0000,0.0000,0.0000,0.0000,0.0000,0.0000,0.0000,0.0000
1790997797.7238,0.0199,0.1006,0.0000,0.0000,0.0000,0.0000,0.0000,0.0000,0.0000,0.0000,0.0000,0.0000,0.0000,0.0000,0.0000,0.0000,0.0000
1790997797.7438,0.0200,0.1135,0.0000,0.0000,0.0000,0.0000,0.0000,0.0000,0.0000,0.0000,0.0000,0.0000,0.0000,0.0000,0.0000,0.0000,0.0000
1790997797.7639,0.0201,0.1374,0.0000,0.0000,0.0000,0.0000,0.0000,0.0000,0.0000,0.0000,0.0000,0.0000,0.0000,0.0000,0.0000,0.0000,0.0000
1790997797.7839,0.0200,0.1007,0.0000,0.0000,0.0000,0.0000,0.0000,0.0000,0.0000,0.0000,0.0000,0.0000,0.0000,0.0000,0.0000,0.0000,0.0000
1790997797.8039,0.0200,0.1041,0.0000,0.0000,0.0000,0.0000,0.0000,0.0000,0.0015,0.0000,0.0000,0.0000,0.0000,0.0000,0.0000,0.0000,0.0000
1790997797.8239,0.0200,0.1051,0.0000,0.0000,0.0000,0.0000,0.0000,0.0000,-0.0015,0.0000,0.0000,0.0000,0.0000,0.0000,0.0000,0.0000,0.0000
1790997797.8439,0.0200,0.1011,0.0000,0.0000,0.0000,0.0000,0.0000,0.0000,0.0000,0.0000,0.0000,0.0000,0.0000,0.0000,0.0000,0.0000,0.0000
1790997797.8639,0.0200,0.1043,0.0000,0.0000,0.0000,0.0000,0.0000,0.0000,0.0000,0.0000,0.0000,0.0000,0.0000,0.0000,0.0000,0.0000,0.0000
1790997797.8839,0.0200,0.1008,0.0000,0.0000,0.0000,0.0000,0.0000,0.0000,0.0000,0.0000,0.0000,0.0000,0.0000,0.0000,0.0000,0.0000,0.0000
1790997797.9039,0.0201,0.1000,0.0000,0.0000,0.0000,0.0000,0.0000,0.0000,0.0000,0.0000,0.0000,0.0000,0.0000,0.0000,0.0000,0.0000,0.0000
1790997797.9239,0.0200,0.1026,0.0000,0.0000,0.0000,0.0000,0.0000,0.0000,0.0000,0.0000,0.0000,0.0000,0.0000,0.0000,0.0000,0.0000,0.0000
1790997797.9439,0.0201,0.1345,0.0000,0.0000,0.0000,0.0000,0.0000,0.0000,0.0015,0.0000,0.0000,0.0000,0.0000,0.0000,0.0000,0.0000,0.0000
1790997797.9638,0.0199,0.1050,0.0000,0.0000,0.0000,0.0000,0.0000,0.0000,-0.0015,0.0000,0.0000,0.0000,0.0000,0.0000,0.0000,0.0000,0.0000
1790997797.9839,0.0201,0.1030,0.0000,0.0000,0.0000,0.0000,0.0000,0.0000,0.0000,0.0000,0.0000,0.0000,0.0000,0.0000,0.0000,0.0000,0.0000
1790997798.0039,0.0200,0.1081,0.0000,0.0000,0.0000,0.0000,0.0000,0.0000,0.0015,0.0000,0.0000,0.0000,0.0000,0.0000,0.0000,0.0000,0.0000
1790997798.0239,0.0200,0.1094,0.0000,0.0000,0.0000,0.0000,0.0000,0.0000,0.0000,0.0000,0.0000,0.0000,0.0000,0.0000,0.0000,0.0000,0.0000
1790997798.0439,0.0200,0.1344,0.0000,0.0000,0.0000,0.0000,0.0000,0.0000,0.0000,0.0000,0.0000,0.0000,0.0000,0.0000,0.0000,0.0000,0.0000
1790997798.0638,0.0199,0.1014,0.0000,0.0000,0.0000,0.0000,0.0000,0.0000,0.0000,0.0000,0.0000,0.0000,0.0000,0.0000,0.0000,0.0000,0.0000
1790997798.0839,0.0200,0.1046,0.0000,0.0000,0.0000,0.0000,0.0000,0.0000,-0.0015,0.0000,0.0000,0.0000,0.0000,0.0000,0.0000,0.0000,0.0000
1790997798.1039,0.0201,0.1028,0.0000,0.0000,0.0000,0.0000,0.0000,0.0000,0.0015,0.0000,0.0000,0.0000,0.0000,0.0000,0.0000,0.0000,0.0000
1790997798.1239,0.0199,0.0994,0.0000,0.0000,0.0000,0.0000,0.0000,0.0000,-0.0015,0.0000,0.0000,0.0000,0.0000,0.0000,0.0000,0.0000,0.0000
1790997798.1438,0.0200,0.0995,0.0000,0.0000,0.0000,0.0000,0.0000,0.0000,0.0000,0.0000,0.0000,0.0000,0.0000,0.0000,0.0000,0.0000,0.0000
1790997798.1639,0.0200,0.1195,0.0000,0.0000,0.0000,0.0000,0.0000,0.0000,0.0000,0.0000,0.0000,0.0000,0.0000,0.0000,0.0000,0.0000,0.0000
1790997798.1839,0.0200,0.1141,0.0000,0.0000,0.0000,0.0000,0.0000,0.0000,0.0000,0.0000,0.0000,0.0000,0.0000,0.0000,0.0000,0.0000,0.0000
1790997798.2039,0.0200,0.1079,0.0000,0.0000,0.0000,0.0000,0.0000,0.0000,0.0000,0.0000,0.0000,0.0000,0.0000,0.0000,0.0000,0.0000,0.0000
1790997798.2239,0.0200,0.1070,0.0000,0.0000,0.0000,0.0000,0.0000,0.0000,0.0000,0.0000,0.0000,0.0000,0.0000,0.0000,0.0000,0.0000,0.0000
1790997798.2439,0.0200,0.1025,0.0000,0.0000,0.0000,0.0000,0.0000,0.0000,0.0000,0.0000,0.0000,0.0000,0.0000,0.0000,0.0000,0.0000,0.0000
1790997798.2639,0.0200,0.1035,0.0000,0.0000,0.0000,0.0000,0.0000,0.0000,0.0000,0.0000,0.0000,0.0000,0.0000,0.0000,0.0000,0.0000,0.0000
1790997798.2839,0.0200,0.1024,0.0000,0.0000,0.0000,0.0000,0.0000,0.0000,0.0000,0.0000,0.0000,0.0000,0.0000,0.0000,0.0000,0.0000,0.0000
1790997798.3039,0.0200,0.1040,0.0000,0.0000,0.0000,0.0000,0.0000,0.0000,0.0000,0.0000,0.0000,0.0000,0.0000,0.0000,0.0000,0.0000,0.0000
1790997798.3240,0.0201,0.1913,0.0000,0.0000,0.0000,0.0000,0.0000,0.0000,0.0000,0.0000,0.0000,0.0000,0.0000,0.0000,0.0000,0.0000,0.0000
1790997798.3439,0.0199,0.1189,0.0000,0.0000,0.0000,0.0000,0.0000,0.0000,0.0000,0.0000,0.0000,0.0000,0.0000,0.0000,0.0000,0.0000,0.0000
1790997798.3639,0.0200,0.1075,0.0000,0.0000,0.0000,0.0000,0.0000,0.0000,0.0000,0.0000,0.0000,0.0000,0.0000,0.0000,0.0000,0.0000,0.0000
1790997798.3839,0.0200,0.1088,0.0000,0.0000,0.0000,0.0000,0.0000,0.0000,0.0015,0.0000,0.0000,0.0000,0.0000,0.0000,0.0000,0.0000,0.0000
1790997798.4039,0.0200,0.1669,0.0000,0.0000,0.0000,0.0000,0.0000,0.0000,-0.0015,0.0000,0.0000,0.0000,0.0000,0.0000,0.0000,0.0000,0.0000
1790997798.4239,0.0200,0.1116,0.0000,0.0000,0.0000,0.0000,0.0000,0.0000,0.0000,0.0000,0.0000,0.0000,0.0000,0.0000,0.0000,0.0000,0.0000
1790997798.4439,0.0200,0.1016,0.0000,0.0000,0.0000,0.0000,0.0000,0.0000,0.0000,0.0000,0.0000,0.0000,0.0000,0.0000,0.0000,0.0000,0.0000
1790997798.4639,0.0200,0.1019,0.0000,0.0000,0.0000,0.0000,0.0000,0.0000,0.0000,0.0000,0.0000,0.0000,0.0000,0.0000,0.0000,0.0000,0.0000
1790997798.4839,0.0200,0.1013,0.0000,0.0000,0.0000,0.0000,0.0000,0.0000,0.0000,0.0000,0.0000,0.0000,0.0000,0.0000,0.0000,0.0000,0.0000
1790997798.5039,0.0200,0.0950,0.0000,0.0000,0.0000,0.0000,0.0000,0.0000,0.0000,0.0000,0.0000,0.0000,0.0000,0.0000,0.0000,0.0000,0.0000
1790997798.5239,0.0200,0.1580,0.0000,0.0000,0.0000,0.0000,0.0000,0.0000,0.0000,0.0000,0.0000,0.0000,0.0000,0.0000,0.0000,0.0000,0.0000
1790997798.5439,0.0199,0.1205,0.0000,0.0000,0.0000,0.0000,0.0000,0.0000,0.0015,0.0000,0.0000,0.0000,0.0000,0.0000,0.0000,0.0000,0.0000
1790997798.5639,0.0200,0.1121,0.0000,0.0000,0.0000,0.0000,0.0000,0.0000,-0.0015,0.0000,0.0000,0.0000,0.0000,0.0000,0.0000,0.0000,0.0000
1790997798.5839,0.0200,0.1028,0.0000,0.0000,0.0000,0.0000,0.0000,0.0000,0.0000,0.0000,0.0000,0.0000,0.0000,0.0000,0.0000,0.0000,0.0000
1790997798.6038,0.0200,0.1022,0.0000,0.0000,0.0000,0.0000,0.0000,0.0000,0.0000,0.0000,0.0000,0.0000,0.0000,0.0000,0.0000,0.0000,0.0000
1790997798.6239,0.0201,0.0994,0.0000,0.0000,0.0000,0.0000,0.0000,0.0000,0.0000,0.0000,0.0000,0.0000,0.0000,0.0000,0.0000,0.0000,0.0000
1790997798.6439,0.0200,0.1003,0.0000,0.0000,0.0000,0.0000,0.0000,0.0000,0.0000,0.0000,0.0000,0.0000,0.0000,0.0000,0.0000,0.0000,0.0000
1790997798.6639,0.0200,0.1022,0.0000,0.0000,0.0000,0.0000,0.0000,0.0000,0.0000,0.0000,0.0000,0.0000,0.0000,0.0000,0.0000,0.0000,0.0000
1790997798.6839,0.0200,0.1017,0.0000,0.0000,0.0000,0.0000,0.0000,0.0000,0.0000,0.0000,0.0000,0.0000,0.0000,0.0000,0.0000,0.0000,0.0000
1790997798.7039,0.0200,0.1020,0.0000,0.0000,0.0000,0.0000,0.0000,0.0000,0.0000,0.0000,0.0000,0.0000,0.0000,0.0000,0.0000,0.0000,0.0000
1790997798.7239,0.0200,0.1012,0.0000,0.0000,0.0000,0.0000,0.0000,0.0000,0.0015,0.0000,0.0000,0.0000,0.0000,0.0000,0.0000,0.0000,0.0000
1790997798.7439,0.0199,0.1047,0.0000,0.0000,0.0000,0.0000,0.0000,0.0000,-0.0015,0.0000,0.0000,0.0000,0.0000,0.0000,0.0000,0.0000,0.0000
1790997798.7639,0.0200,0.1001,0.0000,0.0000,0.0000,0.0000,0.0000,0.0000,0.0000,0.0000,0.0000,0.0000,0.0000,0.0000,0.0000,0.0000,0.0000
1790997798.7839,0.0200,0.1032,0.0000,0.0000,0.0000,0.0000,0.0000,0.0000,0.0000,0.0000,0.0000,0.0000,0.0000,0.0000,0.0000,0.0000,0.0000
1790997798.8039,0.0200,0.0974,0.0000,0.0000,0.0000,0.0000,0.0000,0.0000,0.0015,0.0000,0.0000,0.0000,0.0000,0.0000,0.0000,0.0000,0.0000
1790997798.8239,0.0200,0.1038,0.0000,0.0000,0.0000,0.0000,0.0000,0.0000,-0.0015,0.0000,0.0000,0.0000,0.0000,0.0000,0.0000,0.0000,0.0000
1790997798.8438,0.0199,0.1025,0.0000,0.0000,0.0000,0.0000,0.0000,0.0000,0.0000,0.0000,0.0000,0.0000,0.0000,0.0000,0.0000,0.0000,0.0000
1790997798.8639,0.0201,0.0990,0.0000,0.0000,0.0000,0.0000,0.0000,0.0000,0.0000,0.0000,0.0000,0.0000,0.0000,0.0000,0.0000,0.0000,0.0000
1790997798.8839,0.0200,0.1020,0.0000,0.0000,0.0000,0.0000,0.0000,0.0000,0.0000,0.0000,0.0000,0.0000,0.0000,0.0000,0.0000,0.0000,0.0000
1790997798.9039,0.0200,0.1012,0.0000,0.0000,0.0000,0.0000,0.0000,0.0000,0.0000,0.0000,0.0000,0.0000,0.0000,0.0000,0.0000,0.0000,0.0000
1790997798.9239,0.0200,0.1126,0.0000,0.0000,0.0000,0.0000,0.0000,0.0000,0.0000,0.0000,0.0000,0.0000,0.0000,0.0000,0.0000,0.0000,0.0000
1790997798.9439,0.0200,0.1097,0.0000,0.0000,0.0000,0.0000,0.0000,0.0000,0.0000,0.0000,0.0000,0.0000,0.0000,0.0000,0.0000,0.0000,0.0000
1790997798.9639,0.0200,0.1012,0.0000,0.0000,0.0000,0.0000,0.0000,0.0000,0.0000,0.0000,0.0000,0.0000,0.0000,0.0000,0.0000,0.0000,0.0000
1790997798.9839,0.0200,0.1041,0.0000,0.0000,0.0000,0.0000,0.0000,0.0000,0.0000,0.0000,0.0000,0.0000,0.0000,0.0000,0.0000,0.0000,0.0000
1790997799.0039,0.0200,0.1020,0.0000,0.0000,0.0000,0.0000,0.0000,0.0000,0.0000,0.0000,0.0000,0.0000,0.0000,0.0000,0.0000,0.0000,0.0000
1790997799.0239,0.0200,0.1605,0.0000,0.0000,0.0000,0.0000,0.0000,0.0000,0.0000,0.0000,0.0000,0.0000,0.0000,0.0000,0.0000,0.0000,0.0000
1790997799.0439,0.0200,0.1085,0.0000,0.0000,0.0000,0.0000,0.0000,0.0000,0.0015,0.0000,0.0000,0.0000,0.0000,0.0000,0.0000,0.0000,0.0000
1790997799.0638,0.0199,0.0960,0.0000,0.0000,0.0000,0.0000,0.0000,0.0000,-0.0015,0.0000,0.0000,0.0000,0.0000,0.0000,0.0000,0.0000,0.0000
1790997799.0839,0.0200,0.0967,0.0000,0.0000,0.0000,0.0000,0.0000,0.0000,0.0000,0.0000,0.0000,0.0000,0.0000,0.0000,0.0000,0.0000,0.0000
1790997799.1038,0.0199,0.1069,0.0000,0.0000,0.0000,0.0000,0.0000,0.0000,0.0000,0.0000,0.0000,0.0000,0.0000,0.0000,0.0000,0.0000,0.0000
1790997799.1239,0.0200,0.1077,0.0000,0.0000,0.0000,0.0000,0.0000,0.0000,0.0000,0.0000,0.0000,0.0000,0.0000,0.0000,0.0000,0.0000,0.0000
1790997799.1439,0.0200,0.1009,0.0000,0.0000,0.0000,0.0000,0.0000,0.0000,0.0000,0.0000,0.0000,0.0000,0.0000,0.0000,0.0000,0.0000,0.0000
1790997799.1638,0.0200,0.0964,0.0000,0.0000,0.0000,0.0000,0.0000,0.0000,0.0000,0.0000,0.0000,0.0000,0.0000,0.0000,0.0000,0.0000,0.0000
1790997799.1840,0.0201,0.2231,0.0000,0.0000,0.0000,0.0000,0.0000,0.0000,0.0000,0.0000,0.0000,0.0000,0.0000,0.0000,0.0000,0.0000,0.0000
1790997799.2040,0.0200,0.2740,0.0000,0.0000,0.0000,0.0000,0.0000,0.0000,0.0000,0.0000,0.0000,0.0000,0.0000,0.0000,0.0000,0.0000,0.0000
1790997799.2239,0.0200,0.1248,0.0000,0.0000,0.0000,0.0000,0.0000,0.0000,0.0000,0.0000,0.0000,0.0000,0.0000,0.0000,0.0000,0.0000,0.0000
1790997799.2439,0.0200,0.1031,0.0000,0.0000,0.0000,0.0000,0.0000,0.0000,0.0000,0.0000,0.0000,0.0000,0.0000,0.0000,0.0000,0.0000,0.0000
1790997799.2639,0.0200,0.1017,0.0000,0.0000,0.0000,0.0000,0.0000,0.0000,0.0000,0.0000,0.0000,0.0000,0.0000,0.0000,0.0000,0.0000,0.0000
1790997799.2838,0.0199,0.1384,0.0000,0.0000,0.0000,0.0000,0.0000,0.0000,0.0000,0.0000,0.0000,0.0000,0.0000,0.0000,0.0000,0.0000,0.0000
1790997799.3039,0.0200,0.1070,0.0000,0.0000,0.0000,0.0000,0.0000,0.0000,0.0000,0.0000,0.0000,0.0000,0.0000,0.0000,0.0000,0.0000,0.0000
1790997799.3239,0.0200,0.1022,0.0000,0.0000,0.0000,0.0000,0.0000,0.0000,0.0000,0.0000,0.0000,0.0000,0.0000,0.0000,0.0000,0.0000,0.0000
1790997799.3439,0.0200,0.1048,0.0000,0.0000,0.0000,0.0000,0.0000,0.0000,0.0015,0.0000,0.0000,0.0000,0.0000,0.0000,0.0000,0.0000,0.0000
1790997799.3639,0.0200,0.1382,0.0000,0.0000,0.0000,0.0000,0.0000,0.0000,-0.0015,0.0000,0.0000,0.0000,0.0000,0.0000,0.0000,0.0000,0.0000
1790997799.3838,0.0200,0.1189,0.0000,0.0000,0.0000,0.0000,0.0000,0.0000,0.0000,0.0000,0.0000,0.0000,0.0000,0.0000,0.0000,0.0000,0.0000
1790997799.4039,0.0201,0.1075,0.0000,0.0000,0.0000,0.0000,0.0000,0.0000,0.0000,0.0000,0.0000,0.0000,0.0000,0.0000,0.0000,0.0000,0.0000
1790997799.4238,0.0199,0.1062,0.0000,0.0000,0.0000,0.0000,0.0000,0.0000,0.0015,0.0000,0.0000,0.0000,0.0000,0.0000,0.0000,0.0000,0.0000
1790997799.4439,0.0200,0.0993,0.0000,0.0000,0.0000,0.0000,0.0000,0.0000,-0.0015,-0.0015,0.0000,0.0000,0.0000,0.0000,0.0000,0.0000,0.0000
1790997799.4639,0.0200,0.0968,0.0000,0.0000,0.0000,0.0000,0.0000,0.0000,0.0000,0.0015,0.0000,0.0000,0.0000,0.0000,0.0000,0.0000,0.0000
1790997799.4839,0.0200,0.1018,0.0000,0.0000,0.0000,0.0000,0.0000,0.0000,0.0000,0.0000,0.0000,0.0000,0.0000,0.0000,0.0000,0.0000,0.0000
1790997799.5039,0.0200,0.1219,0.0000,0.0000,0.0000,0.0000,0.0000,0.0000,0.0000,0.0000,0.0000,0.0000,0.0000,0.0000,0.0000,0.0000,0.0000
1790997799.5239,0.0200,0.1173,0.0000,0.0000,0.0000,0.0000,0.0000,0.0000,0.0000,0.0000,0.0000,0.0000,0.0000,0.0000,0.0000,0.0000,0.0000
1790997799.5439,0.0200,0.1039,0.0000,0.0000,0.0000,0.0000,0.0000,0.0000,0.0000,0.0000,0.0000,0.0000,0.0000,0.0000,0.0000,0.0000,0.0000
1790997799.5639,0.0200,0.1015,0.0000,0.0000,0.0000,0.0000,0.0000,0.0000,0.0000,0.0000,0.0000,0.0000,0.0000,0.0000,0.0000,0.0000,0.0000
1790997799.5839,0.0200,0.1031,0.0000,0.0000,0.0000,0.0000,0.0000,0.0000,0.0015,0.0000,0.0000,0.0000,0.0000,0.0000,0.0000,0.0000,0.0000
1790997799.6040,0.0201,0.2122,0.0000,0.0000,0.0000,0.0000,0.0000,0.0000,-0.0015,0.0000,0.0000,0.0000,0.0000,0.0000,0.0000,0.0000,0.0000
1790997799.6239,0.0199,0.1100,0.0000,0.0000,0.0000,0.0000,0.0000,0.0000,0.0000,0.0000,0.0000,0.0000,0.0000,0.0000,0.0000,0.0000,0.0000
1790997799.6438,0.0200,0.1065,0.0000,0.0000,0.0000,0.0000,0.0000,0.0000,0.0000,0.0000,0.0000,0.0000,0.0000,0.0000,0.0000,0.0000,0.0000
1790997799.6639,0.0200,0.1029,0.0000,0.0000,0.0000,0.0000,0.0000,0.0000,0.0015,0.0000,0.0000,0.0000,0.0000,0.0000,0.0000,0.0000,0.0000
1790997799.6839,0.0200,0.1019,0.0000,0.0000,0.0000,0.0000,0.0000,0.0000,-0.0015,0.0000,0.0000,0.0000,0.0000,0.0000,0.0000,0.0000,0.0000
1790997799.7039,0.0200,0.1016,0.0000,0.0000,0.0000,0.0000,0.0000,0.0000,0.0000,0.0000,0.0000,0.0000,0.0000,0.0000,0.0000,0.0000,0.0000
1790997799.7239,0.0200,0.1038,0.0000,0.0000,0.0000,0.0000,0.0000,0.0000,0.0000,0.0000,0.0000,0.0000,0.0000,0.0000,0.0000,0.0000,0.0000
1790997799.7439,0.0200,0.1016,0.0000,0.0000,0.0000,0.0000,0.0000,0.0000,0.0000,0.0000,0.0000,0.0000,0.0000,0.0000,0.0000,0.0000,0.0000
1790997799.7639,0.0200,0.0962,0.0000,0.0000,0.0000,0.0000,0.0000,0.0000,0.0015,0.0000,0.0000,0.0000,0.0000,0.0000,0.0000,0.0000,0.0000
1790997799.7838,0.0200,0.0970,0.0000,0.0000,0.0000,0.0000,0.0000,0.0000,-0.0015,0.0000,0.0000,0.0000,0.0000,0.0000,0.0000,0.0000,0.0000
1790997799.8039,0.0200,0.1027,0.0000,0.0000,0.0000,0.0000,0.0000,0.0000,0.0015,0.0000,0.0000,0.0000,0.0000,0.0000,0.0000,0.0000,0.0000
1790997799.8239,0.0200,0.0983,0.0000,0.0000,0.0000,0.0000,0.0000,0.0000,0.0000,0.0000,0.0000,0.0000,0.0000,0.0000,0.0000,0.0000,0.0000
1790997799.8439,0.0200,0.0961,0.0000,0.0000,0.0000,0.0000,0.0000,0.0000,-0.0015,0.0000,0.0000,0.0000,0.0000,0.0000,0.0000,0.0000,0.0000
1790997799.8639,0.0200,0.0965,0.0000,0.0000,0.0000,0.0000,0.0000,0.0000,0.0000,0.0000,0.0000,0.0000,0.0000,0.0000,0.0000,0.0000,0.0000
1790997799.8839,0.0201,0.0901,0.0000,0.0000,0.0000,0.0000,0.0000,0.0000,0.0000,0.0000,0.0000,0.0000,0.0000,0.0000,0.0000,0.0000,0.0000
1790997799.9039,0.0199,0.0968,0.0000,0.0000,0.0000,0.0000,0.0000,0.0000,0.0000,0.0000,0.0000,0.0000,0.0000,0.0000,0.0000,0.0000,0.0000
1790997799.9239,0.0200,0.0955,0.0000,0.0000,0.0000,0.0000,0.0000,0.0000,0.0000,0.0000,0.0000,0.0000,0.0000,0.0000,0.0000,0.0000,0.0000
1790997799.9439,0.0200,0.0961,0.0000,0.0000,0.0000,0.0000,0.0000,0.0000,0.0000,0.0000,0.0000,0.0000,0.0000,0.0000,0.0000,0.0000,0.0000
1790997799.9639,0.0200,0.0953,0.0000,0.0000,0.0000,0.0000,0.0000,0.0000,0.0000,0.0000,0.0000,0.0000,0.0000,0.0000,0.0000,0.0000,0.0000
1790997799.9839,0.0200,0.0959,0.0000,0.0000,0.0000,0.0000,0.0000,0.0000,0.0000,0.0000,0.0000,0.0000,0.0000,0.0000,0.0000,0.0000,0.0000
1790997800.0039,0.0200,0.0949,0.0000,0.0000,0.0000,0.0000,0.0000,0.0000,0.0000,0.0000,0.0000,0.0000,0.0000,0.0000,0.0000,0.0000,0.0000
1790997800.0239,0.0200,0.2063,0.0000,0.0000,0.0000,0.0000,0.0000,0.0000,0.0000,0.0000,0.0000,0.0000,0.0000,0.0000,0.0000,0.0000,0.0000
1790997800.0439,0.0200,0.0989,0.0000,0.0000,0.0000,0.0000,0.0000,0.0000,0.0000,0.0000,0.0000,0.0000,0.0000,0.0000,0.0000,0.0000,0.0000
1790997800.0639,0.0200,0.0952,0.0000,0.0000,0.0000,0.0000,0.0000,0.0000,0.0000,0.0000,0.0000,0.0000,0.0000,0.0000,0.0000,0.0000,0.0000
1790997800.0839,0.0200,0.0962,0.0000,0.0000,0.0000,0.0000,0.0000,0.0000,0.0000,0.0000,0.0000,0.0000,0.0000,0.0000,0.0000,0.0000,0.0000
1790997800.1039,0.0200,0.0951,0.0000,0.0000,0.0000,0.0000,0.0000,0.0000,0.0000,0.0000,0.0000,0.0000,0.0000,0.0000,0.0000,0.0000,0.0000
1790997800.1239,0.0200,0.0957,0.0000,0.0000,0.0000,0.0000,0.0000,0.0000,0.0015,0.0000,0.0000,0.0000,0.0000,0.0000,0.0000,0.0000,0.0000
1790997800.1439,0.0200,0.0966,0.0000,0.0000,0.0000,0.0000,0.0000,0.0000,-0.0015,0.0000,0.0000,0.0000,0.0000,0.0000,0.0000,0.0000,0.0000
1790997800.1639,0.0200,0.0957,0.0000,0.0000,0.0000,0.0000,0.0000,0.0000,0.0015,0.0000,0.0000,0.0000,0.0000,0.0000,0.0000,0.0000,0.0000
1790997800.1839,0.0200,0.1019,0.0000,0.0000,0.0000,0.0000,0.0000,0.0000,-0.0015,0.0000,0.0000,0.0000,0.0000,0.0000,0.0000,0.0000,0.0000
1790997800.2039,0.0200,0.0969,0.0000,0.0000,0.0000,0.0000,0.0000,0.0000,0.0015,0.0000,0.0000,0.0000,0.0000,0.0000,0.0000,0.0000,0.0000
1790997800.2239,0.0200,0.1145,0.0000,0.0000,0.0000,0.0000,0.0000,0.0000,-0.0015,0.0000,0.0000,0.0000,0.0000,0.0000,0.0000,0.0000,0.0000
1790997800.2439,0.0200,0.1065,0.0000,0.0000,0.0000,0.0000,0.0000,0.0000,0.0000,0.0000,0.0000,0.0000,0.0000,0.0000,0.0000,0.0000,0.0000
1790997800.2639,0.0200,0.0967,0.0000,0.0000,0.0000,0.0000,0.0000,0.0000,0.0000,0.0000,0.0000,0.0000,0.0000,0.0000,0.0000,0.0000,0.0000
1790997800.2839,0.0199,0.0968,0.0000,0.0000,0.0000,0.0000,0.0000,0.0000,0.0000,0.0000,0.0000,0.0000,0.0000,0.0000,0.0000,0.0000,0.0000
1790997800.3039,0.0200,0.0962,0.0000,0.0000,0.0000,0.0000,0.0000,0.0000,0.0000,0.0000,0.0000,0.0000,0.0000,0.0000,0.0000,0.0000,0.0000
1790997800.3238,0.0199,0.0969,0.0000,0.0000,0.0000,0.0000,0.0000,0.0000,0.0015,0.0000,0.0000,0.0000,0.0000,0.0000,0.0000,0.0000,0.0000
1790997800.3439,0.0201,0.0959,0.0000,0.0000,0.0000,0.0000,0.0000,0.0000,-0.0015,0.0000,0.0000,0.0000,0.0000,0.0000,0.0000,0.0000,0.0000
1790997800.3638,0.0200,0.0951,0.0000,0.0000,0.0000,0.0000,0.0000,0.0000,0.0000,0.0000,0.0000,0.0000,0.0000,0.0000,0.0000,0.0000,0.0000
1790997800.3838,0.0200,0.0969,0.0000,0.0000,0.0000,0.0000,0.0000,0.0000,0.0000,0.0000,0.0000,0.0000,0.0000,0.0000,0.0000,0.0000,0.0000
1790997800.4038,0.0200,0.0963,0.0000,0.0000,0.0000,0.0000,0.0000,0.0000,0.0000,0.0000,0.0000,0.0000,0.0000,0.0000,0.0000,0.0000,0.0000
1790997800.4238,0.0200,0.1031,0.0000,0.0000,0.0000,0.0000,0.0000,0.0000,0.0000,0.0000,0.0000,0.0000,0.0000,0.0000,0.0000,0.0000,0.0000
1790997800.4438,0.0200,0.0919,0.0000,0.0000,0.0000,0.0000,0.0000,0.0000,0.0000,0.0000,0.0000,0.0000,0.0000,0.0000,0.0000,0.0000,0.0000
1790997800.4639,0.0200,0.0951,0.0000,0.0000,0.0000,0.0000,0.0000,0.0000,0.0000,0.0000,0.0000,0.0000,0.0000,0.0000,0.0000,0.0000,0.0000
1790997800.4837,0.0198,0.0910,0.0000,0.0000,0.0000,0.0000,0.0000,0.0000,0.0000,0.0000,0.0000,0.0000,0.0000,0.0000,0.0000,0.0000,0.0000
1790997800.5039,0.0202,0.1664,0.0000,0.0000,0.0000,0.0000,0.0000,0.0000,0.0000,0.0000,0.0000,0.0000,0.0000,0.0000,0.0000,0.0000,0.0000
1790997800.5239,0.0200,0.0935,0.0000,0.0000,0.0000,0.0000,0.0000,0.0000,0.0000,0.0000,0.0000,0.0000,0.0000,0.0000,0.0000,0.0000,0.0000
1790997800.5438,0.0199,0.0978,0.0000,0.0000,0.0000,0.0000,0.0000,0.0000,0.0015,0.0000,0.0000,0.0000,0.0000,0.0000,0.0000,0.0000,0.0000
1790997800.5638,0.0200,0.1004,0.0000,0.0000,0.0000,0.0000,0.0000,0.0000,-0.0015,0.0000,0.0000,0.0000,0.0000,0.0000,0.0000,0.0000,0.0000
1790997800.5839,0.0201,0.0919,0.0000,0.0000,0.0000,0.0000,0.0000,0.0000,0.0000,0.0000,0.0000,0.0000,0.0000,0.0000,0.0000,0.0000,0.0000
1790997800.6038,0.0199,0.0962,0.0000,0.0000,0.0000,0.0000,0.0000,0.0000,0.0000,0.0000,0.0000,0.0000,0.0000,0.0000,0.0000,0.0000,0.0000
1790997800.6239,0.0201,0.1481,0.0000,0.0000,0.0000,0.0000,0.0000,0.0000,0.0000,0.0000,0.0000,0.0000,0.0000,0.0000,0.0000,0.0000,0.0000
1790997800.6439,0.0200,0.1128,0.0000,0.0000,0.0000,0.0000,0.0000,0.0000,0.0000,0.0000,0.0000,0.0000,0.0000,0.0000,0.0000,0.0000,0.0000
1790997800.6638,0.0200,0.0981,0.0000,0.0000,0.0000,0.0000,0.0000,0.0000,0.0000,0.0000,0.0000,0.0000,0.0000,0.0000,0.0000,0.0000,0.0000
1790997800.6839,0.0201,0.0963,0.0000,0.0000,0.0000,0.0000,0.0000,0.0000,0.0000,0.0000,0.0000,0.0000,0.0000,0.0000,0.0000,0.0000,0.0000
1790997800.7039,0.0200,0.0957,0.0000,0.0000,0.0000,0.0000,0.0000,0.0000,0.0000,0.0000,0.0000,0.0000,0.0000,0.0000,0.0000,0.0000,0.0000
1790997800.7239,0.0200,0.0958,0.0000,0.0000,0.0000,0.0000,0.0000,0.0000,0.0015,-0.0015,0.0000,0.0000,0.0000,0.0000,0.0000,0.0000,0.0000
1790997800.7439,0.0200,0.1661,0.0000,0.0000,0.0000,0.0000,0.0000,0.0000,-0.0015,0.0015,0.0000,0.0000,0.0000,0.0000,0.0000,0.0000,0.0000
1790997800.7639,0.0200,0.1090,0.0000,0.0000,0.0000,0.0000,0.0000,0.0000,0.0000,0.0000,0.0000,0.0000,0.0000,0.0000,0.0000,0.0000,0.0000
1790997800.7839,0.0200,0.0986,0.0000,0.0000,0.0000,0.0000,0.0000,0.0000,0.0000,0.0000,0.0000,0.0000,0.0000,0.0000,0.0000,0.0000,0.0000
1790997800.8039,0.0201,0.0971,0.0000,0.0000,0.0000,0.0000,0.0000,0.0000,0.0000,0.0000,0.0000,0.0000,0.0000,0.0000,0.0000,0.0000,0.0000
1790997800.8239,0.0200,0.1071,0.0000,0.0000,0.0000,0.0000,0.0000,0.0000,0.0000,0.0000,0.0000,0.0000,0.0000,0.0000,0.0000,0.0000,0.0000
1790997800.8439,0.0200,0.1614,0.0000,0.0000,0.0000,0.0000,0.0000,0.0000,0.0015,0.0000,0.0000,0.0000,0.0000,0.0000,0.0000,0.0000,0.0000
1790997800.8639,0.0200,0.1005,0.0000,0.0000,0.0000,0.0000,0.0000,0.0000,-0.0015,0.0000,0.0000,0.0000,0.0000,0.0000,0.0000,0.0000,0.0000
1790997800.8839,0.0200,0.0965,0.0000,0.0000,0.0000,0.0000,0.0000,0.0000,0.0000,0.0000,0.0000,0.0000,0.0000,0.0000,0.0000,0.0000,0.0000
1790997800.9038,0.0199,0.0979,0.0000,0.0000,0.0000,0.0000,0.0000,0.0000,0.0015,0.0000,0.0000,0.0000,0.0000,0.0000,0.0000,0.0000,0.0000
1790997800.9239,0.0201,0.1570,0.0000,0.0000,0.0000,0.0000,0.0000,0.0000,-0.0015,0.0000,0.0000,0.0000,0.0000,0.0000,0.0000,0.0000,0.0000
1790997800.9439,0.0200,0.1011,0.0000,0.0000,0.0000,0.0000,0.0000,0.0000,0.0000,0.0000,0.0000,0.0000,0.0000,0.0000,0.0000,0.0000,0.0000
1790997800.9638,0.0200,0.1008,0.0000,0.0000,0.0000,0.0000,0.0000,0.0000,0.0000,0.0000,0.0000,0.0000,0.0000,0.0000,0.0000,0.0000,0.0000
1790997800.9838,0.0200,0.0971,0.0000,0.0000,0.0000,0.0000,0.0000,0.0000,0.0015,0.0000,0.0000,0.0000,0.0000,0.0000,0.0000,0.0000,0.0000
1790997801.0038,0.0200,0.0971,0.0000,0.0000,0.0000,0.0000,0.0000,0.0000,-0.0015,0.0000,0.0000,0.0000,0.0000,0.0000,0.0000,0.0000,0.0000
1790997801.0239,0.0200,0.1429,0.0000,0.0000,0.0000,0.0000,0.0000,0.0000,0.0000,0.0000,0.0000,0.0000,0.0000,0.0000,0.0000,0.0000,0.0000
1790997801.0439,0.0201,0.1910,0.0000,0.0000,0.0000,0.0000,0.0000,0.0000,0.0000,0.0000,0.0000,0.0000,0.0000,0.0000,0.0000,0.0000,0.0000
1790997801.0638,0.0199,0.1093,0.0000,0.0000,0.0000,0.0000,0.0000,0.0000,0.0015,0.0000,0.0000,0.0000,0.0000,0.0000,0.0000,0.0000,0.0000
1790997801.0838,0.0200,0.0965,0.0000,0.0000,0.0000,0.0000,0.0000,0.0000,0.0000,0.0000,0.0000,0.0000,0.0000,0.0000,0.0000,0.0000,0.0000
1790997801.1038,0.0200,0.1032,0.0000,0.0000,0.0000,0.0000,0.0000,0.0000,0.0000,0.0000,0.0000,0.0000,0.0000,0.0000,0.0000,0.0000,0.0000
1790997801.1238,0.0199,0.1315,0.0000,0.0000,0.0000,0.0000,0.0000,0.0000,0.0000,0.0000,0.0000,0.0000,0.0000,0.0000,0.0000,0.0000,0.0000
1790997801.1439,0.0201,0.1005,0.0000,0.0000,0.0000,0.0000,0.0000,0.0000,-0.0015,0.0000,0.0000,0.0000,0.0000,0.0000,0.0000,0.0000,0.0000
1790997801.1639,0.0200,0.0993,0.0000,0.0000,0.0000,0.0000,0.0000,0.0000,0.0015,0.0000,0.0000,0.0000,0.0000,0.0000,0.0000,0.0000,0.0000
1790997801.1839,0.0200,0.1044,0.0000,0.0000,0.0000,0.0000,0.0000,0.0000,-0.0015,0.0000,0.0000,0.0000,0.0000,0.0000,0.0000,0.0000,0.0000
1790997801.2039,0.0200,0.0984,0.0000,0.0000,0.0000,0.0000,0.0000,0.0000,0.0000,0.0000,0.0000,0.0000,0.0000,0.0000,0.0000,0.0000,0.0000
1790997801.2239,0.0200,0.1573,0.0000,0.0000,0.0000,0.0000,0.0000,0.0000,0.0015,0.0000,0.0000,0.0000,0.0000,0.0000,0.0000,0.0000,0.0000
1790997801.2438,0.0199,0.1060,0.0000,0.0000,0.0000,0.0000,0.0000,0.0000,-0.0015,0.0000,0.0000,0.0000,0.0000,0.0000,0.0000,0.0000,0.0000
1790997801.2639,0.0200,0.1024,0.0000,0.0000,0.0000,0.0000,0.0000,0.0000,0.0000,0.0000,0.0000,0.0000,0.0000,0.0000,0.0000,0.0000,0.0000
1790997801.2839,0.0200,0.0965,0.0000,0.0000,0.0000,0.0000,0.0000,0.0000,0.0000,0.0000,0.0000,0.0000,0.0000,0.0000,0.0000,0.0000,0.0000
1790997801.3039,0.0200,0.1014,0.0000,0.0000,0.0000,0.0000,0.0000,0.0000,0.0000,0.0000,0.0000,0.0000,0.0000,0.0000,0.0000,0.0000,0.0000
1790997801.3239,0.0200,0.1742,0.0000,0.0000,0.0000,0.0000,0.0000,0.0000,0.0000,0.0000,0.0000,0.0000,0.0000,0.0000,0.0000,0.0000,0.0000
1790997801.3439,0.0199,0.1054,0.0000,0.0000,0.0000,0.0000,0.0000,0.0000,0.0000,0.0000,0.0000,0.0000,0.0000,0.0000,0.0000,0.0000,0.0000
1790997801.3638,0.0200,0.1019,0.0000,0.0000,0.0000,0.0000,0.0000,0.0000,0.0015,0.0000,0.0000,0.0000,0.0000,0.0000,0.0000,0.0000,0.0000
1790997801.3838,0.0200,0.1200,0.0000,0.0000,0.0000,0.0000,0.0000,0.0000,-0.0015,0.0000,0.0000,0.0000,0.0000,0.0000,0.0000,0.0000,0.0000
1790997801.4038,0.0200,0.1062,0.0000,0.0000,0.0000,0.0000,0.0000,0.0000,0.0000,0.0000,0.0000,0.0000,0.0000,0.0000,0.0000,0.0000,0.0000
1790997801.4238,0.0200,0.1064,0.0000,0.0000,0.0000,0.0000,0.0000,0.0000,0.0000,0.0000,0.0000,0.0000,0.0000,0.0000,0.0000,0.0000,0.0000
1790997801.4438,0.0200,0.0953,0.0000,0.0000,0.0000,0.0000,0.0000,0.0000,0.0015,0.0000,0.0000,0.0000,0.0000,0.0000,0.0000,0.0000,0.0000
1790997801.4639,0.0201,0.1016,0.0000,0.0000,0.0000,0.0000,0.0000,0.0000,0.0000,0.0000,0.0000,0.0000,0.0000,0.0000,0.0000,0.0000,0.0000
1790997801.4839,0.0200,0.1401,0.0000,0.0000,0.0000,0.0000,0.0000,0.0000,-0.0015,0.0000,0.0000,0.0000,0.0000,0.0000,0.0000,0.0000,0.0000
1790997801.5038,0.0200,0.1137,0.0000,0.0000,0.0000,0.0000,0.0000,0.0000,0.0000,0.0000,0.0000,0.0000,0.0000,0.0000,0.0000,0.0000,0.0000
1790997801.5238,0.0200,0.1005,0.0000,0.0000,0.0000,0.0000,0.0000,0.0000,0.0000,0.0000,0.0000,0.0000,0.0000,0.0000,0.0000,0.0000,0.0000
1790997801.5439,0.0200,0.0959,0.0000,0.0000,0.0000,0.0000,0.0000,0.0000,0.0015,0.0000,0.0000,0.0000,0.0000,0.0000,0.0000,0.0000,0.0000
1790997801.5639,0.0200,0.0972,0.0000,0.0000,0.0000,0.0000,0.0000,0.0000,-0.0015,0.0000,0.0000,0.0000,0.0000,0.0000,0.0000,0.0000,0.0000
1790997801.5838,0.0199,0.0962,0.0000,0.0000,0.0000,0.0000,0.0000,0.0000,0.0015,0.0000,0.0000,0.0000,0.0000,0.0000,0.0000,0.0000,0.0000
1790997801.6039,0.0200,0.0955,0.0000,0.0000,0.0000,0.0000,0.0000,0.0000,-0.0015,0.0000,0.0000,0.0000,0.0000,0.0000,0.0000,0.0000,0.0000
1790997801.6239,0.0201,0.1011,0.0000,0.0000,0.0000,0.0000,0.0000,0.0000,0.0000,0.0000,0.0000,0.0000,0.0000,0.0000,0.0000,0.0000,0.0000
1790997801.6438,0.0199,0.1471,0.0000,0.0000,0.0000,0.0000,0.0000,0.0000,0.0015,0.0000,0.0000,0.0000,0.0000,0.0000,0.0000,0.0000,0.0000
1790997801.6639,0.0201,0.1318,0.0000,0.0000,0.0000,0.0000,0.0000,0.0000,-0.0015,0.0000,0.0000,0.0000,0.0000,0.0000,0.0000,0.0000,0.0000
1790997801.6839,0.0201,0.1018,0.0000,0.0000,0.0000,0.0000,0.0000,0.0000,0.0000,0.0000,0.0000,0.0000,0.0000,0.0000,0.0000,0.0000,0.0000
1790997801.7039,0.0200,0.1487,0.0000,0.0000,0.0000,0.0000,0.0000,0.0000,0.0000,0.0000,0.0000,0.0000,0.0000,0.0000,0.0000,0.0000,0.0000
1790997801.7238,0.0200,0.1157,0.0000,0.0000,0.0000,0.0000,0.0000,0.0000,0.0000,0.0000,0.0000,0.0000,0.0000,0.0000,0.0000,0.0000,0.0000
1790997801.7439,0.0200,0.1016,0.0000,0.0000,0.0000,0.0000,0.0000,0.0000,0.0000,0.0000,0.0000,0.0000,0.0000,0.0000,0.0000,0.0000,0.0000
1790997801.7638,0.0199,0.1011,0.0000,0.0000,0.0000,0.0000,0.0000,0.0000,0.0000,0.0000,0.0000,0.0000,0.0000,0.0000,0.0000,0.0000,0.0000
1790997801.7839,0.0200,0.1011,0.0000,0.0000,0.0000,0.0000,0.0000,0.0000,0.0000,0.0000,0.0000,0.0000,0.0000,0.0000,0.0000,0.0000,0.0000
1790997801.8039,0.0200,0.1014,0.0000,0.0000,0.0000,0.0000,0.0000,0.0000,0.0000,0.0000,0.0000,0.0000,0.0000,0.0000,0.0000,0.0000,0.0000
1790997801.8239,0.0200,0.1060,0.0000,0.0000,0.0000,0.0000,0.0000,0.0000,0.0000,0.0000,0.0000,0.0000,0.0000,0.0000,0.0000,0.0000,0.0000
1790997801.8439,0.0199,0.1333,0.0000,0.0000,0.0000,0.0000,0.0000,0.0000,0.0000,0.0000,0.0000,0.0000,0.0000,0.0000,0.0000,0.0000,0.0000
1790997801.8639,0.0200,0.1031,0.0000,0.0000,0.0000,0.0000,0.0000,0.0000,0.0000,0.0000,0.0000,0.0000,0.0000,0.0000,0.0000,0.0000,0.0000
1790997801.8838,0.0199,0.1026,0.0000,0.0000,0.0000,0.0000,0.0000,0.0000,0.0015,0.0000,0.0000,0.0000,0.0000,0.0000,0.0000,0.0000,0.0000
1790997801.9038,0.0199,0.1582,0.0000,0.0000,0.0000,0.0000,0.0000,0.0000,-0.0015,0.0000,0.0000,0.0000,0.0000,0.0000,0.0000,0.0000,0.0000
1790997801.9238,0.0200,0.1110,0.0000,0.0000,0.0000,0.0000,0.0000,0.0000,0.0015,0.0000,0.0000,0.0000,0.0000,0.0000,0.0000,0.0000,0.0000
1790997801.9438,0.0201,0.1148,0.0000,0.0000,0.0000,0.0000,0.0000,0.0000,0.0000,0.0000,0.0000,0.0000,0.0000,0.0000,0.0000,0.0000,0.0000
1790997801.9638,0.0200,0.1391,0.0000,0.0000,0.0000,0.0000,0.0000,0.0000,-0.0015,0.0000,0.0000,0.0000,0.0000,0.0000,0.0000,0.0000,0.0000
1790997801.9838,0.0201,0.1031,0.0000,0.0000,0.0000,0.0000,0.0000,0.0000,0.0000,0.0000,0.0000,0.0000,0.0000,0.0000,0.0000,0.0000,0.0000
1790997802.0039,0.0201,0.1034,0.0000,0.0000,0.0000,0.0000,0.0000,0.0000,0.0000,0.0000,0.0000,0.0000,0.0000,0.0000,0.0000,0.0000,0.0000
1790997802.0239,0.0200,0.1056,0.0000,0.0000,0.0000,0.0000,0.0000,0.0000,0.0000,0.0000,0.0000,0.0000,0.0000,0.0000,0.0000,0.0000,0.0000
1790997802.0439,0.0200,0.1013,0.0000,0.0000,0.0000,0.0000,0.0000,0.0000,0.0000,0.0000,0.0000,0.0000,0.0000,0.0000,0.0000,0.0000,0.0000
1790997802.0638,0.0199,0.1369,0.0000,0.0000,0.0000,0.0000,0.0000,0.0000,0.0015,0.0000,0.0000,0.0000,0.0000,0.0000,0.0000,0.0000,0.0000
1790997802.0839,0.0201,0.1268,0.0000,0.0000,0.0000,0.0000,0.0000,0.0000,-0.0015,0.0000,0.0000,0.0000,0.0000,0.0000,0.0000,0.0000,0.0000
1790997802.1039,0.0200,0.1003,0.0000,0.0000,0.0000,0.0000,0.0000,0.0000,0.0015,0.0000,0.0000,0.0000,0.0000,0.0000,0.0000,0.0000,0.0000
1790997802.1239,0.0200,0.1488,0.0000,0.0000,0.0000,0.0000,0.0000,0.0000,-0.0015,0.0000,0.0000,0.0000,0.0000,0.0000,0.0000,0.0000,0.0000
1790997802.1439,0.0200,0.1088,0.0000,0.0000,0.0000,0.0000,0.0000,0.0000,0.0015,0.0000,0.0000,0.0000,0.0000,0.0000,0.0000,0.0000,0.0000
1790997802.1638,0.0200,0.1465,0.0000,0.0000,0.0000,0.0000,0.0000,0.0000,-0.0015,0.0000,0.0000,0.0000,0.0000,0.0000,0.0000,0.0000,0.0000
1790997802.1839,0.0201,0.1134,0.0000,0.0000,0.0000,0.0000,0.0000,0.0000,0.0000,0.0000,0.0000,0.0000,0.0000,0.0000,0.0000,0.0000,0.0000
1790997802.2038,0.0199,0.1038,0.0000,0.0000,0.0000,0.0000,0.0000,0.0000,0.0000,0.0000,0.0000,0.0000,0.0000,0.0000,0.0000,0.0000,0.0000
1790997802.2239,0.0201,0.1441,0.0000,0.0000,0.0000,0.0000,0.0000,0.0000,0.0000,0.0000,0.0000,0.0000,0.0000,0.0000,0.0000,0.0000,0.0000
1790997802.2439,0.0200,0.1602,0.0000,0.0000,0.0000,0.0000,0.0000,0.0000,0.0015,0.0000,0.0000,0.0000,0.0000,0.0000,0.0000,0.0000,0.0000
1790997802.2639,0.0201,0.1833,0.0000,0.0000,0.0000,0.0000,0.0000,0.0000,-0.0015,0.0000,0.0000,0.0000,0.0000,0.0000,0.0000,0.0000,0.0000
1790997802.2839,0.0199,0.1422,0.0000,0.0000,0.0000,0.0000,0.0000,0.0000,0.0000,0.0000,0.0000,0.0000,0.0000,0.0000,0.0000,0.0000,0.0000
1790997802.3038,0.0200,0.1026,0.0000,0.0000,0.0000,0.0000,0.0000,0.0000,0.0000,0.0000,0.0000,0.0000,0.0000,0.0000,0.0000,0.0000,0.0000
1790997802.3239,0.0200,0.1018,0.0000,0.0000,0.0000,0.0000,0.0000,0.0000,0.0000,0.0000,0.0000,0.0000,0.0000,0.0000,0.0000,0.0000,0.0000
1790997802.3438,0.0200,0.1011,0.0000,0.0000,0.0000,0.0000,0.0000,0.0000,0.0000,0.0000,0.0000,0.0000,0.0000,0.0000,0.0000,0.0000,0.0000
1790997802.3639,0.0200,0.1039,0.0000,0.0000,0.0000,0.0000,0.0000,0.0000,0.0000,0.0000,0.0000,0.0000,0.0000,0.0000,0.0000,0.0000,0.0000
1790997802.3839,0.0200,0.1004,0.0000,0.0000,0.0000,0.0000,0.0000,0.0000,0.0000,0.0000,0.0000,0.0000,0.0000,0.0000,0.0000,0.0000,0.0000
1790997802.4038,0.0200,0.0968,0.0000,0.0000,0.0000,0.0000,0.0000,0.0000,0.0000,0.0000,0.0000,0.0000,0.0000,0.0000,0.0000,0.0000,0.0000
1790997802.4239,0.0200,0.1004,0.0000,0.0000,0.0000,0.0000,0.0000,0.0000,0.0000,0.0000,0.0000,0.0000,0.0000,0.0000,0.0000,0.0000,0.0000
1790997802.4438,0.0200,0.0956,0.0000,0.0000,0.0000,0.0000,0.0000,0.0000,0.0015,0.0000,0.0000,0.0000,0.0000,0.0000,0.0000,0.0000,0.0000
1790997802.4638,0.0200,0.0953,0.0000,0.0000,0.0000,0.0000,0.0000,0.0000,-0.0015,0.0000,0.0000,0.0000,0.0000,0.0000,0.0000,0.0000,0.0000
1790997802.4839,0.0201,0.0972,0.0000,0.0000,0.0000,0.0000,0.0000,0.0000,0.0015,0.0000,0.0000,0.0000,0.0000,0.0000,0.0000,0.0000,0.0000
1790997802.5039,0.0200,0.1031,0.0000,0.0000,0.0000,0.0000,0.0000,0.0000,-0.0015,0.0000,0.0000,0.0000,0.0000,0.0000,0.0000,0.0000,0.0000
1790997802.5239,0.0200,0.1577,0.0000,0.0000,0.0000,0.0000,0.0000,0.0000,0.0000,0.0000,0.0000,0.0000,0.0000,0.0000,0.0000,0.0000,0.0000
1790997802.5439,0.0200,0.1021,0.0000,0.0000,0.0000,0.0000,0.0000,0.0000,0.0015,0.0000,0.0000,0.0000,0.0000,0.0000,0.0000,0.0000,0.0000
1790997802.5639,0.0200,0.0950,0.0000,0.0000,0.0000,0.0000,0.0000,0.0000,-0.0015,0.0000,0.0000,0.0000,0.0000,0.0000,0.0000,0.0000,0.0000
1790997802.5839,0.0200,0.1350,0.0000,0.0000,0.0000,0.0000,0.0000,0.0000,0.0000,0.0000,0.0000,0.0000,0.0000,0.0000,0.0000,0.0000,0.0000
1790997802.6039,0.0200,0.0991,0.0000,0.0000,0.0000,0.0000,0.0000,0.0000,0.0000,0.0000,0.0000,0.0000,0.0000,0.0000,0.0000,0.0000,0.0000
1790997802.6239,0.0200,0.0994,0.0000,0.0000,0.0000,0.0000,0.0000,0.0000,0.0015,0.0000,0.0000,0.0000,0.0000,0.0000,0.0000,0.0000,0.0000
1790997802.6439,0.0200,0.1017,0.0000,0.0000,0.0000,0.0000,0.0000,0.0000,-0.0015,0.0000,0.0000,0.0000,0.0000,0.0000,0.0000,0.0000,0.0000
1790997802.6639,0.0200,0.1017,0.0000,0.0000,0.0000,0.0000,0.0000,0.0000,0.0000,0.0000,0.0000,0.0000,0.0000,0.0000,0.0000,0.0000,0.0000
1790997802.6839,0.0200,0.0956,0.0000,0.0000,0.0000,0.0000,0.0000,0.0000,0.0000,0.0000,0.0000,0.0000,0.0000,0.0000,0.0000,0.0000,0.0000
1790997802.7039,0.0200,0.1056,0.0000,0.0000,0.0000,0.0000,0.0000,0.0000,0.0000,0.0000,0.0000,0.0000,0.0000,0.0000,0.0000,0.0000,0.0000
1790997802.7238,0.0199,0.1015,0.0000,0.0000,0.0000,0.0000,0.0000,0.0000,0.0000,0.0000,0.0000,0.0000,0.0000,0.0000,0.0000,0.0000,0.0000
1790997802.7439,0.0201,0.0963,0.0000,0.0000,0.0000,0.0000,0.0000,0.0000,0.0000,0.0000,0.0000,0.0000,0.0000,0.0000,0.0000,0.0000,0.0000
1790997802.7639,0.0200,0.0982,0.0000,0.0000,0.0000,0.0000,0.0000,0.0000,0.0000,0.0000,0.0000,0.0000,0.0000,0.0000,0.0000,0.0000,0.0000
1790997802.7839,0.0200,0.0988,0.0000,0.0000,0.0000,0.0000,0.0000,0.0000,0.0015,0.0000,0.0000,0.0000,0.0000,0.0000,0.0000,0.0000,0.0000
1790997802.8039,0.0200,0.0956,0.0000,0.0000,0.0000,0.0000,0.0000,0.0000,-0.0015,0.0000,0.0000,0.0000,0.0000,0.0000,0.0000,0.0000,0.0000
1790997802.8239,0.0200,0.1237,0.0000,0.0000,0.0000,0.0000,0.0000,0.0000,0.0000,0.0000,0.0000,0.0000,0.0000,0.0000,0.0000,0.0000,0.0000
1790997802.8439,0.0200,0.0972,0.0000,0.0000,0.0000,0.0000,0.0000,0.0000,0.0000,0.0000,0.0000,0.0000,0.0000,0.0000,0.0000,0.0000,0.0000
1790997802.8638,0.0200,0.0954,0.0000,0.0000,0.0000,0.0000,0.0000,0.0000,0.0000,0.0000,0.0000,0.0000,0.0000,0.0000,0.0000,0.0000,0.0000
1790997802.8839,0.0201,0.0957,0.0000,0.0000,0.0000,0.0000,0.0000,0.0000,0.0000,0.0000,0.0000,0.0000,0.0000,0.0000,0.0000,0.0000,0.0000
1790997802.9039,0.0200,0.1021,0.0000,0.0000,0.0000,0.0000,0.0000,0.0000,0.0015,0.0000,0.0000,0.0000,0.0000,0.0000,0.0000,0.0000,0.0000
1790997802.9239,0.0200,0.0960,0.0000,0.0000,0.0000,0.0000,0.0000,0.0000,-0.0015,0.0000,0.0000,0.0000,0.0000,0.0000,0.0000,0.0000,0.0000
1790997802.9439,0.0201,0.0959,0.0000,0.0000,0.0000,0.0000,0.0000,0.0000,0.0000,0.0000,0.0000,0.0000,0.0000,0.0000,0.0000,0.0000,0.0000
1790997802.9639,0.0200,0.0967,0.0000,0.0000,0.0000,0.0000,0.0000,0.0000,0.0000,0.0000,0.0000,0.0000,0.0000,0.0000,0.0000,0.0000,0.0000
1790997802.9839,0.0200,0.0961,0.0000,0.0000,0.0000,0.0000,0.0000,0.0000,0.0015,0.0000,0.0000,0.0000,0.0000,0.0000,0.0000,0.0000,0.0000
1790997803.0039,0.0200,0.0958,0.0000,0.0000,0.0000,0.0000,0.0000,0.0000,-0.0015,0.0000,0.0000,0.0000,0.0000,0.0000,0.0000,0.0000,0.0000
1790997803.0239,0.0200,0.0992,0.0000,0.0000,0.0000,0.0000,0.0000,0.0000,0.0000,0.0000,0.0000,0.0000,0.0000,0.0000,0.0000,0.0000,0.0000
1790997803.0439,0.0200,0.0953,0.0000,0.0000,0.0000,0.0000,0.0000,0.0000,0.0000,0.0000,0.0000,0.0000,0.0000,0.0000,0.0000,0.0000,0.0000
1790997803.0639,0.0200,0.0916,0.0000,0.0000,0.0000,0.0000,0.0000,0.0000,0.0000,0.0000,0.0000,0.0000,0.0000,0.0000,0.0000,0.0000,0.0000
1790997803.0839,0.0200,0.0927,0.0000,0.0000,0.0000,0.0000,0.0000,0.0000,0.0000,0.0000,0.0000,0.0000,0.0000,0.0000,0.0000,0.0000,0.0000
1790997803.1039,0.0200,0.0996,0.0000,0.0000,0.0000,0.0000,0.0000,0.0000,0.0000,0.0000,0.0000,0.0000,0.0000,0.0000,0.0000,0.0000,0.0000
1790997803.1239,0.0200,0.0936,0.0000,0.0000,0.0000,0.0000,0.0000,0.0000,0.0000,0.0000,0.0000,0.0000,0.0000,0.0000,0.0000,0.0000,0.0000
1790997803.1439,0.0200,0.0924,0.0000,0.0000,0.0000,0.0000,0.0000,0.0000,0.0000,0.0000,0.0000,0.0000,0.0000,0.0000,0.0000,0.0000,0.0000
1790997803.1639,0.0200,0.0922,0.0000,0.0000,0.0000,0.0000,0.0000,0.0000,0.0000,0.0000,0.0000,0.0000,0.0000,0.0000,0.0000,0.0000,0.0000
1790997803.1839,0.0200,0.0921,0.0000,0.0000,0.0000,0.0000,0.0000,0.0000,0.0000,0.0000,0.0000,0.0000,0.0000,0.0000,0.0000,0.0000,0.0000
1790997803.2039,0.0200,0.0968,0.0000,0.0000,0.0000,0.0000,0.0000,0.0000,0.0000,0.0000,0.0000,0.0000,0.0000,0.0000,0.0000,0.0000,0.0000
1790997803.2239,0.0200,0.0936,0.0000,0.0000,0.0000,0.0000,0.0000,0.0000,0.0000,0.0000,0.0000,0.0000,0.0000,0.0000,0.0000,0.0000,0.0000
1790997803.2439,0.0200,0.0952,0.0000,0.0000,0.0000,0.0000,0.0000,0.0000,0.0000,0.0000,0.0000,0.0000,0.0000,0.0000,0.0000,0.0000,0.0000
1790997803.2639,0.0201,0.0963,0.0000,0.0000,0.0000,0.0000,0.0000,0.0000,0.0000,0.0000,0.0000,0.0000,0.0000,0.0000,0.0000,0.0000,0.0000
1790997803.2838,0.0199,0.0968,0.0000,0.0000,0.0000,0.0000,0.0000,0.0000,0.0015,0.0000,0.0000,0.0000,0.0000,0.0000,0.0000,0.0000,0.0000
1790997803.3038,0.0200,0.0951,0.0000,0.0000,0.0000,0.0000,0.0000,0.0000,-0.0015,0.0000,0.0000,0.0000,0.0000,0.0000,0.0000,0.0000,0.0000
1790997803.3239,0.0200,0.1021,0.0000,0.0000,0.0000,0.0000,0.0000,0.0000,0.0000,0.0000,0.0000,0.0000,0.0000,0.0000,0.0000,0.0000,0.0000
1790997803.3439,0.0201,0.0962,0.0000,0.0000,0.0000,0.0000,0.0000,0.0000,0.0000,0.0000,0.0000,0.0000,0.0000,0.0000,0.0000,0.0000,0.0000
1790997803.3639,0.0199,0.1005,0.0000,0.0000,0.0000,0.0000,0.0000,0.0000,0.0015,0.0000,0.0000,0.0000,0.0000,0.0000,0.0000,0.0000,0.0000
1790997803.3839,0.0200,0.0989,0.0000,0.0000,0.0000,0.0000,0.0000,0.0000,-0.0015,0.0000,0.0000,0.0000,0.0000,0.0000,0.0000,0.0000,0.0000
1790997803.4039,0.0201,0.0970,0.0000,0.0000,0.0000,0.0000,0.0000,0.0000,0.0000,0.0000,0.0000,0.0000,0.0000,0.0000,0.0000,0.0000,0.0000
1790997803.4237,0.0198,0.0990,0.0000,0.0000,0.0000,0.0000,0.0000,0.0000,0.0000,0.0000,0.0000,0.0000,0.0000,0.0000,0.0000,0.0000,0.0000
1790997803.4439,0.0201,0.0960,0.0000,0.0000,0.0000,0.0000,0.0000,0.0000,0.0015,0.0000,0.0000,0.0000,0.0000,0.0000,0.0000,0.0000,0.0000
1790997803.4639,0.0200,0.0957,0.0000,0.0000,0.0000,0.0000,0.0000,0.0000,-0.0015,0.0000,0.0000,0.0000,0.0000,0.0000,0.0000,0.0000,0.0000
1790997803.4839,0.0200,0.1571,0.0000,0.0000,0.0000,0.0000,0.0000,0.0000,0.0000,0.0000,0.0000,0.0000,0.0000,0.0000,0.0000,0.0000,0.0000
1790997803.5039,0.0201,0.2459,0.0000,0.0000,0.0000,0.0000,0.0000,0.0000,0.0015,0.0000,0.0000,0.0000,0.0000,0.0000,0.0000,0.0000,0.0000
1790997803.5240,0.0200,0.2470,0.0000,0.0000,0.0000,0.0000,0.0000,0.0000,-0.0015,0.0000,0.0000,0.0000,0.0000,0.0000,0.0000,0.0000,0.0000
1790997803.5439,0.0199,0.2410,0.0000,0.0000,0.0000,0.0000,0.0000,0.0000,0.0015,0.0000,0.0000,0.0000,0.0000,0.0000,0.0000,0.0000,0.0000
1790997803.5639,0.0200,0.1869,0.0000,0.0000,0.0000,0.0000,0.0000,0.0000,-0.0015,0.0000,0.0000,0.0000,0.0000,0.0000,0.0000,0.0000,0.0000
1790997803.5839,0.0200,0.1315,0.0000,0.0000,0.0000,0.0000,0.0000,0.0000,0.0000,0.0000,0.0000,0.0000,0.0000,0.0000,0.0000,0.0000,0.0000
1790997803.6039,0.0200,0.1446,0.0000,0.0000,0.0000,0.0000,0.0000,0.0000,0.0000,-0.0015,0.0000,0.0000,0.0000,0.0000,0.0000,0.0000,0.0000
1790997803.6239,0.0200,0.1563,0.0000,0.0000,0.0000,0.0000,0.0000,0.0000,0.0000,0.0015,0.0000,0.0000,0.0000,0.0000,0.0000,0.0000,0.0000
1790997803.6439,0.0200,0.1475,0.0000,0.0000,0.0000,0.0000,0.0000,0.0000,0.0000,0.0000,0.0000,0.0000,0.0000,0.0000,0.0000,0.0000,0.0000
1790997803.6639,0.0200,0.1140,0.0000,0.0000,0.0000,0.0000,0.0000,0.0000,0.0000,0.0000,0.0000,0.0000,0.0000,0.0000,0.0000,0.0000,0.0000
1790997803.6839,0.0200,0.1296,0.0000,0.0000,0.0000,0.0000,0.0000,0.0000,0.0000,0.0000,0.0000,0.0000,0.0000,0.0000,0.0000,0.0000,0.0000
1790997803.7039,0.0200,0.1049,0.0000,0.0000,0.0000,0.0000,0.0000,0.0000,0.0000,0.0000,0.0000,0.0000,0.0000,0.0000,0.0000,0.0000,0.0000
1790997803.7239,0.0200,0.1211,0.0000,0.0000,0.0000,0.0000,0.0000,0.0000,0.0000,0.0000,0.0000,0.0000,0.0000,0.0000,0.0000,0.0000,0.0000
1790997803.7439,0.0200,0.1997,0.0000,0.0000,0.0000,0.0000,0.0000,0.0000,0.0000,0.0000,0.0000,0.0000,0.0000,0.0000,0.0000,0.0000,0.0000
1790997803.7639,0.0200,0.1339,0.0000,0.0000,0.0000,0.0000,0.0000,0.0000,0.0015,0.0000,0.0000,0.0000,0.0000,0.0000,0.0000,0.0000,0.0000
1790997803.7838,0.0199,0.1077,0.0000,0.0000,0.0000,0.0000,0.0000,0.0000,-0.0015,0.0000,0.0000,0.0000,0.0000,0.0000,0.0000,0.0000,0.0000
1790997803.8039,0.0201,0.1240,0.0000,0.0000,0.0000,0.0000,0.0000,0.0000,0.0000,0.0000,0.0000,0.0000,0.0000,0.0000,0.0000,0.0000,0.0000
1790997803.8239,0.0200,0.1014,0.0000,0.0000,0.0000,0.0000,0.0000,0.0000,0.0000,0.0000,0.0000,0.0000,0.0000,0.0000,0.0000,0.0000,0.0000
1790997803.8439,0.0200,0.1197,0.0000,0.0000,0.0000,0.0000,0.0000,0.0000,0.0015,0.0000,0.0000,0.0000,0.0000,0.0000,0.0000,0.0000,0.0000
1790997803.8639,0.0200,0.1062,0.0000,0.0000,0.0000,0.0000,0.0000,0.0000,-0.0015,0.0000,0.0000,0.0000,0.0000,0.0000,0.0000,0.0000,0.0000
1790997803.8839,0.0200,0.1994,0.0000,0.0000,0.0000,0.0000,0.0000,0.0000,0.0000,0.0000,0.0000,0.0000,0.0000,0.0000,0.0000,0.0000,0.0000
1790997803.9039,0.0200,0.1078,0.0000,0.0000,0.0000,0.0000,0.0000,0.0000,0.0015,0.0000,0.0000,0.0000,0.0000,0.0000,0.0000,0.0000,0.0000
1790997803.9239,0.0199,0.1000,0.0000,0.0000,0.0000,0.0000,0.0000,0.0000,-0.0015,0.0000,0.0000,0.0000,0.0000,0.0000,0.0000,0.0000,0.0000
1790997803.9439,0.0200,0.1415,0.0000,0.0000,0.0000,0.0000,0.0000,0.0000,0.0000,0.0000,0.0000,0.0000,0.0000,0.0000,0.0000,0.0000,0.0000
1790997803.9639,0.0200,0.0970,0.0000,0.0000,0.0000,0.0000,0.0000,0.0000,0.0000,0.0000,0.0000,0.0000,0.0000,0.0000,0.0000,0.0000,0.0000
1790997803.9839,0.0200,0.1651,0.0000,0.0000,0.0000,0.0000,0.0000,0.0000,0.0000,0.0000,0.0000,0.0000,0.0000,0.0000,0.0000,0.0000,0.0000
1790997804.0038,0.0199,0.1539,0.0000,0.0000,0.0000,0.0000,0.0000,0.0000,0.0000,0.0000,0.0000,0.0000,0.0000,0.0000,0.0000,0.0000,0.0000
1790997804.0239,0.0201,0.1922,0.0000,0.0000,0.0000,0.0000,0.0000,0.0000,0.0000,0.0000,0.0000,0.0000,0.0000,0.0000,0.0000,0.0000,0.0000
1790997804.0440,0.0201,0.1315,0.0000,0.0000,0.0000,0.0000,0.0000,0.0000,0.0000,0.0000,0.0000,0.0000,0.0000,0.0000,0.0000,0.0000,0.0000
1790997804.0639,0.0199,0.1477,0.0000,0.0000,0.0000,0.0000,0.0000,0.0000,0.0000,0.0000,0.0000,0.0000,0.0000,0.0000,0.0000,0.0000,0.0000
1790997804.0839,0.0200,0.1398,0.0000,0.0000,0.0000,0.0000,0.0000,0.0000,0.0000,0.0000,0.0000,0.0000,0.0000,0.0000,0.0000,0.0000,0.0000
1790997804.1039,0.0201,0.2224,0.0000,0.0000,0.0000,0.0000,0.0000,0.0000,0.0000,0.0000,0.0000,0.0000,0.0000,0.0000,0.0000,0.0000,0.0000
1790997804.1239,0.0200,0.1441,0.0000,0.0000,0.0000,0.0000,0.0000,0.0000,0.0015,0.0000,0.0000,0.0000,0.0000,0.0000,0.0000,0.0000,0.0000
1790997804.1438,0.0199,0.1788,0.0000,0.0000,0.0000,0.0000,0.0000,0.0000,-0.0015,0.0000,0.0000,0.0000,0.0000,0.0000,0.0000,0.0000,0.0000
1790997804.1637,0.0200,0.0607,0.0000,0.0000,0.0000,0.0000,0.0000,0.0000,0.0015,0.0000,0.0000,0.0000,0.0000,0.0000,0.0000,0.0000,0.0000
1790997804.1839,0.0201,0.1577,0.0000,0.0000,0.0000,0.0000,0.0000,0.0000,-0.0015,0.0000,0.0000,0.0000,0.0000,0.0000,0.0000,0.0000,0.0000
1790997804.2038,0.0200,0.1425,0.0000,0.0000,0.0000,0.0000,0.0000,0.0000,0.0015,0.0000,0.0000,0.0000,0.0000,0.0000,0.0000,0.0000,0.0000
1790997804.2238,0.0199,0.1305,0.0000,0.0000,0.0000,0.0000,0.0000,0.0000,-0.0015,0.0000,0.0000,0.0000,0.0000,0.0000,0.0000,0.0000,0.0000
1790997804.2438,0.0200,0.1282,0.0000,0.0000,0.0000,0.0000,0.0000,0.0000,0.0000,0.0000,0.0000,0.0000,0.0000,0.0000,0.0000,0.0000,0.0000
1790997804.2638,0.0200,0.1206,0.0000,0.0000,0.0000,0.0000,0.0000,0.0000,0.0000,0.0000,0.0000,0.0000,0.0000,0.0000,0.0000,0.0000,0.0000
1790997804.2838,0.0201,0.1072,0.0000,0.0000,0.0000,0.0000,0.0000,0.0000,0.0015,0.0000,0.0000,0.0000,0.0000,0.0000,0.0000,0.0000,0.0000
1790997804.3037,0.0199,0.0759,0.0000,0.0000,0.0000,0.0000,0.0000,0.0000,-0.0015,0.0000,0.0000,0.0000,0.0000,0.0000,0.0000,0.0000,0.0000
1790997804.3239,0.0201,0.0952,0.0000,0.0000,0.0000,0.0000,0.0000,0.0000,0.0000,0.0000,0.0000,0.0000,0.0000,0.0000,0.0000,0.0000,0.0000
1790997804.3439,0.0200,0.1836,0.0000,0.0000,0.0000,0.0000,0.0000,0.0000,0.0000,0.0000,0.0000,0.0000,0.0000,0.0000,0.0000,0.0000,0.0000
1790997804.3638,0.0199,0.1584,0.0000,0.0000,0.0000,0.0000,0.0000,0.0000,0.0000,0.0000,0.0000,0.0000,0.0000,0.0000,0.0000,0.0000,0.0000
1790997804.3838,0.0200,0.1450,0.0000,0.0000,0.0000,0.0000,0.0000,0.0000,0.0015,0.0000,0.0000,0.0000,0.0000,0.0000,0.0000,0.0000,0.0000
1790997804.4039,0.0201,0.1221,0.0000,0.0000,0.0000,0.0000,0.0000,0.0000,0.0000,0.0000,0.0000,0.0000,0.0000,0.0000,0.0000,0.0000,0.0000
1790997804.4239,0.0200,0.1142,0.0000,0.0000,0.0000,0.0000,0.0000,0.0000,-0.0015,0.0000,0.0000,0.0000,0.0000,0.0000,0.0000,0.0000,0.0000
1790997804.4439,0.0200,0.1134,0.0000,0.0000,0.0000,0.0000,0.0000,0.0000,0.0000,0.0000,0.0000,0.0000,0.0000,0.0000,0.0000,0.0000,0.0000
1790997804.4640,0.0201,0.1167,0.0000,0.0000,0.0000,0.0000,0.0000,0.0000,0.0015,0.0000,0.0000,0.0000,0.0000,0.0000,0.0000,0.0000,0.0000
1790997804.4838,0.0199,0.1267,0.0000,0.0000,0.0000,0.0000,0.0000,0.0000,-0.0015,0.0000,0.0000,0.0000,0.0000,0.0000,0.0000,0.0000,0.0000
1790997804.5040,0.0202,0.1104,0.0000,0.0000,0.0000,0.0000,0.0000,0.0000,0.0015,0.0000,0.0000,0.0000,0.0000,0.0000,0.0000,0.0000,0.0000
1790997804.5239,0.0199,0.1984,0.0000,0.0000,0.0000,0.0000,0.0000,0.0000,-0.0015,0.0000,0.0000,0.0000,0.0000,0.0000,0.0000,0.0000,0.0000
1790997804.5437,0.0198,0.1168,0.0000,0.0000,0.0000,0.0000,0.0000,0.0000,0.0000,0.0000,0.0000,0.0000,0.0000,0.0000,0.0000,0.0000,0.0000
1790997804.5638,0.0201,0.1850,0.0000,0.0000,0.0000,0.0000,0.0000,0.0000,0.0000,0.0000,0.0000,0.0000,0.0000,0.0000,0.0000,0.0000,0.0000
1790997804.5838,0.0200,0.1535,0.0000,0.0000,0.0000,0.0000,0.0000,0.0000,0.0000,0.0000,0.0000,0.0000,0.0000,0.0000,0.0000,0.0000,0.0000
1790997804.6037,0.0200,0.0715,0.0000,0.0000,0.0000,0.0000,0.0000,0.0000,0.0015,0.0000,0.0000,0.0000,0.0000,0.0000,0.0000,0.0000,0.0000
1790997804.6239,0.0201,0.1558,0.0000,0.0000,0.0000,0.0000,0.0000,0.0000,0.0000,0.0000,0.0000,0.0000,0.0000,0.0000,0.0000,0.0000,0.0000
1790997804.6439,0.0200,0.1520,0.0000,0.0000,0.0000,0.0000,0.0000,0.0000,-0.0015,0.0000,0.0000,0.0000,0.0000,0.0000,0.0000,0.0000,0.0000
1790997804.6639,0.0200,0.1516,0.0000,0.0000,0.0000,0.0000,0.0000,0.0000,0.0000,0.0000,0.0000,0.0000,0.0000,0.0000,0.0000,0.0000,0.0000
1790997804.6839,0.0200,0.1499,0.0000,0.0000,0.0000,0.0000,0.0000,0.0000,0.0000,0.0000,0.0000,0.0000,0.0000,0.0000,0.0000,0.0000,0.0000
1790997804.7039,0.0200,0.1570,0.0000,0.0000,0.0000,0.0000,0.0000,0.0000,0.0000,0.0000,0.0000,0.0000,0.0000,0.0000,0.0000,0.0000,0.0000
1790997804.7239,0.0199,0.1405,0.0000,0.0000,0.0000,0.0000,0.0000,0.0000,0.0000,0.0000,0.0000,0.0000,0.0000,0.0000,0.0000,0.0000,0.0000
1790997804.7440,0.0201,0.1316,0.0000,0.0000,0.0000,0.0000,0.0000,0.0000,0.0015,0.0000,0.0000,0.0000,0.0000,0.0000,0.0000,0.0000,0.0000
1790997804.7639,0.0200,0.1294,0.0000,0.0000,0.0000,0.0000,0.0000,0.0000,-0.0015,0.0000,0.0000,0.0000,0.0000,0.0000,0.0000,0.0000,0.0000
1790997804.7838,0.0199,0.1361,0.0000,0.0000,0.0000,0.0000,0.0000,0.0000,0.0015,0.0000,0.0000,0.0000,0.0000,0.0000,0.0000,0.0000,0.0000
1790997804.8039,0.0200,0.1130,0.0000,0.0000,0.0000,0.0000,0.0000,0.0000,-0.0015,0.0000,0.0000,0.0000,0.0000,0.0000,0.0000,0.0000,0.0000
1790997804.8238,0.0200,0.1349,0.0000,0.0000,0.0000,0.0000,0.0000,0.0000,0.0000,0.0000,0.0000,0.0000,0.0000,0.0000,0.0000,0.0000,0.0000
1790997804.8439,0.0200,0.1219,0.0000,0.0000,0.0000,0.0000,0.0000,0.0000,0.0000,0.0000,0.0000,0.0000,0.0000,0.0000,0.0000,0.0000,0.0000
1790997804.8638,0.0200,0.1208,0.0000,0.0000,0.0000,0.0000,0.0000,0.0000,0.0000,0.0000,0.0000,0.0000,0.0000,0.0000,0.0000,0.0000,0.0000
1790997804.8838,0.0200,0.1174,0.0000,0.0000,0.0000,0.0000,0.0000,0.0000,0.0000,0.0000,0.0000,0.0000,0.0000,0.0000,0.0000,0.0000,0.0000
1790997804.9039,0.0201,0.1042,0.0000,0.0000,0.0000,0.0000,0.0000,0.0000,0.0000,0.0000,0.0000,0.0000,0.0000,0.0000,0.0000,0.0000,0.0000
1790997804.9238,0.0199,0.0992,0.0000,0.0000,0.0000,0.0000,0.0000,0.0000,0.0000,0.0000,0.0000,0.0000,0.0000,0.0000,0.0000,0.0000,0.0000
1790997804.9439,0.0200,0.1044,0.0000,0.0000,0.0000,0.0000,0.0000,0.0000,0.0000,0.0000,0.0000,0.0000,0.0000,0.0000,0.0000,0.0000,0.0000
1790997804.9638,0.0199,0.1020,0.0000,0.0000,0.0000,0.0000,0.0000,0.0000,0.0015,0.0000,0.0000,0.0000,0.0000,0.0000,0.0000,0.0000,0.0000
1790997804.9838,0.0200,0.1431,0.0000,0.0000,0.0000,0.0000,0.0000,0.0000,-0.0015,0.0000,0.0000,0.0000,0.0000,0.0000,0.0000,0.0000,0.0000
1790997805.0039,0.0200,0.1144,0.0000,0.0000,0.0000,0.0000,0.0000,0.0000,0.0015,0.0000,0.0000,0.0000,0.0000,0.0000,0.0000,0.0000,0.0000
1790997805.0238,0.0200,0.0986,0.0000,0.0000,0.0000,0.0000,0.0000,0.0000,-0.0015,0.0000,0.0000,0.0000,0.0000,0.0000,0.0000,0.0000,0.0000
1790997805.0439,0.0200,0.0977,0.0000,0.0000,0.0000,0.0000,0.0000,0.0000,0.0000,0.0000,0.0000,0.0000,0.0000,0.0000,0.0000,0.0000,0.0000
1790997805.0638,0.0200,0.1256,0.0000,0.0000,0.0000,0.0000,0.0000,0.0000,0.0015,0.0000,0.0000,0.0000,0.0000,0.0000,0.0000,0.0000,0.0000
1790997805.0838,0.0200,0.1033,0.0000,0.0000,0.0000,0.0000,0.0000,0.0000,-0.0015,0.0000,0.0000,0.0000,0.0000,0.0000,0.0000,0.0000,0.0000
1790997805.1038,0.0200,0.1089,0.0000,0.0000,0.0000,0.0000,0.0000,0.0000,0.0015,0.0000,0.0000,0.0000,0.0000,0.0000,0.0000,0.0000,0.0000
1790997805.1237,0.0199,0.1036,0.0000,0.0000,0.0000,0.0000,0.0000,0.0000,-0.0015,0.0000,0.0000,0.0000,0.0000,0.0000,0.0000,0.0000,0.0000
1790997805.1437,0.0200,0.0997,0.0000,0.0000,0.0000,0.0000,0.0000,0.0000,0.0000,0.0000,0.0000,0.0000,0.0000,0.0000,0.0000,0.0000,0.0000
1790997805.1639,0.0202,0.1051,0.0000,0.0000,0.0000,0.0000,0.0000,0.0000,0.0000,0.0000,0.0000,0.0000,0.0000,0.0000,0.0000,0.0000,0.0000
1790997805.1839,0.0200,0.1349,0.0000,0.0000,0.0000,0.0000,0.0000,0.0000,0.0015,0.0000,0.0000,0.0000,0.0000,0.0000,0.0000,0.0000,0.0000
1790997805.2039,0.0200,0.1011,0.0000,0.0000,0.0000,0.0000,0.0000,0.0000,-0.0015,0.0000,0.0000,0.0000,0.0000,0.0000,0.0000,0.0000,0.0000
1790997805.2238,0.0199,0.0939,0.0000,0.0000,0.0000,0.0000,0.0000,0.0000,0.0000,0.0000,0.0000,0.0000,0.0000,0.0000,0.0000,0.0000,0.0000
1790997805.2438,0.0200,0.0934,0.0000,0.0000,0.0000,0.0000,0.0000,0.0000,0.0015,0.0000,0.0000,0.0000,0.0000,0.0000,0.0000,0.0000,0.0000
1790997805.2639,0.0200,0.0918,0.0000,0.0000,0.0000,0.0000,0.0000,0.0000,-0.0015,0.0000,0.0000,0.0000,0.0000,0.0000,0.0000,0.0000,0.0000
1790997805.2839,0.0200,0.0981,0.0000,0.0000,0.0000,0.0000,0.0000,0.0000,0.0000,0.0000,0.0000,0.0000,0.0000,0.0000,0.0000,0.0000,0.0000
1790997805.3039,0.0200,0.0977,0.0000,0.0000,0.0000,0.0000,0.0000,0.0000,0.0000,0.0000,0.0000,0.0000,0.0000,0.0000,0.0000,0.0000,0.0000
1790997805.3238,0.0200,0.0948,0.0000,0.0000,0.0000,0.0000,0.0000,0.0000,0.0015,0.0000,0.0000,0.0000,0.0000,0.0000,0.0000,0.0000,0.0000
1790997805.3439,0.0201,0.0932,0.0000,0.0000,0.0000,0.0000,0.0000,0.0000,-0.0015,0.0000,0.0000,0.0000,0.0000,0.0000,0.0000,0.0000,0.0000
1790997805.3639,0.0200,0.0920,0.0000,0.0000,0.0000,0.0000,0.0000,0.0000,0.0015,0.0000,0.0000,0.0000,0.0000,0.0000,0.0000,0.0000,0.0000
1790997805.3839,0.0200,0.0919,0.0000,0.0000,0.0000,0.0000,0.0000,0.0000,-0.0015,0.0000,0.0000,0.0000,0.0000,0.0000,0.0000,0.0000,0.0000
1790997805.4039,0.0200,0.0943,0.0000,0.0000,0.0000,0.0000,0.0000,0.0000,0.0000,0.0000,0.0000,0.0000,0.0000,0.0000,0.0000,0.0000,0.0000
1790997805.4239,0.0200,0.1112,0.0000,0.0000,0.0000,0.0000,0.0000,0.0000,0.0000,0.0000,0.0000,0.0000,0.0000,0.0000,0.0000,0.0000,0.0000
1790997805.4438,0.0200,0.0914,0.0000,0.0000,0.0000,0.0000,0.0000,0.0000,0.0000,0.0000,0.0000,0.0000,0.0000,0.0000,0.0000,0.0000,0.0000
1790997805.4639,0.0200,0.0926,0.0000,0.0000,0.0000,0.0000,0.0000,0.0000,0.0015,0.0000,0.0000,0.0000,0.0000,0.0000,0.0000,0.0000,0.0000
1790997805.4839,0.0200,0.0914,0.0000,0.0000,0.0000,0.0000,0.0000,0.0000,-0.0015,0.0000,0.0000,0.0000,0.0000,0.0000,0.0000,0.0000,0.0000
1790997805.5039,0.0200,0.1280,0.0000,0.0000,0.0000,0.0000,0.0000,0.0000,0.0000,0.0000,0.0000,0.0000,0.0000,0.0000,0.0000,0.0000,0.0000
1790997805.5239,0.0200,0.0978,0.0000,0.0000,0.0000,0.0000,0.0000,0.0000,0.0000,0.0000,0.0000,0.0000,0.0000,0.0000,0.0000,0.0000,0.0000
1790997805.5439,0.0200,0.0976,0.0000,0.0000,0.0000,0.0000,0.0000,0.0000,0.0000,0.0000,0.0000,0.0000,0.0000,0.0000,0.0000,0.0000,0.0000
1790997805.5639,0.0200,0.1224,0.0000,0.0000,0.0000,0.0000,0.0000,0.0000,0.0000,0.0000,0.0000,0.0000,0.0000,0.0000,0.0000,0.0000,0.0000
1790997805.5837,0.0199,0.1031,0.0000,0.0000,0.0000,0.0000,0.0000,0.0000,0.0015,0.0000,0.0000,0.0000,0.0000,0.0000,0.0000,0.0000,0.0000
1790997805.6039,0.0202,0.1262,0.0000,0.0000,0.0000,0.0000,0.0000,0.0000,0.0000,0.0000,0.0000,0.0000,0.0000,0.0000,0.0000,0.0000,0.0000
1790997805.6239,0.0200,0.1139,0.0000,0.0000,0.0000,0.0000,0.0000,0.0000,-0.0015,0.0000,0.0000,0.0000,0.0000,0.0000,0.0000,0.0000,0.0000
1790997805.6439,0.0200,0.1143,0.0000,0.0000,0.0000,0.0000,0.0000,0.0000,0.0015,0.0000,0.0000,0.0000,0.0000,0.0000,0.0000,0.0000,0.0000
1790997805.6638,0.0200,0.0932,0.0000,0.0000,0.0000,0.0000,0.0000,0.0000,-0.0015,0.0000,0.0000,0.0000,0.0000,0.0000,0.0000,0.0000,0.0000
1790997805.6839,0.0200,0.1442,0.0000,0.0000,0.0000,0.0000,0.0000,0.0000,0.0000,0.0000,0.0000,0.0000,0.0000,0.0000,0.0000,0.0000,0.0000
1790997805.7038,0.0200,0.0972,0.0000,0.0000,0.0000,0.0000,0.0000,0.0000,0.0000,0.0000,0.0000,0.0000,0.0000,0.0000,0.0000,0.0000,0.0000
1790997805.7239,0.0200,0.1113,0.0000,0.0000,0.0000,0.0000,0.0000,0.0000,0.0000,0.0000,0.0000,0.0000,0.0000,0.0000,0.0000,0.0000,0.0000
1790997805.7439,0.0200,0.0976,0.0000,0.0000,0.0000,0.0000,0.0000,0.0000,0.0015,0.0000,0.0000,0.0000,0.0000,0.0000,0.0000,0.0000,0.0000
1790997805.7639,0.0201,0.1094,0.0000,0.0000,0.0000,0.0000,0.0000,0.0000,0.0000,0.0000,0.0000,0.0000,0.0000,0.0000,0.0000,0.0000,0.0000
1790997805.7839,0.0200,0.1243,0.0000,0.0000,0.0000,0.0000,0.0000,0.0000,-0.0015,0.0000,0.0000,0.0000,0.0000,0.0000,0.0000,0.0000,0.0000
1790997805.8039,0.0200,0.1600,0.0000,0.0000,0.0000,0.0000,0.0000,0.0000,0.0000,0.0000,0.0000,0.0000,0.0000,0.0000,0.0000,0.0000,0.0000
1790997805.8239,0.0199,0.1278,0.0000,0.0000,0.0000,0.0000,0.0000,0.0000,0.0000,0.0000,0.0000,0.0000,0.0000,0.0000,0.0000,0.0000,0.0000
1790997805.8439,0.0200,0.0993,0.0000,0.0000,0.0000,0.0000,0.0000,0.0000,0.0000,0.0000,0.0000,0.0000,0.0000,0.0000,0.0000,0.0000,0.0000
1790997805.8639,0.0200,0.1052,0.0000,0.0000,0.0000,0.0000,0.0000,0.0000,0.0000,0.0000,0.0000,0.0000,0.0000,0.0000,0.0000,0.0000,0.0000
1790997805.8838,0.0200,0.0979,0.0000,0.0000,0.0000,0.0000,0.0000,0.0000,0.0015,0.0000,0.0000,0.0000,0.0000,0.0000,0.0000,0.0000,0.0000
1790997805.9039,0.0201,0.1322,0.0000,0.0000,0.0000,0.0000,0.0000,0.0000,-0.0015,0.0000,0.0000,0.0000,0.0000,0.0000,0.0000,0.0000,0.0000
1790997805.9238,0.0199,0.0991,0.0000,0.0000,0.0000,0.0000,0.0000,0.0000,0.0000,0.0000,0.0000,0.0000,0.0000,0.0000,0.0000,0.0000,0.0000
1790997805.9439,0.0200,0.1108,0.0000,0.0000,0.0000,0.0000,0.0000,0.0000,0.0000,0.0000,0.0000,0.0000,0.0000,0.0000,0.0000,0.0000,0.0000
1790997805.9639,0.0200,0.0927,0.0000,0.0000,0.0000,0.0000,0.0000,0.0000,0.0000,0.0000,0.0000,0.0000,0.0000,0.0000,0.0000,0.0000,0.0000
1790997805.9839,0.0200,0.1091,0.0000,0.0000,0.0000,0.0000,0.0000,0.0000,0.0000,0.0000,0.0000,0.0000,0.0000,0.0000,0.0000,0.0000,0.0000
1790997806.0039,0.0200,0.0946,0.0000,0.0000,0.0000,0.0000,0.0000,0.0000,0.0000,0.0000,0.0000,0.0000,0.0000,0.0000,0.0000,0.0000,0.0000
1790997806.0239,0.0200,0.1546,0.0000,0.0000,0.0000,0.0000,0.0000,0.0000,0.0000,0.0000,0.0000,0.0000,0.0000,0.0000,0.0000,0.0000,0.0000
1790997806.0438,0.0200,0.0934,0.0000,0.0000,0.0000,0.0000,0.0000,0.0000,0.0000,0.0000,0.0000,0.0000,0.0000,0.0000,0.0000,0.0000,0.0000
1790997806.0638,0.0200,0.1042,0.0000,0.0000,0.0000,0.0000,0.0000,0.0000,0.0000,0.0000,0.0000,0.0000,0.0000,0.0000,0.0000,0.0000,0.0000
1790997806.0838,0.0200,0.0948,0.0000,0.0000,0.0000,0.0000,0.0000,0.0000,0.0015,0.0000,0.0000,0.0000,0.0000,0.0000,0.0000,0.0000,0.0000
1790997806.1039,0.0201,0.1517,0.0000,0.0000,0.0000,0.0000,0.0000,0.0000,0.0000,0.0000,0.0000,0.0000,0.0000,0.0000,0.0000,0.0000,0.0000
1790997806.1239,0.0200,0.1224,0.0000,0.0000,0.0000,0.0000,0.0000,0.0000,0.0000,0.0000,0.0000,0.0000,0.0000,0.0000,0.0000,0.0000,0.0000
1790997806.1439,0.0200,0.1252,0.0000,0.0000,0.0000,0.0000,0.0000,0.0000,-0.0015,0.0000,0.0000,0.0000,0.0000,0.0000,0.0000,0.0000,0.0000
1790997806.1638,0.0199,0.1076,0.0000,0.0000,0.0000,0.0000,0.0000,0.0000,0.0000,0.0000,0.0000,0.0000,0.0000,0.0000,0.0000,0.0000,0.0000
1790997806.1839,0.0200,0.1029,0.0000,0.0000,0.0000,0.0000,0.0000,0.0000,0.0000,0.0000,0.0000,0.0000,0.0000,0.0000,0.0000,0.0000,0.0000
1790997806.2039,0.0200,0.1211,0.0000,0.0000,0.0000,0.0000,0.0000,0.0000,0.0000,0.0000,0.0000,0.0000,0.0000,0.0000,0.0000,0.0000,0.0000
1790997806.2239,0.0200,0.1058,0.0000,0.0000,0.0000,0.0000,0.0000,0.0000,0.0000,0.0000,0.0000,0.0000,0.0000,0.0000,0.0000,0.0000,0.0000
1790997806.2439,0.0200,0.0966,0.0000,0.0000,0.0000,0.0000,0.0000,0.0000,0.0000,0.0000,0.0000,0.0000,0.0000,0.0000,0.0000,0.0000,0.0000
1790997806.2638,0.0199,0.1019,0.0000,0.0000,0.0000,0.0000,0.0000,0.0000,0.0015,0.0000,0.0000,0.0000,0.0000,0.0000,0.0000,0.0000,0.0000
1790997806.2839,0.0200,0.1334,0.0000,0.0000,0.0000,0.0000,0.0000,0.0000,-0.0015,0.0000,0.0000,0.0000,0.0000,0.0000,0.0000,0.0000,0.0000
1790997806.3039,0.0200,0.0996,0.0000,0.0000,0.0000,0.0000,0.0000,0.0000,0.0015,0.0000,0.0000,0.0000,0.0000,0.0000,0.0000,0.0000,0.0000
1790997806.3238,0.0200,0.0959,0.0000,0.0000,0.0000,0.0000,0.0000,0.0000,0.0000,0.0000,0.0000,0.0000,0.0000,0.0000,0.0000,0.0000,0.0000
1790997806.3439,0.0200,0.0935,0.0000,0.0000,0.0000,0.0000,0.0000,0.0000,-0.0015,0.0000,0.0000,0.0000,0.0000,0.0000,0.0000,0.0000,0.0000
1790997806.3638,0.0199,0.1073,0.0000,0.0000,0.0000,0.0000,0.0000,0.0000,0.0000,0.0000,0.0000,0.0000,0.0000,0.0000,0.0000,0.0000,0.0000
1790997806.3840,0.0201,0.1161,0.0000,0.0000,0.0000,0.0000,0.0000,0.0000,0.0000,0.0000,0.0000,0.0000,0.0000,0.0000,0.0000,0.0000,0.0000
1790997806.4039,0.0199,0.0953,0.0000,0.0000,0.0000,0.0000,0.0000,0.0000,0.0000,0.0000,0.0000,0.0000,0.0000,0.0000,0.0000,0.0000,0.0000
1790997806.4239,0.0200,0.0956,0.0000,0.0000,0.0000,0.0000,0.0000,0.0000,0.0015,0.0000,0.0000,0.0000,0.0000,0.0000,0.0000,0.0000,0.0000
1790997806.4439,0.0200,0.1030,0.0000,0.0000,0.0000,0.0000,0.0000,0.0000,0.0000,0.0000,0.0000,0.0000,0.0000,0.0000,0.0000,0.0000,0.0000
1790997806.4638,0.0200,0.0932,0.0000,0.0000,0.0000,0.0000,0.0000,0.0000,-0.0015,0.0000,0.0000,0.0000,0.0000,0.0000,0.0000,0.0000,0.0000
1790997806.4839,0.0200,0.1012,0.0000,0.0000,0.0000,0.0000,0.0000,0.0000,0.0000,0.0000,0.0000,0.0000,0.0000,0.0000,0.0000,0.0000,0.0000
1790997806.5039,0.0200,0.0996,0.0000,0.0000,0.0000,0.0000,0.0000,0.0000,0.0000,0.0000,0.0000,0.0000,0.0000,0.0000,0.0000,0.0000,0.0000
1790997806.5238,0.0200,0.0975,0.0000,0.0000,0.0000,0.0000,0.0000,0.0000,0.0000,0.0000,0.0000,0.0000,0.0000,0.0000,0.0000,0.0000,0.0000
1790997806.5439,0.0201,0.0934,0.0000,0.0000,0.0000,0.0000,0.0000,0.0000,0.0000,0.0000,0.0000,0.0000,0.0000,0.0000,0.0000,0.0000,0.0000
1790997806.5638,0.0199,0.0934,0.0000,0.0000,0.0000,0.0000,0.0000,0.0000,0.0000,0.0000,0.0000,0.0000,0.0000,0.0000,0.0000,0.0000,0.0000
1790997806.5839,0.0200,0.1335,0.0000,0.0000,0.0000,0.0000,0.0000,0.0000,0.0015,0.0000,0.0000,0.0000,0.0000,0.0000,0.0000,0.0000,0.0000
1790997806.6039,0.0200,0.0945,0.0000,0.0000,0.0000,0.0000,0.0000,0.0000,-0.0015,0.0000,0.0000,0.0000,0.0000,0.0000,0.0000,0.0000,0.0000
1790997806.6238,0.0200,0.1049,0.0000,0.0000,0.0000,0.0000,0.0000,0.0000,0.0015,0.0000,0.0000,0.0000,0.0000,0.0000,0.0000,0.0000,0.0000
1790997806.6438,0.0200,0.1374,0.0000,0.0000,0.0000,0.0000,0.0000,0.0000,-0.0015,0.0000,0.0000,0.0000,0.0000,0.0000,0.0000,0.0000,0.0000
1790997806.6639,0.0200,0.0971,0.0000,0.0000,0.0000,0.0000,0.0000,0.0000,0.0000,0.0000,0.0000,0.0000,0.0000,0.0000,0.0000,0.0000,0.0000
1790997806.6839,0.0200,0.1720,0.0000,0.0000,0.0000,0.0000,0.0000,0.0000,0.0000,0.0000,0.0000,0.0000,0.0000,0.0000,0.0000,0.0000,0.0000
1790997806.7039,0.0200,0.1540,0.0000,0.0000,0.0000,0.0000,0.0000,0.0000,0.0015,0.0000,0.0000,0.0000,0.0000,0.0000,0.0000,0.0000,0.0000
1790997806.7239,0.0200,0.1250,0.0000,0.0000,0.0000,0.0000,0.0000,0.0000,-0.0015,0.0000,0.0000,0.0000,0.0000,0.0000,0.0000,0.0000,0.0000
1790997806.7438,0.0199,0.1345,0.0000,0.0000,0.0000,0.0000,0.0000,0.0000,0.0000,0.0000,0.0000,0.0000,0.0000,0.0000,0.0000,0.0000,0.0000
1790997806.7638,0.0200,0.0977,0.0000,0.0000,0.0000,0.0000,0.0000,0.0000,0.0015,0.0000,0.0000,0.0000,0.0000,0.0000,0.0000,0.0000,0.0000
1790997806.7838,0.0200,0.1053,0.0000,0.0000,0.0000,0.0000,0.0000,0.0000,-0.0015,0.0000,0.0000,0.0000,0.0000,0.0000,0.0000,0.0000,0.0000
1790997806.8038,0.0200,0.0978,0.0000,0.0000,0.0000,0.0000,0.0000,0.0000,0.0000,0.0000,0.0000,0.0000,0.0000,0.0000,0.0000,0.0000,0.0000
1790997806.8239,0.0201,0.0998,0.0000,0.0000,0.0000,0.0000,0.0000,0.0000,0.0000,0.0000,0.0000,0.0000,0.0000,0.0000,0.0000,0.0000,0.0000
1790997806.8439,0.0200,0.1000,0.0000,0.0000,0.0000,0.0000,0.0000,0.0000,0.0000,0.0000,0.0000,0.0000,0.0000,0.0000,0.0000,0.0000,0.0000
1790997806.8638,0.0199,0.1187,0.0000,0.0000,0.0000,0.0000,0.0000,0.0000,0.0000,0.0000,0.0000,0.0000,0.0000,0.0000,0.0000,0.0000,0.0000
1790997806.8838,0.0200,0.1206,0.0000,0.0000,0.0000,0.0000,0.0000,0.0000,0.0000,0.0000,0.0000,0.0000,0.0000,0.0000,0.0000,0.0000,0.0000
1790997806.9037,0.0200,0.0505,0.0000,0.0000,0.0000,0.0000,0.0000,0.0000,0.0000,0.0000,0.0000,0.0000,0.0000,0.0000,0.0000,0.0000,0.0000
1790997806.9238,0.0201,0.0857,0.0000,0.0000,0.0000,0.0000,0.0000,0.0000,0.0015,0.0000,0.0000,0.0000,0.0000,0.0000,0.0000,0.0000,0.0000
1790997806.9438,0.0200,0.0784,0.0000,0.0000,0.0000,0.0000,0.0000,0.0000,0.0000,0.0000,0.0000,0.0000,0.0000,0.0000,0.0000,0.0000,0.0000
1790997806.9638,0.0200,0.0751,0.0000,0.0000,0.0000,0.0000,0.0000,0.0000,-0.0015,0.0000,0.0000,0.0000,0.0000,0.0000,0.0000,0.0000,0.0000
1790997806.9838,0.0200,0.1139,0.0000,0.0000,0.0000,0.0000,0.0000,0.0000,0.0000,0.0000,0.0000,0.0000,0.0000,0.0000,0.0000,0.0000,0.0000
1790997807.0038,0.0200,0.0795,0.0000,0.0000,0.0000,0.0000,0.0000,0.0000,0.0000,0.0000,0.0000,0.0000,0.0000,0.0000,0.0000,0.0000,0.0000
1790997807.0239,0.0200,0.1316,0.0000,0.0000,0.0000,0.0000,0.0000,0.0000,0.0015,0.0000,0.0000,0.0000,0.0000,0.0000,0.0000,0.0000,0.0000
1790997807.0439,0.0200,0.1015,0.0000,0.0000,0.0000,0.0000,0.0000,0.0000,-0.0015,0.0000,0.0000,0.0000,0.0000,0.0000,0.0000,0.0000,0.0000
1790997807.0639,0.0200,0.1049,0.0000,0.0000,0.0000,0.0000,0.0000,0.0000,0.0000,0.0000,0.0000,0.0000,0.0000,0.0000,0.0000,0.0000,0.0000
1790997807.0839,0.0200,0.1595,0.0000,0.0000,0.0000,0.0000,0.0000,0.0000,0.0000,0.0000,0.0000,0.0000,0.0000,0.0000,0.0000,0.0000,0.0000
1790997807.1039,0.0200,0.1242,0.0000,0.0000,0.0000,0.0000,0.0000,0.0000,0.0015,0.0000,0.0000,0.0000,0.0000,0.0000,0.0000,0.0000,0.0000
1790997807.1238,0.0200,0.0988,0.0000,0.0000,0.0000,0.0000,0.0000,0.0000,-0.0015,0.0000,0.0000,0.0000,0.0000,0.0000,0.0000,0.0000,0.0000
1790997807.1439,0.0200,0.1038,0.0000,0.0000,0.0000,0.0000,0.0000,0.0000,0.0000,0.0000,0.0000,0.0000,0.0000,0.0000,0.0000,0.0000,0.0000
1790997807.1639,0.0200,0.0981,0.0000,0.0000,0.0000,0.0000,0.0000,0.0000,0.0000,0.0000,0.0000,0.0000,0.0000,0.0000,0.0000,0.0000,0.0000
1790997807.1839,0.0200,0.1472,0.0000,0.0000,0.0000,0.0000,0.0000,0.0000,0.0000,0.0000,0.0000,0.0000,0.0000,0.0000,0.0000,0.0000,0.0000
1790997807.2038,0.0200,0.1111,0.0000,0.0000,0.0000,0.0000,0.0000,0.0000,0.0015,-0.0015,0.0000,0.0000,0.0000,0.0000,0.0000,0.0000,0.0000
1790997807.2238,0.0200,0.1257,0.0000,0.0000,0.0000,0.0000,0.0000,0.0000,-0.0015,0.0015,0.0000,0.0000,0.0000,0.0000,0.0000,0.0000,0.0000
1790997807.2439,0.0201,0.1010,0.0000,0.0000,0.0000,0.0000,0.0000,0.0000,0.0000,0.0000,0.0000,0.0000,0.0000,0.0000,0.0000,0.0000,0.0000
1790997807.2638,0.0199,0.0977,0.0000,0.0000,0.0000,0.0000,0.0000,0.0000,0.0015,0.0000,0.0000,0.0000,0.0000,0.0000,0.0000,0.0000,0.0000
1790997807.2838,0.0200,0.1216,0.0000,0.0000,0.0000,0.0000,0.0000,0.0000,-0.0015,0.0000,0.0000,0.0000,0.0000,0.0000,0.0000,0.0000,0.0000
1790997807.3039,0.0201,0.1049,0.0000,0.0000,0.0000,0.0000,0.0000,0.0000,0.0000,0.0000,0.0000,0.0000,0.0000,0.0000,0.0000,0.0000,0.0000
1790997807.3239,0.0200,0.0967,0.0000,0.0000,0.0000,0.0000,0.0000,0.0000,0.0000,0.0000,0.0000,0.0000,0.0000,0.0000,0.0000,0.0000,0.0000
1790997807.3438,0.0199,0.1352,0.0000,0.0000,0.0000,0.0000,0.0000,0.0000,0.0000,0.0000,0.0000,0.0000,0.0000,0.0000,0.0000,0.0000,0.0000
1790997807.3639,0.0200,0.1011,0.0000,0.0000,0.0000,0.0000,0.0000,0.0000,0.0015,0.0000,0.0000,0.0000,0.0000,0.0000,0.0000,0.0000,0.0000
1790997807.3839,0.0200,0.1642,0.0000,0.0000,0.0000,0.0000,0.0000,0.0000,-0.0015,0.0000,0.0000,0.0000,0.0000,0.0000,0.0000,0.0000,0.0000
1790997807.4038,0.0199,0.0821,0.0000,0.0000,0.0000,0.0000,0.0000,0.0000,0.0000,0.0000,0.0000,0.0000,0.0000,0.0000,0.0000,0.0000,0.0000
1790997807.4239,0.0201,0.0868,0.0000,0.0000,0.0000,0.0000,0.0000,0.0000,0.0015,0.0000,0.0000,0.0000,0.0000,0.0000,0.0000,0.0000,0.0000
1790997807.4438,0.0199,0.0822,0.0000,0.0000,0.0000,0.0000,0.0000,0.0000,-0.0015,0.0000,0.0000,0.0000,0.0000,0.0000,0.0000,0.0000,0.0000
1790997807.4639,0.0200,0.1326,0.0000,0.0000,0.0000,0.0000,0.0000,0.0000,0.0000,0.0000,0.0000,0.0000,0.0000,0.0000,0.0000,0.0000,0.0000
1790997807.4839,0.0200,0.1647,0.0000,0.0000,0.0000,0.0000,0.0000,0.0000,0.0000,0.0000,0.0000,0.0000,0.0000,0.0000,0.0000,0.0000,0.0000
1790997807.5038,0.0199,0.1314,0.0000,0.0000,0.0000,0.0000,0.0000,0.0000,0.0000,0.0000,0.0000,0.0000,0.0000,0.0000,0.0000,0.0000,0.0000
1790997807.5238,0.0200,0.1155,0.0000,0.0000,0.0000,0.0000,0.0000,0.0000,0.0000,0.0000,0.0000,0.0000,0.0000,0.0000,0.0000,0.0000,0.0000
1790997807.5438,0.0201,0.1075,0.0000,0.0000,0.0000,0.0000,0.0000,0.0000,0.0015,0.0000,0.0000,0.0000,0.0000,0.0000,0.0000,0.0000,0.0000
1790997807.5638,0.0200,0.1059,0.0000,0.0000,0.0000,0.0000,0.0000,0.0000,-0.0015,0.0000,0.0000,0.0000,0.0000,0.0000,0.0000,0.0000,0.0000
1790997807.5839,0.0200,0.1224,0.0000,0.0000,0.0000,0.0000,0.0000,0.0000,0.0015,0.0000,0.0000,0.0000,0.0000,0.0000,0.0000,0.0000,0.0000
1790997807.6039,0.0200,0.0840,0.0000,0.0000,0.0000,0.0000,0.0000,0.0000,-0.0015,0.0000,0.0000,0.0000,0.0000,0.0000,0.0000,0.0000,0.0000
1790997807.6239,0.0200,0.0839,0.0000,0.0000,0.0000,0.0000,0.0000,0.0000,0.0015,0.0000,0.0000,0.0000,0.0000,0.0000,0.0000,0.0000,0.0000
1790997807.6438,0.0199,0.0752,0.0000,0.0000,0.0000,0.0000,0.0000,0.0000,-0.0015,0.0000,0.0000,0.0000,0.0000,0.0000,0.0000,0.0000,0.0000
1790997807.6638,0.0200,0.0979,0.0000,0.0000,0.0000,0.0000,0.0000,0.0000,0.0000,0.0000,0.0000,0.0000,0.0000,0.0000,0.0000,0.0000,0.0000
1790997807.6839,0.0200,0.1015,0.0000,0.0000,0.0000,0.0000,0.0000,0.0000,0.0000,0.0000,0.0000,0.0000,0.0000,0.0000,0.0000,0.0000,0.0000
1790997807.7039,0.0201,0.1439,0.0000,0.0000,0.0000,0.0000,0.0000,0.0000,0.0015,0.0000,0.0000,0.0000,0.0000,0.0000,0.0000,0.0000,0.0000
1790997807.7239,0.0200,0.1094,0.0000,0.0000,0.0000,0.0000,0.0000,0.0000,-0.0015,0.0000,0.0000,0.0000,0.0000,0.0000,0.0000,0.0000,0.0000
1790997807.7438,0.0200,0.0975,0.0000,0.0000,0.0000,0.0000,0.0000,0.0000,0.0000,0.0000,0.0000,0.0000,0.0000,0.0000,0.0000,0.0000,0.0000
1790997807.7639,0.0200,0.0950,0.0000,0.0000,0.0000,0.0000,0.0000,0.0000,0.0000,0.0000,0.0000,0.0000,0.0000,0.0000,0.0000,0.0000,0.0000
1790997807.7839,0.0200,0.1388,0.0000,0.0000,0.0000,0.0000,0.0000,0.0000,0.0000,0.0000,0.0000,0.0000,0.0000,0.0000,0.0000,0.0000,0.0000
1790997807.8039,0.0199,0.1014,0.0000,0.0000,0.0000,0.0000,0.0000,0.0000,0.0000,0.0000,0.0000,0.0000,0.0000,0.0000,0.0000,0.0000,0.0000
1790997807.8238,0.0200,0.0983,0.0000,0.0000,0.0000,0.0000,0.0000,0.0000,0.0000,0.0000,0.0000,0.0000,0.0000,0.0000,0.0000,0.0000,0.0000
1790997807.8439,0.0200,0.0926,0.0000,0.0000,0.0000,0.0000,0.0000,0.0000,0.0000,0.0000,0.0000,0.0000,0.0000,0.0000,0.0000,0.0000,0.0000
1790997807.8639,0.0200,0.0933,0.0000,0.0000,0.0000,0.0000,0.0000,0.0000,0.0015,0.0000,0.0000,0.0000,0.0000,0.0000,0.0000,0.0000,0.0000
1790997807.8838,0.0200,0.1088,0.0000,0.0000,0.0000,0.0000,0.0000,0.0000,0.0000,0.0000,0.0000,0.0000,0.0000,0.0000,0.0000,0.0000,0.0000
1790997807.9039,0.0200,0.1135,0.0000,0.0000,0.0000,0.0000,0.0000,0.0000,-0.0015,0.0000,0.0000,0.0000,0.0000,0.0000,0.0000,0.0000,0.0000
1790997807.9239,0.0200,0.1229,0.0000,0.0000,0.0000,0.0000,0.0000,0.0000,0.0000,0.0000,0.0000,0.0000,0.0000,0.0000,0.0000,0.0000,0.0000
1790997807.9439,0.0200,0.1735,0.0000,0.0000,0.0000,0.0000,0.0000,0.0000,0.0000,0.0000,0.0000,0.0000,0.0000,0.0000,0.0000,0.0000,0.0000
1790997807.9639,0.0200,0.1179,0.0000,0.0000,0.0000,0.0000,0.0000,0.0000,0.0000,0.0000,0.0000,0.0000,0.0000,0.0000,0.0000,0.0000,0.0000
1790997807.9839,0.0200,0.1335,0.0000,0.0000,0.0000,0.0000,0.0000,0.0000,0.0000,0.0000,0.0000,0.0000,0.0000,0.0000,0.0000,0.0000,0.0000
1790997808.0038,0.0199,0.1411,0.0000,0.0000,0.0000,0.0000,0.0000,0.0000,0.0000,0.0000,0.0000,0.0000,0.0000,0.0000,0.0000,0.0000,0.0000
1790997808.0239,0.0201,0.1222,0.0000,0.0000,0.0000,0.0000,0.0000,0.0000,0.0000,0.0000,0.0000,0.0000,0.0000,0.0000,0.0000,0.0000,0.0000
1790997808.0439,0.0200,0.1051,0.0000,0.0000,0.0000,0.0000,0.0000,0.0000,0.0000,0.0000,0.0000,0.0000,0.0000,0.0000,0.0000,0.0000,0.0000
1790997808.0639,0.0200,0.1409,0.0000,0.0000,0.0000,0.0000,0.0000,0.0000,0.0015,0.0000,0.0000,0.0000,0.0000,0.0000,0.0000,0.0000,0.0000
1790997808.0839,0.0200,0.1762,0.0000,0.0000,0.0000,0.0000,0.0000,0.0000,0.0000,0.0000,0.0000,0.0000,0.0000,0.0000,0.0000,0.0000,0.0000
1790997808.1039,0.0200,0.1464,0.0000,0.0000,0.0000,0.0000,0.0000,0.0000,0.0000,0.0000,0.0000,0.0000,0.0000,0.0000,0.0000,0.0000,0.0000
1790997808.1239,0.0200,0.1086,0.0000,0.0000,0.0000,0.0000,0.0000,0.0000,-0.0015,0.0000,0.0000,0.0000,0.0000,0.0000,0.0000,0.0000,0.0000
1790997808.1439,0.0200,0.0950,0.0000,0.0000,0.0000,0.0000,0.0000,0.0000,0.0015,0.0000,0.0000,0.0000,0.0000,0.0000,0.0000,0.0000,0.0000
1790997808.1639,0.0200,0.1009,0.0000,0.0000,0.0000,0.0000,0.0000,0.0000,-0.0015,0.0000,0.0000,0.0000,0.0000,0.0000,0.0000,0.0000,0.0000
1790997808.1838,0.0200,0.1714,0.0000,0.0000,0.0000,0.0000,0.0000,0.0000,0.0015,0.0000,0.0000,0.0000,0.0000,0.0000,0.0000,0.0000,0.0000
1790997808.2039,0.0200,0.1441,0.0000,0.0000,0.0000,0.0000,0.0000,0.0000,-0.0015,0.0000,0.0000,0.0000,0.0000,0.0000,0.0000,0.0000,0.0000
1790997808.2238,0.0200,0.1096,0.0000,0.0000,0.0000,0.0000,0.0000,0.0000,0.0015,0.0000,0.0000,0.0000,0.0000,0.0000,0.0000,0.0000,0.0000
1790997808.2439,0.0200,0.1080,0.0000,0.0000,0.0000,0.0000,0.0000,0.0000,-0.0015,-0.0015,0.0000,0.0000,0.0000,0.0000,0.0000,0.0000,0.0000
1790997808.2639,0.0200,0.1102,0.0000,0.0000,0.0000,0.0000,0.0000,0.0000,0.0015,0.0015,0.0000,0.0000,0.0000,0.0000,0.0000,0.0000,0.0000
1790997808.2839,0.0200,0.1226,0.0000,0.0000,0.0000,0.0000,0.0000,0.0000,-0.0015,0.0000,0.0000,0.0000,0.0000,0.0000,0.0000,0.0000,0.0000
1790997808.3039,0.0200,0.1799,0.0000,0.0000,0.0000,0.0000,0.0000,0.0000,0.0015,0.0000,0.0000,0.0000,0.0000,0.0000,0.0000,0.0000,0.0000
1790997808.3239,0.0200,0.1571,0.0000,0.0000,0.0000,0.0000,0.0000,0.0000,-0.0015,0.0000,0.0000,0.0000,0.0000,0.0000,0.0000,0.0000,0.0000
1790997808.3438,0.0199,0.1250,0.0000,0.0000,0.0000,0.0000,0.0000,0.0000,0.0000,0.0000,0.0000,0.0000,0.0000,0.0000,0.0000,0.0000,0.0000
1790997808.3638,0.0200,0.1163,0.0000,0.0000,0.0000,0.0000,0.0000,0.0000,0.0015,0.0000,0.0000,0.0000,0.0000,0.0000,0.0000,0.0000,0.0000
1790997808.3839,0.0200,0.1329,0.0000,0.0000,0.0000,0.0000,0.0000,0.0000,-0.0015,0.0000,0.0000,0.0000,0.0000,0.0000,0.0000,0.0000,0.0000
1790997808.4040,0.0201,0.1356,0.0000,0.0000,0.0000,0.0000,0.0000,0.0000,0.0000,0.0000,0.0000,0.0000,0.0000,0.0000,0.0000,0.0000,0.0000
1790997808.4239,0.0199,0.1404,0.0000,0.0000,0.0000,0.0000,0.0000,0.0000,0.0000,-0.0015,0.0000,0.0000,0.0000,0.0000,0.0000,0.0000,0.0000
1790997808.4439,0.0200,0.1002,0.0000,0.0000,0.0000,0.0000,0.0000,0.0000,0.0000,0.0015,0.0000,0.0000,0.0000,0.0000,0.0000,0.0000,0.0000
1790997808.4638,0.0200,0.0897,0.0000,0.0000,0.0000,0.0000,0.0000,0.0000,0.0015,0.0000,0.0000,0.0000,0.0000,0.0000,0.0000,0.0000,0.0000
1790997808.4839,0.0201,0.1203,0.0000,0.0000,0.0000,0.0000,0.0000,0.0000,-0.0015,0.0000,0.0000,0.0000,0.0000,0.0000,0.0000,0.0000,0.0000
1790997808.5038,0.0199,0.1246,0.0000,0.0000,0.0000,0.0000,0.0000,0.0000,0.0000,0.0000,0.0000,0.0000,0.0000,0.0000,0.0000,0.0000,0.0000
1790997808.5239,0.0201,0.1421,0.0000,0.0000,0.0000,0.0000,0.0000,0.0000,0.0000,0.0000,0.0000,0.0000,0.0000,0.0000,0.0000,0.0000,0.0000
1790997808.5438,0.0199,0.0970,0.0000,0.0000,0.0000,0.0000,0.0000,0.0000,0.0000,0.0000,0.0000,0.0000,0.0000,0.0000,0.0000,0.0000,0.0000
1790997808.5639,0.0200,0.1148,0.0000,0.0000,0.0000,0.0000,0.0000,0.0000,0.0000,0.0000,0.0000,0.0000,0.0000,0.0000,0.0000,0.0000,0.0000
1790997808.5838,0.0199,0.1206,0.0000,0.0000,0.0000,0.0000,0.0000,0.0000,0.0015,0.0000,0.0000,0.0000,0.0000,0.0000,0.0000,0.0000,0.0000
1790997808.6039,0.0201,0.1172,0.0000,0.0000,0.0000,0.0000,0.0000,0.0000,-0.0015,0.0000,0.0000,0.0000,0.0000,0.0000,0.0000,0.0000,0.0000
1790997808.6239,0.0200,0.0992,0.0000,0.0000,0.0000,0.0000,0.0000,0.0000,0.0000,0.0000,0.0000,0.0000,0.0000,0.0000,0.0000,0.0000,0.0000
1790997808.6439,0.0200,0.1169,0.0000,0.0000,0.0000,0.0000,0.0000,0.0000,0.0000,0.0000,0.0000,0.0000,0.0000,0.0000,0.0000,0.0000,0.0000
1790997808.6639,0.0200,0.1088,0.0000,0.0000,0.0000,0.0000,0.0000,0.0000,0.0000,0.0000,0.0000,0.0000,0.0000,0.0000,0.0000,0.0000,0.0000
1790997808.6839,0.0200,0.1085,0.0000,0.0000,0.0000,0.0000,0.0000,0.0000,0.0015,0.0000,0.0000,0.0000,0.0000,0.0000,0.0000,0.0000,0.0000
1790997808.7038,0.0199,0.1000,0.0000,0.0000,0.0000,0.0000,0.0000,0.0000,0.0000,0.0000,0.0000,0.0000,0.0000,0.0000,0.0000,0.0000,0.0000
1790997808.7238,0.0199,0.1305,0.0000,0.0000,0.0000,0.0000,0.0000,0.0000,-0.0015,0.0000,0.0000,0.0000,0.0000,0.0000,0.0000,0.0000,0.0000
1790997808.7438,0.0201,0.1046,0.0000,0.0000,0.0000,0.0000,0.0000,0.0000,0.0000,0.0000,0.0000,0.0000,0.0000,0.0000,0.0000,0.0000,0.0000
1790997808.7638,0.0200,0.1221,0.0000,0.0000,0.0000,0.0000,0.0000,0.0000,0.0000,0.0000,0.0000,0.0000,0.0000,0.0000,0.0000,0.0000,0.0000
1790997808.7839,0.0200,0.1298,0.0000,0.0000,0.0000,0.0000,0.0000,0.0000,0.0000,0.0000,0.0000,0.0000,0.0000,0.0000,0.0000,0.0000,0.0000
1790997808.8039,0.0200,0.1527,0.0000,0.0000,0.0000,0.0000,0.0000,0.0000,0.0000,0.0000,0.0000,0.0000,0.0000,0.0000,0.0000,0.0000,0.0000
1790997808.8239,0.0200,0.1090,0.0000,0.0000,0.0000,0.0000,0.0000,0.0000,0.0000,0.0000,0.0000,0.0000,0.0000,0.0000,0.0000,0.0000,0.0000
1790997808.8438,0.0199,0.1157,0.0000,0.0000,0.0000,0.0000,0.0000,0.0000,0.0000,0.0000,0.0000,0.0000,0.0000,0.0000,0.0000,0.0000,0.0000
1790997808.8639,0.0201,0.1110,0.0000,0.0000,0.0000,0.0000,0.0000,0.0000,0.0000,0.0000,0.0000,0.0000,0.0000,0.0000,0.0000,0.0000,0.0000
1790997808.8838,0.0200,0.1159,0.0000,0.0000,0.0000,0.0000,0.0000,0.0000,0.0000,0.0000,0.0000,0.0000,0.0000,0.0000,0.0000,0.0000,0.0000
1790997808.9039,0.0201,0.1854,0.0000,0.0000,0.0000,0.0000,0.0000,0.0000,0.0000,0.0000,0.0000,0.0000,0.0000,0.0000,0.0000,0.0000,0.0000
1790997808.9238,0.0199,0.1210,0.0000,0.0000,0.0000,0.0000,0.0000,0.0000,0.0000,0.0000,0.0000,0.0000,0.0000,0.0000,0.0000,0.0000,0.0000
1790997808.9439,0.0200,0.1617,0.0000,0.0000,0.0000,0.0000,0.0000,0.0000,0.0000,0.0000,0.0000,0.0000,0.0000,0.0000,0.0000,0.0000,0.0000
1790997808.9639,0.0200,0.1011,0.0000,0.0000,0.0000,0.0000,0.0000,0.0000,0.0000,0.0000,0.0000,0.0000,0.0000,0.0000,0.0000,0.0000,0.0000
1790997808.9839,0.0200,0.1260,0.0000,0.0000,0.0000,0.0000,0.0000,0.0000,0.0015,0.0000,0.0000,0.0000,0.0000,0.0000,0.0000,0.0000,0.0000
1790997809.0038,0.0199,0.1075,0.0000,0.0000,0.0000,0.0000,0.0000,0.0000,-0.0015,0.0000,0.0000,0.0000,0.0000,0.0000,0.0000,0.0000,0.0000
1790997809.0239,0.0201,0.1404,0.0000,0.0000,0.0000,0.0000,0.0000,0.0000,0.0000,0.0000,0.0000,0.0000,0.0000,0.0000,0.0000,0.0000,0.0000
1790997809.0439,0.0200,0.1086,0.0000,0.0000,0.0000,0.0000,0.0000,0.0000,0.0000,0.0000,0.0000,0.0000,0.0000,0.0000,0.0000,0.0000,0.0000
1790997809.0639,0.0200,0.1213,0.0000,0.0000,0.0000,0.0000,0.0000,0.0000,0.0000,0.0000,0.0000,0.0000,0.0000,0.0000,0.0000,0.0000,0.0000
1790997809.0839,0.0200,0.1267,0.0000,0.0000,0.0000,0.0000,0.0000,0.0000,0.0015,0.0000,0.0000,0.0000,0.0000,0.0000,0.0000,0.0000,0.0000
1790997809.1039,0.0200,0.1087,0.0000,0.0000,0.0000,0.0000,0.0000,0.0000,0.0000,0.0000,0.0000,0.0000,0.0000,0.0000,0.0000,0.0000,0.0000
1790997809.1239,0.0200,0.1155,0.0000,0.0000,0.0000,0.0000,0.0000,0.0000,0.0000,0.0000,0.0000,0.0000,0.0000,0.0000,0.0000,0.0000,0.0000
1790997809.1438,0.0200,0.1623,0.0000,0.0000,0.0000,0.0000,0.0000,0.0000,0.0000,0.0000,0.0000,0.0000,0.0000,0.0000,0.0000,0.0000,0.0000
1790997809.1638,0.0199,0.1003,0.0000,0.0000,0.0000,0.0000,0.0000,0.0000,-0.0015,0.0000,0.0000,0.0000,0.0000,0.0000,0.0000,0.0000,0.0000
1790997809.1839,0.0201,0.0956,0.0000,0.0000,0.0000,0.0000,0.0000,0.0000,0.0000,0.0000,0.0000,0.0000,0.0000,0.0000,0.0000,0.0000,0.0000
1790997809.2039,0.0200,0.0983,0.0000,0.0000,0.0000,0.0000,0.0000,0.0000,0.0000,0.0000,0.0000,0.0000,0.0000,0.0000,0.0000,0.0000,0.0000
1790997809.2238,0.0199,0.1051,0.0000,0.0000,0.0000,0.0000,0.0000,0.0000,0.0015,0.0000,0.0000,0.0000,0.0000,0.0000,0.0000,0.0000,0.0000
1790997809.2439,0.0201,0.1129,0.0000,0.0000,0.0000,0.0000,0.0000,0.0000,0.0000,0.0000,0.0000,0.0000,0.0000,0.0000,0.0000,0.0000,0.0000
1790997809.2639,0.0199,0.1001,0.0000,0.0000,0.0000,0.0000,0.0000,0.0000,-0.0015,0.0000,0.0000,0.0000,0.0000,0.0000,0.0000,0.0000,0.0000
1790997809.2837,0.0199,0.0989,0.0000,0.0000,0.0000,0.0000,0.0000,0.0000,0.0015,0.0000,0.0000,0.0000,0.0000,0.0000,0.0000,0.0000,0.0000
1790997809.3039,0.0201,0.1236,0.0000,0.0000,0.0000,0.0000,0.0000,0.0000,-0.0015,0.0000,0.0000,0.0000,0.0000,0.0000,0.0000,0.0000,0.0000
1790997809.3240,0.0201,0.1182,0.0000,0.0000,0.0000,0.0000,0.0000,0.0000,0.0000,0.0000,0.0000,0.0000,0.0000,0.0000,0.0000,0.0000,0.0000
1790997809.3438,0.0198,0.1235,0.0000,0.0000,0.0000,0.0000,0.0000,0.0000,0.0000,0.0000,0.0000,0.0000,0.0000,0.0000,0.0000,0.0000,0.0000
1790997809.3638,0.0199,0.0967,0.0000,0.0000,0.0000,0.0000,0.0000,0.0000,0.0000,0.0000,0.0000,0.0000,0.0000,0.0000,0.0000,0.0000,0.0000
1790997809.3838,0.0201,0.0771,0.0000,0.0000,0.0000,0.0000,0.0000,0.0000,0.0000,0.0000,0.0000,0.0000,0.0000,0.0000,0.0000,0.0000,0.0000
1790997809.4039,0.0201,0.0971,0.0000,0.0000,0.0000,0.0000,0.0000,0.0000,0.0000,0.0000,0.0000,0.0000,0.0000,0.0000,0.0000,0.0000,0.0000
1790997809.4239,0.0200,0.0981,0.0000,0.0000,0.0000,0.0000,0.0000,0.0000,0.0000,0.0000,0.0000,0.0000,0.0000,0.0000,0.0000,0.0000,0.0000
1790997809.4439,0.0200,0.0992,0.0000,0.0000,0.0000,0.0000,0.0000,0.0000,0.0000,0.0000,0.0000,0.0000,0.0000,0.0000,0.0000,0.0000,0.0000
1790997809.4639,0.0200,0.0975,0.0000,0.0000,0.0000,0.0000,0.0000,0.0000,0.0000,0.0000,0.0000,0.0000,0.0000,0.0000,0.0000,0.0000,0.0000
1790997809.4839,0.0200,0.0941,0.0000,0.0000,0.0000,0.0000,0.0000,0.0000,0.0000,0.0000,0.0000,0.0000,0.0000,0.0000,0.0000,0.0000,0.0000
1790997809.5039,0.0200,0.1084,0.0000,0.0000,0.0000,0.0000,0.0000,0.0000,0.0000,0.0000,0.0000,0.0000,0.0000,0.0000,0.0000,0.0000,0.0000
1790997809.5238,0.0200,0.1133,0.0000,0.0000,0.0000,0.0000,0.0000,0.0000,0.0000,0.0000,0.0000,0.0000,0.0000,0.0000,0.0000,0.0000,0.0000
1790997809.5438,0.0200,0.1167,0.0000,0.0000,0.0000,0.0000,0.0000,0.0000,0.0015,0.0000,0.0000,0.0000,0.0000,0.0000,0.0000,0.0000,0.0000
1790997809.5638,0.0201,0.1033,0.0000,0.0000,0.0000,0.0000,0.0000,0.0000,-0.0015,0.0000,0.0000,0.0000,0.0000,0.0000,0.0000,0.0000,0.0000
1790997809.5838,0.0200,0.0773,0.0000,0.0000,0.0000,0.0000,0.0000,0.0000,0.0000,0.0000,0.0000,0.0000,0.0000,0.0000,0.0000,0.0000,0.0000
1790997809.6039,0.0201,0.0975,0.0000,0.0000,0.0000,0.0000,0.0000,0.0000,0.0000,0.0000,0.0000,0.0000,0.0000,0.0000,0.0000,0.0000,0.0000
1790997809.6239,0.0200,0.1087,0.0000,0.0000,0.0000,0.0000,0.0000,0.0000,0.0015,0.0000,0.0000,0.0000,0.0000,0.0000,0.0000,0.0000,0.0000
1790997809.6439,0.0200,0.1150,0.0000,0.0000,0.0000,0.0000,0.0000,0.0000,0.0000,0.0000,0.0000,0.0000,0.0000,0.0000,0.0000,0.0000,0.0000
1790997809.6639,0.0200,0.0992,0.0000,0.0000,0.0000,0.0000,0.0000,0.0000,-0.0015,0.0000,0.0000,0.0000,0.0000,0.0000,0.0000,0.0000,0.0000
1790997809.6839,0.0200,0.0985,0.0000,0.0000,0.0000,0.0000,0.0000,0.0000,0.0000,0.0000,0.0000,0.0000,0.0000,0.0000,0.0000,0.0000,0.0000
1790997809.7039,0.0200,0.0979,0.0000,0.0000,0.0000,0.0000,0.0000,0.0000,0.0015,0.0000,0.0000,0.0000,0.0000,0.0000,0.0000,0.0000,0.0000
1790997809.7239,0.0200,0.1001,0.0000,0.0000,0.0000,0.0000,0.0000,0.0000,-0.0015,0.0000,0.0000,0.0000,0.0000,0.0000,0.0000,0.0000,0.0000
1790997809.7439,0.0201,0.1604,0.0000,0.0000,0.0000,0.0000,0.0000,0.0000,0.0000,0.0000,0.0000,0.0000,0.0000,0.0000,0.0000,0.0000,0.0000
1790997809.7638,0.0198,0.1218,0.0000,0.0000,0.0000,0.0000,0.0000,0.0000,0.0015,0.0000,0.0000,0.0000,0.0000,0.0000,0.0000,0.0000,0.0000
1790997809.7837,0.0200,0.0509,0.0000,0.0000,0.0000,0.0000,0.0000,0.0000,0.0000,0.0000,0.0000,0.0000,0.0000,0.0000,0.0000,0.0000,0.0000
1790997809.8039,0.0201,0.1023,0.0000,0.0000,0.0000,0.0000,0.0000,0.0000,-0.0015,0.0000,0.0000,0.0000,0.0000,0.0000,0.0000,0.0000,0.0000
1790997809.8239,0.0201,0.1022,0.0000,0.0000,0.0000,0.0000,0.0000,0.0000,0.0015,0.0000,0.0000,0.0000,0.0000,0.0000,0.0000,0.0000,0.0000
1790997809.8439,0.0199,0.1200,0.0000,0.0000,0.0000,0.0000,0.0000,0.0000,-0.0015,0.0000,0.0000,0.0000,0.0000,0.0000,0.0000,0.0000,0.0000
1790997809.8639,0.0200,0.1330,0.0000,0.0000,0.0000,0.0000,0.0000,0.0000,0.0000,0.0000,0.0000,0.0000,0.0000,0.0000,0.0000,0.0000,0.0000
1790997809.8839,0.0200,0.1049,0.0000,0.0000,0.0000,0.0000,0.0000,0.0000,0.0000,0.0000,0.0000,0.0000,0.0000,0.0000,0.0000,0.0000,0.0000
1790997809.9038,0.0200,0.0982,0.0000,0.0000,0.0000,0.0000,0.0000,0.0000,0.0015,0.0000,0.0000,0.0000,0.0000,0.0000,0.0000,0.0000,0.0000
1790997809.9238,0.0200,0.1005,0.0000,0.0000,0.0000,0.0000,0.0000,0.0000,-0.0015,0.0000,0.0000,0.0000,0.0000,0.0000,0.0000,0.0000,0.0000
1790997809.9439,0.0201,0.1202,0.0000,0.0000,0.0000,0.0000,0.0000,0.0000,0.0000,0.0000,0.0000,0.0000,0.0000,0.0000,0.0000,0.0000,0.0000
1790997809.9638,0.0199,0.1003,0.0000,0.0000,0.0000,0.0000,0.0000,0.0000,0.0000,0.0000,0.0000,0.0000,0.0000,0.0000,0.0000,0.0000,0.0000
1790997809.9839,0.0201,0.1050,0.0000,0.0000,0.0000,0.0000,0.0000,0.0000,0.0000,0.0000,0.0000,0.0000,0.0000,0.0000,0.0000,0.0000,0.0000
1790997810.0039,0.0200,0.0952,0.0000,0.0000,0.0000,0.0000,0.0000,0.0000,0.0000,0.0000,0.0000,0.0000,0.0000,0.0000,0.0000,0.0000,0.0000
1790997810.0239,0.0200,0.1000,0.0000,0.0000,0.0000,0.0000,0.0000,0.0000,0.0000,0.0000,0.0000,0.0000,0.0000,0.0000,0.0000,0.0000,0.0000
1790997810.0439,0.0201,0.1135,0.0000,0.0000,0.0000,0.0000,0.0000,0.0000,0.0000,0.0000,0.0000,0.0000,0.0000,0.0000,0.0000,0.0000,0.0000
1790997810.0638,0.0199,0.0723,0.0000,0.0000,0.0000,0.0000,0.0000,0.0000,0.0000,0.0000,0.0000,0.0000,0.0000,0.0000,0.0000,0.0000,0.0000
1790997810.0838,0.0200,0.0723,0.0000,0.0000,0.0000,0.0000,0.0000,0.0000,0.0000,0.0000,0.0000,0.0000,0.0000,0.0000,0.0000,0.0000,0.0000
1790997810.1039,0.0201,0.1227,0.0000,0.0000,0.0000,0.0000,0.0000,0.0000,0.0000,0.0000,0.0000,0.0000,0.0000,0.0000,0.0000,0.0000,0.0000
1790997810.1239,0.0200,0.1076,0.0000,0.0000,0.0000,0.0000,0.0000,0.0000,0.0000,0.0000,0.0000,0.0000,0.0000,0.0000,0.0000,0.0000,0.0000
1790997810.1439,0.0200,0.1244,0.0000,0.0000,0.0000,0.0000,0.0000,0.0000,0.0015,0.0000,0.0000,0.0000,0.0000,0.0000,0.0000,0.0000,0.0000
1790997810.1638,0.0199,0.0985,0.0000,0.0000,0.0000,0.0000,0.0000,0.0000,-0.0015,0.0000,0.0000,0.0000,0.0000,0.0000,0.0000,0.0000,0.0000
1790997810.1838,0.0199,0.1043,0.0000,0.0000,0.0000,0.0000,0.0000,0.0000,0.0015,0.0000,0.0000,0.0000,0.0000,0.0000,0.0000,0.0000,0.0000
1790997810.2037,0.0200,0.0455,0.0000,0.0000,0.0000,0.0000,0.0000,0.0000,-0.0015,0.0000,0.0000,0.0000,0.0000,0.0000,0.0000,0.0000,0.0000
1790997810.2238,0.0201,0.1060,0.0000,0.0000,0.0000,0.0000,0.0000,0.0000,0.0000,0.0000,0.0000,0.0000,0.0000,0.0000,0.0000,0.0000,0.0000
1790997810.2439,0.0201,0.1116,0.0000,0.0000,0.0000,0.0000,0.0000,0.0000,0.0000,0.0000,0.0000,0.0000,0.0000,0.0000,0.0000,0.0000,0.0000
1790997810.2639,0.0200,0.0966,0.0000,0.0000,0.0000,0.0000,0.0000,0.0000,0.0015,-0.0015,0.0000,0.0000,0.0000,0.0000,0.0000,0.0000,0.0000
1790997810.2838,0.0199,0.0947,0.0000,0.0000,0.0000,0.0000,0.0000,0.0000,0.0000,0.0015,0.0000,0.0000,0.0000,0.0000,0.0000,0.0000,0.0000
1790997810.3039,0.0201,0.0947,0.0000,0.0000,0.0000,0.0000,0.0000,0.0000,-0.0015,0.0000,0.0000,0.0000,0.0000,0.0000,0.0000,0.0000,0.0000
1790997810.3238,0.0199,0.0960,0.0000,0.0000,0.0000,0.0000,0.0000,0.0000,0.0000,0.0000,0.0000,0.0000,0.0000,0.0000,0.0000,0.0000,0.0000
1790997810.3440,0.0201,0.1524,0.0000,0.0000,0.0000,0.0000,0.0000,0.0000,0.0000,0.0000,0.0000,0.0000,0.0000,0.0000,0.0000,0.0000,0.0000
1790997810.3639,0.0200,0.1076,0.0000,0.0000,0.0000,0.0000,0.0000,0.0000,0.0000,0.0000,0.0000,0.0000,0.0000,0.0000,0.0000,0.0000,0.0000
1790997810.3838,0.0199,0.1009,0.0000,0.0000,0.0000,0.0000,0.0000,0.0000,0.0015,0.0000,0.0000,0.0000,0.0000,0.0000,0.0000,0.0000,0.0000
1790997810.4038,0.0200,0.0998,0.0000,0.0000,0.0000,0.0000,0.0000,0.0000,-0.0015,0.0000,0.0000,0.0000,0.0000,0.0000,0.0000,0.0000,0.0000
1790997810.4239,0.0200,0.0977,0.0000,0.0000,0.0000,0.0000,0.0000,0.0000,0.0000,0.0000,0.0000,0.0000,0.0000,0.0000,0.0000,0.0000,0.0000
1790997810.4438,0.0200,0.1133,0.0000,0.0000,0.0000,0.0000,0.0000,0.0000,0.0000,0.0000,0.0000,0.0000,0.0000,0.0000,0.0000,0.0000,0.0000
1790997810.4639,0.0200,0.1318,0.0000,0.0000,0.0000,0.0000,0.0000,0.0000,0.0000,0.0000,0.0000,0.0000,0.0000,0.0000,0.0000,0.0000,0.0000
1790997810.4839,0.0200,0.1081,0.0000,0.0000,0.0000,0.0000,0.0000,0.0000,0.0000,0.0000,0.0000,0.0000,0.0000,0.0000,0.0000,0.0000,0.0000
1790997810.5038,0.0199,0.0933,0.0000,0.0000,0.0000,0.0000,0.0000,0.0000,0.0015,0.0000,0.0000,0.0000,0.0000,0.0000,0.0000,0.0000,0.0000
1790997810.5239,0.0201,0.0972,0.0000,0.0000,0.0000,0.0000,0.0000,0.0000,0.0000,0.0000,0.0000,0.0000,0.0000,0.0000,0.0000,0.0000,0.0000
1790997810.5439,0.0200,0.1013,0.0000,0.0000,0.0000,0.0000,0.0000,0.0000,-0.0015,-0.0015,0.0000,0.0000,0.0000,0.0000,0.0000,0.0000,0.0000
1790997810.5639,0.0200,0.1125,0.0000,0.0000,0.0000,0.0000,0.0000,0.0000,0.0000,0.0015,0.0000,0.0000,0.0000,0.0000,0.0000,0.0000,0.0000
1790997810.5839,0.0201,0.1141,0.0000,0.0000,0.0000,0.0000,0.0000,0.0000,0.0000,0.0000,0.0000,0.0000,0.0000,0.0000,0.0000,0.0000,0.0000
1790997810.6038,0.0199,0.1171,0.0000,0.0000,0.0000,0.0000,0.0000,0.0000,0.0000,0.0000,0.0000,0.0000,0.0000,0.0000,0.0000,0.0000,0.0000
1790997810.6238,0.0200,0.0816,0.0000,0.0000,0.0000,0.0000,0.0000,0.0000,0.0000,0.0000,0.0000,0.0000,0.0000,0.0000,0.0000,0.0000,0.0000
1790997810.6438,0.0200,0.0779,0.0000,0.0000,0.0000,0.0000,0.0000,0.0000,0.0000,0.0000,0.0000,0.0000,0.0000,0.0000,0.0000,0.0000,0.0000
1790997810.6639,0.0201,0.1219,0.0000,0.0000,0.0000,0.0000,0.0000,0.0000,0.0000,0.0000,0.0000,0.0000,0.0000,0.0000,0.0000,0.0000,0.0000
1790997810.6839,0.0200,0.0739,0.0000,0.0000,0.0000,0.0000,0.0000,0.0000,0.0000,0.0000,0.0000,0.0000,0.0000,0.0000,0.0000,0.0000,0.0000
1790997810.7038,0.0199,0.0731,0.0000,0.0000,0.0000,0.0000,0.0000,0.0000,0.0000,0.0000,0.0000,0.0000,0.0000,0.0000,0.0000,0.0000,0.0000
1790997810.7238,0.0200,0.0758,0.0000,0.0000,0.0000,0.0000,0.0000,0.0000,0.0000,0.0000,0.0000,0.0000,0.0000,0.0000,0.0000,0.0000,0.0000
1790997810.7438,0.0200,0.0758,0.0000,0.0000,0.0000,0.0000,0.0000,0.0000,0.0000,0.0000,0.0000,0.0000,0.0000,0.0000,0.0000,0.0000,0.0000
1790997810.7638,0.0200,0.0921,0.0000,0.0000,0.0000,0.0000,0.0000,0.0000,0.0000,0.0000,0.0000,0.0000,0.0000,0.0000,0.0000,0.0000,0.0000
1790997810.7838,0.0200,0.0797,0.0000,0.0000,0.0000,0.0000,0.0000,0.0000,0.0000,0.0000,0.0000,0.0000,0.0000,0.0000,0.0000,0.0000,0.0000
1790997810.8039,0.0200,0.1194,0.0000,0.0000,0.0000,0.0000,0.0000,0.0000,0.0015,0.0000,0.0000,0.0000,0.0000,0.0000,0.0000,0.0000,0.0000
1790997810.8238,0.0200,0.0863,0.0000,0.0000,0.0000,0.0000,0.0000,0.0000,0.0000,0.0000,0.0000,0.0000,0.0000,0.0000,0.0000,0.0000,0.0000
1790997810.8438,0.0200,0.0727,0.0000,0.0000,0.0000,0.0000,0.0000,0.0000,-0.0015,0.0000,0.0000,0.0000,0.0000,0.0000,0.0000,0.0000,0.0000
1790997810.8638,0.0200,0.0999,0.0000,0.0000,0.0000,0.0000,0.0000,0.0000,0.0000,0.0000,0.0000,0.0000,0.0000,0.0000,0.0000,0.0000,0.0000
1790997810.8838,0.0200,0.0958,0.0000,0.0000,0.0000,0.0000,0.0000,0.0000,0.0015,0.0000,0.0000,0.0000,0.0000,0.0000,0.0000,0.0000,0.0000
1790997810.9038,0.0200,0.0942,0.0000,0.0000,0.0000,0.0000,0.0000,0.0000,-0.0015,0.0000,0.0000,0.0000,0.0000,0.0000,0.0000,0.0000,0.0000
1790997810.9239,0.0200,0.1004,0.0000,0.0000,0.0000,0.0000,0.0000,0.0000,0.0000,-0.0015,0.0000,0.0000,0.0000,0.0000,0.0000,0.0000,0.0000
1790997810.9438,0.0200,0.1138,0.0000,0.0000,0.0000,0.0000,0.0000,0.0000,0.0015,0.0015,0.0000,0.0000,0.0000,0.0000,0.0000,0.0000,0.0000
1790997810.9638,0.0200,0.1107,0.0000,0.0000,0.0000,0.0000,0.0000,0.0000,-0.0015,0.0000,0.0000,0.0000,0.0000,0.0000,0.0000,0.0000,0.0000
1790997810.9839,0.0200,0.0898,0.0000,0.0000,0.0000,0.0000,0.0000,0.0000,0.0000,0.0000,0.0000,0.0000,0.0000,0.0000,0.0000,0.0000,0.0000
1790997811.0038,0.0199,0.0908,0.0000,0.0000,0.0000,0.0000,0.0000,0.0000,0.0000,0.0000,0.0000,0.0000,0.0000,0.0000,0.0000,0.0000,0.0000
1790997811.0238,0.0200,0.1001,0.0000,0.0000,0.0000,0.0000,0.0000,0.0000,0.0000,0.0000,0.0000,0.0000,0.0000,0.0000,0.0000,0.0000,0.0000
1790997811.0438,0.0200,0.0730,0.0000,0.0000,0.0000,0.0000,0.0000,0.0000,0.0000,0.0000,0.0000,0.0000,0.0000,0.0000,0.0000,0.0000,0.0000
1790997811.0638,0.0200,0.0861,0.0000,0.0000,0.0000,0.0000,0.0000,0.0000,0.0000,0.0000,0.0000,0.0000,0.0000,0.0000,0.0000,0.0000,0.0000
1790997811.0838,0.0200,0.0842,0.0000,0.0000,0.0000,0.0000,0.0000,0.0000,0.0015,0.0000,0.0000,0.0000,0.0000,0.0000,0.0000,0.0000,0.0000
1790997811.1038,0.0200,0.0826,0.0000,0.0000,0.0000,0.0000,0.0000,0.0000,0.0000,0.0000,0.0000,0.0000,0.0000,0.0000,0.0000,0.0000,0.0000
1790997811.1239,0.0200,0.0775,0.0000,0.0000,0.0000,0.0000,0.0000,0.0000,-0.0015,0.0000,0.0000,0.0000,0.0000,0.0000,0.0000,0.0000,0.0000
1790997811.1438,0.0199,0.0801,0.0000,0.0000,0.0000,0.0000,0.0000,0.0000,0.0000,0.0000,0.0000,0.0000,0.0000,0.0000,0.0000,0.0000,0.0000
1790997811.1638,0.0200,0.0882,0.0000,0.0000,0.0000,0.0000,0.0000,0.0000,0.0000,0.0000,0.0000,0.0000,0.0000,0.0000,0.0000,0.0000,0.0000
1790997811.1838,0.0200,0.0991,0.0000,0.0000,0.0000,0.0000,0.0000,0.0000,0.0000,0.0000,0.0000,0.0000,0.0000,0.0000,0.0000,0.0000,0.0000
1790997811.2039,0.0200,0.0764,0.0000,0.0000,0.0000,0.0000,0.0000,0.0000,0.0015,0.0000,0.0000,0.0000,0.0000,0.0000,0.0000,0.0000,0.0000
1790997811.2239,0.0200,0.1250,0.0000,0.0000,0.0000,0.0000,0.0000,0.0000,-0.0015,0.0000,0.0000,0.0000,0.0000,0.0000,0.0000,0.0000,0.0000
1790997811.2438,0.0199,0.0798,0.0000,0.0000,0.0000,0.0000,0.0000,0.0000,0.0015,0.0000,0.0000,0.0000,0.0000,0.0000,0.0000,0.0000,0.0000
1790997811.2638,0.0200,0.1017,0.0000,0.0000,0.0000,0.0000,0.0000,0.0000,-0.0015,0.0000,0.0000,0.0000,0.0000,0.0000,0.0000,0.0000,0.0000
1790997811.2839,0.0200,0.1288,0.0000,0.0000,0.0000,0.0000,0.0000,0.0000,0.0000,0.0000,0.0000,0.0000,0.0000,0.0000,0.0000,0.0000,0.0000
1790997811.3039,0.0200,0.1225,0.0000,0.0000,0.0000,0.0000,0.0000,0.0000,0.0015,0.0000,0.0000,0.0000,0.0000,0.0000,0.0000,0.0000,0.0000
1790997811.3239,0.0200,0.1076,0.0000,0.0000,0.0000,0.0000,0.0000,0.0000,-0.0015,0.0000,0.0000,0.0000,0.0000,0.0000,0.0000,0.0000,0.0000
1790997811.3439,0.0200,0.0964,0.0000,0.0000,0.0000,0.0000,0.0000,0.0000,0.0000,0.0000,0.0000,0.0000,0.0000,0.0000,0.0000,0.0000,0.0000
1790997811.3639,0.0200,0.1137,0.0000,0.0000,0.0000,0.0000,0.0000,0.0000,0.0000,0.0000,0.0000,0.0000,0.0000,0.0000,0.0000,0.0000,0.0000
1790997811.3839,0.0200,0.1012,0.0000,0.0000,0.0000,0.0000,0.0000,0.0000,0.0000,0.0000,0.0000,0.0000,0.0000,0.0000,0.0000,0.0000,0.0000
1790997811.4039,0.0200,0.0974,0.0000,0.0000,0.0000,0.0000,0.0000,0.0000,0.0000,0.0000,0.0000,0.0000,0.0000,0.0000,0.0000,0.0000,0.0000
1790997811.4238,0.0200,0.1043,0.0000,0.0000,0.0000,0.0000,0.0000,0.0000,0.0000,0.0000,0.0000,0.0000,0.0000,0.0000,0.0000,0.0000,0.0000
1790997811.4439,0.0200,0.0976,0.0000,0.0000,0.0000,0.0000,0.0000,0.0000,0.0000,0.0000,0.0000,0.0000,0.0000,0.0000,0.0000,0.0000,0.0000
1790997811.4639,0.0200,0.1094,0.0000,0.0000,0.0000,0.0000,0.0000,0.0000,0.0000,0.0000,0.0000,0.0000,0.0000,0.0000,0.0000,0.0000,0.0000
1790997811.4838,0.0200,0.0996,0.0000,0.0000,0.0000,0.0000,0.0000,0.0000,0.0000,0.0000,0.0000,0.0000,0.0000,0.0000,0.0000,0.0000,0.0000
1790997811.5039,0.0200,0.0939,0.0000,0.0000,0.0000,0.0000,0.0000,0.0000,0.0000,0.0000,0.0000,0.0000,0.0000,0.0000,0.0000,0.0000,0.0000
1790997811.5239,0.0200,0.0946,0.0000,0.0000,0.0000,0.0000,0.0000,0.0000,0.0000,0.0000,0.0000,0.0000,0.0000,0.0000,0.0000,0.0000,0.0000
1790997811.5439,0.0200,0.1158,0.0000,0.0000,0.0000,0.0000,0.0000,0.0000,0.0000,0.0000,0.0000,0.0000,0.0000,0.0000,0.0000,0.0000,0.0000
1790997811.5639,0.0200,0.1176,0.0000,0.0000,0.0000,0.0000,0.0000,0.0000,0.0015,0.0000,0.0000,0.0000,0.0000,0.0000,0.0000,0.0000,0.0000
1790997811.5839,0.0199,0.1242,0.0000,0.0000,0.0000,0.0000,0.0000,0.0000,0.0000,0.0000,0.0000,0.0000,0.0000,0.0000,0.0000,0.0000,0.0000
1790997811.6038,0.0200,0.1061,0.0000,0.0000,0.0000,0.0000,0.0000,0.0000,-0.0015,0.0000,0.0000,0.0000,0.0000,0.0000,0.0000,0.0000,0.0000
1790997811.6238,0.0200,0.0963,0.0000,0.0000,0.0000,0.0000,0.0000,0.0000,0.0000,0.0000,0.0000,0.0000,0.0000,0.0000,0.0000,0.0000,0.0000
1790997811.6439,0.0200,0.1053,0.0000,0.0000,0.0000,0.0000,0.0000,0.0000,0.0000,0.0000,0.0000,0.0000,0.0000,0.0000,0.0000,0.0000,0.0000
1790997811.6639,0.0200,0.1298,0.0000,0.0000,0.0000,0.0000,0.0000,0.0000,0.0000,0.0000,0.0000,0.0000,0.0000,0.0000,0.0000,0.0000,0.0000
1790997811.6838,0.0199,0.1062,0.0000,0.0000,0.0000,0.0000,0.0000,0.0000,0.0000,0.0000,0.0000,0.0000,0.0000,0.0000,0.0000,0.0000,0.0000
1790997811.7039,0.0200,0.0958,0.0000,0.0000,0.0000,0.0000,0.0000,0.0000,0.0000,0.0000,0.0000,0.0000,0.0000,0.0000,0.0000,0.0000,0.0000
1790997811.7239,0.0200,0.0950,0.0000,0.0000,0.0000,0.0000,0.0000,0.0000,0.0000,0.0000,0.0000,0.0000,0.0000,0.0000,0.0000,0.0000,0.0000
1790997811.7439,0.0200,0.0933,0.0000,0.0000,0.0000,0.0000,0.0000,0.0000,0.0015,0.0000,0.0000,0.0000,0.0000,0.0000,0.0000,0.0000,0.0000
1790997811.7638,0.0200,0.1136,0.0000,0.0000,0.0000,0.0000,0.0000,0.0000,-0.0015,0.0000,0.0000,0.0000,0.0000,0.0000,0.0000,0.0000,0.0000
1790997811.7838,0.0200,0.1181,0.0000,0.0000,0.0000,0.0000,0.0000,0.0000,0.0000,0.0000,0.0000,0.0000,0.0000,0.0000,0.0000,0.0000,0.0000
1790997811.8039,0.0201,0.1082,0.0000,0.0000,0.0000,0.0000,0.0000,0.0000,0.0015,0.0000,0.0000,0.0000,0.0000,0.0000,0.0000,0.0000,0.0000
1790997811.8239,0.0201,0.1599,0.0000,0.0000,0.0000,0.0000,0.0000,0.0000,-0.0015,0.0000,0.0000,0.0000,0.0000,0.0000,0.0000,0.0000,0.0000
1790997811.8438,0.0199,0.1099,0.0000,0.0000,0.0000,0.0000,0.0000,0.0000,0.0000,0.0000,0.0000,0.0000,0.0000,0.0000,0.0000,0.0000,0.0000
1790997811.8638,0.0200,0.0735,0.0000,0.0000,0.0000,0.0000,0.0000,0.0000,0.0000,0.0000,0.0000,0.0000,0.0000,0.0000,0.0000,0.0000,0.0000
1790997811.8838,0.0200,0.0741,0.0000,0.0000,0.0000,0.0000,0.0000,0.0000,0.0000,0.0000,0.0000,0.0000,0.0000,0.0000,0.0000,0.0000,0.0000
1790997811.9039,0.0201,0.1061,0.0000,0.0000,0.0000,0.0000,0.0000,0.0000,0.0000,0.0000,0.0000,0.0000,0.0000,0.0000,0.0000,0.0000,0.0000
1790997811.9238,0.0200,0.1210,0.0000,0.0000,0.0000,0.0000,0.0000,0.0000,0.0015,0.0000,0.0000,0.0000,0.0000,0.0000,0.0000,0.0000,0.0000
1790997811.9439,0.0201,0.1165,0.0000,0.0000,0.0000,0.0000,0.0000,0.0000,0.0000,0.0000,0.0000,0.0000,0.0000,0.0000,0.0000,0.0000,0.0000
1790997811.9639,0.0200,0.0951,0.0000,0.0000,0.0000,0.0000,0.0000,0.0000,-0.0015,0.0000,0.0000,0.0000,0.0000,0.0000,0.0000,0.0000,0.0000
1790997811.9838,0.0200,0.0938,0.0000,0.0000,0.0000,0.0000,0.0000,0.0000,0.0015,0.0000,0.0000,0.0000,0.0000,0.0000,0.0000,0.0000,0.0000
1790997812.0039,0.0200,0.0941,0.0000,0.0000,0.0000,0.0000,0.0000,0.0000,-0.0015,0.0000,0.0000,0.0000,0.0000,0.0000,0.0000,0.0000,0.0000
1790997812.0239,0.0200,0.1177,0.0000,0.0000,0.0000,0.0000,0.0000,0.0000,0.0000,0.0000,0.0000,0.0000,0.0000,0.0000,0.0000,0.0000,0.0000
1790997812.0438,0.0199,0.1132,0.0000,0.0000,0.0000,0.0000,0.0000,0.0000,0.0015,0.0000,0.0000,0.0000,0.0000,0.0000,0.0000,0.0000,0.0000
1790997812.0639,0.0200,0.1082,0.0000,0.0000,0.0000,0.0000,0.0000,0.0000,-0.0015,0.0000,0.0000,0.0000,0.0000,0.0000,0.0000,0.0000,0.0000
1790997812.0837,0.0199,0.0735,0.0000,0.0000,0.0000,0.0000,0.0000,0.0000,0.0000,0.0000,0.0000,0.0000,0.0000,0.0000,0.0000,0.0000,0.0000
1790997812.1038,0.0201,0.0723,0.0000,0.0000,0.0000,0.0000,0.0000,0.0000,0.0015,0.0000,0.0000,0.0000,0.0000,0.0000,0.0000,0.0000,0.0000
1790997812.1238,0.0200,0.0744,0.0000,0.0000,0.0000,0.0000,0.0000,0.0000,-0.0015,0.0000,0.0000,0.0000,0.0000,0.0000,0.0000,0.0000,0.0000
1790997812.1439,0.0200,0.1050,0.0000,0.0000,0.0000,0.0000,0.0000,0.0000,0.0015,0.0000,0.0000,0.0000,0.0000,0.0000,0.0000,0.0000,0.0000
1790997812.1638,0.0200,0.0938,0.0000,0.0000,0.0000,0.0000,0.0000,0.0000,-0.0015,0.0000,0.0000,0.0000,0.0000,0.0000,0.0000,0.0000,0.0000
1790997812.1838,0.0200,0.0932,0.0000,0.0000,0.0000,0.0000,0.0000,0.0000,0.0000,0.0000,0.0000,0.0000,0.0000,0.0000,0.0000,0.0000,0.0000
1790997812.2039,0.0201,0.1164,0.0000,0.0000,0.0000,0.0000,0.0000,0.0000,0.0000,0.0000,0.0000,0.0000,0.0000,0.0000,0.0000,0.0000,0.0000
1790997812.2239,0.0199,0.1009,0.0000,0.0000,0.0000,0.0000,0.0000,0.0000,0.0000,0.0000,0.0000,0.0000,0.0000,0.0000,0.0000,0.0000,0.0000
1790997812.2439,0.0200,0.1023,0.0000,0.0000,0.0000,0.0000,0.0000,0.0000,0.0000,0.0000,0.0000,0.0000,0.0000,0.0000,0.0000,0.0000,0.0000
1790997812.2639,0.0200,0.1202,0.0000,0.0000,0.0000,0.0000,0.0000,0.0000,0.0000,0.0000,0.0000,0.0000,0.0000,0.0000,0.0000,0.0000,0.0000
1790997812.2838,0.0200,0.1219,0.0000,0.0000,0.0000,0.0000,0.0000,0.0000,0.0000,0.0000,0.0000,0.0000,0.0000,0.0000,0.0000,0.0000,0.0000
1790997812.3038,0.0200,0.0755,0.0000,0.0000,0.0000,0.0000,0.0000,0.0000,0.0015,0.0000,0.0000,0.0000,0.0000,0.0000,0.0000,0.0000,0.0000
1790997812.3238,0.0200,0.0775,0.0000,0.0000,0.0000,0.0000,0.0000,0.0000,0.0000,0.0000,0.0000,0.0000,0.0000,0.0000,0.0000,0.0000,0.0000
1790997812.3439,0.0201,0.1116,0.0000,0.0000,0.0000,0.0000,0.0000,0.0000,0.0000,0.0000,0.0000,0.0000,0.0000,0.0000,0.0000,0.0000,0.0000
1790997812.3639,0.0199,0.0943,0.0000,0.0000,0.0000,0.0000,0.0000,0.0000,-0.0015,0.0000,0.0000,0.0000,0.0000,0.0000,0.0000,0.0000,0.0000
1790997812.3838,0.0199,0.1117,0.0000,0.0000,0.0000,0.0000,0.0000,0.0000,0.0000,0.0000,0.0000,0.0000,0.0000,0.0000,0.0000,0.0000,0.0000
1790997812.4039,0.0201,0.1013,0.0000,0.0000,0.0000,0.0000,0.0000,0.0000,0.0000,0.0000,0.0000,0.0000,0.0000,0.0000,0.0000,0.0000,0.0000
1790997812.4239,0.0200,0.1119,0.0000,0.0000,0.0000,0.0000,0.0000,0.0000,0.0015,0.0000,0.0000,0.0000,0.0000,0.0000,0.0000,0.0000,0.0000
1790997812.4439,0.0199,0.0969,0.0000,0.0000,0.0000,0.0000,0.0000,0.0000,-0.0015,0.0000,0.0000,0.0000,0.0000,0.0000,0.0000,0.0000,0.0000
1790997812.4637,0.0199,0.0947,0.0000,0.0000,0.0000,0.0000,0.0000,0.0000,0.0000,0.0000,0.0000,0.0000,0.0000,0.0000,0.0000,0.0000,0.0000
1790997812.4838,0.0201,0.0757,0.0000,0.0000,0.0000,0.0000,0.0000,0.0000,0.0000,0.0000,0.0000,0.0000,0.0000,0.0000,0.0000,0.0000,0.0000
1790997812.5038,0.0200,0.0924,0.0000,0.0000,0.0000,0.0000,0.0000,0.0000,0.0000,0.0000,0.0000,0.0000,0.0000,0.0000,0.0000,0.0000,0.0000
1790997812.5239,0.0201,0.0857,0.0000,0.0000,0.0000,0.0000,0.0000,0.0000,0.0000,0.0000,0.0000,0.0000,0.0000,0.0000,0.0000,0.0000,0.0000
1790997812.5439,0.0200,0.0859,0.0000,0.0000,0.0000,0.0000,0.0000,0.0000,0.0000,0.0000,0.0000,0.0000,0.0000,0.0000,0.0000,0.0000,0.0000
1790997812.5639,0.0200,0.0974,0.0000,0.0000,0.0000,0.0000,0.0000,0.0000,0.0000,0.0000,0.0000,0.0000,0.0000,0.0000,0.0000,0.0000,0.0000
1790997812.5839,0.0200,0.0918,0.0000,0.0000,0.0000,0.0000,0.0000,0.0000,0.0000,0.0000,0.0000,0.0000,0.0000,0.0000,0.0000,0.0000,0.0000
1790997812.6038,0.0200,0.0925,0.0000,0.0000,0.0000,0.0000,0.0000,0.0000,0.0000,0.0000,0.0000,0.0000,0.0000,0.0000,0.0000,0.0000,0.0000
1790997812.6238,0.0200,0.1378,0.0000,0.0000,0.0000,0.0000,0.0000,0.0000,0.0015,0.0000,0.0000,0.0000,0.0000,0.0000,0.0000,0.0000,0.0000
1790997812.6438,0.0199,0.1035,0.0000,0.0000,0.0000,0.0000,0.0000,0.0000,-0.0015,0.0000,0.0000,0.0000,0.0000,0.0000,0.0000,0.0000,0.0000
1790997812.6637,0.0200,0.0944,0.0000,0.0000,0.0000,0.0000,0.0000,0.0000,0.0000,0.0000,0.0000,0.0000,0.0000,0.0000,0.0000,0.0000,0.0000
1790997812.6839,0.0201,0.0968,0.0000,0.0000,0.0000,0.0000,0.0000,0.0000,0.0000,0.0000,0.0000,0.0000,0.0000,0.0000,0.0000,0.0000,0.0000
1790997812.7039,0.0200,0.0920,0.0000,0.0000,0.0000,0.0000,0.0000,0.0000,0.0015,0.0000,0.0000,0.0000,0.0000,0.0000,0.0000,0.0000,0.0000
1790997812.7239,0.0200,0.0977,0.0000,0.0000,0.0000,0.0000,0.0000,0.0000,-0.0015,0.0000,0.0000,0.0000,0.0000,0.0000,0.0000,0.0000,0.0000
1790997812.7439,0.0200,0.1354,0.0000,0.0000,0.0000,0.0000,0.0000,0.0000,0.0000,0.0000,0.0000,0.0000,0.0000,0.0000,0.0000,0.0000,0.0000
1790997812.7639,0.0200,0.0965,0.0000,0.0000,0.0000,0.0000,0.0000,0.0000,0.0000,0.0000,0.0000,0.0000,0.0000,0.0000,0.0000,0.0000,0.0000
1790997812.7838,0.0200,0.0951,0.0000,0.0000,0.0000,0.0000,0.0000,0.0000,0.0015,0.0000,0.0000,0.0000,0.0000,0.0000,0.0000,0.0000,0.0000
1790997812.8038,0.0200,0.0958,0.0000,0.0000,0.0000,0.0000,0.0000,0.0000,0.0000,0.0000,0.0000,0.0000,0.0000,0.0000,0.0000,0.0000,0.0000
1790997812.8239,0.0200,0.1047,0.0000,0.0000,0.0000,0.0000,0.0000,0.0000,-0.0015,0.0000,0.0000,0.0000,0.0000,0.0000,0.0000,0.0000,0.0000
1790997812.8438,0.0199,0.1066,0.0000,0.0000,0.0000,0.0000,0.0000,0.0000,0.0000,0.0000,0.0000,0.0000,0.0000,0.0000,0.0000,0.0000,0.0000
1790997812.8639,0.0201,0.0953,0.0000,0.0000,0.0000,0.0000,0.0000,0.0000,0.0000,0.0000,0.0000,0.0000,0.0000,0.0000,0.0000,0.0000,0.0000
1790997812.8838,0.0199,0.1003,0.0000,0.0000,0.0000,0.0000,0.0000,0.0000,0.0000,0.0000,0.0000,0.0000,0.0000,0.0000,0.0000,0.0000,0.0000
1790997812.9037,0.0200,0.0561,0.0000,0.0000,0.0000,0.0000,0.0000,0.0000,0.0000,0.0000,0.0000,0.0000,0.0000,0.0000,0.0000,0.0000,0.0000
1790997812.9239,0.0201,0.1089,0.0000,0.0000,0.0000,0.0000,0.0000,0.0000,0.0000,0.0000,0.0000,0.0000,0.0000,0.0000,0.0000,0.0000,0.0000
1790997812.9438,0.0200,0.0989,0.0000,0.0000,0.0000,0.0000,0.0000,0.0000,0.0000,0.0000,0.0000,0.0000,0.0000,0.0000,0.0000,0.0000,0.0000
1790997812.9638,0.0200,0.0925,0.0000,0.0000,0.0000,0.0000,0.0000,0.0000,0.0000,0.0000,0.0000,0.0000,0.0000,0.0000,0.0000,0.0000,0.0000
1790997812.9839,0.0200,0.1607,0.0000,0.0000,0.0000,0.0000,0.0000,0.0000,0.0000,0.0000,0.0000,0.0000,0.0000,0.0000,0.0000,0.0000,0.0000
1790997813.0039,0.0200,0.0992,0.0000,0.0000,0.0000,0.0000,0.0000,0.0000,0.0000,0.0000,0.0000,0.0000,0.0000,0.0000,0.0000,0.0000,0.0000
1790997813.0239,0.0200,0.1005,0.0000,0.0000,0.0000,0.0000,0.0000,0.0000,0.0015,0.0000,0.0000,0.0000,0.0000,0.0000,0.0000,0.0000,0.0000
1790997813.0438,0.0200,0.0959,0.0000,0.0000,0.0000,0.0000,0.0000,0.0000,-0.0015,0.0000,0.0000,0.0000,0.0000,0.0000,0.0000,0.0000,0.0000
1790997813.0639,0.0200,0.0899,0.0000,0.0000,0.0000,0.0000,0.0000,0.0000,0.0000,0.0000,0.0000,0.0000,0.0000,0.0000,0.0000,0.0000,0.0000
1790997813.0838,0.0199,0.1645,0.0000,0.0000,0.0000,0.0000,0.0000,0.0000,0.0000,0.0000,0.0000,0.0000,0.0000,0.0000,0.0000,0.0000,0.0000
1790997813.1038,0.0201,0.1495,0.0000,0.0000,0.0000,0.0000,0.0000,0.0000,0.0015,0.0000,0.0000,0.0000,0.0000,0.0000,0.0000,0.0000,0.0000
1790997813.1238,0.0200,0.0873,0.0000,0.0000,0.0000,0.0000,0.0000,0.0000,-0.0015,0.0000,0.0000,0.0000,0.0000,0.0000,0.0000,0.0000,0.0000
1790997813.1438,0.0200,0.0760,0.0000,0.0000,0.0000,0.0000,0.0000,0.0000,0.0000,0.0000,0.0000,0.0000,0.0000,0.0000,0.0000,0.0000,0.0000
1790997813.1638,0.0200,0.0729,0.0000,0.0000,0.0000,0.0000,0.0000,0.0000,0.0000,0.0000,0.0000,0.0000,0.0000,0.0000,0.0000,0.0000,0.0000
1790997813.1838,0.0200,0.0717,0.0000,0.0000,0.0000,0.0000,0.0000,0.0000,0.0000,0.0000,0.0000,0.0000,0.0000,0.0000,0.0000,0.0000,0.0000
1790997813.2038,0.0200,0.0770,0.0000,0.0000,0.0000,0.0000,0.0000,0.0000,0.0015,0.0000,0.0000,0.0000,0.0000,0.0000,0.0000,0.0000,0.0000
1790997813.2238,0.0200,0.1176,0.0000,0.0000,0.0000,0.0000,0.0000,0.0000,-0.0015,0.0000,0.0000,0.0000,0.0000,0.0000,0.0000,0.0000,0.0000
1790997813.2439,0.0201,0.1061,0.0000,0.0000,0.0000,0.0000,0.0000,0.0000,0.0015,0.0000,0.0000,0.0000,0.0000,0.0000,0.0000,0.0000,0.0000
1790997813.2639,0.0200,0.0885,0.0000,0.0000,0.0000,0.0000,0.0000,0.0000,-0.0015,0.0000,0.0000,0.0000,0.0000,0.0000,0.0000,0.0000,0.0000
1790997813.2838,0.0200,0.0921,0.0000,0.0000,0.0000,0.0000,0.0000,0.0000,0.0000,0.0000,0.0000,0.0000,0.0000,0.0000,0.0000,0.0000,0.0000
1790997813.3038,0.0199,0.1378,0.0000,0.0000,0.0000,0.0000,0.0000,0.0000,0.0000,0.0000,0.0000,0.0000,0.0000,0.0000,0.0000,0.0000,0.0000
1790997813.3238,0.0201,0.0969,0.0000,0.0000,0.0000,0.0000,0.0000,0.0000,0.0000,0.0000,0.0000,0.0000,0.0000,0.0000,0.0000,0.0000,0.0000
1790997813.3438,0.0200,0.0995,0.0000,0.0000,0.0000,0.0000,0.0000,0.0000,0.0000,0.0000,0.0000,0.0000,0.0000,0.0000,0.0000,0.0000,0.0000
1790997813.3638,0.0200,0.0835,0.0000,0.0000,0.0000,0.0000,0.0000,0.0000,0.0015,0.0000,0.0000,0.0000,0.0000,0.0000,0.0000,0.0000,0.0000
1790997813.3838,0.0200,0.0735,0.0000,0.0000,0.0000,0.0000,0.0000,0.0000,-0.0015,0.0000,0.0000,0.0000,0.0000,0.0000,0.0000,0.0000,0.0000
1790997813.4039,0.0200,0.0732,0.0000,0.0000,0.0000,0.0000,0.0000,0.0000,0.0000,0.0000,0.0000,0.0000,0.0000,0.0000,0.0000,0.0000,0.0000
1790997813.4239,0.0200,0.0764,0.0000,0.0000,0.0000,0.0000,0.0000,0.0000,0.0015,0.0000,0.0000,0.0000,0.0000,0.0000,0.0000,0.0000,0.0000
1790997813.4439,0.0200,0.0713,0.0000,0.0000,0.0000,0.0000,0.0000,0.0000,-0.0015,0.0000,0.0000,0.0000,0.0000,0.0000,0.0000,0.0000,0.0000
1790997813.4638,0.0200,0.1022,0.0000,0.0000,0.0000,0.0000,0.0000,0.0000,0.0000,0.0000,0.0000,0.0000,0.0000,0.0000,0.0000,0.0000,0.0000
1790997813.4839,0.0200,0.0980,0.0000,0.0000,0.0000,0.0000,0.0000,0.0000,0.0000,0.0000,0.0000,0.0000,0.0000,0.0000,0.0000,0.0000,0.0000
1790997813.5039,0.0200,0.1324,0.0000,0.0000,0.0000,0.0000,0.0000,0.0000,0.0000,0.0000,0.0000,0.0000,0.0000,0.0000,0.0000,0.0000,0.0000
1790997813.5239,0.0200,0.1082,0.0000,0.0000,0.0000,0.0000,0.0000,0.0000,0.0015,0.0000,0.0000,0.0000,0.0000,0.0000,0.0000,0.0000,0.0000
1790997813.5438,0.0199,0.0734,0.0000,0.0000,0.0000,0.0000,0.0000,0.0000,-0.0015,0.0000,0.0000,0.0000,0.0000,0.0000,0.0000,0.0000,0.0000
1790997813.5638,0.0200,0.0714,0.0000,0.0000,0.0000,0.0000,0.0000,0.0000,0.0000,0.0000,0.0000,0.0000,0.0000,0.0000,0.0000,0.0000,0.0000
1790997813.5838,0.0200,0.0930,0.0000,0.0000,0.0000,0.0000,0.0000,0.0000,0.0000,0.0000,0.0000,0.0000,0.0000,0.0000,0.0000,0.0000,0.0000
1790997813.6038,0.0200,0.0951,0.0000,0.0000,0.0000,0.0000,0.0000,0.0000,0.0000,0.0000,0.0000,0.0000,0.0000,0.0000,0.0000,0.0000,0.0000
1790997813.6238,0.0200,0.1141,0.0000,0.0000,0.0000,0.0000,0.0000,0.0000,0.0000,0.0000,0.0000,0.0000,0.0000,0.0000,0.0000,0.0000,0.0000
1790997813.6439,0.0201,0.1398,0.0000,0.0000,0.0000,0.0000,0.0000,0.0000,0.0015,0.0000,0.0000,0.0000,0.0000,0.0000,0.0000,0.0000,0.0000
1790997813.6638,0.0199,0.1304,0.0000,0.0000,0.0000,0.0000,0.0000,0.0000,0.0000,0.0000,0.0000,0.0000,0.0000,0.0000,0.0000,0.0000,0.0000
1790997813.6839,0.0201,0.1348,0.0000,0.0000,0.0000,0.0000,0.0000,0.0000,-0.0015,0.0000,0.0000,0.0000,0.0000,0.0000,0.0000,0.0000,0.0000
1790997813.7039,0.0200,0.1358,0.0000,0.0000,0.0000,0.0000,0.0000,0.0000,0.0000,0.0000,0.0000,0.0000,0.0000,0.0000,0.0000,0.0000,0.0000
1790997813.7238,0.0199,0.1505,0.0000,0.0000,0.0000,0.0000,0.0000,0.0000,0.0000,0.0000,0.0000,0.0000,0.0000,0.0000,0.0000,0.0000,0.0000
1790997813.7438,0.0200,0.1435,0.0000,0.0000,0.0000,0.0000,0.0000,0.0000,0.0000,0.0000,0.0000,0.0000,0.0000,0.0000,0.0000,0.0000,0.0000
1790997813.7639,0.0201,0.1451,0.0000,0.0000,0.0000,0.0000,0.0000,0.0000,0.0000,0.0000,0.0000,0.0000,0.0000,0.0000,0.0000,0.0000,0.0000
1790997813.7839,0.0200,0.1450,0.0000,0.0000,0.0000,0.0000,0.0000,0.0000,0.0000,0.0000,0.0000,0.0000,0.0000,0.0000,0.0000,0.0000,0.0000
1790997813.8039,0.0201,0.1395,0.0000,0.0000,0.0000,0.0000,0.0000,0.0000,0.0000,0.0000,0.0000,0.0000,0.0000,0.0000,0.0000,0.0000,0.0000
1790997813.8239,0.0200,0.1656,0.0000,0.0000,0.0000,0.0000,0.0000,0.0000,0.0000,0.0000,0.0000,0.0000,0.0000,0.0000,0.0000,0.0000,0.0000
1790997813.8439,0.0199,0.1305,0.0000,0.0000,0.0000,0.0000,0.0000,0.0000,0.0015,0.0000,0.0000,0.0000,0.0000,0.0000,0.0000,0.0000,0.0000
1790997813.8638,0.0199,0.1027,0.0000,0.0000,0.0000,0.0000,0.0000,0.0000,-0.0015,0.0000,0.0000,0.0000,0.0000,0.0000,0.0000,0.0000,0.0000
1790997813.8837,0.0200,0.0951,0.0000,0.0000,0.0000,0.0000,0.0000,0.0000,0.0000,0.0000,0.0000,0.0000,0.0000,0.0000,0.0000,0.0000,0.0000
1790997813.9038,0.0200,0.1124,0.0000,0.0000,0.0000,0.0000,0.0000,0.0000,0.0015,0.0000,0.0000,0.0000,0.0000,0.0000,0.0000,0.0000,0.0000
1790997813.9238,0.0200,0.1203,0.0000,0.0000,0.0000,0.0000,0.0000,0.0000,-0.0015,0.0000,0.0000,0.0000,0.0000,0.0000,0.0000,0.0000,0.0000
1790997813.9438,0.0200,0.1438,0.0000,0.0000,0.0000,0.0000,0.0000,0.0000,0.0015,0.0000,0.0000,0.0000,0.0000,0.0000,0.0000,0.0000,0.0000
1790997813.9638,0.0200,0.1299,0.0000,0.0000,0.0000,0.0000,0.0000,0.0000,-0.0015,-0.0015,0.0000,0.0000,0.0000,0.0000,0.0000,0.0000,0.0000
1790997813.9838,0.0200,0.1379,0.0000,0.0000,0.0000,0.0000,0.0000,0.0000,0.0000,0.0015,0.0000,0.0000,0.0000,0.0000,0.0000,0.0000,0.0000
1790997814.0037,0.0200,0.0849,0.0000,0.0000,0.0000,0.0000,0.0000,0.0000,0.0000,0.0000,0.0000,0.0000,0.0000,0.0000,0.0000,0.0000,0.0000
1790997814.0238,0.0200,0.1152,0.0000,0.0000,0.0000,0.0000,0.0000,0.0000,0.0000,0.0000,0.0000,0.0000,0.0000,0.0000,0.0000,0.0000,0.0000
1790997814.0438,0.0201,0.0975,0.0000,0.0000,0.0000,0.0000,0.0000,0.0000,0.0000,0.0000,0.0000,0.0000,0.0000,0.0000,0.0000,0.0000,0.0000
1790997814.0638,0.0200,0.1322,0.0000,0.0000,0.0000,0.0000,0.0000,0.0000,0.0015,0.0000,0.0000,0.0000,0.0000,0.0000,0.0000,0.0000,0.0000
1790997814.0838,0.0199,0.1070,0.0000,0.0000,0.0000,0.0000,0.0000,0.0000,-0.0015,0.0000,0.0000,0.0000,0.0000,0.0000,0.0000,0.0000,0.0000
1790997814.1038,0.0201,0.0725,0.0000,0.0000,0.0000,0.0000,0.0000,0.0000,0.0000,0.0000,0.0000,0.0000,0.0000,0.0000,0.0000,0.0000,0.0000
1790997814.1238,0.0199,0.1014,0.0000,0.0000,0.0000,0.0000,0.0000,0.0000,0.0000,0.0000,0.0000,0.0000,0.0000,0.0000,0.0000,0.0000,0.0000
1790997814.1439,0.0201,0.1407,0.0000,0.0000,0.0000,0.0000,0.0000,0.0000,0.0000,0.0000,0.0000,0.0000,0.0000,0.0000,0.0000,0.0000,0.0000
1790997814.1639,0.0200,0.1815,0.0000,0.0000,0.0000,0.0000,0.0000,0.0000,0.0000,0.0000,0.0000,0.0000,0.0000,0.0000,0.0000,0.0000,0.0000
1790997814.1839,0.0200,0.1542,0.0000,0.0000,0.0000,0.0000,0.0000,0.0000,0.0000,0.0000,0.0000,0.0000,0.0000,0.0000,0.0000,0.0000,0.0000
1790997814.2039,0.0201,0.1554,0.0000,0.0000,0.0000,0.0000,0.0000,0.0000,0.0015,0.0000,0.0000,0.0000,0.0000,0.0000,0.0000,0.0000,0.0000
1790997814.2239,0.0200,0.1988,0.0000,0.0000,0.0000,0.0000,0.0000,0.0000,0.0000,0.0000,0.0000,0.0000,0.0000,0.0000,0.0000,0.0000,0.0000
1790997814.2438,0.0199,0.1392,0.0000,0.0000,0.0000,0.0000,0.0000,0.0000,0.0000,0.0000,0.0000,0.0000,0.0000,0.0000,0.0000,0.0000,0.0000
1790997814.2639,0.0201,0.1931,0.0000,0.0000,0.0000,0.0000,0.0000,0.0000,-0.0015,0.0000,0.0000,0.0000,0.0000,0.0000,0.0000,0.0000,0.0000
1790997814.2839,0.0200,0.1704,0.0000,0.0000,0.0000,0.0000,0.0000,0.0000,0.0015,0.0000,0.0000,0.0000,0.0000,0.0000,0.0000,0.0000,0.0000
1790997814.3039,0.0200,0.1622,0.0000,0.0000,0.0000,0.0000,0.0000,0.0000,-0.0015,0.0000,0.0000,0.0000,0.0000,0.0000,0.0000,0.0000,0.0000
1790997814.3239,0.0201,0.1765,0.0000,0.0000,0.0000,0.0000,0.0000,0.0000,0.0000,0.0000,0.0000,0.0000,0.0000,0.0000,0.0000,0.0000,0.0000
1790997814.3438,0.0199,0.1532,0.0000,0.0000,0.0000,0.0000,0.0000,0.0000,0.0000,0.0000,0.0000,0.0000,0.0000,0.0000,0.0000,0.0000,0.0000
1790997814.3639,0.0201,0.1050,0.0000,0.0000,0.0000,0.0000,0.0000,0.0000,0.0015,0.0000,0.0000,0.0000,0.0000,0.0000,0.0000,0.0000,0.0000
1790997814.3838,0.0200,0.1020,0.0000,0.0000,0.0000,0.0000,0.0000,0.0000,-0.0015,0.0000,0.0000,0.0000,0.0000,0.0000,0.0000,0.0000,0.0000
1790997814.4039,0.0200,0.0991,0.0000,0.0000,0.0000,0.0000,0.0000,0.0000,0.0000,0.0000,0.0000,0.0000,0.0000,0.0000,0.0000,0.0000,0.0000
1790997814.4239,0.0200,0.1192,0.0000,0.0000,0.0000,0.0000,0.0000,0.0000,0.0000,0.0000,0.0000,0.0000,0.0000,0.0000,0.0000,0.0000,0.0000
1790997814.4438,0.0200,0.1029,0.0000,0.0000,0.0000,0.0000,0.0000,0.0000,0.0000,0.0000,0.0000,0.0000,0.0000,0.0000,0.0000,0.0000,0.0000
1790997814.4639,0.0200,0.0975,0.0000,0.0000,0.0000,0.0000,0.0000,0.0000,0.0000,0.0000,0.0000,0.0000,0.0000,0.0000,0.0000,0.0000,0.0000
1790997814.4839,0.0200,0.0951,0.0000,0.0000,0.0000,0.0000,0.0000,0.0000,0.0000,0.0000,0.0000,0.0000,0.0000,0.0000,0.0000,0.0000,0.0000
1790997814.5039,0.0200,0.0953,0.0000,0.0000,0.0000,0.0000,0.0000,0.0000,0.0015,0.0000,0.0000,0.0000,0.0000,0.0000,0.0000,0.0000,0.0000
1790997814.5238,0.0200,0.0947,0.0000,0.0000,0.0000,0.0000,0.0000,0.0000,0.0000,0.0000,0.0000,0.0000,0.0000,0.0000,0.0000,0.0000,0.0000
1790997814.5439,0.0200,0.1294,0.0000,0.0000,0.0000,0.0000,0.0000,0.0000,-0.0015,0.0000,0.0000,0.0000,0.0000,0.0000,0.0000,0.0000,0.0000
1790997814.5639,0.0201,0.1203,0.0000,0.0000,0.0000,0.0000,0.0000,0.0000,0.0000,0.0000,0.0000,0.0000,0.0000,0.0000,0.0000,0.0000,0.0000
1790997814.5838,0.0199,0.0960,0.0000,0.0000,0.0000,0.0000,0.0000,0.0000,0.0015,0.0000,0.0000,0.0000,0.0000,0.0000,0.0000,0.0000,0.0000
1790997814.6039,0.0200,0.0948,0.0000,0.0000,0.0000,0.0000,0.0000,0.0000,-0.0015,0.0000,0.0000,0.0000,0.0000,0.0000,0.0000,0.0000,0.0000
1790997814.6239,0.0200,0.0955,0.0000,0.0000,0.0000,0.0000,0.0000,0.0000,0.0015,0.0000,0.0000,0.0000,0.0000,0.0000,0.0000,0.0000,0.0000
1790997814.6438,0.0200,0.0924,0.0000,0.0000,0.0000,0.0000,0.0000,0.0000,-0.0015,0.0000,0.0000,0.0000,0.0000,0.0000,0.0000,0.0000,0.0000
1790997814.6639,0.0200,0.1102,0.0000,0.0000,0.0000,0.0000,0.0000,0.0000,0.0000,0.0000,0.0000,0.0000,0.0000,0.0000,0.0000,0.0000,0.0000
1790997814.6839,0.0200,0.1775,0.0000,0.0000,0.0000,0.0000,0.0000,0.0000,0.0000,0.0000,0.0000,0.0000,0.0000,0.0000,0.0000,0.0000,0.0000
1790997814.7038,0.0199,0.1030,0.0000,0.0000,0.0000,0.0000,0.0000,0.0000,0.0000,0.0000,0.0000,0.0000,0.0000,0.0000,0.0000,0.0000,0.0000
1790997814.7239,0.0200,0.1266,0.0000,0.0000,0.0000,0.0000,0.0000,0.0000,0.0000,0.0000,0.0000,0.0000,0.0000,0.0000,0.0000,0.0000,0.0000
1790997814.7439,0.0200,0.2521,0.0000,0.0000,0.0000,0.0000,0.0000,0.0000,0.0015,0.0000,0.0000,0.0000,0.0000,0.0000,0.0000,0.0000,0.0000
1790997814.7639,0.0200,0.1562,0.0000,0.0000,0.0000,0.0000,0.0000,0.0000,-0.0015,0.0000,0.0000,0.0000,0.0000,0.0000,0.0000,0.0000,0.0000
1790997814.7839,0.0200,0.1203,0.0000,0.0000,0.0000,0.0000,0.0000,0.0000,0.0000,0.0000,0.0000,0.0000,0.0000,0.0000,0.0000,0.0000,0.0000
1790997814.8039,0.0200,0.1017,0.0000,0.0000,0.0000,0.0000,0.0000,0.0000,0.0000,0.0000,0.0000,0.0000,0.0000,0.0000,0.0000,0.0000,0.0000
1790997814.8238,0.0199,0.0983,0.0000,0.0000,0.0000,0.0000,0.0000,0.0000,0.0000,0.0000,0.0000,0.0000,0.0000,0.0000,0.0000,0.0000,0.0000
1790997814.8439,0.0200,0.0923,0.0000,0.0000,0.0000,0.0000,0.0000,0.0000,0.0000,0.0000,0.0000,0.0000,0.0000,0.0000,0.0000,0.0000,0.0000
1790997814.8638,0.0200,0.0931,0.0000,0.0000,0.0000,0.0000,0.0000,0.0000,0.0000,0.0000,0.0000,0.0000,0.0000,0.0000,0.0000,0.0000,0.0000
1790997814.8838,0.0200,0.0935,0.0000,0.0000,0.0000,0.0000,0.0000,0.0000,0.0000,0.0000,0.0000,0.0000,0.0000,0.0000,0.0000,0.0000,0.0000
1790997814.9039,0.0200,0.1212,0.0000,0.0000,0.0000,0.0000,0.0000,0.0000,0.0015,-0.0015,0.0000,0.0000,0.0000,0.0000,0.0000,0.0000,0.0000
1790997814.9238,0.0200,0.0990,0.0000,0.0000,0.0000,0.0000,0.0000,0.0000,-0.0015,0.0015,0.0000,0.0000,0.0000,0.0000,0.0000,0.0000,0.0000
1790997814.9438,0.0200,0.0943,0.0000,0.0000,0.0000,0.0000,0.0000,0.0000,0.0015,0.0000,0.0000,0.0000,0.0000,0.0000,0.0000,0.0000,0.0000
1790997814.9638,0.0200,0.0978,0.0000,0.0000,0.0000,0.0000,0.0000,0.0000,-0.0015,0.0000,0.0000,0.0000,0.0000,0.0000,0.0000,0.0000,0.0000
1790997814.9838,0.0200,0.0999,0.0000,0.0000,0.0000,0.0000,0.0000,0.0000,0.0000,0.0000,0.0000,0.0000,0.0000,0.0000,0.0000,0.0000,0.0000
1790997815.0038,0.0200,0.0742,0.0000,0.0000,0.0000,0.0000,0.0000,0.0000,0.0015,0.0000,0.0000,0.0000,0.0000,0.0000,0.0000,0.0000,0.0000
1790997815.0238,0.0200,0.0779,0.0000,0.0000,0.0000,0.0000,0.0000,0.0000,-0.0015,0.0000,0.0000,0.0000,0.0000,0.0000,0.0000,0.0000,0.0000
1790997815.0438,0.0200,0.0722,0.0000,0.0000,0.0000,0.0000,0.0000,0.0000,0.0015,0.0000,0.0000,0.0000,0.0000,0.0000,0.0000,0.0000,0.0000
1790997815.0639,0.0201,0.0931,0.0000,0.0000,0.0000,0.0000,0.0000,0.0000,0.0000,0.0000,0.0000,0.0000,0.0000,0.0000,0.0000,0.0000,0.0000
1790997815.0839,0.0200,0.0944,0.0000,0.0000,0.0000,0.0000,0.0000,0.0000,-0.0015,0.0000,0.0000,0.0000,0.0000,0.0000,0.0000,0.0000,0.0000
1790997815.1039,0.0200,0.0941,0.0000,0.0000,0.0000,0.0000,0.0000,0.0000,0.0000,0.0000,0.0000,0.0000,0.0000,0.0000,0.0000,0.0000,0.0000
1790997815.1239,0.0200,0.0963,0.0000,0.0000,0.0000,0.0000,0.0000,0.0000,0.0015,0.0000,0.0000,0.0000,0.0000,0.0000,0.0000,0.0000,0.0000
1790997815.1438,0.0199,0.1086,0.0000,0.0000,0.0000,0.0000,0.0000,0.0000,-0.0015,0.0000,0.0000,0.0000,0.0000,0.0000,0.0000,0.0000,0.0000
1790997815.1639,0.0201,0.1407,0.0000,0.0000,0.0000,0.0000,0.0000,0.0000,0.0015,0.0000,0.0000,0.0000,0.0000,0.0000,0.0000,0.0000,0.0000
1790997815.1838,0.0199,0.1222,0.0000,0.0000,0.0000,0.0000,0.0000,0.0000,-0.0015,0.0000,0.0000,0.0000,0.0000,0.0000,0.0000,0.0000,0.0000
1790997815.2039,0.0200,0.1389,0.0000,0.0000,0.0000,0.0000,0.0000,0.0000,0.0015,0.0000,0.0000,0.0000,0.0000,0.0000,0.0000,0.0000,0.0000
1790997815.2239,0.0200,0.1151,0.0000,0.0000,0.0000,0.0000,0.0000,0.0000,0.0000,0.0000,0.0000,0.0000,0.0000,0.0000,0.0000,0.0000,0.0000
1790997815.2439,0.0200,0.1277,0.0000,0.0000,0.0000,0.0000,0.0000,0.0000,-0.0015,0.0000,0.0000,0.0000,0.0000,0.0000,0.0000,0.0000,0.0000
1790997815.2639,0.0200,0.1169,0.0000,0.0000,0.0000,0.0000,0.0000,0.0000,0.0000,0.0000,0.0000,0.0000,0.0000,0.0000,0.0000,0.0000,0.0000
1790997815.2839,0.0200,0.1245,0.0000,0.0000,0.0000,0.0000,0.0000,0.0000,0.0015,0.0000,0.0000,0.0000,0.0000,0.0000,0.0000,0.0000,0.0000
1790997815.3039,0.0200,0.1084,0.0000,0.0000,0.0000,0.0000,0.0000,0.0000,-0.0015,0.0000,0.0000,0.0000,0.0000,0.0000,0.0000,0.0000,0.0000
1790997815.3239,0.0200,0.0984,0.0000,0.0000,0.0000,0.0000,0.0000,0.0000,0.0015,0.0000,0.0000,0.0000,0.0000,0.0000,0.0000,0.0000,0.0000
1790997815.3439,0.0200,0.0945,0.0000,0.0000,0.0000,0.0000,0.0000,0.0000,0.0000,0.0000,0.0000,0.0000,0.0000,0.0000,0.0000,0.0000,0.0000
1790997815.3638,0.0199,0.0724,0.0000,0.0000,0.0000,0.0000,0.0000,0.0000,-0.0015,0.0000,0.0000,0.0000,0.0000,0.0000,0.0000,0.0000,0.0000
1790997815.3839,0.0201,0.1151,0.0000,0.0000,0.0000,0.0000,0.0000,0.0000,0.0000,0.0000,0.0000,0.0000,0.0000,0.0000,0.0000,0.0000,0.0000
1790997815.4038,0.0199,0.0994,0.0000,0.0000,0.0000,0.0000,0.0000,0.0000,0.0015,0.0000,0.0000,0.0000,0.0000,0.0000,0.0000,0.0000,0.0000
1790997815.4238,0.0199,0.0904,0.0000,0.0000,0.0000,0.0000,0.0000,0.0000,-0.0015,0.0000,0.0000,0.0000,0.0000,0.0000,0.0000,0.0000,0.0000
1790997815.4438,0.0201,0.0733,0.0000,0.0000,0.0000,0.0000,0.0000,0.0000,0.0015,0.0000,0.0000,0.0000,0.0000,0.0000,0.0000,0.0000,0.0000
1790997815.4638,0.0200,0.0715,0.0000,0.0000,0.0000,0.0000,0.0000,0.0000,-0.0015,0.0000,0.0000,0.0000,0.0000,0.0000,0.0000,0.0000,0.0000
1790997815.4839,0.0201,0.0727,0.0000,0.0000,0.0000,0.0000,0.0000,0.0000,0.0015,0.0000,0.0000,0.0000,0.0000,0.0000,0.0000,0.0000,0.0000
1790997815.5038,0.0199,0.1095,0.0000,0.0000,0.0000,0.0000,0.0000,0.0000,-0.0015,0.0000,0.0000,0.0000,0.0000,0.0000,0.0000,0.0000,0.0000
1790997815.5239,0.0201,0.0973,0.0000,0.0000,0.0000,0.0000,0.0000,0.0000,0.0000,0.0000,0.0000,0.0000,0.0000,0.0000,0.0000,0.0000,0.0000
1790997815.5438,0.0200,0.0941,0.0000,0.0000,0.0000,0.0000,0.0000,0.0000,0.0000,-0.0015,0.0000,0.0000,0.0000,0.0000,0.0000,0.0000,0.0000
1790997815.5639,0.0200,0.0937,0.0000,0.0000,0.0000,0.0000,0.0000,0.0000,0.0000,0.0015,0.0000,0.0000,0.0000,0.0000,0.0000,0.0000,0.0000
1790997815.5838,0.0200,0.0940,0.0000,0.0000,0.0000,0.0000,0.0000,0.0000,0.0000,0.0000,0.0000,0.0000,0.0000,0.0000,0.0000,0.0000,0.0000
1790997815.6038,0.0200,0.1007,0.0000,0.0000,0.0000,0.0000,0.0000,0.0000,0.0000,0.0000,0.0000,0.0000,0.0000,0.0000,0.0000,0.0000,0.0000
1790997815.6239,0.0200,0.1092,0.0000,0.0000,0.0000,0.0000,0.0000,0.0000,0.0000,0.0000,0.0000,0.0000,0.0000,0.0000,0.0000,0.0000,0.0000
1790997815.6439,0.0201,0.0965,0.0000,0.0000,0.0000,0.0000,0.0000,0.0000,0.0015,0.0000,0.0000,0.0000,0.0000,0.0000,0.0000,0.0000,0.0000
1790997815.6639,0.0199,0.0934,0.0000,0.0000,0.0000,0.0000,0.0000,0.0000,0.0000,0.0000,0.0000,0.0000,0.0000,0.0000,0.0000,0.0000,0.0000
1790997815.6839,0.0200,0.0938,0.0000,0.0000,0.0000,0.0000,0.0000,0.0000,-0.0015,0.0000,0.0000,0.0000,0.0000,0.0000,0.0000,0.0000,0.0000
1790997815.7039,0.0200,0.0918,0.0000,0.0000,0.0000,0.0000,0.0000,0.0000,0.0000,0.0000,0.0000,0.0000,0.0000,0.0000,0.0000,0.0000,0.0000
1790997815.7239,0.0200,0.0958,0.0000,0.0000,0.0000,0.0000,0.0000,0.0000,0.0000,0.0000,0.0000,0.0000,0.0000,0.0000,0.0000,0.0000,0.0000
1790997815.7439,0.0200,0.0953,0.0000,0.0000,0.0000,0.0000,0.0000,0.0000,0.0015,0.0000,0.0000,0.0000,0.0000,0.0000,0.0000,0.0000,0.0000
1790997815.7639,0.0200,0.0931,0.0000,0.0000,0.0000,0.0000,0.0000,0.0000,-0.0015,0.0000,0.0000,0.0000,0.0000,0.0000,0.0000,0.0000,0.0000
1790997815.7839,0.0200,0.0936,0.0000,0.0000,0.0000,0.0000,0.0000,0.0000,0.0000,0.0000,0.0000,0.0000,0.0000,0.0000,0.0000,0.0000,0.0000
1790997815.8039,0.0200,0.1425,0.0000,0.0000,0.0000,0.0000,0.0000,0.0000,0.0000,0.0000,0.0000,0.0000,0.0000,0.0000,0.0000,0.0000,0.0000
1790997815.8238,0.0200,0.1170,0.0000,0.0000,0.0000,0.0000,0.0000,0.0000,0.0015,0.0000,0.0000,0.0000,0.0000,0.0000,0.0000,0.0000,0.0000
1790997815.8438,0.0200,0.0921,0.0000,0.0000,0.0000,0.0000,0.0000,0.0000,0.0000,0.0000,0.0000,0.0000,0.0000,0.0000,0.0000,0.0000,0.0000
1790997815.8639,0.0200,0.1099,0.0000,0.0000,0.0000,0.0000,0.0000,0.0000,-0.0015,0.0000,0.0000,0.0000,0.0000,0.0000,0.0000,0.0000,0.0000
1790997815.8838,0.0200,0.0959,0.0000,0.0000,0.0000,0.0000,0.0000,0.0000,0.0000,0.0000,0.0000,0.0000,0.0000,0.0000,0.0000,0.0000,0.0000
1790997815.9038,0.0200,0.0941,0.0000,0.0000,0.0000,0.0000,0.0000,0.0000,0.0000,0.0000,0.0000,0.0000,0.0000,0.0000,0.0000,0.0000,0.0000
1790997815.9239,0.0200,0.0936,0.0000,0.0000,0.0000,0.0000,0.0000,0.0000,0.0000,0.0000,0.0000,0.0000,0.0000,0.0000,0.0000,0.0000,0.0000
1790997815.9439,0.0200,0.0978,0.0000,0.0000,0.0000,0.0000,0.0000,0.0000,0.0000,0.0000,0.0000,0.0000,0.0000,0.0000,0.0000,0.0000,0.0000
1790997815.9639,0.0200,0.1628,0.0000,0.0000,0.0000,0.0000,0.0000,0.0000,0.0000,0.0000,0.0000,0.0000,0.0000,0.0000,0.0000,0.0000,0.0000
