t,dt,loop_ms,v_ref,w_ref,wL_ref,wL,wR_ref,wR,yaw_cmd,yaw,pitch_cmd,pitch,imu_yaw,odom_v,odom_w,odom_yaw
1791179133.7753,0.0200,1.0239,0.0000,0.0000,0.0000,0.0000,0.0000,0.0000,0.1273,0.1273,0.5077,0.5077,0.0000,0.0000,0.0000,0.0000
1791179133.7952,0.0199,0.1669,0.0000,0.0000,0.0000,0.0000,0.0000,0.0000,0.1273,0.1273,0.5077,0.5077,0.0000,0.0000,0.0000,0.0000
1791179133.8152,0.0200,0.2464,0.0000,0.0000,0.0000,0.0000,0.0000,0.0000,0.1273,0.1273,0.5077,0.5077,0.0000,0.0000,0.0000,-0.0002
1791179133.8352,0.0200,0.1860,0.0000,0.0000,0.0000,0.0000,0.0000,0.0000,0.1273,0.1273,0.5077,0.5077,0.0000,0.0000,0.0000,0.0000
1791179133.8552,0.0200,0.3110,0.0000,0.0000,0.0000,0.0000,0.0000,0.0000,0.1273,0.1273,0.5077,0.5093,0.0000,0.0000,0.0000,-0.0002
1791179133.8752,0.0200,0.2591,0.0000,0.0000,0.0000,0.0000,0.0000,0.0000,0.1273,0.1273,0.5077,0.5077,0.0000,0.0000,0.0000,0.0002
1791179133.8952,0.0200,0.1893,0.0000,0.0000,0.0000,0.0000,0.0000,0.0000,0.1273,0.1273,0.5077,0.5077,0.0000,0.0000,0.0000,0.0000
1791179133.9152,0.0200,0.2310,0.0000,0.0000,0.0000,0.0000,0.0000,0.0000,0.1273,0.1273,0.5077,0.5093,0.0000,0.0000,0.0000,-0.0002
1791179133.9351,0.0200,0.2577,0.0000,0.0000,0.0000,0.0000,0.0000,0.0000,0.1273,0.1273,0.5077,0.5093,0.0000,0.0000,0.0000,0.0000
1791179133.9552,0.0201,0.2993,0.0000,0.0000,0.0000,0.0000,0.0000,0.0000,0.1273,0.1273,0.5077,0.5093,0.0000,0.0000,0.0000,0.0000
1791179133.9752,0.0200,0.2526,0.0000,0.0000,0.0000,0.0000,0.0000,0.0000,0.1273,0.1273,0.5077,0.5093,0.0000,0.0000,0.0000,0.0002
1791179133.9952,0.0200,0.2431,0.0000,0.0000,0.0000,0.0000,0.0000,0.0000,0.1273,0.1273,0.5077,0.5077,0.0000,0.0000,0.0000,0.0002
1791179134.0152,0.0200,0.2096,0.0000,0.0000,0.0000,0.0000,0.0000,0.0000,0.1273,0.1273,0.5077,0.5093,0.0000,0.0000,0.0000,0.0000
1791179134.0352,0.0200,0.2710,0.0000,0.0000,0.0000,0.0000,0.0000,0.0000,0.1273,0.1273,0.5077,0.5077,0.0000,0.0000,0.0000,0.0000
1791179134.0552,0.0200,0.2893,0.0000,0.0000,0.0000,0.0000,0.0000,0.0000,0.1273,0.1273,0.5077,0.5093,0.0000,0.0000,0.0000,0.0002
1791179134.0752,0.0200,0.2520,0.0000,0.0000,0.0000,-0.0240,0.0000,0.0000,0.1273,0.1273,0.5077,0.5077,0.0000,-0.0004,0.0028,0.0002
1791179134.0952,0.0200,0.1995,0.0000,0.0000,0.0000,0.0000,0.0000,0.0000,0.1273,0.1273,0.5077,0.5077,0.0000,0.0000,0.0000,0.0000
1791179134.1152,0.0200,0.2278,0.0000,0.0000,0.0000,0.0000,0.0000,0.0000,0.1273,0.1273,0.5077,0.5077,0.0000,0.0000,0.0000,0.0002
1791179134.1352,0.0200,0.2447,0.0000,0.0000,0.0000,0.0000,0.0000,0.0000,0.1273,0.1273,0.5077,0.5093,0.0000,0.0000,0.0000,0.0002
1791179134.1552,0.0200,0.3056,0.0000,0.0000,0.0000,0.0000,0.0000,0.0000,0.1273,0.1273,0.5077,0.5093,0.0000,0.0000,0.0000,0.0000
1791179134.1752,0.0200,0.2771,0.0000,0.0000,0.0000,0.0000,0.0000,0.0000,0.1273,0.1273,0.5077,0.5077,0.0000,0.0000,0.0000,0.0002
1791179134.1952,0.0200,0.2429,0.0000,0.0000,0.0000,0.0000,0.0000,0.0000,0.1273,0.1289,0.5077,0.5077,0.0000,0.0000,0.0000,0.0002
1791179134.2152,0.0200,0.2310,0.0000,0.0000,0.0000,0.0000,0.0000,0.0000,0.1273,0.1273,0.5077,0.5077,0.0000,0.0000,0.0000,-0.0002
1791179134.2352,0.0200,0.2472,0.0000,0.0000,0.0000,0.0000,0.0000,0.0000,0.1273,0.1273,0.5077,0.5077,0.0000,0.0000,0.0000,-0.0002
1791179134.2552,0.0200,0.2455,0.0000,0.0000,0.0000,0.0000,0.0000,0.0000,0.1273,0.1273,0.5077,0.5077,0.0000,0.0000,0.0000,0.0002
1791179134.2752,0.0200,0.2383,0.0000,0.0000,0.0000,0.0000,0.0000,0.0000,0.1273,0.1273,0.5077,0.5093,0.0000,0.0000,0.0000,-0.0002
1791179134.2952,0.0200,0.2427,0.0000,0.0000,0.0000,0.0000,0.0000,0.0000,0.1273,0.1273,0.5077,0.5077,0.0000,0.0000,0.0000,0.0000
1791179134.3151,0.0200,0.1836,0.0000,0.0000,0.0000,0.0000,0.0000,0.0000,0.1273,0.1273,0.5077,0.5077,0.0000,0.0000,0.0000,0.0000
1791179134.3351,0.0200,0.2408,0.0000,0.0000,0.0000,0.0000,0.0000,0.0000,0.1273,0.1273,0.5077,0.5077,0.0000,0.0000,0.0000,-0.0002
1791179134.3551,0.0200,0.1649,0.0000,0.0000,0.0000,0.0000,0.0000,0.0000,0.1273,0.1273,0.5077,0.5077,0.0000,0.0000,0.0000,0.0000
1791179134.3751,0.0200,0.2413,0.0000,0.0000,0.0000,0.0000,0.0000,0.0000,0.1273,0.1273,0.5077,0.5093,0.0000,0.0000,0.0000,0.0002
1791179134.3951,0.0200,0.1587,0.0000,0.0000,0.0000,0.0000,0.0000,0.0000,0.1273,0.1273,0.5077,0.5077,0.0000,0.0000,0.0000,0.0000
1791179134.4151,0.0200,0.2407,0.0000,0.0000,0.0000,0.0000,0.0000,0.0000,0.1273,0.1289,0.5077,0.5093,0.0000,0.0000,0.0000,0.0002
1791179134.4352,0.0200,0.2366,0.0000,0.0000,0.0000,0.0000,0.0000,0.0000,0.1273,0.1273,0.5077,0.5077,0.0000,0.0000,0.0000,0.0000
1791179134.4551,0.0200,0.2408,0.0000,0.0000,0.0000,0.0000,0.0000,0.0000,0.1273,0.1273,0.5077,0.5077,0.0000,0.0000,0.0000,0.0002
1791179134.4751,0.0200,0.2352,0.0000,0.0000,0.0000,0.0000,0.0000,0.0000,0.1273,0.1273,0.5077,0.5077,0.0000,0.0000,0.0000,-0.0002
1791179134.4952,0.0200,0.2341,0.0000,0.0000,0.0000,0.0000,0.0000,0.0000,0.1273,0.1273,0.5077,0.5077,0.0000,0.0000,0.0000,0.0002
1791179134.5152,0.0200,0.2284,0.0000,0.0000,0.0000,0.0000,0.0000,0.0000,0.1273,0.1273,0.5077,0.5093,0.0000,0.0000,0.0000,0.0000
1791179134.5352,0.0200,0.2234,0.0000,0.0000,0.0000,0.0000,0.0000,0.0000,0.1273,0.1273,0.5077,0.5077,0.0000,0.0000,0.0000,0.0000
1791179134.5552,0.0200,0.2087,0.0000,0.0000,0.0000,0.0000,0.0000,0.0000,0.1273,0.1273,0.5077,0.5077,0.0000,0.0000,0.0000,0.0000
1791179134.5752,0.0200,0.2399,0.0000,0.0000,0.0000,0.0000,0.0000,0.0000,0.1273,0.1273,0.5077,0.5077,0.0000,0.0000,0.0000,0.0000
1791179134.5952,0.0200,0.3474,0.0000,0.0000,0.0000,0.0000,0.0000,0.0000,0.1273,0.1273,0.5077,0.5077,0.0000,0.0000,0.0000,0.0000
1791179134.6152,0.0200,0.2155,0.0000,0.0000,0.0000,0.0000,0.0000,0.0000,0.1273,0.1273,0.5077,0.5093,0.0000,0.0000,0.0000,0.0000
1791179134.6351,0.0200,0.1694,0.0000,0.0000,0.0000,0.0000,0.0000,0.0000,0.1273,0.1273,0.5077,0.5077,0.0000,0.0000,0.0000,0.0000
1791179134.6552,0.0200,0.2439,0.0000,0.0000,0.0000,0.0000,0.0000,0.0000,0.1273,0.1273,0.5077,0.5077,0.0000,0.0000,0.0000,0.0000
1791179134.6752,0.0200,0.2394,0.0000,0.0000,0.0000,0.0000,0.0000,0.0000,0.1273,0.1273,0.5077,0.5077,0.0000,0.0000,0.0000,0.0000
1791179134.6952,0.0200,0.2288,0.0000,0.0000,0.0000,0.0000,0.0000,0.0000,0.1273,0.1273,0.5077,0.5077,0.0000,0.0000,0.0000,0.0000
1791179134.7152,0.0200,0.2385,0.0000,0.0000,0.0000,0.0000,0.0000,0.0000,0.1273,0.1273,0.5077,0.5093,0.0000,0.0000,0.0000,-0.0002
1791179134.7352,0.0200,0.2335,0.0000,0.0000,0.0000,0.0000,0.0000,0.0000,0.1273,0.1289,0.5077,0.5077,0.0000,0.0000,0.0000,0.0000
1791179134.7552,0.0200,0.2252,0.0000,0.0000,0.0000,0.0000,0.0000,0.0000,0.1273,0.1273,0.5077,0.5093,0.0000,0.0000,0.0000,0.0000
1791179134.7752,0.0200,0.1818,0.0000,0.0000,0.0000,0.0000,0.0000,0.0000,0.1273,0.1273,0.5077,0.5077,0.0000,0.0000,0.0000,0.0000
1791179134.7951,0.0199,0.2175,0.0000,0.0000,0.0000,0.0000,0.0000,0.0000,0.1273,0.1273,0.5077,0.5093,0.0000,0.0000,0.0000,0.0000
1791179134.8151,0.0200,0.1894,0.0000,0.0000,0.0000,0.0000,0.0000,0.0000,0.1273,0.1273,0.5077,0.5077,0.0000,0.0000,0.0000,0.0000
1791179134.8351,0.0200,0.2152,0.0000,0.0000,0.0000,0.0000,0.0000,0.0000,0.1273,0.1273,0.5077,0.5077,0.0000,0.0000,0.0000,0.0000
1791179134.8552,0.0200,0.1957,0.0000,0.0000,0.0000,0.0000,0.0000,0.0000,0.1273,0.1273,0.5077,0.5077,0.0000,0.0000,0.0000,0.0000
1791179134.8751,0.0200,0.1805,0.0000,0.0000,0.0000,0.0000,0.0000,0.0000,0.1273,0.1273,0.5077,0.5077,0.0000,0.0000,0.0000,0.0000
1791179134.8952,0.0200,0.3367,0.0000,0.0000,0.0000,0.0000,0.0000,0.0000,0.1273,0.1273,0.5077,0.5093,0.0000,0.0000,0.0000,0.0000
1791179134.9152,0.0200,0.2774,0.0000,0.0000,0.0000,0.0000,0.0000,0.0000,0.1273,0.1273,0.5077,0.5093,0.0000,0.0000,0.0000,0.0000
1791179134.9351,0.0200,0.2122,0.0000,0.0000,0.0000,0.0000,0.0000,0.0000,0.1273,0.1273,0.5077,0.5077,0.0000,0.0000,0.0000,0.0000
1791179134.9552,0.0200,0.2353,0.0000,0.0000,0.0000,0.0000,0.0000,0.0000,0.1273,0.1273,0.5077,0.5077,0.0000,0.0000,0.0000,0.0000
1791179134.9752,0.0200,0.1954,0.0000,0.0000,0.0000,0.0000,0.0000,0.0000,0.1273,0.1273,0.5077,0.5077,0.0000,0.0000,0.0000,0.0002
1791179134.9952,0.0200,0.2386,0.0000,0.0000,0.0000,0.0000,0.0000,0.0000,0.1273,0.1273,0.5077,0.5077,0.0000,0.0000,0.0000,0.0002
1791179135.0152,0.0200,0.2367,0.0000,0.0000,0.0000,0.0000,0.0000,0.0000,0.1273,0.1273,0.5077,0.5077,0.0000,0.0000,0.0000,0.0002
1791179135.0352,0.0200,0.3154,0.0000,0.0000,0.0000,0.0000,0.0000,0.0000,0.1273,0.1273,0.5077,0.5077,0.0000,0.0000,0.0000,0.0000
1791179135.0552,0.0200,0.2388,0.0000,0.0000,0.0000,0.0000,0.0000,0.0000,0.1273,0.1273,0.5077,0.5077,0.0000,0.0000,0.0000,0.0002
1791179135.0751,0.0199,0.2224,0.0000,0.0000,0.0000,0.0000,0.0000,0.0000,0.1273,0.1273,0.5077,0.5077,0.0000,0.0000,0.0000,0.0002
1791179135.0952,0.0200,0.2357,0.0000,0.0000,0.0000,0.0000,0.0000,0.0000,0.1273,0.1273,0.5077,0.5093,0.0000,0.0000,0.0000,0.0002
1791179135.1152,0.0200,0.2360,0.0000,0.0000,0.0000,0.0000,0.0000,0.0000,0.1273,0.1273,0.5077,0.5077,0.0000,0.0000,0.0000,0.0002
1791179135.1352,0.0200,0.2328,0.0000,0.0000,0.0000,0.0000,0.0000,0.0000,0.1273,0.1273,0.5077,0.5077,0.0000,0.0000,0.0000,0.0000
1791179135.1552,0.0200,0.1982,0.0000,0.0000,0.0000,0.0000,0.0000,0.0000,0.1273,0.1273,0.5077,0.5093,0.0000,0.0000,0.0000,0.0000
1791179135.1751,0.0200,0.2091,0.0000,0.0000,0.0000,0.0000,0.0000,0.0000,0.1273,0.1273,0.5077,0.5093,0.0000,0.0000,0.0000,0.0000
1791179135.1952,0.0200,0.2300,0.0000,0.0000,0.0000,0.0000,0.0000,0.0000,0.1273,0.1273,0.5077,0.5077,0.0000,0.0000,0.0000,0.0000
1791179135.2152,0.0200,0.2253,0.0000,0.0000,0.0000,0.0000,0.0000,0.0000,0.1273,0.1273,0.5077,0.5093,0.0000,0.0000,0.0000,0.0000
1791179135.2352,0.0200,0.2350,0.0000,0.0000,0.0000,0.0000,0.0000,0.0000,0.1273,0.1273,0.5077,0.5077,0.0000,0.0000,0.0000,0.0002
1791179135.2552,0.0200,0.2267,0.0000,0.0000,0.0000,0.0000,0.0000,0.0000,0.1273,0.1273,0.5077,0.5077,0.0000,0.0000,0.0000,0.0002
1791179135.2752,0.0200,0.2245,0.0000,0.0000,0.0000,0.0000,0.0000,0.0000,0.1273,0.1273,0.5077,0.5093,0.0000,0.0000,0.0000,0.0000
1791179135.2952,0.0200,0.2283,0.0000,0.0000,0.0000,0.0000,0.0000,0.0000,0.1273,0.1273,0.5077,0.5077,0.0000,0.0000,0.0000,0.0000
1791179135.3152,0.0200,0.2283,0.0000,0.0000,0.0000,0.0000,0.0000,0.0000,0.1273,0.1289,0.5077,0.5077,0.0000,0.0000,0.0000,-0.0002
1791179135.3352,0.0200,0.2297,0.0000,0.0000,0.0000,0.0000,0.0000,0.0000,0.1273,0.1273,0.5077,0.5077,0.0000,0.0000,0.0000,-0.0002
1791179135.3552,0.0200,0.2180,0.0000,0.0000,0.0000,0.0000,0.0000,0.0000,0.1273,0.1273,0.5077,0.5077,0.0000,0.0000,0.0000,0.0000
1791179135.3751,0.0200,0.2343,0.0000,0.0000,0.0000,0.0000,0.0000,0.0000,0.1273,0.1273,0.5077,0.5093,0.0000,0.0000,0.0000,0.0000
1791179135.3951,0.0200,0.1633,0.0000,0.0000,0.0000,0.0000,0.0000,0.0000,0.1273,0.1273,0.5077,0.5077,0.0000,0.0000,0.0000,0.0000
1791179135.4151,0.0200,0.2487,0.0000,0.0000,0.0000,0.0000,0.0000,0.0000,0.1273,0.1273,0.5077,0.5077,0.0000,0.0000,0.0000,0.0000
1791179135.4351,0.0200,0.1862,0.0000,0.0000,0.0000,0.0000,0.0000,0.0000,0.1273,0.1273,0.5077,0.5077,0.0000,0.0000,0.0000,0.0000
1791179135.4552,0.0200,0.2377,0.0000,0.0000,0.0000,0.0000,0.0000,0.0000,0.1273,0.1273,0.5077,0.5077,0.0000,0.0000,0.0000,0.0002
1791179135.4751,0.0200,0.1578,0.0000,0.0000,0.0000,0.0000,0.0000,0.0000,0.1273,0.1273,0.5077,0.5077,0.0000,0.0000,0.0000,0.0000
1791179135.4951,0.0200,0.2362,0.0000,0.0000,0.0000,0.0000,0.0000,0.0000,0.1273,0.1273,0.5077,0.5077,0.0000,0.0000,0.0000,0.0000
1791179135.5151,0.0200,0.1596,0.0000,0.0000,0.0000,0.0000,0.0000,0.0000,0.1273,0.1273,0.5077,0.5077,0.0000,0.0000,0.0000,0.0002
1791179135.5351,0.0200,0.2456,0.0000,0.0000,0.0000,0.0000,0.0000,0.0000,0.1273,0.1273,0.5077,0.5077,0.0000,0.0000,0.0000,0.0002
1791179135.5552,0.0200,0.2331,0.0000,0.0000,0.0000,0.0000,0.0000,0.0000,0.1273,0.1273,0.5077,0.5077,0.0000,0.0000,0.0000,0.0002
1791179135.5752,0.0200,0.2292,0.0000,0.0000,0.0000,0.0000,0.0000,0.0000,0.1273,0.1273,0.5077,0.5077,0.0000,0.0000,0.0000,0.0002
1791179135.5952,0.0200,0.2084,0.0000,0.0000,0.0000,0.0000,0.0000,0.0000,0.1273,0.1273,0.5077,0.5077,0.0000,0.0000,0.0000,0.0000
1791179135.6152,0.0200,0.2233,0.0000,0.0000,0.0000,0.0000,0.0000,0.0000,0.1273,0.1273,0.5077,0.5077,0.0000,0.0000,0.0000,0.0000
1791179135.6351,0.0200,0.1699,0.0000,0.0000,0.0000,0.0000,0.0000,0.0000,0.1273,0.1273,0.5077,0.5077,0.0000,0.0000,0.0000,0.0000
1791179135.6552,0.0200,0.2365,0.0000,0.0000,0.0000,0.0000,0.0000,0.0000,0.1273,0.1289,0.5077,0.5077,0.0000,0.0000,0.0000,0.0002
1791179135.6751,0.0200,0.2899,0.0000,0.0000,0.0000,0.0000,0.0000,0.0000,0.1273,0.1273,0.5077,0.5093,0.0000,0.0000,0.0000,0.0000
1791179135.6952,0.0200,0.2365,0.0000,0.0000,0.0000,0.0000,0.0000,0.0000,0.1273,0.1273,0.5077,0.5077,0.0000,0.0000,0.0000,0.0002
1791179135.7152,0.0200,0.2253,0.0000,0.0000,0.0000,0.0000,0.0000,0.0000,0.1273,0.1273,0.5077,0.5077,0.0000,0.0000,0.0000,0.0000
1791179135.7352,0.0200,0.2008,0.0000,0.0000,0.0000,0.0000,0.0000,0.0000,0.1273,0.1273,0.5077,0.5093,0.0000,0.0000,0.0000,0.0000
1791179135.7551,0.0200,0.2462,0.0000,0.0000,0.0000,0.0000,0.0000,0.0000,0.1273,0.1273,0.5077,0.5077,0.0000,0.0000,0.0000,0.0000
1791179135.7751,0.0200,0.1842,0.0000,0.0000,0.0000,0.0000,0.0000,0.0000,0.1273,0.1273,0.5077,0.5077,0.0000,0.0000,0.0000,0.0000
1791179135.7952,0.0200,0.2404,0.0000,0.0000,0.0000,0.0000,0.0000,0.0000,0.1273,0.1273,0.5077,0.5077,0.0000,0.0000,0.0000,0.0000
1791179135.8151,0.0200,0.2142,0.0000,0.0000,0.0000,0.0000,0.0000,0.0000,0.1273,0.1273,0.5077,0.5093,0.0000,0.0000,0.0000,0.0000
1791179135.8352,0.0200,0.2288,0.0000,0.0000,0.0000,0.0000,0.0000,0.0000,0.1273,0.1273,0.5077,0.5077,0.0000,0.0000,0.0000,0.0000
1791179135.8552,0.0200,0.1816,0.0000,0.0000,0.0000,0.0000,0.0000,0.0000,0.1273,0.1273,0.5077,0.5077,0.0000,0.0000,0.0000,0.0000
1791179135.8751,0.0200,0.2481,0.0000,0.0000,0.0000,0.0000,0.0000,0.0000,0.1273,0.1273,0.5077,0.5077,0.0000,0.0000,0.0000,0.0002
1791179135.8951,0.0200,0.2820,0.0000,0.0000,0.0000,0.0000,0.0000,0.0000,0.1273,0.1273,0.5077,0.5077,0.0000,0.0000,0.0000,0.0000
1791179135.9151,0.0200,0.2127,0.0000,0.0000,0.0000,0.0000,0.0000,0.0000,0.1273,0.1273,0.5077,0.5077,0.0000,0.0000,0.0000,0.0000
1791179135.9352,0.0200,0.2329,0.0000,0.0000,0.0000,0.0000,0.0000,0.0000,0.1273,0.1273,0.5077,0.5093,0.0000,0.0000,0.0000,0.0002
1791179135.9552,0.0200,0.2039,0.0000,0.0000,0.0000,0.0000,0.0000,0.0000,0.1273,0.1273,0.5077,0.5077,0.0000,0.0000,0.0000,0.0000
1791179135.9751,0.0199,0.1823,0.0000,0.0000,0.0000,0.0000,0.0000,0.0000,0.1273,0.1273,0.5077,0.5093,0.0000,0.0000,0.0000,0.0000
1791179135.9952,0.0200,0.3185,0.0000,0.0000,0.0000,0.0000,0.0000,0.0000,0.1273,0.1273,0.5077,0.5077,0.0000,0.0000,0.0000,0.0002
1791179136.0152,0.0200,0.2103,0.0000,0.0000,0.0000,0.0000,0.0000,0.0000,0.1273,0.1273,0.5077,0.5077,0.0000,0.0000,0.0000,0.0000
1791179136.0352,0.0200,0.2330,0.0000,0.0000,0.0000,0.0000,0.0000,0.0000,0.1273,0.1273,0.5077,0.5093,0.0000,0.0000,0.0000,0.0000
1791179136.0552,0.0200,0.1980,0.0000,0.0000,0.0000,0.0000,0.0000,0.0000,0.1273,0.1273,0.5077,0.5093,0.0000,0.0000,0.0000,0.0000
1791179136.0751,0.0199,0.2293,0.0000,0.0000,0.0000,0.0000,0.0000,0.0000,0.1273,0.1273,0.5077,0.5077,0.0000,0.0000,0.0000,0.0000
1791179136.0952,0.0200,0.2290,0.0000,0.0000,0.0000,0.0000,0.0000,0.0000,0.1273,0.1273,0.5077,0.5077,0.0000,0.0000,0.0000,0.0000
1791179136.1152,0.0200,0.2336,0.0000,0.0000,0.0000,0.0000,0.0000,0.0000,0.1273,0.1273,0.5077,0.5093,0.0000,0.0000,0.0000,0.0000
1791179136.1352,0.0200,0.2395,0.0000,0.0000,0.0000,0.0000,0.0000,0.0000,0.1273,0.1273,0.5077,0.5077,0.0000,0.0000,0.0000,0.0000
1791179136.1552,0.0200,0.3214,0.0000,0.0000,0.0000,0.0000,0.0000,0.0000,0.1273,0.1273,0.5077,0.5077,0.0000,0.0000,0.0000,0.0000
1791179136.1752,0.0200,0.2761,0.0000,0.0000,0.0000,0.0000,0.0000,0.0000,0.1273,0.1273,0.5077,0.5077,0.0000,0.0000,0.0000,0.0002
1791179136.1952,0.0200,0.2406,0.0000,0.0000,0.0000,0.0000,0.0000,0.0000,0.1273,0.1273,0.5077,0.5077,0.0000,0.0000,0.0000,0.0000
1791179136.2152,0.0200,0.2265,0.0000,0.0000,0.0000,0.0000,0.0000,0.0000,0.1273,0.1273,0.5077,0.5077,0.0000,0.0000,0.0000,0.0002
1791179136.2352,0.0200,0.2352,0.0000,0.0000,0.0000,0.0000,0.0000,0.0000,0.1273,0.1273,0.5077,0.5093,0.0000,0.0000,0.0000,0.0000
1791179136.2552,0.0200,0.2217,0.0000,0.0000,0.0000,0.0000,0.0000,0.0000,0.1273,0.1273,0.5077,0.5077,0.0000,0.0000,0.0000,0.0002
1791179136.2752,0.0200,0.2200,0.0000,0.0000,0.0000,0.0000,0.0000,0.0000,0.1273,0.1273,0.5077,0.5093,0.0000,0.0000,0.0000,0.0000
1791179136.2952,0.0200,0.2232,0.0000,0.0000,0.0000,0.0000,0.0000,0.0000,0.1273,0.1273,0.5077,0.5077,0.0000,0.0000,0.0000,0.0000
1791179136.3152,0.0200,0.2245,0.0000,0.0000,0.0000,0.0000,0.0000,0.0000,0.1273,0.1273,0.5077,0.5093,0.0000,0.0000,0.0000,0.0000
1791179136.3352,0.0200,0.2643,0.0000,0.0000,0.0000,0.0000,0.0000,0.0000,0.1273,0.1273,0.5077,0.5077,0.0000,0.0000,0.0000,0.0000
1791179136.3551,0.0200,0.2418,0.0000,0.0000,0.0000,0.0000,0.0000,0.0000,0.1273,0.1273,0.5077,0.5077,0.0000,0.0000,0.0000,0.0002
1791179136.3751,0.0200,0.2416,0.0000,0.0000,0.0000,0.0000,0.0000,0.0000,0.1273,0.1273,0.5077,0.5077,0.0000,0.0000,0.0000,0.0002
1791179136.3951,0.0200,0.2439,0.0000,0.0000,0.0000,0.0000,0.0000,0.0000,0.1273,0.1273,0.5077,0.5077,0.0000,0.0000,0.0000,0.0000
1791179136.4151,0.0200,0.2370,0.0000,0.0000,0.0000,0.0000,0.0000,0.0000,0.1273,0.1273,0.5077,0.5077,0.0000,0.0000,0.0000,0.0000
1791179136.4351,0.0200,0.2424,0.0000,0.0000,0.0000,0.0000,0.0000,0.0000,0.1273,0.1273,0.5077,0.5077,0.0000,0.0000,0.0000,0.0000
1791179136.4551,0.0200,0.1834,0.0000,0.0000,0.0000,0.0000,0.0000,0.0000,0.1273,0.1273,0.5077,0.5093,0.0000,0.0000,0.0000,0.0000
1791179136.4751,0.0200,0.2430,0.0000,0.0000,0.0000,0.0000,0.0000,0.0000,0.1273,0.1273,0.5077,0.5077,0.0000,0.0000,0.0000,0.0000
1791179136.4951,0.0200,0.1599,0.0000,0.0000,0.0000,0.0000,0.0000,0.0000,0.1273,0.1273,0.5077,0.5077,0.0000,0.0000,0.0000,0.0002
1791179136.5151,0.0200,0.2461,0.0000,0.0000,0.0000,0.0000,0.0000,0.0000,0.1273,0.1273,0.5077,0.5093,0.0000,0.0000,0.0000,0.0002
1791179136.5351,0.0200,0.1567,0.0000,0.0000,0.0000,0.0000,0.0000,0.0000,0.1273,0.1273,0.5077,0.5077,0.0000,0.0000,0.0000,0.0000
1791179136.5551,0.0200,0.2373,0.0000,0.0000,0.0000,0.0000,0.0000,0.0000,0.1273,0.1273,0.5077,0.5077,0.0000,0.0000,0.0000,0.0002
1791179136.5752,0.0200,0.2303,0.0000,0.0000,0.0000,0.0000,0.0000,0.0000,0.1273,0.1289,0.5077,0.5093,0.0000,0.0000,0.0000,0.0002
1791179136.5952,0.0200,0.2071,0.0000,0.0000,0.0000,0.0000,0.0000,0.0000,0.1273,0.1273,0.5077,0.5077,0.0000,0.0000,0.0000,0.0002
1791179136.6152,0.0200,0.2290,0.0000,0.0000,0.0000,0.0000,0.0000,0.0000,0.1273,0.1273,0.5077,0.5077,0.0000,0.0000,0.0000,0.0002
1791179136.6352,0.0200,0.2289,0.0000,0.0000,0.0000,0.0000,0.0000,0.0000,0.1273,0.1273,0.5077,0.5077,0.0000,0.0000,0.0000,0.0000
1791179136.6552,0.0200,0.2260,0.0000,0.0000,0.0000,0.0000,0.0000,0.0000,0.1273,0.1273,0.5077,0.5093,0.0000,0.0000,0.0000,0.0000
1791179136.6752,0.0200,0.2095,0.0000,0.0000,0.0000,0.0000,0.0000,0.0000,0.1273,0.1273,0.5077,0.5093,0.0000,0.0000,0.0000,0.0002
1791179136.6952,0.0200,0.3174,0.0000,0.0000,0.0000,0.0000,0.0000,0.0000,0.1273,0.1273,0.5077,0.5077,0.0000,0.0000,0.0000,0.0000
1791179136.7152,0.0200,0.2295,0.0000,0.0000,0.0000,0.0000,0.0000,0.0000,0.1273,0.1273,0.5077,0.5077,0.0000,0.0000,0.0000,0.0002
1791179136.7352,0.0200,0.2265,0.0000,0.0000,0.0000,0.0000,0.0000,0.0000,0.1273,0.1273,0.5077,0.5077,0.0000,0.0000,0.0000,0.0000
1791179136.7552,0.0200,0.2009,0.0000,0.0000,0.0000,0.0000,0.0000,0.0000,0.1273,0.1273,0.5077,0.5093,0.0000,0.0000,0.0000,0.0002
1791179136.7752,0.0200,0.2391,0.0000,0.0000,0.0000,0.0000,0.0000,0.0000,0.1273,0.1273,0.5077,0.5077,0.0000,0.0000,0.0000,0.0002
1791179136.7952,0.0200,0.2804,0.0000,0.0000,0.0000,0.0000,0.0000,0.0000,0.1273,0.1273,0.5077,0.5093,0.0000,0.0000,0.0000,0.0002
1791179136.8152,0.0200,0.1676,0.0000,0.0000,0.0000,0.0000,0.0000,0.0000,0.1273,0.1273,0.5077,0.5093,0.0000,0.0000,0.0000,0.0000
1791179136.8351,0.0200,0.2403,0.0000,0.0000,0.0000,0.0000,0.0000,0.0000,0.1273,0.1273,0.5077,0.5077,0.0000,0.0000,0.0000,0.0000
1791179136.8552,0.0200,0.2275,0.0000,0.0000,0.0000,0.0000,0.0000,0.0000,0.1273,0.1273,0.5077,0.5093,0.0000,0.0000,0.0000,0.0000
1791179136.8752,0.0200,0.1793,0.0000,0.0000,0.0000,0.0000,0.0000,0.0000,0.1273,0.1273,0.5077,0.5077,0.0000,0.0000,0.0000,0.0000
1791179136.8952,0.0200,0.2332,0.0000,0.0000,0.0000,0.0000,0.0000,0.0000,0.1273,0.1273,0.5077,0.5077,0.0000,0.0000,0.0000,0.0000
1791179136.9152,0.0200,0.2280,0.0000,0.0000,0.0000,0.0000,0.0000,0.0000,0.1273,0.1273,0.5077,0.5077,0.0000,0.0000,0.0000,0.0000
1791179136.9352,0.0200,0.1997,0.0000,0.0000,0.0000,0.0000,0.0000,0.0000,0.1273,0.1273,0.5077,0.5077,0.0000,0.0000,0.0000,0.0000
1791179136.9551,0.0199,0.1910,0.0000,0.0000,0.0000,0.0000,0.0000,0.0000,0.1273,0.1273,0.5077,0.5077,0.0000,0.0000,0.0000,0.0000
1791179136.9752,0.0200,0.2407,0.0000,0.0000,0.0000,0.0000,0.0000,0.0000,0.1273,0.1273,0.5077,0.5077,0.0000,0.0000,0.0000,0.0000
1791179136.9952,0.0200,0.2315,0.0000,0.0000,0.0000,0.0000,0.0000,0.0000,0.1273,0.1273,0.5077,0.5077,0.0000,0.0000,0.0000,0.0000
1791179137.0152,0.0200,0.3192,0.0000,0.0000,0.0000,0.0000,0.0000,0.0000,0.1273,0.1273,0.5077,0.5077,0.0000,0.0000,0.0000,0.0000
1791179137.0352,0.0200,0.2172,0.0000,0.0000,0.0000,0.0000,0.0000,0.0000,0.1273,0.1273,0.5077,0.5077,0.0000,0.0000,0.0000,0.0000
1791179137.0552,0.0200,0.2349,0.0000,0.0000,0.0000,0.0000,0.0000,0.0000,0.1273,0.1273,0.5077,0.5077,0.0000,0.0000,0.0000,0.0000
1791179137.0752,0.0200,0.1999,0.0000,0.0000,0.0000,0.0000,0.0000,0.0000,0.1273,0.1273,0.5077,0.5077,0.0000,0.0000,0.0000,0.0000
1791179137.0951,0.0200,0.2182,0.0000,0.0000,0.0000,0.0000,0.0000,0.0000,0.1273,0.1273,0.5077,0.5093,0.0000,0.0000,0.0000,0.0000
1791179137.1152,0.0200,0.2366,0.0000,0.0000,0.0000,0.0000,0.0000,0.0000,0.1273,0.1273,0.5077,0.5077,0.0000,0.0000,0.0000,0.0000
1791179137.1352,0.0200,0.1983,0.0000,0.0000,0.0000,0.0000,0.0000,0.0000,0.1273,0.1273,0.5077,0.5077,0.0000,0.0000,0.0000,0.0000
1791179137.1552,0.0200,0.2717,0.0000,0.0000,0.0000,0.0000,0.0000,0.0000,0.1273,0.1273,0.5077,0.5077,0.0000,0.0000,0.0000,0.0000
1791179137.1752,0.0200,0.2231,0.0000,0.0000,0.0000,0.0000,0.0000,0.0000,0.1273,0.1289,0.5077,0.5077,0.0000,0.0000,0.0000,0.0000
1791179137.1952,0.0200,0.2131,0.0000,0.0000,0.0000,0.0000,0.0000,0.0000,0.1273,0.1273,0.5077,0.5077,0.0000,0.0000,0.0000,0.0000
1791179137.2152,0.0200,0.2340,0.0000,0.0000,0.0000,0.0000,0.0000,0.0000,0.1273,0.1273,0.5077,0.5077,0.0000,0.0000,0.0000,0.0000
1791179137.2352,0.0200,0.2383,0.0000,0.0000,0.0000,0.0000,0.0000,0.0000,0.1273,0.1273,0.5077,0.5077,0.0000,0.0000,0.0000,0.0000
1791179137.2552,0.0200,0.2309,0.0000,0.0000,0.0000,0.0000,0.0000,0.0000,0.1273,0.1273,0.5077,0.5077,0.0000,0.0000,0.0000,0.0000
1791179137.2752,0.0200,0.2230,0.0000,0.0000,0.0000,0.0000,0.0000,0.0000,0.1273,0.1273,0.5077,0.5077,0.0000,0.0000,0.0000,0.0000
1791179137.2952,0.0200,0.2286,0.0000,0.0000,0.0000,0.0000,0.0000,0.0000,0.1273,0.1273,0.5077,0.5077,0.0000,0.0000,0.0000,0.0000
1791179137.3152,0.0200,0.2248,0.0000,0.0000,0.0000,0.0000,0.0000,0.0000,0.1273,0.1273,0.5077,0.5093,0.0000,0.0000,0.0000,0.0000
1791179137.3352,0.0200,0.2238,0.0000,0.0000,0.0000,0.0000,0.0000,0.0000,0.1273,0.1273,0.5077,0.5077,0.0000,0.0000,0.0000,0.0000
1791179137.3552,0.0200,0.2222,0.0000,0.0000,0.0000,0.0000,0.0000,0.0000,0.1273,0.1273,0.5077,0.5077,0.0000,0.0000,0.0000,0.0000
1791179137.3752,0.0200,0.2270,0.0000,0.0000,0.0000,0.0000,0.0000,0.0000,0.1273,0.1273,0.5077,0.5077,0.0000,0.0000,0.0000,0.0000
1791179137.3952,0.0200,0.2367,0.0000,0.0000,0.0000,0.0000,0.0000,0.0000,0.1273,0.1273,0.5077,0.5077,0.0000,0.0000,0.0000,0.0000
1791179137.4151,0.0200,0.2171,0.0000,0.0000,0.0000,0.0000,0.0000,0.0000,0.1273,0.1273,0.5077,0.5093,0.0000,0.0000,0.0000,0.0000
1791179137.4352,0.0200,0.2342,0.0000,0.0000,0.0000,0.0000,0.0000,0.0000,0.1273,0.1273,0.5077,0.5077,0.0000,0.0000,0.0000,0.0000
1791179137.4551,0.0200,0.2126,0.0000,0.0000,0.0000,0.0000,0.0000,0.0000,0.1273,0.1273,0.5077,0.5077,0.0000,0.0000,0.0000,0.0000
1791179137.4752,0.0200,0.3208,0.0000,0.0000,0.0000,0.0000,0.0000,0.0000,0.1273,0.1273,0.5077,0.5077,0.0000,0.0000,0.0000,0.0000
1791179137.4952,0.0200,0.2184,0.0000,0.0000,0.0000,0.0000,0.0000,0.0000,0.1273,0.1289,0.5077,0.5077,0.0000,0.0000,0.0000,0.0002
1791179137.5151,0.0200,0.2388,0.0000,0.0000,0.0000,0.0000,0.0000,0.0000,0.1273,0.1273,0.5077,0.5077,0.0000,0.0000,0.0000,0.0000
1791179137.5351,0.0200,0.1581,0.0000,0.0000,0.0000,0.0000,0.0000,0.0000,0.1273,0.1273,0.5077,0.5077,0.0000,0.0000,0.0000,0.0000
1791179137.5551,0.0200,0.2395,0.0000,0.0000,0.0000,0.0000,0.0000,0.0000,0.1273,0.1273,0.5077,0.5093,0.0000,0.0000,0.0000,0.0000
1791179137.5751,0.0200,0.1581,0.0000,0.0000,0.0000,0.0000,0.0000,0.0000,0.1273,0.1273,0.5077,0.5093,0.0000,0.0000,0.0000,0.0000
1791179137.5951,0.0200,0.2457,0.0000,0.0000,0.0000,0.0000,0.0000,0.0000,0.1273,0.1273,0.5077,0.5077,0.0000,0.0000,0.0000,0.0002
1791179137.6152,0.0200,0.3360,0.0000,0.0000,0.0000,0.0000,0.0000,0.0000,0.1273,0.1273,0.5077,0.5077,0.0000,0.0000,0.0000,0.0000
1791179137.6351,0.0200,0.2299,0.0000,0.0000,0.0000,0.0000,0.0000,0.0000,0.1273,0.1273,0.5077,0.5077,0.0000,0.0000,0.0000,0.0000
1791179137.6552,0.0200,0.2406,0.0000,0.0000,0.0000,0.0000,0.0000,0.0000,0.1273,0.1273,0.5077,0.5077,0.0000,0.0000,0.0000,0.0000
1791179137.6752,0.0200,0.2568,0.0000,0.0000,0.0000,0.0000,0.0000,0.0000,0.1273,0.1273,0.5077,0.5077,0.0000,0.0000,0.0000,0.0000
1791179137.6952,0.0200,0.2107,0.0000,0.0000,0.0000,0.0000,0.0000,0.0000,0.1273,0.1273,0.5077,0.5093,0.0000,0.0000,0.0000,0.0002
1791179137.7152,0.0200,0.2296,0.0000,0.0000,0.0000,0.0000,0.0000,0.0000,0.1273,0.1273,0.5077,0.5077,0.0000,0.0000,0.0000,0.0000
1791179137.7352,0.0200,0.1745,0.0000,0.0000,0.0000,0.0000,0.0000,0.0000,0.1273,0.1273,0.5077,0.5077,0.0000,0.0000,0.0000,0.0000
1791179137.7551,0.0200,0.2191,0.0000,0.0000,0.0000,0.0000,0.0000,0.0000,0.1273,0.1273,0.5077,0.5077,0.0000,0.0000,0.0000,0.0000
1791179137.7752,0.0200,0.2000,0.0000,0.0000,0.0000,0.0000,0.0000,0.0000,0.1273,0.1273,0.5077,0.5077,0.0000,0.0000,0.0000,0.0000
1791179137.7951,0.0200,0.2117,0.0000,0.0000,0.0000,0.0000,0.0000,0.0000,0.1273,0.1273,0.5077,0.5093,0.0000,0.0000,0.0000,0.0000
1791179137.8152,0.0200,0.2390,0.0000,0.0000,0.0000,0.0000,0.0000,0.0000,0.1273,0.1273,0.5077,0.5077,0.0000,0.0000,0.0000,0.0000
1791179137.8352,0.0200,0.1966,0.0000,0.0000,0.0000,0.0000,0.0000,0.0000,0.1273,0.1273,0.5077,0.5077,0.0000,0.0000,0.0000,0.0000
1791179137.8552,0.0200,0.2223,0.0000,0.0000,0.0000,0.0000,0.0000,0.0000,0.1273,0.1273,0.5077,0.5077,0.0000,0.0000,0.0000,0.0000
1791179137.8751,0.0200,0.2105,0.0000,0.0000,0.0000,0.0000,0.0000,0.0000,0.1273,0.1273,0.5077,0.5077,0.0000,0.0000,0.0000,0.0000
1791179137.8952,0.0200,0.2291,0.0000,0.0000,0.0000,0.0000,0.0000,0.0000,0.1273,0.1273,0.5077,0.5077,0.0000,0.0000,0.0000,-0.0002
1791179137.9152,0.0200,0.1630,0.0000,0.0000,0.0000,0.0000,0.0000,0.0000,0.1273,0.1273,0.5077,0.5077,0.0000,0.0000,0.0000,-0.0002
1791179137.9352,0.0200,0.2292,0.0000,0.0000,0.0000,0.0000,0.0000,0.0000,0.1273,0.1273,0.5077,0.5077,0.0000,0.0000,0.0000,0.0000
1791179137.9551,0.0200,0.1895,0.0000,0.0000,0.0000,0.0000,0.0000,0.0000,0.1273,0.1273,0.5077,0.5077,0.0000,0.0000,0.0000,0.0000
1791179137.9752,0.0200,0.2019,0.0000,0.0000,0.0000,0.0000,0.0000,0.0000,0.1273,0.1273,0.5077,0.5077,0.0000,0.0000,0.0000,-0.0002
1791179137.9952,0.0200,0.2423,0.0000,0.0000,0.0000,0.0000,0.0000,0.0000,0.1273,0.1273,0.5077,0.5077,0.0000,0.0000,0.0000,0.0000
1791179138.0152,0.0200,0.2069,0.0000,0.0000,0.0000,0.0000,0.0000,0.0000,0.1273,0.1273,0.5077,0.5077,0.0000,0.0000,0.0000,0.0000
1791179138.0352,0.0200,0.2200,0.0000,0.0000,0.0000,0.0000,0.0000,0.0000,0.1273,0.1273,0.5077,0.5093,0.0000,0.0000,0.0000,-0.0002
1791179138.0552,0.0200,0.1828,0.0000,0.0000,0.0000,0.0000,0.0000,0.0000,0.1273,0.1273,0.5077,0.5093,0.0000,0.0000,0.0000,0.0000
1791179138.0752,0.0200,0.1769,0.0000,0.0000,0.0000,0.0000,0.0000,0.0000,0.1273,0.1273,0.5077,0.5077,0.0000,0.0000,0.0000,0.0000
1791179138.0952,0.0200,0.1824,0.0000,0.0000,0.0000,0.0000,0.0000,0.0000,0.1273,0.1273,0.5077,0.5093,0.0000,0.0000,0.0000,-0.0002
1791179138.1152,0.0200,0.2593,0.0000,0.0000,0.0000,0.0000,0.0000,0.0000,0.1273,0.1273,0.5077,0.5093,0.0000,0.0000,0.0000,0.0000
1791179138.1352,0.0200,0.2917,0.0000,0.0000,0.0000,0.0000,0.0000,0.0000,0.1273,0.1273,0.5077,0.5077,0.0000,0.0000,0.0000,-0.0002
1791179138.1552,0.0200,0.2918,0.0000,0.0000,0.0000,0.0000,0.0000,0.0000,0.1273,0.1273,0.5077,0.5077,0.0000,0.0000,0.0000,0.0000
1791179138.1752,0.0200,0.2144,0.0000,0.0000,0.0000,0.0000,0.0000,0.0000,0.1273,0.1273,0.5077,0.5077,0.0000,0.0000,0.0000,0.0000
1791179138.1952,0.0200,0.2429,0.0000,0.0000,0.0000,0.0000,0.0000,0.0000,0.1273,0.1273,0.5077,0.5077,0.0000,0.0000,0.0000,-0.0002
1791179138.2152,0.0200,0.2108,0.0000,0.0000,0.0000,0.0000,0.0000,-0.0240,0.1273,0.1273,0.5077,0.5077,0.0000,-0.0004,-0.0028,-0.0002
1791179138.2351,0.0199,0.2089,0.0000,0.0000,0.0000,0.0000,0.0000,0.0000,0.1273,0.1273,0.5077,0.5077,0.0000,0.0000,0.0000,-0.0002
1791179138.2552,0.0200,0.2422,0.0000,0.0000,0.0000,0.0000,0.0000,0.0000,0.1273,0.1273,0.5077,0.5077,0.0000,0.0000,0.0000,-0.0002
1791179138.2752,0.0200,0.2450,0.0000,0.0000,0.0000,0.0000,0.0000,0.0000,0.1273,0.1289,0.5077,0.5077,0.0000,0.0000,0.0000,-0.0002
1791179138.2952,0.0200,0.2362,0.0000,0.0000,0.0000,0.0000,0.0000,0.0000,0.1273,0.1273,0.5077,0.5077,0.0000,0.0000,0.0000,-0.0002
1791179138.3152,0.0200,0.2328,0.0000,0.0000,0.0000,0.0000,0.0000,0.0000,0.1273,0.1273,0.5077,0.5077,0.0000,0.0000,0.0000,-0.0002
1791179138.3352,0.0200,0.2292,0.0000,0.0000,0.0000,0.0000,0.0000,0.0000,0.1273,0.1273,0.5077,0.5077,0.0000,0.0000,0.0000,-0.0002
1791179138.3552,0.0200,0.2249,0.0000,0.0000,0.0000,0.0000,0.0000,0.0000,0.1273,0.1273,0.5077,0.5077,0.0000,0.0000,0.0000,-0.0002
1791179138.3752,0.0200,0.2272,0.0000,0.0000,0.0000,0.0000,0.0000,0.0000,0.1273,0.1273,0.5077,0.5077,0.0000,0.0000,0.0000,-0.0002
1791179138.3952,0.0200,0.2251,0.0000,0.0000,0.0000,0.0000,0.0000,0.0000,0.1273,0.1273,0.5077,0.5077,0.0000,0.0000,0.0000,-0.0002
1791179138.4152,0.0200,0.2283,0.0000,0.0000,0.0000,0.0000,0.0000,0.0000,0.1273,0.1273,0.5077,0.5077,0.0000,0.0000,0.0000,-0.0002
1791179138.4352,0.0200,0.2256,0.0000,0.0000,0.0000,0.0000,0.0000,0.0000,0.1273,0.1273,0.5077,0.5093,0.0000,0.0000,0.0000,-0.0002
1791179138.4552,0.0200,0.2353,0.0000,0.0000,0.0000,0.0000,0.0000,0.0000,0.1273,0.1273,0.5077,0.5093,0.0000,0.0000,0.0000,-0.0002
1791179138.4751,0.0200,0.1991,0.0000,0.0000,0.0000,0.0000,0.0000,0.0000,0.1273,0.1273,0.5077,0.5077,0.0000,0.0000,0.0000,-0.0002
1791179138.4951,0.0200,0.1989,0.0000,0.0000,0.0000,0.0000,0.0000,0.0000,0.1273,0.1273,0.5077,0.5077,0.0000,0.0000,0.0000,-0.0002
1791179138.5152,0.0201,0.2206,0.0000,0.0000,0.0000,0.0000,0.0000,0.0000,0.1273,0.1273,0.5077,0.5077,0.0000,0.0000,0.0000,-0.0002
1791179138.5351,0.0200,0.2486,0.0000,0.0000,0.0000,0.0000,0.0000,0.0000,0.1273,0.1273,0.5077,0.5093,0.0000,0.0000,0.0000,-0.0002
1791179138.5551,0.0200,0.1856,0.0000,0.0000,0.0000,0.0000,0.0000,0.0000,0.1273,0.1273,0.5077,0.5077,0.0000,0.0000,0.0000,-0.0002
1791179138.5751,0.0200,0.2377,0.0000,0.0000,0.0000,0.0000,0.0000,0.0000,0.1273,0.1273,0.5077,0.5077,0.0000,0.0000,0.0000,-0.0002
1791179138.5952,0.0200,0.2425,0.0000,0.0000,0.0000,0.0000,0.0000,0.0000,0.1273,0.1273,0.5077,0.5077,0.0000,0.0000,0.0000,0.0000
1791179138.6151,0.0200,0.2213,0.0000,0.0000,0.0000,0.0000,0.0000,0.0240,0.1273,0.1273,0.5077,0.5077,0.0000,0.0004,0.0028,-0.0002
1791179138.6351,0.0200,0.2099,0.0000,0.0000,0.0000,0.0000,0.0000,0.0000,0.1273,0.1273,0.5077,0.5077,0.0000,0.0000,0.0000,0.0000
1791179138.6552,0.0200,0.2146,0.0000,0.0000,0.0000,0.0000,0.0000,0.0000,0.1273,0.1273,0.5077,0.5093,0.0000,0.0000,0.0000,-0.0002
1791179138.6752,0.0200,0.1996,0.0000,0.0000,0.0000,0.0000,0.0000,0.0000,0.1273,0.1273,0.5077,0.5077,0.0000,0.0000,0.0000,-0.0002
1791179138.6951,0.0200,0.2191,0.0000,0.0000,0.0000,0.0000,0.0000,0.0000,0.1273,0.1273,0.5077,0.5077,0.0000,0.0000,0.0000,-0.0002
1791179138.7152,0.0200,0.1981,0.0000,0.0000,0.0000,0.0000,0.0000,0.0000,0.1273,0.1273,0.5077,0.5077,0.0000,0.0000,0.0000,-0.0002
1791179138.7351,0.0200,0.2169,0.0000,0.0000,0.0000,0.0000,0.0000,0.0000,0.1273,0.1273,0.5077,0.5093,0.0000,0.0000,0.0000,0.0000
1791179138.7552,0.0200,0.2342,0.0000,0.0000,0.0000,0.0000,0.0000,0.0000,0.1273,0.1273,0.5077,0.5077,0.0000,0.0000,0.0000,-0.0002
1791179138.7752,0.0200,0.2155,0.0000,0.0000,0.0000,0.0000,0.0000,0.0000,0.1273,0.1273,0.5077,0.5077,0.0000,0.0000,0.0000,-0.0004
1791179138.7952,0.0200,0.2012,0.0000,0.0000,0.0000,0.0000,0.0000,0.0000,0.1273,0.1273,0.5077,0.5077,0.0000,0.0000,0.0000,-0.0002
1791179138.8152,0.0200,0.2410,0.0000,0.0000,0.0000,0.0000,0.0000,0.0000,0.1273,0.1273,0.5077,0.5077,0.0000,0.0000,0.0000,-0.0004
1791179138.8352,0.0200,0.2383,0.0000,0.0000,0.0000,0.0000,0.0000,0.0000,0.1273,0.1273,0.5077,0.5077,0.0000,0.0000,0.0000,-0.0004
1791179138.8552,0.0200,0.2099,0.0000,0.0000,0.0000,0.0000,0.0000,0.0000,0.1273,0.1273,0.5077,0.5077,0.0000,0.0000,0.0000,-0.0004
1791179138.8752,0.0200,0.2270,0.0000,0.0000,0.0000,0.0000,0.0000,0.0000,0.1273,0.1273,0.5077,0.5077,0.0000,0.0000,0.0000,-0.0002
1791179138.8951,0.0200,0.2169,0.0000,0.0000,0.0000,0.0000,0.0000,0.0000,0.1273,0.1273,0.5077,0.5077,0.0000,0.0000,0.0000,-0.0002
1791179138.9152,0.0200,0.2328,0.0000,0.0000,0.0000,0.0000,0.0000,0.0000,0.1273,0.1273,0.5077,0.5077,0.0000,0.0000,0.0000,-0.0004
1791179138.9352,0.0200,0.1687,0.0000,0.0000,0.0000,0.0000,0.0000,0.0000,0.1273,0.1273,0.5077,0.5077,0.0000,0.0000,0.0000,-0.0004
1791179138.9551,0.0200,0.2575,0.0000,0.0000,0.0000,-0.0240,0.0000,0.0000,0.1273,0.1289,0.5077,0.5077,0.0000,-0.0004,0.0028,0.0000
1791179138.9752,0.0200,0.2165,0.0000,0.0000,0.0000,-0.0240,0.0000,0.0000,0.1273,0.1289,0.5077,0.5093,0.0000,-0.0004,0.0028,0.0000
1791179138.9952,0.0200,0.2335,0.0000,0.0000,0.0000,0.0000,0.0000,0.0000,0.1273,0.1273,0.5077,0.5077,0.0000,0.0000,0.0000,0.0000
1791179139.0152,0.0200,0.1812,0.0000,0.0000,0.0000,0.0000,0.0000,0.0000,0.1273,0.1273,0.5077,0.5077,0.0000,0.0000,0.0000,0.0000
1791179139.0351,0.0200,0.1935,0.0000,0.0000,0.0000,0.0000,0.0000,0.0000,0.1273,0.1273,0.5077,0.5093,0.0000,0.0000,0.0000,0.0000
1791179139.0552,0.0200,0.2406,0.0000,0.0000,0.0000,0.0000,0.0000,0.0000,0.1273,0.1273,0.5077,0.5077,0.0000,0.0000,0.0000,0.0000
1791179139.0752,0.0200,0.2327,0.0000,0.0000,0.0000,0.0000,0.0000,0.0000,0.1273,0.1273,0.5077,0.5077,0.0000,0.0000,0.0000,-0.0002
1791179139.0952,0.0200,0.3238,0.0000,0.0000,0.0000,0.0000,0.0000,0.0000,0.1273,0.1273,0.5077,0.5077,0.0000,0.0000,0.0000,-0.0002
1791179139.1152,0.0200,0.2891,0.0000,0.0000,0.0000,0.0000,0.0000,0.0000,0.1273,0.1273,0.5077,0.5077,0.0000,0.0000,0.0000,-0.0002
1791179139.1352,0.0200,0.2107,0.0000,0.0000,0.0000,0.0000,0.0000,0.0000,0.1273,0.1273,0.5077,0.5077,0.0000,0.0000,0.0000,-0.0002
1791179139.1551,0.0199,0.2003,0.0000,0.0000,0.0000,0.0000,0.0000,0.0000,0.1273,0.1273,0.5077,0.5077,0.0000,0.0000,0.0000,0.0000
1791179139.1752,0.0200,0.2401,0.0000,0.0000,0.0000,0.0000,0.0000,0.0000,0.1273,0.1289,0.5077,0.5077,0.0000,0.0000,0.0000,0.0000
1791179139.1952,0.0200,0.3134,0.0000,0.0000,0.0000,0.0000,0.0000,0.0000,0.1273,0.1273,0.5077,0.5093,0.0000,0.0000,0.0000,0.0000
1791179139.2152,0.0200,0.2109,0.0000,0.0000,0.0000,0.0000,0.0000,0.0000,0.1273,0.1273,0.5077,0.5077,0.0000,0.0000,0.0000,0.0000
1791179139.2351,0.0199,0.2124,0.0000,0.0000,0.0000,0.0000,0.0000,0.0000,0.1273,0.1273,0.5077,0.5077,0.0000,0.0000,0.0000,-0.0002
1791179139.2552,0.0200,0.2317,0.0000,0.0000,0.0000,0.0000,0.0000,0.0000,0.1273,0.1273,0.5077,0.5093,0.0000,0.0000,0.0000,-0.0002
1791179139.2752,0.0200,0.2277,0.0000,0.0000,0.0000,0.0000,0.0000,0.0000,0.1273,0.1273,0.5077,0.5077,0.0000,0.0000,0.0000,-0.0002
1791179139.2952,0.0200,0.2252,0.0000,0.0000,0.0000,0.0000,0.0000,0.0000,0.1273,0.1273,0.5077,0.5093,0.0000,0.0000,0.0000,-0.0002
1791179139.3152,0.0200,0.2235,0.0000,0.0000,0.0000,0.0000,0.0000,0.0000,0.1273,0.1273,0.5077,0.5093,0.0000,0.0000,0.0000,0.0000
1791179139.3352,0.0200,0.2312,0.0000,0.0000,0.0000,0.0000,0.0000,0.0000,0.1273,0.1273,0.5077,0.5093,0.0000,0.0000,0.0000,-0.0002
1791179139.3552,0.0200,0.2254,0.0000,0.0000,0.0000,0.0000,0.0000,0.0000,0.1273,0.1273,0.5077,0.5093,0.0000,0.0000,0.0000,-0.0002
1791179139.3752,0.0200,0.2212,0.0000,0.0000,0.0000,0.0000,0.0000,0.0000,0.1273,0.1273,0.5077,0.5077,0.0000,0.0000,0.0000,-0.0002
1791179139.3952,0.0200,0.2247,0.0000,0.0000,0.0000,0.0000,0.0000,0.0000,0.1273,0.1273,0.5077,0.5077,0.0000,0.0000,0.0000,-0.0002
1791179139.4152,0.0200,0.2217,0.0000,0.0000,0.0000,0.0000,0.0000,0.0000,0.1273,0.1273,0.5077,0.5077,0.0000,0.0000,0.0000,0.0000
1791179139.4352,0.0200,0.2258,0.0000,0.0000,0.0000,0.0000,0.0000,0.0000,0.1273,0.1273,0.5077,0.5077,0.0000,0.0000,0.0000,-0.0002
1791179139.4552,0.0200,0.2270,0.0000,0.0000,0.0000,0.0000,0.0000,0.0000,0.1273,0.1273,0.5077,0.5093,0.0000,0.0000,0.0000,-0.0002
1791179139.4752,0.0200,0.2360,0.0000,0.0000,0.0000,0.0000,0.0000,0.0000,0.1273,0.1273,0.5077,0.5077,0.0000,0.0000,0.0000,-0.0002
1791179139.4951,0.0200,0.1899,0.0000,0.0000,0.0000,0.0000,0.0000,0.0000,0.1273,0.1273,0.5077,0.5077,0.0000,0.0000,0.0000,-0.0002
1791179139.5151,0.0200,0.1835,0.0000,0.0000,0.0000,0.0000,0.0000,0.0000,0.1273,0.1273,0.5077,0.5093,0.0000,0.0000,0.0000,-0.0002
1791179139.5352,0.0200,0.2503,0.0000,0.0000,0.0000,0.0000,0.0000,0.0000,0.1273,0.1273,0.5077,0.5077,0.0000,0.0000,0.0000,-0.0004
1791179139.5552,0.0200,0.2427,0.0000,0.0000,0.0000,0.0000,0.0000,0.0000,0.1273,0.1273,0.5077,0.5077,0.0000,0.0000,0.0000,-0.0002
1791179139.5751,0.0200,0.1806,0.0000,0.0000,0.0000,0.0000,0.0000,0.0000,0.1273,0.1273,0.5077,0.5077,0.0000,0.0000,0.0000,0.0000
1791179139.5951,0.0200,0.2395,0.0000,0.0000,0.0000,0.0000,0.0000,0.0000,0.1273,0.1273,0.5077,0.5077,0.0000,0.0000,0.0000,-0.0002
1791179139.6151,0.0200,0.2148,0.0000,0.0000,0.0000,0.0000,0.0000,0.0000,0.1273,0.1273,0.5077,0.5077,0.0000,0.0000,0.0000,-0.0002
1791179139.6351,0.0200,0.1829,0.0000,0.0000,0.0000,0.0000,0.0000,0.0000,0.1273,0.1273,0.5077,0.5077,0.0000,0.0000,0.0000,-0.0002
1791179139.6551,0.0200,0.2404,0.0000,0.0000,0.0000,0.0000,0.0000,0.0000,0.1273,0.1273,0.5077,0.5093,0.0000,0.0000,0.0000,-0.0004
1791179139.6752,0.0200,0.2047,0.0000,0.0000,0.0000,0.0000,0.0000,0.0000,0.1273,0.1273,0.5077,0.5093,0.0000,0.0000,0.0000,-0.0002
1791179139.6952,0.0200,0.2327,0.0000,0.0000,0.0000,0.0000,0.0000,0.0000,0.1273,0.1273,0.5077,0.5077,0.0000,0.0000,0.0000,-0.0002
1791179139.7152,0.0200,0.2286,0.0000,0.0000,0.0000,0.0000,0.0000,0.0000,0.1273,0.1273,0.5077,0.5077,0.0000,0.0000,0.0000,0.0000
1791179139.7352,0.0200,0.2270,0.0000,0.0000,0.0000,0.0000,0.0000,0.0000,0.1273,0.1273,0.5077,0.5077,0.0000,0.0000,0.0000,0.0000
1791179139.7551,0.0200,0.2371,0.0000,0.0000,0.0000,0.0000,0.0000,0.0000,0.1273,0.1273,0.5077,0.5093,0.0000,0.0000,0.0000,-0.0002
1791179139.7751,0.0200,0.1902,0.0000,0.0000,0.0000,0.0000,0.0000,0.0000,0.1273,0.1273,0.5077,0.5077,0.0000,0.0000,0.0000,-0.0002
1791179139.7952,0.0200,0.2415,0.0000,0.0000,0.0000,0.0000,0.0000,0.0000,0.1273,0.1273,0.5077,0.5077,0.0000,0.0000,0.0000,-0.0002
1791179139.8152,0.0200,0.2085,0.0000,0.0000,0.0000,0.0000,0.0000,0.0000,0.1273,0.1273,0.5077,0.5093,0.0000,0.0000,0.0000,-0.0002
1791179139.8352,0.0200,0.3180,0.0000,0.0000,0.0000,0.0000,0.0000,0.0000,0.1273,0.1273,0.5077,0.5093,0.0000,0.0000,0.0000,0.0000
1791179139.8552,0.0200,0.2449,0.0000,0.0000,0.0000,0.0000,0.0000,0.0000,0.1273,0.1273,0.5077,0.5093,0.0000,0.0000,0.0000,-0.0002
1791179139.8752,0.0200,0.1671,0.0000,0.0000,0.0000,0.0000,0.0000,0.0000,0.1273,0.1273,0.5077,0.5077,0.0000,0.0000,0.0000,-0.0002
1791179139.8951,0.0200,0.1882,0.0000,0.0000,0.0000,0.0000,0.0000,0.0000,0.1273,0.1273,0.5077,0.5093,0.0000,0.0000,0.0000,-0.0002
1791179139.9151,0.0200,0.2384,0.0000,0.0000,0.0000,0.0000,0.0000,0.0000,0.1273,0.1289,0.5077,0.5077,0.0000,0.0000,0.0000,-0.0004
1791179139.9352,0.0200,0.1617,0.0000,0.0000,0.0000,0.0000,0.0000,0.0000,0.1273,0.1273,0.5077,0.5077,0.0000,0.0000,0.0000,-0.0002
1791179139.9552,0.0200,0.2357,0.0000,0.0000,0.0000,0.0000,0.0000,0.0000,0.1273,0.1273,0.5077,0.5077,0.0000,0.0000,0.0000,-0.0002
1791179139.9752,0.0200,0.2004,0.0000,0.0000,0.0000,0.0000,0.0000,0.0000,0.1273,0.1273,0.5077,0.5077,0.0000,0.0000,0.0000,-0.0002
1791179139.9952,0.0200,0.2301,0.0000,0.0000,0.0000,0.0000,0.0000,0.0000,0.1273,0.1273,0.5077,0.5093,0.0000,0.0000,0.0000,-0.0002
1791179140.0152,0.0200,0.1653,0.0000,0.0000,0.0000,0.0000,0.0000,0.0000,0.1273,0.1273,0.5077,0.5077,0.0000,0.0000,0.0000,0.0000
1791179140.0352,0.0200,0.1867,0.0000,0.0000,0.0000,0.0000,0.0000,0.0000,0.1273,0.1273,0.5077,0.5093,0.0000,0.0000,0.0000,-0.0002
1791179140.0552,0.0200,0.1974,0.0000,0.0000,0.0000,0.0000,0.0000,0.0000,0.1273,0.1273,0.5077,0.5077,0.0000,0.0000,0.0000,-0.0002
1791179140.0751,0.0200,0.1585,0.0000,0.0000,0.0000,0.0000,0.0000,0.0000,0.1273,0.1273,0.5077,0.5093,0.0000,0.0000,0.0000,-0.0002
1791179140.0952,0.0200,0.1940,0.0000,0.0000,0.0000,0.0000,0.0000,0.0000,0.1273,0.1273,0.5077,0.5077,0.0000,0.0000,0.0000,0.0000
1791179140.1152,0.0200,0.2374,0.0000,0.0000,0.0000,0.0000,0.0000,0.0000,0.1273,0.1273,0.5077,0.5077,0.0000,0.0000,0.0000,-0.0002
1791179140.1352,0.0200,0.2265,0.0000,0.0000,0.0000,0.0000,0.0000,0.0000,0.1273,0.1273,0.5077,0.5077,0.0000,0.0000,0.0000,-0.0002
1791179140.1552,0.0200,0.3070,0.0000,0.0000,0.0000,0.0000,0.0000,0.0000,0.1273,0.1289,0.5077,0.5077,0.0000,0.0000,0.0000,-0.0002
1791179140.1752,0.0200,0.2342,0.0000,0.0000,0.0000,0.0000,0.0000,0.0000,0.1273,0.1273,0.5077,0.5077,0.0000,0.0000,0.0000,-0.0004
1791179140.1952,0.0200,0.2014,0.0000,0.0000,0.0000,0.0000,0.0000,0.0000,0.1273,0.1273,0.5077,0.5077,0.0000,0.0000,0.0000,-0.0002
1791179140.2152,0.0200,0.2271,0.0000,0.0000,0.0000,0.0000,0.0000,0.0000,0.1273,0.1273,0.5077,0.5077,0.0000,0.0000,0.0000,0.0000
1791179140.2352,0.0200,0.2375,0.0000,0.0000,0.0000,0.0000,0.0000,0.0000,0.1273,0.1273,0.5077,0.5077,0.0000,0.0000,0.0000,-0.0002
1791179140.2552,0.0200,0.2263,0.0000,0.0000,0.0000,0.0000,0.0000,0.0000,0.1273,0.1273,0.5077,0.5077,0.0000,0.0000,0.0000,-0.0002
1791179140.2752,0.0200,0.2284,0.0000,0.0000,0.0000,0.0000,0.0000,0.0000,0.1273,0.1273,0.5077,0.5077,0.0000,0.0000,0.0000,0.0000
1791179140.2952,0.0200,0.2306,0.0000,0.0000,0.0000,0.0000,0.0000,0.0000,0.1273,0.1273,0.5077,0.5077,0.0000,0.0000,0.0000,-0.0002
1791179140.3152,0.0200,0.2224,0.0000,0.0000,0.0000,0.0000,0.0000,0.0000,0.1273,0.1273,0.5077,0.5093,0.0000,0.0000,0.0000,0.0000
1791179140.3352,0.0200,0.2248,0.0000,0.0000,0.0000,0.0000,0.0000,0.0000,0.1273,0.1273,0.5077,0.5093,0.0000,0.0000,0.0000,-0.0002
1791179140.3552,0.0200,0.2273,0.0000,0.0000,0.0000,0.0000,0.0000,0.0000,0.1273,0.1273,0.5077,0.5093,0.0000,0.0000,0.0000,-0.0002
1791179140.3752,0.0200,0.2228,0.0000,0.0000,0.0000,0.0000,0.0000,0.0000,0.1273,0.1273,0.5077,0.5077,0.0000,0.0000,0.0000,-0.0002
1791179140.3952,0.0200,0.2243,0.0000,0.0000,0.0000,0.0000,0.0000,0.0000,0.1273,0.1273,0.5077,0.5077,0.0000,0.0000,0.0000,-0.0004
1791179140.4152,0.0200,0.2345,0.0000,0.0000,0.0000,0.0000,0.0000,0.0000,0.1273,0.1273,0.5077,0.5093,0.0000,0.0000,0.0000,-0.0002
1791179140.4352,0.0200,0.2260,0.0000,0.0000,0.0000,0.0000,0.0000,0.0000,0.1273,0.1273,0.5077,0.5077,0.0000,0.0000,0.0000,0.0000
1791179140.4552,0.0200,0.2242,0.0000,0.0000,0.0000,0.0000,0.0000,0.0000,0.1273,0.1273,0.5077,0.5077,0.0000,0.0000,0.0000,-0.0002
1791179140.4752,0.0200,0.2229,0.0000,0.0000,0.0000,0.0000,0.0000,0.0000,0.1273,0.1273,0.5077,0.5077,0.0000,0.0000,0.0000,-0.0002
1791179140.4951,0.0200,0.2300,0.0000,0.0000,0.0000,0.0000,0.0000,0.0000,0.1273,0.1273,0.5077,0.5077,0.0000,0.0000,0.0000,-0.0002
1791179140.5151,0.0200,0.1529,0.0000,0.0000,0.0000,0.0000,0.0000,0.0000,0.1273,0.1273,0.5077,0.5093,0.0000,0.0000,0.0000,-0.0002
1791179140.5351,0.0200,0.1805,0.0000,0.0000,0.0000,0.0000,0.0000,0.0000,0.1273,0.1273,0.5077,0.5093,0.0000,0.0000,0.0000,-0.0004
1791179140.5551,0.0200,0.2098,0.0000,0.0000,0.0000,0.0000,0.0000,0.0000,0.1273,0.1273,0.5077,0.5077,0.0000,0.0000,0.0000,-0.0002
1791179140.5752,0.0201,0.1668,0.0000,0.0000,0.0000,0.0000,0.0000,0.0000,0.1273,0.1273,0.5077,0.5077,0.0000,0.0000,0.0000,0.0000
1791179140.5952,0.0200,0.2400,0.0000,0.0000,0.0000,0.0000,0.0000,0.0000,0.1273,0.1273,0.5077,0.5093,0.0000,0.0000,0.0000,-0.0002
1791179140.6152,0.0200,0.2222,0.0000,0.0000,0.0000,0.0000,0.0000,0.0000,0.1273,0.1273,0.5077,0.5077,0.0000,0.0000,0.0000,-0.0002
1791179140.6352,0.0200,0.2429,0.0000,0.0000,0.0000,0.0000,0.0000,0.0000,0.1273,0.1273,0.5077,0.5093,0.0000,0.0000,0.0000,-0.0002
1791179140.6551,0.0200,0.2152,0.0000,0.0000,0.0000,0.0000,0.0000,0.0000,0.1273,0.1273,0.5077,0.5077,0.0000,0.0000,0.0000,-0.0002
1791179140.6751,0.0200,0.2156,0.0000,0.0000,0.0000,0.0000,0.0000,0.0000,0.1273,0.1273,0.5077,0.5093,0.0000,0.0000,0.0000,-0.0002
1791179140.6953,0.0201,0.1974,0.0000,0.0000,0.0000,0.0000,0.0000,0.0000,0.1273,0.1273,0.5077,0.5093,0.0000,0.0000,0.0000,-0.0002
1791179140.7152,0.0199,0.2058,0.0000,0.0000,0.0000,0.0000,0.0000,0.0000,0.1273,0.1273,0.5077,0.5077,0.0000,0.0000,0.0000,-0.0002
1791179140.7353,0.0201,0.1696,0.0000,0.0000,0.0000,0.0000,0.0000,0.0000,0.1273,0.1289,0.5077,0.5077,0.0000,0.0000,0.0000,-0.0002
1791179140.7551,0.0199,0.2158,0.0000,0.0000,0.0000,0.0000,0.0000,0.0000,0.1273,0.1273,0.5077,0.5093,0.0000,0.0000,0.0000,-0.0002
1791179140.7753,0.0201,0.2370,0.0000,0.0000,0.0000,0.0000,0.0000,0.0000,0.1273,0.1273,0.5077,0.5077,0.0000,0.0000,0.0000,-0.0002
1791179140.7952,0.0199,0.2097,0.0000,0.0000,0.0000,0.0000,0.0000,0.0000,0.1273,0.1273,0.5077,0.5077,0.0000,0.0000,0.0000,-0.0004
1791179140.8152,0.0200,0.1717,0.0000,0.0000,0.0000,0.0000,0.0000,0.0000,0.1273,0.1273,0.5077,0.5093,0.0000,0.0000,0.0000,-0.0002
1791179140.8352,0.0200,0.2400,0.0000,0.0000,0.0000,-0.0240,0.0000,0.0000,0.1273,0.1273,0.5077,0.5077,0.0000,-0.0004,0.0028,0.0000
1791179140.8552,0.0200,0.2325,0.0000,0.0000,0.0000,0.0000,0.0000,0.0000,0.1273,0.1273,0.5077,0.5077,0.0000,0.0000,0.0000,-0.0002
1791179140.8751,0.0199,0.1970,0.0000,0.0000,0.0000,0.0000,0.0000,0.0000,0.1273,0.1273,0.5077,0.5093,0.0000,0.0000,0.0000,0.0000
1791179140.8951,0.0200,0.1673,0.0000,0.0000,0.0000,0.0000,0.0000,0.0000,0.1273,0.1273,0.5077,0.5077,0.0000,0.0000,0.0000,-0.0002
1791179140.9151,0.0200,0.2922,0.0000,0.0000,0.0000,0.0000,0.0000,0.0000,0.1273,0.1273,0.5077,0.5077,0.0000,0.0000,0.0000,-0.0002
1791179140.9352,0.0201,0.2105,0.0000,0.0000,0.0000,0.0000,0.0000,0.0000,0.1273,0.1273,0.5077,0.5093,0.0000,0.0000,0.0000,0.0000
1791179140.9552,0.0200,0.2224,0.0000,0.0000,0.0000,0.0000,0.0000,0.0000,0.1273,0.1273,0.5077,0.5077,0.0000,0.0000,0.0000,0.0000
1791179140.9752,0.0200,0.2355,0.0000,0.0000,0.0000,0.0000,0.0000,0.0000,0.1273,0.1273,0.5077,0.5077,0.0000,0.0000,0.0000,0.0000
1791179140.9952,0.0200,0.1798,0.0000,0.0000,0.0000,0.0000,0.0000,0.0000,0.1273,0.1273,0.5077,0.5077,0.0000,0.0000,0.0000,0.0000
1791179141.0151,0.0200,0.1827,0.0000,0.0000,0.0000,0.0000,0.0000,0.0000,0.1273,0.1289,0.5077,0.5093,0.0000,0.0000,0.0000,0.0000
1791179141.0351,0.0200,0.2322,0.0000,0.0000,0.0000,0.0000,0.0000,0.0000,0.1273,0.1273,0.5077,0.5077,0.0000,0.0000,0.0000,0.0000
1791179141.0552,0.0200,0.2396,0.0000,0.0000,0.0000,0.0000,0.0000,0.0000,0.1273,0.1273,0.5077,0.5077,0.0000,0.0000,0.0000,-0.0002
1791179141.0752,0.0200,0.2358,0.0000,0.0000,0.0000,0.0000,0.0000,0.0000,0.1273,0.1273,0.5077,0.5093,0.0000,0.0000,0.0000,0.0000
1791179141.0952,0.0200,0.2116,0.0000,0.0000,0.0000,0.0000,0.0000,0.0000,0.1273,0.1273,0.5077,0.5077,0.0000,0.0000,0.0000,-0.0002
1791179141.1152,0.0200,0.2348,0.0000,0.0000,0.0000,0.0000,0.0000,0.0000,0.1273,0.1273,0.5077,0.5093,0.0000,0.0000,0.0000,-0.0004
1791179141.1352,0.0200,0.1978,0.0000,0.0000,0.0000,0.0000,0.0000,0.0000,0.1273,0.1289,0.5077,0.5077,0.0000,0.0000,0.0000,0.0000
1791179141.1551,0.0200,0.2125,0.0000,0.0000,0.0000,0.0000,0.0000,0.0000,0.1273,0.1273,0.5077,0.5077,0.0000,0.0000,0.0000,-0.0002
1791179141.1752,0.0200,0.2354,0.0000,0.0000,0.0000,0.0000,0.0000,0.0000,0.1273,0.1273,0.5077,0.5077,0.0000,0.0000,0.0000,0.0000
1791179141.1952,0.0200,0.2279,0.0000,0.0000,0.0000,0.0000,0.0000,0.0000,0.1273,0.1273,0.5077,0.5077,0.0000,0.0000,0.0000,0.0000
1791179141.2152,0.0200,0.1997,0.0000,0.0000,0.0000,0.0000,0.0000,0.0000,0.1273,0.1273,0.5077,0.5077,0.0000,0.0000,0.0000,0.0000
1791179141.2351,0.0200,0.2935,0.0000,0.0000,0.0000,0.0000,0.0000,0.0000,0.1273,0.1273,0.5077,0.5093,0.0000,0.0000,0.0000,-0.0002
1791179141.2552,0.0200,0.2120,0.0000,0.0000,0.0000,0.0000,0.0000,0.0000,0.1273,0.1273,0.5077,0.5077,0.0000,0.0000,0.0000,0.0000
1791179141.2752,0.0200,0.2373,0.0000,0.0000,0.0000,0.0000,0.0000,0.0000,0.1273,0.1273,0.5077,0.5093,0.0000,0.0000,0.0000,0.0000
1791179141.2952,0.0200,0.2085,0.0000,0.0000,0.0000,0.0000,0.0000,0.0000,0.1273,0.1273,0.5077,0.5093,0.0000,0.0000,0.0000,-0.0002
1791179141.3152,0.0200,0.3042,0.0000,0.0000,0.0000,0.0000,0.0000,0.0000,0.1273,0.1273,0.5077,0.5077,0.0000,0.0000,0.0000,-0.0002
1791179141.3352,0.0200,0.2566,0.0000,0.0000,0.0000,0.0000,0.0000,0.0000,0.1273,0.1273,0.5077,0.5077,0.0000,0.0000,0.0000,0.0000
1791179141.3552,0.0200,0.2376,0.0000,0.0000,0.0000,0.0000,0.0000,0.0000,0.1273,0.1273,0.5077,0.5093,0.0000,0.0000,0.0000,0.0000
1791179141.3752,0.0200,0.2387,0.0000,0.0000,0.0000,0.0000,0.0000,0.0000,0.1273,0.1273,0.5077,0.5077,0.0000,0.0000,0.0000,0.0000
1791179141.3951,0.0200,0.2185,0.0000,0.0000,0.0000,0.0000,0.0000,0.0000,0.1273,0.1273,0.5077,0.5093,0.0000,0.0000,0.0000,-0.0002
1791179141.4152,0.0200,0.3367,0.0000,0.0000,0.0000,0.0000,0.0000,0.0000,0.1273,0.1273,0.5077,0.5093,0.0000,0.0000,0.0000,-0.0002
1791179141.4352,0.0200,0.2287,0.0000,0.0000,0.0000,0.0000,0.0000,0.0000,0.1273,0.1273,0.5077,0.5077,0.0000,0.0000,0.0000,-0.0002
1791179141.4552,0.0200,0.2394,0.0000,0.0000,0.0000,0.0000,0.0000,0.0000,0.1273,0.1273,0.5077,0.5077,0.0000,0.0000,0.0000,-0.0002
1791179141.4752,0.0200,0.2359,0.0000,0.0000,0.0000,0.0000,0.0000,0.0000,0.1273,0.1273,0.5077,0.5093,0.0000,0.0000,0.0000,-0.0002
1791179141.4951,0.0200,0.1919,0.0000,0.0000,0.0000,0.0000,0.0000,0.0000,0.1273,0.1273,0.5077,0.5093,0.0000,0.0000,0.0000,-0.0002
1791179141.5151,0.0200,0.2451,0.0000,0.0000,0.0000,0.0000,0.0000,0.0000,0.1273,0.1273,0.5077,0.5093,0.0000,0.0000,0.0000,-0.0004
1791179141.5351,0.0200,0.1895,0.0000,0.0000,0.0000,0.0000,0.0000,0.0000,0.1273,0.1273,0.5077,0.5077,0.0000,0.0000,0.0000,-0.0004
1791179141.5551,0.0200,0.1822,0.0000,0.0000,0.0000,0.0000,0.0000,0.0000,0.1273,0.1273,0.5077,0.5077,0.0000,0.0000,0.0000,-0.0004
1791179141.5751,0.0200,0.1847,0.0000,0.0000,0.0000,0.0000,0.0000,0.0000,0.1273,0.1273,0.5077,0.5093,0.0000,0.0000,0.0000,-0.0002
1791179141.5951,0.0200,0.1883,0.0000,0.0000,0.0000,0.0000,0.0000,0.0000,0.1273,0.1273,0.5077,0.5077,0.0000,0.0000,0.0000,0.0000
1791179141.6151,0.0200,0.2433,0.0000,0.0000,0.0000,0.0000,0.0000,0.0000,0.1273,0.1273,0.5077,0.5093,0.0000,0.0000,0.0000,-0.0002
1791179141.6351,0.0200,0.2124,0.0000,0.0000,0.0000,0.0000,0.0000,0.0000,0.1273,0.1273,0.5077,0.5077,0.0000,0.0000,0.0000,-0.0004
1791179141.6551,0.0200,0.2356,0.0000,0.0000,0.0000,0.0000,0.0000,0.0000,0.1273,0.1273,0.5077,0.5077,0.0000,0.0000,0.0000,-0.0002
1791179141.6751,0.0200,0.2132,0.0000,0.0000,0.0000,0.0000,0.0000,0.0000,0.1273,0.1273,0.5077,0.5077,0.0000,0.0000,0.0000,-0.0002
1791179141.6952,0.0200,0.2349,0.0000,0.0000,0.0000,0.0000,0.0000,0.0000,0.1273,0.1273,0.5077,0.5077,0.0000,0.0000,0.0000,-0.0002
1791179141.7152,0.0200,0.2255,0.0000,0.0000,0.0000,0.0000,0.0000,0.0000,0.1273,0.1273,0.5077,0.5093,0.0000,0.0000,0.0000,-0.0002
1791179141.7352,0.0200,0.2230,0.0000,0.0000,0.0000,0.0000,0.0000,0.0000,0.1273,0.1273,0.5077,0.5077,0.0000,0.0000,0.0000,-0.0002
1791179141.7552,0.0200,0.2311,0.0000,0.0000,0.0000,0.0000,0.0000,0.0000,0.1273,0.1273,0.5077,0.5077,0.0000,0.0000,0.0000,-0.0002
1791179141.7752,0.0200,0.2313,0.0000,0.0000,0.0000,0.0000,0.0000,0.0000,0.1273,0.1273,0.5077,0.5093,0.0000,0.0000,0.0000,0.0000
1791179141.7952,0.0200,0.2147,0.0000,0.0000,0.0000,0.0000,0.0000,0.0000,0.1273,0.1273,0.5077,0.5077,0.0000,0.0000,0.0000,-0.0002
1791179141.8152,0.0200,0.2403,0.0000,0.0000,0.0000,0.0000,0.0000,0.0000,0.1273,0.1273,0.5077,0.5077,0.0000,0.0000,0.0000,-0.0004
1791179141.8352,0.0200,0.2868,0.0000,0.0000,0.0000,0.0000,0.0000,0.0000,0.1273,0.1273,0.5077,0.5077,0.0000,0.0000,0.0000,-0.0002
1791179141.8553,0.0201,0.2041,0.0000,0.0000,0.0000,0.0000,0.0000,0.0000,0.1273,0.1273,0.5077,0.5077,0.0000,0.0000,0.0000,-0.0004
1791179141.8752,0.0199,0.1666,0.0000,0.0000,0.0000,0.0000,0.0000,0.0000,0.1273,0.1273,0.5077,0.5093,0.0000,0.0000,0.0000,-0.0002
1791179141.8952,0.0200,0.2500,0.0000,0.0000,0.0000,0.0000,0.0000,0.0000,0.1273,0.1273,0.5077,0.5093,0.0000,0.0000,0.0000,-0.0002
1791179141.9152,0.0200,0.2170,0.0000,0.0000,0.0000,0.0000,0.0000,0.0000,0.1273,0.1273,0.5077,0.5077,0.0000,0.0000,0.0000,-0.0002
1791179141.9352,0.0200,0.2351,0.0000,0.0000,0.0000,0.0000,0.0000,0.0000,0.1273,0.1273,0.5077,0.5093,0.0000,0.0000,0.0000,-0.0002
1791179141.9552,0.0200,0.2385,0.0000,0.0000,0.0000,0.0000,0.0000,0.0000,0.1273,0.1273,0.5077,0.5077,0.0000,0.0000,0.0000,-0.0002
1791179141.9752,0.0200,0.2324,0.0000,0.0000,0.0000,0.0000,0.0000,0.0000,0.1273,0.1273,0.5077,0.5077,0.0000,0.0000,0.0000,-0.0002
1791179141.9952,0.0200,0.1998,0.0000,0.0000,0.0000,0.0000,0.0000,0.0000,0.1273,0.1273,0.5077,0.5093,0.0000,0.0000,0.0000,-0.0002
1791179142.0152,0.0200,0.2370,0.0000,0.0000,0.0000,0.0000,0.0000,0.0000,0.1273,0.1289,0.5077,0.5077,0.0000,0.0000,0.0000,-0.0002
1791179142.0352,0.0200,0.2259,0.0000,0.0000,0.0000,0.0000,0.0000,0.0000,0.1273,0.1273,0.5077,0.5093,0.0000,0.0000,0.0000,-0.0002
1791179142.0552,0.0200,0.1689,0.0000,0.0000,0.0000,0.0000,0.0000,0.0000,0.1273,0.1273,0.5077,0.5077,0.0000,0.0000,0.0000,-0.0002
1791179142.0752,0.0200,0.1873,0.0000,0.0000,0.0000,0.0000,0.0000,0.0000,0.1273,0.1273,0.5077,0.5093,0.0000,0.0000,0.0000,-0.0002
1791179142.0951,0.0200,0.1530,0.0000,0.0000,0.0000,0.0000,0.0000,0.0000,0.1273,0.1273,0.5077,0.5093,0.0000,0.0000,0.0000,0.0000
1791179142.1152,0.0200,0.2745,0.0000,0.0000,0.0000,0.0000,0.0000,0.0000,0.1273,0.1273,0.5077,0.5093,0.0000,0.0000,0.0000,0.0000
1791179142.1352,0.0200,0.2898,0.0000,0.0000,0.0000,0.0000,0.0000,0.0000,0.1273,0.1273,0.5077,0.5077,0.0000,0.0000,0.0000,-0.0002
1791179142.1552,0.0200,0.2148,0.0000,0.0000,0.0000,0.0000,0.0000,0.0000,0.1273,0.1273,0.5077,0.5093,0.0000,0.0000,0.0000,-0.0002
1791179142.1752,0.0200,0.2306,0.0000,0.0000,0.0000,0.0000,0.0000,0.0000,0.1273,0.1273,0.5077,0.5093,0.0000,0.0000,0.0000,0.0000
1791179142.1952,0.0200,0.1991,0.0000,0.0000,0.0000,0.0000,0.0000,0.0000,0.1273,0.1273,0.5077,0.5077,0.0000,0.0000,0.0000,-0.0002
1791179142.2151,0.0200,0.2141,0.0000,0.0000,0.0000,0.0000,0.0000,0.0000,0.1273,0.1273,0.5077,0.5077,0.0000,0.0000,0.0000,-0.0002
1791179142.2352,0.0200,0.3189,0.0000,0.0000,0.0000,0.0000,0.0000,0.0000,0.1273,0.1273,0.5077,0.5077,0.0000,0.0000,0.0000,-0.0002
1791179142.2552,0.0200,0.2762,0.0000,0.0000,0.0000,0.0000,0.0000,0.0000,0.1273,0.1273,0.5077,0.5093,0.0000,0.0000,0.0000,-0.0002
1791179142.2751,0.0200,0.2349,0.0000,0.0000,0.0000,0.0000,0.0000,0.0000,0.1273,0.1273,0.5077,0.5077,0.0000,0.0000,0.0000,-0.0002
1791179142.2952,0.0200,0.2485,0.0000,0.0000,0.0000,0.0000,0.0000,0.0000,0.1273,0.1273,0.5077,0.5077,0.0000,0.0000,0.0000,-0.0002
1791179142.3152,0.0200,0.2453,0.0000,0.0000,0.0000,0.0000,0.0000,0.0000,0.1273,0.1273,0.5077,0.5077,0.0000,0.0000,0.0000,-0.0004
1791179142.3352,0.0200,0.2724,0.0000,0.0000,0.0000,0.0000,0.0000,0.0000,0.1273,0.1273,0.5077,0.5093,0.0000,0.0000,0.0000,0.0000
1791179142.3552,0.0200,0.2478,0.0000,0.0000,0.0000,0.0000,0.0000,0.0000,0.1273,0.1273,0.5077,0.5077,0.0000,0.0000,0.0000,-0.0002
1791179142.3752,0.0200,0.2407,0.0000,0.0000,0.0000,0.0000,0.0000,0.0000,0.1273,0.1273,0.5077,0.5077,0.0000,0.0000,0.0000,-0.0002
1791179142.3952,0.0200,0.2562,0.0000,0.0000,0.0000,0.0000,0.0000,0.0000,0.1273,0.1273,0.5077,0.5093,0.0000,0.0000,0.0000,-0.0002
1791179142.4152,0.0200,0.2550,0.0000,0.0000,0.0000,0.0000,0.0000,0.0000,0.1273,0.1273,0.5077,0.5093,0.0000,0.0000,0.0000,-0.0002
1791179142.4352,0.0200,0.2415,0.0000,0.0000,0.0000,0.0000,0.0000,0.0000,0.1273,0.1273,0.5077,0.5093,0.0000,0.0000,0.0000,-0.0004
1791179142.4552,0.0200,0.2575,0.0000,0.0000,0.0000,0.0000,0.0000,0.0000,0.1273,0.1289,0.5077,0.5077,0.0000,0.0000,0.0000,0.0000
1791179142.4752,0.0200,0.2509,0.0000,0.0000,0.0000,0.0000,0.0000,0.0000,0.1273,0.1273,0.5077,0.5077,0.0000,0.0000,0.0000,-0.0002
1791179142.4951,0.0200,0.1845,0.0000,0.0000,0.0000,0.0000,0.0000,0.0000,0.1273,0.1273,0.5077,0.5077,0.0000,0.0000,0.0000,-0.0002
1791179142.5151,0.0200,0.1879,0.0000,0.0000,0.0000,0.0000,0.0000,0.0000,0.1273,0.1273,0.5077,0.5077,0.0000,0.0000,0.0000,-0.0002
1791179142.5351,0.0200,0.1888,0.0000,0.0000,0.0000,0.0000,0.0000,0.0000,0.1273,0.1273,0.5077,0.5093,0.0000,0.0000,0.0000,-0.0002
1791179142.5551,0.0200,0.1844,0.0000,0.0000,0.0000,0.0000,0.0000,0.0000,0.1273,0.1273,0.5077,0.5077,0.0000,0.0000,0.0000,-0.0002
1791179142.5751,0.0200,0.1885,0.0000,0.0000,0.0000,0.0000,0.0000,0.0000,0.1273,0.1273,0.5077,0.5077,0.0000,0.0000,0.0000,-0.0002
1791179142.5951,0.0200,0.1875,0.0000,0.0000,0.0000,0.0000,0.0000,0.0000,0.1273,0.1273,0.5077,0.5077,0.0000,0.0000,0.0000,-0.0002
1791179142.6152,0.0200,0.2555,0.0000,0.0000,0.0000,0.0000,0.0000,0.0000,0.1273,0.1273,0.5077,0.5077,0.0000,0.0000,0.0000,0.0000
1791179142.6352,0.0200,0.2397,0.0000,0.0000,0.0000,0.0000,0.0000,0.0000,0.1273,0.1273,0.5077,0.5077,0.0000,0.0000,0.0000,-0.0004
1791179142.6551,0.0200,0.2109,0.0000,0.0000,0.0000,0.0000,0.0000,0.0000,0.1273,0.1273,0.5077,0.5077,0.0000,0.0000,0.0000,-0.0002
1791179142.6751,0.0200,0.2153,0.0000,0.0000,0.0000,0.0000,0.0000,0.0000,0.1273,0.1273,0.5077,0.5077,0.0000,0.0000,0.0000,-0.0002
1791179142.6952,0.0200,0.2152,0.0000,0.0000,0.0000,0.0000,0.0000,0.0000,0.1273,0.1273,0.5077,0.5093,0.0000,0.0000,0.0000,-0.0002
1791179142.7152,0.0200,0.2364,0.0000,0.0000,0.0000,0.0000,0.0000,0.0000,0.1273,0.1273,0.5077,0.5093,0.0000,0.0000,0.0000,-0.0002
1791179142.7352,0.0200,0.2322,0.0000,0.0000,0.0000,0.0000,0.0000,0.0000,0.1273,0.1273,0.5077,0.5077,0.0000,0.0000,0.0000,-0.0002
1791179142.7552,0.0200,0.2339,0.0000,0.0000,0.0000,0.0000,0.0000,0.0000,0.1273,0.1273,0.5077,0.5077,0.0000,0.0000,0.0000,-0.0002
1791179142.7752,0.0200,0.2259,0.0000,0.0000,0.0000,0.0000,0.0000,0.0000,0.1273,0.1273,0.5077,0.5093,0.0000,0.0000,0.0000,-0.0002
1791179142.7952,0.0200,0.1692,0.0000,0.0000,0.0000,0.0000,0.0000,0.0000,0.1273,0.1273,0.5077,0.5077,0.0000,0.0000,0.0000,-0.0002
1791179142.8152,0.0200,0.2415,0.0000,0.0000,0.0000,0.0000,0.0000,0.0000,0.1273,0.1273,0.5077,0.5077,0.0000,0.0000,0.0000,-0.0004
1791179142.8352,0.0200,0.2346,0.0000,0.0000,0.0000,0.0000,0.0000,0.0000,0.1273,0.1273,0.5077,0.5093,0.0000,0.0000,0.0000,-0.0004
1791179142.8552,0.0200,0.1690,0.0000,0.0000,0.0000,0.0000,0.0000,0.0000,0.1273,0.1273,0.5077,0.5077,0.0000,0.0000,0.0000,-0.0002
1791179142.8752,0.0200,0.2388,0.0000,0.0000,0.0000,0.0000,0.0000,0.0000,0.1273,0.1273,0.5077,0.5077,0.0000,0.0000,0.0000,-0.0004
1791179142.8952,0.0200,0.2300,0.0000,0.0000,0.0000,0.0000,0.0000,0.0000,0.1273,0.1273,0.5077,0.5093,0.0000,0.0000,0.0000,-0.0002
1791179142.9152,0.0200,0.1823,0.0000,0.0000,0.0000,0.0000,0.0000,0.0000,0.1273,0.1273,0.5077,0.5077,0.0000,0.0000,0.0000,-0.0004
1791179142.9351,0.0200,0.2207,0.0000,0.0000,0.0000,0.0000,0.0000,0.0000,0.1273,0.1273,0.5077,0.5077,0.0000,0.0000,0.0000,-0.0002
1791179142.9552,0.0200,0.2361,0.0000,0.0000,0.0000,0.0000,0.0000,0.0000,0.1273,0.1273,0.5077,0.5077,0.0000,0.0000,0.0000,-0.0004
1791179142.9752,0.0200,0.1797,0.0000,0.0000,0.0000,0.0000,0.0000,0.0000,0.1273,0.1273,0.5077,0.5093,0.0000,0.0000,0.0000,-0.0002
1791179142.9951,0.0200,0.2160,0.0000,0.0000,0.0000,0.0000,0.0000,0.0000,0.1273,0.1273,0.5077,0.5077,0.0000,0.0000,0.0000,0.0000
1791179143.0152,0.0200,0.2399,0.0000,0.0000,0.0000,0.0000,0.0000,0.0000,0.1273,0.1273,0.5077,0.5093,0.0000,0.0000,0.0000,-0.0002
1791179143.0352,0.0200,0.1771,0.0000,0.0000,0.0000,0.0000,0.0000,0.0000,0.1273,0.1273,0.5077,0.5077,0.0000,0.0000,0.0000,-0.0004
1791179143.0551,0.0200,0.1799,0.0000,0.0000,0.0000,0.0000,0.0000,0.0000,0.1273,0.1273,0.5077,0.5077,0.0000,0.0000,0.0000,-0.0002
1791179143.0752,0.0200,0.3327,0.0000,0.0000,0.0000,0.0000,0.0000,0.0000,0.1273,0.1273,0.5077,0.5093,0.0000,0.0000,0.0000,-0.0002
1791179143.0952,0.0200,0.2100,0.0000,0.0000,0.0000,0.0000,0.0000,0.0000,0.1273,0.1273,0.5077,0.5077,0.0000,0.0000,0.0000,-0.0002
1791179143.1152,0.0200,0.2374,0.0000,0.0000,0.0000,0.0000,0.0000,0.0000,0.1273,0.1273,0.5077,0.5077,0.0000,0.0000,0.0000,-0.0002
1791179143.1352,0.0200,0.2005,0.0000,0.0000,0.0000,0.0000,0.0000,0.0000,0.1273,0.1273,0.5077,0.5093,0.0000,0.0000,0.0000,-0.0002
1791179143.1552,0.0200,0.3097,0.0000,0.0000,0.0000,0.0000,0.0000,0.0000,0.1273,0.1273,0.5077,0.5093,0.0000,0.0000,0.0000,-0.0002
1791179143.1752,0.0200,0.2529,0.0000,0.0000,0.0000,0.0000,0.0000,0.0000,0.1273,0.1273,0.5077,0.5093,0.0000,0.0000,0.0000,-0.0002
1791179143.1952,0.0200,0.2086,0.0000,0.0000,0.0000,0.0000,0.0000,0.0000,0.1273,0.1273,0.5077,0.5077,0.0000,0.0000,0.0000,-0.0002
1791179143.2151,0.0199,0.2198,0.0000,0.0000,0.0000,0.0000,0.0000,0.0000,0.1273,0.1273,0.5077,0.5093,0.0000,0.0000,0.0000,-0.0002
1791179143.2352,0.0200,0.2317,0.0000,0.0000,0.0000,0.0000,0.0000,0.0000,0.1273,0.1273,0.5077,0.5077,0.0000,0.0000,0.0000,-0.0002
1791179143.2552,0.0200,0.2029,0.0000,0.0000,0.0000,0.0000,0.0000,0.0000,0.1273,0.1273,0.5077,0.5077,0.0000,0.0000,0.0000,-0.0004
1791179143.2751,0.0200,0.2134,0.0000,0.0000,0.0000,0.0000,0.0000,0.0000,0.1273,0.1273,0.5077,0.5077,0.0000,0.0000,0.0000,-0.0002
1791179143.2952,0.0200,0.2058,0.0000,0.0000,0.0000,0.0000,0.0000,0.0000,0.1273,0.1273,0.5077,0.5093,0.0000,0.0000,0.0000,-0.0002
1791179143.3151,0.0200,0.2184,0.0000,0.0000,0.0000,0.0000,0.0000,0.0000,0.1273,0.1273,0.5077,0.5077,0.0000,0.0000,0.0000,-0.0004
1791179143.3352,0.0200,0.2364,0.0000,0.0000,0.0000,0.0000,0.0000,0.0000,0.1273,0.1273,0.5077,0.5077,0.0000,0.0000,0.0000,-0.0002
1791179143.3552,0.0200,0.2075,0.0000,0.0000,0.0000,0.0000,0.0000,0.0000,0.1273,0.1273,0.5077,0.5077,0.0000,0.0000,0.0000,-0.0002
1791179143.3752,0.0200,0.2382,0.0000,0.0000,0.0000,0.0000,0.0000,0.0000,0.1273,0.1273,0.5077,0.5093,0.0000,0.0000,0.0000,0.0000
1791179143.3952,0.0200,0.2393,0.0000,0.0000,0.0000,0.0000,0.0000,0.0000,0.1273,0.1289,0.5077,0.5077,0.0000,0.0000,0.0000,-0.0004
1791179143.4152,0.0200,0.2559,0.0000,0.0000,0.0000,0.0000,0.0000,0.0000,0.1273,0.1273,0.5077,0.5093,0.0000,0.0000,0.0000,-0.0002
1791179143.4352,0.0200,0.2577,0.0000,0.0000,0.0000,0.0000,0.0000,0.0000,0.1273,0.1273,0.5077,0.5077,0.0000,0.0000,0.0000,-0.0002
1791179143.4552,0.0200,0.2544,0.0000,0.0000,0.0000,0.0000,0.0000,0.0000,0.1273,0.1273,0.5077,0.5077,0.0000,0.0000,0.0000,-0.0002
1791179143.4752,0.0200,0.2533,0.0000,0.0000,0.0000,0.0000,0.0000,0.0000,0.1273,0.1273,0.5077,0.5093,0.0000,0.0000,0.0000,-0.0002
1791179143.4952,0.0200,0.2542,0.0000,0.0000,0.0000,0.0000,0.0000,0.0000,0.1273,0.1273,0.5077,0.5093,0.0000,0.0000,0.0000,-0.0002
1791179143.5152,0.0200,0.2477,0.0000,0.0000,0.0000,0.0000,0.0000,0.0000,0.1273,0.1273,0.5077,0.5077,0.0000,0.0000,0.0000,-0.0002
1791179143.5351,0.0200,0.1836,0.0000,0.0000,0.0000,0.0000,0.0000,0.0000,0.1273,0.1273,0.5077,0.5077,0.0000,0.0000,0.0000,0.0000
1791179143.5551,0.0200,0.2450,0.0000,0.0000,0.0000,0.0000,0.0000,0.0000,0.1273,0.1273,0.5077,0.5077,0.0000,0.0000,0.0000,-0.0002
1791179143.5751,0.0200,0.1829,0.0000,0.0000,0.0000,0.0000,0.0000,0.0000,0.1273,0.1273,0.5077,0.5077,0.0000,0.0000,0.0000,-0.0004
1791179143.5951,0.0200,0.1948,0.0000,0.0000,0.0000,0.0000,0.0000,0.0000,0.1273,0.1273,0.5077,0.5077,0.0000,0.0000,0.0000,-0.0002
1791179143.6151,0.0200,0.2468,0.0000,0.0000,0.0000,0.0000,0.0000,0.0000,0.1273,0.1273,0.5077,0.5077,0.0000,0.0000,0.0000,-0.0004
1791179143.6351,0.0200,0.2183,0.0000,0.0000,0.0000,0.0000,0.0000,0.0000,0.1273,0.1273,0.5077,0.5093,0.0000,0.0000,0.0000,-0.0002
1791179143.6551,0.0200,0.2384,0.0000,0.0000,0.0000,0.0000,0.0000,0.0000,0.1273,0.1273,0.5077,0.5093,0.0000,0.0000,0.0000,-0.0002
1791179143.6751,0.0200,0.2119,0.0000,0.0000,0.0000,0.0000,0.0000,0.0000,0.1273,0.1273,0.5077,0.5077,0.0000,0.0000,0.0000,-0.0002
1791179143.6951,0.0200,0.2394,0.0000,0.0000,0.0000,0.0000,0.0000,0.0000,0.1273,0.1273,0.5077,0.5077,0.0000,0.0000,0.0000,-0.0002
1791179143.7152,0.0200,0.2296,0.0000,0.0000,0.0000,0.0000,0.0000,0.0000,0.1273,0.1273,0.5077,0.5093,0.0000,0.0000,0.0000,-0.0004
1791179143.7352,0.0200,0.2242,0.0000,0.0000,0.0000,0.0000,0.0000,0.0000,0.1273,0.1273,0.5077,0.5077,0.0000,0.0000,0.0000,-0.0002
1791179143.7552,0.0200,0.2374,0.0000,0.0000,0.0000,0.0000,0.0000,0.0000,0.1273,0.1273,0.5077,0.5077,0.0000,0.0000,0.0000,0.0000
1791179143.7752,0.0200,0.2371,0.0000,0.0000,0.0000,0.0000,0.0000,0.0000,0.1273,0.1273,0.5077,0.5093,0.0000,0.0000,0.0000,-0.0004
1791179143.7952,0.0200,0.2072,0.0000,0.0000,0.0000,0.0000,0.0000,0.0000,0.1273,0.1273,0.5077,0.5077,0.0000,0.0000,0.0000,-0.0002
1791179143.8152,0.0200,0.2372,0.0000,0.0000,0.0000,0.0000,0.0000,0.0000,0.1273,0.1273,0.5077,0.5077,0.0000,0.0000,0.0000,-0.0002
1791179143.8352,0.0200,0.2300,0.0000,0.0000,0.0000,0.0000,0.0000,0.0000,0.1273,0.1273,0.5077,0.5093,0.0000,0.0000,0.0000,-0.0002
1791179143.8552,0.0200,0.2280,0.0000,0.0000,0.0000,0.0000,0.0000,0.0000,0.1273,0.1273,0.5077,0.5093,0.0000,0.0000,0.0000,-0.0002
1791179143.8752,0.0200,0.2276,0.0000,0.0000,0.0000,0.0000,0.0000,0.0000,0.1273,0.1273,0.5077,0.5093,0.0000,0.0000,0.0000,-0.0002
1791179143.8952,0.0200,0.2264,0.0000,0.0000,0.0000,0.0000,0.0000,0.0000,0.1273,0.1273,0.5077,0.5077,0.0000,0.0000,0.0000,-0.0002
1791179143.9152,0.0200,0.2270,0.0000,0.0000,0.0000,0.0000,0.0000,0.0000,0.1273,0.1273,0.5077,0.5077,0.0000,0.0000,0.0000,-0.0002
1791179143.9352,0.0200,0.1809,0.0000,0.0000,0.0000,0.0000,0.0000,0.0000,0.1273,0.1273,0.5077,0.5093,0.0000,0.0000,0.0000,-0.0002
1791179143.9552,0.0200,0.2230,0.0000,0.0000,0.0000,0.0000,0.0000,0.0000,0.1273,0.1273,0.5077,0.5077,0.0000,0.0000,0.0000,-0.0002
1791179143.9752,0.0200,0.2947,0.0000,0.0000,0.0000,0.0000,0.0000,0.0000,0.1273,0.1273,0.5077,0.5077,0.0000,0.0000,0.0000,-0.0002
1791179143.9951,0.0200,0.2215,0.0000,0.0000,0.0000,0.0000,0.0000,0.0000,0.1273,0.1273,0.5077,0.5077,0.0000,0.0000,0.0000,-0.0002
1791179144.0152,0.0200,0.2326,0.0000,0.0000,0.0000,0.0000,0.0000,0.0000,0.1273,0.1273,0.5077,0.5077,0.0000,0.0000,0.0000,-0.0002
1791179144.0352,0.0200,0.2327,0.0000,0.0000,0.0000,0.0000,0.0000,0.0000,0.1273,0.1273,0.5077,0.5077,0.0000,0.0000,0.0000,-0.0004
1791179144.0552,0.0200,0.2358,0.0000,0.0000,0.0000,0.0000,0.0000,0.0000,0.1273,0.1273,0.5077,0.5077,0.0000,0.0000,0.0000,-0.0002
1791179144.0752,0.0200,0.2431,0.0000,0.0000,0.0000,0.0000,0.0000,0.0000,0.1273,0.1273,0.5077,0.5093,0.0000,0.0000,0.0000,-0.0002
1791179144.0952,0.0200,0.2325,0.0000,0.0000,0.0000,0.0000,0.0000,0.0000,0.1273,0.1273,0.5077,0.5093,0.0000,0.0000,0.0000,-0.0002
1791179144.1152,0.0200,0.3305,0.0000,0.0000,0.0000,0.0000,0.0000,0.0000,0.1273,0.1273,0.5077,0.5093,0.0000,0.0000,0.0000,-0.0002
1791179144.1352,0.0200,0.2884,0.0000,0.0000,0.0000,0.0000,0.0000,0.0000,0.1273,0.1273,0.5077,0.5077,0.0000,0.0000,0.0000,-0.0002
1791179144.1552,0.0200,0.2040,0.0000,0.0000,0.0000,0.0000,0.0000,0.0000,0.1273,0.1273,0.5077,0.5077,0.0000,0.0000,0.0000,-0.0002
1791179144.1751,0.0200,0.2174,0.0000,0.0000,0.0000,0.0000,0.0000,0.0000,0.1273,0.1273,0.5077,0.5077,0.0000,0.0000,0.0000,-0.0002
1791179144.1952,0.0200,0.2328,0.0000,0.0000,0.0000,0.0000,0.0000,0.0000,0.1273,0.1273,0.5077,0.5077,0.0000,0.0000,0.0000,-0.0002
1791179144.2152,0.0200,0.2055,0.0000,0.0000,0.0000,0.0000,0.0000,0.0000,0.1273,0.1273,0.5077,0.5093,0.0000,0.0000,0.0000,-0.0002
1791179144.2351,0.0200,0.2128,0.0000,0.0000,0.0000,0.0000,0.0000,0.0000,0.1273,0.1273,0.5077,0.5077,0.0000,0.0000,0.0000,-0.0004
1791179144.2552,0.0200,0.2340,0.0000,0.0000,0.0000,0.0000,0.0000,0.0000,0.1273,0.1273,0.5077,0.5093,0.0000,0.0000,0.0000,-0.0002
1791179144.2752,0.0200,0.2354,0.0000,0.0000,0.0000,0.0000,0.0000,0.0000,0.1273,0.1273,0.5077,0.5077,0.0000,0.0000,0.0000,-0.0002
1791179144.2952,0.0200,0.2268,0.0000,0.0000,0.0000,0.0000,0.0000,0.0000,0.1273,0.1273,0.5077,0.5077,0.0000,0.0000,0.0000,-0.0002
1791179144.3152,0.0200,0.2299,0.0000,0.0000,0.0000,0.0000,0.0000,0.0000,0.1273,0.1273,0.5077,0.5077,0.0000,0.0000,0.0000,-0.0002
1791179144.3352,0.0200,0.2285,0.0000,0.0000,0.0000,0.0000,0.0000,0.0000,0.1273,0.1273,0.5077,0.5077,0.0000,0.0000,0.0000,-0.0002
1791179144.3552,0.0200,0.2022,0.0000,0.0000,0.0000,0.0000,0.0000,0.0000,0.1273,0.1273,0.5077,0.5093,0.0000,0.0000,0.0000,-0.0002
1791179144.3752,0.0200,0.2404,0.0000,0.0000,0.0000,0.0000,0.0000,0.0000,0.1273,0.1273,0.5077,0.5093,0.0000,0.0000,0.0000,-0.0002
1791179144.3952,0.0200,0.2359,0.0000,0.0000,0.0000,0.0000,0.0000,0.0000,0.1273,0.1273,0.5077,0.5093,0.0000,0.0000,0.0000,-0.0002
1791179144.4152,0.0200,0.2419,0.0000,0.0000,0.0000,0.0000,0.0000,0.0000,0.1273,0.1273,0.5077,0.5077,0.0000,0.0000,0.0000,-0.0002
1791179144.4352,0.0200,0.2394,0.0000,0.0000,0.0000,0.0000,0.0000,0.0000,0.1273,0.1273,0.5077,0.5093,0.0000,0.0000,0.0000,-0.0004
1791179144.4552,0.0200,0.2369,0.0000,0.0000,0.0000,0.0000,0.0000,0.0000,0.1273,0.1273,0.5077,0.5093,0.0000,0.0000,0.0000,-0.0002
1791179144.4752,0.0200,0.2381,0.0000,0.0000,0.0000,0.0000,0.0000,0.0000,0.1273,0.1273,0.5077,0.5093,0.0000,0.0000,0.0000,-0.0002
1791179144.4952,0.0200,0.2377,0.0000,0.0000,0.0000,0.0000,0.0000,0.0000,0.1273,0.1273,0.5077,0.5093,0.0000,0.0000,0.0000,-0.0002
1791179144.5151,0.0200,0.1837,0.0000,0.0000,0.0000,0.0000,0.0000,0.0000,0.1273,0.1273,0.5077,0.5077,0.0000,0.0000,0.0000,-0.0002
1791179144.5351,0.0200,0.2416,0.0000,0.0000,0.0000,0.0000,0.0000,0.0000,0.1273,0.1289,0.5077,0.5077,0.0000,0.0000,0.0000,-0.0002
1791179144.5551,0.0200,0.1834,0.0000,0.0000,0.0000,0.0000,0.0000,0.0000,0.1273,0.1273,0.5077,0.5077,0.0000,0.0000,0.0000,-0.0004
1791179144.5751,0.0200,0.2435,0.0000,0.0000,0.0000,0.0000,0.0000,0.0000,0.1273,0.1289,0.5077,0.5077,0.0000,0.0000,0.0000,-0.0002
1791179144.5951,0.0200,0.1872,0.0000,0.0000,0.0000,0.0000,0.0000,0.0000,0.1273,0.1273,0.5077,0.5093,0.0000,0.0000,0.0000,-0.0002
1791179144.6151,0.0200,0.2399,0.0000,0.0000,0.0000,0.0000,0.0000,0.0000,0.1273,0.1273,0.5077,0.5077,0.0000,0.0000,0.0000,-0.0002
1791179144.6351,0.0200,0.2113,0.0000,0.0000,0.0000,0.0000,0.0000,0.0000,0.1273,0.1273,0.5077,0.5077,0.0000,0.0000,0.0000,-0.0002
1791179144.6551,0.0200,0.2509,0.0000,0.0000,0.0000,0.0000,0.0000,0.0000,0.1273,0.1273,0.5077,0.5077,0.0000,0.0000,0.0000,-0.0002
1791179144.6751,0.0200,0.2451,0.0000,0.0000,0.0000,0.0000,0.0000,0.0000,0.1273,0.1273,0.5077,0.5093,0.0000,0.0000,0.0000,-0.0004
1791179144.6951,0.0200,0.2161,0.0000,0.0000,0.0000,0.0000,0.0000,0.0000,0.1273,0.1273,0.5077,0.5077,0.0000,0.0000,0.0000,-0.0002
1791179144.7152,0.0200,0.2417,0.0000,0.0000,0.0000,0.0000,0.0000,0.0000,0.1273,0.1273,0.5077,0.5077,0.0000,0.0000,0.0000,-0.0002
1791179144.7352,0.0200,0.2325,0.0000,0.0000,0.0000,0.0000,0.0000,0.0000,0.1273,0.1273,0.5077,0.5077,0.0000,0.0000,0.0000,-0.0002
1791179144.7551,0.0200,0.2163,0.0000,0.0000,0.0000,0.0000,0.0000,0.0000,0.1273,0.1273,0.5077,0.5077,0.0000,0.0000,0.0000,-0.0002
1791179144.7752,0.0200,0.2425,0.0000,0.0000,0.0000,0.0000,0.0000,0.0000,0.1273,0.1273,0.5077,0.5093,0.0000,0.0000,0.0000,-0.0002
1791179144.7951,0.0200,0.2283,0.0000,0.0000,0.0000,0.0000,0.0000,0.0000,0.1273,0.1273,0.5077,0.5077,0.0000,0.0000,0.0000,-0.0002
1791179144.8152,0.0200,0.1759,0.0000,0.0000,0.0000,0.0000,0.0000,0.0000,0.1273,0.1273,0.5077,0.5077,0.0000,0.0000,0.0000,-0.0002
1791179144.8352,0.0200,0.2330,0.0000,0.0000,0.0000,0.0000,0.0000,0.0000,0.1273,0.1273,0.5077,0.5093,0.0000,0.0000,0.0000,-0.0004
1791179144.8552,0.0200,0.2273,0.0000,0.0000,0.0000,0.0000,0.0000,0.0000,0.1273,0.1273,0.5077,0.5077,0.0000,0.0000,0.0000,-0.0002
1791179144.8752,0.0200,0.2294,0.0000,0.0000,0.0000,0.0000,0.0000,0.0000,0.1273,0.1289,0.5077,0.5077,0.0000,0.0000,0.0000,-0.0002
1791179144.8952,0.0200,0.2275,0.0000,0.0000,0.0000,0.0000,0.0000,0.0000,0.1273,0.1273,0.5077,0.5093,0.0000,0.0000,0.0000,-0.0002
1791179144.9152,0.0200,0.2265,0.0000,0.0000,0.0000,0.0000,0.0000,0.0000,0.1273,0.1273,0.5077,0.5077,0.0000,0.0000,0.0000,-0.0002
1791179144.9352,0.0200,0.1755,0.0000,0.0000,0.0000,0.0000,0.0000,0.0000,0.1273,0.1273,0.5077,0.5077,0.0000,0.0000,0.0000,-0.0002
1791179144.9552,0.0200,0.2291,0.0000,0.0000,0.0000,0.0000,0.0000,0.0000,0.1273,0.1273,0.5077,0.5077,0.0000,0.0000,0.0000,-0.0002
1791179144.9751,0.0200,0.1921,0.0000,0.0000,0.0000,0.0000,0.0000,0.0000,0.1273,0.1273,0.5077,0.5077,0.0000,0.0000,0.0000,-0.0002
1791179144.9951,0.0200,0.2129,0.0000,0.0000,0.0000,0.0000,0.0000,0.0000,0.1273,0.1273,0.5077,0.5077,0.0000,0.0000,0.0000,-0.0002
1791179145.0152,0.0200,0.1794,0.0000,0.0000,0.0000,0.0000,0.0000,0.0000,0.1273,0.1273,0.5077,0.5077,0.0000,0.0000,0.0000,-0.0002
1791179145.0352,0.0200,0.2221,0.0000,0.0000,0.0000,0.0000,0.0000,0.0000,0.1273,0.1273,0.5077,0.5093,0.0000,0.0000,0.0000,-0.0002
1791179145.0552,0.0200,0.1833,0.0000,0.0000,0.0000,0.0000,0.0000,0.0000,0.1273,0.1289,0.5077,0.5077,0.0000,0.0000,0.0000,-0.0004
1791179145.0752,0.0200,0.1865,0.0000,0.0000,0.0000,0.0000,0.0000,0.0000,0.1273,0.1273,0.5077,0.5077,0.0000,0.0000,0.0000,-0.0002
1791179145.0952,0.0200,0.1853,0.0000,0.0000,0.0000,0.0000,0.0000,0.0000,0.1273,0.1273,0.5077,0.5077,0.0000,0.0000,0.0000,-0.0004
1791179145.1152,0.0200,0.2595,0.0000,0.0000,0.0000,0.0000,0.0000,0.0000,0.1273,0.1273,0.5077,0.5077,0.0000,0.0000,0.0000,-0.0002
1791179145.1352,0.0200,0.2142,0.0000,0.0000,0.0000,0.0000,0.0000,0.0000,0.1273,0.1289,0.5077,0.5093,0.0000,0.0000,0.0000,-0.0002
1791179145.1551,0.0200,0.2549,0.0000,0.0000,0.0000,0.0000,0.0000,0.0000,0.1273,0.1273,0.5077,0.5093,0.0000,0.0000,0.0000,-0.0002
1791179145.1751,0.0200,0.2907,0.0000,0.0000,0.0000,0.0000,0.0000,0.0000,0.1273,0.1273,0.5077,0.5093,0.0000,0.0000,0.0000,-0.0002
1791179145.1952,0.0200,0.2160,0.0000,0.0000,0.0000,0.0000,0.0000,0.0000,0.1273,0.1273,0.5077,0.5077,0.0000,0.0000,0.0000,-0.0002
1791179145.2152,0.0200,0.2340,0.0000,0.0000,0.0000,0.0000,0.0000,0.0000,0.1273,0.1273,0.5077,0.5077,0.0000,0.0000,0.0000,-0.0002
1791179145.2352,0.0200,0.2222,0.0000,0.0000,0.0000,0.0000,0.0000,0.0000,0.1273,0.1273,0.5077,0.5093,0.0000,0.0000,0.0000,-0.0002
1791179145.2551,0.0199,0.2165,0.0000,0.0000,0.0000,0.0000,0.0000,0.0000,0.1273,0.1273,0.5077,0.5093,0.0000,0.0000,0.0000,-0.0002
1791179145.2752,0.0200,0.2329,0.0000,0.0000,0.0000,0.0000,0.0000,0.0000,0.1273,0.1273,0.5077,0.5077,0.0000,0.0000,0.0000,-0.0002
1791179145.2952,0.0200,0.2081,0.0000,0.0000,0.0000,0.0000,0.0000,0.0000,0.1273,0.1273,0.5077,0.5077,0.0000,0.0000,0.0000,-0.0002
1791179145.3151,0.0200,0.2145,0.0000,0.0000,0.0000,0.0000,0.0000,0.0000,0.1273,0.1273,0.5077,0.5077,0.0000,0.0000,0.0000,-0.0002
1791179145.3352,0.0200,0.2346,0.0000,0.0000,0.0000,0.0000,0.0000,0.0000,0.1273,0.1273,0.5077,0.5077,0.0000,0.0000,0.0000,-0.0002
1791179145.3552,0.0200,0.2322,0.0000,0.0000,0.0000,0.0000,0.0000,0.0000,0.1273,0.1273,0.5077,0.5093,0.0000,0.0000,0.0000,-0.0002
1791179145.3752,0.0200,0.3166,0.0000,0.0000,0.0000,0.0000,0.0000,0.0000,0.1273,0.1273,0.5077,0.5077,0.0000,0.0000,0.0000,-0.0002
1791179145.3952,0.0200,0.3158,0.0000,0.0000,0.0000,0.0000,0.0000,0.0000,0.1273,0.1273,0.5077,0.5077,0.0000,0.0000,0.0000,-0.0002
1791179145.4152,0.0200,0.3269,0.0000,0.0000,0.0000,0.0000,0.0000,0.0000,0.1273,0.1273,0.5077,0.5093,0.0000,0.0000,0.0000,-0.0004
1791179145.4352,0.0200,0.2425,0.0000,0.0000,0.0000,0.0000,0.0000,0.0000,0.1273,0.1273,0.5077,0.5077,0.0000,0.0000,0.0000,-0.0002
1791179145.4552,0.0200,0.2442,0.0000,0.0000,0.0000,0.0000,0.0000,0.0000,0.1273,0.1273,0.5077,0.5093,0.0000,0.0000,0.0000,-0.0002
1791179145.4752,0.0200,0.2376,0.0000,0.0000,0.0000,0.0000,0.0000,0.0000,0.1273,0.1273,0.5077,0.5077,0.0000,0.0000,0.0000,-0.0002
1791179145.4951,0.0200,0.1836,0.0000,0.0000,0.0000,0.0000,0.0000,0.0000,0.1273,0.1273,0.5077,0.5077,0.0000,0.0000,0.0000,-0.0004
1791179145.5152,0.0200,0.2408,0.0000,0.0000,0.0000,0.0000,0.0000,0.0000,0.1273,0.1273,0.5077,0.5093,0.0000,0.0000,0.0000,-0.0002
1791179145.5351,0.0200,0.1863,0.0000,0.0000,0.0000,0.0000,0.0000,0.0000,0.1273,0.1273,0.5077,0.5077,0.0000,0.0000,0.0000,-0.0002
1791179145.5551,0.0200,0.2419,0.0000,0.0000,0.0000,0.0000,0.0000,0.0000,0.1273,0.1273,0.5077,0.5093,0.0000,0.0000,0.0000,-0.0004
1791179145.5751,0.0200,0.1601,0.0000,0.0000,0.0000,0.0000,0.0000,0.0000,0.1273,0.1273,0.5077,0.5077,0.0000,0.0000,0.0000,-0.0004
1791179145.5951,0.0200,0.2458,0.0000,0.0000,0.0000,0.0000,0.0000,0.0000,0.1273,0.1273,0.5077,0.5077,0.0000,0.0000,0.0000,-0.0002
1791179145.6152,0.0200,0.2464,0.0000,0.0000,0.0000,0.0000,0.0000,0.0000,0.1273,0.1273,0.5077,0.5093,0.0000,0.0000,0.0000,-0.0002
1791179145.6351,0.0200,0.1630,0.0000,0.0000,0.0000,0.0000,0.0000,0.0000,0.1273,0.1273,0.5077,0.5077,0.0000,0.0000,0.0000,-0.0002
1791179145.6551,0.0200,0.2405,0.0000,0.0000,0.0000,0.0000,0.0000,0.0000,0.1273,0.1273,0.5077,0.5077,0.0000,0.0000,0.0000,-0.0002
1791179145.6751,0.0200,0.2143,0.0000,0.0000,0.0000,0.0000,0.0000,0.0000,0.1273,0.1273,0.5077,0.5093,0.0000,0.0000,0.0000,-0.0002
1791179145.6951,0.0200,0.2376,0.0000,0.0000,0.0000,0.0000,0.0000,0.0000,0.1273,0.1273,0.5077,0.5077,0.0000,0.0000,0.0000,-0.0002
1791179145.7152,0.0200,0.2307,0.0000,0.0000,0.0000,0.0000,0.0000,0.0000,0.1273,0.1273,0.5077,0.5093,0.0000,0.0000,0.0000,-0.0004
1791179145.7352,0.0200,0.2330,0.0000,0.0000,0.0000,0.0000,0.0000,0.0000,0.1273,0.1273,0.5077,0.5077,0.0000,0.0000,0.0000,-0.0004
1791179145.7552,0.0200,0.2394,0.0000,0.0000,0.0000,0.0000,0.0000,0.0000,0.1273,0.1273,0.5077,0.5077,0.0000,0.0000,0.0000,-0.0002
1791179145.7752,0.0200,0.2296,0.0000,0.0000,0.0000,0.0000,0.0000,0.0000,0.1273,0.1289,0.5077,0.5093,0.0000,0.0000,0.0000,-0.0002
1791179145.7952,0.0200,0.2277,0.0000,0.0000,0.0000,0.0000,0.0000,0.0000,0.1273,0.1273,0.5077,0.5077,0.0000,0.0000,0.0000,-0.0002
1791179145.8152,0.0200,0.2069,0.0000,0.0000,0.0000,0.0000,0.0000,0.0000,0.1273,0.1273,0.5077,0.5077,0.0000,0.0000,0.0000,-0.0002
1791179145.8351,0.0200,0.2202,0.0000,0.0000,0.0000,0.0000,0.0000,0.0000,0.1273,0.1273,0.5077,0.5077,0.0000,0.0000,0.0000,-0.0002
1791179145.8552,0.0200,0.2035,0.0000,0.0000,0.0000,0.0000,0.0000,0.0000,0.1273,0.1273,0.5077,0.5077,0.0000,0.0000,0.0000,-0.0002
1791179145.8752,0.0200,0.2432,0.0000,0.0000,0.0000,0.0000,0.0000,0.0000,0.1273,0.1273,0.5077,0.5077,0.0000,0.0000,0.0000,-0.0002
1791179145.8952,0.0200,0.2330,0.0000,0.0000,0.0000,0.0000,0.0000,0.0000,0.1273,0.1289,0.5077,0.5093,0.0000,0.0000,0.0000,-0.0002
1791179145.9152,0.0200,0.1668,0.0000,0.0000,0.0000,0.0000,0.0000,0.0000,0.1273,0.1273,0.5077,0.5077,0.0000,0.0000,0.0000,-0.0004
1791179145.9351,0.0200,0.2393,0.0000,0.0000,0.0000,0.0000,0.0000,0.0000,0.1273,0.1273,0.5077,0.5077,0.0000,0.0000,0.0000,-0.0002
1791179145.9552,0.0200,0.2288,0.0000,0.0000,0.0000,0.0000,0.0000,0.0000,0.1273,0.1273,0.5077,0.5093,0.0000,0.0000,0.0000,-0.0002
1791179145.9752,0.0200,0.1806,0.0000,0.0000,0.0000,0.0000,0.0000,0.0000,0.1273,0.1273,0.5077,0.5093,0.0000,0.0000,0.0000,-0.0004
1791179145.9951,0.0199,0.2144,0.0000,0.0000,0.0000,0.0000,0.0000,0.0000,0.1273,0.1273,0.5077,0.5077,0.0000,0.0000,0.0000,-0.0002
1791179146.0151,0.0200,0.1929,0.0000,0.0000,0.0000,0.0000,0.0000,0.0000,0.1273,0.1273,0.5077,0.5077,0.0000,0.0000,0.0000,-0.0002
1791179146.0351,0.0200,0.2387,0.0000,0.0000,0.0000,0.0000,0.0000,0.0000,0.1273,0.1273,0.5077,0.5093,0.0000,0.0000,0.0000,-0.0002
1791179146.0552,0.0200,0.2442,0.0000,0.0000,0.0000,0.0000,0.0000,0.0000,0.1273,0.1273,0.5077,0.5077,0.0000,0.0000,0.0000,-0.0002
1791179146.0752,0.0200,0.1711,0.0000,0.0000,0.0000,0.0000,0.0000,0.0000,0.1273,0.1273,0.5077,0.5077,0.0000,0.0000,0.0000,-0.0004
1791179146.0951,0.0200,0.2163,0.0000,0.0000,0.0000,0.0000,0.0000,0.0000,0.1273,0.1273,0.5077,0.5077,0.0000,0.0000,0.0000,-0.0002
1791179146.1152,0.0200,0.2344,0.0000,0.0000,0.0000,0.0000,0.0000,0.0000,0.1273,0.1273,0.5077,0.5077,0.0000,0.0000,0.0000,-0.0002
1791179146.1352,0.0200,0.2104,0.0000,0.0000,0.0000,0.0000,0.0000,0.0000,0.1273,0.1273,0.5077,0.5077,0.0000,0.0000,0.0000,-0.0002
1791179146.1551,0.0200,0.2525,0.0000,0.0000,0.0000,0.0000,0.0000,0.0000,0.1273,0.1273,0.5077,0.5093,0.0000,0.0000,0.0000,-0.0002
1791179146.1752,0.0200,0.2508,0.0000,0.0000,0.0000,0.0000,0.0000,0.0000,0.1273,0.1273,0.5077,0.5093,0.0000,0.0000,0.0000,-0.0002
1791179146.1952,0.0200,0.2098,0.0000,0.0000,0.0000,0.0000,0.0000,0.0000,0.1273,0.1273,0.5077,0.5077,0.0000,0.0000,0.0000,-0.0002
1791179146.2151,0.0200,0.2203,0.0000,0.0000,0.0000,0.0000,0.0000,0.0000,0.1273,0.1273,0.5077,0.5077,0.0000,0.0000,0.0000,-0.0002
1791179146.2352,0.0200,0.2407,0.0000,0.0000,0.0000,0.0000,0.0000,0.0000,0.1273,0.1273,0.5077,0.5093,0.0000,0.0000,0.0000,-0.0004
1791179146.2552,0.0200,0.2033,0.0000,0.0000,0.0000,0.0000,0.0000,0.0000,0.1273,0.1273,0.5077,0.5093,0.0000,0.0000,0.0000,-0.0002
1791179146.2751,0.0200,0.2219,0.0000,0.0000,0.0000,0.0000,0.0000,0.0000,0.1273,0.1273,0.5077,0.5077,0.0000,0.0000,0.0000,-0.0002
1791179146.2952,0.0200,0.2428,0.0000,0.0000,0.0000,0.0000,0.0000,0.0000,0.1273,0.1273,0.5077,0.5077,0.0000,0.0000,0.0000,-0.0002
1791179146.3152,0.0200,0.2482,0.0000,0.0000,0.0000,0.0000,0.0000,0.0000,0.1273,0.1273,0.5077,0.5077,0.0000,0.0000,0.0000,-0.0002
1791179146.3352,0.0200,0.2387,0.0000,0.0000,0.0000,0.0000,0.0000,0.0000,0.1273,0.1273,0.5077,0.5077,0.0000,0.0000,0.0000,-0.0002
1791179146.3552,0.0200,0.2059,0.0000,0.0000,0.0000,0.0000,0.0000,0.0000,0.1273,0.1273,0.5077,0.5077,0.0000,0.0000,0.0000,-0.0002
1791179146.3751,0.0200,0.2165,0.0000,0.0000,0.0000,0.0000,0.0000,0.0000,0.1273,0.1273,0.5077,0.5093,0.0000,0.0000,0.0000,-0.0002
1791179146.3952,0.0200,0.2398,0.0000,0.0000,0.0000,0.0000,0.0000,0.0000,0.1273,0.1273,0.5077,0.5093,0.0000,0.0000,0.0000,-0.0004
1791179146.4152,0.0200,0.2286,0.0000,0.0000,0.0000,0.0000,0.0000,0.0000,0.1273,0.1273,0.5077,0.5093,0.0000,0.0000,0.0000,-0.0004
1791179146.4352,0.0200,0.2220,0.0000,0.0000,0.0000,0.0000,0.0000,0.0000,0.1273,0.1273,0.5077,0.5077,0.0000,0.0000,0.0000,-0.0002
1791179146.4552,0.0200,0.2278,0.0000,0.0000,0.0000,0.0000,0.0000,0.0000,0.1273,0.1273,0.5077,0.5077,0.0000,0.0000,0.0000,-0.0002
1791179146.4752,0.0200,0.2287,0.0000,0.0000,0.0000,0.0000,0.0000,0.0000,0.1273,0.1273,0.5077,0.5077,0.0000,0.0000,0.0000,-0.0004
1791179146.4952,0.0200,0.2275,0.0000,0.0000,0.0000,0.0000,0.0000,0.0000,0.1273,0.1273,0.5077,0.5077,0.0000,0.0000,0.0000,-0.0004
1791179146.5152,0.0200,0.2485,0.0000,0.0000,0.0000,0.0000,0.0000,0.0000,0.1273,0.1273,0.5077,0.5093,0.0000,0.0000,0.0000,-0.0004
1791179146.5352,0.0200,0.2317,0.0000,0.0000,0.0000,0.0000,0.0000,0.0000,0.1273,0.1273,0.5077,0.5077,0.0000,0.0000,0.0000,0.0000
1791179146.5552,0.0200,0.2335,0.0000,0.0000,0.0000,0.0000,0.0000,0.0000,0.1273,0.1273,0.5077,0.5077,0.0000,0.0000,0.0000,-0.0002
1791179146.5752,0.0200,0.2386,0.0000,0.0000,0.0000,0.0000,0.0000,0.0000,0.1273,0.1273,0.5077,0.5093,0.0000,0.0000,0.0000,-0.0002
1791179146.5951,0.0200,0.1739,0.0000,0.0000,0.0000,0.0000,0.0000,0.0000,0.1273,0.1273,0.5077,0.5093,0.0000,0.0000,0.0000,-0.0002
1791179146.6151,0.0200,0.2489,0.0000,0.0000,0.0000,0.0000,0.0000,0.0000,0.1273,0.1273,0.5077,0.5077,0.0000,0.0000,0.0000,-0.0004
1791179146.6351,0.0200,0.1635,0.0000,0.0000,0.0000,0.0000,0.0000,0.0000,0.1273,0.1273,0.5077,0.5077,0.0000,0.0000,0.0000,-0.0002
1791179146.6551,0.0200,0.2460,0.0000,0.0000,0.0000,0.0000,0.0000,0.0000,0.1273,0.1273,0.5077,0.5077,0.0000,0.0000,0.0000,-0.0002
1791179146.6752,0.0200,0.2460,0.0000,0.0000,0.0000,0.0000,0.0000,0.0000,0.1273,0.1273,0.5077,0.5077,0.0000,0.0000,0.0000,-0.0002
1791179146.6951,0.0200,0.1663,0.0000,0.0000,0.0000,0.0000,0.0000,0.0000,0.1273,0.1273,0.5077,0.5093,0.0000,0.0000,0.0000,-0.0002
1791179146.7151,0.0200,0.2195,0.0000,0.0000,0.0000,0.0000,0.0000,0.0000,0.1273,0.1273,0.5077,0.5077,0.0000,0.0000,0.0000,-0.0002
1791179146.7351,0.0200,0.2382,0.0000,0.0000,0.0000,0.0000,0.0000,0.0000,0.1273,0.1273,0.5077,0.5077,0.0000,0.0000,0.0000,-0.0002
1791179146.7552,0.0200,0.2384,0.0000,0.0000,0.0000,0.0000,0.0000,0.0000,0.1273,0.1273,0.5077,0.5093,0.0000,0.0000,0.0000,-0.0002
1791179146.7752,0.0200,0.2444,0.0000,0.0000,0.0000,0.0000,0.0000,0.0000,0.1273,0.1273,0.5077,0.5077,0.0000,0.0000,0.0000,-0.0002
1791179146.7952,0.0200,0.2161,0.0000,0.0000,0.0000,0.0000,0.0000,0.0000,0.1273,0.1273,0.5077,0.5093,0.0000,0.0000,0.0000,-0.0002
1791179146.8152,0.0200,0.2369,0.0000,0.0000,0.0000,0.0000,0.0000,0.0000,0.1273,0.1273,0.5077,0.5093,0.0000,0.0000,0.0000,-0.0002
1791179146.8352,0.0200,0.2339,0.0000,0.0000,0.0000,0.0000,0.0000,0.0000,0.1273,0.1273,0.5077,0.5093,0.0000,0.0000,0.0000,-0.0002
1791179146.8552,0.0200,0.2251,0.0000,0.0000,0.0000,0.0000,0.0000,0.0000,0.1273,0.1273,0.5077,0.5093,0.0000,0.0000,0.0000,-0.0002
1791179146.8752,0.0200,0.2283,0.0000,0.0000,0.0000,0.0000,0.0000,0.0000,0.1273,0.1273,0.5077,0.5077,0.0000,0.0000,0.0000,-0.0002
1791179146.8952,0.0200,0.2304,0.0000,0.0000,0.0000,0.0000,0.0000,0.0000,0.1273,0.1273,0.5077,0.5077,0.0000,0.0000,0.0000,-0.0002
1791179146.9152,0.0200,0.1699,0.0000,0.0000,0.0000,0.0000,0.0000,0.0000,0.1273,0.1273,0.5077,0.5093,0.0000,0.0000,0.0000,-0.0002
1791179146.9352,0.0200,0.2407,0.0000,0.0000,0.0000,0.0000,0.0000,0.0000,0.1273,0.1273,0.5077,0.5093,0.0000,0.0000,0.0000,-0.0002
1791179146.9552,0.0200,0.2347,0.0000,0.0000,0.0000,0.0000,0.0000,0.0000,0.1273,0.1273,0.5077,0.5093,0.0000,0.0000,0.0000,-0.0002
1791179146.9752,0.0200,0.1659,0.0000,0.0000,0.0000,0.0000,0.0000,0.0000,0.1273,0.1273,0.5077,0.5077,0.0000,0.0000,0.0000,-0.0002
1791179146.9952,0.0200,0.2414,0.0000,0.0000,0.0000,0.0000,0.0000,0.0000,0.1273,0.1273,0.5077,0.5093,0.0000,0.0000,0.0000,-0.0002
1791179147.0152,0.0200,0.2122,0.0000,0.0000,0.0000,0.0000,0.0000,0.0000,0.1273,0.1273,0.5077,0.5093,0.0000,0.0000,0.0000,-0.0002
1791179147.0352,0.0200,0.2394,0.0000,0.0000,0.0000,0.0000,0.0000,0.0000,0.1273,0.1273,0.5077,0.5093,0.0000,0.0000,0.0000,-0.0002
1791179147.0552,0.0200,0.1792,0.0000,0.0000,0.0000,0.0000,0.0000,0.0000,0.1273,0.1273,0.5077,0.5077,0.0000,0.0000,0.0000,0.0000
1791179147.0751,0.0200,0.1878,0.0000,0.0000,0.0000,0.0000,0.0000,0.0000,0.1273,0.1273,0.5077,0.5077,0.0000,0.0000,0.0000,-0.0004
1791179147.0951,0.0200,0.2223,0.0000,0.0000,0.0000,0.0000,0.0000,0.0000,0.1273,0.1273,0.5077,0.5077,0.0000,0.0000,0.0000,-0.0004
1791179147.1152,0.0200,0.2380,0.0000,0.0000,0.0000,0.0000,0.0000,0.0000,0.1273,0.1273,0.5077,0.5077,0.0000,0.0000,0.0000,-0.0002
1791179147.1352,0.0200,0.2038,0.0000,0.0000,0.0000,0.0000,0.0000,0.0000,0.1273,0.1273,0.5077,0.5077,0.0000,0.0000,0.0000,-0.0002
1791179147.1551,0.0200,0.2866,0.0000,0.0000,0.0000,0.0000,0.0000,0.0000,0.1273,0.1273,0.5077,0.5077,0.0000,0.0000,0.0000,-0.0002
1791179147.1752,0.0200,0.2147,0.0000,0.0000,0.0000,0.0000,0.0000,0.0000,0.1273,0.1273,0.5077,0.5093,0.0000,0.0000,0.0000,-0.0002
1791179147.1952,0.0200,0.2387,0.0000,0.0000,0.0000,0.0000,0.0000,0.0000,0.1273,0.1273,0.5077,0.5077,0.0000,0.0000,0.0000,-0.0002
1791179147.2152,0.0200,0.2036,0.0000,0.0000,0.0000,0.0000,0.0000,0.0000,0.1273,0.1273,0.5077,0.5093,0.0000,0.0000,0.0000,-0.0002
1791179147.2351,0.0200,0.2199,0.0000,0.0000,0.0000,0.0000,0.0000,0.0000,0.1273,0.1273,0.5077,0.5077,0.0000,0.0000,0.0000,-0.0002
1791179147.2552,0.0200,0.2354,0.0000,0.0000,0.0000,0.0000,0.0000,0.0000,0.1273,0.1273,0.5077,0.5077,0.0000,0.0000,0.0000,-0.0002
1791179147.2752,0.0200,0.2290,0.0000,0.0000,0.0000,0.0000,0.0000,0.0000,0.1273,0.1273,0.5077,0.5077,0.0000,0.0000,0.0000,-0.0002
1791179147.2951,0.0200,0.2177,0.0000,0.0000,0.0000,0.0000,0.0000,0.0000,0.1273,0.1273,0.5077,0.5077,0.0000,0.0000,0.0000,-0.0002
1791179147.3151,0.0200,0.2370,0.0000,0.0000,0.0000,0.0000,0.0000,0.0000,0.1273,0.1289,0.5077,0.5093,0.0000,0.0000,0.0000,-0.0002
1791179147.3352,0.0200,0.2424,0.0000,0.0000,0.0000,0.0000,0.0000,0.0000,0.1273,0.1273,0.5077,0.5077,0.0000,0.0000,0.0000,-0.0002
1791179147.3552,0.0200,0.2351,0.0000,0.0000,0.0000,0.0000,0.0000,0.0000,0.1273,0.1273,0.5077,0.5093,0.0000,0.0000,0.0000,-0.0002
1791179147.3752,0.0200,0.3213,0.0000,0.0000,0.0000,0.0000,0.0000,0.0000,0.1273,0.1273,0.5077,0.5077,0.0000,0.0000,0.0000,-0.0002
1791179147.3952,0.0200,0.2422,0.0000,0.0000,0.0000,0.0000,0.0000,0.0000,0.1273,0.1273,0.5077,0.5093,0.0000,0.0000,0.0000,-0.0004
1791179147.4152,0.0200,0.2385,0.0000,0.0000,0.0000,0.0000,0.0000,0.0000,0.1273,0.1273,0.5077,0.5077,0.0000,0.0000,0.0000,-0.0002
1791179147.4352,0.0200,0.2380,0.0000,0.0000,0.0000,0.0000,0.0000,0.0000,0.1273,0.1273,0.5077,0.5077,0.0000,0.0000,0.0000,-0.0002
1791179147.4552,0.0200,0.2276,0.0000,0.0000,0.0000,0.0000,0.0000,0.0000,0.1273,0.1273,0.5077,0.5093,0.0000,0.0000,0.0000,-0.0002
1791179147.4752,0.0200,0.2263,0.0000,0.0000,0.0000,0.0000,0.0000,0.0000,0.1273,0.1273,0.5077,0.5093,0.0000,0.0000,0.0000,-0.0002
1791179147.4952,0.0200,0.2267,0.0000,0.0000,0.0000,0.0000,0.0000,0.0000,0.1273,0.1273,0.5077,0.5077,0.0000,0.0000,0.0000,-0.0002
1791179147.5152,0.0200,0.2421,0.0000,0.0000,0.0000,0.0000,0.0000,0.0000,0.1273,0.1273,0.5077,0.5077,0.0000,0.0000,0.0000,-0.0002
1791179147.5352,0.0200,0.2282,0.0000,0.0000,0.0000,0.0000,0.0000,0.0000,0.1273,0.1273,0.5077,0.5077,0.0000,0.0000,0.0000,-0.0004
1791179147.5552,0.0200,0.2444,0.0000,0.0000,0.0000,0.0000,0.0000,0.0000,0.1273,0.1273,0.5077,0.5077,0.0000,0.0000,0.0000,-0.0002
1791179147.5752,0.0200,0.2302,0.0000,0.0000,0.0000,0.0000,0.0000,0.0000,0.1273,0.1273,0.5077,0.5093,0.0000,0.0000,0.0000,-0.0002
1791179147.5952,0.0200,0.3298,0.0000,0.0000,0.0000,0.0000,0.0000,0.0000,0.1273,0.1273,0.5077,0.5077,0.0000,0.0000,0.0000,-0.0002
1791179147.6152,0.0200,0.2578,0.0000,0.0000,0.0000,0.0000,0.0000,0.0000,0.1273,0.1273,0.5077,0.5077,0.0000,0.0000,0.0000,-0.0002
1791179147.6351,0.0200,0.2172,0.0000,0.0000,0.0000,0.0000,0.0000,0.0000,0.1273,0.1273,0.5077,0.5077,0.0000,0.0000,0.0000,-0.0002
1791179147.6552,0.0200,0.2008,0.0000,0.0000,0.0000,0.0000,0.0000,0.0000,0.1273,0.1273,0.5077,0.5077,0.0000,0.0000,0.0000,-0.0002
1791179147.6751,0.0199,0.1945,0.0000,0.0000,0.0000,0.0000,0.0000,0.0000,0.1273,0.1273,0.5077,0.5077,0.0000,0.0000,0.0000,-0.0002
1791179147.6951,0.0200,0.2163,0.0000,0.0000,0.0000,0.0000,0.0000,0.0000,0.1273,0.1273,0.5077,0.5093,0.0000,0.0000,0.0000,-0.0002
1791179147.7151,0.0200,0.1624,0.0000,0.0000,0.0000,0.0000,0.0000,0.0000,0.1273,0.1273,0.5077,0.5093,0.0000,0.0000,0.0000,-0.0002
1791179147.7352,0.0200,0.2165,0.0000,0.0000,0.0000,0.0000,0.0000,0.0000,0.1273,0.1273,0.5077,0.5077,0.0000,0.0000,0.0000,-0.0002
1791179147.7552,0.0200,0.2356,0.0000,0.0000,0.0000,0.0000,0.0000,0.0000,0.1273,0.1273,0.5077,0.5077,0.0000,0.0000,0.0000,-0.0002
1791179147.7752,0.0200,0.2269,0.0000,0.0000,0.0000,0.0000,0.0000,0.0000,0.1273,0.1273,0.5077,0.5077,0.0000,0.0000,0.0000,-0.0002
1791179147.7952,0.0200,0.2571,0.0000,0.0000,0.0000,0.0000,0.0000,0.0000,0.1273,0.1273,0.5077,0.5077,0.0000,0.0000,0.0000,-0.0002
1791179147.8152,0.0200,0.2022,0.0000,0.0000,0.0000,0.0000,0.0000,0.0000,0.1273,0.1273,0.5077,0.5077,0.0000,0.0000,0.0000,-0.0002
1791179147.8352,0.0200,0.1719,0.0000,0.0000,0.0000,0.0000,0.0000,0.0000,0.1273,0.1273,0.5077,0.5077,0.0000,0.0000,0.0000,-0.0002
1791179147.8551,0.0200,0.1829,0.0000,0.0000,0.0000,0.0000,0.0000,0.0000,0.1273,0.1273,0.5077,0.5077,0.0000,0.0000,0.0000,-0.0002
1791179147.8752,0.0201,0.2869,0.0000,0.0000,0.0000,0.0000,0.0000,0.0000,0.1273,0.1273,0.5077,0.5093,0.0000,0.0000,0.0000,-0.0002
1791179147.8952,0.0199,0.2477,0.0000,0.0000,0.0000,0.0000,0.0000,0.0000,0.1273,0.1273,0.5077,0.5077,0.0000,0.0000,0.0000,-0.0004
1791179147.9152,0.0200,0.2178,0.0000,0.0000,0.0000,0.0000,0.0000,-0.0240,0.1273,0.1273,0.5077,0.5077,0.0000,-0.0004,-0.0028,-0.0002
1791179147.9352,0.0200,0.2449,0.0000,0.0000,0.0000,-0.0240,0.0000,-0.0480,0.1273,0.1273,0.5077,0.5093,0.0000,-0.0012,-0.0028,-0.0005
1791179147.9552,0.0200,0.2138,0.0000,0.0000,0.0000,0.0000,0.0000,-0.0719,0.1273,0.1273,0.5077,0.5077,0.0000,-0.0012,-0.0083,-0.0005
1791179147.9752,0.0200,0.1762,0.0000,0.0000,0.0000,0.0000,0.0000,-0.0240,0.1273,0.1273,0.5077,0.5077,0.0000,-0.0004,-0.0028,-0.0005
1791179147.9952,0.0200,0.2560,0.0000,0.0000,0.0000,0.0000,0.0000,0.0000,0.1273,0.1273,0.5077,0.5077,0.0000,0.0000,0.0000,-0.0005
1791179148.0152,0.0200,0.2574,0.0000,0.0000,0.0000,0.0000,0.0000,0.0240,0.1273,0.1273,0.5077,0.5077,0.0000,0.0004,0.0028,-0.0004
1791179148.0352,0.0200,0.2171,0.0000,0.0000,0.0000,0.0000,0.0000,0.0000,0.1273,0.1273,0.5077,0.5077,0.0000,0.0000,0.0000,-0.0004
1791179148.0552,0.0200,0.2469,0.0000,0.0000,0.0000,0.0000,0.0000,0.0000,0.1273,0.1273,0.5077,0.5077,0.0000,0.0000,0.0000,-0.0004
1791179148.0752,0.0200,0.2133,0.0000,0.0000,0.0000,0.0000,0.0000,0.0000,0.1273,0.1273,0.5077,0.5093,0.0000,0.0000,0.0000,-0.0005
1791179148.0952,0.0200,0.2382,0.0000,0.0000,0.0000,0.0000,0.0000,0.0000,0.1273,0.1273,0.5077,0.5093,0.0000,0.0000,0.0000,-0.0004
1791179148.1152,0.0200,0.2397,0.0000,0.0000,0.0000,0.0480,0.0000,0.0240,0.1273,0.1273,0.5077,0.5093,0.0000,0.0012,-0.0028,-0.0007
1791179148.1352,0.0200,0.1804,0.0000,0.0000,0.0000,0.0480,0.0000,0.0000,0.1273,0.1273,0.5077,0.5077,0.0000,0.0008,-0.0055,-0.0007
1791179148.1551,0.0200,0.2160,0.0000,0.0000,0.0000,0.0000,0.0000,-0.0240,0.1273,0.1289,0.5077,0.5077,0.0000,-0.0004,-0.0028,-0.0011
1791179148.1752,0.0200,0.2362,0.0000,0.0000,0.0000,0.0000,0.0000,-0.0240,0.1273,0.1273,0.5077,0.5093,0.0000,-0.0004,-0.0028,-0.0007
1791179148.1952,0.0200,0.1813,0.0000,0.0000,0.0000,-0.0480,0.0000,-0.0240,0.1273,0.1273,0.5077,0.5077,0.0000,-0.0012,0.0028,-0.0005
1791179148.2151,0.0200,0.2769,0.0000,0.0000,0.0000,-0.0480,0.0000,0.0000,0.1273,0.1273,0.5077,0.5093,0.0000,-0.0008,0.0055,-0.0007
1791179148.2352,0.0200,0.2239,0.0000,0.0000,0.0000,0.0000,0.0000,0.0000,0.1273,0.1273,0.5077,0.5077,0.0000,0.0000,0.0000,-0.0007
1791179148.2552,0.0200,0.2411,0.0000,0.0000,0.0000,0.0000,0.0000,0.0000,0.1273,0.1273,0.5077,0.5077,0.0000,0.0000,0.0000,-0.0007
1791179148.2751,0.0200,0.2172,0.0000,0.0000,0.0000,0.0000,0.0000,0.0000,0.1273,0.1273,0.5077,0.5077,0.0000,0.0000,0.0000,-0.0007
1791179148.2952,0.0200,0.2095,0.0000,0.0000,0.0000,0.0000,0.0000,0.0000,0.1273,0.1289,0.5077,0.5077,0.0000,0.0000,0.0000,-0.0007
1791179148.3151,0.0200,0.2255,0.0000,0.0000,0.0000,0.0000,0.0000,0.0000,0.1273,0.1273,0.5077,0.5093,0.0000,0.0000,0.0000,-0.0007
1791179148.3352,0.0200,0.2434,0.0000,0.0000,0.0000,0.0000,0.0000,0.0000,0.1273,0.1273,0.5077,0.5077,0.0000,0.0000,0.0000,-0.0007
1791179148.3552,0.0200,0.2374,0.0000,0.0000,0.0000,0.0000,0.0000,0.0000,0.1273,0.1273,0.5077,0.5077,0.0000,0.0000,0.0000,-0.0007
1791179148.3752,0.0200,0.2539,0.0000,0.0000,0.0000,0.0000,0.0000,0.0000,0.1273,0.1273,0.5077,0.5077,0.0000,0.0000,0.0000,-0.0007
1791179148.3952,0.0200,0.2434,0.0000,0.0000,0.0000,0.0000,0.0000,0.0000,0.1273,0.1273,0.5077,0.5077,0.0000,0.0000,0.0000,-0.0007
1791179148.4152,0.0200,0.2466,0.0000,0.0000,0.0000,0.0000,0.0000,0.0000,0.1273,0.1273,0.5077,0.5093,0.0000,0.0000,0.0000,-0.0011
1791179148.4352,0.0200,0.3179,0.0000,0.0000,0.0000,0.0240,0.0000,0.0000,0.1273,0.1273,0.5077,0.5077,0.0000,0.0004,-0.0028,-0.0011
1791179148.4552,0.0200,0.2351,0.0000,0.0000,0.0000,0.0240,0.0000,0.0000,0.1273,0.1273,0.5077,0.5077,0.0000,0.0004,-0.0028,-0.0011
1791179148.4752,0.0200,0.2383,0.0000,0.0000,0.0000,0.0000,0.0000,0.0000,0.1273,0.1273,0.5077,0.5093,0.0000,0.0000,0.0000,-0.0011
1791179148.4952,0.0200,0.2294,0.0000,0.0000,0.0000,0.0000,0.0000,0.0000,0.1273,0.1289,0.5077,0.5093,0.0000,0.0000,0.0000,-0.0009
1791179148.5152,0.0200,0.2262,0.0000,0.0000,0.0000,0.0000,0.0000,0.0240,0.1273,0.1273,0.5077,0.5077,0.0000,0.0004,0.0028,-0.0007
1791179148.5352,0.0200,0.3201,0.0000,0.0000,0.0000,0.0000,0.0000,0.0000,0.1273,0.1289,0.5077,0.5077,0.0000,0.0000,0.0000,-0.0009
1791179148.5551,0.0200,0.2388,0.0000,0.0000,0.0000,0.0000,0.0000,0.0000,0.1273,0.1273,0.5077,0.5077,0.0000,0.0000,0.0000,-0.0007
1791179148.5751,0.0200,0.2524,0.0000,0.0000,0.0000,0.0000,0.0000,0.0000,0.1273,0.1273,0.5077,0.5093,0.0000,0.0000,0.0000,-0.0007
1791179148.5952,0.0200,0.2612,0.0000,0.0000,0.0000,0.0000,0.0000,0.0000,0.1273,0.1273,0.5077,0.5108,0.0000,0.0000,0.0000,-0.0007
1791179148.6152,0.0200,0.2598,0.0000,0.0000,0.0000,0.0000,0.0000,0.0000,0.1273,0.1273,0.5077,0.5093,0.0000,0.0000,0.0000,-0.0007
1791179148.6351,0.0200,0.1693,0.0000,0.0000,0.0000,0.0000,0.0000,0.0000,0.1273,0.1273,0.5077,0.5093,0.0000,0.0000,0.0000,-0.0007
1791179148.6551,0.0200,0.2435,0.0000,0.0000,0.0000,0.0000,0.0000,0.0000,0.1273,0.1289,0.5077,0.5108,0.0000,0.0000,0.0000,-0.0009
1791179148.6751,0.0200,0.1743,0.0000,0.0000,0.0000,0.0000,0.0000,0.0000,0.1273,0.1273,0.5077,0.5093,0.0000,0.0000,0.0000,-0.0009
1791179148.6951,0.0200,0.2473,0.0000,0.0000,0.0000,0.0000,0.0000,0.0000,0.1273,0.1273,0.5077,0.5093,0.0000,0.0000,0.0000,-0.0009
1791179148.7151,0.0200,0.1636,0.0000,0.0000,0.0000,0.0000,0.0000,0.0000,0.1273,0.1289,0.5077,0.5108,0.0000,0.0000,0.0000,-0.0007
1791179148.7352,0.0201,0.2369,0.0000,0.0000,0.0000,0.0000,0.0000,0.0000,0.1273,0.1273,0.5077,0.5093,0.0000,0.0000,0.0000,-0.0007
1791179148.7552,0.0200,0.2220,0.0000,0.0000,0.0000,0.0000,0.0000,0.0000,0.1273,0.1289,0.5077,0.5077,0.0000,0.0000,0.0000,-0.0007
1791179148.7752,0.0200,0.2359,0.0000,0.0000,0.0000,0.0000,0.0000,0.0000,0.1273,0.1289,0.5077,0.5093,0.0000,0.0000,0.0000,-0.0007
1791179148.7952,0.0200,0.2085,0.0000,0.0000,0.0000,0.0000,0.0000,0.0000,0.1273,0.1289,0.5077,0.5093,0.0000,0.0000,0.0000,-0.0007
1791179148.8152,0.0200,0.1929,0.0000,0.0000,0.0000,0.0000,0.0000,0.0000,0.1273,0.1289,0.5077,0.5093,0.0000,0.0000,0.0000,-0.0007
1791179148.8351,0.0199,0.1703,0.0000,0.0000,0.0000,0.0000,0.0000,0.0000,0.1273,0.1289,0.5077,0.5077,0.0000,0.0000,0.0000,-0.0009
1791179148.8552,0.0200,0.2419,0.0000,0.0000,0.0000,0.0000,0.0000,0.0000,0.1273,0.1273,0.5077,0.5077,0.0000,0.0000,0.0000,-0.0007
1791179148.8752,0.0200,0.2064,0.0000,0.0000,0.0000,0.0000,0.0000,0.0000,0.1273,0.1289,0.5077,0.5077,0.0000,0.0000,0.0000,-0.0007
1791179148.8952,0.0200,0.3230,0.0000,0.0000,0.0000,0.0000,0.0000,0.0000,0.1273,0.1289,0.5077,0.5093,0.0000,0.0000,0.0000,-0.0007
1791179148.9152,0.0200,0.2376,0.0000,0.0000,0.0000,0.0000,0.0000,0.0000,0.1273,0.1289,0.5077,0.5077,0.0000,0.0000,0.0000,-0.0007
1791179148.9352,0.0200,0.2293,0.0000,0.0000,0.0000,0.0000,0.0000,0.0000,0.1273,0.1289,0.5077,0.5077,0.0000,0.0000,0.0000,-0.0007
1791179148.9552,0.0200,0.2423,0.0000,0.0000,0.0000,0.0000,0.0000,0.0000,0.1273,0.1273,0.5077,0.5077,0.0000,0.0000,0.0000,-0.0007
1791179148.9752,0.0200,0.1665,0.0000,0.0000,0.0000,0.0000,0.0000,0.0000,0.1273,0.1273,0.5077,0.5077,0.0000,0.0000,0.0000,-0.0007
1791179148.9952,0.0200,0.2344,0.0000,0.0000,0.0000,0.0000,0.0000,0.0000,0.1273,0.1273,0.5077,0.5077,0.0000,0.0000,0.0000,-0.0009
1791179149.0152,0.0200,0.1686,0.0000,0.0000,0.0000,0.0000,0.0000,0.0000,0.1273,0.1258,0.5077,0.5077,0.0000,0.0000,0.0000,-0.0007
1791179149.0352,0.0200,0.2253,0.0000,0.0000,0.0000,0.0000,0.0000,0.0000,0.1273,0.1273,0.5077,0.5077,0.0000,0.0000,0.0000,-0.0007
1791179149.0552,0.0200,0.2530,0.0000,0.0000,0.0000,0.0000,0.0000,0.0000,0.1273,0.1273,0.5077,0.5077,0.0000,0.0000,0.0000,-0.0007
1791179149.0752,0.0200,0.2484,0.0000,0.0000,0.0000,0.0000,0.0000,0.0000,0.1273,0.1258,0.5077,0.5077,0.0000,0.0000,0.0000,-0.0007
1791179149.0952,0.0200,0.1760,0.0000,0.0000,0.0000,0.0000,0.0000,0.0000,0.1273,0.1273,0.5077,0.5077,0.0000,0.0000,0.0000,-0.0007
1791179149.1151,0.0200,0.1843,0.0000,0.0000,0.0000,0.0000,0.0000,0.0000,0.1273,0.1273,0.5077,0.5077,0.0000,0.0000,0.0000,-0.0007
1791179149.1352,0.0200,0.2466,0.0000,0.0000,0.0000,0.0000,0.0000,0.0000,0.1273,0.1273,0.5077,0.5077,0.0000,0.0000,0.0000,-0.0009
1791179149.1552,0.0200,0.2992,0.0000,0.0000,0.0000,0.0000,0.0000,0.0000,0.1273,0.1258,0.5077,0.5077,0.0000,0.0000,0.0000,-0.0007
1791179149.1752,0.0200,0.2462,0.0000,0.0000,0.0000,0.0000,0.0000,0.0000,0.1273,0.1273,0.5077,0.5077,0.0000,0.0000,0.0000,-0.0007
1791179149.1952,0.0200,0.1972,0.0000,0.0000,0.0000,0.0000,0.0000,0.0000,0.1273,0.1273,0.5077,0.5077,0.0000,0.0000,0.0000,-0.0007
1791179149.2151,0.0199,0.1865,0.0000,0.0000,0.0000,0.0000,0.0000,0.0000,0.1273,0.1273,0.5077,0.5077,0.0000,0.0000,0.0000,-0.0007
1791179149.2352,0.0200,0.2454,0.0000,0.0000,0.0000,0.0000,0.0000,0.0000,0.1273,0.1273,0.5077,0.5077,0.0000,0.0000,0.0000,-0.0007
1791179149.2552,0.0200,0.2322,0.0000,0.0000,0.0000,0.0000,0.0000,0.0000,0.1273,0.1258,0.5077,0.5077,0.0000,0.0000,0.0000,-0.0007
1791179149.2752,0.0200,0.2525,0.0000,0.0000,0.0000,0.0000,0.0000,0.0000,0.1273,0.1273,0.5077,0.5077,0.0000,0.0000,0.0000,-0.0007
1791179149.2952,0.0200,0.2375,0.0000,0.0000,0.0000,0.0000,0.0000,0.0000,0.1273,0.1273,0.5077,0.5077,0.0000,0.0000,0.0000,-0.0007
1791179149.3152,0.0200,0.2358,0.0000,0.0000,0.0000,0.0000,0.0000,0.0000,0.1273,0.1273,0.5077,0.5077,0.0000,0.0000,0.0000,-0.0009
1791179149.3352,0.0200,0.2395,0.0000,0.0000,0.0000,0.0000,0.0000,0.0000,0.1273,0.1273,0.5077,0.5077,0.0000,0.0000,0.0000,-0.0009
1791179149.3552,0.0200,0.3387,0.0000,0.0000,0.0000,0.0000,0.0000,0.0000,0.1273,0.1273,0.5077,0.5077,0.0000,0.0000,0.0000,-0.0007
1791179149.3752,0.0200,0.2521,0.0000,0.0000,0.0000,0.0000,0.0000,0.0000,0.1273,0.1273,0.5077,0.5077,0.0000,0.0000,0.0000,-0.0007
1791179149.3952,0.0200,0.2353,0.0000,0.0000,0.0000,0.0000,0.0000,0.0000,0.1273,0.1273,0.5077,0.5077,0.0000,0.0000,0.0000,-0.0007
1791179149.4152,0.0200,0.2392,0.0000,0.0000,0.0000,0.0000,0.0000,0.0000,0.1273,0.1273,0.5077,0.5077,0.0000,0.0000,0.0000,-0.0007
1791179149.4352,0.0200,0.2305,0.0000,0.0000,0.0000,0.0000,0.0000,0.0000,0.1273,0.1258,0.5077,0.5077,0.0000,0.0000,0.0000,-0.0007
1791179149.4552,0.0200,0.2223,0.0000,0.0000,0.0000,0.0000,0.0000,0.0000,0.1273,0.1273,0.5077,0.5077,0.0000,0.0000,0.0000,-0.0007
1791179149.4752,0.0200,0.2309,0.0000,0.0000,0.0000,0.0000,0.0000,0.0000,0.1273,0.1273,0.5077,0.5077,0.0000,0.0000,0.0000,-0.0007
1791179149.4952,0.0200,0.2424,0.0000,0.0000,0.0000,0.0000,0.0000,0.0000,0.1273,0.1273,0.5077,0.5077,0.0000,0.0000,0.0000,-0.0009
1791179149.5152,0.0200,0.2309,0.0000,0.0000,0.0000,0.0000,0.0000,0.0000,0.1273,0.1258,0.5077,0.5077,0.0000,0.0000,0.0000,-0.0007
1791179149.5352,0.0200,0.3257,0.0000,0.0000,0.0000,0.0000,0.0000,0.0000,0.1273,0.1258,0.5077,0.5077,0.0000,0.0000,0.0000,-0.0007
1791179149.5551,0.0200,0.2364,0.0000,0.0000,0.0000,0.0000,0.0000,0.0000,0.1273,0.1258,0.5077,0.5077,0.0000,0.0000,0.0000,-0.0009
1791179149.5751,0.0200,0.2181,0.0000,0.0000,0.0000,0.0000,0.0000,0.0000,0.1273,0.1273,0.5077,0.5077,0.0000,0.0000,0.0000,-0.0007
1791179149.5952,0.0200,0.2475,0.0000,0.0000,0.0000,0.0000,0.0000,0.0000,0.1273,0.1273,0.5077,0.5077,0.0000,0.0000,0.0000,-0.0007
1791179149.6152,0.0200,0.2696,0.0000,0.0000,0.0000,0.0000,0.0000,0.0000,0.1273,0.1273,0.5077,0.5077,0.0000,0.0000,0.0000,-0.0007
1791179149.6351,0.0200,0.2144,0.0000,0.0000,0.0000,0.0000,0.0000,0.0000,0.1273,0.1273,0.5077,0.5077,0.0000,0.0000,0.0000,-0.0007
1791179149.6551,0.0200,0.2168,0.0000,0.0000,0.0000,0.0000,0.0000,0.0000,0.1273,0.1273,0.5077,0.5077,0.0000,0.0000,0.0000,-0.0007
1791179149.6751,0.0200,0.1853,0.0000,0.0000,0.0000,0.0000,0.0000,0.0000,0.1273,0.1273,0.5077,0.5077,0.0000,0.0000,0.0000,-0.0009
1791179149.6951,0.0200,0.1874,0.0000,0.0000,0.0000,0.0000,0.0000,0.0000,0.1273,0.1273,0.5077,0.5077,0.0000,0.0000,0.0000,-0.0007
1791179149.7151,0.0200,0.2137,0.0000,0.0000,0.0000,0.0000,0.0000,0.0000,0.1273,0.1273,0.5077,0.5077,0.0000,0.0000,0.0000,-0.0007
1791179149.7352,0.0200,0.2423,0.0000,0.0000,0.0000,0.0000,0.0000,0.0000,0.1273,0.1273,0.5077,0.5077,0.0000,0.0000,0.0000,-0.0007
1791179149.7552,0.0200,0.2378,0.0000,0.0000,0.0000,0.0000,0.0000,0.0000,0.1273,0.1273,0.5077,0.5077,0.0000,0.0000,0.0000,-0.0007
1791179149.7752,0.0200,0.2752,0.0000,0.0000,0.0000,0.0000,0.0000,0.0000,0.1273,0.1258,0.5077,0.5077,0.0000,0.0000,0.0000,-0.0009
1791179149.7952,0.0200,0.2359,0.0000,0.0000,0.0000,0.0000,0.0000,0.0000,0.1273,0.1273,0.5077,0.5062,0.0000,0.0000,0.0000,-0.0009
1791179149.8152,0.0200,0.2387,0.0000,0.0000,0.0000,0.0000,0.0000,0.0000,0.1273,0.1273,0.5077,0.5062,0.0000,0.0000,0.0000,-0.0007
1791179149.8351,0.0200,0.2169,0.0000,0.0000,0.0000,0.0000,0.0000,0.0000,0.1273,0.1273,0.5077,0.5062,0.0000,0.0000,0.0000,-0.0009
1791179149.8551,0.0200,0.1715,0.0000,0.0000,0.0000,0.0000,0.0000,0.0000,0.1273,0.1273,0.5077,0.5062,0.0000,0.0000,0.0000,-0.0007
1791179149.8752,0.0200,0.2425,0.0000,0.0000,0.0000,0.0000,0.0000,0.0000,0.1273,0.1273,0.5077,0.5062,0.0000,0.0000,0.0000,-0.0007
1791179149.8952,0.0200,0.2104,0.0000,0.0000,0.0000,0.0000,0.0000,0.0000,0.1273,0.1273,0.5077,0.5077,0.0000,0.0000,0.0000,-0.0007
1791179149.9152,0.0200,0.3190,0.0000,0.0000,0.0000,0.0000,0.0000,0.0000,0.1273,0.1273,0.5077,0.5077,0.0000,0.0000,0.0000,-0.0009
1791179149.9352,0.0200,0.3222,0.0000,0.0000,0.0000,0.0000,0.0000,0.0000,0.1273,0.1273,0.5077,0.5077,0.0000,0.0000,0.0000,-0.0009
1791179149.9552,0.0200,0.2425,0.0000,0.0000,0.0000,0.0000,0.0000,0.0000,0.1273,0.1273,0.5077,0.5077,0.0000,0.0000,0.0000,-0.0009
1791179149.9752,0.0200,0.2789,0.0000,0.0000,0.0000,0.0000,0.0000,0.0000,0.1273,0.1258,0.5077,0.5077,0.0000,0.0000,0.0000,-0.0007
1791179149.9952,0.0200,0.2404,0.0000,0.0000,0.0000,0.0000,0.0000,0.0000,0.1273,0.1273,0.5077,0.5077,0.0000,0.0000,0.0000,-0.0007
1791179150.0152,0.0200,0.1676,0.0000,0.0000,0.0000,0.0000,0.0000,0.0000,0.1273,0.1273,0.5077,0.5062,0.0000,0.0000,0.0000,-0.0007
1791179150.0351,0.0200,0.2499,0.0000,0.0000,0.0000,0.0000,0.0000,0.0000,0.1273,0.1273,0.5077,0.5077,0.0000,0.0000,0.0000,-0.0007
1791179150.0552,0.0200,0.2421,0.0000,0.0000,0.0000,0.0000,0.0000,0.0000,0.1273,0.1273,0.5077,0.5077,0.0000,0.0000,0.0000,-0.0009
1791179150.0752,0.0200,0.1811,0.0000,0.0000,0.0000,0.0000,0.0000,0.0000,0.1273,0.1273,0.5077,0.5077,0.0000,0.0000,0.0000,-0.0007
1791179150.0951,0.0200,0.1945,0.0000,0.0000,0.0000,0.0000,0.0000,0.0000,0.1273,0.1273,0.5077,0.5062,0.0000,0.0000,0.0000,-0.0007
1791179150.1151,0.0200,0.2209,0.0000,0.0000,0.0000,0.0000,0.0000,0.0000,0.1273,0.1273,0.5077,0.5077,0.0000,0.0000,0.0000,-0.0009
1791179150.1352,0.0200,0.2304,0.0000,0.0000,0.0000,0.0000,0.0000,0.0000,0.1273,0.1273,0.5077,0.5077,0.0000,0.0000,0.0000,-0.0007
1791179150.1551,0.0200,0.2095,0.0000,0.0000,0.0000,0.0000,0.0000,0.0000,0.1273,0.1273,0.5077,0.5077,0.0000,0.0000,0.0000,-0.0007
1791179150.1752,0.0200,0.2687,0.0000,0.0000,0.0000,0.0000,0.0000,0.0000,0.1273,0.1258,0.5077,0.5077,0.0000,0.0000,0.0000,-0.0007
1791179150.1951,0.0200,0.2544,0.0000,0.0000,0.0000,0.0000,0.0000,0.0000,0.1273,0.1273,0.5077,0.5077,0.0000,0.0000,0.0000,-0.0007
1791179150.2151,0.0200,0.2147,0.0000,0.0000,0.0000,0.0000,0.0000,0.0000,0.1273,0.1273,0.5077,0.5062,0.0000,0.0000,0.0000,-0.0007
1791179150.2352,0.0200,0.2276,0.0000,0.0000,0.0000,0.0000,0.0000,0.0000,0.1273,0.1273,0.5077,0.5077,0.0000,0.0000,0.0000,-0.0007
1791179150.2552,0.0200,0.1982,0.0000,0.0000,0.0000,0.0000,0.0000,0.0000,0.1273,0.1273,0.5077,0.5077,0.0000,0.0000,0.0000,-0.0007
1791179150.2751,0.0199,0.2223,0.0000,0.0000,0.0000,0.0000,0.0000,0.0000,0.1273,0.1273,0.5077,0.5062,0.0000,0.0000,0.0000,-0.0009
1791179150.2952,0.0200,0.2147,0.0000,0.0000,0.0000,0.0000,0.0000,0.0000,0.1273,0.1273,0.5077,0.5062,0.0000,0.0000,0.0000,-0.0007
1791179150.3152,0.0201,0.2592,0.0000,0.0000,0.0000,0.0000,0.0000,0.0000,0.1273,0.1273,0.5077,0.5062,0.0000,0.0000,0.0000,-0.0007
1791179150.3352,0.0200,0.2465,0.0000,0.0000,0.0000,0.0000,0.0000,0.0000,0.1273,0.1273,0.5077,0.5077,0.0000,0.0000,0.0000,-0.0009
1791179150.3552,0.0200,0.2428,0.0000,0.0000,0.0000,0.0000,0.0000,0.0000,0.1273,0.1273,0.5077,0.5062,0.0000,0.0000,0.0000,-0.0009
1791179150.3752,0.0200,0.3257,0.0000,0.0000,0.0000,0.0000,0.0000,0.0000,0.1273,0.1273,0.5077,0.5077,0.0000,0.0000,0.0000,-0.0007
1791179150.3952,0.0200,0.2848,0.0000,0.0000,0.0000,0.0000,0.0000,0.0000,0.1273,0.1273,0.5077,0.5062,0.0000,0.0000,0.0000,-0.0007
1791179150.4152,0.0200,0.2485,0.0000,0.0000,0.0000,0.0000,0.0000,0.0000,0.1273,0.1273,0.5077,0.5077,0.0000,0.0000,0.0000,-0.0005
1791179150.4352,0.0200,0.2440,0.0000,0.0000,0.0000,-0.0240,0.0000,0.0000,0.1273,0.1273,0.5077,0.5062,0.0000,-0.0004,0.0028,-0.0005
1791179150.4552,0.0200,0.2347,0.0000,0.0000,0.0000,-0.0240,0.0000,0.0000,0.1273,0.1273,0.5077,0.5077,0.0000,-0.0004,0.0028,-0.0005
1791179150.4752,0.0200,0.2284,0.0000,0.0000,0.0000,0.0000,0.0000,0.0000,0.1273,0.1273,0.5077,0.5077,0.0000,0.0000,0.0000,-0.0007
1791179150.4952,0.0200,0.3184,0.0000,0.0000,0.0000,0.0000,0.0000,0.0000,0.1273,0.1273,0.5077,0.5077,0.0000,0.0000,0.0000,-0.0005
1791179150.5152,0.0200,0.2335,0.0000,0.0000,0.0000,0.0000,0.0000,0.0000,0.1273,0.1258,0.5077,0.5077,0.0000,0.0000,0.0000,-0.0005
1791179150.5352,0.0200,0.2328,0.0000,0.0000,0.0000,0.0000,0.0000,0.0000,0.1273,0.1258,0.5077,0.5062,0.0000,0.0000,0.0000,-0.0005
1791179150.5551,0.0200,0.1824,0.0000,0.0000,0.0000,0.0000,0.0000,0.0000,0.1273,0.1273,0.5077,0.5062,0.0000,0.0000,0.0000,-0.0005
1791179150.5751,0.0200,0.1870,0.0000,0.0000,0.0000,0.0000,0.0000,0.0000,0.1273,0.1273,0.5077,0.5077,0.0000,0.0000,0.0000,-0.0007
1791179150.5951,0.0200,0.2166,0.0000,0.0000,0.0000,0.0000,0.0000,0.0000,0.1273,0.1258,0.5077,0.5062,0.0000,0.0000,0.0000,-0.0005
1791179150.6151,0.0200,0.2192,0.0000,0.0000,0.0000,0.0000,0.0000,0.0000,0.1273,0.1273,0.5077,0.5077,0.0000,0.0000,0.0000,-0.0005
1791179150.6351,0.0200,0.1839,0.0000,0.0000,0.0000,0.0000,0.0000,0.0000,0.1273,0.1273,0.5077,0.5062,0.0000,0.0000,0.0000,-0.0007
1791179150.6551,0.0200,0.2135,0.0000,0.0000,0.0000,0.0000,0.0000,0.0000,0.1273,0.1273,0.5077,0.5062,0.0000,0.0000,0.0000,-0.0005
1791179150.6751,0.0200,0.1892,0.0000,0.0000,0.0000,0.0000,0.0000,0.0000,0.1273,0.1258,0.5077,0.5062,0.0000,0.0000,0.0000,-0.0007
1791179150.6951,0.0200,0.2391,0.0000,0.0000,0.0000,0.0000,0.0000,0.0000,0.1273,0.1258,0.5077,0.5077,0.0000,0.0000,0.0000,-0.0004
1791179150.7151,0.0200,0.2131,0.0000,0.0000,0.0000,0.0000,0.0000,0.0000,0.1273,0.1273,0.5077,0.5077,0.0000,0.0000,0.0000,-0.0007
1791179150.7352,0.0200,0.3214,0.0000,0.0000,0.0000,0.0000,0.0000,0.0000,0.1273,0.1273,0.5077,0.5077,0.0000,0.0000,0.0000,-0.0007
1791179150.7552,0.0200,0.2376,0.0000,0.0000,0.0000,0.0000,0.0000,0.0000,0.1273,0.1273,0.5077,0.5077,0.0000,0.0000,0.0000,-0.0007
1791179150.7752,0.0200,0.2304,0.0000,0.0000,0.0000,0.0000,0.0000,0.0000,0.1273,0.1273,0.5077,0.5077,0.0000,0.0000,0.0000,-0.0005
1791179150.7952,0.0200,0.2498,0.0000,0.0000,0.0000,0.0000,0.0000,0.0000,0.1273,0.1258,0.5077,0.5062,0.0000,0.0000,0.0000,-0.0005
1791179150.8151,0.0200,0.1904,0.0000,0.0000,0.0000,0.0000,0.0000,0.0000,0.1273,0.1273,0.5077,0.5062,0.0000,0.0000,0.0000,-0.0005
1791179150.8352,0.0200,0.2427,0.0000,0.0000,0.0000,0.0000,0.0000,0.0000,0.1273,0.1273,0.5077,0.5062,0.0000,0.0000,0.0000,-0.0005
1791179150.8552,0.0200,0.2109,0.0000,0.0000,0.0000,0.0000,0.0000,0.0000,0.1273,0.1258,0.5077,0.5077,0.0000,0.0000,0.0000,-0.0005
1791179150.8751,0.0200,0.1848,0.0000,0.0000,0.0000,0.0000,0.0000,0.0000,0.1273,0.1273,0.5077,0.5077,0.0000,0.0000,0.0000,-0.0005
1791179150.8952,0.0200,0.2376,0.0000,0.0000,0.0000,0.0000,0.0000,0.0000,0.1273,0.1273,0.5077,0.5077,0.0000,0.0000,0.0000,-0.0005
1791179150.9152,0.0200,0.2062,0.0000,0.0000,0.0000,0.0000,0.0000,0.0000,0.1273,0.1273,0.5077,0.5077,0.0000,0.0000,0.0000,-0.0005
1791179150.9352,0.0200,0.3205,0.0000,0.0000,0.0000,0.0000,0.0000,0.0000,0.1273,0.1258,0.5077,0.5062,0.0000,0.0000,0.0000,-0.0005
1791179150.9552,0.0200,0.1756,0.0000,0.0000,0.0000,0.0000,0.0000,0.0000,0.1273,0.1273,0.5077,0.5077,0.0000,0.0000,0.0000,-0.0005
1791179150.9751,0.0200,0.2472,0.0000,0.0000,0.0000,0.0000,0.0000,0.0000,0.1273,0.1273,0.5077,0.5062,0.0000,0.0000,0.0000,-0.0005
1791179150.9952,0.0200,0.2417,0.0000,0.0000,0.0000,0.0000,0.0000,0.0000,0.1273,0.1273,0.5077,0.5077,0.0000,0.0000,0.0000,-0.0005
1791179151.0152,0.0200,0.2318,0.0000,0.0000,0.0000,0.0000,0.0000,0.0000,0.1273,0.1273,0.5077,0.5077,0.0000,0.0000,0.0000,-0.0005
1791179151.0352,0.0200,0.1791,0.0000,0.0000,0.0000,0.0000,0.0000,0.0000,0.1273,0.1273,0.5077,0.5077,0.0000,0.0000,0.0000,-0.0005
1791179151.0551,0.0200,0.1828,0.0000,0.0000,0.0000,0.0000,0.0000,0.0000,0.1273,0.1258,0.5077,0.5062,0.0000,0.0000,0.0000,-0.0007
1791179151.0751,0.0200,0.2148,0.0000,0.0000,0.0000,0.0000,0.0000,0.0000,0.1273,0.1273,0.5077,0.5062,0.0000,0.0000,0.0000,-0.0005
1791179151.0952,0.0200,0.2321,0.0000,0.0000,0.0000,0.0000,0.0000,0.0000,0.1273,0.1273,0.5077,0.5077,0.0000,0.0000,0.0000,-0.0005
1791179151.1151,0.0200,0.2054,0.0000,0.0000,0.0000,0.0000,0.0000,0.0000,0.1273,0.1273,0.5077,0.5077,0.0000,0.0000,0.0000,-0.0005
1791179151.1352,0.0201,0.2014,0.0000,0.0000,0.0000,0.0000,0.0000,0.0000,0.1273,0.1258,0.5077,0.5077,0.0000,0.0000,0.0000,-0.0007
1791179151.1551,0.0200,0.2171,0.0000,0.0000,0.0000,0.0000,0.0000,0.0000,0.1273,0.1273,0.5077,0.5062,0.0000,0.0000,0.0000,-0.0005
1791179151.1752,0.0200,0.2348,0.0000,0.0000,0.0000,0.0000,0.0000,0.0000,0.1273,0.1273,0.5077,0.5077,0.0000,0.0000,0.0000,-0.0004
1791179151.1952,0.0200,0.1666,0.0000,0.0000,0.0000,0.0000,0.0000,0.0000,0.1273,0.1273,0.5077,0.5062,0.0000,0.0000,0.0000,-0.0005
1791179151.2151,0.0200,0.2122,0.0000,0.0000,0.0000,0.0000,0.0000,0.0000,0.1273,0.1258,0.5077,0.5077,0.0000,0.0000,0.0000,-0.0005
1791179151.2352,0.0200,0.2285,0.0000,0.0000,0.0000,0.0000,0.0000,0.0000,0.1273,0.1258,0.5077,0.5077,0.0000,0.0000,0.0000,-0.0005
1791179151.2552,0.0200,0.1985,0.0000,0.0000,0.0000,0.0000,0.0000,0.0000,0.1273,0.1273,0.5077,0.5077,0.0000,0.0000,0.0000,-0.0005
1791179151.2751,0.0200,0.2371,0.0000,0.0000,0.0000,0.0000,0.0000,0.0000,0.1273,0.1273,0.5077,0.5077,0.0000,0.0000,0.0000,-0.0005
1791179151.2952,0.0200,0.3127,0.0000,0.0000,0.0000,0.0000,0.0000,0.0000,0.1273,0.1273,0.5077,0.5077,0.0000,0.0000,0.0000,-0.0007
1791179151.3152,0.0200,0.2097,0.0000,0.0000,0.0000,0.0000,0.0000,0.0000,0.1273,0.1273,0.5077,0.5077,0.0000,0.0000,0.0000,-0.0005
1791179151.3352,0.0200,0.2368,0.0000,0.0000,0.0000,0.0000,0.0000,0.0000,0.1273,0.1258,0.5077,0.5077,0.0000,0.0000,0.0000,-0.0005
1791179151.3552,0.0200,0.2267,0.0000,0.0000,0.0000,0.0000,0.0000,0.0000,0.1273,0.1258,0.5077,0.5077,0.0000,0.0000,0.0000,-0.0005
1791179151.3752,0.0200,0.2172,0.0000,0.0000,0.0000,0.0000,0.0000,0.0000,0.1273,0.1273,0.5077,0.5077,0.0000,0.0000,0.0000,-0.0005
1791179151.3952,0.0200,0.2274,0.0000,0.0000,0.0000,0.0000,0.0000,0.0000,0.1273,0.1273,0.5077,0.5077,0.0000,0.0000,0.0000,-0.0005
1791179151.4152,0.0200,0.2292,0.0000,0.0000,0.0000,0.0000,0.0000,0.0000,0.1273,0.1273,0.5077,0.5077,0.0000,0.0000,0.0000,-0.0005
1791179151.4352,0.0200,0.2268,0.0000,0.0000,0.0000,0.0000,0.0000,0.0000,0.1273,0.1273,0.5077,0.5077,0.0000,0.0000,0.0000,-0.0007
1791179151.4552,0.0200,0.2227,0.0000,0.0000,0.0000,0.0000,0.0000,0.0000,0.1273,0.1273,0.5077,0.5077,0.0000,0.0000,0.0000,-0.0005
1791179151.4752,0.0200,0.2314,0.0000,0.0000,0.0000,0.0000,0.0000,0.0000,0.1273,0.1273,0.5077,0.5077,0.0000,0.0000,0.0000,-0.0007
1791179151.4952,0.0200,0.2229,0.0000,0.0000,0.0000,0.0000,0.0000,0.0000,0.1273,0.1273,0.5077,0.5077,0.0000,0.0000,0.0000,-0.0005
1791179151.5151,0.0199,0.1667,0.0000,0.0000,0.0000,0.0000,0.0000,0.0000,0.1273,0.1258,0.5077,0.5077,0.0000,0.0000,0.0000,-0.0005
1791179151.5351,0.0200,0.2134,0.0000,0.0000,0.0000,0.0000,0.0000,0.0000,0.1273,0.1273,0.5077,0.5077,0.0000,0.0000,0.0000,-0.0007
1791179151.5551,0.0200,0.1861,0.0000,0.0000,0.0000,0.0000,0.0000,0.0000,0.1273,0.1258,0.5077,0.5077,0.0000,0.0000,0.0000,-0.0005
1791179151.5751,0.0200,0.1867,0.0000,0.0000,0.0000,0.0000,0.0000,0.0000,0.1273,0.1258,0.5077,0.5077,0.0000,0.0000,0.0000,-0.0005
1791179151.5952,0.0200,0.2578,0.0000,0.0000,0.0000,0.0000,0.0000,0.0000,0.1273,0.1258,0.5077,0.5077,0.0000,0.0000,0.0000,-0.0005
1791179151.6152,0.0200,0.2424,0.0000,0.0000,0.0000,0.0000,0.0000,0.0000,0.1273,0.1258,0.5077,0.5077,0.0000,0.0000,0.0000,-0.0005
1791179151.6351,0.0200,0.2135,0.0000,0.0000,0.0000,0.0000,0.0000,0.0000,0.1273,0.1273,0.5077,0.5077,0.0000,0.0000,0.0000,-0.0007
1791179151.6551,0.0200,0.2354,0.0000,0.0000,0.0000,0.0000,0.0000,0.0000,0.1273,0.1273,0.5077,0.5077,0.0000,0.0000,0.0000,-0.0005
1791179151.6751,0.0200,0.1707,0.0000,0.0000,0.0000,0.0000,0.0000,0.0000,0.1273,0.1273,0.5077,0.5077,0.0000,0.0000,0.0000,-0.0007
1791179151.6951,0.0200,0.2377,0.0000,0.0000,0.0000,0.0000,0.0000,0.0000,0.1273,0.1273,0.5077,0.5077,0.0000,0.0000,0.0000,-0.0005
1791179151.7152,0.0200,0.2203,0.0000,0.0000,0.0000,0.0000,0.0000,0.0000,0.1273,0.1273,0.5077,0.5077,0.0000,0.0000,0.0000,-0.0005
1791179151.7352,0.0200,0.2250,0.0000,0.0000,0.0000,0.0000,0.0000,0.0000,0.1273,0.1273,0.5077,0.5077,0.0000,0.0000,0.0000,-0.0005
1791179151.7552,0.0200,0.2816,0.0000,0.0000,0.0000,0.0000,0.0000,0.0000,0.1273,0.1273,0.5077,0.5077,0.0000,0.0000,0.0000,-0.0005
1791179151.7752,0.0200,0.2089,0.0000,0.0000,0.0000,0.0000,0.0000,0.0000,0.1273,0.1258,0.5077,0.5062,0.0000,0.0000,0.0000,-0.0005
1791179151.7952,0.0200,0.2285,0.0000,0.0000,0.0000,0.0000,0.0000,0.0000,0.1273,0.1273,0.5077,0.5077,0.0000,0.0000,0.0000,-0.0005
1791179151.8152,0.0200,0.2253,0.0000,0.0000,0.0000,0.0000,0.0000,0.0000,0.1273,0.1273,0.5077,0.5077,0.0000,0.0000,0.0000,-0.0007
1791179151.8352,0.0200,0.2298,0.0000,0.0000,0.0000,0.0000,0.0000,0.0000,0.1273,0.1273,0.5077,0.5062,0.0000,0.0000,0.0000,-0.0007
1791179151.8552,0.0200,0.2306,0.0000,0.0000,0.0000,0.0000,0.0000,0.0000,0.1273,0.1258,0.5077,0.5077,0.0000,0.0000,0.0000,-0.0005
1791179151.8752,0.0200,0.1664,0.0000,0.0000,0.0000,0.0000,0.0000,0.0000,0.1273,0.1273,0.5077,0.5077,0.0000,0.0000,0.0000,-0.0005
1791179151.8951,0.0200,0.2416,0.0000,0.0000,0.0000,0.0000,0.0000,0.0000,0.1273,0.1273,0.5077,0.5077,0.0000,0.0000,0.0000,-0.0007
1791179151.9152,0.0200,0.2303,0.0000,0.0000,0.0000,0.0000,0.0000,0.0000,0.1273,0.1273,0.5077,0.5062,0.0000,0.0000,0.0000,-0.0005
1791179151.9352,0.0200,0.1789,0.0000,0.0000,0.0000,0.0000,0.0000,0.0000,0.1273,0.1258,0.5077,0.5077,0.0000,0.0000,0.0000,-0.0005
1791179151.9551,0.0200,0.1869,0.0000,0.0000,0.0000,0.0000,0.0000,0.0000,0.1273,0.1258,0.5077,0.5077,0.0000,0.0000,0.0000,-0.0007
1791179151.9751,0.0200,0.2146,0.0000,0.0000,0.0000,0.0000,0.0000,0.0000,0.1273,0.1258,0.5077,0.5062,0.0000,0.0000,0.0000,-0.0004
1791179151.9952,0.0200,0.2342,0.0000,0.0000,0.0000,0.0000,0.0000,0.0000,0.1273,0.1273,0.5077,0.5077,0.0000,0.0000,0.0000,-0.0005
1791179152.0152,0.0200,0.1822,0.0000,0.0000,0.0000,0.0000,0.0000,0.0000,0.1273,0.1258,0.5077,0.5077,0.0000,0.0000,0.0000,-0.0005
1791179152.0351,0.0200,0.1829,0.0000,0.0000,0.0000,0.0000,0.0000,0.0000,0.1273,0.1258,0.5077,0.5077,0.0000,0.0000,0.0000,-0.0005
1791179152.0552,0.0200,0.2409,0.0000,0.0000,0.0000,0.0000,0.0000,0.0000,0.1273,0.1258,0.5077,0.5077,0.0000,0.0000,0.0000,-0.0005
1791179152.0751,0.0200,0.2274,0.0000,0.0000,0.0000,0.0000,0.0000,0.0000,0.1273,0.1273,0.5077,0.5077,0.0000,0.0000,0.0000,-0.0005
1791179152.0952,0.0200,0.2084,0.0000,0.0000,0.0000,0.0000,0.0000,0.0000,0.1273,0.1273,0.5077,0.5062,0.0000,0.0000,0.0000,-0.0005
1791179152.1152,0.0200,0.2321,0.0000,0.0000,0.0000,0.0000,0.0000,0.0000,0.1273,0.1273,0.5077,0.5077,0.0000,0.0000,0.0000,-0.0005
1791179152.1352,0.0200,0.1929,0.0000,0.0000,0.0000,0.0000,0.0000,0.0000,0.1273,0.1273,0.5077,0.5077,0.0000,0.0000,0.0000,-0.0005
1791179152.1552,0.0200,0.3023,0.0000,0.0000,0.0000,0.0000,0.0000,0.0000,0.1273,0.1273,0.5077,0.5077,0.0000,0.0000,0.0000,-0.0005
1791179152.1752,0.0200,0.2384,0.0000,0.0000,0.0000,0.0000,0.0000,0.0000,0.1273,0.1273,0.5077,0.5077,0.0000,0.0000,0.0000,-0.0007
1791179152.1952,0.0200,0.2363,0.0000,0.0000,0.0000,0.0000,0.0000,0.0000,0.1273,0.1273,0.5077,0.5077,0.0000,0.0000,0.0000,-0.0005
1791179152.2152,0.0200,0.2393,0.0000,0.0000,0.0000,0.0000,0.0000,0.0000,0.1273,0.1273,0.5077,0.5077,0.0000,0.0000,0.0000,-0.0005
1791179152.2352,0.0200,0.3233,0.0000,0.0000,0.0000,0.0000,0.0000,0.0000,0.1273,0.1273,0.5077,0.5062,0.0000,0.0000,0.0000,-0.0005
1791179152.2552,0.0200,0.2485,0.0000,0.0000,0.0000,0.0000,0.0000,0.0000,0.1273,0.1273,0.5077,0.5077,0.0000,0.0000,0.0000,-0.0005
1791179152.2752,0.0200,0.2370,0.0000,0.0000,0.0000,0.0000,0.0000,0.0000,0.1273,0.1273,0.5077,0.5077,0.0000,0.0000,0.0000,-0.0005
1791179152.2952,0.0200,0.2020,0.0000,0.0000,0.0000,0.0000,0.0000,0.0000,0.1273,0.1273,0.5077,0.5077,0.0000,0.0000,0.0000,-0.0005
1791179152.3152,0.0200,0.2777,0.0000,0.0000,0.0000,0.0000,0.0000,0.0000,0.1273,0.1273,0.5077,0.5077,0.0000,0.0000,0.0000,-0.0005
1791179152.3352,0.0200,0.2424,0.0000,0.0000,0.0000,0.0000,0.0000,0.0000,0.1273,0.1273,0.5077,0.5077,0.0000,0.0000,0.0000,-0.0007
1791179152.3552,0.0200,0.2348,0.0000,0.0000,0.0000,0.0000,0.0000,0.0000,0.1273,0.1273,0.5077,0.5077,0.0000,0.0000,0.0000,-0.0005
1791179152.3752,0.0200,0.2395,0.0000,0.0000,0.0000,0.0000,0.0000,0.0000,0.1273,0.1273,0.5077,0.5077,0.0000,0.0000,0.0000,-0.0007
1791179152.3952,0.0200,0.3203,0.0000,0.0000,0.0000,0.0000,0.0000,0.0000,0.1273,0.1273,0.5077,0.5077,0.0000,0.0000,0.0000,-0.0005
1791179152.4152,0.0200,0.2298,0.0000,0.0000,0.0000,0.0000,0.0000,0.0000,0.1273,0.1273,0.5077,0.5062,0.0000,0.0000,0.0000,-0.0005
1791179152.4352,0.0200,0.2364,0.0000,0.0000,0.0000,0.0000,0.0000,0.0000,0.1273,0.1258,0.5077,0.5077,0.0000,0.0000,0.0000,-0.0005
1791179152.4552,0.0200,0.2262,0.0000,0.0000,0.0000,0.0000,0.0000,0.0000,0.1273,0.1258,0.5077,0.5062,0.0000,0.0000,0.0000,-0.0005
1791179152.4751,0.0199,0.1666,0.0000,0.0000,0.0000,0.0000,0.0000,0.0000,0.1273,0.1273,0.5077,0.5062,0.0000,0.0000,0.0000,-0.0005
1791179152.4951,0.0200,0.1951,0.0000,0.0000,0.0000,0.0000,0.0000,0.0000,0.1273,0.1273,0.5077,0.5077,0.0000,0.0000,0.0000,-0.0005
1791179152.5151,0.0200,0.2181,0.0000,0.0000,0.0000,0.0000,0.0000,0.0000,0.1273,0.1273,0.5077,0.5077,0.0000,0.0000,0.0000,-0.0007
1791179152.5352,0.0201,0.2382,0.0000,0.0000,0.0000,0.0000,0.0000,0.0000,0.1273,0.1273,0.5077,0.5077,0.0000,0.0000,0.0000,-0.0005
1791179152.5551,0.0199,0.2167,0.0000,0.0000,0.0000,0.0000,0.0000,0.0000,0.1273,0.1273,0.5077,0.5077,0.0000,0.0000,0.0000,-0.0005
1791179152.5752,0.0200,0.1825,0.0000,0.0000,0.0000,0.0000,0.0000,0.0000,0.1273,0.1273,0.5077,0.5077,0.0000,0.0000,0.0000,-0.0005
1791179152.5951,0.0200,0.2455,0.0000,0.0000,0.0000,0.0000,0.0000,0.0000,0.1273,0.1273,0.5077,0.5077,0.0000,0.0000,0.0000,-0.0005
1791179152.6151,0.0200,0.2205,0.0000,0.0000,0.0000,0.0000,0.0000,0.0000,0.1273,0.1273,0.5077,0.5077,0.0000,0.0000,0.0000,-0.0005
1791179152.6352,0.0201,0.1942,0.0000,0.0000,0.0000,0.0000,0.0000,0.0000,0.1273,0.1273,0.5077,0.5077,0.0000,0.0000,0.0000,-0.0005
1791179152.6551,0.0199,0.2058,0.0000,0.0000,0.0000,0.0000,0.0000,0.0000,0.1273,0.1273,0.5077,0.5077,0.0000,0.0000,0.0000,-0.0007
1791179152.6752,0.0200,0.2311,0.0000,0.0000,0.0000,0.0000,0.0000,0.0000,0.1273,0.1273,0.5077,0.5077,0.0000,0.0000,0.0000,-0.0005
1791179152.6952,0.0200,0.2039,0.0000,0.0000,0.0000,0.0000,0.0000,0.0000,0.1273,0.1273,0.5077,0.5077,0.0000,0.0000,0.0000,-0.0005
1791179152.7153,0.0201,0.1668,0.0000,0.0000,0.0000,0.0000,0.0000,0.0000,0.1273,0.1273,0.5077,0.5077,0.0000,0.0000,0.0000,-0.0005
1791179152.7352,0.0199,0.2088,0.0000,0.0000,0.0000,0.0000,0.0000,0.0000,0.1273,0.1258,0.5077,0.5077,0.0000,0.0000,0.0000,-0.0004
1791179152.7553,0.0201,0.1682,0.0000,0.0000,0.0000,0.0000,0.0000,0.0000,0.1273,0.1273,0.5077,0.5077,0.0000,0.0000,0.0000,-0.0005
1791179152.7751,0.0199,0.2122,0.0000,0.0000,0.0000,0.0000,0.0000,0.0000,0.1273,0.1273,0.5077,0.5077,0.0000,0.0000,0.0000,-0.0005
1791179152.7952,0.0201,0.2437,0.0000,0.0000,0.0000,0.0000,0.0000,0.0000,0.1273,0.1273,0.5077,0.5077,0.0000,0.0000,0.0000,-0.0005
1791179152.8151,0.0200,0.2110,0.0000,0.0000,0.0000,0.0000,0.0000,0.0000,0.1273,0.1273,0.5077,0.5077,0.0000,0.0000,0.0000,-0.0005
1791179152.8352,0.0200,0.2326,0.0000,0.0000,0.0000,0.0000,0.0000,0.0000,0.1273,0.1273,0.5077,0.5077,0.0000,0.0000,0.0000,-0.0005
1791179152.8552,0.0200,0.2705,0.0000,0.0000,0.0000,0.0000,0.0000,0.0000,0.1273,0.1273,0.5077,0.5077,0.0000,0.0000,0.0000,-0.0005
1791179152.8752,0.0200,0.1559,0.0000,0.0000,0.0000,0.0000,0.0000,0.0000,0.1273,0.1258,0.5077,0.5077,0.0000,0.0000,0.0000,-0.0007
1791179152.8952,0.0200,0.2437,0.0000,0.0000,0.0000,0.0000,0.0000,0.0000,0.1273,0.1273,0.5077,0.5077,0.0000,0.0000,0.0000,-0.0005
1791179152.9152,0.0201,0.2309,0.0000,0.0000,0.0000,0.0000,0.0000,0.0000,0.1273,0.1273,0.5077,0.5077,0.0000,0.0000,0.0000,-0.0005
1791179152.9352,0.0199,0.1647,0.0000,0.0000,0.0000,0.0000,0.0000,0.0000,0.1273,0.1273,0.5077,0.5077,0.0000,0.0000,0.0000,-0.0005
1791179152.9552,0.0200,0.1965,0.0000,0.0000,0.0000,0.0000,0.0000,0.0000,0.1273,0.1273,0.5077,0.5077,0.0000,0.0000,0.0000,-0.0005
1791179152.9751,0.0200,0.1885,0.0000,0.0000,0.0000,0.0000,0.0000,0.0000,0.1273,0.1273,0.5077,0.5077,0.0000,0.0000,0.0000,-0.0005
1791179152.9951,0.0200,0.2148,0.0000,0.0000,0.0000,0.0000,0.0000,0.0000,0.1273,0.1273,0.5077,0.5077,0.0000,0.0000,0.0000,-0.0005
1791179153.0152,0.0200,0.2342,0.0000,0.0000,0.0000,0.0000,0.0000,0.0000,0.1273,0.1273,0.5077,0.5077,0.0000,0.0000,0.0000,-0.0005
1791179153.0353,0.0201,0.1978,0.0000,0.0000,0.0000,0.0000,0.0000,0.0000,0.1273,0.1273,0.5077,0.5077,0.0000,0.0000,0.0000,-0.0005
1791179153.0551,0.0199,0.3020,0.0000,0.0000,0.0000,0.0000,0.0000,0.0000,0.1273,0.1273,0.5077,0.5077,0.0000,0.0000,0.0000,-0.0005
1791179153.0752,0.0200,0.2158,0.0000,0.0000,0.0000,0.0000,0.0000,0.0000,0.1273,0.1273,0.5077,0.5077,0.0000,0.0000,0.0000,-0.0005
1791179153.0952,0.0200,0.2353,0.0000,0.0000,0.0000,0.0000,0.0000,0.0000,0.1273,0.1273,0.5077,0.5077,0.0000,0.0000,0.0000,-0.0005
1791179153.1152,0.0200,0.2390,0.0000,0.0000,0.0000,0.0000,0.0000,0.0000,0.1273,0.1273,0.5077,0.5077,0.0000,0.0000,0.0000,-0.0005
1791179153.1352,0.0200,0.2331,0.0000,0.0000,0.0000,0.0000,0.0000,0.0000,0.1273,0.1273,0.5077,0.5077,0.0000,0.0000,0.0000,-0.0005
1791179153.1552,0.0200,0.2353,0.0000,0.0000,0.0000,0.0000,0.0000,0.0000,0.1273,0.1273,0.5077,0.5077,0.0000,0.0000,0.0000,-0.0005
1791179153.1752,0.0200,0.3134,0.0000,0.0000,0.0000,0.0000,0.0000,0.0000,0.1273,0.1258,0.5077,0.5077,0.0000,0.0000,0.0000,-0.0004
1791179153.1952,0.0200,0.2402,0.0000,0.0000,0.0000,0.0000,0.0000,0.0000,0.1273,0.1273,0.5077,0.5077,0.0000,0.0000,0.0000,-0.0004
1791179153.2153,0.0201,0.1959,0.0000,0.0000,0.0000,0.0000,0.0000,0.0000,0.1273,0.1273,0.5077,0.5077,0.0000,0.0000,0.0000,-0.0005
1791179153.2352,0.0199,0.3253,0.0000,0.0000,0.0000,0.0000,0.0000,0.0000,0.1273,0.1273,0.5077,0.5077,0.0000,0.0000,0.0000,-0.0005
1791179153.2552,0.0200,0.2083,0.0000,0.0000,0.0000,0.0000,0.0000,0.0000,0.1273,0.1273,0.5077,0.5077,0.0000,0.0000,0.0000,-0.0005
1791179153.2751,0.0200,0.2171,0.0000,0.0000,0.0000,0.0000,0.0000,0.0000,0.1273,0.1273,0.5077,0.5077,0.0000,0.0000,0.0000,-0.0005
1791179153.2952,0.0200,0.2341,0.0000,0.0000,0.0000,0.0000,0.0000,0.0000,0.1273,0.1273,0.5077,0.5077,0.0000,0.0000,0.0000,-0.0007
1791179153.3152,0.0200,0.2374,0.0000,0.0000,0.0000,0.0000,0.0000,0.0000,0.1273,0.1258,0.5077,0.5077,0.0000,0.0000,0.0000,-0.0007
1791179153.3352,0.0200,0.2304,0.0000,0.0000,0.0000,0.0000,0.0000,0.0000,0.1273,0.1258,0.5077,0.5077,0.0000,0.0000,0.0000,-0.0004
1791179153.3552,0.0200,0.2300,0.0000,0.0000,0.0000,0.0000,0.0000,0.0000,0.1273,0.1273,0.5077,0.5077,0.0000,0.0000,0.0000,-0.0005
1791179153.3752,0.0200,0.2306,0.0000,0.0000,0.0000,0.0000,0.0000,0.0000,0.1273,0.1258,0.5077,0.5077,0.0000,0.0000,0.0000,-0.0004
1791179153.3952,0.0200,0.2300,0.0000,0.0000,0.0000,0.0000,0.0000,0.0000,0.1273,0.1258,0.5077,0.5077,0.0000,0.0000,0.0000,-0.0005
1791179153.4152,0.0200,0.2292,0.0000,0.0000,0.0000,0.0000,0.0000,0.0000,0.1273,0.1273,0.5077,0.5077,0.0000,0.0000,0.0000,-0.0005
1791179153.4352,0.0200,0.2295,0.0000,0.0000,0.0000,0.0000,0.0000,0.0000,0.1273,0.1273,0.5077,0.5077,0.0000,0.0000,0.0000,-0.0005
1791179153.4552,0.0200,0.2412,0.0000,0.0000,0.0000,0.0000,0.0000,0.0000,0.1273,0.1273,0.5077,0.5077,0.0000,0.0000,0.0000,-0.0004
1791179153.4751,0.0200,0.1876,0.0000,0.0000,0.0000,0.0000,0.0000,0.0000,0.1273,0.1273,0.5077,0.5077,0.0000,0.0000,0.0000,-0.0005
1791179153.4951,0.0200,0.1825,0.0000,0.0000,0.0000,0.0000,0.0000,0.0000,0.1273,0.1289,0.5077,0.5077,0.0000,0.0000,0.0000,-0.0005
1791179153.5151,0.0200,0.2427,0.0000,0.0000,0.0000,0.0000,0.0000,0.0000,0.1273,0.1273,0.5077,0.5062,0.0000,0.0000,0.0000,-0.0005
1791179153.5351,0.0200,0.1852,0.0000,0.0000,0.0000,0.0000,0.0000,0.0000,0.1273,0.1273,0.5077,0.5077,0.0000,0.0000,0.0000,-0.0005
1791179153.5551,0.0200,0.1853,0.0000,0.0000,0.0000,0.0000,0.0000,0.0000,0.1273,0.1273,0.5077,0.5077,0.0000,0.0000,0.0000,-0.0005
1791179153.5751,0.0200,0.2400,0.0000,0.0000,0.0000,0.0000,0.0000,0.0000,0.1273,0.1273,0.5077,0.5077,0.0000,0.0000,0.0000,-0.0005
1791179153.5952,0.0200,0.2423,0.0000,0.0000,0.0000,0.0000,0.0000,0.0000,0.1273,0.1273,0.5077,0.5077,0.0000,0.0000,0.0000,-0.0005
1791179153.6151,0.0200,0.2144,0.0000,0.0000,0.0000,0.0000,0.0000,0.0000,0.1273,0.1273,0.5077,0.5077,0.0000,0.0000,0.0000,-0.0005
1791179153.6351,0.0200,0.2400,0.0000,0.0000,0.0000,0.0000,0.0000,0.0000,0.1273,0.1273,0.5077,0.5077,0.0000,0.0000,0.0000,-0.0007
1791179153.6552,0.0200,0.2318,0.0000,0.0000,0.0000,0.0000,0.0000,0.0000,0.1273,0.1273,0.5077,0.5077,0.0000,0.0000,0.0000,-0.0005
1791179153.6752,0.0200,0.2264,0.0000,0.0000,0.0000,0.0000,0.0000,0.0000,0.1273,0.1273,0.5077,0.5077,0.0000,0.0000,0.0000,-0.0005
1791179153.6952,0.0200,0.2255,0.0000,0.0000,0.0000,0.0000,0.0000,0.0000,0.1273,0.1258,0.5077,0.5077,0.0000,0.0000,0.0000,-0.0007
1791179153.7152,0.0200,0.2262,0.0000,0.0000,0.0000,0.0000,0.0000,0.0000,0.1273,0.1258,0.5077,0.5077,0.0000,0.0000,0.0000,-0.0005
1791179153.7352,0.0200,0.2247,0.0000,0.0000,0.0000,0.0000,0.0000,0.0000,0.1273,0.1258,0.5077,0.5077,0.0000,0.0000,0.0000,-0.0005
1791179153.7552,0.0200,0.2246,0.0000,0.0000,0.0000,0.0000,0.0000,0.0000,0.1273,0.1273,0.5077,0.5077,0.0000,0.0000,0.0000,-0.0007
1791179153.7752,0.0200,0.1663,0.0000,0.0000,0.0000,0.0000,0.0000,0.0000,0.1273,0.1258,0.5077,0.5077,0.0000,0.0000,0.0000,-0.0007
1791179153.7952,0.0200,0.2387,0.0000,0.0000,0.0000,0.0000,0.0000,0.0000,0.1273,0.1258,0.5077,0.5077,0.0000,0.0000,0.0000,-0.0005
1791179153.8152,0.0200,0.2295,0.0000,0.0000,0.0000,0.0000,0.0000,0.0000,0.1273,0.1273,0.5077,0.5077,0.0000,0.0000,0.0000,-0.0005
1791179153.8352,0.0200,0.1669,0.0000,0.0000,0.0000,0.0000,0.0000,0.0000,0.1273,0.1258,0.5077,0.5077,0.0000,0.0000,0.0000,-0.0005
1791179153.8551,0.0200,0.2368,0.0000,0.0000,0.0000,0.0000,0.0000,0.0000,0.1273,0.1258,0.5077,0.5077,0.0000,0.0000,0.0000,-0.0005
1791179153.8752,0.0200,0.2428,0.0000,0.0000,0.0000,0.0000,0.0000,0.0000,0.1273,0.1273,0.5077,0.5077,0.0000,0.0000,0.0000,-0.0007
1791179153.8952,0.0200,0.1670,0.0000,0.0000,0.0000,0.0000,0.0000,0.0000,0.1273,0.1258,0.5077,0.5077,0.0000,0.0000,0.0000,-0.0005
1791179153.9152,0.0200,0.2284,0.0000,0.0000,0.0000,0.0000,0.0000,0.0000,0.1273,0.1273,0.5077,0.5077,0.0000,0.0000,0.0000,-0.0005
1791179153.9352,0.0200,0.1746,0.0000,0.0000,0.0000,0.0000,0.0000,0.0000,0.1273,0.1273,0.5077,0.5077,0.0000,0.0000,0.0000,-0.0005
1791179153.9552,0.0200,0.2271,0.0000,0.0000,0.0000,0.0000,0.0000,0.0000,0.1273,0.1273,0.5077,0.5077,0.0000,0.0000,0.0000,-0.0005
1791179153.9752,0.0200,0.1756,0.0000,0.0000,0.0000,0.0000,0.0000,0.0000,0.1273,0.1273,0.5077,0.5077,0.0000,0.0000,0.0000,-0.0005
1791179153.9951,0.0200,0.1843,0.0000,0.0000,0.0000,0.0000,0.0000,0.0000,0.1273,0.1273,0.5077,0.5077,0.0000,0.0000,0.0000,-0.0005
1791179154.0151,0.0200,0.2112,0.0000,0.0000,0.0000,0.0000,0.0000,0.0000,0.1273,0.1258,0.5077,0.5077,0.0000,0.0000,0.0000,-0.0005
1791179154.0352,0.0200,0.2257,0.0000,0.0000,0.0000,0.0000,0.0000,0.0000,0.1273,0.1258,0.5077,0.5077,0.0000,0.0000,0.0000,-0.0005
1791179154.0552,0.0200,0.1825,0.0000,0.0000,0.0000,0.0000,0.0000,0.0000,0.1273,0.1258,0.5077,0.5093,0.0000,0.0000,0.0000,-0.0005
1791179154.0752,0.0200,0.1876,0.0000,0.0000,0.0000,0.0000,0.0000,0.0000,0.1273,0.1273,0.5077,0.5093,0.0000,0.0000,0.0000,-0.0005
1791179154.0952,0.0200,0.2012,0.0000,0.0000,0.0000,0.0000,0.0000,0.0000,0.1273,0.1273,0.5077,0.5077,0.0000,0.0000,0.0000,-0.0005
1791179154.1152,0.0200,0.2309,0.0000,0.0000,0.0000,0.0000,0.0000,0.0000,0.1273,0.1258,0.5077,0.5093,0.0000,0.0000,0.0000,-0.0005
1791179154.1352,0.0200,0.2400,0.0000,0.0000,0.0000,0.0000,0.0000,0.0000,0.1273,0.1258,0.5077,0.5077,0.0000,0.0000,0.0000,-0.0005
1791179154.1552,0.0200,0.2319,0.0000,0.0000,0.0000,0.0000,0.0000,0.0000,0.1273,0.1258,0.5077,0.5093,0.0000,0.0000,0.0000,-0.0005
1791179154.1752,0.0200,0.2321,0.0000,0.0000,0.0000,0.0000,0.0000,0.0000,0.1273,0.1273,0.5077,0.5093,0.0000,0.0000,0.0000,-0.0007
1791179154.1952,0.0200,0.2371,0.0000,0.0000,0.0000,0.0000,0.0000,0.0000,0.1273,0.1258,0.5077,0.5093,0.0000,0.0000,0.0000,-0.0005
1791179154.2152,0.0200,0.2319,0.0000,0.0000,0.0000,0.0000,0.0000,0.0000,0.1273,0.1273,0.5077,0.5093,0.0000,0.0000,0.0000,-0.0005
1791179154.2352,0.0200,0.2355,0.0000,0.0000,0.0000,0.0000,0.0000,0.0000,0.1273,0.1258,0.5077,0.5093,0.0000,0.0000,0.0000,-0.0005
1791179154.2552,0.0200,0.2320,0.0000,0.0000,0.0000,0.0000,0.0000,0.0000,0.1273,0.1273,0.5077,0.5077,0.0000,0.0000,0.0000,-0.0005
1791179154.2752,0.0200,0.2382,0.0000,0.0000,0.0000,0.0000,0.0000,0.0000,0.1273,0.1273,0.5077,0.5077,0.0000,0.0000,0.0000,-0.0004
1791179154.2952,0.0200,0.2310,0.0000,0.0000,0.0000,0.0000,0.0000,0.0000,0.1273,0.1273,0.5077,0.5093,0.0000,0.0000,0.0000,-0.0005
1791179154.3152,0.0200,0.2387,0.0000,0.0000,0.0000,0.0000,0.0000,0.0000,0.1273,0.1273,0.5077,0.5093,0.0000,0.0000,0.0000,-0.0005
1791179154.3352,0.0200,0.2268,0.0000,0.0000,0.0000,0.0000,0.0000,0.0000,0.1273,0.1273,0.5077,0.5077,0.0000,0.0000,0.0000,-0.0005
1791179154.3552,0.0200,0.3444,0.0000,0.0000,0.0000,0.0000,0.0000,0.0000,0.1273,0.1273,0.5077,0.5077,0.0000,0.0000,0.0000,-0.0005
1791179154.3752,0.0200,0.2646,0.0000,0.0000,0.0000,0.0000,0.0000,0.0000,0.1273,0.1273,0.5077,0.5077,0.0000,0.0000,0.0000,-0.0005
1791179154.3952,0.0200,0.2453,0.0000,0.0000,0.0000,0.0000,0.0000,0.0000,0.1273,0.1273,0.5077,0.5093,0.0000,0.0000,0.0000,-0.0005
1791179154.4152,0.0200,0.2363,0.0000,0.0000,0.0000,0.0000,0.0000,0.0000,0.1273,0.1273,0.5077,0.5093,0.0000,0.0000,0.0000,-0.0005
1791179154.4351,0.0200,0.1937,0.0000,0.0000,0.0000,0.0000,0.0000,0.0000,0.1273,0.1273,0.5077,0.5093,0.0000,0.0000,0.0000,-0.0005
1791179154.4551,0.0200,0.1876,0.0000,0.0000,0.0000,0.0000,0.0000,0.0000,0.1273,0.1273,0.5077,0.5093,0.0000,0.0000,0.0000,-0.0005
1791179154.4751,0.0200,0.1887,0.0000,0.0000,0.0000,0.0000,0.0000,0.0000,0.1273,0.1273,0.5077,0.5077,0.0000,0.0000,0.0000,-0.0005
1791179154.4951,0.0200,0.1804,0.0000,0.0000,0.0000,0.0000,0.0000,0.0000,0.1273,0.1273,0.5077,0.5093,0.0000,0.0000,0.0000,-0.0007
1791179154.5151,0.0200,0.1871,0.0000,0.0000,0.0000,0.0000,0.0000,0.0000,0.1273,0.1273,0.5077,0.5093,0.0000,0.0000,0.0000,-0.0005
1791179154.5351,0.0200,0.2388,0.0000,0.0000,0.0000,0.0000,0.0000,0.0000,0.1273,0.1258,0.5077,0.5077,0.0000,0.0000,0.0000,-0.0005
1791179154.5551,0.0200,0.2099,0.0000,0.0000,0.0000,0.0000,0.0000,0.0000,0.1273,0.1273,0.5077,0.5093,0.0000,0.0000,0.0000,-0.0007
1791179154.5751,0.0200,0.2135,0.0000,0.0000,0.0000,0.0000,0.0000,0.0000,0.1273,0.1273,0.5077,0.5077,0.0000,0.0000,0.0000,-0.0005
1791179154.5951,0.0200,0.2445,0.0000,0.0000,0.0000,0.0000,0.0000,0.0000,0.1273,0.1273,0.5077,0.5077,0.0000,0.0000,0.0000,-0.0005
1791179154.6152,0.0200,0.2118,0.0000,0.0000,0.0000,0.0000,0.0000,0.0000,0.1273,0.1273,0.5077,0.5077,0.0000,0.0000,0.0000,-0.0005
1791179154.6352,0.0200,0.2372,0.0000,0.0000,0.0000,0.0000,0.0000,0.0000,0.1273,0.1258,0.5077,0.5077,0.0000,0.0000,0.0000,-0.0005
1791179154.6552,0.0200,0.2464,0.0000,0.0000,0.0000,0.0000,0.0000,0.0000,0.1273,0.1273,0.5077,0.5077,0.0000,0.0000,0.0000,-0.0005
1791179154.6752,0.0200,0.2067,0.0000,0.0000,0.0000,0.0000,0.0000,0.0000,0.1273,0.1273,0.5077,0.5077,0.0000,0.0000,0.0000,-0.0005
1791179154.6952,0.0200,0.2041,0.0000,0.0000,0.0000,0.0000,0.0000,0.0000,0.1273,0.1258,0.5077,0.5077,0.0000,0.0000,0.0000,-0.0005
1791179154.7152,0.0200,0.2327,0.0000,0.0000,0.0000,0.0000,0.0000,0.0000,0.1273,0.1273,0.5077,0.5077,0.0000,0.0000,0.0000,-0.0005
1791179154.7352,0.0200,0.2321,0.0000,0.0000,0.0000,0.0000,0.0000,0.0000,0.1273,0.1273,0.5077,0.5093,0.0000,0.0000,0.0000,-0.0005
1791179154.7552,0.0200,0.1657,0.0000,0.0000,0.0000,0.0000,0.0000,0.0000,0.1273,0.1273,0.5077,0.5077,0.0000,0.0000,0.0000,-0.0005
1791179154.7752,0.0200,0.2417,0.0000,0.0000,0.0000,0.0000,0.0000,0.0000,0.1273,0.1258,0.5077,0.5093,0.0000,0.0000,0.0000,-0.0005
1791179154.7952,0.0200,0.3187,0.0000,0.0000,0.0000,0.0000,0.0000,0.0000,0.1273,0.1273,0.5077,0.5077,0.0000,0.0000,0.0000,-0.0004
1791179154.8152,0.0200,0.2369,0.0000,0.0000,0.0000,0.0000,0.0000,0.0000,0.1273,0.1273,0.5077,0.5077,0.0000,0.0000,0.0000,-0.0007
1791179154.8352,0.0200,0.2320,0.0000,0.0000,0.0000,0.0000,0.0000,0.0000,0.1273,0.1273,0.5077,0.5077,0.0000,0.0000,0.0000,-0.0005
1791179154.8552,0.0200,0.1774,0.0000,0.0000,0.0000,0.0000,0.0000,0.0000,0.1273,0.1273,0.5077,0.5077,0.0000,0.0000,0.0000,-0.0005
1791179154.8751,0.0199,0.2161,0.0000,0.0000,0.0000,0.0000,0.0000,0.0000,0.1273,0.1258,0.5077,0.5077,0.0000,0.0000,0.0000,-0.0005
1791179154.8951,0.0200,0.1917,0.0000,0.0000,0.0000,0.0000,0.0000,0.0000,0.1273,0.1273,0.5077,0.5077,0.0000,0.0000,0.0000,-0.0005
1791179154.9151,0.0200,0.2137,0.0000,0.0000,0.0000,0.0000,0.0000,0.0000,0.1273,0.1273,0.5077,0.5093,0.0000,0.0000,0.0000,-0.0005
1791179154.9352,0.0200,0.2305,0.0000,0.0000,0.0000,0.0000,0.0000,0.0000,0.1273,0.1258,0.5077,0.5077,0.0000,0.0000,0.0000,-0.0005
1791179154.9552,0.0200,0.1825,0.0000,0.0000,0.0000,0.0000,0.0000,0.0000,0.1273,0.1258,0.5077,0.5077,0.0000,0.0000,0.0000,-0.0005
1791179154.9751,0.0200,0.1887,0.0000,0.0000,0.0000,0.0000,0.0000,0.0000,0.1273,0.1273,0.5077,0.5077,0.0000,0.0000,0.0000,-0.0005
1791179154.9952,0.0200,0.2443,0.0000,0.0000,0.0000,0.0000,0.0000,0.0000,0.1273,0.1258,0.5077,0.5077,0.0000,0.0000,0.0000,-0.0005
1791179155.0152,0.0200,0.2330,0.0000,0.0000,0.0000,0.0000,0.0000,0.0000,0.1273,0.1258,0.5077,0.5077,0.0000,0.0000,0.0000,-0.0005
1791179155.0352,0.0200,0.3331,0.0000,0.0000,0.0000,0.0000,0.0000,0.0000,0.1273,0.1258,0.5077,0.5077,0.0000,0.0000,0.0000,-0.0004
1791179155.0552,0.0200,0.2222,0.0000,0.0000,0.0000,0.0000,0.0000,0.0000,0.1273,0.1273,0.5077,0.5077,0.0000,0.0000,0.0000,-0.0007
1791179155.0751,0.0199,0.1915,0.0000,0.0000,0.0000,0.0000,0.0000,0.0000,0.1273,0.1273,0.5077,0.5077,0.0000,0.0000,0.0000,-0.0005
1791179155.0952,0.0200,0.2419,0.0000,0.0000,0.0000,0.0000,0.0000,0.0000,0.1273,0.1258,0.5077,0.5077,0.0000,0.0000,0.0000,-0.0005
1791179155.1152,0.0200,0.2365,0.0000,0.0000,0.0000,0.0000,0.0000,0.0000,0.1273,0.1273,0.5077,0.5077,0.0000,0.0000,0.0000,-0.0005
1791179155.1352,0.0200,0.2362,0.0000,0.0000,0.0000,0.0000,0.0000,0.0000,0.1273,0.1273,0.5077,0.5077,0.0000,0.0000,0.0000,-0.0005
1791179155.1552,0.0200,0.2784,0.0000,0.0000,0.0000,0.0000,0.0000,0.0000,0.1273,0.1273,0.5077,0.5077,0.0000,0.0000,0.0000,-0.0005
1791179155.1752,0.0200,0.2510,0.0000,0.0000,0.0000,0.0000,0.0000,0.0000,0.1273,0.1273,0.5077,0.5077,0.0000,0.0000,0.0000,-0.0005
1791179155.1952,0.0200,0.2047,0.0000,0.0000,0.0000,0.0000,0.0000,0.0000,0.1273,0.1273,0.5077,0.5077,0.0000,0.0000,0.0000,-0.0007
1791179155.2152,0.0200,0.2440,0.0000,0.0000,0.0000,0.0000,0.0000,0.0000,0.1273,0.1273,0.5077,0.5077,0.0000,0.0000,0.0000,-0.0005
1791179155.2352,0.0200,0.2384,0.0000,0.0000,0.0000,0.0000,0.0000,0.0000,0.1273,0.1273,0.5077,0.5077,0.0000,0.0000,0.0000,-0.0005
1791179155.2552,0.0200,0.2337,0.0000,0.0000,0.0000,0.0000,0.0000,0.0000,0.1273,0.1273,0.5077,0.5077,0.0000,0.0000,0.0000,-0.0005
1791179155.2752,0.0200,0.2481,0.0000,0.0000,0.0000,0.0000,0.0000,0.0000,0.1273,0.1273,0.5077,0.5093,0.0000,0.0000,0.0000,-0.0007
1791179155.2952,0.0200,0.3359,0.0000,0.0000,0.0000,0.0000,0.0000,0.0000,0.1273,0.1273,0.5077,0.5077,0.0000,0.0000,0.0000,-0.0005
1791179155.3152,0.0200,0.2419,0.0000,0.0000,0.0000,0.0000,0.0000,0.0000,0.1273,0.1273,0.5077,0.5077,0.0000,0.0000,0.0000,-0.0005
1791179155.3352,0.0200,0.2393,0.0000,0.0000,0.0000,0.0000,0.0000,0.0000,0.1273,0.1273,0.5077,0.5077,0.0000,0.0000,0.0000,-0.0005
1791179155.3552,0.0200,0.2561,0.0000,0.0000,0.0000,0.0000,0.0000,0.0000,0.1273,0.1273,0.5077,0.5077,0.0000,0.0000,0.0000,-0.0005
1791179155.3752,0.0200,0.2426,0.0000,0.0000,0.0000,0.0000,0.0000,0.0000,0.1273,0.1273,0.5077,0.5077,0.0000,0.0000,0.0000,-0.0005
1791179155.3952,0.0200,0.2582,0.0000,0.0000,0.0000,0.0000,0.0000,0.0000,0.1273,0.1273,0.5077,0.5077,0.0000,0.0000,0.0000,-0.0005
1791179155.4151,0.0200,0.1926,0.0000,0.0000,0.0000,0.0000,0.0000,0.0000,0.1273,0.1273,0.5077,0.5077,0.0000,0.0000,0.0000,-0.0005
1791179155.4351,0.0200,0.1913,0.0000,0.0000,0.0000,0.0000,0.0000,0.0000,0.1273,0.1273,0.5077,0.5077,0.0000,0.0000,0.0000,-0.0005
1791179155.4551,0.0200,0.2470,0.0000,0.0000,0.0000,0.0000,0.0000,0.0000,0.1273,0.1273,0.5077,0.5077,0.0000,0.0000,0.0000,-0.0004
1791179155.4751,0.0200,0.1623,0.0000,0.0000,0.0000,0.0000,0.0000,0.0000,0.1273,0.1258,0.5077,0.5077,0.0000,0.0000,0.0000,-0.0005
1791179155.4951,0.0200,0.1862,0.0000,0.0000,0.0000,0.0000,0.0000,0.0000,0.1273,0.1273,0.5077,0.5077,0.0000,0.0000,0.0000,-0.0004
1791179155.5151,0.0200,0.1830,0.0000,0.0000,0.0000,0.0000,0.0000,0.0000,0.1273,0.1273,0.5077,0.5077,0.0000,0.0000,0.0000,-0.0007
1791179155.5351,0.0200,0.2387,0.0000,0.0000,0.0000,0.0000,0.0000,0.0000,0.1273,0.1258,0.5077,0.5077,0.0000,0.0000,0.0000,-0.0007
1791179155.5551,0.0200,0.2091,0.0000,0.0000,0.0000,0.0000,0.0000,0.0000,0.1273,0.1258,0.5077,0.5077,0.0000,0.0000,0.0000,-0.0005
1791179155.5751,0.0200,0.2358,0.0000,0.0000,0.0000,0.0000,0.0000,0.0000,0.1273,0.1273,0.5077,0.5077,0.0000,0.0000,0.0000,-0.0007
1791179155.5952,0.0200,0.2335,0.0000,0.0000,0.0000,0.0000,0.0000,0.0000,0.1273,0.1273,0.5077,0.5077,0.0000,0.0000,0.0000,-0.0005
1791179155.6152,0.0200,0.2093,0.0000,0.0000,0.0000,0.0000,0.0000,0.0000,0.1273,0.1273,0.5077,0.5077,0.0000,0.0000,0.0000,-0.0004
1791179155.6352,0.0200,0.2333,0.0000,0.0000,0.0000,0.0000,0.0000,0.0000,0.1273,0.1273,0.5077,0.5077,0.0000,0.0000,0.0000,-0.0005
1791179155.6552,0.0200,0.2380,0.0000,0.0000,0.0000,0.0000,0.0000,0.0000,0.1273,0.1258,0.5077,0.5077,0.0000,0.0000,0.0000,-0.0005
1791179155.6752,0.0200,0.1833,0.0000,0.0000,0.0000,0.0000,0.0000,0.0000,0.1273,0.1273,0.5077,0.5077,0.0000,0.0000,0.0000,-0.0005
1791179155.6952,0.0200,0.2364,0.0000,0.0000,0.0000,0.0000,0.0000,0.0000,0.1273,0.1273,0.5077,0.5077,0.0000,0.0000,0.0000,-0.0005
1791179155.7152,0.0200,0.2299,0.0000,0.0000,0.0000,0.0000,0.0000,0.0000,0.1273,0.1273,0.5077,0.5077,0.0000,0.0000,0.0000,-0.0005
1791179155.7352,0.0200,0.2853,0.0000,0.0000,0.0000,0.0000,0.0000,0.0000,0.1273,0.1273,0.5077,0.5077,0.0000,0.0000,0.0000,-0.0005
1791179155.7552,0.0200,0.2287,0.0000,0.0000,0.0000,0.0000,0.0000,0.0000,0.1273,0.1273,0.5077,0.5077,0.0000,0.0000,0.0000,-0.0005
1791179155.7752,0.0200,0.2288,0.0000,0.0000,0.0000,0.0000,0.0000,0.0000,0.1273,0.1273,0.5077,0.5077,0.0000,0.0000,0.0000,-0.0005
1791179155.7952,0.0200,0.2270,0.0000,0.0000,0.0000,0.0000,0.0000,0.0000,0.1273,0.1273,0.5077,0.5077,0.0000,0.0000,0.0000,-0.0005
1791179155.8152,0.0200,0.2282,0.0000,0.0000,0.0000,0.0000,0.0000,0.0000,0.1273,0.1273,0.5077,0.5077,0.0000,0.0000,0.0000,-0.0005
1791179155.8352,0.0200,0.1781,0.0000,0.0000,0.0000,0.0000,0.0000,0.0000,0.1273,0.1258,0.5077,0.5093,0.0000,0.0000,0.0000,-0.0005
1791179155.8552,0.0200,0.2401,0.0000,0.0000,0.0000,0.0000,0.0000,0.0000,0.1273,0.1273,0.5077,0.5093,0.0000,0.0000,0.0000,-0.0005
1791179155.8752,0.0200,0.2954,0.0000,0.0000,0.0000,0.0000,0.0000,0.0000,0.1273,0.1258,0.5077,0.5108,0.0000,0.0000,0.0000,-0.0005
1791179155.8952,0.0200,0.2253,0.0000,0.0000,0.0000,0.0000,0.0000,0.0000,0.1273,0.1258,0.5077,0.5093,0.0000,0.0000,0.0000,-0.0005
1791179155.9152,0.0200,0.2119,0.0000,0.0000,0.0000,0.0000,0.0000,0.0000,0.1273,0.1273,0.5077,0.5093,0.0000,0.0000,0.0000,-0.0005
1791179155.9351,0.0200,0.2144,0.0000,0.0000,0.0000,0.0000,0.0000,0.0000,0.1273,0.1273,0.5077,0.5093,0.0000,0.0000,0.0000,-0.0005
1791179155.9552,0.0200,0.2398,0.0000,0.0000,0.0000,0.0000,0.0000,0.0000,0.1273,0.1258,0.5077,0.5093,0.0000,0.0000,0.0000,-0.0005
1791179155.9752,0.0200,0.1806,0.0000,0.0000,0.0000,0.0000,0.0000,0.0000,0.1273,0.1273,0.5077,0.5093,0.0000,0.0000,0.0000,-0.0007
1791179155.9952,0.0200,0.2430,0.0000,0.0000,0.0000,0.0000,0.0000,0.0000,0.1273,0.1273,0.5077,0.5093,0.0000,0.0000,0.0000,-0.0007
1791179156.0152,0.0200,0.3252,0.0000,0.0000,0.0000,0.0000,0.0000,0.0000,0.1273,0.1273,0.5077,0.5093,0.0000,0.0000,0.0000,-0.0005
1791179156.0352,0.0200,0.2093,0.0000,0.0000,0.0000,0.0000,0.0000,0.0000,0.1273,0.1258,0.5077,0.5108,0.0000,0.0000,0.0000,-0.0005
1791179156.0552,0.0200,0.2327,0.0000,0.0000,0.0000,0.0000,0.0000,0.0000,0.1273,0.1258,0.5077,0.5093,0.0000,0.0000,0.0000,-0.0005
1791179156.0752,0.0200,0.1998,0.0000,0.0000,0.0000,0.0000,0.0000,0.0000,0.1273,0.1273,0.5077,0.5093,0.0000,0.0000,0.0000,-0.0005
1791179156.0951,0.0199,0.2122,0.0000,0.0000,0.0000,0.0000,0.0000,0.0000,0.1273,0.1258,0.5077,0.5093,0.0000,0.0000,0.0000,-0.0005
1791179156.1152,0.0200,0.2410,0.0000,0.0000,0.0000,0.0000,0.0000,0.0000,0.1273,0.1258,0.5077,0.5093,0.0000,0.0000,0.0000,-0.0005
1791179156.1352,0.0200,0.2324,0.0000,0.0000,0.0000,0.0000,0.0000,0.0000,0.1273,0.1273,0.5077,0.5108,0.0000,0.0000,0.0000,-0.0004
1791179156.1552,0.0200,0.2696,0.0000,0.0000,0.0000,0.0000,0.0000,0.0000,0.1273,0.1273,0.5077,0.5093,0.0000,0.0000,0.0000,-0.0005
1791179156.1752,0.0200,0.2476,0.0000,0.0000,0.0000,0.0000,0.0000,0.0000,0.1273,0.1273,0.5077,0.5093,0.0000,0.0000,0.0000,-0.0005
1791179156.1952,0.0200,0.2400,0.0000,0.0000,0.0000,0.0000,0.0000,0.0000,0.1273,0.1273,0.5077,0.5093,0.0000,0.0000,0.0000,-0.0005
1791179156.2152,0.0200,0.2361,0.0000,0.0000,0.0000,0.0000,0.0000,0.0000,0.1273,0.1273,0.5077,0.5093,0.0000,0.0000,0.0000,-0.0005
1791179156.2352,0.0200,0.3420,0.0000,0.0000,0.0000,0.0000,0.0000,0.0000,0.1273,0.1273,0.5077,0.5093,0.0000,0.0000,0.0000,-0.0005
1791179156.2552,0.0200,0.2490,0.0000,0.0000,0.0000,0.0000,0.0000,0.0000,0.1273,0.1273,0.5077,0.5093,0.0000,0.0000,0.0000,-0.0005
1791179156.2752,0.0200,0.2480,0.0000,0.0000,0.0000,0.0000,0.0000,0.0000,0.1273,0.1273,0.5077,0.5093,0.0000,0.0000,0.0000,-0.0005
1791179156.2952,0.0200,0.2333,0.0000,0.0000,0.0000,0.0000,0.0000,0.0000,0.1273,0.1273,0.5077,0.5093,0.0000,0.0000,0.0000,-0.0005
1791179156.3152,0.0200,0.2608,0.0000,0.0000,0.0000,0.0000,0.0000,0.0000,0.1273,0.1273,0.5077,0.5093,0.0000,0.0000,0.0000,-0.0005
1791179156.3352,0.0200,0.2434,0.0000,0.0000,0.0000,0.0000,0.0000,0.0000,0.1273,0.1273,0.5077,0.5093,0.0000,0.0000,0.0000,-0.0005
1791179156.3552,0.0200,0.2742,0.0000,0.0000,0.0000,0.0000,0.0000,0.0000,0.1273,0.1273,0.5077,0.5108,0.0000,0.0000,0.0000,-0.0005
1791179156.3752,0.0200,0.2711,0.0000,0.0000,0.0000,0.0000,0.0000,0.0000,0.1273,0.1273,0.5077,0.5093,0.0000,0.0000,0.0000,-0.0004
1791179156.3951,0.0200,0.1940,0.0000,0.0000,0.0000,0.0000,0.0000,0.0000,0.1273,0.1273,0.5077,0.5093,0.0000,0.0000,0.0000,-0.0005
1791179156.4151,0.0200,0.2184,0.0000,0.0000,0.0000,0.0000,0.0000,0.0000,0.1273,0.1273,0.5077,0.5093,0.0000,0.0000,0.0000,-0.0005
1791179156.4351,0.0200,0.1660,0.0000,0.0000,0.0000,0.0000,0.0000,0.0000,0.1273,0.1273,0.5077,0.5093,0.0000,0.0000,0.0000,-0.0005
1791179156.4551,0.0200,0.2530,0.0000,0.0000,0.0000,0.0000,0.0000,0.0000,0.1273,0.1258,0.5077,0.5093,0.0000,0.0000,0.0000,-0.0005
1791179156.4751,0.0200,0.1640,0.0000,0.0000,0.0000,0.0000,0.0000,0.0000,0.1273,0.1273,0.5077,0.5093,0.0000,0.0000,0.0000,-0.0005
1791179156.4951,0.0200,0.2387,0.0000,0.0000,0.0000,0.0000,0.0000,0.0000,0.1273,0.1258,0.5077,0.5093,0.0000,0.0000,0.0000,-0.0005
1791179156.5151,0.0200,0.2135,0.0000,0.0000,0.0000,0.0000,0.0000,0.0000,0.1273,0.1258,0.5077,0.5093,0.0000,0.0000,0.0000,-0.0005
1791179156.5351,0.0200,0.2070,0.0000,0.0000,0.0000,0.0000,0.0000,0.0000,0.1273,0.1273,0.5077,0.5093,0.0000,0.0000,0.0000,-0.0005
1791179156.5551,0.0200,0.2097,0.0000,0.0000,0.0000,0.0000,0.0000,0.0000,0.1273,0.1273,0.5077,0.5093,0.0000,0.0000,0.0000,-0.0005
1791179156.5751,0.0200,0.1648,0.0000,0.0000,0.0000,0.0000,0.0000,0.0000,0.1273,0.1273,0.5077,0.5093,0.0000,0.0000,0.0000,-0.0005
1791179156.5952,0.0200,0.2436,0.0000,0.0000,0.0000,0.0000,0.0000,0.0000,0.1273,0.1273,0.5077,0.5093,0.0000,0.0000,0.0000,-0.0007
1791179156.6152,0.0200,0.2406,0.0000,0.0000,0.0000,0.0000,0.0000,0.0000,0.1273,0.1273,0.5077,0.5093,0.0000,0.0000,0.0000,-0.0005
1791179156.6352,0.0200,0.2895,0.0000,0.0000,0.0000,0.0000,0.0000,0.0000,0.1273,0.1273,0.5077,0.5093,0.0000,0.0000,0.0000,-0.0005
1791179156.6552,0.0200,0.2640,0.0000,0.0000,0.0000,0.0000,0.0000,0.0000,0.1273,0.1273,0.5077,0.5093,0.0000,0.0000,0.0000,-0.0007
1791179156.6752,0.0200,0.2927,0.0000,0.0000,0.0000,0.0000,0.0000,0.0000,0.1273,0.1273,0.5077,0.5093,0.0000,0.0000,0.0000,-0.0005
1791179156.6952,0.0200,0.2486,0.0000,0.0000,0.0000,0.0000,0.0000,0.0000,0.1273,0.1258,0.5077,0.5093,0.0000,0.0000,0.0000,-0.0005
1791179156.7152,0.0200,0.2135,0.0000,0.0000,0.0000,0.0000,0.0000,0.0000,0.1273,0.1273,0.5077,0.5093,0.0000,0.0000,0.0000,-0.0005
1791179156.7352,0.0200,0.2005,0.0000,0.0000,0.0000,0.0000,0.0000,0.0000,0.1273,0.1273,0.5077,0.5093,0.0000,0.0000,0.0000,-0.0005
1791179156.7551,0.0200,0.2101,0.0000,0.0000,0.0000,0.0000,0.0000,0.0000,0.1273,0.1273,0.5077,0.5093,0.0000,0.0000,0.0000,-0.0004
1791179156.7752,0.0200,0.3294,0.0000,0.0000,0.0000,0.0000,0.0000,0.0000,0.1273,0.1273,0.5077,0.5093,0.0000,0.0000,0.0000,-0.0004
1791179156.7952,0.0200,0.2435,0.0000,0.0000,0.0000,0.0000,0.0000,0.0000,0.1273,0.1273,0.5077,0.5093,0.0000,0.0000,0.0000,-0.0005
1791179156.8152,0.0200,0.2118,0.0000,0.0000,0.0000,0.0000,0.0000,0.0000,0.1273,0.1273,0.5077,0.5093,0.0000,0.0000,0.0000,-0.0005
1791179156.8352,0.0200,0.2333,0.0000,0.0000,0.0000,0.0000,0.0000,0.0000,0.1273,0.1273,0.5077,0.5093,0.0000,0.0000,0.0000,-0.0007
1791179156.8552,0.0200,0.1789,0.0000,0.0000,0.0000,0.0000,0.0000,0.0000,0.1273,0.1258,0.5077,0.5093,0.0000,0.0000,0.0000,-0.0005
1791179156.8751,0.0200,0.2127,0.0000,0.0000,0.0000,0.0000,0.0000,0.0000,0.1273,0.1273,0.5077,0.5093,0.0000,0.0000,0.0000,-0.0005
1791179156.8952,0.0200,0.2297,0.0000,0.0000,0.0000,0.0000,0.0000,0.0000,0.1273,0.1273,0.5077,0.5093,0.0000,0.0000,0.0000,-0.0005
1791179156.9152,0.0200,0.2029,0.0000,0.0000,0.0000,0.0000,0.0000,0.0000,0.1273,0.1273,0.5077,0.5093,0.0000,0.0000,0.0000,-0.0004
1791179156.9351,0.0199,0.1853,0.0000,0.0000,0.0000,0.0000,0.0000,0.0000,0.1273,0.1273,0.5077,0.5093,0.0000,0.0000,0.0000,-0.0005
1791179156.9551,0.0200,0.2170,0.0000,0.0000,0.0000,0.0000,0.0000,0.0000,0.1273,0.1273,0.5077,0.5093,0.0000,0.0000,0.0000,-0.0007
1791179156.9752,0.0200,0.2383,0.0000,0.0000,0.0000,0.0000,0.0000,0.0000,0.1273,0.1273,0.5077,0.5093,0.0000,0.0000,0.0000,-0.0005
1791179156.9952,0.0200,0.2352,0.0000,0.0000,0.0000,0.0000,0.0000,0.0000,0.1273,0.1258,0.5077,0.5093,0.0000,0.0000,0.0000,-0.0005
1791179157.0152,0.0200,0.2168,0.0000,0.0000,0.0000,0.0000,0.0000,0.0000,0.1273,0.1273,0.5077,0.5093,0.0000,0.0000,0.0000,-0.0005
1791179157.0352,0.0200,0.2356,0.0000,0.0000,0.0000,0.0000,0.0000,0.0000,0.1273,0.1273,0.5077,0.5093,0.0000,0.0000,0.0000,-0.0005
1791179157.0552,0.0200,0.2441,0.0000,0.0000,0.0000,0.0000,0.0000,0.0000,0.1273,0.1273,0.5077,0.5093,0.0000,0.0000,0.0000,-0.0005
1791179157.0752,0.0200,0.2374,0.0000,0.0000,0.0000,0.0000,0.0000,0.0000,0.1273,0.1273,0.5077,0.5093,0.0000,0.0000,0.0000,-0.0005
1791179157.0952,0.0200,0.2007,0.0000,0.0000,0.0000,0.0000,0.0000,0.0000,0.1273,0.1273,0.5077,0.5093,0.0000,0.0000,0.0000,-0.0005
1791179157.1151,0.0200,0.2960,0.0000,0.0000,0.0000,0.0000,0.0000,0.0000,0.1273,0.1273,0.5077,0.5093,0.0000,0.0000,0.0000,-0.0005
1791179157.1352,0.0200,0.2053,0.0000,0.0000,0.0000,0.0000,0.0000,0.0000,0.1273,0.1273,0.5077,0.5093,0.0000,0.0000,0.0000,-0.0005
1791179157.1552,0.0200,0.2404,0.0000,0.0000,0.0000,0.0000,0.0000,0.0000,0.1273,0.1273,0.5077,0.5093,0.0000,0.0000,0.0000,-0.0005
1791179157.1752,0.0200,0.2363,0.0000,0.0000,0.0000,0.0000,0.0000,0.0000,0.1273,0.1273,0.5077,0.5093,0.0000,0.0000,0.0000,-0.0007
1791179157.1952,0.0200,0.2385,0.0000,0.0000,0.0000,0.0000,0.0000,0.0000,0.1273,0.1273,0.5077,0.5093,0.0000,0.0000,0.0000,-0.0005
1791179157.2152,0.0200,0.3242,0.0000,0.0000,0.0000,0.0000,0.0000,0.0000,0.1273,0.1273,0.5077,0.5093,0.0000,0.0000,0.0000,-0.0005
1791179157.2352,0.0200,0.2742,0.0000,0.0000,0.0000,0.0000,0.0000,0.0000,0.1273,0.1273,0.5077,0.5093,0.0000,0.0000,0.0000,-0.0005
1791179157.2552,0.0200,0.2714,0.0000,0.0000,0.0000,0.0000,0.0000,0.0000,0.1273,0.1273,0.5077,0.5093,0.0000,0.0000,0.0000,-0.0005
1791179157.2752,0.0200,0.2513,0.0000,0.0000,0.0000,0.0000,0.0000,0.0000,0.1273,0.1273,0.5077,0.5093,0.0000,0.0000,0.0000,-0.0005
1791179157.2952,0.0200,0.2675,0.0000,0.0000,0.0000,0.0000,0.0000,0.0000,0.1273,0.1273,0.5077,0.5093,0.0000,0.0000,0.0000,-0.0005
1791179157.3152,0.0200,0.2734,0.0000,0.0000,0.0000,0.0000,0.0000,0.0000,0.1273,0.1273,0.5077,0.5093,0.0000,0.0000,0.0000,-0.0005
1791179157.3351,0.0200,0.2257,0.0000,0.0000,0.0000,0.0000,0.0000,0.0000,0.1273,0.1258,0.5077,0.5093,0.0000,0.0000,0.0000,-0.0005
1791179157.3551,0.0200,0.2227,0.0000,0.0000,0.0000,0.0000,0.0000,0.0000,0.1273,0.1258,0.5077,0.5093,0.0000,0.0000,0.0000,-0.0005
1791179157.3751,0.0200,0.1710,0.0000,0.0000,0.0000,0.0000,0.0000,0.0000,0.1273,0.1273,0.5077,0.5077,0.0000,0.0000,0.0000,-0.0005
1791179157.3951,0.0200,0.2368,0.0000,0.0000,0.0000,0.0000,0.0000,0.0000,0.1273,0.1258,0.5077,0.5077,0.0000,0.0000,0.0000,-0.0005
1791179157.4151,0.0200,0.1632,0.0000,0.0000,0.0000,0.0000,0.0000,0.0000,0.1273,0.1258,0.5077,0.5077,0.0000,0.0000,0.0000,-0.0005
1791179157.4351,0.0200,0.2407,0.0000,0.0000,0.0000,0.0000,0.0000,0.0000,0.1273,0.1258,0.5077,0.5077,0.0000,0.0000,0.0000,-0.0005
1791179157.4551,0.0200,0.2104,0.0000,0.0000,0.0000,0.0000,0.0000,0.0000,0.1273,0.1258,0.5077,0.5077,0.0000,0.0000,0.0000,-0.0005
1791179157.4751,0.0200,0.2113,0.0000,0.0000,0.0000,0.0000,0.0000,0.0000,0.1273,0.1258,0.5077,0.5077,0.0000,0.0000,0.0000,-0.0005
1791179157.4951,0.0200,0.2165,0.0000,0.0000,0.0000,0.0000,0.0000,0.0000,0.1273,0.1258,0.5077,0.5077,0.0000,0.0000,0.0000,-0.0005
1791179157.5152,0.0201,0.2122,0.0000,0.0000,0.0000,0.0000,0.0000,0.0000,0.1273,0.1273,0.5077,0.5077,0.0000,0.0000,0.0000,-0.0005
1791179157.5351,0.0199,0.2148,0.0000,0.0000,0.0000,0.0000,0.0000,0.0000,0.1273,0.1258,0.5077,0.5077,0.0000,0.0000,0.0000,-0.0005
1791179157.5552,0.0200,0.2307,0.0000,0.0000,0.0000,0.0000,0.0000,0.0000,0.1273,0.1273,0.5077,0.5077,0.0000,0.0000,0.0000,-0.0005
1791179157.5752,0.0200,0.2064,0.0000,0.0000,0.0000,0.0000,0.0000,0.0000,0.1273,0.1273,0.5077,0.5077,0.0000,0.0000,0.0000,-0.0005
1791179157.5952,0.0200,0.2070,0.0000,0.0000,0.0000,0.0000,0.0000,0.0000,0.1273,0.1273,0.5077,0.5077,0.0000,0.0000,0.0000,-0.0005
1791179157.6152,0.0200,0.2109,0.0000,0.0000,0.0000,0.0000,0.0000,0.0000,0.1273,0.1273,0.5077,0.5062,0.0000,0.0000,0.0000,-0.0005
1791179157.6351,0.0200,0.2213,0.0000,0.0000,0.0000,0.0000,0.0000,0.0000,0.1273,0.1273,0.5077,0.5062,0.0000,0.0000,0.0000,-0.0005
1791179157.6552,0.0200,0.2411,0.0000,0.0000,0.0000,0.0000,0.0000,0.0000,0.1273,0.1273,0.5077,0.5062,0.0000,0.0000,0.0000,-0.0005
1791179157.6752,0.0200,0.1653,0.0000,0.0000,0.0000,0.0000,0.0000,0.0000,0.1273,0.1273,0.5077,0.5062,0.0000,0.0000,0.0000,-0.0005
1791179157.6952,0.0200,0.2410,0.0000,0.0000,0.0000,0.0000,0.0000,0.0000,0.1273,0.1273,0.5077,0.5062,0.0000,0.0000,0.0000,-0.0004
1791179157.7152,0.0200,0.2290,0.0000,0.0000,0.0000,0.0000,0.0000,0.0000,0.1273,0.1258,0.5077,0.5062,0.0000,0.0000,0.0000,-0.0005
1791179157.7352,0.0200,0.1859,0.0000,0.0000,0.0000,0.0000,0.0000,0.0000,0.1273,0.1273,0.5077,0.5062,0.0000,0.0000,0.0000,-0.0005
1791179157.7551,0.0200,0.2473,0.0000,0.0000,0.0000,0.0000,0.0000,0.0000,0.1273,0.1273,0.5077,0.5077,0.0000,0.0000,0.0000,-0.0005
1791179157.7751,0.0200,0.2219,0.0000,0.0000,0.0000,0.0000,0.0000,0.0000,0.1273,0.1258,0.5077,0.5062,0.0000,0.0000,0.0000,-0.0004
1791179157.7952,0.0200,0.2333,0.0000,0.0000,0.0000,0.0000,0.0000,0.0000,0.1273,0.1258,0.5077,0.5077,0.0000,0.0000,0.0000,-0.0005
1791179157.8152,0.0200,0.2014,0.0000,0.0000,0.0000,0.0000,0.0000,0.0000,0.1273,0.1258,0.5077,0.5062,0.0000,0.0000,0.0000,-0.0007
1791179157.8351,0.0199,0.2507,0.0000,0.0000,0.0000,0.0000,0.0000,0.0000,0.1273,0.1273,0.5077,0.5077,0.0000,0.0000,0.0000,-0.0005
1791179157.8551,0.0200,0.2223,0.0000,0.0000,0.0000,0.0000,0.0000,0.0000,0.1273,0.1258,0.5077,0.5077,0.0000,0.0000,0.0000,-0.0005
1791179157.8752,0.0200,0.2376,0.0000,0.0000,0.0000,0.0000,0.0000,0.0000,0.1273,0.1273,0.5077,0.5062,0.0000,0.0000,0.0000,-0.0005
1791179157.8952,0.0200,0.2017,0.0000,0.0000,0.0000,0.0000,0.0000,0.0000,0.1273,0.1273,0.5077,0.5062,0.0000,0.0000,0.0000,-0.0005
1791179157.9152,0.0200,0.2438,0.0000,0.0000,0.0000,0.0000,0.0000,0.0000,0.1273,0.1258,0.5077,0.5062,0.0000,0.0000,0.0000,-0.0004
1791179157.9352,0.0200,0.2518,0.0000,0.0000,0.0000,0.0000,0.0000,0.0000,0.1273,0.1273,0.5077,0.5077,0.0000,0.0000,0.0000,-0.0005
1791179157.9552,0.0200,0.2062,0.0000,0.0000,0.0000,0.0000,0.0000,0.0000,0.1273,0.1273,0.5077,0.5077,0.0000,0.0000,0.0000,-0.0005
1791179157.9752,0.0200,0.2103,0.0000,0.0000,0.0000,0.0000,0.0000,0.0000,0.1273,0.1273,0.5077,0.5077,0.0000,0.0000,0.0000,-0.0005
1791179157.9951,0.0200,0.2427,0.0000,0.0000,0.0000,0.0000,0.0000,0.0000,0.1273,0.1273,0.5077,0.5077,0.0000,0.0000,0.0000,-0.0005
1791179158.0152,0.0200,0.2471,0.0000,0.0000,0.0000,0.0000,0.0000,0.0000,0.1273,0.1273,0.5077,0.5077,0.0000,0.0000,0.0000,-0.0005
1791179158.0352,0.0200,0.2483,0.0000,0.0000,0.0000,0.0000,0.0000,0.0000,0.1273,0.1273,0.5077,0.5062,0.0000,0.0000,0.0000,-0.0005
1791179158.0552,0.0200,0.2331,0.0000,0.0000,0.0000,0.0000,0.0000,0.0000,0.1273,0.1273,0.5077,0.5062,0.0000,0.0000,0.0000,-0.0005
1791179158.0752,0.0200,0.2379,0.0000,0.0000,0.0000,0.0000,0.0000,0.0000,0.1273,0.1273,0.5077,0.5077,0.0000,0.0000,0.0000,-0.0005
1791179158.0951,0.0200,0.2366,0.0000,0.0000,0.0000,0.0000,0.0000,0.0000,0.1273,0.1273,0.5077,0.5077,0.0000,0.0000,0.0000,-0.0005
1791179158.1151,0.0200,0.2390,0.0000,0.0000,0.0000,0.0000,0.0000,0.0000,0.1273,0.1258,0.5077,0.5077,0.0000,0.0000,0.0000,-0.0005
1791179158.1351,0.0200,0.2545,0.0000,0.0000,0.0000,0.0000,0.0000,0.0000,0.1273,0.1273,0.5077,0.5123,0.0000,0.0000,0.0000,-0.0005
1791179158.1552,0.0200,0.2746,0.0000,0.0000,0.0000,0.0000,0.0000,0.0000,0.1273,0.1273,0.5077,0.5108,0.0000,0.0000,0.0000,-0.0000
1791179158.1752,0.0200,0.2427,0.0000,0.0000,0.0000,0.0000,0.0000,0.1199,0.1273,0.1273,0.5077,0.5062,0.0000,0.0020,0.0138,0.0002
1791179158.1952,0.0200,0.2283,0.0000,0.0000,0.0000,0.0000,0.0000,0.0480,0.1273,0.1289,0.5077,0.5062,0.0000,0.0008,0.0055,-0.0002
1791179158.2152,0.0200,0.2260,0.0000,0.0000,0.0000,0.0000,0.0000,-0.0240,0.1273,0.1273,0.5077,0.5062,0.0000,-0.0004,-0.0028,-0.0002
1791179158.2352,0.0200,0.2326,0.0000,0.0000,0.0000,0.0240,0.0000,-0.0240,0.1273,0.1289,0.5077,0.5062,0.0000,0.0000,-0.0055,-0.0005
1791179158.2552,0.0200,0.2367,0.0000,0.0000,0.0000,0.0480,0.0000,0.0000,0.1273,0.1258,0.5077,0.5062,0.0000,0.0008,-0.0055,-0.0007
1791179158.2752,0.0200,0.2467,0.0000,0.0000,0.0000,0.0000,0.0000,-0.0959,0.1273,0.1258,0.5077,0.5108,0.0000,-0.0016,-0.0110,-0.0009
1791179158.2952,0.0200,0.2461,0.0000,0.0000,0.0000,0.0000,0.0000,-0.0480,0.1273,0.1289,0.5077,0.5108,0.0000,-0.0008,-0.0055,-0.0007
1791179158.3151,0.0200,0.1664,0.0000,0.0000,0.0000,0.0000,0.0000,0.0240,0.1273,0.1289,0.5077,0.5047,0.0000,0.0004,0.0028,-0.0011
1791179158.3351,0.0200,0.2158,0.0000,0.0000,0.0000,0.0000,0.0000,0.0000,0.1273,0.1273,0.5077,0.5062,0.0000,0.0000,0.0000,-0.0011
1791179158.3551,0.0200,0.2191,0.0000,0.0000,0.0000,0.0240,0.0000,-0.0240,0.1273,0.1289,0.5077,0.5062,0.0000,0.0000,-0.0055,-0.0012
1791179158.3751,0.0200,0.2160,0.0000,0.0000,0.0000,0.0240,0.0000,0.0000,0.1273,0.1258,0.5077,0.5062,0.0000,0.0004,-0.0028,-0.0012
1791179158.3951,0.0200,0.2424,0.0000,0.0000,0.0000,0.0000,0.0000,0.0000,0.1273,0.1258,0.5077,0.5062,0.0000,0.0000,0.0000,-0.0011
1791179158.4151,0.0200,0.2409,0.0000,0.0000,0.0000,-0.0480,0.0000,0.0000,0.1273,0.1273,0.5077,0.5062,0.0000,-0.0008,0.0055,-0.0009
1791179158.4352,0.0200,0.2360,0.0000,0.0000,0.0000,-0.0959,0.0000,0.0000,0.1273,0.1258,0.5077,0.5062,0.0000,-0.0016,0.0110,-0.0007
1791179158.4552,0.0200,0.1977,0.0000,0.0000,0.0000,-0.0480,0.0000,0.0000,0.1273,0.1243,0.5077,0.5062,0.0000,-0.0008,0.0055,-0.0007
1791179158.4751,0.0200,0.2091,0.0000,0.0000,0.0000,0.0000,0.0000,0.0000,0.1273,0.1258,0.5077,0.5077,0.0000,0.0000,0.0000,-0.0011
1791179158.4952,0.0200,0.2392,0.0000,0.0000,0.0000,0.0240,0.0000,0.0000,0.1273,0.1258,0.5077,0.5062,0.0000,0.0004,-0.0028,-0.0009
1791179158.5152,0.0200,0.2420,0.0000,0.0000,0.0000,0.0000,0.0000,0.0000,0.1273,0.1258,0.5077,0.5077,0.0000,0.0000,0.0000,-0.0009
1791179158.5351,0.0200,0.2128,0.0000,0.0000,0.0000,0.0000,0.0000,0.0000,0.1273,0.1258,0.5077,0.5062,0.0000,0.0000,0.0000,-0.0009
1791179158.5552,0.0200,0.2403,0.0000,0.0000,0.0000,0.0000,0.0000,0.0000,0.1273,0.1258,0.5077,0.5077,0.0000,0.0000,0.0000,-0.0009
1791179158.5752,0.0200,0.2006,0.0000,0.0000,0.0000,0.0000,0.0000,0.0000,0.1273,0.1258,0.5077,0.5077,0.0000,0.0000,0.0000,-0.0009
1791179158.5951,0.0199,0.1650,0.0000,0.0000,0.0000,0.0000,0.0000,0.0000,0.1273,0.1258,0.5077,0.5077,0.0000,0.0000,0.0000,-0.0009
1791179158.6152,0.0200,0.2311,0.0000,0.0000,0.0000,0.0000,0.0000,0.0000,0.1273,0.1258,0.5077,0.5062,0.0000,0.0000,0.0000,-0.0009
1791179158.6352,0.0200,0.1745,0.0000,0.0000,0.0000,0.0000,0.0000,0.0000,0.1273,0.1258,0.5077,0.5077,0.0000,0.0000,0.0000,-0.0009
1791179158.6552,0.0200,0.2384,0.0000,0.0000,0.0000,0.0000,0.0000,0.0000,0.1273,0.1258,0.5077,0.5077,0.0000,0.0000,0.0000,-0.0009
1791179158.6752,0.0200,0.2358,0.0000,0.0000,0.0000,0.0000,0.0000,0.0000,0.1273,0.1258,0.5077,0.5062,0.0000,0.0000,0.0000,-0.0009
1791179158.6952,0.0200,0.2254,0.0000,0.0000,0.0000,0.0000,0.0000,0.0000,0.1273,0.1258,0.5077,0.5062,0.0000,0.0000,0.0000,-0.0009
1791179158.7152,0.0200,0.1985,0.0000,0.0000,0.0000,0.0000,0.0000,0.0000,0.1273,0.1258,0.5077,0.5062,0.0000,0.0000,0.0000,-0.0009
1791179158.7352,0.0200,0.1756,0.0000,0.0000,0.0000,0.0000,0.0000,0.0000,0.1273,0.1258,0.5077,0.5077,0.0000,0.0000,0.0000,-0.0009
1791179158.7552,0.0200,0.1837,0.0000,0.0000,0.0000,0.0000,0.0000,0.0000,0.1273,0.1258,0.5077,0.5077,0.0000,0.0000,0.0000,-0.0009
1791179158.7752,0.0200,0.1854,0.0000,0.0000,0.0000,0.0000,0.0000,0.0000,0.1273,0.1258,0.5077,0.5077,0.0000,0.0000,0.0000,-0.0009
1791179158.7951,0.0200,0.2055,0.0000,0.0000,0.0000,0.0000,0.0000,0.0000,0.1273,0.1258,0.5077,0.5062,0.0000,0.0000,0.0000,-0.0009
1791179158.8152,0.0201,0.2325,0.0000,0.0000,0.0000,0.0000,0.0000,0.0000,0.1273,0.1258,0.5077,0.5062,0.0000,0.0000,0.0000,-0.0009
1791179158.8352,0.0200,0.2285,0.0000,0.0000,0.0000,0.0000,0.0000,0.0000,0.1273,0.1258,0.5077,0.5077,0.0000,0.0000,0.0000,-0.0009
1791179158.8552,0.0200,0.2321,0.0000,0.0000,0.0000,0.0000,0.0000,0.0000,0.1273,0.1258,0.5077,0.5077,0.0000,0.0000,0.0000,-0.0009
1791179158.8752,0.0200,0.2352,0.0000,0.0000,0.0000,0.0000,0.0000,0.0000,0.1273,0.1258,0.5077,0.5077,0.0000,0.0000,0.0000,-0.0009
1791179158.8951,0.0200,0.2804,0.0000,0.0000,0.0000,0.0000,0.0000,0.0000,0.1273,0.1258,0.5077,0.5077,0.0000,0.0000,0.0000,-0.0009
1791179158.9152,0.0200,0.2466,0.0000,0.0000,0.0000,0.0000,0.0000,0.0000,0.1273,0.1258,0.5077,0.5077,0.0000,0.0000,0.0000,-0.0009
1791179158.9351,0.0200,0.2145,0.0000,0.0000,0.0000,0.0000,0.0000,0.0000,0.1273,0.1258,0.5077,0.5077,0.0000,0.0000,0.0000,-0.0009
1791179158.9552,0.0200,0.2301,0.0000,0.0000,0.0000,0.0000,0.0000,0.0000,0.1273,0.1258,0.5077,0.5077,0.0000,0.0000,0.0000,-0.0009
1791179158.9752,0.0200,0.2340,0.0000,0.0000,0.0000,0.0000,0.0000,0.0000,0.1273,0.1258,0.5077,0.5077,0.0000,0.0000,0.0000,-0.0009
1791179158.9952,0.0200,0.2417,0.0000,0.0000,0.0000,0.0000,0.0000,0.0000,0.1273,0.1258,0.5077,0.5077,0.0000,0.0000,0.0000,-0.0009
1791179159.0152,0.0200,0.2305,0.0000,0.0000,0.0000,0.0000,0.0000,0.0000,0.1273,0.1258,0.5077,0.5062,0.0000,0.0000,0.0000,-0.0009
1791179159.0352,0.0200,0.2300,0.0000,0.0000,0.0000,0.0000,0.0000,0.0000,0.1273,0.1258,0.5077,0.5077,0.0000,0.0000,0.0000,-0.0009
1791179159.0552,0.0200,0.2305,0.0000,0.0000,0.0000,0.0000,0.0000,0.0000,0.1273,0.1258,0.5077,0.5062,0.0000,0.0000,0.0000,-0.0009
1791179159.0752,0.0200,0.2379,0.0000,0.0000,0.0000,0.0000,0.0000,0.0000,0.1273,0.1258,0.5077,0.5077,0.0000,0.0000,0.0000,-0.0009
1791179159.0952,0.0200,0.2397,0.0000,0.0000,0.0000,0.0000,0.0000,0.0000,0.1273,0.1258,0.5077,0.5077,0.0000,0.0000,0.0000,-0.0009
1791179159.1152,0.0200,0.2389,0.0000,0.0000,0.0000,0.0000,0.0000,0.0000,0.1273,0.1258,0.5077,0.5077,0.0000,0.0000,0.0000,-0.0009
1791179159.1352,0.0200,0.2379,0.0000,0.0000,0.0000,0.0000,0.0000,0.0000,0.1273,0.1258,0.5077,0.5077,0.0000,0.0000,0.0000,-0.0009
1791179159.1552,0.0200,0.2489,0.0000,0.0000,0.0000,0.0000,0.0000,0.0000,0.1273,0.1258,0.5077,0.5077,0.0000,0.0000,0.0000,-0.0009
1791179159.1751,0.0200,0.1643,0.0000,0.0000,0.0000,0.0000,0.0000,0.0000,0.1273,0.1258,0.5077,0.5062,0.0000,0.0000,0.0000,-0.0009
1791179159.1951,0.0200,0.2415,0.0000,0.0000,0.0000,0.0000,0.0000,0.0000,0.1273,0.1258,0.5077,0.5077,0.0000,0.0000,0.0000,-0.0009
1791179159.2152,0.0200,0.2220,0.0000,0.0000,0.0000,0.0000,0.0000,0.0000,0.1273,0.1258,0.5077,0.5077,0.0000,0.0000,0.0000,-0.0009
1791179159.2351,0.0200,0.2161,0.0000,0.0000,0.0000,0.0000,0.0000,0.0000,0.1273,0.1258,0.5077,0.5077,0.0000,0.0000,0.0000,-0.0009
1791179159.2552,0.0200,0.2087,0.0000,0.0000,0.0000,0.0000,0.0000,0.0000,0.1273,0.1258,0.5077,0.5077,0.0000,0.0000,0.0000,-0.0009
1791179159.2752,0.0200,0.2295,0.0000,0.0000,0.0000,0.0000,0.0000,0.0000,0.1273,0.1258,0.5077,0.5077,0.0000,0.0000,0.0000,-0.0009
1791179159.2952,0.0200,0.2087,0.0000,0.0000,0.0000,0.0000,0.0000,0.0000,0.1273,0.1258,0.5077,0.5077,0.0000,0.0000,0.0000,-0.0009
1791179159.3152,0.0200,0.2086,0.0000,0.0000,0.0000,0.0000,0.0000,0.0000,0.1273,0.1258,0.5077,0.5077,0.0000,0.0000,0.0000,-0.0009
1791179159.3352,0.0200,0.1853,0.0000,0.0000,0.0000,0.0000,0.0000,0.0000,0.1273,0.1258,0.5077,0.5077,0.0000,0.0000,0.0000,-0.0009
1791179159.3551,0.0200,0.2176,0.0000,0.0000,0.0000,0.0000,0.0000,0.0000,0.1273,0.1258,0.5077,0.5077,0.0000,0.0000,0.0000,-0.0009
1791179159.3752,0.0200,0.2069,0.0000,0.0000,0.0000,0.0000,0.0000,0.0000,0.1273,0.1258,0.5077,0.5062,0.0000,0.0000,0.0000,-0.0009
1791179159.3952,0.0200,0.2046,0.0000,0.0000,0.0000,0.0000,0.0000,0.0000,0.1273,0.1258,0.5077,0.5077,0.0000,0.0000,0.0000,-0.0009
1791179159.4152,0.0200,0.2355,0.0000,0.0000,0.0000,0.0000,0.0000,0.0000,0.1273,0.1258,0.5077,0.5077,0.0000,0.0000,0.0000,-0.0009
1791179159.4352,0.0200,0.2315,0.0000,0.0000,0.0000,0.0000,0.0000,0.0000,0.1273,0.1258,0.5077,0.5062,0.0000,0.0000,0.0000,-0.0009
1791179159.4552,0.0200,0.1684,0.0000,0.0000,0.0000,0.0000,0.0000,0.0000,0.1273,0.1258,0.5077,0.5077,0.0000,0.0000,0.0000,-0.0009
1791179159.4752,0.0200,0.2442,0.0000,0.0000,0.0000,0.0000,0.0000,0.0000,0.1273,0.1258,0.5077,0.5077,0.0000,0.0000,0.0000,-0.0009
1791179159.4952,0.0200,0.2042,0.0000,0.0000,0.0000,0.0000,0.0000,0.0000,0.1273,0.1258,0.5077,0.5077,0.0000,0.0000,0.0000,-0.0009
1791179159.5152,0.0200,0.2580,0.0000,0.0000,0.0000,0.0000,0.0000,0.0000,0.1273,0.1258,0.5077,0.5077,0.0000,0.0000,0.0000,-0.0009
1791179159.5352,0.0200,0.2950,0.0000,0.0000,0.0000,0.0000,0.0000,0.0000,0.1273,0.1258,0.5077,0.5077,0.0000,0.0000,0.0000,-0.0009
1791179159.5552,0.0200,0.2457,0.0000,0.0000,0.0000,0.0000,0.0000,0.0000,0.1273,0.1258,0.5077,0.5077,0.0000,0.0000,0.0000,-0.0009
1791179159.5752,0.0200,0.2313,0.0000,0.0000,0.0000,0.0000,0.0000,0.0000,0.1273,0.1258,0.5077,0.5077,0.0000,0.0000,0.0000,-0.0009
1791179159.5952,0.0200,0.1740,0.0000,0.0000,0.0000,0.0000,0.0000,0.0000,0.1273,0.1258,0.5077,0.5077,0.0000,0.0000,0.0000,-0.0009
1791179159.6152,0.0200,0.2505,0.0000,0.0000,0.0000,0.0000,0.0000,0.0000,0.1273,0.1258,0.5077,0.5077,0.0000,0.0000,0.0000,-0.0009
1791179159.6352,0.0200,0.2079,0.0000,0.0000,0.0000,0.0000,0.0000,0.0000,0.1273,0.1258,0.5077,0.5062,0.0000,0.0000,0.0000,-0.0009
1791179159.6552,0.0200,0.2357,0.0000,0.0000,0.0000,0.0000,0.0000,0.0000,0.1273,0.1258,0.5077,0.5077,0.0000,0.0000,0.0000,-0.0009
1791179159.6752,0.0200,0.1861,0.0000,0.0000,0.0000,0.0000,0.0000,0.0000,0.1273,0.1258,0.5077,0.5077,0.0000,0.0000,0.0000,-0.0009
1791179159.6951,0.0200,0.2674,0.0000,0.0000,0.0000,0.0000,0.0000,0.0000,0.1273,0.1258,0.5077,0.5062,0.0000,0.0000,0.0000,-0.0009
1791179159.7152,0.0200,0.2185,0.0000,0.0000,0.0000,0.0000,0.0000,0.0000,0.1273,0.1258,0.5077,0.5077,0.0000,0.0000,0.0000,-0.0009
1791179159.7352,0.0200,0.2282,0.0000,0.0000,0.0000,0.0000,0.0000,0.0000,0.1273,0.1258,0.5077,0.5077,0.0000,0.0000,0.0000,-0.0009
1791179159.7552,0.0200,0.2022,0.0000,0.0000,0.0000,0.0000,0.0000,0.0000,0.1273,0.1258,0.5077,0.5077,0.0000,0.0000,0.0000,-0.0009
1791179159.7752,0.0200,0.2095,0.0000,0.0000,0.0000,0.0000,0.0000,0.0000,0.1273,0.1258,0.5077,0.5077,0.0000,0.0000,0.0000,-0.0009
1791179159.7952,0.0200,0.2339,0.0000,0.0000,0.0000,0.0000,0.0000,0.0000,0.1273,0.1258,0.5077,0.5077,0.0000,0.0000,0.0000,-0.0009
1791179159.8152,0.0200,0.1904,0.0000,0.0000,0.0000,0.0000,0.0000,0.0000,0.1273,0.1258,0.5077,0.5077,0.0000,0.0000,0.0000,-0.0009
1791179159.8352,0.0200,0.2432,0.0000,0.0000,0.0000,0.0000,0.0000,0.0000,0.1273,0.1258,0.5077,0.5077,0.0000,0.0000,0.0000,-0.0009
1791179159.8552,0.0200,0.3283,0.0000,0.0000,0.0000,0.0000,0.0000,0.0000,0.1273,0.1258,0.5077,0.5077,0.0000,0.0000,0.0000,-0.0009
1791179159.8752,0.0200,0.2098,0.0000,0.0000,0.0000,0.0000,0.0000,0.0000,0.1273,0.1258,0.5077,0.5077,0.0000,0.0000,0.0000,-0.0009
1791179159.8952,0.0200,0.2364,0.0000,0.0000,0.0000,0.0000,0.0000,0.0000,0.1273,0.1258,0.5077,0.5062,0.0000,0.0000,0.0000,-0.0009
1791179159.9152,0.0200,0.2081,0.0000,0.0000,0.0000,0.0000,0.0000,0.0000,0.1273,0.1258,0.5077,0.5077,0.0000,0.0000,0.0000,-0.0009
1791179159.9351,0.0200,0.2396,0.0000,0.0000,0.0000,0.0000,0.0000,0.0000,0.1273,0.1258,0.5077,0.5062,0.0000,0.0000,0.0000,-0.0009
1791179159.9552,0.0200,0.2330,0.0000,0.0000,0.0000,0.0000,0.0000,0.0000,0.1273,0.1258,0.5077,0.5077,0.0000,0.0000,0.0000,-0.0009
1791179159.9752,0.0200,0.2301,0.0000,0.0000,0.0000,0.0000,0.0000,0.0000,0.1273,0.1258,0.5077,0.5077,0.0000,0.0000,0.0000,-0.0009
1791179159.9952,0.0200,0.2578,0.0000,0.0000,0.0000,0.0000,0.0000,0.0000,0.1273,0.1258,0.5077,0.5077,0.0000,0.0000,0.0000,-0.0009
1791179160.0151,0.0200,0.2449,0.0000,0.0000,0.0000,0.0000,0.0000,0.0000,0.1273,0.1258,0.5077,0.5077,0.0000,0.0000,0.0000,-0.0009
1791179160.0351,0.0200,0.2500,0.0000,0.0000,0.0000,0.0000,0.0000,0.0000,0.1273,0.1258,0.5077,0.5062,0.0000,0.0000,0.0000,-0.0009
1791179160.0551,0.0200,0.2518,0.0000,0.0000,0.0000,0.0000,0.0000,0.0000,0.1273,0.1258,0.5077,0.5077,0.0000,0.0000,0.0000,-0.0009
1791179160.0751,0.0200,0.2508,0.0000,0.0000,0.0000,0.0000,0.0000,0.0000,0.1273,0.1258,0.5077,0.5077,0.0000,0.0000,0.0000,-0.0009
1791179160.0951,0.0200,0.1873,0.0000,0.0000,0.0000,0.0000,0.0000,0.0000,0.1273,0.1258,0.5077,0.5077,0.0000,0.0000,0.0000,-0.0009
1791179160.1151,0.0200,0.2405,0.0000,0.0000,0.0000,0.0000,0.0000,0.0000,0.1273,0.1258,0.5077,0.5077,0.0000,0.0000,0.0000,-0.0009
1791179160.1351,0.0200,0.1638,0.0000,0.0000,0.0000,0.0000,0.0000,0.0000,0.1273,0.1258,0.5077,0.5077,0.0000,0.0000,0.0000,-0.0009
1791179160.1551,0.0200,0.2112,0.0000,0.0000,0.0000,0.0000,0.0000,0.0000,0.1273,0.1258,0.5077,0.5077,0.0000,0.0000,0.0000,-0.0009
1791179160.1751,0.0200,0.2408,0.0000,0.0000,0.0000,0.0000,0.0000,0.0000,0.1273,0.1258,0.5077,0.5077,0.0000,0.0000,0.0000,-0.0009
1791179160.1951,0.0200,0.2246,0.0000,0.0000,0.0000,0.0000,0.0000,0.0000,0.1273,0.1258,0.5077,0.5077,0.0000,0.0000,0.0000,-0.0009
1791179160.2152,0.0201,0.2388,0.0000,0.0000,0.0000,0.0000,0.0000,0.0000,0.1273,0.1258,0.5077,0.5077,0.0000,0.0000,0.0000,-0.0009
1791179160.2352,0.0200,0.2133,0.0000,0.0000,0.0000,0.0000,0.0000,0.0000,0.1273,0.1258,0.5077,0.5077,0.0000,0.0000,0.0000,-0.0009
1791179160.2552,0.0200,0.2000,0.0000,0.0000,0.0000,0.0000,0.0000,0.0000,0.1273,0.1258,0.5077,0.5077,0.0000,0.0000,0.0000,-0.0009
1791179160.2752,0.0200,0.2333,0.0000,0.0000,0.0000,0.0000,0.0000,0.0000,0.1273,0.1258,0.5077,0.5077,0.0000,0.0000,0.0000,-0.0009
1791179160.2952,0.0200,0.2073,0.0000,0.0000,0.0000,0.0000,0.0000,0.0000,0.1273,0.1258,0.5077,0.5077,0.0000,0.0000,0.0000,-0.0009
1791179160.3152,0.0200,0.2350,0.0000,0.0000,0.0000,0.0000,0.0000,0.0000,0.1273,0.1258,0.5077,0.5077,0.0000,0.0000,0.0000,-0.0009
1791179160.3352,0.0200,0.2027,0.0000,0.0000,0.0000,0.0000,0.0000,0.0000,0.1273,0.1258,0.5077,0.5077,0.0000,0.0000,0.0000,-0.0009
1791179160.3551,0.0199,0.1726,0.0000,0.0000,0.0000,0.0000,0.0000,0.0000,0.1273,0.1258,0.5077,0.5062,0.0000,0.0000,0.0000,-0.0009
1791179160.3752,0.0200,0.2401,0.0000,0.0000,0.0000,0.0000,0.0000,0.0000,0.1273,0.1258,0.5077,0.5077,0.0000,0.0000,0.0000,-0.0009
1791179160.3951,0.0200,0.2273,0.0000,0.0000,0.0000,0.0000,0.0000,0.0000,0.1273,0.1258,0.5077,0.5077,0.0000,0.0000,0.0000,-0.0009
1791179160.4152,0.0200,0.1674,0.0000,0.0000,0.0000,0.0000,0.0000,0.0000,0.1273,0.1258,0.5077,0.5062,0.0000,0.0000,0.0000,-0.0009
1791179160.4352,0.0200,0.2421,0.0000,0.0000,0.0000,0.0000,0.0000,0.0000,0.1273,0.1258,0.5077,0.5077,0.0000,0.0000,0.0000,-0.0009
1791179160.4552,0.0200,0.2059,0.0000,0.0000,0.0000,0.0000,0.0000,0.0000,0.1273,0.1258,0.5077,0.5077,0.0000,0.0000,0.0000,-0.0009
1791179160.4752,0.0200,0.2262,0.0000,0.0000,0.0000,0.0000,0.0000,0.0000,0.1273,0.1258,0.5077,0.5077,0.0000,0.0000,0.0000,-0.0009
1791179160.4952,0.0200,0.2360,0.0000,0.0000,0.0000,0.0000,0.0000,0.0000,0.1273,0.1258,0.5077,0.5077,0.0000,0.0000,0.0000,-0.0009
1791179160.5152,0.0200,0.1818,0.0000,0.0000,0.0000,0.0000,0.0000,0.0000,0.1273,0.1258,0.5077,0.5077,0.0000,0.0000,0.0000,-0.0009
1791179160.5351,0.0200,0.1952,0.0000,0.0000,0.0000,0.0000,0.0000,0.0000,0.1273,0.1258,0.5077,0.5077,0.0000,0.0000,0.0000,-0.0009
1791179160.5552,0.0200,0.2373,0.0000,0.0000,0.0000,0.0000,0.0000,0.0000,0.1273,0.1258,0.5077,0.5077,0.0000,0.0000,0.0000,-0.0009
1791179160.5752,0.0200,0.2113,0.0000,0.0000,0.0000,0.0000,0.0000,0.0000,0.1273,0.1258,0.5077,0.5077,0.0000,0.0000,0.0000,-0.0009
1791179160.5951,0.0200,0.2214,0.0000,0.0000,0.0000,0.0000,0.0000,0.0000,0.1273,0.1258,0.5077,0.5077,0.0000,0.0000,0.0000,-0.0009
1791179160.6152,0.0200,0.2312,0.0000,0.0000,0.0000,0.0000,0.0000,0.0000,0.1273,0.1258,0.5077,0.5077,0.0000,0.0000,0.0000,-0.0009
1791179160.6352,0.0200,0.1807,0.0000,0.0000,0.0000,0.0000,0.0000,0.0000,0.1273,0.1258,0.5077,0.5077,0.0000,0.0000,0.0000,-0.0009
1791179160.6551,0.0200,0.2135,0.0000,0.0000,0.0000,0.0000,0.0000,0.0000,0.1273,0.1258,0.5077,0.5077,0.0000,0.0000,0.0000,-0.0009
1791179160.6752,0.0200,0.2332,0.0000,0.0000,0.0000,0.0000,0.0000,0.0000,0.1273,0.1258,0.5077,0.5077,0.0000,0.0000,0.0000,-0.0009
1791179160.6952,0.0200,0.2351,0.0000,0.0000,0.0000,0.0000,0.0000,0.0000,0.1273,0.1258,0.5077,0.5077,0.0000,0.0000,0.0000,-0.0009
1791179160.7152,0.0200,0.2370,0.0000,0.0000,0.0000,0.0000,0.0000,0.0000,0.1273,0.1258,0.5077,0.5077,0.0000,0.0000,0.0000,-0.0009
1791179160.7352,0.0200,0.2348,0.0000,0.0000,0.0000,0.0000,0.0000,0.0000,0.1273,0.1258,0.5077,0.5062,0.0000,0.0000,0.0000,-0.0009
1791179160.7552,0.0200,0.2436,0.0000,0.0000,0.0000,0.0000,0.0000,0.0000,0.1273,0.1258,0.5077,0.5062,0.0000,0.0000,0.0000,-0.0009
1791179160.7752,0.0200,0.2362,0.0000,0.0000,0.0000,0.0000,0.0000,0.0000,0.1273,0.1258,0.5077,0.5077,0.0000,0.0000,0.0000,-0.0009
1791179160.7952,0.0200,0.2297,0.0000,0.0000,0.0000,0.0000,0.0000,0.0000,0.1273,0.1258,0.5077,0.5062,0.0000,0.0000,0.0000,-0.0009
1791179160.8152,0.0200,0.2329,0.0000,0.0000,0.0000,0.0000,0.0000,0.0000,0.1273,0.1258,0.5077,0.5077,0.0000,0.0000,0.0000,-0.0009
1791179160.8352,0.0200,0.2082,0.0000,0.0000,0.0000,0.0000,0.0000,0.0000,0.1273,0.1258,0.5077,0.5077,0.0000,0.0000,0.0000,-0.0009
1791179160.8552,0.0200,0.2449,0.0000,0.0000,0.0000,0.0000,0.0000,0.0000,0.1273,0.1258,0.5077,0.5077,0.0000,0.0000,0.0000,-0.0009
1791179160.8752,0.0200,0.2284,0.0000,0.0000,0.0000,0.0000,0.0000,0.0000,0.1273,0.1258,0.5077,0.5077,0.0000,0.0000,0.0000,-0.0009
1791179160.8952,0.0200,0.2345,0.0000,0.0000,0.0000,0.0000,0.0000,0.0000,0.1273,0.1258,0.5077,0.5077,0.0000,0.0000,0.0000,-0.0009
1791179160.9151,0.0200,0.2146,0.0000,0.0000,0.0000,0.0000,0.0000,0.0000,0.1273,0.1258,0.5077,0.5062,0.0000,0.0000,0.0000,-0.0009
1791179160.9352,0.0200,0.2421,0.0000,0.0000,0.0000,0.0000,0.0000,0.0000,0.1273,0.1258,0.5077,0.5077,0.0000,0.0000,0.0000,-0.0009
1791179160.9551,0.0200,0.2218,0.0000,0.0000,0.0000,0.0000,0.0000,0.0000,0.1273,0.1258,0.5077,0.5077,0.0000,0.0000,0.0000,-0.0009
1791179160.9751,0.0200,0.2142,0.0000,0.0000,0.0000,0.0000,0.0000,0.0000,0.1273,0.1258,0.5077,0.5077,0.0000,0.0000,0.0000,-0.0009
1791179160.9951,0.0200,0.1863,0.0000,0.0000,0.0000,0.0000,0.0000,0.0000,0.1273,0.1258,0.5077,0.5062,0.0000,0.0000,0.0000,-0.0009
1791179161.0151,0.0200,0.2151,0.0000,0.0000,0.0000,0.0000,0.0000,0.0000,0.1273,0.1258,0.5077,0.5077,0.0000,0.0000,0.0000,-0.0009
1791179161.0352,0.0200,0.2769,0.0000,0.0000,0.0000,0.0000,0.0000,0.0000,0.1273,0.1258,0.5077,0.5077,0.0000,0.0000,0.0000,-0.0009
1791179161.0552,0.0200,0.2591,0.0000,0.0000,0.0000,0.0000,0.0000,0.0000,0.1273,0.1258,0.5077,0.5077,0.0000,0.0000,0.0000,-0.0009
1791179161.0751,0.0200,0.2137,0.0000,0.0000,0.0000,0.0000,0.0000,0.0000,0.1273,0.1258,0.5077,0.5062,0.0000,0.0000,0.0000,-0.0009
1791179161.0952,0.0200,0.2824,0.0000,0.0000,0.0000,0.0000,0.0000,0.0000,0.1273,0.1258,0.5077,0.5077,0.0000,0.0000,0.0000,-0.0009
1791179161.1152,0.0200,0.2531,0.0000,0.0000,0.0000,0.0000,0.0000,0.0000,0.1273,0.1258,0.5077,0.5077,0.0000,0.0000,0.0000,-0.0009
1791179161.1352,0.0200,0.2701,0.0000,0.0000,0.0000,0.0000,0.0000,0.0000,0.1273,0.1258,0.5077,0.5077,0.0000,0.0000,0.0000,-0.0009
1791179161.1552,0.0200,0.2838,0.0000,0.0000,0.0000,0.0000,0.0000,0.0000,0.1273,0.1258,0.5077,0.5077,0.0000,0.0000,0.0000,-0.0009
1791179161.1752,0.0200,0.2255,0.0000,0.0000,0.0000,0.0000,0.0000,0.0000,0.1273,0.1258,0.5077,0.5077,0.0000,0.0000,0.0000,-0.0009
1791179161.1952,0.0200,0.2110,0.0000,0.0000,0.0000,0.0000,0.0000,0.0000,0.1273,0.1258,0.5077,0.5077,0.0000,0.0000,0.0000,-0.0009
1791179161.2152,0.0200,0.1701,0.0000,0.0000,0.0000,0.0000,0.0000,0.0000,0.1273,0.1258,0.5077,0.5077,0.0000,0.0000,0.0000,-0.0009
1791179161.2351,0.0200,0.2222,0.0000,0.0000,0.0000,0.0000,0.0000,0.0000,0.1273,0.1258,0.5077,0.5077,0.0000,0.0000,0.0000,-0.0009
1791179161.2552,0.0200,0.2402,0.0000,0.0000,0.0000,0.0000,0.0000,0.0000,0.1273,0.1258,0.5077,0.5077,0.0000,0.0000,0.0000,-0.0009
1791179161.2752,0.0200,0.2417,0.0000,0.0000,0.0000,0.0000,0.0000,0.0000,0.1273,0.1258,0.5077,0.5077,0.0000,0.0000,0.0000,-0.0009
1791179161.2952,0.0200,0.1670,0.0000,0.0000,0.0000,0.0000,0.0000,0.0000,0.1273,0.1258,0.5077,0.5077,0.0000,0.0000,0.0000,-0.0009
1791179161.3152,0.0200,0.2464,0.0000,0.0000,0.0000,0.0000,0.0000,0.0000,0.1273,0.1258,0.5077,0.5077,0.0000,0.0000,0.0000,-0.0009
1791179161.3352,0.0200,0.2125,0.0000,0.0000,0.0000,0.0000,0.0000,0.0000,0.1273,0.1258,0.5077,0.5077,0.0000,0.0000,0.0000,-0.0009
1791179161.3552,0.0200,0.2453,0.0000,0.0000,0.0000,0.0000,0.0000,0.0000,0.1273,0.1258,0.5077,0.5077,0.0000,0.0000,0.0000,-0.0009
1791179161.3751,0.0200,0.1768,0.0000,0.0000,0.0000,0.0000,0.0000,0.0000,0.1273,0.1258,0.5077,0.5077,0.0000,0.0000,0.0000,-0.0009
1791179161.3951,0.0200,0.2211,0.0000,0.0000,0.0000,0.0000,0.0000,0.0000,0.1273,0.1258,0.5077,0.5077,0.0000,0.0000,0.0000,-0.0009
1791179161.4152,0.0200,0.2346,0.0000,0.0000,0.0000,0.0000,0.0000,0.0000,0.1273,0.1258,0.5077,0.5077,0.0000,0.0000,0.0000,-0.0009
1791179161.4352,0.0200,0.2450,0.0000,0.0000,0.0000,0.0000,0.0000,0.0000,0.1273,0.1258,0.5077,0.5077,0.0000,0.0000,0.0000,-0.0009
1791179161.4552,0.0200,0.1855,0.0000,0.0000,0.0000,0.0000,0.0000,0.0000,0.1273,0.1258,0.5077,0.5077,0.0000,0.0000,0.0000,-0.0009
1791179161.4751,0.0200,0.2165,0.0000,0.0000,0.0000,0.0000,0.0000,0.0000,0.1273,0.1258,0.5077,0.5077,0.0000,0.0000,0.0000,-0.0009
1791179161.4952,0.0200,0.2445,0.0000,0.0000,0.0000,0.0000,0.0000,0.0000,0.1273,0.1258,0.5077,0.5077,0.0000,0.0000,0.0000,-0.0009
1791179161.5152,0.0200,0.1789,0.0000,0.0000,0.0000,0.0000,0.0000,0.0000,0.1273,0.1258,0.5077,0.5077,0.0000,0.0000,0.0000,-0.0009
1791179161.5351,0.0200,0.1858,0.0000,0.0000,0.0000,0.0000,0.0000,0.0000,0.1273,0.1258,0.5077,0.5077,0.0000,0.0000,0.0000,-0.0009
1791179161.5552,0.0200,0.2429,0.0000,0.0000,0.0000,0.0000,0.0000,0.0000,0.1273,0.1258,0.5077,0.5077,0.0000,0.0000,0.0000,-0.0009
1791179161.5752,0.0200,0.3361,0.0000,0.0000,0.0000,0.0000,0.0000,0.0000,0.1273,0.1258,0.5077,0.5062,0.0000,0.0000,0.0000,-0.0009
1791179161.5952,0.0200,0.3293,0.0000,0.0000,0.0000,0.0000,0.0000,0.0000,0.1273,0.1258,0.5077,0.5077,0.0000,0.0000,0.0000,-0.0009
1791179161.6152,0.0200,0.2456,0.0000,0.0000,0.0000,0.0000,0.0000,0.0000,0.1273,0.1258,0.5077,0.5077,0.0000,0.0000,0.0000,-0.0009
1791179161.6352,0.0200,0.2427,0.0000,0.0000,0.0000,0.0000,0.0000,0.0000,0.1273,0.1258,0.5077,0.5062,0.0000,0.0000,0.0000,-0.0009
1791179161.6552,0.0200,0.3249,0.0000,0.0000,0.0000,0.0000,0.0000,0.0000,0.1273,0.1258,0.5077,0.5077,0.0000,0.0000,0.0000,-0.0009
1791179161.6753,0.0201,0.2150,0.0000,0.0000,0.0000,0.0000,0.0000,0.0000,0.1273,0.1258,0.5077,0.5077,0.0000,0.0000,0.0000,-0.0009
1791179161.6952,0.0199,0.3157,0.0000,0.0000,0.0000,0.0000,0.0000,0.0000,0.1273,0.1258,0.5077,0.5062,0.0000,0.0000,0.0000,-0.0009
1791179161.7152,0.0200,0.2119,0.0000,0.0000,0.0000,0.0000,0.0000,0.0000,0.1273,0.1258,0.5077,0.5077,0.0000,0.0000,0.0000,-0.0009
1791179161.7352,0.0200,0.2433,0.0000,0.0000,0.0000,0.0000,0.0000,0.0000,0.1273,0.1258,0.5077,0.5062,0.0000,0.0000,0.0000,-0.0009
1791179161.7552,0.0200,0.3231,0.0000,0.0000,0.0000,0.0000,0.0000,0.0000,0.1273,0.1258,0.5077,0.5077,0.0000,0.0000,0.0000,-0.0009
1791179161.7752,0.0200,0.3307,0.0000,0.0000,0.0000,0.0000,0.0000,0.0000,0.1273,0.1258,0.5077,0.5062,0.0000,0.0000,0.0000,-0.0009
1791179161.7951,0.0200,0.2215,0.0000,0.0000,0.0000,0.0000,0.0000,0.0000,0.1273,0.1258,0.5077,0.5062,0.0000,0.0000,0.0000,-0.0009
1791179161.8151,0.0200,0.1996,0.0000,0.0000,0.0000,0.0000,0.0000,0.0000,0.1273,0.1258,0.5077,0.5077,0.0000,0.0000,0.0000,-0.0009
1791179161.8351,0.0200,0.2012,0.0000,0.0000,0.0000,0.0000,0.0000,0.0000,0.1273,0.1258,0.5077,0.5077,0.0000,0.0000,0.0000,-0.0009
1791179161.8551,0.0200,0.2060,0.0000,0.0000,0.0000,0.0000,0.0000,0.0000,0.1273,0.1258,0.5077,0.5062,0.0000,0.0000,0.0000,-0.0009
1791179161.8751,0.0200,0.1968,0.0000,0.0000,0.0000,0.0000,0.0000,0.0000,0.1273,0.1258,0.5077,0.5077,0.0000,0.0000,0.0000,-0.0009
1791179161.8951,0.0200,0.1818,0.0000,0.0000,0.0000,0.0000,0.0000,0.0000,0.1273,0.1258,0.5077,0.5077,0.0000,0.0000,0.0000,-0.0009
1791179161.9151,0.0200,0.2399,0.0000,0.0000,0.0000,0.0000,0.0000,0.0000,0.1273,0.1258,0.5077,0.5077,0.0000,0.0000,0.0000,-0.0009
1791179161.9352,0.0200,0.2455,0.0000,0.0000,0.0000,0.0000,0.0000,0.0000,0.1273,0.1258,0.5077,0.5077,0.0000,0.0000,0.0000,-0.0009
1791179161.9551,0.0200,0.2197,0.0000,0.0000,0.0000,0.0000,0.0000,0.0000,0.1273,0.1258,0.5077,0.5077,0.0000,0.0000,0.0000,-0.0009
1791179161.9752,0.0200,0.2383,0.0000,0.0000,0.0000,0.0000,0.0000,0.0000,0.1273,0.1258,0.5077,0.5077,0.0000,0.0000,0.0000,-0.0009
1791179161.9952,0.0200,0.2322,0.0000,0.0000,0.0000,0.0000,0.0000,0.0000,0.1273,0.1258,0.5077,0.5077,0.0000,0.0000,0.0000,-0.0009
1791179162.0152,0.0200,0.2357,0.0000,0.0000,0.0000,0.0000,0.0000,0.0000,0.1273,0.1258,0.5077,0.5062,0.0000,0.0000,0.0000,-0.0009
1791179162.0352,0.0200,0.2565,0.0000,0.0000,0.0000,0.0000,0.0000,0.0000,0.1273,0.1258,0.5077,0.5062,0.0000,0.0000,0.0000,-0.0009
1791179162.0552,0.0200,0.2141,0.0000,0.0000,0.0000,0.0000,0.0000,0.0000,0.1273,0.1258,0.5077,0.5077,0.0000,0.0000,0.0000,-0.0009
1791179162.0751,0.0200,0.2222,0.0000,0.0000,0.0000,0.0000,0.0000,0.0000,0.1273,0.1258,0.5077,0.5077,0.0000,0.0000,0.0000,-0.0009
1791179162.0952,0.0200,0.2356,0.0000,0.0000,0.0000,0.0000,0.0000,0.0000,0.1273,0.1258,0.5077,0.5077,0.0000,0.0000,0.0000,-0.0009
1791179162.1152,0.0200,0.1695,0.0000,0.0000,0.0000,0.0000,0.0000,0.0000,0.1273,0.1258,0.5077,0.5077,0.0000,0.0000,0.0000,-0.0009
1791179162.1351,0.0200,0.2181,0.0000,0.0000,0.0000,0.0000,0.0000,0.0000,0.1273,0.1258,0.5077,0.5077,0.0000,0.0000,0.0000,-0.0009
1791179162.1552,0.0200,0.2362,0.0000,0.0000,0.0000,0.0000,0.0000,0.0000,0.1273,0.1258,0.5077,0.5077,0.0000,0.0000,0.0000,-0.0009
1791179162.1751,0.0200,0.2904,0.0000,0.0000,0.0000,0.0000,0.0000,0.0000,0.1273,0.1258,0.5077,0.5077,0.0000,0.0000,0.0000,-0.0009
1791179162.1952,0.0200,0.1873,0.0000,0.0000,0.0000,0.0000,0.0000,0.0000,0.1273,0.1258,0.5077,0.5077,0.0000,0.0000,0.0000,-0.0009
1791179162.2151,0.0200,0.2543,0.0000,0.0000,0.0000,0.0000,0.0000,0.0000,0.1273,0.1258,0.5077,0.5077,0.0000,0.0000,0.0000,-0.0009
1791179162.2351,0.0200,0.2168,0.0000,0.0000,0.0000,0.0000,0.0000,0.0000,0.1273,0.1258,0.5077,0.5077,0.0000,0.0000,0.0000,-0.0009
1791179162.2552,0.0200,0.2376,0.0000,0.0000,0.0000,0.0000,0.0000,0.0000,0.1273,0.1258,0.5077,0.5077,0.0000,0.0000,0.0000,-0.0009
1791179162.2752,0.0200,0.2377,0.0000,0.0000,0.0000,0.0000,0.0000,0.0000,0.1273,0.1258,0.5077,0.5077,0.0000,0.0000,0.0000,-0.0009
1791179162.2952,0.0200,0.1778,0.0000,0.0000,0.0000,0.0000,0.0000,0.0000,0.1273,0.1258,0.5077,0.5077,0.0000,0.0000,0.0000,-0.0009
1791179162.3151,0.0200,0.2131,0.0000,0.0000,0.0000,0.0000,0.0000,0.0000,0.1273,0.1258,0.5077,0.5062,0.0000,0.0000,0.0000,-0.0009
1791179162.3352,0.0200,0.2377,0.0000,0.0000,0.0000,0.0000,0.0000,0.0000,0.1273,0.1258,0.5077,0.5077,0.0000,0.0000,0.0000,-0.0009
1791179162.3552,0.0200,0.2018,0.0000,0.0000,0.0000,0.0000,0.0000,0.0000,0.1273,0.1258,0.5077,0.5077,0.0000,0.0000,0.0000,-0.0009
1791179162.3751,0.0200,0.2848,0.0000,0.0000,0.0000,0.0000,0.0000,0.0000,0.1273,0.1258,0.5077,0.5077,0.0000,0.0000,0.0000,-0.0009
1791179162.3952,0.0200,0.2167,0.0000,0.0000,0.0000,0.0000,0.0000,0.0000,0.1273,0.1258,0.5077,0.5077,0.0000,0.0000,0.0000,-0.0009
1791179162.4152,0.0200,0.2320,0.0000,0.0000,0.0000,0.0000,0.0000,0.0000,0.1273,0.1258,0.5077,0.5077,0.0000,0.0000,0.0000,-0.0009
1791179162.4351,0.0200,0.2318,0.0000,0.0000,0.0000,0.0000,0.0000,0.0000,0.1273,0.1258,0.5077,0.5077,0.0000,0.0000,0.0000,-0.0009
1791179162.4552,0.0200,0.2395,0.0000,0.0000,0.0000,0.0000,0.0000,0.0000,0.1273,0.1258,0.5077,0.5077,0.0000,0.0000,0.0000,-0.0009
1791179162.4752,0.0200,0.2378,0.0000,0.0000,0.0000,0.0000,0.0000,0.0000,0.1273,0.1258,0.5077,0.5077,0.0000,0.0000,0.0000,-0.0009
1791179162.4952,0.0200,0.2354,0.0000,0.0000,0.0000,0.0000,0.0000,0.0000,0.1273,0.1258,0.5077,0.5077,0.0000,0.0000,0.0000,-0.0009
1791179162.5152,0.0200,0.3110,0.0000,0.0000,0.0000,0.0000,0.0000,0.0000,0.1273,0.1258,0.5077,0.5062,0.0000,0.0000,0.0000,-0.0009
1791179162.5352,0.0200,0.2385,0.0000,0.0000,0.0000,0.0000,0.0000,0.0000,0.1273,0.1258,0.5077,0.5077,0.0000,0.0000,0.0000,-0.0009
1791179162.5552,0.0200,0.2375,0.0000,0.0000,0.0000,0.0000,0.0000,0.0000,0.1273,0.1258,0.5077,0.5077,0.0000,0.0000,0.0000,-0.0009
1791179162.5752,0.0200,0.2255,0.0000,0.0000,0.0000,0.0000,0.0000,0.0000,0.1273,0.1258,0.5077,0.5062,0.0000,0.0000,0.0000,-0.0009
1791179162.5952,0.0200,0.2346,0.0000,0.0000,0.0000,0.0000,0.0000,0.0000,0.1273,0.1258,0.5077,0.5077,0.0000,0.0000,0.0000,-0.0009
1791179162.6152,0.0200,0.2394,0.0000,0.0000,0.0000,0.0000,0.0000,0.0000,0.1273,0.1258,0.5077,0.5077,0.0000,0.0000,0.0000,-0.0009
1791179162.6352,0.0200,0.2318,0.0000,0.0000,0.0000,0.0000,0.0000,0.0000,0.1273,0.1258,0.5077,0.5077,0.0000,0.0000,0.0000,-0.0009
1791179162.6552,0.0200,0.2302,0.0000,0.0000,0.0000,0.0000,0.0000,0.0000,0.1273,0.1258,0.5077,0.5062,0.0000,0.0000,0.0000,-0.0009
1791179162.6752,0.0200,0.2382,0.0000,0.0000,0.0000,0.0000,0.0000,0.0000,0.1273,0.1258,0.5077,0.5062,0.0000,0.0000,0.0000,-0.0009
1791179162.6952,0.0200,0.2370,0.0000,0.0000,0.0000,0.0000,0.0000,0.0000,0.1273,0.1258,0.5077,0.5062,0.0000,0.0000,0.0000,-0.0009
1791179162.7151,0.0200,0.2164,0.0000,0.0000,0.0000,0.0000,0.0000,0.0000,0.1273,0.1258,0.5077,0.5077,0.0000,0.0000,0.0000,-0.0009
1791179162.7351,0.0200,0.1623,0.0000,0.0000,0.0000,0.0000,0.0000,0.0000,0.1273,0.1258,0.5077,0.5077,0.0000,0.0000,0.0000,-0.0009
1791179162.7551,0.0200,0.2395,0.0000,0.0000,0.0000,0.0000,0.0000,0.0000,0.1273,0.1258,0.5077,0.5062,0.0000,0.0000,0.0000,-0.0009
1791179162.7752,0.0200,0.2403,0.0000,0.0000,0.0000,0.0000,0.0000,0.0000,0.1273,0.1258,0.5077,0.5077,0.0000,0.0000,0.0000,-0.0009
1791179162.7951,0.0200,0.2189,0.0000,0.0000,0.0000,0.0000,0.0000,0.0000,0.1273,0.1258,0.5077,0.5062,0.0000,0.0000,0.0000,-0.0009
1791179162.8151,0.0200,0.2238,0.0000,0.0000,0.0000,0.0000,0.0000,0.0000,0.1273,0.1258,0.5077,0.5077,0.0000,0.0000,0.0000,-0.0009
1791179162.8352,0.0200,0.2523,0.0000,0.0000,0.0000,0.0000,0.0000,0.0000,0.1273,0.1258,0.5077,0.5077,0.0000,0.0000,0.0000,-0.0009
1791179162.8551,0.0200,0.1493,0.0000,0.0000,0.0000,0.0000,0.0000,0.0000,0.1273,0.1258,0.5077,0.5077,0.0000,0.0000,0.0000,-0.0009
1791179162.8752,0.0201,0.2842,0.0000,0.0000,0.0000,0.0000,0.0000,0.0000,0.1273,0.1258,0.5077,0.5077,0.0000,0.0000,0.0000,-0.0009
1791179162.8952,0.0200,0.2857,0.0000,0.0000,0.0000,0.0000,0.0000,0.0000,0.1273,0.1258,0.5077,0.5077,0.0000,0.0000,0.0000,-0.0009
1791179162.9152,0.0200,0.2967,0.0000,0.0000,0.0000,0.0000,0.0000,0.0000,0.1273,0.1258,0.5077,0.5062,0.0000,0.0000,0.0000,-0.0009
1791179162.9352,0.0200,0.2492,0.0000,0.0000,0.0000,0.0000,0.0000,0.0000,0.1273,0.1258,0.5077,0.5077,0.0000,0.0000,0.0000,-0.0009
1791179162.9551,0.0200,0.2179,0.0000,0.0000,0.0000,0.0000,0.0000,0.0000,0.1273,0.1258,0.5077,0.5077,0.0000,0.0000,0.0000,-0.0009
1791179162.9752,0.0200,0.2333,0.0000,0.0000,0.0000,0.0000,0.0000,0.0000,0.1273,0.1258,0.5077,0.5077,0.0000,0.0000,0.0000,-0.0009
1791179162.9952,0.0200,0.2312,0.0000,0.0000,0.0000,0.0000,0.0000,0.0000,0.1273,0.1258,0.5077,0.5077,0.0000,0.0000,0.0000,-0.0009
1791179163.0152,0.0200,0.3002,0.0000,0.0000,0.0000,0.0000,0.0000,0.0000,0.1273,0.1258,0.5077,0.5077,0.0000,0.0000,0.0000,-0.0009
1791179163.0352,0.0200,0.2456,0.0000,0.0000,0.0000,0.0000,0.0000,0.0000,0.1273,0.1258,0.5077,0.5077,0.0000,0.0000,0.0000,-0.0009
1791179163.0552,0.0200,0.1731,0.0000,0.0000,0.0000,0.0000,0.0000,0.0000,0.1273,0.1258,0.5077,0.5077,0.0000,0.0000,0.0000,-0.0009
1791179163.0751,0.0200,0.1904,0.0000,0.0000,0.0000,0.0000,0.0000,0.0000,0.1273,0.1258,0.5077,0.5077,0.0000,0.0000,0.0000,-0.0009
1791179163.0952,0.0200,0.2957,0.0000,0.0000,0.0000,0.0000,0.0000,0.0000,0.1273,0.1258,0.5077,0.5077,0.0000,0.0000,0.0000,-0.0009
1791179163.1152,0.0200,0.3409,0.0000,0.0000,0.0000,0.0000,0.0000,0.0000,0.1273,0.1258,0.5077,0.5077,0.0000,0.0000,0.0000,-0.0009
1791179163.1352,0.0200,0.2357,0.0000,0.0000,0.0000,0.0000,0.0000,0.0000,0.1273,0.1258,0.5077,0.5077,0.0000,0.0000,0.0000,-0.0009
1791179163.1552,0.0200,0.2096,0.0000,0.0000,0.0000,0.0000,0.0000,0.0000,0.1273,0.1258,0.5077,0.5077,0.0000,0.0000,0.0000,-0.0009
1791179163.1752,0.0200,0.1672,0.0000,0.0000,0.0000,0.0000,0.0000,0.0000,0.1273,0.1258,0.5077,0.5077,0.0000,0.0000,0.0000,-0.0009
1791179163.1952,0.0200,0.3642,0.0000,0.0000,0.0000,0.0000,0.0000,0.0000,0.1273,0.1258,0.5077,0.5077,0.0000,0.0000,0.0000,-0.0009
1791179163.2152,0.0200,0.2917,0.0000,0.0000,0.0000,0.0000,0.0000,0.0000,0.1273,0.1258,0.5077,0.5077,0.0000,0.0000,0.0000,-0.0009
1791179163.2352,0.0200,0.2154,0.0000,0.0000,0.0000,0.0000,0.0000,0.0000,0.1273,0.1258,0.5077,0.5077,0.0000,0.0000,0.0000,-0.0009
1791179163.2552,0.0200,0.2322,0.0000,0.0000,0.0000,0.0000,0.0000,0.0000,0.1273,0.1273,0.5077,0.5077,0.0000,0.0000,0.0000,-0.0009
1791179163.2752,0.0200,0.2366,0.0000,0.0000,0.0000,0.0000,0.0000,0.0000,0.1273,0.1258,0.5077,0.5077,0.0000,0.0000,0.0000,-0.0009
1791179163.2951,0.0200,0.2036,0.0000,0.0000,0.0000,0.0000,0.0000,0.0000,0.1273,0.1258,0.5077,0.5077,0.0000,0.0000,0.0000,-0.0009
1791179163.3152,0.0200,0.2334,0.0000,0.0000,0.0000,0.0000,0.0000,0.0000,0.1273,0.1258,0.5077,0.5077,0.0000,0.0000,0.0000,-0.0009
1791179163.3352,0.0200,0.2293,0.0000,0.0000,0.0000,0.0000,0.0000,0.0000,0.1273,0.1258,0.5077,0.5077,0.0000,0.0000,0.0000,-0.0009
1791179163.3552,0.0200,0.2313,0.0000,0.0000,0.0000,0.0000,0.0000,0.0000,0.1273,0.1258,0.5077,0.5077,0.0000,0.0000,0.0000,-0.0009
1791179163.3752,0.0200,0.1998,0.0000,0.0000,0.0000,0.0000,0.0000,0.0000,0.1273,0.1258,0.5077,0.5077,0.0000,0.0000,0.0000,-0.0009
1791179163.3951,0.0199,0.2283,0.0000,0.0000,0.0000,0.0000,0.0000,0.0000,0.1273,0.1258,0.5077,0.5062,0.0000,0.0000,0.0000,-0.0009
1791179163.4152,0.0200,0.2407,0.0000,0.0000,0.0000,0.0000,0.0000,0.0000,0.1273,0.1258,0.5077,0.5077,0.0000,0.0000,0.0000,-0.0009
1791179163.4352,0.0200,0.2432,0.0000,0.0000,0.0000,0.0000,0.0000,0.0000,0.1273,0.1258,0.5077,0.5077,0.0000,0.0000,0.0000,-0.0009
1791179163.4552,0.0200,0.2396,0.0000,0.0000,0.0000,0.0000,0.0000,0.0000,0.1273,0.1258,0.5077,0.5077,0.0000,0.0000,0.0000,-0.0009
1791179163.4752,0.0200,0.2365,0.0000,0.0000,0.0000,0.0000,0.0000,0.0000,0.1273,0.1258,0.5077,0.5077,0.0000,0.0000,0.0000,-0.0009
1791179163.4952,0.0200,0.2360,0.0000,0.0000,0.0000,0.0000,0.0000,0.0000,0.1273,0.1258,0.5077,0.5077,0.0000,0.0000,0.0000,-0.0009
1791179163.5152,0.0200,0.2161,0.0000,0.0000,0.0000,0.0000,0.0000,0.0000,0.1273,0.1258,0.5077,0.5077,0.0000,0.0000,0.0000,-0.0009
1791179163.5351,0.0200,0.1867,0.0000,0.0000,0.0000,0.0000,0.0000,0.0000,0.1273,0.1273,0.5077,0.5077,0.0000,0.0000,0.0000,-0.0009
1791179163.5552,0.0200,0.3444,0.0000,0.0000,0.0000,0.0000,0.0000,0.0000,0.1273,0.1258,0.5077,0.5077,0.0000,0.0000,0.0000,-0.0009
1791179163.5752,0.0200,0.2177,0.0000,0.0000,0.0000,0.0000,0.0000,0.0000,0.1273,0.1258,0.5077,0.5077,0.0000,0.0000,0.0000,-0.0009
1791179163.5951,0.0200,0.2332,0.0000,0.0000,0.0000,0.0000,0.0000,0.0000,0.1273,0.1258,0.5077,0.5077,0.0000,0.0000,0.0000,-0.0009
1791179163.6152,0.0200,0.2540,0.0000,0.0000,0.0000,0.0000,0.0000,0.0000,0.1273,0.1258,0.5077,0.5077,0.0000,0.0000,0.0000,-0.0009
1791179163.6351,0.0200,0.1693,0.0000,0.0000,0.0000,0.0000,0.0000,0.0000,0.1273,0.1258,0.5077,0.5077,0.0000,0.0000,0.0000,-0.0009
1791179163.6551,0.0200,0.2411,0.0000,0.0000,0.0000,0.0000,0.0000,0.0000,0.1273,0.1258,0.5077,0.5077,0.0000,0.0000,0.0000,-0.0009
1791179163.6751,0.0200,0.1670,0.0000,0.0000,0.0000,0.0000,0.0000,0.0000,0.1273,0.1258,0.5077,0.5077,0.0000,0.0000,0.0000,-0.0009
1791179163.6951,0.0200,0.2417,0.0000,0.0000,0.0000,0.0000,0.0000,0.0000,0.1273,0.1258,0.5077,0.5077,0.0000,0.0000,0.0000,-0.0009
1791179163.7151,0.0200,0.2116,0.0000,0.0000,0.0000,0.0000,0.0000,0.0000,0.1273,0.1258,0.5077,0.5077,0.0000,0.0000,0.0000,-0.0009
1791179163.7351,0.0200,0.2134,0.0000,0.0000,0.0000,0.0000,0.0000,0.0000,0.1273,0.1258,0.5077,0.5077,0.0000,0.0000,0.0000,-0.0009
1791179163.7551,0.0200,0.2073,0.0000,0.0000,0.0000,0.0000,0.0000,0.0000,0.1273,0.1258,0.5077,0.5062,0.0000,0.0000,0.0000,-0.0009
1791179163.7752,0.0200,0.2028,0.0000,0.0000,0.0000,0.0000,0.0000,0.0000,0.1273,0.1258,0.5077,0.5077,0.0000,0.0000,0.0000,-0.0009
1791179163.7951,0.0200,0.2187,0.0000,0.0000,0.0000,0.0000,0.0000,0.0000,0.1273,0.1258,0.5077,0.5077,0.0000,0.0000,0.0000,-0.0009
1791179163.8152,0.0200,0.2370,0.0000,0.0000,0.0000,0.0000,0.0000,0.0000,0.1273,0.1258,0.5077,0.5077,0.0000,0.0000,0.0000,-0.0009
1791179163.8352,0.0200,0.2317,0.0000,0.0000,0.0000,0.0000,0.0000,0.0000,0.1273,0.1258,0.5077,0.5077,0.0000,0.0000,0.0000,-0.0009
1791179163.8552,0.0200,0.2340,0.0000,0.0000,0.0000,0.0000,0.0000,0.0000,0.1273,0.1258,0.5077,0.5077,0.0000,0.0000,0.0000,-0.0009
1791179163.8752,0.0200,0.2245,0.0000,0.0000,0.0000,0.0000,0.0000,0.0000,0.1273,0.1258,0.5077,0.5077,0.0000,0.0000,0.0000,-0.0009
1791179163.8952,0.0200,0.2241,0.0000,0.0000,0.0000,0.0000,0.0000,0.0000,0.1273,0.1258,0.5077,0.5062,0.0000,0.0000,0.0000,-0.0009
1791179163.9152,0.0200,0.2283,0.0000,0.0000,0.0000,0.0000,0.0000,0.0000,0.1273,0.1258,0.5077,0.5077,0.0000,0.0000,0.0000,-0.0009
1791179163.9352,0.0200,0.2295,0.0000,0.0000,0.0000,0.0000,0.0000,0.0000,0.1273,0.1258,0.5077,0.5077,0.0000,0.0000,0.0000,-0.0009
1791179163.9552,0.0200,0.2346,0.0000,0.0000,0.0000,0.0000,0.0000,0.0000,0.1273,0.1258,0.5077,0.5077,0.0000,0.0000,0.0000,-0.0009
1791179163.9752,0.0200,0.2280,0.0000,0.0000,0.0000,0.0000,0.0000,0.0000,0.1273,0.1258,0.5077,0.5077,0.0000,0.0000,0.0000,-0.0009
1791179163.9952,0.0200,0.2330,0.0000,0.0000,0.0000,0.0000,0.0000,0.0000,0.1273,0.1258,0.5077,0.5062,0.0000,0.0000,0.0000,-0.0009
1791179164.0152,0.0200,0.1817,0.0000,0.0000,0.0000,0.0000,0.0000,0.0000,0.1273,0.1258,0.5077,0.5077,0.0000,0.0000,0.0000,-0.0009
1791179164.0352,0.0200,0.2416,0.0000,0.0000,0.0000,0.0000,0.0000,0.0000,0.1273,0.1258,0.5077,0.5077,0.0000,0.0000,0.0000,-0.0009
1791179164.0552,0.0200,0.2316,0.0000,0.0000,0.0000,0.0000,0.0000,0.0000,0.1273,0.1258,0.5077,0.5077,0.0000,0.0000,0.0000,-0.0009
1791179164.0752,0.0200,0.1815,0.0000,0.0000,0.0000,0.0000,0.0000,0.0000,0.1273,0.1258,0.5077,0.5077,0.0000,0.0000,0.0000,-0.0009
1791179164.0951,0.0200,0.1863,0.0000,0.0000,0.0000,0.0000,0.0000,0.0000,0.1273,0.1258,0.5077,0.5077,0.0000,0.0000,0.0000,-0.0009
1791179164.1151,0.0200,0.2263,0.0000,0.0000,0.0000,0.0000,0.0000,0.0000,0.1273,0.1258,0.5077,0.5077,0.0000,0.0000,0.0000,-0.0009
1791179164.1352,0.0200,0.2383,0.0000,0.0000,0.0000,0.0000,0.0000,0.0000,0.1273,0.1258,0.5077,0.5077,0.0000,0.0000,0.0000,-0.0009
1791179164.1553,0.0201,0.2857,0.0000,0.0000,0.0000,0.0000,0.0000,0.0000,0.1273,0.1258,0.5077,0.5077,0.0000,0.0000,0.0000,-0.0009
1791179164.1752,0.0199,0.2477,0.0000,0.0000,0.0000,0.0000,0.0000,0.0000,0.1273,0.1258,0.5077,0.5077,0.0000,0.0000,0.0000,-0.0009
1791179164.1952,0.0200,0.2073,0.0000,0.0000,0.0000,0.0000,0.0000,0.0000,0.1273,0.1258,0.5077,0.5077,0.0000,0.0000,0.0000,-0.0009
1791179164.2151,0.0200,0.2110,0.0000,0.0000,0.0000,0.0000,0.0000,0.0000,0.1273,0.1258,0.5077,0.5077,0.0000,0.0000,0.0000,-0.0009
1791179164.2352,0.0200,0.2343,0.0000,0.0000,0.0000,0.0000,0.0000,0.0000,0.1273,0.1258,0.5077,0.5077,0.0000,0.0000,0.0000,-0.0009
1791179164.2552,0.0200,0.2015,0.0000,0.0000,0.0000,0.0000,0.0000,0.0000,0.1273,0.1258,0.5077,0.5062,0.0000,0.0000,0.0000,-0.0009
1791179164.2752,0.0200,0.2401,0.0000,0.0000,0.0000,0.0000,0.0000,0.0000,0.1273,0.1258,0.5077,0.5077,0.0000,0.0000,0.0000,-0.0009
1791179164.2952,0.0200,0.2565,0.0000,0.0000,0.0000,0.0000,0.0000,0.0000,0.1273,0.1258,0.5077,0.5077,0.0000,0.0000,0.0000,-0.0009
1791179164.3152,0.0200,0.2589,0.0000,0.0000,0.0000,0.0000,0.0000,0.0000,0.1273,0.1258,0.5077,0.5077,0.0000,0.0000,0.0000,-0.0009
1791179164.3352,0.0200,0.2340,0.0000,0.0000,0.0000,0.0000,0.0000,0.0000,0.1273,0.1258,0.5077,0.5077,0.0000,0.0000,0.0000,-0.0009
1791179164.3552,0.0200,0.2422,0.0000,0.0000,0.0000,0.0000,0.0000,0.0000,0.1273,0.1258,0.5077,0.5077,0.0000,0.0000,0.0000,-0.0009
1791179164.3752,0.0200,0.2259,0.0000,0.0000,0.0000,0.0000,0.0000,0.0000,0.1273,0.1258,0.5077,0.5077,0.0000,0.0000,0.0000,-0.0009
1791179164.3951,0.0200,0.2342,0.0000,0.0000,0.0000,0.0000,0.0000,0.0000,0.1273,0.1258,0.5077,0.5077,0.0000,0.0000,0.0000,-0.0009
1791179164.4151,0.0200,0.2338,0.0000,0.0000,0.0000,0.0000,0.0000,0.0000,0.1273,0.1258,0.5077,0.5077,0.0000,0.0000,0.0000,-0.0009
1791179164.4352,0.0200,0.2305,0.0000,0.0000,0.0000,0.0000,0.0000,0.0000,0.1273,0.1258,0.5077,0.5077,0.0000,0.0000,0.0000,-0.0009
1791179164.4552,0.0200,0.2320,0.0000,0.0000,0.0000,0.0000,0.0000,0.0000,0.1273,0.1258,0.5077,0.5077,0.0000,0.0000,0.0000,-0.0009
1791179164.4751,0.0200,0.2329,0.0000,0.0000,0.0000,0.0000,0.0000,0.0000,0.1273,0.1258,0.5077,0.5077,0.0000,0.0000,0.0000,-0.0009
1791179164.4952,0.0200,0.2395,0.0000,0.0000,0.0000,0.0000,0.0000,0.0000,0.1273,0.1258,0.5077,0.5077,0.0000,0.0000,0.0000,-0.0009
1791179164.5151,0.0200,0.2125,0.0000,0.0000,0.0000,0.0000,0.0000,0.0000,0.1273,0.1258,0.5077,0.5077,0.0000,0.0000,0.0000,-0.0009
1791179164.5351,0.0200,0.1825,0.0000,0.0000,0.0000,0.0000,0.0000,0.0000,0.1273,0.1258,0.5077,0.5077,0.0000,0.0000,0.0000,-0.0009
1791179164.5551,0.0200,0.1810,0.0000,0.0000,0.0000,0.0000,0.0000,0.0000,0.1273,0.1258,0.5077,0.5077,0.0000,0.0000,0.0000,-0.0009
1791179164.5751,0.0200,0.2082,0.0000,0.0000,0.0000,0.0000,0.0000,0.0000,0.1273,0.1258,0.5077,0.5077,0.0000,0.0000,0.0000,-0.0009
1791179164.5951,0.0200,0.2273,0.0000,0.0000,0.0000,0.0000,0.0000,0.0000,0.1273,0.1258,0.5077,0.5062,0.0000,0.0000,0.0000,-0.0009
1791179164.6151,0.0200,0.1919,0.0000,0.0000,0.0000,0.0000,0.0000,0.0000,0.1273,0.1258,0.5077,0.5077,0.0000,0.0000,0.0000,-0.0009
1791179164.6352,0.0201,0.3335,0.0000,0.0000,0.0000,0.0000,0.0000,0.0000,0.1273,0.1258,0.5077,0.5077,0.0000,0.0000,0.0000,-0.0009
1791179164.6552,0.0200,0.2532,0.0000,0.0000,0.0000,0.0000,0.0000,0.0000,0.1273,0.1258,0.5077,0.5077,0.0000,0.0000,0.0000,-0.0009
1791179164.6752,0.0200,0.2124,0.0000,0.0000,0.0000,0.0000,0.0000,0.0000,0.1273,0.1258,0.5077,0.5077,0.0000,0.0000,0.0000,-0.0009
1791179164.6952,0.0200,0.2399,0.0000,0.0000,0.0000,0.0000,0.0000,0.0000,0.1273,0.1258,0.5077,0.5077,0.0000,0.0000,0.0000,-0.0009
1791179164.7152,0.0200,0.2093,0.0000,0.0000,0.0000,0.0000,0.0000,0.0000,0.1273,0.1258,0.5077,0.5062,0.0000,0.0000,0.0000,-0.0009
1791179164.7352,0.0200,0.3430,0.0000,0.0000,0.0000,0.0000,0.0000,0.0000,0.1273,0.1258,0.5077,0.5077,0.0000,0.0000,0.0000,-0.0009
1791179164.7552,0.0200,0.2543,0.0000,0.0000,0.0000,0.0000,0.0000,0.0000,0.1273,0.1258,0.5077,0.5077,0.0000,0.0000,0.0000,-0.0009
1791179164.7752,0.0200,0.2306,0.0000,0.0000,0.0000,0.0000,0.0000,0.0000,0.1273,0.1258,0.5077,0.5077,0.0000,0.0000,0.0000,-0.0009
1791179164.7952,0.0200,0.1663,0.0000,0.0000,0.0000,0.0000,0.0000,0.0000,0.1273,0.1258,0.5077,0.5077,0.0000,0.0000,0.0000,-0.0009
1791179164.8152,0.0200,0.2425,0.0000,0.0000,0.0000,0.0000,0.0000,0.0000,0.1273,0.1258,0.5077,0.5077,0.0000,0.0000,0.0000,-0.0009
1791179164.8352,0.0200,0.2286,0.0000,0.0000,0.0000,0.0000,0.0000,0.0000,0.1273,0.1258,0.5077,0.5077,0.0000,0.0000,0.0000,-0.0009
1791179164.8552,0.0200,0.1669,0.0000,0.0000,0.0000,0.0000,0.0000,0.0000,0.1273,0.1258,0.5077,0.5077,0.0000,0.0000,0.0000,-0.0009
1791179164.8751,0.0200,0.1839,0.0000,0.0000,0.0000,0.0000,0.0000,0.0000,0.1273,0.1258,0.5077,0.5077,0.0000,0.0000,0.0000,-0.0011
1791179164.8952,0.0200,0.3264,0.0000,0.0000,0.0000,0.0000,0.0000,0.0000,0.1273,0.1258,0.5077,0.5077,0.0000,0.0000,0.0000,-0.0009
1791179164.9151,0.0200,0.1912,0.0000,0.0000,0.0000,0.0000,0.0000,0.0000,0.1273,0.1258,0.5077,0.5077,0.0000,0.0000,0.0000,-0.0009
1791179164.9352,0.0200,0.3527,0.0000,0.0000,0.0000,0.0000,0.0000,0.0000,0.1273,0.1258,0.5077,0.5077,0.0000,0.0000,0.0000,-0.0009
1791179164.9552,0.0200,0.2419,0.0000,0.0000,0.0000,0.0000,0.0000,0.0000,0.1273,0.1258,0.5077,0.5077,0.0000,0.0000,0.0000,-0.0009
1791179164.9752,0.0200,0.2447,0.0000,0.0000,0.0000,0.0000,0.0000,0.0000,0.1273,0.1258,0.5077,0.5062,0.0000,0.0000,0.0000,-0.0009
1791179164.9952,0.0200,0.3176,0.0000,0.0000,0.0000,0.0000,0.0000,0.0000,0.1273,0.1258,0.5077,0.5077,0.0000,0.0000,0.0000,-0.0009
1791179165.0152,0.0200,0.2023,0.0000,0.0000,0.0000,0.0000,0.0000,0.0000,0.1273,0.1258,0.5077,0.5077,0.0000,0.0000,0.0000,-0.0009
1791179165.0352,0.0200,0.2372,0.0000,0.0000,0.0000,0.0000,0.0000,0.0000,0.1273,0.1258,0.5077,0.5077,0.0000,0.0000,0.0000,-0.0009
1791179165.0552,0.0200,0.2328,0.0000,0.0000,0.0000,0.0000,0.0000,0.0000,0.1273,0.1258,0.5077,0.5077,0.0000,0.0000,0.0000,-0.0009
1791179165.0752,0.0200,0.2379,0.0000,0.0000,0.0000,0.0000,0.0000,0.0000,0.1273,0.1258,0.5077,0.5077,0.0000,0.0000,0.0000,-0.0009
1791179165.0952,0.0200,0.1968,0.0000,0.0000,0.0000,0.0000,0.0000,0.0000,0.1273,0.1258,0.5077,0.5077,0.0000,0.0000,0.0000,-0.0009
1791179165.1151,0.0200,0.2195,0.0000,0.0000,0.0000,0.0000,0.0000,0.0000,0.1273,0.1258,0.5077,0.5077,0.0000,0.0000,0.0000,-0.0009
1791179165.1352,0.0200,0.2323,0.0000,0.0000,0.0000,0.0000,0.0000,0.0000,0.1273,0.1258,0.5077,0.5077,0.0000,0.0000,0.0000,-0.0009
1791179165.1552,0.0200,0.2021,0.0000,0.0000,0.0000,0.0000,0.0000,0.0000,0.1273,0.1258,0.5077,0.5062,0.0000,0.0000,0.0000,-0.0009
1791179165.1751,0.0200,0.2137,0.0000,0.0000,0.0000,0.0000,0.0000,0.0000,0.1273,0.1258,0.5077,0.5077,0.0000,0.0000,0.0000,-0.0009
1791179165.1952,0.0200,0.2338,0.0000,0.0000,0.0000,0.0000,0.0000,0.0000,0.1273,0.1258,0.5077,0.5062,0.0000,0.0000,0.0000,-0.0009
1791179165.2152,0.0200,0.2091,0.0000,0.0000,0.0000,0.0000,0.0000,0.0000,0.1273,0.1258,0.5077,0.5062,0.0000,0.0000,0.0000,-0.0009
1791179165.2351,0.0200,0.2167,0.0000,0.0000,0.0000,0.0000,0.0000,0.0000,0.1273,0.1258,0.5077,0.5077,0.0000,0.0000,0.0000,-0.0009
1791179165.2552,0.0200,0.2345,0.0000,0.0000,0.0000,0.0000,0.0000,0.0000,0.1273,0.1258,0.5077,0.5077,0.0000,0.0000,0.0000,-0.0009
1791179165.2752,0.0200,0.2306,0.0000,0.0000,0.0000,0.0000,0.0000,0.0000,0.1273,0.1258,0.5077,0.5077,0.0000,0.0000,0.0000,-0.0009
1791179165.2952,0.0200,0.2302,0.0000,0.0000,0.0000,0.0000,0.0000,0.0000,0.1273,0.1258,0.5077,0.5077,0.0000,0.0000,0.0000,-0.0009
1791179165.3152,0.0200,0.2272,0.0000,0.0000,0.0000,0.0000,0.0000,0.0000,0.1273,0.1258,0.5077,0.5077,0.0000,0.0000,0.0000,-0.0009
1791179165.3352,0.0200,0.2263,0.0000,0.0000,0.0000,0.0000,0.0000,0.0000,0.1273,0.1258,0.5077,0.5077,0.0000,0.0000,0.0000,-0.0011
1791179165.3552,0.0200,0.2274,0.0000,0.0000,0.0000,0.0000,0.0000,0.0000,0.1273,0.1258,0.5077,0.5077,0.0000,0.0000,0.0000,-0.0009
1791179165.3752,0.0200,0.2268,0.0000,0.0000,0.0000,0.0000,0.0000,0.0000,0.1273,0.1258,0.5077,0.5062,0.0000,0.0000,0.0000,-0.0009
1791179165.3952,0.0200,0.2291,0.0000,0.0000,0.0000,0.0000,0.0000,0.0000,0.1273,0.1258,0.5077,0.5077,0.0000,0.0000,0.0000,-0.0009
1791179165.4152,0.0200,0.2391,0.0000,0.0000,0.0000,0.0000,0.0000,0.0000,0.1273,0.1258,0.5077,0.5077,0.0000,0.0000,0.0000,-0.0009
1791179165.4351,0.0200,0.1842,0.0000,0.0000,0.0000,0.0000,0.0000,0.0000,0.1273,0.1258,0.5077,0.5077,0.0000,0.0000,0.0000,-0.0009
1791179165.4552,0.0200,0.2151,0.0000,0.0000,0.0000,0.0000,0.0000,0.0000,0.1273,0.1258,0.5077,0.5077,0.0000,0.0000,0.0000,-0.0009
1791179165.4751,0.0200,0.1794,0.0000,0.0000,0.0000,0.0000,0.0000,0.0000,0.1273,0.1258,0.5077,0.5077,0.0000,0.0000,0.0000,-0.0009
1791179165.4951,0.0200,0.1815,0.0000,0.0000,0.0000,0.0000,0.0000,0.0000,0.1273,0.1258,0.5077,0.5077,0.0000,0.0000,0.0000,-0.0009
1791179165.5151,0.0200,0.2311,0.0000,0.0000,0.0000,0.0000,0.0000,0.0000,0.1273,0.1258,0.5077,0.5077,0.0000,0.0000,0.0000,-0.0009
1791179165.5351,0.0200,0.1659,0.0000,0.0000,0.0000,0.0000,0.0000,0.0000,0.1273,0.1258,0.5077,0.5077,0.0000,0.0000,0.0000,-0.0009
1791179165.5551,0.0200,0.2340,0.0000,0.0000,0.0000,0.0000,0.0000,0.0000,0.1273,0.1258,0.5077,0.5077,0.0000,0.0000,0.0000,-0.0009
1791179165.5751,0.0200,0.2108,0.0000,0.0000,0.0000,0.0000,0.0000,0.0000,0.1273,0.1258,0.5077,0.5077,0.0000,0.0000,0.0000,-0.0009
1791179165.5951,0.0200,0.2133,0.0000,0.0000,0.0000,0.0000,0.0000,0.0000,0.1273,0.1258,0.5077,0.5077,0.0000,0.0000,0.0000,-0.0009
1791179165.6152,0.0200,0.2049,0.0000,0.0000,0.0000,0.0000,0.0000,0.0000,0.1273,0.1258,0.5077,0.5077,0.0000,0.0000,0.0000,-0.0009
1791179165.6351,0.0200,0.2147,0.0000,0.0000,0.0000,0.0000,0.0000,0.0000,0.1273,0.1258,0.5077,0.5077,0.0000,0.0000,0.0000,-0.0009
1791179165.6552,0.0200,0.2429,0.0000,0.0000,0.0000,0.0000,0.0000,0.0000,0.1273,0.1258,0.5077,0.5077,0.0000,0.0000,0.0000,-0.0009
1791179165.6752,0.0200,0.2013,0.0000,0.0000,0.0000,0.0000,0.0000,0.0000,0.1273,0.1258,0.5077,0.5077,0.0000,0.0000,0.0000,-0.0009
1791179165.6951,0.0200,0.2136,0.0000,0.0000,0.0000,0.0000,0.0000,0.0000,0.1273,0.1258,0.5077,0.5077,0.0000,0.0000,0.0000,-0.0009
1791179165.7152,0.0200,0.2388,0.0000,0.0000,0.0000,0.0000,0.0000,0.0000,0.1273,0.1258,0.5077,0.5077,0.0000,0.0000,0.0000,-0.0009
1791179165.7352,0.0200,0.2018,0.0000,0.0000,0.0000,0.0000,0.0000,0.0000,0.1273,0.1258,0.5077,0.5077,0.0000,0.0000,0.0000,-0.0009
1791179165.7551,0.0200,0.2125,0.0000,0.0000,0.0000,0.0000,0.0000,0.0000,0.1273,0.1258,0.5077,0.5062,0.0000,0.0000,0.0000,-0.0009
1791179165.7752,0.0200,0.2373,0.0000,0.0000,0.0000,0.0000,0.0000,0.0000,0.1273,0.1258,0.5077,0.5062,0.0000,0.0000,0.0000,-0.0009
1791179165.7952,0.0200,0.1995,0.0000,0.0000,0.0000,0.0000,0.0000,0.0000,0.1273,0.1258,0.5077,0.5077,0.0000,0.0000,0.0000,-0.0009
1791179165.8152,0.0200,0.2239,0.0000,0.0000,0.0000,0.0000,0.0000,0.0000,0.1273,0.1273,0.5077,0.5077,0.0000,0.0000,0.0000,-0.0009
1791179165.8351,0.0200,0.2111,0.0000,0.0000,0.0000,0.0000,0.0000,0.0000,0.1273,0.1258,0.5077,0.5077,0.0000,0.0000,0.0000,-0.0009
1791179165.8551,0.0200,0.1806,0.0000,0.0000,0.0000,0.0000,0.0000,0.0000,0.1273,0.1258,0.5077,0.5077,0.0000,0.0000,0.0000,-0.0009
1791179165.8752,0.0200,0.1988,0.0000,0.0000,0.0000,0.0000,0.0000,0.0000,0.1273,0.1258,0.5077,0.5077,0.0000,0.0000,0.0000,-0.0009
1791179165.8952,0.0200,0.1711,0.0000,0.0000,0.0000,0.0000,0.0000,0.0000,0.1273,0.1258,0.5077,0.5077,0.0000,0.0000,0.0000,-0.0009
1791179165.9152,0.0200,0.1834,0.0000,0.0000,0.0000,0.0000,0.0000,0.0000,0.1273,0.1258,0.5077,0.5062,0.0000,0.0000,0.0000,-0.0009
1791179165.9352,0.0200,0.1776,0.0000,0.0000,0.0000,0.0000,0.0000,0.0000,0.1273,0.1258,0.5077,0.5077,0.0000,0.0000,0.0000,-0.0009
1791179165.9552,0.0200,0.1833,0.0000,0.0000,0.0000,0.0000,0.0000,0.0000,0.1273,0.1258,0.5077,0.5077,0.0000,0.0000,0.0000,-0.0009
1791179165.9752,0.0200,0.1975,0.0000,0.0000,0.0000,0.0000,0.0000,0.0000,0.1273,0.1258,0.5077,0.5077,0.0000,0.0000,0.0000,-0.0009
1791179165.9952,0.0200,0.2379,0.0000,0.0000,0.0000,0.0000,0.0000,0.0000,0.1273,0.1258,0.5077,0.5077,0.0000,0.0000,0.0000,-0.0009
1791179166.0152,0.0200,0.2260,0.0000,0.0000,0.0000,0.0000,0.0000,0.0000,0.1273,0.1258,0.5077,0.5077,0.0000,0.0000,0.0000,-0.0009
1791179166.0352,0.0200,0.2209,0.0000,0.0000,0.0000,0.0000,0.0000,0.0000,0.1273,0.1258,0.5077,0.5077,0.0000,0.0000,0.0000,-0.0009
1791179166.0552,0.0200,0.1847,0.0000,0.0000,0.0000,0.0000,0.0000,0.0000,0.1273,0.1258,0.5077,0.5077,0.0000,0.0000,0.0000,-0.0009
1791179166.0752,0.0200,0.1873,0.0000,0.0000,0.0000,0.0000,0.0000,0.0000,0.1273,0.1258,0.5077,0.5077,0.0000,0.0000,0.0000,-0.0009
1791179166.0952,0.0200,0.2297,0.0000,0.0000,0.0000,0.0000,0.0000,0.0000,0.1273,0.1258,0.5077,0.5077,0.0000,0.0000,0.0000,-0.0009
1791179166.1152,0.0200,0.2258,0.0000,0.0000,0.0000,0.0000,0.0000,0.0000,0.1273,0.1258,0.5077,0.5077,0.0000,0.0000,0.0000,-0.0009
1791179166.1352,0.0200,0.2311,0.0000,0.0000,0.0000,0.0000,0.0000,0.0000,0.1273,0.1258,0.5077,0.5077,0.0000,0.0000,0.0000,-0.0009
1791179166.1552,0.0200,0.2401,0.0000,0.0000,0.0000,0.0000,0.0000,0.0000,0.1273,0.1258,0.5077,0.5077,0.0000,0.0000,0.0000,-0.0009
1791179166.1752,0.0200,0.2294,0.0000,0.0000,0.0000,0.0000,0.0000,0.0000,0.1273,0.1258,0.5077,0.5077,0.0000,0.0000,0.0000,-0.0009
1791179166.1952,0.0200,0.2308,0.0000,0.0000,0.0000,0.0000,0.0000,0.0000,0.1273,0.1258,0.5077,0.5077,0.0000,0.0000,0.0000,-0.0009
1791179166.2152,0.0200,0.2398,0.0000,0.0000,0.0000,0.0000,0.0000,0.0000,0.1273,0.1258,0.5077,0.5077,0.0000,0.0000,0.0000,-0.0009
1791179166.2352,0.0200,0.2360,0.0000,0.0000,0.0000,0.0000,0.0000,0.0000,0.1273,0.1258,0.5077,0.5077,0.0000,0.0000,0.0000,-0.0009
1791179166.2552,0.0200,0.3465,0.0000,0.0000,0.0000,0.0000,0.0000,0.0000,0.1273,0.1258,0.5077,0.5077,0.0000,0.0000,0.0000,-0.0009
1791179166.2752,0.0200,0.2673,0.0000,0.0000,0.0000,0.0000,0.0000,0.0000,0.1273,0.1258,0.5077,0.5077,0.0000,0.0000,0.0000,-0.0009
1791179166.2952,0.0200,0.2678,0.0000,0.0000,0.0000,0.0000,0.0000,0.0000,0.1273,0.1258,0.5077,0.5077,0.0000,0.0000,0.0000,-0.0009
1791179166.3152,0.0200,0.2695,0.0000,0.0000,0.0000,0.0000,0.0000,0.0000,0.1273,0.1258,0.5077,0.5077,0.0000,0.0000,0.0000,-0.0009
1791179166.3351,0.0200,0.1678,0.0000,0.0000,0.0000,0.0000,0.0000,0.0000,0.1273,0.1258,0.5077,0.5077,0.0000,0.0000,0.0000,-0.0009
1791179166.3551,0.0200,0.1926,0.0000,0.0000,0.0000,0.0000,0.0000,0.0000,0.1273,0.1258,0.5077,0.5077,0.0000,0.0000,0.0000,-0.0009
1791179166.3751,0.0200,0.2238,0.0000,0.0000,0.0000,0.0000,0.0000,0.0000,0.1273,0.1258,0.5077,0.5077,0.0000,0.0000,0.0000,-0.0009
1791179166.3951,0.0200,0.1704,0.0000,0.0000,0.0000,0.0000,0.0000,0.0000,0.1273,0.1258,0.5077,0.5077,0.0000,0.0000,0.0000,-0.0009
1791179166.4151,0.0200,0.2426,0.0000,0.0000,0.0000,0.0000,0.0000,0.0000,0.1273,0.1258,0.5077,0.5077,0.0000,0.0000,0.0000,-0.0009
1791179166.4352,0.0200,0.2420,0.0000,0.0000,0.0000,0.0000,0.0000,0.0000,0.1273,0.1258,0.5077,0.5077,0.0000,0.0000,0.0000,-0.0009
1791179166.4551,0.0200,0.2150,0.0000,0.0000,0.0000,0.0000,0.0000,0.0000,0.1273,0.1258,0.5077,0.5062,0.0000,0.0000,0.0000,-0.0009
1791179166.4751,0.0200,0.2624,0.0000,0.0000,0.0000,0.0000,0.0000,0.0000,0.1273,0.1258,0.5077,0.5077,0.0000,0.0000,0.0000,-0.0009
1791179166.4951,0.0200,0.2218,0.0000,0.0000,0.0000,0.0000,0.0000,0.0000,0.1273,0.1258,0.5077,0.5077,0.0000,0.0000,0.0000,-0.0009
1791179166.5152,0.0200,0.2077,0.0000,0.0000,0.0000,0.0000,0.0000,0.0000,0.1273,0.1258,0.5077,0.5077,0.0000,0.0000,0.0000,-0.0009
1791179166.5352,0.0200,0.2048,0.0000,0.0000,0.0000,0.0000,0.0000,0.0000,0.1273,0.1258,0.5077,0.5077,0.0000,0.0000,0.0000,-0.0009
1791179166.5552,0.0200,0.1739,0.0000,0.0000,0.0000,0.0000,0.0000,0.0000,0.1273,0.1258,0.5077,0.5062,0.0000,0.0000,0.0000,-0.0009
1791179166.5751,0.0200,0.2156,0.0000,0.0000,0.0000,0.0000,0.0000,0.0000,0.1273,0.1258,0.5077,0.5077,0.0000,0.0000,0.0000,-0.0009
1791179166.5952,0.0200,0.2308,0.0000,0.0000,0.0000,0.0000,0.0000,0.0000,0.1273,0.1258,0.5077,0.5077,0.0000,0.0000,0.0000,-0.0009
1791179166.6152,0.0200,0.2080,0.0000,0.0000,0.0000,0.0000,0.0000,0.0000,0.1273,0.1258,0.5077,0.5077,0.0000,0.0000,0.0000,-0.0009
1791179166.6351,0.0200,0.2105,0.0000,0.0000,0.0000,0.0000,0.0000,0.0000,0.1273,0.1258,0.5077,0.5077,0.0000,0.0000,0.0000,-0.0009
1791179166.6552,0.0200,0.2342,0.0000,0.0000,0.0000,0.0000,0.0000,0.0000,0.1273,0.1258,0.5077,0.5062,0.0000,0.0000,0.0000,-0.0009
1791179166.6752,0.0200,0.1668,0.0000,0.0000,0.0000,0.0000,0.0000,0.0000,0.1273,0.1258,0.5077,0.5077,0.0000,0.0000,0.0000,-0.0009
1791179166.6952,0.0200,0.2358,0.0000,0.0000,0.0000,0.0000,0.0000,0.0000,0.1273,0.1258,0.5077,0.5077,0.0000,0.0000,0.0000,-0.0009
1791179166.7152,0.0200,0.2373,0.0000,0.0000,0.0000,0.0000,0.0000,0.0000,0.1273,0.1258,0.5077,0.5077,0.0000,0.0000,0.0000,-0.0011
1791179166.7352,0.0200,0.1660,0.0000,0.0000,0.0000,0.0000,0.0000,0.0000,0.1273,0.1258,0.5077,0.5077,0.0000,0.0000,0.0000,-0.0009
1791179166.7551,0.0200,0.1826,0.0000,0.0000,0.0000,0.0000,0.0000,0.0000,0.1273,0.1258,0.5077,0.5077,0.0000,0.0000,0.0000,-0.0009
1791179166.7751,0.0200,0.2864,0.0000,0.0000,0.0000,0.0000,0.0000,0.0000,0.1273,0.1258,0.5077,0.5077,0.0000,0.0000,0.0000,-0.0009
1791179166.7951,0.0200,0.2294,0.0000,0.0000,0.0000,0.0000,0.0000,0.0000,0.1273,0.1258,0.5077,0.5077,0.0000,0.0000,0.0000,-0.0009
1791179166.8152,0.0200,0.2831,0.0000,0.0000,0.0000,0.0000,0.0000,0.0000,0.1273,0.1258,0.5077,0.5077,0.0000,0.0000,0.0000,-0.0009
1791179166.8352,0.0200,0.2341,0.0000,0.0000,0.0000,0.0000,0.0000,0.0000,0.1273,0.1258,0.5077,0.5077,0.0000,0.0000,0.0000,-0.0009
1791179166.8552,0.0200,0.2353,0.0000,0.0000,0.0000,0.0000,0.0000,0.0000,0.1273,0.1258,0.5077,0.5077,0.0000,0.0000,0.0000,-0.0009
1791179166.8752,0.0200,0.1670,0.0000,0.0000,0.0000,0.0000,0.0000,0.0000,0.1273,0.1258,0.5077,0.5077,0.0000,0.0000,0.0000,-0.0009
1791179166.8951,0.0200,0.2184,0.0000,0.0000,0.0000,0.0000,0.0000,0.0000,0.1273,0.1258,0.5077,0.5077,0.0000,0.0000,0.0000,-0.0009
1791179166.9152,0.0200,0.2281,0.0000,0.0000,0.0000,0.0000,0.0000,0.0000,0.1273,0.1258,0.5077,0.5077,0.0000,0.0000,0.0000,-0.0009
1791179166.9352,0.0200,0.1946,0.0000,0.0000,0.0000,0.0000,0.0000,0.0000,0.1273,0.1258,0.5077,0.5077,0.0000,0.0000,0.0000,-0.0009
1791179166.9551,0.0199,0.1869,0.0000,0.0000,0.0000,0.0000,0.0000,0.0000,0.1273,0.1258,0.5077,0.5062,0.0000,0.0000,0.0000,-0.0009
1791179166.9752,0.0200,0.2343,0.0000,0.0000,0.0000,0.0000,0.0000,0.0000,0.1273,0.1258,0.5077,0.5077,0.0000,0.0000,0.0000,-0.0009
1791179166.9952,0.0200,0.2387,0.0000,0.0000,0.0000,0.0000,0.0000,0.0000,0.1273,0.1258,0.5077,0.5077,0.0000,0.0000,0.0000,-0.0009
1791179167.0152,0.0200,0.3326,0.0000,0.0000,0.0000,0.0000,0.0000,0.0000,0.1273,0.1258,0.5077,0.5077,0.0000,0.0000,0.0000,-0.0009
1791179167.0352,0.0200,0.2404,0.0000,0.0000,0.0000,0.0000,0.0000,0.0000,0.1273,0.1258,0.5077,0.5077,0.0000,0.0000,0.0000,-0.0009
1791179167.0552,0.0200,0.2212,0.0000,0.0000,0.0000,0.0000,0.0000,0.0000,0.1273,0.1258,0.5077,0.5077,0.0000,0.0000,0.0000,-0.0009
1791179167.0752,0.0200,0.2372,0.0000,0.0000,0.0000,0.0000,0.0000,0.0000,0.1273,0.1258,0.5077,0.5077,0.0000,0.0000,0.0000,-0.0009
1791179167.0952,0.0200,0.2246,0.0000,0.0000,0.0000,0.0000,0.0000,0.0000,0.1273,0.1258,0.5077,0.5077,0.0000,0.0000,0.0000,-0.0009
1791179167.1152,0.0200,0.2285,0.0000,0.0000,0.0000,0.0000,0.0000,0.0000,0.1273,0.1258,0.5077,0.5077,0.0000,0.0000,0.0000,-0.0009
1791179167.1352,0.0200,0.2278,0.0000,0.0000,0.0000,0.0000,0.0000,0.0000,0.1273,0.1258,0.5077,0.5077,0.0000,0.0000,0.0000,-0.0009
1791179167.1552,0.0200,0.3683,0.0000,0.0000,0.0000,0.0000,0.0000,0.0000,0.1273,0.1258,0.5077,0.5077,0.0000,0.0000,0.0000,-0.0009
1791179167.1752,0.0200,0.2544,0.0000,0.0000,0.0000,0.0000,0.0000,0.0000,0.1273,0.1258,0.5077,0.5077,0.0000,0.0000,0.0000,-0.0009
1791179167.1952,0.0200,0.2369,0.0000,0.0000,0.0000,0.0000,0.0000,0.0000,0.1273,0.1258,0.5077,0.5077,0.0000,0.0000,0.0000,-0.0009
1791179167.2152,0.0200,0.2321,0.0000,0.0000,0.0000,0.0000,0.0000,0.0000,0.1273,0.1258,0.5077,0.5077,0.0000,0.0000,0.0000,-0.0009
1791179167.2352,0.0200,0.2414,0.0000,0.0000,0.0000,0.0000,0.0000,0.0000,0.1273,0.1258,0.5077,0.5062,0.0000,0.0000,0.0000,-0.0009
1791179167.2551,0.0200,0.1686,0.0000,0.0000,0.0000,0.0000,0.0000,0.0000,0.1273,0.1258,0.5077,0.5077,0.0000,0.0000,0.0000,-0.0009
1791179167.2751,0.0200,0.2394,0.0000,0.0000,0.0000,0.0000,0.0000,0.0000,0.1273,0.1258,0.5077,0.5077,0.0000,0.0000,0.0000,-0.0009
1791179167.2951,0.0200,0.1661,0.0000,0.0000,0.0000,0.0000,0.0000,0.0000,0.1273,0.1258,0.5077,0.5077,0.0000,0.0000,0.0000,-0.0009
1791179167.3151,0.0200,0.2529,0.0000,0.0000,0.0000,0.0000,0.0000,0.0000,0.1273,0.1258,0.5077,0.5077,0.0000,0.0000,0.0000,-0.0009
1791179167.3352,0.0200,0.2364,0.0000,0.0000,0.0000,0.0000,0.0000,0.0000,0.1273,0.1258,0.5077,0.5077,0.0000,0.0000,0.0000,-0.0009
1791179167.3551,0.0200,0.2112,0.0000,0.0000,0.0000,0.0000,0.0000,0.0000,0.1273,0.1258,0.5077,0.5062,0.0000,0.0000,0.0000,-0.0009
1791179167.3751,0.0200,0.2091,0.0000,0.0000,0.0000,0.0000,0.0000,0.0000,0.1273,0.1258,0.5077,0.5077,0.0000,0.0000,0.0000,-0.0009
1791179167.3951,0.0200,0.2072,0.0000,0.0000,0.0000,0.0000,0.0000,0.0000,0.1273,0.1258,0.5077,0.5077,0.0000,0.0000,0.0000,-0.0009
1791179167.4152,0.0200,0.2006,0.0000,0.0000,0.0000,0.0000,0.0000,0.0000,0.1273,0.1258,0.5077,0.5077,0.0000,0.0000,0.0000,-0.0009
1791179167.4352,0.0200,0.2386,0.0000,0.0000,0.0000,0.0000,0.0000,0.0000,0.1273,0.1258,0.5077,0.5062,0.0000,0.0000,0.0000,-0.0009
1791179167.4552,0.0200,0.2025,0.0000,0.0000,0.0000,0.0000,0.0000,0.0000,0.1273,0.1258,0.5077,0.5077,0.0000,0.0000,0.0000,-0.0009
1791179167.4751,0.0200,0.2157,0.0000,0.0000,0.0000,0.0000,0.0000,0.0000,0.1273,0.1258,0.5077,0.5077,0.0000,0.0000,0.0000,-0.0009
1791179167.4951,0.0200,0.1628,0.0000,0.0000,0.0000,0.0000,0.0000,0.0000,0.1273,0.1258,0.5077,0.5077,0.0000,0.0000,0.0000,-0.0009
1791179167.5152,0.0200,0.2535,0.0000,0.0000,0.0000,0.0000,0.0000,0.0000,0.1273,0.1258,0.5077,0.5077,0.0000,0.0000,0.0000,-0.0009
1791179167.5352,0.0200,0.2144,0.0000,0.0000,0.0000,0.0000,0.0000,0.0000,0.1273,0.1273,0.5077,0.5077,0.0000,0.0000,0.0000,-0.0009
1791179167.5552,0.0200,0.2114,0.0000,0.0000,0.0000,0.0000,0.0000,0.0000,0.1273,0.1258,0.5077,0.5077,0.0000,0.0000,0.0000,-0.0009
1791179167.5751,0.0200,0.2145,0.0000,0.0000,0.0000,0.0000,0.0000,0.0000,0.1273,0.1258,0.5077,0.5077,0.0000,0.0000,0.0000,-0.0009
1791179167.5951,0.0200,0.2259,0.0000,0.0000,0.0000,0.0000,0.0000,0.0000,0.1273,0.1258,0.5077,0.5077,0.0000,0.0000,0.0000,-0.0009
1791179167.6152,0.0200,0.1899,0.0000,0.0000,0.0000,0.0000,0.0000,0.0000,0.1273,0.1258,0.5077,0.5077,0.0000,0.0000,0.0000,-0.0009
1791179167.6352,0.0200,0.1859,0.0000,0.0000,0.0000,0.0000,0.0000,0.0000,0.1273,0.1258,0.5077,0.5077,0.0000,0.0000,0.0000,-0.0009
1791179167.6552,0.0200,0.2448,0.0000,0.0000,0.0000,0.0000,0.0000,0.0000,0.1273,0.1258,0.5077,0.5077,0.0000,0.0000,0.0000,-0.0009
1791179167.6752,0.0200,0.2137,0.0000,0.0000,0.0000,0.0000,0.0000,0.0000,0.1273,0.1258,0.5077,0.5062,0.0000,0.0000,0.0000,-0.0009
1791179167.6952,0.0200,0.2301,0.0000,0.0000,0.0000,0.0000,0.0000,0.0000,0.1273,0.1258,0.5077,0.5077,0.0000,0.0000,0.0000,-0.0009
1791179167.7152,0.0200,0.1840,0.0000,0.0000,0.0000,0.0000,0.0000,0.0000,0.1273,0.1258,0.5077,0.5077,0.0000,0.0000,0.0000,-0.0009
1791179167.7351,0.0200,0.2510,0.0000,0.0000,0.0000,0.0000,0.0000,0.0000,0.1273,0.1258,0.5077,0.5077,0.0000,0.0000,0.0000,-0.0009
1791179167.7551,0.0200,0.2895,0.0000,0.0000,0.0000,0.0000,0.0000,0.0000,0.1273,0.1258,0.5077,0.5077,0.0000,0.0000,0.0000,-0.0009
1791179167.7752,0.0200,0.2180,0.0000,0.0000,0.0000,0.0000,0.0000,0.0000,0.1273,0.1258,0.5077,0.5077,0.0000,0.0000,0.0000,-0.0009
1791179167.7952,0.0200,0.2345,0.0000,0.0000,0.0000,0.0000,0.0000,0.0000,0.1273,0.1258,0.5077,0.5077,0.0000,0.0000,0.0000,-0.0009
1791179167.8152,0.0200,0.2037,0.0000,0.0000,0.0000,0.0000,0.0000,0.0000,0.1273,0.1258,0.5077,0.5077,0.0000,0.0000,0.0000,-0.0011
1791179167.8351,0.0200,0.2185,0.0000,0.0000,0.0000,0.0000,0.0000,0.0000,0.1273,0.1258,0.5077,0.5077,0.0000,0.0000,0.0000,-0.0009
1791179167.8552,0.0200,0.2325,0.0000,0.0000,0.0000,0.0000,0.0000,0.0000,0.1273,0.1258,0.5077,0.5077,0.0000,0.0000,0.0000,-0.0009
1791179167.8752,0.0200,0.2019,0.0000,0.0000,0.0000,0.0000,0.0000,0.0000,0.1273,0.1258,0.5077,0.5062,0.0000,0.0000,0.0000,-0.0009
1791179167.8951,0.0200,0.2225,0.0000,0.0000,0.0000,0.0000,0.0000,0.0000,0.1273,0.1258,0.5077,0.5077,0.0000,0.0000,0.0000,-0.0009
1791179167.9152,0.0200,0.2323,0.0000,0.0000,0.0000,0.0000,0.0000,0.0000,0.1273,0.1258,0.5077,0.5077,0.0000,0.0000,0.0000,-0.0009
1791179167.9352,0.0200,0.2336,0.0000,0.0000,0.0000,0.0000,0.0000,0.0000,0.1273,0.1258,0.5077,0.5077,0.0000,0.0000,0.0000,-0.0009
1791179167.9552,0.0200,0.2275,0.0000,0.0000,0.0000,0.0000,0.0000,0.0000,0.1273,0.1258,0.5077,0.5077,0.0000,0.0000,0.0000,-0.0009
1791179167.9752,0.0200,0.2326,0.0000,0.0000,0.0000,0.0000,0.0000,0.0000,0.1273,0.1258,0.5077,0.5077,0.0000,0.0000,0.0000,-0.0009
1791179167.9952,0.0200,0.2415,0.0000,0.0000,0.0000,0.0000,0.0000,0.0000,0.1273,0.1258,0.5077,0.5077,0.0000,0.0000,0.0000,-0.0009
1791179168.0152,0.0200,0.2009,0.0000,0.0000,0.0000,0.0000,0.0000,0.0000,0.1273,0.1258,0.5077,0.5077,0.0000,0.0000,0.0000,-0.0009
1791179168.0352,0.0200,0.2753,0.0000,0.0000,0.0000,0.0000,0.0000,0.0000,0.1273,0.1273,0.5077,0.5077,0.0000,0.0000,0.0000,-0.0009
1791179168.0552,0.0200,0.2533,0.0000,0.0000,0.0000,0.0000,0.0000,0.0000,0.1273,0.1258,0.5077,0.5077,0.0000,0.0000,0.0000,-0.0009
1791179168.0752,0.0200,0.2453,0.0000,0.0000,0.0000,0.0000,0.0000,0.0000,0.1273,0.1258,0.5077,0.5062,0.0000,0.0000,0.0000,-0.0009
1791179168.0952,0.0200,0.2260,0.0000,0.0000,0.0000,0.0000,0.0000,0.0000,0.1273,0.1258,0.5077,0.5077,0.0000,0.0000,0.0000,-0.0009
1791179168.1151,0.0200,0.1925,0.0000,0.0000,0.0000,0.0000,0.0000,0.0000,0.1273,0.1258,0.5077,0.5077,0.0000,0.0000,0.0000,-0.0009
1791179168.1351,0.0200,0.2495,0.0000,0.0000,0.0000,0.0000,0.0000,0.0000,0.1273,0.1258,0.5077,0.5077,0.0000,0.0000,0.0000,-0.0009
1791179168.1551,0.0200,0.1722,0.0000,0.0000,0.0000,0.0000,0.0000,0.0000,0.1273,0.1258,0.5077,0.5077,0.0000,0.0000,0.0000,-0.0009
1791179168.1751,0.0200,0.2469,0.0000,0.0000,0.0000,0.0000,0.0000,0.0000,0.1273,0.1258,0.5077,0.5077,0.0000,0.0000,0.0000,-0.0009
1791179168.1951,0.0200,0.1660,0.0000,0.0000,0.0000,0.0000,0.0000,0.0000,0.1273,0.1258,0.5077,0.5077,0.0000,0.0000,0.0000,-0.0009
1791179168.2151,0.0200,0.2465,0.0000,0.0000,0.0000,0.0000,0.0000,0.0000,0.1273,0.1258,0.5077,0.5077,0.0000,0.0000,0.0000,-0.0009
1791179168.2351,0.0200,0.2116,0.0000,0.0000,0.0000,0.0000,0.0000,0.0000,0.1273,0.1258,0.5077,0.5077,0.0000,0.0000,0.0000,-0.0009
1791179168.2551,0.0200,0.2343,0.0000,0.0000,0.0000,0.0000,0.0000,0.0000,0.1273,0.1258,0.5077,0.5077,0.0000,0.0000,0.0000,-0.0009
1791179168.2751,0.0200,0.2191,0.0000,0.0000,0.0000,0.0000,0.0000,0.0000,0.1273,0.1258,0.5077,0.5077,0.0000,0.0000,0.0000,-0.0009
1791179168.2952,0.0200,0.2248,0.0000,0.0000,0.0000,0.0000,0.0000,0.0000,0.1273,0.1258,0.5077,0.5077,0.0000,0.0000,0.0000,-0.0009
1791179168.3152,0.0200,0.2314,0.0000,0.0000,0.0000,0.0000,0.0000,0.0000,0.1273,0.1258,0.5077,0.5062,0.0000,0.0000,0.0000,-0.0009
1791179168.3352,0.0200,0.1818,0.0000,0.0000,0.0000,0.0000,0.0000,0.0000,0.1273,0.1258,0.5077,0.5077,0.0000,0.0000,0.0000,-0.0009
1791179168.3552,0.0200,0.2393,0.0000,0.0000,0.0000,0.0000,0.0000,0.0000,0.1273,0.1258,0.5077,0.5077,0.0000,0.0000,0.0000,-0.0009
1791179168.3752,0.0200,0.2241,0.0000,0.0000,0.0000,0.0000,0.0000,0.0000,0.1273,0.1258,0.5077,0.5077,0.0000,0.0000,0.0000,-0.0009
1791179168.3952,0.0200,0.1679,0.0000,0.0000,0.0000,0.0000,0.0000,0.0000,0.1273,0.1258,0.5077,0.5077,0.0000,0.0000,0.0000,-0.0009
1791179168.4152,0.0200,0.2343,0.0000,0.0000,0.0000,0.0000,0.0000,0.0000,0.1273,0.1258,0.5077,0.5077,0.0000,0.0000,0.0000,-0.0009
1791179168.4352,0.0200,0.2278,0.0000,0.0000,0.0000,0.0000,0.0000,0.0000,0.1273,0.1258,0.5077,0.5062,0.0000,0.0000,0.0000,-0.0009
1791179168.4552,0.0200,0.1662,0.0000,0.0000,0.0000,0.0000,0.0000,0.0000,0.1273,0.1258,0.5077,0.5077,0.0000,0.0000,0.0000,-0.0009
1791179168.4752,0.0200,0.3322,0.0000,0.0000,0.0000,0.0000,0.0000,0.0000,0.1273,0.1258,0.5077,0.5077,0.0000,0.0000,0.0000,-0.0009
1791179168.4952,0.0200,0.2454,0.0000,0.0000,0.0000,0.0000,0.0000,0.0000,0.1273,0.1258,0.5077,0.5077,0.0000,0.0000,0.0000,-0.0009
1791179168.5152,0.0200,0.2400,0.0000,0.0000,0.0000,0.0000,0.0000,0.0000,0.1273,0.1258,0.5077,0.5077,0.0000,0.0000,0.0000,-0.0009
1791179168.5352,0.0200,0.3420,0.0000,0.0000,0.0000,0.0000,0.0000,0.0000,0.1273,0.1258,0.5077,0.5077,0.0000,0.0000,0.0000,-0.0009
1791179168.5552,0.0200,0.1860,0.0000,0.0000,0.0000,0.0000,0.0000,0.0000,0.1273,0.1258,0.5077,0.5077,0.0000,0.0000,0.0000,-0.0009
1791179168.5752,0.0200,0.3158,0.0000,0.0000,0.0000,0.0000,0.0000,0.0000,0.1273,0.1258,0.5077,0.5062,0.0000,0.0000,0.0000,-0.0009
1791179168.5951,0.0200,0.2169,0.0000,0.0000,0.0000,0.0000,0.0000,0.0000,0.1273,0.1258,0.5077,0.5062,0.0000,0.0000,0.0000,-0.0009
1791179168.6152,0.0200,0.2033,0.0000,0.0000,0.0000,0.0000,0.0000,0.0000,0.1273,0.1258,0.5077,0.5077,0.0000,0.0000,0.0000,-0.0009
1791179168.6351,0.0199,0.1883,0.0000,0.0000,0.0000,0.0000,0.0000,0.0000,0.1273,0.1258,0.5077,0.5077,0.0000,0.0000,0.0000,-0.0009
1791179168.6551,0.0200,0.2107,0.0000,0.0000,0.0000,0.0000,0.0000,0.0000,0.1273,0.1258,0.5077,0.5062,0.0000,0.0000,0.0000,-0.0009
1791179168.6752,0.0200,0.2313,0.0000,0.0000,0.0000,0.0000,0.0000,0.0000,0.1273,0.1258,0.5077,0.5077,0.0000,0.0000,0.0000,-0.0009
1791179168.6952,0.0200,0.2014,0.0000,0.0000,0.0000,0.0000,0.0000,0.0000,0.1273,0.1273,0.5077,0.5077,0.0000,0.0000,0.0000,-0.0009
1791179168.7151,0.0199,0.2344,0.0000,0.0000,0.0000,0.0000,0.0000,0.0000,0.1273,0.1258,0.5077,0.5077,0.0000,0.0000,0.0000,-0.0009
1791179168.7352,0.0200,0.2340,0.0000,0.0000,0.0000,0.0000,0.0000,0.0000,0.1273,0.1258,0.5077,0.5077,0.0000,0.0000,0.0000,-0.0009
1791179168.7552,0.0200,0.2375,0.0000,0.0000,0.0000,0.0000,0.0000,0.0000,0.1273,0.1258,0.5077,0.5077,0.0000,0.0000,0.0000,-0.0009
1791179168.7752,0.0200,0.2356,0.0000,0.0000,0.0000,0.0000,0.0000,0.0000,0.1273,0.1258,0.5077,0.5077,0.0000,0.0000,0.0000,-0.0009
1791179168.7952,0.0200,0.3177,0.0000,0.0000,0.0000,0.0000,0.0000,0.0000,0.1273,0.1258,0.5077,0.5077,0.0000,0.0000,0.0000,-0.0009
1791179168.8152,0.0200,0.3308,0.0000,0.0000,0.0000,0.0000,0.0000,0.0000,0.1273,0.1258,0.5077,0.5077,0.0000,0.0000,0.0000,-0.0011
1791179168.8352,0.0200,0.2161,0.0000,0.0000,0.0000,0.0000,0.0000,0.0000,0.1273,0.1258,0.5077,0.5077,0.0000,0.0000,0.0000,-0.0009
1791179168.8552,0.0200,0.2406,0.0000,0.0000,0.0000,0.0000,0.0000,0.0000,0.1273,0.1258,0.5077,0.5077,0.0000,0.0000,0.0000,-0.0009
1791179168.8752,0.0200,0.2345,0.0000,0.0000,0.0000,0.0000,0.0000,0.0000,0.1273,0.1258,0.5077,0.5077,0.0000,0.0000,0.0000,-0.0009
1791179168.8952,0.0200,0.2348,0.0000,0.0000,0.0000,0.0000,0.0000,0.0000,0.1273,0.1258,0.5077,0.5077,0.0000,0.0000,0.0000,-0.0009
1791179168.9152,0.0200,0.2527,0.0000,0.0000,0.0000,0.0000,0.0000,0.0000,0.1273,0.1258,0.5077,0.5077,0.0000,0.0000,0.0000,-0.0009
1791179168.9352,0.0200,0.2532,0.0000,0.0000,0.0000,0.0000,0.0000,0.0000,0.1273,0.1258,0.5077,0.5077,0.0000,0.0000,0.0000,-0.0009
1791179168.9552,0.0200,0.2372,0.0000,0.0000,0.0000,0.0000,0.0000,0.0000,0.1273,0.1258,0.5077,0.5077,0.0000,0.0000,0.0000,-0.0009
1791179168.9752,0.0200,0.2558,0.0000,0.0000,0.0000,0.0000,0.0000,0.0000,0.1273,0.1258,0.5077,0.5077,0.0000,0.0000,0.0000,-0.0009
1791179168.9952,0.0200,0.2519,0.0000,0.0000,0.0000,0.0000,0.0000,0.0000,0.1273,0.1258,0.5077,0.5077,0.0000,0.0000,0.0000,-0.0009
1791179169.0151,0.0200,0.1703,0.0000,0.0000,0.0000,0.0000,0.0000,0.0000,0.1273,0.1258,0.5077,0.5077,0.0000,0.0000,0.0000,-0.0009
1791179169.0352,0.0200,0.2651,0.0000,0.0000,0.0000,0.0000,0.0000,0.0000,0.1273,0.1258,0.5077,0.5077,0.0000,0.0000,0.0000,-0.0009
1791179169.0552,0.0200,0.2439,0.0000,0.0000,0.0000,0.0000,0.0000,0.0000,0.1273,0.1258,0.5077,0.5077,0.0000,0.0000,0.0000,-0.0009
1791179169.0751,0.0200,0.1703,0.0000,0.0000,0.0000,0.0000,0.0000,0.0000,0.1273,0.1258,0.5077,0.5077,0.0000,0.0000,0.0000,-0.0009
1791179169.0952,0.0200,0.2384,0.0000,0.0000,0.0000,0.0000,0.0000,0.0000,0.1273,0.1273,0.5077,0.5077,0.0000,0.0000,0.0000,-0.0009
1791179169.1151,0.0200,0.1700,0.0000,0.0000,0.0000,0.0000,0.0000,0.0000,0.1273,0.1258,0.5077,0.5077,0.0000,0.0000,0.0000,-0.0009
1791179169.1352,0.0200,0.2437,0.0000,0.0000,0.0000,0.0000,0.0000,0.0000,0.1273,0.1258,0.5077,0.5077,0.0000,0.0000,0.0000,-0.0009
1791179169.1552,0.0200,0.2320,0.0000,0.0000,0.0000,0.0000,0.0000,0.0000,0.1273,0.1258,0.5077,0.5077,0.0000,0.0000,0.0000,-0.0009
1791179169.1752,0.0200,0.2286,0.0000,0.0000,0.0000,0.0000,0.0000,0.0000,0.1273,0.1258,0.5077,0.5077,0.0000,0.0000,0.0000,-0.0009
1791179169.1952,0.0200,0.2257,0.0000,0.0000,0.0000,0.0000,0.0000,0.0000,0.1273,0.1258,0.5077,0.5077,0.0000,0.0000,0.0000,-0.0009
1791179169.2152,0.0200,0.2316,0.0000,0.0000,0.0000,0.0000,0.0000,0.0000,0.1273,0.1258,0.5077,0.5077,0.0000,0.0000,0.0000,-0.0009
1791179169.2352,0.0200,0.2547,0.0000,0.0000,0.0000,0.0000,0.0000,0.0000,0.1273,0.1258,0.5077,0.5077,0.0000,0.0000,0.0000,-0.0009
1791179169.2551,0.0199,0.2275,0.0000,0.0000,0.0000,0.0000,0.0000,0.0000,0.1273,0.1258,0.5077,0.5077,0.0000,0.0000,0.0000,-0.0009
1791179169.2752,0.0200,0.2488,0.0000,0.0000,0.0000,0.0000,0.0000,0.0000,0.1273,0.1258,0.5077,0.5077,0.0000,0.0000,0.0000,-0.0009
1791179169.2952,0.0200,0.2636,0.0000,0.0000,0.0000,0.0000,0.0000,0.0000,0.1273,0.1258,0.5077,0.5062,0.0000,0.0000,0.0000,-0.0009
1791179169.3152,0.0200,0.2536,0.0000,0.0000,0.0000,0.0000,0.0000,0.0000,0.1273,0.1258,0.5077,0.5077,0.0000,0.0000,0.0000,-0.0009
1791179169.3352,0.0200,0.1682,0.0000,0.0000,0.0000,0.0000,0.0000,0.0000,0.1273,0.1273,0.5077,0.5077,0.0000,0.0000,0.0000,-0.0009
1791179169.3552,0.0200,0.2466,0.0000,0.0000,0.0000,0.0000,0.0000,0.0000,0.1273,0.1258,0.5077,0.5077,0.0000,0.0000,0.0000,-0.0009
1791179169.3752,0.0200,0.2417,0.0000,0.0000,0.0000,0.0000,0.0000,0.0000,0.1273,0.1258,0.5077,0.5077,0.0000,0.0000,0.0000,-0.0009
1791179169.3952,0.0200,0.2409,0.0000,0.0000,0.0000,0.0000,0.0000,0.0000,0.1273,0.1258,0.5077,0.5077,0.0000,0.0000,0.0000,-0.0009
1791179169.4152,0.0200,0.1790,0.0000,0.0000,0.0000,0.0000,0.0000,0.0000,0.1273,0.1258,0.5077,0.5077,0.0000,0.0000,0.0000,-0.0009
1791179169.4351,0.0200,0.2938,0.0000,0.0000,0.0000,0.0000,0.0000,0.0000,0.1273,0.1258,0.5077,0.5077,0.0000,0.0000,0.0000,-0.0009
1791179169.4552,0.0200,0.2120,0.0000,0.0000,0.0000,0.0000,0.0000,0.0000,0.1273,0.1258,0.5077,0.5077,0.0000,0.0000,0.0000,-0.0009
1791179169.4752,0.0200,0.2352,0.0000,0.0000,0.0000,0.0000,0.0000,0.0000,0.1273,0.1258,0.5077,0.5077,0.0000,0.0000,0.0000,-0.0009
1791179169.4952,0.0200,0.2040,0.0000,0.0000,0.0000,0.0000,0.0000,0.0000,0.1273,0.1258,0.5077,0.5077,0.0000,0.0000,0.0000,-0.0009
1791179169.5151,0.0199,0.1876,0.0000,0.0000,0.0000,0.0000,0.0000,0.0000,0.1273,0.1258,0.5077,0.5077,0.0000,0.0000,0.0000,-0.0009
1791179169.5352,0.0200,0.2348,0.0000,0.0000,0.0000,0.0000,0.0000,0.0000,0.1273,0.1258,0.5077,0.5077,0.0000,0.0000,0.0000,-0.0009
1791179169.5552,0.0200,0.3273,0.0000,0.0000,0.0000,0.0000,0.0000,0.0000,0.1273,0.1258,0.5077,0.5062,0.0000,0.0000,0.0000,-0.0009
1791179169.5752,0.0200,0.2084,0.0000,0.0000,0.0000,0.0000,0.0000,0.0000,0.1273,0.1258,0.5077,0.5077,0.0000,0.0000,0.0000,-0.0009
1791179169.5952,0.0200,0.2531,0.0000,0.0000,0.0000,0.0000,0.0000,0.0000,0.1273,0.1258,0.5077,0.5077,0.0000,0.0000,0.0000,-0.0009
1791179169.6152,0.0200,0.2360,0.0000,0.0000,0.0000,0.0000,0.0000,0.0000,0.1273,0.1258,0.5077,0.5077,0.0000,0.0000,0.0000,-0.0009
1791179169.6352,0.0200,0.2395,0.0000,0.0000,0.0000,0.0000,0.0000,0.0000,0.1273,0.1258,0.5077,0.5062,0.0000,0.0000,0.0000,-0.0009
1791179169.6552,0.0200,0.2347,0.0000,0.0000,0.0000,0.0000,0.0000,0.0000,0.1273,0.1258,0.5077,0.5077,0.0000,0.0000,0.0000,-0.0009
1791179169.6752,0.0200,0.2087,0.0000,0.0000,0.0000,0.0000,0.0000,0.0000,0.1273,0.1258,0.5077,0.5077,0.0000,0.0000,0.0000,-0.0009
1791179169.6952,0.0200,0.2274,0.0000,0.0000,0.0000,0.0000,0.0000,0.0000,0.1273,0.1258,0.5077,0.5077,0.0000,0.0000,0.0000,-0.0009
1791179169.7152,0.0200,0.2266,0.0000,0.0000,0.0000,0.0000,0.0000,0.0000,0.1273,0.1258,0.5077,0.5077,0.0000,0.0000,0.0000,-0.0009
1791179169.7352,0.0200,0.2263,0.0000,0.0000,0.0000,0.0000,0.0000,0.0000,0.1273,0.1258,0.5077,0.5077,0.0000,0.0000,0.0000,-0.0009
1791179169.7552,0.0200,0.2306,0.0000,0.0000,0.0000,0.0000,0.0000,0.0000,0.1273,0.1258,0.5077,0.5077,0.0000,0.0000,0.0000,-0.0009
1791179169.7752,0.0200,0.2364,0.0000,0.0000,0.0000,0.0000,0.0000,0.0000,0.1273,0.1258,0.5077,0.5077,0.0000,0.0000,0.0000,-0.0009
1791179169.7951,0.0200,0.2369,0.0000,0.0000,0.0000,0.0000,0.0000,0.0000,0.1273,0.1258,0.5077,0.5077,0.0000,0.0000,0.0000,-0.0009
1791179169.8152,0.0200,0.2541,0.0000,0.0000,0.0000,0.0000,0.0000,0.0000,0.1273,0.1258,0.5077,0.5077,0.0000,0.0000,0.0000,-0.0011
1791179169.8351,0.0200,0.2097,0.0000,0.0000,0.0000,0.0000,0.0000,0.0000,0.1273,0.1258,0.5077,0.5077,0.0000,0.0000,0.0000,-0.0009
1791179169.8552,0.0200,0.2281,0.0000,0.0000,0.0000,0.0000,0.0000,0.0000,0.1273,0.1258,0.5077,0.5077,0.0000,0.0000,0.0000,-0.0009
1791179169.8751,0.0200,0.2129,0.0000,0.0000,0.0000,0.0000,0.0000,0.0000,0.1273,0.1258,0.5077,0.5077,0.0000,0.0000,0.0000,-0.0009
1791179169.8952,0.0200,0.2308,0.0000,0.0000,0.0000,0.0000,0.0000,0.0000,0.1273,0.1258,0.5077,0.5077,0.0000,0.0000,0.0000,-0.0009
1791179169.9152,0.0200,0.2291,0.0000,0.0000,0.0000,0.0000,0.0000,0.0000,0.1273,0.1258,0.5077,0.5077,0.0000,0.0000,0.0000,-0.0009
1791179169.9352,0.0200,0.2300,0.0000,0.0000,0.0000,0.0000,0.0000,0.0000,0.1273,0.1258,0.5077,0.5077,0.0000,0.0000,0.0000,-0.0009
1791179169.9551,0.0200,0.2277,0.0000,0.0000,0.0000,0.0000,0.0000,0.0000,0.1273,0.1258,0.5077,0.5077,0.0000,0.0000,0.0000,-0.0009
1791179169.9751,0.0200,0.2171,0.0000,0.0000,0.0000,0.0000,0.0000,0.0000,0.1273,0.1258,0.5077,0.5077,0.0000,0.0000,0.0000,-0.0009
1791179169.9952,0.0200,0.2465,0.0000,0.0000,0.0000,0.0000,0.0000,0.0000,0.1273,0.1258,0.5077,0.5077,0.0000,0.0000,0.0000,-0.0009
1791179170.0152,0.0200,0.2421,0.0000,0.0000,0.0000,0.0000,0.0000,0.0000,0.1273,0.1258,0.5077,0.5077,0.0000,0.0000,0.0000,-0.0009
1791179170.0351,0.0200,0.2300,0.0000,0.0000,0.0000,0.0000,0.0000,0.0000,0.1273,0.1258,0.5077,0.5077,0.0000,0.0000,0.0000,-0.0009
1791179170.0552,0.0200,0.2572,0.0000,0.0000,0.0000,0.0000,0.0000,0.0000,0.1273,0.1258,0.5077,0.5077,0.0000,0.0000,0.0000,-0.0009
1791179170.0752,0.0200,0.2163,0.0000,0.0000,0.0000,0.0000,0.0000,0.0000,0.1273,0.1258,0.5077,0.5077,0.0000,0.0000,0.0000,-0.0009
1791179170.0952,0.0200,0.2321,0.0000,0.0000,0.0000,0.0000,0.0000,0.0000,0.1273,0.1258,0.5077,0.5077,0.0000,0.0000,0.0000,-0.0009
1791179170.1152,0.0200,0.1618,0.0000,0.0000,0.0000,0.0000,0.0000,0.0000,0.1273,0.1258,0.5077,0.5077,0.0000,0.0000,0.0000,-0.0009
1791179170.1352,0.0200,0.2418,0.0000,0.0000,0.0000,0.0000,0.0000,0.0000,0.1273,0.1258,0.5077,0.5077,0.0000,0.0000,0.0000,-0.0009
1791179170.1552,0.0200,0.2858,0.0000,0.0000,0.0000,0.0000,0.0000,0.0000,0.1273,0.1258,0.5077,0.5077,0.0000,0.0000,0.0000,-0.0009
1791179170.1752,0.0200,0.1804,0.0000,0.0000,0.0000,0.0000,0.0000,0.0000,0.1273,0.1258,0.5077,0.5077,0.0000,0.0000,0.0000,-0.0009
1791179170.1952,0.0200,0.2427,0.0000,0.0000,0.0000,0.0000,0.0000,0.0000,0.1273,0.1258,0.5077,0.5077,0.0000,0.0000,0.0000,-0.0009
1791179170.2152,0.0200,0.2338,0.0000,0.0000,0.0000,0.0000,0.0000,0.0000,0.1273,0.1258,0.5077,0.5077,0.0000,0.0000,0.0000,-0.0009
1791179170.2352,0.0200,0.1661,0.0000,0.0000,0.0000,0.0000,0.0000,0.0000,0.1273,0.1258,0.5077,0.5077,0.0000,0.0000,0.0000,-0.0009
1791179170.2551,0.0200,0.1836,0.0000,0.0000,0.0000,0.0000,0.0000,0.0000,0.1273,0.1258,0.5077,0.5062,0.0000,0.0000,0.0000,-0.0009
1791179170.2752,0.0200,0.2460,0.0000,0.0000,0.0000,0.0000,0.0000,0.0000,0.1273,0.1258,0.5077,0.5077,0.0000,0.0000,0.0000,-0.0009
1791179170.2952,0.0200,0.2107,0.0000,0.0000,0.0000,0.0000,0.0000,0.0000,0.1273,0.1258,0.5077,0.5077,0.0000,0.0000,0.0000,-0.0009
1791179170.3152,0.0200,0.2388,0.0000,0.0000,0.0000,0.0000,0.0000,0.0000,0.1273,0.1258,0.5077,0.5077,0.0000,0.0000,0.0000,-0.0009
1791179170.3352,0.0200,0.1794,0.0000,0.0000,0.0000,0.0000,0.0000,0.0000,0.1273,0.1258,0.5077,0.5077,0.0000,0.0000,0.0000,-0.0009
1791179170.3551,0.0200,0.2171,0.0000,0.0000,0.0000,0.0000,0.0000,0.0000,0.1273,0.1258,0.5077,0.5077,0.0000,0.0000,0.0000,-0.0009
1791179170.3752,0.0200,0.2326,0.0000,0.0000,0.0000,0.0000,0.0000,0.0000,0.1273,0.1258,0.5077,0.5077,0.0000,0.0000,0.0000,-0.0009
1791179170.3952,0.0200,0.2021,0.0000,0.0000,0.0000,0.0000,0.0000,0.0000,0.1273,0.1258,0.5077,0.5077,0.0000,0.0000,0.0000,-0.0009
1791179170.4151,0.0200,0.2166,0.0000,0.0000,0.0000,0.0000,0.0000,0.0000,0.1273,0.1258,0.5077,0.5077,0.0000,0.0000,0.0000,-0.0009
1791179170.4352,0.0200,0.2293,0.0000,0.0000,0.0000,0.0000,0.0000,0.0000,0.1273,0.1258,0.5077,0.5077,0.0000,0.0000,0.0000,-0.0009
1791179170.4552,0.0200,0.1925,0.0000,0.0000,0.0000,0.0000,0.0000,0.0000,0.1273,0.1258,0.5077,0.5077,0.0000,0.0000,0.0000,-0.0009
1791179170.4751,0.0200,0.2144,0.0000,0.0000,0.0000,0.0000,0.0000,0.0000,0.1273,0.1258,0.5077,0.5077,0.0000,0.0000,0.0000,-0.0009
1791179170.4952,0.0200,0.2304,0.0000,0.0000,0.0000,0.0000,0.0000,0.0000,0.1273,0.1258,0.5077,0.5077,0.0000,0.0000,0.0000,-0.0009
1791179170.5152,0.0200,0.2318,0.0000,0.0000,0.0000,0.0000,0.0000,0.0000,0.1273,0.1258,0.5077,0.5077,0.0000,0.0000,0.0000,-0.0009
1791179170.5352,0.0200,0.1964,0.0000,0.0000,0.0000,0.0000,0.0000,0.0000,0.1273,0.1258,0.5077,0.5077,0.0000,0.0000,0.0000,-0.0009
1791179170.5551,0.0200,0.2159,0.0000,0.0000,0.0000,0.0000,0.0000,0.0000,0.1273,0.1258,0.5077,0.5077,0.0000,0.0000,0.0000,-0.0009
1791179170.5752,0.0200,0.2356,0.0000,0.0000,0.0000,0.0000,0.0000,0.0000,0.1273,0.1258,0.5077,0.5077,0.0000,0.0000,0.0000,-0.0009
1791179170.5951,0.0200,0.2217,0.0000,0.0000,0.0000,0.0000,0.0000,0.0000,0.1273,0.1258,0.5077,0.5077,0.0000,0.0000,0.0000,-0.0009
1791179170.6152,0.0200,0.2062,0.0000,0.0000,0.0000,0.0000,0.0000,0.0000,0.1273,0.1258,0.5077,0.5077,0.0000,0.0000,0.0000,-0.0009
1791179170.6352,0.0200,0.2601,0.0000,0.0000,0.0000,0.0000,0.0000,0.0000,0.1273,0.1258,0.5077,0.5077,0.0000,0.0000,0.0000,-0.0009
1791179170.6552,0.0200,0.2408,0.0000,0.0000,0.0000,0.0000,0.0000,0.0000,0.1273,0.1258,0.5077,0.5077,0.0000,0.0000,0.0000,-0.0009
1791179170.6752,0.0200,0.3315,0.0000,0.0000,0.0000,0.0000,0.0000,0.0000,0.1273,0.1258,0.5077,0.5077,0.0000,0.0000,0.0000,-0.0009
1791179170.6952,0.0200,0.2359,0.0000,0.0000,0.0000,0.0000,0.0000,0.0000,0.1273,0.1258,0.5077,0.5077,0.0000,0.0000,0.0000,-0.0009
1791179170.7151,0.0200,0.2165,0.0000,0.0000,0.0000,0.0000,0.0000,0.0000,0.1273,0.1258,0.5077,0.5077,0.0000,0.0000,0.0000,-0.0009
1791179170.7351,0.0200,0.1840,0.0000,0.0000,0.0000,0.0000,0.0000,0.0000,0.1273,0.1258,0.5077,0.5077,0.0000,0.0000,0.0000,-0.0009
1791179170.7551,0.0200,0.1980,0.0000,0.0000,0.0000,0.0000,0.0000,0.0000,0.1273,0.1258,0.5077,0.5077,0.0000,0.0000,0.0000,-0.0009
1791179170.7752,0.0200,0.2485,0.0000,0.0000,0.0000,0.0000,0.0000,0.0000,0.1273,0.1258,0.5077,0.5077,0.0000,0.0000,0.0000,-0.0009
1791179170.7951,0.0200,0.1890,0.0000,0.0000,0.0000,0.0000,0.0000,0.0000,0.1273,0.1258,0.5077,0.5077,0.0000,0.0000,0.0000,-0.0009
1791179170.8151,0.0200,0.1851,0.0000,0.0000,0.0000,0.0000,0.0000,0.0000,0.1273,0.1258,0.5077,0.5077,0.0000,0.0000,0.0000,-0.0009
1791179170.8351,0.0200,0.2419,0.0000,0.0000,0.0000,0.0000,0.0000,0.0000,0.1273,0.1273,0.5077,0.5077,0.0000,0.0000,0.0000,-0.0009
1791179170.8551,0.0200,0.2112,0.0000,0.0000,0.0000,0.0000,0.0000,0.0000,0.1273,0.1258,0.5077,0.5077,0.0000,0.0000,0.0000,-0.0009
1791179170.8751,0.0200,0.2390,0.0000,0.0000,0.0000,0.0000,0.0000,0.0000,0.1273,0.1258,0.5077,0.5077,0.0000,0.0000,0.0000,-0.0009
1791179170.8951,0.0200,0.2064,0.0000,0.0000,0.0000,0.0000,0.0000,0.0000,0.1273,0.1258,0.5077,0.5077,0.0000,0.0000,0.0000,-0.0009
1791179170.9152,0.0200,0.1996,0.0000,0.0000,0.0000,0.0000,0.0000,0.0000,0.1273,0.1258,0.5077,0.5077,0.0000,0.0000,0.0000,-0.0009
1791179170.9351,0.0200,0.2125,0.0000,0.0000,0.0000,0.0000,0.0000,0.0000,0.1273,0.1258,0.5077,0.5077,0.0000,0.0000,0.0000,-0.0009
1791179170.9551,0.0200,0.2241,0.0000,0.0000,0.0000,0.0000,0.0000,0.0000,0.1273,0.1258,0.5077,0.5077,0.0000,0.0000,0.0000,-0.0009
1791179170.9752,0.0200,0.2341,0.0000,0.0000,0.0000,0.0000,0.0000,0.0000,0.1273,0.1258,0.5077,0.5077,0.0000,0.0000,0.0000,-0.0009
1791179170.9952,0.0200,0.2259,0.0000,0.0000,0.0000,0.0000,0.0000,0.0000,0.1273,0.1258,0.5077,0.5077,0.0000,0.0000,0.0000,-0.0009
1791179171.0152,0.0200,0.2020,0.0000,0.0000,0.0000,0.0000,0.0000,0.0000,0.1273,0.1258,0.5077,0.5077,0.0000,0.0000,0.0000,-0.0009
1791179171.0352,0.0200,0.3219,0.0000,0.0000,0.0000,0.0000,0.0000,0.0000,0.1273,0.1258,0.5077,0.5077,0.0000,0.0000,0.0000,-0.0009
1791179171.0552,0.0200,0.2292,0.0000,0.0000,0.0000,0.0000,0.0000,0.0000,0.1273,0.1258,0.5077,0.5077,0.0000,0.0000,0.0000,-0.0009
1791179171.0752,0.0200,0.2228,0.0000,0.0000,0.0000,0.0000,0.0000,0.0000,0.1273,0.1258,0.5077,0.5077,0.0000,0.0000,0.0000,-0.0009
1791179171.0952,0.0200,0.2081,0.0000,0.0000,0.0000,0.0000,0.0000,0.0000,0.1273,0.1258,0.5077,0.5077,0.0000,0.0000,0.0000,-0.0009
1791179171.1152,0.0200,0.2265,0.0000,0.0000,0.0000,0.0000,0.0000,0.0000,0.1273,0.1258,0.5077,0.5077,0.0000,0.0000,0.0000,-0.0009
1791179171.1352,0.0200,0.1801,0.0000,0.0000,0.0000,0.0000,0.0000,0.0000,0.1273,0.1258,0.5077,0.5077,0.0000,0.0000,0.0000,-0.0009
1791179171.1552,0.0200,0.2378,0.0000,0.0000,0.0000,0.0000,0.0000,0.0000,0.1273,0.1258,0.5077,0.5077,0.0000,0.0000,0.0000,-0.0009
1791179171.1752,0.0200,0.2227,0.0000,0.0000,0.0000,0.0000,0.0000,0.0000,0.1273,0.1258,0.5077,0.5077,0.0000,0.0000,0.0000,-0.0009
1791179171.1952,0.0200,0.2224,0.0000,0.0000,0.0000,0.0000,0.0000,0.0000,0.1273,0.1258,0.5077,0.5077,0.0000,0.0000,0.0000,-0.0009
1791179171.2152,0.0200,0.1817,0.0000,0.0000,0.0000,0.0000,0.0000,0.0000,0.1273,0.1258,0.5077,0.5077,0.0000,0.0000,0.0000,-0.0009
1791179171.2351,0.0200,0.1816,0.0000,0.0000,0.0000,0.0000,0.0000,0.0000,0.1273,0.1273,0.5077,0.5077,0.0000,0.0000,0.0000,-0.0009
1791179171.2552,0.0200,0.3293,0.0000,0.0000,0.0000,0.0000,0.0000,0.0000,0.1273,0.1258,0.5077,0.5077,0.0000,0.0000,0.0000,-0.0009
1791179171.2752,0.0200,0.2824,0.0000,0.0000,0.0000,0.0000,0.0000,0.0000,0.1273,0.1258,0.5077,0.5077,0.0000,0.0000,0.0000,-0.0009
1791179171.2952,0.0200,0.2058,0.0000,0.0000,0.0000,0.0000,0.0000,0.0000,0.1273,0.1258,0.5077,0.5077,0.0000,0.0000,0.0000,-0.0009
1791179171.3151,0.0200,0.2167,0.0000,0.0000,0.0000,0.0000,0.0000,0.0000,0.1273,0.1258,0.5077,0.5077,0.0000,0.0000,0.0000,-0.0009
1791179171.3352,0.0200,0.2329,0.0000,0.0000,0.0000,0.0000,0.0000,0.0000,0.1273,0.1258,0.5077,0.5077,0.0000,0.0000,0.0000,-0.0009
1791179171.3552,0.0200,0.2004,0.0000,0.0000,0.0000,0.0000,0.0000,0.0000,0.1273,0.1258,0.5077,0.5062,0.0000,0.0000,0.0000,-0.0009
1791179171.3751,0.0200,0.2095,0.0000,0.0000,0.0000,0.0000,0.0000,0.0000,0.1273,0.1258,0.5077,0.5077,0.0000,0.0000,0.0000,-0.0009
1791179171.3952,0.0200,0.2283,0.0000,0.0000,0.0000,0.0000,0.0000,0.0000,0.1273,0.1258,0.5077,0.5077,0.0000,0.0000,0.0000,-0.0009
1791179171.4152,0.0200,0.1983,0.0000,0.0000,0.0000,0.0000,0.0000,0.0000,0.1273,0.1273,0.5077,0.5077,0.0000,0.0000,0.0000,-0.0009
1791179171.4351,0.0200,0.2732,0.0000,0.0000,0.0000,0.0000,0.0000,0.0000,0.1273,0.1258,0.5077,0.5077,0.0000,0.0000,0.0000,-0.0009
1791179171.4552,0.0200,0.2326,0.0000,0.0000,0.0000,0.0000,0.0000,0.0000,0.1273,0.1258,0.5077,0.5077,0.0000,0.0000,0.0000,-0.0009
1791179171.4752,0.0200,0.2256,0.0000,0.0000,0.0000,0.0000,0.0000,0.0000,0.1273,0.1258,0.5077,0.5077,0.0000,0.0000,0.0000,-0.0009
1791179171.4952,0.0200,0.2240,0.0000,0.0000,0.0000,0.0000,0.0000,0.0000,0.1273,0.1258,0.5077,0.5077,0.0000,0.0000,0.0000,-0.0009
1791179171.5152,0.0200,0.2390,0.0000,0.0000,0.0000,0.0000,0.0000,0.0000,0.1273,0.1258,0.5077,0.5077,0.0000,0.0000,0.0000,-0.0009
1791179171.5352,0.0200,0.2546,0.0000,0.0000,0.0000,0.0000,0.0000,0.0000,0.1273,0.1273,0.5077,0.5062,0.0000,0.0000,0.0000,-0.0009
1791179171.5552,0.0200,0.2319,0.0000,0.0000,0.0000,0.0000,0.0000,0.0000,0.1273,0.1258,0.5077,0.5062,0.0000,0.0000,0.0000,-0.0009
1791179171.5752,0.0200,0.2340,0.0000,0.0000,0.0000,0.0000,0.0000,0.0000,0.1273,0.1258,0.5077,0.5077,0.0000,0.0000,0.0000,-0.0009
1791179171.5952,0.0200,0.2478,0.0000,0.0000,0.0000,0.0000,0.0000,0.0000,0.1273,0.1258,0.5077,0.5077,0.0000,0.0000,0.0000,-0.0009
1791179171.6152,0.0200,0.2305,0.0000,0.0000,0.0000,0.0000,0.0000,0.0000,0.1273,0.1258,0.5077,0.5077,0.0000,0.0000,0.0000,-0.0009
1791179171.6351,0.0200,0.1847,0.0000,0.0000,0.0000,0.0000,0.0000,0.0000,0.1273,0.1258,0.5077,0.5077,0.0000,0.0000,0.0000,-0.0009
1791179171.6551,0.0200,0.2446,0.0000,0.0000,0.0000,0.0000,0.0000,0.0000,0.1273,0.1258,0.5077,0.5077,0.0000,0.0000,0.0000,-0.0009
1791179171.6751,0.0200,0.1881,0.0000,0.0000,0.0000,0.0000,0.0000,0.0000,0.1273,0.1258,0.5077,0.5077,0.0000,0.0000,0.0000,-0.0009
1791179171.6951,0.0200,0.1831,0.0000,0.0000,0.0000,0.0000,0.0000,0.0000,0.1273,0.1258,0.5077,0.5077,0.0000,0.0000,0.0000,-0.0009
1791179171.7151,0.0200,0.1834,0.0000,0.0000,0.0000,0.0000,0.0000,0.0000,0.1273,0.1258,0.5077,0.5077,0.0000,0.0000,0.0000,-0.0009
1791179171.7351,0.0200,0.1822,0.0000,0.0000,0.0000,0.0000,0.0000,0.0000,0.1273,0.1258,0.5077,0.5077,0.0000,0.0000,0.0000,-0.0009
1791179171.7551,0.0200,0.2378,0.0000,0.0000,0.0000,0.0000,0.0000,0.0000,0.1273,0.1258,0.5077,0.5077,0.0000,0.0000,0.0000,-0.0009
1791179171.7752,0.0200,0.2346,0.0000,0.0000,0.0000,0.0000,0.0000,0.0000,0.1273,0.1258,0.5077,0.5077,0.0000,0.0000,0.0000,-0.0009
1791179171.7952,0.0200,0.2354,0.0000,0.0000,0.0000,0.0000,0.0000,0.0000,0.1273,0.1258,0.5077,0.5077,0.0000,0.0000,0.0000,-0.0009
1791179171.8152,0.0200,0.2246,0.0000,0.0000,0.0000,0.0000,0.0000,0.0000,0.1273,0.1258,0.5077,0.5077,0.0000,0.0000,0.0000,-0.0009
1791179171.8352,0.0200,0.2291,0.0000,0.0000,0.0000,0.0000,0.0000,0.0000,0.1273,0.1258,0.5077,0.5077,0.0000,0.0000,0.0000,-0.0009
1791179171.8552,0.0200,0.2277,0.0000,0.0000,0.0000,0.0000,0.0000,0.0000,0.1273,0.1258,0.5077,0.5077,0.0000,0.0000,0.0000,-0.0009
1791179171.8752,0.0200,0.2252,0.0000,0.0000,0.0000,0.0000,0.0000,0.0000,0.1273,0.1258,0.5077,0.5077,0.0000,0.0000,0.0000,-0.0009
1791179171.8952,0.0200,0.2236,0.0000,0.0000,0.0000,0.0000,0.0000,0.0000,0.1273,0.1258,0.5077,0.5077,0.0000,0.0000,0.0000,-0.0009
1791179171.9152,0.0200,0.2126,0.0000,0.0000,0.0000,0.0000,0.0000,0.0000,0.1273,0.1258,0.5077,0.5077,0.0000,0.0000,0.0000,-0.0009
1791179171.9352,0.0200,0.2143,0.0000,0.0000,0.0000,0.0000,0.0000,0.0000,0.1273,0.1258,0.5077,0.5062,0.0000,0.0000,0.0000,-0.0009
1791179171.9552,0.0200,0.2345,0.0000,0.0000,0.0000,0.0000,0.0000,0.0000,0.1273,0.1258,0.5077,0.5077,0.0000,0.0000,0.0000,-0.0009
1791179171.9752,0.0200,0.2274,0.0000,0.0000,0.0000,0.0000,0.0000,0.0000,0.1273,0.1258,0.5077,0.5077,0.0000,0.0000,0.0000,-0.0009
1791179171.9952,0.0200,0.1671,0.0000,0.0000,0.0000,0.0000,0.0000,0.0000,0.1273,0.1258,0.5077,0.5077,0.0000,0.0000,0.0000,-0.0009
1791179172.0152,0.0200,0.2332,0.0000,0.0000,0.0000,0.0000,0.0000,0.0000,0.1273,0.1258,0.5077,0.5077,0.0000,0.0000,0.0000,-0.0009
1791179172.0351,0.0200,0.2112,0.0000,0.0000,0.0000,0.0000,0.0000,0.0000,0.1273,0.1258,0.5077,0.5077,0.0000,0.0000,0.0000,-0.0009
1791179172.0552,0.0200,0.2325,0.0000,0.0000,0.0000,0.0000,0.0000,0.0000,0.1273,0.1258,0.5077,0.5077,0.0000,0.0000,0.0000,-0.0009
1791179172.0752,0.0200,0.1814,0.0000,0.0000,0.0000,0.0000,0.0000,0.0000,0.1273,0.1273,0.5077,0.5077,0.0000,0.0000,0.0000,-0.0009
1791179172.0952,0.0200,0.3216,0.0000,0.0000,0.0000,0.0000,0.0000,0.0000,0.1273,0.1258,0.5077,0.5077,0.0000,0.0000,0.0000,-0.0009
1791179172.1152,0.0200,0.2339,0.0000,0.0000,0.0000,0.0000,0.0000,0.0000,0.1273,0.1258,0.5077,0.5062,0.0000,0.0000,0.0000,-0.0009
1791179172.1352,0.0200,0.2304,0.0000,0.0000,0.0000,0.0000,0.0000,0.0000,0.1273,0.1258,0.5077,0.5077,0.0000,0.0000,0.0000,-0.0009
1791179172.1552,0.0200,0.3044,0.0000,0.0000,0.0000,0.0000,0.0000,0.0000,0.1273,0.1258,0.5077,0.5077,0.0000,0.0000,0.0000,-0.0005
1791179172.1752,0.0200,0.2788,0.0000,0.0000,0.0000,-0.0240,0.0000,0.0240,0.1273,0.1258,0.5077,0.5077,0.0000,0.0000,0.0055,-0.0004
1791179172.1952,0.0200,0.2144,0.0000,0.0000,0.0000,-0.0240,0.0000,0.0480,0.1273,0.1258,0.5077,0.5077,0.0000,0.0004,0.0083,-0.0004
1791179172.2152,0.0200,0.2288,0.0000,0.0000,0.0000,0.0000,0.0000,0.0240,0.1273,0.1258,0.5077,0.5077,0.0000,0.0004,0.0028,-0.0002
1791179172.2352,0.0200,0.2001,0.0000,0.0000,0.0000,-0.0240,0.0000,0.0000,0.1273,0.1258,0.5077,0.5077,0.0000,-0.0004,0.0028,-0.0002
1791179172.2551,0.0200,0.2105,0.0000,0.0000,0.0000,0.0000,0.0000,0.0000,0.1273,0.1258,0.5077,0.5077,0.0000,0.0000,0.0000,-0.0005
1791179172.2752,0.0200,0.3133,0.0000,0.0000,0.0000,0.0000,0.0000,-0.0480,0.1273,0.1258,0.5077,0.5077,0.0000,-0.0008,-0.0055,-0.0005
1791179172.2952,0.0200,0.2037,0.0000,0.0000,0.0000,0.0000,0.0000,-0.0480,0.1273,0.1258,0.5077,0.5077,0.0000,-0.0008,-0.0055,-0.0005
1791179172.3152,0.0200,0.2068,0.0000,0.0000,0.0000,0.0000,0.0000,0.0000,0.1273,0.1258,0.5077,0.5077,0.0000,0.0000,0.0000,-0.0007
1791179172.3352,0.0200,0.1996,0.0000,0.0000,0.0000,0.0000,0.0000,0.0000,0.1273,0.1258,0.5077,0.5077,0.0000,0.0000,0.0000,-0.0007
1791179172.3551,0.0200,0.2109,0.0000,0.0000,0.0000,0.0000,0.0000,0.0000,0.1273,0.1258,0.5077,0.5077,0.0000,0.0000,0.0000,-0.0005
1791179172.3752,0.0200,0.2325,0.0000,0.0000,0.0000,0.0000,0.0000,0.0000,0.1273,0.1258,0.5077,0.5077,0.0000,0.0000,0.0000,-0.0007
1791179172.3952,0.0200,0.2218,0.0000,0.0000,0.0000,0.0000,0.0000,0.0000,0.1273,0.1258,0.5077,0.5077,0.0000,0.0000,0.0000,-0.0009
1791179172.4152,0.0200,0.2256,0.0000,0.0000,0.0000,0.0240,0.0000,0.0000,0.1273,0.1258,0.5077,0.5077,0.0000,0.0004,-0.0028,-0.0012
1791179172.4352,0.0200,0.2229,0.0000,0.0000,0.0000,0.0480,0.0000,0.0000,0.1273,0.1258,0.5077,0.5077,0.0000,0.0008,-0.0055,-0.0011
1791179172.4552,0.0200,0.2221,0.0000,0.0000,0.0000,0.0480,0.0000,0.0000,0.1273,0.1258,0.5077,0.5077,0.0000,0.0008,-0.0055,-0.0011
1791179172.4752,0.0200,0.2233,0.0000,0.0000,0.0000,0.0000,0.0000,0.0000,0.1273,0.1258,0.5077,0.5077,0.0000,0.0000,0.0000,-0.0012
1791179172.4952,0.0200,0.2251,0.0000,0.0000,0.0000,0.0000,0.0000,0.0000,0.1273,0.1258,0.5077,0.5062,0.0000,0.0000,0.0000,-0.0011
1791179172.5152,0.0200,0.2297,0.0000,0.0000,0.0000,-0.0480,0.0000,0.0000,0.1273,0.1258,0.5077,0.5077,0.0000,-0.0008,0.0055,-0.0007
1791179172.5352,0.0200,0.2273,0.0000,0.0000,0.0000,-0.0480,0.0000,0.0000,0.1273,0.1258,0.5077,0.5077,0.0000,-0.0008,0.0055,-0.0007
1791179172.5552,0.0200,0.2366,0.0000,0.0000,0.0000,-0.0240,0.0000,0.0000,0.1273,0.1258,0.5077,0.5062,0.0000,-0.0004,0.0028,-0.0005
1791179172.5751,0.0200,0.1830,0.0000,0.0000,0.0000,0.0000,0.0000,0.0000,0.1273,0.1258,0.5077,0.5077,0.0000,0.0000,0.0000,-0.0005
1791179172.5951,0.0200,0.2203,0.0000,0.0000,0.0000,0.0000,0.0000,0.0000,0.1273,0.1258,0.5077,0.5062,0.0000,0.0000,0.0000,-0.0005
1791179172.6151,0.0200,0.2153,0.0000,0.0000,0.0000,0.0000,0.0000,0.0000,0.1273,0.1258,0.5077,0.5077,0.0000,0.0000,0.0000,-0.0007
1791179172.6351,0.0200,0.2204,0.0000,0.0000,0.0000,0.0000,0.0000,0.0000,0.1273,0.1258,0.5077,0.5062,0.0000,0.0000,0.0000,-0.0005
1791179172.6551,0.0200,0.2225,0.0000,0.0000,0.0000,0.0000,0.0000,0.0000,0.1273,0.1258,0.5077,0.5077,0.0000,0.0000,0.0000,-0.0005
1791179172.6751,0.0200,0.2079,0.0000,0.0000,0.0000,0.0000,0.0000,0.0000,0.1273,0.1258,0.5077,0.5062,0.0000,0.0000,0.0000,-0.0007
1791179172.6952,0.0200,0.2395,0.0000,0.0000,0.0000,0.0240,0.0000,0.0000,0.1273,0.1258,0.5077,0.5077,0.0000,0.0004,-0.0028,-0.0007
1791179172.7151,0.0200,0.2109,0.0000,0.0000,0.0000,0.0000,0.0000,0.0000,0.1273,0.1258,0.5077,0.5077,0.0000,0.0000,0.0000,-0.0007
1791179172.7352,0.0200,0.2354,0.0000,0.0000,0.0000,0.0000,0.0000,0.0000,0.1273,0.1258,0.5077,0.5077,0.0000,0.0000,0.0000,-0.0007
1791179172.7552,0.0200,0.2256,0.0000,0.0000,0.0000,0.0000,0.0000,0.0000,0.1273,0.1258,0.5077,0.5077,0.0000,0.0000,0.0000,-0.0007
1791179172.7752,0.0200,0.1697,0.0000,0.0000,0.0000,0.0000,0.0000,0.0000,0.1273,0.1258,0.5077,0.5077,0.0000,0.0000,0.0000,-0.0007
1791179172.7952,0.0200,0.2372,0.0000,0.0000,0.0000,0.0000,0.0000,0.0000,0.1273,0.1258,0.5077,0.5077,0.0000,0.0000,0.0000,-0.0005
1791179172.8152,0.0200,0.2322,0.0000,0.0000,0.0000,0.0000,0.0000,0.0000,0.1273,0.1258,0.5077,0.5077,0.0000,0.0000,0.0000,-0.0007
1791179172.8352,0.0200,0.1674,0.0000,0.0000,0.0000,0.0000,0.0000,0.0000,0.1273,0.1258,0.5077,0.5077,0.0000,0.0000,0.0000,-0.0007
1791179172.8551,0.0200,0.2376,0.0000,0.0000,0.0000,0.0000,0.0000,0.0000,0.1273,0.1258,0.5077,0.5077,0.0000,0.0000,0.0000,-0.0007
1791179172.8752,0.0200,0.2304,0.0000,0.0000,0.0000,0.0000,0.0000,0.0000,0.1273,0.1258,0.5077,0.5077,0.0000,0.0000,0.0000,-0.0007
1791179172.8952,0.0200,0.1668,0.0000,0.0000,0.0000,0.0000,0.0000,0.0000,0.1273,0.1273,0.5077,0.5077,0.0000,0.0000,0.0000,-0.0007
1791179172.9152,0.0200,0.2346,0.0000,0.0000,0.0000,0.0000,0.0000,0.0000,0.1273,0.1258,0.5077,0.5077,0.0000,0.0000,0.0000,-0.0005
1791179172.9353,0.0201,0.3071,0.0000,0.0000,0.0000,0.0000,0.0000,0.0000,0.1273,0.1258,0.5077,0.5077,0.0000,0.0000,0.0000,-0.0007
1791179172.9552,0.0199,0.2034,0.0000,0.0000,0.0000,0.0000,0.0000,0.0000,0.1273,0.1258,0.5077,0.5077,0.0000,0.0000,0.0000,-0.0007
1791179172.9752,0.0200,0.2481,0.0000,0.0000,0.0000,0.0000,0.0000,0.0000,0.1273,0.1258,0.5077,0.5077,0.0000,0.0000,0.0000,-0.0007
1791179172.9952,0.0200,0.2175,0.0000,0.0000,0.0000,0.0000,0.0000,0.0000,0.1273,0.1258,0.5077,0.5077,0.0000,0.0000,0.0000,-0.0007
1791179173.0152,0.0200,0.2077,0.0000,0.0000,0.0000,0.0000,0.0000,0.0000,0.1273,0.1258,0.5077,0.5077,0.0000,0.0000,0.0000,-0.0007
1791179173.0352,0.0200,0.2405,0.0000,0.0000,0.0000,0.0000,0.0000,0.0000,0.1273,0.1258,0.5077,0.5077,0.0000,0.0000,0.0000,-0.0007
1791179173.0552,0.0200,0.2436,0.0000,0.0000,0.0000,0.0000,0.0000,0.0000,0.1273,0.1273,0.5077,0.5077,0.0000,0.0000,0.0000,-0.0007
1791179173.0752,0.0200,0.2398,0.0000,0.0000,0.0000,0.0000,0.0000,0.0000,0.1273,0.1273,0.5077,0.5077,0.0000,0.0000,0.0000,-0.0007
1791179173.0952,0.0200,0.2386,0.0000,0.0000,0.0000,0.0000,0.0000,0.0000,0.1273,0.1258,0.5077,0.5077,0.0000,0.0000,0.0000,-0.0007
1791179173.1152,0.0200,0.2318,0.0000,0.0000,0.0000,0.0000,0.0000,0.0000,0.1273,0.1258,0.5077,0.5077,0.0000,0.0000,0.0000,-0.0007
1791179173.1352,0.0200,0.2408,0.0000,0.0000,0.0000,0.0000,0.0000,0.0000,0.1273,0.1258,0.5077,0.5077,0.0000,0.0000,0.0000,-0.0007
1791179173.1552,0.0201,0.2715,0.0000,0.0000,0.0000,0.0000,0.0000,0.0000,0.1273,0.1258,0.5077,0.5077,0.0000,0.0000,0.0000,-0.0007
1791179173.1752,0.0200,0.2717,0.0000,0.0000,0.0000,0.0000,0.0000,0.0000,0.1273,0.1258,0.5077,0.5077,0.0000,0.0000,0.0000,-0.0007
1791179173.1952,0.0200,0.2107,0.0000,0.0000,0.0000,0.0000,0.0000,0.0000,0.1273,0.1258,0.5077,0.5077,0.0000,0.0000,0.0000,-0.0007
1791179173.2152,0.0200,0.2041,0.0000,0.0000,0.0000,0.0000,0.0000,0.0000,0.1273,0.1258,0.5077,0.5077,0.0000,0.0000,0.0000,-0.0007
1791179173.2352,0.0200,0.2533,0.0000,0.0000,0.0000,0.0000,0.0000,0.0000,0.1273,0.1258,0.5077,0.5077,0.0000,0.0000,0.0000,-0.0005
1791179173.2552,0.0200,0.2369,0.0000,0.0000,0.0000,0.0000,0.0000,0.0000,0.1273,0.1258,0.5077,0.5077,0.0000,0.0000,0.0000,-0.0007
1791179173.2752,0.0200,0.2396,0.0000,0.0000,0.0000,0.0000,0.0000,0.0000,0.1273,0.1258,0.5077,0.5077,0.0000,0.0000,0.0000,-0.0005
1791179173.2952,0.0200,0.3538,0.0000,0.0000,0.0000,0.0000,0.0000,0.0000,0.1273,0.1258,0.5077,0.5077,0.0000,0.0000,0.0000,-0.0007
1791179173.3152,0.0200,0.2586,0.0000,0.0000,0.0000,0.0000,0.0000,0.0000,0.1273,0.1273,0.5077,0.5077,0.0000,0.0000,0.0000,-0.0007
1791179173.3352,0.0200,0.3366,0.0000,0.0000,0.0000,0.0000,0.0000,0.0000,0.1273,0.1258,0.5077,0.5062,0.0000,0.0000,0.0000,-0.0007
1791179173.3552,0.0200,0.3082,0.0000,0.0000,0.0000,0.0000,0.0000,0.0000,0.1273,0.1258,0.5077,0.5077,0.0000,0.0000,0.0000,-0.0005
1791179173.3752,0.0200,0.2437,0.0000,0.0000,0.0000,0.0000,0.0000,0.0000,0.1273,0.1258,0.5077,0.5077,0.0000,0.0000,0.0000,-0.0005
1791179173.3952,0.0200,0.2645,0.0000,0.0000,0.0000,0.0000,0.0000,0.0000,0.1273,0.1258,0.5077,0.5077,0.0000,0.0000,0.0000,-0.0005
1791179173.4152,0.0200,0.2708,0.0000,0.0000,0.0000,0.0000,0.0000,0.0000,0.1273,0.1258,0.5077,0.5077,0.0000,0.0000,0.0000,-0.0007
1791179173.4352,0.0200,0.2602,0.0000,0.0000,0.0000,0.0000,0.0000,0.0000,0.1273,0.1258,0.5077,0.5077,0.0000,0.0000,0.0000,-0.0007
1791179173.4552,0.0200,0.2590,0.0000,0.0000,0.0000,0.0000,0.0000,0.0000,0.1273,0.1258,0.5077,0.5077,0.0000,0.0000,0.0000,-0.0007
1791179173.4751,0.0200,0.1879,0.0000,0.0000,0.0000,0.0000,0.0000,0.0000,0.1273,0.1258,0.5077,0.5077,0.0000,0.0000,0.0000,-0.0007
1791179173.4951,0.0200,0.1869,0.0000,0.0000,0.0000,0.0000,0.0000,0.0000,0.1273,0.1258,0.5077,0.5077,0.0000,0.0000,0.0000,-0.0007
1791179173.5151,0.0200,0.2460,0.0000,0.0000,0.0000,0.0000,0.0000,0.0000,0.1273,0.1273,0.5077,0.5062,0.0000,0.0000,0.0000,-0.0009
1791179173.5352,0.0200,0.2507,0.0000,0.0000,0.0000,0.0959,0.0000,0.0000,0.1273,0.1258,0.5077,0.5077,0.0000,0.0016,-0.0110,-0.0012
1791179173.5551,0.0200,0.1857,0.0000,0.0000,0.0000,0.0719,0.0000,0.0000,0.1273,0.1258,0.5077,0.5062,0.0000,0.0012,-0.0083,-0.0012
1791179173.5751,0.0200,0.2398,0.0000,0.0000,0.0000,0.0000,0.0000,0.0000,0.1273,0.1258,0.5077,0.5077,0.0000,0.0000,0.0000,-0.0012
1791179173.5952,0.0200,0.2470,0.0000,0.0000,0.0000,0.0000,0.0000,0.0000,0.1273,0.1258,0.5077,0.5077,0.0000,0.0000,0.0000,-0.0011
1791179173.6151,0.0200,0.2169,0.0000,0.0000,0.0000,0.0000,0.0000,0.0000,0.1273,0.1258,0.5077,0.5077,0.0000,0.0000,0.0000,-0.0012
1791179173.6352,0.0200,0.2323,0.0000,0.0000,0.0000,0.0000,0.0000,0.0000,0.1273,0.1273,0.5077,0.5062,0.0000,0.0000,0.0000,-0.0011
1791179173.6552,0.0200,0.2450,0.0000,0.0000,0.0000,0.0000,0.0000,0.0000,0.1273,0.1273,0.5077,0.5077,0.0000,0.0000,0.0000,-0.0011
1791179173.6752,0.0200,0.2132,0.0000,0.0000,0.0000,0.0000,0.0000,0.0000,0.1273,0.1258,0.5077,0.5077,0.0000,0.0000,0.0000,-0.0011
1791179173.6952,0.0200,0.3377,0.0000,0.0000,0.0000,-0.0240,0.0000,0.0000,0.1273,0.1273,0.5077,0.5062,0.0000,-0.0004,0.0028,-0.0007
1791179173.7153,0.0201,0.2085,0.0000,0.0000,0.0000,-0.0480,0.0000,0.0000,0.1273,0.1273,0.5077,0.5077,0.0000,-0.0008,0.0055,-0.0014
1791179173.7352,0.0199,0.1760,0.0000,0.0000,0.0000,0.0480,0.0000,0.0000,0.1273,0.1258,0.5077,0.5077,0.0000,0.0008,-0.0055,-0.0012
1791179173.7552,0.0200,0.3183,0.0000,0.0000,0.0000,0.0480,0.0000,0.0000,0.1273,0.1258,0.5077,0.5108,0.0000,0.0008,-0.0055,-0.0012
1791179173.7752,0.0200,0.2333,0.0000,0.0000,0.0000,0.0240,0.0000,0.0000,0.1273,0.1258,0.5077,0.5062,0.0000,0.0004,-0.0028,-0.0014
1791179173.7952,0.0200,0.2313,0.0000,0.0000,0.0000,0.0000,0.0000,0.0000,0.1273,0.1273,0.5077,0.5062,0.0000,0.0000,0.0000,-0.0012
1791179173.8152,0.0200,0.2748,0.0000,0.0000,0.0000,0.0000,0.0000,0.0000,0.1273,0.1258,0.5077,0.5062,0.0000,0.0000,0.0000,-0.0012
1791179173.8352,0.0200,0.1805,0.0000,0.0000,0.0000,0.0000,0.0000,0.0000,0.1273,0.1258,0.5077,0.5077,0.0000,0.0000,0.0000,-0.0012
1791179173.8551,0.0199,0.2300,0.0000,0.0000,0.0000,0.0000,0.0000,0.0000,0.1273,0.1273,0.5077,0.5062,0.0000,0.0000,0.0000,-0.0014
1791179173.8751,0.0200,0.2221,0.0000,0.0000,0.0000,0.0000,0.0000,0.0000,0.1273,0.1258,0.5077,0.5062,0.0000,0.0000,0.0000,-0.0014
1791179173.8952,0.0200,0.2304,0.0000,0.0000,0.0000,0.0000,0.0000,0.0000,0.1273,0.1258,0.5077,0.5077,0.0000,0.0000,0.0000,-0.0014
1791179173.9152,0.0200,0.1775,0.0000,0.0000,0.0000,0.0000,0.0000,0.0000,0.1273,0.1258,0.5077,0.5077,0.0000,0.0000,0.0000,-0.0016
1791179173.9352,0.0200,0.2460,0.0000,0.0000,0.0000,0.0000,0.0000,0.0000,0.1273,0.1273,0.5077,0.5077,0.0000,0.0000,0.0000,-0.0012
1791179173.9552,0.0200,0.2415,0.0000,0.0000,0.0000,0.0000,0.0000,0.0000,0.1273,0.1273,0.5077,0.5062,0.0000,0.0000,0.0000,-0.0016
1791179173.9752,0.0200,0.3365,0.0000,0.0000,0.0000,0.0000,0.0000,0.0000,0.1273,0.1258,0.5077,0.5062,0.0000,0.0000,0.0000,-0.0012
1791179173.9952,0.0200,0.2105,0.0000,0.0000,0.0000,0.0000,0.0000,0.0000,0.1273,0.1258,0.5077,0.5062,0.0000,0.0000,0.0000,-0.0012
1791179174.0152,0.0200,0.2339,0.0000,0.0000,0.0000,0.0000,0.0000,0.0000,0.1273,0.1258,0.5077,0.5062,0.0000,0.0000,0.0000,-0.0012
1791179174.0352,0.0200,0.2706,0.0000,0.0000,0.0000,0.0000,0.0000,0.0000,0.1273,0.1258,0.5077,0.5077,0.0000,0.0000,0.0000,-0.0012
1791179174.0552,0.0200,0.2221,0.0000,0.0000,0.0000,0.0000,0.0000,0.0000,0.1273,0.1273,0.5077,0.5062,0.0000,0.0000,0.0000,-0.0014
1791179174.0752,0.0200,0.2455,0.0000,0.0000,0.0000,0.0000,0.0000,0.0000,0.1273,0.1258,0.5077,0.5062,0.0000,0.0000,0.0000,-0.0014
1791179174.0952,0.0200,0.1996,0.0000,0.0000,0.0000,0.0000,0.0000,0.0000,0.1273,0.1258,0.5077,0.5062,0.0000,0.0000,0.0000,-0.0012
1791179174.1151,0.0200,0.2157,0.0000,0.0000,0.0000,0.0000,0.0000,0.0000,0.1273,0.1273,0.5077,0.5077,0.0000,0.0000,0.0000,-0.0011
1791179174.1352,0.0200,0.2263,0.0000,0.0000,0.0000,-0.0240,0.0000,0.0000,0.1273,0.1273,0.5077,0.5062,0.0000,-0.0004,0.0028,-0.0011
1791179174.1552,0.0200,0.2292,0.0000,0.0000,0.0000,0.0000,0.0000,0.0000,0.1273,0.1258,0.5077,0.5062,0.0000,0.0000,0.0000,-0.0012
1791179174.1752,0.0200,0.2274,0.0000,0.0000,0.0000,0.0240,0.0000,0.0000,0.1273,0.1258,0.5077,0.5077,0.0000,0.0004,-0.0028,-0.0012
1791179174.1952,0.0200,0.2258,0.0000,0.0000,0.0000,0.0000,0.0000,0.0000,0.1273,0.1273,0.5077,0.5062,0.0000,0.0000,0.0000,-0.0012
1791179174.2152,0.0200,0.2251,0.0000,0.0000,0.0000,0.0000,0.0000,0.0000,0.1273,0.1258,0.5077,0.5077,0.0000,0.0000,0.0000,-0.0012
1791179174.2352,0.0200,0.2449,0.0000,0.0000,0.0000,0.0000,0.0000,0.0000,0.1273,0.1273,0.5077,0.5077,0.0000,0.0000,0.0000,-0.0012
1791179174.2552,0.0201,0.2955,0.0000,0.0000,0.0000,0.0000,0.0000,0.0000,0.1273,0.1273,0.5077,0.5077,0.0000,0.0000,0.0000,-0.0012
1791179174.2752,0.0200,0.2226,0.0000,0.0000,0.0000,0.0000,0.0000,0.0000,0.1273,0.1258,0.5077,0.5077,0.0000,0.0000,0.0000,-0.0012
1791179174.2951,0.0200,0.2461,0.0000,0.0000,0.0000,0.0000,0.0000,0.0000,0.1273,0.1258,0.5077,0.5062,0.0000,0.0000,0.0000,-0.0012
1791179174.3152,0.0200,0.2487,0.0000,0.0000,0.0000,0.0000,0.0000,0.0000,0.1273,0.1258,0.5077,0.5077,0.0000,0.0000,0.0000,-0.0012
1791179174.3351,0.0200,0.1690,0.0000,0.0000,0.0000,0.0000,0.0000,0.0000,0.1273,0.1258,0.5077,0.5077,0.0000,0.0000,0.0000,-0.0012
1791179174.3551,0.0200,0.1934,0.0000,0.0000,0.0000,0.0000,0.0000,0.0000,0.1273,0.1258,0.5077,0.5077,0.0000,0.0000,0.0000,-0.0012
1791179174.3751,0.0200,0.1904,0.0000,0.0000,0.0000,0.0000,0.0000,0.0000,0.1273,0.1258,0.5077,0.5077,0.0000,0.0000,0.0000,-0.0012
1791179174.3951,0.0200,0.2388,0.0000,0.0000,0.0000,0.0000,0.0000,0.0000,0.1273,0.1273,0.5077,0.5077,0.0000,0.0000,0.0000,-0.0014
1791179174.4152,0.0200,0.2300,0.0000,0.0000,0.0000,0.0000,0.0000,0.0000,0.1273,0.1273,0.5077,0.5077,0.0000,0.0000,0.0000,-0.0012
1791179174.4351,0.0200,0.2347,0.0000,0.0000,0.0000,0.0000,0.0000,0.0000,0.1273,0.1258,0.5077,0.5077,0.0000,0.0000,0.0000,-0.0012
1791179174.4552,0.0200,0.2923,0.0000,0.0000,0.0000,0.0000,0.0000,0.0000,0.1273,0.1273,0.5077,0.5077,0.0000,0.0000,0.0000,-0.0012
1791179174.4752,0.0200,0.2368,0.0000,0.0000,0.0000,0.0000,0.0000,0.0000,0.1273,0.1273,0.5077,0.5077,0.0000,0.0000,0.0000,-0.0012
1791179174.4952,0.0200,0.2295,0.0000,0.0000,0.0000,0.0000,0.0000,0.0000,0.1273,0.1273,0.5077,0.5062,0.0000,0.0000,0.0000,-0.0012
1791179174.5152,0.0200,0.2600,0.0000,0.0000,0.0000,0.0000,0.0000,0.0000,0.1273,0.1258,0.5077,0.5077,0.0000,0.0000,0.0000,-0.0014
1791179174.5352,0.0200,0.2413,0.0000,0.0000,0.0000,0.0000,0.0000,0.0000,0.1273,0.1258,0.5077,0.5077,0.0000,0.0000,0.0000,-0.0012
1791179174.5552,0.0200,0.2243,0.0000,0.0000,0.0000,0.0000,0.0000,0.0000,0.1273,0.1273,0.5077,0.5077,0.0000,0.0000,0.0000,-0.0012
1791179174.5752,0.0200,0.2254,0.0000,0.0000,0.0000,0.0000,0.0000,0.0000,0.1273,0.1273,0.5077,0.5077,0.0000,0.0000,0.0000,-0.0012
1791179174.5952,0.0200,0.2094,0.0000,0.0000,0.0000,0.0000,0.0000,0.0000,0.1273,0.1273,0.5077,0.5077,0.0000,0.0000,0.0000,-0.0012
1791179174.6152,0.0200,0.2031,0.0000,0.0000,0.0000,0.0000,0.0000,0.0000,0.1273,0.1273,0.5077,0.5077,0.0000,0.0000,0.0000,-0.0012
1791179174.6351,0.0200,0.2136,0.0000,0.0000,0.0000,0.0000,0.0000,0.0000,0.1273,0.1258,0.5077,0.5077,0.0000,0.0000,0.0000,-0.0012
1791179174.6552,0.0200,0.2356,0.0000,0.0000,0.0000,0.0000,0.0000,0.0000,0.1273,0.1273,0.5077,0.5077,0.0000,0.0000,0.0000,-0.0012
1791179174.6751,0.0200,0.2357,0.0000,0.0000,0.0000,0.0000,0.0000,0.0000,0.1273,0.1273,0.5077,0.5077,0.0000,0.0000,0.0000,-0.0012
1791179174.6951,0.0200,0.1902,0.0000,0.0000,0.0000,0.0000,0.0000,0.0000,0.1273,0.1258,0.5077,0.5077,0.0000,0.0000,0.0000,-0.0012
1791179174.7151,0.0200,0.2198,0.0000,0.0000,0.0000,0.0000,0.0000,0.0000,0.1273,0.1273,0.5077,0.5062,0.0000,0.0000,0.0000,-0.0012
1791179174.7352,0.0200,0.2577,0.0000,0.0000,0.0000,0.0000,0.0000,0.0000,0.1273,0.1258,0.5077,0.5077,0.0000,0.0000,0.0000,-0.0012
1791179174.7552,0.0200,0.2097,0.0000,0.0000,0.0000,0.0000,0.0000,0.0000,0.1273,0.1273,0.5077,0.5077,0.0000,0.0000,0.0000,-0.0012
1791179174.7751,0.0199,0.1960,0.0000,0.0000,0.0000,0.0000,0.0000,0.0000,0.1273,0.1273,0.5077,0.5077,0.0000,0.0000,0.0000,-0.0012
1791179174.7951,0.0200,0.2421,0.0000,0.0000,0.0000,0.0000,0.0000,0.0000,0.1273,0.1258,0.5077,0.5077,0.0000,0.0000,0.0000,-0.0012
1791179174.8152,0.0200,0.2409,0.0000,0.0000,0.0000,0.0000,0.0000,0.0000,0.1273,0.1258,0.5077,0.5077,0.0000,0.0000,0.0000,-0.0012
1791179174.8352,0.0200,0.2343,0.0000,0.0000,0.0000,0.0000,0.0000,0.0000,0.1273,0.1273,0.5077,0.5077,0.0000,0.0000,0.0000,-0.0012
1791179174.8552,0.0200,0.2366,0.0000,0.0000,0.0000,0.0000,0.0000,0.0000,0.1273,0.1258,0.5077,0.5077,0.0000,0.0000,0.0000,-0.0012
1791179174.8752,0.0200,0.3794,0.0000,0.0000,0.0000,0.0000,0.0000,0.0000,0.1273,0.1258,0.5077,0.5077,0.0000,0.0000,0.0000,-0.0012
1791179174.8952,0.0200,0.2168,0.0000,0.0000,0.0000,0.0000,0.0000,0.0000,0.1273,0.1258,0.5077,0.5062,0.0000,0.0000,0.0000,-0.0012
1791179174.9152,0.0199,0.2146,0.0000,0.0000,0.0000,0.0000,0.0000,0.0000,0.1273,0.1258,0.5077,0.5077,0.0000,0.0000,0.0000,-0.0012
1791179174.9352,0.0200,0.2352,0.0000,0.0000,0.0000,0.0000,0.0000,0.0000,0.1273,0.1258,0.5077,0.5077,0.0000,0.0000,0.0000,-0.0012
1791179174.9552,0.0200,0.2164,0.0000,0.0000,0.0000,0.0000,0.0000,0.0000,0.1273,0.1273,0.5077,0.5062,0.0000,0.0000,0.0000,-0.0012
1791179174.9751,0.0199,0.2253,0.0000,0.0000,0.0000,0.0000,0.0000,0.0000,0.1273,0.1273,0.5077,0.5077,0.0000,0.0000,0.0000,-0.0012
1791179174.9952,0.0200,0.2199,0.0000,0.0000,0.0000,0.0000,0.0000,0.0000,0.1273,0.1258,0.5077,0.5077,0.0000,0.0000,0.0000,-0.0012
1791179175.0152,0.0200,0.2419,0.0000,0.0000,0.0000,0.0000,0.0000,0.0000,0.1273,0.1258,0.5077,0.5077,0.0000,0.0000,0.0000,-0.0012
1791179175.0352,0.0200,0.2274,0.0000,0.0000,0.0000,0.0000,0.0000,0.0000,0.1273,0.1258,0.5077,0.5077,0.0000,0.0000,0.0000,-0.0012
1791179175.0552,0.0200,0.3197,0.0000,0.0000,0.0000,0.0000,0.0000,0.0000,0.1273,0.1258,0.5077,0.5077,0.0000,0.0000,0.0000,-0.0012
1791179175.0752,0.0200,0.2413,0.0000,0.0000,0.0000,0.0000,0.0000,0.0000,0.1273,0.1258,0.5077,0.5077,0.0000,0.0000,0.0000,-0.0014
1791179175.0952,0.0200,0.2428,0.0000,0.0000,0.0000,0.0000,0.0000,0.0000,0.1273,0.1273,0.5077,0.5077,0.0000,0.0000,0.0000,-0.0012
1791179175.1152,0.0200,0.2428,0.0000,0.0000,0.0000,0.0000,0.0000,0.0000,0.1273,0.1258,0.5077,0.5077,0.0000,0.0000,0.0000,-0.0012
1791179175.1351,0.0200,0.2168,0.0000,0.0000,0.0000,0.0000,0.0000,0.0000,0.1273,0.1258,0.5077,0.5077,0.0000,0.0000,0.0000,-0.0012
1791179175.1551,0.0200,0.1847,0.0000,0.0000,0.0000,0.0000,0.0000,0.0000,0.1273,0.1258,0.5077,0.5077,0.0000,0.0000,0.0000,-0.0012
1791179175.1751,0.0200,0.2418,0.0000,0.0000,0.0000,0.0000,0.0000,0.0000,0.1273,0.1258,0.5077,0.5077,0.0000,0.0000,0.0000,-0.0012
1791179175.1951,0.0200,0.1599,0.0000,0.0000,0.0000,0.0000,0.0000,0.0000,0.1273,0.1273,0.5077,0.5062,0.0000,0.0000,0.0000,-0.0012
1791179175.2151,0.0200,0.2383,0.0000,0.0000,0.0000,0.0000,0.0000,0.0000,0.1273,0.1258,0.5077,0.5077,0.0000,0.0000,0.0000,-0.0012
1791179175.2351,0.0200,0.2114,0.0000,0.0000,0.0000,0.0000,0.0000,0.0000,0.1273,0.1258,0.5077,0.5077,0.0000,0.0000,0.0000,-0.0012
1791179175.2551,0.0200,0.2427,0.0000,0.0000,0.0000,0.0000,0.0000,0.0000,0.1273,0.1258,0.5077,0.5077,0.0000,0.0000,0.0000,-0.0012
1791179175.2752,0.0200,0.2437,0.0000,0.0000,0.0000,0.0000,0.0000,0.0000,0.1273,0.1258,0.5077,0.5062,0.0000,0.0000,0.0000,-0.0012
1791179175.2952,0.0200,0.2060,0.0000,0.0000,0.0000,0.0000,0.0000,0.0000,0.1273,0.1258,0.5077,0.5077,0.0000,0.0000,0.0000,-0.0012
1791179175.3152,0.0200,0.2352,0.0000,0.0000,0.0000,0.0000,0.0000,0.0000,0.1273,0.1258,0.5077,0.5062,0.0000,0.0000,0.0000,-0.0012
1791179175.3352,0.0200,0.2324,0.0000,0.0000,0.0000,0.0000,0.0000,0.0000,0.1273,0.1258,0.5077,0.5077,0.0000,0.0000,0.0000,-0.0012
1791179175.3552,0.0200,0.2285,0.0000,0.0000,0.0000,0.0000,0.0000,0.0000,0.1273,0.1273,0.5077,0.5077,0.0000,0.0000,0.0000,-0.0012
1791179175.3752,0.0200,0.2288,0.0000,0.0000,0.0000,0.0000,0.0000,0.0000,0.1273,0.1258,0.5077,0.5077,0.0000,0.0000,0.0000,-0.0012
1791179175.3952,0.0200,0.2279,0.0000,0.0000,0.0000,0.0000,0.0000,0.0000,0.1273,0.1273,0.5077,0.5077,0.0000,0.0000,0.0000,-0.0012
1791179175.4152,0.0200,0.1669,0.0000,0.0000,0.0000,0.0000,0.0000,0.0000,0.1273,0.1258,0.5077,0.5077,0.0000,0.0000,0.0000,-0.0012
1791179175.4352,0.0200,0.2365,0.0000,0.0000,0.0000,0.0000,0.0000,0.0000,0.1273,0.1258,0.5077,0.5062,0.0000,0.0000,0.0000,-0.0012
1791179175.4552,0.0200,0.2310,0.0000,0.0000,0.0000,0.0000,0.0000,0.0000,0.1273,0.1258,0.5077,0.5077,0.0000,0.0000,0.0000,-0.0012
1791179175.4752,0.0200,0.1658,0.0000,0.0000,0.0000,0.0000,0.0000,0.0000,0.1273,0.1258,0.5077,0.5077,0.0000,0.0000,0.0000,-0.0012
1791179175.4952,0.0200,0.2504,0.0000,0.0000,0.0000,0.0000,0.0000,0.0000,0.1273,0.1273,0.5077,0.5077,0.0000,0.0000,0.0000,-0.0012
1791179175.5152,0.0200,0.2123,0.0000,0.0000,0.0000,0.0000,0.0000,0.0000,0.1273,0.1258,0.5077,0.5077,0.0000,0.0000,0.0000,-0.0012
1791179175.5352,0.0200,0.2348,0.0000,0.0000,0.0000,0.0000,0.0000,0.0000,0.1273,0.1273,0.5077,0.5077,0.0000,0.0000,0.0000,-0.0012
1791179175.5552,0.0200,0.1687,0.0000,0.0000,0.0000,0.0000,0.0000,0.0000,0.1273,0.1258,0.5077,0.5077,0.0000,0.0000,0.0000,-0.0012
1791179175.5752,0.0200,0.2921,0.0000,0.0000,0.0000,0.0000,0.0000,0.0000,0.1273,0.1258,0.5077,0.5077,0.0000,0.0000,0.0000,-0.0012
1791179175.5952,0.0200,0.2237,0.0000,0.0000,0.0000,0.0000,0.0000,0.0000,0.1273,0.1273,0.5077,0.5077,0.0000,0.0000,0.0000,-0.0012
1791179175.6152,0.0200,0.2412,0.0000,0.0000,0.0000,0.0000,0.0000,0.0000,0.1273,0.1258,0.5077,0.5077,0.0000,0.0000,0.0000,-0.0012
1791179175.6352,0.0200,0.2026,0.0000,0.0000,0.0000,0.0000,0.0000,0.0000,0.1273,0.1258,0.5077,0.5077,0.0000,0.0000,0.0000,-0.0012
1791179175.6551,0.0200,0.2123,0.0000,0.0000,0.0000,0.0000,0.0000,0.0000,0.1273,0.1258,0.5077,0.5062,0.0000,0.0000,0.0000,-0.0012
1791179175.6752,0.0200,0.2354,0.0000,0.0000,0.0000,0.0000,0.0000,0.0000,0.1273,0.1258,0.5077,0.5077,0.0000,0.0000,0.0000,-0.0012
1791179175.6952,0.0200,0.2121,0.0000,0.0000,0.0000,0.0000,0.0000,0.0000,0.1273,0.1258,0.5077,0.5077,0.0000,0.0000,0.0000,-0.0014
1791179175.7152,0.0200,0.2564,0.0000,0.0000,0.0000,0.0000,0.0000,0.0000,0.1273,0.1273,0.5077,0.5062,0.0000,0.0000,0.0000,-0.0012
1791179175.7352,0.0200,0.2026,0.0000,0.0000,0.0000,0.0000,0.0000,0.0000,0.1273,0.1258,0.5077,0.5062,0.0000,0.0000,0.0000,-0.0012
1791179175.7551,0.0199,0.2331,0.0000,0.0000,0.0000,0.0000,0.0000,0.0000,0.1273,0.1258,0.5077,0.5077,0.0000,0.0000,0.0000,-0.0012
1791179175.7752,0.0200,0.2412,0.0000,0.0000,0.0000,0.0000,0.0000,0.0000,0.1273,0.1258,0.5077,0.5077,0.0000,0.0000,0.0000,-0.0012
1791179175.7952,0.0200,0.2421,0.0000,0.0000,0.0000,0.0000,0.0000,0.0000,0.1273,0.1273,0.5077,0.5077,0.0000,0.0000,0.0000,-0.0012
1791179175.8152,0.0200,0.2405,0.0000,0.0000,0.0000,0.0000,0.0000,0.0000,0.1273,0.1273,0.5077,0.5077,0.0000,0.0000,0.0000,-0.0012
1791179175.8352,0.0200,0.2458,0.0000,0.0000,0.0000,0.0000,0.0000,0.0000,0.1273,0.1258,0.5077,0.5077,0.0000,0.0000,0.0000,-0.0012
1791179175.8552,0.0200,0.2923,0.0000,0.0000,0.0000,0.0000,0.0000,0.0000,0.1273,0.1258,0.5077,0.5077,0.0000,0.0000,0.0000,-0.0012
1791179175.8752,0.0200,0.2431,0.0000,0.0000,0.0000,0.0000,0.0000,0.0000,0.1273,0.1258,0.5077,0.5077,0.0000,0.0000,0.0000,-0.0014
1791179175.8952,0.0200,0.2388,0.0000,0.0000,0.0000,0.0000,0.0000,0.0000,0.1273,0.1258,0.5077,0.5077,0.0000,0.0000,0.0000,-0.0012
1791179175.9152,0.0200,0.2471,0.0000,0.0000,0.0000,0.0000,0.0000,0.0000,0.1273,0.1258,0.5077,0.5077,0.0000,0.0000,0.0000,-0.0012
1791179175.9352,0.0200,0.2452,0.0000,0.0000,0.0000,0.0000,0.0000,0.0000,0.1273,0.1273,0.5077,0.5077,0.0000,0.0000,0.0000,-0.0012
1791179175.9552,0.0200,0.2393,0.0000,0.0000,0.0000,0.0000,0.0000,0.0000,0.1273,0.1273,0.5077,0.5062,0.0000,0.0000,0.0000,-0.0012
1791179175.9752,0.0200,0.2429,0.0000,0.0000,0.0000,0.0000,0.0000,0.0000,0.1273,0.1258,0.5077,0.5062,0.0000,0.0000,0.0000,-0.0012
1791179175.9951,0.0200,0.1849,0.0000,0.0000,0.0000,0.0000,0.0000,0.0000,0.1273,0.1273,0.5077,0.5077,0.0000,0.0000,0.0000,-0.0012
1791179176.0151,0.0200,0.2454,0.0000,0.0000,0.0000,0.0000,0.0000,0.0000,0.1273,0.1258,0.5077,0.5077,0.0000,0.0000,0.0000,-0.0012
1791179176.0351,0.0200,0.1629,0.0000,0.0000,0.0000,0.0000,0.0000,0.0000,0.1273,0.1258,0.5077,0.5077,0.0000,0.0000,0.0000,-0.0012
1791179176.0551,0.0200,0.2462,0.0000,0.0000,0.0000,0.0000,0.0000,0.0000,0.1273,0.1258,0.5077,0.5077,0.0000,0.0000,0.0000,-0.0012
1791179176.0751,0.0200,0.1951,0.0000,0.0000,0.0000,0.0000,0.0000,0.0000,0.1273,0.1258,0.5077,0.5077,0.0000,0.0000,0.0000,-0.0012
1791179176.0952,0.0200,0.2394,0.0000,0.0000,0.0000,0.0000,0.0000,0.0000,0.1273,0.1258,0.5077,0.5077,0.0000,0.0000,0.0000,-0.0012
1791179176.1151,0.0200,0.2104,0.0000,0.0000,0.0000,0.0000,0.0000,0.0000,0.1273,0.1273,0.5077,0.5062,0.0000,0.0000,0.0000,-0.0012
1791179176.1351,0.0200,0.2106,0.0000,0.0000,0.0000,0.0000,0.0000,0.0000,0.1273,0.1258,0.5077,0.5062,0.0000,0.0000,0.0000,-0.0012
1791179176.1552,0.0200,0.2764,0.0000,0.0000,0.0000,0.0000,0.0000,0.0000,0.1273,0.1258,0.5077,0.5077,0.0000,0.0000,0.0000,-0.0012
1791179176.1752,0.0200,0.2145,0.0000,0.0000,0.0000,0.0000,0.0000,0.0000,0.1273,0.1258,0.5077,0.5077,0.0000,0.0000,0.0000,-0.0012
1791179176.1952,0.0200,0.2373,0.0000,0.0000,0.0000,0.0000,0.0000,0.0000,0.1273,0.1258,0.5077,0.5077,0.0000,0.0000,0.0000,-0.0012
1791179176.2152,0.0200,0.2278,0.0000,0.0000,0.0000,0.0000,0.0000,0.0000,0.1273,0.1258,0.5077,0.5077,0.0000,0.0000,0.0000,-0.0012
1791179176.2352,0.0200,0.2281,0.0000,0.0000,0.0000,0.0000,0.0000,0.0000,0.1273,0.1258,0.5077,0.5077,0.0000,0.0000,0.0000,-0.0012
1791179176.2552,0.0200,0.2228,0.0000,0.0000,0.0000,0.0000,0.0000,0.0000,0.1273,0.1273,0.5077,0.5077,0.0000,0.0000,0.0000,-0.0012
1791179176.2752,0.0200,0.2269,0.0000,0.0000,0.0000,0.0000,0.0000,0.0000,0.1273,0.1258,0.5077,0.5077,0.0000,0.0000,0.0000,-0.0012
1791179176.2952,0.0200,0.1663,0.0000,0.0000,0.0000,0.0000,0.0000,0.0000,0.1273,0.1258,0.5077,0.5077,0.0000,0.0000,0.0000,-0.0012
1791179176.3152,0.0200,0.2439,0.0000,0.0000,0.0000,0.0000,0.0000,0.0000,0.1273,0.1273,0.5077,0.5077,0.0000,0.0000,0.0000,-0.0012
1791179176.3352,0.0200,0.2317,0.0000,0.0000,0.0000,0.0000,0.0000,0.0000,0.1273,0.1273,0.5077,0.5077,0.0000,0.0000,0.0000,-0.0012
1791179176.3552,0.0200,0.1786,0.0000,0.0000,0.0000,0.0000,0.0000,0.0000,0.1273,0.1258,0.5077,0.5077,0.0000,0.0000,0.0000,-0.0012
1791179176.3751,0.0200,0.1856,0.0000,0.0000,0.0000,0.0000,0.0000,0.0000,0.1273,0.1273,0.5077,0.5077,0.0000,0.0000,0.0000,-0.0012
1791179176.3952,0.0200,0.3548,0.0000,0.0000,0.0000,0.0000,0.0000,0.0000,0.1273,0.1258,0.5077,0.5077,0.0000,0.0000,0.0000,-0.0012
1791179176.4152,0.0200,0.1898,0.0000,0.0000,0.0000,0.0000,0.0000,0.0000,0.1273,0.1258,0.5077,0.5077,0.0000,0.0000,0.0000,-0.0012
1791179176.4351,0.0199,0.1881,0.0000,0.0000,0.0000,0.0000,0.0000,0.0000,0.1273,0.1258,0.5077,0.5077,0.0000,0.0000,0.0000,-0.0012
1791179176.4552,0.0200,0.2383,0.0000,0.0000,0.0000,0.0000,0.0000,0.0000,0.1273,0.1258,0.5077,0.5077,0.0000,0.0000,0.0000,-0.0012
1791179176.4752,0.0200,0.2075,0.0000,0.0000,0.0000,0.0000,0.0000,0.0000,0.1273,0.1258,0.5077,0.5077,0.0000,0.0000,0.0000,-0.0012
1791179176.4952,0.0200,0.2317,0.0000,0.0000,0.0000,0.0000,0.0000,0.0000,0.1273,0.1258,0.5077,0.5077,0.0000,0.0000,0.0000,-0.0012
1791179176.5152,0.0200,0.2045,0.0000,0.0000,0.0000,0.0000,0.0000,0.0000,0.1273,0.1258,0.5077,0.5077,0.0000,0.0000,0.0000,-0.0012
1791179176.5351,0.0200,0.2821,0.0000,0.0000,0.0000,0.0000,0.0000,0.0000,0.1273,0.1258,0.5077,0.5077,0.0000,0.0000,0.0000,-0.0012
1791179176.5552,0.0200,0.2359,0.0000,0.0000,0.0000,0.0000,0.0000,0.0000,0.1273,0.1258,0.5077,0.5077,0.0000,0.0000,0.0000,-0.0012
1791179176.5752,0.0200,0.2039,0.0000,0.0000,0.0000,0.0000,0.0000,0.0000,0.1273,0.1273,0.5077,0.5062,0.0000,0.0000,0.0000,-0.0012
1791179176.5952,0.0200,0.2426,0.0000,0.0000,0.0000,0.0000,0.0000,0.0000,0.1273,0.1273,0.5077,0.5077,0.0000,0.0000,0.0000,-0.0012
1791179176.6152,0.0200,0.2391,0.0000,0.0000,0.0000,0.0000,0.0000,0.0000,0.1273,0.1258,0.5077,0.5077,0.0000,0.0000,0.0000,-0.0012
1791179176.6352,0.0200,0.2390,0.0000,0.0000,0.0000,0.0000,0.0000,0.0000,0.1273,0.1258,0.5077,0.5077,0.0000,0.0000,0.0000,-0.0012
1791179176.6552,0.0200,0.2330,0.0000,0.0000,0.0000,0.0000,0.0000,0.0000,0.1273,0.1258,0.5077,0.5077,0.0000,0.0000,0.0000,-0.0012
1791179176.6752,0.0200,0.2334,0.0000,0.0000,0.0000,0.0000,0.0000,0.0000,0.1273,0.1258,0.5077,0.5077,0.0000,0.0000,0.0000,-0.0012
1791179176.6952,0.0200,0.2394,0.0000,0.0000,0.0000,0.0000,0.0000,0.0000,0.1273,0.1258,0.5077,0.5077,0.0000,0.0000,0.0000,-0.0012
1791179176.7152,0.0200,0.2346,0.0000,0.0000,0.0000,0.0000,0.0000,0.0000,0.1273,0.1258,0.5077,0.5077,0.0000,0.0000,0.0000,-0.0012
1791179176.7352,0.0200,0.3201,0.0000,0.0000,0.0000,0.0000,0.0000,0.0000,0.1273,0.1273,0.5077,0.5077,0.0000,0.0000,0.0000,-0.0012
1791179176.7552,0.0200,0.3287,0.0000,0.0000,0.0000,0.0000,0.0000,0.0000,0.1273,0.1258,0.5077,0.5077,0.0000,0.0000,0.0000,-0.0012
1791179176.7752,0.0200,0.2470,0.0000,0.0000,0.0000,0.0000,0.0000,0.0000,0.1273,0.1258,0.5077,0.5062,0.0000,0.0000,0.0000,-0.0012
1791179176.7952,0.0200,0.2574,0.0000,0.0000,0.0000,0.0000,0.0000,0.0000,0.1273,0.1258,0.5077,0.5077,0.0000,0.0000,0.0000,-0.0012
1791179176.8151,0.0199,0.2496,0.0000,0.0000,0.0000,0.0000,0.0000,0.0000,0.1273,0.1273,0.5077,0.5077,0.0000,0.0000,0.0000,-0.0012
1791179176.8352,0.0200,0.2566,0.0000,0.0000,0.0000,0.0000,0.0000,0.0000,0.1273,0.1273,0.5077,0.5077,0.0000,0.0000,0.0000,-0.0012
1791179176.8551,0.0200,0.2390,0.0000,0.0000,0.0000,0.0000,0.0000,0.0000,0.1273,0.1258,0.5077,0.5062,0.0000,0.0000,0.0000,-0.0012
1791179176.8752,0.0200,0.2377,0.0000,0.0000,0.0000,0.0000,0.0000,0.0000,0.1273,0.1258,0.5077,0.5077,0.0000,0.0000,0.0000,-0.0012
1791179176.8951,0.0200,0.1670,0.0000,0.0000,0.0000,0.0000,0.0000,0.0000,0.1273,0.1258,0.5077,0.5077,0.0000,0.0000,0.0000,-0.0012
1791179176.9151,0.0200,0.2422,0.0000,0.0000,0.0000,0.0000,0.0000,0.0000,0.1273,0.1273,0.5077,0.5077,0.0000,0.0000,0.0000,-0.0012
1791179176.9351,0.0200,0.1698,0.0000,0.0000,0.0000,0.0000,0.0000,0.0000,0.1273,0.1273,0.5077,0.5077,0.0000,0.0000,0.0000,-0.0012
1791179176.9552,0.0201,0.2405,0.0000,0.0000,0.0000,0.0000,0.0000,0.0000,0.1273,0.1258,0.5077,0.5077,0.0000,0.0000,0.0000,-0.0012
1791179176.9752,0.0200,0.2479,0.0000,0.0000,0.0000,0.0000,0.0000,0.0000,0.1273,0.1273,0.5077,0.5077,0.0000,0.0000,0.0000,-0.0012
1791179176.9952,0.0200,0.1843,0.0000,0.0000,0.0000,0.0000,0.0000,0.0000,0.1273,0.1273,0.5077,0.5077,0.0000,0.0000,0.0000,-0.0012
1791179177.0152,0.0200,0.2381,0.0000,0.0000,0.0000,0.0000,0.0000,0.0000,0.1273,0.1273,0.5077,0.5077,0.0000,0.0000,0.0000,-0.0012
1791179177.0352,0.0200,0.2540,0.0000,0.0000,0.0000,0.0000,0.0000,0.0000,0.1273,0.1258,0.5077,0.5077,0.0000,0.0000,0.0000,-0.0012
1791179177.0552,0.0200,0.2322,0.0000,0.0000,0.0000,0.0000,0.0000,0.0000,0.1273,0.1258,0.5077,0.5077,0.0000,0.0000,0.0000,-0.0012
1791179177.0752,0.0200,0.2876,0.0000,0.0000,0.0000,0.0000,0.0000,0.0000,0.1273,0.1273,0.5077,0.5077,0.0000,0.0000,0.0000,-0.0014
1791179177.0952,0.0200,0.2390,0.0000,0.0000,0.0000,0.0000,0.0000,0.0000,0.1273,0.1258,0.5077,0.5077,0.0000,0.0000,0.0000,-0.0012
1791179177.1152,0.0200,0.2402,0.0000,0.0000,0.0000,0.0000,0.0000,0.0000,0.1273,0.1258,0.5077,0.5077,0.0000,0.0000,0.0000,-0.0012
1791179177.1352,0.0200,0.2321,0.0000,0.0000,0.0000,0.0000,0.0000,0.0000,0.1273,0.1258,0.5077,0.5077,0.0000,0.0000,0.0000,-0.0012
1791179177.1552,0.0200,0.1660,0.0000,0.0000,0.0000,0.0000,0.0000,0.0000,0.1273,0.1258,0.5077,0.5077,0.0000,0.0000,0.0000,-0.0012
1791179177.1752,0.0200,0.2411,0.0000,0.0000,0.0000,0.0000,0.0000,0.0000,0.1273,0.1258,0.5077,0.5077,0.0000,0.0000,0.0000,-0.0012
1791179177.1952,0.0200,0.2303,0.0000,0.0000,0.0000,0.0000,0.0000,0.0000,0.1273,0.1258,0.5077,0.5077,0.0000,0.0000,0.0000,-0.0012
1791179177.2152,0.0200,0.1666,0.0000,0.0000,0.0000,0.0000,0.0000,0.0000,0.1273,0.1258,0.5077,0.5077,0.0000,0.0000,0.0000,-0.0012
1791179177.2351,0.0200,0.1793,0.0000,0.0000,0.0000,0.0000,0.0000,0.0000,0.1273,0.1273,0.5077,0.5077,0.0000,0.0000,0.0000,-0.0012
1791179177.2552,0.0200,0.2361,0.0000,0.0000,0.0000,0.0000,0.0000,0.0000,0.1273,0.1258,0.5077,0.5077,0.0000,0.0000,0.0000,-0.0012
1791179177.2752,0.0200,0.2044,0.0000,0.0000,0.0000,0.0000,0.0000,0.0000,0.1273,0.1258,0.5077,0.5062,0.0000,0.0000,0.0000,-0.0012
1791179177.2952,0.0200,0.2331,0.0000,0.0000,0.0000,0.0000,0.0000,0.0000,0.1273,0.1258,0.5077,0.5077,0.0000,0.0000,0.0000,-0.0012
1791179177.3152,0.0200,0.2216,0.0000,0.0000,0.0000,0.0000,0.0000,0.0000,0.1273,0.1273,0.5077,0.5077,0.0000,0.0000,0.0000,-0.0012
1791179177.3352,0.0200,0.1932,0.0000,0.0000,0.0000,0.0000,0.0000,0.0000,0.1273,0.1258,0.5077,0.5077,0.0000,0.0000,0.0000,-0.0012
1791179177.3552,0.0200,0.2332,0.0000,0.0000,0.0000,0.0000,0.0000,0.0000,0.1273,0.1258,0.5077,0.5077,0.0000,0.0000,0.0000,-0.0012
1791179177.3752,0.0200,0.2314,0.0000,0.0000,0.0000,0.0000,0.0000,0.0000,0.1273,0.1258,0.5077,0.5077,0.0000,0.0000,0.0000,-0.0012
1791179177.3951,0.0200,0.2020,0.0000,0.0000,0.0000,0.0000,0.0000,0.0000,0.1273,0.1258,0.5077,0.5077,0.0000,0.0000,0.0000,-0.0014
1791179177.4152,0.0200,0.2308,0.0000,0.0000,0.0000,0.0000,0.0000,0.0000,0.1273,0.1258,0.5077,0.5077,0.0000,0.0000,0.0000,-0.0012
1791179177.4352,0.0200,0.1951,0.0000,0.0000,0.0000,0.0000,0.0000,0.0000,0.1273,0.1258,0.5077,0.5062,0.0000,0.0000,0.0000,-0.0012
1791179177.4551,0.0200,0.2852,0.0000,0.0000,0.0000,0.0000,0.0000,0.0000,0.1273,0.1273,0.5077,0.5077,0.0000,0.0000,0.0000,-0.0012
1791179177.4752,0.0200,0.2172,0.0000,0.0000,0.0000,0.0000,0.0000,0.0000,0.1273,0.1273,0.5077,0.5077,0.0000,0.0000,0.0000,-0.0012
1791179177.4952,0.0200,0.2367,0.0000,0.0000,0.0000,0.0000,0.0000,0.0000,0.1273,0.1258,0.5077,0.5077,0.0000,0.0000,0.0000,-0.0012
1791179177.5152,0.0200,0.2000,0.0000,0.0000,0.0000,0.0000,0.0000,0.0000,0.1273,0.1258,0.5077,0.5077,0.0000,0.0000,0.0000,-0.0012
1791179177.5352,0.0200,0.2424,0.0000,0.0000,0.0000,0.0000,0.0000,0.0000,0.1273,0.1273,0.5077,0.5077,0.0000,0.0000,0.0000,-0.0012
1791179177.5552,0.0200,0.2522,0.0000,0.0000,0.0000,0.0000,0.0000,0.0000,0.1273,0.1258,0.5077,0.5077,0.0000,0.0000,0.0000,-0.0014
1791179177.5752,0.0200,0.2409,0.0000,0.0000,0.0000,0.0000,0.0000,0.0000,0.1273,0.1258,0.5077,0.5077,0.0000,0.0000,0.0000,-0.0011
1791179177.5952,0.0200,0.2865,0.0000,0.0000,0.0000,0.0000,0.0000,0.0000,0.1273,0.1258,0.5077,0.5077,0.0000,0.0000,0.0000,-0.0012
1791179177.6152,0.0200,0.2430,0.0000,0.0000,0.0000,0.0000,0.0000,0.0000,0.1273,0.1258,0.5077,0.5077,0.0000,0.0000,0.0000,-0.0012
1791179177.6352,0.0200,0.2342,0.0000,0.0000,0.0000,0.0000,0.0000,0.0000,0.1273,0.1273,0.5077,0.5077,0.0000,0.0000,0.0000,-0.0012
1791179177.6552,0.0200,0.2123,0.0000,0.0000,0.0000,0.0000,0.0000,0.0000,0.1273,0.1258,0.5077,0.5077,0.0000,0.0000,0.0000,-0.0012
1791179177.6752,0.0200,0.2506,0.0000,0.0000,0.0000,0.0000,0.0000,0.0000,0.1273,0.1258,0.5077,0.5077,0.0000,0.0000,0.0000,-0.0012
1791179177.6951,0.0200,0.1844,0.0000,0.0000,0.0000,0.0000,0.0000,0.0000,0.1273,0.1273,0.5077,0.5077,0.0000,0.0000,0.0000,-0.0012
1791179177.7151,0.0200,0.2087,0.0000,0.0000,0.0000,0.0000,0.0000,0.0000,0.1273,0.1258,0.5077,0.5077,0.0000,0.0000,0.0000,-0.0012
1791179177.7351,0.0200,0.2036,0.0000,0.0000,0.0000,0.0000,0.0000,0.0000,0.1273,0.1273,0.5077,0.5077,0.0000,0.0000,0.0000,-0.0012
1791179177.7551,0.0200,0.2223,0.0000,0.0000,0.0000,0.0000,0.0000,0.0000,0.1273,0.1258,0.5077,0.5077,0.0000,0.0000,0.0000,-0.0012
1791179177.7751,0.0200,0.1923,0.0000,0.0000,0.0000,0.0000,0.0000,0.0000,0.1273,0.1258,0.5077,0.5077,0.0000,0.0000,0.0000,-0.0012
1791179177.7951,0.0200,0.2149,0.0000,0.0000,0.0000,0.0000,0.0000,0.0000,0.1273,0.1258,0.5077,0.5077,0.0000,0.0000,0.0000,-0.0012
1791179177.8151,0.0200,0.2127,0.0000,0.0000,0.0000,0.0000,0.0000,0.0000,0.1273,0.1258,0.5077,0.5077,0.0000,0.0000,0.0000,-0.0012
1791179177.8351,0.0200,0.2122,0.0000,0.0000,0.0000,0.0000,0.0000,0.0000,0.1273,0.1273,0.5077,0.5077,0.0000,0.0000,0.0000,-0.0011
1791179177.8552,0.0200,0.2419,0.0000,0.0000,0.0000,0.0000,0.0000,0.0000,0.1273,0.1273,0.5077,0.5077,0.0000,0.0000,0.0000,-0.0012
1791179177.8752,0.0200,0.3162,0.0000,0.0000,0.0000,0.0000,0.0000,0.0000,0.1273,0.1258,0.5077,0.5062,0.0000,0.0000,0.0000,-0.0012
1791179177.8952,0.0200,0.2401,0.0000,0.0000,0.0000,0.0000,0.0000,0.0000,0.1273,0.1258,0.5077,0.5077,0.0000,0.0000,0.0000,-0.0012
1791179177.9152,0.0200,0.2941,0.0000,0.0000,0.0000,0.0000,0.0000,0.0000,0.1273,0.1273,0.5077,0.5077,0.0000,0.0000,0.0000,-0.0012
1791179177.9352,0.0200,0.2493,0.0000,0.0000,0.0000,0.0000,0.0000,0.0000,0.1273,0.1258,0.5077,0.5062,0.0000,0.0000,0.0000,-0.0012
1791179177.9552,0.0200,0.2150,0.0000,0.0000,0.0000,0.0000,0.0000,0.0000,0.1273,0.1258,0.5077,0.5077,0.0000,0.0000,0.0000,-0.0011
1791179177.9752,0.0201,0.2411,0.0000,0.0000,0.0000,0.0000,0.0000,0.0000,0.1273,0.1258,0.5077,0.5077,0.0000,0.0000,0.0000,-0.0012
1791179177.9952,0.0200,0.2127,0.0000,0.0000,0.0000,0.0000,0.0000,0.0000,0.1273,0.1258,0.5077,0.5077,0.0000,0.0000,0.0000,-0.0012
1791179178.0151,0.0200,0.2202,0.0000,0.0000,0.0000,0.0000,0.0000,0.0000,0.1273,0.1273,0.5077,0.5062,0.0000,0.0000,0.0000,-0.0012
1791179178.0352,0.0200,0.2390,0.0000,0.0000,0.0000,0.0000,0.0000,0.0000,0.1273,0.1273,0.5077,0.5077,0.0000,0.0000,0.0000,-0.0012
1791179178.0551,0.0199,0.1597,0.0000,0.0000,0.0000,0.0000,0.0000,0.0000,0.1273,0.1273,0.5077,0.5077,0.0000,0.0000,0.0000,-0.0012
1791179178.0752,0.0200,0.3487,0.0000,0.0000,0.0000,0.0000,0.0000,0.0000,0.1273,0.1258,0.5077,0.5077,0.0000,0.0000,0.0000,-0.0012
1791179178.0952,0.0200,0.1951,0.0000,0.0000,0.0000,0.0000,0.0000,0.0000,0.1273,0.1258,0.5077,0.5077,0.0000,0.0000,0.0000,-0.0012
1791179178.1151,0.0200,0.2962,0.0000,0.0000,0.0000,0.0000,0.0000,0.0000,0.1273,0.1258,0.5077,0.5062,0.0000,0.0000,0.0000,-0.0012
1791179178.1352,0.0200,0.2249,0.0000,0.0000,0.0000,0.0000,0.0000,0.0000,0.1273,0.1273,0.5077,0.5077,0.0000,0.0000,0.0000,-0.0012
1791179178.1552,0.0200,0.2374,0.0000,0.0000,0.0000,0.0000,0.0000,0.0000,0.1273,0.1258,0.5077,0.5077,0.0000,0.0000,0.0000,-0.0012
1791179178.1752,0.0200,0.1822,0.0000,0.0000,0.0000,0.0000,0.0000,0.0000,0.1273,0.1258,0.5077,0.5077,0.0000,0.0000,0.0000,-0.0012
1791179178.1951,0.0200,0.1856,0.0000,0.0000,0.0000,0.0000,0.0000,0.0000,0.1273,0.1258,0.5077,0.5077,0.0000,0.0000,0.0000,-0.0012
1791179178.2151,0.0200,0.2167,0.0000,0.0000,0.0000,0.0000,0.0000,0.0000,0.1273,0.1258,0.5077,0.5062,0.0000,0.0000,0.0000,-0.0012
1791179178.2352,0.0200,0.2358,0.0000,0.0000,0.0000,0.0000,0.0000,0.0000,0.1273,0.1258,0.5077,0.5077,0.0000,0.0000,0.0000,-0.0012
1791179178.2551,0.0200,0.2127,0.0000,0.0000,0.0000,0.0000,0.0000,0.0000,0.1273,0.1258,0.5077,0.5077,0.0000,0.0000,0.0000,-0.0012
1791179178.2752,0.0200,0.2081,0.0000,0.0000,0.0000,0.0000,0.0000,0.0000,0.1273,0.1273,0.5077,0.5062,0.0000,0.0000,0.0000,-0.0012
1791179178.2951,0.0200,0.2136,0.0000,0.0000,0.0000,0.0000,0.0000,0.0000,0.1273,0.1258,0.5077,0.5062,0.0000,0.0000,0.0000,-0.0012
1791179178.3152,0.0200,0.2377,0.0000,0.0000,0.0000,0.0000,0.0000,0.0000,0.1273,0.1258,0.5077,0.5062,0.0000,0.0000,0.0000,-0.0012
1791179178.3352,0.0200,0.2055,0.0000,0.0000,0.0000,0.0000,0.0000,0.0000,0.1273,0.1258,0.5077,0.5077,0.0000,0.0000,0.0000,-0.0012
1791179178.3551,0.0200,0.2177,0.0000,0.0000,0.0000,0.0000,0.0000,0.0000,0.1273,0.1273,0.5077,0.5077,0.0000,0.0000,0.0000,-0.0012
1791179178.3752,0.0200,0.2503,0.0000,0.0000,0.0000,0.0000,0.0000,0.0000,0.1273,0.1273,0.5077,0.5077,0.0000,0.0000,0.0000,-0.0012
1791179178.3952,0.0200,0.2354,0.0000,0.0000,0.0000,0.0000,0.0000,0.0000,0.1273,0.1258,0.5077,0.5077,0.0000,0.0000,0.0000,-0.0012
1791179178.4152,0.0200,0.3175,0.0000,0.0000,0.0000,0.0000,0.0000,0.0000,0.1273,0.1258,0.5077,0.5062,0.0000,0.0000,0.0000,-0.0012
1791179178.4352,0.0200,0.2421,0.0000,0.0000,0.0000,0.0000,0.0000,0.0000,0.1273,0.1258,0.5077,0.5077,0.0000,0.0000,0.0000,-0.0012
1791179178.4552,0.0200,0.2315,0.0000,0.0000,0.0000,0.0000,0.0000,0.0000,0.1273,0.1258,0.5077,0.5077,0.0000,0.0000,0.0000,-0.0012
1791179178.4752,0.0200,0.2306,0.0000,0.0000,0.0000,0.0000,0.0000,0.0000,0.1273,0.1258,0.5077,0.5077,0.0000,0.0000,0.0000,-0.0012
1791179178.4952,0.0200,0.2329,0.0000,0.0000,0.0000,0.0000,0.0000,0.0000,0.1273,0.1258,0.5077,0.5077,0.0000,0.0000,0.0000,-0.0012
1791179178.5152,0.0200,0.2050,0.0000,0.0000,0.0000,0.0000,0.0000,0.0000,0.1273,0.1258,0.5077,0.5077,0.0000,0.0000,0.0000,-0.0012
1791179178.5352,0.0200,0.2343,0.0000,0.0000,0.0000,0.0000,0.0000,0.0000,0.1273,0.1258,0.5077,0.5077,0.0000,0.0000,0.0000,-0.0012
1791179178.5552,0.0200,0.2334,0.0000,0.0000,0.0000,0.0000,0.0000,0.0000,0.1273,0.1273,0.5077,0.5077,0.0000,0.0000,0.0000,-0.0012
1791179178.5751,0.0200,0.1877,0.0000,0.0000,0.0000,0.0000,0.0000,0.0000,0.1273,0.1258,0.5077,0.5077,0.0000,0.0000,0.0000,-0.0012
1791179178.5952,0.0200,0.2464,0.0000,0.0000,0.0000,0.0000,0.0000,0.0000,0.1273,0.1258,0.5077,0.5077,0.0000,0.0000,0.0000,-0.0012
1791179178.6151,0.0200,0.1648,0.0000,0.0000,0.0000,0.0000,0.0000,0.0000,0.1273,0.1258,0.5077,0.5077,0.0000,0.0000,0.0000,-0.0012
1791179178.6352,0.0200,0.2212,0.0000,0.0000,0.0000,0.0000,0.0000,0.0000,0.1273,0.1258,0.5077,0.5077,0.0000,0.0000,0.0000,-0.0014
1791179178.6551,0.0200,0.2238,0.0000,0.0000,0.0000,0.0000,0.0000,0.0000,0.1273,0.1258,0.5077,0.5077,0.0000,0.0000,0.0000,-0.0012
1791179178.6751,0.0200,0.1674,0.0000,0.0000,0.0000,0.0000,0.0000,0.0000,0.1273,0.1273,0.5077,0.5077,0.0000,0.0000,0.0000,-0.0014
1791179178.6952,0.0200,0.2290,0.0000,0.0000,0.0000,0.0000,0.0000,0.0000,0.1273,0.1258,0.5077,0.5077,0.0000,0.0000,0.0000,-0.0012
1791179178.7151,0.0200,0.1675,0.0000,0.0000,0.0000,0.0000,0.0000,0.0000,0.1273,0.1258,0.5077,0.5077,0.0000,0.0000,0.0000,-0.0012
1791179178.7352,0.0200,0.2238,0.0000,0.0000,0.0000,0.0000,0.0000,0.0000,0.1273,0.1273,0.5077,0.5077,0.0000,0.0000,0.0000,-0.0012
1791179178.7552,0.0200,0.2035,0.0000,0.0000,0.0000,0.0000,0.0000,0.0000,0.1273,0.1258,0.5077,0.5077,0.0000,0.0000,0.0000,-0.0011
1791179178.7752,0.0200,0.2178,0.0000,0.0000,0.0000,0.0000,0.0000,0.0000,0.1273,0.1273,0.5077,0.5077,0.0000,0.0000,0.0000,-0.0012
1791179178.7952,0.0200,0.2110,0.0000,0.0000,0.0000,0.0000,0.0000,0.0000,0.1273,0.1273,0.5077,0.5077,0.0000,0.0000,0.0000,-0.0012
1791179178.8151,0.0200,0.2170,0.0000,0.0000,0.0000,0.0000,0.0000,0.0000,0.1273,0.1258,0.5077,0.5077,0.0000,0.0000,0.0000,-0.0012
1791179178.8351,0.0200,0.2173,0.0000,0.0000,0.0000,0.0000,0.0000,0.0000,0.1273,0.1258,0.5077,0.5077,0.0000,0.0000,0.0000,-0.0012
1791179178.8552,0.0200,0.2051,0.0000,0.0000,0.0000,0.0000,0.0000,0.0000,0.1273,0.1258,0.5077,0.5077,0.0000,0.0000,0.0000,-0.0012
1791179178.8751,0.0200,0.2806,0.0000,0.0000,0.0000,0.0000,0.0000,0.0000,0.1273,0.1258,0.5077,0.5077,0.0000,0.0000,0.0000,-0.0012
1791179178.8952,0.0200,0.2388,0.0000,0.0000,0.0000,0.0000,0.0000,0.0000,0.1273,0.1258,0.5077,0.5077,0.0000,0.0000,0.0000,-0.0011
1791179178.9152,0.0200,0.2289,0.0000,0.0000,0.0000,0.0000,0.0000,0.0000,0.1273,0.1273,0.5077,0.5077,0.0000,0.0000,0.0000,-0.0012
1791179178.9352,0.0200,0.2368,0.0000,0.0000,0.0000,0.0000,0.0000,0.0000,0.1273,0.1258,0.5077,0.5077,0.0000,0.0000,0.0000,-0.0011
1791179178.9552,0.0200,0.1694,0.0000,0.0000,0.0000,0.0000,0.0000,0.0000,0.1273,0.1273,0.5077,0.5062,0.0000,0.0000,0.0000,-0.0012
1791179178.9752,0.0200,0.2459,0.0000,0.0000,0.0000,0.0000,0.0000,0.0000,0.1273,0.1258,0.5077,0.5077,0.0000,0.0000,0.0000,-0.0012
1791179178.9952,0.0200,0.2094,0.0000,0.0000,0.0000,0.0000,0.0000,0.0000,0.1273,0.1258,0.5077,0.5077,0.0000,0.0000,0.0000,-0.0012
1791179179.0152,0.0200,0.2327,0.0000,0.0000,0.0000,0.0000,0.0000,0.0000,0.1273,0.1258,0.5077,0.5077,0.0000,0.0000,0.0000,-0.0012
1791179179.0352,0.0200,0.1802,0.0000,0.0000,0.0000,0.0000,0.0000,0.0000,0.1273,0.1258,0.5077,0.5077,0.0000,0.0000,0.0000,-0.0012
1791179179.0551,0.0200,0.1840,0.0000,0.0000,0.0000,0.0000,0.0000,0.0000,0.1273,0.1258,0.5077,0.5077,0.0000,0.0000,0.0000,-0.0012
1791179179.0752,0.0200,0.2436,0.0000,0.0000,0.0000,0.0000,0.0000,0.0000,0.1273,0.1258,0.5077,0.5077,0.0000,0.0000,0.0000,-0.0012
1791179179.0952,0.0200,0.2348,0.0000,0.0000,0.0000,0.0000,0.0000,0.0000,0.1273,0.1258,0.5077,0.5077,0.0000,0.0000,0.0000,-0.0012
1791179179.1152,0.0200,0.3264,0.0000,0.0000,0.0000,0.0000,0.0000,0.0000,0.1273,0.1273,0.5077,0.5077,0.0000,0.0000,0.0000,-0.0014
1791179179.1352,0.0200,0.2119,0.0000,0.0000,0.0000,0.0000,0.0000,0.0000,0.1273,0.1258,0.5077,0.5077,0.0000,0.0000,0.0000,-0.0012
1791179179.1552,0.0200,0.3322,0.0000,0.0000,0.0000,0.0000,0.0000,0.0000,0.1273,0.1258,0.5077,0.5077,0.0000,0.0000,0.0000,-0.0011
1791179179.1752,0.0200,0.2516,0.0000,0.0000,0.0000,0.0000,0.0000,0.0000,0.1273,0.1258,0.5077,0.5077,0.0000,0.0000,0.0000,-0.0012
1791179179.1952,0.0200,0.1812,0.0000,0.0000,0.0000,0.0000,0.0000,0.0000,0.1273,0.1258,0.5077,0.5077,0.0000,0.0000,0.0000,-0.0012
1791179179.2152,0.0200,0.2038,0.0000,0.0000,0.0000,0.0000,0.0000,0.0000,0.1273,0.1258,0.5077,0.5077,0.0000,0.0000,0.0000,-0.0012
1791179179.2352,0.0200,0.2315,0.0000,0.0000,0.0000,0.0000,0.0000,0.0000,0.1273,0.1273,0.5077,0.5077,0.0000,0.0000,0.0000,-0.0012
1791179179.2552,0.0200,0.2476,0.0000,0.0000,0.0000,0.0000,0.0000,0.0000,0.1273,0.1273,0.5077,0.5077,0.0000,0.0000,0.0000,-0.0012
1791179179.2752,0.0200,0.2411,0.0000,0.0000,0.0000,0.0000,0.0000,0.0000,0.1273,0.1258,0.5077,0.5062,0.0000,0.0000,0.0000,-0.0012
1791179179.2952,0.0200,0.2389,0.0000,0.0000,0.0000,0.0000,0.0000,0.0000,0.1273,0.1258,0.5077,0.5077,0.0000,0.0000,0.0000,-0.0012
1791179179.3152,0.0200,0.3356,0.0000,0.0000,0.0000,0.0000,0.0000,0.0000,0.1273,0.1273,0.5077,0.5077,0.0000,0.0000,0.0000,-0.0012
1791179179.3352,0.0200,0.2141,0.0000,0.0000,0.0000,0.0000,0.0000,0.0000,0.1273,0.1273,0.5077,0.5077,0.0000,0.0000,0.0000,-0.0012
1791179179.3552,0.0200,0.2417,0.0000,0.0000,0.0000,0.0000,0.0000,0.0000,0.1273,0.1258,0.5077,0.5077,0.0000,0.0000,0.0000,-0.0012
1791179179.3752,0.0200,0.2369,0.0000,0.0000,0.0000,0.0000,0.0000,0.0000,0.1273,0.1273,0.5077,0.5077,0.0000,0.0000,0.0000,-0.0012
1791179179.3952,0.0200,0.2399,0.0000,0.0000,0.0000,0.0000,0.0000,0.0000,0.1273,0.1273,0.5077,0.5077,0.0000,0.0000,0.0000,-0.0012
1791179179.4152,0.0200,0.2502,0.0000,0.0000,0.0000,0.0000,0.0000,0.0000,0.1273,0.1258,0.5077,0.5077,0.0000,0.0000,0.0000,-0.0012
1791179179.4352,0.0200,0.2469,0.0000,0.0000,0.0000,0.0000,0.0000,0.0000,0.1273,0.1258,0.5077,0.5077,0.0000,0.0000,0.0000,-0.0012
1791179179.4552,0.0200,0.2359,0.0000,0.0000,0.0000,0.0000,0.0000,0.0000,0.1273,0.1258,0.5077,0.5077,0.0000,0.0000,0.0000,-0.0012
1791179179.4751,0.0200,0.1845,0.0000,0.0000,0.0000,0.0000,0.0000,0.0000,0.1273,0.1258,0.5077,0.5077,0.0000,0.0000,0.0000,-0.0012
1791179179.4951,0.0200,0.1869,0.0000,0.0000,0.0000,0.0000,0.0000,0.0000,0.1273,0.1258,0.5077,0.5077,0.0000,0.0000,0.0000,-0.0012
1791179179.5151,0.0200,0.1855,0.0000,0.0000,0.0000,0.0000,0.0000,0.0000,0.1273,0.1258,0.5077,0.5062,0.0000,0.0000,0.0000,-0.0012
1791179179.5351,0.0200,0.2018,0.0000,0.0000,0.0000,0.0000,0.0000,0.0000,0.1273,0.1273,0.5077,0.5077,0.0000,0.0000,0.0000,-0.0012
1791179179.5551,0.0200,0.1869,0.0000,0.0000,0.0000,0.0000,0.0000,0.0000,0.1273,0.1258,0.5077,0.5062,0.0000,0.0000,0.0000,-0.0012
1791179179.5751,0.0200,0.2363,0.0000,0.0000,0.0000,0.0000,0.0000,0.0000,0.1273,0.1273,0.5077,0.5062,0.0000,0.0000,0.0000,-0.0012
1791179179.5952,0.0200,0.2705,0.0000,0.0000,0.0000,0.0000,0.0000,0.0000,0.1273,0.1258,0.5077,0.5077,0.0000,0.0000,0.0000,-0.0012
1791179179.6151,0.0200,0.1715,0.0000,0.0000,0.0000,0.0000,0.0000,0.0000,0.1273,0.1273,0.5077,0.5077,0.0000,0.0000,0.0000,-0.0012
1791179179.6351,0.0200,0.2453,0.0000,0.0000,0.0000,0.0000,0.0000,0.0000,0.1273,0.1258,0.5077,0.5077,0.0000,0.0000,0.0000,-0.0012
1791179179.6552,0.0200,0.1832,0.0000,0.0000,0.0000,0.0000,0.0000,0.0000,0.1273,0.1258,0.5077,0.5062,0.0000,0.0000,0.0000,-0.0012
1791179179.6752,0.0200,0.2420,0.0000,0.0000,0.0000,0.0000,0.0000,0.0000,0.1273,0.1258,0.5077,0.5077,0.0000,0.0000,0.0000,-0.0012
1791179179.6952,0.0200,0.2248,0.0000,0.0000,0.0000,0.0000,0.0000,0.0000,0.1273,0.1258,0.5077,0.5077,0.0000,0.0000,0.0000,-0.0012
1791179179.7152,0.0200,0.2231,0.0000,0.0000,0.0000,0.0000,0.0000,0.0000,0.1273,0.1258,0.5077,0.5077,0.0000,0.0000,0.0000,-0.0012
1791179179.7352,0.0200,0.2796,0.0000,0.0000,0.0000,0.0000,0.0000,0.0000,0.1273,0.1258,0.5077,0.5077,0.0000,0.0000,0.0000,-0.0012
1791179179.7552,0.0200,0.1629,0.0000,0.0000,0.0000,0.0000,0.0000,0.0000,0.1273,0.1273,0.5077,0.5077,0.0000,0.0000,0.0000,-0.0012
1791179179.7752,0.0200,0.2361,0.0000,0.0000,0.0000,0.0000,0.0000,0.0000,0.1273,0.1273,0.5077,0.5077,0.0000,0.0000,0.0000,-0.0012
1791179179.7952,0.0200,0.2389,0.0000,0.0000,0.0000,0.0000,0.0000,0.0000,0.1273,0.1258,0.5077,0.5077,0.0000,0.0000,0.0000,-0.0012
1791179179.8152,0.0200,0.2125,0.0000,0.0000,0.0000,0.0000,0.0000,0.0000,0.1273,0.1258,0.5077,0.5062,0.0000,0.0000,0.0000,-0.0012
1791179179.8352,0.0200,0.2362,0.0000,0.0000,0.0000,0.0000,0.0000,0.0000,0.1273,0.1273,0.5077,0.5077,0.0000,0.0000,0.0000,-0.0012
1791179179.8552,0.0200,0.1777,0.0000,0.0000,0.0000,0.0000,0.0000,0.0000,0.1273,0.1273,0.5077,0.5077,0.0000,0.0000,0.0000,-0.0012
1791179179.8751,0.0200,0.1819,0.0000,0.0000,0.0000,0.0000,0.0000,0.0000,0.1273,0.1258,0.5077,0.5077,0.0000,0.0000,0.0000,-0.0012
1791179179.8952,0.0200,0.3309,0.0000,0.0000,0.0000,0.0000,0.0000,0.0000,0.1273,0.1258,0.5077,0.5077,0.0000,0.0000,0.0000,-0.0012
1791179179.9152,0.0200,0.2659,0.0000,0.0000,0.0000,0.0000,0.0000,0.0000,0.1273,0.1258,0.5077,0.5077,0.0000,0.0000,0.0000,-0.0012
1791179179.9352,0.0200,0.2574,0.0000,0.0000,0.0000,0.0000,0.0000,0.0000,0.1273,0.1258,0.5077,0.5077,0.0000,0.0000,0.0000,-0.0012
1791179179.9551,0.0199,0.1778,0.0000,0.0000,0.0000,0.0000,0.0000,0.0000,0.1273,0.1258,0.5077,0.5077,0.0000,0.0000,0.0000,-0.0012
1791179179.9752,0.0200,0.2341,0.0000,0.0000,0.0000,0.0000,0.0000,0.0000,0.1273,0.1258,0.5077,0.5077,0.0000,0.0000,0.0000,-0.0012
1791179179.9952,0.0200,0.1758,0.0000,0.0000,0.0000,0.0000,0.0000,0.0000,0.1273,0.1258,0.5077,0.5077,0.0000,0.0000,0.0000,-0.0012
1791179180.0151,0.0200,0.2191,0.0000,0.0000,0.0000,0.0000,0.0000,0.0000,0.1273,0.1273,0.5077,0.5077,0.0000,0.0000,0.0000,-0.0012
1791179180.0352,0.0200,0.2352,0.0000,0.0000,0.0000,0.0000,0.0000,0.0000,0.1273,0.1258,0.5077,0.5077,0.0000,0.0000,0.0000,-0.0012
1791179180.0552,0.0200,0.2016,0.0000,0.0000,0.0000,0.0000,0.0000,0.0000,0.1273,0.1258,0.5077,0.5077,0.0000,0.0000,0.0000,-0.0012
1791179180.0751,0.0199,0.2259,0.0000,0.0000,0.0000,0.0000,0.0000,0.0000,0.1273,0.1258,0.5077,0.5077,0.0000,0.0000,0.0000,-0.0012
1791179180.0952,0.0200,0.2343,0.0000,0.0000,0.0000,0.0000,0.0000,0.0000,0.1273,0.1258,0.5077,0.5062,0.0000,0.0000,0.0000,-0.0012
1791179180.1152,0.0200,0.2479,0.0000,0.0000,0.0000,0.0000,0.0000,0.0000,0.1273,0.1258,0.5077,0.5077,0.0000,0.0000,0.0000,-0.0012
1791179180.1352,0.0200,0.2369,0.0000,0.0000,0.0000,0.0000,0.0000,0.0000,0.1273,0.1258,0.5077,0.5062,0.0000,0.0000,0.0000,-0.0012
1791179180.1552,0.0200,0.3255,0.0000,0.0000,0.0000,0.0000,0.0000,0.0000,0.1273,0.1273,0.5077,0.5062,0.0000,0.0000,0.0000,-0.0012
1791179180.1753,0.0201,0.2053,0.0000,0.0000,0.0000,0.0000,0.0000,0.0000,0.1273,0.1258,0.5077,0.5077,0.0000,0.0000,0.0000,-0.0012
1791179180.1952,0.0199,0.2358,0.0000,0.0000,0.0000,0.0000,0.0000,0.0000,0.1273,0.1258,0.5077,0.5077,0.0000,0.0000,0.0000,-0.0012
1791179180.2152,0.0200,0.2373,0.0000,0.0000,0.0000,0.0000,0.0000,0.0000,0.1273,0.1258,0.5077,0.5077,0.0000,0.0000,0.0000,-0.0012
1791179180.2352,0.0200,0.2298,0.0000,0.0000,0.0000,0.0000,0.0000,0.0000,0.1273,0.1258,0.5077,0.5077,0.0000,0.0000,0.0000,-0.0012
1791179180.2552,0.0200,0.2397,0.0000,0.0000,0.0000,0.0000,0.0000,0.0000,0.1273,0.1258,0.5077,0.5077,0.0000,0.0000,0.0000,-0.0012
1791179180.2752,0.0200,0.2283,0.0000,0.0000,0.0000,0.0000,0.0000,0.0000,0.1273,0.1273,0.5077,0.5077,0.0000,0.0000,0.0000,-0.0012
1791179180.2952,0.0200,0.2256,0.0000,0.0000,0.0000,0.0000,0.0000,0.0000,0.1273,0.1273,0.5077,0.5077,0.0000,0.0000,0.0000,-0.0012
1791179180.3152,0.0200,0.2338,0.0000,0.0000,0.0000,0.0000,0.0000,0.0000,0.1273,0.1273,0.5077,0.5077,0.0000,0.0000,0.0000,-0.0012
1791179180.3352,0.0200,0.2464,0.0000,0.0000,0.0000,0.0000,0.0000,0.0000,0.1273,0.1273,0.5077,0.5077,0.0000,0.0000,0.0000,-0.0011
1791179180.3551,0.0200,0.1691,0.0000,0.0000,0.0000,0.0000,0.0000,0.0000,0.1273,0.1258,0.5077,0.5062,0.0000,0.0000,0.0000,-0.0012
1791179180.3751,0.0200,0.1807,0.0000,0.0000,0.0000,0.0000,0.0000,0.0000,0.1273,0.1258,0.5077,0.5077,0.0000,0.0000,0.0000,-0.0012
1791179180.3951,0.0200,0.1857,0.0000,0.0000,0.0000,0.0000,0.0000,0.0000,0.1273,0.1258,0.5077,0.5077,0.0000,0.0000,0.0000,-0.0012
1791179180.4151,0.0200,0.2389,0.0000,0.0000,0.0000,0.0000,0.0000,0.0000,0.1273,0.1258,0.5077,0.5062,0.0000,0.0000,0.0000,-0.0012
1791179180.4352,0.0200,0.2724,0.0000,0.0000,0.0000,0.0000,0.0000,0.0000,0.1273,0.1258,0.5077,0.5077,0.0000,0.0000,0.0000,-0.0012
1791179180.4552,0.0200,0.2340,0.0000,0.0000,0.0000,0.0000,0.0000,0.0000,0.1273,0.1258,0.5077,0.5077,0.0000,0.0000,0.0000,-0.0012
1791179180.4752,0.0200,0.2350,0.0000,0.0000,0.0000,0.0000,0.0000,0.0000,0.1273,0.1273,0.5077,0.5077,0.0000,0.0000,0.0000,-0.0012
1791179180.4951,0.0200,0.2099,0.0000,0.0000,0.0000,0.0000,0.0000,0.0000,0.1273,0.1273,0.5077,0.5077,0.0000,0.0000,0.0000,-0.0014
1791179180.5152,0.0200,0.2041,0.0000,0.0000,0.0000,0.0000,0.0000,0.0000,0.1273,0.1258,0.5077,0.5077,0.0000,0.0000,0.0000,-0.0012
1791179180.5352,0.0200,0.2026,0.0000,0.0000,0.0000,0.0000,0.0000,0.0000,0.1273,0.1258,0.5077,0.5077,0.0000,0.0000,0.0000,-0.0012
1791179180.5552,0.0200,0.2091,0.0000,0.0000,0.0000,0.0000,0.0000,0.0000,0.1273,0.1258,0.5077,0.5077,0.0000,0.0000,0.0000,-0.0012
1791179180.5752,0.0200,0.2042,0.0000,0.0000,0.0000,0.0000,0.0000,0.0000,0.1273,0.1273,0.5077,0.5077,0.0000,0.0000,0.0000,-0.0012
1791179180.5952,0.0200,0.2126,0.0000,0.0000,0.0000,0.0000,0.0000,0.0000,0.1273,0.1258,0.5077,0.5077,0.0000,0.0000,0.0000,-0.0012
1791179180.6152,0.0200,0.2320,0.0000,0.0000,0.0000,0.0000,0.0000,0.0000,0.1273,0.1273,0.5077,0.5077,0.0000,0.0000,0.0000,-0.0012
1791179180.6352,0.0200,0.1668,0.0000,0.0000,0.0000,0.0000,0.0000,0.0000,0.1273,0.1258,0.5077,0.5077,0.0000,0.0000,0.0000,-0.0012
1791179180.6552,0.0200,0.2425,0.0000,0.0000,0.0000,0.0000,0.0000,0.0000,0.1273,0.1258,0.5077,0.5077,0.0000,0.0000,0.0000,-0.0012
1791179180.6752,0.0200,0.2349,0.0000,0.0000,0.0000,0.0000,0.0000,0.0000,0.1273,0.1273,0.5077,0.5077,0.0000,0.0000,0.0000,-0.0012
1791179180.6952,0.0200,0.2363,0.0000,0.0000,0.0000,0.0000,0.0000,0.0000,0.1273,0.1258,0.5077,0.5077,0.0000,0.0000,0.0000,-0.0012
1791179180.7152,0.0200,0.1645,0.0000,0.0000,0.0000,0.0000,0.0000,0.0000,0.1273,0.1273,0.5077,0.5077,0.0000,0.0000,0.0000,-0.0012
1791179180.7351,0.0200,0.1847,0.0000,0.0000,0.0000,0.0000,0.0000,0.0000,0.1273,0.1258,0.5077,0.5077,0.0000,0.0000,0.0000,-0.0012
1791179180.7552,0.0200,0.2493,0.0000,0.0000,0.0000,0.0000,0.0000,0.0000,0.1273,0.1258,0.5077,0.5062,0.0000,0.0000,0.0000,-0.0012
1791179180.7752,0.0200,0.2305,0.0000,0.0000,0.0000,0.0000,0.0000,0.0000,0.1273,0.1258,0.5077,0.5077,0.0000,0.0000,0.0000,-0.0012
1791179180.7952,0.0200,0.3319,0.0000,0.0000,0.0000,0.0000,0.0000,0.0000,0.1273,0.1273,0.5077,0.5077,0.0000,0.0000,0.0000,-0.0012
1791179180.8152,0.0200,0.2239,0.0000,0.0000,0.0000,0.0000,0.0000,0.0000,0.1273,0.1273,0.5077,0.5077,0.0000,0.0000,0.0000,-0.0012
1791179180.8352,0.0200,0.2381,0.0000,0.0000,0.0000,0.0000,0.0000,0.0000,0.1273,0.1258,0.5077,0.5077,0.0000,0.0000,0.0000,-0.0012
1791179180.8552,0.0200,0.1814,0.0000,0.0000,0.0000,0.0000,0.0000,0.0000,0.1273,0.1258,0.5077,0.5077,0.0000,0.0000,0.0000,-0.0012
1791179180.8751,0.0199,0.2146,0.0000,0.0000,0.0000,0.0000,0.0000,0.0000,0.1273,0.1258,0.5077,0.5077,0.0000,0.0000,0.0000,-0.0012
1791179180.8952,0.0200,0.2125,0.0000,0.0000,0.0000,0.0000,0.0000,0.0000,0.1273,0.1258,0.5077,0.5077,0.0000,0.0000,0.0000,-0.0012
1791179180.9152,0.0200,0.2292,0.0000,0.0000,0.0000,0.0000,0.0000,0.0000,0.1273,0.1258,0.5077,0.5077,0.0000,0.0000,0.0000,-0.0012
1791179180.9352,0.0200,0.2992,0.0000,0.0000,0.0000,0.0000,0.0000,0.0000,0.1273,0.1258,0.5077,0.5077,0.0000,0.0000,0.0000,-0.0012
1791179180.9552,0.0200,0.2685,0.0000,0.0000,0.0000,0.0000,0.0000,0.0000,0.1273,0.1273,0.5077,0.5077,0.0000,0.0000,0.0000,-0.0012
1791179180.9752,0.0200,0.3353,0.0000,0.0000,0.0000,0.0000,0.0000,0.0000,0.1273,0.1258,0.5077,0.5077,0.0000,0.0000,0.0000,-0.0014
1791179180.9952,0.0200,0.2169,0.0000,0.0000,0.0000,0.0000,0.0000,0.0000,0.1273,0.1258,0.5077,0.5077,0.0000,0.0000,0.0000,-0.0012
1791179181.0151,0.0199,0.2074,0.0000,0.0000,0.0000,0.0000,0.0000,0.0000,0.1273,0.1258,0.5077,0.5077,0.0000,0.0000,0.0000,-0.0012
1791179181.0352,0.0200,0.2529,0.0000,0.0000,0.0000,0.0000,0.0000,0.0000,0.1273,0.1258,0.5077,0.5062,0.0000,0.0000,0.0000,-0.0012
1791179181.0552,0.0200,0.2446,0.0000,0.0000,0.0000,0.0000,0.0000,0.0000,0.1273,0.1258,0.5077,0.5077,0.0000,0.0000,0.0000,-0.0012
1791179181.0752,0.0200,0.2390,0.0000,0.0000,0.0000,0.0000,0.0000,0.0000,0.1273,0.1273,0.5077,0.5077,0.0000,0.0000,0.0000,-0.0012
1791179181.0952,0.0200,0.2380,0.0000,0.0000,0.0000,0.0000,0.0000,0.0000,0.1273,0.1273,0.5077,0.5077,0.0000,0.0000,0.0000,-0.0012
1791179181.1152,0.0200,0.2337,0.0000,0.0000,0.0000,0.0000,0.0000,0.0000,0.1273,0.1273,0.5077,0.5077,0.0000,0.0000,0.0000,-0.0012
1791179181.1351,0.0200,0.2094,0.0000,0.0000,0.0000,0.0000,0.0000,0.0000,0.1273,0.1273,0.5077,0.5062,0.0000,0.0000,0.0000,-0.0012
1791179181.1552,0.0200,0.2416,0.0000,0.0000,0.0000,0.0000,0.0000,0.0000,0.1273,0.1258,0.5077,0.5062,0.0000,0.0000,0.0000,-0.0012
1791179181.1752,0.0200,0.2458,0.0000,0.0000,0.0000,0.0000,0.0000,0.0000,0.1273,0.1273,0.5077,0.5077,0.0000,0.0000,0.0000,-0.0012
1791179181.1952,0.0200,0.2334,0.0000,0.0000,0.0000,0.0000,0.0000,0.0000,0.1273,0.1258,0.5077,0.5077,0.0000,0.0000,0.0000,-0.0012
1791179181.2152,0.0200,0.2404,0.0000,0.0000,0.0000,0.0000,0.0000,0.0000,0.1273,0.1258,0.5077,0.5077,0.0000,0.0000,0.0000,-0.0012
1791179181.2352,0.0200,0.2407,0.0000,0.0000,0.0000,0.0000,0.0000,0.0000,0.1273,0.1258,0.5077,0.5077,0.0000,0.0000,0.0000,-0.0012
1791179181.2552,0.0200,0.2514,0.0000,0.0000,0.0000,0.0000,0.0000,0.0000,0.1273,0.1273,0.5077,0.5077,0.0000,0.0000,0.0000,-0.0012
1791179181.2751,0.0200,0.1946,0.0000,0.0000,0.0000,0.0000,0.0000,0.0000,0.1273,0.1258,0.5077,0.5077,0.0000,0.0000,0.0000,-0.0012
1791179181.2951,0.0200,0.2462,0.0000,0.0000,0.0000,0.0000,0.0000,0.0000,0.1273,0.1258,0.5077,0.5077,0.0000,0.0000,0.0000,-0.0012
1791179181.3151,0.0200,0.1711,0.0000,0.0000,0.0000,0.0000,0.0000,0.0000,0.1273,0.1258,0.5077,0.5062,0.0000,0.0000,0.0000,-0.0012
1791179181.3351,0.0200,0.2403,0.0000,0.0000,0.0000,0.0000,0.0000,0.0000,0.1273,0.1258,0.5077,0.5077,0.0000,0.0000,0.0000,-0.0012
1791179181.3551,0.0200,0.2117,0.0000,0.0000,0.0000,0.0000,0.0000,0.0000,0.1273,0.1258,0.5077,0.5077,0.0000,0.0000,0.0000,-0.0012
1791179181.3751,0.0200,0.2368,0.0000,0.0000,0.0000,0.0000,0.0000,0.0000,0.1273,0.1258,0.5077,0.5077,0.0000,0.0000,0.0000,-0.0012
1791179181.3951,0.0200,0.2102,0.0000,0.0000,0.0000,0.0000,0.0000,0.0000,0.1273,0.1258,0.5077,0.5077,0.0000,0.0000,0.0000,-0.0012
1791179181.4151,0.0200,0.2368,0.0000,0.0000,0.0000,0.0000,0.0000,0.0000,0.1273,0.1258,0.5077,0.5062,0.0000,0.0000,0.0000,-0.0012
1791179181.4352,0.0200,0.2293,0.0000,0.0000,0.0000,0.0000,0.0000,0.0000,0.1273,0.1258,0.5077,0.5077,0.0000,0.0000,0.0000,-0.0012
1791179181.4552,0.0200,0.2320,0.0000,0.0000,0.0000,0.0000,0.0000,0.0000,0.1273,0.1258,0.5077,0.5077,0.0000,0.0000,0.0000,-0.0012
1791179181.4751,0.0200,0.2251,0.0000,0.0000,0.0000,0.0000,0.0000,0.0000,0.1273,0.1258,0.5077,0.5077,0.0000,0.0000,0.0000,-0.0012
1791179181.4952,0.0200,0.2352,0.0000,0.0000,0.0000,0.0000,0.0000,0.0000,0.1273,0.1258,0.5077,0.5077,0.0000,0.0000,0.0000,-0.0012
1791179181.5152,0.0200,0.2271,0.0000,0.0000,0.0000,0.0000,0.0000,0.0000,0.1273,0.1273,0.5077,0.5077,0.0000,0.0000,0.0000,-0.0012
1791179181.5352,0.0200,0.2213,0.0000,0.0000,0.0000,0.0000,0.0000,0.0000,0.1273,0.1258,0.5077,0.5077,0.0000,0.0000,0.0000,-0.0012
1791179181.5552,0.0200,0.2192,0.0000,0.0000,0.0000,0.0000,0.0000,0.0000,0.1273,0.1258,0.5077,0.5077,0.0000,0.0000,0.0000,-0.0012
1791179181.5752,0.0200,0.2223,0.0000,0.0000,0.0000,0.0000,0.0000,0.0000,0.1273,0.1258,0.5077,0.5077,0.0000,0.0000,0.0000,-0.0012
1791179181.5952,0.0200,0.2225,0.0000,0.0000,0.0000,0.0000,0.0000,0.0000,0.1273,0.1258,0.5077,0.5077,0.0000,0.0000,0.0000,-0.0012
1791179181.6152,0.0200,0.2012,0.0000,0.0000,0.0000,0.0000,0.0000,0.0000,0.1273,0.1258,0.5077,0.5077,0.0000,0.0000,0.0000,-0.0012
1791179181.6352,0.0200,0.2408,0.0000,0.0000,0.0000,0.0000,0.0000,0.0000,0.1273,0.1273,0.5077,0.5077,0.0000,0.0000,0.0000,-0.0012
1791179181.6552,0.0200,0.3317,0.0000,0.0000,0.0000,0.0000,0.0000,0.0000,0.1273,0.1258,0.5077,0.5077,0.0000,0.0000,0.0000,-0.0012
1791179181.6751,0.0200,0.1966,0.0000,0.0000,0.0000,0.0000,0.0000,0.0000,0.1273,0.1258,0.5077,0.5062,0.0000,0.0000,0.0000,-0.0012
1791179181.6951,0.0200,0.2187,0.0000,0.0000,0.0000,0.0000,0.0000,0.0000,0.1273,0.1258,0.5077,0.5077,0.0000,0.0000,0.0000,-0.0012
1791179181.7152,0.0200,0.2281,0.0000,0.0000,0.0000,0.0000,0.0000,0.0000,0.1273,0.1258,0.5077,0.5077,0.0000,0.0000,0.0000,-0.0012
1791179181.7352,0.0200,0.1966,0.0000,0.0000,0.0000,0.0000,0.0000,0.0000,0.1273,0.1258,0.5077,0.5077,0.0000,0.0000,0.0000,-0.0012
1791179181.7551,0.0199,0.2479,0.0000,0.0000,0.0000,0.0000,0.0000,0.0000,0.1273,0.1258,0.5077,0.5077,0.0000,0.0000,0.0000,-0.0012
1791179181.7752,0.0201,0.2064,0.0000,0.0000,0.0000,0.0000,0.0000,0.0000,0.1273,0.1258,0.5077,0.5077,0.0000,0.0000,0.0000,-0.0012
1791179181.7951,0.0200,0.2867,0.0000,0.0000,0.0000,0.0000,0.0000,0.0000,0.1273,0.1258,0.5077,0.5077,0.0000,0.0000,0.0000,-0.0012
1791179181.8152,0.0200,0.2135,0.0000,0.0000,0.0000,0.0000,0.0000,0.0000,0.1273,0.1258,0.5077,0.5077,0.0000,0.0000,0.0000,-0.0012
1791179181.8352,0.0200,0.2461,0.0000,0.0000,0.0000,0.0000,0.0000,0.0000,0.1273,0.1258,0.5077,0.5077,0.0000,0.0000,0.0000,-0.0012
1791179181.8552,0.0200,0.2361,0.0000,0.0000,0.0000,0.0000,0.0000,0.0000,0.1273,0.1258,0.5077,0.5077,0.0000,0.0000,0.0000,-0.0012
1791179181.8752,0.0200,0.2028,0.0000,0.0000,0.0000,0.0000,0.0000,0.0000,0.1273,0.1273,0.5077,0.5077,0.0000,0.0000,0.0000,-0.0012
1791179181.8951,0.0200,0.2170,0.0000,0.0000,0.0000,0.0000,0.0000,0.0000,0.1273,0.1258,0.5077,0.5077,0.0000,0.0000,0.0000,-0.0012
1791179181.9152,0.0200,0.2014,0.0000,0.0000,0.0000,0.0000,0.0000,0.0000,0.1273,0.1258,0.5077,0.5077,0.0000,0.0000,0.0000,-0.0012
1791179181.9351,0.0199,0.1860,0.0000,0.0000,0.0000,0.0000,0.0000,0.0000,0.1273,0.1258,0.5077,0.5077,0.0000,0.0000,0.0000,-0.0012
1791179181.9552,0.0200,0.2469,0.0000,0.0000,0.0000,0.0000,0.0000,0.0000,0.1273,0.1273,0.5077,0.5077,0.0000,0.0000,0.0000,-0.0012
1791179181.9751,0.0200,0.2739,0.0000,0.0000,0.0000,0.0000,0.0000,0.0000,0.1273,0.1258,0.5077,0.5077,0.0000,0.0000,0.0000,-0.0012
1791179181.9952,0.0200,0.2335,0.0000,0.0000,0.0000,0.0000,0.0000,0.0000,0.1273,0.1258,0.5077,0.5077,0.0000,0.0000,0.0000,-0.0012
1791179182.0152,0.0200,0.2295,0.0000,0.0000,0.0000,0.0000,0.0000,0.0000,0.1273,0.1273,0.5077,0.5062,0.0000,0.0000,0.0000,-0.0012
1791179182.0352,0.0200,0.2628,0.0000,0.0000,0.0000,0.0000,0.0000,0.0000,0.1273,0.1258,0.5077,0.5077,0.0000,0.0000,0.0000,-0.0012
1791179182.0552,0.0200,0.2445,0.0000,0.0000,0.0000,0.0000,0.0000,0.0000,0.1273,0.1258,0.5077,0.5077,0.0000,0.0000,0.0000,-0.0012
1791179182.0752,0.0200,0.2609,0.0000,0.0000,0.0000,0.0000,0.0000,0.0000,0.1273,0.1273,0.5077,0.5077,0.0000,0.0000,0.0000,-0.0012
1791179182.0952,0.0200,0.2349,0.0000,0.0000,0.0000,0.0000,0.0000,0.0000,0.1273,0.1258,0.5077,0.5062,0.0000,0.0000,0.0000,-0.0012
1791179182.1152,0.0200,0.2388,0.0000,0.0000,0.0000,0.0000,0.0000,0.0000,0.1273,0.1258,0.5077,0.5077,0.0000,0.0000,0.0000,-0.0012
1791179182.1351,0.0200,0.1892,0.0000,0.0000,0.0000,0.0000,0.0000,0.0000,0.1273,0.1273,0.5077,0.5077,0.0000,0.0000,0.0000,-0.0012
1791179182.1551,0.0200,0.2507,0.0000,0.0000,0.0000,0.0000,0.0000,0.0000,0.1273,0.1273,0.5077,0.5062,0.0000,0.0000,0.0000,-0.0012
1791179182.1752,0.0200,0.2570,0.0000,0.0000,0.0000,0.0000,0.0000,0.0000,0.1273,0.1273,0.5077,0.5077,0.0000,0.0000,0.0000,-0.0012
1791179182.1951,0.0200,0.1700,0.0000,0.0000,0.0000,0.0000,0.0000,0.0000,0.1273,0.1273,0.5077,0.5077,0.0000,0.0000,0.0000,-0.0012
1791179182.2151,0.0200,0.2441,0.0000,0.0000,0.0000,0.0000,0.0000,0.0000,0.1273,0.1258,0.5077,0.5077,0.0000,0.0000,0.0000,-0.0012
1791179182.2351,0.0200,0.1685,0.0000,0.0000,0.0000,0.0000,0.0000,0.0000,0.1273,0.1258,0.5077,0.5077,0.0000,0.0000,0.0000,-0.0012
1791179182.2551,0.0200,0.2481,0.0000,0.0000,0.0000,0.0000,0.0000,0.0000,0.1273,0.1273,0.5077,0.5077,0.0000,0.0000,0.0000,-0.0012
1791179182.2751,0.0200,0.2112,0.0000,0.0000,0.0000,0.0000,0.0000,0.0000,0.1273,0.1258,0.5077,0.5077,0.0000,0.0000,0.0000,-0.0012
1791179182.2951,0.0200,0.2356,0.0000,0.0000,0.0000,0.0000,0.0000,0.0000,0.1273,0.1273,0.5077,0.5077,0.0000,0.0000,0.0000,-0.0012
1791179182.3152,0.0200,0.2096,0.0000,0.0000,0.0000,0.0000,0.0000,0.0000,0.1273,0.1258,0.5077,0.5077,0.0000,0.0000,0.0000,-0.0012
1791179182.3352,0.0200,0.2290,0.0000,0.0000,0.0000,0.0000,0.0000,0.0000,0.1273,0.1273,0.5077,0.5077,0.0000,0.0000,0.0000,-0.0012
1791179182.3552,0.0200,0.2269,0.0000,0.0000,0.0000,0.0000,0.0000,0.0000,0.1273,0.1258,0.5077,0.5077,0.0000,0.0000,0.0000,-0.0012
1791179182.3752,0.0200,0.2275,0.0000,0.0000,0.0000,0.0000,0.0000,0.0000,0.1273,0.1258,0.5077,0.5062,0.0000,0.0000,0.0000,-0.0012
1791179182.3952,0.0200,0.2213,0.0000,0.0000,0.0000,0.0000,0.0000,0.0000,0.1273,0.1258,0.5077,0.5077,0.0000,0.0000,0.0000,-0.0012
1791179182.4152,0.0200,0.2261,0.0000,0.0000,0.0000,0.0000,0.0000,0.0000,0.1273,0.1258,0.5077,0.5077,0.0000,0.0000,0.0000,-0.0012
1791179182.4352,0.0200,0.2247,0.0000,0.0000,0.0000,0.0000,0.0000,0.0000,0.1273,0.1258,0.5077,0.5077,0.0000,0.0000,0.0000,-0.0012
1791179182.4552,0.0200,0.2231,0.0000,0.0000,0.0000,0.0000,0.0000,0.0000,0.1273,0.1258,0.5077,0.5077,0.0000,0.0000,0.0000,-0.0012
1791179182.4752,0.0200,0.2267,0.0000,0.0000,0.0000,0.0000,0.0000,0.0000,0.1273,0.1258,0.5077,0.5077,0.0000,0.0000,0.0000,-0.0012
1791179182.4952,0.0200,0.2207,0.0000,0.0000,0.0000,0.0000,0.0000,0.0000,0.1273,0.1273,0.5077,0.5077,0.0000,0.0000,0.0000,-0.0012
1791179182.5152,0.0200,0.2312,0.0000,0.0000,0.0000,0.0000,0.0000,0.0000,0.1273,0.1258,0.5077,0.5077,0.0000,0.0000,0.0000,-0.0012
1791179182.5352,0.0200,0.1802,0.0000,0.0000,0.0000,0.0000,0.0000,0.0000,0.1273,0.1273,0.5077,0.5077,0.0000,0.0000,0.0000,-0.0012
1791179182.5551,0.0200,0.2144,0.0000,0.0000,0.0000,0.0000,0.0000,0.0000,0.1273,0.1258,0.5077,0.5077,0.0000,0.0000,0.0000,-0.0012
1791179182.5752,0.0200,0.2342,0.0000,0.0000,0.0000,0.0000,0.0000,0.0000,0.1273,0.1258,0.5077,0.5077,0.0000,0.0000,0.0000,-0.0012
1791179182.5952,0.0200,0.2474,0.0000,0.0000,0.0000,0.0000,0.0000,0.0000,0.1273,0.1273,0.5077,0.5077,0.0000,0.0000,0.0000,-0.0012
1791179182.6152,0.0200,0.2151,0.0000,0.0000,0.0000,0.0000,0.0000,0.0000,0.1273,0.1258,0.5077,0.5077,0.0000,0.0000,0.0000,-0.0012
1791179182.6352,0.0200,0.2287,0.0000,0.0000,0.0000,0.0000,0.0000,0.0000,0.1273,0.1258,0.5077,0.5077,0.0000,0.0000,0.0000,-0.0012
1791179182.6552,0.0200,0.2048,0.0000,0.0000,0.0000,0.0000,0.0000,0.0000,0.1273,0.1258,0.5077,0.5077,0.0000,0.0000,0.0000,-0.0012
1791179182.6751,0.0200,0.2896,0.0000,0.0000,0.0000,0.0000,0.0000,0.0000,0.1273,0.1273,0.5077,0.5077,0.0000,0.0000,0.0000,-0.0012
1791179182.6952,0.0200,0.2149,0.0000,0.0000,0.0000,0.0000,0.0000,0.0000,0.1273,0.1258,0.5077,0.5062,0.0000,0.0000,0.0000,-0.0012
1791179182.7152,0.0200,0.2324,0.0000,0.0000,0.0000,0.0000,0.0000,0.0000,0.1273,0.1258,0.5077,0.5077,0.0000,0.0000,0.0000,-0.0012
1791179182.7352,0.0200,0.2008,0.0000,0.0000,0.0000,0.0000,0.0000,0.0000,0.1273,0.1273,0.5077,0.5077,0.0000,0.0000,0.0000,-0.0012
1791179182.7551,0.0200,0.2092,0.0000,0.0000,0.0000,0.0000,0.0000,0.0000,0.1273,0.1258,0.5077,0.5077,0.0000,0.0000,0.0000,-0.0012
1791179182.7752,0.0200,0.2311,0.0000,0.0000,0.0000,0.0000,0.0000,0.0000,0.1273,0.1273,0.5077,0.5077,0.0000,0.0000,0.0000,-0.0012
1791179182.7951,0.0200,0.2151,0.0000,0.0000,0.0000,0.0000,0.0000,0.0000,0.1273,0.1258,0.5077,0.5077,0.0000,0.0000,0.0000,-0.0012
1791179182.8152,0.0200,0.3203,0.0000,0.0000,0.0000,0.0000,0.0000,0.0000,0.1273,0.1258,0.5077,0.5062,0.0000,0.0000,0.0000,-0.0012
1791179182.8352,0.0200,0.2118,0.0000,0.0000,0.0000,0.0000,0.0000,0.0000,0.1273,0.1273,0.5077,0.5062,0.0000,0.0000,0.0000,-0.0012
1791179182.8552,0.0200,0.2313,0.0000,0.0000,0.0000,0.0000,0.0000,0.0000,0.1273,0.1273,0.5077,0.5077,0.0000,0.0000,0.0000,-0.0012
1791179182.8752,0.0200,0.2431,0.0000,0.0000,0.0000,0.0000,0.0000,0.0000,0.1273,0.1258,0.5077,0.5077,0.0000,0.0000,0.0000,-0.0012
1791179182.8952,0.0200,0.3103,0.0000,0.0000,0.0000,0.0000,0.0000,0.0000,0.1273,0.1258,0.5077,0.5077,0.0000,0.0000,0.0000,-0.0012
1791179182.9152,0.0200,0.2333,0.0000,0.0000,0.0000,0.0000,0.0000,0.0000,0.1273,0.1258,0.5077,0.5077,0.0000,0.0000,0.0000,-0.0012
1791179182.9352,0.0200,0.2922,0.0000,0.0000,0.0000,0.0000,0.0000,0.0000,0.1273,0.1273,0.5077,0.5077,0.0000,0.0000,0.0000,-0.0012
1791179182.9552,0.0200,0.2433,0.0000,0.0000,0.0000,0.0000,0.0000,0.0000,0.1273,0.1258,0.5077,0.5077,0.0000,0.0000,0.0000,-0.0012
1791179182.9752,0.0200,0.2361,0.0000,0.0000,0.0000,0.0000,0.0000,0.0000,0.1273,0.1258,0.5077,0.5077,0.0000,0.0000,0.0000,-0.0012
1791179182.9952,0.0200,0.2367,0.0000,0.0000,0.0000,0.0000,0.0000,0.0000,0.1273,0.1273,0.5077,0.5062,0.0000,0.0000,0.0000,-0.0012
1791179183.0151,0.0200,0.1870,0.0000,0.0000,0.0000,0.0000,0.0000,0.0000,0.1273,0.1258,0.5077,0.5077,0.0000,0.0000,0.0000,-0.0012
1791179183.0351,0.0200,0.1873,0.0000,0.0000,0.0000,0.0000,0.0000,0.0000,0.1273,0.1258,0.5077,0.5077,0.0000,0.0000,0.0000,-0.0012
1791179183.0551,0.0200,0.2360,0.0000,0.0000,0.0000,0.0000,0.0000,0.0000,0.1273,0.1258,0.5077,0.5077,0.0000,0.0000,0.0000,-0.0011
1791179183.0752,0.0200,0.2369,0.0000,0.0000,0.0000,0.0000,0.0000,0.0000,0.1273,0.1273,0.5077,0.5077,0.0000,0.0000,0.0000,-0.0012
1791179183.0951,0.0200,0.1605,0.0000,0.0000,0.0000,0.0000,0.0000,0.0000,0.1273,0.1258,0.5077,0.5077,0.0000,0.0000,0.0000,-0.0012
1791179183.1151,0.0200,0.2294,0.0000,0.0000,0.0000,0.0000,0.0000,0.0000,0.1273,0.1258,0.5077,0.5077,0.0000,0.0000,0.0000,-0.0012
1791179183.1352,0.0200,0.2387,0.0000,0.0000,0.0000,0.0000,0.0000,0.0000,0.1273,0.1258,0.5077,0.5077,0.0000,0.0000,0.0000,-0.0012
1791179183.1552,0.0200,0.2340,0.0000,0.0000,0.0000,0.0000,0.0000,0.0000,0.1273,0.1258,0.5077,0.5062,0.0000,0.0000,0.0000,-0.0012
1791179183.1752,0.0200,0.2273,0.0000,0.0000,0.0000,0.0000,0.0000,0.0000,0.1273,0.1258,0.5077,0.5077,0.0000,0.0000,0.0000,-0.0012
1791179183.1952,0.0200,0.2307,0.0000,0.0000,0.0000,0.0000,0.0000,0.0000,0.1273,0.1273,0.5077,0.5077,0.0000,0.0000,0.0000,-0.0012
1791179183.2152,0.0200,0.2224,0.0000,0.0000,0.0000,0.0000,0.0000,0.0000,0.1273,0.1258,0.5077,0.5077,0.0000,0.0000,0.0000,-0.0012
1791179183.2352,0.0200,0.2289,0.0000,0.0000,0.0000,0.0000,0.0000,0.0000,0.1273,0.1258,0.5077,0.5077,0.0000,0.0000,0.0000,-0.0012
1791179183.2552,0.0200,0.2394,0.0000,0.0000,0.0000,0.0000,0.0000,0.0000,0.1273,0.1258,0.5077,0.5077,0.0000,0.0000,0.0000,-0.0012
1791179183.2752,0.0199,0.2101,0.0000,0.0000,0.0000,0.0000,0.0000,0.0000,0.1273,0.1258,0.5077,0.5077,0.0000,0.0000,0.0000,-0.0012
1791179183.2952,0.0200,0.2386,0.0000,0.0000,0.0000,0.0000,0.0000,0.0000,0.1273,0.1258,0.5077,0.5077,0.0000,0.0000,0.0000,-0.0012
1791179183.3152,0.0200,0.3192,0.0000,0.0000,0.0000,0.0000,0.0000,0.0000,0.1273,0.1258,0.5077,0.5077,0.0000,0.0000,0.0000,-0.0012
1791179183.3352,0.0200,0.2183,0.0000,0.0000,0.0000,0.0000,0.0000,0.0000,0.1273,0.1258,0.5077,0.5077,0.0000,0.0000,0.0000,-0.0012
1791179183.3552,0.0200,0.2010,0.0000,0.0000,0.0000,0.0000,0.0000,0.0000,0.1273,0.1258,0.5077,0.5077,0.0000,0.0000,0.0000,-0.0012
1791179183.3752,0.0200,0.2425,0.0000,0.0000,0.0000,0.0000,0.0000,0.0000,0.1273,0.1258,0.5077,0.5077,0.0000,0.0000,0.0000,-0.0012
1791179183.3952,0.0200,0.2261,0.0000,0.0000,0.0000,0.0000,0.0000,0.0000,0.1273,0.1258,0.5077,0.5077,0.0000,0.0000,0.0000,-0.0012
1791179183.4152,0.0200,0.1799,0.0000,0.0000,0.0000,0.0000,0.0000,0.0000,0.1273,0.1273,0.5077,0.5077,0.0000,0.0000,0.0000,-0.0012
1791179183.4351,0.0200,0.2517,0.0000,0.0000,0.0000,0.0000,0.0000,0.0000,0.1273,0.1258,0.5077,0.5077,0.0000,0.0000,0.0000,-0.0012
1791179183.4552,0.0201,0.2045,0.0000,0.0000,0.0000,0.0000,0.0000,0.0000,0.1273,0.1258,0.5077,0.5077,0.0000,0.0000,0.0000,-0.0012
1791179183.4752,0.0200,0.3175,0.0000,0.0000,0.0000,0.0000,0.0000,0.0000,0.1273,0.1258,0.5077,0.5077,0.0000,0.0000,0.0000,-0.0012
1791179183.4952,0.0200,0.2112,0.0000,0.0000,0.0000,0.0000,0.0000,0.0000,0.1273,0.1273,0.5077,0.5077,0.0000,0.0000,0.0000,-0.0012
1791179183.5152,0.0200,0.2090,0.0000,0.0000,0.0000,0.0000,0.0000,0.0000,0.1273,0.1258,0.5077,0.5077,0.0000,0.0000,0.0000,-0.0012
1791179183.5351,0.0200,0.1879,0.0000,0.0000,0.0000,0.0000,0.0000,0.0000,0.1273,0.1273,0.5077,0.5062,0.0000,0.0000,0.0000,-0.0012
1791179183.5552,0.0200,0.2386,0.0000,0.0000,0.0000,0.0000,0.0000,0.0000,0.1273,0.1273,0.5077,0.5077,0.0000,0.0000,0.0000,-0.0012
1791179183.5752,0.0200,0.3145,0.0000,0.0000,0.0000,0.0000,0.0000,0.0000,0.1273,0.1273,0.5077,0.5077,0.0000,0.0000,0.0000,-0.0012
1791179183.5952,0.0200,0.2390,0.0000,0.0000,0.0000,0.0000,0.0000,0.0000,0.1273,0.1258,0.5077,0.5077,0.0000,0.0000,0.0000,-0.0012
1791179183.6152,0.0200,0.2010,0.0000,0.0000,0.0000,0.0000,0.0000,0.0000,0.1273,0.1273,0.5077,0.5077,0.0000,0.0000,0.0000,-0.0012
1791179183.6352,0.0200,0.2064,0.0000,0.0000,0.0000,0.0000,0.0000,0.0000,0.1273,0.1258,0.5077,0.5077,0.0000,0.0000,0.0000,-0.0012
1791179183.6551,0.0200,0.2107,0.0000,0.0000,0.0000,0.0000,0.0000,0.0000,0.1273,0.1273,0.5077,0.5077,0.0000,0.0000,0.0000,-0.0012
1791179183.6752,0.0200,0.2259,0.0000,0.0000,0.0000,0.0000,0.0000,0.0000,0.1273,0.1273,0.5077,0.5077,0.0000,0.0000,0.0000,-0.0012
1791179183.6952,0.0200,0.2100,0.0000,0.0000,0.0000,0.0000,0.0000,0.0000,0.1273,0.1273,0.5077,0.5077,0.0000,0.0000,0.0000,-0.0014
1791179183.7151,0.0200,0.2182,0.0000,0.0000,0.0000,0.0000,0.0000,0.0000,0.1273,0.1258,0.5077,0.5077,0.0000,0.0000,0.0000,-0.0012
1791179183.7351,0.0200,0.2385,0.0000,0.0000,0.0000,0.0000,0.0000,0.0000,0.1273,0.1258,0.5077,0.5077,0.0000,0.0000,0.0000,-0.0012
1791179183.7552,0.0200,0.2272,0.0000,0.0000,0.0000,0.0000,0.0000,0.0000,0.1273,0.1258,0.5077,0.5077,0.0000,0.0000,0.0000,-0.0012
1791179183.7752,0.0200,0.1989,0.0000,0.0000,0.0000,0.0000,0.0000,0.0000,0.1273,0.1258,0.5077,0.5077,0.0000,0.0000,0.0000,-0.0012
1791179183.7951,0.0200,0.2129,0.0000,0.0000,0.0000,0.0000,0.0000,0.0000,0.1273,0.1258,0.5077,0.5077,0.0000,0.0000,0.0000,-0.0012
1791179183.8152,0.0200,0.2318,0.0000,0.0000,0.0000,0.0000,0.0000,0.0000,0.1273,0.1258,0.5077,0.5077,0.0000,0.0000,0.0000,-0.0012
1791179183.8352,0.0200,0.2239,0.0000,0.0000,0.0000,0.0000,0.0000,0.0000,0.1273,0.1273,0.5077,0.5077,0.0000,0.0000,0.0000,-0.0012
1791179183.8552,0.0200,0.2299,0.0000,0.0000,0.0000,0.0000,0.0000,0.0000,0.1273,0.1258,0.5077,0.5077,0.0000,0.0000,0.0000,-0.0012
1791179183.8751,0.0200,0.2297,0.0000,0.0000,0.0000,0.0000,0.0000,0.0000,0.1273,0.1258,0.5077,0.5077,0.0000,0.0000,0.0000,-0.0012
1791179183.8951,0.0200,0.2395,0.0000,0.0000,0.0000,0.0000,0.0000,0.0000,0.1273,0.1258,0.5077,0.5077,0.0000,0.0000,0.0000,-0.0012
1791179183.9151,0.0200,0.2102,0.0000,0.0000,0.0000,0.0000,0.0000,0.0000,0.1273,0.1258,0.5077,0.5077,0.0000,0.0000,0.0000,-0.0012
1791179183.9351,0.0200,0.2372,0.0000,0.0000,0.0000,0.0000,0.0000,0.0000,0.1273,0.1273,0.5077,0.5077,0.0000,0.0000,0.0000,-0.0012
1791179183.9552,0.0200,0.2384,0.0000,0.0000,0.0000,0.0000,0.0000,0.0000,0.1273,0.1258,0.5077,0.5077,0.0000,0.0000,0.0000,-0.0014
1791179183.9752,0.0200,0.2330,0.0000,0.0000,0.0000,0.0000,0.0000,0.0000,0.1273,0.1273,0.5077,0.5077,0.0000,0.0000,0.0000,-0.0012
1791179183.9952,0.0200,0.2261,0.0000,0.0000,0.0000,0.0000,0.0000,0.0000,0.1273,0.1258,0.5077,0.5077,0.0000,0.0000,0.0000,-0.0012
1791179184.0152,0.0200,0.2264,0.0000,0.0000,0.0000,0.0000,0.0000,0.0000,0.1273,0.1258,0.5077,0.5077,0.0000,0.0000,0.0000,-0.0012
1791179184.0352,0.0200,0.2224,0.0000,0.0000,0.0000,0.0000,0.0000,0.0000,0.1273,0.1258,0.5077,0.5077,0.0000,0.0000,0.0000,-0.0012
1791179184.0552,0.0200,0.2270,0.0000,0.0000,0.0000,0.0000,0.0000,0.0000,0.1273,0.1273,0.5077,0.5077,0.0000,0.0000,0.0000,-0.0014
1791179184.0752,0.0200,0.2376,0.0000,0.0000,0.0000,0.0000,0.0000,0.0000,0.1273,0.1273,0.5077,0.5062,0.0000,0.0000,0.0000,-0.0012
1791179184.0952,0.0200,0.2072,0.0000,0.0000,0.0000,0.0000,0.0000,0.0000,0.1273,0.1258,0.5077,0.5062,0.0000,0.0000,0.0000,-0.0012
1791179184.1152,0.0200,0.2462,0.0000,0.0000,0.0000,0.0000,0.0000,0.0000,0.1273,0.1258,0.5077,0.5077,0.0000,0.0000,0.0000,-0.0012
1791179184.1352,0.0200,0.2298,0.0000,0.0000,0.0000,0.0000,0.0000,0.0000,0.1273,0.1273,0.5077,0.5062,0.0000,0.0000,0.0000,-0.0012
1791179184.1552,0.0200,0.1758,0.0000,0.0000,0.0000,0.0000,0.0000,0.0000,0.1273,0.1258,0.5077,0.5077,0.0000,0.0000,0.0000,-0.0012
1791179184.1752,0.0200,0.2326,0.0000,0.0000,0.0000,0.0000,0.0000,0.0000,0.1273,0.1258,0.5077,0.5077,0.0000,0.0000,0.0000,-0.0012
1791179184.1952,0.0200,0.1661,0.0000,0.0000,0.0000,0.0000,0.0000,0.0000,0.1273,0.1258,0.5077,0.5077,0.0000,0.0000,0.0000,-0.0012
1791179184.2152,0.0200,0.2293,0.0000,0.0000,0.0000,0.0000,0.0000,0.0000,0.1273,0.1258,0.5077,0.5077,0.0000,0.0000,0.0000,-0.0012
1791179184.2351,0.0200,0.2129,0.0000,0.0000,0.0000,0.0000,0.0000,0.0000,0.1273,0.1258,0.5077,0.5077,0.0000,0.0000,0.0000,-0.0012
1791179184.2552,0.0200,0.2293,0.0000,0.0000,0.0000,0.0000,0.0000,0.0000,0.1273,0.1258,0.5077,0.5077,0.0000,0.0000,0.0000,-0.0012
1791179184.2752,0.0200,0.2385,0.0000,0.0000,0.0000,0.0000,0.0000,0.0000,0.1273,0.1258,0.5077,0.5077,0.0000,0.0000,0.0000,-0.0012
1791179184.2952,0.0200,0.1633,0.0000,0.0000,0.0000,0.0000,0.0000,0.0000,0.1273,0.1258,0.5077,0.5077,0.0000,0.0000,0.0000,-0.0012
1791179184.3152,0.0200,0.2009,0.0000,0.0000,0.0000,0.0000,0.0000,0.0000,0.1273,0.1258,0.5077,0.5077,0.0000,0.0000,0.0000,-0.0012
1791179184.3352,0.0200,0.1831,0.0000,0.0000,0.0000,0.0000,0.0000,0.0000,0.1273,0.1273,0.5077,0.5077,0.0000,0.0000,0.0000,-0.0012
1791179184.3552,0.0200,0.1776,0.0000,0.0000,0.0000,0.0000,0.0000,0.0000,0.1273,0.1258,0.5077,0.5077,0.0000,0.0000,0.0000,-0.0012
1791179184.3751,0.0200,0.1820,0.0000,0.0000,0.0000,0.0000,0.0000,0.0000,0.1273,0.1258,0.5077,0.5077,0.0000,0.0000,0.0000,-0.0012
1791179184.3952,0.0200,0.2400,0.0000,0.0000,0.0000,0.0000,0.0000,0.0000,0.1273,0.1258,0.5077,0.5077,0.0000,0.0000,0.0000,-0.0012
1791179184.4152,0.0200,0.2052,0.0000,0.0000,0.0000,0.0000,0.0000,0.0000,0.1273,0.1273,0.5077,0.5077,0.0000,0.0000,0.0000,-0.0012
1791179184.4352,0.0200,0.2283,0.0000,0.0000,0.0000,0.0000,0.0000,0.0000,0.1273,0.1258,0.5077,0.5077,0.0000,0.0000,0.0000,-0.0012
1791179184.4552,0.0200,0.1983,0.0000,0.0000,0.0000,0.0000,0.0000,0.0000,0.1273,0.1258,0.5077,0.5062,0.0000,0.0000,0.0000,-0.0012
1791179184.4751,0.0200,0.2837,0.0000,0.0000,0.0000,0.0000,0.0000,0.0000,0.1273,0.1258,0.5077,0.5077,0.0000,0.0000,0.0000,-0.0012
1791179184.4952,0.0200,0.2802,0.0000,0.0000,0.0000,0.0000,0.0000,0.0000,0.1273,0.1258,0.5077,0.5077,0.0000,0.0000,0.0000,-0.0012
1791179184.5152,0.0200,0.2118,0.0000,0.0000,0.0000,0.0000,0.0000,0.0000,0.1273,0.1258,0.5077,0.5077,0.0000,0.0000,0.0000,-0.0012
1791179184.5352,0.0200,0.2353,0.0000,0.0000,0.0000,0.0000,0.0000,0.0000,0.1273,0.1258,0.5077,0.5077,0.0000,0.0000,0.0000,-0.0012
1791179184.5552,0.0200,0.1954,0.0000,0.0000,0.0000,0.0000,0.0000,0.0000,0.1273,0.1258,0.5077,0.5077,0.0000,0.0000,0.0000,-0.0012
1791179184.5751,0.0200,0.2111,0.0000,0.0000,0.0000,0.0000,0.0000,0.0000,0.1273,0.1273,0.5077,0.5077,0.0000,0.0000,0.0000,-0.0012
1791179184.5952,0.0200,0.2365,0.0000,0.0000,0.0000,0.0000,0.0000,0.0000,0.1273,0.1258,0.5077,0.5077,0.0000,0.0000,0.0000,-0.0012
1791179184.6152,0.0200,0.2729,0.0000,0.0000,0.0000,0.0000,0.0000,0.0000,0.1273,0.1258,0.5077,0.5077,0.0000,0.0000,0.0000,-0.0012
1791179184.6352,0.0200,0.2494,0.0000,0.0000,0.0000,0.0000,0.0000,0.0000,0.1273,0.1273,0.5077,0.5077,0.0000,0.0000,0.0000,-0.0012
1791179184.6552,0.0200,0.2360,0.0000,0.0000,0.0000,0.0000,0.0000,0.0000,0.1273,0.1273,0.5077,0.5077,0.0000,0.0000,0.0000,-0.0012
1791179184.6752,0.0200,0.2359,0.0000,0.0000,0.0000,0.0000,0.0000,0.0000,0.1273,0.1273,0.5077,0.5077,0.0000,0.0000,0.0000,-0.0012
1791179184.6952,0.0200,0.3238,0.0000,0.0000,0.0000,0.0000,0.0000,0.0000,0.1273,0.1273,0.5077,0.5077,0.0000,0.0000,0.0000,-0.0012
1791179184.7152,0.0200,0.3158,0.0000,0.0000,0.0000,0.0000,0.0000,0.0000,0.1273,0.1258,0.5077,0.5077,0.0000,0.0000,0.0000,-0.0012
1791179184.7352,0.0200,0.2324,0.0000,0.0000,0.0000,0.0000,0.0000,0.0000,0.1273,0.1273,0.5077,0.5077,0.0000,0.0000,0.0000,-0.0012
1791179184.7552,0.0200,0.2371,0.0000,0.0000,0.0000,0.0000,0.0000,0.0000,0.1273,0.1273,0.5077,0.5077,0.0000,0.0000,0.0000,-0.0012
1791179184.7751,0.0200,0.1935,0.0000,0.0000,0.0000,0.0000,0.0000,0.0000,0.1273,0.1258,0.5077,0.5062,0.0000,0.0000,0.0000,-0.0012
1791179184.7951,0.0200,0.1922,0.0000,0.0000,0.0000,0.0000,0.0000,0.0000,0.1273,0.1258,0.5077,0.5077,0.0000,0.0000,0.0000,-0.0012
1791179184.8151,0.0200,0.1883,0.0000,0.0000,0.0000,0.0000,0.0000,0.0000,0.1273,0.1258,0.5077,0.5077,0.0000,0.0000,0.0000,-0.0012
1791179184.8351,0.0200,0.1842,0.0000,0.0000,0.0000,0.0000,0.0000,0.0000,0.1273,0.1258,0.5077,0.5077,0.0000,0.0000,0.0000,-0.0012
1791179184.8551,0.0200,0.1812,0.0000,0.0000,0.0000,0.0000,0.0000,0.0000,0.1273,0.1258,0.5077,0.5077,0.0000,0.0000,0.0000,-0.0012
1791179184.8751,0.0200,0.2369,0.0000,0.0000,0.0000,0.0000,0.0000,0.0000,0.1273,0.1258,0.5077,0.5077,0.0000,0.0000,0.0000,-0.0012
1791179184.8952,0.0200,0.2320,0.0000,0.0000,0.0000,0.0000,0.0000,0.0000,0.1273,0.1258,0.5077,0.5077,0.0000,0.0000,0.0000,-0.0012
1791179184.9152,0.0200,0.2372,0.0000,0.0000,0.0000,0.0000,0.0000,0.0000,0.1273,0.1258,0.5077,0.5077,0.0000,0.0000,0.0000,-0.0012
1791179184.9351,0.0200,0.1858,0.0000,0.0000,0.0000,0.0000,0.0000,0.0000,0.1273,0.1258,0.5077,0.5077,0.0000,0.0000,0.0000,-0.0012
1791179184.9552,0.0200,0.2367,0.0000,0.0000,0.0000,0.0000,0.0000,0.0000,0.1273,0.1258,0.5077,0.5077,0.0000,0.0000,0.0000,-0.0012
1791179184.9752,0.0200,0.2237,0.0000,0.0000,0.0000,0.0000,0.0000,0.0000,0.1273,0.1273,0.5077,0.5077,0.0000,0.0000,0.0000,-0.0012
1791179184.9952,0.0200,0.2269,0.0000,0.0000,0.0000,0.0000,0.0000,0.0000,0.1273,0.1258,0.5077,0.5077,0.0000,0.0000,0.0000,-0.0012
1791179185.0152,0.0200,0.2281,0.0000,0.0000,0.0000,0.0000,0.0000,0.0000,0.1273,0.1273,0.5077,0.5077,0.0000,0.0000,0.0000,-0.0012
1791179185.0352,0.0200,0.2517,0.0000,0.0000,0.0000,0.0000,0.0000,0.0000,0.1273,0.1258,0.5077,0.5077,0.0000,0.0000,0.0000,-0.0012
1791179185.0552,0.0200,0.2285,0.0000,0.0000,0.0000,0.0000,0.0000,0.0000,0.1273,0.1258,0.5077,0.5077,0.0000,0.0000,0.0000,-0.0012
1791179185.0752,0.0200,0.2222,0.0000,0.0000,0.0000,0.0000,0.0000,0.0000,0.1273,0.1258,0.5077,0.5077,0.0000,0.0000,0.0000,-0.0012
1791179185.0952,0.0200,0.2252,0.0000,0.0000,0.0000,0.0000,0.0000,0.0000,0.1273,0.1273,0.5077,0.5077,0.0000,0.0000,0.0000,-0.0012
1791179185.1151,0.0200,0.2489,0.0000,0.0000,0.0000,0.0000,0.0000,0.0000,0.1273,0.1258,0.5077,0.5077,0.0000,0.0000,0.0000,-0.0012
1791179185.1351,0.0200,0.1719,0.0000,0.0000,0.0000,0.0000,0.0000,0.0000,0.1273,0.1258,0.5077,0.5077,0.0000,0.0000,0.0000,-0.0012
1791179185.1552,0.0200,0.2522,0.0000,0.0000,0.0000,0.0000,0.0000,0.0000,0.1273,0.1258,0.5077,0.5062,0.0000,0.0000,0.0000,-0.0012
1791179185.1752,0.0200,0.1790,0.0000,0.0000,0.0000,0.0000,0.0000,0.0000,0.1273,0.1258,0.5077,0.5077,0.0000,0.0000,0.0000,-0.0012
1791179185.1952,0.0200,0.2327,0.0000,0.0000,0.0000,0.0000,0.0000,0.0000,0.1273,0.1258,0.5077,0.5077,0.0000,0.0000,0.0000,-0.0012
1791179185.2152,0.0200,0.1708,0.0000,0.0000,0.0000,0.0000,0.0000,0.0000,0.1273,0.1258,0.5077,0.5077,0.0000,0.0000,0.0000,-0.0012
1791179185.2352,0.0200,0.2423,0.0000,0.0000,0.0000,0.0000,0.0000,0.0000,0.1273,0.1258,0.5077,0.5077,0.0000,0.0000,0.0000,-0.0012
1791179185.2552,0.0200,0.2367,0.0000,0.0000,0.0000,0.0000,0.0000,0.0000,0.1273,0.1258,0.5077,0.5077,0.0000,0.0000,0.0000,-0.0012
1791179185.2752,0.0200,0.3210,0.0000,0.0000,0.0000,0.0000,0.0000,0.0000,0.1273,0.1273,0.5077,0.5077,0.0000,0.0000,0.0000,-0.0012
1791179185.2952,0.0200,0.2877,0.0000,0.0000,0.0000,0.0000,0.0000,0.0000,0.1273,0.1273,0.5077,0.5077,0.0000,0.0000,0.0000,-0.0012
1791179185.3152,0.0200,0.2441,0.0000,0.0000,0.0000,0.0000,0.0000,0.0000,0.1273,0.1258,0.5077,0.5062,0.0000,0.0000,0.0000,-0.0012
1791179185.3352,0.0200,0.2342,0.0000,0.0000,0.0000,0.0000,0.0000,0.0000,0.1273,0.1273,0.5077,0.5077,0.0000,0.0000,0.0000,-0.0012
1791179185.3552,0.0200,0.2318,0.0000,0.0000,0.0000,0.0000,0.0000,0.0000,0.1273,0.1258,0.5077,0.5077,0.0000,0.0000,0.0000,-0.0012
1791179185.3752,0.0200,0.3147,0.0000,0.0000,0.0000,0.0000,0.0000,0.0000,0.1273,0.1258,0.5077,0.5077,0.0000,0.0000,0.0000,-0.0012
1791179185.3952,0.0200,0.2751,0.0000,0.0000,0.0000,0.0000,0.0000,0.0000,0.1273,0.1258,0.5077,0.5077,0.0000,0.0000,0.0000,-0.0014
1791179185.4152,0.0200,0.2092,0.0000,0.0000,0.0000,0.0000,0.0000,0.0000,0.1273,0.1273,0.5077,0.5077,0.0000,0.0000,0.0000,-0.0012
1791179185.4352,0.0200,0.2285,0.0000,0.0000,0.0000,0.0000,0.0000,0.0000,0.1273,0.1258,0.5077,0.5077,0.0000,0.0000,0.0000,-0.0012
1791179185.4552,0.0200,0.1999,0.0000,0.0000,0.0000,0.0000,0.0000,0.0000,0.1273,0.1258,0.5077,0.5077,0.0000,0.0000,0.0000,-0.0012
1791179185.4751,0.0200,0.2122,0.0000,0.0000,0.0000,0.0000,0.0000,0.0000,0.1273,0.1273,0.5077,0.5077,0.0000,0.0000,0.0000,-0.0012
1791179185.4952,0.0200,0.2309,0.0000,0.0000,0.0000,0.0000,0.0000,0.0000,0.1273,0.1258,0.5077,0.5062,0.0000,0.0000,0.0000,-0.0012
1791179185.5152,0.0200,0.2274,0.0000,0.0000,0.0000,0.0000,0.0000,0.0000,0.1273,0.1258,0.5077,0.5077,0.0000,0.0000,0.0000,-0.0012
1791179185.5352,0.0200,0.2215,0.0000,0.0000,0.0000,0.0000,0.0000,0.0000,0.1273,0.1258,0.5077,0.5077,0.0000,0.0000,0.0000,-0.0011
1791179185.5552,0.0200,0.2250,0.0000,0.0000,0.0000,0.0000,0.0000,0.0000,0.1273,0.1273,0.5077,0.5077,0.0000,0.0000,0.0000,-0.0012
1791179185.5752,0.0200,0.2257,0.0000,0.0000,0.0000,0.0000,0.0000,0.0000,0.1273,0.1258,0.5077,0.5077,0.0000,0.0000,0.0000,-0.0012
1791179185.5952,0.0200,0.2288,0.0000,0.0000,0.0000,0.0000,0.0000,0.0000,0.1273,0.1258,0.5077,0.5077,0.0000,0.0000,0.0000,-0.0012
1791179185.6152,0.0200,0.2255,0.0000,0.0000,0.0000,0.0000,0.0000,0.0000,0.1273,0.1258,0.5077,0.5077,0.0000,0.0000,0.0000,-0.0012
1791179185.6352,0.0200,0.2340,0.0000,0.0000,0.0000,0.0000,0.0000,0.0000,0.1273,0.1273,0.5077,0.5077,0.0000,0.0000,0.0000,-0.0012
1791179185.6552,0.0200,0.2336,0.0000,0.0000,0.0000,0.0000,0.0000,0.0000,0.1273,0.1273,0.5077,0.5077,0.0000,0.0000,0.0000,-0.0012
1791179185.6751,0.0200,0.1846,0.0000,0.0000,0.0000,0.0000,0.0000,0.0000,0.1273,0.1258,0.5077,0.5077,0.0000,0.0000,0.0000,-0.0012
1791179185.6951,0.0200,0.1866,0.0000,0.0000,0.0000,0.0000,0.0000,0.0000,0.1273,0.1258,0.5077,0.5077,0.0000,0.0000,0.0000,-0.0012
1791179185.7151,0.0200,0.1857,0.0000,0.0000,0.0000,0.0000,0.0000,0.0000,0.1273,0.1258,0.5077,0.5077,0.0000,0.0000,0.0000,-0.0012
1791179185.7351,0.0200,0.1836,0.0000,0.0000,0.0000,0.0000,0.0000,0.0000,0.1273,0.1258,0.5077,0.5077,0.0000,0.0000,0.0000,-0.0012
1791179185.7551,0.0200,0.2053,0.0000,0.0000,0.0000,0.0000,0.0000,0.0000,0.1273,0.1258,0.5077,0.5077,0.0000,0.0000,0.0000,-0.0012
1791179185.7751,0.0200,0.2493,0.0000,0.0000,0.0000,0.0000,0.0000,0.0000,0.1273,0.1258,0.5077,0.5077,0.0000,0.0000,0.0000,-0.0012
1791179185.7951,0.0200,0.2195,0.0000,0.0000,0.0000,0.0000,0.0000,0.0000,0.1273,0.1258,0.5077,0.5077,0.0000,0.0000,0.0000,-0.0012
1791179185.8151,0.0200,0.2089,0.0000,0.0000,0.0000,0.0000,0.0000,0.0000,0.1273,0.1273,0.5077,0.5062,0.0000,0.0000,0.0000,-0.0012
1791179185.8352,0.0200,0.2359,0.0000,0.0000,0.0000,0.0000,0.0000,0.0000,0.1273,0.1258,0.5077,0.5077,0.0000,0.0000,0.0000,-0.0012
1791179185.8552,0.0200,0.2252,0.0000,0.0000,0.0000,0.0000,0.0000,0.0000,0.1273,0.1258,0.5077,0.5077,0.0000,0.0000,0.0000,-0.0012
1791179185.8752,0.0200,0.2138,0.0000,0.0000,0.0000,0.0000,0.0000,0.0000,0.1273,0.1258,0.5077,0.5077,0.0000,0.0000,0.0000,-0.0012
1791179185.8952,0.0200,0.2321,0.0000,0.0000,0.0000,0.0000,0.0000,0.0000,0.1273,0.1273,0.5077,0.5077,0.0000,0.0000,0.0000,-0.0012
1791179185.9152,0.0200,0.2280,0.0000,0.0000,0.0000,0.0000,0.0000,0.0000,0.1273,0.1258,0.5077,0.5077,0.0000,0.0000,0.0000,-0.0012
1791179185.9352,0.0200,0.2367,0.0000,0.0000,0.0000,0.0000,0.0000,0.0000,0.1273,0.1258,0.5077,0.5077,0.0000,0.0000,0.0000,-0.0012
1791179185.9552,0.0200,0.2308,0.0000,0.0000,0.0000,0.0000,0.0000,0.0000,0.1273,0.1258,0.5077,0.5077,0.0000,0.0000,0.0000,-0.0012
1791179185.9752,0.0200,0.1673,0.0000,0.0000,0.0000,0.0000,0.0000,0.0000,0.1273,0.1273,0.5077,0.5077,0.0000,0.0000,0.0000,-0.0012
1791179185.9951,0.0200,0.2437,0.0000,0.0000,0.0000,0.0000,0.0000,0.0000,0.1273,0.1258,0.5077,0.5062,0.0000,0.0000,0.0000,-0.0012
1791179186.0151,0.0200,0.1854,0.0000,0.0000,0.0000,0.0000,0.0000,0.0000,0.1273,0.1258,0.5077,0.5077,0.0000,0.0000,0.0000,-0.0012
1791179186.0351,0.0200,0.2313,0.0000,0.0000,0.0000,0.0000,0.0000,0.0000,0.1273,0.1258,0.5077,0.5077,0.0000,0.0000,0.0000,-0.0012
1791179186.0552,0.0200,0.2420,0.0000,0.0000,0.0000,0.0000,0.0000,0.0000,0.1273,0.1258,0.5077,0.5077,0.0000,0.0000,0.0000,-0.0012
1791179186.0752,0.0200,0.1778,0.0000,0.0000,0.0000,0.0000,0.0000,0.0000,0.1273,0.1273,0.5077,0.5062,0.0000,0.0000,0.0000,-0.0012
1791179186.0951,0.0200,0.1859,0.0000,0.0000,0.0000,0.0000,0.0000,0.0000,0.1273,0.1258,0.5077,0.5077,0.0000,0.0000,0.0000,-0.0012
1791179186.1152,0.0200,0.2538,0.0000,0.0000,0.0000,0.0000,0.0000,0.0000,0.1273,0.1258,0.5077,0.5077,0.0000,0.0000,0.0000,-0.0012
1791179186.1352,0.0200,0.2137,0.0000,0.0000,0.0000,0.0000,0.0000,0.0000,0.1273,0.1273,0.5077,0.5077,0.0000,0.0000,0.0000,-0.0012
1791179186.1552,0.0200,0.2343,0.0000,0.0000,0.0000,0.0000,0.0000,0.0000,0.1273,0.1258,0.5077,0.5077,0.0000,0.0000,0.0000,-0.0012
1791179186.1752,0.0200,0.1779,0.0000,0.0000,0.0000,0.0000,0.0000,0.0000,0.1273,0.1258,0.5077,0.5077,0.0000,0.0000,0.0000,-0.0012
1791179186.1952,0.0200,0.2456,0.0000,0.0000,0.0000,0.0000,0.0000,0.0000,0.1273,0.1258,0.5077,0.5062,0.0000,0.0000,0.0000,-0.0012
1791179186.2152,0.0200,0.2324,0.0000,0.0000,0.0000,0.0000,0.0000,0.0000,0.1273,0.1258,0.5077,0.5077,0.0000,0.0000,0.0000,-0.0012
1791179186.2352,0.0200,0.3415,0.0000,0.0000,0.0000,0.0000,0.0000,0.0000,0.1273,0.1258,0.5077,0.5077,0.0000,0.0000,0.0000,-0.0012
1791179186.2552,0.0200,0.2100,0.0000,0.0000,0.0000,0.0000,0.0000,0.0000,0.1273,0.1258,0.5077,0.5077,0.0000,0.0000,0.0000,-0.0012
1791179186.2752,0.0200,0.2161,0.0000,0.0000,0.0000,0.0000,0.0000,0.0000,0.1273,0.1258,0.5077,0.5077,0.0000,0.0000,0.0000,-0.0012
1791179186.2951,0.0199,0.2218,0.0000,0.0000,0.0000,0.0000,0.0000,0.0000,0.1273,0.1258,0.5077,0.5077,0.0000,0.0000,0.0000,-0.0012
1791179186.3151,0.0200,0.2377,0.0000,0.0000,0.0000,0.0000,0.0000,0.0000,0.1273,0.1258,0.5077,0.5077,0.0000,0.0000,0.0000,-0.0012
1791179186.3352,0.0200,0.2024,0.0000,0.0000,0.0000,0.0000,0.0000,0.0000,0.1273,0.1273,0.5077,0.5077,0.0000,0.0000,0.0000,-0.0012
1791179186.3551,0.0200,0.2179,0.0000,0.0000,0.0000,0.0000,0.0000,0.0000,0.1273,0.1258,0.5077,0.5077,0.0000,0.0000,0.0000,-0.0012
1791179186.3752,0.0200,0.2317,0.0000,0.0000,0.0000,0.0000,0.0000,0.0000,0.1273,0.1258,0.5077,0.5077,0.0000,0.0000,0.0000,-0.0012
1791179186.3952,0.0200,0.1997,0.0000,0.0000,0.0000,0.0000,0.0000,0.0000,0.1273,0.1258,0.5077,0.5077,0.0000,0.0000,0.0000,-0.0012
1791179186.4152,0.0200,0.2383,0.0000,0.0000,0.0000,0.0000,0.0000,0.0000,0.1273,0.1258,0.5077,0.5077,0.0000,0.0000,0.0000,-0.0012
1791179186.4352,0.0200,0.2428,0.0000,0.0000,0.0000,0.0000,0.0000,0.0000,0.1273,0.1258,0.5077,0.5077,0.0000,0.0000,0.0000,-0.0012
1791179186.4552,0.0200,0.3192,0.0000,0.0000,0.0000,0.0000,0.0000,0.0000,0.1273,0.1258,0.5077,0.5077,0.0000,0.0000,0.0000,-0.0012
1791179186.4752,0.0200,0.3075,0.0000,0.0000,0.0000,0.0000,0.0000,0.0000,0.1273,0.1258,0.5077,0.5077,0.0000,0.0000,0.0000,-0.0012
1791179186.4952,0.0200,0.3316,0.0000,0.0000,0.0000,0.0000,0.0000,0.0000,0.1273,0.1273,0.5077,0.5077,0.0000,0.0000,0.0000,-0.0012
1791179186.5152,0.0200,0.2379,0.0000,0.0000,0.0000,0.0000,0.0000,0.0000,0.1273,0.1258,0.5077,0.5077,0.0000,0.0000,0.0000,-0.0012
1791179186.5352,0.0200,0.2341,0.0000,0.0000,0.0000,0.0000,0.0000,0.0000,0.1273,0.1258,0.5077,0.5077,0.0000,0.0000,0.0000,-0.0012
1791179186.5552,0.0200,0.3331,0.0000,0.0000,0.0000,0.0000,0.0000,0.0000,0.1273,0.1273,0.5077,0.5062,0.0000,0.0000,0.0000,-0.0012
1791179186.5752,0.0200,0.2503,0.0000,0.0000,0.0000,0.0000,0.0000,0.0000,0.1273,0.1258,0.5077,0.5077,0.0000,0.0000,0.0000,-0.0012
1791179186.5952,0.0200,0.2572,0.0000,0.0000,0.0000,0.0000,0.0000,0.0000,0.1273,0.1273,0.5077,0.5077,0.0000,0.0000,0.0000,-0.0012
1791179186.6151,0.0200,0.1723,0.0000,0.0000,0.0000,0.0000,0.0000,0.0000,0.1273,0.1258,0.5077,0.5077,0.0000,0.0000,0.0000,-0.0012
1791179186.6351,0.0200,0.2570,0.0000,0.0000,0.0000,0.0000,0.0000,0.0000,0.1273,0.1273,0.5077,0.5062,0.0000,0.0000,0.0000,-0.0014
1791179186.6551,0.0200,0.1832,0.0000,0.0000,0.0000,0.0000,0.0000,0.0000,0.1273,0.1258,0.5077,0.5077,0.0000,0.0000,0.0000,-0.0012
1791179186.6751,0.0200,0.2398,0.0000,0.0000,0.0000,0.0000,0.0000,0.0000,0.1273,0.1258,0.5077,0.5077,0.0000,0.0000,0.0000,-0.0012
1791179186.6951,0.0200,0.2103,0.0000,0.0000,0.0000,0.0000,0.0000,0.0000,0.1273,0.1258,0.5077,0.5077,0.0000,0.0000,0.0000,-0.0012
1791179186.7151,0.0200,0.2375,0.0000,0.0000,0.0000,0.0000,0.0000,0.0000,0.1273,0.1273,0.5077,0.5077,0.0000,0.0000,0.0000,-0.0012
1791179186.7351,0.0200,0.2121,0.0000,0.0000,0.0000,0.0000,0.0000,0.0000,0.1273,0.1258,0.5077,0.5062,0.0000,0.0000,0.0000,-0.0014
1791179186.7552,0.0200,0.2354,0.0000,0.0000,0.0000,0.0000,0.0000,0.0000,0.1273,0.1258,0.5077,0.5062,0.0000,0.0000,0.0000,-0.0012
1791179186.7752,0.0200,0.2792,0.0000,0.0000,0.0000,0.0000,0.0000,0.0000,0.1273,0.1258,0.5077,0.5077,0.0000,0.0000,0.0000,-0.0012
1791179186.7952,0.0200,0.2042,0.0000,0.0000,0.0000,0.0000,0.0000,0.0000,0.1273,0.1258,0.5077,0.5077,0.0000,0.0000,0.0000,-0.0012
1791179186.8152,0.0200,0.2251,0.0000,0.0000,0.0000,0.0000,0.0000,0.0000,0.1273,0.1258,0.5077,0.5062,0.0000,0.0000,0.0000,-0.0012
1791179186.8351,0.0200,0.2162,0.0000,0.0000,0.0000,0.0000,0.0000,0.0000,0.1273,0.1258,0.5077,0.5077,0.0000,0.0000,0.0000,-0.0012
1791179186.8552,0.0200,0.2302,0.0000,0.0000,0.0000,0.0000,0.0000,0.0000,0.1273,0.1273,0.5077,0.5077,0.0000,0.0000,0.0000,-0.0012
1791179186.8752,0.0200,0.2289,0.0000,0.0000,0.0000,0.0000,0.0000,0.0000,0.1273,0.1258,0.5077,0.5077,0.0000,0.0000,0.0000,-0.0012
1791179186.8952,0.0200,0.2449,0.0000,0.0000,0.0000,0.0000,0.0000,0.0000,0.1273,0.1258,0.5077,0.5077,0.0000,0.0000,0.0000,-0.0012
1791179186.9152,0.0200,0.2346,0.0000,0.0000,0.0000,0.0000,0.0000,0.0000,0.1273,0.1258,0.5077,0.5077,0.0000,0.0000,0.0000,-0.0012
1791179186.9352,0.0200,0.2377,0.0000,0.0000,0.0000,0.0000,0.0000,0.0000,0.1273,0.1258,0.5077,0.5077,0.0000,0.0000,0.0000,-0.0012
1791179186.9551,0.0200,0.2226,0.0000,0.0000,0.0000,0.0000,0.0000,0.0000,0.1273,0.1273,0.5077,0.5077,0.0000,0.0000,0.0000,-0.0012
1791179186.9752,0.0200,0.2576,0.0000,0.0000,0.0000,0.0000,0.0000,0.0000,0.1273,0.1258,0.5077,0.5077,0.0000,0.0000,0.0000,-0.0012
1791179186.9952,0.0200,0.1791,0.0000,0.0000,0.0000,0.0000,0.0000,0.0000,0.1273,0.1258,0.5077,0.5077,0.0000,0.0000,0.0000,-0.0012
1791179187.0152,0.0200,0.2457,0.0000,0.0000,0.0000,0.0000,0.0000,0.0000,0.1273,0.1258,0.5077,0.5077,0.0000,0.0000,0.0000,-0.0012
1791179187.0352,0.0200,0.2164,0.0000,0.0000,0.0000,0.0000,0.0000,0.0000,0.1273,0.1258,0.5077,0.5077,0.0000,0.0000,0.0000,-0.0012
1791179187.0552,0.0200,0.2321,0.0000,0.0000,0.0000,0.0000,0.0000,0.0000,0.1273,0.1258,0.5077,0.5077,0.0000,0.0000,0.0000,-0.0012
1791179187.0752,0.0200,0.1809,0.0000,0.0000,0.0000,0.0000,0.0000,0.0000,0.1273,0.1258,0.5077,0.5077,0.0000,0.0000,0.0000,-0.0012
1791179187.0952,0.0200,0.2453,0.0000,0.0000,0.0000,0.0000,0.0000,0.0000,0.1273,0.1273,0.5077,0.5077,0.0000,0.0000,0.0000,-0.0012
1791179187.1152,0.0200,0.3209,0.0000,0.0000,0.0000,0.0000,0.0000,0.0000,0.1273,0.1258,0.5077,0.5077,0.0000,0.0000,0.0000,-0.0012
1791179187.1352,0.0200,0.2737,0.0000,0.0000,0.0000,0.0000,0.0000,0.0000,0.1273,0.1273,0.5077,0.5077,0.0000,0.0000,0.0000,-0.0012
1791179187.1552,0.0200,0.2927,0.0000,0.0000,0.0000,0.0000,0.0000,0.0000,0.1273,0.1273,0.5077,0.5077,0.0000,0.0000,0.0000,-0.0012
1791179187.1752,0.0200,0.2394,0.0000,0.0000,0.0000,0.0000,0.0000,0.0000,0.1273,0.1273,0.5077,0.5077,0.0000,0.0000,0.0000,-0.0012
1791179187.1952,0.0200,0.2357,0.0000,0.0000,0.0000,0.0000,0.0000,0.0000,0.1273,0.1273,0.5077,0.5077,0.0000,0.0000,0.0000,-0.0012
1791179187.2152,0.0200,0.3268,0.0000,0.0000,0.0000,0.0000,0.0000,0.0000,0.1273,0.1258,0.5077,0.5062,0.0000,0.0000,0.0000,-0.0014
1791179187.2352,0.0200,0.2784,0.0000,0.0000,0.0000,0.0000,0.0000,0.0000,0.1273,0.1258,0.5077,0.5077,0.0000,0.0000,0.0000,-0.0012
1791179187.2552,0.0200,0.2399,0.0000,0.0000,0.0000,0.0000,0.0000,0.0000,0.1273,0.1273,0.5077,0.5077,0.0000,0.0000,0.0000,-0.0012
1791179187.2751,0.0200,0.2302,0.0000,0.0000,0.0000,0.0000,0.0000,0.0000,0.1273,0.1258,0.5077,0.5077,0.0000,0.0000,0.0000,-0.0012
1791179187.2952,0.0200,0.2343,0.0000,0.0000,0.0000,0.0000,0.0000,0.0000,0.1273,0.1273,0.5077,0.5077,0.0000,0.0000,0.0000,-0.0012
1791179187.3152,0.0200,0.2194,0.0000,0.0000,0.0000,0.0000,0.0000,0.0000,0.1273,0.1273,0.5077,0.5077,0.0000,0.0000,0.0000,-0.0012
1791179187.3351,0.0200,0.2140,0.0000,0.0000,0.0000,0.0000,0.0000,0.0000,0.1273,0.1258,0.5077,0.5077,0.0000,0.0000,0.0000,-0.0012
1791179187.3552,0.0200,0.2066,0.0000,0.0000,0.0000,0.0000,0.0000,0.0000,0.1273,0.1273,0.5077,0.5077,0.0000,0.0000,0.0000,-0.0012
1791179187.3752,0.0200,0.2384,0.0000,0.0000,0.0000,0.0000,0.0000,0.0000,0.1273,0.1258,0.5077,0.5077,0.0000,0.0000,0.0000,-0.0012
1791179187.3952,0.0200,0.2422,0.0000,0.0000,0.0000,0.0000,0.0000,0.0000,0.1273,0.1273,0.5077,0.5077,0.0000,0.0000,0.0000,-0.0012
1791179187.4152,0.0200,0.2584,0.0000,0.0000,0.0000,0.0000,0.0000,0.0000,0.1273,0.1258,0.5077,0.5062,0.0000,0.0000,0.0000,-0.0012
1791179187.4352,0.0200,0.2549,0.0000,0.0000,0.0000,0.0000,0.0000,0.0000,0.1273,0.1258,0.5077,0.5077,0.0000,0.0000,0.0000,-0.0012
1791179187.4552,0.0200,0.2529,0.0000,0.0000,0.0000,0.0000,0.0000,0.0000,0.1273,0.1258,0.5077,0.5077,0.0000,0.0000,0.0000,-0.0012
1791179187.4751,0.0200,0.1832,0.0000,0.0000,0.0000,0.0000,0.0000,0.0000,0.1273,0.1258,0.5077,0.5077,0.0000,0.0000,0.0000,-0.0012
1791179187.4951,0.0200,0.1874,0.0000,0.0000,0.0000,0.0000,0.0000,0.0000,0.1273,0.1258,0.5077,0.5077,0.0000,0.0000,0.0000,-0.0012
1791179187.5151,0.0200,0.1865,0.0000,0.0000,0.0000,0.0000,0.0000,0.0000,0.1273,0.1258,0.5077,0.5077,0.0000,0.0000,0.0000,-0.0012
1791179187.5351,0.0200,0.1885,0.0000,0.0000,0.0000,0.0000,0.0000,0.0000,0.1273,0.1258,0.5077,0.5077,0.0000,0.0000,0.0000,-0.0012
1791179187.5551,0.0200,0.1929,0.0000,0.0000,0.0000,0.0000,0.0000,0.0000,0.1273,0.1258,0.5077,0.5077,0.0000,0.0000,0.0000,-0.0012
1791179187.5751,0.0200,0.2391,0.0000,0.0000,0.0000,0.0000,0.0000,0.0000,0.1273,0.1258,0.5077,0.5077,0.0000,0.0000,0.0000,-0.0012
1791179187.5952,0.0200,0.2464,0.0000,0.0000,0.0000,0.0000,0.0000,0.0000,0.1273,0.1273,0.5077,0.5077,0.0000,0.0000,0.0000,-0.0012
1791179187.6151,0.0200,0.2087,0.0000,0.0000,0.0000,0.0000,0.0000,0.0000,0.1273,0.1258,0.5077,0.5077,0.0000,0.0000,0.0000,-0.0012
1791179187.6351,0.0200,0.2414,0.0000,0.0000,0.0000,0.0000,0.0000,0.0000,0.1273,0.1258,0.5077,0.5077,0.0000,0.0000,0.0000,-0.0012
1791179187.6552,0.0200,0.2302,0.0000,0.0000,0.0000,0.0000,0.0000,0.0000,0.1273,0.1258,0.5077,0.5077,0.0000,0.0000,0.0000,-0.0012
1791179187.6752,0.0200,0.2315,0.0000,0.0000,0.0000,0.0000,0.0000,0.0000,0.1273,0.1258,0.5077,0.5062,0.0000,0.0000,0.0000,-0.0012
1791179187.6952,0.0200,0.2236,0.0000,0.0000,0.0000,0.0000,0.0000,0.0000,0.1273,0.1258,0.5077,0.5077,0.0000,0.0000,0.0000,-0.0012
1791179187.7152,0.0200,0.2446,0.0000,0.0000,0.0000,0.0000,0.0000,0.0000,0.1273,0.1273,0.5077,0.5077,0.0000,0.0000,0.0000,-0.0012
1791179187.7352,0.0200,0.2305,0.0000,0.0000,0.0000,0.0000,0.0000,0.0000,0.1273,0.1258,0.5077,0.5077,0.0000,0.0000,0.0000,-0.0012
1791179187.7552,0.0200,0.2284,0.0000,0.0000,0.0000,0.0000,0.0000,0.0000,0.1273,0.1273,0.5077,0.5062,0.0000,0.0000,0.0000,-0.0012
1791179187.7752,0.0200,0.2225,0.0000,0.0000,0.0000,0.0000,0.0000,0.0000,0.1273,0.1258,0.5077,0.5077,0.0000,0.0000,0.0000,-0.0012
1791179187.7952,0.0200,0.2404,0.0000,0.0000,0.0000,0.0000,0.0000,0.0000,0.1273,0.1258,0.5077,0.5077,0.0000,0.0000,0.0000,-0.0012
1791179187.8152,0.0200,0.2297,0.0000,0.0000,0.0000,0.0000,0.0000,0.0000,0.1273,0.1258,0.5077,0.5077,0.0000,0.0000,0.0000,-0.0012
1791179187.8352,0.0200,0.2205,0.0000,0.0000,0.0000,0.0000,0.0000,0.0000,0.1273,0.1258,0.5077,0.5077,0.0000,0.0000,0.0000,-0.0012
1791179187.8552,0.0200,0.1995,0.0000,0.0000,0.0000,0.0000,0.0000,0.0000,0.1273,0.1273,0.5077,0.5077,0.0000,0.0000,0.0000,-0.0012
1791179187.8751,0.0199,0.1841,0.0000,0.0000,0.0000,0.0000,0.0000,0.0000,0.1273,0.1258,0.5077,0.5077,0.0000,0.0000,0.0000,-0.0012
1791179187.8952,0.0200,0.2362,0.0000,0.0000,0.0000,0.0000,0.0000,0.0000,0.1273,0.1273,0.5077,0.5077,0.0000,0.0000,0.0000,-0.0012
1791179187.9151,0.0200,0.2159,0.0000,0.0000,0.0000,0.0000,0.0000,0.0000,0.1273,0.1258,0.5077,0.5077,0.0000,0.0000,0.0000,-0.0012
1791179187.9352,0.0200,0.2322,0.0000,0.0000,0.0000,0.0000,0.0000,0.0000,0.1273,0.1258,0.5077,0.5077,0.0000,0.0000,0.0000,-0.0012
1791179187.9552,0.0200,0.1814,0.0000,0.0000,0.0000,0.0000,0.0000,0.0000,0.1273,0.1273,0.5077,0.5077,0.0000,0.0000,0.0000,-0.0012
1791179187.9752,0.0200,0.3401,0.0000,0.0000,0.0000,0.0000,0.0000,0.0000,0.1273,0.1258,0.5077,0.5062,0.0000,0.0000,0.0000,-0.0012
1791179187.9952,0.0200,0.2233,0.0000,0.0000,0.0000,0.0000,0.0000,0.0000,0.1273,0.1258,0.5077,0.5077,0.0000,0.0000,0.0000,-0.0012
1791179188.0152,0.0200,0.2338,0.0000,0.0000,0.0000,0.0000,0.0000,0.0000,0.1273,0.1258,0.5077,0.5077,0.0000,0.0000,0.0000,-0.0012
1791179188.0352,0.0200,0.1995,0.0000,0.0000,0.0000,0.0000,0.0000,0.0000,0.1273,0.1258,0.5077,0.5077,0.0000,0.0000,0.0000,-0.0012
1791179188.0552,0.0200,0.2249,0.0000,0.0000,0.0000,0.0000,0.0000,0.0000,0.1273,0.1273,0.5077,0.5077,0.0000,0.0000,0.0000,-0.0012
1791179188.0752,0.0200,0.2377,0.0000,0.0000,0.0000,0.0000,0.0000,0.0000,0.1273,0.1258,0.5077,0.5062,0.0000,0.0000,0.0000,-0.0012
1791179188.0952,0.0200,0.2026,0.0000,0.0000,0.0000,0.0000,0.0000,0.0000,0.1273,0.1258,0.5077,0.5077,0.0000,0.0000,0.0000,-0.0012
1791179188.1152,0.0200,0.3273,0.0000,0.0000,0.0000,0.0000,0.0000,0.0000,0.1273,0.1273,0.5077,0.5077,0.0000,0.0000,0.0000,-0.0012
1791179188.1352,0.0200,0.2744,0.0000,0.0000,0.0000,0.0000,0.0000,0.0000,0.1273,0.1258,0.5077,0.5077,0.0000,0.0000,0.0000,-0.0012
1791179188.1552,0.0201,0.2793,0.0000,0.0000,0.0000,0.0000,0.0000,0.0000,0.1273,0.1258,0.5077,0.5077,0.0000,0.0000,0.0000,-0.0012
1791179188.1752,0.0200,0.2221,0.0000,0.0000,0.0000,0.0000,0.0000,0.0000,0.1273,0.1258,0.5077,0.5077,0.0000,0.0000,0.0000,-0.0012
1791179188.1952,0.0200,0.2060,0.0000,0.0000,0.0000,0.0000,0.0000,0.0000,0.1273,0.1258,0.5077,0.5077,0.0000,0.0000,0.0000,-0.0012
1791179188.2152,0.0200,0.2033,0.0000,0.0000,0.0000,0.0000,0.0000,0.0000,0.1273,0.1258,0.5077,0.5062,0.0000,0.0000,0.0000,-0.0012
1791179188.2352,0.0200,0.2401,0.0000,0.0000,0.0000,0.0000,0.0000,0.0000,0.1273,0.1273,0.5077,0.5077,0.0000,0.0000,0.0000,-0.0012
1791179188.2552,0.0200,0.2111,0.0000,0.0000,0.0000,0.0000,0.0000,0.0000,0.1273,0.1258,0.5077,0.5077,0.0000,0.0000,0.0000,-0.0012
1791179188.2752,0.0200,0.1999,0.0000,0.0000,0.0000,0.0000,0.0000,0.0000,0.1273,0.1258,0.5077,0.5062,0.0000,0.0000,0.0000,-0.0012
1791179188.2952,0.0200,0.2409,0.0000,0.0000,0.0000,0.0000,0.0000,0.0000,0.1273,0.1258,0.5077,0.5077,0.0000,0.0000,0.0000,-0.0011
1791179188.3152,0.0200,0.2393,0.0000,0.0000,0.0000,0.0000,0.0000,0.0000,0.1273,0.1258,0.5077,0.5077,0.0000,0.0000,0.0000,-0.0012
1791179188.3352,0.0200,0.2414,0.0000,0.0000,0.0000,0.0000,0.0000,0.0000,0.1273,0.1258,0.5077,0.5077,0.0000,0.0000,0.0000,-0.0012
1791179188.3552,0.0200,0.2407,0.0000,0.0000,0.0000,0.0000,0.0000,0.0000,0.1273,0.1258,0.5077,0.5077,0.0000,0.0000,0.0000,-0.0012
1791179188.3752,0.0200,0.2438,0.0000,0.0000,0.0000,0.0000,0.0000,0.0000,0.1273,0.1273,0.5077,0.5077,0.0000,0.0000,0.0000,-0.0012
1791179188.3951,0.0200,0.1812,0.0000,0.0000,0.0000,0.0000,0.0000,0.0000,0.1273,0.1258,0.5077,0.5077,0.0000,0.0000,0.0000,-0.0012
1791179188.4151,0.0200,0.2329,0.0000,0.0000,0.0000,0.0000,0.0000,0.0000,0.1273,0.1258,0.5077,0.5077,0.0000,0.0000,0.0000,-0.0012
1791179188.4351,0.0200,0.1862,0.0000,0.0000,0.0000,0.0000,0.0000,0.0000,0.1273,0.1258,0.5077,0.5077,0.0000,0.0000,0.0000,-0.0012
1791179188.4551,0.0200,0.2428,0.0000,0.0000,0.0000,0.0000,0.0000,0.0000,0.1273,0.1258,0.5077,0.5077,0.0000,0.0000,0.0000,-0.0011
1791179188.4751,0.0200,0.1653,0.0000,0.0000,0.0000,0.0000,0.0000,0.0000,0.1273,0.1273,0.5077,0.5077,0.0000,0.0000,0.0000,-0.0012
1791179188.4951,0.0200,0.2464,0.0000,0.0000,0.0000,0.0000,0.0000,0.0000,0.1273,0.1273,0.5077,0.5077,0.0000,0.0000,0.0000,-0.0012
1791179188.5151,0.0200,0.2325,0.0000,0.0000,0.0000,0.0000,0.0000,0.0000,0.1273,0.1273,0.5077,0.5077,0.0000,0.0000,0.0000,-0.0012
1791179188.5351,0.0200,0.3030,0.0000,0.0000,0.0000,0.0000,0.0000,0.0000,0.1273,0.1258,0.5077,0.5077,0.0000,0.0000,0.0000,-0.0012
1791179188.5551,0.0200,0.1923,0.0000,0.0000,0.0000,0.0000,0.0000,0.0000,0.1273,0.1258,0.5077,0.5077,0.0000,0.0000,0.0000,-0.0012
1791179188.5752,0.0200,0.2366,0.0000,0.0000,0.0000,0.0000,0.0000,0.0000,0.1273,0.1258,0.5077,0.5077,0.0000,0.0000,0.0000,-0.0012
1791179188.5952,0.0200,0.2344,0.0000,0.0000,0.0000,0.0000,0.0000,0.0000,0.1273,0.1273,0.5077,0.5077,0.0000,0.0000,0.0000,-0.0012
1791179188.6152,0.0200,0.2253,0.0000,0.0000,0.0000,0.0000,0.0000,0.0000,0.1273,0.1258,0.5077,0.5077,0.0000,0.0000,0.0000,-0.0012
1791179188.6352,0.0200,0.2372,0.0000,0.0000,0.0000,0.0000,0.0000,0.0000,0.1273,0.1273,0.5077,0.5077,0.0000,0.0000,0.0000,-0.0012
1791179188.6552,0.0200,0.2334,0.0000,0.0000,0.0000,0.0000,0.0000,0.0000,0.1273,0.1258,0.5077,0.5077,0.0000,0.0000,0.0000,-0.0012
1791179188.6752,0.0200,0.2246,0.0000,0.0000,0.0000,0.0000,0.0000,0.0000,0.1273,0.1273,0.5077,0.5077,0.0000,0.0000,0.0000,-0.0012
1791179188.6952,0.0200,0.2249,0.0000,0.0000,0.0000,0.0000,0.0000,0.0000,0.1273,0.1258,0.5077,0.5077,0.0000,0.0000,0.0000,-0.0012
1791179188.7152,0.0200,0.2318,0.0000,0.0000,0.0000,0.0000,0.0000,0.0000,0.1273,0.1273,0.5077,0.5077,0.0000,0.0000,0.0000,-0.0012
1791179188.7352,0.0200,0.2257,0.0000,0.0000,0.0000,0.0000,0.0000,0.0000,0.1273,0.1273,0.5077,0.5077,0.0000,0.0000,0.0000,-0.0012
1791179188.7552,0.0200,0.2734,0.0000,0.0000,0.0000,0.0000,0.0000,0.0000,0.1273,0.1273,0.5077,0.5077,0.0000,0.0000,0.0000,-0.0012
1791179188.7752,0.0200,0.2293,0.0000,0.0000,0.0000,0.0000,0.0000,0.0000,0.1273,0.1258,0.5077,0.5077,0.0000,0.0000,0.0000,-0.0012
1791179188.7952,0.0200,0.1990,0.0000,0.0000,0.0000,0.0000,0.0000,0.0000,0.1273,0.1258,0.5077,0.5077,0.0000,0.0000,0.0000,-0.0012
1791179188.8151,0.0200,0.2133,0.0000,0.0000,0.0000,0.0000,0.0000,0.0000,0.1273,0.1258,0.5077,0.5062,0.0000,0.0000,0.0000,-0.0012
1791179188.8352,0.0200,0.2277,0.0000,0.0000,0.0000,0.0000,0.0000,0.0000,0.1273,0.1273,0.5077,0.5077,0.0000,0.0000,0.0000,-0.0012
1791179188.8552,0.0200,0.1807,0.0000,0.0000,0.0000,0.0000,0.0000,0.0000,0.1273,0.1258,0.5077,0.5062,0.0000,0.0000,0.0000,-0.0012
1791179188.8751,0.0200,0.2096,0.0000,0.0000,0.0000,0.0000,0.0000,0.0000,0.1273,0.1273,0.5077,0.5077,0.0000,0.0000,0.0000,-0.0012
1791179188.8952,0.0200,0.2262,0.0000,0.0000,0.0000,0.0000,0.0000,0.0000,0.1273,0.1273,0.5077,0.5077,0.0000,0.0000,0.0000,-0.0012
1791179188.9151,0.0200,0.2177,0.0000,0.0000,0.0000,0.0000,0.0000,0.0000,0.1273,0.1258,0.5077,0.5077,0.0000,0.0000,0.0000,-0.0012
1791179188.9352,0.0200,0.2010,0.0000,0.0000,0.0000,0.0000,0.0000,0.0000,0.1273,0.1258,0.5077,0.5077,0.0000,0.0000,0.0000,-0.0012
1791179188.9551,0.0200,0.2102,0.0000,0.0000,0.0000,0.0000,0.0000,0.0000,0.1273,0.1273,0.5077,0.5077,0.0000,0.0000,0.0000,-0.0012
1791179188.9752,0.0200,0.2298,0.0000,0.0000,0.0000,0.0000,0.0000,0.0000,0.1273,0.1258,0.5077,0.5077,0.0000,0.0000,0.0000,-0.0012
1791179188.9952,0.0200,0.1981,0.0000,0.0000,0.0000,0.0000,0.0000,0.0000,0.1273,0.1273,0.5077,0.5062,0.0000,0.0000,0.0000,-0.0012
1791179189.0151,0.0200,0.2159,0.0000,0.0000,0.0000,0.0000,0.0000,0.0000,0.1273,0.1258,0.5077,0.5077,0.0000,0.0000,0.0000,-0.0012
1791179189.0352,0.0201,0.2441,0.0000,0.0000,0.0000,0.0000,0.0000,0.0000,0.1273,0.1273,0.5077,0.5077,0.0000,0.0000,0.0000,-0.0012
1791179189.0552,0.0200,0.2412,0.0000,0.0000,0.0000,0.0000,0.0000,0.0000,0.1273,0.1258,0.5077,0.5062,0.0000,0.0000,0.0000,-0.0014
1791179189.0752,0.0200,0.2333,0.0000,0.0000,0.0000,0.0000,0.0000,0.0000,0.1273,0.1258,0.5077,0.5077,0.0000,0.0000,0.0000,-0.0012
1791179189.0952,0.0200,0.2318,0.0000,0.0000,0.0000,0.0000,0.0000,0.0000,0.1273,0.1258,0.5077,0.5077,0.0000,0.0000,0.0000,-0.0012
1791179189.1152,0.0200,0.2357,0.0000,0.0000,0.0000,0.0000,0.0000,0.0000,0.1273,0.1273,0.5077,0.5077,0.0000,0.0000,0.0000,-0.0012
1791179189.1351,0.0200,0.2341,0.0000,0.0000,0.0000,0.0000,0.0000,0.0000,0.1273,0.1258,0.5077,0.5077,0.0000,0.0000,0.0000,-0.0012
1791179189.1552,0.0200,0.2041,0.0000,0.0000,0.0000,0.0000,0.0000,0.0000,0.1273,0.1258,0.5077,0.5077,0.0000,0.0000,0.0000,-0.0012
1791179189.1751,0.0200,0.2335,0.0000,0.0000,0.0000,0.0000,0.0000,0.0000,0.1273,0.1258,0.5077,0.5062,0.0000,0.0000,0.0000,-0.0012
1791179189.1951,0.0200,0.2504,0.0000,0.0000,0.0000,0.0000,0.0000,0.0000,0.1273,0.1258,0.5077,0.5077,0.0000,0.0000,0.0000,-0.0012
1791179189.2152,0.0200,0.2322,0.0000,0.0000,0.0000,0.0000,0.0000,0.0000,0.1273,0.1258,0.5077,0.5077,0.0000,0.0000,0.0000,-0.0012
1791179189.2352,0.0200,0.2306,0.0000,0.0000,0.0000,0.0000,0.0000,0.0000,0.1273,0.1258,0.5077,0.5077,0.0000,0.0000,0.0000,-0.0012
1791179189.2552,0.0200,0.2351,0.0000,0.0000,0.0000,0.0000,0.0000,0.0000,0.1273,0.1273,0.5077,0.5077,0.0000,0.0000,0.0000,-0.0012
1791179189.2751,0.0200,0.1745,0.0000,0.0000,0.0000,0.0000,0.0000,0.0000,0.1273,0.1258,0.5077,0.5077,0.0000,0.0000,0.0000,-0.0012
1791179189.2951,0.0200,0.2330,0.0000,0.0000,0.0000,0.0000,0.0000,0.0000,0.1273,0.1258,0.5077,0.5077,0.0000,0.0000,0.0000,-0.0012
1791179189.3151,0.0200,0.1811,0.0000,0.0000,0.0000,0.0000,0.0000,0.0000,0.1273,0.1258,0.5077,0.5077,0.0000,0.0000,0.0000,-0.0012
1791179189.3351,0.0200,0.2139,0.0000,0.0000,0.0000,0.0000,0.0000,0.0000,0.1273,0.1273,0.5077,0.5062,0.0000,0.0000,0.0000,-0.0012
1791179189.3551,0.0200,0.1799,0.0000,0.0000,0.0000,0.0000,0.0000,0.0000,0.1273,0.1258,0.5077,0.5077,0.0000,0.0000,0.0000,-0.0012
1791179189.3751,0.0200,0.2038,0.0000,0.0000,0.0000,0.0000,0.0000,0.0000,0.1273,0.1273,0.5077,0.5077,0.0000,0.0000,0.0000,-0.0012
1791179189.3951,0.0200,0.1931,0.0000,0.0000,0.0000,0.0000,0.0000,0.0000,0.1273,0.1258,0.5077,0.5077,0.0000,0.0000,0.0000,-0.0012
1791179189.4151,0.0200,0.2399,0.0000,0.0000,0.0000,0.0000,0.0000,0.0000,0.1273,0.1258,0.5077,0.5077,0.0000,0.0000,0.0000,-0.0012
1791179189.4351,0.0200,0.2134,0.0000,0.0000,0.0000,0.0000,0.0000,0.0000,0.1273,0.1258,0.5077,0.5062,0.0000,0.0000,0.0000,-0.0012
1791179189.4551,0.0200,0.2389,0.0000,0.0000,0.0000,0.0000,0.0000,0.0000,0.1273,0.1258,0.5077,0.5077,0.0000,0.0000,0.0000,-0.0012
1791179189.4751,0.0200,0.2068,0.0000,0.0000,0.0000,0.0000,0.0000,0.0000,0.1273,0.1258,0.5077,0.5077,0.0000,0.0000,0.0000,-0.0012
1791179189.4952,0.0200,0.2364,0.0000,0.0000,0.0000,0.0000,0.0000,0.0000,0.1273,0.1273,0.5077,0.5077,0.0000,0.0000,0.0000,-0.0012
1791179189.5152,0.0200,0.2340,0.0000,0.0000,0.0000,0.0000,0.0000,0.0000,0.1273,0.1273,0.5077,0.5077,0.0000,0.0000,0.0000,-0.0012
1791179189.5351,0.0200,0.1833,0.0000,0.0000,0.0000,0.0000,0.0000,0.0000,0.1273,0.1258,0.5077,0.5077,0.0000,0.0000,0.0000,-0.0012
1791179189.5552,0.0200,0.2404,0.0000,0.0000,0.0000,0.0000,0.0000,0.0000,0.1273,0.1258,0.5077,0.5077,0.0000,0.0000,0.0000,-0.0012
1791179189.5752,0.0200,0.2855,0.0000,0.0000,0.0000,0.0000,0.0000,0.0000,0.1273,0.1258,0.5077,0.5077,0.0000,0.0000,0.0000,-0.0012
1791179189.5952,0.0200,0.2442,0.0000,0.0000,0.0000,0.0000,0.0000,0.0000,0.1273,0.1273,0.5077,0.5077,0.0000,0.0000,0.0000,-0.0012
1791179189.6152,0.0200,0.2061,0.0000,0.0000,0.0000,0.0000,0.0000,0.0000,0.1273,0.1258,0.5077,0.5077,0.0000,0.0000,0.0000,-0.0012
1791179189.6352,0.0200,0.2363,0.0000,0.0000,0.0000,0.0000,0.0000,0.0000,0.1273,0.1258,0.5077,0.5077,0.0000,0.0000,0.0000,-0.0012
1791179189.6552,0.0200,0.2298,0.0000,0.0000,0.0000,0.0000,0.0000,0.0000,0.1273,0.1258,0.5077,0.5077,0.0000,0.0000,0.0000,-0.0012
1791179189.6752,0.0200,0.2317,0.0000,0.0000,0.0000,0.0000,0.0000,0.0000,0.1273,0.1258,0.5077,0.5077,0.0000,0.0000,0.0000,-0.0012
1791179189.6952,0.0200,0.2459,0.0000,0.0000,0.0000,0.0000,0.0000,0.0000,0.1273,0.1273,0.5077,0.5062,0.0000,0.0000,0.0000,-0.0012
1791179189.7152,0.0200,0.1799,0.0000,0.0000,0.0000,0.0000,0.0000,0.0000,0.1273,0.1273,0.5077,0.5077,0.0000,0.0000,0.0000,-0.0012
1791179189.7351,0.0200,0.1827,0.0000,0.0000,0.0000,0.0000,0.0000,0.0000,0.1273,0.1258,0.5077,0.5077,0.0000,0.0000,0.0000,-0.0012
1791179189.7552,0.0200,0.2418,0.0000,0.0000,0.0000,0.0000,0.0000,0.0000,0.1273,0.1273,0.5077,0.5077,0.0000,0.0000,0.0000,-0.0012
1791179189.7751,0.0200,0.2910,0.0000,0.0000,0.0000,0.0000,0.0000,0.0000,0.1273,0.1258,0.5077,0.5077,0.0000,0.0000,0.0000,-0.0012
1791179189.7952,0.0200,0.2870,0.0000,0.0000,0.0000,0.0000,0.0000,0.0000,0.1273,0.1273,0.5077,0.5077,0.0000,0.0000,0.0000,-0.0012
1791179189.8152,0.0200,0.2115,0.0000,0.0000,0.0000,0.0000,0.0000,0.0000,0.1273,0.1258,0.5077,0.5077,0.0000,0.0000,0.0000,-0.0012
1791179189.8352,0.0200,0.2323,0.0000,0.0000,0.0000,0.0000,0.0000,0.0000,0.1273,0.1258,0.5077,0.5077,0.0000,0.0000,0.0000,-0.0012
1791179189.8552,0.0200,0.1684,0.0000,0.0000,0.0000,0.0000,0.0000,0.0000,0.1273,0.1273,0.5077,0.5077,0.0000,0.0000,0.0000,-0.0012
1791179189.8751,0.0200,0.2158,0.0000,0.0000,0.0000,0.0000,0.0000,0.0000,0.1273,0.1258,0.5077,0.5077,0.0000,0.0000,0.0000,-0.0012
1791179189.8952,0.0200,0.2299,0.0000,0.0000,0.0000,0.0000,0.0000,0.0000,0.1273,0.1273,0.5077,0.5077,0.0000,0.0000,0.0000,-0.0012
1791179189.9151,0.0200,0.2172,0.0000,0.0000,0.0000,0.0000,0.0000,0.0000,0.1273,0.1258,0.5077,0.5077,0.0000,0.0000,0.0000,-0.0012
1791179189.9352,0.0200,0.3203,0.0000,0.0000,0.0000,0.0000,0.0000,0.0000,0.1273,0.1258,0.5077,0.5077,0.0000,0.0000,0.0000,-0.0012
1791179189.9552,0.0200,0.2133,0.0000,0.0000,0.0000,0.0000,0.0000,0.0000,0.1273,0.1273,0.5077,0.5077,0.0000,0.0000,0.0000,-0.0012
1791179189.9752,0.0200,0.2365,0.0000,0.0000,0.0000,0.0000,0.0000,0.0000,0.1273,0.1258,0.5077,0.5077,0.0000,0.0000,0.0000,-0.0012
1791179189.9952,0.0200,0.2277,0.0000,0.0000,0.0000,0.0000,0.0000,0.0000,0.1273,0.1258,0.5077,0.5077,0.0000,0.0000,0.0000,-0.0012
1791179190.0152,0.0200,0.2290,0.0000,0.0000,0.0000,0.0000,0.0000,0.0000,0.1273,0.1258,0.5077,0.5077,0.0000,0.0000,0.0000,-0.0012
1791179190.0352,0.0200,0.2577,0.0000,0.0000,0.0000,0.0000,0.0000,0.0000,0.1273,0.1273,0.5077,0.5077,0.0000,0.0000,0.0000,-0.0012
1791179190.0552,0.0200,0.2405,0.0000,0.0000,0.0000,0.0000,0.0000,0.0000,0.1273,0.1273,0.5077,0.5077,0.0000,0.0000,0.0000,-0.0012
1791179190.0752,0.0200,0.2343,0.0000,0.0000,0.0000,0.0000,0.0000,0.0000,0.1273,0.1258,0.5077,0.5077,0.0000,0.0000,0.0000,-0.0012
1791179190.0952,0.0200,0.2392,0.0000,0.0000,0.0000,0.0000,0.0000,0.0000,0.1273,0.1258,0.5077,0.5077,0.0000,0.0000,0.0000,-0.0012
1791179190.1152,0.0200,0.3381,0.0000,0.0000,0.0000,0.0000,0.0000,0.0000,0.1273,0.1258,0.5077,0.5077,0.0000,0.0000,0.0000,-0.0012
1791179190.1352,0.0200,0.2407,0.0000,0.0000,0.0000,0.0000,0.0000,0.0000,0.1273,0.1258,0.5077,0.5077,0.0000,0.0000,0.0000,-0.0012
1791179190.1552,0.0200,0.2354,0.0000,0.0000,0.0000,0.0000,0.0000,0.0000,0.1273,0.1258,0.5077,0.5077,0.0000,0.0000,0.0000,-0.0012
1791179190.1751,0.0200,0.2470,0.0000,0.0000,0.0000,0.0000,0.0000,0.0000,0.1273,0.1258,0.5077,0.5077,0.0000,0.0000,0.0000,-0.0012
1791179190.1952,0.0200,0.2427,0.0000,0.0000,0.0000,0.0000,0.0000,0.0000,0.1273,0.1258,0.5077,0.5077,0.0000,0.0000,0.0000,-0.0012
1791179190.2151,0.0200,0.2608,0.0000,0.0000,0.0000,0.0000,0.0000,0.0000,0.1273,0.1258,0.5077,0.5077,0.0000,0.0000,0.0000,-0.0012
1791179190.2351,0.0200,0.2505,0.0000,0.0000,0.0000,0.0000,0.0000,0.0000,0.1273,0.1273,0.5077,0.5077,0.0000,0.0000,0.0000,-0.0012
1791179190.2552,0.0200,0.2460,0.0000,0.0000,0.0000,0.0000,0.0000,0.0000,0.1273,0.1258,0.5077,0.5077,0.0000,0.0000,0.0000,-0.0012
1791179190.2751,0.0200,0.1768,0.0000,0.0000,0.0000,0.0000,0.0000,0.0000,0.1273,0.1258,0.5077,0.5077,0.0000,0.0000,0.0000,-0.0012
1791179190.2951,0.0200,0.2457,0.0000,0.0000,0.0000,0.0000,0.0000,0.0000,0.1273,0.1258,0.5077,0.5077,0.0000,0.0000,0.0000,-0.0012
1791179190.3151,0.0200,0.1723,0.0000,0.0000,0.0000,0.0000,0.0000,0.0000,0.1273,0.1258,0.5077,0.5077,0.0000,0.0000,0.0000,-0.0012
1791179190.3352,0.0201,0.2394,0.0000,0.0000,0.0000,0.0000,0.0000,0.0000,0.1273,0.1258,0.5077,0.5077,0.0000,0.0000,0.0000,-0.0012
1791179190.3552,0.0200,0.1997,0.0000,0.0000,0.0000,0.0000,0.0000,0.0000,0.1273,0.1258,0.5077,0.5077,0.0000,0.0000,0.0000,-0.0012
1791179190.3752,0.0200,0.2011,0.0000,0.0000,0.0000,0.0000,0.0000,0.0000,0.1273,0.1258,0.5077,0.5062,0.0000,0.0000,0.0000,-0.0012
1791179190.3952,0.0200,0.2312,0.0000,0.0000,0.0000,0.0000,0.0000,0.0000,0.1273,0.1258,0.5077,0.5077,0.0000,0.0000,0.0000,-0.0012
1791179190.4152,0.0200,0.1993,0.0000,0.0000,0.0000,0.0000,0.0000,0.0000,0.1273,0.1273,0.5077,0.5077,0.0000,0.0000,0.0000,-0.0012
1791179190.4351,0.0200,0.2176,0.0000,0.0000,0.0000,0.0000,0.0000,0.0000,0.1273,0.1258,0.5077,0.5077,0.0000,0.0000,0.0000,-0.0012
1791179190.4552,0.0200,0.2405,0.0000,0.0000,0.0000,0.0000,0.0000,0.0000,0.1273,0.1258,0.5077,0.5077,0.0000,0.0000,0.0000,-0.0012
1791179190.4752,0.0200,0.2045,0.0000,0.0000,0.0000,0.0000,0.0000,0.0000,0.1273,0.1258,0.5077,0.5077,0.0000,0.0000,0.0000,-0.0012
1791179190.4952,0.0200,0.2345,0.0000,0.0000,0.0000,0.0000,0.0000,0.0000,0.1273,0.1258,0.5077,0.5077,0.0000,0.0000,0.0000,-0.0012
1791179190.5152,0.0200,0.2056,0.0000,0.0000,0.0000,0.0000,0.0000,0.0000,0.1273,0.1273,0.5077,0.5077,0.0000,0.0000,0.0000,-0.0012
1791179190.5352,0.0200,0.1671,0.0000,0.0000,0.0000,0.0000,0.0000,0.0000,0.1273,0.1273,0.5077,0.5077,0.0000,0.0000,0.0000,-0.0012
1791179190.5552,0.0200,0.2338,0.0000,0.0000,0.0000,0.0000,0.0000,0.0000,0.1273,0.1273,0.5077,0.5077,0.0000,0.0000,0.0000,-0.0012
1791179190.5752,0.0200,0.2383,0.0000,0.0000,0.0000,0.0000,0.0000,0.0000,0.1273,0.1258,0.5077,0.5062,0.0000,0.0000,0.0000,-0.0012
1791179190.5952,0.0200,0.2364,0.0000,0.0000,0.0000,0.0000,0.0000,0.0000,0.1273,0.1258,0.5077,0.5077,0.0000,0.0000,0.0000,-0.0012
1791179190.6152,0.0200,0.2053,0.0000,0.0000,0.0000,0.0000,0.0000,0.0000,0.1273,0.1258,0.5077,0.5077,0.0000,0.0000,0.0000,-0.0012
1791179190.6352,0.0200,0.2383,0.0000,0.0000,0.0000,0.0000,0.0000,0.0000,0.1273,0.1273,0.5077,0.5077,0.0000,0.0000,0.0000,-0.0012
1791179190.6552,0.0200,0.1772,0.0000,0.0000,0.0000,0.0000,0.0000,0.0000,0.1273,0.1273,0.5077,0.5077,0.0000,0.0000,0.0000,-0.0012
1791179190.6752,0.0200,0.2372,0.0000,0.0000,0.0000,0.0000,0.0000,0.0000,0.1273,0.1273,0.5077,0.5077,0.0000,0.0000,0.0000,-0.0012
1791179190.6952,0.0200,0.2087,0.0000,0.0000,0.0000,0.0000,0.0000,0.0000,0.1273,0.1258,0.5077,0.5077,0.0000,0.0000,0.0000,-0.0012
1791179190.7152,0.0200,0.2302,0.0000,0.0000,0.0000,0.0000,0.0000,0.0000,0.1273,0.1258,0.5077,0.5077,0.0000,0.0000,0.0000,-0.0012
1791179190.7352,0.0200,0.1782,0.0000,0.0000,0.0000,0.0000,0.0000,0.0000,0.1273,0.1258,0.5077,0.5077,0.0000,0.0000,0.0000,-0.0012
1791179190.7551,0.0199,0.1536,0.0000,0.0000,0.0000,0.0000,0.0000,0.0000,0.1273,0.1258,0.5077,0.5077,0.0000,0.0000,0.0000,-0.0012
1791179190.7752,0.0200,0.2351,0.0000,0.0000,0.0000,0.0000,0.0000,0.0000,0.1273,0.1258,0.5077,0.5077,0.0000,0.0000,0.0000,-0.0012
1791179190.7952,0.0200,0.2408,0.0000,0.0000,0.0000,0.0000,0.0000,0.0000,0.1273,0.1258,0.5077,0.5062,0.0000,0.0000,0.0000,-0.0012
1791179190.8152,0.0200,0.2375,0.0000,0.0000,0.0000,0.0000,0.0000,0.0000,0.1273,0.1273,0.5077,0.5077,0.0000,0.0000,0.0000,-0.0012
1791179190.8352,0.0200,0.2316,0.0000,0.0000,0.0000,0.0000,0.0000,0.0000,0.1273,0.1258,0.5077,0.5077,0.0000,0.0000,0.0000,-0.0012
1791179190.8552,0.0200,0.3264,0.0000,0.0000,0.0000,0.0000,0.0000,0.0000,0.1273,0.1258,0.5077,0.5077,0.0000,0.0000,0.0000,-0.0012
1791179190.8752,0.0200,0.2123,0.0000,0.0000,0.0000,0.0000,0.0000,0.0000,0.1273,0.1258,0.5077,0.5077,0.0000,0.0000,0.0000,-0.0012
1791179190.8952,0.0200,0.2382,0.0000,0.0000,0.0000,0.0000,0.0000,0.0000,0.1273,0.1258,0.5077,0.5077,0.0000,0.0000,0.0000,-0.0012
1791179190.9152,0.0200,0.2072,0.0000,0.0000,0.0000,0.0000,0.0000,0.0000,0.1273,0.1258,0.5077,0.5062,0.0000,0.0000,0.0000,-0.0012
1791179190.9351,0.0200,0.2823,0.0000,0.0000,0.0000,0.0000,0.0000,0.0000,0.1273,0.1258,0.5077,0.5077,0.0000,0.0000,0.0000,-0.0012
1791179190.9552,0.0200,0.2290,0.0000,0.0000,0.0000,0.0000,0.0000,0.0000,0.1273,0.1258,0.5077,0.5077,0.0000,0.0000,0.0000,-0.0012
1791179190.9752,0.0200,0.2385,0.0000,0.0000,0.0000,0.0000,0.0000,0.0000,0.1273,0.1258,0.5077,0.5077,0.0000,0.0000,0.0000,-0.0012
1791179190.9952,0.0200,0.2299,0.0000,0.0000,0.0000,0.0000,0.0000,0.0000,0.1273,0.1273,0.5077,0.5077,0.0000,0.0000,0.0000,-0.0012
1791179191.0152,0.0200,0.2282,0.0000,0.0000,0.0000,0.0000,0.0000,0.0000,0.1273,0.1258,0.5077,0.5077,0.0000,0.0000,0.0000,-0.0012
1791179191.0352,0.0200,0.2261,0.0000,0.0000,0.0000,0.0000,0.0000,0.0000,0.1273,0.1258,0.5077,0.5077,0.0000,0.0000,0.0000,-0.0012
1791179191.0552,0.0200,0.2306,0.0000,0.0000,0.0000,0.0000,0.0000,0.0000,0.1273,0.1273,0.5077,0.5077,0.0000,0.0000,0.0000,-0.0012
1791179191.0751,0.0200,0.2076,0.0000,0.0000,0.0000,0.0000,0.0000,0.0000,0.1273,0.1273,0.5077,0.5077,0.0000,0.0000,0.0000,-0.0012
1791179191.0951,0.0200,0.2086,0.0000,0.0000,0.0000,0.0000,0.0000,0.0000,0.1273,0.1258,0.5077,0.5077,0.0000,0.0000,0.0000,-0.0012
1791179191.1151,0.0200,0.1990,0.0000,0.0000,0.0000,0.0000,0.0000,0.0000,0.1273,0.1258,0.5077,0.5077,0.0000,0.0000,0.0000,-0.0012
1791179191.1352,0.0200,0.2411,0.0000,0.0000,0.0000,0.0000,0.0000,0.0000,0.1273,0.1258,0.5077,0.5062,0.0000,0.0000,0.0000,-0.0012
1791179191.1552,0.0200,0.3168,0.0000,0.0000,0.0000,0.0000,0.0000,0.0000,0.1273,0.1258,0.5077,0.5077,0.0000,0.0000,0.0000,-0.0012
1791179191.1752,0.0200,0.2546,0.0000,0.0000,0.0000,0.0000,0.0000,0.0000,0.1273,0.1258,0.5077,0.5077,0.0000,0.0000,0.0000,-0.0012
1791179191.1951,0.0200,0.2201,0.0000,0.0000,0.0000,0.0000,0.0000,0.0000,0.1273,0.1258,0.5077,0.5062,0.0000,0.0000,0.0000,-0.0012
1791179191.2151,0.0200,0.2427,0.0000,0.0000,0.0000,0.0000,0.0000,0.0000,0.1273,0.1258,0.5077,0.5077,0.0000,0.0000,0.0000,-0.0012
1791179191.2351,0.0200,0.2098,0.0000,0.0000,0.0000,0.0000,0.0000,0.0000,0.1273,0.1258,0.5077,0.5077,0.0000,0.0000,0.0000,-0.0012
1791179191.2552,0.0200,0.2365,0.0000,0.0000,0.0000,0.0000,0.0000,0.0000,0.1273,0.1258,0.5077,0.5077,0.0000,0.0000,0.0000,-0.0012
1791179191.2752,0.0200,0.2270,0.0000,0.0000,0.0000,0.0000,0.0000,0.0000,0.1273,0.1258,0.5077,0.5077,0.0000,0.0000,0.0000,-0.0012
1791179191.2952,0.0200,0.2311,0.0000,0.0000,0.0000,0.0000,0.0000,0.0000,0.1273,0.1258,0.5077,0.5077,0.0000,0.0000,0.0000,-0.0012
1791179191.3152,0.0200,0.2252,0.0000,0.0000,0.0000,0.0000,0.0000,0.0000,0.1273,0.1258,0.5077,0.5077,0.0000,0.0000,0.0000,-0.0012
1791179191.3352,0.0200,0.2234,0.0000,0.0000,0.0000,0.0000,0.0000,0.0000,0.1273,0.1273,0.5077,0.5077,0.0000,0.0000,0.0000,-0.0012
1791179191.3552,0.0200,0.1663,0.0000,0.0000,0.0000,0.0000,0.0000,0.0000,0.1273,0.1258,0.5077,0.5077,0.0000,0.0000,0.0000,-0.0012
1791179191.3751,0.0200,0.2367,0.0000,0.0000,0.0000,0.0000,0.0000,0.0000,0.1273,0.1258,0.5077,0.5077,0.0000,0.0000,0.0000,-0.0012
1791179191.3952,0.0200,0.2308,0.0000,0.0000,0.0000,0.0000,0.0000,0.0000,0.1273,0.1258,0.5077,0.5077,0.0000,0.0000,0.0000,-0.0012
1791179191.4152,0.0200,0.1687,0.0000,0.0000,0.0000,0.0000,0.0000,0.0000,0.1273,0.1273,0.5077,0.5077,0.0000,0.0000,0.0000,-0.0012
1791179191.4351,0.0200,0.2374,0.0000,0.0000,0.0000,0.0000,0.0000,0.0000,0.1273,0.1273,0.5077,0.5077,0.0000,0.0000,0.0000,-0.0012
1791179191.4552,0.0200,0.2086,0.0000,0.0000,0.0000,0.0000,0.0000,0.0000,0.1273,0.1258,0.5077,0.5077,0.0000,0.0000,0.0000,-0.0012
1791179191.4752,0.0200,0.2330,0.0000,0.0000,0.0000,0.0000,0.0000,0.0000,0.1273,0.1258,0.5077,0.5077,0.0000,0.0000,0.0000,-0.0012
1791179191.4952,0.0200,0.1646,0.0000,0.0000,0.0000,0.0000,0.0000,0.0000,0.1273,0.1273,0.5077,0.5077,0.0000,0.0000,0.0000,-0.0012
1791179191.5151,0.0200,0.1842,0.0000,0.0000,0.0000,0.0000,0.0000,0.0000,0.1273,0.1258,0.5077,0.5077,0.0000,0.0000,0.0000,-0.0012
1791179191.5352,0.0200,0.2399,0.0000,0.0000,0.0000,0.0000,0.0000,0.0000,0.1273,0.1273,0.5077,0.5077,0.0000,0.0000,0.0000,-0.0012
1791179191.5552,0.0200,0.2835,0.0000,0.0000,0.0000,0.0000,0.0000,0.0000,0.1273,0.1273,0.5077,0.5077,0.0000,0.0000,0.0000,-0.0012
1791179191.5752,0.0200,0.1849,0.0000,0.0000,0.0000,0.0000,0.0000,0.0000,0.1273,0.1258,0.5077,0.5077,0.0000,0.0000,0.0000,-0.0012
1791179191.5952,0.0200,0.2458,0.0000,0.0000,0.0000,0.0000,0.0000,0.0000,0.1273,0.1258,0.5077,0.5077,0.0000,0.0000,0.0000,-0.0012
1791179191.6152,0.0200,0.1789,0.0000,0.0000,0.0000,0.0000,0.0000,0.0000,0.1273,0.1258,0.5077,0.5077,0.0000,0.0000,0.0000,-0.0012
1791179191.6351,0.0200,0.1902,0.0000,0.0000,0.0000,0.0000,0.0000,0.0000,0.1273,0.1273,0.5077,0.5077,0.0000,0.0000,0.0000,-0.0012
1791179191.6552,0.0200,0.2411,0.0000,0.0000,0.0000,0.0000,0.0000,0.0000,0.1273,0.1258,0.5077,0.5077,0.0000,0.0000,0.0000,-0.0012
1791179191.6752,0.0200,0.2345,0.0000,0.0000,0.0000,0.0000,0.0000,0.0000,0.1273,0.1258,0.5077,0.5077,0.0000,0.0000,0.0000,-0.0011
1791179191.6952,0.0200,0.2089,0.0000,0.0000,0.0000,0.0000,0.0000,0.0000,0.1273,0.1258,0.5077,0.5077,0.0000,0.0000,0.0000,-0.0012
1791179191.7152,0.0200,0.2377,0.0000,0.0000,0.0000,0.0000,0.0000,0.0000,0.1273,0.1258,0.5077,0.5077,0.0000,0.0000,0.0000,-0.0012
1791179191.7352,0.0200,0.2053,0.0000,0.0000,0.0000,0.0000,0.0000,0.0000,0.1273,0.1258,0.5077,0.5077,0.0000,0.0000,0.0000,-0.0012
1791179191.7551,0.0200,0.2216,0.0000,0.0000,0.0000,0.0000,0.0000,0.0000,0.1273,0.1273,0.5077,0.5077,0.0000,0.0000,0.0000,-0.0012
1791179191.7752,0.0200,0.2284,0.0000,0.0000,0.0000,0.0000,0.0000,0.0000,0.1273,0.1258,0.5077,0.5077,0.0000,0.0000,0.0000,-0.0012
1791179191.7952,0.0200,0.2318,0.0000,0.0000,0.0000,0.0000,0.0000,0.0000,0.1273,0.1273,0.5077,0.5077,0.0000,0.0000,0.0000,-0.0012
1791179191.8152,0.0200,0.1979,0.0000,0.0000,0.0000,0.0000,0.0000,0.0000,0.1273,0.1273,0.5077,0.5077,0.0000,0.0000,0.0000,-0.0012
1791179191.8351,0.0200,0.2827,0.0000,0.0000,0.0000,0.0000,0.0000,0.0000,0.1273,0.1258,0.5077,0.5077,0.0000,0.0000,0.0000,-0.0012
1791179191.8552,0.0200,0.2398,0.0000,0.0000,0.0000,0.0000,0.0000,0.0000,0.1273,0.1258,0.5077,0.5077,0.0000,0.0000,0.0000,-0.0012
1791179191.8752,0.0200,0.2300,0.0000,0.0000,0.0000,0.0000,0.0000,0.0000,0.1273,0.1258,0.5077,0.5077,0.0000,0.0000,0.0000,-0.0012
1791179191.8952,0.0200,0.2549,0.0000,0.0000,0.0000,0.0000,0.0000,0.0000,0.1273,0.1258,0.5077,0.5077,0.0000,0.0000,0.0000,-0.0012
1791179191.9152,0.0200,0.2371,0.0000,0.0000,0.0000,0.0000,0.0000,0.0000,0.1273,0.1258,0.5077,0.5077,0.0000,0.0000,0.0000,-0.0012
1791179191.9352,0.0200,0.3070,0.0000,0.0000,0.0000,0.0000,0.0000,0.0000,0.1273,0.1258,0.5077,0.5077,0.0000,0.0000,0.0000,-0.0012
1791179191.9552,0.0200,0.2344,0.0000,0.0000,0.0000,0.0000,0.0000,0.0000,0.1273,0.1273,0.5077,0.5077,0.0000,0.0000,0.0000,-0.0012
1791179191.9752,0.0200,0.2531,0.0000,0.0000,0.0000,0.0000,0.0000,0.0000,0.1273,0.1258,0.5077,0.5077,0.0000,0.0000,0.0000,-0.0012
1791179191.9951,0.0200,0.1675,0.0000,0.0000,0.0000,0.0000,0.0000,0.0000,0.1273,0.1273,0.5077,0.5077,0.0000,0.0000,0.0000,-0.0012
1791179192.0151,0.0200,0.1864,0.0000,0.0000,0.0000,0.0000,0.0000,0.0000,0.1273,0.1273,0.5077,0.5077,0.0000,0.0000,0.0000,-0.0012
1791179192.0351,0.0200,0.1862,0.0000,0.0000,0.0000,0.0000,0.0000,0.0000,0.1273,0.1258,0.5077,0.5077,0.0000,0.0000,0.0000,-0.0012
1791179192.0551,0.0200,0.1816,0.0000,0.0000,0.0000,0.0000,0.0000,0.0000,0.1273,0.1273,0.5077,0.5077,0.0000,0.0000,0.0000,-0.0012
1791179192.0751,0.0200,0.2154,0.0000,0.0000,0.0000,0.0000,0.0000,0.0000,0.1273,0.1273,0.5077,0.5062,0.0000,0.0000,0.0000,-0.0012
1791179192.0951,0.0200,0.2240,0.0000,0.0000,0.0000,0.0000,0.0000,0.0000,0.1273,0.1258,0.5077,0.5077,0.0000,0.0000,0.0000,-0.0012
1791179192.1151,0.0200,0.2101,0.0000,0.0000,0.0000,0.0000,0.0000,0.0000,0.1273,0.1273,0.5077,0.5077,0.0000,0.0000,0.0000,-0.0012
1791179192.1351,0.0200,0.2121,0.0000,0.0000,0.0000,0.0000,0.0000,0.0000,0.1273,0.1273,0.5077,0.5077,0.0000,0.0000,0.0000,-0.0012
1791179192.1552,0.0200,0.1868,0.0000,0.0000,0.0000,0.0000,0.0000,0.0000,0.1273,0.1258,0.5077,0.5077,0.0000,0.0000,0.0000,-0.0012
1791179192.1752,0.0200,0.2961,0.0000,0.0000,0.0000,0.0000,0.0000,0.0000,0.1273,0.1273,0.5077,0.5077,0.0000,0.0000,0.0000,-0.0012
1791179192.1952,0.0200,0.2094,0.0000,0.0000,0.0000,0.0000,0.0000,0.0000,0.1273,0.1258,0.5077,0.5077,0.0000,0.0000,0.0000,-0.0012
1791179192.2152,0.0200,0.2963,0.0000,0.0000,0.0000,0.0000,0.0000,0.0000,0.1273,0.1258,0.5077,0.5077,0.0000,0.0000,0.0000,-0.0012
1791179192.2352,0.0200,0.2960,0.0000,0.0000,0.0000,0.0000,0.0000,0.0000,0.1273,0.1258,0.5077,0.5077,0.0000,0.0000,0.0000,-0.0012
1791179192.2552,0.0200,0.2482,0.0000,0.0000,0.0000,0.0000,0.0000,0.0000,0.1273,0.1258,0.5077,0.5077,0.0000,0.0000,0.0000,-0.0012
1791179192.2752,0.0200,0.2319,0.0000,0.0000,0.0000,0.0000,0.0000,0.0000,0.1273,0.1258,0.5077,0.5077,0.0000,0.0000,0.0000,-0.0012
1791179192.2952,0.0200,0.1686,0.0000,0.0000,0.0000,0.0000,0.0000,0.0000,0.1273,0.1273,0.5077,0.5077,0.0000,0.0000,0.0000,-0.0012
1791179192.3152,0.0200,0.2446,0.0000,0.0000,0.0000,0.0000,0.0000,0.0000,0.1273,0.1258,0.5077,0.5062,0.0000,0.0000,0.0000,-0.0012
1791179192.3352,0.0200,0.2299,0.0000,0.0000,0.0000,0.0000,0.0000,0.0000,0.1273,0.1273,0.5077,0.5077,0.0000,0.0000,0.0000,-0.0012
1791179192.3552,0.0200,0.1665,0.0000,0.0000,0.0000,0.0000,0.0000,0.0000,0.1273,0.1258,0.5077,0.5077,0.0000,0.0000,0.0000,-0.0012
1791179192.3751,0.0200,0.1851,0.0000,0.0000,0.0000,0.0000,0.0000,0.0000,0.1273,0.1273,0.5077,0.5077,0.0000,0.0000,0.0000,-0.0012
1791179192.3951,0.0200,0.2162,0.0000,0.0000,0.0000,0.0000,0.0000,0.0000,0.1273,0.1258,0.5077,0.5077,0.0000,0.0000,0.0000,-0.0012
1791179192.4152,0.0200,0.2314,0.0000,0.0000,0.0000,0.0000,0.0000,0.0000,0.1273,0.1273,0.5077,0.5077,0.0000,0.0000,0.0000,-0.0012
1791179192.4352,0.0200,0.1827,0.0000,0.0000,0.0000,0.0000,0.0000,0.0000,0.1273,0.1258,0.5077,0.5077,0.0000,0.0000,0.0000,-0.0012
1791179192.4551,0.0200,0.2576,0.0000,0.0000,0.0000,0.0000,0.0000,0.0000,0.1273,0.1258,0.5077,0.5077,0.0000,0.0000,0.0000,-0.0012
1791179192.4752,0.0200,0.2213,0.0000,0.0000,0.0000,0.0000,0.0000,0.0000,0.1273,0.1258,0.5077,0.5077,0.0000,0.0000,0.0000,-0.0012
1791179192.4952,0.0200,0.2371,0.0000,0.0000,0.0000,0.0000,0.0000,0.0000,0.1273,0.1273,0.5077,0.5077,0.0000,0.0000,0.0000,-0.0012
1791179192.5152,0.0200,0.1774,0.0000,0.0000,0.0000,0.0000,0.0000,0.0000,0.1273,0.1258,0.5077,0.5062,0.0000,0.0000,0.0000,-0.0012
1791179192.5351,0.0200,0.2163,0.0000,0.0000,0.0000,0.0000,0.0000,0.0000,0.1273,0.1258,0.5077,0.5077,0.0000,0.0000,0.0000,-0.0012
1791179192.5552,0.0200,0.2318,0.0000,0.0000,0.0000,0.0000,0.0000,0.0000,0.1273,0.1258,0.5077,0.5077,0.0000,0.0000,0.0000,-0.0012
1791179192.5752,0.0200,0.2004,0.0000,0.0000,0.0000,0.0000,0.0000,0.0000,0.1273,0.1258,0.5077,0.5077,0.0000,0.0000,0.0000,-0.0012
1791179192.5952,0.0200,0.2463,0.0000,0.0000,0.0000,0.0000,0.0000,0.0000,0.1273,0.1258,0.5077,0.5077,0.0000,0.0000,0.0000,-0.0012
1791179192.6152,0.0200,0.2338,0.0000,0.0000,0.0000,0.0000,0.0000,0.0000,0.1273,0.1273,0.5077,0.5062,0.0000,0.0000,0.0000,-0.0012
1791179192.6352,0.0200,0.2342,0.0000,0.0000,0.0000,0.0000,0.0000,0.0000,0.1273,0.1258,0.5077,0.5077,0.0000,0.0000,0.0000,-0.0012
1791179192.6552,0.0200,0.2045,0.0000,0.0000,0.0000,0.0000,0.0000,0.0000,0.1273,0.1258,0.5077,0.5077,0.0000,0.0000,0.0000,-0.0012
1791179192.6751,0.0200,0.2387,0.0000,0.0000,0.0000,0.0000,0.0000,0.0000,0.1273,0.1258,0.5077,0.5077,0.0000,0.0000,0.0000,-0.0012
1791179192.6952,0.0200,0.2413,0.0000,0.0000,0.0000,0.0000,0.0000,0.0000,0.1273,0.1258,0.5077,0.5077,0.0000,0.0000,0.0000,-0.0012
1791179192.7152,0.0200,0.2439,0.0000,0.0000,0.0000,0.0000,0.0000,0.0000,0.1273,0.1258,0.5077,0.5077,0.0000,0.0000,0.0000,-0.0012
1791179192.7352,0.0200,0.2424,0.0000,0.0000,0.0000,0.0000,0.0000,0.0000,0.1273,0.1273,0.5077,0.5077,0.0000,0.0000,0.0000,-0.0012
1791179192.7552,0.0200,0.3162,0.0000,0.0000,0.0000,0.0000,0.0000,0.0000,0.1273,0.1273,0.5077,0.5077,0.0000,0.0000,0.0000,-0.0012
1791179192.7752,0.0200,0.2056,0.0000,0.0000,0.0000,0.0000,0.0000,0.0000,0.1273,0.1273,0.5077,0.5077,0.0000,0.0000,0.0000,-0.0012
1791179192.7952,0.0200,0.2854,0.0000,0.0000,0.0000,0.0000,0.0000,0.0000,0.1273,0.1258,0.5077,0.5077,0.0000,0.0000,0.0000,-0.0012
1791179192.8151,0.0200,0.1791,0.0000,0.0000,0.0000,0.0000,0.0000,0.0000,0.1273,0.1273,0.5077,0.5077,0.0000,0.0000,0.0000,-0.0012
1791179192.8352,0.0200,0.2637,0.0000,0.0000,0.0000,0.0000,0.0000,0.0000,0.1273,0.1258,0.5077,0.5077,0.0000,0.0000,0.0000,-0.0012
1791179192.8552,0.0200,0.2435,0.0000,0.0000,0.0000,0.0000,0.0000,0.0000,0.1273,0.1258,0.5077,0.5077,0.0000,0.0000,0.0000,-0.0012
1791179192.8752,0.0200,0.3334,0.0000,0.0000,0.0000,0.0000,0.0000,0.0000,0.1273,0.1258,0.5077,0.5077,0.0000,0.0000,0.0000,-0.0012
1791179192.8951,0.0200,0.2170,0.0000,0.0000,0.0000,0.0000,0.0000,0.0000,0.1273,0.1258,0.5077,0.5077,0.0000,0.0000,0.0000,-0.0012
1791179192.9152,0.0200,0.2574,0.0000,0.0000,0.0000,0.0000,0.0000,0.0000,0.1273,0.1258,0.5077,0.5062,0.0000,0.0000,0.0000,-0.0014
1791179192.9351,0.0200,0.1909,0.0000,0.0000,0.0000,0.0000,0.0000,0.0000,0.1273,0.1273,0.5077,0.5077,0.0000,0.0000,0.0000,-0.0012
1791179192.9551,0.0200,0.1896,0.0000,0.0000,0.0000,0.0000,0.0000,0.0000,0.1273,0.1258,0.5077,0.5077,0.0000,0.0000,0.0000,-0.0012
1791179192.9751,0.0200,0.2387,0.0000,0.0000,0.0000,0.0000,0.0000,0.0000,0.1273,0.1273,0.5077,0.5077,0.0000,0.0000,0.0000,-0.0012
1791179192.9952,0.0201,0.2257,0.0000,0.0000,0.0000,0.0000,0.0000,0.0000,0.1273,0.1273,0.5077,0.5077,0.0000,0.0000,0.0000,-0.0012
1791179193.0151,0.0199,0.2153,0.0000,0.0000,0.0000,0.0000,0.0000,0.0000,0.1273,0.1273,0.5077,0.5077,0.0000,0.0000,0.0000,-0.0012
1791179193.0351,0.0200,0.2272,0.0000,0.0000,0.0000,0.0000,0.0000,0.0000,0.1273,0.1258,0.5077,0.5077,0.0000,0.0000,0.0000,-0.0012
1791179193.0552,0.0200,0.2483,0.0000,0.0000,0.0000,0.0000,0.0000,0.0000,0.1273,0.1258,0.5077,0.5077,0.0000,0.0000,0.0000,-0.0012
1791179193.0753,0.0201,0.1728,0.0000,0.0000,0.0000,0.0000,0.0000,0.0000,0.1273,0.1258,0.5077,0.5077,0.0000,0.0000,0.0000,-0.0012
1791179193.0953,0.0200,0.1772,0.0000,0.0000,0.0000,0.0000,0.0000,0.0000,0.1273,0.1258,0.5077,0.5077,0.0000,0.0000,0.0000,-0.0012
1791179193.1151,0.0199,0.2392,0.0000,0.0000,0.0000,0.0000,0.0000,0.0000,0.1273,0.1258,0.5077,0.5077,0.0000,0.0000,0.0000,-0.0012
1791179193.1352,0.0200,0.2398,0.0000,0.0000,0.0000,0.0000,0.0000,0.0000,0.1273,0.1258,0.5077,0.5077,0.0000,0.0000,0.0000,-0.0012
1791179193.1552,0.0200,0.2289,0.0000,0.0000,0.0000,0.0000,0.0000,0.0000,0.1273,0.1273,0.5077,0.5077,0.0000,0.0000,0.0000,-0.0012
1791179193.1752,0.0200,0.2328,0.0000,0.0000,0.0000,0.0000,0.0000,0.0000,0.1273,0.1258,0.5077,0.5077,0.0000,0.0000,0.0000,-0.0012
1791179193.1952,0.0200,0.1681,0.0000,0.0000,0.0000,0.0000,0.0000,0.0000,0.1273,0.1258,0.5077,0.5077,0.0000,0.0000,0.0000,-0.0012
1791179193.2152,0.0200,0.2373,0.0000,0.0000,0.0000,0.0000,0.0000,0.0000,0.1273,0.1273,0.5077,0.5077,0.0000,0.0000,0.0000,-0.0012
1791179193.2352,0.0200,0.2288,0.0000,0.0000,0.0000,0.0000,0.0000,0.0000,0.1273,0.1258,0.5077,0.5062,0.0000,0.0000,0.0000,-0.0012
1791179193.2552,0.0200,0.2360,0.0000,0.0000,0.0000,0.0000,0.0000,0.0000,0.1273,0.1258,0.5077,0.5077,0.0000,0.0000,0.0000,-0.0012
1791179193.2752,0.0200,0.1808,0.0000,0.0000,0.0000,0.0000,0.0000,0.0000,0.1273,0.1258,0.5077,0.5077,0.0000,0.0000,0.0000,-0.0012
1791179193.2952,0.0200,0.2402,0.0000,0.0000,0.0000,0.0000,0.0000,0.0000,0.1273,0.1258,0.5077,0.5077,0.0000,0.0000,0.0000,-0.0012
1791179193.3152,0.0200,0.2451,0.0000,0.0000,0.0000,0.0000,0.0000,0.0000,0.1273,0.1258,0.5077,0.5077,0.0000,0.0000,0.0000,-0.0012
1791179193.3352,0.0200,0.2107,0.0000,0.0000,0.0000,0.0000,0.0000,0.0000,0.1273,0.1258,0.5077,0.5077,0.0000,0.0000,0.0000,-0.0012
1791179193.3552,0.0200,0.2278,0.0000,0.0000,0.0000,0.0000,0.0000,0.0000,0.1273,0.1258,0.5077,0.5077,0.0000,0.0000,0.0000,-0.0012
1791179193.3752,0.0200,0.1797,0.0000,0.0000,0.0000,0.0000,0.0000,0.0000,0.1273,0.1258,0.5077,0.5077,0.0000,0.0000,0.0000,-0.0012
1791179193.3951,0.0200,0.1830,0.0000,0.0000,0.0000,0.0000,0.0000,0.0000,0.1273,0.1258,0.5077,0.5077,0.0000,0.0000,0.0000,-0.0012
1791179193.4152,0.0200,0.2405,0.0000,0.0000,0.0000,0.0000,0.0000,0.0000,0.1273,0.1258,0.5077,0.5077,0.0000,0.0000,0.0000,-0.0012
1791179193.4352,0.0200,0.2756,0.0000,0.0000,0.0000,0.0000,0.0000,0.0000,0.1273,0.1258,0.5077,0.5077,0.0000,0.0000,0.0000,-0.0012
1791179193.4552,0.0200,0.2068,0.0000,0.0000,0.0000,0.0000,0.0000,0.0000,0.1273,0.1273,0.5077,0.5077,0.0000,0.0000,0.0000,-0.0012
1791179193.4751,0.0199,0.2597,0.0000,0.0000,0.0000,0.0000,0.0000,0.0000,0.1273,0.1273,0.5077,0.5077,0.0000,0.0000,0.0000,-0.0012
1791179193.4952,0.0201,0.2705,0.0000,0.0000,0.0000,0.0000,0.0000,0.0000,0.1273,0.1258,0.5077,0.5062,0.0000,0.0000,0.0000,-0.0012
1791179193.5151,0.0199,0.2031,0.0000,0.0000,0.0000,0.0000,0.0000,0.0000,0.1273,0.1258,0.5077,0.5077,0.0000,0.0000,0.0000,-0.0012
1791179193.5352,0.0200,0.2406,0.0000,0.0000,0.0000,0.0000,0.0000,0.0000,0.1273,0.1258,0.5077,0.5077,0.0000,0.0000,0.0000,-0.0012
1791179193.5552,0.0200,0.2388,0.0000,0.0000,0.0000,0.0000,0.0000,0.0000,0.1273,0.1258,0.5077,0.5077,0.0000,0.0000,0.0000,-0.0012
1791179193.5752,0.0200,0.3192,0.0000,0.0000,0.0000,0.0000,0.0000,0.0000,0.1273,0.1258,0.5077,0.5077,0.0000,0.0000,0.0000,-0.0012
1791179193.5953,0.0201,0.2084,0.0000,0.0000,0.0000,0.0000,0.0000,0.0000,0.1273,0.1273,0.5077,0.5077,0.0000,0.0000,0.0000,-0.0012
1791179193.6152,0.0199,0.2358,0.0000,0.0000,0.0000,0.0000,0.0000,0.0000,0.1273,0.1258,0.5077,0.5077,0.0000,0.0000,0.0000,-0.0012
1791179193.6352,0.0200,0.2523,0.0000,0.0000,0.0000,0.0000,0.0000,0.0000,0.1273,0.1273,0.5077,0.5077,0.0000,0.0000,0.0000,-0.0012
1791179193.6552,0.0200,0.2019,0.0000,0.0000,0.0000,0.0000,0.0000,0.0000,0.1273,0.1258,0.5077,0.5077,0.0000,0.0000,0.0000,-0.0012
1791179193.6752,0.0200,0.3233,0.0000,0.0000,0.0000,0.0000,0.0000,0.0000,0.1273,0.1258,0.5077,0.5077,0.0000,0.0000,0.0000,-0.0012
1791179193.6952,0.0200,0.2413,0.0000,0.0000,0.0000,0.0000,0.0000,0.0000,0.1273,0.1273,0.5077,0.5077,0.0000,0.0000,0.0000,-0.0012
1791179193.7152,0.0200,0.2553,0.0000,0.0000,0.0000,0.0000,0.0000,0.0000,0.1273,0.1273,0.5077,0.5077,0.0000,0.0000,0.0000,-0.0012
1791179193.7352,0.0200,0.2509,0.0000,0.0000,0.0000,0.0000,0.0000,0.0000,0.1273,0.1273,0.5077,0.5077,0.0000,0.0000,0.0000,-0.0012
1791179193.7552,0.0200,0.2477,0.0000,0.0000,0.0000,0.0000,0.0000,0.0000,0.1273,0.1258,0.5077,0.5077,0.0000,0.0000,0.0000,-0.0012
1791179193.7752,0.0200,0.2580,0.0000,0.0000,0.0000,0.0000,0.0000,0.0000,0.1273,0.1258,0.5077,0.5077,0.0000,0.0000,0.0000,-0.0012
1791179193.7952,0.0200,0.2467,0.0000,0.0000,0.0000,0.0000,0.0000,0.0000,0.1273,0.1273,0.5077,0.5077,0.0000,0.0000,0.0000,-0.0012
1791179193.8151,0.0200,0.1847,0.0000,0.0000,0.0000,0.0000,0.0000,0.0000,0.1273,0.1258,0.5077,0.5077,0.0000,0.0000,0.0000,-0.0012
1791179193.8351,0.0200,0.1828,0.0000,0.0000,0.0000,0.0000,0.0000,0.0000,0.1273,0.1258,0.5077,0.5077,0.0000,0.0000,0.0000,-0.0012
1791179193.8551,0.0200,0.1798,0.0000,0.0000,0.0000,0.0000,0.0000,0.0000,0.1273,0.1273,0.5077,0.5077,0.0000,0.0000,0.0000,-0.0012
1791179193.8751,0.0200,0.1812,0.0000,0.0000,0.0000,0.0000,0.0000,0.0000,0.1273,0.1258,0.5077,0.5077,0.0000,0.0000,0.0000,-0.0012
1791179193.8951,0.0200,0.1812,0.0000,0.0000,0.0000,0.0000,0.0000,0.0000,0.1273,0.1258,0.5077,0.5077,0.0000,0.0000,0.0000,-0.0012
1791179193.9151,0.0200,0.2392,0.0000,0.0000,0.0000,0.0000,0.0000,0.0000,0.1273,0.1258,0.5077,0.5077,0.0000,0.0000,0.0000,-0.0011
1791179193.9351,0.0200,0.2177,0.0000,0.0000,0.0000,0.0000,0.0000,0.0000,0.1273,0.1258,0.5077,0.5077,0.0000,0.0000,0.0000,-0.0012
1791179193.9551,0.0200,0.2384,0.0000,0.0000,0.0000,0.0000,0.0000,0.0000,0.1273,0.1258,0.5077,0.5077,0.0000,0.0000,0.0000,-0.0012
1791179193.9751,0.0200,0.2134,0.0000,0.0000,0.0000,0.0000,0.0000,0.0000,0.1273,0.1258,0.5077,0.5077,0.0000,0.0000,0.0000,-0.0012
1791179193.9952,0.0200,0.2337,0.0000,0.0000,0.0000,0.0000,0.0000,0.0000,0.1273,0.1258,0.5077,0.5077,0.0000,0.0000,0.0000,-0.0012
1791179194.0152,0.0200,0.2240,0.0000,0.0000,0.0000,0.0000,0.0000,0.0000,0.1273,0.1273,0.5077,0.5077,0.0000,0.0000,0.0000,-0.0012
1791179194.0352,0.0200,0.2516,0.0000,0.0000,0.0000,0.0000,0.0000,0.0000,0.1273,0.1258,0.5077,0.5077,0.0000,0.0000,0.0000,-0.0012
1791179194.0552,0.0200,0.2145,0.0000,0.0000,0.0000,0.0000,0.0000,0.0000,0.1273,0.1258,0.5077,0.5077,0.0000,0.0000,0.0000,-0.0012
1791179194.0751,0.0200,0.2209,0.0000,0.0000,0.0000,0.0000,0.0000,0.0000,0.1273,0.1258,0.5077,0.5077,0.0000,0.0000,0.0000,-0.0012
1791179194.0952,0.0200,0.2356,0.0000,0.0000,0.0000,0.0000,0.0000,0.0000,0.1273,0.1258,0.5077,0.5077,0.0000,0.0000,0.0000,-0.0012
1791179194.1152,0.0200,0.1652,0.0000,0.0000,0.0000,0.0000,0.0000,0.0000,0.1273,0.1258,0.5077,0.5077,0.0000,0.0000,0.0000,-0.0012
1791179194.1351,0.0200,0.2229,0.0000,0.0000,0.0000,0.0000,0.0000,0.0000,0.1273,0.1258,0.5077,0.5077,0.0000,0.0000,0.0000,-0.0012
1791179194.1552,0.0201,0.2464,0.0000,0.0000,0.0000,0.0000,0.0000,0.0000,0.1273,0.1258,0.5077,0.5077,0.0000,0.0000,0.0000,-0.0012
1791179194.1752,0.0200,0.2219,0.0000,0.0000,0.0000,0.0000,0.0000,0.0000,0.1273,0.1258,0.5077,0.5077,0.0000,0.0000,0.0000,-0.0012
1791179194.1952,0.0200,0.2130,0.0000,0.0000,0.0000,0.0000,0.0000,0.0000,0.1273,0.1273,0.5077,0.5077,0.0000,0.0000,0.0000,-0.0012
1791179194.2152,0.0200,0.1813,0.0000,0.0000,0.0000,0.0000,0.0000,0.0000,0.1273,0.1258,0.5077,0.5077,0.0000,0.0000,0.0000,-0.0012
1791179194.2351,0.0200,0.1905,0.0000,0.0000,0.0000,0.0000,0.0000,0.0000,0.1273,0.1258,0.5077,0.5077,0.0000,0.0000,0.0000,-0.0012
1791179194.2552,0.0200,0.2427,0.0000,0.0000,0.0000,0.0000,0.0000,0.0000,0.1273,0.1273,0.5077,0.5062,0.0000,0.0000,0.0000,-0.0012
1791179194.2752,0.0200,0.2064,0.0000,0.0000,0.0000,0.0000,0.0000,0.0000,0.1273,0.1273,0.5077,0.5077,0.0000,0.0000,0.0000,-0.0012
1791179194.2952,0.0200,0.2445,0.0000,0.0000,0.0000,0.0000,0.0000,0.0000,0.1273,0.1258,0.5077,0.5077,0.0000,0.0000,0.0000,-0.0012
1791179194.3151,0.0200,0.2314,0.0000,0.0000,0.0000,0.0000,0.0000,0.0000,0.1273,0.1258,0.5077,0.5077,0.0000,0.0000,0.0000,-0.0012
1791179194.3352,0.0200,0.3277,0.0000,0.0000,0.0000,0.0000,0.0000,0.0000,0.1273,0.1273,0.5077,0.5077,0.0000,0.0000,0.0000,-0.0012
1791179194.3552,0.0200,0.2164,0.0000,0.0000,0.0000,0.0000,0.0000,0.0000,0.1273,0.1273,0.5077,0.5077,0.0000,0.0000,0.0000,-0.0012
1791179194.3752,0.0200,0.2307,0.0000,0.0000,0.0000,0.0000,0.0000,0.0000,0.1273,0.1258,0.5077,0.5077,0.0000,0.0000,0.0000,-0.0012
1791179194.3952,0.0200,0.2049,0.0000,0.0000,0.0000,0.0000,0.0000,0.0000,0.1273,0.1258,0.5077,0.5077,0.0000,0.0000,0.0000,-0.0012
1791179194.4151,0.0200,0.2169,0.0000,0.0000,0.0000,0.0000,0.0000,0.0000,0.1273,0.1258,0.5077,0.5077,0.0000,0.0000,0.0000,-0.0012
1791179194.4352,0.0200,0.2341,0.0000,0.0000,0.0000,0.0000,0.0000,0.0000,0.1273,0.1258,0.5077,0.5077,0.0000,0.0000,0.0000,-0.0012
1791179194.4552,0.0200,0.1997,0.0000,0.0000,0.0000,0.0000,0.0000,0.0000,0.1273,0.1258,0.5077,0.5077,0.0000,0.0000,0.0000,-0.0012
1791179194.4751,0.0200,0.2112,0.0000,0.0000,0.0000,0.0000,0.0000,0.0000,0.1273,0.1273,0.5077,0.5077,0.0000,0.0000,0.0000,-0.0012
1791179194.4952,0.0200,0.2307,0.0000,0.0000,0.0000,0.0000,0.0000,0.0000,0.1273,0.1258,0.5077,0.5077,0.0000,0.0000,0.0000,-0.0012
1791179194.5152,0.0200,0.2338,0.0000,0.0000,0.0000,0.0000,0.0000,0.0000,0.1273,0.1273,0.5077,0.5077,0.0000,0.0000,0.0000,-0.0012
1791179194.5352,0.0200,0.2205,0.0000,0.0000,0.0000,0.0000,0.0000,0.0000,0.1273,0.1258,0.5077,0.5077,0.0000,0.0000,0.0000,-0.0012
1791179194.5552,0.0200,0.2238,0.0000,0.0000,0.0000,0.0000,0.0000,0.0000,0.1273,0.1258,0.5077,0.5062,0.0000,0.0000,0.0000,-0.0012
1791179194.5752,0.0200,0.2254,0.0000,0.0000,0.0000,0.0000,0.0000,0.0000,0.1273,0.1273,0.5077,0.5077,0.0000,0.0000,0.0000,-0.0012
1791179194.5952,0.0200,0.2385,0.0000,0.0000,0.0000,0.0000,0.0000,0.0000,0.1273,0.1258,0.5077,0.5077,0.0000,0.0000,0.0000,-0.0012
1791179194.6152,0.0200,0.2236,0.0000,0.0000,0.0000,0.0000,0.0000,0.0000,0.1273,0.1273,0.5077,0.5077,0.0000,0.0000,0.0000,-0.0012
1791179194.6352,0.0200,0.2385,0.0000,0.0000,0.0000,0.0000,0.0000,0.0000,0.1273,0.1258,0.5077,0.5077,0.0000,0.0000,0.0000,-0.0012
1791179194.6552,0.0200,0.2352,0.0000,0.0000,0.0000,0.0000,0.0000,0.0000,0.1273,0.1258,0.5077,0.5077,0.0000,0.0000,0.0000,-0.0012
1791179194.6752,0.0200,0.2367,0.0000,0.0000,0.0000,0.0000,0.0000,0.0000,0.1273,0.1258,0.5077,0.5062,0.0000,0.0000,0.0000,-0.0012
1791179194.6952,0.0200,0.2390,0.0000,0.0000,0.0000,0.0000,0.0000,0.0000,0.1273,0.1258,0.5077,0.5077,0.0000,0.0000,0.0000,-0.0012
1791179194.7152,0.0200,0.2358,0.0000,0.0000,0.0000,0.0000,0.0000,0.0000,0.1273,0.1258,0.5077,0.5077,0.0000,0.0000,0.0000,-0.0012
1791179194.7352,0.0200,0.1965,0.0000,0.0000,0.0000,0.0000,0.0000,0.0000,0.1273,0.1258,0.5077,0.5077,0.0000,0.0000,0.0000,-0.0012
1791179194.7552,0.0200,0.2302,0.0000,0.0000,0.0000,0.0000,0.0000,0.0000,0.1273,0.1273,0.5077,0.5077,0.0000,0.0000,0.0000,-0.0012
1791179194.7752,0.0200,0.2478,0.0000,0.0000,0.0000,0.0000,0.0000,0.0000,0.1273,0.1258,0.5077,0.5077,0.0000,0.0000,0.0000,-0.0012
1791179194.7951,0.0200,0.1611,0.0000,0.0000,0.0000,0.0000,0.0000,0.0000,0.1273,0.1258,0.5077,0.5077,0.0000,0.0000,0.0000,-0.0012
1791179194.8151,0.0200,0.2128,0.0000,0.0000,0.0000,0.0000,0.0000,0.0000,0.1273,0.1258,0.5077,0.5062,0.0000,0.0000,0.0000,-0.0012
1791179194.8351,0.0200,0.1861,0.0000,0.0000,0.0000,0.0000,0.0000,0.0000,0.1273,0.1258,0.5077,0.5077,0.0000,0.0000,0.0000,-0.0012
1791179194.8551,0.0200,0.2027,0.0000,0.0000,0.0000,0.0000,0.0000,0.0000,0.1273,0.1258,0.5077,0.5077,0.0000,0.0000,0.0000,-0.0012
1791179194.8751,0.0200,0.1882,0.0000,0.0000,0.0000,0.0000,0.0000,0.0000,0.1273,0.1258,0.5077,0.5077,0.0000,0.0000,0.0000,-0.0012
1791179194.8951,0.0200,0.2058,0.0000,0.0000,0.0000,0.0000,0.0000,0.0000,0.1273,0.1258,0.5077,0.5077,0.0000,0.0000,0.0000,-0.0012
1791179194.9151,0.0200,0.2442,0.0000,0.0000,0.0000,0.0000,0.0000,0.0000,0.1273,0.1258,0.5077,0.5077,0.0000,0.0000,0.0000,-0.0012
1791179194.9351,0.0200,0.2151,0.0000,0.0000,0.0000,0.0000,0.0000,0.0000,0.1273,0.1273,0.5077,0.5077,0.0000,0.0000,0.0000,-0.0012
1791179194.9551,0.0200,0.2417,0.0000,0.0000,0.0000,0.0000,0.0000,0.0000,0.1273,0.1273,0.5077,0.5077,0.0000,0.0000,0.0000,-0.0012
1791179194.9751,0.0200,0.2154,0.0000,0.0000,0.0000,0.0000,0.0000,0.0000,0.1273,0.1258,0.5077,0.5062,0.0000,0.0000,0.0000,-0.0012
1791179194.9952,0.0200,0.2020,0.0000,0.0000,0.0000,0.0000,0.0000,0.0000,0.1273,0.1258,0.5077,0.5077,0.0000,0.0000,0.0000,-0.0012
1791179195.0151,0.0200,0.2789,0.0000,0.0000,0.0000,0.0000,0.0000,0.0000,0.1273,0.1273,0.5077,0.5077,0.0000,0.0000,0.0000,-0.0012
1791179195.0352,0.0200,0.2310,0.0000,0.0000,0.0000,0.0000,0.0000,0.0000,0.1273,0.1273,0.5077,0.5077,0.0000,0.0000,0.0000,-0.0012
1791179195.0552,0.0200,0.2222,0.0000,0.0000,0.0000,0.0000,0.0000,0.0000,0.1273,0.1273,0.5077,0.5062,0.0000,0.0000,0.0000,-0.0012
1791179195.0752,0.0200,0.1641,0.0000,0.0000,0.0000,0.0000,0.0000,0.0000,0.1273,0.1273,0.5077,0.5077,0.0000,0.0000,0.0000,-0.0012
1791179195.0951,0.0200,0.2160,0.0000,0.0000,0.0000,0.0000,0.0000,0.0000,0.1273,0.1258,0.5077,0.5062,0.0000,0.0000,0.0000,-0.0012
1791179195.1152,0.0200,0.2004,0.0000,0.0000,0.0000,0.0000,0.0000,0.0000,0.1273,0.1258,0.5077,0.5077,0.0000,0.0000,0.0000,-0.0012
1791179195.1352,0.0200,0.2389,0.0000,0.0000,0.0000,0.0000,0.0000,0.0000,0.1273,0.1258,0.5077,0.5077,0.0000,0.0000,0.0000,-0.0012
1791179195.1552,0.0200,0.2381,0.0000,0.0000,0.0000,0.0000,0.0000,0.0000,0.1273,0.1258,0.5077,0.5077,0.0000,0.0000,0.0000,-0.0012
1791179195.1752,0.0200,0.2087,0.0000,0.0000,0.0000,0.0000,0.0000,0.0000,0.1273,0.1258,0.5077,0.5077,0.0000,0.0000,0.0000,-0.0012
1791179195.1951,0.0200,0.2357,0.0000,0.0000,0.0000,0.0000,0.0000,0.0000,0.1273,0.1258,0.5077,0.5077,0.0000,0.0000,0.0000,-0.0012
1791179195.2152,0.0200,0.1950,0.0000,0.0000,0.0000,0.0000,0.0000,0.0000,0.1273,0.1258,0.5077,0.5077,0.0000,0.0000,0.0000,-0.0012
1791179195.2351,0.0199,0.1828,0.0000,0.0000,0.0000,0.0000,0.0000,0.0000,0.1273,0.1273,0.5077,0.5077,0.0000,0.0000,0.0000,-0.0012
1791179195.2552,0.0200,0.2447,0.0000,0.0000,0.0000,0.0000,0.0000,0.0000,0.1273,0.1258,0.5077,0.5077,0.0000,0.0000,0.0000,-0.0012
1791179195.2752,0.0200,0.2359,0.0000,0.0000,0.0000,0.0000,0.0000,0.0000,0.1273,0.1258,0.5077,0.5077,0.0000,0.0000,0.0000,-0.0012
1791179195.2952,0.0200,0.2465,0.0000,0.0000,0.0000,0.0000,0.0000,0.0000,0.1273,0.1273,0.5077,0.5077,0.0000,0.0000,0.0000,-0.0012
1791179195.3152,0.0200,0.2354,0.0000,0.0000,0.0000,0.0000,0.0000,0.0000,0.1273,0.1258,0.5077,0.5077,0.0000,0.0000,0.0000,-0.0012
1791179195.3352,0.0200,0.2351,0.0000,0.0000,0.0000,0.0000,0.0000,0.0000,0.1273,0.1258,0.5077,0.5077,0.0000,0.0000,0.0000,-0.0012
1791179195.3552,0.0200,0.2962,0.0000,0.0000,0.0000,0.0000,0.0000,0.0000,0.1273,0.1258,0.5077,0.5077,0.0000,0.0000,0.0000,-0.0012
1791179195.3752,0.0200,0.2449,0.0000,0.0000,0.0000,0.0000,0.0000,0.0000,0.1273,0.1273,0.5077,0.5077,0.0000,0.0000,0.0000,-0.0012
1791179195.3952,0.0200,0.2352,0.0000,0.0000,0.0000,0.0000,0.0000,0.0000,0.1273,0.1258,0.5077,0.5077,0.0000,0.0000,0.0000,-0.0012
1791179195.4152,0.0200,0.2329,0.0000,0.0000,0.0000,0.0000,0.0000,0.0000,0.1273,0.1258,0.5077,0.5077,0.0000,0.0000,0.0000,-0.0012
1791179195.4352,0.0200,0.3313,0.0000,0.0000,0.0000,0.0000,0.0000,0.0000,0.1273,0.1273,0.5077,0.5077,0.0000,0.0000,0.0000,-0.0012
1791179195.4552,0.0200,0.2435,0.0000,0.0000,0.0000,0.0000,0.0000,0.0000,0.1273,0.1258,0.5077,0.5077,0.0000,0.0000,0.0000,-0.0012
1791179195.4752,0.0200,0.2391,0.0000,0.0000,0.0000,0.0000,0.0000,0.0000,0.1273,0.1258,0.5077,0.5077,0.0000,0.0000,0.0000,-0.0012
1791179195.4952,0.0200,0.2384,0.0000,0.0000,0.0000,0.0000,0.0000,0.0000,0.1273,0.1258,0.5077,0.5077,0.0000,0.0000,0.0000,-0.0012
1791179195.5152,0.0200,0.2367,0.0000,0.0000,0.0000,0.0000,0.0000,0.0000,0.1273,0.1273,0.5077,0.5077,0.0000,0.0000,0.0000,-0.0012
1791179195.5352,0.0200,0.2763,0.0000,0.0000,0.0000,0.0000,0.0000,0.0000,0.1273,0.1273,0.5077,0.5077,0.0000,0.0000,0.0000,-0.0012
1791179195.5552,0.0200,0.2412,0.0000,0.0000,0.0000,0.0000,0.0000,0.0000,0.1273,0.1273,0.5077,0.5077,0.0000,0.0000,0.0000,-0.0012
1791179195.5752,0.0200,0.2278,0.0000,0.0000,0.0000,0.0000,0.0000,0.0000,0.1273,0.1258,0.5077,0.5077,0.0000,0.0000,0.0000,-0.0012
1791179195.5952,0.0200,0.2401,0.0000,0.0000,0.0000,0.0000,0.0000,0.0000,0.1273,0.1258,0.5077,0.5062,0.0000,0.0000,0.0000,-0.0012
1791179195.6152,0.0200,0.2293,0.0000,0.0000,0.0000,0.0000,0.0000,0.0000,0.1273,0.1258,0.5077,0.5077,0.0000,0.0000,0.0000,-0.0012
1791179195.6352,0.0200,0.2277,0.0000,0.0000,0.0000,0.0000,0.0000,0.0000,0.1273,0.1273,0.5077,0.5077,0.0000,0.0000,0.0000,-0.0012
1791179195.6552,0.0200,0.2240,0.0000,0.0000,0.0000,0.0000,0.0000,0.0000,0.1273,0.1273,0.5077,0.5077,0.0000,0.0000,0.0000,-0.0012
1791179195.6752,0.0200,0.2302,0.0000,0.0000,0.0000,0.0000,0.0000,0.0000,0.1273,0.1273,0.5077,0.5077,0.0000,0.0000,0.0000,-0.0012
1791179195.6952,0.0200,0.2469,0.0000,0.0000,0.0000,0.0000,0.0000,0.0000,0.1273,0.1258,0.5077,0.5077,0.0000,0.0000,0.0000,-0.0012
1791179195.7152,0.0200,0.2432,0.0000,0.0000,0.0000,0.0000,0.0000,0.0000,0.1273,0.1258,0.5077,0.5077,0.0000,0.0000,0.0000,-0.0012
1791179195.7351,0.0200,0.1840,0.0000,0.0000,0.0000,0.0000,0.0000,0.0000,0.1273,0.1258,0.5077,0.5077,0.0000,0.0000,0.0000,-0.0012
1791179195.7551,0.0200,0.2376,0.0000,0.0000,0.0000,0.0000,0.0000,0.0000,0.1273,0.1258,0.5077,0.5077,0.0000,0.0000,0.0000,-0.0012
1791179195.7751,0.0200,0.1829,0.0000,0.0000,0.0000,0.0000,0.0000,0.0000,0.1273,0.1258,0.5077,0.5077,0.0000,0.0000,0.0000,-0.0012
1791179195.7951,0.0200,0.2429,0.0000,0.0000,0.0000,0.0000,0.0000,0.0000,0.1273,0.1258,0.5077,0.5077,0.0000,0.0000,0.0000,-0.0012
1791179195.8151,0.0200,0.1762,0.0000,0.0000,0.0000,0.0000,0.0000,0.0000,0.1273,0.1258,0.5077,0.5077,0.0000,0.0000,0.0000,-0.0012
1791179195.8351,0.0200,0.2400,0.0000,0.0000,0.0000,0.0000,0.0000,0.0000,0.1273,0.1258,0.5077,0.5077,0.0000,0.0000,0.0000,-0.0012
1791179195.8551,0.0200,0.2102,0.0000,0.0000,0.0000,0.0000,0.0000,0.0000,0.1273,0.1258,0.5077,0.5077,0.0000,0.0000,0.0000,-0.0012
1791179195.8751,0.0200,0.1795,0.0000,0.0000,0.0000,0.0000,0.0000,0.0000,0.1273,0.1273,0.5077,0.5077,0.0000,0.0000,0.0000,-0.0012
1791179195.8951,0.0200,0.2374,0.0000,0.0000,0.0000,0.0000,0.0000,0.0000,0.1273,0.1258,0.5077,0.5077,0.0000,0.0000,0.0000,-0.0012
1791179195.9152,0.0200,0.2315,0.0000,0.0000,0.0000,0.0000,0.0000,0.0000,0.1273,0.1258,0.5077,0.5077,0.0000,0.0000,0.0000,-0.0012
1791179195.9352,0.0200,0.2099,0.0000,0.0000,0.0000,0.0000,0.0000,0.0000,0.1273,0.1258,0.5077,0.5077,0.0000,0.0000,0.0000,-0.0012
1791179195.9552,0.0200,0.2374,0.0000,0.0000,0.0000,0.0000,0.0000,0.0000,0.1273,0.1258,0.5077,0.5077,0.0000,0.0000,0.0000,-0.0012
1791179195.9752,0.0200,0.3347,0.0000,0.0000,0.0000,0.0000,0.0000,0.0000,0.1273,0.1273,0.5077,0.5077,0.0000,0.0000,0.0000,-0.0012
1791179195.9952,0.0200,0.2424,0.0000,0.0000,0.0000,0.0000,0.0000,0.0000,0.1273,0.1258,0.5077,0.5077,0.0000,0.0000,0.0000,-0.0012
1791179196.0152,0.0200,0.2015,0.0000,0.0000,0.0000,0.0000,0.0000,0.0000,0.1273,0.1273,0.5077,0.5062,0.0000,0.0000,0.0000,-0.0012
1791179196.0352,0.0200,0.1714,0.0000,0.0000,0.0000,0.0000,0.0000,0.0000,0.1273,0.1258,0.5077,0.5077,0.0000,0.0000,0.0000,-0.0012
1791179196.0552,0.0200,0.2618,0.0000,0.0000,0.0000,0.0000,0.0000,0.0000,0.1273,0.1258,0.5077,0.5077,0.0000,0.0000,0.0000,-0.0012
1791179196.0752,0.0200,0.2362,0.0000,0.0000,0.0000,0.0000,0.0000,0.0000,0.1273,0.1258,0.5077,0.5062,0.0000,0.0000,0.0000,-0.0012
1791179196.0952,0.0200,0.1663,0.0000,0.0000,0.0000,0.0000,0.0000,0.0000,0.1273,0.1273,0.5077,0.5077,0.0000,0.0000,0.0000,-0.0012
1791179196.1152,0.0200,0.2371,0.0000,0.0000,0.0000,0.0000,0.0000,0.0000,0.1273,0.1258,0.5077,0.5077,0.0000,0.0000,0.0000,-0.0012
1791179196.1352,0.0200,0.2278,0.0000,0.0000,0.0000,0.0000,0.0000,0.0000,0.1273,0.1273,0.5077,0.5062,0.0000,0.0000,0.0000,-0.0012
1791179196.1552,0.0200,0.1771,0.0000,0.0000,0.0000,0.0000,0.0000,0.0000,0.1273,0.1258,0.5077,0.5077,0.0000,0.0000,0.0000,-0.0012
1791179196.1751,0.0200,0.1943,0.0000,0.0000,0.0000,0.0000,0.0000,0.0000,0.1273,0.1258,0.5077,0.5077,0.0000,0.0000,0.0000,-0.0012
1791179196.1951,0.0200,0.2145,0.0000,0.0000,0.0000,0.0000,0.0000,0.0000,0.1273,0.1273,0.5077,0.5077,0.0000,0.0000,0.0000,-0.0012
1791179196.2152,0.0200,0.2276,0.0000,0.0000,0.0000,0.0000,0.0000,0.0000,0.1273,0.1258,0.5077,0.5077,0.0000,0.0000,0.0000,-0.0012
1791179196.2351,0.0200,0.2180,0.0000,0.0000,0.0000,0.0000,0.0000,0.0000,0.1273,0.1273,0.5077,0.5077,0.0000,0.0000,0.0000,-0.0012
1791179196.2552,0.0201,0.2354,0.0000,0.0000,0.0000,0.0000,0.0000,0.0000,0.1273,0.1258,0.5077,0.5077,0.0000,0.0000,0.0000,-0.0012
1791179196.2752,0.0200,0.2062,0.0000,0.0000,0.0000,0.0000,0.0000,0.0000,0.1273,0.1258,0.5077,0.5077,0.0000,0.0000,0.0000,-0.0012
1791179196.2951,0.0199,0.1891,0.0000,0.0000,0.0000,0.0000,0.0000,0.0000,0.1273,0.1258,0.5077,0.5077,0.0000,0.0000,0.0000,-0.0012
1791179196.3152,0.0201,0.2402,0.0000,0.0000,0.0000,0.0000,0.0000,0.0000,0.1273,0.1258,0.5077,0.5077,0.0000,0.0000,0.0000,-0.0012
1791179196.3352,0.0200,0.2005,0.0000,0.0000,0.0000,0.0000,0.0000,0.0000,0.1273,0.1258,0.5077,0.5077,0.0000,0.0000,0.0000,-0.0012
1791179196.3551,0.0200,0.2121,0.0000,0.0000,0.0000,0.0000,0.0000,0.0000,0.1273,0.1258,0.5077,0.5077,0.0000,0.0000,0.0000,-0.0012
1791179196.3752,0.0200,0.2280,0.0000,0.0000,0.0000,0.0000,0.0000,0.0000,0.1273,0.1273,0.5077,0.5077,0.0000,0.0000,0.0000,-0.0012
1791179196.3952,0.0200,0.2314,0.0000,0.0000,0.0000,0.0000,0.0000,0.0000,0.1273,0.1258,0.5077,0.5077,0.0000,0.0000,0.0000,-0.0012
1791179196.4152,0.0200,0.2004,0.0000,0.0000,0.0000,0.0000,0.0000,0.0000,0.1273,0.1258,0.5077,0.5077,0.0000,0.0000,0.0000,-0.0012
1791179196.4351,0.0200,0.2093,0.0000,0.0000,0.0000,0.0000,0.0000,0.0000,0.1273,0.1273,0.5077,0.5077,0.0000,0.0000,0.0000,-0.0012
1791179196.4552,0.0200,0.2363,0.0000,0.0000,0.0000,0.0000,0.0000,0.0000,0.1273,0.1273,0.5077,0.5077,0.0000,0.0000,0.0000,-0.0012
1791179196.4752,0.0200,0.2263,0.0000,0.0000,0.0000,0.0000,0.0000,0.0000,0.1273,0.1258,0.5077,0.5077,0.0000,0.0000,0.0000,-0.0012
1791179196.4952,0.0200,0.1995,0.0000,0.0000,0.0000,0.0000,0.0000,0.0000,0.1273,0.1273,0.5077,0.5077,0.0000,0.0000,0.0000,-0.0012
1791179196.5151,0.0200,0.2074,0.0000,0.0000,0.0000,0.0000,0.0000,0.0000,0.1273,0.1258,0.5077,0.5077,0.0000,0.0000,0.0000,-0.0012
1791179196.5352,0.0200,0.2346,0.0000,0.0000,0.0000,0.0000,0.0000,0.0000,0.1273,0.1273,0.5077,0.5062,0.0000,0.0000,0.0000,-0.0012
1791179196.5552,0.0200,0.2305,0.0000,0.0000,0.0000,0.0000,0.0000,0.0000,0.1273,0.1258,0.5077,0.5062,0.0000,0.0000,0.0000,-0.0012
1791179196.5752,0.0200,0.2310,0.0000,0.0000,0.0000,0.0000,0.0000,0.0000,0.1273,0.1258,0.5077,0.5077,0.0000,0.0000,0.0000,-0.0012
1791179196.5952,0.0200,0.2302,0.0000,0.0000,0.0000,0.0000,0.0000,0.0000,0.1273,0.1258,0.5077,0.5077,0.0000,0.0000,0.0000,-0.0012
1791179196.6152,0.0200,0.2229,0.0000,0.0000,0.0000,0.0000,0.0000,0.0000,0.1273,0.1258,0.5077,0.5077,0.0000,0.0000,0.0000,-0.0012
1791179196.6352,0.0200,0.2359,0.0000,0.0000,0.0000,0.0000,0.0000,0.0000,0.1273,0.1273,0.5077,0.5077,0.0000,0.0000,0.0000,-0.0011
1791179196.6552,0.0200,0.3214,0.0000,0.0000,0.0000,0.0000,0.0000,0.0000,0.1273,0.1258,0.5077,0.5077,0.0000,0.0000,0.0000,-0.0012
1791179196.6752,0.0200,0.2439,0.0000,0.0000,0.0000,0.0000,0.0000,0.0000,0.1273,0.1258,0.5077,0.5077,0.0000,0.0000,0.0000,-0.0012
1791179196.6952,0.0200,0.2398,0.0000,0.0000,0.0000,0.0000,0.0000,0.0000,0.1273,0.1258,0.5077,0.5077,0.0000,0.0000,0.0000,-0.0012
1791179196.7152,0.0200,0.2579,0.0000,0.0000,0.0000,0.0000,0.0000,0.0000,0.1273,0.1258,0.5077,0.5077,0.0000,0.0000,0.0000,-0.0012
1791179196.7351,0.0200,0.1664,0.0000,0.0000,0.0000,0.0000,0.0000,0.0000,0.1273,0.1273,0.5077,0.5077,0.0000,0.0000,0.0000,-0.0012
1791179196.7551,0.0200,0.2982,0.0000,0.0000,0.0000,0.0000,0.0000,0.0000,0.1273,0.1258,0.5077,0.5077,0.0000,0.0000,0.0000,-0.0012
1791179196.7751,0.0200,0.1474,0.0000,0.0000,0.0000,0.0000,0.0000,0.0000,0.1273,0.1258,0.5077,0.5077,0.0000,0.0000,0.0000,-0.0012
1791179196.7951,0.0200,0.2366,0.0000,0.0000,0.0000,0.0000,0.0000,0.0000,0.1273,0.1258,0.5077,0.5077,0.0000,0.0000,0.0000,-0.0012
1791179196.8152,0.0200,0.2336,0.0000,0.0000,0.0000,0.0000,0.0000,0.0000,0.1273,0.1258,0.5077,0.5077,0.0000,0.0000,0.0000,-0.0012
1791179196.8352,0.0200,0.2016,0.0000,0.0000,0.0000,0.0000,0.0000,0.0000,0.1273,0.1258,0.5077,0.5077,0.0000,0.0000,0.0000,-0.0012
1791179196.8552,0.0200,0.2314,0.0000,0.0000,0.0000,0.0000,0.0000,0.0000,0.1273,0.1273,0.5077,0.5077,0.0000,0.0000,0.0000,-0.0012
1791179196.8752,0.0200,0.2830,0.0000,0.0000,0.0000,0.0000,0.0000,0.0000,0.1273,0.1258,0.5077,0.5077,0.0000,0.0000,0.0000,-0.0012
1791179196.8952,0.0200,0.3152,0.0000,0.0000,0.0000,0.0000,0.0000,0.0000,0.1273,0.1258,0.5077,0.5077,0.0000,0.0000,0.0000,-0.0012
1791179196.9152,0.0200,0.2328,0.0000,0.0000,0.0000,0.0000,0.0000,0.0000,0.1273,0.1258,0.5077,0.5077,0.0000,0.0000,0.0000,-0.0012
1791179196.9352,0.0200,0.2106,0.0000,0.0000,0.0000,0.0000,0.0000,0.0000,0.1273,0.1258,0.5077,0.5077,0.0000,0.0000,0.0000,-0.0012
1791179196.9552,0.0200,0.3252,0.0000,0.0000,0.0000,0.0000,0.0000,0.0000,0.1273,0.1258,0.5077,0.5077,0.0000,0.0000,0.0000,-0.0012
1791179196.9752,0.0200,0.2089,0.0000,0.0000,0.0000,0.0000,0.0000,0.0000,0.1273,0.1273,0.5077,0.5077,0.0000,0.0000,0.0000,-0.0012
1791179196.9951,0.0200,0.2087,0.0000,0.0000,0.0000,0.0000,0.0000,0.0000,0.1273,0.1258,0.5077,0.5077,0.0000,0.0000,0.0000,-0.0012
1791179197.0152,0.0200,0.2019,0.0000,0.0000,0.0000,0.0000,0.0000,0.0000,0.1273,0.1258,0.5077,0.5062,0.0000,0.0000,0.0000,-0.0012
1791179197.0352,0.0200,0.2299,0.0000,0.0000,0.0000,0.0000,0.0000,0.0000,0.1273,0.1258,0.5077,0.5077,0.0000,0.0000,0.0000,-0.0012
1791179197.0552,0.0200,0.2108,0.0000,0.0000,0.0000,0.0000,0.0000,0.0000,0.1273,0.1273,0.5077,0.5077,0.0000,0.0000,0.0000,-0.0012
1791179197.0752,0.0200,0.2449,0.0000,0.0000,0.0000,0.0000,0.0000,0.0000,0.1273,0.1258,0.5077,0.5062,0.0000,0.0000,0.0000,-0.0012
1791179197.0952,0.0200,0.2863,0.0000,0.0000,0.0000,0.0000,0.0000,0.0000,0.1273,0.1273,0.5077,0.5077,0.0000,0.0000,0.0000,-0.0012
1791179197.1152,0.0200,0.2403,0.0000,0.0000,0.0000,0.0000,0.0000,0.0000,0.1273,0.1258,0.5077,0.5077,0.0000,0.0000,0.0000,-0.0012
1791179197.1352,0.0200,0.2232,0.0000,0.0000,0.0000,0.0000,0.0000,0.0000,0.1273,0.1258,0.5077,0.5077,0.0000,0.0000,0.0000,-0.0012
1791179197.1552,0.0200,0.2649,0.0000,0.0000,0.0000,0.0000,0.0000,0.0000,0.1273,0.1273,0.5077,0.5077,0.0000,0.0000,0.0000,-0.0012
1791179197.1752,0.0200,0.1938,0.0000,0.0000,0.0000,0.0000,0.0000,0.0000,0.1273,0.1258,0.5077,0.5077,0.0000,0.0000,0.0000,-0.0012
1791179197.1951,0.0199,0.2241,0.0000,0.0000,0.0000,0.0000,0.0000,0.0000,0.1273,0.1258,0.5077,0.5077,0.0000,0.0000,0.0000,-0.0012
1791179197.2151,0.0200,0.1941,0.0000,0.0000,0.0000,0.0000,0.0000,0.0000,0.1273,0.1258,0.5077,0.5077,0.0000,0.0000,0.0000,-0.0012
1791179197.2352,0.0200,0.2402,0.0000,0.0000,0.0000,0.0000,0.0000,0.0000,0.1273,0.1258,0.5077,0.5077,0.0000,0.0000,0.0000,-0.0012
1791179197.2552,0.0200,0.2371,0.0000,0.0000,0.0000,0.0000,0.0000,0.0000,0.1273,0.1258,0.5077,0.5077,0.0000,0.0000,0.0000,-0.0012
1791179197.2752,0.0200,0.1727,0.0000,0.0000,0.0000,0.0000,0.0000,0.0000,0.1273,0.1258,0.5077,0.5077,0.0000,0.0000,0.0000,-0.0012
1791179197.2952,0.0200,0.3221,0.0000,0.0000,0.0000,0.0000,0.0000,0.0000,0.1273,0.1258,0.5077,0.5077,0.0000,0.0000,0.0000,-0.0012
1791179197.3152,0.0200,0.2252,0.0000,0.0000,0.0000,0.0000,0.0000,0.0000,0.1273,0.1258,0.5077,0.5077,0.0000,0.0000,0.0000,-0.0012
1791179197.3352,0.0200,0.2313,0.0000,0.0000,0.0000,0.0000,0.0000,0.0000,0.1273,0.1258,0.5077,0.5077,0.0000,0.0000,0.0000,-0.0012
1791179197.3552,0.0200,0.2055,0.0000,0.0000,0.0000,0.0000,0.0000,0.0000,0.1273,0.1258,0.5077,0.5077,0.0000,0.0000,0.0000,-0.0012
1791179197.3751,0.0200,0.2177,0.0000,0.0000,0.0000,0.0000,0.0000,0.0000,0.1273,0.1258,0.5077,0.5077,0.0000,0.0000,0.0000,-0.0012
1791179197.3952,0.0200,0.2304,0.0000,0.0000,0.0000,0.0000,0.0000,0.0000,0.1273,0.1258,0.5077,0.5077,0.0000,0.0000,0.0000,-0.0012
1791179197.4152,0.0200,0.1926,0.0000,0.0000,0.0000,0.0000,0.0000,0.0000,0.1273,0.1258,0.5077,0.5077,0.0000,0.0000,0.0000,-0.0014
1791179197.4351,0.0200,0.2114,0.0000,0.0000,0.0000,0.0000,0.0000,0.0000,0.1273,0.1273,0.5077,0.5062,0.0000,0.0000,0.0000,-0.0012
1791179197.4552,0.0200,0.2319,0.0000,0.0000,0.0000,0.0000,0.0000,0.0000,0.1273,0.1258,0.5077,0.5077,0.0000,0.0000,0.0000,-0.0012
1791179197.4752,0.0200,0.2272,0.0000,0.0000,0.0000,0.0000,0.0000,0.0000,0.1273,0.1273,0.5077,0.5077,0.0000,0.0000,0.0000,-0.0012
1791179197.4952,0.0200,0.2275,0.0000,0.0000,0.0000,0.0000,0.0000,0.0000,0.1273,0.1258,0.5077,0.5077,0.0000,0.0000,0.0000,-0.0012
1791179197.5152,0.0200,0.2326,0.0000,0.0000,0.0000,0.0000,0.0000,0.0000,0.1273,0.1258,0.5077,0.5077,0.0000,0.0000,0.0000,-0.0012
1791179197.5352,0.0200,0.2278,0.0000,0.0000,0.0000,0.0000,0.0000,0.0000,0.1273,0.1258,0.5077,0.5077,0.0000,0.0000,0.0000,-0.0012
1791179197.5552,0.0200,0.2368,0.0000,0.0000,0.0000,0.0000,0.0000,0.0000,0.1273,0.1258,0.5077,0.5077,0.0000,0.0000,0.0000,-0.0012
1791179197.5752,0.0200,0.1965,0.0000,0.0000,0.0000,0.0000,0.0000,0.0000,0.1273,0.1258,0.5077,0.5077,0.0000,0.0000,0.0000,-0.0012
1791179197.5952,0.0200,0.2339,0.0000,0.0000,0.0000,0.0000,0.0000,0.0000,0.1273,0.1258,0.5077,0.5077,0.0000,0.0000,0.0000,-0.0012
1791179197.6152,0.0200,0.3250,0.0000,0.0000,0.0000,0.0000,0.0000,0.0000,0.1273,0.1258,0.5077,0.5077,0.0000,0.0000,0.0000,-0.0012
1791179197.6352,0.0200,0.2649,0.0000,0.0000,0.0000,0.0000,0.0000,0.0000,0.1273,0.1273,0.5077,0.5077,0.0000,0.0000,0.0000,-0.0012
1791179197.6551,0.0200,0.1994,0.0000,0.0000,0.0000,0.0000,0.0000,0.0000,0.1273,0.1258,0.5077,0.5077,0.0000,0.0000,0.0000,-0.0012
1791179197.6751,0.0200,0.2151,0.0000,0.0000,0.0000,0.0000,0.0000,0.0000,0.1273,0.1258,0.5077,0.5077,0.0000,0.0000,0.0000,-0.0012
1791179197.6951,0.0200,0.2138,0.0000,0.0000,0.0000,0.0000,0.0000,0.0000,0.1273,0.1258,0.5077,0.5077,0.0000,0.0000,0.0000,-0.0012
1791179197.7151,0.0200,0.2108,0.0000,0.0000,0.0000,0.0000,0.0000,0.0000,0.1273,0.1273,0.5077,0.5077,0.0000,0.0000,0.0000,-0.0012
1791179197.7351,0.0200,0.1869,0.0000,0.0000,0.0000,0.0000,0.0000,0.0000,0.1273,0.1273,0.5077,0.5077,0.0000,0.0000,0.0000,-0.0012
1791179197.7551,0.0200,0.2402,0.0000,0.0000,0.0000,0.0000,0.0000,0.0000,0.1273,0.1258,0.5077,0.5077,0.0000,0.0000,0.0000,-0.0012
1791179197.7751,0.0200,0.2136,0.0000,0.0000,0.0000,0.0000,0.0000,0.0000,0.1273,0.1258,0.5077,0.5077,0.0000,0.0000,0.0000,-0.0012
1791179197.7951,0.0200,0.1632,0.0000,0.0000,0.0000,0.0000,0.0000,0.0000,0.1273,0.1258,0.5077,0.5077,0.0000,0.0000,0.0000,-0.0012
1791179197.8152,0.0200,0.2374,0.0000,0.0000,0.0000,0.0000,0.0000,0.0000,0.1273,0.1258,0.5077,0.5077,0.0000,0.0000,0.0000,-0.0011
1791179197.8352,0.0200,0.2306,0.0000,0.0000,0.0000,0.0000,0.0000,0.0000,0.1273,0.1258,0.5077,0.5077,0.0000,0.0000,0.0000,-0.0012
1791179197.8552,0.0200,0.2303,0.0000,0.0000,0.0000,0.0000,0.0000,0.0000,0.1273,0.1273,0.5077,0.5077,0.0000,0.0000,0.0000,-0.0012
1791179197.8752,0.0200,0.2325,0.0000,0.0000,0.0000,0.0000,0.0000,0.0000,0.1273,0.1258,0.5077,0.5077,0.0000,0.0000,0.0000,-0.0012
1791179197.8952,0.0200,0.2269,0.0000,0.0000,0.0000,0.0000,0.0000,0.0000,0.1273,0.1258,0.5077,0.5077,0.0000,0.0000,0.0000,-0.0012
1791179197.9152,0.0200,0.2286,0.0000,0.0000,0.0000,0.0000,0.0000,0.0000,0.1273,0.1258,0.5077,0.5077,0.0000,0.0000,0.0000,-0.0012
1791179197.9352,0.0200,0.1698,0.0000,0.0000,0.0000,0.0000,0.0000,0.0000,0.1273,0.1258,0.5077,0.5077,0.0000,0.0000,0.0000,-0.0012
1791179197.9551,0.0200,0.2393,0.0000,0.0000,0.0000,0.0000,0.0000,0.0000,0.1273,0.1258,0.5077,0.5077,0.0000,0.0000,0.0000,-0.0012
1791179197.9752,0.0200,0.2255,0.0000,0.0000,0.0000,0.0000,0.0000,0.0000,0.1273,0.1258,0.5077,0.5077,0.0000,0.0000,0.0000,-0.0012
1791179197.9952,0.0200,0.1650,0.0000,0.0000,0.0000,0.0000,0.0000,0.0000,0.1273,0.1258,0.5077,0.5077,0.0000,0.0000,0.0000,-0.0012
1791179198.0152,0.0200,0.2417,0.0000,0.0000,0.0000,0.0000,0.0000,0.0000,0.1273,0.1258,0.5077,0.5062,0.0000,0.0000,0.0000,-0.0012
1791179198.0352,0.0200,0.2256,0.0000,0.0000,0.0000,0.0000,0.0000,0.0000,0.1273,0.1258,0.5077,0.5077,0.0000,0.0000,0.0000,-0.0014
1791179198.0552,0.0200,0.2610,0.0000,0.0000,0.0000,0.0000,0.0000,0.0000,0.1273,0.1258,0.5077,0.5077,0.0000,0.0000,0.0000,-0.0012
1791179198.0751,0.0199,0.1954,0.0000,0.0000,0.0000,0.0000,0.0000,0.0000,0.1273,0.1258,0.5077,0.5062,0.0000,0.0000,0.0000,-0.0012
1791179198.0951,0.0200,0.2184,0.0000,0.0000,0.0000,0.0000,0.0000,0.0000,0.1273,0.1273,0.5077,0.5077,0.0000,0.0000,0.0000,-0.0012
1791179198.1152,0.0200,0.2329,0.0000,0.0000,0.0000,0.0000,0.0000,0.0000,0.1273,0.1258,0.5077,0.5077,0.0000,0.0000,0.0000,-0.0012
1791179198.1352,0.0200,0.1808,0.0000,0.0000,0.0000,0.0000,0.0000,0.0000,0.1273,0.1258,0.5077,0.5077,0.0000,0.0000,0.0000,-0.0012
1791179198.1551,0.0200,0.2216,0.0000,0.0000,0.0000,0.0000,0.0000,0.0000,0.1273,0.1258,0.5077,0.5077,0.0000,0.0000,0.0000,-0.0012
1791179198.1751,0.0200,0.1935,0.0000,0.0000,0.0000,0.0000,0.0000,0.0000,0.1273,0.1258,0.5077,0.5077,0.0000,0.0000,0.0000,-0.0012
1791179198.1952,0.0200,0.2434,0.0000,0.0000,0.0000,0.0000,0.0000,0.0000,0.1273,0.1258,0.5077,0.5077,0.0000,0.0000,0.0000,-0.0012
1791179198.2152,0.0200,0.2091,0.0000,0.0000,0.0000,0.0000,0.0000,0.0000,0.1273,0.1273,0.5077,0.5077,0.0000,0.0000,0.0000,-0.0012
1791179198.2352,0.0200,0.2436,0.0000,0.0000,0.0000,0.0000,0.0000,0.0000,0.1273,0.1258,0.5077,0.5077,0.0000,0.0000,0.0000,-0.0012
1791179198.2552,0.0200,0.2406,0.0000,0.0000,0.0000,0.0000,0.0000,0.0000,0.1273,0.1258,0.5077,0.5077,0.0000,0.0000,0.0000,-0.0012
1791179198.2752,0.0200,0.2127,0.0000,0.0000,0.0000,0.0000,0.0000,0.0000,0.1273,0.1258,0.5077,0.5077,0.0000,0.0000,0.0000,-0.0012
1791179198.2952,0.0200,0.2503,0.0000,0.0000,0.0000,0.0000,0.0000,0.0000,0.1273,0.1273,0.5077,0.5077,0.0000,0.0000,0.0000,-0.0012
1791179198.3152,0.0200,0.2379,0.0000,0.0000,0.0000,0.0000,0.0000,0.0000,0.1273,0.1258,0.5077,0.5062,0.0000,0.0000,0.0000,-0.0012
1791179198.3352,0.0200,0.2323,0.0000,0.0000,0.0000,0.0000,0.0000,0.0000,0.1273,0.1258,0.5077,0.5077,0.0000,0.0000,0.0000,-0.0012
1791179198.3552,0.0200,0.3354,0.0000,0.0000,0.0000,0.0000,0.0000,0.0000,0.1273,0.1258,0.5077,0.5077,0.0000,0.0000,0.0000,-0.0012
1791179198.3752,0.0200,0.2386,0.0000,0.0000,0.0000,0.0000,0.0000,0.0000,0.1273,0.1258,0.5077,0.5077,0.0000,0.0000,0.0000,-0.0012
1791179198.3952,0.0200,0.2070,0.0000,0.0000,0.0000,0.0000,0.0000,0.0000,0.1273,0.1258,0.5077,0.5062,0.0000,0.0000,0.0000,-0.0012
1791179198.4152,0.0200,0.2884,0.0000,0.0000,0.0000,0.0000,0.0000,0.0000,0.1273,0.1258,0.5077,0.5077,0.0000,0.0000,0.0000,-0.0012
1791179198.4352,0.0200,0.2490,0.0000,0.0000,0.0000,0.0000,0.0000,0.0000,0.1273,0.1258,0.5077,0.5077,0.0000,0.0000,0.0000,-0.0012
1791179198.4552,0.0200,0.2283,0.0000,0.0000,0.0000,0.0000,0.0000,0.0000,0.1273,0.1258,0.5077,0.5077,0.0000,0.0000,0.0000,-0.0012
1791179198.4752,0.0200,0.2390,0.0000,0.0000,0.0000,0.0000,0.0000,0.0000,0.1273,0.1258,0.5077,0.5077,0.0000,0.0000,0.0000,-0.0012
1791179198.4952,0.0200,0.2386,0.0000,0.0000,0.0000,0.0000,0.0000,0.0000,0.1273,0.1273,0.5077,0.5077,0.0000,0.0000,0.0000,-0.0012
1791179198.5152,0.0200,0.3298,0.0000,0.0000,0.0000,0.0000,0.0000,0.0000,0.1273,0.1258,0.5077,0.5077,0.0000,0.0000,0.0000,-0.0012
1791179198.5352,0.0200,0.2401,0.0000,0.0000,0.0000,0.0000,0.0000,0.0000,0.1273,0.1273,0.5077,0.5077,0.0000,0.0000,0.0000,-0.0012
1791179198.5552,0.0200,0.2310,0.0000,0.0000,0.0000,0.0000,0.0000,0.0000,0.1273,0.1258,0.5077,0.5077,0.0000,0.0000,0.0000,-0.0012
1791179198.5752,0.0200,0.2582,0.0000,0.0000,0.0000,0.0000,0.0000,0.0000,0.1273,0.1258,0.5077,0.5077,0.0000,0.0000,0.0000,-0.0012
1791179198.5952,0.0200,0.2134,0.0000,0.0000,0.0000,0.0000,0.0000,0.0000,0.1273,0.1258,0.5077,0.5062,0.0000,0.0000,0.0000,-0.0012
1791179198.6152,0.0200,0.2491,0.0000,0.0000,0.0000,0.0000,0.0000,0.0000,0.1273,0.1258,0.5077,0.5077,0.0000,0.0000,0.0000,-0.0012
1791179198.6351,0.0200,0.1727,0.0000,0.0000,0.0000,0.0000,0.0000,0.0000,0.1273,0.1273,0.5077,0.5077,0.0000,0.0000,0.0000,-0.0012
1791179198.6552,0.0200,0.2466,0.0000,0.0000,0.0000,0.0000,0.0000,0.0000,0.1273,0.1273,0.5077,0.5077,0.0000,0.0000,0.0000,-0.0012
1791179198.6751,0.0200,0.1699,0.0000,0.0000,0.0000,0.0000,0.0000,0.0000,0.1273,0.1258,0.5077,0.5077,0.0000,0.0000,0.0000,-0.0012
1791179198.6951,0.0200,0.1905,0.0000,0.0000,0.0000,0.0000,0.0000,0.0000,0.1273,0.1273,0.5077,0.5062,0.0000,0.0000,0.0000,-0.0012
1791179198.7151,0.0200,0.1863,0.0000,0.0000,0.0000,0.0000,0.0000,0.0000,0.1273,0.1273,0.5077,0.5077,0.0000,0.0000,0.0000,-0.0012
1791179198.7352,0.0200,0.2382,0.0000,0.0000,0.0000,0.0000,0.0000,0.0000,0.1273,0.1273,0.5077,0.5077,0.0000,0.0000,0.0000,-0.0012
1791179198.7552,0.0200,0.2341,0.0000,0.0000,0.0000,0.0000,0.0000,0.0000,0.1273,0.1258,0.5077,0.5077,0.0000,0.0000,0.0000,-0.0012
1791179198.7751,0.0200,0.2078,0.0000,0.0000,0.0000,0.0000,0.0000,0.0000,0.1273,0.1273,0.5077,0.5077,0.0000,0.0000,0.0000,-0.0012
1791179198.7951,0.0200,0.2673,0.0000,0.0000,0.0000,0.0000,0.0000,0.0000,0.1273,0.1273,0.5077,0.5077,0.0000,0.0000,0.0000,-0.0012
1791179198.8152,0.0200,0.2054,0.0000,0.0000,0.0000,0.0000,0.0000,0.0000,0.1273,0.1258,0.5077,0.5077,0.0000,0.0000,0.0000,-0.0012
1791179198.8352,0.0200,0.2021,0.0000,0.0000,0.0000,0.0000,0.0000,0.0000,0.1273,0.1258,0.5077,0.5077,0.0000,0.0000,0.0000,-0.0012
1791179198.8552,0.0200,0.2032,0.0000,0.0000,0.0000,0.0000,0.0000,0.0000,0.1273,0.1258,0.5077,0.5077,0.0000,0.0000,0.0000,-0.0012
1791179198.8751,0.0200,0.1614,0.0000,0.0000,0.0000,0.0000,0.0000,0.0000,0.1273,0.1273,0.5077,0.5077,0.0000,0.0000,0.0000,-0.0012
1791179198.8952,0.0200,0.2700,0.0000,0.0000,0.0000,0.0000,0.0000,0.0000,0.1273,0.1273,0.5077,0.5077,0.0000,0.0000,0.0000,-0.0012
1791179198.9152,0.0200,0.2119,0.0000,0.0000,0.0000,0.0000,0.0000,0.0000,0.1273,0.1258,0.5077,0.5077,0.0000,0.0000,0.0000,-0.0012
1791179198.9352,0.0200,0.2079,0.0000,0.0000,0.0000,0.0000,0.0000,0.0000,0.1273,0.1258,0.5077,0.5077,0.0000,0.0000,0.0000,-0.0012
1791179198.9551,0.0199,0.2360,0.0000,0.0000,0.0000,0.0000,0.0000,0.0000,0.1273,0.1273,0.5077,0.5077,0.0000,0.0000,0.0000,-0.0012
1791179198.9752,0.0201,0.2191,0.0000,0.0000,0.0000,0.0000,0.0000,0.0000,0.1273,0.1258,0.5077,0.5077,0.0000,0.0000,0.0000,-0.0012
1791179198.9952,0.0200,0.2134,0.0000,0.0000,0.0000,0.0000,0.0000,0.0000,0.1273,0.1258,0.5077,0.5077,0.0000,0.0000,0.0000,-0.0012
1791179199.0152,0.0200,0.2347,0.0000,0.0000,0.0000,0.0000,0.0000,0.0000,0.1273,0.1258,0.5077,0.5077,0.0000,0.0000,0.0000,-0.0012
1791179199.0352,0.0200,0.1675,0.0000,0.0000,0.0000,0.0000,0.0000,0.0000,0.1273,0.1258,0.5077,0.5077,0.0000,0.0000,0.0000,-0.0012
1791179199.0551,0.0200,0.1874,0.0000,0.0000,0.0000,0.0000,0.0000,0.0000,0.1273,0.1258,0.5077,0.5077,0.0000,0.0000,0.0000,-0.0012
1791179199.0751,0.0200,0.2195,0.0000,0.0000,0.0000,0.0000,0.0000,0.0000,0.1273,0.1258,0.5077,0.5077,0.0000,0.0000,0.0000,-0.0012
1791179199.0952,0.0200,0.2345,0.0000,0.0000,0.0000,0.0000,0.0000,0.0000,0.1273,0.1258,0.5077,0.5077,0.0000,0.0000,0.0000,-0.0012
1791179199.1151,0.0200,0.2012,0.0000,0.0000,0.0000,0.0000,0.0000,0.0000,0.1273,0.1258,0.5077,0.5077,0.0000,0.0000,0.0000,-0.0012
1791179199.1352,0.0200,0.2065,0.0000,0.0000,0.0000,0.0000,0.0000,0.0000,0.1273,0.1258,0.5077,0.5062,0.0000,0.0000,0.0000,-0.0012
1791179199.1552,0.0200,0.2303,0.0000,0.0000,0.0000,0.0000,0.0000,0.0000,0.1273,0.1273,0.5077,0.5077,0.0000,0.0000,0.0000,-0.0012
1791179199.1752,0.0200,0.1819,0.0000,0.0000,0.0000,0.0000,0.0000,0.0000,0.1273,0.1258,0.5077,0.5077,0.0000,0.0000,0.0000,-0.0012
1791179199.1951,0.0200,0.1835,0.0000,0.0000,0.0000,0.0000,0.0000,0.0000,0.1273,0.1258,0.5077,0.5077,0.0000,0.0000,0.0000,-0.0012
1791179199.2152,0.0200,0.3247,0.0000,0.0000,0.0000,0.0000,0.0000,0.0000,0.1273,0.1258,0.5077,0.5077,0.0000,0.0000,0.0000,-0.0012
1791179199.2352,0.0200,0.2392,0.0000,0.0000,0.0000,0.0000,0.0000,0.0000,0.1273,0.1258,0.5077,0.5062,0.0000,0.0000,0.0000,-0.0012
1791179199.2552,0.0200,0.3300,0.0000,0.0000,0.0000,0.0000,0.0000,0.0000,0.1273,0.1258,0.5077,0.5062,0.0000,0.0000,0.0000,-0.0012
1791179199.2752,0.0200,0.2075,0.0000,0.0000,0.0000,0.0000,0.0000,0.0000,0.1273,0.1258,0.5077,0.5077,0.0000,0.0000,0.0000,-0.0012
1791179199.2951,0.0199,0.2050,0.0000,0.0000,0.0000,0.0000,0.0000,0.0000,0.1273,0.1258,0.5077,0.5077,0.0000,0.0000,0.0000,-0.0012
1791179199.3152,0.0200,0.3128,0.0000,0.0000,0.0000,0.0000,0.0000,0.0000,0.1273,0.1273,0.5077,0.5077,0.0000,0.0000,0.0000,-0.0012
1791179199.3352,0.0200,0.2071,0.0000,0.0000,0.0000,0.0000,0.0000,0.0000,0.1273,0.1273,0.5077,0.5077,0.0000,0.0000,0.0000,-0.0012
1791179199.3552,0.0200,0.2315,0.0000,0.0000,0.0000,0.0000,0.0000,0.0000,0.1273,0.1273,0.5077,0.5077,0.0000,0.0000,0.0000,-0.0012
1791179199.3752,0.0200,0.1967,0.0000,0.0000,0.0000,0.0000,0.0000,0.0000,0.1273,0.1258,0.5077,0.5077,0.0000,0.0000,0.0000,-0.0012
1791179199.3951,0.0200,0.2126,0.0000,0.0000,0.0000,0.0000,0.0000,0.0000,0.1273,0.1258,0.5077,0.5077,0.0000,0.0000,0.0000,-0.0012
1791179199.4152,0.0200,0.2302,0.0000,0.0000,0.0000,0.0000,0.0000,0.0000,0.1273,0.1258,0.5077,0.5077,0.0000,0.0000,0.0000,-0.0012
1791179199.4352,0.0200,0.2280,0.0000,0.0000,0.0000,0.0000,0.0000,0.0000,0.1273,0.1258,0.5077,0.5077,0.0000,0.0000,0.0000,-0.0012
1791179199.4552,0.0200,0.2212,0.0000,0.0000,0.0000,0.0000,0.0000,0.0000,0.1273,0.1258,0.5077,0.5077,0.0000,0.0000,0.0000,-0.0012
1791179199.4752,0.0200,0.2247,0.0000,0.0000,0.0000,0.0000,0.0000,0.0000,0.1273,0.1258,0.5077,0.5062,0.0000,0.0000,0.0000,-0.0012
1791179199.4952,0.0200,0.2259,0.0000,0.0000,0.0000,0.0000,0.0000,0.0000,0.1273,0.1273,0.5077,0.5077,0.0000,0.0000,0.0000,-0.0012
1791179199.5152,0.0200,0.2357,0.0000,0.0000,0.0000,0.0000,0.0000,0.0000,0.1273,0.1258,0.5077,0.5077,0.0000,0.0000,0.0000,-0.0012
1791179199.5352,0.0200,0.2300,0.0000,0.0000,0.0000,0.0000,0.0000,0.0000,0.1273,0.1258,0.5077,0.5077,0.0000,0.0000,0.0000,-0.0012
1791179199.5552,0.0200,0.2321,0.0000,0.0000,0.0000,0.0000,0.0000,0.0000,0.1273,0.1258,0.5077,0.5077,0.0000,0.0000,0.0000,-0.0012
1791179199.5752,0.0200,0.3259,0.0000,0.0000,0.0000,0.0000,0.0000,0.0000,0.1273,0.1258,0.5077,0.5077,0.0000,0.0000,0.0000,-0.0014
1791179199.5952,0.0201,0.2497,0.0000,0.0000,0.0000,0.0000,0.0000,0.0000,0.1273,0.1258,0.5077,0.5077,0.0000,0.0000,0.0000,-0.0012
1791179199.6151,0.0199,0.2154,0.0000,0.0000,0.0000,0.0000,0.0000,0.0000,0.1273,0.1258,0.5077,0.5077,0.0000,0.0000,0.0000,-0.0012
1791179199.6351,0.0200,0.1908,0.0000,0.0000,0.0000,0.0000,0.0000,0.0000,0.1273,0.1273,0.5077,0.5077,0.0000,0.0000,0.0000,-0.0012
1791179199.6551,0.0200,0.1982,0.0000,0.0000,0.0000,0.0000,0.0000,0.0000,0.1273,0.1273,0.5077,0.5077,0.0000,0.0000,0.0000,-0.0012
1791179199.6751,0.0200,0.1881,0.0000,0.0000,0.0000,0.0000,0.0000,0.0000,0.1273,0.1273,0.5077,0.5077,0.0000,0.0000,0.0000,-0.0012
1791179199.6951,0.0200,0.1860,0.0000,0.0000,0.0000,0.0000,0.0000,0.0000,0.1273,0.1258,0.5077,0.5077,0.0000,0.0000,0.0000,-0.0012
1791179199.7151,0.0200,0.1844,0.0000,0.0000,0.0000,0.0000,0.0000,0.0000,0.1273,0.1258,0.5077,0.5077,0.0000,0.0000,0.0000,-0.0011
1791179199.7351,0.0200,0.2347,0.0000,0.0000,0.0000,0.0000,0.0000,0.0000,0.1273,0.1258,0.5077,0.5077,0.0000,0.0000,0.0000,-0.0012
1791179199.7551,0.0200,0.2641,0.0000,0.0000,0.0000,0.0000,0.0000,0.0000,0.1273,0.1273,0.5077,0.5077,0.0000,0.0000,0.0000,-0.0012
1791179199.7752,0.0201,0.2048,0.0000,0.0000,0.0000,0.0000,0.0000,0.0000,0.1273,0.1273,0.5077,0.5077,0.0000,0.0000,0.0000,-0.0012
1791179199.7952,0.0200,0.1943,0.0000,0.0000,0.0000,0.0000,0.0000,0.0000,0.1273,0.1258,0.5077,0.5077,0.0000,0.0000,0.0000,-0.0012
1791179199.8152,0.0200,0.2006,0.0000,0.0000,0.0000,0.0000,0.0000,0.0000,0.1273,0.1258,0.5077,0.5077,0.0000,0.0000,0.0000,-0.0012
1791179199.8352,0.0200,0.1985,0.0000,0.0000,0.0000,0.0000,0.0000,0.0000,0.1273,0.1258,0.5077,0.5077,0.0000,0.0000,0.0000,-0.0012
1791179199.8552,0.0200,0.2208,0.0000,0.0000,0.0000,0.0000,0.0000,0.0000,0.1273,0.1258,0.5077,0.5077,0.0000,0.0000,0.0000,-0.0012
1791179199.8752,0.0200,0.2422,0.0000,0.0000,0.0000,0.0000,0.0000,0.0000,0.1273,0.1273,0.5077,0.5077,0.0000,0.0000,0.0000,-0.0012
1791179199.8952,0.0200,0.2100,0.0000,0.0000,0.0000,0.0000,0.0000,0.0000,0.1273,0.1258,0.5077,0.5077,0.0000,0.0000,0.0000,-0.0012
1791179199.9152,0.0200,0.3144,0.0000,0.0000,0.0000,0.0000,0.0000,0.0000,0.1273,0.1273,0.5077,0.5077,0.0000,0.0000,0.0000,-0.0012
1791179199.9352,0.0200,0.2422,0.0000,0.0000,0.0000,0.0000,0.0000,0.0000,0.1273,0.1258,0.5077,0.5077,0.0000,0.0000,0.0000,-0.0012
1791179199.9552,0.0200,0.2108,0.0000,0.0000,0.0000,0.0000,0.0000,0.0000,0.1273,0.1258,0.5077,0.5077,0.0000,0.0000,0.0000,-0.0012
1791179199.9752,0.0200,0.2388,0.0000,0.0000,0.0000,0.0000,0.0000,0.0000,0.1273,0.1258,0.5077,0.5077,0.0000,0.0000,0.0000,-0.0012
1791179199.9952,0.0200,0.2109,0.0000,0.0000,0.0000,0.0000,0.0000,0.0000,0.1273,0.1258,0.5077,0.5077,0.0000,0.0000,0.0000,-0.0012
1791179200.0152,0.0200,0.3135,0.0000,0.0000,0.0000,0.0000,0.0000,0.0000,0.1273,0.1258,0.5077,0.5077,0.0000,0.0000,0.0000,-0.0012
1791179200.0352,0.0200,0.1807,0.0000,0.0000,0.0000,0.0000,0.0000,0.0000,0.1273,0.1258,0.5077,0.5077,0.0000,0.0000,0.0000,-0.0012
1791179200.0551,0.0200,0.2881,0.0000,0.0000,0.0000,0.0000,0.0000,0.0000,0.1273,0.1258,0.5077,0.5062,0.0000,0.0000,0.0000,-0.0012
1791179200.0751,0.0200,0.2420,0.0000,0.0000,0.0000,0.0000,0.0000,0.0000,0.1273,0.1273,0.5077,0.5077,0.0000,0.0000,0.0000,-0.0012
1791179200.0952,0.0200,0.1759,0.0000,0.0000,0.0000,0.0000,0.0000,0.0000,0.1273,0.1258,0.5077,0.5077,0.0000,0.0000,0.0000,-0.0012
1791179200.1151,0.0200,0.1852,0.0000,0.0000,0.0000,0.0000,0.0000,0.0000,0.1273,0.1258,0.5077,0.5077,0.0000,0.0000,0.0000,-0.0012
1791179200.1352,0.0200,0.2397,0.0000,0.0000,0.0000,0.0000,0.0000,0.0000,0.1273,0.1258,0.5077,0.5077,0.0000,0.0000,0.0000,-0.0012
1791179200.1552,0.0200,0.2716,0.0000,0.0000,0.0000,0.0000,0.0000,0.0000,0.1273,0.1258,0.5077,0.5077,0.0000,0.0000,0.0000,-0.0012
1791179200.1752,0.0200,0.1893,0.0000,0.0000,0.0000,0.0000,0.0000,0.0000,0.1273,0.1273,0.5077,0.5077,0.0000,0.0000,0.0000,-0.0012
1791179200.1952,0.0200,0.1899,0.0000,0.0000,0.0000,0.0000,0.0000,0.0000,0.1273,0.1273,0.5077,0.5062,0.0000,0.0000,0.0000,-0.0012
1791179200.2151,0.0200,0.2157,0.0000,0.0000,0.0000,0.0000,0.0000,0.0000,0.1273,0.1258,0.5077,0.5077,0.0000,0.0000,0.0000,-0.0012
1791179200.2351,0.0200,0.2381,0.0000,0.0000,0.0000,0.0000,0.0000,0.0000,0.1273,0.1273,0.5077,0.5077,0.0000,0.0000,0.0000,-0.0012
1791179200.2552,0.0200,0.2385,0.0000,0.0000,0.0000,0.0000,0.0000,0.0000,0.1273,0.1258,0.5077,0.5062,0.0000,0.0000,0.0000,-0.0012
1791179200.2752,0.0200,0.2400,0.0000,0.0000,0.0000,0.0000,0.0000,0.0000,0.1273,0.1258,0.5077,0.5077,0.0000,0.0000,0.0000,-0.0012
1791179200.2952,0.0200,0.2448,0.0000,0.0000,0.0000,0.0000,0.0000,0.0000,0.1273,0.1258,0.5077,0.5077,0.0000,0.0000,0.0000,-0.0012
1791179200.3152,0.0200,0.2304,0.0000,0.0000,0.0000,0.0000,0.0000,0.0000,0.1273,0.1258,0.5077,0.5077,0.0000,0.0000,0.0000,-0.0012
1791179200.3352,0.0200,0.3309,0.0000,0.0000,0.0000,0.0000,0.0000,0.0000,0.1273,0.1258,0.5077,0.5077,0.0000,0.0000,0.0000,-0.0012
1791179200.3552,0.0200,0.2371,0.0000,0.0000,0.0000,0.0000,0.0000,0.0000,0.1273,0.1273,0.5077,0.5077,0.0000,0.0000,0.0000,-0.0012
1791179200.3752,0.0200,0.2427,0.0000,0.0000,0.0000,0.0000,0.0000,0.0000,0.1273,0.1258,0.5077,0.5077,0.0000,0.0000,0.0000,-0.0012
1791179200.3952,0.0200,0.2022,0.0000,0.0000,0.0000,0.0000,0.0000,0.0000,0.1273,0.1258,0.5077,0.5077,0.0000,0.0000,0.0000,-0.0012
1791179200.4151,0.0200,0.2163,0.0000,0.0000,0.0000,0.0000,0.0000,0.0000,0.1273,0.1258,0.5077,0.5077,0.0000,0.0000,0.0000,-0.0012
1791179200.4352,0.0200,0.2314,0.0000,0.0000,0.0000,0.0000,0.0000,0.0000,0.1273,0.1258,0.5077,0.5077,0.0000,0.0000,0.0000,-0.0012
1791179200.4552,0.0200,0.2234,0.0000,0.0000,0.0000,0.0000,0.0000,0.0000,0.1273,0.1258,0.5077,0.5077,0.0000,0.0000,0.0000,-0.0012
1791179200.4752,0.0200,0.2691,0.0000,0.0000,0.0000,0.0000,0.0000,0.0000,0.1273,0.1258,0.5077,0.5077,0.0000,0.0000,0.0000,-0.0012
1791179200.4952,0.0200,0.2638,0.0000,0.0000,0.0000,0.0000,0.0000,0.0000,0.1273,0.1273,0.5077,0.5077,0.0000,0.0000,0.0000,-0.0012
1791179200.5152,0.0200,0.2480,0.0000,0.0000,0.0000,0.0000,0.0000,0.0000,0.1273,0.1258,0.5077,0.5062,0.0000,0.0000,0.0000,-0.0012
1791179200.5352,0.0200,0.2449,0.0000,0.0000,0.0000,0.0000,0.0000,0.0000,0.1273,0.1258,0.5077,0.5077,0.0000,0.0000,0.0000,-0.0012
1791179200.5552,0.0200,0.2454,0.0000,0.0000,0.0000,0.0000,0.0000,0.0000,0.1273,0.1258,0.5077,0.5077,0.0000,0.0000,0.0000,-0.0012
1791179200.5752,0.0200,0.2617,0.0000,0.0000,0.0000,0.0000,0.0000,0.0000,0.1273,0.1258,0.5077,0.5077,0.0000,0.0000,0.0000,-0.0012
1791179200.5952,0.0200,0.2415,0.0000,0.0000,0.0000,0.0000,0.0000,0.0000,0.1273,0.1258,0.5077,0.5077,0.0000,0.0000,0.0000,-0.0012
1791179200.6151,0.0200,0.2259,0.0000,0.0000,0.0000,0.0000,0.0000,0.0000,0.1273,0.1258,0.5077,0.5077,0.0000,0.0000,0.0000,-0.0012
1791179200.6351,0.0200,0.1724,0.0000,0.0000,0.0000,0.0000,0.0000,0.0000,0.1273,0.1258,0.5077,0.5077,0.0000,0.0000,0.0000,-0.0012
1791179200.6551,0.0200,0.2407,0.0000,0.0000,0.0000,0.0000,0.0000,0.0000,0.1273,0.1273,0.5077,0.5077,0.0000,0.0000,0.0000,-0.0012
1791179200.6752,0.0200,0.2374,0.0000,0.0000,0.0000,0.0000,0.0000,0.0000,0.1273,0.1258,0.5077,0.5077,0.0000,0.0000,0.0000,-0.0012
1791179200.6951,0.0200,0.1628,0.0000,0.0000,0.0000,0.0000,0.0000,0.0000,0.1273,0.1273,0.5077,0.5077,0.0000,0.0000,0.0000,-0.0012
1791179200.7151,0.0200,0.2116,0.0000,0.0000,0.0000,0.0000,0.0000,0.0000,0.1273,0.1258,0.5077,0.5077,0.0000,0.0000,0.0000,-0.0012
1791179200.7351,0.0200,0.2084,0.0000,0.0000,0.0000,0.0000,0.0000,0.0000,0.1273,0.1258,0.5077,0.5077,0.0000,0.0000,0.0000,-0.0012
1791179200.7551,0.0200,0.1941,0.0000,0.0000,0.0000,0.0000,0.0000,0.0000,0.1273,0.1258,0.5077,0.5077,0.0000,0.0000,0.0000,-0.0012
1791179200.7751,0.0200,0.2505,0.0000,0.0000,0.0000,0.0000,0.0000,0.0000,0.1273,0.1273,0.5077,0.5077,0.0000,0.0000,0.0000,-0.0012
1791179200.7952,0.0200,0.2390,0.0000,0.0000,0.0000,0.0000,0.0000,0.0000,0.1273,0.1273,0.5077,0.5077,0.0000,0.0000,0.0000,-0.0012
1791179200.8152,0.0200,0.2019,0.0000,0.0000,0.0000,0.0000,0.0000,0.0000,0.1273,0.1258,0.5077,0.5077,0.0000,0.0000,0.0000,-0.0012
1791179200.8351,0.0200,0.2207,0.0000,0.0000,0.0000,0.0000,0.0000,0.0000,0.1273,0.1258,0.5077,0.5077,0.0000,0.0000,0.0000,-0.0012
1791179200.8552,0.0200,0.2326,0.0000,0.0000,0.0000,0.0000,0.0000,0.0000,0.1273,0.1258,0.5077,0.5062,0.0000,0.0000,0.0000,-0.0012
1791179200.8751,0.0200,0.2358,0.0000,0.0000,0.0000,0.0000,0.0000,0.0000,0.1273,0.1258,0.5077,0.5077,0.0000,0.0000,0.0000,-0.0012
1791179200.8952,0.0200,0.1866,0.0000,0.0000,0.0000,0.0000,0.0000,0.0000,0.1273,0.1273,0.5077,0.5077,0.0000,0.0000,0.0000,-0.0012
1791179200.9151,0.0200,0.2151,0.0000,0.0000,0.0000,0.0000,0.0000,0.0000,0.1273,0.1258,0.5077,0.5077,0.0000,0.0000,0.0000,-0.0012
1791179200.9352,0.0200,0.2446,0.0000,0.0000,0.0000,0.0000,0.0000,0.0000,0.1273,0.1273,0.5077,0.5077,0.0000,0.0000,0.0000,-0.0012
1791179200.9552,0.0200,0.2251,0.0000,0.0000,0.0000,0.0000,0.0000,0.0000,0.1273,0.1258,0.5077,0.5077,0.0000,0.0000,0.0000,-0.0012
1791179200.9752,0.0200,0.2391,0.0000,0.0000,0.0000,0.0000,0.0000,0.0000,0.1273,0.1273,0.5077,0.5077,0.0000,0.0000,0.0000,-0.0012
1791179200.9952,0.0200,0.1514,0.0000,0.0000,0.0000,0.0000,0.0000,0.0000,0.1273,0.1273,0.5077,0.5077,0.0000,0.0000,0.0000,-0.0012
1791179201.0152,0.0200,0.2269,0.0000,0.0000,0.0000,0.0000,0.0000,0.0000,0.1273,0.1258,0.5077,0.5077,0.0000,0.0000,0.0000,-0.0012
1791179201.0352,0.0200,0.2507,0.0000,0.0000,0.0000,0.0000,0.0000,0.0000,0.1273,0.1258,0.5077,0.5077,0.0000,0.0000,0.0000,-0.0012
1791179201.0552,0.0200,0.1972,0.0000,0.0000,0.0000,0.0000,0.0000,0.0000,0.1273,0.1273,0.5077,0.5077,0.0000,0.0000,0.0000,-0.0012
1791179201.0751,0.0200,0.2127,0.0000,0.0000,0.0000,0.0000,0.0000,0.0000,0.1273,0.1273,0.5077,0.5077,0.0000,0.0000,0.0000,-0.0012
1791179201.0952,0.0200,0.1976,0.0000,0.0000,0.0000,0.0000,0.0000,0.0000,0.1273,0.1273,0.5077,0.5077,0.0000,0.0000,0.0000,-0.0012
1791179201.1152,0.0200,0.1789,0.0000,0.0000,0.0000,0.0000,0.0000,0.0000,0.1273,0.1258,0.5077,0.5077,0.0000,0.0000,0.0000,-0.0012
1791179201.1352,0.0200,0.1850,0.0000,0.0000,0.0000,0.0000,0.0000,0.0000,0.1273,0.1258,0.5077,0.5077,0.0000,0.0000,0.0000,-0.0012
1791179201.1551,0.0200,0.1577,0.0000,0.0000,0.0000,0.0000,0.0000,0.0000,0.1273,0.1258,0.5077,0.5077,0.0000,0.0000,0.0000,-0.0012
1791179201.1752,0.0200,0.2551,0.0000,0.0000,0.0000,0.0000,0.0000,0.0000,0.1273,0.1258,0.5077,0.5062,0.0000,0.0000,0.0000,-0.0012
1791179201.1952,0.0200,0.3367,0.0000,0.0000,0.0000,0.0000,0.0000,0.0000,0.1273,0.1258,0.5077,0.5077,0.0000,0.0000,0.0000,-0.0012
1791179201.2152,0.0200,0.2167,0.0000,0.0000,0.0000,0.0000,0.0000,0.0000,0.1273,0.1258,0.5077,0.5077,0.0000,0.0000,0.0000,-0.0012
1791179201.2352,0.0200,0.2359,0.0000,0.0000,0.0000,0.0000,0.0000,0.0000,0.1273,0.1273,0.5077,0.5077,0.0000,0.0000,0.0000,-0.0014
1791179201.2552,0.0200,0.2131,0.0000,0.0000,0.0000,0.0000,0.0000,0.0000,0.1273,0.1258,0.5077,0.5062,0.0000,0.0000,0.0000,-0.0012
1791179201.2751,0.0200,0.2113,0.0000,0.0000,0.0000,0.0000,0.0000,0.0000,0.1273,0.1258,0.5077,0.5077,0.0000,0.0000,0.0000,-0.0012
1791179201.2952,0.0200,0.2389,0.0000,0.0000,0.0000,0.0000,0.0000,0.0000,0.1273,0.1258,0.5077,0.5077,0.0000,0.0000,0.0000,-0.0012
1791179201.3152,0.0200,0.2331,0.0000,0.0000,0.0000,0.0000,0.0000,0.0000,0.1273,0.1273,0.5077,0.5077,0.0000,0.0000,0.0000,-0.0012
1791179201.3352,0.0200,0.2378,0.0000,0.0000,0.0000,0.0000,0.0000,0.0000,0.1273,0.1258,0.5077,0.5077,0.0000,0.0000,0.0000,-0.0012
1791179201.3552,0.0200,0.2357,0.0000,0.0000,0.0000,0.0000,0.0000,0.0000,0.1273,0.1258,0.5077,0.5077,0.0000,0.0000,0.0000,-0.0012
1791179201.3752,0.0200,0.3169,0.0000,0.0000,0.0000,0.0000,0.0000,0.0000,0.1273,0.1273,0.5077,0.5077,0.0000,0.0000,0.0000,-0.0012
1791179201.3952,0.0200,0.2085,0.0000,0.0000,0.0000,0.0000,0.0000,0.0000,0.1273,0.1258,0.5077,0.5077,0.0000,0.0000,0.0000,-0.0012
1791179201.4152,0.0200,0.2336,0.0000,0.0000,0.0000,0.0000,0.0000,0.0000,0.1273,0.1258,0.5077,0.5077,0.0000,0.0000,0.0000,-0.0012
1791179201.4352,0.0200,0.2321,0.0000,0.0000,0.0000,0.0000,0.0000,0.0000,0.1273,0.1273,0.5077,0.5077,0.0000,0.0000,0.0000,-0.0012
1791179201.4552,0.0200,0.2221,0.0000,0.0000,0.0000,0.0000,0.0000,0.0000,0.1273,0.1273,0.5077,0.5062,0.0000,0.0000,0.0000,-0.0012
1791179201.4752,0.0200,0.2221,0.0000,0.0000,0.0000,0.0000,0.0000,0.0000,0.1273,0.1258,0.5077,0.5077,0.0000,0.0000,0.0000,-0.0012
1791179201.4952,0.0200,0.2231,0.0000,0.0000,0.0000,0.0000,0.0000,0.0000,0.1273,0.1273,0.5077,0.5062,0.0000,0.0000,0.0000,-0.0012
1791179201.5152,0.0200,0.2235,0.0000,0.0000,0.0000,0.0000,0.0000,0.0000,0.1273,0.1258,0.5077,0.5077,0.0000,0.0000,0.0000,-0.0012
1791179201.5352,0.0200,0.2288,0.0000,0.0000,0.0000,0.0000,0.0000,0.0000,0.1273,0.1258,0.5077,0.5077,0.0000,0.0000,0.0000,-0.0012
1791179201.5552,0.0200,0.2272,0.0000,0.0000,0.0000,0.0000,0.0000,0.0000,0.1273,0.1258,0.5077,0.5077,0.0000,0.0000,0.0000,-0.0012
1791179201.5752,0.0200,0.2257,0.0000,0.0000,0.0000,0.0000,0.0000,0.0000,0.1273,0.1258,0.5077,0.5062,0.0000,0.0000,0.0000,-0.0012
1791179201.5952,0.0200,0.2412,0.0000,0.0000,0.0000,0.0000,0.0000,0.0000,0.1273,0.1258,0.5077,0.5077,0.0000,0.0000,0.0000,-0.0012
1791179201.6152,0.0200,0.2456,0.0000,0.0000,0.0000,0.0000,0.0000,0.0000,0.1273,0.1273,0.5077,0.5077,0.0000,0.0000,0.0000,-0.0012
1791179201.6351,0.0200,0.1769,0.0000,0.0000,0.0000,0.0000,0.0000,0.0000,0.1273,0.1258,0.5077,0.5077,0.0000,0.0000,0.0000,-0.0012
1791179201.6551,0.0200,0.2418,0.0000,0.0000,0.0000,0.0000,0.0000,0.0000,0.1273,0.1258,0.5077,0.5077,0.0000,0.0000,0.0000,-0.0012
1791179201.6751,0.0200,0.1678,0.0000,0.0000,0.0000,0.0000,0.0000,0.0000,0.1273,0.1258,0.5077,0.5077,0.0000,0.0000,0.0000,-0.0012
1791179201.6951,0.0200,0.2412,0.0000,0.0000,0.0000,0.0000,0.0000,0.0000,0.1273,0.1258,0.5077,0.5077,0.0000,0.0000,0.0000,-0.0012
1791179201.7151,0.0200,0.2130,0.0000,0.0000,0.0000,0.0000,0.0000,0.0000,0.1273,0.1258,0.5077,0.5077,0.0000,0.0000,0.0000,-0.0012
1791179201.7351,0.0200,0.2348,0.0000,0.0000,0.0000,0.0000,0.0000,0.0000,0.1273,0.1273,0.5077,0.5077,0.0000,0.0000,0.0000,-0.0012
1791179201.7551,0.0200,0.2365,0.0000,0.0000,0.0000,0.0000,0.0000,0.0000,0.1273,0.1258,0.5077,0.5062,0.0000,0.0000,0.0000,-0.0012
1791179201.7752,0.0200,0.2265,0.0000,0.0000,0.0000,0.0000,0.0000,0.0000,0.1273,0.1258,0.5077,0.5077,0.0000,0.0000,0.0000,-0.0012
1791179201.7952,0.0200,0.2280,0.0000,0.0000,0.0000,0.0000,0.0000,0.0000,0.1273,0.1258,0.5077,0.5077,0.0000,0.0000,0.0000,-0.0012
1791179201.8152,0.0200,0.2287,0.0000,0.0000,0.0000,0.0000,0.0000,0.0000,0.1273,0.1258,0.5077,0.5077,0.0000,0.0000,0.0000,-0.0011
1791179201.8352,0.0200,0.2218,0.0000,0.0000,0.0000,0.0000,0.0000,0.0000,0.1273,0.1258,0.5077,0.5077,0.0000,0.0000,0.0000,-0.0012
1791179201.8552,0.0200,0.2218,0.0000,0.0000,0.0000,0.0000,0.0000,0.0000,0.1273,0.1258,0.5077,0.5077,0.0000,0.0000,0.0000,-0.0012
1791179201.8752,0.0200,0.2268,0.0000,0.0000,0.0000,0.0000,0.0000,0.0000,0.1273,0.1258,0.5077,0.5062,0.0000,0.0000,0.0000,-0.0012
1791179201.8952,0.0200,0.1650,0.0000,0.0000,0.0000,0.0000,0.0000,0.0000,0.1273,0.1273,0.5077,0.5077,0.0000,0.0000,0.0000,-0.0012
1791179201.9152,0.0200,0.2340,0.0000,0.0000,0.0000,0.0000,0.0000,0.0000,0.1273,0.1273,0.5077,0.5077,0.0000,0.0000,0.0000,-0.0012
1791179201.9352,0.0200,0.1640,0.0000,0.0000,0.0000,0.0000,0.0000,0.0000,0.1273,0.1258,0.5077,0.5077,0.0000,0.0000,0.0000,-0.0012
1791179201.9552,0.0200,0.2353,0.0000,0.0000,0.0000,0.0000,0.0000,0.0000,0.1273,0.1258,0.5077,0.5077,0.0000,0.0000,0.0000,-0.0012
1791179201.9752,0.0200,0.2265,0.0000,0.0000,0.0000,0.0000,0.0000,0.0000,0.1273,0.1258,0.5077,0.5077,0.0000,0.0000,0.0000,-0.0012
1791179201.9952,0.0200,0.1800,0.0000,0.0000,0.0000,0.0000,0.0000,0.0000,0.1273,0.1258,0.5077,0.5077,0.0000,0.0000,0.0000,-0.0012
1791179202.0151,0.0200,0.2452,0.0000,0.0000,0.0000,0.0000,0.0000,0.0000,0.1273,0.1273,0.5077,0.5077,0.0000,0.0000,0.0000,-0.0012
1791179202.0351,0.0200,0.2371,0.0000,0.0000,0.0000,0.0000,0.0000,0.0000,0.1273,0.1258,0.5077,0.5077,0.0000,0.0000,0.0000,-0.0012
1791179202.0552,0.0200,0.2388,0.0000,0.0000,0.0000,0.0000,0.0000,0.0000,0.1273,0.1258,0.5077,0.5077,0.0000,0.0000,0.0000,-0.0012
1791179202.0752,0.0200,0.1796,0.0000,0.0000,0.0000,0.0000,0.0000,0.0000,0.1273,0.1273,0.5077,0.5077,0.0000,0.0000,0.0000,-0.0012
1791179202.0951,0.0200,0.2159,0.0000,0.0000,0.0000,0.0000,0.0000,0.0000,0.1273,0.1273,0.5077,0.5077,0.0000,0.0000,0.0000,-0.0012
1791179202.1152,0.0200,0.2272,0.0000,0.0000,0.0000,0.0000,0.0000,0.0000,0.1273,0.1273,0.5077,0.5077,0.0000,0.0000,0.0000,-0.0012
1791179202.1352,0.0200,0.2103,0.0000,0.0000,0.0000,0.0000,0.0000,0.0000,0.1273,0.1273,0.5077,0.5077,0.0000,0.0000,0.0000,-0.0012
1791179202.1552,0.0200,0.2301,0.0000,0.0000,0.0000,0.0000,0.0000,0.0000,0.1273,0.1258,0.5077,0.5077,0.0000,0.0000,0.0000,-0.0012
1791179202.1752,0.0200,0.2005,0.0000,0.0000,0.0000,0.0000,0.0000,0.0000,0.1273,0.1258,0.5077,0.5077,0.0000,0.0000,0.0000,-0.0012
1791179202.1951,0.0200,0.2829,0.0000,0.0000,0.0000,0.0000,0.0000,0.0000,0.1273,0.1258,0.5077,0.5077,0.0000,0.0000,0.0000,-0.0012
1791179202.2152,0.0200,0.2107,0.0000,0.0000,0.0000,0.0000,0.0000,0.0000,0.1273,0.1258,0.5077,0.5077,0.0000,0.0000,0.0000,-0.0012
1791179202.2352,0.0200,0.2323,0.0000,0.0000,0.0000,0.0000,0.0000,0.0000,0.1273,0.1273,0.5077,0.5077,0.0000,0.0000,0.0000,-0.0012
1791179202.2551,0.0200,0.2025,0.0000,0.0000,0.0000,0.0000,0.0000,0.0000,0.1273,0.1258,0.5077,0.5077,0.0000,0.0000,0.0000,-0.0012
1791179202.2752,0.0200,0.2476,0.0000,0.0000,0.0000,0.0000,0.0000,0.0000,0.1273,0.1258,0.5077,0.5077,0.0000,0.0000,0.0000,-0.0012
1791179202.2952,0.0200,0.2431,0.0000,0.0000,0.0000,0.0000,0.0000,0.0000,0.1273,0.1273,0.5077,0.5077,0.0000,0.0000,0.0000,-0.0012
1791179202.3152,0.0200,0.2374,0.0000,0.0000,0.0000,0.0000,0.0000,0.0000,0.1273,0.1273,0.5077,0.5077,0.0000,0.0000,0.0000,-0.0012
1791179202.3352,0.0200,0.2438,0.0000,0.0000,0.0000,0.0000,0.0000,0.0000,0.1273,0.1273,0.5077,0.5077,0.0000,0.0000,0.0000,-0.0012
1791179202.3552,0.0200,0.2374,0.0000,0.0000,0.0000,0.0000,0.0000,0.0000,0.1273,0.1273,0.5077,0.5077,0.0000,0.0000,0.0000,-0.0012
1791179202.3752,0.0200,0.3283,0.0000,0.0000,0.0000,0.0000,0.0000,0.0000,0.1273,0.1273,0.5077,0.5077,0.0000,0.0000,0.0000,-0.0012
1791179202.3952,0.0200,0.2631,0.0000,0.0000,0.0000,0.0000,0.0000,0.0000,0.1273,0.1258,0.5077,0.5077,0.0000,0.0000,0.0000,-0.0012
1791179202.4152,0.0200,0.2063,0.0000,0.0000,0.0000,0.0000,0.0000,0.0000,0.1273,0.1258,0.5077,0.5077,0.0000,0.0000,0.0000,-0.0012
1791179202.4352,0.0200,0.3214,0.0000,0.0000,0.0000,0.0000,0.0000,0.0000,0.1273,0.1258,0.5077,0.5062,0.0000,0.0000,0.0000,-0.0012
1791179202.4552,0.0200,0.2093,0.0000,0.0000,0.0000,0.0000,0.0000,0.0000,0.1273,0.1258,0.5077,0.5077,0.0000,0.0000,0.0000,-0.0012
1791179202.4751,0.0200,0.2392,0.0000,0.0000,0.0000,0.0000,0.0000,0.0000,0.1273,0.1273,0.5077,0.5077,0.0000,0.0000,0.0000,-0.0012
1791179202.4952,0.0200,0.2393,0.0000,0.0000,0.0000,0.0000,0.0000,0.0000,0.1273,0.1273,0.5077,0.5077,0.0000,0.0000,0.0000,-0.0012
1791179202.5152,0.0200,0.2622,0.0000,0.0000,0.0000,0.0000,0.0000,0.0000,0.1273,0.1273,0.5077,0.5077,0.0000,0.0000,0.0000,-0.0012
1791179202.5352,0.0200,0.2406,0.0000,0.0000,0.0000,0.0000,0.0000,0.0000,0.1273,0.1258,0.5077,0.5077,0.0000,0.0000,0.0000,-0.0012
1791179202.5552,0.0200,0.2370,0.0000,0.0000,0.0000,0.0000,0.0000,0.0000,0.1273,0.1258,0.5077,0.5077,0.0000,0.0000,0.0000,-0.0011
1791179202.5752,0.0201,0.2484,0.0000,0.0000,0.0000,0.0000,0.0000,0.0000,0.1273,0.1273,0.5077,0.5077,0.0000,0.0000,0.0000,-0.0012
1791179202.5952,0.0199,0.2447,0.0000,0.0000,0.0000,0.0000,0.0000,0.0000,0.1273,0.1273,0.5077,0.5077,0.0000,0.0000,0.0000,-0.0012
1791179202.6151,0.0200,0.1872,0.0000,0.0000,0.0000,0.0000,0.0000,0.0000,0.1273,0.1258,0.5077,0.5077,0.0000,0.0000,0.0000,-0.0012
1791179202.6351,0.0200,0.2391,0.0000,0.0000,0.0000,0.0000,0.0000,0.0000,0.1273,0.1258,0.5077,0.5077,0.0000,0.0000,0.0000,-0.0012
1791179202.6551,0.0200,0.1877,0.0000,0.0000,0.0000,0.0000,0.0000,0.0000,0.1273,0.1273,0.5077,0.5077,0.0000,0.0000,0.0000,-0.0012
1791179202.6751,0.0200,0.2345,0.0000,0.0000,0.0000,0.0000,0.0000,0.0000,0.1273,0.1258,0.5077,0.5077,0.0000,0.0000,0.0000,-0.0012
1791179202.6952,0.0200,0.2327,0.0000,0.0000,0.0000,0.0000,0.0000,0.0000,0.1273,0.1258,0.5077,0.5077,0.0000,0.0000,0.0000,-0.0012
1791179202.7151,0.0200,0.1614,0.0000,0.0000,0.0000,0.0000,0.0000,0.0000,0.1273,0.1258,0.5077,0.5077,0.0000,0.0000,0.0000,-0.0012
1791179202.7351,0.0200,0.2361,0.0000,0.0000,0.0000,0.0000,0.0000,0.0000,0.1273,0.1258,0.5077,0.5077,0.0000,0.0000,0.0000,-0.0012
1791179202.7552,0.0200,0.2291,0.0000,0.0000,0.0000,0.0000,0.0000,0.0000,0.1273,0.1258,0.5077,0.5077,0.0000,0.0000,0.0000,-0.0012
1791179202.7752,0.0200,0.2322,0.0000,0.0000,0.0000,0.0000,0.0000,0.0000,0.1273,0.1273,0.5077,0.5077,0.0000,0.0000,0.0000,-0.0012
1791179202.7952,0.0200,0.2104,0.0000,0.0000,0.0000,0.0000,0.0000,0.0000,0.1273,0.1258,0.5077,0.5077,0.0000,0.0000,0.0000,-0.0012
1791179202.8152,0.0200,0.2371,0.0000,0.0000,0.0000,0.0000,0.0000,0.0000,0.1273,0.1258,0.5077,0.5077,0.0000,0.0000,0.0000,-0.0012
1791179202.8352,0.0200,0.2848,0.0000,0.0000,0.0000,0.0000,0.0000,0.0000,0.1273,0.1273,0.5077,0.5077,0.0000,0.0000,0.0000,-0.0012
1791179202.8552,0.0200,0.2375,0.0000,0.0000,0.0000,0.0000,0.0000,0.0000,0.1273,0.1258,0.5077,0.5062,0.0000,0.0000,0.0000,-0.0012
1791179202.8752,0.0200,0.2270,0.0000,0.0000,0.0000,0.0000,0.0000,0.0000,0.1273,0.1258,0.5077,0.5062,0.0000,0.0000,0.0000,-0.0012
1791179202.8952,0.0200,0.1652,0.0000,0.0000,0.0000,0.0000,0.0000,0.0000,0.1273,0.1258,0.5077,0.5077,0.0000,0.0000,0.0000,-0.0012
1791179202.9151,0.0200,0.2166,0.0000,0.0000,0.0000,0.0000,0.0000,0.0000,0.1273,0.1258,0.5077,0.5077,0.0000,0.0000,0.0000,-0.0012
1791179202.9352,0.0200,0.2327,0.0000,0.0000,0.0000,0.0000,0.0000,0.0000,0.1273,0.1258,0.5077,0.5077,0.0000,0.0000,0.0000,-0.0012
1791179202.9552,0.0200,0.1671,0.0000,0.0000,0.0000,0.0000,0.0000,0.0000,0.1273,0.1258,0.5077,0.5077,0.0000,0.0000,0.0000,-0.0012
1791179202.9751,0.0200,0.1881,0.0000,0.0000,0.0000,0.0000,0.0000,0.0000,0.1273,0.1258,0.5077,0.5077,0.0000,0.0000,0.0000,-0.0012
1791179202.9952,0.0200,0.3174,0.0000,0.0000,0.0000,0.0000,0.0000,0.0000,0.1273,0.1258,0.5077,0.5077,0.0000,0.0000,0.0000,-0.0012
1791179203.0152,0.0200,0.2077,0.0000,0.0000,0.0000,0.0000,0.0000,0.0000,0.1273,0.1258,0.5077,0.5077,0.0000,0.0000,0.0000,-0.0012
1791179203.0352,0.0200,0.2287,0.0000,0.0000,0.0000,0.0000,0.0000,0.0000,0.1273,0.1273,0.5077,0.5062,0.0000,0.0000,0.0000,-0.0012
1791179203.0552,0.0200,0.1766,0.0000,0.0000,0.0000,0.0000,0.0000,0.0000,0.1273,0.1258,0.5077,0.5077,0.0000,0.0000,0.0000,-0.0012
1791179203.0751,0.0200,0.2265,0.0000,0.0000,0.0000,0.0000,0.0000,0.0000,0.1273,0.1258,0.5077,0.5077,0.0000,0.0000,0.0000,-0.0012
1791179203.0952,0.0200,0.2387,0.0000,0.0000,0.0000,0.0000,0.0000,0.0000,0.1273,0.1258,0.5077,0.5077,0.0000,0.0000,0.0000,-0.0012
1791179203.1152,0.0200,0.2011,0.0000,0.0000,0.0000,0.0000,0.0000,0.0000,0.1273,0.1258,0.5077,0.5077,0.0000,0.0000,0.0000,-0.0012
1791179203.1352,0.0200,0.2391,0.0000,0.0000,0.0000,0.0000,0.0000,0.0000,0.1273,0.1258,0.5077,0.5077,0.0000,0.0000,0.0000,-0.0012
1791179203.1552,0.0200,0.2662,0.0000,0.0000,0.0000,0.0000,0.0000,0.0000,0.1273,0.1258,0.5077,0.5077,0.0000,0.0000,0.0000,-0.0012
1791179203.1752,0.0200,0.2493,0.0000,0.0000,0.0000,0.0000,0.0000,0.0000,0.1273,0.1258,0.5077,0.5077,0.0000,0.0000,0.0000,-0.0012
1791179203.1952,0.0200,0.2033,0.0000,0.0000,0.0000,0.0000,0.0000,0.0000,0.1273,0.1258,0.5077,0.5077,0.0000,0.0000,0.0000,-0.0012
1791179203.2151,0.0200,0.2205,0.0000,0.0000,0.0000,0.0000,0.0000,0.0000,0.1273,0.1273,0.5077,0.5077,0.0000,0.0000,0.0000,-0.0012
1791179203.2352,0.0200,0.2336,0.0000,0.0000,0.0000,0.0000,0.0000,0.0000,0.1273,0.1258,0.5077,0.5077,0.0000,0.0000,0.0000,-0.0012
1791179203.2552,0.0200,0.1827,0.0000,0.0000,0.0000,0.0000,0.0000,0.0000,0.1273,0.1258,0.5077,0.5077,0.0000,0.0000,0.0000,-0.0012
1791179203.2751,0.0200,0.2106,0.0000,0.0000,0.0000,0.0000,0.0000,0.0000,0.1273,0.1258,0.5077,0.5077,0.0000,0.0000,0.0000,-0.0012
1791179203.2952,0.0200,0.2039,0.0000,0.0000,0.0000,0.0000,0.0000,0.0000,0.1273,0.1258,0.5077,0.5077,0.0000,0.0000,0.0000,-0.0012
1791179203.3151,0.0200,0.2183,0.0000,0.0000,0.0000,0.0000,0.0000,0.0000,0.1273,0.1258,0.5077,0.5062,0.0000,0.0000,0.0000,-0.0012
1791179203.3352,0.0200,0.2311,0.0000,0.0000,0.0000,0.0000,0.0000,0.0000,0.1273,0.1258,0.5077,0.5062,0.0000,0.0000,0.0000,-0.0012
1791179203.3552,0.0200,0.2410,0.0000,0.0000,0.0000,0.0000,0.0000,0.0000,0.1273,0.1258,0.5077,0.5077,0.0000,0.0000,0.0000,-0.0012
1791179203.3752,0.0200,0.2229,0.0000,0.0000,0.0000,0.0000,0.0000,0.0000,0.1273,0.1273,0.5077,0.5077,0.0000,0.0000,0.0000,-0.0012
1791179203.3952,0.0200,0.2241,0.0000,0.0000,0.0000,0.0000,0.0000,0.0000,0.1273,0.1258,0.5077,0.5077,0.0000,0.0000,0.0000,-0.0012
1791179203.4152,0.0200,0.2352,0.0000,0.0000,0.0000,0.0000,0.0000,0.0000,0.1273,0.1258,0.5077,0.5077,0.0000,0.0000,0.0000,-0.0012
1791179203.4352,0.0200,0.2269,0.0000,0.0000,0.0000,0.0000,0.0000,0.0000,0.1273,0.1258,0.5077,0.5077,0.0000,0.0000,0.0000,-0.0012
1791179203.4552,0.0200,0.2295,0.0000,0.0000,0.0000,0.0000,0.0000,0.0000,0.1273,0.1258,0.5077,0.5077,0.0000,0.0000,0.0000,-0.0012
1791179203.4752,0.0200,0.3224,0.0000,0.0000,0.0000,0.0000,0.0000,0.0000,0.1273,0.1258,0.5077,0.5077,0.0000,0.0000,0.0000,-0.0012
1791179203.4951,0.0200,0.2402,0.0000,0.0000,0.0000,0.0000,0.0000,0.0000,0.1273,0.1258,0.5077,0.5077,0.0000,0.0000,0.0000,-0.0014
1791179203.5152,0.0200,0.2392,0.0000,0.0000,0.0000,0.0000,0.0000,0.0000,0.1273,0.1258,0.5077,0.5077,0.0000,0.0000,0.0000,-0.0012
1791179203.5351,0.0200,0.2390,0.0000,0.0000,0.0000,0.0000,0.0000,0.0000,0.1273,0.1258,0.5077,0.5077,0.0000,0.0000,0.0000,-0.0012
1791179203.5552,0.0200,0.2373,0.0000,0.0000,0.0000,0.0000,0.0000,0.0000,0.1273,0.1258,0.5077,0.5077,0.0000,0.0000,0.0000,-0.0012
1791179203.5752,0.0200,0.2452,0.0000,0.0000,0.0000,0.0000,0.0000,0.0000,0.1273,0.1273,0.5077,0.5077,0.0000,0.0000,0.0000,-0.0012
1791179203.5951,0.0200,0.2104,0.0000,0.0000,0.0000,0.0000,0.0000,0.0000,0.1273,0.1258,0.5077,0.5077,0.0000,0.0000,0.0000,-0.0012
1791179203.6151,0.0200,0.2400,0.0000,0.0000,0.0000,0.0000,0.0000,0.0000,0.1273,0.1258,0.5077,0.5077,0.0000,0.0000,0.0000,-0.0012
1791179203.6352,0.0200,0.2450,0.0000,0.0000,0.0000,0.0000,0.0000,0.0000,0.1273,0.1258,0.5077,0.5077,0.0000,0.0000,0.0000,-0.0012
1791179203.6551,0.0200,0.1720,0.0000,0.0000,0.0000,0.0000,0.0000,0.0000,0.1273,0.1258,0.5077,0.5077,0.0000,0.0000,0.0000,-0.0012
1791179203.6752,0.0201,0.2080,0.0000,0.0000,0.0000,0.0000,0.0000,0.0000,0.1273,0.1273,0.5077,0.5077,0.0000,0.0000,0.0000,-0.0012
1791179203.6951,0.0200,0.2183,0.0000,0.0000,0.0000,0.0000,0.0000,0.0000,0.1273,0.1258,0.5077,0.5077,0.0000,0.0000,0.0000,-0.0012
1791179203.7152,0.0200,0.2257,0.0000,0.0000,0.0000,0.0000,0.0000,0.0000,0.1273,0.1273,0.5077,0.5077,0.0000,0.0000,0.0000,-0.0012
1791179203.7352,0.0200,0.2069,0.0000,0.0000,0.0000,0.0000,0.0000,0.0000,0.1273,0.1258,0.5077,0.5077,0.0000,0.0000,0.0000,-0.0012
1791179203.7552,0.0200,0.2243,0.0000,0.0000,0.0000,0.0000,0.0000,0.0000,0.1273,0.1258,0.5077,0.5077,0.0000,0.0000,0.0000,-0.0012
1791179203.7752,0.0200,0.1976,0.0000,0.0000,0.0000,0.0000,0.0000,0.0000,0.1273,0.1258,0.5077,0.5077,0.0000,0.0000,0.0000,-0.0012
1791179203.7952,0.0200,0.2459,0.0000,0.0000,0.0000,0.0000,0.0000,0.0000,0.1273,0.1273,0.5077,0.5077,0.0000,0.0000,0.0000,-0.0012
1791179203.8152,0.0200,0.2302,0.0000,0.0000,0.0000,0.0000,0.0000,0.0000,0.1273,0.1258,0.5077,0.5077,0.0000,0.0000,0.0000,-0.0012
1791179203.8352,0.0200,0.2262,0.0000,0.0000,0.0000,0.0000,0.0000,0.0000,0.1273,0.1258,0.5077,0.5077,0.0000,0.0000,0.0000,-0.0012
1791179203.8552,0.0200,0.2260,0.0000,0.0000,0.0000,0.0000,0.0000,0.0000,0.1273,0.1258,0.5077,0.5077,0.0000,0.0000,0.0000,-0.0012
1791179203.8752,0.0200,0.1642,0.0000,0.0000,0.0000,0.0000,0.0000,0.0000,0.1273,0.1258,0.5077,0.5077,0.0000,0.0000,0.0000,-0.0012
1791179203.8952,0.0200,0.2351,0.0000,0.0000,0.0000,0.0000,0.0000,0.0000,0.1273,0.1258,0.5077,0.5077,0.0000,0.0000,0.0000,-0.0012
1791179203.9152,0.0200,0.2336,0.0000,0.0000,0.0000,0.0000,0.0000,0.0000,0.1273,0.1258,0.5077,0.5077,0.0000,0.0000,0.0000,-0.0012
1791179203.9352,0.0200,0.1709,0.0000,0.0000,0.0000,0.0000,0.0000,0.0000,0.1273,0.1258,0.5077,0.5077,0.0000,0.0000,0.0000,-0.0012
1791179203.9551,0.0200,0.2471,0.0000,0.0000,0.0000,0.0000,0.0000,0.0000,0.1273,0.1258,0.5077,0.5077,0.0000,0.0000,0.0000,-0.0012
1791179203.9751,0.0200,0.1869,0.0000,0.0000,0.0000,0.0000,0.0000,0.0000,0.1273,0.1258,0.5077,0.5077,0.0000,0.0000,0.0000,-0.0011
1791179203.9952,0.0200,0.2389,0.0000,0.0000,0.0000,0.0000,0.0000,0.0000,0.1273,0.1273,0.5077,0.5077,0.0000,0.0000,0.0000,-0.0012
1791179204.0152,0.0200,0.2059,0.0000,0.0000,0.0000,0.0000,0.0000,0.0000,0.1273,0.1258,0.5077,0.5077,0.0000,0.0000,0.0000,-0.0012
1791179204.0352,0.0200,0.2290,0.0000,0.0000,0.0000,0.0000,0.0000,0.0000,0.1273,0.1258,0.5077,0.5077,0.0000,0.0000,0.0000,-0.0012
1791179204.0551,0.0200,0.1850,0.0000,0.0000,0.0000,0.0000,0.0000,0.0000,0.1273,0.1258,0.5077,0.5077,0.0000,0.0000,0.0000,-0.0012
1791179204.0752,0.0200,0.2429,0.0000,0.0000,0.0000,0.0000,0.0000,0.0000,0.1273,0.1273,0.5077,0.5077,0.0000,0.0000,0.0000,-0.0012
1791179204.0952,0.0200,0.2352,0.0000,0.0000,0.0000,0.0000,0.0000,0.0000,0.1273,0.1258,0.5077,0.5077,0.0000,0.0000,0.0000,-0.0011
1791179204.1152,0.0200,0.2262,0.0000,0.0000,0.0000,0.0000,0.0000,0.0000,0.1273,0.1273,0.5077,0.5077,0.0000,0.0000,0.0000,-0.0012
1791179204.1352,0.0200,0.2076,0.0000,0.0000,0.0000,0.0000,0.0000,0.0000,0.1273,0.1258,0.5077,0.5062,0.0000,0.0000,0.0000,-0.0012
1791179204.1552,0.0200,0.2297,0.0000,0.0000,0.0000,0.0000,0.0000,0.0000,0.1273,0.1273,0.5077,0.5077,0.0000,0.0000,0.0000,-0.0012
1791179204.1751,0.0200,0.2059,0.0000,0.0000,0.0000,0.0000,0.0000,0.0000,0.1273,0.1258,0.5077,0.5077,0.0000,0.0000,0.0000,-0.0012
1791179204.1952,0.0200,0.2279,0.0000,0.0000,0.0000,0.0000,0.0000,0.0000,0.1273,0.1258,0.5077,0.5077,0.0000,0.0000,0.0000,-0.0012
1791179204.2152,0.0200,0.1975,0.0000,0.0000,0.0000,0.0000,0.0000,0.0000,0.1273,0.1258,0.5077,0.5077,0.0000,0.0000,0.0000,-0.0012
1791179204.2351,0.0200,0.2089,0.0000,0.0000,0.0000,0.0000,0.0000,0.0000,0.1273,0.1258,0.5077,0.5062,0.0000,0.0000,0.0000,-0.0012
1791179204.2552,0.0200,0.2029,0.0000,0.0000,0.0000,0.0000,0.0000,0.0000,0.1273,0.1258,0.5077,0.5077,0.0000,0.0000,0.0000,-0.0012
1791179204.2752,0.0200,0.2443,0.0000,0.0000,0.0000,0.0000,0.0000,0.0000,0.1273,0.1258,0.5077,0.5077,0.0000,0.0000,0.0000,-0.0012
1791179204.2951,0.0200,0.2117,0.0000,0.0000,0.0000,0.0000,0.0000,0.0000,0.1273,0.1273,0.5077,0.5062,0.0000,0.0000,0.0000,-0.0012
1791179204.3152,0.0200,0.2370,0.0000,0.0000,0.0000,0.0000,0.0000,0.0000,0.1273,0.1258,0.5077,0.5077,0.0000,0.0000,0.0000,-0.0012
1791179204.3352,0.0200,0.2391,0.0000,0.0000,0.0000,0.0000,0.0000,0.0000,0.1273,0.1258,0.5077,0.5077,0.0000,0.0000,0.0000,-0.0012
1791179204.3552,0.0200,0.3439,0.0000,0.0000,0.0000,0.0000,0.0000,0.0000,0.1273,0.1258,0.5077,0.5077,0.0000,0.0000,0.0000,-0.0012
1791179204.3752,0.0200,0.2264,0.0000,0.0000,0.0000,0.0000,0.0000,0.0000,0.1273,0.1258,0.5077,0.5077,0.0000,0.0000,0.0000,-0.0012
1791179204.3952,0.0200,0.3283,0.0000,0.0000,0.0000,0.0000,0.0000,0.0000,0.1273,0.1258,0.5077,0.5077,0.0000,0.0000,0.0000,-0.0012
1791179204.4152,0.0200,0.2122,0.0000,0.0000,0.0000,0.0000,0.0000,0.0000,0.1273,0.1258,0.5077,0.5077,0.0000,0.0000,0.0000,-0.0012
1791179204.4352,0.0200,0.3174,0.0000,0.0000,0.0000,0.0000,0.0000,0.0000,0.1273,0.1258,0.5077,0.5077,0.0000,0.0000,0.0000,-0.0012
1791179204.4552,0.0200,0.2369,0.0000,0.0000,0.0000,0.0000,0.0000,0.0000,0.1273,0.1258,0.5077,0.5077,0.0000,0.0000,0.0000,-0.0012
1791179204.4751,0.0200,0.2103,0.0000,0.0000,0.0000,0.0000,0.0000,0.0000,0.1273,0.1258,0.5077,0.5077,0.0000,0.0000,0.0000,-0.0012
1791179204.4951,0.0200,0.2193,0.0000,0.0000,0.0000,0.0000,0.0000,0.0000,0.1273,0.1258,0.5077,0.5077,0.0000,0.0000,0.0000,-0.0012
1791179204.5151,0.0200,0.2093,0.0000,0.0000,0.0000,0.0000,0.0000,0.0000,0.1273,0.1258,0.5077,0.5077,0.0000,0.0000,0.0000,-0.0012
1791179204.5351,0.0200,0.2074,0.0000,0.0000,0.0000,0.0000,0.0000,0.0000,0.1273,0.1273,0.5077,0.5077,0.0000,0.0000,0.0000,-0.0012
1791179204.5551,0.0200,0.2029,0.0000,0.0000,0.0000,0.0000,0.0000,0.0000,0.1273,0.1273,0.5077,0.5077,0.0000,0.0000,0.0000,-0.0012
1791179204.5752,0.0200,0.2457,0.0000,0.0000,0.0000,0.0000,0.0000,0.0000,0.1273,0.1273,0.5077,0.5077,0.0000,0.0000,0.0000,-0.0012
1791179204.5951,0.0200,0.2143,0.0000,0.0000,0.0000,0.0000,0.0000,0.0000,0.1273,0.1258,0.5077,0.5077,0.0000,0.0000,0.0000,-0.0012
1791179204.6151,0.0200,0.2394,0.0000,0.0000,0.0000,0.0000,0.0000,0.0000,0.1273,0.1273,0.5077,0.5077,0.0000,0.0000,0.0000,-0.0012
1791179204.6352,0.0200,0.2394,0.0000,0.0000,0.0000,0.0000,0.0000,0.0000,0.1273,0.1273,0.5077,0.5077,0.0000,0.0000,0.0000,-0.0012
1791179204.6551,0.0200,0.2110,0.0000,0.0000,0.0000,0.0000,0.0000,0.0000,0.1273,0.1258,0.5077,0.5077,0.0000,0.0000,0.0000,-0.0012
1791179204.6752,0.0200,0.2333,0.0000,0.0000,0.0000,0.0000,0.0000,0.0000,0.1273,0.1258,0.5077,0.5077,0.0000,0.0000,0.0000,-0.0012
1791179204.6952,0.0200,0.2369,0.0000,0.0000,0.0000,0.0000,0.0000,0.0000,0.1273,0.1258,0.5077,0.5077,0.0000,0.0000,0.0000,-0.0012
1791179204.7152,0.0200,0.2292,0.0000,0.0000,0.0000,0.0000,0.0000,0.0000,0.1273,0.1258,0.5077,0.5077,0.0000,0.0000,0.0000,-0.0012
1791179204.7352,0.0200,0.2280,0.0000,0.0000,0.0000,0.0000,0.0000,0.0000,0.1273,0.1258,0.5077,0.5077,0.0000,0.0000,0.0000,-0.0012
1791179204.7552,0.0200,0.2133,0.0000,0.0000,0.0000,0.0000,0.0000,0.0000,0.1273,0.1258,0.5077,0.5077,0.0000,0.0000,0.0000,-0.0012
1791179204.7752,0.0200,0.2000,0.0000,0.0000,0.0000,0.0000,0.0000,0.0000,0.1273,0.1273,0.5077,0.5077,0.0000,0.0000,0.0000,-0.0012
1791179204.7952,0.0200,0.2268,0.0000,0.0000,0.0000,0.0000,0.0000,0.0000,0.1273,0.1258,0.5077,0.5077,0.0000,0.0000,0.0000,-0.0012
1791179204.8152,0.0200,0.2275,0.0000,0.0000,0.0000,0.0000,0.0000,0.0000,0.1273,0.1258,0.5077,0.5077,0.0000,0.0000,0.0000,-0.0012
1791179204.8352,0.0200,0.2248,0.0000,0.0000,0.0000,0.0000,0.0000,0.0000,0.1273,0.1258,0.5077,0.5077,0.0000,0.0000,0.0000,-0.0012
1791179204.8552,0.0200,0.2316,0.0000,0.0000,0.0000,0.0000,0.0000,0.0000,0.1273,0.1258,0.5077,0.5077,0.0000,0.0000,0.0000,-0.0012
1791179204.8752,0.0200,0.2274,0.0000,0.0000,0.0000,0.0000,0.0000,0.0000,0.1273,0.1273,0.5077,0.5077,0.0000,0.0000,0.0000,-0.0012
1791179204.8952,0.0200,0.1972,0.0000,0.0000,0.0000,0.0000,0.0000,0.0000,0.1273,0.1258,0.5077,0.5062,0.0000,0.0000,0.0000,-0.0012
1791179204.9151,0.0200,0.2175,0.0000,0.0000,0.0000,0.0000,0.0000,0.0000,0.1273,0.1258,0.5077,0.5077,0.0000,0.0000,0.0000,-0.0012
1791179204.9352,0.0200,0.2396,0.0000,0.0000,0.0000,0.0000,0.0000,0.0000,0.1273,0.1258,0.5077,0.5077,0.0000,0.0000,0.0000,-0.0012
1791179204.9551,0.0199,0.1682,0.0000,0.0000,0.0000,0.0000,0.0000,0.0000,0.1273,0.1258,0.5077,0.5062,0.0000,0.0000,0.0000,-0.0012
1791179204.9752,0.0200,0.2353,0.0000,0.0000,0.0000,0.0000,0.0000,0.0000,0.1273,0.1273,0.5077,0.5077,0.0000,0.0000,0.0000,-0.0012
1791179204.9952,0.0200,0.2004,0.0000,0.0000,0.0000,0.0000,0.0000,0.0000,0.1273,0.1258,0.5077,0.5077,0.0000,0.0000,0.0000,-0.0012
1791179205.0151,0.0199,0.1817,0.0000,0.0000,0.0000,0.0000,0.0000,0.0000,0.1273,0.1258,0.5077,0.5062,0.0000,0.0000,0.0000,-0.0012
1791179205.0351,0.0200,0.2346,0.0000,0.0000,0.0000,0.0000,0.0000,0.0000,0.1273,0.1273,0.5077,0.5077,0.0000,0.0000,0.0000,-0.0012
1791179205.0552,0.0200,0.2318,0.0000,0.0000,0.0000,0.0000,0.0000,0.0000,0.1273,0.1258,0.5077,0.5077,0.0000,0.0000,0.0000,-0.0012
1791179205.0752,0.0200,0.2065,0.0000,0.0000,0.0000,0.0000,0.0000,0.0000,0.1273,0.1258,0.5077,0.5077,0.0000,0.0000,0.0000,-0.0012
1791179205.0952,0.0200,0.2342,0.0000,0.0000,0.0000,0.0000,0.0000,0.0000,0.1273,0.1258,0.5077,0.5077,0.0000,0.0000,0.0000,-0.0012
1791179205.1152,0.0200,0.2326,0.0000,0.0000,0.0000,0.0000,0.0000,0.0000,0.1273,0.1258,0.5077,0.5077,0.0000,0.0000,0.0000,-0.0012
1791179205.1352,0.0200,0.2288,0.0000,0.0000,0.0000,0.0000,0.0000,0.0000,0.1273,0.1258,0.5077,0.5077,0.0000,0.0000,0.0000,-0.0012
1791179205.1552,0.0200,0.2346,0.0000,0.0000,0.0000,0.0000,0.0000,0.0000,0.1273,0.1258,0.5077,0.5077,0.0000,0.0000,0.0000,-0.0012
1791179205.1752,0.0200,0.2362,0.0000,0.0000,0.0000,0.0000,0.0000,0.0000,0.1273,0.1258,0.5077,0.5077,0.0000,0.0000,0.0000,-0.0012
1791179205.1952,0.0200,0.2322,0.0000,0.0000,0.0000,0.0000,0.0000,0.0000,0.1273,0.1273,0.5077,0.5077,0.0000,0.0000,0.0000,-0.0012
1791179205.2152,0.0200,0.3195,0.0000,0.0000,0.0000,0.0000,0.0000,0.0000,0.1273,0.1258,0.5077,0.5077,0.0000,0.0000,0.0000,-0.0012
1791179205.2352,0.0200,0.2901,0.0000,0.0000,0.0000,0.0000,0.0000,0.0000,0.1273,0.1273,0.5077,0.5077,0.0000,0.0000,0.0000,-0.0012
1791179205.2552,0.0200,0.2154,0.0000,0.0000,0.0000,0.0000,0.0000,0.0000,0.1273,0.1258,0.5077,0.5077,0.0000,0.0000,0.0000,-0.0012
1791179205.2752,0.0200,0.2297,0.0000,0.0000,0.0000,0.0000,0.0000,0.0000,0.1273,0.1258,0.5077,0.5077,0.0000,0.0000,0.0000,-0.0012
1791179205.2952,0.0200,0.2351,0.0000,0.0000,0.0000,0.0000,0.0000,0.0000,0.1273,0.1258,0.5077,0.5077,0.0000,0.0000,0.0000,-0.0012
1791179205.3152,0.0200,0.2283,0.0000,0.0000,0.0000,0.0000,0.0000,0.0000,0.1273,0.1273,0.5077,0.5077,0.0000,0.0000,0.0000,-0.0012
1791179205.3352,0.0200,0.2270,0.0000,0.0000,0.0000,0.0000,0.0000,0.0000,0.1273,0.1258,0.5077,0.5062,0.0000,0.0000,0.0000,-0.0012
1791179205.3552,0.0200,0.2269,0.0000,0.0000,0.0000,0.0000,0.0000,0.0000,0.1273,0.1258,0.5077,0.5077,0.0000,0.0000,0.0000,-0.0012
1791179205.3752,0.0200,0.2219,0.0000,0.0000,0.0000,0.0000,0.0000,0.0000,0.1273,0.1273,0.5077,0.5077,0.0000,0.0000,0.0000,-0.0012
1791179205.3952,0.0200,0.2341,0.0000,0.0000,0.0000,0.0000,0.0000,0.0000,0.1273,0.1273,0.5077,0.5077,0.0000,0.0000,0.0000,-0.0012
1791179205.4152,0.0200,0.2364,0.0000,0.0000,0.0000,0.0000,0.0000,0.0000,0.1273,0.1258,0.5077,0.5077,0.0000,0.0000,0.0000,-0.0012
1791179205.4352,0.0200,0.2365,0.0000,0.0000,0.0000,0.0000,0.0000,0.0000,0.1273,0.1258,0.5077,0.5077,0.0000,0.0000,0.0000,-0.0012
1791179205.4552,0.0200,0.2412,0.0000,0.0000,0.0000,0.0000,0.0000,0.0000,0.1273,0.1258,0.5077,0.5077,0.0000,0.0000,0.0000,-0.0012
1791179205.4751,0.0200,0.2142,0.0000,0.0000,0.0000,0.0000,0.0000,0.0000,0.1273,0.1273,0.5077,0.5077,0.0000,0.0000,0.0000,-0.0012
1791179205.4951,0.0200,0.1826,0.0000,0.0000,0.0000,0.0000,0.0000,0.0000,0.1273,0.1258,0.5077,0.5077,0.0000,0.0000,0.0000,-0.0012
1791179205.5151,0.0200,0.1858,0.0000,0.0000,0.0000,0.0000,0.0000,0.0000,0.1273,0.1258,0.5077,0.5077,0.0000,0.0000,0.0000,-0.0011
1791179205.5351,0.0200,0.1863,0.0000,0.0000,0.0000,0.0000,0.0000,0.0000,0.1273,0.1258,0.5077,0.5077,0.0000,0.0000,0.0000,-0.0012
1791179205.5551,0.0200,0.1851,0.0000,0.0000,0.0000,0.0000,0.0000,0.0000,0.1273,0.1258,0.5077,0.5077,0.0000,0.0000,0.0000,-0.0012
1791179205.5751,0.0200,0.2329,0.0000,0.0000,0.0000,0.0000,0.0000,0.0000,0.1273,0.1258,0.5077,0.5077,0.0000,0.0000,0.0000,-0.0012
1791179205.5953,0.0201,0.2750,0.0000,0.0000,0.0000,0.0000,0.0000,0.0000,0.1273,0.1258,0.5077,0.5077,0.0000,0.0000,0.0000,-0.0012
1791179205.6151,0.0199,0.2146,0.0000,0.0000,0.0000,0.0000,0.0000,0.0000,0.1273,0.1258,0.5077,0.5077,0.0000,0.0000,0.0000,-0.0012
1791179205.6351,0.0200,0.2223,0.0000,0.0000,0.0000,0.0000,0.0000,0.0000,0.1273,0.1258,0.5077,0.5077,0.0000,0.0000,0.0000,-0.0012
1791179205.6552,0.0200,0.2454,0.0000,0.0000,0.0000,0.0000,0.0000,0.0000,0.1273,0.1258,0.5077,0.5077,0.0000,0.0000,0.0000,-0.0012
1791179205.6752,0.0200,0.2334,0.0000,0.0000,0.0000,0.0000,0.0000,0.0000,0.1273,0.1258,0.5077,0.5077,0.0000,0.0000,0.0000,-0.0012
1791179205.6952,0.0200,0.2347,0.0000,0.0000,0.0000,0.0000,0.0000,0.0000,0.1273,0.1258,0.5077,0.5077,0.0000,0.0000,0.0000,-0.0012
1791179205.7152,0.0200,0.2093,0.0000,0.0000,0.0000,0.0000,0.0000,0.0000,0.1273,0.1258,0.5077,0.5077,0.0000,0.0000,0.0000,-0.0012
1791179205.7352,0.0200,0.2047,0.0000,0.0000,0.0000,0.0000,0.0000,0.0000,0.1273,0.1258,0.5077,0.5077,0.0000,0.0000,0.0000,-0.0012
1791179205.7552,0.0200,0.2304,0.0000,0.0000,0.0000,0.0000,0.0000,0.0000,0.1273,0.1273,0.5077,0.5077,0.0000,0.0000,0.0000,-0.0012
1791179205.7752,0.0200,0.2311,0.0000,0.0000,0.0000,0.0000,0.0000,0.0000,0.1273,0.1273,0.5077,0.5077,0.0000,0.0000,0.0000,-0.0012
1791179205.7952,0.0200,0.1693,0.0000,0.0000,0.0000,0.0000,0.0000,0.0000,0.1273,0.1258,0.5077,0.5077,0.0000,0.0000,0.0000,-0.0012
1791179205.8152,0.0200,0.2407,0.0000,0.0000,0.0000,0.0000,0.0000,0.0000,0.1273,0.1273,0.5077,0.5077,0.0000,0.0000,0.0000,-0.0012
1791179205.8352,0.0200,0.2327,0.0000,0.0000,0.0000,0.0000,0.0000,0.0000,0.1273,0.1258,0.5077,0.5077,0.0000,0.0000,0.0000,-0.0012
1791179205.8552,0.0200,0.1786,0.0000,0.0000,0.0000,0.0000,0.0000,0.0000,0.1273,0.1258,0.5077,0.5062,0.0000,0.0000,0.0000,-0.0012
1791179205.8752,0.0200,0.2428,0.0000,0.0000,0.0000,0.0000,0.0000,0.0000,0.1273,0.1273,0.5077,0.5077,0.0000,0.0000,0.0000,-0.0012
1791179205.8952,0.0200,0.2266,0.0000,0.0000,0.0000,0.0000,0.0000,0.0000,0.1273,0.1273,0.5077,0.5077,0.0000,0.0000,0.0000,-0.0012
1791179205.9152,0.0200,0.2489,0.0000,0.0000,0.0000,0.0000,0.0000,0.0000,0.1273,0.1258,0.5077,0.5077,0.0000,0.0000,0.0000,-0.0012
1791179205.9351,0.0200,0.2042,0.0000,0.0000,0.0000,0.0000,0.0000,0.0000,0.1273,0.1258,0.5077,0.5077,0.0000,0.0000,0.0000,-0.0012
1791179205.9551,0.0200,0.2607,0.0000,0.0000,0.0000,0.0000,0.0000,0.0000,0.1273,0.1273,0.5077,0.5077,0.0000,0.0000,0.0000,-0.0012
1791179205.9752,0.0200,0.2360,0.0000,0.0000,0.0000,0.0000,0.0000,0.0000,0.1273,0.1258,0.5077,0.5077,0.0000,0.0000,0.0000,-0.0012
1791179205.9952,0.0200,0.2126,0.0000,0.0000,0.0000,0.0000,0.0000,0.0000,0.1273,0.1258,0.5077,0.5077,0.0000,0.0000,0.0000,-0.0012
1791179206.0152,0.0200,0.2290,0.0000,0.0000,0.0000,0.0000,0.0000,0.0000,0.1273,0.1258,0.5077,0.5077,0.0000,0.0000,0.0000,-0.0012
1791179206.0352,0.0200,0.2407,0.0000,0.0000,0.0000,0.0000,0.0000,0.0000,0.1273,0.1258,0.5077,0.5077,0.0000,0.0000,0.0000,-0.0012
1791179206.0552,0.0200,0.3448,0.0000,0.0000,0.0000,0.0000,0.0000,0.0000,0.1273,0.1258,0.5077,0.5077,0.0000,0.0000,0.0000,-0.0012
1791179206.0752,0.0200,0.2170,0.0000,0.0000,0.0000,0.0000,0.0000,0.0000,0.1273,0.1258,0.5077,0.5077,0.0000,0.0000,0.0000,-0.0012
1791179206.0952,0.0200,0.2785,0.0000,0.0000,0.0000,0.0000,0.0000,0.0000,0.1273,0.1258,0.5077,0.5077,0.0000,0.0000,0.0000,-0.0012
1791179206.1152,0.0200,0.2219,0.0000,0.0000,0.0000,0.0000,0.0000,0.0000,0.1273,0.1258,0.5077,0.5077,0.0000,0.0000,0.0000,-0.0012
1791179206.1351,0.0199,0.1930,0.0000,0.0000,0.0000,0.0000,0.0000,0.0000,0.1273,0.1258,0.5077,0.5077,0.0000,0.0000,0.0000,-0.0012
1791179206.1552,0.0200,0.3014,0.0000,0.0000,0.0000,0.0000,0.0000,0.0000,0.1273,0.1258,0.5077,0.5077,0.0000,0.0000,0.0000,-0.0012
1791179206.1752,0.0200,0.2579,0.0000,0.0000,0.0000,0.0000,0.0000,0.0000,0.1273,0.1258,0.5077,0.5077,0.0000,0.0000,0.0000,-0.0012
1791179206.1952,0.0200,0.2037,0.0000,0.0000,0.0000,0.0000,0.0000,0.0000,0.1273,0.1258,0.5077,0.5077,0.0000,0.0000,0.0000,-0.0012
1791179206.2152,0.0200,0.2054,0.0000,0.0000,0.0000,0.0000,0.0000,0.0000,0.1273,0.1258,0.5077,0.5077,0.0000,0.0000,0.0000,-0.0012
1791179206.2351,0.0200,0.2227,0.0000,0.0000,0.0000,0.0000,0.0000,0.0000,0.1273,0.1273,0.5077,0.5077,0.0000,0.0000,0.0000,-0.0012
1791179206.2552,0.0200,0.2440,0.0000,0.0000,0.0000,0.0000,0.0000,0.0000,0.1273,0.1258,0.5077,0.5077,0.0000,0.0000,0.0000,-0.0012
1791179206.2752,0.0200,0.2299,0.0000,0.0000,0.0000,0.0000,0.0000,0.0000,0.1273,0.1258,0.5077,0.5062,0.0000,0.0000,0.0000,-0.0012
1791179206.2952,0.0200,0.2381,0.0000,0.0000,0.0000,0.0000,0.0000,0.0000,0.1273,0.1273,0.5077,0.5077,0.0000,0.0000,0.0000,-0.0012
1791179206.3152,0.0200,0.2285,0.0000,0.0000,0.0000,0.0000,0.0000,0.0000,0.1273,0.1258,0.5077,0.5062,0.0000,0.0000,0.0000,-0.0012
1791179206.3352,0.0200,0.2312,0.0000,0.0000,0.0000,0.0000,0.0000,0.0000,0.1273,0.1273,0.5077,0.5077,0.0000,0.0000,0.0000,-0.0012
1791179206.3552,0.0200,0.2337,0.0000,0.0000,0.0000,0.0000,0.0000,0.0000,0.1273,0.1258,0.5077,0.5077,0.0000,0.0000,0.0000,-0.0011
1791179206.3752,0.0200,0.2264,0.0000,0.0000,0.0000,0.0000,0.0000,0.0000,0.1273,0.1258,0.5077,0.5077,0.0000,0.0000,0.0000,-0.0012
1791179206.3952,0.0200,0.2284,0.0000,0.0000,0.0000,0.0000,0.0000,0.0000,0.1273,0.1258,0.5077,0.5077,0.0000,0.0000,0.0000,-0.0012
1791179206.4152,0.0200,0.2183,0.0000,0.0000,0.0000,0.0000,0.0000,0.0000,0.1273,0.1258,0.5077,0.5077,0.0000,0.0000,0.0000,-0.0012
1791179206.4351,0.0200,0.2214,0.0000,0.0000,0.0000,0.0000,0.0000,0.0000,0.1273,0.1258,0.5077,0.5077,0.0000,0.0000,0.0000,-0.0012
1791179206.4551,0.0200,0.1901,0.0000,0.0000,0.0000,0.0000,0.0000,0.0000,0.1273,0.1258,0.5077,0.5077,0.0000,0.0000,0.0000,-0.0012
1791179206.4751,0.0200,0.2091,0.0000,0.0000,0.0000,0.0000,0.0000,0.0000,0.1273,0.1273,0.5077,0.5077,0.0000,0.0000,0.0000,-0.0012
1791179206.4952,0.0200,0.2458,0.0000,0.0000,0.0000,0.0000,0.0000,0.0000,0.1273,0.1273,0.5077,0.5077,0.0000,0.0000,0.0000,-0.0012
1791179206.5151,0.0200,0.1873,0.0000,0.0000,0.0000,0.0000,0.0000,0.0000,0.1273,0.1273,0.5077,0.5077,0.0000,0.0000,0.0000,-0.0012
1791179206.5351,0.0200,0.1799,0.0000,0.0000,0.0000,0.0000,0.0000,0.0000,0.1273,0.1258,0.5077,0.5077,0.0000,0.0000,0.0000,-0.0012
1791179206.5551,0.0200,0.2394,0.0000,0.0000,0.0000,0.0000,0.0000,0.0000,0.1273,0.1258,0.5077,0.5077,0.0000,0.0000,0.0000,-0.0012
1791179206.5752,0.0200,0.2354,0.0000,0.0000,0.0000,0.0000,0.0000,0.0000,0.1273,0.1273,0.5077,0.5077,0.0000,0.0000,0.0000,-0.0012
1791179206.5952,0.0200,0.2434,0.0000,0.0000,0.0000,0.0000,0.0000,0.0000,0.1273,0.1258,0.5077,0.5077,0.0000,0.0000,0.0000,-0.0012
1791179206.6152,0.0200,0.2448,0.0000,0.0000,0.0000,0.0000,0.0000,0.0000,0.1273,0.1258,0.5077,0.5077,0.0000,0.0000,0.0000,-0.0012
1791179206.6352,0.0200,0.2130,0.0000,0.0000,0.0000,0.0000,0.0000,0.0000,0.1273,0.1258,0.5077,0.5077,0.0000,0.0000,0.0000,-0.0012
1791179206.6552,0.0200,0.3369,0.0000,0.0000,0.0000,0.0000,0.0000,0.0000,0.1273,0.1258,0.5077,0.5077,0.0000,0.0000,0.0000,-0.0012
1791179206.6752,0.0200,0.2347,0.0000,0.0000,0.0000,0.0000,0.0000,0.0000,0.1273,0.1273,0.5077,0.5077,0.0000,0.0000,0.0000,-0.0012
1791179206.6952,0.0200,0.2306,0.0000,0.0000,0.0000,0.0000,0.0000,0.0000,0.1273,0.1273,0.5077,0.5077,0.0000,0.0000,0.0000,-0.0012
1791179206.7152,0.0200,0.2204,0.0000,0.0000,0.0000,0.0000,0.0000,0.0000,0.1273,0.1258,0.5077,0.5077,0.0000,0.0000,0.0000,-0.0012
1791179206.7352,0.0200,0.2241,0.0000,0.0000,0.0000,0.0000,0.0000,0.0000,0.1273,0.1258,0.5077,0.5077,0.0000,0.0000,0.0000,-0.0012
1791179206.7552,0.0200,0.2235,0.0000,0.0000,0.0000,0.0000,0.0000,0.0000,0.1273,0.1258,0.5077,0.5077,0.0000,0.0000,0.0000,-0.0012
1791179206.7752,0.0200,0.2237,0.0000,0.0000,0.0000,0.0000,0.0000,0.0000,0.1273,0.1258,0.5077,0.5077,0.0000,0.0000,0.0000,-0.0012
1791179206.7952,0.0200,0.2380,0.0000,0.0000,0.0000,0.0000,0.0000,0.0000,0.1273,0.1258,0.5077,0.5077,0.0000,0.0000,0.0000,-0.0012
1791179206.8152,0.0200,0.1785,0.0000,0.0000,0.0000,0.0000,0.0000,0.0000,0.1273,0.1258,0.5077,0.5062,0.0000,0.0000,0.0000,-0.0012
1791179206.8352,0.0200,0.3238,0.0000,0.0000,0.0000,0.0000,0.0000,0.0000,0.1273,0.1273,0.5077,0.5077,0.0000,0.0000,0.0000,-0.0012
1791179206.8551,0.0200,0.1937,0.0000,0.0000,0.0000,0.0000,0.0000,0.0000,0.1273,0.1258,0.5077,0.5077,0.0000,0.0000,0.0000,-0.0012
1791179206.8751,0.0200,0.2132,0.0000,0.0000,0.0000,0.0000,0.0000,0.0000,0.1273,0.1273,0.5077,0.5062,0.0000,0.0000,0.0000,-0.0012
1791179206.8952,0.0200,0.2330,0.0000,0.0000,0.0000,0.0000,0.0000,0.0000,0.1273,0.1273,0.5077,0.5077,0.0000,0.0000,0.0000,-0.0012
1791179206.9152,0.0200,0.2341,0.0000,0.0000,0.0000,0.0000,0.0000,0.0000,0.1273,0.1258,0.5077,0.5077,0.0000,0.0000,0.0000,-0.0012
1791179206.9352,0.0200,0.1793,0.0000,0.0000,0.0000,0.0000,0.0000,0.0000,0.1273,0.1273,0.5077,0.5077,0.0000,0.0000,0.0000,-0.0012
1791179206.9551,0.0200,0.2459,0.0000,0.0000,0.0000,0.0000,0.0000,0.0000,0.1273,0.1258,0.5077,0.5077,0.0000,0.0000,0.0000,-0.0012
1791179206.9752,0.0200,0.2316,0.0000,0.0000,0.0000,0.0000,0.0000,0.0000,0.1273,0.1273,0.5077,0.5077,0.0000,0.0000,0.0000,-0.0012
1791179206.9952,0.0200,0.3152,0.0000,0.0000,0.0000,0.0000,0.0000,0.0000,0.1273,0.1273,0.5077,0.5077,0.0000,0.0000,0.0000,-0.0012
1791179207.0152,0.0200,0.2005,0.0000,0.0000,0.0000,0.0000,0.0000,0.0000,0.1273,0.1258,0.5077,0.5077,0.0000,0.0000,0.0000,-0.0012
1791179207.0351,0.0199,0.1837,0.0000,0.0000,0.0000,0.0000,0.0000,0.0000,0.1273,0.1273,0.5077,0.5077,0.0000,0.0000,0.0000,-0.0012
1791179207.0552,0.0200,0.3160,0.0000,0.0000,0.0000,0.0000,0.0000,0.0000,0.1273,0.1258,0.5077,0.5077,0.0000,0.0000,0.0000,-0.0012
1791179207.0752,0.0200,0.2079,0.0000,0.0000,0.0000,0.0000,0.0000,0.0000,0.1273,0.1258,0.5077,0.5077,0.0000,0.0000,0.0000,-0.0012
1791179207.0951,0.0200,0.2142,0.0000,0.0000,0.0000,0.0000,0.0000,0.0000,0.1273,0.1258,0.5077,0.5077,0.0000,0.0000,0.0000,-0.0012
1791179207.1152,0.0200,0.2466,0.0000,0.0000,0.0000,0.0000,0.0000,0.0000,0.1273,0.1258,0.5077,0.5077,0.0000,0.0000,0.0000,-0.0012
1791179207.1352,0.0200,0.2042,0.0000,0.0000,0.0000,0.0000,0.0000,0.0000,0.1273,0.1258,0.5077,0.5077,0.0000,0.0000,0.0000,-0.0012
1791179207.1551,0.0200,0.2155,0.0000,0.0000,0.0000,0.0000,0.0000,0.0000,0.1273,0.1258,0.5077,0.5077,0.0000,0.0000,0.0000,-0.0012
1791179207.1752,0.0200,0.2361,0.0000,0.0000,0.0000,0.0000,0.0000,0.0000,0.1273,0.1258,0.5077,0.5077,0.0000,0.0000,0.0000,-0.0012
1791179207.1952,0.0200,0.1983,0.0000,0.0000,0.0000,0.0000,0.0000,0.0000,0.1273,0.1258,0.5077,0.5077,0.0000,0.0000,0.0000,-0.0012
1791179207.2151,0.0200,0.2134,0.0000,0.0000,0.0000,0.0000,0.0000,0.0000,0.1273,0.1258,0.5077,0.5077,0.0000,0.0000,0.0000,-0.0012
1791179207.2352,0.0200,0.2290,0.0000,0.0000,0.0000,0.0000,0.0000,0.0000,0.1273,0.1273,0.5077,0.5077,0.0000,0.0000,0.0000,-0.0012
1791179207.2552,0.0200,0.2282,0.0000,0.0000,0.0000,0.0000,0.0000,0.0000,0.1273,0.1258,0.5077,0.5077,0.0000,0.0000,0.0000,-0.0012
1791179207.2752,0.0200,0.2269,0.0000,0.0000,0.0000,0.0000,0.0000,0.0000,0.1273,0.1258,0.5077,0.5077,0.0000,0.0000,0.0000,-0.0012
1791179207.2952,0.0200,0.2324,0.0000,0.0000,0.0000,0.0000,0.0000,0.0000,0.1273,0.1273,0.5077,0.5077,0.0000,0.0000,0.0000,-0.0012
1791179207.3152,0.0200,0.2297,0.0000,0.0000,0.0000,0.0000,0.0000,0.0000,0.1273,0.1258,0.5077,0.5077,0.0000,0.0000,0.0000,-0.0012
1791179207.3352,0.0200,0.2307,0.0000,0.0000,0.0000,0.0000,0.0000,0.0000,0.1273,0.1258,0.5077,0.5077,0.0000,0.0000,0.0000,-0.0012
1791179207.3552,0.0200,0.2264,0.0000,0.0000,0.0000,0.0000,0.0000,0.0000,0.1273,0.1273,0.5077,0.5077,0.0000,0.0000,0.0000,-0.0012
1791179207.3752,0.0200,0.2257,0.0000,0.0000,0.0000,0.0000,0.0000,0.0000,0.1273,0.1258,0.5077,0.5077,0.0000,0.0000,0.0000,-0.0012
1791179207.3952,0.0200,0.2263,0.0000,0.0000,0.0000,0.0000,0.0000,0.0000,0.1273,0.1258,0.5077,0.5062,0.0000,0.0000,0.0000,-0.0012
1791179207.4152,0.0200,0.2347,0.0000,0.0000,0.0000,0.0000,0.0000,0.0000,0.1273,0.1258,0.5077,0.5077,0.0000,0.0000,0.0000,-0.0012
1791179207.4351,0.0200,0.2168,0.0000,0.0000,0.0000,0.0000,0.0000,0.0000,0.1273,0.1258,0.5077,0.5077,0.0000,0.0000,0.0000,-0.0012
1791179207.4552,0.0200,0.2446,0.0000,0.0000,0.0000,0.0000,0.0000,0.0000,0.1273,0.1273,0.5077,0.5077,0.0000,0.0000,0.0000,-0.0012
1791179207.4751,0.0200,0.1789,0.0000,0.0000,0.0000,0.0000,0.0000,0.0000,0.1273,0.1258,0.5077,0.5077,0.0000,0.0000,0.0000,-0.0012
1791179207.4951,0.0200,0.1892,0.0000,0.0000,0.0000,0.0000,0.0000,0.0000,0.1273,0.1258,0.5077,0.5077,0.0000,0.0000,0.0000,-0.0012
1791179207.5151,0.0200,0.1876,0.0000,0.0000,0.0000,0.0000,0.0000,0.0000,0.1273,0.1258,0.5077,0.5077,0.0000,0.0000,0.0000,-0.0012
1791179207.5351,0.0200,0.2404,0.0000,0.0000,0.0000,0.0000,0.0000,0.0000,0.1273,0.1258,0.5077,0.5077,0.0000,0.0000,0.0000,-0.0012
1791179207.5551,0.0200,0.2067,0.0000,0.0000,0.0000,0.0000,0.0000,0.0000,0.1273,0.1258,0.5077,0.5077,0.0000,0.0000,0.0000,-0.0012
1791179207.5751,0.0200,0.2431,0.0000,0.0000,0.0000,0.0000,0.0000,0.0000,0.1273,0.1258,0.5077,0.5077,0.0000,0.0000,0.0000,-0.0012
1791179207.5951,0.0200,0.2192,0.0000,0.0000,0.0000,0.0000,0.0000,0.0000,0.1273,0.1258,0.5077,0.5077,0.0000,0.0000,0.0000,-0.0012
1791179207.6152,0.0200,0.2325,0.0000,0.0000,0.0000,0.0000,0.0000,0.0000,0.1273,0.1258,0.5077,0.5077,0.0000,0.0000,0.0000,-0.0012
1791179207.6351,0.0200,0.1924,0.0000,0.0000,0.0000,0.0000,0.0000,0.0000,0.1273,0.1258,0.5077,0.5077,0.0000,0.0000,0.0000,-0.0012
1791179207.6552,0.0200,0.2415,0.0000,0.0000,0.0000,0.0000,0.0000,0.0000,0.1273,0.1273,0.5077,0.5077,0.0000,0.0000,0.0000,-0.0012
1791179207.6752,0.0200,0.2085,0.0000,0.0000,0.0000,0.0000,0.0000,0.0000,0.1273,0.1273,0.5077,0.5077,0.0000,0.0000,0.0000,-0.0012
1791179207.6952,0.0200,0.3139,0.0000,0.0000,0.0000,0.0000,0.0000,0.0000,0.1273,0.1273,0.5077,0.5077,0.0000,0.0000,0.0000,-0.0012
1791179207.7152,0.0200,0.2342,0.0000,0.0000,0.0000,0.0000,0.0000,0.0000,0.1273,0.1258,0.5077,0.5077,0.0000,0.0000,0.0000,-0.0012
1791179207.7352,0.0200,0.2295,0.0000,0.0000,0.0000,0.0000,0.0000,0.0000,0.1273,0.1258,0.5077,0.5077,0.0000,0.0000,0.0000,-0.0012
1791179207.7552,0.0200,0.2392,0.0000,0.0000,0.0000,0.0000,0.0000,0.0000,0.1273,0.1258,0.5077,0.5077,0.0000,0.0000,0.0000,-0.0012
1791179207.7752,0.0200,0.1979,0.0000,0.0000,0.0000,0.0000,0.0000,0.0000,0.1273,0.1273,0.5077,0.5077,0.0000,0.0000,0.0000,-0.0012
1791179207.7951,0.0200,0.2382,0.0000,0.0000,0.0000,0.0000,0.0000,0.0000,0.1273,0.1273,0.5077,0.5077,0.0000,0.0000,0.0000,-0.0012
1791179207.8151,0.0200,0.2481,0.0000,0.0000,0.0000,0.0000,0.0000,0.0000,0.1273,0.1258,0.5077,0.5077,0.0000,0.0000,0.0000,-0.0012
1791179207.8352,0.0200,0.2404,0.0000,0.0000,0.0000,0.0000,0.0000,0.0000,0.1273,0.1258,0.5077,0.5077,0.0000,0.0000,0.0000,-0.0012
1791179207.8552,0.0200,0.1766,0.0000,0.0000,0.0000,0.0000,0.0000,0.0000,0.1273,0.1258,0.5077,0.5062,0.0000,0.0000,0.0000,-0.0012
1791179207.8751,0.0200,0.1821,0.0000,0.0000,0.0000,0.0000,0.0000,0.0000,0.1273,0.1258,0.5077,0.5077,0.0000,0.0000,0.0000,-0.0012
1791179207.8952,0.0200,0.2399,0.0000,0.0000,0.0000,0.0000,0.0000,0.0000,0.1273,0.1258,0.5077,0.5077,0.0000,0.0000,0.0000,-0.0012
1791179207.9152,0.0200,0.2143,0.0000,0.0000,0.0000,0.0000,0.0000,0.0000,0.1273,0.1258,0.5077,0.5077,0.0000,0.0000,0.0000,-0.0012
1791179207.9352,0.0200,0.2341,0.0000,0.0000,0.0000,0.0000,0.0000,0.0000,0.1273,0.1273,0.5077,0.5077,0.0000,0.0000,0.0000,-0.0012
1791179207.9552,0.0200,0.2367,0.0000,0.0000,0.0000,0.0000,0.0000,0.0000,0.1273,0.1258,0.5077,0.5077,0.0000,0.0000,0.0000,-0.0012
1791179207.9752,0.0200,0.2334,0.0000,0.0000,0.0000,0.0000,0.0000,0.0000,0.1273,0.1258,0.5077,0.5077,0.0000,0.0000,0.0000,-0.0012
1791179207.9952,0.0200,0.2482,0.0000,0.0000,0.0000,0.0000,0.0000,0.0000,0.1273,0.1258,0.5077,0.5077,0.0000,0.0000,0.0000,-0.0012
1791179208.0152,0.0200,0.2092,0.0000,0.0000,0.0000,0.0000,0.0000,0.0000,0.1273,0.1258,0.5077,0.5077,0.0000,0.0000,0.0000,-0.0014
1791179208.0351,0.0200,0.2183,0.0000,0.0000,0.0000,0.0000,0.0000,0.0000,0.1273,0.1258,0.5077,0.5077,0.0000,0.0000,0.0000,-0.0012
1791179208.0552,0.0200,0.2583,0.0000,0.0000,0.0000,0.0000,0.0000,0.0000,0.1273,0.1258,0.5077,0.5077,0.0000,0.0000,0.0000,-0.0012
1791179208.0752,0.0200,0.2513,0.0000,0.0000,0.0000,0.0000,0.0000,0.0000,0.1273,0.1258,0.5077,0.5077,0.0000,0.0000,0.0000,-0.0012
1791179208.0952,0.0200,0.2392,0.0000,0.0000,0.0000,0.0000,0.0000,0.0000,0.1273,0.1258,0.5077,0.5077,0.0000,0.0000,0.0000,-0.0012
1791179208.1152,0.0200,0.2389,0.0000,0.0000,0.0000,0.0000,0.0000,0.0000,0.1273,0.1258,0.5077,0.5077,0.0000,0.0000,0.0000,-0.0012
1791179208.1352,0.0200,0.2383,0.0000,0.0000,0.0000,0.0000,0.0000,0.0000,0.1273,0.1258,0.5077,0.5077,0.0000,0.0000,0.0000,-0.0012
1791179208.1552,0.0200,0.3414,0.0000,0.0000,0.0000,0.0000,0.0000,0.0000,0.1273,0.1258,0.5077,0.5077,0.0000,0.0000,0.0000,-0.0012
1791179208.1752,0.0200,0.2752,0.0000,0.0000,0.0000,0.0000,0.0000,0.0000,0.1273,0.1258,0.5077,0.5077,0.0000,0.0000,0.0000,-0.0012
1791179208.1952,0.0200,0.2101,0.0000,0.0000,0.0000,0.0000,0.0000,0.0000,0.1273,0.1258,0.5077,0.5077,0.0000,0.0000,0.0000,-0.0012
1791179208.2152,0.0200,0.2296,0.0000,0.0000,0.0000,0.0000,0.0000,0.0000,0.1273,0.1258,0.5077,0.5077,0.0000,0.0000,0.0000,-0.0012
1791179208.2352,0.0200,0.2334,0.0000,0.0000,0.0000,0.0000,0.0000,0.0000,0.1273,0.1258,0.5077,0.5077,0.0000,0.0000,0.0000,-0.0012
1791179208.2552,0.0200,0.2294,0.0000,0.0000,0.0000,0.0000,0.0000,0.0000,0.1273,0.1273,0.5077,0.5077,0.0000,0.0000,0.0000,-0.0012
1791179208.2752,0.0200,0.2217,0.0000,0.0000,0.0000,0.0000,0.0000,0.0000,0.1273,0.1258,0.5077,0.5077,0.0000,0.0000,0.0000,-0.0012
1791179208.2952,0.0200,0.2231,0.0000,0.0000,0.0000,0.0000,0.0000,0.0000,0.1273,0.1273,0.5077,0.5062,0.0000,0.0000,0.0000,-0.0012
1791179208.3152,0.0200,0.2452,0.0000,0.0000,0.0000,0.0000,0.0000,0.0000,0.1273,0.1258,0.5077,0.5077,0.0000,0.0000,0.0000,-0.0012
1791179208.3352,0.0200,0.2444,0.0000,0.0000,0.0000,0.0000,0.0000,0.0000,0.1273,0.1258,0.5077,0.5077,0.0000,0.0000,0.0000,-0.0012
1791179208.3552,0.0200,0.2414,0.0000,0.0000,0.0000,0.0000,0.0000,0.0000,0.1273,0.1273,0.5077,0.5077,0.0000,0.0000,0.0000,-0.0012
1791179208.3752,0.0200,0.2851,0.0000,0.0000,0.0000,0.0000,0.0000,0.0000,0.1273,0.1258,0.5077,0.5077,0.0000,0.0000,0.0000,-0.0012
1791179208.3952,0.0200,0.2432,0.0000,0.0000,0.0000,0.0000,0.0000,0.0000,0.1273,0.1273,0.5077,0.5077,0.0000,0.0000,0.0000,-0.0012
1791179208.4152,0.0200,0.2509,0.0000,0.0000,0.0000,0.0000,0.0000,0.0000,0.1273,0.1258,0.5077,0.5077,0.0000,0.0000,0.0000,-0.0012
1791179208.4351,0.0200,0.1715,0.0000,0.0000,0.0000,0.0000,0.0000,0.0000,0.1273,0.1258,0.5077,0.5077,0.0000,0.0000,0.0000,-0.0012
1791179208.4551,0.0200,0.2463,0.0000,0.0000,0.0000,0.0000,0.0000,0.0000,0.1273,0.1258,0.5077,0.5077,0.0000,0.0000,0.0000,-0.0012
1791179208.4751,0.0200,0.2267,0.0000,0.0000,0.0000,0.0000,0.0000,0.0000,0.1273,0.1258,0.5077,0.5077,0.0000,0.0000,0.0000,-0.0012
1791179208.4951,0.0200,0.1907,0.0000,0.0000,0.0000,0.0000,0.0000,0.0000,0.1273,0.1258,0.5077,0.5077,0.0000,0.0000,0.0000,-0.0012
1791179208.5151,0.0200,0.2376,0.0000,0.0000,0.0000,0.0000,0.0000,0.0000,0.1273,0.1258,0.5077,0.5077,0.0000,0.0000,0.0000,-0.0012
1791179208.5351,0.0200,0.2204,0.0000,0.0000,0.0000,0.0000,0.0000,0.0000,0.1273,0.1273,0.5077,0.5077,0.0000,0.0000,0.0000,-0.0012
1791179208.5551,0.0200,0.2384,0.0000,0.0000,0.0000,0.0000,0.0000,0.0000,0.1273,0.1273,0.5077,0.5077,0.0000,0.0000,0.0000,-0.0012
1791179208.5752,0.0200,0.2480,0.0000,0.0000,0.0000,0.0000,0.0000,0.0000,0.1273,0.1258,0.5077,0.5077,0.0000,0.0000,0.0000,-0.0012
1791179208.5952,0.0201,0.2274,0.0000,0.0000,0.0000,0.0000,0.0000,0.0000,0.1273,0.1258,0.5077,0.5077,0.0000,0.0000,0.0000,-0.0012
1791179208.6152,0.0199,0.2089,0.0000,0.0000,0.0000,0.0000,0.0000,0.0000,0.1273,0.1273,0.5077,0.5077,0.0000,0.0000,0.0000,-0.0012
1791179208.6351,0.0200,0.2164,0.0000,0.0000,0.0000,0.0000,0.0000,0.0000,0.1273,0.1258,0.5077,0.5077,0.0000,0.0000,0.0000,-0.0012
1791179208.6552,0.0200,0.2353,0.0000,0.0000,0.0000,0.0000,0.0000,0.0000,0.1273,0.1258,0.5077,0.5077,0.0000,0.0000,0.0000,-0.0012
1791179208.6752,0.0200,0.2290,0.0000,0.0000,0.0000,0.0000,0.0000,0.0000,0.1273,0.1258,0.5077,0.5077,0.0000,0.0000,0.0000,-0.0012
1791179208.6952,0.0200,0.2225,0.0000,0.0000,0.0000,0.0000,0.0000,0.0000,0.1273,0.1273,0.5077,0.5077,0.0000,0.0000,0.0000,-0.0012
1791179208.7152,0.0200,0.2315,0.0000,0.0000,0.0000,0.0000,0.0000,0.0000,0.1273,0.1273,0.5077,0.5077,0.0000,0.0000,0.0000,-0.0012
1791179208.7352,0.0200,0.1961,0.0000,0.0000,0.0000,0.0000,0.0000,0.0000,0.1273,0.1273,0.5077,0.5077,0.0000,0.0000,0.0000,-0.0012
1791179208.7552,0.0200,0.2421,0.0000,0.0000,0.0000,0.0000,0.0000,0.0000,0.1273,0.1258,0.5077,0.5077,0.0000,0.0000,0.0000,-0.0012
1791179208.7752,0.0200,0.2281,0.0000,0.0000,0.0000,0.0000,0.0000,0.0000,0.1273,0.1258,0.5077,0.5077,0.0000,0.0000,0.0000,-0.0012
1791179208.7952,0.0200,0.2884,0.0000,0.0000,0.0000,0.0000,0.0000,0.0000,0.1273,0.1258,0.5077,0.5077,0.0000,0.0000,0.0000,-0.0012
1791179208.8152,0.0200,0.2221,0.0000,0.0000,0.0000,0.0000,0.0000,0.0000,0.1273,0.1258,0.5077,0.5077,0.0000,0.0000,0.0000,-0.0012
1791179208.8352,0.0200,0.2353,0.0000,0.0000,0.0000,0.0000,0.0000,0.0000,0.1273,0.1273,0.5077,0.5077,0.0000,0.0000,0.0000,-0.0012
1791179208.8552,0.0200,0.2346,0.0000,0.0000,0.0000,0.0000,0.0000,0.0000,0.1273,0.1273,0.5077,0.5062,0.0000,0.0000,0.0000,-0.0012
1791179208.8752,0.0200,0.1968,0.0000,0.0000,0.0000,0.0000,0.0000,0.0000,0.1273,0.1258,0.5077,0.5077,0.0000,0.0000,0.0000,-0.0012
1791179208.8952,0.0200,0.2408,0.0000,0.0000,0.0000,0.0000,0.0000,0.0000,0.1273,0.1258,0.5077,0.5077,0.0000,0.0000,0.0000,-0.0012
1791179208.9152,0.0200,0.2384,0.0000,0.0000,0.0000,0.0000,0.0000,0.0000,0.1273,0.1258,0.5077,0.5077,0.0000,0.0000,0.0000,-0.0012
1791179208.9352,0.0200,0.3294,0.0000,0.0000,0.0000,0.0000,0.0000,0.0000,0.1273,0.1258,0.5077,0.5077,0.0000,0.0000,0.0000,-0.0012
1791179208.9552,0.0201,0.2427,0.0000,0.0000,0.0000,0.0000,0.0000,0.0000,0.1273,0.1273,0.5077,0.5077,0.0000,0.0000,0.0000,-0.0012
1791179208.9751,0.0199,0.1922,0.0000,0.0000,0.0000,0.0000,0.0000,0.0000,0.1273,0.1258,0.5077,0.5077,0.0000,0.0000,0.0000,-0.0012
1791179208.9952,0.0200,0.2561,0.0000,0.0000,0.0000,0.0000,0.0000,0.0000,0.1273,0.1258,0.5077,0.5077,0.0000,0.0000,0.0000,-0.0012
1791179209.0152,0.0200,0.2383,0.0000,0.0000,0.0000,0.0000,0.0000,0.0000,0.1273,0.1273,0.5077,0.5077,0.0000,0.0000,0.0000,-0.0012
1791179209.0352,0.0200,0.3320,0.0000,0.0000,0.0000,0.0000,0.0000,0.0000,0.1273,0.1258,0.5077,0.5077,0.0000,0.0000,0.0000,-0.0012
1791179209.0552,0.0200,0.2152,0.0000,0.0000,0.0000,0.0000,0.0000,0.0000,0.1273,0.1258,0.5077,0.5077,0.0000,0.0000,0.0000,-0.0012
1791179209.0752,0.0200,0.2348,0.0000,0.0000,0.0000,0.0000,0.0000,0.0000,0.1273,0.1258,0.5077,0.5077,0.0000,0.0000,0.0000,-0.0012
1791179209.0952,0.0200,0.2022,0.0000,0.0000,0.0000,0.0000,0.0000,0.0000,0.1273,0.1258,0.5077,0.5062,0.0000,0.0000,0.0000,-0.0012
1791179209.1151,0.0200,0.2179,0.0000,0.0000,0.0000,0.0000,0.0000,0.0000,0.1273,0.1258,0.5077,0.5062,0.0000,0.0000,0.0000,-0.0012
1791179209.1352,0.0200,0.2414,0.0000,0.0000,0.0000,0.0000,0.0000,0.0000,0.1273,0.1258,0.5077,0.5077,0.0000,0.0000,0.0000,-0.0012
1791179209.1552,0.0200,0.3102,0.0000,0.0000,0.0000,0.0000,0.0000,0.0000,0.1273,0.1258,0.5077,0.5077,0.0000,0.0000,0.0000,-0.0012
1791179209.1752,0.0200,0.2379,0.0000,0.0000,0.0000,0.0000,0.0000,0.0000,0.1273,0.1273,0.5077,0.5077,0.0000,0.0000,0.0000,-0.0012
1791179209.1952,0.0200,0.2092,0.0000,0.0000,0.0000,0.0000,0.0000,0.0000,0.1273,0.1273,0.5077,0.5077,0.0000,0.0000,0.0000,-0.0012
1791179209.2152,0.0200,0.2422,0.0000,0.0000,0.0000,0.0000,0.0000,0.0000,0.1273,0.1258,0.5077,0.5077,0.0000,0.0000,0.0000,-0.0011
1791179209.2352,0.0200,0.2442,0.0000,0.0000,0.0000,0.0000,0.0000,0.0000,0.1273,0.1273,0.5077,0.5077,0.0000,0.0000,0.0000,-0.0012
1791179209.2552,0.0200,0.2374,0.0000,0.0000,0.0000,0.0000,0.0000,0.0000,0.1273,0.1258,0.5077,0.5077,0.0000,0.0000,0.0000,-0.0012
1791179209.2752,0.0200,0.2352,0.0000,0.0000,0.0000,0.0000,0.0000,0.0000,0.1273,0.1258,0.5077,0.5077,0.0000,0.0000,0.0000,-0.0012
1791179209.2952,0.0200,0.3285,0.0000,0.0000,0.0000,0.0000,0.0000,0.0000,0.1273,0.1258,0.5077,0.5077,0.0000,0.0000,0.0000,-0.0012
1791179209.3152,0.0200,0.3223,0.0000,0.0000,0.0000,0.0000,0.0000,0.0000,0.1273,0.1258,0.5077,0.5077,0.0000,0.0000,0.0000,-0.0014
1791179209.3352,0.0200,0.2411,0.0000,0.0000,0.0000,0.0000,0.0000,0.0000,0.1273,0.1258,0.5077,0.5062,0.0000,0.0000,0.0000,-0.0012
1791179209.3552,0.0200,0.2419,0.0000,0.0000,0.0000,0.0000,0.0000,0.0000,0.1273,0.1258,0.5077,0.5077,0.0000,0.0000,0.0000,-0.0012
1791179209.3751,0.0200,0.2209,0.0000,0.0000,0.0000,0.0000,0.0000,0.0000,0.1273,0.1258,0.5077,0.5077,0.0000,0.0000,0.0000,-0.0012
1791179209.3951,0.0200,0.1887,0.0000,0.0000,0.0000,0.0000,0.0000,0.0000,0.1273,0.1258,0.5077,0.5077,0.0000,0.0000,0.0000,-0.0012
1791179209.4151,0.0200,0.2434,0.0000,0.0000,0.0000,0.0000,0.0000,0.0000,0.1273,0.1258,0.5077,0.5077,0.0000,0.0000,0.0000,-0.0012
1791179209.4351,0.0200,0.1674,0.0000,0.0000,0.0000,0.0000,0.0000,0.0000,0.1273,0.1258,0.5077,0.5077,0.0000,0.0000,0.0000,-0.0012
1791179209.4551,0.0200,0.2517,0.0000,0.0000,0.0000,0.0000,0.0000,0.0000,0.1273,0.1258,0.5077,0.5077,0.0000,0.0000,0.0000,-0.0012
1791179209.4751,0.0200,0.1671,0.0000,0.0000,0.0000,0.0000,0.0000,0.0000,0.1273,0.1258,0.5077,0.5077,0.0000,0.0000,0.0000,-0.0012
1791179209.4951,0.0200,0.2518,0.0000,0.0000,0.0000,0.0000,0.0000,0.0000,0.1273,0.1258,0.5077,0.5077,0.0000,0.0000,0.0000,-0.0012
1791179209.5151,0.0200,0.2117,0.0000,0.0000,0.0000,0.0000,0.0000,0.0000,0.1273,0.1258,0.5077,0.5077,0.0000,0.0000,0.0000,-0.0012
1791179209.5351,0.0200,0.2376,0.0000,0.0000,0.0000,0.0000,0.0000,0.0000,0.1273,0.1258,0.5077,0.5077,0.0000,0.0000,0.0000,-0.0012
1791179209.5552,0.0200,0.2352,0.0000,0.0000,0.0000,0.0000,0.0000,0.0000,0.1273,0.1258,0.5077,0.5077,0.0000,0.0000,0.0000,-0.0012
1791179209.5752,0.0200,0.2389,0.0000,0.0000,0.0000,0.0000,0.0000,0.0000,0.1273,0.1273,0.5077,0.5077,0.0000,0.0000,0.0000,-0.0012
1791179209.5952,0.0200,0.2329,0.0000,0.0000,0.0000,0.0000,0.0000,0.0000,0.1273,0.1258,0.5077,0.5077,0.0000,0.0000,0.0000,-0.0012
1791179209.6152,0.0200,0.2280,0.0000,0.0000,0.0000,0.0000,0.0000,0.0000,0.1273,0.1258,0.5077,0.5077,0.0000,0.0000,0.0000,-0.0012
1791179209.6352,0.0200,0.2121,0.0000,0.0000,0.0000,0.0000,0.0000,0.0000,0.1273,0.1258,0.5077,0.5077,0.0000,0.0000,0.0000,-0.0012
1791179209.6552,0.0200,0.3209,0.0000,0.0000,0.0000,0.0000,0.0000,0.0000,0.1273,0.1273,0.5077,0.5077,0.0000,0.0000,0.0000,-0.0012
1791179209.6752,0.0200,0.2373,0.0000,0.0000,0.0000,0.0000,0.0000,0.0000,0.1273,0.1258,0.5077,0.5077,0.0000,0.0000,0.0000,-0.0012
1791179209.6952,0.0200,0.2293,0.0000,0.0000,0.0000,0.0000,0.0000,0.0000,0.1273,0.1258,0.5077,0.5062,0.0000,0.0000,0.0000,-0.0012
1791179209.7152,0.0200,0.2243,0.0000,0.0000,0.0000,0.0000,0.0000,0.0000,0.1273,0.1258,0.5077,0.5062,0.0000,0.0000,0.0000,-0.0012
1791179209.7352,0.0200,0.2302,0.0000,0.0000,0.0000,0.0000,0.0000,0.0000,0.1273,0.1258,0.5077,0.5077,0.0000,0.0000,0.0000,-0.0012
1791179209.7552,0.0200,0.2307,0.0000,0.0000,0.0000,0.0000,0.0000,0.0000,0.1273,0.1273,0.5077,0.5077,0.0000,0.0000,0.0000,-0.0012
1791179209.7752,0.0200,0.2274,0.0000,0.0000,0.0000,0.0000,0.0000,0.0000,0.1273,0.1258,0.5077,0.5077,0.0000,0.0000,0.0000,-0.0012
1791179209.7952,0.0200,0.2276,0.0000,0.0000,0.0000,0.0000,0.0000,0.0000,0.1273,0.1258,0.5077,0.5077,0.0000,0.0000,0.0000,-0.0012
1791179209.8152,0.0200,0.3143,0.0000,0.0000,0.0000,0.0000,0.0000,0.0000,0.1273,0.1258,0.5077,0.5062,0.0000,0.0000,0.0000,-0.0012
1791179209.8352,0.0200,0.2487,0.0000,0.0000,0.0000,0.0000,0.0000,0.0000,0.1273,0.1273,0.5077,0.5077,0.0000,0.0000,0.0000,-0.0012
1791179209.8552,0.0200,0.2119,0.0000,0.0000,0.0000,0.0000,0.0000,0.0000,0.1273,0.1258,0.5077,0.5077,0.0000,0.0000,0.0000,-0.0012
1791179209.8752,0.0200,0.2414,0.0000,0.0000,0.0000,0.0000,0.0000,0.0000,0.1273,0.1258,0.5077,0.5062,0.0000,0.0000,0.0000,-0.0012
1791179209.8951,0.0200,0.2904,0.0000,0.0000,0.0000,0.0000,0.0000,0.0000,0.1273,0.1258,0.5077,0.5077,0.0000,0.0000,0.0000,-0.0012
1791179209.9152,0.0200,0.2076,0.0000,0.0000,0.0000,0.0000,0.0000,0.0000,0.1273,0.1258,0.5077,0.5077,0.0000,0.0000,0.0000,-0.0012
1791179209.9351,0.0199,0.1923,0.0000,0.0000,0.0000,0.0000,0.0000,0.0000,0.1273,0.1258,0.5077,0.5077,0.0000,0.0000,0.0000,-0.0012
1791179209.9551,0.0200,0.2902,0.0000,0.0000,0.0000,0.0000,0.0000,0.0000,0.1273,0.1258,0.5077,0.5077,0.0000,0.0000,0.0000,-0.0012
1791179209.9751,0.0200,0.2112,0.0000,0.0000,0.0000,0.0000,0.0000,0.0000,0.1273,0.1258,0.5077,0.5077,0.0000,0.0000,0.0000,-0.0012
1791179209.9951,0.0200,0.2394,0.0000,0.0000,0.0000,0.0000,0.0000,0.0000,0.1273,0.1273,0.5077,0.5077,0.0000,0.0000,0.0000,-0.0012
1791179210.0152,0.0200,0.2224,0.0000,0.0000,0.0000,0.0000,0.0000,0.0000,0.1273,0.1273,0.5077,0.5077,0.0000,0.0000,0.0000,-0.0012
1791179210.0352,0.0200,0.2661,0.0000,0.0000,0.0000,0.0000,0.0000,0.0000,0.1273,0.1258,0.5077,0.5077,0.0000,0.0000,0.0000,-0.0012
1791179210.0551,0.0199,0.1983,0.0000,0.0000,0.0000,0.0000,0.0000,0.0000,0.1273,0.1273,0.5077,0.5077,0.0000,0.0000,0.0000,-0.0012
1791179210.0752,0.0200,0.2420,0.0000,0.0000,0.0000,0.0000,0.0000,0.0000,0.1273,0.1258,0.5077,0.5077,0.0000,0.0000,0.0000,-0.0012
1791179210.0952,0.0200,0.2397,0.0000,0.0000,0.0000,0.0000,0.0000,0.0000,0.1273,0.1273,0.5077,0.5077,0.0000,0.0000,0.0000,-0.0012
1791179210.1152,0.0200,0.3318,0.0000,0.0000,0.0000,0.0000,0.0000,0.0000,0.1273,0.1258,0.5077,0.5077,0.0000,0.0000,0.0000,-0.0012
1791179210.1352,0.0200,0.2826,0.0000,0.0000,0.0000,0.0000,0.0000,0.0000,0.1273,0.1273,0.5077,0.5077,0.0000,0.0000,0.0000,-0.0012
1791179210.1552,0.0200,0.2425,0.0000,0.0000,0.0000,0.0000,0.0000,0.0000,0.1273,0.1258,0.5077,0.5077,0.0000,0.0000,0.0000,-0.0012
1791179210.1752,0.0200,0.2355,0.0000,0.0000,0.0000,0.0000,0.0000,0.0000,0.1273,0.1273,0.5077,0.5077,0.0000,0.0000,0.0000,-0.0012
1791179210.1952,0.0200,0.3138,0.0000,0.0000,0.0000,0.0000,0.0000,0.0000,0.1273,0.1258,0.5077,0.5077,0.0000,0.0000,0.0000,-0.0012
1791179210.2152,0.0200,0.2342,0.0000,0.0000,0.0000,0.0000,0.0000,0.0000,0.1273,0.1258,0.5077,0.5077,0.0000,0.0000,0.0000,-0.0012
1791179210.2352,0.0200,0.2399,0.0000,0.0000,0.0000,0.0000,0.0000,0.0000,0.1273,0.1258,0.5077,0.5077,0.0000,0.0000,0.0000,-0.0012
1791179210.2552,0.0200,0.3196,0.0000,0.0000,0.0000,0.0000,0.0000,0.0000,0.1273,0.1273,0.5077,0.5077,0.0000,0.0000,0.0000,-0.0012
1791179210.2752,0.0200,0.2426,0.0000,0.0000,0.0000,0.0000,0.0000,0.0000,0.1273,0.1258,0.5077,0.5062,0.0000,0.0000,0.0000,-0.0012
1791179210.2952,0.0200,0.3174,0.0000,0.0000,0.0000,0.0000,0.0000,0.0000,0.1273,0.1258,0.5077,0.5077,0.0000,0.0000,0.0000,-0.0012
1791179210.3151,0.0200,0.2399,0.0000,0.0000,0.0000,0.0000,0.0000,0.0000,0.1273,0.1258,0.5077,0.5077,0.0000,0.0000,0.0000,-0.0012
1791179210.3351,0.0200,0.2239,0.0000,0.0000,0.0000,0.0000,0.0000,0.0000,0.1273,0.1258,0.5077,0.5062,0.0000,0.0000,0.0000,-0.0012
1791179210.3551,0.0200,0.2488,0.0000,0.0000,0.0000,0.0000,0.0000,0.0000,0.1273,0.1273,0.5077,0.5062,0.0000,0.0000,0.0000,-0.0012
1791179210.3751,0.0200,0.2445,0.0000,0.0000,0.0000,0.0000,0.0000,0.0000,0.1273,0.1258,0.5077,0.5077,0.0000,0.0000,0.0000,-0.0012
1791179210.3951,0.0200,0.1845,0.0000,0.0000,0.0000,0.0000,0.0000,0.0000,0.1273,0.1273,0.5077,0.5077,0.0000,0.0000,0.0000,-0.0012
1791179210.4151,0.0200,0.2424,0.0000,0.0000,0.0000,0.0000,0.0000,0.0000,0.1273,0.1258,0.5077,0.5077,0.0000,0.0000,0.0000,-0.0012
1791179210.4351,0.0200,0.1618,0.0000,0.0000,0.0000,0.0000,0.0000,0.0000,0.1273,0.1258,0.5077,0.5077,0.0000,0.0000,0.0000,-0.0012
1791179210.4551,0.0200,0.2481,0.0000,0.0000,0.0000,0.0000,0.0000,0.0000,0.1273,0.1273,0.5077,0.5077,0.0000,0.0000,0.0000,-0.0012
1791179210.4751,0.0200,0.1630,0.0000,0.0000,0.0000,0.0000,0.0000,0.0000,0.1273,0.1273,0.5077,0.5077,0.0000,0.0000,0.0000,-0.0012
1791179210.4952,0.0200,0.2396,0.0000,0.0000,0.0000,0.0000,0.0000,0.0000,0.1273,0.1258,0.5077,0.5077,0.0000,0.0000,0.0000,-0.0012
1791179210.5152,0.0200,0.2477,0.0000,0.0000,0.0000,0.0000,0.0000,0.0000,0.1273,0.1258,0.5077,0.5077,0.0000,0.0000,0.0000,-0.0012
1791179210.5352,0.0200,0.2074,0.0000,0.0000,0.0000,0.0000,0.0000,0.0000,0.1273,0.1273,0.5077,0.5077,0.0000,0.0000,0.0000,-0.0012
1791179210.5552,0.0200,0.3175,0.0000,0.0000,0.0000,0.0000,0.0000,0.0000,0.1273,0.1273,0.5077,0.5062,0.0000,0.0000,0.0000,-0.0012
1791179210.5752,0.0200,0.2842,0.0000,0.0000,0.0000,0.0000,0.0000,0.0000,0.1273,0.1258,0.5077,0.5077,0.0000,0.0000,0.0000,-0.0012
1791179210.5952,0.0200,0.2435,0.0000,0.0000,0.0000,0.0000,0.0000,0.0000,0.1273,0.1258,0.5077,0.5077,0.0000,0.0000,0.0000,-0.0012
1791179210.6151,0.0200,0.1929,0.0000,0.0000,0.0000,0.0000,0.0000,0.0000,0.1273,0.1258,0.5077,0.5077,0.0000,0.0000,0.0000,-0.0012
1791179210.6351,0.0200,0.2607,0.0000,0.0000,0.0000,0.0000,0.0000,0.0000,0.1273,0.1258,0.5077,0.5077,0.0000,0.0000,0.0000,-0.0012
1791179210.6551,0.0200,0.1643,0.0000,0.0000,0.0000,0.0000,0.0000,0.0000,0.1273,0.1273,0.5077,0.5062,0.0000,0.0000,0.0000,-0.0012
1791179210.6751,0.0200,0.3224,0.0000,0.0000,0.0000,0.0000,0.0000,0.0000,0.1273,0.1273,0.5077,0.5077,0.0000,0.0000,0.0000,-0.0012
1791179210.6952,0.0200,0.2054,0.0000,0.0000,0.0000,0.0000,0.0000,0.0000,0.1273,0.1258,0.5077,0.5077,0.0000,0.0000,0.0000,-0.0012
1791179210.7152,0.0200,0.2416,0.0000,0.0000,0.0000,0.0000,0.0000,0.0000,0.1273,0.1273,0.5077,0.5077,0.0000,0.0000,0.0000,-0.0012
1791179210.7352,0.0200,0.2330,0.0000,0.0000,0.0000,0.0000,0.0000,0.0000,0.1273,0.1273,0.5077,0.5077,0.0000,0.0000,0.0000,-0.0012
1791179210.7552,0.0200,0.1672,0.0000,0.0000,0.0000,0.0000,0.0000,0.0000,0.1273,0.1258,0.5077,0.5077,0.0000,0.0000,0.0000,-0.0012
1791179210.7752,0.0200,0.2435,0.0000,0.0000,0.0000,0.0000,0.0000,0.0000,0.1273,0.1258,0.5077,0.5077,0.0000,0.0000,0.0000,-0.0012
1791179210.7952,0.0200,0.2367,0.0000,0.0000,0.0000,0.0000,0.0000,0.0000,0.1273,0.1273,0.5077,0.5077,0.0000,0.0000,0.0000,-0.0012
1791179210.8152,0.0200,0.2257,0.0000,0.0000,0.0000,0.0000,0.0000,0.0000,0.1273,0.1273,0.5077,0.5077,0.0000,0.0000,0.0000,-0.0011
1791179210.8352,0.0200,0.2648,0.0000,0.0000,0.0000,0.0000,0.0000,0.0000,0.1273,0.1258,0.5077,0.5077,0.0000,0.0000,0.0000,-0.0012
1791179210.8552,0.0200,0.2376,0.0000,0.0000,0.0000,0.0000,0.0000,0.0000,0.1273,0.1273,0.5077,0.5077,0.0000,0.0000,0.0000,-0.0012
1791179210.8751,0.0200,0.1722,0.0000,0.0000,0.0000,0.0000,0.0000,0.0000,0.1273,0.1273,0.5077,0.5077,0.0000,0.0000,0.0000,-0.0012
1791179210.8952,0.0200,0.2400,0.0000,0.0000,0.0000,0.0000,0.0000,0.0000,0.1273,0.1273,0.5077,0.5077,0.0000,0.0000,0.0000,-0.0012
1791179210.9152,0.0200,0.2349,0.0000,0.0000,0.0000,0.0000,0.0000,0.0000,0.1273,0.1258,0.5077,0.5077,0.0000,0.0000,0.0000,-0.0012
1791179210.9352,0.0200,0.2452,0.0000,0.0000,0.0000,0.0000,0.0000,0.0000,0.1273,0.1258,0.5077,0.5077,0.0000,0.0000,0.0000,-0.0012
1791179210.9552,0.0200,0.2264,0.0000,0.0000,0.0000,0.0000,0.0000,0.0000,0.1273,0.1258,0.5077,0.5077,0.0000,0.0000,0.0000,-0.0012
1791179210.9752,0.0200,0.1959,0.0000,0.0000,0.0000,0.0000,0.0000,0.0000,0.1273,0.1258,0.5077,0.5077,0.0000,0.0000,0.0000,-0.0012
1791179210.9952,0.0200,0.2361,0.0000,0.0000,0.0000,0.0000,0.0000,0.0000,0.1273,0.1258,0.5077,0.5077,0.0000,0.0000,0.0000,-0.0012
1791179211.0152,0.0200,0.2273,0.0000,0.0000,0.0000,0.0000,0.0000,0.0000,0.1273,0.1258,0.5077,0.5077,0.0000,0.0000,0.0000,-0.0012
1791179211.0352,0.0200,0.2279,0.0000,0.0000,0.0000,0.0000,0.0000,0.0000,0.1273,0.1273,0.5077,0.5077,0.0000,0.0000,0.0000,-0.0012
1791179211.0552,0.0200,0.2369,0.0000,0.0000,0.0000,0.0000,0.0000,0.0000,0.1273,0.1258,0.5077,0.5062,0.0000,0.0000,0.0000,-0.0012
1791179211.0752,0.0200,0.2357,0.0000,0.0000,0.0000,0.0000,0.0000,0.0000,0.1273,0.1258,0.5077,0.5077,0.0000,0.0000,0.0000,-0.0012
1791179211.0952,0.0200,0.2347,0.0000,0.0000,0.0000,0.0000,0.0000,0.0000,0.1273,0.1258,0.5077,0.5077,0.0000,0.0000,0.0000,-0.0012
1791179211.1152,0.0200,0.2326,0.0000,0.0000,0.0000,0.0000,0.0000,0.0000,0.1273,0.1258,0.5077,0.5077,0.0000,0.0000,0.0000,-0.0012
1791179211.1352,0.0200,0.2412,0.0000,0.0000,0.0000,0.0000,0.0000,0.0000,0.1273,0.1258,0.5077,0.5077,0.0000,0.0000,0.0000,-0.0012
1791179211.1552,0.0200,0.3196,0.0000,0.0000,0.0000,0.0000,0.0000,0.0000,0.1273,0.1258,0.5077,0.5077,0.0000,0.0000,0.0000,-0.0012
1791179211.1752,0.0200,0.2959,0.0000,0.0000,0.0000,0.0000,0.0000,0.0000,0.1273,0.1258,0.5077,0.5077,0.0000,0.0000,0.0000,-0.0012
1791179211.1952,0.0200,0.2421,0.0000,0.0000,0.0000,0.0000,0.0000,0.0000,0.1273,0.1258,0.5077,0.5077,0.0000,0.0000,0.0000,-0.0012
1791179211.2152,0.0200,0.2272,0.0000,0.0000,0.0000,0.0000,0.0000,0.0000,0.1273,0.1273,0.5077,0.5077,0.0000,0.0000,0.0000,-0.0012
1791179211.2352,0.0200,0.2388,0.0000,0.0000,0.0000,0.0000,0.0000,0.0000,0.1273,0.1258,0.5077,0.5077,0.0000,0.0000,0.0000,-0.0012
1791179211.2552,0.0200,0.2393,0.0000,0.0000,0.0000,0.0000,0.0000,0.0000,0.1273,0.1258,0.5077,0.5077,0.0000,0.0000,0.0000,-0.0012
1791179211.2752,0.0200,0.2808,0.0000,0.0000,0.0000,0.0000,0.0000,0.0000,0.1273,0.1258,0.5077,0.5077,0.0000,0.0000,0.0000,-0.0012
1791179211.2951,0.0199,0.1786,0.0000,0.0000,0.0000,0.0000,0.0000,0.0000,0.1273,0.1258,0.5077,0.5077,0.0000,0.0000,0.0000,-0.0012
1791179211.3151,0.0200,0.1901,0.0000,0.0000,0.0000,0.0000,0.0000,0.0000,0.1273,0.1273,0.5077,0.5077,0.0000,0.0000,0.0000,-0.0012
1791179211.3351,0.0200,0.2119,0.0000,0.0000,0.0000,0.0000,0.0000,0.0000,0.1273,0.1258,0.5077,0.5077,0.0000,0.0000,0.0000,-0.0012
1791179211.3551,0.0200,0.1792,0.0000,0.0000,0.0000,0.0000,0.0000,0.0000,0.1273,0.1258,0.5077,0.5062,0.0000,0.0000,0.0000,-0.0012
1791179211.3752,0.0200,0.2407,0.0000,0.0000,0.0000,0.0000,0.0000,0.0000,0.1273,0.1258,0.5077,0.5077,0.0000,0.0000,0.0000,-0.0012
1791179211.3951,0.0200,0.2141,0.0000,0.0000,0.0000,0.0000,0.0000,0.0000,0.1273,0.1258,0.5077,0.5077,0.0000,0.0000,0.0000,-0.0012
1791179211.4151,0.0200,0.2116,0.0000,0.0000,0.0000,0.0000,0.0000,0.0000,0.1273,0.1258,0.5077,0.5077,0.0000,0.0000,0.0000,-0.0012
1791179211.4351,0.0200,0.2061,0.0000,0.0000,0.0000,0.0000,0.0000,0.0000,0.1273,0.1273,0.5077,0.5077,0.0000,0.0000,0.0000,-0.0012
1791179211.4551,0.0200,0.2109,0.0000,0.0000,0.0000,0.0000,0.0000,0.0000,0.1273,0.1258,0.5077,0.5077,0.0000,0.0000,0.0000,-0.0012
1791179211.4751,0.0200,0.2473,0.0000,0.0000,0.0000,0.0000,0.0000,0.0000,0.1273,0.1258,0.5077,0.5077,0.0000,0.0000,0.0000,-0.0012
1791179211.4952,0.0200,0.2643,0.0000,0.0000,0.0000,0.0000,0.0000,0.0000,0.1273,0.1273,0.5077,0.5077,0.0000,0.0000,0.0000,-0.0012
1791179211.5152,0.0200,0.2442,0.0000,0.0000,0.0000,0.0000,0.0000,0.0000,0.1273,0.1258,0.5077,0.5077,0.0000,0.0000,0.0000,-0.0012
1791179211.5352,0.0200,0.2859,0.0000,0.0000,0.0000,0.0000,0.0000,0.0000,0.1273,0.1258,0.5077,0.5077,0.0000,0.0000,0.0000,-0.0012
1791179211.5552,0.0200,0.2726,0.0000,0.0000,0.0000,0.0000,0.0000,0.0000,0.1273,0.1258,0.5077,0.5077,0.0000,0.0000,0.0000,-0.0012
1791179211.5752,0.0200,0.2097,0.0000,0.0000,0.0000,0.0000,0.0000,0.0000,0.1273,0.1258,0.5077,0.5077,0.0000,0.0000,0.0000,-0.0012
1791179211.5951,0.0200,0.2525,0.0000,0.0000,0.0000,0.0000,0.0000,0.0000,0.1273,0.1258,0.5077,0.5077,0.0000,0.0000,0.0000,-0.0012
1791179211.6151,0.0200,0.1689,0.0000,0.0000,0.0000,0.0000,0.0000,0.0000,0.1273,0.1258,0.5077,0.5062,0.0000,0.0000,0.0000,-0.0012
1791179211.6352,0.0200,0.2418,0.0000,0.0000,0.0000,0.0000,0.0000,0.0000,0.1273,0.1273,0.5077,0.5077,0.0000,0.0000,0.0000,-0.0012
1791179211.6552,0.0200,0.2102,0.0000,0.0000,0.0000,0.0000,0.0000,0.0000,0.1273,0.1258,0.5077,0.5077,0.0000,0.0000,0.0000,-0.0012
1791179211.6752,0.0200,0.3292,0.0000,0.0000,0.0000,0.0000,0.0000,0.0000,0.1273,0.1273,0.5077,0.5077,0.0000,0.0000,0.0000,-0.0012
1791179211.6952,0.0200,0.2409,0.0000,0.0000,0.0000,0.0000,0.0000,0.0000,0.1273,0.1273,0.5077,0.5077,0.0000,0.0000,0.0000,-0.0011
1791179211.7152,0.0200,0.1675,0.0000,0.0000,0.0000,0.0000,0.0000,0.0000,0.1273,0.1258,0.5077,0.5077,0.0000,0.0000,0.0000,-0.0012
1791179211.7351,0.0200,0.2924,0.0000,0.0000,0.0000,0.0000,0.0000,0.0000,0.1273,0.1258,0.5077,0.5077,0.0000,0.0000,0.0000,-0.0012
1791179211.7552,0.0200,0.2143,0.0000,0.0000,0.0000,0.0000,0.0000,0.0000,0.1273,0.1258,0.5077,0.5077,0.0000,0.0000,0.0000,-0.0012
1791179211.7752,0.0200,0.2297,0.0000,0.0000,0.0000,0.0000,0.0000,0.0000,0.1273,0.1258,0.5077,0.5077,0.0000,0.0000,0.0000,-0.0012
1791179211.7952,0.0200,0.1932,0.0000,0.0000,0.0000,0.0000,0.0000,0.0000,0.1273,0.1273,0.5077,0.5077,0.0000,0.0000,0.0000,-0.0012
1791179211.8151,0.0200,0.1884,0.0000,0.0000,0.0000,0.0000,0.0000,0.0000,0.1273,0.1273,0.5077,0.5077,0.0000,0.0000,0.0000,-0.0012
1791179211.8352,0.0200,0.2356,0.0000,0.0000,0.0000,0.0000,0.0000,0.0000,0.1273,0.1258,0.5077,0.5077,0.0000,0.0000,0.0000,-0.0012
1791179211.8551,0.0200,0.1859,0.0000,0.0000,0.0000,0.0000,0.0000,0.0000,0.1273,0.1258,0.5077,0.5077,0.0000,0.0000,0.0000,-0.0012
1791179211.8751,0.0200,0.2160,0.0000,0.0000,0.0000,0.0000,0.0000,0.0000,0.1273,0.1258,0.5077,0.5077,0.0000,0.0000,0.0000,-0.0012
1791179211.8952,0.0200,0.2333,0.0000,0.0000,0.0000,0.0000,0.0000,0.0000,0.1273,0.1258,0.5077,0.5062,0.0000,0.0000,0.0000,-0.0012
1791179211.9151,0.0200,0.2350,0.0000,0.0000,0.0000,0.0000,0.0000,0.0000,0.1273,0.1258,0.5077,0.5077,0.0000,0.0000,0.0000,-0.0012
1791179211.9352,0.0200,0.2340,0.0000,0.0000,0.0000,0.0000,0.0000,0.0000,0.1273,0.1273,0.5077,0.5077,0.0000,0.0000,0.0000,-0.0012
1791179211.9552,0.0200,0.3181,0.0000,0.0000,0.0000,0.0000,0.0000,0.0000,0.1273,0.1273,0.5077,0.5077,0.0000,0.0000,0.0000,-0.0012
1791179211.9752,0.0200,0.2092,0.0000,0.0000,0.0000,0.0000,0.0000,0.0000,0.1273,0.1258,0.5077,0.5077,0.0000,0.0000,0.0000,-0.0012
1791179211.9952,0.0200,0.2279,0.0000,0.0000,0.0000,0.0000,0.0000,0.0000,0.1273,0.1258,0.5077,0.5077,0.0000,0.0000,0.0000,-0.0012
1791179212.0152,0.0200,0.1979,0.0000,0.0000,0.0000,0.0000,0.0000,0.0000,0.1273,0.1273,0.5077,0.5077,0.0000,0.0000,0.0000,-0.0012
1791179212.0351,0.0200,0.2129,0.0000,0.0000,0.0000,0.0000,0.0000,0.0000,0.1273,0.1258,0.5077,0.5077,0.0000,0.0000,0.0000,-0.0012
1791179212.0552,0.0200,0.2398,0.0000,0.0000,0.0000,0.0000,0.0000,0.0000,0.1273,0.1258,0.5077,0.5077,0.0000,0.0000,0.0000,-0.0012
1791179212.0752,0.0200,0.3218,0.0000,0.0000,0.0000,0.0000,0.0000,0.0000,0.1273,0.1273,0.5077,0.5077,0.0000,0.0000,0.0000,-0.0012
1791179212.0952,0.0200,0.2086,0.0000,0.0000,0.0000,0.0000,0.0000,0.0000,0.1273,0.1273,0.5077,0.5077,0.0000,0.0000,0.0000,-0.0012
1791179212.1152,0.0200,0.2370,0.0000,0.0000,0.0000,0.0000,0.0000,0.0000,0.1273,0.1273,0.5077,0.5077,0.0000,0.0000,0.0000,-0.0012
1791179212.1352,0.0200,0.2306,0.0000,0.0000,0.0000,0.0000,0.0000,0.0000,0.1273,0.1258,0.5077,0.5077,0.0000,0.0000,0.0000,-0.0012
1791179212.1552,0.0200,0.2465,0.0000,0.0000,0.0000,0.0000,0.0000,0.0000,0.1273,0.1258,0.5077,0.5077,0.0000,0.0000,0.0000,-0.0012
1791179212.1752,0.0200,0.2516,0.0000,0.0000,0.0000,0.0000,0.0000,0.0000,0.1273,0.1258,0.5077,0.5077,0.0000,0.0000,0.0000,-0.0012
1791179212.1952,0.0200,0.2365,0.0000,0.0000,0.0000,0.0000,0.0000,0.0000,0.1273,0.1258,0.5077,0.5077,0.0000,0.0000,0.0000,-0.0012
1791179212.2152,0.0200,0.2358,0.0000,0.0000,0.0000,0.0000,0.0000,0.0000,0.1273,0.1258,0.5077,0.5077,0.0000,0.0000,0.0000,-0.0012
1791179212.2352,0.0200,0.2340,0.0000,0.0000,0.0000,0.0000,0.0000,0.0000,0.1273,0.1273,0.5077,0.5077,0.0000,0.0000,0.0000,-0.0012
1791179212.2552,0.0200,0.2368,0.0000,0.0000,0.0000,0.0000,0.0000,0.0000,0.1273,0.1273,0.5077,0.5077,0.0000,0.0000,0.0000,-0.0012
1791179212.2752,0.0200,0.2764,0.0000,0.0000,0.0000,0.0000,0.0000,0.0000,0.1273,0.1258,0.5077,0.5077,0.0000,0.0000,0.0000,-0.0012
1791179212.2952,0.0200,0.2581,0.0000,0.0000,0.0000,0.0000,0.0000,0.0000,0.1273,0.1273,0.5077,0.5077,0.0000,0.0000,0.0000,-0.0012
1791179212.3151,0.0200,0.1869,0.0000,0.0000,0.0000,0.0000,0.0000,0.0000,0.1273,0.1258,0.5077,0.5077,0.0000,0.0000,0.0000,-0.0012
1791179212.3352,0.0200,0.2494,0.0000,0.0000,0.0000,0.0000,0.0000,0.0000,0.1273,0.1258,0.5077,0.5077,0.0000,0.0000,0.0000,-0.0012
1791179212.3551,0.0200,0.1849,0.0000,0.0000,0.0000,0.0000,0.0000,0.0000,0.1273,0.1258,0.5077,0.5077,0.0000,0.0000,0.0000,-0.0012
1791179212.3751,0.0200,0.2268,0.0000,0.0000,0.0000,0.0000,0.0000,0.0000,0.1273,0.1258,0.5077,0.5077,0.0000,0.0000,0.0000,-0.0012
1791179212.3951,0.0200,0.2392,0.0000,0.0000,0.0000,0.0000,0.0000,0.0000,0.1273,0.1258,0.5077,0.5077,0.0000,0.0000,0.0000,-0.0012
1791179212.4151,0.0200,0.2111,0.0000,0.0000,0.0000,0.0000,0.0000,0.0000,0.1273,0.1258,0.5077,0.5077,0.0000,0.0000,0.0000,-0.0012
1791179212.4351,0.0200,0.2084,0.0000,0.0000,0.0000,0.0000,0.0000,0.0000,0.1273,0.1273,0.5077,0.5077,0.0000,0.0000,0.0000,-0.0012
1791179212.4551,0.0200,0.2376,0.0000,0.0000,0.0000,0.0000,0.0000,0.0000,0.1273,0.1273,0.5077,0.5077,0.0000,0.0000,0.0000,-0.0012
1791179212.4752,0.0200,0.2264,0.0000,0.0000,0.0000,0.0000,0.0000,0.0000,0.1273,0.1258,0.5077,0.5077,0.0000,0.0000,0.0000,-0.0012
1791179212.4952,0.0200,0.2298,0.0000,0.0000,0.0000,0.0000,0.0000,0.0000,0.1273,0.1273,0.5077,0.5077,0.0000,0.0000,0.0000,-0.0012
1791179212.5152,0.0200,0.2246,0.0000,0.0000,0.0000,0.0000,0.0000,0.0000,0.1273,0.1258,0.5077,0.5077,0.0000,0.0000,0.0000,-0.0012
1791179212.5352,0.0200,0.2213,0.0000,0.0000,0.0000,0.0000,0.0000,0.0000,0.1273,0.1258,0.5077,0.5077,0.0000,0.0000,0.0000,-0.0012
1791179212.5552,0.0200,0.2446,0.0000,0.0000,0.0000,0.0000,0.0000,0.0000,0.1273,0.1258,0.5077,0.5062,0.0000,0.0000,0.0000,-0.0012
1791179212.5752,0.0200,0.2429,0.0000,0.0000,0.0000,0.0000,0.0000,0.0000,0.1273,0.1273,0.5077,0.5077,0.0000,0.0000,0.0000,-0.0012
1791179212.5952,0.0200,0.2477,0.0000,0.0000,0.0000,0.0000,0.0000,0.0000,0.1273,0.1273,0.5077,0.5077,0.0000,0.0000,0.0000,-0.0012
1791179212.6151,0.0200,0.1889,0.0000,0.0000,0.0000,0.0000,0.0000,0.0000,0.1273,0.1258,0.5077,0.5077,0.0000,0.0000,0.0000,-0.0012
1791179212.6352,0.0200,0.2496,0.0000,0.0000,0.0000,0.0000,0.0000,0.0000,0.1273,0.1258,0.5077,0.5077,0.0000,0.0000,0.0000,-0.0012
1791179212.6552,0.0200,0.2126,0.0000,0.0000,0.0000,0.0000,0.0000,0.0000,0.1273,0.1273,0.5077,0.5077,0.0000,0.0000,0.0000,-0.0012
1791179212.6752,0.0200,0.3207,0.0000,0.0000,0.0000,0.0000,0.0000,0.0000,0.1273,0.1258,0.5077,0.5077,0.0000,0.0000,0.0000,-0.0012
1791179212.6952,0.0200,0.2465,0.0000,0.0000,0.0000,0.0000,0.0000,0.0000,0.1273,0.1258,0.5077,0.5062,0.0000,0.0000,0.0000,-0.0012
1791179212.7152,0.0200,0.1653,0.0000,0.0000,0.0000,0.0000,0.0000,0.0000,0.1273,0.1258,0.5077,0.5077,0.0000,0.0000,0.0000,-0.0012
1791179212.7352,0.0200,0.2539,0.0000,0.0000,0.0000,0.0000,0.0000,0.0000,0.1273,0.1258,0.5077,0.5077,0.0000,0.0000,0.0000,-0.0012
1791179212.7551,0.0200,0.2173,0.0000,0.0000,0.0000,0.0000,0.0000,0.0000,0.1273,0.1258,0.5077,0.5077,0.0000,0.0000,0.0000,-0.0012
1791179212.7752,0.0200,0.2372,0.0000,0.0000,0.0000,0.0000,0.0000,0.0000,0.1273,0.1273,0.5077,0.5077,0.0000,0.0000,0.0000,-0.0012
1791179212.7952,0.0200,0.1765,0.0000,0.0000,0.0000,0.0000,0.0000,0.0000,0.1273,0.1258,0.5077,0.5077,0.0000,0.0000,0.0000,-0.0012
1791179212.8151,0.0200,0.1803,0.0000,0.0000,0.0000,0.0000,0.0000,0.0000,0.1273,0.1258,0.5077,0.5062,0.0000,0.0000,0.0000,-0.0012
1791179212.8351,0.0200,0.2287,0.0000,0.0000,0.0000,0.0000,0.0000,0.0000,0.1273,0.1258,0.5077,0.5077,0.0000,0.0000,0.0000,-0.0012
1791179212.8552,0.0200,0.3103,0.0000,0.0000,0.0000,0.0000,0.0000,0.0000,0.1273,0.1258,0.5077,0.5077,0.0000,0.0000,0.0000,-0.0012
1791179212.8751,0.0200,0.2325,0.0000,0.0000,0.0000,0.0000,0.0000,0.0000,0.1273,0.1273,0.5077,0.5077,0.0000,0.0000,0.0000,-0.0012
1791179212.8952,0.0200,0.2342,0.0000,0.0000,0.0000,0.0000,0.0000,0.0000,0.1273,0.1273,0.5077,0.5077,0.0000,0.0000,0.0000,-0.0012
1791179212.9152,0.0200,0.2051,0.0000,0.0000,0.0000,0.0000,0.0000,0.0000,0.1273,0.1273,0.5077,0.5077,0.0000,0.0000,0.0000,-0.0012
1791179212.9352,0.0200,0.2653,0.0000,0.0000,0.0000,0.0000,0.0000,0.0000,0.1273,0.1258,0.5077,0.5077,0.0000,0.0000,0.0000,-0.0012
1791179212.9552,0.0200,0.2093,0.0000,0.0000,0.0000,0.0000,0.0000,0.0000,0.1273,0.1273,0.5077,0.5077,0.0000,0.0000,0.0000,-0.0012
1791179212.9752,0.0200,0.2377,0.0000,0.0000,0.0000,0.0000,0.0000,0.0000,0.1273,0.1258,0.5077,0.5077,0.0000,0.0000,0.0000,-0.0012
1791179212.9952,0.0200,0.2374,0.0000,0.0000,0.0000,0.0000,0.0000,0.0000,0.1273,0.1258,0.5077,0.5077,0.0000,0.0000,0.0000,-0.0012
1791179213.0152,0.0200,0.2322,0.0000,0.0000,0.0000,0.0000,0.0000,0.0000,0.1273,0.1258,0.5077,0.5077,0.0000,0.0000,0.0000,-0.0012
1791179213.0352,0.0200,0.3346,0.0000,0.0000,0.0000,0.0000,0.0000,0.0000,0.1273,0.1258,0.5077,0.5077,0.0000,0.0000,0.0000,-0.0012
1791179213.0552,0.0200,0.2050,0.0000,0.0000,0.0000,0.0000,0.0000,0.0000,0.1273,0.1258,0.5077,0.5077,0.0000,0.0000,0.0000,-0.0012
1791179213.0751,0.0199,0.2141,0.0000,0.0000,0.0000,0.0000,0.0000,0.0000,0.1273,0.1273,0.5077,0.5077,0.0000,0.0000,0.0000,-0.0012
1791179213.0952,0.0201,0.2449,0.0000,0.0000,0.0000,0.0000,0.0000,0.0000,0.1273,0.1258,0.5077,0.5077,0.0000,0.0000,0.0000,-0.0012
1791179213.1152,0.0200,0.2576,0.0000,0.0000,0.0000,0.0000,0.0000,0.0000,0.1273,0.1258,0.5077,0.5077,0.0000,0.0000,0.0000,-0.0012
1791179213.1352,0.0200,0.2310,0.0000,0.0000,0.0000,0.0000,0.0000,0.0000,0.1273,0.1258,0.5077,0.5077,0.0000,0.0000,0.0000,-0.0012
1791179213.1552,0.0200,0.2394,0.0000,0.0000,0.0000,0.0000,0.0000,0.0000,0.1273,0.1258,0.5077,0.5077,0.0000,0.0000,0.0000,-0.0012
1791179213.1752,0.0200,0.2391,0.0000,0.0000,0.0000,0.0000,0.0000,0.0000,0.1273,0.1258,0.5077,0.5077,0.0000,0.0000,0.0000,-0.0012
1791179213.1952,0.0200,0.2409,0.0000,0.0000,0.0000,0.0000,0.0000,0.0000,0.1273,0.1273,0.5077,0.5077,0.0000,0.0000,0.0000,-0.0012
1791179213.2152,0.0200,0.3319,0.0000,0.0000,0.0000,0.0000,0.0000,0.0000,0.1273,0.1273,0.5077,0.5077,0.0000,0.0000,0.0000,-0.0012
1791179213.2353,0.0201,0.2188,0.0000,0.0000,0.0000,0.0000,0.0000,0.0000,0.1273,0.1258,0.5077,0.5077,0.0000,0.0000,0.0000,-0.0012
1791179213.2552,0.0199,0.2415,0.0000,0.0000,0.0000,0.0000,0.0000,0.0000,0.1273,0.1273,0.5077,0.5077,0.0000,0.0000,0.0000,-0.0012
1791179213.2752,0.0200,0.1849,0.0000,0.0000,0.0000,0.0000,0.0000,0.0000,0.1273,0.1258,0.5077,0.5077,0.0000,0.0000,0.0000,-0.0012
1791179213.2952,0.0200,0.2490,0.0000,0.0000,0.0000,0.0000,0.0000,0.0000,0.1273,0.1258,0.5077,0.5077,0.0000,0.0000,0.0000,-0.0012
1791179213.3152,0.0200,0.1681,0.0000,0.0000,0.0000,0.0000,0.0000,0.0000,0.1273,0.1258,0.5077,0.5077,0.0000,0.0000,0.0000,-0.0012
1791179213.3351,0.0200,0.1894,0.0000,0.0000,0.0000,0.0000,0.0000,0.0000,0.1273,0.1258,0.5077,0.5077,0.0000,0.0000,0.0000,-0.0012
1791179213.3551,0.0200,0.1940,0.0000,0.0000,0.0000,0.0000,0.0000,0.0000,0.1273,0.1258,0.5077,0.5077,0.0000,0.0000,0.0000,-0.0012
1791179213.3751,0.0200,0.1831,0.0000,0.0000,0.0000,0.0000,0.0000,0.0000,0.1273,0.1273,0.5077,0.5077,0.0000,0.0000,0.0000,-0.0012
1791179213.3951,0.0200,0.2410,0.0000,0.0000,0.0000,0.0000,0.0000,0.0000,0.1273,0.1258,0.5077,0.5077,0.0000,0.0000,0.0000,-0.0012
1791179213.4151,0.0200,0.2097,0.0000,0.0000,0.0000,0.0000,0.0000,0.0000,0.1273,0.1258,0.5077,0.5077,0.0000,0.0000,0.0000,-0.0012
1791179213.4351,0.0200,0.2105,0.0000,0.0000,0.0000,0.0000,0.0000,0.0000,0.1273,0.1258,0.5077,0.5077,0.0000,0.0000,0.0000,-0.0012
1791179213.4551,0.0200,0.2123,0.0000,0.0000,0.0000,0.0000,0.0000,0.0000,0.1273,0.1258,0.5077,0.5077,0.0000,0.0000,0.0000,-0.0012
1791179213.4752,0.0200,0.2292,0.0000,0.0000,0.0000,0.0000,0.0000,0.0000,0.1273,0.1273,0.5077,0.5077,0.0000,0.0000,0.0000,-0.0012
1791179213.4952,0.0200,0.2079,0.0000,0.0000,0.0000,0.0000,0.0000,0.0000,0.1273,0.1273,0.5077,0.5077,0.0000,0.0000,0.0000,-0.0012
1791179213.5152,0.0200,0.2028,0.0000,0.0000,0.0000,0.0000,0.0000,0.0000,0.1273,0.1258,0.5077,0.5077,0.0000,0.0000,0.0000,-0.0012
1791179213.5352,0.0200,0.2000,0.0000,0.0000,0.0000,0.0000,0.0000,0.0000,0.1273,0.1258,0.5077,0.5077,0.0000,0.0000,0.0000,-0.0012
1791179213.5552,0.0200,0.2333,0.0000,0.0000,0.0000,0.0000,0.0000,0.0000,0.1273,0.1258,0.5077,0.5077,0.0000,0.0000,0.0000,-0.0012
1791179213.5752,0.0200,0.2124,0.0000,0.0000,0.0000,0.0000,0.0000,0.0000,0.1273,0.1273,0.5077,0.5077,0.0000,0.0000,0.0000,-0.0012
1791179213.5951,0.0200,0.1792,0.0000,0.0000,0.0000,0.0000,0.0000,0.0000,0.1273,0.1258,0.5077,0.5077,0.0000,0.0000,0.0000,-0.0012
1791179213.6151,0.0200,0.1948,0.0000,0.0000,0.0000,0.0000,0.0000,0.0000,0.1273,0.1258,0.5077,0.5077,0.0000,0.0000,0.0000,-0.0012
1791179213.6352,0.0200,0.2345,0.0000,0.0000,0.0000,0.0000,0.0000,0.0000,0.1273,0.1258,0.5077,0.5077,0.0000,0.0000,0.0000,-0.0012
1791179213.6552,0.0200,0.2369,0.0000,0.0000,0.0000,0.0000,0.0000,0.0000,0.1273,0.1258,0.5077,0.5077,0.0000,0.0000,0.0000,-0.0012
1791179213.6752,0.0200,0.1658,0.0000,0.0000,0.0000,0.0000,0.0000,0.0000,0.1273,0.1258,0.5077,0.5077,0.0000,0.0000,0.0000,-0.0012
1791179213.6952,0.0200,0.2441,0.0000,0.0000,0.0000,0.0000,0.0000,0.0000,0.1273,0.1258,0.5077,0.5077,0.0000,0.0000,0.0000,-0.0012
1791179213.7152,0.0200,0.2609,0.0000,0.0000,0.0000,0.0000,0.0000,0.0000,0.1273,0.1258,0.5077,0.5077,0.0000,0.0000,0.0000,-0.0012
1791179213.7352,0.0200,0.2271,0.0000,0.0000,0.0000,0.0000,0.0000,0.0000,0.1273,0.1258,0.5077,0.5077,0.0000,0.0000,0.0000,-0.0014
1791179213.7552,0.0200,0.1694,0.0000,0.0000,0.0000,0.0000,0.0000,0.0000,0.1273,0.1258,0.5077,0.5077,0.0000,0.0000,0.0000,-0.0012
1791179213.7751,0.0200,0.2618,0.0000,0.0000,0.0000,0.0000,0.0000,0.0000,0.1273,0.1258,0.5077,0.5077,0.0000,0.0000,0.0000,-0.0012
1791179213.7952,0.0200,0.2194,0.0000,0.0000,0.0000,0.0000,0.0000,0.0000,0.1273,0.1258,0.5077,0.5077,0.0000,0.0000,0.0000,-0.0012
1791179213.8152,0.0200,0.2585,0.0000,0.0000,0.0000,0.0000,0.0000,0.0000,0.1273,0.1273,0.5077,0.5077,0.0000,0.0000,0.0000,-0.0012
1791179213.8352,0.0200,0.1804,0.0000,0.0000,0.0000,0.0000,0.0000,0.0000,0.1273,0.1258,0.5077,0.5077,0.0000,0.0000,0.0000,-0.0012
1791179213.8551,0.0200,0.2236,0.0000,0.0000,0.0000,0.0000,0.0000,0.0000,0.1273,0.1258,0.5077,0.5077,0.0000,0.0000,0.0000,-0.0012
1791179213.8752,0.0200,0.2310,0.0000,0.0000,0.0000,0.0000,0.0000,0.0000,0.1273,0.1258,0.5077,0.5077,0.0000,0.0000,0.0000,-0.0012
1791179213.8952,0.0200,0.2010,0.0000,0.0000,0.0000,0.0000,0.0000,0.0000,0.1273,0.1258,0.5077,0.5077,0.0000,0.0000,0.0000,-0.0012
1791179213.9152,0.0200,0.2211,0.0000,0.0000,0.0000,0.0000,0.0000,0.0000,0.1273,0.1258,0.5077,0.5077,0.0000,0.0000,0.0000,-0.0012
1791179213.9352,0.0200,0.2334,0.0000,0.0000,0.0000,0.0000,0.0000,0.0000,0.1273,0.1273,0.5077,0.5077,0.0000,0.0000,0.0000,-0.0012
1791179213.9552,0.0200,0.2258,0.0000,0.0000,0.0000,0.0000,0.0000,0.0000,0.1273,0.1258,0.5077,0.5077,0.0000,0.0000,0.0000,-0.0012
1791179213.9752,0.0200,0.2008,0.0000,0.0000,0.0000,0.0000,0.0000,0.0000,0.1273,0.1258,0.5077,0.5077,0.0000,0.0000,0.0000,-0.0012
1791179213.9951,0.0200,0.2131,0.0000,0.0000,0.0000,0.0000,0.0000,0.0000,0.1273,0.1258,0.5077,0.5077,0.0000,0.0000,0.0000,-0.0012
1791179214.0152,0.0200,0.2272,0.0000,0.0000,0.0000,0.0000,0.0000,0.0000,0.1273,0.1273,0.5077,0.5077,0.0000,0.0000,0.0000,-0.0012
1791179214.0352,0.0200,0.2670,0.0000,0.0000,0.0000,0.0000,0.0000,0.0000,0.1273,0.1258,0.5077,0.5077,0.0000,0.0000,0.0000,-0.0012
1791179214.0552,0.0200,0.2405,0.0000,0.0000,0.0000,0.0000,0.0000,0.0000,0.1273,0.1273,0.5077,0.5077,0.0000,0.0000,0.0000,-0.0012
1791179214.0752,0.0200,0.3253,0.0000,0.0000,0.0000,0.0000,0.0000,0.0000,0.1273,0.1273,0.5077,0.5077,0.0000,0.0000,0.0000,-0.0012
1791179214.0952,0.0200,0.2100,0.0000,0.0000,0.0000,0.0000,0.0000,0.0000,0.1273,0.1258,0.5077,0.5077,0.0000,0.0000,0.0000,-0.0012
1791179214.1152,0.0200,0.2339,0.0000,0.0000,0.0000,0.0000,0.0000,0.0000,0.1273,0.1258,0.5077,0.5077,0.0000,0.0000,0.0000,-0.0012
1791179214.1352,0.0200,0.2300,0.0000,0.0000,0.0000,0.0000,0.0000,0.0000,0.1273,0.1258,0.5077,0.5077,0.0000,0.0000,0.0000,-0.0012
1791179214.1552,0.0200,0.2309,0.0000,0.0000,0.0000,0.0000,0.0000,0.0000,0.1273,0.1258,0.5077,0.5077,0.0000,0.0000,0.0000,-0.0012
1791179214.1752,0.0200,0.2238,0.0000,0.0000,0.0000,0.0000,0.0000,0.0000,0.1273,0.1258,0.5077,0.5062,0.0000,0.0000,0.0000,-0.0012
1791179214.1952,0.0200,0.2282,0.0000,0.0000,0.0000,0.0000,0.0000,0.0000,0.1273,0.1258,0.5077,0.5077,0.0000,0.0000,0.0000,-0.0012
1791179214.2152,0.0200,0.2225,0.0000,0.0000,0.0000,0.0000,0.0000,0.0000,0.1273,0.1273,0.5077,0.5077,0.0000,0.0000,0.0000,-0.0012
1791179214.2352,0.0200,0.3254,0.0000,0.0000,0.0000,0.0000,0.0000,0.0000,0.1273,0.1258,0.5077,0.5077,0.0000,0.0000,0.0000,-0.0012
1791179214.2551,0.0200,0.2174,0.0000,0.0000,0.0000,0.0000,0.0000,0.0000,0.1273,0.1273,0.5077,0.5062,0.0000,0.0000,0.0000,-0.0012
1791179214.2751,0.0200,0.1851,0.0000,0.0000,0.0000,0.0000,0.0000,0.0000,0.1273,0.1258,0.5077,0.5077,0.0000,0.0000,0.0000,-0.0012
1791179214.2951,0.0200,0.2233,0.0000,0.0000,0.0000,0.0000,0.0000,0.0000,0.1273,0.1258,0.5077,0.5077,0.0000,0.0000,0.0000,-0.0012
1791179214.3151,0.0200,0.1878,0.0000,0.0000,0.0000,0.0000,0.0000,0.0000,0.1273,0.1258,0.5077,0.5077,0.0000,0.0000,0.0000,-0.0012
1791179214.3351,0.0200,0.2411,0.0000,0.0000,0.0000,0.0000,0.0000,0.0000,0.1273,0.1273,0.5077,0.5077,0.0000,0.0000,0.0000,-0.0012
1791179214.3552,0.0200,0.2387,0.0000,0.0000,0.0000,0.0000,0.0000,0.0000,0.1273,0.1258,0.5077,0.5077,0.0000,0.0000,0.0000,-0.0012
1791179214.3751,0.0200,0.2128,0.0000,0.0000,0.0000,0.0000,0.0000,0.0000,0.1273,0.1273,0.5077,0.5077,0.0000,0.0000,0.0000,-0.0012
1791179214.3951,0.0200,0.2089,0.0000,0.0000,0.0000,0.0000,0.0000,0.0000,0.1273,0.1258,0.5077,0.5077,0.0000,0.0000,0.0000,-0.0012
1791179214.4151,0.0200,0.2381,0.0000,0.0000,0.0000,0.0000,0.0000,0.0000,0.1273,0.1258,0.5077,0.5077,0.0000,0.0000,0.0000,-0.0012
1791179214.4352,0.0200,0.2337,0.0000,0.0000,0.0000,0.0000,0.0000,0.0000,0.1273,0.1258,0.5077,0.5077,0.0000,0.0000,0.0000,-0.0012
1791179214.4552,0.0200,0.2318,0.0000,0.0000,0.0000,0.0000,0.0000,0.0000,0.1273,0.1273,0.5077,0.5077,0.0000,0.0000,0.0000,-0.0012
1791179214.4752,0.0200,0.2261,0.0000,0.0000,0.0000,0.0000,0.0000,0.0000,0.1273,0.1258,0.5077,0.5077,0.0000,0.0000,0.0000,-0.0012
1791179214.4952,0.0200,0.2205,0.0000,0.0000,0.0000,0.0000,0.0000,0.0000,0.1273,0.1273,0.5077,0.5077,0.0000,0.0000,0.0000,-0.0012
1791179214.5152,0.0200,0.2245,0.0000,0.0000,0.0000,0.0000,0.0000,0.0000,0.1273,0.1258,0.5077,0.5077,0.0000,0.0000,0.0000,-0.0012
1791179214.5352,0.0200,0.2250,0.0000,0.0000,0.0000,0.0000,0.0000,0.0000,0.1273,0.1258,0.5077,0.5077,0.0000,0.0000,0.0000,-0.0012
1791179214.5552,0.0200,0.2286,0.0000,0.0000,0.0000,0.0000,0.0000,0.0000,0.1273,0.1258,0.5077,0.5077,0.0000,0.0000,0.0000,-0.0012
1791179214.5752,0.0200,0.2068,0.0000,0.0000,0.0000,0.0000,0.0000,0.0000,0.1273,0.1273,0.5077,0.5077,0.0000,0.0000,0.0000,-0.0012
1791179214.5951,0.0200,0.1863,0.0000,0.0000,0.0000,0.0000,0.0000,0.0000,0.1273,0.1273,0.5077,0.5077,0.0000,0.0000,0.0000,-0.0012
1791179214.6152,0.0200,0.2619,0.0000,0.0000,0.0000,0.0000,0.0000,0.0000,0.1273,0.1273,0.5077,0.5077,0.0000,0.0000,0.0000,-0.0011
1791179214.6351,0.0200,0.1669,0.0000,0.0000,0.0000,0.0000,0.0000,0.0000,0.1273,0.1273,0.5077,0.5077,0.0000,0.0000,0.0000,-0.0012
1791179214.6552,0.0200,0.2391,0.0000,0.0000,0.0000,0.0000,0.0000,0.0000,0.1273,0.1258,0.5077,0.5077,0.0000,0.0000,0.0000,-0.0012
1791179214.6752,0.0200,0.2111,0.0000,0.0000,0.0000,0.0000,0.0000,0.0000,0.1273,0.1258,0.5077,0.5077,0.0000,0.0000,0.0000,-0.0012
1791179214.6952,0.0200,0.2339,0.0000,0.0000,0.0000,0.0000,0.0000,0.0000,0.1273,0.1258,0.5077,0.5077,0.0000,0.0000,0.0000,-0.0012
1791179214.7152,0.0200,0.1785,0.0000,0.0000,0.0000,0.0000,0.0000,0.0000,0.1273,0.1258,0.5077,0.5077,0.0000,0.0000,0.0000,-0.0012
1791179214.7351,0.0200,0.2467,0.0000,0.0000,0.0000,0.0000,0.0000,0.0000,0.1273,0.1273,0.5077,0.5077,0.0000,0.0000,0.0000,-0.0012
1791179214.7551,0.0200,0.2117,0.0000,0.0000,0.0000,0.0000,0.0000,0.0000,0.1273,0.1273,0.5077,0.5077,0.0000,0.0000,0.0000,-0.0012
1791179214.7752,0.0200,0.2307,0.0000,0.0000,0.0000,0.0000,0.0000,0.0000,0.1273,0.1258,0.5077,0.5077,0.0000,0.0000,0.0000,-0.0012
1791179214.7951,0.0200,0.2061,0.0000,0.0000,0.0000,0.0000,0.0000,0.0000,0.1273,0.1258,0.5077,0.5077,0.0000,0.0000,0.0000,-0.0012
1791179214.8152,0.0200,0.2364,0.0000,0.0000,0.0000,0.0000,0.0000,0.0000,0.1273,0.1258,0.5077,0.5077,0.0000,0.0000,0.0000,-0.0012
1791179214.8352,0.0200,0.2338,0.0000,0.0000,0.0000,0.0000,0.0000,0.0000,0.1273,0.1258,0.5077,0.5077,0.0000,0.0000,0.0000,-0.0012
1791179214.8552,0.0200,0.2286,0.0000,0.0000,0.0000,0.0000,0.0000,0.0000,0.1273,0.1258,0.5077,0.5077,0.0000,0.0000,0.0000,-0.0012
1791179214.8752,0.0200,0.3285,0.0000,0.0000,0.0000,0.0000,0.0000,0.0000,0.1273,0.1258,0.5077,0.5077,0.0000,0.0000,0.0000,-0.0012
1791179214.8952,0.0200,0.2151,0.0000,0.0000,0.0000,0.0000,0.0000,0.0000,0.1273,0.1258,0.5077,0.5077,0.0000,0.0000,0.0000,-0.0012
1791179214.9151,0.0199,0.1950,0.0000,0.0000,0.0000,0.0000,0.0000,0.0000,0.1273,0.1258,0.5077,0.5077,0.0000,0.0000,0.0000,-0.0012
1791179214.9352,0.0200,0.2400,0.0000,0.0000,0.0000,0.0000,0.0000,0.0000,0.1273,0.1273,0.5077,0.5077,0.0000,0.0000,0.0000,-0.0012
1791179214.9552,0.0200,0.2861,0.0000,0.0000,0.0000,0.0000,0.0000,0.0000,0.1273,0.1273,0.5077,0.5077,0.0000,0.0000,0.0000,-0.0012
1791179214.9752,0.0200,0.2113,0.0000,0.0000,0.0000,0.0000,0.0000,0.0000,0.1273,0.1258,0.5077,0.5077,0.0000,0.0000,0.0000,-0.0012
1791179214.9952,0.0200,0.2433,0.0000,0.0000,0.0000,0.0000,0.0000,0.0000,0.1273,0.1258,0.5077,0.5077,0.0000,0.0000,0.0000,-0.0012
1791179215.0152,0.0200,0.2253,0.0000,0.0000,0.0000,0.0000,0.0000,0.0000,0.1273,0.1258,0.5077,0.5077,0.0000,0.0000,0.0000,-0.0012
1791179215.0352,0.0200,0.2006,0.0000,0.0000,0.0000,0.0000,0.0000,0.0000,0.1273,0.1258,0.5077,0.5077,0.0000,0.0000,0.0000,-0.0012
1791179215.0552,0.0200,0.2354,0.0000,0.0000,0.0000,0.0000,0.0000,0.0000,0.1273,0.1273,0.5077,0.5077,0.0000,0.0000,0.0000,-0.0012
1791179215.0752,0.0200,0.3167,0.0000,0.0000,0.0000,0.0000,0.0000,0.0000,0.1273,0.1258,0.5077,0.5077,0.0000,0.0000,0.0000,-0.0012
1791179215.0952,0.0200,0.2232,0.0000,0.0000,0.0000,0.0000,0.0000,0.0000,0.1273,0.1258,0.5077,0.5077,0.0000,0.0000,0.0000,-0.0012
1791179215.1152,0.0200,0.2270,0.0000,0.0000,0.0000,0.0000,0.0000,0.0000,0.1273,0.1273,0.5077,0.5077,0.0000,0.0000,0.0000,-0.0012
1791179215.1352,0.0200,0.2740,0.0000,0.0000,0.0000,0.0000,0.0000,0.0000,0.1273,0.1258,0.5077,0.5077,0.0000,0.0000,0.0000,-0.0012
1791179215.1552,0.0200,0.3125,0.0000,0.0000,0.0000,0.0000,0.0000,0.0000,0.1273,0.1258,0.5077,0.5077,0.0000,0.0000,0.0000,-0.0012
1791179215.1752,0.0200,0.2509,0.0000,0.0000,0.0000,0.0000,0.0000,0.0000,0.1273,0.1273,0.5077,0.5077,0.0000,0.0000,0.0000,-0.0012
1791179215.1952,0.0200,0.2422,0.0000,0.0000,0.0000,0.0000,0.0000,0.0000,0.1273,0.1258,0.5077,0.5077,0.0000,0.0000,0.0000,-0.0012
1791179215.2151,0.0200,0.1824,0.0000,0.0000,0.0000,0.0000,0.0000,0.0000,0.1273,0.1273,0.5077,0.5077,0.0000,0.0000,0.0000,-0.0012
1791179215.2352,0.0201,0.2377,0.0000,0.0000,0.0000,0.0000,0.0000,0.0000,0.1273,0.1258,0.5077,0.5077,0.0000,0.0000,0.0000,-0.0012
1791179215.2551,0.0199,0.2193,0.0000,0.0000,0.0000,0.0000,0.0000,0.0000,0.1273,0.1258,0.5077,0.5077,0.0000,0.0000,0.0000,-0.0012
1791179215.2751,0.0200,0.2402,0.0000,0.0000,0.0000,0.0000,0.0000,0.0000,0.1273,0.1273,0.5077,0.5077,0.0000,0.0000,0.0000,-0.0012
1791179215.2952,0.0200,0.2484,0.0000,0.0000,0.0000,0.0000,0.0000,0.0000,0.1273,0.1273,0.5077,0.5077,0.0000,0.0000,0.0000,-0.0012
1791179215.3151,0.0200,0.1714,0.0000,0.0000,0.0000,0.0000,0.0000,0.0000,0.1273,0.1258,0.5077,0.5077,0.0000,0.0000,0.0000,-0.0012
1791179215.3351,0.0200,0.2430,0.0000,0.0000,0.0000,0.0000,0.0000,0.0000,0.1273,0.1258,0.5077,0.5077,0.0000,0.0000,0.0000,-0.0012
1791179215.3551,0.0200,0.2350,0.0000,0.0000,0.0000,0.0000,0.0000,0.0000,0.1273,0.1258,0.5077,0.5077,0.0000,0.0000,0.0000,-0.0012
1791179215.3751,0.0200,0.1892,0.0000,0.0000,0.0000,0.0000,0.0000,0.0000,0.1273,0.1258,0.5077,0.5077,0.0000,0.0000,0.0000,-0.0012
1791179215.3951,0.0200,0.2402,0.0000,0.0000,0.0000,0.0000,0.0000,0.0000,0.1273,0.1258,0.5077,0.5077,0.0000,0.0000,0.0000,-0.0012
1791179215.4151,0.0200,0.2130,0.0000,0.0000,0.0000,0.0000,0.0000,0.0000,0.1273,0.1258,0.5077,0.5077,0.0000,0.0000,0.0000,-0.0012
1791179215.4351,0.0200,0.2395,0.0000,0.0000,0.0000,0.0000,0.0000,0.0000,0.1273,0.1273,0.5077,0.5077,0.0000,0.0000,0.0000,-0.0012
1791179215.4552,0.0200,0.2278,0.0000,0.0000,0.0000,0.0000,0.0000,0.0000,0.1273,0.1258,0.5077,0.5077,0.0000,0.0000,0.0000,-0.0012
1791179215.4752,0.0200,0.2252,0.0000,0.0000,0.0000,0.0000,0.0000,0.0000,0.1273,0.1258,0.5077,0.5077,0.0000,0.0000,0.0000,-0.0012
1791179215.4952,0.0200,0.2267,0.0000,0.0000,0.0000,0.0000,0.0000,0.0000,0.1273,0.1258,0.5077,0.5077,0.0000,0.0000,0.0000,-0.0012
1791179215.5152,0.0200,0.2273,0.0000,0.0000,0.0000,0.0000,0.0000,0.0000,0.1273,0.1258,0.5077,0.5077,0.0000,0.0000,0.0000,-0.0012
1791179215.5352,0.0200,0.2245,0.0000,0.0000,0.0000,0.0000,0.0000,0.0000,0.1273,0.1258,0.5077,0.5077,0.0000,0.0000,0.0000,-0.0012
1791179215.5552,0.0200,0.2219,0.0000,0.0000,0.0000,0.0000,0.0000,0.0000,0.1273,0.1258,0.5077,0.5077,0.0000,0.0000,0.0000,-0.0012
1791179215.5752,0.0200,0.2096,0.0000,0.0000,0.0000,0.0000,0.0000,0.0000,0.1273,0.1258,0.5077,0.5077,0.0000,0.0000,0.0000,-0.0012
1791179215.5951,0.0200,0.1920,0.0000,0.0000,0.0000,0.0000,0.0000,0.0000,0.1273,0.1258,0.5077,0.5077,0.0000,0.0000,0.0000,-0.0012
1791179215.6151,0.0200,0.1854,0.0000,0.0000,0.0000,0.0000,0.0000,0.0000,0.1273,0.1273,0.5077,0.5077,0.0000,0.0000,0.0000,-0.0012
1791179215.6351,0.0200,0.1688,0.0000,0.0000,0.0000,0.0000,0.0000,0.0000,0.1273,0.1258,0.5077,0.5077,0.0000,0.0000,0.0000,-0.0012
1791179215.6552,0.0200,0.2372,0.0000,0.0000,0.0000,0.0000,0.0000,0.0000,0.1273,0.1258,0.5077,0.5077,0.0000,0.0000,0.0000,-0.0012
1791179215.6752,0.0200,0.2067,0.0000,0.0000,0.0000,0.0000,0.0000,0.0000,0.1273,0.1258,0.5077,0.5077,0.0000,0.0000,0.0000,-0.0012
1791179215.6952,0.0200,0.2329,0.0000,0.0000,0.0000,0.0000,0.0000,0.0000,0.1273,0.1258,0.5077,0.5077,0.0000,0.0000,0.0000,-0.0012
1791179215.7152,0.0200,0.1828,0.0000,0.0000,0.0000,0.0000,0.0000,0.0000,0.1273,0.1273,0.5077,0.5062,0.0000,0.0000,0.0000,-0.0012
1791179215.7351,0.0200,0.2577,0.0000,0.0000,0.0000,0.0000,0.0000,0.0000,0.1273,0.1258,0.5077,0.5077,0.0000,0.0000,0.0000,-0.0012
1791179215.7551,0.0200,0.2211,0.0000,0.0000,0.0000,0.0000,0.0000,0.0000,0.1273,0.1258,0.5077,0.5077,0.0000,0.0000,0.0000,-0.0012
1791179215.7752,0.0200,0.2347,0.0000,0.0000,0.0000,0.0000,0.0000,0.0000,0.1273,0.1273,0.5077,0.5077,0.0000,0.0000,0.0000,-0.0012
1791179215.7952,0.0200,0.2010,0.0000,0.0000,0.0000,0.0000,0.0000,0.0000,0.1273,0.1273,0.5077,0.5077,0.0000,0.0000,0.0000,-0.0012
1791179215.8151,0.0199,0.1831,0.0000,0.0000,0.0000,0.0000,0.0000,0.0000,0.1273,0.1273,0.5077,0.5077,0.0000,0.0000,0.0000,-0.0014
1791179215.8352,0.0200,0.2327,0.0000,0.0000,0.0000,0.0000,0.0000,0.0000,0.1273,0.1258,0.5077,0.5077,0.0000,0.0000,0.0000,-0.0012
1791179215.8552,0.0200,0.3386,0.0000,0.0000,0.0000,0.0000,0.0000,0.0000,0.1273,0.1258,0.5077,0.5077,0.0000,0.0000,0.0000,-0.0012
1791179215.8752,0.0200,0.2396,0.0000,0.0000,0.0000,0.0000,0.0000,0.0000,0.1273,0.1273,0.5077,0.5077,0.0000,0.0000,0.0000,-0.0012
1791179215.8952,0.0200,0.2329,0.0000,0.0000,0.0000,0.0000,0.0000,0.0000,0.1273,0.1258,0.5077,0.5062,0.0000,0.0000,0.0000,-0.0012
1791179215.9152,0.0200,0.2364,0.0000,0.0000,0.0000,0.0000,0.0000,0.0000,0.1273,0.1273,0.5077,0.5077,0.0000,0.0000,0.0000,-0.0012
1791179215.9352,0.0200,0.2059,0.0000,0.0000,0.0000,0.0000,0.0000,0.0000,0.1273,0.1273,0.5077,0.5077,0.0000,0.0000,0.0000,-0.0012
1791179215.9552,0.0200,0.2469,0.0000,0.0000,0.0000,0.0000,0.0000,0.0000,0.1273,0.1258,0.5077,0.5077,0.0000,0.0000,0.0000,-0.0012
1791179215.9752,0.0200,0.2383,0.0000,0.0000,0.0000,0.0000,0.0000,0.0000,0.1273,0.1258,0.5077,0.5077,0.0000,0.0000,0.0000,-0.0012
1791179215.9952,0.0200,0.2379,0.0000,0.0000,0.0000,0.0000,0.0000,0.0000,0.1273,0.1258,0.5077,0.5077,0.0000,0.0000,0.0000,-0.0012
1791179216.0152,0.0200,0.3366,0.0000,0.0000,0.0000,0.0000,0.0000,0.0000,0.1273,0.1273,0.5077,0.5077,0.0000,0.0000,0.0000,-0.0012
1791179216.0352,0.0200,0.2044,0.0000,0.0000,0.0000,0.0000,0.0000,0.0000,0.1273,0.1258,0.5077,0.5077,0.0000,0.0000,0.0000,-0.0012
1791179216.0552,0.0200,0.2367,0.0000,0.0000,0.0000,0.0000,0.0000,0.0000,0.1273,0.1273,0.5077,0.5077,0.0000,0.0000,0.0000,-0.0012
1791179216.0752,0.0200,0.2292,0.0000,0.0000,0.0000,0.0000,0.0000,0.0000,0.1273,0.1258,0.5077,0.5077,0.0000,0.0000,0.0000,-0.0012
1791179216.0952,0.0200,0.2308,0.0000,0.0000,0.0000,0.0000,0.0000,0.0000,0.1273,0.1258,0.5077,0.5077,0.0000,0.0000,0.0000,-0.0012
1791179216.1152,0.0200,0.3177,0.0000,0.0000,0.0000,0.0000,0.0000,0.0000,0.1273,0.1258,0.5077,0.5077,0.0000,0.0000,0.0000,-0.0012
1791179216.1352,0.0200,0.2476,0.0000,0.0000,0.0000,0.0000,0.0000,0.0000,0.1273,0.1273,0.5077,0.5077,0.0000,0.0000,0.0000,-0.0012
1791179216.1552,0.0200,0.2450,0.0000,0.0000,0.0000,0.0000,0.0000,0.0000,0.1273,0.1258,0.5077,0.5077,0.0000,0.0000,0.0000,-0.0012
1791179216.1752,0.0200,0.2519,0.0000,0.0000,0.0000,0.0000,0.0000,0.0000,0.1273,0.1258,0.5077,0.5062,0.0000,0.0000,0.0000,-0.0012
1791179216.1952,0.0200,0.2438,0.0000,0.0000,0.0000,0.0000,0.0000,0.0000,0.1273,0.1258,0.5077,0.5077,0.0000,0.0000,0.0000,-0.0012
1791179216.2152,0.0200,0.2395,0.0000,0.0000,0.0000,0.0000,0.0000,0.0000,0.1273,0.1258,0.5077,0.5077,0.0000,0.0000,0.0000,-0.0012
1791179216.2352,0.0200,0.2409,0.0000,0.0000,0.0000,0.0000,0.0000,0.0000,0.1273,0.1258,0.5077,0.5077,0.0000,0.0000,0.0000,-0.0012
1791179216.2551,0.0200,0.1670,0.0000,0.0000,0.0000,0.0000,0.0000,0.0000,0.1273,0.1258,0.5077,0.5077,0.0000,0.0000,0.0000,-0.0012
1791179216.2751,0.0200,0.2452,0.0000,0.0000,0.0000,0.0000,0.0000,0.0000,0.1273,0.1258,0.5077,0.5077,0.0000,0.0000,0.0000,-0.0012
1791179216.2952,0.0200,0.2517,0.0000,0.0000,0.0000,0.0000,0.0000,0.0000,0.1273,0.1258,0.5077,0.5077,0.0000,0.0000,0.0000,-0.0012
1791179216.3151,0.0200,0.1675,0.0000,0.0000,0.0000,0.0000,0.0000,0.0000,0.1273,0.1258,0.5077,0.5077,0.0000,0.0000,0.0000,-0.0012
1791179216.3351,0.0200,0.2342,0.0000,0.0000,0.0000,0.0000,0.0000,0.0000,0.1273,0.1258,0.5077,0.5077,0.0000,0.0000,0.0000,-0.0012
1791179216.3552,0.0200,0.2225,0.0000,0.0000,0.0000,0.0000,0.0000,0.0000,0.1273,0.1258,0.5077,0.5077,0.0000,0.0000,0.0000,-0.0012
1791179216.3751,0.0200,0.2150,0.0000,0.0000,0.0000,0.0000,0.0000,0.0000,0.1273,0.1258,0.5077,0.5077,0.0000,0.0000,0.0000,-0.0012
1791179216.3951,0.0200,0.2132,0.0000,0.0000,0.0000,0.0000,0.0000,0.0000,0.1273,0.1258,0.5077,0.5077,0.0000,0.0000,0.0000,-0.0012
1791179216.4152,0.0200,0.2102,0.0000,0.0000,0.0000,0.0000,0.0000,0.0000,0.1273,0.1273,0.5077,0.5077,0.0000,0.0000,0.0000,-0.0012
1791179216.4352,0.0200,0.2010,0.0000,0.0000,0.0000,0.0000,0.0000,0.0000,0.1273,0.1273,0.5077,0.5077,0.0000,0.0000,0.0000,-0.0012
1791179216.4552,0.0200,0.2343,0.0000,0.0000,0.0000,0.0000,0.0000,0.0000,0.1273,0.1258,0.5077,0.5077,0.0000,0.0000,0.0000,-0.0012
1791179216.4752,0.0200,0.2060,0.0000,0.0000,0.0000,0.0000,0.0000,0.0000,0.1273,0.1258,0.5077,0.5077,0.0000,0.0000,0.0000,-0.0012
1791179216.4952,0.0200,0.1992,0.0000,0.0000,0.0000,0.0000,0.0000,0.0000,0.1273,0.1258,0.5077,0.5077,0.0000,0.0000,0.0000,-0.0012
1791179216.5152,0.0200,0.2329,0.0000,0.0000,0.0000,0.0000,0.0000,0.0000,0.1273,0.1273,0.5077,0.5077,0.0000,0.0000,0.0000,-0.0012
1791179216.5352,0.0200,0.1691,0.0000,0.0000,0.0000,0.0000,0.0000,0.0000,0.1273,0.1273,0.5077,0.5077,0.0000,0.0000,0.0000,-0.0012
1791179216.5552,0.0200,0.2397,0.0000,0.0000,0.0000,0.0000,0.0000,0.0000,0.1273,0.1273,0.5077,0.5077,0.0000,0.0000,0.0000,-0.0012
1791179216.5752,0.0200,0.2315,0.0000,0.0000,0.0000,0.0000,0.0000,0.0000,0.1273,0.1273,0.5077,0.5077,0.0000,0.0000,0.0000,-0.0011
1791179216.5951,0.0199,0.1686,0.0000,0.0000,0.0000,0.0000,0.0000,0.0000,0.1273,0.1258,0.5077,0.5077,0.0000,0.0000,0.0000,-0.0012
1791179216.6151,0.0200,0.2407,0.0000,0.0000,0.0000,0.0000,0.0000,0.0000,0.1273,0.1258,0.5077,0.5062,0.0000,0.0000,0.0000,-0.0012
1791179216.6352,0.0200,0.1836,0.0000,0.0000,0.0000,0.0000,0.0000,0.0000,0.1273,0.1258,0.5077,0.5077,0.0000,0.0000,0.0000,-0.0012
1791179216.6551,0.0200,0.2014,0.0000,0.0000,0.0000,0.0000,0.0000,0.0000,0.1273,0.1258,0.5077,0.5077,0.0000,0.0000,0.0000,-0.0012
1791179216.6751,0.0200,0.2140,0.0000,0.0000,0.0000,0.0000,0.0000,0.0000,0.1273,0.1273,0.5077,0.5077,0.0000,0.0000,0.0000,-0.0012
1791179216.6952,0.0200,0.2359,0.0000,0.0000,0.0000,0.0000,0.0000,0.0000,0.1273,0.1258,0.5077,0.5077,0.0000,0.0000,0.0000,-0.0012
1791179216.7151,0.0200,0.2105,0.0000,0.0000,0.0000,0.0000,0.0000,0.0000,0.1273,0.1258,0.5077,0.5077,0.0000,0.0000,0.0000,-0.0012
1791179216.7352,0.0201,0.1981,0.0000,0.0000,0.0000,0.0000,0.0000,0.0000,0.1273,0.1258,0.5077,0.5077,0.0000,0.0000,0.0000,-0.0012
1791179216.7552,0.0200,0.1619,0.0000,0.0000,0.0000,0.0000,0.0000,0.0000,0.1273,0.1258,0.5077,0.5077,0.0000,0.0000,0.0000,-0.0012
1791179216.7752,0.0200,0.2005,0.0000,0.0000,0.0000,0.0000,0.0000,0.0000,0.1273,0.1258,0.5077,0.5077,0.0000,0.0000,0.0000,-0.0012
1791179216.7952,0.0200,0.2344,0.0000,0.0000,0.0000,0.0000,0.0000,0.0000,0.1273,0.1273,0.5077,0.5077,0.0000,0.0000,0.0000,-0.0012
1791179216.8152,0.0200,0.1752,0.0000,0.0000,0.0000,0.0000,0.0000,0.0000,0.1273,0.1258,0.5077,0.5062,0.0000,0.0000,0.0000,-0.0012
1791179216.8352,0.0200,0.1819,0.0000,0.0000,0.0000,0.0000,0.0000,0.0000,0.1273,0.1273,0.5077,0.5077,0.0000,0.0000,0.0000,-0.0012
1791179216.8552,0.0200,0.1968,0.0000,0.0000,0.0000,0.0000,0.0000,0.0000,0.1273,0.1258,0.5077,0.5077,0.0000,0.0000,0.0000,-0.0012
1791179216.8752,0.0200,0.2282,0.0000,0.0000,0.0000,0.0000,0.0000,0.0000,0.1273,0.1258,0.5077,0.5077,0.0000,0.0000,0.0000,-0.0012
1791179216.8952,0.0200,0.1964,0.0000,0.0000,0.0000,0.0000,0.0000,0.0000,0.1273,0.1258,0.5077,0.5077,0.0000,0.0000,0.0000,-0.0012
1791179216.9152,0.0200,0.1675,0.0000,0.0000,0.0000,0.0000,0.0000,0.0000,0.1273,0.1273,0.5077,0.5077,0.0000,0.0000,0.0000,-0.0012
1791179216.9352,0.0200,0.2014,0.0000,0.0000,0.0000,0.0000,0.0000,0.0000,0.1273,0.1273,0.5077,0.5077,0.0000,0.0000,0.0000,-0.0012
1791179216.9552,0.0200,0.2225,0.0000,0.0000,0.0000,0.0000,0.0000,0.0000,0.1273,0.1258,0.5077,0.5077,0.0000,0.0000,0.0000,-0.0012
1791179216.9752,0.0200,0.2281,0.0000,0.0000,0.0000,0.0000,0.0000,0.0000,0.1273,0.1258,0.5077,0.5077,0.0000,0.0000,0.0000,-0.0012
1791179216.9952,0.0200,0.2203,0.0000,0.0000,0.0000,0.0000,0.0000,0.0000,0.1273,0.1273,0.5077,0.5077,0.0000,0.0000,0.0000,-0.0012
1791179217.0152,0.0200,0.2283,0.0000,0.0000,0.0000,0.0000,0.0000,0.0000,0.1273,0.1273,0.5077,0.5077,0.0000,0.0000,0.0000,-0.0012
1791179217.0352,0.0200,0.2743,0.0000,0.0000,0.0000,0.0000,0.0000,0.0000,0.1273,0.1258,0.5077,0.5077,0.0000,0.0000,0.0000,-0.0012
1791179217.0553,0.0201,0.2069,0.0000,0.0000,0.0000,0.0000,0.0000,0.0000,0.1273,0.1258,0.5077,0.5077,0.0000,0.0000,0.0000,-0.0012
1791179217.0752,0.0199,0.2348,0.0000,0.0000,0.0000,0.0000,0.0000,0.0000,0.1273,0.1273,0.5077,0.5077,0.0000,0.0000,0.0000,-0.0012
1791179217.0952,0.0200,0.2272,0.0000,0.0000,0.0000,0.0000,0.0000,0.0000,0.1273,0.1273,0.5077,0.5077,0.0000,0.0000,0.0000,-0.0012
1791179217.1152,0.0200,0.2321,0.0000,0.0000,0.0000,0.0000,0.0000,0.0000,0.1273,0.1258,0.5077,0.5077,0.0000,0.0000,0.0000,-0.0012
1791179217.1352,0.0200,0.2326,0.0000,0.0000,0.0000,0.0000,0.0000,0.0000,0.1273,0.1258,0.5077,0.5077,0.0000,0.0000,0.0000,-0.0012
1791179217.1551,0.0200,0.2400,0.0000,0.0000,0.0000,0.0000,0.0000,0.0000,0.1273,0.1273,0.5077,0.5077,0.0000,0.0000,0.0000,-0.0012
1791179217.1751,0.0200,0.2437,0.0000,0.0000,0.0000,0.0000,0.0000,0.0000,0.1273,0.1258,0.5077,0.5062,0.0000,0.0000,0.0000,-0.0012
1791179217.1951,0.0200,0.2405,0.0000,0.0000,0.0000,0.0000,0.0000,0.0000,0.1273,0.1258,0.5077,0.5077,0.0000,0.0000,0.0000,-0.0012
1791179217.2151,0.0200,0.1572,0.0000,0.0000,0.0000,0.0000,0.0000,0.0000,0.1273,0.1258,0.5077,0.5077,0.0000,0.0000,0.0000,-0.0012
1791179217.2351,0.0200,0.2422,0.0000,0.0000,0.0000,0.0000,0.0000,0.0000,0.1273,0.1273,0.5077,0.5062,0.0000,0.0000,0.0000,-0.0012
1791179217.2552,0.0200,0.2299,0.0000,0.0000,0.0000,0.0000,0.0000,0.0000,0.1273,0.1258,0.5077,0.5077,0.0000,0.0000,0.0000,-0.0012
1791179217.2752,0.0200,0.2287,0.0000,0.0000,0.0000,0.0000,0.0000,0.0000,0.1273,0.1273,0.5077,0.5077,0.0000,0.0000,0.0000,-0.0012
1791179217.2952,0.0200,0.2319,0.0000,0.0000,0.0000,0.0000,0.0000,0.0000,0.1273,0.1258,0.5077,0.5077,0.0000,0.0000,0.0000,-0.0012
1791179217.3152,0.0200,0.2096,0.0000,0.0000,0.0000,0.0000,0.0000,0.0000,0.1273,0.1273,0.5077,0.5077,0.0000,0.0000,0.0000,-0.0012
1791179217.3352,0.0200,0.2399,0.0000,0.0000,0.0000,0.0000,0.0000,0.0000,0.1273,0.1258,0.5077,0.5062,0.0000,0.0000,0.0000,-0.0012
1791179217.3552,0.0200,0.2063,0.0000,0.0000,0.0000,0.0000,0.0000,0.0000,0.1273,0.1273,0.5077,0.5077,0.0000,0.0000,0.0000,-0.0012
1791179217.3752,0.0200,0.2239,0.0000,0.0000,0.0000,0.0000,0.0000,0.0000,0.1273,0.1258,0.5077,0.5077,0.0000,0.0000,0.0000,-0.0012
1791179217.3952,0.0200,0.2104,0.0000,0.0000,0.0000,0.0000,0.0000,0.0000,0.1273,0.1273,0.5077,0.5077,0.0000,0.0000,0.0000,-0.0012
1791179217.4152,0.0200,0.2336,0.0000,0.0000,0.0000,0.0000,0.0000,0.0000,0.1273,0.1273,0.5077,0.5077,0.0000,0.0000,0.0000,-0.0012
1791179217.4352,0.0200,0.2950,0.0000,0.0000,0.0000,0.0000,0.0000,0.0000,0.1273,0.1258,0.5077,0.5062,0.0000,0.0000,0.0000,-0.0012
1791179217.4552,0.0200,0.3236,0.0000,0.0000,0.0000,0.0000,0.0000,0.0000,0.1273,0.1258,0.5077,0.5077,0.0000,0.0000,0.0000,-0.0012
1791179217.4752,0.0200,0.2382,0.0000,0.0000,0.0000,0.0000,0.0000,0.0000,0.1273,0.1258,0.5077,0.5077,0.0000,0.0000,0.0000,-0.0012
1791179217.4952,0.0200,0.2298,0.0000,0.0000,0.0000,0.0000,0.0000,0.0000,0.1273,0.1258,0.5077,0.5077,0.0000,0.0000,0.0000,-0.0012
1791179217.5152,0.0200,0.2311,0.0000,0.0000,0.0000,0.0000,0.0000,0.0000,0.1273,0.1258,0.5077,0.5077,0.0000,0.0000,0.0000,-0.0014
1791179217.5352,0.0200,0.1631,0.0000,0.0000,0.0000,0.0000,0.0000,0.0000,0.1273,0.1258,0.5077,0.5077,0.0000,0.0000,0.0000,-0.0014
1791179217.5552,0.0200,0.2462,0.0000,0.0000,0.0000,0.0000,0.0000,0.0000,0.1273,0.1258,0.5077,0.5077,0.0000,0.0000,0.0000,-0.0012
1791179217.5752,0.0200,0.2452,0.0000,0.0000,0.0000,0.0000,0.0000,0.0000,0.1273,0.1258,0.5077,0.5077,0.0000,0.0000,0.0000,-0.0012
1791179217.5951,0.0200,0.1955,0.0000,0.0000,0.0000,0.0000,0.0000,0.0000,0.1273,0.1273,0.5077,0.5077,0.0000,0.0000,0.0000,-0.0012
1791179217.6152,0.0200,0.2509,0.0000,0.0000,0.0000,0.0000,0.0000,0.0000,0.1273,0.1258,0.5077,0.5077,0.0000,0.0000,0.0000,-0.0012
1791179217.6352,0.0200,0.2566,0.0000,0.0000,0.0000,0.0000,0.0000,0.0000,0.1273,0.1273,0.5077,0.5077,0.0000,0.0000,0.0000,-0.0012
1791179217.6552,0.0200,0.2307,0.0000,0.0000,0.0000,0.0000,0.0000,0.0000,0.1273,0.1273,0.5077,0.5077,0.0000,0.0000,0.0000,-0.0012
1791179217.6751,0.0200,0.2155,0.0000,0.0000,0.0000,0.0000,0.0000,0.0000,0.1273,0.1258,0.5077,0.5077,0.0000,0.0000,0.0000,-0.0011
1791179217.6951,0.0200,0.1918,0.0000,0.0000,0.0000,0.0000,0.0000,0.0000,0.1273,0.1258,0.5077,0.5077,0.0000,0.0000,0.0000,-0.0012
1791179217.7152,0.0200,0.2390,0.0000,0.0000,0.0000,0.0000,0.0000,0.0000,0.1273,0.1258,0.5077,0.5077,0.0000,0.0000,0.0000,-0.0012
1791179217.7352,0.0200,0.2315,0.0000,0.0000,0.0000,0.0000,0.0000,0.0000,0.1273,0.1258,0.5077,0.5077,0.0000,0.0000,0.0000,-0.0012
1791179217.7552,0.0200,0.2125,0.0000,0.0000,0.0000,0.0000,0.0000,0.0000,0.1273,0.1258,0.5077,0.5077,0.0000,0.0000,0.0000,-0.0012
1791179217.7752,0.0200,0.2372,0.0000,0.0000,0.0000,0.0000,0.0000,0.0000,0.1273,0.1258,0.5077,0.5077,0.0000,0.0000,0.0000,-0.0012
1791179217.7952,0.0200,0.1929,0.0000,0.0000,0.0000,0.0000,0.0000,0.0000,0.1273,0.1258,0.5077,0.5077,0.0000,0.0000,0.0000,-0.0012
1791179217.8151,0.0200,0.2118,0.0000,0.0000,0.0000,0.0000,0.0000,0.0000,0.1273,0.1258,0.5077,0.5077,0.0000,0.0000,0.0000,-0.0012
1791179217.8352,0.0200,0.2303,0.0000,0.0000,0.0000,0.0000,0.0000,0.0000,0.1273,0.1258,0.5077,0.5077,0.0000,0.0000,0.0000,-0.0011
1791179217.8552,0.0200,0.2011,0.0000,0.0000,0.0000,0.0000,0.0000,0.0000,0.1273,0.1273,0.5077,0.5077,0.0000,0.0000,0.0000,-0.0012
1791179217.8751,0.0199,0.2292,0.0000,0.0000,0.0000,0.0000,0.0000,0.0000,0.1273,0.1258,0.5077,0.5077,0.0000,0.0000,0.0000,-0.0012
1791179217.8952,0.0200,0.2326,0.0000,0.0000,0.0000,0.0000,0.0000,0.0000,0.1273,0.1258,0.5077,0.5077,0.0000,0.0000,0.0000,-0.0012
1791179217.9152,0.0200,0.2357,0.0000,0.0000,0.0000,0.0000,0.0000,0.0000,0.1273,0.1258,0.5077,0.5077,0.0000,0.0000,0.0000,-0.0012
1791179217.9352,0.0200,0.3234,0.0000,0.0000,0.0000,0.0000,0.0000,0.0000,0.1273,0.1258,0.5077,0.5062,0.0000,0.0000,0.0000,-0.0012
1791179217.9552,0.0200,0.2486,0.0000,0.0000,0.0000,0.0000,0.0000,0.0000,0.1273,0.1258,0.5077,0.5077,0.0000,0.0000,0.0000,-0.0012
1791179217.9752,0.0200,0.1983,0.0000,0.0000,0.0000,0.0000,0.0000,0.0000,0.1273,0.1258,0.5077,0.5077,0.0000,0.0000,0.0000,-0.0012
1791179217.9951,0.0199,0.2276,0.0000,0.0000,0.0000,0.0000,0.0000,0.0000,0.1273,0.1258,0.5077,0.5077,0.0000,0.0000,0.0000,-0.0012
1791179218.0152,0.0200,0.2296,0.0000,0.0000,0.0000,0.0000,0.0000,0.0000,0.1273,0.1273,0.5077,0.5077,0.0000,0.0000,0.0000,-0.0012
1791179218.0352,0.0200,0.2549,0.0000,0.0000,0.0000,0.0000,0.0000,0.0000,0.1273,0.1273,0.5077,0.5077,0.0000,0.0000,0.0000,-0.0012
1791179218.0552,0.0200,0.2376,0.0000,0.0000,0.0000,0.0000,0.0000,0.0000,0.1273,0.1258,0.5077,0.5077,0.0000,0.0000,0.0000,-0.0012
1791179218.0752,0.0200,0.2515,0.0000,0.0000,0.0000,0.0000,0.0000,0.0000,0.1273,0.1273,0.5077,0.5077,0.0000,0.0000,0.0000,-0.0012
1791179218.0952,0.0200,0.2332,0.0000,0.0000,0.0000,0.0000,0.0000,0.0000,0.1273,0.1273,0.5077,0.5062,0.0000,0.0000,0.0000,-0.0012
1791179218.1151,0.0200,0.2073,0.0000,0.0000,0.0000,0.0000,0.0000,0.0000,0.1273,0.1273,0.5077,0.5077,0.0000,0.0000,0.0000,-0.0012
1791179218.1352,0.0200,0.2471,0.0000,0.0000,0.0000,0.0000,0.0000,0.0000,0.1273,0.1258,0.5077,0.5077,0.0000,0.0000,0.0000,-0.0012
1791179218.1552,0.0200,0.2517,0.0000,0.0000,0.0000,0.0000,0.0000,0.0000,0.1273,0.1273,0.5077,0.5077,0.0000,0.0000,0.0000,-0.0012
1791179218.1752,0.0200,0.2538,0.0000,0.0000,0.0000,0.0000,0.0000,0.0000,0.1273,0.1273,0.5077,0.5077,0.0000,0.0000,0.0000,-0.0012
1791179218.1951,0.0200,0.1892,0.0000,0.0000,0.0000,0.0000,0.0000,0.0000,0.1273,0.1273,0.5077,0.5077,0.0000,0.0000,0.0000,-0.0012
1791179218.2151,0.0200,0.1839,0.0000,0.0000,0.0000,0.0000,0.0000,0.0000,0.1273,0.1258,0.5077,0.5077,0.0000,0.0000,0.0000,-0.0012
1791179218.2351,0.0200,0.2413,0.0000,0.0000,0.0000,0.0000,0.0000,0.0000,0.1273,0.1258,0.5077,0.5077,0.0000,0.0000,0.0000,-0.0012
1791179218.2551,0.0200,0.2131,0.0000,0.0000,0.0000,0.0000,0.0000,0.0000,0.1273,0.1258,0.5077,0.5077,0.0000,0.0000,0.0000,-0.0012
1791179218.2751,0.0200,0.2378,0.0000,0.0000,0.0000,0.0000,0.0000,0.0000,0.1273,0.1258,0.5077,0.5077,0.0000,0.0000,0.0000,-0.0012
1791179218.2951,0.0200,0.1938,0.0000,0.0000,0.0000,0.0000,0.0000,0.0000,0.1273,0.1258,0.5077,0.5077,0.0000,0.0000,0.0000,-0.0012
1791179218.3151,0.0200,0.2388,0.0000,0.0000,0.0000,0.0000,0.0000,0.0000,0.1273,0.1258,0.5077,0.5077,0.0000,0.0000,0.0000,-0.0012
1791179218.3352,0.0200,0.2352,0.0000,0.0000,0.0000,0.0000,0.0000,0.0000,0.1273,0.1258,0.5077,0.5077,0.0000,0.0000,0.0000,-0.0012
1791179218.3552,0.0200,0.2322,0.0000,0.0000,0.0000,0.0000,0.0000,0.0000,0.1273,0.1273,0.5077,0.5077,0.0000,0.0000,0.0000,-0.0012
1791179218.3752,0.0200,0.2272,0.0000,0.0000,0.0000,0.0000,0.0000,0.0000,0.1273,0.1258,0.5077,0.5062,0.0000,0.0000,0.0000,-0.0012
1791179218.3952,0.0200,0.1725,0.0000,0.0000,0.0000,0.0000,0.0000,0.0000,0.1273,0.1273,0.5077,0.5077,0.0000,0.0000,0.0000,-0.0012
1791179218.4151,0.0200,0.2166,0.0000,0.0000,0.0000,0.0000,0.0000,0.0000,0.1273,0.1258,0.5077,0.5077,0.0000,0.0000,0.0000,-0.0012
1791179218.4352,0.0200,0.2396,0.0000,0.0000,0.0000,0.0000,0.0000,0.0000,0.1273,0.1258,0.5077,0.5077,0.0000,0.0000,0.0000,-0.0012
1791179218.4552,0.0200,0.1690,0.0000,0.0000,0.0000,0.0000,0.0000,0.0000,0.1273,0.1273,0.5077,0.5077,0.0000,0.0000,0.0000,-0.0012
1791179218.4752,0.0200,0.2422,0.0000,0.0000,0.0000,0.0000,0.0000,0.0000,0.1273,0.1273,0.5077,0.5077,0.0000,0.0000,0.0000,-0.0012
1791179218.4952,0.0200,0.2312,0.0000,0.0000,0.0000,0.0000,0.0000,0.0000,0.1273,0.1258,0.5077,0.5077,0.0000,0.0000,0.0000,-0.0012
1791179218.5152,0.0200,0.2423,0.0000,0.0000,0.0000,0.0000,0.0000,0.0000,0.1273,0.1258,0.5077,0.5077,0.0000,0.0000,0.0000,-0.0012
1791179218.5351,0.0200,0.2641,0.0000,0.0000,0.0000,0.0000,0.0000,0.0000,0.1273,0.1258,0.5077,0.5077,0.0000,0.0000,0.0000,-0.0012
1791179218.5552,0.0200,0.2205,0.0000,0.0000,0.0000,0.0000,0.0000,0.0000,0.1273,0.1258,0.5077,0.5077,0.0000,0.0000,0.0000,-0.0012
1791179218.5752,0.0200,0.2389,0.0000,0.0000,0.0000,0.0000,0.0000,0.0000,0.1273,0.1258,0.5077,0.5077,0.0000,0.0000,0.0000,-0.0012
1791179218.5951,0.0200,0.1723,0.0000,0.0000,0.0000,0.0000,0.0000,0.0000,0.1273,0.1258,0.5077,0.5077,0.0000,0.0000,0.0000,-0.0012
1791179218.6152,0.0201,0.2277,0.0000,0.0000,0.0000,0.0000,0.0000,0.0000,0.1273,0.1258,0.5077,0.5077,0.0000,0.0000,0.0000,-0.0012
1791179218.6351,0.0199,0.2337,0.0000,0.0000,0.0000,0.0000,0.0000,0.0000,0.1273,0.1258,0.5077,0.5077,0.0000,0.0000,0.0000,-0.0012
1791179218.6552,0.0200,0.2332,0.0000,0.0000,0.0000,0.0000,0.0000,0.0000,0.1273,0.1258,0.5077,0.5077,0.0000,0.0000,0.0000,-0.0012
1791179218.6752,0.0200,0.2095,0.0000,0.0000,0.0000,0.0000,0.0000,0.0000,0.1273,0.1258,0.5077,0.5077,0.0000,0.0000,0.0000,-0.0012
1791179218.6952,0.0200,0.2341,0.0000,0.0000,0.0000,0.0000,0.0000,0.0000,0.1273,0.1258,0.5077,0.5077,0.0000,0.0000,0.0000,-0.0012
1791179218.7152,0.0200,0.1747,0.0000,0.0000,0.0000,0.0000,0.0000,0.0000,0.1273,0.1258,0.5077,0.5077,0.0000,0.0000,0.0000,-0.0012
1791179218.7351,0.0200,0.1923,0.0000,0.0000,0.0000,0.0000,0.0000,0.0000,0.1273,0.1258,0.5077,0.5077,0.0000,0.0000,0.0000,-0.0012
1791179218.7552,0.0200,0.3227,0.0000,0.0000,0.0000,0.0000,0.0000,0.0000,0.1273,0.1258,0.5077,0.5077,0.0000,0.0000,0.0000,-0.0012
1791179218.7752,0.0200,0.2155,0.0000,0.0000,0.0000,0.0000,0.0000,0.0000,0.1273,0.1258,0.5077,0.5077,0.0000,0.0000,0.0000,-0.0012
1791179218.7952,0.0200,0.2386,0.0000,0.0000,0.0000,0.0000,0.0000,0.0000,0.1273,0.1258,0.5077,0.5077,0.0000,0.0000,0.0000,-0.0012
1791179218.8152,0.0200,0.2015,0.0000,0.0000,0.0000,0.0000,0.0000,0.0000,0.1273,0.1258,0.5077,0.5077,0.0000,0.0000,0.0000,-0.0012
1791179218.8352,0.0200,0.2432,0.0000,0.0000,0.0000,0.0000,0.0000,0.0000,0.1273,0.1258,0.5077,0.5077,0.0000,0.0000,0.0000,-0.0012
1791179218.8552,0.0200,0.2329,0.0000,0.0000,0.0000,0.0000,0.0000,0.0000,0.1273,0.1273,0.5077,0.5077,0.0000,0.0000,0.0000,-0.0012
1791179218.8752,0.0200,0.2341,0.0000,0.0000,0.0000,0.0000,0.0000,0.0000,0.1273,0.1258,0.5077,0.5077,0.0000,0.0000,0.0000,-0.0011
1791179218.8952,0.0200,0.2548,0.0000,0.0000,0.0000,0.0000,0.0000,0.0000,0.1273,0.1258,0.5077,0.5077,0.0000,0.0000,0.0000,-0.0014
1791179218.9152,0.0200,0.2130,0.0000,0.0000,0.0000,0.0000,0.0000,0.0000,0.1273,0.1258,0.5077,0.5077,0.0000,0.0000,0.0000,-0.0012
1791179218.9352,0.0200,0.2333,0.0000,0.0000,0.0000,0.0000,0.0000,0.0000,0.1273,0.1273,0.5077,0.5077,0.0000,0.0000,0.0000,-0.0012
1791179218.9552,0.0200,0.2283,0.0000,0.0000,0.0000,0.0000,0.0000,0.0000,0.1273,0.1258,0.5077,0.5077,0.0000,0.0000,0.0000,-0.0012
1791179218.9752,0.0200,0.2323,0.0000,0.0000,0.0000,0.0000,0.0000,0.0000,0.1273,0.1258,0.5077,0.5077,0.0000,0.0000,0.0000,-0.0012
1791179218.9952,0.0200,0.2212,0.0000,0.0000,0.0000,0.0000,0.0000,0.0000,0.1273,0.1258,0.5077,0.5077,0.0000,0.0000,0.0000,-0.0012
1791179219.0152,0.0200,0.2314,0.0000,0.0000,0.0000,0.0000,0.0000,0.0000,0.1273,0.1273,0.5077,0.5077,0.0000,0.0000,0.0000,-0.0012
1791179219.0352,0.0200,0.2460,0.0000,0.0000,0.0000,0.0000,0.0000,0.0000,0.1273,0.1258,0.5077,0.5077,0.0000,0.0000,0.0000,-0.0012
1791179219.0552,0.0200,0.2470,0.0000,0.0000,0.0000,0.0000,0.0000,0.0000,0.1273,0.1258,0.5077,0.5077,0.0000,0.0000,0.0000,-0.0012
1791179219.0752,0.0200,0.2355,0.0000,0.0000,0.0000,0.0000,0.0000,0.0000,0.1273,0.1258,0.5077,0.5077,0.0000,0.0000,0.0000,-0.0012
1791179219.0952,0.0200,0.2412,0.0000,0.0000,0.0000,0.0000,0.0000,0.0000,0.1273,0.1258,0.5077,0.5077,0.0000,0.0000,0.0000,-0.0012
1791179219.1152,0.0200,0.3372,0.0000,0.0000,0.0000,0.0000,0.0000,0.0000,0.1273,0.1258,0.5077,0.5077,0.0000,0.0000,0.0000,-0.0012
1791179219.1352,0.0200,0.2590,0.0000,0.0000,0.0000,0.0000,0.0000,0.0000,0.1273,0.1258,0.5077,0.5077,0.0000,0.0000,0.0000,-0.0012
1791179219.1551,0.0200,0.1794,0.0000,0.0000,0.0000,0.0000,0.0000,0.0000,0.1273,0.1273,0.5077,0.5077,0.0000,0.0000,0.0000,-0.0011
1791179219.1751,0.0200,0.1938,0.0000,0.0000,0.0000,0.0000,0.0000,0.0000,0.1273,0.1273,0.5077,0.5077,0.0000,0.0000,0.0000,-0.0012
1791179219.1951,0.0200,0.1859,0.0000,0.0000,0.0000,0.0000,0.0000,0.0000,0.1273,0.1258,0.5077,0.5077,0.0000,0.0000,0.0000,-0.0012
1791179219.2151,0.0200,0.1902,0.0000,0.0000,0.0000,0.0000,0.0000,0.0000,0.1273,0.1258,0.5077,0.5077,0.0000,0.0000,0.0000,-0.0012
1791179219.2351,0.0200,0.2405,0.0000,0.0000,0.0000,0.0000,0.0000,0.0000,0.1273,0.1258,0.5077,0.5077,0.0000,0.0000,0.0000,-0.0012
1791179219.2551,0.0200,0.2111,0.0000,0.0000,0.0000,0.0000,0.0000,0.0000,0.1273,0.1258,0.5077,0.5077,0.0000,0.0000,0.0000,-0.0012
1791179219.2751,0.0200,0.2419,0.0000,0.0000,0.0000,0.0000,0.0000,0.0000,0.1273,0.1258,0.5077,0.5077,0.0000,0.0000,0.0000,-0.0012
1791179219.2951,0.0200,0.1849,0.0000,0.0000,0.0000,0.0000,0.0000,0.0000,0.1273,0.1273,0.5077,0.5077,0.0000,0.0000,0.0000,-0.0012
1791179219.3151,0.0200,0.1812,0.0000,0.0000,0.0000,0.0000,0.0000,0.0000,0.1273,0.1273,0.5077,0.5077,0.0000,0.0000,0.0000,-0.0012
1791179219.3352,0.0200,0.2407,0.0000,0.0000,0.0000,0.0000,0.0000,0.0000,0.1273,0.1273,0.5077,0.5077,0.0000,0.0000,0.0000,-0.0012
1791179219.3552,0.0200,0.2377,0.0000,0.0000,0.0000,0.0000,0.0000,0.0000,0.1273,0.1258,0.5077,0.5077,0.0000,0.0000,0.0000,-0.0012
1791179219.3752,0.0200,0.2334,0.0000,0.0000,0.0000,0.0000,0.0000,0.0000,0.1273,0.1273,0.5077,0.5077,0.0000,0.0000,0.0000,-0.0012
1791179219.3952,0.0200,0.2100,0.0000,0.0000,0.0000,0.0000,0.0000,0.0000,0.1273,0.1273,0.5077,0.5077,0.0000,0.0000,0.0000,-0.0012
1791179219.4152,0.0200,0.2052,0.0000,0.0000,0.0000,0.0000,0.0000,0.0000,0.1273,0.1258,0.5077,0.5077,0.0000,0.0000,0.0000,-0.0012
1791179219.4352,0.0200,0.2382,0.0000,0.0000,0.0000,0.0000,0.0000,0.0000,0.1273,0.1258,0.5077,0.5077,0.0000,0.0000,0.0000,-0.0012
1791179219.4552,0.0200,0.2298,0.0000,0.0000,0.0000,0.0000,0.0000,0.0000,0.1273,0.1258,0.5077,0.5077,0.0000,0.0000,0.0000,-0.0012
1791179219.4752,0.0200,0.1668,0.0000,0.0000,0.0000,0.0000,0.0000,0.0000,0.1273,0.1258,0.5077,0.5077,0.0000,0.0000,0.0000,-0.0012
1791179219.4951,0.0200,0.2409,0.0000,0.0000,0.0000,0.0000,0.0000,0.0000,0.1273,0.1258,0.5077,0.5077,0.0000,0.0000,0.0000,-0.0012
1791179219.5152,0.0200,0.2288,0.0000,0.0000,0.0000,0.0000,0.0000,0.0000,0.1273,0.1258,0.5077,0.5077,0.0000,0.0000,0.0000,-0.0012
1791179219.5352,0.0200,0.1751,0.0000,0.0000,0.0000,0.0000,0.0000,0.0000,0.1273,0.1258,0.5077,0.5077,0.0000,0.0000,0.0000,-0.0012
1791179219.5551,0.0200,0.1874,0.0000,0.0000,0.0000,0.0000,0.0000,0.0000,0.1273,0.1258,0.5077,0.5077,0.0000,0.0000,0.0000,-0.0012
1791179219.5752,0.0200,0.2471,0.0000,0.0000,0.0000,0.0000,0.0000,0.0000,0.1273,0.1258,0.5077,0.5077,0.0000,0.0000,0.0000,-0.0012
1791179219.5952,0.0200,0.2361,0.0000,0.0000,0.0000,0.0000,0.0000,0.0000,0.1273,0.1258,0.5077,0.5077,0.0000,0.0000,0.0000,-0.0012
1791179219.6152,0.0200,0.2448,0.0000,0.0000,0.0000,0.0000,0.0000,0.0000,0.1273,0.1258,0.5077,0.5077,0.0000,0.0000,0.0000,-0.0012
1791179219.6352,0.0200,0.1840,0.0000,0.0000,0.0000,0.0000,0.0000,0.0000,0.1273,0.1258,0.5077,0.5077,0.0000,0.0000,0.0000,-0.0012
1791179219.6551,0.0200,0.2159,0.0000,0.0000,0.0000,0.0000,0.0000,0.0000,0.1273,0.1258,0.5077,0.5077,0.0000,0.0000,0.0000,-0.0012
1791179219.6752,0.0200,0.2370,0.0000,0.0000,0.0000,0.0000,0.0000,0.0000,0.1273,0.1258,0.5077,0.5077,0.0000,0.0000,0.0000,-0.0012
1791179219.6952,0.0200,0.1820,0.0000,0.0000,0.0000,0.0000,0.0000,0.0000,0.1273,0.1258,0.5077,0.5077,0.0000,0.0000,0.0000,-0.0012
1791179219.7151,0.0200,0.1833,0.0000,0.0000,0.0000,0.0000,0.0000,0.0000,0.1273,0.1258,0.5077,0.5077,0.0000,0.0000,0.0000,-0.0012
1791179219.7351,0.0200,0.2160,0.0000,0.0000,0.0000,0.0000,0.0000,0.0000,0.1273,0.1273,0.5077,0.5077,0.0000,0.0000,0.0000,-0.0012
1791179219.7552,0.0200,0.2363,0.0000,0.0000,0.0000,0.0000,0.0000,0.0000,0.1273,0.1258,0.5077,0.5077,0.0000,0.0000,0.0000,-0.0012
1791179219.7752,0.0200,0.1984,0.0000,0.0000,0.0000,0.0000,0.0000,0.0000,0.1273,0.1258,0.5077,0.5077,0.0000,0.0000,0.0000,-0.0012
1791179219.7952,0.0200,0.2420,0.0000,0.0000,0.0000,0.0000,0.0000,0.0000,0.1273,0.1258,0.5077,0.5077,0.0000,0.0000,0.0000,-0.0012
1791179219.8152,0.0200,0.2408,0.0000,0.0000,0.0000,0.0000,0.0000,0.0000,0.1273,0.1258,0.5077,0.5077,0.0000,0.0000,0.0000,-0.0012
1791179219.8352,0.0200,0.2345,0.0000,0.0000,0.0000,0.0000,0.0000,0.0000,0.1273,0.1258,0.5077,0.5077,0.0000,0.0000,0.0000,-0.0012
1791179219.8552,0.0200,0.2413,0.0000,0.0000,0.0000,0.0000,0.0000,0.0000,0.1273,0.1258,0.5077,0.5077,0.0000,0.0000,0.0000,-0.0012
1791179219.8752,0.0200,0.3316,0.0000,0.0000,0.0000,0.0000,0.0000,0.0000,0.1273,0.1258,0.5077,0.5077,0.0000,0.0000,0.0000,-0.0012
1791179219.8951,0.0200,0.2220,0.0000,0.0000,0.0000,0.0000,0.0000,0.0000,0.1273,0.1273,0.5077,0.5062,0.0000,0.0000,0.0000,-0.0012
1791179219.9151,0.0200,0.2154,0.0000,0.0000,0.0000,0.0000,0.0000,0.0000,0.1273,0.1258,0.5077,0.5077,0.0000,0.0000,0.0000,-0.0011
1791179219.9352,0.0200,0.2391,0.0000,0.0000,0.0000,0.0000,0.0000,0.0000,0.1273,0.1258,0.5077,0.5077,0.0000,0.0000,0.0000,-0.0012
1791179219.9552,0.0200,0.2438,0.0000,0.0000,0.0000,0.0000,0.0000,0.0000,0.1273,0.1258,0.5077,0.5077,0.0000,0.0000,0.0000,-0.0012
1791179219.9752,0.0200,0.2318,0.0000,0.0000,0.0000,0.0000,0.0000,0.0000,0.1273,0.1258,0.5077,0.5077,0.0000,0.0000,0.0000,-0.0012
1791179219.9952,0.0200,0.2285,0.0000,0.0000,0.0000,0.0000,0.0000,0.0000,0.1273,0.1258,0.5077,0.5062,0.0000,0.0000,0.0000,-0.0012
1791179220.0152,0.0200,0.2264,0.0000,0.0000,0.0000,0.0000,0.0000,0.0000,0.1273,0.1273,0.5077,0.5077,0.0000,0.0000,0.0000,-0.0012
1791179220.0352,0.0200,0.2294,0.0000,0.0000,0.0000,0.0000,0.0000,0.0000,0.1273,0.1258,0.5077,0.5077,0.0000,0.0000,0.0000,-0.0012
1791179220.0552,0.0200,0.2355,0.0000,0.0000,0.0000,0.0000,0.0000,0.0000,0.1273,0.1258,0.5077,0.5077,0.0000,0.0000,0.0000,-0.0012
1791179220.0752,0.0200,0.2269,0.0000,0.0000,0.0000,0.0000,0.0000,0.0000,0.1273,0.1258,0.5077,0.5077,0.0000,0.0000,0.0000,-0.0012
1791179220.0952,0.0200,0.2309,0.0000,0.0000,0.0000,0.0000,0.0000,0.0000,0.1273,0.1258,0.5077,0.5077,0.0000,0.0000,0.0000,-0.0012
1791179220.1152,0.0200,0.2258,0.0000,0.0000,0.0000,0.0000,0.0000,0.0000,0.1273,0.1258,0.5077,0.5077,0.0000,0.0000,0.0000,-0.0012
1791179220.1352,0.0200,0.2268,0.0000,0.0000,0.0000,0.0000,0.0000,0.0000,0.1273,0.1258,0.5077,0.5077,0.0000,0.0000,0.0000,-0.0012
1791179220.1552,0.0200,0.2414,0.0000,0.0000,0.0000,0.0000,0.0000,0.0000,0.1273,0.1258,0.5077,0.5077,0.0000,0.0000,0.0000,-0.0012
1791179220.1752,0.0200,0.2565,0.0000,0.0000,0.0000,0.0000,0.0000,0.0000,0.1273,0.1258,0.5077,0.5062,0.0000,0.0000,0.0000,-0.0012
1791179220.1952,0.0200,0.2464,0.0000,0.0000,0.0000,0.0000,0.0000,0.0000,0.1273,0.1258,0.5077,0.5077,0.0000,0.0000,0.0000,-0.0012
1791179220.2151,0.0200,0.1868,0.0000,0.0000,0.0000,0.0000,0.0000,0.0000,0.1273,0.1258,0.5077,0.5077,0.0000,0.0000,0.0000,-0.0012
1791179220.2351,0.0200,0.2436,0.0000,0.0000,0.0000,0.0000,0.0000,0.0000,0.1273,0.1258,0.5077,0.5077,0.0000,0.0000,0.0000,-0.0012
1791179220.2551,0.0200,0.2187,0.0000,0.0000,0.0000,0.0000,0.0000,0.0000,0.1273,0.1258,0.5077,0.5077,0.0000,0.0000,0.0000,-0.0012
1791179220.2752,0.0200,0.2392,0.0000,0.0000,0.0000,0.0000,0.0000,0.0000,0.1273,0.1258,0.5077,0.5062,0.0000,0.0000,0.0000,-0.0012
1791179220.2951,0.0200,0.1912,0.0000,0.0000,0.0000,0.0000,0.0000,0.0000,0.1273,0.1273,0.5077,0.5077,0.0000,0.0000,0.0000,-0.0012
1791179220.3151,0.0200,0.1840,0.0000,0.0000,0.0000,0.0000,0.0000,0.0000,0.1273,0.1258,0.5077,0.5077,0.0000,0.0000,0.0000,-0.0012
1791179220.3352,0.0200,0.2388,0.0000,0.0000,0.0000,0.0000,0.0000,0.0000,0.1273,0.1258,0.5077,0.5077,0.0000,0.0000,0.0000,-0.0012
1791179220.3552,0.0200,0.2332,0.0000,0.0000,0.0000,0.0000,0.0000,0.0000,0.1273,0.1273,0.5077,0.5077,0.0000,0.0000,0.0000,-0.0012
1791179220.3752,0.0200,0.2243,0.0000,0.0000,0.0000,0.0000,0.0000,0.0000,0.1273,0.1273,0.5077,0.5077,0.0000,0.0000,0.0000,-0.0012
1791179220.3951,0.0200,0.2328,0.0000,0.0000,0.0000,0.0000,0.0000,0.0000,0.1273,0.1258,0.5077,0.5062,0.0000,0.0000,0.0000,-0.0012
1791179220.4151,0.0200,0.1901,0.0000,0.0000,0.0000,0.0000,0.0000,0.0000,0.1273,0.1258,0.5077,0.5077,0.0000,0.0000,0.0000,-0.0012
1791179220.4352,0.0200,0.2472,0.0000,0.0000,0.0000,0.0000,0.0000,0.0000,0.1273,0.1258,0.5077,0.5077,0.0000,0.0000,0.0000,-0.0012
1791179220.4552,0.0200,0.2092,0.0000,0.0000,0.0000,0.0000,0.0000,0.0000,0.1273,0.1273,0.5077,0.5077,0.0000,0.0000,0.0000,-0.0012
1791179220.4752,0.0200,0.3507,0.0000,0.0000,0.0000,0.0000,0.0000,0.0000,0.1273,0.1258,0.5077,0.5077,0.0000,0.0000,0.0000,-0.0012
1791179220.4952,0.0200,0.2268,0.0000,0.0000,0.0000,0.0000,0.0000,0.0000,0.1273,0.1258,0.5077,0.5077,0.0000,0.0000,0.0000,-0.0012
1791179220.5152,0.0200,0.1971,0.0000,0.0000,0.0000,0.0000,0.0000,0.0000,0.1273,0.1258,0.5077,0.5077,0.0000,0.0000,0.0000,-0.0012
1791179220.5351,0.0200,0.2244,0.0000,0.0000,0.0000,0.0000,0.0000,0.0000,0.1273,0.1273,0.5077,0.5077,0.0000,0.0000,0.0000,-0.0012
1791179220.5552,0.0200,0.2453,0.0000,0.0000,0.0000,0.0000,0.0000,0.0000,0.1273,0.1258,0.5077,0.5077,0.0000,0.0000,0.0000,-0.0012
1791179220.5752,0.0200,0.2550,0.0000,0.0000,0.0000,0.0000,0.0000,0.0000,0.1273,0.1258,0.5077,0.5077,0.0000,0.0000,0.0000,-0.0012
1791179220.5951,0.0199,0.1734,0.0000,0.0000,0.0000,0.0000,0.0000,0.0000,0.1273,0.1258,0.5077,0.5077,0.0000,0.0000,0.0000,-0.0012
1791179220.6152,0.0200,0.2422,0.0000,0.0000,0.0000,0.0000,0.0000,0.0000,0.1273,0.1258,0.5077,0.5077,0.0000,0.0000,0.0000,-0.0012
1791179220.6352,0.0200,0.1727,0.0000,0.0000,0.0000,0.0000,0.0000,0.0000,0.1273,0.1258,0.5077,0.5062,0.0000,0.0000,0.0000,-0.0012
1791179220.6551,0.0200,0.1928,0.0000,0.0000,0.0000,0.0000,0.0000,0.0000,0.1273,0.1258,0.5077,0.5077,0.0000,0.0000,0.0000,-0.0012
1791179220.6751,0.0200,0.2138,0.0000,0.0000,0.0000,0.0000,0.0000,0.0000,0.1273,0.1258,0.5077,0.5077,0.0000,0.0000,0.0000,-0.0012
1791179220.6952,0.0200,0.2304,0.0000,0.0000,0.0000,0.0000,0.0000,0.0000,0.1273,0.1258,0.5077,0.5077,0.0000,0.0000,0.0000,-0.0012
1791179220.7152,0.0200,0.1815,0.0000,0.0000,0.0000,0.0000,0.0000,0.0000,0.1273,0.1273,0.5077,0.5077,0.0000,0.0000,0.0000,-0.0012
1791179220.7351,0.0200,0.1877,0.0000,0.0000,0.0000,0.0000,0.0000,0.0000,0.1273,0.1258,0.5077,0.5077,0.0000,0.0000,0.0000,-0.0012
1791179220.7551,0.0200,0.3068,0.0000,0.0000,0.0000,0.0000,0.0000,0.0000,0.1273,0.1273,0.5077,0.5077,0.0000,0.0000,0.0000,-0.0012
1791179220.7752,0.0200,0.3064,0.0000,0.0000,0.0000,0.0000,0.0000,0.0000,0.1273,0.1273,0.5077,0.5077,0.0000,0.0000,0.0000,-0.0012
1791179220.7952,0.0200,0.2249,0.0000,0.0000,0.0000,0.0000,0.0000,0.0000,0.1273,0.1273,0.5077,0.5077,0.0000,0.0000,0.0000,-0.0012
1791179220.8152,0.0200,0.2458,0.0000,0.0000,0.0000,0.0000,0.0000,0.0000,0.1273,0.1258,0.5077,0.5077,0.0000,0.0000,0.0000,-0.0012
1791179220.8352,0.0200,0.2359,0.0000,0.0000,0.0000,0.0000,0.0000,0.0000,0.1273,0.1273,0.5077,0.5077,0.0000,0.0000,0.0000,-0.0012
1791179220.8552,0.0200,0.2265,0.0000,0.0000,0.0000,0.0000,0.0000,0.0000,0.1273,0.1258,0.5077,0.5077,0.0000,0.0000,0.0000,-0.0012
1791179220.8752,0.0200,0.2417,0.0000,0.0000,0.0000,0.0000,0.0000,0.0000,0.1273,0.1258,0.5077,0.5077,0.0000,0.0000,0.0000,-0.0012
1791179220.8952,0.0200,0.2351,0.0000,0.0000,0.0000,0.0000,0.0000,0.0000,0.1273,0.1258,0.5077,0.5077,0.0000,0.0000,0.0000,-0.0012
1791179220.9152,0.0200,0.2344,0.0000,0.0000,0.0000,0.0000,0.0000,0.0000,0.1273,0.1258,0.5077,0.5077,0.0000,0.0000,0.0000,-0.0012
1791179220.9352,0.0200,0.2329,0.0000,0.0000,0.0000,0.0000,0.0000,0.0000,0.1273,0.1258,0.5077,0.5077,0.0000,0.0000,0.0000,-0.0012
1791179220.9552,0.0200,0.3336,0.0000,0.0000,0.0000,0.0000,0.0000,0.0000,0.1273,0.1258,0.5077,0.5077,0.0000,0.0000,0.0000,-0.0012
1791179220.9752,0.0200,0.2201,0.0000,0.0000,0.0000,0.0000,0.0000,0.0000,0.1273,0.1258,0.5077,0.5077,0.0000,0.0000,0.0000,-0.0012
1791179220.9952,0.0200,0.2338,0.0000,0.0000,0.0000,0.0000,0.0000,0.0000,0.1273,0.1273,0.5077,0.5077,0.0000,0.0000,0.0000,-0.0012
1791179221.0152,0.0200,0.2381,0.0000,0.0000,0.0000,0.0000,0.0000,0.0000,0.1273,0.1273,0.5077,0.5077,0.0000,0.0000,0.0000,-0.0012
1791179221.0352,0.0200,0.2475,0.0000,0.0000,0.0000,0.0000,0.0000,0.0000,0.1273,0.1258,0.5077,0.5077,0.0000,0.0000,0.0000,-0.0012
1791179221.0552,0.0200,0.2060,0.0000,0.0000,0.0000,0.0000,0.0000,0.0000,0.1273,0.1258,0.5077,0.5077,0.0000,0.0000,0.0000,-0.0012
1791179221.0752,0.0200,0.2409,0.0000,0.0000,0.0000,0.0000,0.0000,0.0000,0.1273,0.1258,0.5077,0.5077,0.0000,0.0000,0.0000,-0.0012
1791179221.0952,0.0200,0.2512,0.0000,0.0000,0.0000,0.0000,0.0000,0.0000,0.1273,0.1273,0.5077,0.5077,0.0000,0.0000,0.0000,-0.0012
1791179221.1152,0.0200,0.2571,0.0000,0.0000,0.0000,0.0000,0.0000,0.0000,0.1273,0.1273,0.5077,0.5077,0.0000,0.0000,0.0000,-0.0012
1791179221.1352,0.0200,0.2547,0.0000,0.0000,0.0000,0.0000,0.0000,0.0000,0.1273,0.1258,0.5077,0.5077,0.0000,0.0000,0.0000,-0.0012
1791179221.1552,0.0200,0.2603,0.0000,0.0000,0.0000,0.0000,0.0000,0.0000,0.1273,0.1258,0.5077,0.5077,0.0000,0.0000,0.0000,-0.0012
1791179221.1752,0.0200,0.2234,0.0000,0.0000,0.0000,0.0000,0.0000,0.0000,0.1273,0.1273,0.5077,0.5077,0.0000,0.0000,0.0000,-0.0012
1791179221.1951,0.0200,0.2187,0.0000,0.0000,0.0000,0.0000,0.0000,0.0000,0.1273,0.1258,0.5077,0.5077,0.0000,0.0000,0.0000,-0.0012
1791179221.2151,0.0200,0.1904,0.0000,0.0000,0.0000,0.0000,0.0000,0.0000,0.1273,0.1258,0.5077,0.5077,0.0000,0.0000,0.0000,-0.0012
1791179221.2351,0.0200,0.2509,0.0000,0.0000,0.0000,0.0000,0.0000,0.0000,0.1273,0.1258,0.5077,0.5062,0.0000,0.0000,0.0000,-0.0012
1791179221.2551,0.0200,0.1704,0.0000,0.0000,0.0000,0.0000,0.0000,0.0000,0.1273,0.1258,0.5077,0.5077,0.0000,0.0000,0.0000,-0.0012
1791179221.2751,0.0200,0.2399,0.0000,0.0000,0.0000,0.0000,0.0000,0.0000,0.1273,0.1258,0.5077,0.5077,0.0000,0.0000,0.0000,-0.0012
1791179221.2951,0.0200,0.1691,0.0000,0.0000,0.0000,0.0000,0.0000,0.0000,0.1273,0.1258,0.5077,0.5077,0.0000,0.0000,0.0000,-0.0012
1791179221.3151,0.0200,0.2461,0.0000,0.0000,0.0000,0.0000,0.0000,0.0000,0.1273,0.1273,0.5077,0.5077,0.0000,0.0000,0.0000,-0.0012
1791179221.3351,0.0200,0.2073,0.0000,0.0000,0.0000,0.0000,0.0000,0.0000,0.1273,0.1258,0.5077,0.5077,0.0000,0.0000,0.0000,-0.0012
1791179221.3552,0.0200,0.2351,0.0000,0.0000,0.0000,0.0000,0.0000,0.0000,0.1273,0.1258,0.5077,0.5077,0.0000,0.0000,0.0000,-0.0012
1791179221.3752,0.0200,0.2323,0.0000,0.0000,0.0000,0.0000,0.0000,0.0000,0.1273,0.1258,0.5077,0.5077,0.0000,0.0000,0.0000,-0.0012
1791179221.3952,0.0200,0.2337,0.0000,0.0000,0.0000,0.0000,0.0000,0.0000,0.1273,0.1273,0.5077,0.5077,0.0000,0.0000,0.0000,-0.0012
1791179221.4152,0.0200,0.2032,0.0000,0.0000,0.0000,0.0000,0.0000,0.0000,0.1273,0.1258,0.5077,0.5077,0.0000,0.0000,0.0000,-0.0012
1791179221.4352,0.0200,0.2272,0.0000,0.0000,0.0000,0.0000,0.0000,0.0000,0.1273,0.1258,0.5077,0.5077,0.0000,0.0000,0.0000,-0.0012
1791179221.4552,0.0200,0.2321,0.0000,0.0000,0.0000,0.0000,0.0000,0.0000,0.1273,0.1273,0.5077,0.5077,0.0000,0.0000,0.0000,-0.0012
1791179221.4752,0.0200,0.2299,0.0000,0.0000,0.0000,0.0000,0.0000,0.0000,0.1273,0.1258,0.5077,0.5077,0.0000,0.0000,0.0000,-0.0012
1791179221.4952,0.0200,0.2279,0.0000,0.0000,0.0000,0.0000,0.0000,0.0000,0.1273,0.1258,0.5077,0.5077,0.0000,0.0000,0.0000,-0.0012
1791179221.5152,0.0200,0.2320,0.0000,0.0000,0.0000,0.0000,0.0000,0.0000,0.1273,0.1273,0.5077,0.5077,0.0000,0.0000,0.0000,-0.0012
1791179221.5352,0.0200,0.2305,0.0000,0.0000,0.0000,0.0000,0.0000,0.0000,0.1273,0.1258,0.5077,0.5077,0.0000,0.0000,0.0000,-0.0012
1791179221.5552,0.0200,0.1837,0.0000,0.0000,0.0000,0.0000,0.0000,0.0000,0.1273,0.1258,0.5077,0.5077,0.0000,0.0000,0.0000,-0.0012
1791179221.5751,0.0200,0.1956,0.0000,0.0000,0.0000,0.0000,0.0000,0.0000,0.1273,0.1258,0.5077,0.5077,0.0000,0.0000,0.0000,-0.0012
1791179221.5951,0.0200,0.2209,0.0000,0.0000,0.0000,0.0000,0.0000,0.0000,0.1273,0.1258,0.5077,0.5077,0.0000,0.0000,0.0000,-0.0012
1791179221.6152,0.0200,0.2430,0.0000,0.0000,0.0000,0.0000,0.0000,0.0000,0.1273,0.1258,0.5077,0.5077,0.0000,0.0000,0.0000,-0.0012
1791179221.6352,0.0200,0.2120,0.0000,0.0000,0.0000,0.0000,0.0000,0.0000,0.1273,0.1258,0.5077,0.5077,0.0000,0.0000,0.0000,-0.0012
1791179221.6552,0.0200,0.2309,0.0000,0.0000,0.0000,0.0000,0.0000,0.0000,0.1273,0.1258,0.5077,0.5077,0.0000,0.0000,0.0000,-0.0012
1791179221.6752,0.0200,0.2549,0.0000,0.0000,0.0000,0.0000,0.0000,0.0000,0.1273,0.1258,0.5077,0.5077,0.0000,0.0000,0.0000,-0.0012
1791179221.6952,0.0200,0.2370,0.0000,0.0000,0.0000,0.0000,0.0000,0.0000,0.1273,0.1258,0.5077,0.5077,0.0000,0.0000,0.0000,-0.0012
1791179221.7152,0.0200,0.2386,0.0000,0.0000,0.0000,0.0000,0.0000,0.0000,0.1273,0.1258,0.5077,0.5077,0.0000,0.0000,0.0000,-0.0012
1791179221.7352,0.0200,0.3338,0.0000,0.0000,0.0000,0.0000,0.0000,0.0000,0.1273,0.1258,0.5077,0.5077,0.0000,0.0000,0.0000,-0.0012
1791179221.7552,0.0200,0.2846,0.0000,0.0000,0.0000,0.0000,0.0000,0.0000,0.1273,0.1258,0.5077,0.5062,0.0000,0.0000,0.0000,-0.0012
1791179221.7752,0.0200,0.2213,0.0000,0.0000,0.0000,0.0000,0.0000,0.0000,0.1273,0.1273,0.5077,0.5077,0.0000,0.0000,0.0000,-0.0012
1791179221.7952,0.0200,0.2338,0.0000,0.0000,0.0000,0.0000,0.0000,0.0000,0.1273,0.1258,0.5077,0.5077,0.0000,0.0000,0.0000,-0.0012
1791179221.8152,0.0200,0.2005,0.0000,0.0000,0.0000,0.0000,0.0000,0.0000,0.1273,0.1258,0.5077,0.5077,0.0000,0.0000,0.0000,-0.0012
1791179221.8351,0.0199,0.2317,0.0000,0.0000,0.0000,0.0000,0.0000,0.0000,0.1273,0.1258,0.5077,0.5077,0.0000,0.0000,0.0000,-0.0012
1791179221.8552,0.0200,0.2102,0.0000,0.0000,0.0000,0.0000,0.0000,0.0000,0.1273,0.1258,0.5077,0.5077,0.0000,0.0000,0.0000,-0.0012
1791179221.8752,0.0200,0.2299,0.0000,0.0000,0.0000,0.0000,0.0000,0.0000,0.1273,0.1258,0.5077,0.5077,0.0000,0.0000,0.0000,-0.0012
1791179221.8951,0.0200,0.2376,0.0000,0.0000,0.0000,0.0000,0.0000,0.0000,0.1273,0.1258,0.5077,0.5077,0.0000,0.0000,0.0000,-0.0012
1791179221.9152,0.0200,0.2406,0.0000,0.0000,0.0000,0.0000,0.0000,0.0000,0.1273,0.1258,0.5077,0.5077,0.0000,0.0000,0.0000,-0.0012
1791179221.9352,0.0200,0.2360,0.0000,0.0000,0.0000,0.0000,0.0000,0.0000,0.1273,0.1258,0.5077,0.5077,0.0000,0.0000,0.0000,-0.0012
1791179221.9552,0.0200,0.3167,0.0000,0.0000,0.0000,0.0000,0.0000,0.0000,0.1273,0.1273,0.5077,0.5077,0.0000,0.0000,0.0000,-0.0012
1791179221.9752,0.0200,0.2815,0.0000,0.0000,0.0000,0.0000,0.0000,0.0000,0.1273,0.1273,0.5077,0.5077,0.0000,0.0000,0.0000,-0.0012
1791179221.9952,0.0200,0.2415,0.0000,0.0000,0.0000,0.0000,0.0000,0.0000,0.1273,0.1258,0.5077,0.5077,0.0000,0.0000,0.0000,-0.0012
1791179222.0152,0.0200,0.2408,0.0000,0.0000,0.0000,0.0000,0.0000,0.0000,0.1273,0.1258,0.5077,0.5077,0.0000,0.0000,0.0000,-0.0012
1791179222.0352,0.0200,0.3283,0.0000,0.0000,0.0000,0.0000,0.0000,0.0000,0.1273,0.1258,0.5077,0.5077,0.0000,0.0000,0.0000,-0.0012
1791179222.0552,0.0200,0.2470,0.0000,0.0000,0.0000,0.0000,0.0000,0.0000,0.1273,0.1258,0.5077,0.5077,0.0000,0.0000,0.0000,-0.0012
1791179222.0752,0.0200,0.2445,0.0000,0.0000,0.0000,0.0000,0.0000,0.0000,0.1273,0.1258,0.5077,0.5077,0.0000,0.0000,0.0000,-0.0012
1791179222.0952,0.0200,0.2353,0.0000,0.0000,0.0000,0.0000,0.0000,0.0000,0.1273,0.1258,0.5077,0.5077,0.0000,0.0000,0.0000,-0.0012
1791179222.1152,0.0200,0.2430,0.0000,0.0000,0.0000,0.0000,0.0000,0.0000,0.1273,0.1258,0.5077,0.5077,0.0000,0.0000,0.0000,-0.0012
1791179222.1352,0.0200,0.2417,0.0000,0.0000,0.0000,0.0000,0.0000,0.0000,0.1273,0.1258,0.5077,0.5062,0.0000,0.0000,0.0000,-0.0012
1791179222.1551,0.0200,0.2094,0.0000,0.0000,0.0000,0.0000,0.0000,0.0000,0.1273,0.1258,0.5077,0.5077,0.0000,0.0000,0.0000,-0.0012
1791179222.1751,0.0200,0.1842,0.0000,0.0000,0.0000,0.0000,0.0000,0.0000,0.1273,0.1258,0.5077,0.5077,0.0000,0.0000,0.0000,-0.0012
1791179222.1951,0.0200,0.2417,0.0000,0.0000,0.0000,0.0000,0.0000,0.0000,0.1273,0.1258,0.5077,0.5077,0.0000,0.0000,0.0000,-0.0012
1791179222.2151,0.0200,0.1646,0.0000,0.0000,0.0000,0.0000,0.0000,0.0000,0.1273,0.1258,0.5077,0.5077,0.0000,0.0000,0.0000,-0.0012
1791179222.2351,0.0200,0.2440,0.0000,0.0000,0.0000,0.0000,0.0000,0.0000,0.1273,0.1258,0.5077,0.5077,0.0000,0.0000,0.0000,-0.0012
1791179222.2551,0.0200,0.1644,0.0000,0.0000,0.0000,0.0000,0.0000,0.0000,0.1273,0.1258,0.5077,0.5077,0.0000,0.0000,0.0000,-0.0012
1791179222.2751,0.0200,0.2410,0.0000,0.0000,0.0000,0.0000,0.0000,0.0000,0.1273,0.1273,0.5077,0.5077,0.0000,0.0000,0.0000,-0.0012
1791179222.2951,0.0200,0.2110,0.0000,0.0000,0.0000,0.0000,0.0000,0.0000,0.1273,0.1258,0.5077,0.5062,0.0000,0.0000,0.0000,-0.0012
1791179222.3152,0.0200,0.2501,0.0000,0.0000,0.0000,0.0000,0.0000,0.0000,0.1273,0.1258,0.5077,0.5077,0.0000,0.0000,0.0000,-0.0012
1791179222.3351,0.0200,0.2240,0.0000,0.0000,0.0000,0.0000,0.0000,0.0000,0.1273,0.1258,0.5077,0.5077,0.0000,0.0000,0.0000,-0.0012
1791179222.3552,0.0200,0.2400,0.0000,0.0000,0.0000,0.0000,0.0000,0.0000,0.1273,0.1273,0.5077,0.5077,0.0000,0.0000,0.0000,-0.0012
1791179222.3752,0.0200,0.2276,0.0000,0.0000,0.0000,0.0000,0.0000,0.0000,0.1273,0.1273,0.5077,0.5077,0.0000,0.0000,0.0000,-0.0012
1791179222.3952,0.0200,0.2306,0.0000,0.0000,0.0000,0.0000,0.0000,0.0000,0.1273,0.1273,0.5077,0.5077,0.0000,0.0000,0.0000,-0.0012
1791179222.4152,0.0200,0.2358,0.0000,0.0000,0.0000,0.0000,0.0000,0.0000,0.1273,0.1273,0.5077,0.5077,0.0000,0.0000,0.0000,-0.0012
1791179222.4352,0.0200,0.2328,0.0000,0.0000,0.0000,0.0000,0.0000,0.0000,0.1273,0.1258,0.5077,0.5077,0.0000,0.0000,0.0000,-0.0012
1791179222.4552,0.0200,0.2327,0.0000,0.0000,0.0000,0.0000,0.0000,0.0000,0.1273,0.1258,0.5077,0.5077,0.0000,0.0000,0.0000,-0.0012
1791179222.4752,0.0200,0.2285,0.0000,0.0000,0.0000,0.0000,0.0000,0.0000,0.1273,0.1258,0.5077,0.5077,0.0000,0.0000,0.0000,-0.0012
1791179222.4952,0.0200,0.2281,0.0000,0.0000,0.0000,0.0000,0.0000,0.0000,0.1273,0.1258,0.5077,0.5077,0.0000,0.0000,0.0000,-0.0012
1791179222.5152,0.0200,0.2285,0.0000,0.0000,0.0000,0.0000,0.0000,0.0000,0.1273,0.1258,0.5077,0.5077,0.0000,0.0000,0.0000,-0.0012
1791179222.5352,0.0200,0.2304,0.0000,0.0000,0.0000,0.0000,0.0000,0.0000,0.1273,0.1258,0.5077,0.5077,0.0000,0.0000,0.0000,-0.0012
1791179222.5551,0.0200,0.1711,0.0000,0.0000,0.0000,0.0000,0.0000,0.0000,0.1273,0.1258,0.5077,0.5077,0.0000,0.0000,0.0000,-0.0012
1791179222.5752,0.0200,0.2506,0.0000,0.0000,0.0000,0.0000,0.0000,0.0000,0.1273,0.1273,0.5077,0.5077,0.0000,0.0000,0.0000,-0.0012
1791179222.5951,0.0200,0.2182,0.0000,0.0000,0.0000,0.0000,0.0000,0.0000,0.1273,0.1258,0.5077,0.5062,0.0000,0.0000,0.0000,-0.0012
1791179222.6151,0.0200,0.2118,0.0000,0.0000,0.0000,0.0000,0.0000,0.0000,0.1273,0.1258,0.5077,0.5077,0.0000,0.0000,0.0000,-0.0012
1791179222.6352,0.0200,0.2032,0.0000,0.0000,0.0000,0.0000,0.0000,0.0000,0.1273,0.1273,0.5077,0.5077,0.0000,0.0000,0.0000,-0.0012
1791179222.6552,0.0200,0.2430,0.0000,0.0000,0.0000,0.0000,0.0000,0.0000,0.1273,0.1258,0.5077,0.5077,0.0000,0.0000,0.0000,-0.0012
1791179222.6752,0.0200,0.2367,0.0000,0.0000,0.0000,0.0000,0.0000,0.0000,0.1273,0.1273,0.5077,0.5077,0.0000,0.0000,0.0000,-0.0012
1791179222.6952,0.0200,0.3294,0.0000,0.0000,0.0000,0.0000,0.0000,0.0000,0.1273,0.1258,0.5077,0.5077,0.0000,0.0000,0.0000,-0.0012
1791179222.7152,0.0200,0.2116,0.0000,0.0000,0.0000,0.0000,0.0000,0.0000,0.1273,0.1258,0.5077,0.5077,0.0000,0.0000,0.0000,-0.0012
1791179222.7352,0.0200,0.3306,0.0000,0.0000,0.0000,0.0000,0.0000,0.0000,0.1273,0.1258,0.5077,0.5077,0.0000,0.0000,0.0000,-0.0012
1791179222.7552,0.0200,0.2158,0.0000,0.0000,0.0000,0.0000,0.0000,0.0000,0.1273,0.1258,0.5077,0.5077,0.0000,0.0000,0.0000,-0.0012
1791179222.7752,0.0200,0.2341,0.0000,0.0000,0.0000,0.0000,0.0000,0.0000,0.1273,0.1258,0.5077,0.5077,0.0000,0.0000,0.0000,-0.0012
1791179222.7951,0.0200,0.2352,0.0000,0.0000,0.0000,0.0000,0.0000,0.0000,0.1273,0.1258,0.5077,0.5077,0.0000,0.0000,0.0000,-0.0012
1791179222.8152,0.0200,0.2368,0.0000,0.0000,0.0000,0.0000,0.0000,0.0000,0.1273,0.1258,0.5077,0.5077,0.0000,0.0000,0.0000,-0.0012
1791179222.8352,0.0200,0.2378,0.0000,0.0000,0.0000,0.0000,0.0000,0.0000,0.1273,0.1258,0.5077,0.5077,0.0000,0.0000,0.0000,-0.0012
1791179222.8552,0.0200,0.2392,0.0000,0.0000,0.0000,0.0000,0.0000,0.0000,0.1273,0.1258,0.5077,0.5077,0.0000,0.0000,0.0000,-0.0012
1791179222.8752,0.0200,0.3158,0.0000,0.0000,0.0000,0.0000,0.0000,0.0000,0.1273,0.1273,0.5077,0.5077,0.0000,0.0000,0.0000,-0.0012
1791179222.8952,0.0200,0.2807,0.0000,0.0000,0.0000,0.0000,0.0000,0.0000,0.1273,0.1258,0.5077,0.5077,0.0000,0.0000,0.0000,-0.0012
1791179222.9152,0.0201,0.2498,0.0000,0.0000,0.0000,0.0000,0.0000,0.0000,0.1273,0.1258,0.5077,0.5077,0.0000,0.0000,0.0000,-0.0012
1791179222.9352,0.0200,0.3025,0.0000,0.0000,0.0000,0.0000,0.0000,0.0000,0.1273,0.1258,0.5077,0.5077,0.0000,0.0000,0.0000,-0.0012
1791179222.9552,0.0200,0.2766,0.0000,0.0000,0.0000,0.0000,0.0000,0.0000,0.1273,0.1258,0.5077,0.5077,0.0000,0.0000,0.0000,-0.0012
1791179222.9752,0.0200,0.2473,0.0000,0.0000,0.0000,0.0000,0.0000,0.0000,0.1273,0.1273,0.5077,0.5077,0.0000,0.0000,0.0000,-0.0012
1791179222.9952,0.0200,0.2394,0.0000,0.0000,0.0000,0.0000,0.0000,0.0000,0.1273,0.1258,0.5077,0.5077,0.0000,0.0000,0.0000,-0.0012
1791179223.0152,0.0200,0.2475,0.0000,0.0000,0.0000,0.0000,0.0000,0.0000,0.1273,0.1258,0.5077,0.5077,0.0000,0.0000,0.0000,-0.0012
1791179223.0352,0.0200,0.3471,0.0000,0.0000,0.0000,0.0000,0.0000,0.0000,0.1273,0.1258,0.5077,0.5077,0.0000,0.0000,0.0000,-0.0012
1791179223.0552,0.0200,0.2478,0.0000,0.0000,0.0000,0.0000,0.0000,0.0000,0.1273,0.1258,0.5077,0.5077,0.0000,0.0000,0.0000,-0.0012
1791179223.0752,0.0200,0.2398,0.0000,0.0000,0.0000,0.0000,0.0000,0.0000,0.1273,0.1273,0.5077,0.5077,0.0000,0.0000,0.0000,-0.0012
1791179223.0952,0.0200,0.2465,0.0000,0.0000,0.0000,0.0000,0.0000,0.0000,0.1273,0.1273,0.5077,0.5077,0.0000,0.0000,0.0000,-0.0012
1791179223.1151,0.0200,0.1876,0.0000,0.0000,0.0000,0.0000,0.0000,0.0000,0.1273,0.1273,0.5077,0.5077,0.0000,0.0000,0.0000,-0.0012
1791179223.1352,0.0200,0.2461,0.0000,0.0000,0.0000,0.0000,0.0000,0.0000,0.1273,0.1258,0.5077,0.5077,0.0000,0.0000,0.0000,-0.0012
1791179223.1552,0.0200,0.2492,0.0000,0.0000,0.0000,0.0000,0.0000,0.0000,0.1273,0.1258,0.5077,0.5077,0.0000,0.0000,0.0000,-0.0012
1791179223.1751,0.0200,0.1717,0.0000,0.0000,0.0000,0.0000,0.0000,0.0000,0.1273,0.1258,0.5077,0.5077,0.0000,0.0000,0.0000,-0.0012
1791179223.1951,0.0200,0.2429,0.0000,0.0000,0.0000,0.0000,0.0000,0.0000,0.1273,0.1258,0.5077,0.5077,0.0000,0.0000,0.0000,-0.0012
1791179223.2152,0.0200,0.2460,0.0000,0.0000,0.0000,0.0000,0.0000,0.0000,0.1273,0.1273,0.5077,0.5077,0.0000,0.0000,0.0000,-0.0012
1791179223.2352,0.0200,0.2515,0.0000,0.0000,0.0000,0.0000,0.0000,0.0000,0.1273,0.1258,0.5077,0.5077,0.0000,0.0000,0.0000,-0.0012
1791179223.2551,0.0200,0.1669,0.0000,0.0000,0.0000,0.0000,0.0000,0.0000,0.1273,0.1258,0.5077,0.5077,0.0000,0.0000,0.0000,-0.0012
1791179223.2751,0.0200,0.2424,0.0000,0.0000,0.0000,0.0000,0.0000,0.0000,0.1273,0.1258,0.5077,0.5077,0.0000,0.0000,0.0000,-0.0012
1791179223.2951,0.0200,0.2160,0.0000,0.0000,0.0000,0.0000,0.0000,0.0000,0.1273,0.1273,0.5077,0.5077,0.0000,0.0000,0.0000,-0.0012
1791179223.3152,0.0200,0.2363,0.0000,0.0000,0.0000,0.0000,0.0000,0.0000,0.1273,0.1258,0.5077,0.5077,0.0000,0.0000,0.0000,-0.0012
1791179223.3352,0.0200,0.2436,0.0000,0.0000,0.0000,0.0000,0.0000,0.0000,0.1273,0.1273,0.5077,0.5077,0.0000,0.0000,0.0000,-0.0012
1791179223.3552,0.0200,0.2444,0.0000,0.0000,0.0000,0.0000,0.0000,0.0000,0.1273,0.1258,0.5077,0.5077,0.0000,0.0000,0.0000,-0.0012
1791179223.3752,0.0200,0.2197,0.0000,0.0000,0.0000,0.0000,0.0000,0.0000,0.1273,0.1258,0.5077,0.5077,0.0000,0.0000,0.0000,-0.0012
1791179223.3952,0.0200,0.2399,0.0000,0.0000,0.0000,0.0000,0.0000,0.0000,0.1273,0.1273,0.5077,0.5077,0.0000,0.0000,0.0000,-0.0012
1791179223.4152,0.0200,0.2945,0.0000,0.0000,0.0000,0.0000,0.0000,0.0000,0.1273,0.1258,0.5077,0.5077,0.0000,0.0000,0.0000,-0.0012
1791179223.4352,0.0200,0.3478,0.0000,0.0000,0.0000,0.0000,0.0000,0.0000,0.1273,0.1273,0.5077,0.5077,0.0000,0.0000,0.0000,-0.0012
1791179223.4552,0.0200,0.2419,0.0000,0.0000,0.0000,0.0000,0.0000,0.0000,0.1273,0.1273,0.5077,0.5062,0.0000,0.0000,0.0000,-0.0012
1791179223.4752,0.0200,0.2310,0.0000,0.0000,0.0000,0.0000,0.0000,0.0000,0.1273,0.1258,0.5077,0.5062,0.0000,0.0000,0.0000,-0.0012
1791179223.4952,0.0200,0.2294,0.0000,0.0000,0.0000,0.0000,0.0000,0.0000,0.1273,0.1258,0.5077,0.5077,0.0000,0.0000,0.0000,-0.0012
1791179223.5152,0.0200,0.2315,0.0000,0.0000,0.0000,0.0000,0.0000,0.0000,0.1273,0.1258,0.5077,0.5077,0.0000,0.0000,0.0000,-0.0012
1791179223.5352,0.0200,0.2270,0.0000,0.0000,0.0000,0.0000,0.0000,0.0000,0.1273,0.1258,0.5077,0.5077,0.0000,0.0000,0.0000,-0.0012
1791179223.5552,0.0200,0.2284,0.0000,0.0000,0.0000,0.0000,0.0000,0.0000,0.1273,0.1258,0.5077,0.5062,0.0000,0.0000,0.0000,-0.0012
1791179223.5752,0.0200,0.1850,0.0000,0.0000,0.0000,0.0000,0.0000,0.0000,0.1273,0.1273,0.5077,0.5077,0.0000,0.0000,0.0000,-0.0012
1791179223.5951,0.0200,0.2555,0.0000,0.0000,0.0000,0.0000,0.0000,0.0000,0.1273,0.1258,0.5077,0.5077,0.0000,0.0000,0.0000,-0.0012
1791179223.6152,0.0200,0.2382,0.0000,0.0000,0.0000,0.0000,0.0000,0.0000,0.1273,0.1258,0.5077,0.5077,0.0000,0.0000,0.0000,-0.0012
1791179223.6352,0.0200,0.1839,0.0000,0.0000,0.0000,0.0000,0.0000,0.0000,0.1273,0.1258,0.5077,0.5077,0.0000,0.0000,0.0000,-0.0012
1791179223.6551,0.0200,0.1887,0.0000,0.0000,0.0000,0.0000,0.0000,0.0000,0.1273,0.1258,0.5077,0.5077,0.0000,0.0000,0.0000,-0.0012
1791179223.6752,0.0200,0.2417,0.0000,0.0000,0.0000,0.0000,0.0000,0.0000,0.1273,0.1258,0.5077,0.5077,0.0000,0.0000,0.0000,-0.0012
1791179223.6952,0.0200,0.2369,0.0000,0.0000,0.0000,0.0000,0.0000,0.0000,0.1273,0.1258,0.5077,0.5077,0.0000,0.0000,0.0000,-0.0012
1791179223.7152,0.0200,0.2349,0.0000,0.0000,0.0000,0.0000,0.0000,0.0000,0.1273,0.1258,0.5077,0.5077,0.0000,0.0000,0.0000,-0.0012
1791179223.7352,0.0200,0.2348,0.0000,0.0000,0.0000,0.0000,0.0000,0.0000,0.1273,0.1258,0.5077,0.5077,0.0000,0.0000,0.0000,-0.0012
1791179223.7552,0.0200,0.2347,0.0000,0.0000,0.0000,0.0000,0.0000,0.0000,0.1273,0.1273,0.5077,0.5077,0.0000,0.0000,0.0000,-0.0012
1791179223.7752,0.0200,0.3230,0.0000,0.0000,0.0000,0.0000,0.0000,0.0000,0.1273,0.1258,0.5077,0.5077,0.0000,0.0000,0.0000,-0.0012
1791179223.7952,0.0200,0.2791,0.0000,0.0000,0.0000,0.0000,0.0000,0.0000,0.1273,0.1258,0.5077,0.5077,0.0000,0.0000,0.0000,-0.0012
1791179223.8151,0.0200,0.2223,0.0000,0.0000,0.0000,0.0000,0.0000,0.0000,0.1273,0.1258,0.5077,0.5077,0.0000,0.0000,0.0000,-0.0012
1791179223.8352,0.0200,0.2452,0.0000,0.0000,0.0000,0.0000,0.0000,0.0000,0.1273,0.1258,0.5077,0.5077,0.0000,0.0000,0.0000,-0.0012
1791179223.8552,0.0200,0.2059,0.0000,0.0000,0.0000,0.0000,0.0000,0.0000,0.1273,0.1273,0.5077,0.5077,0.0000,0.0000,0.0000,-0.0012
1791179223.8751,0.0200,0.2153,0.0000,0.0000,0.0000,0.0000,0.0000,0.0000,0.1273,0.1258,0.5077,0.5077,0.0000,0.0000,0.0000,-0.0012
1791179223.8952,0.0200,0.2371,0.0000,0.0000,0.0000,0.0000,0.0000,0.0000,0.1273,0.1258,0.5077,0.5077,0.0000,0.0000,0.0000,-0.0012
1791179223.9152,0.0200,0.2302,0.0000,0.0000,0.0000,0.0000,0.0000,0.0000,0.1273,0.1273,0.5077,0.5077,0.0000,0.0000,0.0000,-0.0012
1791179223.9352,0.0200,0.2288,0.0000,0.0000,0.0000,0.0000,0.0000,0.0000,0.1273,0.1258,0.5077,0.5077,0.0000,0.0000,0.0000,-0.0012
1791179223.9552,0.0200,0.2039,0.0000,0.0000,0.0000,0.0000,0.0000,0.0000,0.1273,0.1258,0.5077,0.5077,0.0000,0.0000,0.0000,-0.0012
1791179223.9752,0.0200,0.2622,0.0000,0.0000,0.0000,0.0000,0.0000,0.0000,0.1273,0.1273,0.5077,0.5077,0.0000,0.0000,0.0000,-0.0012
1791179223.9952,0.0200,0.2419,0.0000,0.0000,0.0000,0.0000,0.0000,0.0000,0.1273,0.1273,0.5077,0.5077,0.0000,0.0000,0.0000,-0.0012
1791179224.0152,0.0200,0.2329,0.0000,0.0000,0.0000,0.0000,0.0000,0.0000,0.1273,0.1258,0.5077,0.5077,0.0000,0.0000,0.0000,-0.0011
1791179224.0352,0.0200,0.3225,0.0000,0.0000,0.0000,0.0000,0.0000,0.0000,0.1273,0.1258,0.5077,0.5077,0.0000,0.0000,0.0000,-0.0012
1791179224.0552,0.0200,0.2824,0.0000,0.0000,0.0000,0.0000,0.0000,0.0000,0.1273,0.1258,0.5077,0.5077,0.0000,0.0000,0.0000,-0.0012
1791179224.0751,0.0200,0.2472,0.0000,0.0000,0.0000,0.0000,0.0000,0.0000,0.1273,0.1258,0.5077,0.5077,0.0000,0.0000,0.0000,-0.0012
1791179224.0951,0.0200,0.2443,0.0000,0.0000,0.0000,0.0000,0.0000,0.0000,0.1273,0.1258,0.5077,0.5077,0.0000,0.0000,0.0000,-0.0012
1791179224.1151,0.0200,0.2513,0.0000,0.0000,0.0000,0.0000,0.0000,0.0000,0.1273,0.1258,0.5077,0.5077,0.0000,0.0000,0.0000,-0.0012
1791179224.1351,0.0200,0.2507,0.0000,0.0000,0.0000,0.0000,0.0000,0.0000,0.1273,0.1258,0.5077,0.5077,0.0000,0.0000,0.0000,-0.0012
1791179224.1552,0.0200,0.2757,0.0000,0.0000,0.0000,0.0000,0.0000,0.0000,0.1273,0.1273,0.5077,0.5077,0.0000,0.0000,0.0000,-0.0012
1791179224.1752,0.0200,0.2580,0.0000,0.0000,0.0000,0.0000,0.0000,0.0000,0.1273,0.1258,0.5077,0.5077,0.0000,0.0000,0.0000,-0.0012
1791179224.1951,0.0200,0.1746,0.0000,0.0000,0.0000,0.0000,0.0000,0.0000,0.1273,0.1273,0.5077,0.5077,0.0000,0.0000,0.0000,-0.0012
1791179224.2151,0.0200,0.2155,0.0000,0.0000,0.0000,0.0000,0.0000,0.0000,0.1273,0.1258,0.5077,0.5077,0.0000,0.0000,0.0000,-0.0012
1791179224.2351,0.0200,0.1704,0.0000,0.0000,0.0000,0.0000,0.0000,0.0000,0.1273,0.1258,0.5077,0.5077,0.0000,0.0000,0.0000,-0.0012
1791179224.2551,0.0200,0.2242,0.0000,0.0000,0.0000,0.0000,0.0000,0.0000,0.1273,0.1258,0.5077,0.5077,0.0000,0.0000,0.0000,-0.0012
1791179224.2751,0.0200,0.1675,0.0000,0.0000,0.0000,0.0000,0.0000,0.0000,0.1273,0.1258,0.5077,0.5077,0.0000,0.0000,0.0000,-0.0012
1791179224.2952,0.0200,0.3083,0.0000,0.0000,0.0000,0.0000,0.0000,0.0000,0.1273,0.1273,0.5077,0.5077,0.0000,0.0000,0.0000,-0.0012
1791179224.3152,0.0200,0.2422,0.0000,0.0000,0.0000,0.0000,0.0000,0.0000,0.1273,0.1273,0.5077,0.5077,0.0000,0.0000,0.0000,-0.0012
1791179224.3352,0.0200,0.2873,0.0000,0.0000,0.0000,0.0000,0.0000,0.0000,0.1273,0.1273,0.5077,0.5077,0.0000,0.0000,0.0000,-0.0012
1791179224.3552,0.0200,0.2377,0.0000,0.0000,0.0000,0.0000,0.0000,0.0000,0.1273,0.1258,0.5077,0.5077,0.0000,0.0000,0.0000,-0.0012
1791179224.3752,0.0200,0.2233,0.0000,0.0000,0.0000,0.0000,0.0000,0.0000,0.1273,0.1258,0.5077,0.5077,0.0000,0.0000,0.0000,-0.0012
1791179224.3952,0.0200,0.2335,0.0000,0.0000,0.0000,0.0000,0.0000,0.0000,0.1273,0.1258,0.5077,0.5077,0.0000,0.0000,0.0000,-0.0012
1791179224.4152,0.0200,0.2322,0.0000,0.0000,0.0000,0.0000,0.0000,0.0000,0.1273,0.1258,0.5077,0.5077,0.0000,0.0000,0.0000,-0.0012
1791179224.4352,0.0200,0.2101,0.0000,0.0000,0.0000,0.0000,0.0000,0.0000,0.1273,0.1258,0.5077,0.5077,0.0000,0.0000,0.0000,-0.0012
1791179224.4552,0.0200,0.2348,0.0000,0.0000,0.0000,0.0000,0.0000,0.0000,0.1273,0.1273,0.5077,0.5077,0.0000,0.0000,0.0000,-0.0012
1791179224.4752,0.0200,0.2272,0.0000,0.0000,0.0000,0.0000,0.0000,0.0000,0.1273,0.1258,0.5077,0.5062,0.0000,0.0000,0.0000,-0.0012
1791179224.4952,0.0200,0.1687,0.0000,0.0000,0.0000,0.0000,0.0000,0.0000,0.1273,0.1258,0.5077,0.5077,0.0000,0.0000,0.0000,-0.0012
1791179224.5152,0.0200,0.2343,0.0000,0.0000,0.0000,0.0000,0.0000,0.0000,0.1273,0.1258,0.5077,0.5077,0.0000,0.0000,0.0000,-0.0012
1791179224.5352,0.0200,0.2040,0.0000,0.0000,0.0000,0.0000,0.0000,0.0000,0.1273,0.1258,0.5077,0.5077,0.0000,0.0000,0.0000,-0.0012
1791179224.5551,0.0199,0.1872,0.0000,0.0000,0.0000,0.0000,0.0000,0.0000,0.1273,0.1258,0.5077,0.5077,0.0000,0.0000,0.0000,-0.0012
1791179224.5751,0.0200,0.2206,0.0000,0.0000,0.0000,0.0000,0.0000,0.0000,0.1273,0.1258,0.5077,0.5077,0.0000,0.0000,0.0000,-0.0012
1791179224.5951,0.0200,0.2460,0.0000,0.0000,0.0000,0.0000,0.0000,0.0000,0.1273,0.1258,0.5077,0.5077,0.0000,0.0000,0.0000,-0.0012
1791179224.6152,0.0200,0.1835,0.0000,0.0000,0.0000,0.0000,0.0000,0.0000,0.1273,0.1273,0.5077,0.5077,0.0000,0.0000,0.0000,-0.0012
1791179224.6351,0.0200,0.1850,0.0000,0.0000,0.0000,0.0000,0.0000,0.0000,0.1273,0.1258,0.5077,0.5077,0.0000,0.0000,0.0000,-0.0012
1791179224.6552,0.0200,0.2455,0.0000,0.0000,0.0000,0.0000,0.0000,0.0000,0.1273,0.1258,0.5077,0.5062,0.0000,0.0000,0.0000,-0.0012
1791179224.6751,0.0200,0.2177,0.0000,0.0000,0.0000,0.0000,0.0000,0.0000,0.1273,0.1258,0.5077,0.5077,0.0000,0.0000,0.0000,-0.0012
1791179224.6952,0.0200,0.2319,0.0000,0.0000,0.0000,0.0000,0.0000,0.0000,0.1273,0.1258,0.5077,0.5077,0.0000,0.0000,0.0000,-0.0012
1791179224.7151,0.0200,0.2237,0.0000,0.0000,0.0000,0.0000,0.0000,0.0000,0.1273,0.1273,0.5077,0.5062,0.0000,0.0000,0.0000,-0.0012
1791179224.7352,0.0200,0.3229,0.0000,0.0000,0.0000,0.0000,0.0000,0.0000,0.1273,0.1258,0.5077,0.5062,0.0000,0.0000,0.0000,-0.0012
1791179224.7552,0.0200,0.2084,0.0000,0.0000,0.0000,0.0000,0.0000,0.0000,0.1273,0.1273,0.5077,0.5077,0.0000,0.0000,0.0000,-0.0012
1791179224.7751,0.0199,0.1874,0.0000,0.0000,0.0000,0.0000,0.0000,0.0000,0.1273,0.1258,0.5077,0.5077,0.0000,0.0000,0.0000,-0.0012
1791179224.7952,0.0200,0.2449,0.0000,0.0000,0.0000,0.0000,0.0000,0.0000,0.1273,0.1258,0.5077,0.5077,0.0000,0.0000,0.0000,-0.0012
1791179224.8152,0.0200,0.2357,0.0000,0.0000,0.0000,0.0000,0.0000,0.0000,0.1273,0.1258,0.5077,0.5077,0.0000,0.0000,0.0000,-0.0012
1791179224.8352,0.0200,0.3244,0.0000,0.0000,0.0000,0.0000,0.0000,0.0000,0.1273,0.1258,0.5077,0.5077,0.0000,0.0000,0.0000,-0.0012
1791179224.8552,0.0200,0.2511,0.0000,0.0000,0.0000,0.0000,0.0000,0.0000,0.1273,0.1258,0.5077,0.5077,0.0000,0.0000,0.0000,-0.0012
1791179224.8752,0.0200,0.2099,0.0000,0.0000,0.0000,0.0000,0.0000,0.0000,0.1273,0.1258,0.5077,0.5077,0.0000,0.0000,0.0000,-0.0012
1791179224.8952,0.0200,0.2148,0.0000,0.0000,0.0000,0.0000,0.0000,0.0000,0.1273,0.1258,0.5077,0.5077,0.0000,0.0000,0.0000,-0.0012
1791179224.9152,0.0200,0.2427,0.0000,0.0000,0.0000,0.0000,0.0000,0.0000,0.1273,0.1258,0.5077,0.5077,0.0000,0.0000,0.0000,-0.0012
1791179224.9352,0.0200,0.2400,0.0000,0.0000,0.0000,0.0000,0.0000,0.0000,0.1273,0.1258,0.5077,0.5077,0.0000,0.0000,0.0000,-0.0012
1791179224.9552,0.0200,0.3232,0.0000,0.0000,0.0000,0.0000,0.0000,0.0000,0.1273,0.1273,0.5077,0.5077,0.0000,0.0000,0.0000,-0.0012
1791179224.9752,0.0200,0.2402,0.0000,0.0000,0.0000,0.0000,0.0000,0.0000,0.1273,0.1258,0.5077,0.5077,0.0000,0.0000,0.0000,-0.0012
1791179224.9952,0.0200,0.2332,0.0000,0.0000,0.0000,0.0000,0.0000,0.0000,0.1273,0.1273,0.5077,0.5077,0.0000,0.0000,0.0000,-0.0012
1791179225.0152,0.0200,0.2324,0.0000,0.0000,0.0000,0.0000,0.0000,0.0000,0.1273,0.1258,0.5077,0.5077,0.0000,0.0000,0.0000,-0.0012
1791179225.0352,0.0200,0.2248,0.0000,0.0000,0.0000,0.0000,0.0000,0.0000,0.1273,0.1273,0.5077,0.5077,0.0000,0.0000,0.0000,-0.0012
1791179225.0552,0.0200,0.2448,0.0000,0.0000,0.0000,0.0000,0.0000,0.0000,0.1273,0.1258,0.5077,0.5077,0.0000,0.0000,0.0000,-0.0012
1791179225.0751,0.0200,0.2037,0.0000,0.0000,0.0000,0.0000,0.0000,0.0000,0.1273,0.1273,0.5077,0.5077,0.0000,0.0000,0.0000,-0.0012
1791179225.0951,0.0200,0.1992,0.0000,0.0000,0.0000,0.0000,0.0000,0.0000,0.1273,0.1258,0.5077,0.5077,0.0000,0.0000,0.0000,-0.0012
1791179225.1151,0.0200,0.1917,0.0000,0.0000,0.0000,0.0000,0.0000,0.0000,0.1273,0.1258,0.5077,0.5077,0.0000,0.0000,0.0000,-0.0012
1791179225.1351,0.0200,0.1942,0.0000,0.0000,0.0000,0.0000,0.0000,0.0000,0.1273,0.1258,0.5077,0.5077,0.0000,0.0000,0.0000,-0.0012
1791179225.1551,0.0200,0.1936,0.0000,0.0000,0.0000,0.0000,0.0000,0.0000,0.1273,0.1258,0.5077,0.5077,0.0000,0.0000,0.0000,-0.0012
1791179225.1751,0.0200,0.1804,0.0000,0.0000,0.0000,0.0000,0.0000,0.0000,0.1273,0.1258,0.5077,0.5077,0.0000,0.0000,0.0000,-0.0012
1791179225.1951,0.0200,0.2388,0.0000,0.0000,0.0000,0.0000,0.0000,0.0000,0.1273,0.1273,0.5077,0.5077,0.0000,0.0000,0.0000,-0.0012
1791179225.2152,0.0200,0.2312,0.0000,0.0000,0.0000,0.0000,0.0000,0.0000,0.1273,0.1273,0.5077,0.5077,0.0000,0.0000,0.0000,-0.0012
1791179225.2351,0.0200,0.2272,0.0000,0.0000,0.0000,0.0000,0.0000,0.0000,0.1273,0.1258,0.5077,0.5077,0.0000,0.0000,0.0000,-0.0012
1791179225.2551,0.0200,0.2252,0.0000,0.0000,0.0000,0.0000,0.0000,0.0000,0.1273,0.1273,0.5077,0.5077,0.0000,0.0000,0.0000,-0.0012
1791179225.2751,0.0200,0.2438,0.0000,0.0000,0.0000,0.0000,0.0000,0.0000,0.1273,0.1258,0.5077,0.5077,0.0000,0.0000,0.0000,-0.0012
1791179225.2951,0.0200,0.1672,0.0000,0.0000,0.0000,0.0000,0.0000,0.0000,0.1273,0.1258,0.5077,0.5077,0.0000,0.0000,0.0000,-0.0012
1791179225.3152,0.0200,0.2470,0.0000,0.0000,0.0000,0.0000,0.0000,0.0000,0.1273,0.1258,0.5077,0.5077,0.0000,0.0000,0.0000,-0.0012
1791179225.3352,0.0200,0.2284,0.0000,0.0000,0.0000,0.0000,0.0000,0.0000,0.1273,0.1258,0.5077,0.5077,0.0000,0.0000,0.0000,-0.0012
1791179225.3552,0.0200,0.2279,0.0000,0.0000,0.0000,0.0000,0.0000,0.0000,0.1273,0.1258,0.5077,0.5077,0.0000,0.0000,0.0000,-0.0012
1791179225.3752,0.0200,0.2321,0.0000,0.0000,0.0000,0.0000,0.0000,0.0000,0.1273,0.1258,0.5077,0.5077,0.0000,0.0000,0.0000,-0.0012
1791179225.3952,0.0200,0.1691,0.0000,0.0000,0.0000,0.0000,0.0000,0.0000,0.1273,0.1258,0.5077,0.5077,0.0000,0.0000,0.0000,-0.0012
1791179225.4152,0.0200,0.2421,0.0000,0.0000,0.0000,0.0000,0.0000,0.0000,0.1273,0.1258,0.5077,0.5077,0.0000,0.0000,0.0000,-0.0012
1791179225.4352,0.0200,0.2333,0.0000,0.0000,0.0000,0.0000,0.0000,0.0000,0.1273,0.1273,0.5077,0.5077,0.0000,0.0000,0.0000,-0.0012
1791179225.4551,0.0200,0.1854,0.0000,0.0000,0.0000,0.0000,0.0000,0.0000,0.1273,0.1258,0.5077,0.5077,0.0000,0.0000,0.0000,-0.0012
1791179225.4752,0.0200,0.2349,0.0000,0.0000,0.0000,0.0000,0.0000,0.0000,0.1273,0.1258,0.5077,0.5077,0.0000,0.0000,0.0000,-0.0012
1791179225.4952,0.0200,0.2121,0.0000,0.0000,0.0000,0.0000,0.0000,0.0000,0.1273,0.1258,0.5077,0.5077,0.0000,0.0000,0.0000,-0.0012
1791179225.5152,0.0200,0.2296,0.0000,0.0000,0.0000,0.0000,0.0000,0.0000,0.1273,0.1258,0.5077,0.5077,0.0000,0.0000,0.0000,-0.0012
1791179225.5352,0.0200,0.1674,0.0000,0.0000,0.0000,0.0000,0.0000,0.0000,0.1273,0.1273,0.5077,0.5077,0.0000,0.0000,0.0000,-0.0012
1791179225.5551,0.0200,0.2257,0.0000,0.0000,0.0000,0.0000,0.0000,0.0000,0.1273,0.1258,0.5077,0.5077,0.0000,0.0000,0.0000,-0.0012
1791179225.5752,0.0200,0.2419,0.0000,0.0000,0.0000,0.0000,0.0000,0.0000,0.1273,0.1258,0.5077,0.5077,0.0000,0.0000,0.0000,-0.0012
1791179225.5951,0.0200,0.1886,0.0000,0.0000,0.0000,0.0000,0.0000,0.0000,0.1273,0.1258,0.5077,0.5077,0.0000,0.0000,0.0000,-0.0012
1791179225.6151,0.0200,0.1887,0.0000,0.0000,0.0000,0.0000,0.0000,0.0000,0.1273,0.1273,0.5077,0.5077,0.0000,0.0000,0.0000,-0.0012
1791179225.6352,0.0200,0.2431,0.0000,0.0000,0.0000,0.0000,0.0000,0.0000,0.1273,0.1258,0.5077,0.5077,0.0000,0.0000,0.0000,-0.0012
1791179225.6552,0.0200,0.2886,0.0000,0.0000,0.0000,0.0000,0.0000,0.0000,0.1273,0.1258,0.5077,0.5077,0.0000,0.0000,0.0000,-0.0011
1791179225.6751,0.0200,0.2246,0.0000,0.0000,0.0000,0.0000,0.0000,0.0000,0.1273,0.1273,0.5077,0.5077,0.0000,0.0000,0.0000,-0.0012
1791179225.6951,0.0200,0.1938,0.0000,0.0000,0.0000,0.0000,0.0000,0.0000,0.1273,0.1258,0.5077,0.5077,0.0000,0.0000,0.0000,-0.0012
1791179225.7152,0.0200,0.2399,0.0000,0.0000,0.0000,0.0000,0.0000,0.0000,0.1273,0.1258,0.5077,0.5077,0.0000,0.0000,0.0000,-0.0012
1791179225.7352,0.0200,0.2102,0.0000,0.0000,0.0000,0.0000,0.0000,0.0000,0.1273,0.1258,0.5077,0.5077,0.0000,0.0000,0.0000,-0.0012
1791179225.7552,0.0200,0.2914,0.0000,0.0000,0.0000,0.0000,0.0000,0.0000,0.1273,0.1258,0.5077,0.5077,0.0000,0.0000,0.0000,-0.0012
1791179225.7752,0.0200,0.1819,0.0000,0.0000,0.0000,0.0000,0.0000,0.0000,0.1273,0.1258,0.5077,0.5077,0.0000,0.0000,0.0000,-0.0012
1791179225.7951,0.0200,0.2899,0.0000,0.0000,0.0000,0.0000,0.0000,0.0000,0.1273,0.1258,0.5077,0.5077,0.0000,0.0000,0.0000,-0.0012
1791179225.8151,0.0200,0.2163,0.0000,0.0000,0.0000,0.0000,0.0000,0.0000,0.1273,0.1258,0.5077,0.5077,0.0000,0.0000,0.0000,-0.0012
1791179225.8352,0.0200,0.2397,0.0000,0.0000,0.0000,0.0000,0.0000,0.0000,0.1273,0.1258,0.5077,0.5077,0.0000,0.0000,0.0000,-0.0012
1791179225.8552,0.0200,0.1972,0.0000,0.0000,0.0000,0.0000,0.0000,0.0000,0.1273,0.1273,0.5077,0.5062,0.0000,0.0000,0.0000,-0.0012
1791179225.8752,0.0200,0.2469,0.0000,0.0000,0.0000,0.0000,0.0000,0.0000,0.1273,0.1258,0.5077,0.5077,0.0000,0.0000,0.0000,-0.0012
1791179225.8952,0.0200,0.3161,0.0000,0.0000,0.0000,0.0000,0.0000,0.0000,0.1273,0.1258,0.5077,0.5077,0.0000,0.0000,0.0000,-0.0012
1791179225.9152,0.0200,0.2390,0.0000,0.0000,0.0000,0.0000,0.0000,0.0000,0.1273,0.1258,0.5077,0.5077,0.0000,0.0000,0.0000,-0.0012
1791179225.9352,0.0200,0.3194,0.0000,0.0000,0.0000,0.0000,0.0000,0.0000,0.1273,0.1258,0.5077,0.5077,0.0000,0.0000,0.0000,-0.0012
1791179225.9552,0.0200,0.2470,0.0000,0.0000,0.0000,0.0000,0.0000,0.0000,0.1273,0.1258,0.5077,0.5077,0.0000,0.0000,0.0000,-0.0012
1791179225.9752,0.0200,0.2349,0.0000,0.0000,0.0000,0.0000,0.0000,0.0000,0.1273,0.1258,0.5077,0.5077,0.0000,0.0000,0.0000,-0.0012
1791179225.9952,0.0200,0.2287,0.0000,0.0000,0.0000,0.0000,0.0000,0.0000,0.1273,0.1258,0.5077,0.5077,0.0000,0.0000,0.0000,-0.0012
1791179226.0152,0.0200,0.2387,0.0000,0.0000,0.0000,0.0000,0.0000,0.0000,0.1273,0.1258,0.5077,0.5077,0.0000,0.0000,0.0000,-0.0012
1791179226.0352,0.0200,0.2555,0.0000,0.0000,0.0000,0.0000,0.0000,0.0000,0.1273,0.1258,0.5077,0.5077,0.0000,0.0000,0.0000,-0.0012
1791179226.0552,0.0200,0.2111,0.0000,0.0000,0.0000,0.0000,0.0000,0.0000,0.1273,0.1273,0.5077,0.5077,0.0000,0.0000,0.0000,-0.0012
1791179226.0752,0.0200,0.2544,0.0000,0.0000,0.0000,0.0000,0.0000,0.0000,0.1273,0.1258,0.5077,0.5077,0.0000,0.0000,0.0000,-0.0012
1791179226.0951,0.0200,0.1893,0.0000,0.0000,0.0000,0.0000,0.0000,0.0000,0.1273,0.1258,0.5077,0.5077,0.0000,0.0000,0.0000,-0.0012
1791179226.1152,0.0200,0.1877,0.0000,0.0000,0.0000,0.0000,0.0000,0.0000,0.1273,0.1273,0.5077,0.5077,0.0000,0.0000,0.0000,-0.0012
1791179226.1351,0.0200,0.1866,0.0000,0.0000,0.0000,0.0000,0.0000,0.0000,0.1273,0.1258,0.5077,0.5077,0.0000,0.0000,0.0000,-0.0012
1791179226.1552,0.0200,0.1904,0.0000,0.0000,0.0000,0.0000,0.0000,0.0000,0.1273,0.1258,0.5077,0.5077,0.0000,0.0000,0.0000,-0.0011
1791179226.1751,0.0200,0.1857,0.0000,0.0000,0.0000,0.0000,0.0000,0.0000,0.1273,0.1258,0.5077,0.5077,0.0000,0.0000,0.0000,-0.0012
1791179226.1952,0.0200,0.1899,0.0000,0.0000,0.0000,0.0000,0.0000,0.0000,0.1273,0.1258,0.5077,0.5077,0.0000,0.0000,0.0000,-0.0012
1791179226.2152,0.0200,0.2269,0.0000,0.0000,0.0000,0.0000,0.0000,0.0000,0.1273,0.1258,0.5077,0.5077,0.0000,0.0000,0.0000,-0.0012
1791179226.2351,0.0199,0.2214,0.0000,0.0000,0.0000,0.0000,0.0000,0.0000,0.1273,0.1258,0.5077,0.5077,0.0000,0.0000,0.0000,-0.0012
1791179226.2551,0.0200,0.2095,0.0000,0.0000,0.0000,0.0000,0.0000,0.0000,0.1273,0.1273,0.5077,0.5062,0.0000,0.0000,0.0000,-0.0012
1791179226.2751,0.0200,0.1820,0.0000,0.0000,0.0000,0.0000,0.0000,0.0000,0.1273,0.1258,0.5077,0.5077,0.0000,0.0000,0.0000,-0.0012
1791179226.2953,0.0201,0.1538,0.0000,0.0000,0.0000,0.0000,0.0000,0.0000,0.1273,0.1258,0.5077,0.5077,0.0000,0.0000,0.0000,-0.0012
1791179226.3151,0.0199,0.2185,0.0000,0.0000,0.0000,0.0000,0.0000,0.0000,0.1273,0.1258,0.5077,0.5077,0.0000,0.0000,0.0000,-0.0012
1791179226.3352,0.0201,0.2350,0.0000,0.0000,0.0000,0.0000,0.0000,0.0000,0.1273,0.1258,0.5077,0.5062,0.0000,0.0000,0.0000,-0.0012
1791179226.3552,0.0200,0.2161,0.0000,0.0000,0.0000,0.0000,0.0000,0.0000,0.1273,0.1273,0.5077,0.5077,0.0000,0.0000,0.0000,-0.0012
1791179226.3752,0.0200,0.2039,0.0000,0.0000,0.0000,0.0000,0.0000,0.0000,0.1273,0.1258,0.5077,0.5077,0.0000,0.0000,0.0000,-0.0011
1791179226.3953,0.0201,0.2038,0.0000,0.0000,0.0000,0.0000,0.0000,0.0000,0.1273,0.1258,0.5077,0.5077,0.0000,0.0000,0.0000,-0.0012
1791179226.4152,0.0199,0.1650,0.0000,0.0000,0.0000,0.0000,0.0000,0.0000,0.1273,0.1258,0.5077,0.5062,0.0000,0.0000,0.0000,-0.0012
1791179226.4352,0.0200,0.2392,0.0000,0.0000,0.0000,0.0000,0.0000,0.0000,0.1273,0.1258,0.5077,0.5077,0.0000,0.0000,0.0000,-0.0012
1791179226.4552,0.0200,0.2029,0.0000,0.0000,0.0000,0.0000,0.0000,0.0000,0.1273,0.1258,0.5077,0.5062,0.0000,0.0000,0.0000,-0.0012
1791179226.4751,0.0200,0.2169,0.0000,0.0000,0.0000,0.0000,0.0000,0.0000,0.1273,0.1258,0.5077,0.5077,0.0000,0.0000,0.0000,-0.0012
1791179226.4952,0.0201,0.1989,0.0000,0.0000,0.0000,0.0000,0.0000,0.0000,0.1273,0.1273,0.5077,0.5077,0.0000,0.0000,0.0000,-0.0012
1791179226.5152,0.0199,0.3033,0.0000,0.0000,0.0000,0.0000,0.0000,0.0000,0.1273,0.1258,0.5077,0.5077,0.0000,0.0000,0.0000,-0.0012
1791179226.5351,0.0200,0.1954,0.0000,0.0000,0.0000,0.0000,0.0000,0.0000,0.1273,0.1258,0.5077,0.5077,0.0000,0.0000,0.0000,-0.0012
1791179226.5551,0.0200,0.2924,0.0000,0.0000,0.0000,0.0000,0.0000,0.0000,0.1273,0.1273,0.5077,0.5077,0.0000,0.0000,0.0000,-0.0012
1791179226.5752,0.0200,0.2486,0.0000,0.0000,0.0000,0.0000,0.0000,0.0000,0.1273,0.1258,0.5077,0.5077,0.0000,0.0000,0.0000,-0.0012
1791179226.5952,0.0200,0.2463,0.0000,0.0000,0.0000,0.0000,0.0000,0.0000,0.1273,0.1258,0.5077,0.5077,0.0000,0.0000,0.0000,-0.0012
1791179226.6152,0.0200,0.1819,0.0000,0.0000,0.0000,0.0000,0.0000,0.0000,0.1273,0.1258,0.5077,0.5077,0.0000,0.0000,0.0000,-0.0012
1791179226.6351,0.0199,0.2057,0.0000,0.0000,0.0000,0.0000,0.0000,0.0000,0.1273,0.1258,0.5077,0.5077,0.0000,0.0000,0.0000,-0.0012
1791179226.6552,0.0200,0.2383,0.0000,0.0000,0.0000,0.0000,0.0000,0.0000,0.1273,0.1273,0.5077,0.5077,0.0000,0.0000,0.0000,-0.0012
1791179226.6752,0.0200,0.2315,0.0000,0.0000,0.0000,0.0000,0.0000,0.0000,0.1273,0.1273,0.5077,0.5077,0.0000,0.0000,0.0000,-0.0012
1791179226.6952,0.0200,0.2333,0.0000,0.0000,0.0000,0.0000,0.0000,0.0000,0.1273,0.1258,0.5077,0.5077,0.0000,0.0000,0.0000,-0.0012
1791179226.7152,0.0200,0.3113,0.0000,0.0000,0.0000,0.0000,0.0000,0.0000,0.1273,0.1258,0.5077,0.5077,0.0000,0.0000,0.0000,-0.0012
1791179226.7352,0.0200,0.2057,0.0000,0.0000,0.0000,0.0000,0.0000,0.0000,0.1273,0.1273,0.5077,0.5077,0.0000,0.0000,0.0000,-0.0012
1791179226.7552,0.0200,0.2292,0.0000,0.0000,0.0000,0.0000,0.0000,0.0000,0.1273,0.1258,0.5077,0.5077,0.0000,0.0000,0.0000,-0.0012
1791179226.7751,0.0199,0.2244,0.0000,0.0000,0.0000,0.0000,0.0000,0.0000,0.1273,0.1258,0.5077,0.5062,0.0000,0.0000,0.0000,-0.0012
1791179226.7952,0.0200,0.2403,0.0000,0.0000,0.0000,0.0000,0.0000,0.0000,0.1273,0.1258,0.5077,0.5077,0.0000,0.0000,0.0000,-0.0012
1791179226.8152,0.0200,0.2007,0.0000,0.0000,0.0000,0.0000,0.0000,0.0000,0.1273,0.1273,0.5077,0.5077,0.0000,0.0000,0.0000,-0.0012
1791179226.8351,0.0200,0.2123,0.0000,0.0000,0.0000,0.0000,0.0000,0.0000,0.1273,0.1258,0.5077,0.5077,0.0000,0.0000,0.0000,-0.0012
1791179226.8552,0.0200,0.2288,0.0000,0.0000,0.0000,0.0000,0.0000,0.0000,0.1273,0.1273,0.5077,0.5077,0.0000,0.0000,0.0000,-0.0012
1791179226.8752,0.0200,0.1986,0.0000,0.0000,0.0000,0.0000,0.0000,0.0000,0.1273,0.1258,0.5077,0.5077,0.0000,0.0000,0.0000,-0.0012
1791179226.8952,0.0200,0.3207,0.0000,0.0000,0.0000,0.0000,0.0000,0.0000,0.1273,0.1258,0.5077,0.5077,0.0000,0.0000,0.0000,-0.0012
1791179226.9152,0.0200,0.2390,0.0000,0.0000,0.0000,0.0000,0.0000,0.0000,0.1273,0.1258,0.5077,0.5077,0.0000,0.0000,0.0000,-0.0012
1791179226.9352,0.0200,0.2364,0.0000,0.0000,0.0000,0.0000,0.0000,0.0000,0.1273,0.1258,0.5077,0.5077,0.0000,0.0000,0.0000,-0.0012
1791179226.9552,0.0200,0.2461,0.0000,0.0000,0.0000,0.0000,0.0000,0.0000,0.1273,0.1258,0.5077,0.5077,0.0000,0.0000,0.0000,-0.0012
1791179226.9752,0.0200,0.2409,0.0000,0.0000,0.0000,0.0000,0.0000,0.0000,0.1273,0.1258,0.5077,0.5077,0.0000,0.0000,0.0000,-0.0012
1791179226.9952,0.0200,0.2367,0.0000,0.0000,0.0000,0.0000,0.0000,0.0000,0.1273,0.1258,0.5077,0.5077,0.0000,0.0000,0.0000,-0.0012
1791179227.0152,0.0200,0.2415,0.0000,0.0000,0.0000,0.0000,0.0000,0.0000,0.1273,0.1258,0.5077,0.5077,0.0000,0.0000,0.0000,-0.0012
1791179227.0352,0.0200,0.2722,0.0000,0.0000,0.0000,0.0000,0.0000,0.0000,0.1273,0.1258,0.5077,0.5077,0.0000,0.0000,0.0000,-0.0012
1791179227.0552,0.0200,0.2355,0.0000,0.0000,0.0000,0.0000,0.0000,0.0000,0.1273,0.1258,0.5077,0.5077,0.0000,0.0000,0.0000,-0.0012
1791179227.0752,0.0200,0.2368,0.0000,0.0000,0.0000,0.0000,0.0000,0.0000,0.1273,0.1258,0.5077,0.5077,0.0000,0.0000,0.0000,-0.0012
1791179227.0952,0.0200,0.2507,0.0000,0.0000,0.0000,0.0000,0.0000,0.0000,0.1273,0.1258,0.5077,0.5077,0.0000,0.0000,0.0000,-0.0012
1791179227.1152,0.0200,0.3581,0.0000,0.0000,0.0000,0.0000,0.0000,0.0000,0.1273,0.1258,0.5077,0.5077,0.0000,0.0000,0.0000,-0.0012
1791179227.1351,0.0200,0.2245,0.0000,0.0000,0.0000,0.0000,0.0000,0.0000,0.1273,0.1258,0.5077,0.5077,0.0000,0.0000,0.0000,-0.0012
1791179227.1551,0.0200,0.2543,0.0000,0.0000,0.0000,0.0000,0.0000,0.0000,0.1273,0.1273,0.5077,0.5077,0.0000,0.0000,0.0000,-0.0012
1791179227.1752,0.0200,0.2528,0.0000,0.0000,0.0000,0.0000,0.0000,0.0000,0.1273,0.1258,0.5077,0.5077,0.0000,0.0000,0.0000,-0.0012
1791179227.1951,0.0200,0.1901,0.0000,0.0000,0.0000,0.0000,0.0000,0.0000,0.1273,0.1258,0.5077,0.5077,0.0000,0.0000,0.0000,-0.0012
1791179227.2151,0.0200,0.2405,0.0000,0.0000,0.0000,0.0000,0.0000,0.0000,0.1273,0.1258,0.5077,0.5077,0.0000,0.0000,0.0000,-0.0012
1791179227.2351,0.0200,0.2149,0.0000,0.0000,0.0000,0.0000,0.0000,0.0000,0.1273,0.1258,0.5077,0.5077,0.0000,0.0000,0.0000,-0.0012
1791179227.2551,0.0200,0.2102,0.0000,0.0000,0.0000,0.0000,0.0000,0.0000,0.1273,0.1258,0.5077,0.5077,0.0000,0.0000,0.0000,-0.0012
1791179227.2752,0.0200,0.2507,0.0000,0.0000,0.0000,0.0000,0.0000,0.0000,0.1273,0.1258,0.5077,0.5077,0.0000,0.0000,0.0000,-0.0012
1791179227.2951,0.0200,0.1934,0.0000,0.0000,0.0000,0.0000,0.0000,0.0000,0.1273,0.1273,0.5077,0.5077,0.0000,0.0000,0.0000,-0.0012
1791179227.3152,0.0200,0.2414,0.0000,0.0000,0.0000,0.0000,0.0000,0.0000,0.1273,0.1258,0.5077,0.5077,0.0000,0.0000,0.0000,-0.0012
1791179227.3352,0.0200,0.2896,0.0000,0.0000,0.0000,0.0000,0.0000,0.0000,0.1273,0.1273,0.5077,0.5077,0.0000,0.0000,0.0000,-0.0012
1791179227.3552,0.0200,0.2394,0.0000,0.0000,0.0000,0.0000,0.0000,0.0000,0.1273,0.1273,0.5077,0.5077,0.0000,0.0000,0.0000,-0.0012
1791179227.3752,0.0200,0.2027,0.0000,0.0000,0.0000,0.0000,0.0000,0.0000,0.1273,0.1258,0.5077,0.5077,0.0000,0.0000,0.0000,-0.0012
1791179227.3952,0.0199,0.2113,0.0000,0.0000,0.0000,0.0000,0.0000,0.0000,0.1273,0.1258,0.5077,0.5077,0.0000,0.0000,0.0000,-0.0012
1791179227.4152,0.0200,0.2324,0.0000,0.0000,0.0000,0.0000,0.0000,0.0000,0.1273,0.1258,0.5077,0.5077,0.0000,0.0000,0.0000,-0.0012
1791179227.4352,0.0200,0.2247,0.0000,0.0000,0.0000,0.0000,0.0000,0.0000,0.1273,0.1258,0.5077,0.5077,0.0000,0.0000,0.0000,-0.0012
1791179227.4552,0.0200,0.2474,0.0000,0.0000,0.0000,0.0000,0.0000,0.0000,0.1273,0.1258,0.5077,0.5077,0.0000,0.0000,0.0000,-0.0012
1791179227.4752,0.0200,0.2333,0.0000,0.0000,0.0000,0.0000,0.0000,0.0000,0.1273,0.1258,0.5077,0.5077,0.0000,0.0000,0.0000,-0.0012
1791179227.4952,0.0200,0.2299,0.0000,0.0000,0.0000,0.0000,0.0000,0.0000,0.1273,0.1273,0.5077,0.5077,0.0000,0.0000,0.0000,-0.0012
1791179227.5152,0.0200,0.1809,0.0000,0.0000,0.0000,0.0000,0.0000,0.0000,0.1273,0.1258,0.5077,0.5077,0.0000,0.0000,0.0000,-0.0012
1791179227.5351,0.0200,0.1865,0.0000,0.0000,0.0000,0.0000,0.0000,0.0000,0.1273,0.1273,0.5077,0.5077,0.0000,0.0000,0.0000,-0.0012
1791179227.5552,0.0200,0.2436,0.0000,0.0000,0.0000,0.0000,0.0000,0.0000,0.1273,0.1258,0.5077,0.5077,0.0000,0.0000,0.0000,-0.0012
1791179227.5752,0.0200,0.2805,0.0000,0.0000,0.0000,0.0000,0.0000,0.0000,0.1273,0.1258,0.5077,0.5077,0.0000,0.0000,0.0000,-0.0012
1791179227.5952,0.0200,0.2526,0.0000,0.0000,0.0000,0.0000,0.0000,0.0000,0.1273,0.1273,0.5077,0.5077,0.0000,0.0000,0.0000,-0.0012
1791179227.6152,0.0200,0.2403,0.0000,0.0000,0.0000,0.0000,0.0000,0.0000,0.1273,0.1273,0.5077,0.5077,0.0000,0.0000,0.0000,-0.0012
1791179227.6352,0.0200,0.1888,0.0000,0.0000,0.0000,0.0000,0.0000,0.0000,0.1273,0.1258,0.5077,0.5077,0.0000,0.0000,0.0000,-0.0012
1791179227.6551,0.0200,0.1854,0.0000,0.0000,0.0000,0.0000,0.0000,0.0000,0.1273,0.1258,0.5077,0.5077,0.0000,0.0000,0.0000,-0.0012
1791179227.6751,0.0200,0.2189,0.0000,0.0000,0.0000,0.0000,0.0000,0.0000,0.1273,0.1273,0.5077,0.5077,0.0000,0.0000,0.0000,-0.0012
1791179227.6952,0.0200,0.2017,0.0000,0.0000,0.0000,0.0000,0.0000,0.0000,0.1273,0.1258,0.5077,0.5077,0.0000,0.0000,0.0000,-0.0012
1791179227.7151,0.0200,0.1862,0.0000,0.0000,0.0000,0.0000,0.0000,0.0000,0.1273,0.1258,0.5077,0.5077,0.0000,0.0000,0.0000,-0.0012
1791179227.7352,0.0200,0.3107,0.0000,0.0000,0.0000,0.0000,0.0000,0.0000,0.1273,0.1258,0.5077,0.5077,0.0000,0.0000,0.0000,-0.0012
1791179227.7552,0.0200,0.3079,0.0000,0.0000,0.0000,0.0000,0.0000,0.0000,0.1273,0.1258,0.5077,0.5077,0.0000,0.0000,0.0000,-0.0012
1791179227.7752,0.0200,0.2114,0.0000,0.0000,0.0000,0.0000,0.0000,0.0000,0.1273,0.1258,0.5077,0.5077,0.0000,0.0000,0.0000,-0.0012
1791179227.7952,0.0200,0.2921,0.0000,0.0000,0.0000,0.0000,0.0000,0.0000,0.1273,0.1258,0.5077,0.5077,0.0000,0.0000,0.0000,-0.0012
1791179227.8152,0.0200,0.2024,0.0000,0.0000,0.0000,0.0000,0.0000,0.0000,0.1273,0.1258,0.5077,0.5077,0.0000,0.0000,0.0000,-0.0012
1791179227.8351,0.0200,0.2112,0.0000,0.0000,0.0000,0.0000,0.0000,0.0000,0.1273,0.1273,0.5077,0.5077,0.0000,0.0000,0.0000,-0.0012
1791179227.8552,0.0200,0.2270,0.0000,0.0000,0.0000,0.0000,0.0000,0.0000,0.1273,0.1258,0.5077,0.5077,0.0000,0.0000,0.0000,-0.0012
1791179227.8752,0.0200,0.2019,0.0000,0.0000,0.0000,0.0000,0.0000,0.0000,0.1273,0.1258,0.5077,0.5077,0.0000,0.0000,0.0000,-0.0012
1791179227.8952,0.0200,0.2451,0.0000,0.0000,0.0000,0.0000,0.0000,0.0000,0.1273,0.1258,0.5077,0.5077,0.0000,0.0000,0.0000,-0.0012
1791179227.9152,0.0200,0.2379,0.0000,0.0000,0.0000,0.0000,0.0000,0.0000,0.1273,0.1258,0.5077,0.5077,0.0000,0.0000,0.0000,-0.0012
1791179227.9352,0.0200,0.2340,0.0000,0.0000,0.0000,0.0000,0.0000,0.0000,0.1273,0.1258,0.5077,0.5077,0.0000,0.0000,0.0000,-0.0012
1791179227.9552,0.0200,0.2379,0.0000,0.0000,0.0000,0.0000,0.0000,0.0000,0.1273,0.1258,0.5077,0.5077,0.0000,0.0000,0.0000,-0.0012
1791179227.9752,0.0200,0.2066,0.0000,0.0000,0.0000,0.0000,0.0000,0.0000,0.1273,0.1273,0.5077,0.5077,0.0000,0.0000,0.0000,-0.0012
1791179227.9952,0.0200,0.2372,0.0000,0.0000,0.0000,0.0000,0.0000,0.0000,0.1273,0.1258,0.5077,0.5077,0.0000,0.0000,0.0000,-0.0012
1791179228.0152,0.0200,0.2311,0.0000,0.0000,0.0000,0.0000,0.0000,0.0000,0.1273,0.1273,0.5077,0.5077,0.0000,0.0000,0.0000,-0.0012
1791179228.0352,0.0200,0.2282,0.0000,0.0000,0.0000,0.0000,0.0000,0.0000,0.1273,0.1273,0.5077,0.5077,0.0000,0.0000,0.0000,-0.0012
1791179228.0552,0.0200,0.2273,0.0000,0.0000,0.0000,0.0000,0.0000,0.0000,0.1273,0.1258,0.5077,0.5077,0.0000,0.0000,0.0000,-0.0012
1791179228.0752,0.0200,0.2292,0.0000,0.0000,0.0000,0.0000,0.0000,0.0000,0.1273,0.1258,0.5077,0.5077,0.0000,0.0000,0.0000,-0.0012
1791179228.0952,0.0200,0.2447,0.0000,0.0000,0.0000,0.0000,0.0000,0.0000,0.1273,0.1258,0.5077,0.5077,0.0000,0.0000,0.0000,-0.0012
1791179228.1151,0.0200,0.1705,0.0000,0.0000,0.0000,0.0000,0.0000,0.0000,0.1273,0.1258,0.5077,0.5077,0.0000,0.0000,0.0000,-0.0012
1791179228.1351,0.0200,0.1851,0.0000,0.0000,0.0000,0.0000,0.0000,0.0000,0.1273,0.1273,0.5077,0.5077,0.0000,0.0000,0.0000,-0.0012
1791179228.1551,0.0200,0.1878,0.0000,0.0000,0.0000,0.0000,0.0000,0.0000,0.1273,0.1258,0.5077,0.5077,0.0000,0.0000,0.0000,-0.0012
1791179228.1751,0.0200,0.2124,0.0000,0.0000,0.0000,0.0000,0.0000,0.0000,0.1273,0.1258,0.5077,0.5077,0.0000,0.0000,0.0000,-0.0012
1791179228.1951,0.0200,0.1811,0.0000,0.0000,0.0000,0.0000,0.0000,0.0000,0.1273,0.1258,0.5077,0.5077,0.0000,0.0000,0.0000,-0.0012
1791179228.2151,0.0200,0.2346,0.0000,0.0000,0.0000,0.0000,0.0000,0.0000,0.1273,0.1258,0.5077,0.5077,0.0000,0.0000,0.0000,-0.0012
1791179228.2351,0.0200,0.2157,0.0000,0.0000,0.0000,0.0000,0.0000,0.0000,0.1273,0.1273,0.5077,0.5077,0.0000,0.0000,0.0000,-0.0012
1791179228.2551,0.0200,0.1811,0.0000,0.0000,0.0000,0.0000,0.0000,0.0000,0.1273,0.1258,0.5077,0.5077,0.0000,0.0000,0.0000,-0.0012
1791179228.2751,0.0200,0.2423,0.0000,0.0000,0.0000,0.0000,0.0000,0.0000,0.1273,0.1258,0.5077,0.5077,0.0000,0.0000,0.0000,-0.0012
1791179228.2952,0.0200,0.2295,0.0000,0.0000,0.0000,0.0000,0.0000,0.0000,0.1273,0.1258,0.5077,0.5077,0.0000,0.0000,0.0000,-0.0012
1791179228.3151,0.0199,0.1607,0.0000,0.0000,0.0000,0.0000,0.0000,0.0000,0.1273,0.1258,0.5077,0.5077,0.0000,0.0000,0.0000,-0.0012
1791179228.3352,0.0200,0.2390,0.0000,0.0000,0.0000,0.0000,0.0000,0.0000,0.1273,0.1258,0.5077,0.5077,0.0000,0.0000,0.0000,-0.0012
1791179228.3552,0.0200,0.2096,0.0000,0.0000,0.0000,0.0000,0.0000,0.0000,0.1273,0.1258,0.5077,0.5077,0.0000,0.0000,0.0000,-0.0012
1791179228.3752,0.0200,0.3262,0.0000,0.0000,0.0000,0.0000,0.0000,0.0000,0.1273,0.1258,0.5077,0.5077,0.0000,0.0000,0.0000,-0.0012
1791179228.3952,0.0200,0.2357,0.0000,0.0000,0.0000,0.0000,0.0000,0.0000,0.1273,0.1258,0.5077,0.5077,0.0000,0.0000,0.0000,-0.0012
1791179228.4152,0.0200,0.2275,0.0000,0.0000,0.0000,0.0000,0.0000,0.0000,0.1273,0.1258,0.5077,0.5077,0.0000,0.0000,0.0000,-0.0012
1791179228.4352,0.0200,0.2247,0.0000,0.0000,0.0000,0.0000,0.0000,0.0000,0.1273,0.1258,0.5077,0.5077,0.0000,0.0000,0.0000,-0.0012
1791179228.4552,0.0200,0.2257,0.0000,0.0000,0.0000,0.0000,0.0000,0.0000,0.1273,0.1258,0.5077,0.5077,0.0000,0.0000,0.0000,-0.0012
1791179228.4752,0.0200,0.1713,0.0000,0.0000,0.0000,0.0000,0.0000,0.0000,0.1273,0.1258,0.5077,0.5077,0.0000,0.0000,0.0000,-0.0012
1791179228.4952,0.0200,0.3325,0.0000,0.0000,0.0000,0.0000,0.0000,0.0000,0.1273,0.1258,0.5077,0.5077,0.0000,0.0000,0.0000,-0.0012
1791179228.5152,0.0200,0.2405,0.0000,0.0000,0.0000,0.0000,0.0000,0.0000,0.1273,0.1258,0.5077,0.5077,0.0000,0.0000,0.0000,-0.0012
1791179228.5351,0.0200,0.1924,0.0000,0.0000,0.0000,0.0000,0.0000,0.0000,0.1273,0.1273,0.5077,0.5077,0.0000,0.0000,0.0000,-0.0012
1791179228.5552,0.0200,0.2423,0.0000,0.0000,0.0000,0.0000,0.0000,0.0000,0.1273,0.1273,0.5077,0.5077,0.0000,0.0000,0.0000,-0.0012
1791179228.5752,0.0200,0.1678,0.0000,0.0000,0.0000,0.0000,0.0000,0.0000,0.1273,0.1258,0.5077,0.5077,0.0000,0.0000,0.0000,-0.0012
1791179228.5952,0.0200,0.2292,0.0000,0.0000,0.0000,0.0000,0.0000,0.0000,0.1273,0.1258,0.5077,0.5077,0.0000,0.0000,0.0000,-0.0012
1791179228.6152,0.0200,0.2315,0.0000,0.0000,0.0000,0.0000,0.0000,0.0000,0.1273,0.1258,0.5077,0.5077,0.0000,0.0000,0.0000,-0.0012
1791179228.6352,0.0200,0.2291,0.0000,0.0000,0.0000,0.0000,0.0000,0.0000,0.1273,0.1273,0.5077,0.5077,0.0000,0.0000,0.0000,-0.0012
1791179228.6552,0.0200,0.1756,0.0000,0.0000,0.0000,0.0000,0.0000,0.0000,0.1273,0.1258,0.5077,0.5062,0.0000,0.0000,0.0000,-0.0012
1791179228.6752,0.0200,0.2249,0.0000,0.0000,0.0000,0.0000,0.0000,0.0000,0.1273,0.1258,0.5077,0.5077,0.0000,0.0000,0.0000,-0.0012
1791179228.6952,0.0200,0.1982,0.0000,0.0000,0.0000,0.0000,0.0000,0.0000,0.1273,0.1273,0.5077,0.5077,0.0000,0.0000,0.0000,-0.0012
1791179228.7151,0.0200,0.1616,0.0000,0.0000,0.0000,0.0000,0.0000,0.0000,0.1273,0.1258,0.5077,0.5077,0.0000,0.0000,0.0000,-0.0012
1791179228.7352,0.0200,0.1828,0.0000,0.0000,0.0000,0.0000,0.0000,0.0000,0.1273,0.1258,0.5077,0.5077,0.0000,0.0000,0.0000,-0.0012
1791179228.7551,0.0200,0.1562,0.0000,0.0000,0.0000,0.0000,0.0000,0.0000,0.1273,0.1258,0.5077,0.5077,0.0000,0.0000,0.0000,-0.0012
1791179228.7752,0.0200,0.2299,0.0000,0.0000,0.0000,0.0000,0.0000,0.0000,0.1273,0.1273,0.5077,0.5077,0.0000,0.0000,0.0000,-0.0012
1791179228.7952,0.0200,0.2207,0.0000,0.0000,0.0000,0.0000,0.0000,0.0000,0.1273,0.1258,0.5077,0.5077,0.0000,0.0000,0.0000,-0.0012
1791179228.8151,0.0200,0.2129,0.0000,0.0000,0.0000,0.0000,0.0000,0.0000,0.1273,0.1258,0.5077,0.5077,0.0000,0.0000,0.0000,-0.0012
1791179228.8352,0.0200,0.2330,0.0000,0.0000,0.0000,0.0000,0.0000,0.0000,0.1273,0.1258,0.5077,0.5077,0.0000,0.0000,0.0000,-0.0012
1791179228.8552,0.0200,0.2080,0.0000,0.0000,0.0000,0.0000,0.0000,0.0000,0.1273,0.1273,0.5077,0.5077,0.0000,0.0000,0.0000,-0.0012
1791179228.8751,0.0200,0.3092,0.0000,0.0000,0.0000,0.0000,0.0000,0.0000,0.1273,0.1273,0.5077,0.5077,0.0000,0.0000,0.0000,-0.0012
1791179228.8952,0.0200,0.2373,0.0000,0.0000,0.0000,0.0000,0.0000,0.0000,0.1273,0.1258,0.5077,0.5077,0.0000,0.0000,0.0000,-0.0012
1791179228.9152,0.0200,0.2298,0.0000,0.0000,0.0000,0.0000,0.0000,0.0000,0.1273,0.1258,0.5077,0.5077,0.0000,0.0000,0.0000,-0.0012
1791179228.9352,0.0200,0.2284,0.0000,0.0000,0.0000,0.0000,0.0000,0.0000,0.1273,0.1258,0.5077,0.5077,0.0000,0.0000,0.0000,-0.0012
1791179228.9552,0.0200,0.2412,0.0000,0.0000,0.0000,0.0000,0.0000,0.0000,0.1273,0.1258,0.5077,0.5077,0.0000,0.0000,0.0000,-0.0012
1791179228.9752,0.0200,0.2352,0.0000,0.0000,0.0000,0.0000,0.0000,0.0000,0.1273,0.1258,0.5077,0.5077,0.0000,0.0000,0.0000,-0.0012
1791179228.9952,0.0200,0.2281,0.0000,0.0000,0.0000,0.0000,0.0000,0.0000,0.1273,0.1258,0.5077,0.5077,0.0000,0.0000,0.0000,-0.0012
1791179229.0152,0.0200,0.2385,0.0000,0.0000,0.0000,0.0000,0.0000,0.0000,0.1273,0.1273,0.5077,0.5077,0.0000,0.0000,0.0000,-0.0012
1791179229.0352,0.0200,0.2299,0.0000,0.0000,0.0000,0.0000,0.0000,0.0000,0.1273,0.1258,0.5077,0.5077,0.0000,0.0000,0.0000,-0.0012
1791179229.0552,0.0200,0.2600,0.0000,0.0000,0.0000,0.0000,0.0000,0.0000,0.1273,0.1273,0.5077,0.5077,0.0000,0.0000,0.0000,-0.0012
1791179229.0752,0.0200,0.2482,0.0000,0.0000,0.0000,0.0000,0.0000,0.0000,0.1273,0.1258,0.5077,0.5077,0.0000,0.0000,0.0000,-0.0012
1791179229.0951,0.0200,0.1706,0.0000,0.0000,0.0000,0.0000,0.0000,0.0000,0.1273,0.1258,0.5077,0.5077,0.0000,0.0000,0.0000,-0.0012
1791179229.1151,0.0200,0.2426,0.0000,0.0000,0.0000,0.0000,0.0000,0.0000,0.1273,0.1258,0.5077,0.5077,0.0000,0.0000,0.0000,-0.0012
1791179229.1351,0.0200,0.2044,0.0000,0.0000,0.0000,0.0000,0.0000,0.0000,0.1273,0.1258,0.5077,0.5077,0.0000,0.0000,0.0000,-0.0012
1791179229.1551,0.0200,0.2120,0.0000,0.0000,0.0000,0.0000,0.0000,0.0000,0.1273,0.1258,0.5077,0.5077,0.0000,0.0000,0.0000,-0.0012
1791179229.1752,0.0200,0.2360,0.0000,0.0000,0.0000,0.0000,0.0000,0.0000,0.1273,0.1258,0.5077,0.5077,0.0000,0.0000,0.0000,-0.0012
1791179229.1952,0.0200,0.2336,0.0000,0.0000,0.0000,0.0000,0.0000,0.0000,0.1273,0.1273,0.5077,0.5077,0.0000,0.0000,0.0000,-0.0012
1791179229.2152,0.0200,0.2299,0.0000,0.0000,0.0000,0.0000,0.0000,0.0000,0.1273,0.1258,0.5077,0.5077,0.0000,0.0000,0.0000,-0.0012
1791179229.2351,0.0200,0.2166,0.0000,0.0000,0.0000,0.0000,0.0000,0.0000,0.1273,0.1258,0.5077,0.5077,0.0000,0.0000,0.0000,-0.0012
1791179229.2551,0.0200,0.2093,0.0000,0.0000,0.0000,0.0000,0.0000,0.0000,0.1273,0.1273,0.5077,0.5077,0.0000,0.0000,0.0000,-0.0012
1791179229.2752,0.0200,0.2311,0.0000,0.0000,0.0000,0.0000,0.0000,0.0000,0.1273,0.1258,0.5077,0.5077,0.0000,0.0000,0.0000,-0.0012
1791179229.2952,0.0200,0.2085,0.0000,0.0000,0.0000,0.0000,0.0000,0.0000,0.1273,0.1258,0.5077,0.5077,0.0000,0.0000,0.0000,-0.0012
1791179229.3152,0.0200,0.2401,0.0000,0.0000,0.0000,0.0000,0.0000,0.0000,0.1273,0.1273,0.5077,0.5077,0.0000,0.0000,0.0000,-0.0012
1791179229.3352,0.0200,0.2430,0.0000,0.0000,0.0000,0.0000,0.0000,0.0000,0.1273,0.1258,0.5077,0.5077,0.0000,0.0000,0.0000,-0.0012
1791179229.3552,0.0200,0.2071,0.0000,0.0000,0.0000,0.0000,0.0000,0.0000,0.1273,0.1258,0.5077,0.5077,0.0000,0.0000,0.0000,-0.0012
1791179229.3752,0.0200,0.2385,0.0000,0.0000,0.0000,0.0000,0.0000,0.0000,0.1273,0.1258,0.5077,0.5077,0.0000,0.0000,0.0000,-0.0012
1791179229.3952,0.0200,0.2859,0.0000,0.0000,0.0000,0.0000,0.0000,0.0000,0.1273,0.1273,0.5077,0.5077,0.0000,0.0000,0.0000,-0.0012
1791179229.4152,0.0200,0.3227,0.0000,0.0000,0.0000,0.0000,0.0000,0.0000,0.1273,0.1258,0.5077,0.5077,0.0000,0.0000,0.0000,-0.0012
1791179229.4352,0.0200,0.2370,0.0000,0.0000,0.0000,0.0000,0.0000,0.0000,0.1273,0.1258,0.5077,0.5077,0.0000,0.0000,0.0000,-0.0012
1791179229.4552,0.0200,0.2309,0.0000,0.0000,0.0000,0.0000,0.0000,0.0000,0.1273,0.1258,0.5077,0.5077,0.0000,0.0000,0.0000,-0.0012
1791179229.4752,0.0200,0.2487,0.0000,0.0000,0.0000,0.0000,0.0000,0.0000,0.1273,0.1273,0.5077,0.5077,0.0000,0.0000,0.0000,-0.0012
1791179229.4952,0.0200,0.2537,0.0000,0.0000,0.0000,0.0000,0.0000,0.0000,0.1273,0.1273,0.5077,0.5077,0.0000,0.0000,0.0000,-0.0012
1791179229.5152,0.0200,0.2357,0.0000,0.0000,0.0000,0.0000,0.0000,0.0000,0.1273,0.1258,0.5077,0.5077,0.0000,0.0000,0.0000,-0.0012
1791179229.5352,0.0200,0.2125,0.0000,0.0000,0.0000,0.0000,0.0000,0.0000,0.1273,0.1258,0.5077,0.5077,0.0000,0.0000,0.0000,-0.0012
1791179229.5551,0.0200,0.2456,0.0000,0.0000,0.0000,0.0000,0.0000,0.0000,0.1273,0.1273,0.5077,0.5062,0.0000,0.0000,0.0000,-0.0012
1791179229.5752,0.0200,0.2480,0.0000,0.0000,0.0000,0.0000,0.0000,0.0000,0.1273,0.1258,0.5077,0.5077,0.0000,0.0000,0.0000,-0.0012
1791179229.5952,0.0200,0.2016,0.0000,0.0000,0.0000,0.0000,0.0000,0.0000,0.1273,0.1258,0.5077,0.5062,0.0000,0.0000,0.0000,-0.0012
1791179229.6152,0.0200,0.2409,0.0000,0.0000,0.0000,0.0000,0.0000,0.0000,0.1273,0.1273,0.5077,0.5077,0.0000,0.0000,0.0000,-0.0012
1791179229.6352,0.0200,0.2326,0.0000,0.0000,0.0000,0.0000,0.0000,0.0000,0.1273,0.1273,0.5077,0.5077,0.0000,0.0000,0.0000,-0.0012
1791179229.6552,0.0200,0.2384,0.0000,0.0000,0.0000,0.0000,0.0000,0.0000,0.1273,0.1258,0.5077,0.5077,0.0000,0.0000,0.0000,-0.0012
1791179229.6752,0.0200,0.3230,0.0000,0.0000,0.0000,0.0000,0.0000,0.0000,0.1273,0.1258,0.5077,0.5077,0.0000,0.0000,0.0000,-0.0012
1791179229.6952,0.0200,0.2077,0.0000,0.0000,0.0000,0.0000,0.0000,0.0000,0.1273,0.1273,0.5077,0.5062,0.0000,0.0000,0.0000,-0.0012
1791179229.7152,0.0200,0.2325,0.0000,0.0000,0.0000,0.0000,0.0000,0.0000,0.1273,0.1258,0.5077,0.5077,0.0000,0.0000,0.0000,-0.0012
1791179229.7352,0.0200,0.1966,0.0000,0.0000,0.0000,0.0000,0.0000,0.0000,0.1273,0.1258,0.5077,0.5077,0.0000,0.0000,0.0000,-0.0012
1791179229.7551,0.0200,0.2785,0.0000,0.0000,0.0000,0.0000,0.0000,0.0000,0.1273,0.1273,0.5077,0.5062,0.0000,0.0000,0.0000,-0.0012
1791179229.7752,0.0200,0.2136,0.0000,0.0000,0.0000,0.0000,0.0000,0.0000,0.1273,0.1258,0.5077,0.5077,0.0000,0.0000,0.0000,-0.0012
1791179229.7952,0.0200,0.2369,0.0000,0.0000,0.0000,0.0000,0.0000,0.0000,0.1273,0.1273,0.5077,0.5077,0.0000,0.0000,0.0000,-0.0012
1791179229.8152,0.0200,0.2014,0.0000,0.0000,0.0000,0.0000,0.0000,0.0000,0.1273,0.1258,0.5077,0.5062,0.0000,0.0000,0.0000,-0.0012
1791179229.8351,0.0200,0.2810,0.0000,0.0000,0.0000,0.0000,0.0000,0.0000,0.1273,0.1258,0.5077,0.5077,0.0000,0.0000,0.0000,-0.0012
1791179229.8552,0.0200,0.2363,0.0000,0.0000,0.0000,0.0000,0.0000,0.0000,0.1273,0.1258,0.5077,0.5077,0.0000,0.0000,0.0000,-0.0012
1791179229.8752,0.0200,0.2284,0.0000,0.0000,0.0000,0.0000,0.0000,0.0000,0.1273,0.1258,0.5077,0.5062,0.0000,0.0000,0.0000,-0.0012
1791179229.8952,0.0200,0.2275,0.0000,0.0000,0.0000,0.0000,0.0000,0.0000,0.1273,0.1258,0.5077,0.5077,0.0000,0.0000,0.0000,-0.0012
1791179229.9152,0.0200,0.2318,0.0000,0.0000,0.0000,0.0000,0.0000,0.0000,0.1273,0.1273,0.5077,0.5077,0.0000,0.0000,0.0000,-0.0012
1791179229.9352,0.0200,0.2268,0.0000,0.0000,0.0000,0.0000,0.0000,0.0000,0.1273,0.1258,0.5077,0.5077,0.0000,0.0000,0.0000,-0.0012
1791179229.9552,0.0200,0.2333,0.0000,0.0000,0.0000,0.0000,0.0000,0.0000,0.1273,0.1273,0.5077,0.5077,0.0000,0.0000,0.0000,-0.0012
1791179229.9752,0.0200,0.2392,0.0000,0.0000,0.0000,0.0000,0.0000,0.0000,0.1273,0.1273,0.5077,0.5077,0.0000,0.0000,0.0000,-0.0012
1791179229.9952,0.0200,0.2410,0.0000,0.0000,0.0000,0.0000,0.0000,0.0000,0.1273,0.1258,0.5077,0.5077,0.0000,0.0000,0.0000,-0.0012
1791179230.0152,0.0200,0.2394,0.0000,0.0000,0.0000,0.0000,0.0000,0.0000,0.1273,0.1258,0.5077,0.5077,0.0000,0.0000,0.0000,-0.0011
1791179230.0352,0.0200,0.2676,0.0000,0.0000,0.0000,0.0000,0.0000,0.0000,0.1273,0.1273,0.5077,0.5077,0.0000,0.0000,0.0000,-0.0012
1791179230.0552,0.0200,0.2121,0.0000,0.0000,0.0000,0.0000,0.0000,0.0000,0.1273,0.1258,0.5077,0.5077,0.0000,0.0000,0.0000,-0.0012
1791179230.0752,0.0200,0.2358,0.0000,0.0000,0.0000,0.0000,0.0000,0.0000,0.1273,0.1273,0.5077,0.5077,0.0000,0.0000,0.0000,-0.0012
1791179230.0952,0.0200,0.2434,0.0000,0.0000,0.0000,0.0000,0.0000,0.0000,0.1273,0.1258,0.5077,0.5077,0.0000,0.0000,0.0000,-0.0012
1791179230.1151,0.0200,0.2151,0.0000,0.0000,0.0000,0.0000,0.0000,0.0000,0.1273,0.1258,0.5077,0.5077,0.0000,0.0000,0.0000,-0.0012
1791179230.1351,0.0200,0.1642,0.0000,0.0000,0.0000,0.0000,0.0000,0.0000,0.1273,0.1273,0.5077,0.5077,0.0000,0.0000,0.0000,-0.0012
1791179230.1552,0.0200,0.2737,0.0000,0.0000,0.0000,0.0000,0.0000,0.0000,0.1273,0.1258,0.5077,0.5077,0.0000,0.0000,0.0000,-0.0012
1791179230.1752,0.0200,0.2144,0.0000,0.0000,0.0000,0.0000,0.0000,0.0000,0.1273,0.1258,0.5077,0.5077,0.0000,0.0000,0.0000,-0.0012
1791179230.1951,0.0200,0.2195,0.0000,0.0000,0.0000,0.0000,0.0000,0.0000,0.1273,0.1258,0.5077,0.5077,0.0000,0.0000,0.0000,-0.0012
1791179230.2151,0.0200,0.2433,0.0000,0.0000,0.0000,0.0000,0.0000,0.0000,0.1273,0.1273,0.5077,0.5077,0.0000,0.0000,0.0000,-0.0012
1791179230.2351,0.0200,0.2185,0.0000,0.0000,0.0000,0.0000,0.0000,0.0000,0.1273,0.1258,0.5077,0.5077,0.0000,0.0000,0.0000,-0.0012
1791179230.2551,0.0200,0.2134,0.0000,0.0000,0.0000,0.0000,0.0000,0.0000,0.1273,0.1273,0.5077,0.5077,0.0000,0.0000,0.0000,-0.0012
1791179230.2751,0.0200,0.2419,0.0000,0.0000,0.0000,0.0000,0.0000,0.0000,0.1273,0.1258,0.5077,0.5077,0.0000,0.0000,0.0000,-0.0012
1791179230.2952,0.0200,0.2353,0.0000,0.0000,0.0000,0.0000,0.0000,0.0000,0.1273,0.1258,0.5077,0.5077,0.0000,0.0000,0.0000,-0.0012
1791179230.3152,0.0200,0.2293,0.0000,0.0000,0.0000,0.0000,0.0000,0.0000,0.1273,0.1258,0.5077,0.5077,0.0000,0.0000,0.0000,-0.0012
1791179230.3352,0.0200,0.2639,0.0000,0.0000,0.0000,0.0000,0.0000,0.0000,0.1273,0.1258,0.5077,0.5077,0.0000,0.0000,0.0000,-0.0012
1791179230.3551,0.0199,0.2187,0.0000,0.0000,0.0000,0.0000,0.0000,0.0000,0.1273,0.1258,0.5077,0.5077,0.0000,0.0000,0.0000,-0.0012
1791179230.3752,0.0200,0.2320,0.0000,0.0000,0.0000,0.0000,0.0000,0.0000,0.1273,0.1258,0.5077,0.5077,0.0000,0.0000,0.0000,-0.0012
1791179230.3952,0.0200,0.2327,0.0000,0.0000,0.0000,0.0000,0.0000,0.0000,0.1273,0.1258,0.5077,0.5077,0.0000,0.0000,0.0000,-0.0012
1791179230.4152,0.0200,0.2212,0.0000,0.0000,0.0000,0.0000,0.0000,0.0000,0.1273,0.1258,0.5077,0.5077,0.0000,0.0000,0.0000,-0.0012
1791179230.4352,0.0200,0.2254,0.0000,0.0000,0.0000,0.0000,0.0000,0.0000,0.1273,0.1258,0.5077,0.5077,0.0000,0.0000,0.0000,-0.0012
1791179230.4552,0.0200,0.1662,0.0000,0.0000,0.0000,0.0000,0.0000,0.0000,0.1273,0.1258,0.5077,0.5077,0.0000,0.0000,0.0000,-0.0012
1791179230.4751,0.0200,0.2386,0.0000,0.0000,0.0000,0.0000,0.0000,0.0000,0.1273,0.1258,0.5077,0.5077,0.0000,0.0000,0.0000,-0.0012
1791179230.4952,0.0200,0.2776,0.0000,0.0000,0.0000,0.0000,0.0000,0.0000,0.1273,0.1273,0.5077,0.5077,0.0000,0.0000,0.0000,-0.0012
1791179230.5152,0.0200,0.2613,0.0000,0.0000,0.0000,0.0000,0.0000,0.0000,0.1273,0.1258,0.5077,0.5077,0.0000,0.0000,0.0000,-0.0012
1791179230.5352,0.0200,0.2134,0.0000,0.0000,0.0000,0.0000,0.0000,0.0000,0.1273,0.1258,0.5077,0.5077,0.0000,0.0000,0.0000,-0.0012
1791179230.5552,0.0200,0.2455,0.0000,0.0000,0.0000,0.0000,0.0000,0.0000,0.1273,0.1258,0.5077,0.5077,0.0000,0.0000,0.0000,-0.0012
1791179230.5752,0.0200,0.1666,0.0000,0.0000,0.0000,0.0000,0.0000,0.0000,0.1273,0.1258,0.5077,0.5077,0.0000,0.0000,0.0000,-0.0012
1791179230.5951,0.0200,0.1904,0.0000,0.0000,0.0000,0.0000,0.0000,0.0000,0.1273,0.1258,0.5077,0.5077,0.0000,0.0000,0.0000,-0.0012
1791179230.6152,0.0200,0.2431,0.0000,0.0000,0.0000,0.0000,0.0000,0.0000,0.1273,0.1273,0.5077,0.5077,0.0000,0.0000,0.0000,-0.0012
1791179230.6352,0.0200,0.2341,0.0000,0.0000,0.0000,0.0000,0.0000,0.0000,0.1273,0.1258,0.5077,0.5077,0.0000,0.0000,0.0000,-0.0012
1791179230.6552,0.0200,0.2325,0.0000,0.0000,0.0000,0.0000,0.0000,0.0000,0.1273,0.1273,0.5077,0.5062,0.0000,0.0000,0.0000,-0.0012
1791179230.6752,0.0200,0.2651,0.0000,0.0000,0.0000,0.0000,0.0000,0.0000,0.1273,0.1258,0.5077,0.5077,0.0000,0.0000,0.0000,-0.0012
1791179230.6952,0.0200,0.2152,0.0000,0.0000,0.0000,0.0000,0.0000,0.0000,0.1273,0.1258,0.5077,0.5077,0.0000,0.0000,0.0000,-0.0012
1791179230.7152,0.0200,0.2373,0.0000,0.0000,0.0000,0.0000,0.0000,0.0000,0.1273,0.1273,0.5077,0.5077,0.0000,0.0000,0.0000,-0.0012
1791179230.7352,0.0200,0.2025,0.0000,0.0000,0.0000,0.0000,0.0000,0.0000,0.1273,0.1273,0.5077,0.5077,0.0000,0.0000,0.0000,-0.0012
1791179230.7551,0.0200,0.2109,0.0000,0.0000,0.0000,0.0000,0.0000,0.0000,0.1273,0.1258,0.5077,0.5062,0.0000,0.0000,0.0000,-0.0012
1791179230.7752,0.0200,0.2354,0.0000,0.0000,0.0000,0.0000,0.0000,0.0000,0.1273,0.1258,0.5077,0.5077,0.0000,0.0000,0.0000,-0.0012
1791179230.7951,0.0200,0.2311,0.0000,0.0000,0.0000,0.0000,0.0000,0.0000,0.1273,0.1258,0.5077,0.5077,0.0000,0.0000,0.0000,-0.0012
1791179230.8152,0.0200,0.2359,0.0000,0.0000,0.0000,0.0000,0.0000,0.0000,0.1273,0.1258,0.5077,0.5077,0.0000,0.0000,0.0000,-0.0012
1791179230.8352,0.0200,0.2431,0.0000,0.0000,0.0000,0.0000,0.0000,0.0000,0.1273,0.1258,0.5077,0.5077,0.0000,0.0000,0.0000,-0.0012
1791179230.8552,0.0200,0.2387,0.0000,0.0000,0.0000,0.0000,0.0000,0.0000,0.1273,0.1258,0.5077,0.5077,0.0000,0.0000,0.0000,-0.0012
1791179230.8752,0.0200,0.3358,0.0000,0.0000,0.0000,0.0000,0.0000,0.0000,0.1273,0.1258,0.5077,0.5077,0.0000,0.0000,0.0000,-0.0012
1791179230.8952,0.0200,0.2518,0.0000,0.0000,0.0000,0.0000,0.0000,0.0000,0.1273,0.1273,0.5077,0.5077,0.0000,0.0000,0.0000,-0.0012
1791179230.9152,0.0200,0.2362,0.0000,0.0000,0.0000,0.0000,0.0000,0.0000,0.1273,0.1258,0.5077,0.5077,0.0000,0.0000,0.0000,-0.0012
1791179230.9352,0.0200,0.2320,0.0000,0.0000,0.0000,0.0000,0.0000,0.0000,0.1273,0.1258,0.5077,0.5077,0.0000,0.0000,0.0000,-0.0012
1791179230.9552,0.0200,0.2319,0.0000,0.0000,0.0000,0.0000,0.0000,0.0000,0.1273,0.1258,0.5077,0.5077,0.0000,0.0000,0.0000,-0.0012
1791179230.9752,0.0200,0.2324,0.0000,0.0000,0.0000,0.0000,0.0000,0.0000,0.1273,0.1258,0.5077,0.5077,0.0000,0.0000,0.0000,-0.0012
1791179230.9952,0.0200,0.2315,0.0000,0.0000,0.0000,0.0000,0.0000,0.0000,0.1273,0.1258,0.5077,0.5062,0.0000,0.0000,0.0000,-0.0012
1791179231.0151,0.0200,0.2470,0.0000,0.0000,0.0000,0.0000,0.0000,0.0000,0.1273,0.1258,0.5077,0.5077,0.0000,0.0000,0.0000,-0.0012
1791179231.0351,0.0200,0.2441,0.0000,0.0000,0.0000,0.0000,0.0000,0.0000,0.1273,0.1258,0.5077,0.5077,0.0000,0.0000,0.0000,-0.0012
1791179231.0551,0.0200,0.2106,0.0000,0.0000,0.0000,0.0000,0.0000,0.0000,0.1273,0.1258,0.5077,0.5077,0.0000,0.0000,0.0000,-0.0012
1791179231.0751,0.0200,0.2379,0.0000,0.0000,0.0000,0.0000,0.0000,0.0000,0.1273,0.1258,0.5077,0.5077,0.0000,0.0000,0.0000,-0.0012
1791179231.0951,0.0200,0.2254,0.0000,0.0000,0.0000,0.0000,0.0000,0.0000,0.1273,0.1258,0.5077,0.5077,0.0000,0.0000,0.0000,-0.0012
1791179231.1151,0.0200,0.1571,0.0000,0.0000,0.0000,0.0000,0.0000,0.0000,0.1273,0.1258,0.5077,0.5077,0.0000,0.0000,0.0000,-0.0012
1791179231.1351,0.0200,0.2340,0.0000,0.0000,0.0000,0.0000,0.0000,0.0000,0.1273,0.1258,0.5077,0.5077,0.0000,0.0000,0.0000,-0.0012
1791179231.1551,0.0200,0.2118,0.0000,0.0000,0.0000,0.0000,0.0000,0.0000,0.1273,0.1258,0.5077,0.5077,0.0000,0.0000,0.0000,-0.0012
1791179231.1751,0.0200,0.2319,0.0000,0.0000,0.0000,0.0000,0.0000,0.0000,0.1273,0.1258,0.5077,0.5077,0.0000,0.0000,0.0000,-0.0012
1791179231.1952,0.0201,0.1870,0.0000,0.0000,0.0000,0.0000,0.0000,0.0000,0.1273,0.1273,0.5077,0.5077,0.0000,0.0000,0.0000,-0.0012
1791179231.2151,0.0199,0.2045,0.0000,0.0000,0.0000,0.0000,0.0000,0.0000,0.1273,0.1258,0.5077,0.5077,0.0000,0.0000,0.0000,-0.0012
1791179231.2352,0.0200,0.2945,0.0000,0.0000,0.0000,0.0000,0.0000,0.0000,0.1273,0.1258,0.5077,0.5077,0.0000,0.0000,0.0000,-0.0012
1791179231.2552,0.0201,0.2255,0.0000,0.0000,0.0000,0.0000,0.0000,0.0000,0.1273,0.1258,0.5077,0.5077,0.0000,0.0000,0.0000,-0.0012
1791179231.2753,0.0200,0.1783,0.0000,0.0000,0.0000,0.0000,0.0000,0.0000,0.1273,0.1258,0.5077,0.5077,0.0000,0.0000,0.0000,-0.0012
1791179231.2952,0.0199,0.2312,0.0000,0.0000,0.0000,0.0000,0.0000,0.0000,0.1273,0.1258,0.5077,0.5077,0.0000,0.0000,0.0000,-0.0012
1791179231.3152,0.0200,0.2119,0.0000,0.0000,0.0000,0.0000,0.0000,0.0000,0.1273,0.1258,0.5077,0.5077,0.0000,0.0000,0.0000,-0.0012
1791179231.3352,0.0200,0.2027,0.0000,0.0000,0.0000,0.0000,0.0000,0.0000,0.1273,0.1258,0.5077,0.5077,0.0000,0.0000,0.0000,-0.0012
1791179231.3551,0.0200,0.2071,0.0000,0.0000,0.0000,0.0000,0.0000,0.0000,0.1273,0.1258,0.5077,0.5077,0.0000,0.0000,0.0000,-0.0012
1791179231.3752,0.0200,0.2601,0.0000,0.0000,0.0000,0.0000,0.0000,0.0000,0.1273,0.1273,0.5077,0.5077,0.0000,0.0000,0.0000,-0.0012
1791179231.3952,0.0200,0.1549,0.0000,0.0000,0.0000,0.0000,0.0000,0.0000,0.1273,0.1258,0.5077,0.5077,0.0000,0.0000,0.0000,-0.0012
1791179231.4151,0.0200,0.1872,0.0000,0.0000,0.0000,0.0000,0.0000,0.0000,0.1273,0.1258,0.5077,0.5077,0.0000,0.0000,0.0000,-0.0012
1791179231.4351,0.0200,0.2135,0.0000,0.0000,0.0000,0.0000,0.0000,0.0000,0.1273,0.1258,0.5077,0.5077,0.0000,0.0000,0.0000,-0.0012
1791179231.4552,0.0200,0.2401,0.0000,0.0000,0.0000,0.0000,0.0000,0.0000,0.1273,0.1273,0.5077,0.5077,0.0000,0.0000,0.0000,-0.0012
1791179231.4752,0.0200,0.1651,0.0000,0.0000,0.0000,0.0000,0.0000,0.0000,0.1273,0.1273,0.5077,0.5077,0.0000,0.0000,0.0000,-0.0012
1791179231.4952,0.0200,0.3363,0.0000,0.0000,0.0000,0.0000,0.0000,0.0000,0.1273,0.1258,0.5077,0.5077,0.0000,0.0000,0.0000,-0.0012
1791179231.5152,0.0200,0.2052,0.0000,0.0000,0.0000,0.0000,0.0000,0.0000,0.1273,0.1258,0.5077,0.5077,0.0000,0.0000,0.0000,-0.0012
1791179231.5351,0.0199,0.1834,0.0000,0.0000,0.0000,0.0000,0.0000,0.0000,0.1273,0.1258,0.5077,0.5077,0.0000,0.0000,0.0000,-0.0012
1791179231.5551,0.0200,0.2589,0.0000,0.0000,0.0000,0.0000,0.0000,0.0000,0.1273,0.1258,0.5077,0.5077,0.0000,0.0000,0.0000,-0.0012
1791179231.5752,0.0200,0.2351,0.0000,0.0000,0.0000,0.0000,0.0000,0.0000,0.1273,0.1258,0.5077,0.5077,0.0000,0.0000,0.0000,-0.0012
1791179231.5952,0.0200,0.2279,0.0000,0.0000,0.0000,0.0000,0.0000,0.0000,0.1273,0.1258,0.5077,0.5077,0.0000,0.0000,0.0000,-0.0012
1791179231.6152,0.0200,0.2427,0.0000,0.0000,0.0000,0.0000,0.0000,0.0000,0.1273,0.1258,0.5077,0.5077,0.0000,0.0000,0.0000,-0.0012
1791179231.6352,0.0200,0.2005,0.0000,0.0000,0.0000,0.0000,0.0000,0.0000,0.1273,0.1258,0.5077,0.5077,0.0000,0.0000,0.0000,-0.0012
1791179231.6551,0.0200,0.2184,0.0000,0.0000,0.0000,0.0000,0.0000,0.0000,0.1273,0.1258,0.5077,0.5077,0.0000,0.0000,0.0000,-0.0012
1791179231.6752,0.0200,0.2310,0.0000,0.0000,0.0000,0.0000,0.0000,0.0000,0.1273,0.1273,0.5077,0.5077,0.0000,0.0000,0.0000,-0.0012
1791179231.6952,0.0200,0.1995,0.0000,0.0000,0.0000,0.0000,0.0000,0.0000,0.1273,0.1258,0.5077,0.5077,0.0000,0.0000,0.0000,-0.0012
1791179231.7151,0.0200,0.2825,0.0000,0.0000,0.0000,0.0000,0.0000,0.0000,0.1273,0.1273,0.5077,0.5077,0.0000,0.0000,0.0000,-0.0012
1791179231.7352,0.0200,0.2099,0.0000,0.0000,0.0000,0.0000,0.0000,0.0000,0.1273,0.1258,0.5077,0.5077,0.0000,0.0000,0.0000,-0.0012
1791179231.7552,0.0200,0.2809,0.0000,0.0000,0.0000,0.0000,0.0000,0.0000,0.1273,0.1258,0.5077,0.5077,0.0000,0.0000,0.0000,-0.0012
1791179231.7752,0.0200,0.2044,0.0000,0.0000,0.0000,0.0000,0.0000,0.0000,0.1273,0.1258,0.5077,0.5077,0.0000,0.0000,0.0000,-0.0012
1791179231.7951,0.0199,0.2084,0.0000,0.0000,0.0000,0.0000,0.0000,0.0000,0.1273,0.1258,0.5077,0.5077,0.0000,0.0000,0.0000,-0.0012
1791179231.8152,0.0200,0.2302,0.0000,0.0000,0.0000,0.0000,0.0000,0.0000,0.1273,0.1273,0.5077,0.5077,0.0000,0.0000,0.0000,-0.0012
1791179231.8352,0.0200,0.2295,0.0000,0.0000,0.0000,0.0000,0.0000,0.0000,0.1273,0.1273,0.5077,0.5077,0.0000,0.0000,0.0000,-0.0012
1791179231.8552,0.0200,0.2270,0.0000,0.0000,0.0000,0.0000,0.0000,0.0000,0.1273,0.1258,0.5077,0.5077,0.0000,0.0000,0.0000,-0.0012
1791179231.8752,0.0200,0.2223,0.0000,0.0000,0.0000,0.0000,0.0000,0.0000,0.1273,0.1258,0.5077,0.5077,0.0000,0.0000,0.0000,-0.0012
1791179231.8952,0.0200,0.2312,0.0000,0.0000,0.0000,0.0000,0.0000,0.0000,0.1273,0.1258,0.5077,0.5077,0.0000,0.0000,0.0000,-0.0012
1791179231.9152,0.0200,0.2266,0.0000,0.0000,0.0000,0.0000,0.0000,0.0000,0.1273,0.1273,0.5077,0.5077,0.0000,0.0000,0.0000,-0.0012
1791179231.9352,0.0200,0.2259,0.0000,0.0000,0.0000,0.0000,0.0000,0.0000,0.1273,0.1258,0.5077,0.5077,0.0000,0.0000,0.0000,-0.0012
1791179231.9552,0.0200,0.2330,0.0000,0.0000,0.0000,0.0000,0.0000,0.0000,0.1273,0.1258,0.5077,0.5077,0.0000,0.0000,0.0000,-0.0012
1791179231.9752,0.0200,0.2231,0.0000,0.0000,0.0000,0.0000,0.0000,0.0000,0.1273,0.1258,0.5077,0.5077,0.0000,0.0000,0.0000,-0.0011
1791179231.9952,0.0200,0.2414,0.0000,0.0000,0.0000,0.0000,0.0000,0.0000,0.1273,0.1258,0.5077,0.5077,0.0000,0.0000,0.0000,-0.0012
1791179232.0152,0.0200,0.2438,0.0000,0.0000,0.0000,0.0000,0.0000,0.0000,0.1273,0.1258,0.5077,0.5077,0.0000,0.0000,0.0000,-0.0012
1791179232.0352,0.0200,0.2411,0.0000,0.0000,0.0000,0.0000,0.0000,0.0000,0.1273,0.1258,0.5077,0.5062,0.0000,0.0000,0.0000,-0.0012
1791179232.0551,0.0200,0.1856,0.0000,0.0000,0.0000,0.0000,0.0000,0.0000,0.1273,0.1273,0.5077,0.5077,0.0000,0.0000,0.0000,-0.0012
1791179232.0751,0.0200,0.2120,0.0000,0.0000,0.0000,0.0000,0.0000,0.0000,0.1273,0.1258,0.5077,0.5077,0.0000,0.0000,0.0000,-0.0012
1791179232.0951,0.0200,0.1837,0.0000,0.0000,0.0000,0.0000,0.0000,0.0000,0.1273,0.1258,0.5077,0.5077,0.0000,0.0000,0.0000,-0.0012
1791179232.1151,0.0200,0.2391,0.0000,0.0000,0.0000,0.0000,0.0000,0.0000,0.1273,0.1273,0.5077,0.5077,0.0000,0.0000,0.0000,-0.0012
1791179232.1351,0.0200,0.2100,0.0000,0.0000,0.0000,0.0000,0.0000,0.0000,0.1273,0.1273,0.5077,0.5077,0.0000,0.0000,0.0000,-0.0012
1791179232.1551,0.0200,0.1882,0.0000,0.0000,0.0000,0.0000,0.0000,0.0000,0.1273,0.1258,0.5077,0.5077,0.0000,0.0000,0.0000,-0.0012
1791179232.1751,0.0200,0.2392,0.0000,0.0000,0.0000,0.0000,0.0000,0.0000,0.1273,0.1258,0.5077,0.5077,0.0000,0.0000,0.0000,-0.0012
1791179232.1952,0.0200,0.2280,0.0000,0.0000,0.0000,0.0000,0.0000,0.0000,0.1273,0.1258,0.5077,0.5077,0.0000,0.0000,0.0000,-0.0012
1791179232.2152,0.0200,0.2383,0.0000,0.0000,0.0000,0.0000,0.0000,0.0000,0.1273,0.1273,0.5077,0.5062,0.0000,0.0000,0.0000,-0.0012
1791179232.2351,0.0199,0.2047,0.0000,0.0000,0.0000,0.0000,0.0000,0.0000,0.1273,0.1258,0.5077,0.5077,0.0000,0.0000,0.0000,-0.0012
1791179232.2552,0.0200,0.2433,0.0000,0.0000,0.0000,0.0000,0.0000,0.0000,0.1273,0.1258,0.5077,0.5077,0.0000,0.0000,0.0000,-0.0012
1791179232.2752,0.0200,0.2355,0.0000,0.0000,0.0000,0.0000,0.0000,0.0000,0.1273,0.1273,0.5077,0.5077,0.0000,0.0000,0.0000,-0.0012
1791179232.2952,0.0200,0.2296,0.0000,0.0000,0.0000,0.0000,0.0000,0.0000,0.1273,0.1273,0.5077,0.5077,0.0000,0.0000,0.0000,-0.0012
1791179232.3151,0.0199,0.2314,0.0000,0.0000,0.0000,0.0000,0.0000,0.0000,0.1273,0.1273,0.5077,0.5077,0.0000,0.0000,0.0000,-0.0012
1791179232.3352,0.0200,0.2480,0.0000,0.0000,0.0000,0.0000,0.0000,0.0000,0.1273,0.1258,0.5077,0.5077,0.0000,0.0000,0.0000,-0.0012
1791179232.3552,0.0200,0.2118,0.0000,0.0000,0.0000,0.0000,0.0000,0.0000,0.1273,0.1258,0.5077,0.5077,0.0000,0.0000,0.0000,-0.0012
1791179232.3752,0.0200,0.2391,0.0000,0.0000,0.0000,0.0000,0.0000,0.0000,0.1273,0.1273,0.5077,0.5077,0.0000,0.0000,0.0000,-0.0012
1791179232.3951,0.0200,0.2364,0.0000,0.0000,0.0000,0.0000,0.0000,0.0000,0.1273,0.1258,0.5077,0.5077,0.0000,0.0000,0.0000,-0.0012
1791179232.4151,0.0200,0.1900,0.0000,0.0000,0.0000,0.0000,0.0000,0.0000,0.1273,0.1258,0.5077,0.5077,0.0000,0.0000,0.0000,-0.0012
1791179232.4352,0.0200,0.2436,0.0000,0.0000,0.0000,0.0000,0.0000,0.0000,0.1273,0.1258,0.5077,0.5077,0.0000,0.0000,0.0000,-0.0012
1791179232.4551,0.0200,0.2150,0.0000,0.0000,0.0000,0.0000,0.0000,0.0000,0.1273,0.1258,0.5077,0.5077,0.0000,0.0000,0.0000,-0.0012
1791179232.4752,0.0200,0.2327,0.0000,0.0000,0.0000,0.0000,0.0000,0.0000,0.1273,0.1258,0.5077,0.5077,0.0000,0.0000,0.0000,-0.0012
1791179232.4952,0.0200,0.2247,0.0000,0.0000,0.0000,0.0000,0.0000,0.0000,0.1273,0.1273,0.5077,0.5077,0.0000,0.0000,0.0000,-0.0012
1791179232.5151,0.0199,0.2141,0.0000,0.0000,0.0000,0.0000,0.0000,0.0000,0.1273,0.1273,0.5077,0.5077,0.0000,0.0000,0.0000,-0.0012
1791179232.5352,0.0200,0.2361,0.0000,0.0000,0.0000,0.0000,0.0000,0.0000,0.1273,0.1258,0.5077,0.5062,0.0000,0.0000,0.0000,-0.0012
1791179232.5552,0.0200,0.2378,0.0000,0.0000,0.0000,0.0000,0.0000,0.0000,0.1273,0.1258,0.5077,0.5077,0.0000,0.0000,0.0000,-0.0012
1791179232.5752,0.0200,0.2307,0.0000,0.0000,0.0000,0.0000,0.0000,0.0000,0.1273,0.1258,0.5077,0.5077,0.0000,0.0000,0.0000,-0.0012
1791179232.5952,0.0200,0.2892,0.0000,0.0000,0.0000,0.0000,0.0000,0.0000,0.1273,0.1258,0.5077,0.5062,0.0000,0.0000,0.0000,-0.0012
1791179232.6152,0.0200,0.2231,0.0000,0.0000,0.0000,0.0000,0.0000,0.0000,0.1273,0.1273,0.5077,0.5077,0.0000,0.0000,0.0000,-0.0012
1791179232.6351,0.0199,0.1946,0.0000,0.0000,0.0000,0.0000,0.0000,0.0000,0.1273,0.1258,0.5077,0.5077,0.0000,0.0000,0.0000,-0.0012
1791179232.6552,0.0200,0.3214,0.0000,0.0000,0.0000,0.0000,0.0000,0.0000,0.1273,0.1258,0.5077,0.5077,0.0000,0.0000,0.0000,-0.0012
1791179232.6752,0.0200,0.2060,0.0000,0.0000,0.0000,0.0000,0.0000,0.0000,0.1273,0.1273,0.5077,0.5077,0.0000,0.0000,0.0000,-0.0012
1791179232.6951,0.0199,0.2174,0.0000,0.0000,0.0000,0.0000,0.0000,0.0000,0.1273,0.1258,0.5077,0.5077,0.0000,0.0000,0.0000,-0.0012
1791179232.7151,0.0200,0.2340,0.0000,0.0000,0.0000,0.0000,0.0000,0.0000,0.1273,0.1273,0.5077,0.5077,0.0000,0.0000,0.0000,-0.0012
1791179232.7352,0.0200,0.2330,0.0000,0.0000,0.0000,0.0000,0.0000,0.0000,0.1273,0.1273,0.5077,0.5077,0.0000,0.0000,0.0000,-0.0012
1791179232.7551,0.0200,0.2136,0.0000,0.0000,0.0000,0.0000,0.0000,0.0000,0.1273,0.1258,0.5077,0.5077,0.0000,0.0000,0.0000,-0.0012
1791179232.7752,0.0200,0.2388,0.0000,0.0000,0.0000,0.0000,0.0000,0.0000,0.1273,0.1258,0.5077,0.5077,0.0000,0.0000,0.0000,-0.0012
1791179232.7952,0.0200,0.3106,0.0000,0.0000,0.0000,0.0000,0.0000,0.0000,0.1273,0.1273,0.5077,0.5077,0.0000,0.0000,0.0000,-0.0012
1791179232.8152,0.0200,0.2105,0.0000,0.0000,0.0000,0.0000,0.0000,0.0000,0.1273,0.1273,0.5077,0.5077,0.0000,0.0000,0.0000,-0.0012
1791179232.8352,0.0200,0.3217,0.0000,0.0000,0.0000,0.0000,0.0000,0.0000,0.1273,0.1258,0.5077,0.5077,0.0000,0.0000,0.0000,-0.0012
1791179232.8552,0.0200,0.2390,0.0000,0.0000,0.0000,0.0000,0.0000,0.0000,0.1273,0.1273,0.5077,0.5077,0.0000,0.0000,0.0000,-0.0012
1791179232.8752,0.0200,0.2481,0.0000,0.0000,0.0000,0.0000,0.0000,0.0000,0.1273,0.1273,0.5077,0.5077,0.0000,0.0000,0.0000,-0.0012
1791179232.8952,0.0200,0.2347,0.0000,0.0000,0.0000,0.0000,0.0000,0.0000,0.1273,0.1258,0.5077,0.5077,0.0000,0.0000,0.0000,-0.0012
1791179232.9152,0.0200,0.2343,0.0000,0.0000,0.0000,0.0000,0.0000,0.0000,0.1273,0.1258,0.5077,0.5077,0.0000,0.0000,0.0000,-0.0012
1791179232.9352,0.0200,0.2421,0.0000,0.0000,0.0000,0.0000,0.0000,0.0000,0.1273,0.1258,0.5077,0.5077,0.0000,0.0000,0.0000,-0.0012
1791179232.9552,0.0200,0.2591,0.0000,0.0000,0.0000,0.0000,0.0000,0.0000,0.1273,0.1258,0.5077,0.5077,0.0000,0.0000,0.0000,-0.0012
1791179232.9752,0.0200,0.2380,0.0000,0.0000,0.0000,0.0000,0.0000,0.0000,0.1273,0.1273,0.5077,0.5077,0.0000,0.0000,0.0000,-0.0012
1791179232.9952,0.0200,0.2328,0.0000,0.0000,0.0000,0.0000,0.0000,0.0000,0.1273,0.1273,0.5077,0.5077,0.0000,0.0000,0.0000,-0.0012
1791179233.0151,0.0200,0.2182,0.0000,0.0000,0.0000,0.0000,0.0000,0.0000,0.1273,0.1258,0.5077,0.5077,0.0000,0.0000,0.0000,-0.0012
1791179233.0352,0.0200,0.2698,0.0000,0.0000,0.0000,0.0000,0.0000,0.0000,0.1273,0.1258,0.5077,0.5077,0.0000,0.0000,0.0000,-0.0012
1791179233.0551,0.0200,0.2328,0.0000,0.0000,0.0000,0.0000,0.0000,0.0000,0.1273,0.1273,0.5077,0.5077,0.0000,0.0000,0.0000,-0.0012
1791179233.0751,0.0200,0.1753,0.0000,0.0000,0.0000,0.0000,0.0000,0.0000,0.1273,0.1273,0.5077,0.5077,0.0000,0.0000,0.0000,-0.0012
1791179233.0951,0.0200,0.1901,0.0000,0.0000,0.0000,0.0000,0.0000,0.0000,0.1273,0.1273,0.5077,0.5077,0.0000,0.0000,0.0000,-0.0012
1791179233.1151,0.0200,0.1945,0.0000,0.0000,0.0000,0.0000,0.0000,0.0000,0.1273,0.1273,0.5077,0.5077,0.0000,0.0000,0.0000,-0.0012
1791179233.1351,0.0200,0.2142,0.0000,0.0000,0.0000,0.0000,0.0000,0.0000,0.1273,0.1258,0.5077,0.5077,0.0000,0.0000,0.0000,-0.0012
1791179233.1553,0.0201,0.2432,0.0000,0.0000,0.0000,0.0000,0.0000,0.0000,0.1273,0.1258,0.5077,0.5077,0.0000,0.0000,0.0000,-0.0012
1791179233.1752,0.0199,0.2500,0.0000,0.0000,0.0000,0.0000,0.0000,0.0000,0.1273,0.1258,0.5077,0.5077,0.0000,0.0000,0.0000,-0.0012
1791179233.1952,0.0200,0.2469,0.0000,0.0000,0.0000,0.0000,0.0000,0.0000,0.1273,0.1258,0.5077,0.5077,0.0000,0.0000,0.0000,-0.0012
1791179233.2152,0.0200,0.2045,0.0000,0.0000,0.0000,0.0000,0.0000,0.0000,0.1273,0.1273,0.5077,0.5077,0.0000,0.0000,0.0000,-0.0012
1791179233.2352,0.0200,0.1888,0.0000,0.0000,0.0000,0.0000,0.0000,0.0000,0.1273,0.1258,0.5077,0.5077,0.0000,0.0000,0.0000,-0.0012
1791179233.2553,0.0201,0.1423,0.0000,0.0000,0.0000,0.0000,0.0000,0.0000,0.1273,0.1273,0.5077,0.5077,0.0000,0.0000,0.0000,-0.0012
1791179233.2752,0.0199,0.2462,0.0000,0.0000,0.0000,0.0000,0.0000,0.0000,0.1273,0.1258,0.5077,0.5077,0.0000,0.0000,0.0000,-0.0012
1791179233.2952,0.0200,0.2116,0.0000,0.0000,0.0000,0.0000,0.0000,0.0000,0.1273,0.1258,0.5077,0.5077,0.0000,0.0000,0.0000,-0.0012
1791179233.3152,0.0200,0.3141,0.0000,0.0000,0.0000,0.0000,0.0000,0.0000,0.1273,0.1258,0.5077,0.5077,0.0000,0.0000,0.0000,-0.0012
1791179233.3352,0.0200,0.2415,0.0000,0.0000,0.0000,0.0000,0.0000,0.0000,0.1273,0.1258,0.5077,0.5077,0.0000,0.0000,0.0000,-0.0012
1791179233.3552,0.0200,0.1678,0.0000,0.0000,0.0000,0.0000,0.0000,0.0000,0.1273,0.1258,0.5077,0.5077,0.0000,0.0000,0.0000,-0.0012
1791179233.3752,0.0200,0.3324,0.0000,0.0000,0.0000,0.0000,0.0000,0.0000,0.1273,0.1258,0.5077,0.5077,0.0000,0.0000,0.0000,-0.0012
1791179233.3952,0.0200,0.2435,0.0000,0.0000,0.0000,0.0000,0.0000,0.0000,0.1273,0.1258,0.5077,0.5077,0.0000,0.0000,0.0000,-0.0012
1791179233.4152,0.0200,0.2338,0.0000,0.0000,0.0000,0.0000,0.0000,0.0000,0.1273,0.1258,0.5077,0.5077,0.0000,0.0000,0.0000,-0.0012
1791179233.4352,0.0200,0.1841,0.0000,0.0000,0.0000,0.0000,0.0000,0.0000,0.1273,0.1258,0.5077,0.5077,0.0000,0.0000,0.0000,-0.0012
1791179233.4551,0.0200,0.1928,0.0000,0.0000,0.0000,0.0000,0.0000,0.0000,0.1273,0.1273,0.5077,0.5077,0.0000,0.0000,0.0000,-0.0014
1791179233.4751,0.0200,0.2201,0.0000,0.0000,0.0000,0.0000,0.0000,0.0000,0.1273,0.1258,0.5077,0.5077,0.0000,0.0000,0.0000,-0.0012
1791179233.4952,0.0200,0.2335,0.0000,0.0000,0.0000,0.0000,0.0000,0.0000,0.1273,0.1273,0.5077,0.5062,0.0000,0.0000,0.0000,-0.0012
1791179233.5152,0.0200,0.2371,0.0000,0.0000,0.0000,0.0000,0.0000,0.0000,0.1273,0.1258,0.5077,0.5077,0.0000,0.0000,0.0000,-0.0012
1791179233.5352,0.0200,0.1767,0.0000,0.0000,0.0000,0.0000,0.0000,0.0000,0.1273,0.1273,0.5077,0.5077,0.0000,0.0000,0.0000,-0.0012
1791179233.5552,0.0200,0.2392,0.0000,0.0000,0.0000,0.0000,0.0000,0.0000,0.1273,0.1258,0.5077,0.5062,0.0000,0.0000,0.0000,-0.0012
1791179233.5752,0.0200,0.1777,0.0000,0.0000,0.0000,0.0000,0.0000,0.0000,0.1273,0.1273,0.5077,0.5077,0.0000,0.0000,0.0000,-0.0012
1791179233.5951,0.0200,0.2172,0.0000,0.0000,0.0000,0.0000,0.0000,0.0000,0.1273,0.1258,0.5077,0.5077,0.0000,0.0000,0.0000,-0.0012
1791179233.6152,0.0200,0.2375,0.0000,0.0000,0.0000,0.0000,0.0000,0.0000,0.1273,0.1258,0.5077,0.5077,0.0000,0.0000,0.0000,-0.0012
1791179233.6352,0.0200,0.2009,0.0000,0.0000,0.0000,0.0000,0.0000,0.0000,0.1273,0.1273,0.5077,0.5077,0.0000,0.0000,0.0000,-0.0012
1791179233.6551,0.0200,0.2172,0.0000,0.0000,0.0000,0.0000,0.0000,0.0000,0.1273,0.1258,0.5077,0.5077,0.0000,0.0000,0.0000,-0.0012
1791179233.6752,0.0200,0.2290,0.0000,0.0000,0.0000,0.0000,0.0000,0.0000,0.1273,0.1258,0.5077,0.5077,0.0000,0.0000,0.0000,-0.0012
1791179233.6952,0.0200,0.2307,0.0000,0.0000,0.0000,0.0000,0.0000,0.0000,0.1273,0.1258,0.5077,0.5077,0.0000,0.0000,0.0000,-0.0012
1791179233.7152,0.0200,0.2006,0.0000,0.0000,0.0000,0.0000,0.0000,0.0000,0.1273,0.1258,0.5077,0.5077,0.0000,0.0000,0.0000,-0.0012
1791179233.7351,0.0200,0.2130,0.0000,0.0000,0.0000,0.0000,0.0000,0.0000,0.1273,0.1258,0.5077,0.5077,0.0000,0.0000,0.0000,-0.0012
1791179233.7552,0.0200,0.2341,0.0000,0.0000,0.0000,0.0000,0.0000,0.0000,0.1273,0.1258,0.5077,0.5077,0.0000,0.0000,0.0000,-0.0012
1791179233.7752,0.0200,0.1989,0.0000,0.0000,0.0000,0.0000,0.0000,0.0000,0.1273,0.1258,0.5077,0.5077,0.0000,0.0000,0.0000,-0.0012
1791179233.7952,0.0200,0.3199,0.0000,0.0000,0.0000,0.0000,0.0000,0.0000,0.1273,0.1258,0.5077,0.5077,0.0000,0.0000,0.0000,-0.0012
1791179233.8152,0.0200,0.2094,0.0000,0.0000,0.0000,0.0000,0.0000,0.0000,0.1273,0.1258,0.5077,0.5077,0.0000,0.0000,0.0000,-0.0012
1791179233.8352,0.0200,0.2328,0.0000,0.0000,0.0000,0.0000,0.0000,0.0000,0.1273,0.1273,0.5077,0.5077,0.0000,0.0000,0.0000,-0.0012
1791179233.8552,0.0200,0.2300,0.0000,0.0000,0.0000,0.0000,0.0000,0.0000,0.1273,0.1273,0.5077,0.5077,0.0000,0.0000,0.0000,-0.0012
1791179233.8752,0.0200,0.2230,0.0000,0.0000,0.0000,0.0000,0.0000,0.0000,0.1273,0.1258,0.5077,0.5062,0.0000,0.0000,0.0000,-0.0012
1791179233.8952,0.0200,0.2322,0.0000,0.0000,0.0000,0.0000,0.0000,0.0000,0.1273,0.1273,0.5077,0.5062,0.0000,0.0000,0.0000,-0.0012
1791179233.9152,0.0200,0.2259,0.0000,0.0000,0.0000,0.0000,0.0000,0.0000,0.1273,0.1258,0.5077,0.5077,0.0000,0.0000,0.0000,-0.0012
1791179233.9352,0.0200,0.2361,0.0000,0.0000,0.0000,0.0000,0.0000,0.0000,0.1273,0.1258,0.5077,0.5077,0.0000,0.0000,0.0000,-0.0012
1791179233.9552,0.0200,0.1994,0.0000,0.0000,0.0000,0.0000,0.0000,0.0000,0.1273,0.1273,0.5077,0.5077,0.0000,0.0000,0.0000,-0.0012
1791179233.9752,0.0200,0.2417,0.0000,0.0000,0.0000,0.0000,0.0000,0.0000,0.1273,0.1273,0.5077,0.5077,0.0000,0.0000,0.0000,-0.0012
1791179233.9952,0.0200,0.2557,0.0000,0.0000,0.0000,0.0000,0.0000,0.0000,0.1273,0.1273,0.5077,0.5077,0.0000,0.0000,0.0000,-0.0012
1791179234.0151,0.0200,0.1928,0.0000,0.0000,0.0000,0.0000,0.0000,0.0000,0.1273,0.1273,0.5077,0.5077,0.0000,0.0000,0.0000,-0.0012
1791179234.0352,0.0200,0.2608,0.0000,0.0000,0.0000,0.0000,0.0000,0.0000,0.1273,0.1258,0.5077,0.5077,0.0000,0.0000,0.0000,-0.0012
1791179234.0551,0.0200,0.1946,0.0000,0.0000,0.0000,0.0000,0.0000,0.0000,0.1273,0.1258,0.5077,0.5077,0.0000,0.0000,0.0000,-0.0012
1791179234.0751,0.0200,0.1943,0.0000,0.0000,0.0000,0.0000,0.0000,0.0000,0.1273,0.1273,0.5077,0.5077,0.0000,0.0000,0.0000,-0.0012
1791179234.0951,0.0200,0.1873,0.0000,0.0000,0.0000,0.0000,0.0000,0.0000,0.1273,0.1258,0.5077,0.5077,0.0000,0.0000,0.0000,-0.0012
1791179234.1151,0.0200,0.1799,0.0000,0.0000,0.0000,0.0000,0.0000,0.0000,0.1273,0.1258,0.5077,0.5077,0.0000,0.0000,0.0000,-0.0012
1791179234.1351,0.0200,0.2276,0.0000,0.0000,0.0000,0.0000,0.0000,0.0000,0.1273,0.1273,0.5077,0.5077,0.0000,0.0000,0.0000,-0.0012
1791179234.1552,0.0200,0.2382,0.0000,0.0000,0.0000,0.0000,0.0000,0.0000,0.1273,0.1273,0.5077,0.5077,0.0000,0.0000,0.0000,-0.0012
1791179234.1751,0.0200,0.2136,0.0000,0.0000,0.0000,0.0000,0.0000,0.0000,0.1273,0.1258,0.5077,0.5077,0.0000,0.0000,0.0000,-0.0012
1791179234.1951,0.0200,0.2397,0.0000,0.0000,0.0000,0.0000,0.0000,0.0000,0.1273,0.1273,0.5077,0.5077,0.0000,0.0000,0.0000,-0.0012
1791179234.2152,0.0200,0.2293,0.0000,0.0000,0.0000,0.0000,0.0000,0.0000,0.1273,0.1258,0.5077,0.5077,0.0000,0.0000,0.0000,-0.0012
1791179234.2352,0.0200,0.2354,0.0000,0.0000,0.0000,0.0000,0.0000,0.0000,0.1273,0.1273,0.5077,0.5077,0.0000,0.0000,0.0000,-0.0012
1791179234.2552,0.0200,0.2248,0.0000,0.0000,0.0000,0.0000,0.0000,0.0000,0.1273,0.1258,0.5077,0.5077,0.0000,0.0000,0.0000,-0.0012
1791179234.2752,0.0200,0.2299,0.0000,0.0000,0.0000,0.0000,0.0000,0.0000,0.1273,0.1273,0.5077,0.5077,0.0000,0.0000,0.0000,-0.0011
1791179234.2952,0.0200,0.2256,0.0000,0.0000,0.0000,0.0000,0.0000,0.0000,0.1273,0.1273,0.5077,0.5077,0.0000,0.0000,0.0000,-0.0012
1791179234.3152,0.0200,0.2244,0.0000,0.0000,0.0000,0.0000,0.0000,0.0000,0.1273,0.1258,0.5077,0.5077,0.0000,0.0000,0.0000,-0.0012
1791179234.3352,0.0200,0.1687,0.0000,0.0000,0.0000,0.0000,0.0000,0.0000,0.1273,0.1258,0.5077,0.5062,0.0000,0.0000,0.0000,-0.0012
1791179234.3552,0.0200,0.2387,0.0000,0.0000,0.0000,0.0000,0.0000,0.0000,0.1273,0.1273,0.5077,0.5077,0.0000,0.0000,0.0000,-0.0012
1791179234.3752,0.0200,0.2304,0.0000,0.0000,0.0000,0.0000,0.0000,0.0000,0.1273,0.1258,0.5077,0.5077,0.0000,0.0000,0.0000,-0.0012
1791179234.3952,0.0200,0.1686,0.0000,0.0000,0.0000,0.0000,0.0000,0.0000,0.1273,0.1258,0.5077,0.5077,0.0000,0.0000,0.0000,-0.0012
1791179234.4152,0.0200,0.2371,0.0000,0.0000,0.0000,0.0000,0.0000,0.0000,0.1273,0.1258,0.5077,0.5077,0.0000,0.0000,0.0000,-0.0012
1791179234.4352,0.0200,0.2304,0.0000,0.0000,0.0000,0.0000,0.0000,0.0000,0.1273,0.1273,0.5077,0.5077,0.0000,0.0000,0.0000,-0.0012
1791179234.4552,0.0200,0.2349,0.0000,0.0000,0.0000,0.0000,0.0000,0.0000,0.1273,0.1273,0.5077,0.5077,0.0000,0.0000,0.0000,-0.0012
1791179234.4752,0.0200,0.1808,0.0000,0.0000,0.0000,0.0000,0.0000,0.0000,0.1273,0.1258,0.5077,0.5077,0.0000,0.0000,0.0000,-0.0012
1791179234.4951,0.0200,0.2157,0.0000,0.0000,0.0000,0.0000,0.0000,0.0000,0.1273,0.1258,0.5077,0.5077,0.0000,0.0000,0.0000,-0.0012
1791179234.5152,0.0200,0.2462,0.0000,0.0000,0.0000,0.0000,0.0000,0.0000,0.1273,0.1258,0.5077,0.5077,0.0000,0.0000,0.0000,-0.0012
1791179234.5352,0.0200,0.2353,0.0000,0.0000,0.0000,0.0000,0.0000,0.0000,0.1273,0.1258,0.5077,0.5077,0.0000,0.0000,0.0000,-0.0012
1791179234.5552,0.0200,0.3386,0.0000,0.0000,0.0000,0.0000,0.0000,0.0000,0.1273,0.1258,0.5077,0.5077,0.0000,0.0000,0.0000,-0.0012
1791179234.5752,0.0200,0.1893,0.0000,0.0000,0.0000,0.0000,0.0000,0.0000,0.1273,0.1258,0.5077,0.5077,0.0000,0.0000,0.0000,-0.0012
1791179234.5951,0.0200,0.1879,0.0000,0.0000,0.0000,0.0000,0.0000,0.0000,0.1273,0.1258,0.5077,0.5077,0.0000,0.0000,0.0000,-0.0012
1791179234.6152,0.0200,0.2491,0.0000,0.0000,0.0000,0.0000,0.0000,0.0000,0.1273,0.1258,0.5077,0.5077,0.0000,0.0000,0.0000,-0.0012
1791179234.6352,0.0200,0.2409,0.0000,0.0000,0.0000,0.0000,0.0000,0.0000,0.1273,0.1258,0.5077,0.5062,0.0000,0.0000,0.0000,-0.0012
1791179234.6552,0.0200,0.2380,0.0000,0.0000,0.0000,0.0000,0.0000,0.0000,0.1273,0.1258,0.5077,0.5062,0.0000,0.0000,0.0000,-0.0012
1791179234.6752,0.0200,0.3135,0.0000,0.0000,0.0000,0.0000,0.0000,0.0000,0.1273,0.1273,0.5077,0.5077,0.0000,0.0000,0.0000,-0.0012
1791179234.6952,0.0200,0.2121,0.0000,0.0000,0.0000,0.0000,0.0000,0.0000,0.1273,0.1273,0.5077,0.5077,0.0000,0.0000,0.0000,-0.0012
1791179234.7152,0.0200,0.2328,0.0000,0.0000,0.0000,0.0000,0.0000,0.0000,0.1273,0.1258,0.5077,0.5077,0.0000,0.0000,0.0000,-0.0012
1791179234.7352,0.0200,0.2029,0.0000,0.0000,0.0000,0.0000,0.0000,0.0000,0.1273,0.1273,0.5077,0.5077,0.0000,0.0000,0.0000,-0.0012
1791179234.7551,0.0200,0.2785,0.0000,0.0000,0.0000,0.0000,0.0000,0.0000,0.1273,0.1273,0.5077,0.5077,0.0000,0.0000,0.0000,-0.0012
1791179234.7752,0.0200,0.2105,0.0000,0.0000,0.0000,0.0000,0.0000,0.0000,0.1273,0.1258,0.5077,0.5077,0.0000,0.0000,0.0000,-0.0012
1791179234.7952,0.0200,0.2386,0.0000,0.0000,0.0000,0.0000,0.0000,0.0000,0.1273,0.1258,0.5077,0.5077,0.0000,0.0000,0.0000,-0.0012
1791179234.8152,0.0200,0.2324,0.0000,0.0000,0.0000,0.0000,0.0000,0.0000,0.1273,0.1258,0.5077,0.5077,0.0000,0.0000,0.0000,-0.0012
1791179234.8352,0.0200,0.2356,0.0000,0.0000,0.0000,0.0000,0.0000,0.0000,0.1273,0.1258,0.5077,0.5077,0.0000,0.0000,0.0000,-0.0012
1791179234.8552,0.0200,0.2378,0.0000,0.0000,0.0000,0.0000,0.0000,0.0000,0.1273,0.1258,0.5077,0.5077,0.0000,0.0000,0.0000,-0.0012
1791179234.8752,0.0200,0.2319,0.0000,0.0000,0.0000,0.0000,0.0000,0.0000,0.1273,0.1258,0.5077,0.5077,0.0000,0.0000,0.0000,-0.0012
1791179234.8952,0.0200,0.3120,0.0000,0.0000,0.0000,0.0000,0.0000,0.0000,0.1273,0.1273,0.5077,0.5077,0.0000,0.0000,0.0000,-0.0012
1791179234.9152,0.0200,0.2482,0.0000,0.0000,0.0000,0.0000,0.0000,0.0000,0.1273,0.1273,0.5077,0.5077,0.0000,0.0000,0.0000,-0.0012
1791179234.9352,0.0200,0.2711,0.0000,0.0000,0.0000,0.0000,0.0000,0.0000,0.1273,0.1258,0.5077,0.5077,0.0000,0.0000,0.0000,-0.0012
1791179234.9552,0.0200,0.2544,0.0000,0.0000,0.0000,0.0000,0.0000,0.0000,0.1273,0.1273,0.5077,0.5077,0.0000,0.0000,0.0000,-0.0012
1791179234.9752,0.0200,0.2375,0.0000,0.0000,0.0000,0.0000,0.0000,0.0000,0.1273,0.1258,0.5077,0.5062,0.0000,0.0000,0.0000,-0.0012
1791179234.9952,0.0200,0.2442,0.0000,0.0000,0.0000,0.0000,0.0000,0.0000,0.1273,0.1273,0.5077,0.5077,0.0000,0.0000,0.0000,-0.0012
1791179235.0152,0.0200,0.2378,0.0000,0.0000,0.0000,0.0000,0.0000,0.0000,0.1273,0.1258,0.5077,0.5077,0.0000,0.0000,0.0000,-0.0012
1791179235.0352,0.0200,0.2372,0.0000,0.0000,0.0000,0.0000,0.0000,0.0000,0.1273,0.1273,0.5077,0.5077,0.0000,0.0000,0.0000,-0.0012
1791179235.0551,0.0200,0.1669,0.0000,0.0000,0.0000,0.0000,0.0000,0.0000,0.1273,0.1258,0.5077,0.5077,0.0000,0.0000,0.0000,-0.0012
1791179235.0751,0.0200,0.1920,0.0000,0.0000,0.0000,0.0000,0.0000,0.0000,0.1273,0.1258,0.5077,0.5077,0.0000,0.0000,0.0000,-0.0012
1791179235.0951,0.0200,0.2230,0.0000,0.0000,0.0000,0.0000,0.0000,0.0000,0.1273,0.1258,0.5077,0.5077,0.0000,0.0000,0.0000,-0.0012
1791179235.1151,0.0200,0.1713,0.0000,0.0000,0.0000,0.0000,0.0000,0.0000,0.1273,0.1258,0.5077,0.5077,0.0000,0.0000,0.0000,-0.0012
1791179235.1351,0.0200,0.2390,0.0000,0.0000,0.0000,0.0000,0.0000,0.0000,0.1273,0.1258,0.5077,0.5077,0.0000,0.0000,0.0000,-0.0012
1791179235.1551,0.0200,0.2307,0.0000,0.0000,0.0000,0.0000,0.0000,0.0000,0.1273,0.1273,0.5077,0.5077,0.0000,0.0000,0.0000,-0.0012
1791179235.1751,0.0200,0.1702,0.0000,0.0000,0.0000,0.0000,0.0000,0.0000,0.1273,0.1258,0.5077,0.5077,0.0000,0.0000,0.0000,-0.0012
1791179235.1951,0.0200,0.2370,0.0000,0.0000,0.0000,0.0000,0.0000,0.0000,0.1273,0.1258,0.5077,0.5077,0.0000,0.0000,0.0000,-0.0012
1791179235.2152,0.0200,0.2028,0.0000,0.0000,0.0000,0.0000,0.0000,0.0000,0.1273,0.1258,0.5077,0.5077,0.0000,0.0000,0.0000,-0.0012
1791179235.2352,0.0200,0.1742,0.0000,0.0000,0.0000,0.0000,0.0000,0.0000,0.1273,0.1273,0.5077,0.5077,0.0000,0.0000,0.0000,-0.0012
1791179235.2551,0.0200,0.2146,0.0000,0.0000,0.0000,0.0000,0.0000,0.0000,0.1273,0.1258,0.5077,0.5077,0.0000,0.0000,0.0000,-0.0012
1791179235.2752,0.0200,0.2437,0.0000,0.0000,0.0000,0.0000,0.0000,0.0000,0.1273,0.1258,0.5077,0.5077,0.0000,0.0000,0.0000,-0.0012
1791179235.2952,0.0200,0.2119,0.0000,0.0000,0.0000,0.0000,0.0000,0.0000,0.1273,0.1258,0.5077,0.5077,0.0000,0.0000,0.0000,-0.0012
1791179235.3152,0.0200,0.2006,0.0000,0.0000,0.0000,0.0000,0.0000,0.0000,0.1273,0.1258,0.5077,0.5077,0.0000,0.0000,0.0000,-0.0012
1791179235.3352,0.0200,0.1665,0.0000,0.0000,0.0000,0.0000,0.0000,0.0000,0.1273,0.1258,0.5077,0.5077,0.0000,0.0000,0.0000,-0.0012
1791179235.3552,0.0200,0.2348,0.0000,0.0000,0.0000,0.0000,0.0000,0.0000,0.1273,0.1258,0.5077,0.5077,0.0000,0.0000,0.0000,-0.0012
1791179235.3752,0.0200,0.2274,0.0000,0.0000,0.0000,0.0000,0.0000,0.0000,0.1273,0.1258,0.5077,0.5077,0.0000,0.0000,0.0000,-0.0012
1791179235.3952,0.0200,0.1678,0.0000,0.0000,0.0000,0.0000,0.0000,0.0000,0.1273,0.1258,0.5077,0.5077,0.0000,0.0000,0.0000,-0.0012
1791179235.4151,0.0200,0.2345,0.0000,0.0000,0.0000,0.0000,0.0000,0.0000,0.1273,0.1273,0.5077,0.5077,0.0000,0.0000,0.0000,-0.0012
1791179235.4352,0.0200,0.2276,0.0000,0.0000,0.0000,0.0000,0.0000,0.0000,0.1273,0.1273,0.5077,0.5077,0.0000,0.0000,0.0000,-0.0011
1791179235.4552,0.0200,0.1627,0.0000,0.0000,0.0000,0.0000,0.0000,0.0000,0.1273,0.1273,0.5077,0.5077,0.0000,0.0000,0.0000,-0.0012
1791179235.4752,0.0200,0.3415,0.0000,0.0000,0.0000,0.0000,0.0000,0.0000,0.1273,0.1258,0.5077,0.5077,0.0000,0.0000,0.0000,-0.0012
1791179235.4952,0.0200,0.2138,0.0000,0.0000,0.0000,0.0000,0.0000,0.0000,0.1273,0.1273,0.5077,0.5077,0.0000,0.0000,0.0000,-0.0012
1791179235.5151,0.0200,0.2389,0.0000,0.0000,0.0000,0.0000,0.0000,0.0000,0.1273,0.1273,0.5077,0.5077,0.0000,0.0000,0.0000,-0.0012
1791179235.5352,0.0200,0.1761,0.0000,0.0000,0.0000,0.0000,0.0000,0.0000,0.1273,0.1258,0.5077,0.5077,0.0000,0.0000,0.0000,-0.0012
1791179235.5551,0.0200,0.1933,0.0000,0.0000,0.0000,0.0000,0.0000,0.0000,0.1273,0.1273,0.5077,0.5077,0.0000,0.0000,0.0000,-0.0012
1791179235.5752,0.0200,0.2404,0.0000,0.0000,0.0000,0.0000,0.0000,0.0000,0.1273,0.1273,0.5077,0.5077,0.0000,0.0000,0.0000,-0.0012
1791179235.5952,0.0200,0.2399,0.0000,0.0000,0.0000,0.0000,0.0000,0.0000,0.1273,0.1273,0.5077,0.5077,0.0000,0.0000,0.0000,-0.0012
1791179235.6152,0.0200,0.2386,0.0000,0.0000,0.0000,0.0000,0.0000,0.0000,0.1273,0.1258,0.5077,0.5077,0.0000,0.0000,0.0000,-0.0012
1791179235.6352,0.0200,0.2332,0.0000,0.0000,0.0000,0.0000,0.0000,0.0000,0.1273,0.1273,0.5077,0.5077,0.0000,0.0000,0.0000,-0.0012
1791179235.6552,0.0200,0.2331,0.0000,0.0000,0.0000,0.0000,0.0000,0.0000,0.1273,0.1258,0.5077,0.5077,0.0000,0.0000,0.0000,-0.0012
1791179235.6752,0.0200,0.3111,0.0000,0.0000,0.0000,0.0000,0.0000,0.0000,0.1273,0.1258,0.5077,0.5077,0.0000,0.0000,0.0000,-0.0012
1791179235.6952,0.0200,0.2329,0.0000,0.0000,0.0000,0.0000,0.0000,0.0000,0.1273,0.1258,0.5077,0.5077,0.0000,0.0000,0.0000,-0.0012
1791179235.7152,0.0200,0.1998,0.0000,0.0000,0.0000,0.0000,0.0000,0.0000,0.1273,0.1258,0.5077,0.5077,0.0000,0.0000,0.0000,-0.0012
1791179235.7351,0.0200,0.2933,0.0000,0.0000,0.0000,0.0000,0.0000,0.0000,0.1273,0.1258,0.5077,0.5077,0.0000,0.0000,0.0000,-0.0014
1791179235.7552,0.0200,0.2126,0.0000,0.0000,0.0000,0.0000,0.0000,0.0000,0.1273,0.1258,0.5077,0.5077,0.0000,0.0000,0.0000,-0.0012
1791179235.7752,0.0200,0.2434,0.0000,0.0000,0.0000,0.0000,0.0000,0.0000,0.1273,0.1258,0.5077,0.5077,0.0000,0.0000,0.0000,-0.0012
1791179235.7952,0.0200,0.2012,0.0000,0.0000,0.0000,0.0000,0.0000,0.0000,0.1273,0.1273,0.5077,0.5077,0.0000,0.0000,0.0000,-0.0012
1791179235.8151,0.0199,0.2177,0.0000,0.0000,0.0000,0.0000,0.0000,0.0000,0.1273,0.1258,0.5077,0.5077,0.0000,0.0000,0.0000,-0.0012
1791179235.8352,0.0200,0.2299,0.0000,0.0000,0.0000,0.0000,0.0000,0.0000,0.1273,0.1273,0.5077,0.5077,0.0000,0.0000,0.0000,-0.0012
1791179235.8552,0.0200,0.2297,0.0000,0.0000,0.0000,0.0000,0.0000,0.0000,0.1273,0.1258,0.5077,0.5077,0.0000,0.0000,0.0000,-0.0012
1791179235.8752,0.0200,0.2271,0.0000,0.0000,0.0000,0.0000,0.0000,0.0000,0.1273,0.1258,0.5077,0.5077,0.0000,0.0000,0.0000,-0.0012
1791179235.8952,0.0200,0.2348,0.0000,0.0000,0.0000,0.0000,0.0000,0.0000,0.1273,0.1258,0.5077,0.5077,0.0000,0.0000,0.0000,-0.0012
1791179235.9152,0.0200,0.2264,0.0000,0.0000,0.0000,0.0000,0.0000,0.0000,0.1273,0.1258,0.5077,0.5077,0.0000,0.0000,0.0000,-0.0012
1791179235.9352,0.0200,0.3186,0.0000,0.0000,0.0000,0.0000,0.0000,0.0000,0.1273,0.1258,0.5077,0.5077,0.0000,0.0000,0.0000,-0.0012
1791179235.9552,0.0200,0.2414,0.0000,0.0000,0.0000,0.0000,0.0000,0.0000,0.1273,0.1258,0.5077,0.5077,0.0000,0.0000,0.0000,-0.0012
1791179235.9752,0.0200,0.2402,0.0000,0.0000,0.0000,0.0000,0.0000,0.0000,0.1273,0.1258,0.5077,0.5077,0.0000,0.0000,0.0000,-0.0012
1791179235.9952,0.0200,0.2364,0.0000,0.0000,0.0000,0.0000,0.0000,0.0000,0.1273,0.1258,0.5077,0.5077,0.0000,0.0000,0.0000,-0.0012
1791179236.0151,0.0200,0.1827,0.0000,0.0000,0.0000,0.0000,0.0000,0.0000,0.1273,0.1273,0.5077,0.5077,0.0000,0.0000,0.0000,-0.0012
1791179236.0351,0.0200,0.2176,0.0000,0.0000,0.0000,0.0000,0.0000,0.0000,0.1273,0.1258,0.5077,0.5077,0.0000,0.0000,0.0000,-0.0012
1791179236.0551,0.0200,0.2125,0.0000,0.0000,0.0000,0.0000,0.0000,0.0000,0.1273,0.1258,0.5077,0.5077,0.0000,0.0000,0.0000,-0.0012
1791179236.0751,0.0200,0.1850,0.0000,0.0000,0.0000,0.0000,0.0000,0.0000,0.1273,0.1258,0.5077,0.5077,0.0000,0.0000,0.0000,-0.0012
1791179236.0951,0.0200,0.2369,0.0000,0.0000,0.0000,0.0000,0.0000,0.0000,0.1273,0.1258,0.5077,0.5077,0.0000,0.0000,0.0000,-0.0012
1791179236.1152,0.0200,0.2388,0.0000,0.0000,0.0000,0.0000,0.0000,0.0000,0.1273,0.1258,0.5077,0.5077,0.0000,0.0000,0.0000,-0.0012
1791179236.1351,0.0200,0.2093,0.0000,0.0000,0.0000,0.0000,0.0000,0.0000,0.1273,0.1258,0.5077,0.5077,0.0000,0.0000,0.0000,-0.0012
1791179236.1551,0.0200,0.2453,0.0000,0.0000,0.0000,0.0000,0.0000,0.0000,0.1273,0.1273,0.5077,0.5077,0.0000,0.0000,0.0000,-0.0012
1791179236.1752,0.0200,0.2468,0.0000,0.0000,0.0000,0.0000,0.0000,0.0000,0.1273,0.1258,0.5077,0.5077,0.0000,0.0000,0.0000,-0.0012
1791179236.1952,0.0200,0.2015,0.0000,0.0000,0.0000,0.0000,0.0000,0.0000,0.1273,0.1258,0.5077,0.5077,0.0000,0.0000,0.0000,-0.0012
1791179236.2152,0.0200,0.2114,0.0000,0.0000,0.0000,0.0000,0.0000,0.0000,0.1273,0.1273,0.5077,0.5077,0.0000,0.0000,0.0000,-0.0012
1791179236.2352,0.0200,0.2376,0.0000,0.0000,0.0000,0.0000,0.0000,0.0000,0.1273,0.1273,0.5077,0.5077,0.0000,0.0000,0.0000,-0.0012
1791179236.2552,0.0200,0.2301,0.0000,0.0000,0.0000,0.0000,0.0000,0.0000,0.1273,0.1258,0.5077,0.5077,0.0000,0.0000,0.0000,-0.0012
1791179236.2752,0.0200,0.2276,0.0000,0.0000,0.0000,0.0000,0.0000,0.0000,0.1273,0.1273,0.5077,0.5077,0.0000,0.0000,0.0000,-0.0012
1791179236.2952,0.0200,0.2223,0.0000,0.0000,0.0000,0.0000,0.0000,0.0000,0.1273,0.1258,0.5077,0.5077,0.0000,0.0000,0.0000,-0.0012
1791179236.3151,0.0200,0.2111,0.0000,0.0000,0.0000,0.0000,0.0000,0.0000,0.1273,0.1258,0.5077,0.5077,0.0000,0.0000,0.0000,-0.0012
1791179236.3352,0.0200,0.2403,0.0000,0.0000,0.0000,0.0000,0.0000,0.0000,0.1273,0.1273,0.5077,0.5077,0.0000,0.0000,0.0000,-0.0012
1791179236.3552,0.0200,0.2061,0.0000,0.0000,0.0000,0.0000,0.0000,0.0000,0.1273,0.1273,0.5077,0.5077,0.0000,0.0000,0.0000,-0.0012
1791179236.3752,0.0200,0.1979,0.0000,0.0000,0.0000,0.0000,0.0000,0.0000,0.1273,0.1258,0.5077,0.5077,0.0000,0.0000,0.0000,-0.0012
1791179236.3952,0.0200,0.3341,0.0000,0.0000,0.0000,0.0000,0.0000,0.0000,0.1273,0.1258,0.5077,0.5077,0.0000,0.0000,0.0000,-0.0012
1791179236.4152,0.0200,0.2563,0.0000,0.0000,0.0000,0.0000,0.0000,0.0000,0.1273,0.1258,0.5077,0.5077,0.0000,0.0000,0.0000,-0.0012
1791179236.4352,0.0200,0.2423,0.0000,0.0000,0.0000,0.0000,0.0000,0.0000,0.1273,0.1258,0.5077,0.5077,0.0000,0.0000,0.0000,-0.0012
1791179236.4552,0.0200,0.2115,0.0000,0.0000,0.0000,0.0000,0.0000,0.0000,0.1273,0.1258,0.5077,0.5077,0.0000,0.0000,0.0000,-0.0012
1791179236.4752,0.0200,0.2364,0.0000,0.0000,0.0000,0.0000,0.0000,0.0000,0.1273,0.1258,0.5077,0.5077,0.0000,0.0000,0.0000,-0.0012
1791179236.4952,0.0200,0.1777,0.0000,0.0000,0.0000,0.0000,0.0000,0.0000,0.1273,0.1258,0.5077,0.5062,0.0000,0.0000,0.0000,-0.0012
1791179236.5151,0.0200,0.1831,0.0000,0.0000,0.0000,0.0000,0.0000,0.0000,0.1273,0.1258,0.5077,0.5077,0.0000,0.0000,0.0000,-0.0012
1791179236.5352,0.0200,0.3180,0.0000,0.0000,0.0000,0.0000,0.0000,0.0000,0.1273,0.1273,0.5077,0.5077,0.0000,0.0000,0.0000,-0.0012
1791179236.5552,0.0200,0.2107,0.0000,0.0000,0.0000,0.0000,0.0000,0.0000,0.1273,0.1258,0.5077,0.5077,0.0000,0.0000,0.0000,-0.0012
1791179236.5751,0.0199,0.1885,0.0000,0.0000,0.0000,0.0000,0.0000,0.0000,0.1273,0.1258,0.5077,0.5077,0.0000,0.0000,0.0000,-0.0012
1791179236.5952,0.0200,0.2413,0.0000,0.0000,0.0000,0.0000,0.0000,0.0000,0.1273,0.1258,0.5077,0.5077,0.0000,0.0000,0.0000,-0.0012
1791179236.6152,0.0200,0.2083,0.0000,0.0000,0.0000,0.0000,0.0000,0.0000,0.1273,0.1258,0.5077,0.5077,0.0000,0.0000,0.0000,-0.0012
1791179236.6351,0.0200,0.2209,0.0000,0.0000,0.0000,0.0000,0.0000,0.0000,0.1273,0.1273,0.5077,0.5077,0.0000,0.0000,0.0000,-0.0012
1791179236.6552,0.0200,0.2351,0.0000,0.0000,0.0000,0.0000,0.0000,0.0000,0.1273,0.1258,0.5077,0.5077,0.0000,0.0000,0.0000,-0.0012
1791179236.6752,0.0200,0.2362,0.0000,0.0000,0.0000,0.0000,0.0000,0.0000,0.1273,0.1273,0.5077,0.5062,0.0000,0.0000,0.0000,-0.0012
1791179236.6951,0.0199,0.2246,0.0000,0.0000,0.0000,0.0000,0.0000,0.0000,0.1273,0.1273,0.5077,0.5062,0.0000,0.0000,0.0000,-0.0012
1791179236.7152,0.0200,0.2396,0.0000,0.0000,0.0000,0.0000,0.0000,0.0000,0.1273,0.1258,0.5077,0.5077,0.0000,0.0000,0.0000,-0.0012
1791179236.7352,0.0200,0.2028,0.0000,0.0000,0.0000,0.0000,0.0000,0.0000,0.1273,0.1258,0.5077,0.5077,0.0000,0.0000,0.0000,-0.0012
1791179236.7551,0.0200,0.2247,0.0000,0.0000,0.0000,0.0000,0.0000,0.0000,0.1273,0.1258,0.5077,0.5077,0.0000,0.0000,0.0000,-0.0012
1791179236.7752,0.0200,0.2412,0.0000,0.0000,0.0000,0.0000,0.0000,0.0000,0.1273,0.1258,0.5077,0.5077,0.0000,0.0000,0.0000,-0.0012
1791179236.7952,0.0200,0.3317,0.0000,0.0000,0.0000,0.0000,0.0000,0.0000,0.1273,0.1258,0.5077,0.5077,0.0000,0.0000,0.0000,-0.0012
1791179236.8152,0.0200,0.3389,0.0000,0.0000,0.0000,0.0000,0.0000,0.0000,0.1273,0.1258,0.5077,0.5077,0.0000,0.0000,0.0000,-0.0012
1791179236.8352,0.0200,0.2448,0.0000,0.0000,0.0000,0.0000,0.0000,0.0000,0.1273,0.1258,0.5077,0.5077,0.0000,0.0000,0.0000,-0.0012
1791179236.8552,0.0200,0.2322,0.0000,0.0000,0.0000,0.0000,0.0000,0.0000,0.1273,0.1258,0.5077,0.5077,0.0000,0.0000,0.0000,-0.0012
1791179236.8752,0.0200,0.2295,0.0000,0.0000,0.0000,0.0000,0.0000,0.0000,0.1273,0.1273,0.5077,0.5077,0.0000,0.0000,0.0000,-0.0012
1791179236.8952,0.0200,0.2345,0.0000,0.0000,0.0000,0.0000,0.0000,0.0000,0.1273,0.1258,0.5077,0.5077,0.0000,0.0000,0.0000,-0.0012
1791179236.9152,0.0200,0.2261,0.0000,0.0000,0.0000,0.0000,0.0000,0.0000,0.1273,0.1258,0.5077,0.5077,0.0000,0.0000,0.0000,-0.0012
1791179236.9352,0.0200,0.2323,0.0000,0.0000,0.0000,0.0000,0.0000,0.0000,0.1273,0.1273,0.5077,0.5062,0.0000,0.0000,0.0000,-0.0012
1791179236.9552,0.0200,0.2277,0.0000,0.0000,0.0000,0.0000,0.0000,0.0000,0.1273,0.1273,0.5077,0.5077,0.0000,0.0000,0.0000,-0.0012
1791179236.9752,0.0200,0.2268,0.0000,0.0000,0.0000,0.0000,0.0000,0.0000,0.1273,0.1258,0.5077,0.5077,0.0000,0.0000,0.0000,-0.0012
1791179236.9952,0.0200,0.2475,0.0000,0.0000,0.0000,0.0000,0.0000,0.0000,0.1273,0.1258,0.5077,0.5077,0.0000,0.0000,0.0000,-0.0012
1791179237.0152,0.0200,0.2506,0.0000,0.0000,0.0000,0.0000,0.0000,0.0000,0.1273,0.1258,0.5077,0.5077,0.0000,0.0000,0.0000,-0.0012
1791179237.0352,0.0200,0.2377,0.0000,0.0000,0.0000,0.0000,0.0000,0.0000,0.1273,0.1258,0.5077,0.5077,0.0000,0.0000,0.0000,-0.0012
1791179237.0552,0.0200,0.2510,0.0000,0.0000,0.0000,0.0000,0.0000,0.0000,0.1273,0.1258,0.5077,0.5077,0.0000,0.0000,0.0000,-0.0012
1791179237.0751,0.0200,0.1737,0.0000,0.0000,0.0000,0.0000,0.0000,0.0000,0.1273,0.1258,0.5077,0.5077,0.0000,0.0000,0.0000,-0.0012
1791179237.0952,0.0201,0.2344,0.0000,0.0000,0.0000,0.0000,0.0000,0.0000,0.1273,0.1258,0.5077,0.5077,0.0000,0.0000,0.0000,-0.0012
1791179237.1152,0.0200,0.2157,0.0000,0.0000,0.0000,0.0000,0.0000,0.0000,0.1273,0.1273,0.5077,0.5077,0.0000,0.0000,0.0000,-0.0012
1791179237.1352,0.0200,0.2039,0.0000,0.0000,0.0000,0.0000,0.0000,0.0000,0.1273,0.1258,0.5077,0.5077,0.0000,0.0000,0.0000,-0.0012
1791179237.1552,0.0200,0.2057,0.0000,0.0000,0.0000,0.0000,0.0000,0.0000,0.1273,0.1258,0.5077,0.5077,0.0000,0.0000,0.0000,-0.0012
1791179237.1752,0.0200,0.2094,0.0000,0.0000,0.0000,0.0000,0.0000,0.0000,0.1273,0.1258,0.5077,0.5077,0.0000,0.0000,0.0000,-0.0012
1791179237.1951,0.0200,0.2266,0.0000,0.0000,0.0000,0.0000,0.0000,0.0000,0.1273,0.1258,0.5077,0.5077,0.0000,0.0000,0.0000,-0.0012
1791179237.2151,0.0200,0.1722,0.0000,0.0000,0.0000,0.0000,0.0000,0.0000,0.1273,0.1258,0.5077,0.5077,0.0000,0.0000,0.0000,-0.0012
1791179237.2352,0.0200,0.3200,0.0000,0.0000,0.0000,0.0000,0.0000,0.0000,0.1273,0.1258,0.5077,0.5077,0.0000,0.0000,0.0000,-0.0012
1791179237.2552,0.0200,0.3143,0.0000,0.0000,0.0000,0.0000,0.0000,0.0000,0.1273,0.1273,0.5077,0.5077,0.0000,0.0000,0.0000,-0.0012
1791179237.2752,0.0200,0.2753,0.0000,0.0000,0.0000,0.0000,0.0000,0.0000,0.1273,0.1273,0.5077,0.5077,0.0000,0.0000,0.0000,-0.0012
1791179237.2952,0.0200,0.2889,0.0000,0.0000,0.0000,0.0000,0.0000,0.0000,0.1273,0.1258,0.5077,0.5077,0.0000,0.0000,0.0000,-0.0012
1791179237.3152,0.0200,0.2423,0.0000,0.0000,0.0000,0.0000,0.0000,0.0000,0.1273,0.1273,0.5077,0.5077,0.0000,0.0000,0.0000,-0.0012
1791179237.3352,0.0200,0.2127,0.0000,0.0000,0.0000,0.0000,0.0000,0.0000,0.1273,0.1258,0.5077,0.5077,0.0000,0.0000,0.0000,-0.0012
1791179237.3552,0.0200,0.2011,0.0000,0.0000,0.0000,0.0000,0.0000,0.0000,0.1273,0.1258,0.5077,0.5077,0.0000,0.0000,0.0000,-0.0012
1791179237.3752,0.0200,0.2343,0.0000,0.0000,0.0000,0.0000,0.0000,0.0000,0.1273,0.1258,0.5077,0.5077,0.0000,0.0000,0.0000,-0.0012
1791179237.3952,0.0200,0.2308,0.0000,0.0000,0.0000,0.0000,0.0000,0.0000,0.1273,0.1258,0.5077,0.5077,0.0000,0.0000,0.0000,-0.0012
1791179237.4152,0.0200,0.1770,0.0000,0.0000,0.0000,0.0000,0.0000,0.0000,0.1273,0.1258,0.5077,0.5077,0.0000,0.0000,0.0000,-0.0012
1791179237.4351,0.0200,0.2595,0.0000,0.0000,0.0000,0.0000,0.0000,0.0000,0.1273,0.1273,0.5077,0.5077,0.0000,0.0000,0.0000,-0.0012
1791179237.4551,0.0200,0.2193,0.0000,0.0000,0.0000,0.0000,0.0000,0.0000,0.1273,0.1258,0.5077,0.5077,0.0000,0.0000,0.0000,-0.0012
1791179237.4752,0.0200,0.2339,0.0000,0.0000,0.0000,0.0000,0.0000,0.0000,0.1273,0.1258,0.5077,0.5077,0.0000,0.0000,0.0000,-0.0012
1791179237.4952,0.0200,0.2979,0.0000,0.0000,0.0000,0.0000,0.0000,0.0000,0.1273,0.1273,0.5077,0.5077,0.0000,0.0000,0.0000,-0.0012
1791179237.5152,0.0200,0.2886,0.0000,0.0000,0.0000,0.0000,0.0000,0.0000,0.1273,0.1258,0.5077,0.5077,0.0000,0.0000,0.0000,-0.0012
1791179237.5352,0.0200,0.2180,0.0000,0.0000,0.0000,0.0000,0.0000,0.0000,0.1273,0.1258,0.5077,0.5077,0.0000,0.0000,0.0000,-0.0012
1791179237.5552,0.0200,0.2337,0.0000,0.0000,0.0000,0.0000,0.0000,0.0000,0.1273,0.1258,0.5077,0.5077,0.0000,0.0000,0.0000,-0.0014
1791179237.5752,0.0200,0.2070,0.0000,0.0000,0.0000,0.0000,0.0000,0.0000,0.1273,0.1273,0.5077,0.5077,0.0000,0.0000,0.0000,-0.0012
1791179237.5951,0.0199,0.1936,0.0000,0.0000,0.0000,0.0000,0.0000,0.0000,0.1273,0.1258,0.5077,0.5062,0.0000,0.0000,0.0000,-0.0012
1791179237.6152,0.0200,0.2447,0.0000,0.0000,0.0000,0.0000,0.0000,0.0000,0.1273,0.1258,0.5077,0.5077,0.0000,0.0000,0.0000,-0.0012
1791179237.6352,0.0200,0.2380,0.0000,0.0000,0.0000,0.0000,0.0000,0.0000,0.1273,0.1258,0.5077,0.5077,0.0000,0.0000,0.0000,-0.0012
1791179237.6552,0.0200,0.2359,0.0000,0.0000,0.0000,0.0000,0.0000,0.0000,0.1273,0.1258,0.5077,0.5077,0.0000,0.0000,0.0000,-0.0012
1791179237.6752,0.0200,0.3334,0.0000,0.0000,0.0000,0.0000,0.0000,0.0000,0.1273,0.1273,0.5077,0.5077,0.0000,0.0000,0.0000,-0.0012
1791179237.6952,0.0200,0.2748,0.0000,0.0000,0.0000,0.0000,0.0000,0.0000,0.1273,0.1258,0.5077,0.5062,0.0000,0.0000,0.0000,-0.0012
1791179237.7152,0.0200,0.2381,0.0000,0.0000,0.0000,0.0000,0.0000,0.0000,0.1273,0.1273,0.5077,0.5077,0.0000,0.0000,0.0000,-0.0012
1791179237.7352,0.0200,0.2383,0.0000,0.0000,0.0000,0.0000,0.0000,0.0000,0.1273,0.1258,0.5077,0.5077,0.0000,0.0000,0.0000,-0.0012
1791179237.7552,0.0200,0.3152,0.0000,0.0000,0.0000,0.0000,0.0000,0.0000,0.1273,0.1258,0.5077,0.5077,0.0000,0.0000,0.0000,-0.0012
1791179237.7752,0.0200,0.2151,0.0000,0.0000,0.0000,0.0000,0.0000,0.0000,0.1273,0.1258,0.5077,0.5077,0.0000,0.0000,0.0000,-0.0012
1791179237.7951,0.0200,0.2165,0.0000,0.0000,0.0000,0.0000,0.0000,0.0000,0.1273,0.1258,0.5077,0.5077,0.0000,0.0000,0.0000,-0.0012
1791179237.8152,0.0200,0.2285,0.0000,0.0000,0.0000,0.0000,0.0000,0.0000,0.1273,0.1273,0.5077,0.5077,0.0000,0.0000,0.0000,-0.0012
1791179237.8352,0.0200,0.2311,0.0000,0.0000,0.0000,0.0000,0.0000,0.0000,0.1273,0.1258,0.5077,0.5077,0.0000,0.0000,0.0000,-0.0012
1791179237.8552,0.0200,0.2236,0.0000,0.0000,0.0000,0.0000,0.0000,0.0000,0.1273,0.1258,0.5077,0.5077,0.0000,0.0000,0.0000,-0.0012
1791179237.8752,0.0200,0.2135,0.0000,0.0000,0.0000,0.0000,0.0000,0.0000,0.1273,0.1258,0.5077,0.5077,0.0000,0.0000,0.0000,-0.0012
1791179237.8952,0.0200,0.2529,0.0000,0.0000,0.0000,0.0000,0.0000,0.0000,0.1273,0.1258,0.5077,0.5077,0.0000,0.0000,0.0000,-0.0012
1791179237.9151,0.0200,0.2501,0.0000,0.0000,0.0000,0.0000,0.0000,0.0000,0.1273,0.1258,0.5077,0.5077,0.0000,0.0000,0.0000,-0.0012
1791179237.9352,0.0200,0.2414,0.0000,0.0000,0.0000,0.0000,0.0000,0.0000,0.1273,0.1258,0.5077,0.5077,0.0000,0.0000,0.0000,-0.0012
1791179237.9551,0.0200,0.2546,0.0000,0.0000,0.0000,0.0000,0.0000,0.0000,0.1273,0.1258,0.5077,0.5077,0.0000,0.0000,0.0000,-0.0012
1791179237.9751,0.0200,0.2323,0.0000,0.0000,0.0000,0.0000,0.0000,0.0000,0.1273,0.1273,0.5077,0.5077,0.0000,0.0000,0.0000,-0.0012
1791179237.9952,0.0200,0.2376,0.0000,0.0000,0.0000,0.0000,0.0000,0.0000,0.1273,0.1258,0.5077,0.5077,0.0000,0.0000,0.0000,-0.0012
1791179238.0151,0.0200,0.1793,0.0000,0.0000,0.0000,0.0000,0.0000,0.0000,0.1273,0.1258,0.5077,0.5077,0.0000,0.0000,0.0000,-0.0012
1791179238.0351,0.0200,0.2250,0.0000,0.0000,0.0000,0.0000,0.0000,0.0000,0.1273,0.1258,0.5077,0.5077,0.0000,0.0000,0.0000,-0.0012
1791179238.0551,0.0200,0.2427,0.0000,0.0000,0.0000,0.0000,0.0000,0.0000,0.1273,0.1273,0.5077,0.5077,0.0000,0.0000,0.0000,-0.0012
1791179238.0751,0.0200,0.2170,0.0000,0.0000,0.0000,0.0000,0.0000,0.0000,0.1273,0.1258,0.5077,0.5077,0.0000,0.0000,0.0000,-0.0012
1791179238.0951,0.0200,0.1719,0.0000,0.0000,0.0000,0.0000,0.0000,0.0000,0.1273,0.1258,0.5077,0.5077,0.0000,0.0000,0.0000,-0.0012
1791179238.1152,0.0200,0.2436,0.0000,0.0000,0.0000,0.0000,0.0000,0.0000,0.1273,0.1258,0.5077,0.5077,0.0000,0.0000,0.0000,-0.0012
1791179238.1352,0.0200,0.2834,0.0000,0.0000,0.0000,0.0000,0.0000,0.0000,0.1273,0.1258,0.5077,0.5077,0.0000,0.0000,0.0000,-0.0012
1791179238.1551,0.0200,0.2230,0.0000,0.0000,0.0000,0.0000,0.0000,0.0000,0.1273,0.1258,0.5077,0.5077,0.0000,0.0000,0.0000,-0.0014
1791179238.1752,0.0200,0.2457,0.0000,0.0000,0.0000,0.0000,0.0000,0.0000,0.1273,0.1258,0.5077,0.5077,0.0000,0.0000,0.0000,-0.0012
1791179238.1951,0.0200,0.2143,0.0000,0.0000,0.0000,0.0000,0.0000,0.0000,0.1273,0.1258,0.5077,0.5077,0.0000,0.0000,0.0000,-0.0012
1791179238.2152,0.0200,0.2534,0.0000,0.0000,0.0000,0.0000,0.0000,0.0000,0.1273,0.1258,0.5077,0.5077,0.0000,0.0000,0.0000,-0.0012
1791179238.2352,0.0200,0.1765,0.0000,0.0000,0.0000,0.0000,0.0000,0.0000,0.1273,0.1258,0.5077,0.5077,0.0000,0.0000,0.0000,-0.0012
1791179238.2552,0.0200,0.2477,0.0000,0.0000,0.0000,0.0000,0.0000,0.0000,0.1273,0.1258,0.5077,0.5062,0.0000,0.0000,0.0000,-0.0012
1791179238.2752,0.0200,0.2348,0.0000,0.0000,0.0000,0.0000,0.0000,0.0000,0.1273,0.1258,0.5077,0.5077,0.0000,0.0000,0.0000,-0.0012
1791179238.2952,0.0200,0.1665,0.0000,0.0000,0.0000,0.0000,0.0000,0.0000,0.1273,0.1273,0.5077,0.5077,0.0000,0.0000,0.0000,-0.0012
1791179238.3152,0.0200,0.2381,0.0000,0.0000,0.0000,0.0000,0.0000,0.0000,0.1273,0.1258,0.5077,0.5077,0.0000,0.0000,0.0000,-0.0012
1791179238.3352,0.0200,0.2323,0.0000,0.0000,0.0000,0.0000,0.0000,0.0000,0.1273,0.1258,0.5077,0.5077,0.0000,0.0000,0.0000,-0.0012
1791179238.3552,0.0200,0.2362,0.0000,0.0000,0.0000,0.0000,0.0000,0.0000,0.1273,0.1258,0.5077,0.5077,0.0000,0.0000,0.0000,-0.0012
1791179238.3752,0.0200,0.2875,0.0000,0.0000,0.0000,0.0000,0.0000,0.0000,0.1273,0.1273,0.5077,0.5077,0.0000,0.0000,0.0000,-0.0012
1791179238.3952,0.0200,0.2652,0.0000,0.0000,0.0000,0.0000,0.0000,0.0000,0.1273,0.1258,0.5077,0.5077,0.0000,0.0000,0.0000,-0.0012
1791179238.4152,0.0200,0.2174,0.0000,0.0000,0.0000,0.0000,0.0000,0.0000,0.1273,0.1273,0.5077,0.5077,0.0000,0.0000,0.0000,-0.0012
1791179238.4352,0.0200,0.2362,0.0000,0.0000,0.0000,0.0000,0.0000,0.0000,0.1273,0.1258,0.5077,0.5077,0.0000,0.0000,0.0000,-0.0012
1791179238.4552,0.0200,0.1800,0.0000,0.0000,0.0000,0.0000,0.0000,0.0000,0.1273,0.1258,0.5077,0.5077,0.0000,0.0000,0.0000,-0.0012
1791179238.4751,0.0199,0.1963,0.0000,0.0000,0.0000,0.0000,0.0000,0.0000,0.1273,0.1273,0.5077,0.5077,0.0000,0.0000,0.0000,-0.0012
1791179238.4952,0.0200,0.2109,0.0000,0.0000,0.0000,0.0000,0.0000,0.0000,0.1273,0.1273,0.5077,0.5077,0.0000,0.0000,0.0000,-0.0012
1791179238.5152,0.0200,0.2453,0.0000,0.0000,0.0000,0.0000,0.0000,0.0000,0.1273,0.1258,0.5077,0.5077,0.0000,0.0000,0.0000,-0.0012
1791179238.5352,0.0200,0.2017,0.0000,0.0000,0.0000,0.0000,0.0000,0.0000,0.1273,0.1258,0.5077,0.5077,0.0000,0.0000,0.0000,-0.0012
1791179238.5552,0.0200,0.1957,0.0000,0.0000,0.0000,0.0000,0.0000,0.0000,0.1273,0.1258,0.5077,0.5077,0.0000,0.0000,0.0000,-0.0012
1791179238.5751,0.0200,0.2106,0.0000,0.0000,0.0000,0.0000,0.0000,0.0000,0.1273,0.1258,0.5077,0.5077,0.0000,0.0000,0.0000,-0.0012
1791179238.5952,0.0200,0.2333,0.0000,0.0000,0.0000,0.0000,0.0000,0.0000,0.1273,0.1273,0.5077,0.5077,0.0000,0.0000,0.0000,-0.0012
1791179238.6152,0.0200,0.2090,0.0000,0.0000,0.0000,0.0000,0.0000,0.0000,0.1273,0.1258,0.5077,0.5077,0.0000,0.0000,0.0000,-0.0012
1791179238.6352,0.0200,0.2021,0.0000,0.0000,0.0000,0.0000,0.0000,0.0000,0.1273,0.1258,0.5077,0.5077,0.0000,0.0000,0.0000,-0.0012
1791179238.6552,0.0200,0.2786,0.0000,0.0000,0.0000,0.0000,0.0000,0.0000,0.1273,0.1258,0.5077,0.5077,0.0000,0.0000,0.0000,-0.0012
1791179238.6752,0.0200,0.2593,0.0000,0.0000,0.0000,0.0000,0.0000,0.0000,0.1273,0.1273,0.5077,0.5077,0.0000,0.0000,0.0000,-0.0012
1791179238.6952,0.0200,0.2165,0.0000,0.0000,0.0000,0.0000,0.0000,0.0000,0.1273,0.1258,0.5077,0.5077,0.0000,0.0000,0.0000,-0.0012
1791179238.7152,0.0200,0.2374,0.0000,0.0000,0.0000,0.0000,0.0000,0.0000,0.1273,0.1258,0.5077,0.5077,0.0000,0.0000,0.0000,-0.0012
1791179238.7352,0.0200,0.2304,0.0000,0.0000,0.0000,0.0000,0.0000,0.0000,0.1273,0.1273,0.5077,0.5077,0.0000,0.0000,0.0000,-0.0012
1791179238.7552,0.0200,0.2269,0.0000,0.0000,0.0000,0.0000,0.0000,0.0000,0.1273,0.1258,0.5077,0.5077,0.0000,0.0000,0.0000,-0.0012
1791179238.7752,0.0200,0.2262,0.0000,0.0000,0.0000,0.0000,0.0000,0.0000,0.1273,0.1258,0.5077,0.5077,0.0000,0.0000,0.0000,-0.0012
1791179238.7952,0.0200,0.2269,0.0000,0.0000,0.0000,0.0000,0.0000,0.0000,0.1273,0.1258,0.5077,0.5062,0.0000,0.0000,0.0000,-0.0012
1791179238.8152,0.0200,0.2308,0.0000,0.0000,0.0000,0.0000,0.0000,0.0000,0.1273,0.1273,0.5077,0.5077,0.0000,0.0000,0.0000,-0.0012
1791179238.8352,0.0200,0.2394,0.0000,0.0000,0.0000,0.0000,0.0000,0.0000,0.1273,0.1273,0.5077,0.5077,0.0000,0.0000,0.0000,-0.0012
1791179238.8552,0.0200,0.3350,0.0000,0.0000,0.0000,0.0000,0.0000,0.0000,0.1273,0.1258,0.5077,0.5077,0.0000,0.0000,0.0000,-0.0012
1791179238.8752,0.0200,0.2492,0.0000,0.0000,0.0000,0.0000,0.0000,0.0000,0.1273,0.1258,0.5077,0.5077,0.0000,0.0000,0.0000,-0.0012
1791179238.8952,0.0200,0.2372,0.0000,0.0000,0.0000,0.0000,0.0000,0.0000,0.1273,0.1258,0.5077,0.5077,0.0000,0.0000,0.0000,-0.0012
1791179238.9152,0.0200,0.2412,0.0000,0.0000,0.0000,0.0000,0.0000,0.0000,0.1273,0.1273,0.5077,0.5077,0.0000,0.0000,0.0000,-0.0012
1791179238.9352,0.0200,0.2360,0.0000,0.0000,0.0000,0.0000,0.0000,0.0000,0.1273,0.1258,0.5077,0.5077,0.0000,0.0000,0.0000,-0.0012
1791179238.9551,0.0200,0.2311,0.0000,0.0000,0.0000,0.0000,0.0000,0.0000,0.1273,0.1258,0.5077,0.5077,0.0000,0.0000,0.0000,-0.0012
1791179238.9751,0.0200,0.1990,0.0000,0.0000,0.0000,0.0000,0.0000,0.0000,0.1273,0.1258,0.5077,0.5077,0.0000,0.0000,0.0000,-0.0012
1791179238.9951,0.0200,0.1879,0.0000,0.0000,0.0000,0.0000,0.0000,0.0000,0.1273,0.1258,0.5077,0.5077,0.0000,0.0000,0.0000,-0.0012
1791179239.0151,0.0200,0.1847,0.0000,0.0000,0.0000,0.0000,0.0000,0.0000,0.1273,0.1258,0.5077,0.5077,0.0000,0.0000,0.0000,-0.0012
1791179239.0351,0.0200,0.2371,0.0000,0.0000,0.0000,0.0000,0.0000,0.0000,0.1273,0.1258,0.5077,0.5077,0.0000,0.0000,0.0000,-0.0012
1791179239.0552,0.0200,0.2369,0.0000,0.0000,0.0000,0.0000,0.0000,0.0000,0.1273,0.1258,0.5077,0.5077,0.0000,0.0000,0.0000,-0.0012
1791179239.0751,0.0200,0.2205,0.0000,0.0000,0.0000,0.0000,0.0000,0.0000,0.1273,0.1273,0.5077,0.5077,0.0000,0.0000,0.0000,-0.0012
1791179239.0951,0.0200,0.2069,0.0000,0.0000,0.0000,0.0000,0.0000,0.0000,0.1273,0.1258,0.5077,0.5062,0.0000,0.0000,0.0000,-0.0012
1791179239.1151,0.0200,0.2880,0.0000,0.0000,0.0000,0.0000,0.0000,0.0000,0.1273,0.1258,0.5077,0.5077,0.0000,0.0000,0.0000,-0.0012
1791179239.1352,0.0200,0.2154,0.0000,0.0000,0.0000,0.0000,0.0000,0.0000,0.1273,0.1273,0.5077,0.5077,0.0000,0.0000,0.0000,-0.0012
1791179239.1552,0.0200,0.3015,0.0000,0.0000,0.0000,0.0000,0.0000,0.0000,0.1273,0.1258,0.5077,0.5077,0.0000,0.0000,0.0000,-0.0012
1791179239.1752,0.0200,0.3084,0.0000,0.0000,0.0000,0.0000,0.0000,0.0000,0.1273,0.1258,0.5077,0.5077,0.0000,0.0000,0.0000,-0.0012
1791179239.1952,0.0200,0.1960,0.0000,0.0000,0.0000,0.0000,0.0000,0.0000,0.1273,0.1258,0.5077,0.5077,0.0000,0.0000,0.0000,-0.0012
1791179239.2151,0.0200,0.2410,0.0000,0.0000,0.0000,0.0000,0.0000,0.0000,0.1273,0.1273,0.5077,0.5077,0.0000,0.0000,0.0000,-0.0012
1791179239.2352,0.0200,0.2104,0.0000,0.0000,0.0000,0.0000,0.0000,0.0000,0.1273,0.1258,0.5077,0.5077,0.0000,0.0000,0.0000,-0.0012
1791179239.2552,0.0200,0.2428,0.0000,0.0000,0.0000,0.0000,0.0000,0.0000,0.1273,0.1258,0.5077,0.5077,0.0000,0.0000,0.0000,-0.0012
1791179239.2752,0.0200,0.1672,0.0000,0.0000,0.0000,0.0000,0.0000,0.0000,0.1273,0.1258,0.5077,0.5077,0.0000,0.0000,0.0000,-0.0012
1791179239.2951,0.0200,0.2168,0.0000,0.0000,0.0000,0.0000,0.0000,0.0000,0.1273,0.1258,0.5077,0.5077,0.0000,0.0000,0.0000,-0.0012
1791179239.3152,0.0200,0.2337,0.0000,0.0000,0.0000,0.0000,0.0000,0.0000,0.1273,0.1258,0.5077,0.5077,0.0000,0.0000,0.0000,-0.0012
1791179239.3352,0.0200,0.1653,0.0000,0.0000,0.0000,0.0000,0.0000,0.0000,0.1273,0.1273,0.5077,0.5062,0.0000,0.0000,0.0000,-0.0012
1791179239.3551,0.0200,0.1862,0.0000,0.0000,0.0000,0.0000,0.0000,0.0000,0.1273,0.1273,0.5077,0.5077,0.0000,0.0000,0.0000,-0.0012
1791179239.3751,0.0200,0.2161,0.0000,0.0000,0.0000,0.0000,0.0000,0.0000,0.1273,0.1258,0.5077,0.5077,0.0000,0.0000,0.0000,-0.0012
1791179239.3952,0.0200,0.2356,0.0000,0.0000,0.0000,0.0000,0.0000,0.0000,0.1273,0.1258,0.5077,0.5077,0.0000,0.0000,0.0000,-0.0012
1791179239.4152,0.0200,0.1713,0.0000,0.0000,0.0000,0.0000,0.0000,0.0000,0.1273,0.1258,0.5077,0.5077,0.0000,0.0000,0.0000,-0.0012
1791179239.4352,0.0200,0.3293,0.0000,0.0000,0.0000,0.0000,0.0000,0.0000,0.1273,0.1258,0.5077,0.5062,0.0000,0.0000,0.0000,-0.0012
1791179239.4552,0.0200,0.2091,0.0000,0.0000,0.0000,0.0000,0.0000,0.0000,0.1273,0.1258,0.5077,0.5077,0.0000,0.0000,0.0000,-0.0012
1791179239.4751,0.0199,0.1903,0.0000,0.0000,0.0000,0.0000,0.0000,0.0000,0.1273,0.1258,0.5077,0.5077,0.0000,0.0000,0.0000,-0.0012
1791179239.4952,0.0200,0.2457,0.0000,0.0000,0.0000,0.0000,0.0000,0.0000,0.1273,0.1273,0.5077,0.5077,0.0000,0.0000,0.0000,-0.0012
1791179239.5151,0.0200,0.2308,0.0000,0.0000,0.0000,0.0000,0.0000,0.0000,0.1273,0.1258,0.5077,0.5077,0.0000,0.0000,0.0000,-0.0012
1791179239.5352,0.0200,0.2356,0.0000,0.0000,0.0000,0.0000,0.0000,0.0000,0.1273,0.1258,0.5077,0.5077,0.0000,0.0000,0.0000,-0.0012
1791179239.5552,0.0200,0.2409,0.0000,0.0000,0.0000,0.0000,0.0000,0.0000,0.1273,0.1258,0.5077,0.5077,0.0000,0.0000,0.0000,-0.0012
1791179239.5752,0.0200,0.2377,0.0000,0.0000,0.0000,0.0000,0.0000,0.0000,0.1273,0.1258,0.5077,0.5077,0.0000,0.0000,0.0000,-0.0012
1791179239.5952,0.0200,0.3389,0.0000,0.0000,0.0000,0.0000,0.0000,0.0000,0.1273,0.1258,0.5077,0.5077,0.0000,0.0000,0.0000,-0.0012
1791179239.6152,0.0200,0.1900,0.0000,0.0000,0.0000,0.0000,0.0000,0.0000,0.1273,0.1273,0.5077,0.5077,0.0000,0.0000,0.0000,-0.0012
1791179239.6352,0.0200,0.2383,0.0000,0.0000,0.0000,0.0000,0.0000,0.0000,0.1273,0.1258,0.5077,0.5077,0.0000,0.0000,0.0000,-0.0012
1791179239.6552,0.0200,0.2360,0.0000,0.0000,0.0000,0.0000,0.0000,0.0000,0.1273,0.1258,0.5077,0.5077,0.0000,0.0000,0.0000,-0.0012
1791179239.6752,0.0200,0.1994,0.0000,0.0000,0.0000,0.0000,0.0000,0.0000,0.1273,0.1258,0.5077,0.5077,0.0000,0.0000,0.0000,-0.0012
1791179239.6951,0.0200,0.2164,0.0000,0.0000,0.0000,0.0000,0.0000,0.0000,0.1273,0.1273,0.5077,0.5077,0.0000,0.0000,0.0000,-0.0012
1791179239.7152,0.0200,0.2356,0.0000,0.0000,0.0000,0.0000,0.0000,0.0000,0.1273,0.1258,0.5077,0.5077,0.0000,0.0000,0.0000,-0.0012
1791179239.7352,0.0200,0.2344,0.0000,0.0000,0.0000,0.0000,0.0000,0.0000,0.1273,0.1273,0.5077,0.5077,0.0000,0.0000,0.0000,-0.0012
1791179239.7552,0.0200,0.2917,0.0000,0.0000,0.0000,0.0000,0.0000,0.0000,0.1273,0.1258,0.5077,0.5062,0.0000,0.0000,0.0000,-0.0012
1791179239.7752,0.0200,0.2986,0.0000,0.0000,0.0000,0.0000,0.0000,0.0000,0.1273,0.1258,0.5077,0.5077,0.0000,0.0000,0.0000,-0.0012
1791179239.7952,0.0200,0.2119,0.0000,0.0000,0.0000,0.0000,0.0000,0.0000,0.1273,0.1258,0.5077,0.5077,0.0000,0.0000,0.0000,-0.0012
1791179239.8152,0.0200,0.2186,0.0000,0.0000,0.0000,0.0000,0.0000,0.0000,0.1273,0.1258,0.5077,0.5077,0.0000,0.0000,0.0000,-0.0012
1791179239.8352,0.0200,0.2378,0.0000,0.0000,0.0000,0.0000,0.0000,0.0000,0.1273,0.1258,0.5077,0.5077,0.0000,0.0000,0.0000,-0.0012
1791179239.8552,0.0200,0.2328,0.0000,0.0000,0.0000,0.0000,0.0000,0.0000,0.1273,0.1258,0.5077,0.5077,0.0000,0.0000,0.0000,-0.0012
1791179239.8752,0.0200,0.3325,0.0000,0.0000,0.0000,0.0000,0.0000,0.0000,0.1273,0.1258,0.5077,0.5077,0.0000,0.0000,0.0000,-0.0012
1791179239.8952,0.0200,0.3291,0.0000,0.0000,0.0000,0.0000,0.0000,0.0000,0.1273,0.1258,0.5077,0.5077,0.0000,0.0000,0.0000,-0.0012
1791179239.9151,0.0200,0.2244,0.0000,0.0000,0.0000,0.0000,0.0000,0.0000,0.1273,0.1273,0.5077,0.5077,0.0000,0.0000,0.0000,-0.0012
1791179239.9351,0.0200,0.1916,0.0000,0.0000,0.0000,0.0000,0.0000,0.0000,0.1273,0.1258,0.5077,0.5077,0.0000,0.0000,0.0000,-0.0012
1791179239.9551,0.0200,0.2439,0.0000,0.0000,0.0000,0.0000,0.0000,0.0000,0.1273,0.1258,0.5077,0.5077,0.0000,0.0000,0.0000,-0.0012
1791179239.9752,0.0200,0.2946,0.0000,0.0000,0.0000,0.0000,0.0000,0.0000,0.1273,0.1273,0.5077,0.5062,0.0000,0.0000,0.0000,-0.0012
1791179239.9952,0.0200,0.2604,0.0000,0.0000,0.0000,0.0000,0.0000,0.0000,0.1273,0.1258,0.5077,0.5077,0.0000,0.0000,0.0000,-0.0012
1791179240.0151,0.0200,0.1740,0.0000,0.0000,0.0000,0.0000,0.0000,0.0000,0.1273,0.1273,0.5077,0.5077,0.0000,0.0000,0.0000,-0.0012
1791179240.0351,0.0200,0.2541,0.0000,0.0000,0.0000,0.0000,0.0000,0.0000,0.1273,0.1258,0.5077,0.5062,0.0000,0.0000,0.0000,-0.0012
1791179240.0551,0.0200,0.2175,0.0000,0.0000,0.0000,0.0000,0.0000,0.0000,0.1273,0.1273,0.5077,0.5077,0.0000,0.0000,0.0000,-0.0012
1791179240.0752,0.0200,0.3240,0.0000,0.0000,0.0000,0.0000,0.0000,0.0000,0.1273,0.1258,0.5077,0.5062,0.0000,0.0000,0.0000,-0.0012
1791179240.0951,0.0200,0.2129,0.0000,0.0000,0.0000,0.0000,0.0000,0.0000,0.1273,0.1258,0.5077,0.5077,0.0000,0.0000,0.0000,-0.0012
1791179240.1152,0.0200,0.2355,0.0000,0.0000,0.0000,0.0000,0.0000,0.0000,0.1273,0.1258,0.5077,0.5077,0.0000,0.0000,0.0000,-0.0012
1791179240.1352,0.0200,0.2292,0.0000,0.0000,0.0000,0.0000,0.0000,0.0000,0.1273,0.1258,0.5077,0.5077,0.0000,0.0000,0.0000,-0.0012
1791179240.1551,0.0199,0.1664,0.0000,0.0000,0.0000,0.0000,0.0000,0.0000,0.1273,0.1258,0.5077,0.5077,0.0000,0.0000,0.0000,-0.0014
1791179240.1752,0.0200,0.2415,0.0000,0.0000,0.0000,0.0000,0.0000,0.0000,0.1273,0.1258,0.5077,0.5077,0.0000,0.0000,0.0000,-0.0012
1791179240.1952,0.0200,0.2279,0.0000,0.0000,0.0000,0.0000,0.0000,0.0000,0.1273,0.1273,0.5077,0.5077,0.0000,0.0000,0.0000,-0.0012
1791179240.2151,0.0200,0.2272,0.0000,0.0000,0.0000,0.0000,0.0000,0.0000,0.1273,0.1258,0.5077,0.5077,0.0000,0.0000,0.0000,-0.0012
1791179240.2351,0.0200,0.2344,0.0000,0.0000,0.0000,0.0000,0.0000,0.0000,0.1273,0.1258,0.5077,0.5077,0.0000,0.0000,0.0000,-0.0012
1791179240.2552,0.0201,0.2496,0.0000,0.0000,0.0000,0.0000,0.0000,0.0000,0.1273,0.1258,0.5077,0.5077,0.0000,0.0000,0.0000,-0.0012
1791179240.2752,0.0200,0.2180,0.0000,0.0000,0.0000,0.0000,0.0000,0.0000,0.1273,0.1258,0.5077,0.5077,0.0000,0.0000,0.0000,-0.0012
1791179240.2952,0.0200,0.2385,0.0000,0.0000,0.0000,0.0000,0.0000,0.0000,0.1273,0.1258,0.5077,0.5077,0.0000,0.0000,0.0000,-0.0012
1791179240.3152,0.0200,0.1687,0.0000,0.0000,0.0000,0.0000,0.0000,0.0000,0.1273,0.1273,0.5077,0.5077,0.0000,0.0000,0.0000,-0.0012
1791179240.3351,0.0200,0.1873,0.0000,0.0000,0.0000,0.0000,0.0000,0.0000,0.1273,0.1273,0.5077,0.5062,0.0000,0.0000,0.0000,-0.0012
1791179240.3551,0.0200,0.2202,0.0000,0.0000,0.0000,0.0000,0.0000,0.0000,0.1273,0.1258,0.5077,0.5077,0.0000,0.0000,0.0000,-0.0012
1791179240.3752,0.0200,0.2344,0.0000,0.0000,0.0000,0.0000,0.0000,0.0000,0.1273,0.1258,0.5077,0.5077,0.0000,0.0000,0.0000,-0.0012
1791179240.3952,0.0200,0.1793,0.0000,0.0000,0.0000,0.0000,0.0000,0.0000,0.1273,0.1273,0.5077,0.5077,0.0000,0.0000,0.0000,-0.0012
1791179240.4151,0.0200,0.2547,0.0000,0.0000,0.0000,0.0000,0.0000,0.0000,0.1273,0.1258,0.5077,0.5077,0.0000,0.0000,0.0000,-0.0012
1791179240.4351,0.0200,0.2178,0.0000,0.0000,0.0000,0.0000,0.0000,0.0000,0.1273,0.1273,0.5077,0.5077,0.0000,0.0000,0.0000,-0.0012
1791179240.4552,0.0200,0.2298,0.0000,0.0000,0.0000,0.0000,0.0000,0.0000,0.1273,0.1258,0.5077,0.5077,0.0000,0.0000,0.0000,-0.0012
1791179240.4752,0.0200,0.2731,0.0000,0.0000,0.0000,0.0000,0.0000,0.0000,0.1273,0.1273,0.5077,0.5077,0.0000,0.0000,0.0000,-0.0012
1791179240.4952,0.0200,0.2406,0.0000,0.0000,0.0000,0.0000,0.0000,0.0000,0.1273,0.1273,0.5077,0.5062,0.0000,0.0000,0.0000,-0.0012
1791179240.5152,0.0200,0.2092,0.0000,0.0000,0.0000,0.0000,0.0000,0.0000,0.1273,0.1273,0.5077,0.5077,0.0000,0.0000,0.0000,-0.0012
1791179240.5351,0.0200,0.2173,0.0000,0.0000,0.0000,0.0000,0.0000,0.0000,0.1273,0.1273,0.5077,0.5077,0.0000,0.0000,0.0000,-0.0012
1791179240.5552,0.0200,0.2117,0.0000,0.0000,0.0000,0.0000,0.0000,0.0000,0.1273,0.1258,0.5077,0.5077,0.0000,0.0000,0.0000,-0.0012
1791179240.5751,0.0200,0.2162,0.0000,0.0000,0.0000,0.0000,0.0000,0.0000,0.1273,0.1258,0.5077,0.5077,0.0000,0.0000,0.0000,-0.0012
1791179240.5952,0.0200,0.2374,0.0000,0.0000,0.0000,0.0000,0.0000,0.0000,0.1273,0.1258,0.5077,0.5077,0.0000,0.0000,0.0000,-0.0012
1791179240.6152,0.0200,0.1703,0.0000,0.0000,0.0000,0.0000,0.0000,0.0000,0.1273,0.1258,0.5077,0.5077,0.0000,0.0000,0.0000,-0.0012
1791179240.6351,0.0200,0.2149,0.0000,0.0000,0.0000,0.0000,0.0000,0.0000,0.1273,0.1258,0.5077,0.5077,0.0000,0.0000,0.0000,-0.0012
1791179240.6552,0.0200,0.2335,0.0000,0.0000,0.0000,0.0000,0.0000,0.0000,0.1273,0.1258,0.5077,0.5077,0.0000,0.0000,0.0000,-0.0012
1791179240.6752,0.0200,0.2025,0.0000,0.0000,0.0000,0.0000,0.0000,0.0000,0.1273,0.1258,0.5077,0.5077,0.0000,0.0000,0.0000,-0.0012
1791179240.6951,0.0200,0.2144,0.0000,0.0000,0.0000,0.0000,0.0000,0.0000,0.1273,0.1273,0.5077,0.5077,0.0000,0.0000,0.0000,-0.0012
1791179240.7151,0.0200,0.2415,0.0000,0.0000,0.0000,0.0000,0.0000,0.0000,0.1273,0.1258,0.5077,0.5077,0.0000,0.0000,0.0000,-0.0012
1791179240.7352,0.0200,0.2909,0.0000,0.0000,0.0000,0.0000,0.0000,0.0000,0.1273,0.1258,0.5077,0.5077,0.0000,0.0000,0.0000,-0.0012
1791179240.7552,0.0200,0.2397,0.0000,0.0000,0.0000,0.0000,0.0000,0.0000,0.1273,0.1258,0.5077,0.5077,0.0000,0.0000,0.0000,-0.0012
1791179240.7752,0.0200,0.2384,0.0000,0.0000,0.0000,0.0000,0.0000,0.0000,0.1273,0.1273,0.5077,0.5077,0.0000,0.0000,0.0000,-0.0012
1791179240.7952,0.0200,0.2417,0.0000,0.0000,0.0000,0.0000,0.0000,0.0000,0.1273,0.1258,0.5077,0.5077,0.0000,0.0000,0.0000,-0.0012
1791179240.8152,0.0200,0.2415,0.0000,0.0000,0.0000,0.0000,0.0000,0.0000,0.1273,0.1258,0.5077,0.5077,0.0000,0.0000,0.0000,-0.0012
1791179240.8352,0.0200,0.3276,0.0000,0.0000,0.0000,0.0000,0.0000,0.0000,0.1273,0.1258,0.5077,0.5077,0.0000,0.0000,0.0000,-0.0012
1791179240.8552,0.0200,0.2416,0.0000,0.0000,0.0000,0.0000,0.0000,0.0000,0.1273,0.1258,0.5077,0.5077,0.0000,0.0000,0.0000,-0.0012
1791179240.8752,0.0200,0.2343,0.0000,0.0000,0.0000,0.0000,0.0000,0.0000,0.1273,0.1258,0.5077,0.5062,0.0000,0.0000,0.0000,-0.0012
1791179240.8953,0.0201,0.1772,0.0000,0.0000,0.0000,0.0000,0.0000,0.0000,0.1273,0.1273,0.5077,0.5077,0.0000,0.0000,0.0000,-0.0012
1791179240.9152,0.0199,0.3297,0.0000,0.0000,0.0000,0.0000,0.0000,0.0000,0.1273,0.1258,0.5077,0.5077,0.0000,0.0000,0.0000,-0.0012
1791179240.9352,0.0200,0.2523,0.0000,0.0000,0.0000,0.0000,0.0000,0.0000,0.1273,0.1273,0.5077,0.5077,0.0000,0.0000,0.0000,-0.0012
1791179240.9551,0.0200,0.1896,0.0000,0.0000,0.0000,0.0000,0.0000,0.0000,0.1273,0.1258,0.5077,0.5077,0.0000,0.0000,0.0000,-0.0012
1791179240.9752,0.0200,0.2491,0.0000,0.0000,0.0000,0.0000,0.0000,0.0000,0.1273,0.1258,0.5077,0.5077,0.0000,0.0000,0.0000,-0.0012
1791179240.9951,0.0200,0.1912,0.0000,0.0000,0.0000,0.0000,0.0000,0.0000,0.1273,0.1258,0.5077,0.5077,0.0000,0.0000,0.0000,-0.0012
1791179241.0151,0.0200,0.2464,0.0000,0.0000,0.0000,0.0000,0.0000,0.0000,0.1273,0.1258,0.5077,0.5077,0.0000,0.0000,0.0000,-0.0012
1791179241.0352,0.0200,0.2544,0.0000,0.0000,0.0000,0.0000,0.0000,0.0000,0.1273,0.1258,0.5077,0.5077,0.0000,0.0000,0.0000,-0.0012
1791179241.0551,0.0200,0.2211,0.0000,0.0000,0.0000,0.0000,0.0000,0.0000,0.1273,0.1273,0.5077,0.5077,0.0000,0.0000,0.0000,-0.0012
1791179241.0751,0.0200,0.1903,0.0000,0.0000,0.0000,0.0000,0.0000,0.0000,0.1273,0.1258,0.5077,0.5077,0.0000,0.0000,0.0000,-0.0012
1791179241.0951,0.0200,0.2406,0.0000,0.0000,0.0000,0.0000,0.0000,0.0000,0.1273,0.1258,0.5077,0.5077,0.0000,0.0000,0.0000,-0.0012
1791179241.1151,0.0200,0.1832,0.0000,0.0000,0.0000,0.0000,0.0000,0.0000,0.1273,0.1273,0.5077,0.5077,0.0000,0.0000,0.0000,-0.0012
1791179241.1351,0.0200,0.1818,0.0000,0.0000,0.0000,0.0000,0.0000,0.0000,0.1273,0.1273,0.5077,0.5077,0.0000,0.0000,0.0000,-0.0012
1791179241.1552,0.0200,0.2442,0.0000,0.0000,0.0000,0.0000,0.0000,0.0000,0.1273,0.1273,0.5077,0.5077,0.0000,0.0000,0.0000,-0.0012
1791179241.1752,0.0200,0.2082,0.0000,0.0000,0.0000,0.0000,0.0000,0.0000,0.1273,0.1258,0.5077,0.5077,0.0000,0.0000,0.0000,-0.0012
1791179241.1952,0.0200,0.3298,0.0000,0.0000,0.0000,0.0000,0.0000,0.0000,0.1273,0.1258,0.5077,0.5077,0.0000,0.0000,0.0000,-0.0012
1791179241.2152,0.0200,0.2454,0.0000,0.0000,0.0000,0.0000,0.0000,0.0000,0.1273,0.1258,0.5077,0.5077,0.0000,0.0000,0.0000,-0.0012
1791179241.2352,0.0201,0.1723,0.0000,0.0000,0.0000,0.0000,0.0000,0.0000,0.1273,0.1258,0.5077,0.5077,0.0000,0.0000,0.0000,-0.0012
1791179241.2552,0.0199,0.2432,0.0000,0.0000,0.0000,0.0000,0.0000,0.0000,0.1273,0.1258,0.5077,0.5077,0.0000,0.0000,0.0000,-0.0012
1791179241.2752,0.0200,0.2350,0.0000,0.0000,0.0000,0.0000,0.0000,0.0000,0.1273,0.1273,0.5077,0.5077,0.0000,0.0000,0.0000,-0.0012
1791179241.2952,0.0200,0.2431,0.0000,0.0000,0.0000,0.0000,0.0000,0.0000,0.1273,0.1258,0.5077,0.5077,0.0000,0.0000,0.0000,-0.0012
1791179241.3152,0.0200,0.2131,0.0000,0.0000,0.0000,0.0000,0.0000,0.0000,0.1273,0.1258,0.5077,0.5077,0.0000,0.0000,0.0000,-0.0012
1791179241.3352,0.0200,0.2304,0.0000,0.0000,0.0000,0.0000,0.0000,0.0000,0.1273,0.1258,0.5077,0.5077,0.0000,0.0000,0.0000,-0.0012
1791179241.3552,0.0200,0.1962,0.0000,0.0000,0.0000,0.0000,0.0000,0.0000,0.1273,0.1273,0.5077,0.5077,0.0000,0.0000,0.0000,-0.0012
1791179241.3751,0.0200,0.2089,0.0000,0.0000,0.0000,0.0000,0.0000,0.0000,0.1273,0.1273,0.5077,0.5077,0.0000,0.0000,0.0000,-0.0012
1791179241.3952,0.0200,0.2366,0.0000,0.0000,0.0000,0.0000,0.0000,0.0000,0.1273,0.1258,0.5077,0.5077,0.0000,0.0000,0.0000,-0.0012
1791179241.4152,0.0200,0.1639,0.0000,0.0000,0.0000,0.0000,0.0000,0.0000,0.1273,0.1273,0.5077,0.5077,0.0000,0.0000,0.0000,-0.0011
1791179241.4352,0.0200,0.2454,0.0000,0.0000,0.0000,0.0000,0.0000,0.0000,0.1273,0.1258,0.5077,0.5077,0.0000,0.0000,0.0000,-0.0012
1791179241.4552,0.0200,0.2351,0.0000,0.0000,0.0000,0.0000,0.0000,0.0000,0.1273,0.1273,0.5077,0.5077,0.0000,0.0000,0.0000,-0.0012
1791179241.4752,0.0200,0.1778,0.0000,0.0000,0.0000,0.0000,0.0000,0.0000,0.1273,0.1273,0.5077,0.5077,0.0000,0.0000,0.0000,-0.0012
1791179241.4951,0.0200,0.1860,0.0000,0.0000,0.0000,0.0000,0.0000,0.0000,0.1273,0.1258,0.5077,0.5077,0.0000,0.0000,0.0000,-0.0012
1791179241.5151,0.0200,0.2848,0.0000,0.0000,0.0000,0.0000,0.0000,0.0000,0.1273,0.1258,0.5077,0.5077,0.0000,0.0000,0.0000,-0.0012
1791179241.5352,0.0200,0.2819,0.0000,0.0000,0.0000,0.0000,0.0000,0.0000,0.1273,0.1258,0.5077,0.5077,0.0000,0.0000,0.0000,-0.0012
1791179241.5552,0.0200,0.2380,0.0000,0.0000,0.0000,0.0000,0.0000,0.0000,0.1273,0.1258,0.5077,0.5077,0.0000,0.0000,0.0000,-0.0012
1791179241.5752,0.0200,0.2070,0.0000,0.0000,0.0000,0.0000,0.0000,0.0000,0.1273,0.1258,0.5077,0.5077,0.0000,0.0000,0.0000,-0.0012
1791179241.5951,0.0200,0.2177,0.0000,0.0000,0.0000,0.0000,0.0000,0.0000,0.1273,0.1258,0.5077,0.5077,0.0000,0.0000,0.0000,-0.0012
1791179241.6152,0.0200,0.2527,0.0000,0.0000,0.0000,0.0000,0.0000,0.0000,0.1273,0.1258,0.5077,0.5077,0.0000,0.0000,0.0000,-0.0012
1791179241.6352,0.0200,0.2043,0.0000,0.0000,0.0000,0.0000,0.0000,0.0000,0.1273,0.1258,0.5077,0.5062,0.0000,0.0000,0.0000,-0.0012
1791179241.6551,0.0200,0.2165,0.0000,0.0000,0.0000,0.0000,0.0000,0.0000,0.1273,0.1258,0.5077,0.5077,0.0000,0.0000,0.0000,-0.0012
1791179241.6751,0.0200,0.2366,0.0000,0.0000,0.0000,0.0000,0.0000,0.0000,0.1273,0.1258,0.5077,0.5077,0.0000,0.0000,0.0000,-0.0012
1791179241.6952,0.0200,0.2344,0.0000,0.0000,0.0000,0.0000,0.0000,0.0000,0.1273,0.1258,0.5077,0.5077,0.0000,0.0000,0.0000,-0.0012
1791179241.7152,0.0200,0.3217,0.0000,0.0000,0.0000,0.0000,0.0000,0.0000,0.1273,0.1258,0.5077,0.5077,0.0000,0.0000,0.0000,-0.0012
1791179241.7352,0.0200,0.2084,0.0000,0.0000,0.0000,0.0000,0.0000,0.0000,0.1273,0.1258,0.5077,0.5077,0.0000,0.0000,0.0000,-0.0012
1791179241.7552,0.0200,0.3385,0.0000,0.0000,0.0000,0.0000,0.0000,0.0000,0.1273,0.1258,0.5077,0.5077,0.0000,0.0000,0.0000,-0.0012
1791179241.7752,0.0200,0.2399,0.0000,0.0000,0.0000,0.0000,0.0000,0.0000,0.1273,0.1273,0.5077,0.5077,0.0000,0.0000,0.0000,-0.0012
1791179241.7952,0.0200,0.3187,0.0000,0.0000,0.0000,0.0000,0.0000,0.0000,0.1273,0.1258,0.5077,0.5077,0.0000,0.0000,0.0000,-0.0012
1791179241.8152,0.0200,0.2398,0.0000,0.0000,0.0000,0.0000,0.0000,0.0000,0.1273,0.1258,0.5077,0.5077,0.0000,0.0000,0.0000,-0.0012
1791179241.8352,0.0200,0.2566,0.0000,0.0000,0.0000,0.0000,0.0000,0.0000,0.1273,0.1258,0.5077,0.5077,0.0000,0.0000,0.0000,-0.0012
1791179241.8552,0.0200,0.2534,0.0000,0.0000,0.0000,0.0000,0.0000,0.0000,0.1273,0.1258,0.5077,0.5077,0.0000,0.0000,0.0000,-0.0012
1791179241.8752,0.0200,0.2517,0.0000,0.0000,0.0000,0.0000,0.0000,0.0000,0.1273,0.1273,0.5077,0.5077,0.0000,0.0000,0.0000,-0.0012
1791179241.8952,0.0200,0.2347,0.0000,0.0000,0.0000,0.0000,0.0000,0.0000,0.1273,0.1258,0.5077,0.5077,0.0000,0.0000,0.0000,-0.0012
1791179241.9152,0.0200,0.2556,0.0000,0.0000,0.0000,0.0000,0.0000,0.0000,0.1273,0.1273,0.5077,0.5077,0.0000,0.0000,0.0000,-0.0012
1791179241.9352,0.0200,0.2469,0.0000,0.0000,0.0000,0.0000,0.0000,0.0000,0.1273,0.1258,0.5077,0.5077,0.0000,0.0000,0.0000,-0.0012
1791179241.9552,0.0200,0.2369,0.0000,0.0000,0.0000,0.0000,0.0000,0.0000,0.1273,0.1258,0.5077,0.5077,0.0000,0.0000,0.0000,-0.0012
1791179241.9751,0.0200,0.1885,0.0000,0.0000,0.0000,0.0000,0.0000,0.0000,0.1273,0.1258,0.5077,0.5077,0.0000,0.0000,0.0000,-0.0012
1791179241.9951,0.0200,0.1858,0.0000,0.0000,0.0000,0.0000,0.0000,0.0000,0.1273,0.1258,0.5077,0.5077,0.0000,0.0000,0.0000,-0.0012
1791179242.0151,0.0200,0.1800,0.0000,0.0000,0.0000,0.0000,0.0000,0.0000,0.1273,0.1258,0.5077,0.5077,0.0000,0.0000,0.0000,-0.0012
1791179242.0351,0.0200,0.2763,0.0000,0.0000,0.0000,0.0000,0.0000,0.0000,0.1273,0.1258,0.5077,0.5077,0.0000,0.0000,0.0000,-0.0012
1791179242.0552,0.0200,0.2382,0.0000,0.0000,0.0000,0.0000,0.0000,0.0000,0.1273,0.1273,0.5077,0.5077,0.0000,0.0000,0.0000,-0.0012
1791179242.0752,0.0200,0.2387,0.0000,0.0000,0.0000,0.0000,0.0000,0.0000,0.1273,0.1258,0.5077,0.5077,0.0000,0.0000,0.0000,-0.0012
1791179242.0952,0.0200,0.2318,0.0000,0.0000,0.0000,0.0000,0.0000,0.0000,0.1273,0.1258,0.5077,0.5077,0.0000,0.0000,0.0000,-0.0012
1791179242.1152,0.0200,0.2331,0.0000,0.0000,0.0000,0.0000,0.0000,0.0000,0.1273,0.1273,0.5077,0.5077,0.0000,0.0000,0.0000,-0.0012
1791179242.1352,0.0200,0.2289,0.0000,0.0000,0.0000,0.0000,0.0000,0.0000,0.1273,0.1273,0.5077,0.5077,0.0000,0.0000,0.0000,-0.0012
1791179242.1552,0.0200,0.2457,0.0000,0.0000,0.0000,0.0000,0.0000,0.0000,0.1273,0.1258,0.5077,0.5077,0.0000,0.0000,0.0000,-0.0012
1791179242.1752,0.0200,0.2094,0.0000,0.0000,0.0000,0.0000,0.0000,0.0000,0.1273,0.1258,0.5077,0.5077,0.0000,0.0000,0.0000,-0.0012
1791179242.1952,0.0200,0.1901,0.0000,0.0000,0.0000,0.0000,0.0000,0.0000,0.1273,0.1273,0.5077,0.5077,0.0000,0.0000,0.0000,-0.0012
1791179242.2152,0.0200,0.2368,0.0000,0.0000,0.0000,0.0000,0.0000,0.0000,0.1273,0.1258,0.5077,0.5077,0.0000,0.0000,0.0000,-0.0012
1791179242.2352,0.0200,0.2297,0.0000,0.0000,0.0000,0.0000,0.0000,0.0000,0.1273,0.1258,0.5077,0.5077,0.0000,0.0000,0.0000,-0.0012
1791179242.2552,0.0200,0.2237,0.0000,0.0000,0.0000,0.0000,0.0000,0.0000,0.1273,0.1258,0.5077,0.5077,0.0000,0.0000,0.0000,-0.0012
1791179242.2752,0.0200,0.2120,0.0000,0.0000,0.0000,0.0000,0.0000,0.0000,0.1273,0.1258,0.5077,0.5077,0.0000,0.0000,0.0000,-0.0012
1791179242.2952,0.0200,0.1841,0.0000,0.0000,0.0000,0.0000,0.0000,0.0000,0.1273,0.1273,0.5077,0.5077,0.0000,0.0000,0.0000,-0.0012
1791179242.3151,0.0200,0.2405,0.0000,0.0000,0.0000,0.0000,0.0000,0.0000,0.1273,0.1258,0.5077,0.5077,0.0000,0.0000,0.0000,-0.0012
1791179242.3351,0.0200,0.1866,0.0000,0.0000,0.0000,0.0000,0.0000,0.0000,0.1273,0.1273,0.5077,0.5077,0.0000,0.0000,0.0000,-0.0012
1791179242.3552,0.0200,0.2421,0.0000,0.0000,0.0000,0.0000,0.0000,0.0000,0.1273,0.1258,0.5077,0.5077,0.0000,0.0000,0.0000,-0.0012
1791179242.3752,0.0200,0.2907,0.0000,0.0000,0.0000,0.0000,0.0000,0.0000,0.1273,0.1258,0.5077,0.5077,0.0000,0.0000,0.0000,-0.0012
1791179242.3952,0.0200,0.1866,0.0000,0.0000,0.0000,0.0000,0.0000,0.0000,0.1273,0.1273,0.5077,0.5077,0.0000,0.0000,0.0000,-0.0012
1791179242.4151,0.0200,0.2903,0.0000,0.0000,0.0000,0.0000,0.0000,0.0000,0.1273,0.1258,0.5077,0.5077,0.0000,0.0000,0.0000,-0.0012
1791179242.4352,0.0200,0.2098,0.0000,0.0000,0.0000,0.0000,0.0000,0.0000,0.1273,0.1258,0.5077,0.5077,0.0000,0.0000,0.0000,-0.0012
1791179242.4552,0.0200,0.2346,0.0000,0.0000,0.0000,0.0000,0.0000,0.0000,0.1273,0.1258,0.5077,0.5077,0.0000,0.0000,0.0000,-0.0012
1791179242.4752,0.0200,0.2411,0.0000,0.0000,0.0000,0.0000,0.0000,0.0000,0.1273,0.1273,0.5077,0.5077,0.0000,0.0000,0.0000,-0.0012
1791179242.4952,0.0200,0.2381,0.0000,0.0000,0.0000,0.0000,0.0000,0.0000,0.1273,0.1258,0.5077,0.5077,0.0000,0.0000,0.0000,-0.0012
1791179242.5152,0.0200,0.3255,0.0000,0.0000,0.0000,0.0000,0.0000,0.0000,0.1273,0.1258,0.5077,0.5077,0.0000,0.0000,0.0000,-0.0012
1791179242.5352,0.0200,0.2116,0.0000,0.0000,0.0000,0.0000,0.0000,0.0000,0.1273,0.1273,0.5077,0.5077,0.0000,0.0000,0.0000,-0.0011
1791179242.5552,0.0200,0.2122,0.0000,0.0000,0.0000,0.0000,0.0000,0.0000,0.1273,0.1258,0.5077,0.5077,0.0000,0.0000,0.0000,-0.0012
1791179242.5751,0.0200,0.2163,0.0000,0.0000,0.0000,0.0000,0.0000,0.0000,0.1273,0.1273,0.5077,0.5077,0.0000,0.0000,0.0000,-0.0012
1791179242.5952,0.0200,0.2344,0.0000,0.0000,0.0000,0.0000,0.0000,0.0000,0.1273,0.1258,0.5077,0.5077,0.0000,0.0000,0.0000,-0.0012
1791179242.6152,0.0200,0.2087,0.0000,0.0000,0.0000,0.0000,0.0000,0.0000,0.1273,0.1258,0.5077,0.5077,0.0000,0.0000,0.0000,-0.0012
1791179242.6351,0.0199,0.2294,0.0000,0.0000,0.0000,0.0000,0.0000,0.0000,0.1273,0.1258,0.5077,0.5077,0.0000,0.0000,0.0000,-0.0012
1791179242.6552,0.0200,0.2319,0.0000,0.0000,0.0000,0.0000,0.0000,0.0000,0.1273,0.1273,0.5077,0.5077,0.0000,0.0000,0.0000,-0.0012
1791179242.6752,0.0200,0.2348,0.0000,0.0000,0.0000,0.0000,0.0000,0.0000,0.1273,0.1258,0.5077,0.5077,0.0000,0.0000,0.0000,-0.0012
1791179242.6952,0.0200,0.2429,0.0000,0.0000,0.0000,0.0000,0.0000,0.0000,0.1273,0.1258,0.5077,0.5077,0.0000,0.0000,0.0000,-0.0012
1791179242.7152,0.0200,0.3212,0.0000,0.0000,0.0000,0.0000,0.0000,0.0000,0.1273,0.1258,0.5077,0.5077,0.0000,0.0000,0.0000,-0.0012
1791179242.7352,0.0200,0.2433,0.0000,0.0000,0.0000,0.0000,0.0000,0.0000,0.1273,0.1258,0.5077,0.5077,0.0000,0.0000,0.0000,-0.0012
1791179242.7552,0.0200,0.2317,0.0000,0.0000,0.0000,0.0000,0.0000,0.0000,0.1273,0.1258,0.5077,0.5077,0.0000,0.0000,0.0000,-0.0012
1791179242.7752,0.0200,0.2752,0.0000,0.0000,0.0000,0.0000,0.0000,0.0000,0.1273,0.1258,0.5077,0.5077,0.0000,0.0000,0.0000,-0.0012
1791179242.7952,0.0200,0.2298,0.0000,0.0000,0.0000,0.0000,0.0000,0.0000,0.1273,0.1258,0.5077,0.5077,0.0000,0.0000,0.0000,-0.0012
1791179242.8152,0.0200,0.2283,0.0000,0.0000,0.0000,0.0000,0.0000,0.0000,0.1273,0.1258,0.5077,0.5077,0.0000,0.0000,0.0000,-0.0012
1791179242.8352,0.0200,0.2333,0.0000,0.0000,0.0000,0.0000,0.0000,0.0000,0.1273,0.1258,0.5077,0.5077,0.0000,0.0000,0.0000,-0.0012
1791179242.8552,0.0200,0.2669,0.0000,0.0000,0.0000,0.0000,0.0000,0.0000,0.1273,0.1273,0.5077,0.5077,0.0000,0.0000,0.0000,-0.0011
1791179242.8752,0.0200,0.2655,0.0000,0.0000,0.0000,0.0000,0.0000,0.0000,0.1273,0.1273,0.5077,0.5077,0.0000,0.0000,0.0000,-0.0012
1791179242.8952,0.0200,0.2417,0.0000,0.0000,0.0000,0.0000,0.0000,0.0000,0.1273,0.1273,0.5077,0.5077,0.0000,0.0000,0.0000,-0.0012
1791179242.9152,0.0200,0.2683,0.0000,0.0000,0.0000,0.0000,0.0000,0.0000,0.1273,0.1258,0.5077,0.5077,0.0000,0.0000,0.0000,-0.0012
1791179242.9352,0.0200,0.2362,0.0000,0.0000,0.0000,0.0000,0.0000,0.0000,0.1273,0.1258,0.5077,0.5077,0.0000,0.0000,0.0000,-0.0012
1791179242.9552,0.0200,0.2396,0.0000,0.0000,0.0000,0.0000,0.0000,0.0000,0.1273,0.1273,0.5077,0.5077,0.0000,0.0000,0.0000,-0.0012
1791179242.9751,0.0200,0.1676,0.0000,0.0000,0.0000,0.0000,0.0000,0.0000,0.1273,0.1258,0.5077,0.5077,0.0000,0.0000,0.0000,-0.0012
1791179242.9951,0.0200,0.2411,0.0000,0.0000,0.0000,0.0000,0.0000,0.0000,0.1273,0.1258,0.5077,0.5077,0.0000,0.0000,0.0000,-0.0012
1791179243.0151,0.0200,0.1695,0.0000,0.0000,0.0000,0.0000,0.0000,0.0000,0.1273,0.1258,0.5077,0.5077,0.0000,0.0000,0.0000,-0.0012
1791179243.0352,0.0200,0.2619,0.0000,0.0000,0.0000,0.0000,0.0000,0.0000,0.1273,0.1258,0.5077,0.5077,0.0000,0.0000,0.0000,-0.0012
1791179243.0551,0.0200,0.1721,0.0000,0.0000,0.0000,0.0000,0.0000,0.0000,0.1273,0.1258,0.5077,0.5077,0.0000,0.0000,0.0000,-0.0012
1791179243.0751,0.0200,0.2378,0.0000,0.0000,0.0000,0.0000,0.0000,0.0000,0.1273,0.1258,0.5077,0.5077,0.0000,0.0000,0.0000,-0.0012
1791179243.0952,0.0200,0.2394,0.0000,0.0000,0.0000,0.0000,0.0000,0.0000,0.1273,0.1258,0.5077,0.5077,0.0000,0.0000,0.0000,-0.0012
1791179243.1151,0.0200,0.2083,0.0000,0.0000,0.0000,0.0000,0.0000,0.0000,0.1273,0.1258,0.5077,0.5077,0.0000,0.0000,0.0000,-0.0012
1791179243.1351,0.0200,0.2120,0.0000,0.0000,0.0000,0.0000,0.0000,0.0000,0.1273,0.1258,0.5077,0.5077,0.0000,0.0000,0.0000,-0.0012
1791179243.1551,0.0200,0.2145,0.0000,0.0000,0.0000,0.0000,0.0000,0.0000,0.1273,0.1258,0.5077,0.5077,0.0000,0.0000,0.0000,-0.0012
1791179243.1752,0.0200,0.2316,0.0000,0.0000,0.0000,0.0000,0.0000,0.0000,0.1273,0.1258,0.5077,0.5077,0.0000,0.0000,0.0000,-0.0012
1791179243.1952,0.0200,0.2076,0.0000,0.0000,0.0000,0.0000,0.0000,0.0000,0.1273,0.1258,0.5077,0.5077,0.0000,0.0000,0.0000,-0.0012
1791179243.2152,0.0200,0.2025,0.0000,0.0000,0.0000,0.0000,0.0000,0.0000,0.1273,0.1258,0.5077,0.5077,0.0000,0.0000,0.0000,-0.0012
1791179243.2352,0.0200,0.2320,0.0000,0.0000,0.0000,0.0000,0.0000,0.0000,0.1273,0.1258,0.5077,0.5077,0.0000,0.0000,0.0000,-0.0012
1791179243.2552,0.0200,0.2178,0.0000,0.0000,0.0000,0.0000,0.0000,0.0000,0.1273,0.1258,0.5077,0.5077,0.0000,0.0000,0.0000,-0.0012
1791179243.2752,0.0200,0.2526,0.0000,0.0000,0.0000,0.0000,0.0000,0.0000,0.1273,0.1258,0.5077,0.5077,0.0000,0.0000,0.0000,-0.0012
1791179243.2951,0.0200,0.1688,0.0000,0.0000,0.0000,0.0000,0.0000,0.0000,0.1273,0.1258,0.5077,0.5077,0.0000,0.0000,0.0000,-0.0012
1791179243.3152,0.0200,0.3347,0.0000,0.0000,0.0000,0.0000,0.0000,0.0000,0.1273,0.1258,0.5077,0.5077,0.0000,0.0000,0.0000,-0.0012
1791179243.3352,0.0200,0.2385,0.0000,0.0000,0.0000,0.0000,0.0000,0.0000,0.1273,0.1258,0.5077,0.5077,0.0000,0.0000,0.0000,-0.0012
1791179243.3552,0.0200,0.2362,0.0000,0.0000,0.0000,0.0000,0.0000,0.0000,0.1273,0.1258,0.5077,0.5077,0.0000,0.0000,0.0000,-0.0012
1791179243.3752,0.0200,0.1792,0.0000,0.0000,0.0000,0.0000,0.0000,0.0000,0.1273,0.1258,0.5077,0.5077,0.0000,0.0000,0.0000,-0.0012
1791179243.3951,0.0200,0.2617,0.0000,0.0000,0.0000,0.0000,0.0000,0.0000,0.1273,0.1273,0.5077,0.5077,0.0000,0.0000,0.0000,-0.0012
1791179243.4152,0.0200,0.2192,0.0000,0.0000,0.0000,0.0000,0.0000,0.0000,0.1273,0.1258,0.5077,0.5077,0.0000,0.0000,0.0000,-0.0012
1791179243.4352,0.0200,0.2335,0.0000,0.0000,0.0000,0.0000,0.0000,0.0000,0.1273,0.1258,0.5077,0.5077,0.0000,0.0000,0.0000,-0.0012
1791179243.4552,0.0200,0.1789,0.0000,0.0000,0.0000,0.0000,0.0000,0.0000,0.1273,0.1273,0.5077,0.5077,0.0000,0.0000,0.0000,-0.0012
1791179243.4752,0.0200,0.2419,0.0000,0.0000,0.0000,0.0000,0.0000,0.0000,0.1273,0.1273,0.5077,0.5077,0.0000,0.0000,0.0000,-0.0012
1791179243.4952,0.0200,0.2363,0.0000,0.0000,0.0000,0.0000,0.0000,0.0000,0.1273,0.1258,0.5077,0.5077,0.0000,0.0000,0.0000,-0.0012
1791179243.5152,0.0200,0.2345,0.0000,0.0000,0.0000,0.0000,0.0000,0.0000,0.1273,0.1258,0.5077,0.5077,0.0000,0.0000,0.0000,-0.0012
1791179243.5352,0.0200,0.1936,0.0000,0.0000,0.0000,0.0000,0.0000,0.0000,0.1273,0.1258,0.5077,0.5077,0.0000,0.0000,0.0000,-0.0012
1791179243.5552,0.0200,0.2405,0.0000,0.0000,0.0000,0.0000,0.0000,0.0000,0.1273,0.1258,0.5077,0.5062,0.0000,0.0000,0.0000,-0.0012
1791179243.5752,0.0200,0.2011,0.0000,0.0000,0.0000,0.0000,0.0000,0.0000,0.1273,0.1273,0.5077,0.5077,0.0000,0.0000,0.0000,-0.0012
1791179243.5951,0.0199,0.2207,0.0000,0.0000,0.0000,0.0000,0.0000,0.0000,0.1273,0.1258,0.5077,0.5077,0.0000,0.0000,0.0000,-0.0012
1791179243.6152,0.0200,0.2386,0.0000,0.0000,0.0000,0.0000,0.0000,0.0000,0.1273,0.1273,0.5077,0.5077,0.0000,0.0000,0.0000,-0.0012
1791179243.6352,0.0200,0.2337,0.0000,0.0000,0.0000,0.0000,0.0000,0.0000,0.1273,0.1258,0.5077,0.5077,0.0000,0.0000,0.0000,-0.0012
1791179243.6552,0.0200,0.2380,0.0000,0.0000,0.0000,0.0000,0.0000,0.0000,0.1273,0.1258,0.5077,0.5077,0.0000,0.0000,0.0000,-0.0012
1791179243.6752,0.0200,0.3298,0.0000,0.0000,0.0000,0.0000,0.0000,0.0000,0.1273,0.1258,0.5077,0.5077,0.0000,0.0000,0.0000,-0.0012
1791179243.6952,0.0200,0.2399,0.0000,0.0000,0.0000,0.0000,0.0000,0.0000,0.1273,0.1258,0.5077,0.5077,0.0000,0.0000,0.0000,-0.0012
1791179243.7152,0.0200,0.2299,0.0000,0.0000,0.0000,0.0000,0.0000,0.0000,0.1273,0.1273,0.5077,0.5077,0.0000,0.0000,0.0000,-0.0012
1791179243.7352,0.0200,0.2082,0.0000,0.0000,0.0000,0.0000,0.0000,0.0000,0.1273,0.1258,0.5077,0.5077,0.0000,0.0000,0.0000,-0.0012
1791179243.7551,0.0200,0.2741,0.0000,0.0000,0.0000,0.0000,0.0000,0.0000,0.1273,0.1258,0.5077,0.5077,0.0000,0.0000,0.0000,-0.0012
1791179243.7752,0.0200,0.2352,0.0000,0.0000,0.0000,0.0000,0.0000,0.0000,0.1273,0.1258,0.5077,0.5077,0.0000,0.0000,0.0000,-0.0012
1791179243.7952,0.0200,0.2272,0.0000,0.0000,0.0000,0.0000,0.0000,0.0000,0.1273,0.1258,0.5077,0.5077,0.0000,0.0000,0.0000,-0.0012
1791179243.8152,0.0200,0.2349,0.0000,0.0000,0.0000,0.0000,0.0000,0.0000,0.1273,0.1258,0.5077,0.5077,0.0000,0.0000,0.0000,-0.0012
1791179243.8352,0.0200,0.2616,0.0000,0.0000,0.0000,0.0000,0.0000,0.0000,0.1273,0.1258,0.5077,0.5077,0.0000,0.0000,0.0000,-0.0012
1791179243.8552,0.0200,0.2392,0.0000,0.0000,0.0000,0.0000,0.0000,0.0000,0.1273,0.1258,0.5077,0.5077,0.0000,0.0000,0.0000,-0.0012
1791179243.8752,0.0200,0.2341,0.0000,0.0000,0.0000,0.0000,0.0000,0.0000,0.1273,0.1273,0.5077,0.5077,0.0000,0.0000,0.0000,-0.0012
1791179243.8952,0.0200,0.2328,0.0000,0.0000,0.0000,0.0000,0.0000,0.0000,0.1273,0.1258,0.5077,0.5077,0.0000,0.0000,0.0000,-0.0012
1791179243.9152,0.0200,0.2406,0.0000,0.0000,0.0000,0.0000,0.0000,0.0000,0.1273,0.1258,0.5077,0.5077,0.0000,0.0000,0.0000,-0.0012
1791179243.9352,0.0200,0.2130,0.0000,0.0000,0.0000,0.0000,0.0000,0.0000,0.1273,0.1273,0.5077,0.5077,0.0000,0.0000,0.0000,-0.0012
1791179243.9551,0.0200,0.2137,0.0000,0.0000,0.0000,0.0000,0.0000,0.0000,0.1273,0.1273,0.5077,0.5077,0.0000,0.0000,0.0000,-0.0012
1791179243.9751,0.0200,0.2431,0.0000,0.0000,0.0000,0.0000,0.0000,0.0000,0.1273,0.1258,0.5077,0.5077,0.0000,0.0000,0.0000,-0.0012
1791179243.9951,0.0200,0.1599,0.0000,0.0000,0.0000,0.0000,0.0000,0.0000,0.1273,0.1258,0.5077,0.5077,0.0000,0.0000,0.0000,-0.0012
1791179244.0151,0.0200,0.2432,0.0000,0.0000,0.0000,0.0000,0.0000,0.0000,0.1273,0.1258,0.5077,0.5077,0.0000,0.0000,0.0000,-0.0012
1791179244.0351,0.0200,0.1596,0.0000,0.0000,0.0000,0.0000,0.0000,0.0000,0.1273,0.1258,0.5077,0.5077,0.0000,0.0000,0.0000,-0.0012
1791179244.0551,0.0200,0.2406,0.0000,0.0000,0.0000,0.0000,0.0000,0.0000,0.1273,0.1258,0.5077,0.5077,0.0000,0.0000,0.0000,-0.0012
1791179244.0751,0.0200,0.2087,0.0000,0.0000,0.0000,0.0000,0.0000,0.0000,0.1273,0.1258,0.5077,0.5077,0.0000,0.0000,0.0000,-0.0012
1791179244.0951,0.0200,0.2135,0.0000,0.0000,0.0000,0.0000,0.0000,0.0000,0.1273,0.1258,0.5077,0.5077,0.0000,0.0000,0.0000,-0.0012
1791179244.1151,0.0200,0.2354,0.0000,0.0000,0.0000,0.0000,0.0000,0.0000,0.1273,0.1258,0.5077,0.5077,0.0000,0.0000,0.0000,-0.0012
1791179244.1352,0.0200,0.2338,0.0000,0.0000,0.0000,0.0000,0.0000,0.0000,0.1273,0.1258,0.5077,0.5077,0.0000,0.0000,0.0000,-0.0012
1791179244.1552,0.0200,0.2177,0.0000,0.0000,0.0000,0.0000,0.0000,0.0000,0.1273,0.1258,0.5077,0.5077,0.0000,0.0000,0.0000,-0.0012
1791179244.1752,0.0200,0.2276,0.0000,0.0000,0.0000,0.0000,0.0000,0.0000,0.1273,0.1258,0.5077,0.5077,0.0000,0.0000,0.0000,-0.0012
1791179244.1951,0.0200,0.2085,0.0000,0.0000,0.0000,0.0000,0.0000,0.0000,0.1273,0.1273,0.5077,0.5062,0.0000,0.0000,0.0000,-0.0012
1791179244.2152,0.0200,0.2386,0.0000,0.0000,0.0000,0.0000,0.0000,0.0000,0.1273,0.1258,0.5077,0.5077,0.0000,0.0000,0.0000,-0.0012
1791179244.2352,0.0200,0.2819,0.0000,0.0000,0.0000,0.0000,0.0000,0.0000,0.1273,0.1258,0.5077,0.5077,0.0000,0.0000,0.0000,-0.0012
1791179244.2552,0.0200,0.2309,0.0000,0.0000,0.0000,0.0000,0.0000,0.0000,0.1273,0.1258,0.5077,0.5077,0.0000,0.0000,0.0000,-0.0012
1791179244.2752,0.0200,0.2388,0.0000,0.0000,0.0000,0.0000,0.0000,0.0000,0.1273,0.1258,0.5077,0.5077,0.0000,0.0000,0.0000,-0.0012
1791179244.2952,0.0200,0.1670,0.0000,0.0000,0.0000,0.0000,0.0000,0.0000,0.1273,0.1258,0.5077,0.5077,0.0000,0.0000,0.0000,-0.0012
1791179244.3152,0.0200,0.2542,0.0000,0.0000,0.0000,0.0000,0.0000,0.0000,0.1273,0.1258,0.5077,0.5077,0.0000,0.0000,0.0000,-0.0012
1791179244.3352,0.0200,0.2381,0.0000,0.0000,0.0000,0.0000,0.0000,0.0000,0.1273,0.1258,0.5077,0.5077,0.0000,0.0000,0.0000,-0.0012
1791179244.3552,0.0200,0.1695,0.0000,0.0000,0.0000,0.0000,0.0000,0.0000,0.1273,0.1258,0.5077,0.5077,0.0000,0.0000,0.0000,-0.0012
1791179244.3752,0.0200,0.2007,0.0000,0.0000,0.0000,0.0000,0.0000,0.0000,0.1273,0.1258,0.5077,0.5062,0.0000,0.0000,0.0000,-0.0012
1791179244.3951,0.0200,0.2111,0.0000,0.0000,0.0000,0.0000,0.0000,0.0000,0.1273,0.1258,0.5077,0.5077,0.0000,0.0000,0.0000,-0.0012
1791179244.4152,0.0200,0.1944,0.0000,0.0000,0.0000,0.0000,0.0000,0.0000,0.1273,0.1273,0.5077,0.5077,0.0000,0.0000,0.0000,-0.0012
1791179244.4351,0.0200,0.2057,0.0000,0.0000,0.0000,0.0000,0.0000,0.0000,0.1273,0.1258,0.5077,0.5062,0.0000,0.0000,0.0000,-0.0012
1791179244.4552,0.0200,0.1904,0.0000,0.0000,0.0000,0.0000,0.0000,0.0000,0.1273,0.1258,0.5077,0.5077,0.0000,0.0000,0.0000,-0.0012
1791179244.4752,0.0200,0.1966,0.0000,0.0000,0.0000,0.0000,0.0000,0.0000,0.1273,0.1258,0.5077,0.5077,0.0000,0.0000,0.0000,-0.0012
1791179244.4952,0.0200,0.1989,0.0000,0.0000,0.0000,0.0000,0.0000,0.0000,0.1273,0.1258,0.5077,0.5077,0.0000,0.0000,0.0000,-0.0012
1791179244.5152,0.0200,0.1968,0.0000,0.0000,0.0000,0.0000,0.0000,0.0000,0.1273,0.1273,0.5077,0.5077,0.0000,0.0000,0.0000,-0.0012
1791179244.5352,0.0200,0.2005,0.0000,0.0000,0.0000,0.0000,0.0000,0.0000,0.1273,0.1273,0.5077,0.5077,0.0000,0.0000,0.0000,-0.0012
1791179244.5552,0.0200,0.2384,0.0000,0.0000,0.0000,0.0000,0.0000,0.0000,0.1273,0.1258,0.5077,0.5077,0.0000,0.0000,0.0000,-0.0012
1791179244.5752,0.0200,0.2295,0.0000,0.0000,0.0000,0.0000,0.0000,0.0000,0.1273,0.1273,0.5077,0.5077,0.0000,0.0000,0.0000,-0.0012
1791179244.5952,0.0200,0.2379,0.0000,0.0000,0.0000,0.0000,0.0000,0.0000,0.1273,0.1258,0.5077,0.5077,0.0000,0.0000,0.0000,-0.0012
1791179244.6152,0.0200,0.2019,0.0000,0.0000,0.0000,0.0000,0.0000,0.0480,0.1273,0.1258,0.5077,0.5062,0.0000,0.0008,0.0055,-0.0009
1791179244.6351,0.0199,0.1715,0.0000,0.0000,0.0000,0.0000,0.0000,0.0480,0.1273,0.1258,0.5077,0.5062,0.0000,0.0008,0.0055,-0.0011
1791179244.6552,0.0200,0.2490,0.0000,0.0000,0.0000,0.0000,0.0000,0.0000,0.1273,0.1258,0.5077,0.5077,0.0000,0.0000,0.0000,-0.0011
1791179244.6752,0.0200,0.2377,0.0000,0.0000,0.0000,0.0000,0.0000,-0.0240,0.1273,0.1273,0.5077,0.5062,0.0000,-0.0004,-0.0028,-0.0011
1791179244.6952,0.0200,0.3190,0.0000,0.0000,0.0000,0.0000,0.0000,0.0000,0.1273,0.1273,0.5077,0.5077,0.0000,0.0000,0.0000,-0.0011
1791179244.7152,0.0200,0.3162,0.0000,0.0000,0.0000,0.0000,0.0000,0.0000,0.1273,0.1258,0.5077,0.5077,0.0000,0.0000,0.0000,-0.0011
1791179244.7352,0.0200,0.2102,0.0000,0.0000,0.0000,0.0000,0.0000,0.0000,0.1273,0.1258,0.5077,0.5077,0.0000,0.0000,0.0000,-0.0011
1791179244.7551,0.0200,0.2401,0.0000,0.0000,0.0000,0.0000,0.0000,0.0000,0.1273,0.1273,0.5077,0.5077,0.0000,0.0000,0.0000,-0.0011
1791179244.7752,0.0200,0.2060,0.0000,0.0000,0.0000,0.0000,0.0000,0.0000,0.1273,0.1258,0.5077,0.5077,0.0000,0.0000,0.0000,-0.0011
1791179244.7952,0.0200,0.2400,0.0000,0.0000,0.0000,0.0000,0.0000,0.0000,0.1273,0.1258,0.5077,0.5077,0.0000,0.0000,0.0000,-0.0011
1791179244.8152,0.0200,0.2269,0.0000,0.0000,0.0000,0.0000,0.0000,0.0000,0.1273,0.1258,0.5077,0.5077,0.0000,0.0000,0.0000,-0.0011
1791179244.8352,0.0200,0.2307,0.0000,0.0000,0.0000,0.0000,0.0000,0.0000,0.1273,0.1273,0.5077,0.5062,0.0000,0.0000,0.0000,-0.0011
1791179244.8552,0.0200,0.2375,0.0000,0.0000,0.0000,0.0000,0.0000,0.0000,0.1273,0.1258,0.5077,0.5077,0.0000,0.0000,0.0000,-0.0011
1791179244.8752,0.0200,0.2376,0.0000,0.0000,0.0000,0.0000,0.0000,0.0000,0.1273,0.1258,0.5077,0.5077,0.0000,0.0000,0.0000,-0.0011
1791179244.8952,0.0200,0.2411,0.0000,0.0000,0.0000,0.0000,0.0000,0.0000,0.1273,0.1258,0.5077,0.5077,0.0000,0.0000,0.0000,-0.0011
1791179244.9152,0.0200,0.2393,0.0000,0.0000,0.0000,0.0000,0.0000,0.0000,0.1273,0.1258,0.5077,0.5077,0.0000,0.0000,0.0000,-0.0011
1791179244.9352,0.0200,0.2275,0.0000,0.0000,0.0000,0.0000,0.0000,0.0000,0.1273,0.1258,0.5077,0.5077,0.0000,0.0000,0.0000,-0.0012
1791179244.9551,0.0200,0.1860,0.0000,0.0000,0.0000,0.0000,0.0000,0.0000,0.1273,0.1258,0.5077,0.5077,0.0000,0.0000,0.0000,-0.0012
1791179244.9751,0.0200,0.2408,0.0000,0.0000,0.0000,0.0000,0.0000,0.0000,0.1273,0.1258,0.5077,0.5077,0.0000,0.0000,0.0000,-0.0012
1791179244.9951,0.0200,0.1589,0.0000,0.0000,0.0000,0.0000,0.0000,0.0000,0.1273,0.1258,0.5077,0.5062,0.0000,0.0000,0.0000,-0.0011
1791179245.0151,0.0200,0.2435,0.0000,0.0000,0.0000,0.0000,0.0000,0.0240,0.1273,0.1273,0.5077,0.5077,0.0000,0.0004,0.0028,-0.0011
1791179245.0352,0.0200,0.2543,0.0000,0.0000,0.0000,0.0000,0.0000,0.0000,0.1273,0.1258,0.5077,0.5062,0.0000,0.0000,0.0000,-0.0011
1791179245.0551,0.0200,0.1688,0.0000,0.0000,0.0000,0.0000,0.0000,0.0000,0.1273,0.1258,0.5077,0.5062,0.0000,0.0000,0.0000,-0.0012
1791179245.0752,0.0200,0.3235,0.0000,0.0000,0.0000,0.0000,0.0000,0.0000,0.1273,0.1258,0.5077,0.5077,0.0000,0.0000,0.0000,-0.0012
1791179245.0952,0.0200,0.2384,0.0000,0.0000,0.0000,0.0000,0.0000,0.0000,0.1273,0.1258,0.5077,0.5077,0.0000,0.0000,0.0000,-0.0011
1791179245.1152,0.0200,0.2864,0.0000,0.0000,0.0000,0.0000,0.0000,0.0000,0.1273,0.1258,0.5077,0.5077,0.0000,0.0000,0.0000,-0.0011
1791179245.1352,0.0201,0.2467,0.0000,0.0000,0.0000,0.0000,0.0000,0.0000,0.1273,0.1258,0.5077,0.5077,0.0000,0.0000,0.0000,-0.0012
1791179245.1552,0.0200,0.3091,0.0000,0.0000,0.0000,0.0000,0.0000,0.0000,0.1273,0.1258,0.5077,0.5077,0.0000,0.0000,0.0000,-0.0011
1791179245.1752,0.0200,0.2464,0.0000,0.0000,0.0000,0.0000,0.0000,0.0000,0.1273,0.1258,0.5077,0.5077,0.0000,0.0000,0.0000,-0.0011
1791179245.1952,0.0200,0.2042,0.0000,0.0000,0.0000,0.0000,0.0000,0.0000,0.1273,0.1273,0.5077,0.5077,0.0000,0.0000,0.0000,-0.0012
1791179245.2152,0.0200,0.2135,0.0000,0.0000,0.0000,0.0000,0.0000,0.0000,0.1273,0.1258,0.5077,0.5077,0.0000,0.0000,0.0000,-0.0012
1791179245.2352,0.0200,0.2139,0.0000,0.0000,0.0000,0.0000,0.0000,0.0000,0.1273,0.1258,0.5077,0.5077,0.0000,0.0000,0.0000,-0.0012
1791179245.2552,0.0200,0.2430,0.0000,0.0000,0.0000,0.0000,0.0000,0.0000,0.1273,0.1258,0.5077,0.5077,0.0000,0.0000,0.0000,-0.0011
1791179245.2752,0.0200,0.2409,0.0000,0.0000,0.0000,0.0000,0.0000,0.0000,0.1273,0.1258,0.5077,0.5077,0.0000,0.0000,0.0000,-0.0011
1791179245.2952,0.0200,0.1551,0.0000,0.0000,0.0000,0.0000,0.0000,0.0000,0.1273,0.1258,0.5077,0.5077,0.0000,0.0000,0.0000,-0.0012
1791179245.3152,0.0200,0.2403,0.0000,0.0000,0.0000,0.0000,0.0000,0.0000,0.1273,0.1258,0.5077,0.5077,0.0000,0.0000,0.0000,-0.0011
1791179245.3352,0.0200,0.2446,0.0000,0.0000,0.0000,0.0000,0.0000,0.0000,0.1273,0.1258,0.5077,0.5077,0.0000,0.0000,0.0000,-0.0011
1791179245.3552,0.0200,0.1550,0.0000,0.0000,0.0000,0.0000,0.0000,0.0000,0.1273,0.1258,0.5077,0.5077,0.0000,0.0000,0.0000,-0.0011
1791179245.3751,0.0200,0.1906,0.0000,0.0000,0.0000,0.0000,0.0000,0.0000,0.1273,0.1258,0.5077,0.5077,0.0000,0.0000,0.0000,-0.0011
1791179245.3952,0.0200,0.2470,0.0000,0.0000,0.0000,0.0000,0.0000,0.0000,0.1273,0.1258,0.5077,0.5077,0.0000,0.0000,0.0000,-0.0011
1791179245.4152,0.0200,0.2337,0.0000,0.0000,0.0000,0.0000,0.0000,0.0000,0.1273,0.1273,0.5077,0.5077,0.0000,0.0000,0.0000,-0.0011
1791179245.4352,0.0200,0.1803,0.0000,0.0000,0.0000,0.0000,0.0000,0.0000,0.1273,0.1258,0.5077,0.5077,0.0000,0.0000,0.0000,-0.0011
1791179245.4551,0.0200,0.1883,0.0000,0.0000,0.0000,0.0000,0.0000,0.0000,0.1273,0.1258,0.5077,0.5077,0.0000,0.0000,0.0000,-0.0012
1791179245.4752,0.0200,0.3353,0.0000,0.0000,0.0000,0.0000,0.0000,0.0000,0.1273,0.1258,0.5077,0.5077,0.0000,0.0000,0.0000,-0.0011
1791179245.4952,0.0200,0.2787,0.0000,0.0000,0.0000,0.0000,0.0000,0.0000,0.1273,0.1258,0.5077,0.5077,0.0000,0.0000,0.0000,-0.0011
1791179245.5151,0.0200,0.2140,0.0000,0.0000,0.0000,0.0000,0.0000,0.0000,0.1273,0.1273,0.5077,0.5077,0.0000,0.0000,0.0000,-0.0011
1791179245.5352,0.0200,0.2357,0.0000,0.0000,0.0000,0.0000,0.0000,0.0000,0.1273,0.1258,0.5077,0.5077,0.0000,0.0000,0.0000,-0.0012
1791179245.5552,0.0200,0.2367,0.0000,0.0000,0.0000,0.0000,0.0000,0.0000,0.1273,0.1258,0.5077,0.5077,0.0000,0.0000,0.0000,-0.0012
1791179245.5752,0.0200,0.1947,0.0000,0.0000,0.0000,0.0000,0.0000,0.0000,0.1273,0.1258,0.5077,0.5077,0.0000,0.0000,0.0000,-0.0011
1791179245.5951,0.0199,0.2396,0.0000,0.0000,0.0000,0.0000,0.0000,0.0000,0.1273,0.1258,0.5077,0.5077,0.0000,0.0000,0.0000,-0.0012
1791179245.6152,0.0200,0.2367,0.0000,0.0000,0.0000,0.0000,0.0000,0.0000,0.1273,0.1258,0.5077,0.5077,0.0000,0.0000,0.0000,-0.0012
1791179245.6352,0.0200,0.2323,0.0000,0.0000,0.0000,0.0000,0.0000,0.0000,0.1273,0.1258,0.5077,0.5077,0.0000,0.0000,0.0000,-0.0014
1791179245.6552,0.0200,0.2367,0.0000,0.0000,0.0000,0.0000,0.0000,0.0000,0.1273,0.1258,0.5077,0.5077,0.0000,0.0000,0.0000,-0.0012
1791179245.6752,0.0200,0.3158,0.0000,0.0000,0.0000,0.0000,0.0000,0.0000,0.1273,0.1258,0.5077,0.5077,0.0000,0.0000,0.0000,-0.0011
1791179245.6952,0.0200,0.2356,0.0000,0.0000,0.0000,0.0000,0.0000,0.0000,0.1273,0.1258,0.5077,0.5077,0.0000,0.0000,0.0000,-0.0011
1791179245.7152,0.0200,0.2332,0.0000,0.0000,0.0000,0.0000,0.0000,0.0000,0.1273,0.1258,0.5077,0.5077,0.0000,0.0000,0.0000,-0.0011
1791179245.7352,0.0200,0.2264,0.0000,0.0000,0.0000,0.0000,0.0000,0.0000,0.1273,0.1258,0.5077,0.5077,0.0000,0.0000,0.0000,-0.0011
1791179245.7552,0.0200,0.2337,0.0000,0.0000,0.0000,0.0000,0.0000,0.0000,0.1273,0.1258,0.5077,0.5077,0.0000,0.0000,0.0000,-0.0011
1791179245.7752,0.0200,0.2279,0.0000,0.0000,0.0000,0.0000,0.0000,0.0000,0.1273,0.1273,0.5077,0.5077,0.0000,0.0000,0.0000,-0.0011
1791179245.7951,0.0200,0.2089,0.0000,0.0000,0.0000,0.0000,0.0000,0.0000,0.1273,0.1258,0.5077,0.5077,0.0000,0.0000,0.0000,-0.0012
1791179245.8152,0.0200,0.2239,0.0000,0.0000,0.0000,0.0000,0.0000,0.0000,0.1273,0.1258,0.5077,0.5077,0.0000,0.0000,0.0000,-0.0011
1791179245.8352,0.0200,0.2388,0.0000,0.0000,0.0000,0.0000,0.0000,0.0000,0.1273,0.1273,0.5077,0.5077,0.0000,0.0000,0.0000,-0.0011
1791179245.8551,0.0200,0.2202,0.0000,0.0000,0.0000,0.0000,0.0000,0.0000,0.1273,0.1258,0.5077,0.5077,0.0000,0.0000,0.0000,-0.0012
1791179245.8751,0.0200,0.2116,0.0000,0.0000,0.0000,0.0000,0.0000,0.0000,0.1273,0.1273,0.5077,0.5062,0.0000,0.0000,0.0000,-0.0012
1791179245.8951,0.0200,0.2251,0.0000,0.0000,0.0000,0.0000,0.0000,0.0000,0.1273,0.1258,0.5077,0.5077,0.0000,0.0000,0.0000,-0.0011
1791179245.9151,0.0200,0.2156,0.0000,0.0000,0.0000,0.0000,0.0000,0.0000,0.1273,0.1258,0.5077,0.5077,0.0000,0.0000,0.0000,-0.0011
1791179245.9352,0.0200,0.2409,0.0000,0.0000,0.0000,0.0000,0.0000,0.0000,0.1273,0.1258,0.5077,0.5077,0.0000,0.0000,0.0000,-0.0011
1791179245.9551,0.0200,0.1615,0.0000,0.0000,0.0000,0.0000,0.0000,0.0000,0.1273,0.1258,0.5077,0.5077,0.0000,0.0000,0.0000,-0.0012
1791179245.9751,0.0200,0.2319,0.0000,0.0000,0.0000,0.0000,0.0000,0.0000,0.1273,0.1273,0.5077,0.5077,0.0000,0.0000,0.0000,-0.0011
1791179245.9951,0.0200,0.2139,0.0000,0.0000,0.0000,0.0000,0.0000,0.0000,0.1273,0.1258,0.5077,0.5077,0.0000,0.0000,0.0000,-0.0011
1791179246.0151,0.0200,0.2069,0.0000,0.0000,0.0000,0.0000,0.0000,0.0000,0.1273,0.1258,0.5077,0.5077,0.0000,0.0000,0.0000,-0.0012
1791179246.0353,0.0201,0.1928,0.0000,0.0000,0.0000,0.0000,0.0000,0.0000,0.1273,0.1258,0.5077,0.5077,0.0000,0.0000,0.0000,-0.0011
1791179246.0551,0.0199,0.2444,0.0000,0.0000,0.0000,0.0000,0.0000,0.0000,0.1273,0.1258,0.5077,0.5077,0.0000,0.0000,0.0000,-0.0011
1791179246.0752,0.0200,0.2724,0.0000,0.0000,0.0000,0.0000,0.0000,0.0000,0.1273,0.1258,0.5077,0.5077,0.0000,0.0000,0.0000,-0.0011
1791179246.0952,0.0200,0.2244,0.0000,0.0000,0.0000,0.0000,0.0000,0.0000,0.1273,0.1258,0.5077,0.5077,0.0000,0.0000,0.0000,-0.0012
1791179246.1152,0.0200,0.1861,0.0000,0.0000,0.0000,0.0000,0.0000,0.0000,0.1273,0.1258,0.5077,0.5077,0.0000,0.0000,0.0000,-0.0012
1791179246.1351,0.0200,0.2154,0.0000,0.0000,0.0000,0.0000,0.0000,0.0000,0.1273,0.1273,0.5077,0.5077,0.0000,0.0000,0.0000,-0.0012
1791179246.1552,0.0200,0.3199,0.0000,0.0000,0.0000,0.0000,0.0000,0.0000,0.1273,0.1258,0.5077,0.5077,0.0000,0.0000,0.0000,-0.0011
1791179246.1752,0.0200,0.2151,0.0000,0.0000,0.0000,0.0000,0.0000,0.0000,0.1273,0.1258,0.5077,0.5062,0.0000,0.0000,0.0000,-0.0011
1791179246.1952,0.0200,0.3221,0.0000,0.0000,0.0000,0.0000,0.0000,0.0000,0.1273,0.1273,0.5077,0.5077,0.0000,0.0000,0.0000,-0.0011
1791179246.2152,0.0200,0.2290,0.0000,0.0000,0.0000,0.0000,0.0000,0.0000,0.1273,0.1258,0.5077,0.5077,0.0000,0.0000,0.0000,-0.0011
1791179246.2352,0.0200,0.2316,0.0000,0.0000,0.0000,0.0000,0.0000,0.0000,0.1273,0.1258,0.5077,0.5077,0.0000,0.0000,0.0000,-0.0012
1791179246.2552,0.0200,0.1670,0.0000,0.0000,0.0000,0.0000,0.0000,0.0000,0.1273,0.1258,0.5077,0.5077,0.0000,0.0000,0.0000,-0.0012
1791179246.2751,0.0200,0.1893,0.0000,0.0000,0.0000,0.0000,0.0000,0.0000,0.1273,0.1258,0.5077,0.5077,0.0000,0.0000,0.0000,-0.0012
1791179246.2952,0.0200,0.2401,0.0000,0.0000,0.0000,0.0000,0.0000,0.0000,0.1273,0.1258,0.5077,0.5077,0.0000,0.0000,0.0000,-0.0011
1791179246.3152,0.0200,0.2067,0.0000,0.0000,0.0000,0.0000,0.0000,0.0000,0.1273,0.1258,0.5077,0.5077,0.0000,0.0000,0.0000,-0.0011
1791179246.3352,0.0200,0.2326,0.0000,0.0000,0.0000,0.0000,0.0000,0.0000,0.1273,0.1258,0.5077,0.5077,0.0000,0.0000,0.0000,-0.0011
1791179246.3552,0.0200,0.3412,0.0000,0.0000,0.0000,0.0000,0.0000,0.0000,0.1273,0.1258,0.5077,0.5077,0.0000,0.0000,0.0000,-0.0012
1791179246.3752,0.0200,0.2103,0.0000,0.0000,0.0000,0.0000,0.0000,0.0000,0.1273,0.1258,0.5077,0.5077,0.0000,0.0000,0.0000,-0.0012
1791179246.3951,0.0199,0.1913,0.0000,0.0000,0.0000,0.0000,0.0000,0.0000,0.1273,0.1258,0.5077,0.5077,0.0000,0.0000,0.0000,-0.0012
1791179246.4152,0.0200,0.2394,0.0000,0.0000,0.0000,0.0000,0.0000,0.0000,0.1273,0.1273,0.5077,0.5077,0.0000,0.0000,0.0000,-0.0011
1791179246.4352,0.0200,0.2123,0.0000,0.0000,0.0000,0.0000,0.0000,0.0000,0.1273,0.1258,0.5077,0.5077,0.0000,0.0000,0.0000,-0.0011
1791179246.4552,0.0200,0.2308,0.0000,0.0000,0.0000,0.0000,0.0000,0.0000,0.1273,0.1258,0.5077,0.5077,0.0000,0.0000,0.0000,-0.0012
1791179246.4752,0.0200,0.2009,0.0000,0.0000,0.0000,0.0000,0.0000,0.0000,0.1273,0.1258,0.5077,0.5077,0.0000,0.0000,0.0000,-0.0012
1791179246.4951,0.0200,0.2099,0.0000,0.0000,0.0000,0.0000,0.0000,0.0000,0.1273,0.1258,0.5077,0.5077,0.0000,0.0000,0.0000,-0.0011
1791179246.5152,0.0200,0.2307,0.0000,0.0000,0.0000,0.0000,0.0000,0.0000,0.1273,0.1258,0.5077,0.5062,0.0000,0.0000,0.0000,-0.0011
1791179246.5352,0.0200,0.1952,0.0000,0.0000,0.0000,0.0000,0.0000,0.0000,0.1273,0.1258,0.5077,0.5077,0.0000,0.0000,0.0000,-0.0011
1791179246.5552,0.0200,0.2706,0.0000,0.0000,0.0000,0.0000,0.0000,0.0000,0.1273,0.1258,0.5077,0.5077,0.0000,0.0000,0.0000,-0.0012
1791179246.5752,0.0200,0.2398,0.0000,0.0000,0.0000,0.0000,0.0000,0.0000,0.1273,0.1258,0.5077,0.5077,0.0000,0.0000,0.0000,-0.0011
1791179246.5952,0.0200,0.2109,0.0000,0.0000,0.0000,0.0000,0.0000,0.0000,0.1273,0.1258,0.5077,0.5062,0.0000,0.0000,0.0000,-0.0012
1791179246.6152,0.0200,0.2417,0.0000,0.0000,0.0000,0.0000,0.0000,0.0000,0.1273,0.1258,0.5077,0.5077,0.0000,0.0000,0.0000,-0.0011
1791179246.6352,0.0200,0.2344,0.0000,0.0000,0.0000,0.0000,0.0000,0.0000,0.1273,0.1258,0.5077,0.5077,0.0000,0.0000,0.0000,-0.0012
1791179246.6552,0.0200,0.2361,0.0000,0.0000,0.0000,0.0000,0.0000,0.0000,0.1273,0.1273,0.5077,0.5077,0.0000,0.0000,0.0000,-0.0012
1791179246.6752,0.0200,0.3375,0.0000,0.0000,0.0000,0.0000,0.0000,0.0000,0.1273,0.1258,0.5077,0.5077,0.0000,0.0000,0.0000,-0.0011
1791179246.6952,0.0200,0.2499,0.0000,0.0000,0.0000,0.0000,0.0000,0.0000,0.1273,0.1273,0.5077,0.5077,0.0000,0.0000,0.0000,-0.0012
1791179246.7152,0.0200,0.2344,0.0000,0.0000,0.0000,0.0000,0.0000,0.0000,0.1273,0.1258,0.5077,0.5077,0.0000,0.0000,0.0000,-0.0012
1791179246.7352,0.0200,0.2348,0.0000,0.0000,0.0000,0.0000,0.0000,0.0000,0.1273,0.1258,0.5077,0.5077,0.0000,0.0000,0.0000,-0.0011
1791179246.7552,0.0200,0.2259,0.0000,0.0000,0.0000,0.0000,0.0000,0.0000,0.1273,0.1258,0.5077,0.5077,0.0000,0.0000,0.0000,-0.0011
1791179246.7752,0.0200,0.2229,0.0000,0.0000,0.0000,0.0000,0.0000,0.0000,0.1273,0.1258,0.5077,0.5077,0.0000,0.0000,0.0000,-0.0012
1791179246.7952,0.0200,0.2360,0.0000,0.0000,0.0000,0.0000,0.0000,0.0000,0.1273,0.1258,0.5077,0.5077,0.0000,0.0000,0.0000,-0.0012
1791179246.8152,0.0200,0.2474,0.0000,0.0000,0.0000,0.0000,0.0000,0.0000,0.1273,0.1258,0.5077,0.5077,0.0000,0.0000,0.0000,-0.0012
1791179246.8352,0.0200,0.2410,0.0000,0.0000,0.0000,0.0000,0.0000,0.0000,0.1273,0.1258,0.5077,0.5077,0.0000,0.0000,0.0000,-0.0012
1791179246.8551,0.0200,0.2166,0.0000,0.0000,0.0000,0.0000,0.0000,0.0000,0.1273,0.1258,0.5077,0.5077,0.0000,0.0000,0.0000,-0.0011
1791179246.8751,0.0200,0.1917,0.0000,0.0000,0.0000,0.0000,0.0000,0.0000,0.1273,0.1258,0.5077,0.5077,0.0000,0.0000,0.0000,-0.0011
1791179246.8951,0.0200,0.1877,0.0000,0.0000,0.0000,0.0000,0.0000,0.0000,0.1273,0.1258,0.5077,0.5077,0.0000,0.0000,0.0000,-0.0011
1791179246.9151,0.0200,0.2105,0.0000,0.0000,0.0000,0.0000,0.0000,0.0000,0.1273,0.1258,0.5077,0.5077,0.0000,0.0000,0.0000,-0.0012
1791179246.9351,0.0200,0.2381,0.0000,0.0000,0.0000,0.0000,0.0000,0.0000,0.1273,0.1258,0.5077,0.5077,0.0000,0.0000,0.0000,-0.0011
1791179246.9551,0.0200,0.2156,0.0000,0.0000,0.0000,0.0000,0.0000,0.0000,0.1273,0.1258,0.5077,0.5077,0.0000,0.0000,0.0000,-0.0011
1791179246.9751,0.0200,0.2048,0.0000,0.0000,0.0000,0.0000,0.0000,0.0000,0.1273,0.1273,0.5077,0.5077,0.0000,0.0000,0.0000,-0.0011
1791179246.9951,0.0200,0.2062,0.0000,0.0000,0.0000,0.0000,0.0000,0.0000,0.1273,0.1258,0.5077,0.5077,0.0000,0.0000,0.0000,-0.0011
1791179247.0151,0.0200,0.2085,0.0000,0.0000,0.0000,0.0000,0.0000,0.0000,0.1273,0.1273,0.5077,0.5077,0.0000,0.0000,0.0000,-0.0011
1791179247.0351,0.0200,0.2427,0.0000,0.0000,0.0000,0.0000,0.0000,0.0000,0.1273,0.1273,0.5077,0.5077,0.0000,0.0000,0.0000,-0.0011
1791179247.0551,0.0200,0.2500,0.0000,0.0000,0.0000,0.0000,0.0000,0.0000,0.1273,0.1258,0.5077,0.5077,0.0000,0.0000,0.0000,-0.0011
1791179247.0752,0.0200,0.2922,0.0000,0.0000,0.0000,0.0000,0.0000,0.0000,0.1273,0.1258,0.5077,0.5077,0.0000,0.0000,0.0000,-0.0011
1791179247.0952,0.0200,0.2537,0.0000,0.0000,0.0000,0.0000,0.0000,0.0000,0.1273,0.1273,0.5077,0.5077,0.0000,0.0000,0.0000,-0.0011
1791179247.1151,0.0200,0.2454,0.0000,0.0000,0.0000,0.0000,0.0000,0.0000,0.1273,0.1258,0.5077,0.5077,0.0000,0.0000,0.0000,-0.0011
1791179247.1352,0.0200,0.2308,0.0000,0.0000,0.0000,0.0000,0.0000,0.0000,0.1273,0.1258,0.5077,0.5077,0.0000,0.0000,0.0000,-0.0012
1791179247.1552,0.0200,0.1650,0.0000,0.0000,0.0000,0.0000,0.0000,0.0000,0.1273,0.1258,0.5077,0.5077,0.0000,0.0000,0.0000,-0.0012
1791179247.1752,0.0200,0.2420,0.0000,0.0000,0.0000,0.0000,0.0000,0.0000,0.1273,0.1258,0.5077,0.5077,0.0000,0.0000,0.0000,-0.0011
1791179247.1952,0.0200,0.2089,0.0000,0.0000,0.0000,0.0000,0.0000,0.0000,0.1273,0.1258,0.5077,0.5077,0.0000,0.0000,0.0000,-0.0011
1791179247.2152,0.0200,0.2400,0.0000,0.0000,0.0000,0.0000,0.0000,0.0000,0.1273,0.1258,0.5077,0.5077,0.0000,0.0000,0.0000,-0.0011
1791179247.2352,0.0200,0.1643,0.0000,0.0000,0.0000,0.0000,0.0000,0.0000,0.1273,0.1258,0.5077,0.5077,0.0000,0.0000,0.0000,-0.0011
1791179247.2551,0.0200,0.1916,0.0000,0.0000,0.0000,0.0000,0.0000,0.0000,0.1273,0.1258,0.5077,0.5077,0.0000,0.0000,0.0000,-0.0011
1791179247.2751,0.0200,0.2824,0.0000,0.0000,0.0000,0.0000,0.0000,0.0000,0.1273,0.1258,0.5077,0.5077,0.0000,0.0000,0.0000,-0.0012
1791179247.2952,0.0200,0.2079,0.0000,0.0000,0.0000,0.0000,0.0000,0.0000,0.1273,0.1258,0.5077,0.5077,0.0000,0.0000,0.0000,-0.0011
1791179247.3151,0.0199,0.1862,0.0000,0.0000,0.0000,0.0000,0.0000,0.0000,0.1273,0.1258,0.5077,0.5077,0.0000,0.0000,0.0000,-0.0011
1791179247.3352,0.0200,0.2415,0.0000,0.0000,0.0000,0.0000,0.0000,0.0000,0.1273,0.1258,0.5077,0.5077,0.0000,0.0000,0.0000,-0.0012
1791179247.3552,0.0200,0.2136,0.0000,0.0000,0.0000,0.0000,0.0000,0.0000,0.1273,0.1258,0.5077,0.5077,0.0000,0.0000,0.0000,-0.0012
1791179247.3752,0.0200,0.2371,0.0000,0.0000,0.0000,0.0000,0.0000,0.0000,0.1273,0.1273,0.5077,0.5077,0.0000,0.0000,0.0000,-0.0012
1791179247.3952,0.0200,0.1778,0.0000,0.0000,0.0000,0.0000,0.0000,0.0000,0.1273,0.1258,0.5077,0.5062,0.0000,0.0000,0.0000,-0.0012
1791179247.4151,0.0200,0.2524,0.0000,0.0000,0.0000,0.0000,0.0000,0.0000,0.1273,0.1258,0.5077,0.5077,0.0000,0.0000,0.0000,-0.0012
1791179247.4351,0.0200,0.2435,0.0000,0.0000,0.0000,0.0000,0.0000,0.0000,0.1273,0.1258,0.5077,0.5077,0.0000,0.0000,0.0000,-0.0012
1791179247.4552,0.0200,0.2370,0.0000,0.0000,0.0000,0.0000,0.0000,0.0000,0.1273,0.1273,0.5077,0.5077,0.0000,0.0000,0.0000,-0.0014
1791179247.4752,0.0200,0.2077,0.0000,0.0000,0.0000,0.0000,0.0000,0.0000,0.1273,0.1258,0.5077,0.5062,0.0000,0.0000,0.0000,-0.0011
1791179247.4952,0.0200,0.2316,0.0000,0.0000,0.0000,0.0000,0.0000,0.0000,0.1273,0.1258,0.5077,0.5077,0.0000,0.0000,0.0000,-0.0011
1791179247.5152,0.0200,0.2001,0.0000,0.0000,0.0000,0.0000,0.0000,0.0000,0.1273,0.1258,0.5077,0.5077,0.0000,0.0000,0.0000,-0.0012
1791179247.5351,0.0200,0.2160,0.0000,0.0000,0.0000,0.0000,0.0000,0.0000,0.1273,0.1258,0.5077,0.5077,0.0000,0.0000,0.0000,-0.0012
1791179247.5552,0.0200,0.2308,0.0000,0.0000,0.0000,0.0000,0.0000,0.0000,0.1273,0.1258,0.5077,0.5077,0.0000,0.0000,0.0000,-0.0012
1791179247.5752,0.0200,0.1967,0.0000,0.0000,0.0000,0.0000,0.0000,0.0000,0.1273,0.1258,0.5077,0.5062,0.0000,0.0000,0.0000,-0.0012
1791179247.5951,0.0200,0.2168,0.0000,0.0000,0.0000,0.0000,0.0000,0.0000,0.1273,0.1273,0.5077,0.5077,0.0000,0.0000,0.0000,-0.0012
1791179247.6152,0.0200,0.2422,0.0000,0.0000,0.0000,0.0000,0.0000,0.0000,0.1273,0.1258,0.5077,0.5077,0.0000,0.0000,0.0000,-0.0011
1791179247.6352,0.0200,0.2383,0.0000,0.0000,0.0000,0.0000,0.0000,0.0000,0.1273,0.1258,0.5077,0.5077,0.0000,0.0000,0.0000,-0.0011
1791179247.6552,0.0200,0.2271,0.0000,0.0000,0.0000,0.0000,0.0000,0.0000,0.1273,0.1258,0.5077,0.5077,0.0000,0.0000,0.0000,-0.0012
1791179247.6752,0.0200,0.2300,0.0000,0.0000,0.0000,0.0000,0.0000,0.0000,0.1273,0.1258,0.5077,0.5077,0.0000,0.0000,0.0000,-0.0011
1791179247.6952,0.0200,0.2279,0.0000,0.0000,0.0000,0.0000,0.0000,0.0000,0.1273,0.1258,0.5077,0.5077,0.0000,0.0000,0.0000,-0.0012
1791179247.7152,0.0200,0.2300,0.0000,0.0000,0.0000,0.0000,0.0000,0.0000,0.1273,0.1258,0.5077,0.5077,0.0000,0.0000,0.0000,-0.0012
1791179247.7352,0.0200,0.2280,0.0000,0.0000,0.0000,0.0000,0.0000,0.0000,0.1273,0.1258,0.5077,0.5077,0.0000,0.0000,0.0000,-0.0011
1791179247.7552,0.0200,0.2386,0.0000,0.0000,0.0000,0.0000,0.0000,0.0000,0.1273,0.1258,0.5077,0.5077,0.0000,0.0000,0.0000,-0.0012
1791179247.7752,0.0200,0.2357,0.0000,0.0000,0.0000,0.0000,0.0000,0.0000,0.1273,0.1258,0.5077,0.5077,0.0000,0.0000,0.0000,-0.0011
1791179247.7952,0.0200,0.2340,0.0000,0.0000,0.0000,0.0000,0.0000,0.0000,0.1273,0.1273,0.5077,0.5062,0.0000,0.0000,0.0000,-0.0011
1791179247.8152,0.0200,0.2371,0.0000,0.0000,0.0000,0.0000,0.0000,0.0000,0.1273,0.1258,0.5077,0.5077,0.0000,0.0000,0.0000,-0.0011
1791179247.8351,0.0200,0.1861,0.0000,0.0000,0.0000,0.0000,0.0000,0.0000,0.1273,0.1258,0.5077,0.5077,0.0000,0.0000,0.0000,-0.0011
1791179247.8551,0.0200,0.2448,0.0000,0.0000,0.0000,0.0000,0.0000,0.0000,0.1273,0.1258,0.5077,0.5062,0.0000,0.0000,0.0000,-0.0012
1791179247.8751,0.0200,0.1620,0.0000,0.0000,0.0000,0.0000,0.0000,0.0000,0.1273,0.1258,0.5077,0.5062,0.0000,0.0000,0.0000,-0.0011
1791179247.8951,0.0200,0.2166,0.0000,0.0000,0.0000,0.0000,0.0000,0.0000,0.1273,0.1258,0.5077,0.5077,0.0000,0.0000,0.0000,-0.0012
1791179247.9151,0.0200,0.1840,0.0000,0.0000,0.0000,0.0000,0.0000,0.0000,0.1273,0.1258,0.5077,0.5077,0.0000,0.0000,0.0000,-0.0011
1791179247.9351,0.0200,0.1834,0.0000,0.0000,0.0000,0.0000,0.0000,0.0000,0.1273,0.1258,0.5077,0.5077,0.0000,0.0000,0.0000,-0.0012
1791179247.9551,0.0200,0.2382,0.0000,0.0000,0.0000,0.0000,0.0000,0.0000,0.1273,0.1258,0.5077,0.5077,0.0000,0.0000,0.0000,-0.0011
1791179247.9752,0.0200,0.2350,0.0000,0.0000,0.0000,0.0000,0.0000,0.0000,0.1273,0.1258,0.5077,0.5077,0.0000,0.0000,0.0000,-0.0012
1791179247.9952,0.0200,0.2348,0.0000,0.0000,0.0000,0.0000,0.0000,0.0000,0.1273,0.1258,0.5077,0.5077,0.0000,0.0000,0.0000,-0.0011
1791179248.0152,0.0200,0.2310,0.0000,0.0000,0.0000,0.0000,0.0000,0.0000,0.1273,0.1273,0.5077,0.5062,0.0000,0.0000,0.0000,-0.0012
1791179248.0352,0.0200,0.3154,0.0000,0.0000,0.0000,0.0000,0.0000,0.0000,0.1273,0.1273,0.5077,0.5077,0.0000,0.0000,0.0000,-0.0011
1791179248.0552,0.0200,0.2368,0.0000,0.0000,0.0000,0.0000,0.0000,0.0000,0.1273,0.1273,0.5077,0.5077,0.0000,0.0000,0.0000,-0.0011
1791179248.0752,0.0200,0.2387,0.0000,0.0000,0.0000,0.0000,0.0000,0.0000,0.1273,0.1258,0.5077,0.5077,0.0000,0.0000,0.0000,-0.0011
1791179248.0951,0.0200,0.1863,0.0000,0.0000,0.0000,0.0000,0.0000,0.0000,0.1273,0.1258,0.5077,0.5077,0.0000,0.0000,0.0000,-0.0012
1791179248.1151,0.0200,0.2546,0.0000,0.0000,0.0000,0.0000,0.0000,0.0000,0.1273,0.1258,0.5077,0.5077,0.0000,0.0000,0.0000,-0.0011
1791179248.1351,0.0200,0.1912,0.0000,0.0000,0.0000,0.0000,0.0000,0.0000,0.1273,0.1258,0.5077,0.5077,0.0000,0.0000,0.0000,-0.0011
1791179248.1552,0.0200,0.2833,0.0000,0.0000,0.0000,0.0000,0.0000,0.0000,0.1273,0.1258,0.5077,0.5077,0.0000,0.0000,0.0000,-0.0011
1791179248.1752,0.0200,0.2529,0.0000,0.0000,0.0000,0.0000,0.0000,0.0000,0.1273,0.1258,0.5077,0.5077,0.0000,0.0000,0.0000,-0.0011
1791179248.1952,0.0200,0.1730,0.0000,0.0000,0.0000,0.0000,0.0000,0.0000,0.1273,0.1258,0.5077,0.5077,0.0000,0.0000,0.0000,-0.0011
1791179248.2152,0.0200,0.2457,0.0000,0.0000,0.0000,0.0000,0.0000,0.0000,0.1273,0.1258,0.5077,0.5077,0.0000,0.0000,0.0000,-0.0011
1791179248.2352,0.0200,0.2089,0.0000,0.0000,0.0000,0.0000,0.0000,0.0000,0.1273,0.1258,0.5077,0.5077,0.0000,0.0000,0.0000,-0.0011
1791179248.2552,0.0200,0.2334,0.0000,0.0000,0.0000,0.0000,0.0000,0.0000,0.1273,0.1273,0.5077,0.5077,0.0000,0.0000,0.0000,-0.0011
1791179248.2752,0.0200,0.1833,0.0000,0.0000,0.0000,0.0000,0.0000,0.0000,0.1273,0.1258,0.5077,0.5077,0.0000,0.0000,0.0000,-0.0011
1791179248.2951,0.0200,0.1844,0.0000,0.0000,0.0000,0.0000,0.0000,0.0000,0.1273,0.1258,0.5077,0.5077,0.0000,0.0000,0.0000,-0.0012
1791179248.3152,0.0200,0.3389,0.0000,0.0000,0.0000,0.0000,0.0000,0.0000,0.1273,0.1258,0.5077,0.5077,0.0000,0.0000,0.0000,-0.0011
1791179248.3351,0.0200,0.1947,0.0000,0.0000,0.0000,0.0000,0.0000,0.0000,0.1273,0.1273,0.5077,0.5062,0.0000,0.0000,0.0000,-0.0012
1791179248.3552,0.0200,0.3330,0.0000,0.0000,0.0000,0.0000,0.0000,0.0000,0.1273,0.1258,0.5077,0.5077,0.0000,0.0000,0.0000,-0.0011
1791179248.3752,0.0200,0.1803,0.0000,0.0000,0.0000,0.0000,0.0000,0.0000,0.1273,0.1258,0.5077,0.5077,0.0000,0.0000,0.0000,-0.0011
1791179248.3951,0.0199,0.2055,0.0000,0.0000,0.0000,0.0000,0.0000,0.0000,0.1273,0.1258,0.5077,0.5077,0.0000,0.0000,0.0000,-0.0011
1791179248.4152,0.0201,0.2068,0.0000,0.0000,0.0000,0.0000,0.0000,0.0000,0.1273,0.1258,0.5077,0.5077,0.0000,0.0000,0.0000,-0.0011
1791179248.4352,0.0200,0.1783,0.0000,0.0000,0.0000,0.0000,0.0000,0.0000,0.1273,0.1258,0.5077,0.5077,0.0000,0.0000,0.0000,-0.0011
1791179248.4552,0.0200,0.2255,0.0000,0.0000,0.0000,0.0000,0.0000,0.0000,0.1273,0.1258,0.5077,0.5077,0.0000,0.0000,0.0000,-0.0012
1791179248.4752,0.0200,0.2071,0.0000,0.0000,0.0000,0.0000,0.0000,0.0000,0.1273,0.1258,0.5077,0.5077,0.0000,0.0000,0.0000,-0.0011
1791179248.4952,0.0200,0.2301,0.0000,0.0000,0.0000,0.0000,0.0000,0.0000,0.1273,0.1258,0.5077,0.5077,0.0000,0.0000,0.0000,-0.0011
1791179248.5152,0.0200,0.1771,0.0000,0.0000,0.0000,0.0000,0.0000,0.0000,0.1273,0.1258,0.5077,0.5077,0.0000,0.0000,0.0000,-0.0011
1791179248.5351,0.0200,0.2822,0.0000,0.0000,0.0000,0.0000,0.0000,0.0000,0.1273,0.1258,0.5077,0.5077,0.0000,0.0000,0.0000,-0.0012
1791179248.5552,0.0200,0.2048,0.0000,0.0000,0.0000,0.0000,0.0000,0.0000,0.1273,0.1258,0.5077,0.5077,0.0000,0.0000,0.0000,-0.0011
1791179248.5751,0.0200,0.2786,0.0000,0.0000,0.0000,0.0000,0.0000,0.0000,0.1273,0.1258,0.5077,0.5062,0.0000,0.0000,0.0000,-0.0012
1791179248.5952,0.0200,0.2446,0.0000,0.0000,0.0000,0.0000,0.0000,0.0000,0.1273,0.1258,0.5077,0.5062,0.0000,0.0000,0.0000,-0.0011
1791179248.6152,0.0200,0.2126,0.0000,0.0000,0.0000,0.0000,0.0000,0.0000,0.1273,0.1258,0.5077,0.5077,0.0000,0.0000,0.0000,-0.0012
1791179248.6352,0.0200,0.2384,0.0000,0.0000,0.0000,0.0000,0.0000,0.0000,0.1273,0.1273,0.5077,0.5077,0.0000,0.0000,0.0000,-0.0011
1791179248.6552,0.0200,0.2278,0.0000,0.0000,0.0000,0.0000,0.0000,0.0000,0.1273,0.1258,0.5077,0.5077,0.0000,0.0000,0.0000,-0.0012
1791179248.6752,0.0200,0.3182,0.0000,0.0000,0.0000,0.0000,0.0000,0.0000,0.1273,0.1258,0.5077,0.5077,0.0000,0.0000,0.0000,-0.0011
1791179248.6952,0.0200,0.2381,0.0000,0.0000,0.0000,0.0000,0.0000,0.0000,0.1273,0.1258,0.5077,0.5077,0.0000,0.0000,0.0000,-0.0011
1791179248.7153,0.0201,0.2044,0.0000,0.0000,0.0000,0.0000,0.0000,0.0000,0.1273,0.1258,0.5077,0.5077,0.0000,0.0000,0.0000,-0.0011
1791179248.7352,0.0199,0.3132,0.0000,0.0000,0.0000,0.0000,0.0000,0.0000,0.1273,0.1273,0.5077,0.5077,0.0000,0.0000,0.0000,-0.0011
1791179248.7552,0.0200,0.2396,0.0000,0.0000,0.0000,0.0000,0.0000,0.0000,0.1273,0.1258,0.5077,0.5077,0.0000,0.0000,0.0000,-0.0011
1791179248.7752,0.0200,0.1994,0.0000,0.0000,0.0000,0.0000,0.0000,0.0000,0.1273,0.1258,0.5077,0.5077,0.0000,0.0000,0.0000,-0.0012
1791179248.7952,0.0200,0.2361,0.0000,0.0000,0.0000,0.0000,0.0000,0.0000,0.1273,0.1258,0.5077,0.5077,0.0000,0.0000,0.0000,-0.0012
1791179248.8151,0.0200,0.1885,0.0000,0.0000,0.0000,0.0000,0.0000,0.0000,0.1273,0.1258,0.5077,0.5077,0.0000,0.0000,0.0000,-0.0011
1791179248.8351,0.0200,0.1862,0.0000,0.0000,0.0000,0.0000,0.0000,0.0000,0.1273,0.1258,0.5077,0.5077,0.0000,0.0000,0.0000,-0.0011
1791179248.8551,0.0200,0.2428,0.0000,0.0000,0.0000,0.0000,0.0000,0.0000,0.1273,0.1258,0.5077,0.5077,0.0000,0.0000,0.0000,-0.0011
1791179248.8751,0.0200,0.1881,0.0000,0.0000,0.0000,0.0000,0.0000,0.0000,0.1273,0.1258,0.5077,0.5077,0.0000,0.0000,0.0000,-0.0011
1791179248.8951,0.0200,0.1856,0.0000,0.0000,0.0000,0.0000,0.0000,0.0000,0.1273,0.1258,0.5077,0.5077,0.0000,0.0000,0.0000,-0.0012
1791179248.9151,0.0200,0.1808,0.0000,0.0000,0.0000,0.0000,0.0000,0.0000,0.1273,0.1258,0.5077,0.5062,0.0000,0.0000,0.0000,-0.0012
1791179248.9351,0.0200,0.2411,0.0000,0.0000,0.0000,0.0000,0.0000,0.0000,0.1273,0.1258,0.5077,0.5077,0.0000,0.0000,0.0000,-0.0012
1791179248.9551,0.0200,0.2104,0.0000,0.0000,0.0000,0.0000,0.0000,0.0000,0.1273,0.1273,0.5077,0.5077,0.0000,0.0000,0.0000,-0.0011
1791179248.9751,0.0200,0.2361,0.0000,0.0000,0.0000,0.0000,0.0000,0.0000,0.1273,0.1258,0.5077,0.5077,0.0000,0.0000,0.0000,-0.0011
1791179248.9951,0.0200,0.2098,0.0000,0.0000,0.0000,0.0000,0.0000,0.0000,0.1273,0.1258,0.5077,0.5077,0.0000,0.0000,0.0000,-0.0011
1791179249.0152,0.0200,0.2398,0.0000,0.0000,0.0000,0.0000,0.0000,0.0000,0.1273,0.1258,0.5077,0.5077,0.0000,0.0000,0.0000,-0.0011
1791179249.0352,0.0200,0.2356,0.0000,0.0000,0.0000,0.0000,0.0000,0.0000,0.1273,0.1258,0.5077,0.5077,0.0000,0.0000,0.0000,-0.0011
1791179249.0552,0.0200,0.2379,0.0000,0.0000,0.0000,0.0000,0.0000,0.0000,0.1273,0.1258,0.5077,0.5077,0.0000,0.0000,0.0000,-0.0012
1791179249.0752,0.0200,0.2264,0.0000,0.0000,0.0000,0.0000,0.0000,0.0000,0.1273,0.1258,0.5077,0.5062,0.0000,0.0000,0.0000,-0.0011
1791179249.0952,0.0200,0.2291,0.0000,0.0000,0.0000,0.0000,0.0000,0.0000,0.1273,0.1258,0.5077,0.5077,0.0000,0.0000,0.0000,-0.0011
1791179249.1151,0.0199,0.2322,0.0000,0.0000,0.0000,0.0000,0.0000,0.0000,0.1273,0.1258,0.5077,0.5077,0.0000,0.0000,0.0000,-0.0012
1791179249.1352,0.0200,0.2505,0.0000,0.0000,0.0000,0.0000,0.0000,0.0000,0.1273,0.1258,0.5077,0.5077,0.0000,0.0000,0.0000,-0.0011
1791179249.1552,0.0200,0.2119,0.0000,0.0000,0.0000,0.0000,0.0000,0.0000,0.1273,0.1258,0.5077,0.5077,0.0000,0.0000,0.0000,-0.0012
1791179249.1752,0.0200,0.2416,0.0000,0.0000,0.0000,0.0000,0.0000,0.0000,0.1273,0.1258,0.5077,0.5062,0.0000,0.0000,0.0000,-0.0011
1791179249.1952,0.0200,0.2776,0.0000,0.0000,0.0000,0.0000,0.0000,0.0000,0.1273,0.1258,0.5077,0.5077,0.0000,0.0000,0.0000,-0.0011
1791179249.2152,0.0200,0.2392,0.0000,0.0000,0.0000,0.0000,0.0000,0.0000,0.1273,0.1273,0.5077,0.5077,0.0000,0.0000,0.0000,-0.0011
1791179249.2352,0.0200,0.1688,0.0000,0.0000,0.0000,0.0000,0.0000,0.0000,0.1273,0.1258,0.5077,0.5077,0.0000,0.0000,0.0000,-0.0011
1791179249.2551,0.0200,0.2569,0.0000,0.0000,0.0000,0.0000,0.0000,0.0000,0.1273,0.1273,0.5077,0.5077,0.0000,0.0000,0.0000,-0.0011
1791179249.2751,0.0200,0.2222,0.0000,0.0000,0.0000,0.0000,0.0000,0.0000,0.1273,0.1258,0.5077,0.5077,0.0000,0.0000,0.0000,-0.0011
1791179249.2952,0.0200,0.2363,0.0000,0.0000,0.0000,0.0000,0.0000,0.0000,0.1273,0.1258,0.5077,0.5077,0.0000,0.0000,0.0000,-0.0011
1791179249.3152,0.0200,0.2278,0.0000,0.0000,0.0000,0.0000,0.0000,0.0000,0.1273,0.1273,0.5077,0.5077,0.0000,0.0000,0.0000,-0.0011
1791179249.3352,0.0200,0.2413,0.0000,0.0000,0.0000,0.0000,0.0000,0.0000,0.1273,0.1258,0.5077,0.5077,0.0000,0.0000,0.0000,-0.0011
1791179249.3552,0.0200,0.2779,0.0000,0.0000,0.0000,0.0000,0.0000,0.0000,0.1273,0.1258,0.5077,0.5077,0.0000,0.0000,0.0000,-0.0011
1791179249.3752,0.0200,0.2634,0.0000,0.0000,0.0000,0.0000,0.0000,0.0000,0.1273,0.1258,0.5077,0.5077,0.0000,0.0000,0.0000,-0.0011
1791179249.3952,0.0200,0.2366,0.0000,0.0000,0.0000,0.0000,0.0000,0.0000,0.1273,0.1258,0.5077,0.5077,0.0000,0.0000,0.0000,-0.0012
1791179249.4152,0.0200,0.1826,0.0000,0.0000,0.0000,0.0000,0.0000,0.0000,0.1273,0.1258,0.5077,0.5077,0.0000,0.0000,0.0000,-0.0011
1791179249.4351,0.0200,0.2243,0.0000,0.0000,0.0000,0.0000,0.0000,0.0000,0.1273,0.1258,0.5077,0.5077,0.0000,0.0000,0.0000,-0.0011
1791179249.4552,0.0200,0.2107,0.0000,0.0000,0.0000,0.0000,0.0000,0.0000,0.1273,0.1258,0.5077,0.5077,0.0000,0.0000,0.0000,-0.0012
1791179249.4751,0.0200,0.2923,0.0000,0.0000,0.0000,0.0000,0.0000,0.0000,0.1273,0.1273,0.5077,0.5077,0.0000,0.0000,0.0000,-0.0011
1791179249.4952,0.0200,0.2230,0.0000,0.0000,0.0000,0.0000,0.0000,0.0000,0.1273,0.1258,0.5077,0.5077,0.0000,0.0000,0.0000,-0.0011
1791179249.5152,0.0200,0.2368,0.0000,0.0000,0.0000,0.0000,0.0000,0.0000,0.1273,0.1258,0.5077,0.5077,0.0000,0.0000,0.0000,-0.0011
1791179249.5352,0.0200,0.2049,0.0000,0.0000,0.0000,0.0000,0.0000,0.0000,0.1273,0.1258,0.5077,0.5077,0.0000,0.0000,0.0000,-0.0011
1791179249.5551,0.0200,0.2210,0.0000,0.0000,0.0000,0.0000,0.0000,0.0000,0.1273,0.1273,0.5077,0.5077,0.0000,0.0000,0.0000,-0.0011
1791179249.5752,0.0200,0.2369,0.0000,0.0000,0.0000,0.0000,0.0000,0.0000,0.1273,0.1258,0.5077,0.5077,0.0000,0.0000,0.0000,-0.0011
1791179249.5952,0.0200,0.2087,0.0000,0.0000,0.0000,0.0000,0.0000,0.0000,0.1273,0.1258,0.5077,0.5077,0.0000,0.0000,0.0000,-0.0011
1791179249.6152,0.0200,0.2400,0.0000,0.0000,0.0000,0.0000,0.0000,0.0000,0.1273,0.1258,0.5077,0.5077,0.0000,0.0000,0.0000,-0.0012
1791179249.6352,0.0200,0.2346,0.0000,0.0000,0.0000,0.0000,0.0000,0.0000,0.1273,0.1258,0.5077,0.5077,0.0000,0.0000,0.0000,-0.0012
1791179249.6552,0.0200,0.2363,0.0000,0.0000,0.0000,0.0000,0.0000,0.0000,0.1273,0.1258,0.5077,0.5062,0.0000,0.0000,0.0000,-0.0012
1791179249.6752,0.0200,0.2394,0.0000,0.0000,0.0000,0.0000,0.0000,0.0000,0.1273,0.1258,0.5077,0.5077,0.0000,0.0000,0.0000,-0.0011
1791179249.6952,0.0200,0.2552,0.0000,0.0000,0.0000,0.0000,0.0000,0.0000,0.1273,0.1258,0.5077,0.5077,0.0000,0.0000,0.0000,-0.0011
1791179249.7152,0.0200,0.2544,0.0000,0.0000,0.0000,0.0000,0.0000,0.0000,0.1273,0.1273,0.5077,0.5077,0.0000,0.0000,0.0000,-0.0011
1791179249.7352,0.0200,0.2555,0.0000,0.0000,0.0000,0.0000,0.0000,0.0000,0.1273,0.1258,0.5077,0.5077,0.0000,0.0000,0.0000,-0.0012
1791179249.7552,0.0200,0.2595,0.0000,0.0000,0.0000,0.0000,0.0000,0.0000,0.1273,0.1258,0.5077,0.5077,0.0000,0.0000,0.0000,-0.0011
1791179249.7752,0.0200,0.2546,0.0000,0.0000,0.0000,0.0000,0.0000,0.0000,0.1273,0.1258,0.5077,0.5077,0.0000,0.0000,0.0000,-0.0011
1791179249.7951,0.0200,0.1861,0.0000,0.0000,0.0000,0.0000,0.0000,0.0000,0.1273,0.1273,0.5077,0.5077,0.0000,0.0000,0.0000,-0.0012
1791179249.8151,0.0200,0.2477,0.0000,0.0000,0.0000,0.0000,0.0000,0.0000,0.1273,0.1258,0.5077,0.5077,0.0000,0.0000,0.0000,-0.0011
1791179249.8351,0.0200,0.1672,0.0000,0.0000,0.0000,0.0000,0.0000,0.0000,0.1273,0.1273,0.5077,0.5077,0.0000,0.0000,0.0000,-0.0011
1791179249.8551,0.0200,0.1845,0.0000,0.0000,0.0000,0.0000,0.0000,0.0000,0.1273,0.1258,0.5077,0.5077,0.0000,0.0000,0.0000,-0.0011
1791179249.8751,0.0200,0.1938,0.0000,0.0000,0.0000,0.0000,0.0000,0.0000,0.1273,0.1258,0.5077,0.5077,0.0000,0.0000,0.0000,-0.0012
1791179249.8951,0.0200,0.1884,0.0000,0.0000,0.0000,0.0000,0.0000,0.0000,0.1273,0.1258,0.5077,0.5077,0.0000,0.0000,0.0000,-0.0014
1791179249.9151,0.0200,0.2369,0.0000,0.0000,0.0000,0.0000,0.0000,0.0000,0.1273,0.1258,0.5077,0.5077,0.0000,0.0000,0.0000,-0.0011
1791179249.9351,0.0200,0.2088,0.0000,0.0000,0.0000,0.0000,0.0000,0.0000,0.1273,0.1273,0.5077,0.5077,0.0000,0.0000,0.0000,-0.0011
1791179249.9551,0.0200,0.2090,0.0000,0.0000,0.0000,0.0000,0.0000,0.0000,0.1273,0.1258,0.5077,0.5077,0.0000,0.0000,0.0000,-0.0012
1791179249.9751,0.0200,0.2387,0.0000,0.0000,0.0000,0.0000,0.0000,0.0000,0.1273,0.1273,0.5077,0.5077,0.0000,0.0000,0.0000,-0.0011
1791179249.9952,0.0200,0.2279,0.0000,0.0000,0.0000,0.0000,0.0000,0.0000,0.1273,0.1258,0.5077,0.5077,0.0000,0.0000,0.0000,-0.0011
1791179250.0152,0.0200,0.2242,0.0000,0.0000,0.0000,0.0000,0.0000,0.0000,0.1273,0.1258,0.5077,0.5077,0.0000,0.0000,0.0000,-0.0012
1791179250.0352,0.0200,0.2277,0.0000,0.0000,0.0000,0.0000,0.0000,0.0000,0.1273,0.1258,0.5077,0.5077,0.0000,0.0000,0.0000,-0.0011
1791179250.0552,0.0200,0.2373,0.0000,0.0000,0.0000,0.0000,0.0000,0.0000,0.1273,0.1258,0.5077,0.5077,0.0000,0.0000,0.0000,-0.0011
1791179250.0752,0.0200,0.2301,0.0000,0.0000,0.0000,0.0000,0.0000,0.0000,0.1273,0.1258,0.5077,0.5077,0.0000,0.0000,0.0000,-0.0011
1791179250.0952,0.0200,0.2268,0.0000,0.0000,0.0000,0.0000,0.0000,0.0000,0.1273,0.1258,0.5077,0.5077,0.0000,0.0000,0.0000,-0.0012
1791179250.1152,0.0200,0.2252,0.0000,0.0000,0.0000,0.0000,0.0000,0.0000,0.1273,0.1258,0.5077,0.5077,0.0000,0.0000,0.0000,-0.0012
1791179250.1352,0.0200,0.2396,0.0000,0.0000,0.0000,0.0000,0.0000,0.0000,0.1273,0.1273,0.5077,0.5077,0.0000,0.0000,0.0000,-0.0011
1791179250.1551,0.0200,0.2146,0.0000,0.0000,0.0000,0.0000,0.0000,0.0000,0.1273,0.1258,0.5077,0.5077,0.0000,0.0000,0.0000,-0.0011
1791179250.1752,0.0200,0.2417,0.0000,0.0000,0.0000,0.0000,0.0000,0.0000,0.1273,0.1258,0.5077,0.5077,0.0000,0.0000,0.0000,-0.0012
1791179250.1952,0.0200,0.2405,0.0000,0.0000,0.0000,0.0000,0.0000,0.0000,0.1273,0.1258,0.5077,0.5077,0.0000,0.0000,0.0000,-0.0011
1791179250.2152,0.0200,0.2101,0.0000,0.0000,0.0000,0.0000,0.0000,0.0000,0.1273,0.1258,0.5077,0.5077,0.0000,0.0000,0.0000,-0.0011
1791179250.2352,0.0200,0.1979,0.0000,0.0000,0.0000,0.0000,0.0000,0.0000,0.1273,0.1258,0.5077,0.5062,0.0000,0.0000,0.0000,-0.0012
1791179250.2551,0.0200,0.2940,0.0000,0.0000,0.0000,0.0000,0.0000,0.0000,0.1273,0.1258,0.5077,0.5077,0.0000,0.0000,0.0000,-0.0012
1791179250.2752,0.0200,0.2428,0.0000,0.0000,0.0000,0.0000,0.0000,0.0000,0.1273,0.1258,0.5077,0.5077,0.0000,0.0000,0.0000,-0.0011
1791179250.2952,0.0200,0.2270,0.0000,0.0000,0.0000,0.0000,0.0000,0.0000,0.1273,0.1258,0.5077,0.5062,0.0000,0.0000,0.0000,-0.0012
1791179250.3152,0.0200,0.1816,0.0000,0.0000,0.0000,0.0000,0.0000,0.0000,0.1273,0.1258,0.5077,0.5077,0.0000,0.0000,0.0000,-0.0012
1791179250.3351,0.0200,0.1850,0.0000,0.0000,0.0000,0.0000,0.0000,0.0000,0.1273,0.1258,0.5077,0.5077,0.0000,0.0000,0.0000,-0.0011
1791179250.3552,0.0200,0.3320,0.0000,0.0000,0.0000,0.0000,0.0000,0.0000,0.1273,0.1258,0.5077,0.5077,0.0000,0.0000,0.0000,-0.0014
1791179250.3752,0.0200,0.2787,0.0000,0.0000,0.0000,0.0000,0.0000,0.0000,0.1273,0.1258,0.5077,0.5077,0.0000,0.0000,0.0000,-0.0011
1791179250.3952,0.0200,0.2129,0.0000,0.0000,0.0000,0.0000,0.0000,0.0000,0.1273,0.1258,0.5077,0.5077,0.0000,0.0000,0.0000,-0.0012
1791179250.4152,0.0200,0.2310,0.0000,0.0000,0.0000,0.0000,0.0000,0.0000,0.1273,0.1258,0.5077,0.5077,0.0000,0.0000,0.0000,-0.0011
1791179250.4352,0.0200,0.1992,0.0000,0.0000,0.0000,0.0000,0.0000,0.0000,0.1273,0.1258,0.5077,0.5077,0.0000,0.0000,0.0000,-0.0011
1791179250.4551,0.0200,0.2128,0.0000,0.0000,0.0000,0.0000,0.0000,0.0000,0.1273,0.1273,0.5077,0.5077,0.0000,0.0000,0.0000,-0.0011
1791179250.4753,0.0201,0.3268,0.0000,0.0000,0.0000,0.0000,0.0000,0.0000,0.1273,0.1258,0.5077,0.5077,0.0000,0.0000,0.0000,-0.0012
1791179250.4952,0.0199,0.2176,0.0000,0.0000,0.0000,0.0000,0.0000,0.0000,0.1273,0.1258,0.5077,0.5077,0.0000,0.0000,0.0000,-0.0012
1791179250.5152,0.0200,0.2519,0.0000,0.0000,0.0000,0.0000,0.0000,0.0000,0.1273,0.1258,0.5077,0.5077,0.0000,0.0000,0.0000,-0.0011
1791179250.5352,0.0200,0.2451,0.0000,0.0000,0.0000,0.0000,0.0000,0.0000,0.1273,0.1258,0.5077,0.5077,0.0000,0.0000,0.0000,-0.0011
1791179250.5552,0.0200,0.2501,0.0000,0.0000,0.0000,0.0000,0.0000,0.0000,0.1273,0.1258,0.5077,0.5077,0.0000,0.0000,0.0000,-0.0011
1791179250.5752,0.0200,0.3426,0.0000,0.0000,0.0000,0.0000,0.0000,0.0000,0.1273,0.1273,0.5077,0.5077,0.0000,0.0000,0.0000,-0.0011
1791179250.5952,0.0200,0.2477,0.0000,0.0000,0.0000,0.0000,0.0000,0.0000,0.1273,0.1258,0.5077,0.5077,0.0000,0.0000,0.0000,-0.0012
1791179250.6152,0.0200,0.2419,0.0000,0.0000,0.0000,0.0000,0.0000,0.0000,0.1273,0.1258,0.5077,0.5077,0.0000,0.0000,0.0000,-0.0011
1791179250.6352,0.0200,0.2360,0.0000,0.0000,0.0000,0.0000,0.0000,0.0000,0.1273,0.1258,0.5077,0.5077,0.0000,0.0000,0.0000,-0.0011
1791179250.6552,0.0200,0.2541,0.0000,0.0000,0.0000,0.0000,0.0000,0.0000,0.1273,0.1258,0.5077,0.5077,0.0000,0.0000,0.0000,-0.0011
1791179250.6752,0.0200,0.2345,0.0000,0.0000,0.0000,0.0000,0.0000,0.0000,0.1273,0.1258,0.5077,0.5077,0.0000,0.0000,0.0000,-0.0011
1791179250.6952,0.0200,0.2300,0.0000,0.0000,0.0000,0.0000,0.0000,0.0000,0.1273,0.1273,0.5077,0.5077,0.0000,0.0000,0.0000,-0.0011
1791179250.7152,0.0200,0.2455,0.0000,0.0000,0.0000,0.0000,0.0000,0.0000,0.1273,0.1273,0.5077,0.5077,0.0000,0.0000,0.0000,-0.0011
1791179250.7352,0.0200,0.2388,0.0000,0.0000,0.0000,0.0000,0.0000,0.0000,0.1273,0.1258,0.5077,0.5077,0.0000,0.0000,0.0000,-0.0011
1791179250.7552,0.0200,0.2444,0.0000,0.0000,0.0000,0.0000,0.0000,0.0000,0.1273,0.1258,0.5077,0.5077,0.0000,0.0000,0.0000,-0.0011
1791179250.7752,0.0200,0.2509,0.0000,0.0000,0.0000,0.0000,0.0000,0.0000,0.1273,0.1258,0.5077,0.5077,0.0000,0.0000,0.0000,-0.0011
1791179250.7951,0.0200,0.1650,0.0000,0.0000,0.0000,0.0000,0.0000,0.0000,0.1273,0.1273,0.5077,0.5077,0.0000,0.0000,0.0000,-0.0011
1791179250.8151,0.0200,0.2426,0.0000,0.0000,0.0000,0.0000,0.0000,0.0000,0.1273,0.1258,0.5077,0.5077,0.0000,0.0000,0.0000,-0.0012
1791179250.8351,0.0200,0.1727,0.0000,0.0000,0.0000,0.0000,0.0000,0.0000,0.1273,0.1258,0.5077,0.5062,0.0000,0.0000,0.0000,-0.0012
1791179250.8551,0.0200,0.2475,0.0000,0.0000,0.0000,0.0000,0.0000,0.0000,0.1273,0.1258,0.5077,0.5077,0.0000,0.0000,0.0000,-0.0012
1791179250.8751,0.0200,0.2201,0.0000,0.0000,0.0000,0.0000,0.0000,0.0000,0.1273,0.1273,0.5077,0.5077,0.0000,0.0000,0.0000,-0.0011
1791179250.8951,0.0200,0.1864,0.0000,0.0000,0.0000,0.0000,0.0000,0.0000,0.1273,0.1258,0.5077,0.5077,0.0000,0.0000,0.0000,-0.0012
1791179250.9151,0.0200,0.2415,0.0000,0.0000,0.0000,0.0000,0.0000,0.0000,0.1273,0.1258,0.5077,0.5077,0.0000,0.0000,0.0000,-0.0012
1791179250.9351,0.0200,0.2116,0.0000,0.0000,0.0000,0.0000,0.0000,0.0000,0.1273,0.1258,0.5077,0.5077,0.0000,0.0000,0.0000,-0.0011
1791179250.9552,0.0200,0.2253,0.0000,0.0000,0.0000,0.0000,0.0000,0.0000,0.1273,0.1273,0.5077,0.5077,0.0000,0.0000,0.0000,-0.0012
1791179250.9752,0.0200,0.2331,0.0000,0.0000,0.0000,0.0000,0.0000,0.0000,0.1273,0.1258,0.5077,0.5077,0.0000,0.0000,0.0000,-0.0012
1791179250.9952,0.0200,0.2271,0.0000,0.0000,0.0000,0.0000,0.0000,0.0000,0.1273,0.1258,0.5077,0.5077,0.0000,0.0000,0.0000,-0.0012
1791179251.0152,0.0200,0.2248,0.0000,0.0000,0.0000,0.0000,0.0000,0.0000,0.1273,0.1258,0.5077,0.5062,0.0000,0.0000,0.0000,-0.0011
1791179251.0352,0.0200,0.2220,0.0000,0.0000,0.0000,0.0000,0.0000,0.0000,0.1273,0.1273,0.5077,0.5077,0.0000,0.0000,0.0000,-0.0012
1791179251.0552,0.0200,0.2263,0.0000,0.0000,0.0000,0.0000,0.0000,0.0000,0.1273,0.1273,0.5077,0.5077,0.0000,0.0000,0.0000,-0.0012
1791179251.0752,0.0200,0.2235,0.0000,0.0000,0.0000,0.0000,0.0000,0.0000,0.1273,0.1258,0.5077,0.5077,0.0000,0.0000,0.0000,-0.0012
1791179251.0952,0.0200,0.2346,0.0000,0.0000,0.0000,0.0000,0.0000,0.0000,0.1273,0.1258,0.5077,0.5077,0.0000,0.0000,0.0000,-0.0012
1791179251.1152,0.0200,0.2296,0.0000,0.0000,0.0000,0.0000,0.0000,0.0000,0.1273,0.1258,0.5077,0.5062,0.0000,0.0000,0.0000,-0.0011
1791179251.1352,0.0200,0.2268,0.0000,0.0000,0.0000,0.0000,0.0000,0.0000,0.1273,0.1273,0.5077,0.5077,0.0000,0.0000,0.0000,-0.0011
1791179251.1552,0.0200,0.2718,0.0000,0.0000,0.0000,0.0000,0.0000,0.0000,0.1273,0.1258,0.5077,0.5077,0.0000,0.0000,0.0000,-0.0012
1791179251.1752,0.0200,0.1920,0.0000,0.0000,0.0000,0.0000,0.0000,0.0000,0.1273,0.1258,0.5077,0.5077,0.0000,0.0000,0.0000,-0.0012
1791179251.1952,0.0200,0.2406,0.0000,0.0000,0.0000,0.0000,0.0000,0.0000,0.1273,0.1258,0.5077,0.5077,0.0000,0.0000,0.0000,-0.0011
1791179251.2152,0.0200,0.2165,0.0000,0.0000,0.0000,0.0000,0.0000,0.0000,0.1273,0.1258,0.5077,0.5077,0.0000,0.0000,0.0000,-0.0011
1791179251.2352,0.0200,0.2345,0.0000,0.0000,0.0000,0.0000,0.0000,0.0000,0.1273,0.1258,0.5077,0.5077,0.0000,0.0000,0.0000,-0.0011
1791179251.2552,0.0200,0.2020,0.0000,0.0000,0.0000,0.0000,0.0000,0.0000,0.1273,0.1273,0.5077,0.5077,0.0000,0.0000,0.0000,-0.0012
1791179251.2751,0.0199,0.1881,0.0000,0.0000,0.0000,0.0000,0.0000,0.0000,0.1273,0.1258,0.5077,0.5077,0.0000,0.0000,0.0000,-0.0012
1791179251.2952,0.0200,0.3402,0.0000,0.0000,0.0000,0.0000,0.0000,0.0000,0.1273,0.1258,0.5077,0.5077,0.0000,0.0000,0.0000,-0.0011
1791179251.3152,0.0200,0.2111,0.0000,0.0000,0.0000,0.0000,0.0000,0.0000,0.1273,0.1258,0.5077,0.5077,0.0000,0.0000,0.0000,-0.0011
1791179251.3352,0.0200,0.2327,0.0000,0.0000,0.0000,0.0000,0.0000,0.0000,0.1273,0.1258,0.5077,0.5077,0.0000,0.0000,0.0000,-0.0012
1791179251.3552,0.0200,0.2358,0.0000,0.0000,0.0000,0.0000,0.0000,0.0000,0.1273,0.1258,0.5077,0.5077,0.0000,0.0000,0.0000,-0.0011
1791179251.3752,0.0200,0.2004,0.0000,0.0000,0.0000,0.0000,0.0000,0.0000,0.1273,0.1258,0.5077,0.5077,0.0000,0.0000,0.0000,-0.0012
1791179251.3951,0.0199,0.2235,0.0000,0.0000,0.0000,0.0000,0.0000,0.0000,0.1273,0.1273,0.5077,0.5077,0.0000,0.0000,0.0000,-0.0011
1791179251.4152,0.0200,0.2400,0.0000,0.0000,0.0000,0.0000,0.0000,0.0000,0.1273,0.1273,0.5077,0.5077,0.0000,0.0000,0.0000,-0.0012
1791179251.4352,0.0200,0.2098,0.0000,0.0000,0.0000,0.0000,0.0000,0.0000,0.1273,0.1258,0.5077,0.5077,0.0000,0.0000,0.0000,-0.0011
1791179251.4552,0.0200,0.2403,0.0000,0.0000,0.0000,0.0000,0.0000,0.0000,0.1273,0.1258,0.5077,0.5077,0.0000,0.0000,0.0000,-0.0012
1791179251.4752,0.0200,0.2402,0.0000,0.0000,0.0000,0.0000,0.0000,0.0000,0.1273,0.1258,0.5077,0.5077,0.0000,0.0000,0.0000,-0.0011
1791179251.4952,0.0200,0.2067,0.0000,0.0000,0.0000,0.0000,0.0000,0.0000,0.1273,0.1258,0.5077,0.5077,0.0000,0.0000,0.0000,-0.0011
1791179251.5151,0.0200,0.2171,0.0000,0.0000,0.0000,0.0000,0.0000,0.0000,0.1273,0.1258,0.5077,0.5077,0.0000,0.0000,0.0000,-0.0012
1791179251.5352,0.0200,0.2089,0.0000,0.0000,0.0000,0.0000,0.0000,0.0000,0.1273,0.1273,0.5077,0.5062,0.0000,0.0000,0.0000,-0.0011
1791179251.5552,0.0200,0.2415,0.0000,0.0000,0.0000,0.0000,0.0000,0.0000,0.1273,0.1258,0.5077,0.5077,0.0000,0.0000,0.0000,-0.0011
1791179251.5752,0.0200,0.3282,0.0000,0.0000,0.0000,0.0000,0.0000,0.0000,0.1273,0.1258,0.5077,0.5077,0.0000,0.0000,0.0000,-0.0011
1791179251.5952,0.0200,0.2383,0.0000,0.0000,0.0000,0.0000,0.0000,0.0000,0.1273,0.1273,0.5077,0.5077,0.0000,0.0000,0.0000,-0.0011
1791179251.6152,0.0200,0.2364,0.0000,0.0000,0.0000,0.0000,0.0000,0.0000,0.1273,0.1258,0.5077,0.5077,0.0000,0.0000,0.0000,-0.0011
1791179251.6352,0.0200,0.2460,0.0000,0.0000,0.0000,0.0000,0.0000,0.0000,0.1273,0.1258,0.5077,0.5077,0.0000,0.0000,0.0000,-0.0012
1791179251.6552,0.0200,0.2424,0.0000,0.0000,0.0000,0.0000,0.0000,0.0000,0.1273,0.1273,0.5077,0.5077,0.0000,0.0000,0.0000,-0.0012
1791179251.6752,0.0200,0.2432,0.0000,0.0000,0.0000,0.0000,0.0000,0.0000,0.1273,0.1258,0.5077,0.5077,0.0000,0.0000,0.0000,-0.0012
1791179251.6952,0.0200,0.2396,0.0000,0.0000,0.0000,0.0000,0.0000,0.0000,0.1273,0.1258,0.5077,0.5077,0.0000,0.0000,0.0000,-0.0011
1791179251.7152,0.0200,0.2403,0.0000,0.0000,0.0000,0.0000,0.0000,0.0000,0.1273,0.1258,0.5077,0.5077,0.0000,0.0000,0.0000,-0.0012
1791179251.7351,0.0200,0.1899,0.0000,0.0000,0.0000,0.0000,0.0000,0.0000,0.1273,0.1258,0.5077,0.5062,0.0000,0.0000,0.0000,-0.0011
1791179251.7551,0.0200,0.2424,0.0000,0.0000,0.0000,0.0000,0.0000,0.0000,0.1273,0.1273,0.5077,0.5077,0.0000,0.0000,0.0000,-0.0011
1791179251.7751,0.0200,0.1636,0.0000,0.0000,0.0000,0.0000,0.0000,0.0000,0.1273,0.1273,0.5077,0.5077,0.0000,0.0000,0.0000,-0.0011
1791179251.7951,0.0200,0.2392,0.0000,0.0000,0.0000,0.0000,0.0000,0.0000,0.1273,0.1273,0.5077,0.5077,0.0000,0.0000,0.0000,-0.0011
1791179251.8151,0.0200,0.1634,0.0000,0.0000,0.0000,0.0000,0.0000,0.0000,0.1273,0.1258,0.5077,0.5077,0.0000,0.0000,0.0000,-0.0011
1791179251.8351,0.0200,0.2419,0.0000,0.0000,0.0000,0.0000,0.0000,0.0000,0.1273,0.1258,0.5077,0.5077,0.0000,0.0000,0.0000,-0.0011
1791179251.8551,0.0200,0.2107,0.0000,0.0000,0.0000,0.0000,0.0000,0.0000,0.1273,0.1258,0.5077,0.5077,0.0000,0.0000,0.0000,-0.0011
1791179251.8752,0.0200,0.2407,0.0000,0.0000,0.0000,0.0000,0.0000,0.0000,0.1273,0.1273,0.5077,0.5077,0.0000,0.0000,0.0000,-0.0011
1791179251.8951,0.0200,0.2093,0.0000,0.0000,0.0000,0.0000,0.0000,0.0000,0.1273,0.1258,0.5077,0.5077,0.0000,0.0000,0.0000,-0.0012
1791179251.9152,0.0200,0.2166,0.0000,0.0000,0.0000,0.0000,0.0000,0.0000,0.1273,0.1258,0.5077,0.5077,0.0000,0.0000,0.0000,-0.0011
1791179251.9352,0.0200,0.2268,0.0000,0.0000,0.0000,0.0000,0.0000,0.0000,0.1273,0.1258,0.5077,0.5077,0.0000,0.0000,0.0000,-0.0012
1791179251.9552,0.0200,0.2093,0.0000,0.0000,0.0000,0.0000,0.0000,0.0000,0.1273,0.1258,0.5077,0.5077,0.0000,0.0000,0.0000,-0.0012
1791179251.9752,0.0200,0.2319,0.0000,0.0000,0.0000,0.0000,0.0000,0.0000,0.1273,0.1273,0.5077,0.5077,0.0000,0.0000,0.0000,-0.0012
1791179251.9952,0.0200,0.2293,0.0000,0.0000,0.0000,0.0000,0.0000,0.0000,0.1273,0.1258,0.5077,0.5077,0.0000,0.0000,0.0000,-0.0011
1791179252.0152,0.0200,0.2290,0.0000,0.0000,0.0000,0.0000,0.0000,0.0000,0.1273,0.1273,0.5077,0.5077,0.0000,0.0000,0.0000,-0.0011
1791179252.0352,0.0200,0.1641,0.0000,0.0000,0.0000,0.0000,0.0000,0.0000,0.1273,0.1258,0.5077,0.5077,0.0000,0.0000,0.0000,-0.0011
1791179252.0551,0.0200,0.2407,0.0000,0.0000,0.0000,0.0000,0.0000,0.0000,0.1273,0.1258,0.5077,0.5077,0.0000,0.0000,0.0000,-0.0012
1791179252.0752,0.0200,0.2256,0.0000,0.0000,0.0000,0.0000,0.0000,0.0000,0.1273,0.1258,0.5077,0.5077,0.0000,0.0000,0.0000,-0.0012
1791179252.0952,0.0200,0.1681,0.0000,0.0000,0.0000,0.0000,0.0000,0.0000,0.1273,0.1258,0.5077,0.5077,0.0000,0.0000,0.0000,-0.0012
1791179252.1152,0.0200,0.2381,0.0000,0.0000,0.0000,0.0000,0.0000,0.0000,0.1273,0.1258,0.5077,0.5077,0.0000,0.0000,0.0000,-0.0011
1791179252.1352,0.0200,0.2271,0.0000,0.0000,0.0000,0.0000,0.0000,0.0000,0.1273,0.1258,0.5077,0.5077,0.0000,0.0000,0.0000,-0.0011
1791179252.1552,0.0200,0.2301,0.0000,0.0000,0.0000,0.0000,0.0000,0.0000,0.1273,0.1258,0.5077,0.5077,0.0000,0.0000,0.0000,-0.0011
1791179252.1752,0.0200,0.1768,0.0000,0.0000,0.0000,0.0000,0.0000,0.0000,0.1273,0.1258,0.5077,0.5077,0.0000,0.0000,0.0000,-0.0011
1791179252.1951,0.0200,0.2141,0.0000,0.0000,0.0000,0.0000,0.0000,0.0000,0.1273,0.1258,0.5077,0.5077,0.0000,0.0000,0.0000,-0.0012
1791179252.2152,0.0200,0.2342,0.0000,0.0000,0.0000,0.0000,0.0000,0.0000,0.1273,0.1258,0.5077,0.5077,0.0000,0.0000,0.0000,-0.0012
1791179252.2352,0.0200,0.1929,0.0000,0.0000,0.0000,0.0000,0.0000,0.0000,0.1273,0.1258,0.5077,0.5077,0.0000,0.0000,0.0000,-0.0011
1791179252.2551,0.0199,0.1834,0.0000,0.0000,0.0000,0.0000,0.0000,0.0000,0.1273,0.1258,0.5077,0.5077,0.0000,0.0000,0.0000,-0.0011
1791179252.2752,0.0200,0.2452,0.0000,0.0000,0.0000,0.0000,0.0000,0.0000,0.1273,0.1258,0.5077,0.5077,0.0000,0.0000,0.0000,-0.0011
1791179252.2952,0.0200,0.2336,0.0000,0.0000,0.0000,0.0000,0.0000,0.0000,0.1273,0.1258,0.5077,0.5077,0.0000,0.0000,0.0000,-0.0011
1791179252.3152,0.0200,0.3334,0.0000,0.0000,0.0000,0.0000,0.0000,0.0000,0.1273,0.1273,0.5077,0.5077,0.0000,0.0000,0.0000,-0.0012
1791179252.3352,0.0200,0.2994,0.0000,0.0000,0.0000,0.0000,0.0000,0.0000,0.1273,0.1258,0.5077,0.5077,0.0000,0.0000,0.0000,-0.0011
1791179252.3552,0.0200,0.2091,0.0000,0.0000,0.0000,0.0000,0.0000,0.0000,0.1273,0.1258,0.5077,0.5077,0.0000,0.0000,0.0000,-0.0011
1791179252.3751,0.0199,0.1904,0.0000,0.0000,0.0000,0.0000,0.0000,0.0000,0.1273,0.1258,0.5077,0.5077,0.0000,0.0000,0.0000,-0.0011
1791179252.3952,0.0200,0.2429,0.0000,0.0000,0.0000,0.0000,0.0000,0.0000,0.1273,0.1258,0.5077,0.5077,0.0000,0.0000,0.0000,-0.0011
1791179252.4152,0.0200,0.3211,0.0000,0.0000,0.0000,0.0000,0.0000,0.0000,0.1273,0.1273,0.5077,0.5077,0.0000,0.0000,0.0000,-0.0011
1791179252.4352,0.0200,0.2031,0.0000,0.0000,0.0000,0.0000,0.0000,0.0000,0.1273,0.1258,0.5077,0.5077,0.0000,0.0000,0.0000,-0.0012
1791179252.4551,0.0200,0.2717,0.0000,0.0000,0.0000,0.0000,0.0000,0.0000,0.1273,0.1258,0.5077,0.5077,0.0000,0.0000,0.0000,-0.0012
1791179252.4752,0.0200,0.2448,0.0000,0.0000,0.0000,0.0000,0.0000,0.0000,0.1273,0.1273,0.5077,0.5077,0.0000,0.0000,0.0000,-0.0012
1791179252.4952,0.0200,0.2378,0.0000,0.0000,0.0000,0.0000,0.0000,0.0000,0.1273,0.1258,0.5077,0.5077,0.0000,0.0000,0.0000,-0.0011
1791179252.5152,0.0200,0.3205,0.0000,0.0000,0.0000,0.0000,0.0000,0.0000,0.1273,0.1258,0.5077,0.5077,0.0000,0.0000,0.0000,-0.0012
1791179252.5352,0.0200,0.2425,0.0000,0.0000,0.0000,0.0000,0.0000,0.0000,0.1273,0.1258,0.5077,0.5077,0.0000,0.0000,0.0000,-0.0011
1791179252.5552,0.0200,0.2117,0.0000,0.0000,0.0000,0.0000,0.0000,0.0000,0.1273,0.1258,0.5077,0.5077,0.0000,0.0000,0.0000,-0.0011
1791179252.5752,0.0200,0.2306,0.0000,0.0000,0.0000,0.0000,0.0000,0.0000,0.1273,0.1258,0.5077,0.5077,0.0000,0.0000,0.0000,-0.0011
1791179252.5952,0.0200,0.2347,0.0000,0.0000,0.0000,0.0000,0.0000,0.0000,0.1273,0.1258,0.5077,0.5077,0.0000,0.0000,0.0000,-0.0011
1791179252.6152,0.0200,0.2372,0.0000,0.0000,0.0000,0.0000,0.0000,0.0000,0.1273,0.1258,0.5077,0.5077,0.0000,0.0000,0.0000,-0.0012
1791179252.6352,0.0200,0.2344,0.0000,0.0000,0.0000,0.0000,0.0000,0.0000,0.1273,0.1258,0.5077,0.5077,0.0000,0.0000,0.0000,-0.0011
1791179252.6552,0.0200,0.2349,0.0000,0.0000,0.0000,0.0000,0.0000,0.0000,0.1273,0.1273,0.5077,0.5077,0.0000,0.0000,0.0000,-0.0011
1791179252.6752,0.0200,0.2402,0.0000,0.0000,0.0000,0.0000,0.0000,0.0000,0.1273,0.1258,0.5077,0.5077,0.0000,0.0000,0.0000,-0.0011
1791179252.6952,0.0200,0.2464,0.0000,0.0000,0.0000,0.0000,0.0000,0.0000,0.1273,0.1258,0.5077,0.5077,0.0000,0.0000,0.0000,-0.0011
1791179252.7151,0.0200,0.1644,0.0000,0.0000,0.0000,0.0000,0.0000,0.0000,0.1273,0.1258,0.5077,0.5077,0.0000,0.0000,0.0000,-0.0011
1791179252.7351,0.0200,0.2377,0.0000,0.0000,0.0000,0.0000,0.0000,0.0000,0.1273,0.1258,0.5077,0.5077,0.0000,0.0000,0.0000,-0.0012
1791179252.7551,0.0200,0.1730,0.0000,0.0000,0.0000,0.0000,0.0000,0.0000,0.1273,0.1258,0.5077,0.5062,0.0000,0.0000,0.0000,-0.0011
1791179252.7751,0.0200,0.2438,0.0000,0.0000,0.0000,0.0000,0.0000,0.0000,0.1273,0.1258,0.5077,0.5077,0.0000,0.0000,0.0000,-0.0012
1791179252.7951,0.0200,0.1661,0.0000,0.0000,0.0000,0.0000,0.0000,0.0000,0.1273,0.1273,0.5077,0.5077,0.0000,0.0000,0.0000,-0.0011
1791179252.8152,0.0200,0.2411,0.0000,0.0000,0.0000,0.0000,0.0000,0.0000,0.1273,0.1258,0.5077,0.5077,0.0000,0.0000,0.0000,-0.0011
1791179252.8352,0.0200,0.2636,0.0000,0.0000,0.0000,0.0000,0.0000,0.0000,0.1273,0.1258,0.5077,0.5077,0.0000,0.0000,0.0000,-0.0011
1791179252.8552,0.0200,0.2053,0.0000,0.0000,0.0000,0.0000,0.0000,0.0000,0.1273,0.1258,0.5077,0.5077,0.0000,0.0000,0.0000,-0.0011
1791179252.8752,0.0200,0.2014,0.0000,0.0000,0.0000,0.0000,0.0000,0.0000,0.1273,0.1258,0.5077,0.5077,0.0000,0.0000,0.0000,-0.0011
1791179252.8951,0.0199,0.1713,0.0000,0.0000,0.0000,0.0000,0.0000,0.0000,0.1273,0.1258,0.5077,0.5077,0.0000,0.0000,0.0000,-0.0012
1791179252.9152,0.0200,0.2422,0.0000,0.0000,0.0000,0.0000,0.0000,0.0000,0.1273,0.1258,0.5077,0.5077,0.0000,0.0000,0.0000,-0.0012
1791179252.9352,0.0200,0.2492,0.0000,0.0000,0.0000,0.0000,0.0000,0.0000,0.1273,0.1258,0.5077,0.5062,0.0000,0.0000,0.0000,-0.0012
1791179252.9552,0.0200,0.2015,0.0000,0.0000,0.0000,0.0000,0.0000,0.0000,0.1273,0.1258,0.5077,0.5077,0.0000,0.0000,0.0000,-0.0011
1791179252.9752,0.0200,0.2064,0.0000,0.0000,0.0000,0.0000,0.0000,0.0000,0.1273,0.1258,0.5077,0.5077,0.0000,0.0000,0.0000,-0.0011
1791179252.9952,0.0200,0.1747,0.0000,0.0000,0.0000,0.0000,0.0000,0.0000,0.1273,0.1258,0.5077,0.5077,0.0000,0.0000,0.0000,-0.0011
1791179253.0151,0.0200,0.1627,0.0000,0.0000,0.0000,0.0000,0.0000,0.0000,0.1273,0.1258,0.5077,0.5077,0.0000,0.0000,0.0000,-0.0012
1791179253.0352,0.0200,0.2578,0.0000,0.0000,0.0000,0.0000,0.0000,0.0000,0.1273,0.1258,0.5077,0.5077,0.0000,0.0000,0.0000,-0.0011
1791179253.0552,0.0200,0.2075,0.0000,0.0000,0.0000,0.0000,0.0000,0.0000,0.1273,0.1273,0.5077,0.5077,0.0000,0.0000,0.0000,-0.0011
1791179253.0752,0.0200,0.2146,0.0000,0.0000,0.0000,0.0000,0.0000,0.0000,0.1273,0.1258,0.5077,0.5077,0.0000,0.0000,0.0000,-0.0011
1791179253.0952,0.0200,0.2366,0.0000,0.0000,0.0000,0.0000,0.0000,0.0000,0.1273,0.1258,0.5077,0.5077,0.0000,0.0000,0.0000,-0.0011
1791179253.1152,0.0200,0.1855,0.0000,0.0000,0.0000,0.0000,0.0000,0.0000,0.1273,0.1258,0.5077,0.5077,0.0000,0.0000,0.0000,-0.0011
1791179253.1351,0.0200,0.1880,0.0000,0.0000,0.0000,0.0000,0.0000,0.0000,0.1273,0.1258,0.5077,0.5077,0.0000,0.0000,0.0000,-0.0011
1791179253.1551,0.0200,0.2354,0.0000,0.0000,0.0000,0.0000,0.0000,0.0000,0.1273,0.1258,0.5077,0.5077,0.0000,0.0000,0.0000,-0.0011
1791179253.1752,0.0200,0.2152,0.0000,0.0000,0.0000,0.0000,0.0000,0.0000,0.1273,0.1258,0.5077,0.5077,0.0000,0.0000,0.0000,-0.0012
1791179253.1952,0.0200,0.2532,0.0000,0.0000,0.0000,0.0000,0.0000,0.0000,0.1273,0.1258,0.5077,0.5077,0.0000,0.0000,0.0000,-0.0011
1791179253.2152,0.0200,0.2383,0.0000,0.0000,0.0000,0.0000,0.0000,0.0000,0.1273,0.1258,0.5077,0.5077,0.0000,0.0000,0.0000,-0.0011
1791179253.2352,0.0200,0.1903,0.0000,0.0000,0.0000,0.0000,0.0000,0.0000,0.1273,0.1258,0.5077,0.5077,0.0000,0.0000,0.0000,-0.0011
1791179253.2551,0.0200,0.2204,0.0000,0.0000,0.0000,0.0000,0.0000,0.0000,0.1273,0.1258,0.5077,0.5077,0.0000,0.0000,0.0000,-0.0012
1791179253.2752,0.0200,0.2007,0.0000,0.0000,0.0000,0.0000,0.0000,0.0000,0.1273,0.1258,0.5077,0.5077,0.0000,0.0000,0.0000,-0.0012
1791179253.2951,0.0200,0.2911,0.0000,0.0000,0.0000,0.0000,0.0000,0.0000,0.1273,0.1273,0.5077,0.5077,0.0000,0.0000,0.0000,-0.0012
1791179253.3152,0.0200,0.2106,0.0000,0.0000,0.0000,0.0000,0.0000,0.0000,0.1273,0.1258,0.5077,0.5077,0.0000,0.0000,0.0000,-0.0011
1791179253.3352,0.0200,0.2181,0.0000,0.0000,0.0000,0.0000,0.0000,0.0000,0.1273,0.1258,0.5077,0.5077,0.0000,0.0000,0.0000,-0.0012
1791179253.3552,0.0200,0.2399,0.0000,0.0000,0.0000,0.0000,0.0000,0.0000,0.1273,0.1258,0.5077,0.5077,0.0000,0.0000,0.0000,-0.0011
1791179253.3752,0.0200,0.2319,0.0000,0.0000,0.0000,0.0000,0.0000,0.0000,0.1273,0.1258,0.5077,0.5077,0.0000,0.0000,0.0000,-0.0011
1791179253.3952,0.0200,0.2371,0.0000,0.0000,0.0000,0.0000,0.0000,0.0000,0.1273,0.1273,0.5077,0.5077,0.0000,0.0000,0.0000,-0.0011
1791179253.4152,0.0200,0.2402,0.0000,0.0000,0.0000,0.0000,0.0000,0.0000,0.1273,0.1258,0.5077,0.5077,0.0000,0.0000,0.0000,-0.0012
1791179253.4352,0.0200,0.2394,0.0000,0.0000,0.0000,0.0000,0.0000,0.0000,0.1273,0.1258,0.5077,0.5077,0.0000,0.0000,0.0000,-0.0011
1791179253.4552,0.0200,0.3189,0.0000,0.0000,0.0000,0.0000,0.0000,0.0000,0.1273,0.1258,0.5077,0.5062,0.0000,0.0000,0.0000,-0.0011
1791179253.4752,0.0200,0.2503,0.0000,0.0000,0.0000,0.0000,0.0000,0.0000,0.1273,0.1273,0.5077,0.5077,0.0000,0.0000,0.0000,-0.0011
1791179253.4952,0.0200,0.2055,0.0000,0.0000,0.0000,0.0000,0.0000,0.0000,0.1273,0.1258,0.5077,0.5077,0.0000,0.0000,0.0000,-0.0012
1791179253.5152,0.0200,0.2431,0.0000,0.0000,0.0000,0.0000,0.0000,0.0000,0.1273,0.1273,0.5077,0.5077,0.0000,0.0000,0.0000,-0.0011
1791179253.5352,0.0200,0.2338,0.0000,0.0000,0.0000,0.0000,0.0000,0.0000,0.1273,0.1258,0.5077,0.5077,0.0000,0.0000,0.0000,-0.0011
1791179253.5552,0.0200,0.2551,0.0000,0.0000,0.0000,0.0000,0.0000,0.0000,0.1273,0.1258,0.5077,0.5077,0.0000,0.0000,0.0000,-0.0011
1791179253.5751,0.0200,0.2282,0.0000,0.0000,0.0000,0.0000,0.0000,0.0000,0.1273,0.1258,0.5077,0.5077,0.0000,0.0000,0.0000,-0.0011
1791179253.5952,0.0200,0.3271,0.0000,0.0000,0.0000,0.0000,0.0000,0.0000,0.1273,0.1258,0.5077,0.5077,0.0000,0.0000,0.0000,-0.0011
1791179253.6151,0.0200,0.2447,0.0000,0.0000,0.0000,0.0000,0.0000,0.0000,0.1273,0.1273,0.5077,0.5077,0.0000,0.0000,0.0000,-0.0012
1791179253.6351,0.0200,0.2545,0.0000,0.0000,0.0000,0.0000,0.0000,0.0000,0.1273,0.1258,0.5077,0.5077,0.0000,0.0000,0.0000,-0.0012
1791179253.6551,0.0200,0.2054,0.0000,0.0000,0.0000,0.0000,0.0000,0.0000,0.1273,0.1258,0.5077,0.5077,0.0000,0.0000,0.0000,-0.0011
1791179253.6751,0.0200,0.1783,0.0000,0.0000,0.0000,0.0000,0.0000,0.0000,0.1273,0.1273,0.5077,0.5077,0.0000,0.0000,0.0000,-0.0011
1791179253.6951,0.0200,0.2102,0.0000,0.0000,0.0000,0.0000,0.0000,0.0000,0.1273,0.1258,0.5077,0.5077,0.0000,0.0000,0.0000,-0.0011
1791179253.7151,0.0200,0.2069,0.0000,0.0000,0.0000,0.0000,0.0000,0.0000,0.1273,0.1258,0.5077,0.5077,0.0000,0.0000,0.0000,-0.0011
1791179253.7351,0.0200,0.2107,0.0000,0.0000,0.0000,0.0000,0.0000,0.0000,0.1273,0.1258,0.5077,0.5077,0.0000,0.0000,0.0000,-0.0012
1791179253.7551,0.0200,0.2008,0.0000,0.0000,0.0000,0.0000,0.0000,0.0000,0.1273,0.1273,0.5077,0.5077,0.0000,0.0000,0.0000,-0.0011
1791179253.7752,0.0200,0.2903,0.0000,0.0000,0.0000,0.0000,0.0000,0.0000,0.1273,0.1258,0.5077,0.5077,0.0000,0.0000,0.0000,-0.0012
1791179253.7952,0.0200,0.2294,0.0000,0.0000,0.0000,0.0000,0.0000,0.0000,0.1273,0.1258,0.5077,0.5077,0.0000,0.0000,0.0000,-0.0012
1791179253.8152,0.0200,0.2878,0.0000,0.0000,0.0000,0.0000,0.0000,0.0000,0.1273,0.1273,0.5077,0.5077,0.0000,0.0000,0.0000,-0.0012
1791179253.8352,0.0200,0.2273,0.0000,0.0000,0.0000,0.0000,0.0000,0.0000,0.1273,0.1258,0.5077,0.5077,0.0000,0.0000,0.0000,-0.0011
1791179253.8552,0.0200,0.3148,0.0000,0.0000,0.0000,0.0000,0.0000,0.0000,0.1273,0.1273,0.5077,0.5077,0.0000,0.0000,0.0000,-0.0011
1791179253.8752,0.0200,0.2376,0.0000,0.0000,0.0000,0.0000,0.0000,0.0000,0.1273,0.1273,0.5077,0.5077,0.0000,0.0000,0.0000,-0.0011
1791179253.8952,0.0200,0.2365,0.0000,0.0000,0.0000,0.0000,0.0000,0.0000,0.1273,0.1273,0.5077,0.5077,0.0000,0.0000,0.0000,-0.0012
1791179253.9152,0.0200,0.2074,0.0000,0.0000,0.0000,0.0000,0.0000,0.0000,0.1273,0.1258,0.5077,0.5077,0.0000,0.0000,0.0000,-0.0011
1791179253.9352,0.0200,0.2403,0.0000,0.0000,0.0000,0.0000,0.0000,0.0000,0.1273,0.1273,0.5077,0.5077,0.0000,0.0000,0.0000,-0.0012
1791179253.9552,0.0200,0.2103,0.0000,0.0000,0.0000,0.0000,0.0000,0.0000,0.1273,0.1258,0.5077,0.5077,0.0000,0.0000,0.0000,-0.0011
1791179253.9752,0.0200,0.2287,0.0000,0.0000,0.0000,0.0000,0.0000,0.0000,0.1273,0.1273,0.5077,0.5062,0.0000,0.0000,0.0000,-0.0011
1791179253.9952,0.0200,0.1628,0.0000,0.0000,0.0000,0.0000,0.0000,0.0000,0.1273,0.1258,0.5077,0.5077,0.0000,0.0000,0.0000,-0.0011
1791179254.0151,0.0200,0.1846,0.0000,0.0000,0.0000,0.0000,0.0000,0.0000,0.1273,0.1258,0.5077,0.5077,0.0000,0.0000,0.0000,-0.0012
1791179254.0351,0.0200,0.3181,0.0000,0.0000,0.0000,0.0000,0.0000,0.0000,0.1273,0.1258,0.5077,0.5077,0.0000,0.0000,0.0000,-0.0011
1791179254.0552,0.0200,0.2683,0.0000,0.0000,0.0000,0.0000,0.0000,0.0000,0.1273,0.1258,0.5077,0.5077,0.0000,0.0000,0.0000,-0.0011
1791179254.0752,0.0200,0.2908,0.0000,0.0000,0.0000,0.0000,0.0000,0.0000,0.1273,0.1258,0.5077,0.5062,0.0000,0.0000,0.0000,-0.0011
1791179254.0952,0.0200,0.1863,0.0000,0.0000,0.0000,0.0000,0.0000,0.0000,0.1273,0.1258,0.5077,0.5077,0.0000,0.0000,0.0000,-0.0012
1791179254.1151,0.0200,0.1852,0.0000,0.0000,0.0000,0.0000,0.0000,0.0000,0.1273,0.1258,0.5077,0.5077,0.0000,0.0000,0.0000,-0.0011
1791179254.1351,0.0200,0.2801,0.0000,0.0000,0.0000,0.0000,0.0000,0.0000,0.1273,0.1273,0.5077,0.5077,0.0000,0.0000,0.0000,-0.0012
1791179254.1552,0.0200,0.2958,0.0000,0.0000,0.0000,0.0000,0.0000,0.0000,0.1273,0.1273,0.5077,0.5077,0.0000,0.0000,0.0000,-0.0011
1791179254.1752,0.0200,0.2314,0.0000,0.0000,0.0000,0.0000,0.0000,0.0000,0.1273,0.1273,0.5077,0.5077,0.0000,0.0000,0.0000,-0.0011
1791179254.1952,0.0200,0.2327,0.0000,0.0000,0.0000,0.0000,0.0000,0.0000,0.1273,0.1258,0.5077,0.5062,0.0000,0.0000,0.0000,-0.0011
1791179254.2152,0.0200,0.2385,0.0000,0.0000,0.0000,0.0000,0.0000,0.0000,0.1273,0.1273,0.5077,0.5077,0.0000,0.0000,0.0000,-0.0012
1791179254.2352,0.0200,0.2007,0.0000,0.0000,0.0000,0.0000,0.0000,0.0000,0.1273,0.1258,0.5077,0.5077,0.0000,0.0000,0.0000,-0.0011
1791179254.2551,0.0199,0.2195,0.0000,0.0000,0.0000,0.0000,0.0000,0.0000,0.1273,0.1258,0.5077,0.5077,0.0000,0.0000,0.0000,-0.0012
1791179254.2751,0.0200,0.2209,0.0000,0.0000,0.0000,0.0000,0.0000,0.0000,0.1273,0.1273,0.5077,0.5077,0.0000,0.0000,0.0000,-0.0012
1791179254.2951,0.0200,0.2431,0.0000,0.0000,0.0000,0.0000,0.0000,0.0000,0.1273,0.1273,0.5077,0.5077,0.0000,0.0000,0.0000,-0.0012
1791179254.3152,0.0200,0.2082,0.0000,0.0000,0.0000,0.0000,0.0000,0.0000,0.1273,0.1258,0.5077,0.5077,0.0000,0.0000,0.0000,-0.0012
1791179254.3352,0.0200,0.2328,0.0000,0.0000,0.0000,0.0000,0.0000,0.0000,0.1273,0.1273,0.5077,0.5077,0.0000,0.0000,0.0000,-0.0011
1791179254.3552,0.0200,0.2298,0.0000,0.0000,0.0000,0.0000,0.0000,0.0000,0.1273,0.1258,0.5077,0.5077,0.0000,0.0000,0.0000,-0.0011
1791179254.3752,0.0200,0.2313,0.0000,0.0000,0.0000,0.0000,0.0000,0.0000,0.1273,0.1258,0.5077,0.5062,0.0000,0.0000,0.0000,-0.0011
1791179254.3952,0.0200,0.2304,0.0000,0.0000,0.0000,0.0000,0.0000,0.0000,0.1273,0.1273,0.5077,0.5077,0.0000,0.0000,0.0000,-0.0011
1791179254.4152,0.0200,0.2250,0.0000,0.0000,0.0000,0.0000,0.0000,0.0000,0.1273,0.1258,0.5077,0.5077,0.0000,0.0000,0.0000,-0.0011
1791179254.4352,0.0200,0.2316,0.0000,0.0000,0.0000,0.0000,0.0000,0.0000,0.1273,0.1258,0.5077,0.5077,0.0000,0.0000,0.0000,-0.0012
1791179254.4552,0.0200,0.2524,0.0000,0.0000,0.0000,0.0000,0.0000,0.0000,0.1273,0.1258,0.5077,0.5062,0.0000,0.0000,0.0000,-0.0012
1791179254.4752,0.0200,0.2312,0.0000,0.0000,0.0000,0.0000,0.0000,0.0000,0.1273,0.1258,0.5077,0.5077,0.0000,0.0000,0.0000,-0.0011
1791179254.4952,0.0200,0.2216,0.0000,0.0000,0.0000,0.0000,0.0000,0.0000,0.1273,0.1273,0.5077,0.5077,0.0000,0.0000,0.0000,-0.0011
1791179254.5152,0.0200,0.2386,0.0000,0.0000,0.0000,0.0000,0.0000,0.0000,0.1273,0.1258,0.5077,0.5077,0.0000,0.0000,0.0000,-0.0012
1791179254.5351,0.0200,0.1941,0.0000,0.0000,0.0000,0.0000,0.0000,0.0000,0.1273,0.1258,0.5077,0.5077,0.0000,0.0000,0.0000,-0.0012
1791179254.5551,0.0200,0.2116,0.0000,0.0000,0.0000,0.0000,0.0000,0.0000,0.1273,0.1273,0.5077,0.5077,0.0000,0.0000,0.0000,-0.0011
1791179254.5751,0.0200,0.1875,0.0000,0.0000,0.0000,0.0000,0.0000,0.0000,0.1273,0.1258,0.5077,0.5077,0.0000,0.0000,0.0000,-0.0012
1791179254.5952,0.0200,0.2466,0.0000,0.0000,0.0000,0.0000,0.0000,0.0000,0.1273,0.1258,0.5077,0.5077,0.0000,0.0000,0.0000,-0.0011
1791179254.6151,0.0200,0.2122,0.0000,0.0000,0.0000,0.0000,0.0000,0.0000,0.1273,0.1258,0.5077,0.5077,0.0000,0.0000,0.0000,-0.0011
1791179254.6351,0.0200,0.2420,0.0000,0.0000,0.0000,0.0000,0.0000,0.0000,0.1273,0.1258,0.5077,0.5077,0.0000,0.0000,0.0000,-0.0011
1791179254.6551,0.0200,0.2102,0.0000,0.0000,0.0000,0.0000,0.0000,0.0000,0.1273,0.1258,0.5077,0.5077,0.0000,0.0000,0.0000,-0.0011
1791179254.6751,0.0200,0.2392,0.0000,0.0000,0.0000,0.0000,0.0000,0.0000,0.1273,0.1258,0.5077,0.5062,0.0000,0.0000,0.0000,-0.0011
1791179254.6951,0.0200,0.2085,0.0000,0.0000,0.0000,0.0000,0.0000,0.0000,0.1273,0.1258,0.5077,0.5077,0.0000,0.0000,0.0000,-0.0011
1791179254.7152,0.0200,0.3368,0.0000,0.0000,0.0000,0.0000,0.0000,0.0000,0.1273,0.1258,0.5077,0.5077,0.0000,0.0000,0.0000,-0.0012
1791179254.7352,0.0200,0.2431,0.0000,0.0000,0.0000,0.0000,0.0000,0.0000,0.1273,0.1258,0.5077,0.5077,0.0000,0.0000,0.0000,-0.0012
1791179254.7552,0.0200,0.2123,0.0000,0.0000,0.0000,0.0000,0.0000,0.0000,0.1273,0.1258,0.5077,0.5077,0.0000,0.0000,0.0000,-0.0011
1791179254.7752,0.0200,0.2384,0.0000,0.0000,0.0000,0.0000,0.0000,0.0000,0.1273,0.1258,0.5077,0.5077,0.0000,0.0000,0.0000,-0.0011
1791179254.7952,0.0200,0.2306,0.0000,0.0000,0.0000,0.0000,0.0000,0.0000,0.1273,0.1258,0.5077,0.5077,0.0000,0.0000,0.0000,-0.0011
1791179254.8152,0.0200,0.1688,0.0000,0.0000,0.0000,0.0000,0.0000,0.0000,0.1273,0.1258,0.5077,0.5077,0.0000,0.0000,0.0000,-0.0011
1791179254.8352,0.0200,0.2424,0.0000,0.0000,0.0000,0.0000,0.0000,0.0000,0.1273,0.1258,0.5077,0.5077,0.0000,0.0000,0.0000,-0.0011
1791179254.8552,0.0200,0.2304,0.0000,0.0000,0.0000,0.0000,0.0000,0.0000,0.1273,0.1258,0.5077,0.5077,0.0000,0.0000,0.0000,-0.0011
1791179254.8752,0.0200,0.2442,0.0000,0.0000,0.0000,0.0000,0.0000,0.0000,0.1273,0.1258,0.5077,0.5077,0.0000,0.0000,0.0000,-0.0012
1791179254.8952,0.0200,0.2082,0.0000,0.0000,0.0000,0.0000,0.0000,0.0000,0.1273,0.1258,0.5077,0.5077,0.0000,0.0000,0.0000,-0.0011
1791179254.9152,0.0200,0.2381,0.0000,0.0000,0.0000,0.0000,0.0000,0.0000,0.1273,0.1258,0.5077,0.5077,0.0000,0.0000,0.0000,-0.0011
1791179254.9352,0.0200,0.3199,0.0000,0.0000,0.0000,0.0000,0.0000,0.0000,0.1273,0.1258,0.5077,0.5077,0.0000,0.0000,0.0000,-0.0011
1791179254.9552,0.0200,0.1706,0.0000,0.0000,0.0000,0.0000,0.0000,0.0000,0.1273,0.1258,0.5077,0.5077,0.0000,0.0000,0.0000,-0.0012
1791179254.9751,0.0200,0.2543,0.0000,0.0000,0.0000,0.0000,0.0000,0.0000,0.1273,0.1258,0.5077,0.5077,0.0000,0.0000,0.0000,-0.0012
1791179254.9951,0.0200,0.2222,0.0000,0.0000,0.0000,0.0000,0.0000,0.0000,0.1273,0.1258,0.5077,0.5077,0.0000,0.0000,0.0000,-0.0011
1791179255.0152,0.0200,0.2368,0.0000,0.0000,0.0000,0.0000,0.0000,0.0000,0.1273,0.1258,0.5077,0.5077,0.0000,0.0000,0.0000,-0.0011
1791179255.0352,0.0200,0.1804,0.0000,0.0000,0.0000,0.0000,0.0000,0.0000,0.1273,0.1258,0.5077,0.5077,0.0000,0.0000,0.0000,-0.0011
1791179255.0551,0.0200,0.1784,0.0000,0.0000,0.0000,0.0000,0.0000,0.0000,0.1273,0.1258,0.5077,0.5077,0.0000,0.0000,0.0000,-0.0012
1791179255.0751,0.0200,0.2131,0.0000,0.0000,0.0000,0.0000,0.0000,0.0000,0.1273,0.1258,0.5077,0.5077,0.0000,0.0000,0.0000,-0.0011
1791179255.0952,0.0200,0.2324,0.0000,0.0000,0.0000,0.0000,0.0000,0.0000,0.1273,0.1258,0.5077,0.5077,0.0000,0.0000,0.0000,-0.0012
1791179255.1151,0.0200,0.2120,0.0000,0.0000,0.0000,0.0000,0.0000,0.0000,0.1273,0.1273,0.5077,0.5077,0.0000,0.0000,0.0000,-0.0011
1791179255.1352,0.0200,0.2382,0.0000,0.0000,0.0000,0.0000,0.0000,0.0000,0.1273,0.1258,0.5077,0.5077,0.0000,0.0000,0.0000,-0.0011
1791179255.1552,0.0200,0.2282,0.0000,0.0000,0.0000,0.0000,0.0000,0.0000,0.1273,0.1258,0.5077,0.5077,0.0000,0.0000,0.0000,-0.0011
1791179255.1752,0.0200,0.3105,0.0000,0.0000,0.0000,0.0000,0.0000,0.0000,0.1273,0.1258,0.5077,0.5062,0.0000,0.0000,0.0000,-0.0011
1791179255.1952,0.0200,0.2059,0.0000,0.0000,0.0000,0.0000,0.0000,0.0000,0.1273,0.1273,0.5077,0.5077,0.0000,0.0000,0.0000,-0.0012
1791179255.2152,0.0200,0.2365,0.0000,0.0000,0.0000,0.0000,0.0000,0.0000,0.1273,0.1273,0.5077,0.5077,0.0000,0.0000,0.0000,-0.0011
1791179255.2352,0.0200,0.2334,0.0000,0.0000,0.0000,0.0000,0.0000,0.0000,0.1273,0.1258,0.5077,0.5077,0.0000,0.0000,0.0000,-0.0011
1791179255.2552,0.0200,0.2481,0.0000,0.0000,0.0000,0.0000,0.0000,0.0000,0.1273,0.1258,0.5077,0.5077,0.0000,0.0000,0.0000,-0.0011
1791179255.2752,0.0200,0.2313,0.0000,0.0000,0.0000,0.0000,0.0000,0.0000,0.1273,0.1258,0.5077,0.5077,0.0000,0.0000,0.0000,-0.0011
1791179255.2952,0.0200,0.2387,0.0000,0.0000,0.0000,0.0000,0.0000,0.0000,0.1273,0.1258,0.5077,0.5077,0.0000,0.0000,0.0000,-0.0012
1791179255.3152,0.0200,0.2791,0.0000,0.0000,0.0000,0.0000,0.0000,0.0000,0.1273,0.1258,0.5077,0.5077,0.0000,0.0000,0.0000,-0.0012
1791179255.3352,0.0200,0.2358,0.0000,0.0000,0.0000,0.0000,0.0000,0.0000,0.1273,0.1258,0.5077,0.5077,0.0000,0.0000,0.0000,-0.0011
1791179255.3552,0.0200,0.2225,0.0000,0.0000,0.0000,0.0000,0.0000,0.0000,0.1273,0.1258,0.5077,0.5077,0.0000,0.0000,0.0000,-0.0012
1791179255.3752,0.0200,0.2186,0.0000,0.0000,0.0000,0.0000,0.0000,0.0000,0.1273,0.1258,0.5077,0.5077,0.0000,0.0000,0.0000,-0.0011
1791179255.3952,0.0200,0.2218,0.0000,0.0000,0.0000,0.0000,0.0000,0.0000,0.1273,0.1258,0.5077,0.5077,0.0000,0.0000,0.0000,-0.0011
1791179255.4152,0.0200,0.2242,0.0000,0.0000,0.0000,0.0000,0.0000,0.0000,0.1273,0.1258,0.5077,0.5077,0.0000,0.0000,0.0000,-0.0012
1791179255.4352,0.0200,0.2238,0.0000,0.0000,0.0000,0.0000,0.0000,0.0000,0.1273,0.1258,0.5077,0.5077,0.0000,0.0000,0.0000,-0.0012
1791179255.4552,0.0200,0.2310,0.0000,0.0000,0.0000,0.0000,0.0000,0.0000,0.1273,0.1273,0.5077,0.5077,0.0000,0.0000,0.0000,-0.0011
1791179255.4752,0.0200,0.2330,0.0000,0.0000,0.0000,0.0000,0.0000,0.0000,0.1273,0.1258,0.5077,0.5077,0.0000,0.0000,0.0000,-0.0011
1791179255.4951,0.0200,0.2198,0.0000,0.0000,0.0000,0.0000,0.0000,0.0000,0.1273,0.1258,0.5077,0.5077,0.0000,0.0000,0.0000,-0.0011
1791179255.5152,0.0200,0.2473,0.0000,0.0000,0.0000,0.0000,0.0000,0.0000,0.1273,0.1258,0.5077,0.5077,0.0000,0.0000,0.0000,-0.0012
1791179255.5351,0.0200,0.1858,0.0000,0.0000,0.0000,0.0000,0.0000,0.0000,0.1273,0.1258,0.5077,0.5077,0.0000,0.0000,0.0000,-0.0011
1791179255.5551,0.0200,0.1911,0.0000,0.0000,0.0000,0.0000,0.0000,0.0000,0.1273,0.1258,0.5077,0.5062,0.0000,0.0000,0.0000,-0.0011
1791179255.5751,0.0200,0.2495,0.0000,0.0000,0.0000,0.0000,0.0000,0.0000,0.1273,0.1258,0.5077,0.5077,0.0000,0.0000,0.0000,-0.0012
1791179255.5952,0.0200,0.2430,0.0000,0.0000,0.0000,0.0000,0.0000,0.0000,0.1273,0.1258,0.5077,0.5077,0.0000,0.0000,0.0000,-0.0011
1791179255.6151,0.0200,0.2105,0.0000,0.0000,0.0000,0.0000,0.0000,0.0000,0.1273,0.1258,0.5077,0.5077,0.0000,0.0000,0.0000,-0.0011
1791179255.6352,0.0200,0.2411,0.0000,0.0000,0.0000,0.0000,0.0000,0.0000,0.1273,0.1258,0.5077,0.5077,0.0000,0.0000,0.0000,-0.0012
1791179255.6551,0.0200,0.2068,0.0000,0.0000,0.0000,0.0000,0.0000,0.0000,0.1273,0.1258,0.5077,0.5077,0.0000,0.0000,0.0000,-0.0012
1791179255.6751,0.0200,0.2360,0.0000,0.0000,0.0000,0.0000,0.0000,0.0000,0.1273,0.1258,0.5077,0.5077,0.0000,0.0000,0.0000,-0.0011
1791179255.6951,0.0200,0.1847,0.0000,0.0000,0.0000,0.0000,0.0000,0.0000,0.1273,0.1273,0.5077,0.5062,0.0000,0.0000,0.0000,-0.0012
1791179255.7152,0.0200,0.2434,0.0000,0.0000,0.0000,0.0000,0.0000,0.0000,0.1273,0.1258,0.5077,0.5077,0.0000,0.0000,0.0000,-0.0012
1791179255.7352,0.0200,0.2614,0.0000,0.0000,0.0000,0.0000,0.0000,0.0000,0.1273,0.1258,0.5077,0.5077,0.0000,0.0000,0.0000,-0.0011
1791179255.7551,0.0200,0.2353,0.0000,0.0000,0.0000,0.0000,0.0000,0.0000,0.1273,0.1258,0.5077,0.5077,0.0000,0.0000,0.0000,-0.0011
1791179255.7752,0.0200,0.3291,0.0000,0.0000,0.0000,0.0000,0.0000,0.0000,0.1273,0.1258,0.5077,0.5077,0.0000,0.0000,0.0000,-0.0012
1791179255.7952,0.0200,0.2377,0.0000,0.0000,0.0000,0.0000,0.0000,0.0000,0.1273,0.1258,0.5077,0.5077,0.0000,0.0000,0.0000,-0.0011
1791179255.8152,0.0200,0.2296,0.0000,0.0000,0.0000,0.0000,0.0000,0.0000,0.1273,0.1258,0.5077,0.5077,0.0000,0.0000,0.0000,-0.0011
1791179255.8352,0.0200,0.1666,0.0000,0.0000,0.0000,0.0000,0.0000,0.0000,0.1273,0.1258,0.5077,0.5077,0.0000,0.0000,0.0000,-0.0011
1791179255.8552,0.0200,0.2385,0.0000,0.0000,0.0000,0.0000,0.0000,0.0000,0.1273,0.1258,0.5077,0.5077,0.0000,0.0000,0.0000,-0.0011
1791179255.8752,0.0200,0.2281,0.0000,0.0000,0.0000,0.0000,0.0000,0.0000,0.1273,0.1273,0.5077,0.5077,0.0000,0.0000,0.0000,-0.0011
1791179255.8952,0.0200,0.1753,0.0000,0.0000,0.0000,0.0000,0.0000,0.0000,0.1273,0.1258,0.5077,0.5077,0.0000,0.0000,0.0000,-0.0011
1791179255.9151,0.0200,0.1847,0.0000,0.0000,0.0000,0.0000,0.0000,0.0000,0.1273,0.1258,0.5077,0.5077,0.0000,0.0000,0.0000,-0.0011
1791179255.9351,0.0200,0.2825,0.0000,0.0000,0.0000,0.0000,0.0000,0.0000,0.1273,0.1258,0.5077,0.5062,0.0000,0.0000,0.0000,-0.0011
1791179255.9552,0.0200,0.2341,0.0000,0.0000,0.0000,0.0000,0.0000,0.0000,0.1273,0.1258,0.5077,0.5077,0.0000,0.0000,0.0000,-0.0011
1791179255.9752,0.0200,0.1791,0.0000,0.0000,0.0000,0.0000,0.0000,0.0000,0.1273,0.1258,0.5077,0.5062,0.0000,0.0000,0.0000,-0.0011
1791179255.9951,0.0200,0.1803,0.0000,0.0000,0.0000,0.0000,0.0000,0.0000,0.1273,0.1258,0.5077,0.5077,0.0000,0.0000,0.0000,-0.0012
1791179256.0152,0.0200,0.2347,0.0000,0.0000,0.0000,0.0000,0.0000,0.0000,0.1273,0.1273,0.5077,0.5077,0.0000,0.0000,0.0000,-0.0011
1791179256.0352,0.0200,0.2110,0.0000,0.0000,0.0000,0.0000,0.0000,0.0000,0.1273,0.1273,0.5077,0.5077,0.0000,0.0000,0.0000,-0.0012
1791179256.0552,0.0200,0.2304,0.0000,0.0000,0.0000,0.0000,0.0000,0.0000,0.1273,0.1273,0.5077,0.5077,0.0000,0.0000,0.0000,-0.0011
1791179256.0751,0.0200,0.2181,0.0000,0.0000,0.0000,0.0000,0.0000,0.0000,0.1273,0.1258,0.5077,0.5077,0.0000,0.0000,0.0000,-0.0012
1791179256.0952,0.0200,0.3130,0.0000,0.0000,0.0000,0.0000,0.0000,0.0000,0.1273,0.1258,0.5077,0.5077,0.0000,0.0000,0.0000,-0.0011
1791179256.1152,0.0200,0.2105,0.0000,0.0000,0.0000,0.0000,0.0000,0.0000,0.1273,0.1258,0.5077,0.5077,0.0000,0.0000,0.0000,-0.0011
1791179256.1352,0.0200,0.2284,0.0000,0.0000,0.0000,0.0000,0.0000,0.0000,0.1273,0.1258,0.5077,0.5077,0.0000,0.0000,0.0000,-0.0011
1791179256.1552,0.0200,0.2009,0.0000,0.0000,0.0000,0.0000,0.0000,0.0000,0.1273,0.1258,0.5077,0.5077,0.0000,0.0000,0.0000,-0.0011
1791179256.1751,0.0199,0.2149,0.0000,0.0000,0.0000,0.0000,0.0000,0.0000,0.1273,0.1258,0.5077,0.5077,0.0000,0.0000,0.0000,-0.0012
1791179256.1952,0.0200,0.2038,0.0000,0.0000,0.0000,0.0000,0.0000,0.0000,0.1273,0.1258,0.5077,0.5077,0.0000,0.0000,0.0000,-0.0011
1791179256.2151,0.0200,0.2174,0.0000,0.0000,0.0000,0.0000,0.0000,0.0000,0.1273,0.1258,0.5077,0.5077,0.0000,0.0000,0.0000,-0.0012
1791179256.2352,0.0200,0.2307,0.0000,0.0000,0.0000,0.0000,0.0000,0.0000,0.1273,0.1258,0.5077,0.5077,0.0000,0.0000,0.0000,-0.0011
1791179256.2552,0.0200,0.2409,0.0000,0.0000,0.0000,0.0000,0.0000,0.0000,0.1273,0.1258,0.5077,0.5077,0.0000,0.0000,0.0000,-0.0012
1791179256.2752,0.0200,0.2321,0.0000,0.0000,0.0000,0.0000,0.0000,0.0000,0.1273,0.1258,0.5077,0.5077,0.0000,0.0000,0.0000,-0.0012
1791179256.2952,0.0200,0.2010,0.0000,0.0000,0.0000,0.0000,0.0000,0.0000,0.1273,0.1273,0.5077,0.5077,0.0000,0.0000,0.0000,-0.0012
1791179256.3152,0.0200,0.3208,0.0000,0.0000,0.0000,0.0000,0.0000,0.0000,0.1273,0.1273,0.5077,0.5077,0.0000,0.0000,0.0000,-0.0012
1791179256.3352,0.0200,0.2033,0.0000,0.0000,0.0000,0.0000,0.0000,0.0000,0.1273,0.1258,0.5077,0.5077,0.0000,0.0000,0.0000,-0.0011
1791179256.3552,0.0200,0.2424,0.0000,0.0000,0.0000,0.0000,0.0000,0.0000,0.1273,0.1258,0.5077,0.5077,0.0000,0.0000,0.0000,-0.0011
1791179256.3752,0.0200,0.2386,0.0000,0.0000,0.0000,0.0000,0.0000,0.0000,0.1273,0.1273,0.5077,0.5077,0.0000,0.0000,0.0000,-0.0012
1791179256.3952,0.0200,0.2384,0.0000,0.0000,0.0000,0.0000,0.0000,0.0000,0.1273,0.1258,0.5077,0.5077,0.0000,0.0000,0.0000,-0.0011
1791179256.4152,0.0200,0.3108,0.0000,0.0000,0.0000,0.0000,0.0000,0.0000,0.1273,0.1273,0.5077,0.5077,0.0000,0.0000,0.0000,-0.0011
1791179256.4352,0.0200,0.2345,0.0000,0.0000,0.0000,0.0000,0.0000,0.0000,0.1273,0.1273,0.5077,0.5077,0.0000,0.0000,0.0000,-0.0011
1791179256.4552,0.0200,0.3285,0.0000,0.0000,0.0000,0.0000,0.0000,0.0000,0.1273,0.1273,0.5077,0.5077,0.0000,0.0000,0.0000,-0.0011
1791179256.4752,0.0200,0.2341,0.0000,0.0000,0.0000,0.0000,0.0000,0.0000,0.1273,0.1273,0.5077,0.5077,0.0000,0.0000,0.0000,-0.0011
1791179256.4952,0.0200,0.2482,0.0000,0.0000,0.0000,0.0000,0.0000,0.0000,0.1273,0.1258,0.5077,0.5077,0.0000,0.0000,0.0000,-0.0011
1791179256.5153,0.0201,0.2015,0.0000,0.0000,0.0000,0.0000,0.0000,0.0000,0.1273,0.1258,0.5077,0.5077,0.0000,0.0000,0.0000,-0.0011
1791179256.5352,0.0199,0.2472,0.0000,0.0000,0.0000,0.0000,0.0000,0.0000,0.1273,0.1258,0.5077,0.5077,0.0000,0.0000,0.0000,-0.0011
1791179256.5552,0.0200,0.1696,0.0000,0.0000,0.0000,0.0000,0.0000,0.0000,0.1273,0.1258,0.5077,0.5077,0.0000,0.0000,0.0000,-0.0011
1791179256.5751,0.0200,0.2414,0.0000,0.0000,0.0000,0.0000,0.0000,0.0000,0.1273,0.1258,0.5077,0.5077,0.0000,0.0000,0.0000,-0.0011
1791179256.5951,0.0200,0.1788,0.0000,0.0000,0.0000,0.0000,0.0000,0.0000,0.1273,0.1258,0.5077,0.5077,0.0000,0.0000,0.0000,-0.0011
1791179256.6151,0.0200,0.2268,0.0000,0.0000,0.0000,0.0000,0.0000,0.0000,0.1273,0.1258,0.5077,0.5077,0.0000,0.0000,0.0000,-0.0012
1791179256.6351,0.0200,0.2161,0.0000,0.0000,0.0000,0.0000,0.0000,0.0000,0.1273,0.1258,0.5077,0.5077,0.0000,0.0000,0.0000,-0.0011
1791179256.6551,0.0200,0.2184,0.0000,0.0000,0.0000,0.0000,0.0000,0.0000,0.1273,0.1258,0.5077,0.5077,0.0000,0.0000,0.0000,-0.0011
1791179256.6751,0.0200,0.2452,0.0000,0.0000,0.0000,0.0000,0.0000,0.0000,0.1273,0.1258,0.5077,0.5077,0.0000,0.0000,0.0000,-0.0011
1791179256.6952,0.0200,0.2041,0.0000,0.0000,0.0000,0.0000,0.0000,0.0000,0.1273,0.1258,0.5077,0.5077,0.0000,0.0000,0.0000,-0.0011
1791179256.7152,0.0200,0.2389,0.0000,0.0000,0.0000,0.0000,0.0000,0.0000,0.1273,0.1258,0.5077,0.5077,0.0000,0.0000,0.0000,-0.0012
1791179256.7353,0.0201,0.2104,0.0000,0.0000,0.0000,0.0000,0.0000,0.0000,0.1273,0.1273,0.5077,0.5077,0.0000,0.0000,0.0000,-0.0011
1791179256.7552,0.0199,0.2367,0.0000,0.0000,0.0000,0.0000,0.0000,0.0000,0.1273,0.1258,0.5077,0.5077,0.0000,0.0000,0.0000,-0.0012
1791179256.7752,0.0200,0.2085,0.0000,0.0000,0.0000,0.0000,0.0000,0.0000,0.1273,0.1258,0.5077,0.5077,0.0000,0.0000,0.0000,-0.0011
1791179256.7951,0.0200,0.1909,0.0000,0.0000,0.0000,0.0000,0.0000,0.0000,0.1273,0.1258,0.5077,0.5077,0.0000,0.0000,0.0000,-0.0011
1791179256.8151,0.0200,0.2222,0.0000,0.0000,0.0000,0.0000,0.0000,0.0000,0.1273,0.1258,0.5077,0.5077,0.0000,0.0000,0.0000,-0.0012
1791179256.8352,0.0200,0.2022,0.0000,0.0000,0.0000,0.0000,0.0000,0.0000,0.1273,0.1258,0.5077,0.5077,0.0000,0.0000,0.0000,-0.0011
1791179256.8552,0.0200,0.2127,0.0000,0.0000,0.0000,0.0000,0.0000,0.0000,0.1273,0.1258,0.5077,0.5077,0.0000,0.0000,0.0000,-0.0011
1791179256.8752,0.0200,0.2422,0.0000,0.0000,0.0000,0.0000,0.0000,0.0000,0.1273,0.1258,0.5077,0.5077,0.0000,0.0000,0.0000,-0.0011
1791179256.8952,0.0200,0.1643,0.0000,0.0000,0.0000,0.0000,0.0000,0.0000,0.1273,0.1258,0.5077,0.5077,0.0000,0.0000,0.0000,-0.0011
1791179256.9152,0.0200,0.3545,0.0000,0.0000,0.0000,0.0000,0.0000,0.0000,0.1273,0.1258,0.5077,0.5077,0.0000,0.0000,0.0000,-0.0012
1791179256.9352,0.0200,0.2538,0.0000,0.0000,0.0000,0.0000,0.0000,0.0000,0.1273,0.1258,0.5077,0.5077,0.0000,0.0000,0.0000,-0.0011
1791179256.9551,0.0200,0.1675,0.0000,0.0000,0.0000,0.0000,0.0000,0.0000,0.1273,0.1273,0.5077,0.5077,0.0000,0.0000,0.0000,-0.0012
1791179256.9752,0.0200,0.2425,0.0000,0.0000,0.0000,0.0000,0.0000,0.0000,0.1273,0.1258,0.5077,0.5077,0.0000,0.0000,0.0000,-0.0011
1791179256.9952,0.0200,0.2257,0.0000,0.0000,0.0000,0.0000,0.0000,0.0000,0.1273,0.1258,0.5077,0.5077,0.0000,0.0000,0.0000,-0.0012
1791179257.0152,0.0200,0.2511,0.0000,0.0000,0.0000,0.0000,0.0000,0.0000,0.1273,0.1258,0.5077,0.5077,0.0000,0.0000,0.0000,-0.0011
1791179257.0352,0.0201,0.2256,0.0000,0.0000,0.0000,0.0000,0.0000,0.0000,0.1273,0.1258,0.5077,0.5077,0.0000,0.0000,0.0000,-0.0011
1791179257.0551,0.0199,0.1900,0.0000,0.0000,0.0000,0.0000,0.0000,0.0000,0.1273,0.1258,0.5077,0.5077,0.0000,0.0000,0.0000,-0.0011
1791179257.0752,0.0200,0.2458,0.0000,0.0000,0.0000,0.0000,0.0000,0.0000,0.1273,0.1258,0.5077,0.5077,0.0000,0.0000,0.0000,-0.0011
1791179257.0952,0.0200,0.2311,0.0000,0.0000,0.0000,0.0000,0.0000,0.0000,0.1273,0.1273,0.5077,0.5077,0.0000,0.0000,0.0000,-0.0011
1791179257.1152,0.0200,0.2511,0.0000,0.0000,0.0000,0.0000,0.0000,0.0000,0.1273,0.1258,0.5077,0.5077,0.0000,0.0000,0.0000,-0.0011
1791179257.1352,0.0200,0.2190,0.0000,0.0000,0.0000,0.0000,0.0000,0.0000,0.1273,0.1258,0.5077,0.5077,0.0000,0.0000,0.0000,-0.0012
1791179257.1552,0.0200,0.3091,0.0000,0.0000,0.0000,0.0000,0.0000,0.0000,0.1273,0.1258,0.5077,0.5077,0.0000,0.0000,0.0000,-0.0011
1791179257.1752,0.0200,0.1844,0.0000,0.0000,0.0000,0.0000,0.0000,0.0000,0.1273,0.1258,0.5077,0.5077,0.0000,0.0000,0.0000,-0.0012
1791179257.1952,0.0200,0.2503,0.0000,0.0000,0.0000,0.0000,0.0000,0.0000,0.1273,0.1258,0.5077,0.5077,0.0000,0.0000,0.0000,-0.0012
1791179257.2152,0.0200,0.2408,0.0000,0.0000,0.0000,0.0000,0.0000,0.0000,0.1273,0.1258,0.5077,0.5077,0.0000,0.0000,0.0000,-0.0012
1791179257.2352,0.0200,0.2438,0.0000,0.0000,0.0000,0.0000,0.0000,0.0000,0.1273,0.1258,0.5077,0.5077,0.0000,0.0000,0.0000,-0.0011
1791179257.2552,0.0200,0.2664,0.0000,0.0000,0.0000,0.0000,0.0000,0.0000,0.1273,0.1258,0.5077,0.5077,0.0000,0.0000,0.0000,-0.0012
1791179257.2752,0.0200,0.2379,0.0000,0.0000,0.0000,0.0000,0.0000,0.0000,0.1273,0.1258,0.5077,0.5077,0.0000,0.0000,0.0000,-0.0011
1791179257.2952,0.0200,0.2373,0.0000,0.0000,0.0000,0.0000,0.0000,0.0000,0.1273,0.1258,0.5077,0.5077,0.0000,0.0000,0.0000,-0.0011
1791179257.3152,0.0200,0.2410,0.0000,0.0000,0.0000,0.0000,0.0000,0.0000,0.1273,0.1258,0.5077,0.5077,0.0000,0.0000,0.0000,-0.0011
1791179257.3352,0.0200,0.2439,0.0000,0.0000,0.0000,0.0000,0.0000,0.0000,0.1273,0.1258,0.5077,0.5077,0.0000,0.0000,0.0000,-0.0012
1791179257.3551,0.0200,0.2176,0.0000,0.0000,0.0000,0.0000,0.0000,0.0000,0.1273,0.1258,0.5077,0.5077,0.0000,0.0000,0.0000,-0.0011
1791179257.3752,0.0200,0.2449,0.0000,0.0000,0.0000,0.0000,0.0000,0.0000,0.1273,0.1258,0.5077,0.5077,0.0000,0.0000,0.0000,-0.0011
1791179257.3952,0.0200,0.2555,0.0000,0.0000,0.0000,0.0000,0.0000,0.0000,0.1273,0.1258,0.5077,0.5077,0.0000,0.0000,0.0000,-0.0011
1791179257.4152,0.0200,0.2563,0.0000,0.0000,0.0000,0.0000,0.0000,0.0000,0.1273,0.1258,0.5077,0.5077,0.0000,0.0000,0.0000,-0.0011
1791179257.4352,0.0200,0.2503,0.0000,0.0000,0.0000,0.0000,0.0000,0.0000,0.1273,0.1273,0.5077,0.5077,0.0000,0.0000,0.0000,-0.0012
1791179257.4552,0.0200,0.2557,0.0000,0.0000,0.0000,0.0000,0.0000,0.0000,0.1273,0.1258,0.5077,0.5077,0.0000,0.0000,0.0000,-0.0012
1791179257.4752,0.0200,0.2386,0.0000,0.0000,0.0000,0.0000,0.0000,0.0000,0.1273,0.1273,0.5077,0.5077,0.0000,0.0000,0.0000,-0.0011
1791179257.4952,0.0200,0.2333,0.0000,0.0000,0.0000,0.0000,0.0000,0.0000,0.1273,0.1258,0.5077,0.5077,0.0000,0.0000,0.0000,-0.0012
1791179257.5151,0.0200,0.1846,0.0000,0.0000,0.0000,0.0000,0.0000,0.0000,0.1273,0.1258,0.5077,0.5077,0.0000,0.0000,0.0000,-0.0011
1791179257.5352,0.0200,0.2691,0.0000,0.0000,0.0000,0.0000,0.0000,0.0000,0.1273,0.1258,0.5077,0.5077,0.0000,0.0000,0.0000,-0.0011
1791179257.5552,0.0200,0.2500,0.0000,0.0000,0.0000,0.0000,0.0000,0.0000,0.1273,0.1273,0.5077,0.5077,0.0000,0.0000,0.0000,-0.0012
1791179257.5751,0.0200,0.1694,0.0000,0.0000,0.0000,0.0000,0.0000,0.0000,0.1273,0.1258,0.5077,0.5077,0.0000,0.0000,0.0000,-0.0011
1791179257.5951,0.0200,0.2425,0.0000,0.0000,0.0000,0.0000,0.0000,0.0000,0.1273,0.1273,0.5077,0.5077,0.0000,0.0000,0.0000,-0.0011
1791179257.6151,0.0200,0.2173,0.0000,0.0000,0.0000,0.0000,0.0000,0.0000,0.1273,0.1273,0.5077,0.5077,0.0000,0.0000,0.0000,-0.0011
1791179257.6352,0.0200,0.2459,0.0000,0.0000,0.0000,0.0000,0.0000,0.0000,0.1273,0.1258,0.5077,0.5077,0.0000,0.0000,0.0000,-0.0012
1791179257.6551,0.0200,0.2111,0.0000,0.0000,0.0000,0.0000,0.0000,0.0000,0.1273,0.1258,0.5077,0.5077,0.0000,0.0000,0.0000,-0.0011
1791179257.6752,0.0200,0.2340,0.0000,0.0000,0.0000,0.0000,0.0000,0.0000,0.1273,0.1258,0.5077,0.5077,0.0000,0.0000,0.0000,-0.0012
1791179257.6952,0.0200,0.2244,0.0000,0.0000,0.0000,0.0000,0.0000,0.0000,0.1273,0.1273,0.5077,0.5077,0.0000,0.0000,0.0000,-0.0011
1791179257.7152,0.0200,0.2108,0.0000,0.0000,0.0000,0.0000,0.0000,0.0000,0.1273,0.1258,0.5077,0.5077,0.0000,0.0000,0.0000,-0.0012
1791179257.7352,0.0200,0.2592,0.0000,0.0000,0.0000,0.0000,0.0000,0.0000,0.1273,0.1258,0.5077,0.5077,0.0000,0.0000,0.0000,-0.0011
1791179257.7551,0.0200,0.2230,0.0000,0.0000,0.0000,0.0000,0.0000,0.0000,0.1273,0.1273,0.5077,0.5077,0.0000,0.0000,0.0000,-0.0011
1791179257.7751,0.0200,0.1715,0.0000,0.0000,0.0000,0.0000,0.0000,0.0000,0.1273,0.1258,0.5077,0.5077,0.0000,0.0000,0.0000,-0.0011
1791179257.7952,0.0200,0.2423,0.0000,0.0000,0.0000,0.0000,0.0000,0.0000,0.1273,0.1273,0.5077,0.5077,0.0000,0.0000,0.0000,-0.0012
1791179257.8151,0.0200,0.2110,0.0000,0.0000,0.0000,0.0000,0.0000,0.0000,0.1273,0.1258,0.5077,0.5062,0.0000,0.0000,0.0000,-0.0011
1791179257.8352,0.0200,0.2511,0.0000,0.0000,0.0000,0.0000,0.0000,0.0000,0.1273,0.1258,0.5077,0.5077,0.0000,0.0000,0.0000,-0.0011
1791179257.8551,0.0200,0.2696,0.0000,0.0000,0.0000,0.0000,0.0000,0.0000,0.1273,0.1258,0.5077,0.5077,0.0000,0.0000,0.0000,-0.0011
1791179257.8752,0.0200,0.2529,0.0000,0.0000,0.0000,0.0000,0.0000,0.0000,0.1273,0.1273,0.5077,0.5077,0.0000,0.0000,0.0000,-0.0012
1791179257.8952,0.0200,0.2324,0.0000,0.0000,0.0000,0.0000,0.0000,0.0000,0.1273,0.1258,0.5077,0.5077,0.0000,0.0000,0.0000,-0.0011
1791179257.9152,0.0200,0.2350,0.0000,0.0000,0.0000,0.0000,0.0000,0.0000,0.1273,0.1258,0.5077,0.5077,0.0000,0.0000,0.0000,-0.0012
1791179257.9352,0.0200,0.1800,0.0000,0.0000,0.0000,0.0000,0.0000,0.0000,0.1273,0.1258,0.5077,0.5077,0.0000,0.0000,0.0000,-0.0011
1791179257.9551,0.0200,0.2121,0.0000,0.0000,0.0000,0.0000,0.0000,0.0000,0.1273,0.1258,0.5077,0.5077,0.0000,0.0000,0.0000,-0.0011
1791179257.9752,0.0200,0.1998,0.0000,0.0000,0.0000,0.0000,0.0000,0.0000,0.1273,0.1258,0.5077,0.5062,0.0000,0.0000,0.0000,-0.0011
1791179257.9951,0.0199,0.2123,0.0000,0.0000,0.0000,0.0000,0.0000,0.0000,0.1273,0.1273,0.5077,0.5077,0.0000,0.0000,0.0000,-0.0011
1791179258.0151,0.0200,0.1856,0.0000,0.0000,0.0000,0.0000,0.0000,0.0000,0.1273,0.1258,0.5077,0.5077,0.0000,0.0000,0.0000,-0.0012
1791179258.0351,0.0200,0.2383,0.0000,0.0000,0.0000,0.0000,0.0000,0.0000,0.1273,0.1258,0.5077,0.5062,0.0000,0.0000,0.0000,-0.0011
1791179258.0552,0.0200,0.2413,0.0000,0.0000,0.0000,0.0000,0.0000,0.0000,0.1273,0.1258,0.5077,0.5077,0.0000,0.0000,0.0000,-0.0011
1791179258.0752,0.0200,0.1782,0.0000,0.0000,0.0000,0.0000,0.0000,0.0000,0.1273,0.1258,0.5077,0.5077,0.0000,0.0000,0.0000,-0.0012
1791179258.0951,0.0200,0.1831,0.0000,0.0000,0.0000,0.0000,0.0000,0.0000,0.1273,0.1258,0.5077,0.5077,0.0000,0.0000,0.0000,-0.0012
1791179258.1152,0.0200,0.3496,0.0000,0.0000,0.0000,0.0000,0.0000,0.0000,0.1273,0.1258,0.5077,0.5077,0.0000,0.0000,0.0000,-0.0011
1791179258.1352,0.0200,0.2357,0.0000,0.0000,0.0000,0.0000,0.0000,0.0000,0.1273,0.1258,0.5077,0.5077,0.0000,0.0000,0.0000,-0.0011
1791179258.1552,0.0200,0.2838,0.0000,0.0000,0.0000,0.0000,0.0000,0.0000,0.1273,0.1258,0.5077,0.5077,0.0000,0.0000,0.0000,-0.0011
1791179258.1752,0.0200,0.2478,0.0000,0.0000,0.0000,0.0000,0.0000,0.0000,0.1273,0.1258,0.5077,0.5062,0.0000,0.0000,0.0000,-0.0011
1791179258.1952,0.0200,0.2433,0.0000,0.0000,0.0000,0.0000,0.0000,0.0000,0.1273,0.1258,0.5077,0.5077,0.0000,0.0000,0.0000,-0.0011
1791179258.2152,0.0200,0.2134,0.0000,0.0000,0.0000,0.0000,0.0000,0.0000,0.1273,0.1258,0.5077,0.5077,0.0000,0.0000,0.0000,-0.0011
1791179258.2352,0.0200,0.2507,0.0000,0.0000,0.0000,0.0000,0.0000,0.0000,0.1273,0.1258,0.5077,0.5077,0.0000,0.0000,0.0000,-0.0012
1791179258.2552,0.0200,0.2295,0.0000,0.0000,0.0000,0.0000,0.0000,0.0000,0.1273,0.1258,0.5077,0.5077,0.0000,0.0000,0.0000,-0.0012
1791179258.2752,0.0200,0.2491,0.0000,0.0000,0.0000,0.0000,0.0000,0.0000,0.1273,0.1258,0.5077,0.5077,0.0000,0.0000,0.0000,-0.0012
1791179258.2952,0.0200,0.2066,0.0000,0.0000,0.0000,0.0000,0.0000,0.0000,0.1273,0.1258,0.5077,0.5077,0.0000,0.0000,0.0000,-0.0012
1791179258.3151,0.0199,0.2207,0.0000,0.0000,0.0000,0.0000,0.0000,0.0000,0.1273,0.1258,0.5077,0.5077,0.0000,0.0000,0.0000,-0.0011
1791179258.3352,0.0201,0.2271,0.0000,0.0000,0.0000,0.0000,0.0000,0.0000,0.1273,0.1258,0.5077,0.5077,0.0000,0.0000,0.0000,-0.0012
1791179258.3552,0.0200,0.2459,0.0000,0.0000,0.0000,0.0000,0.0000,0.0000,0.1273,0.1258,0.5077,0.5077,0.0000,0.0000,0.0000,-0.0012
1791179258.3751,0.0200,0.2232,0.0000,0.0000,0.0000,0.0000,0.0000,0.0000,0.1273,0.1273,0.5077,0.5077,0.0000,0.0000,0.0000,-0.0011
1791179258.3952,0.0200,0.2348,0.0000,0.0000,0.0000,0.0000,0.0000,0.0000,0.1273,0.1258,0.5077,0.5077,0.0000,0.0000,0.0000,-0.0011
1791179258.4152,0.0200,0.2334,0.0000,0.0000,0.0000,0.0000,0.0000,0.0000,0.1273,0.1258,0.5077,0.5077,0.0000,0.0000,0.0000,-0.0011
1791179258.4352,0.0200,0.2275,0.0000,0.0000,0.0000,0.0000,0.0000,0.0000,0.1273,0.1258,0.5077,0.5077,0.0000,0.0000,0.0000,-0.0011
1791179258.4552,0.0200,0.2302,0.0000,0.0000,0.0000,0.0000,0.0000,0.0000,0.1273,0.1258,0.5077,0.5077,0.0000,0.0000,0.0000,-0.0011
1791179258.4752,0.0200,0.2273,0.0000,0.0000,0.0000,0.0000,0.0000,0.0000,0.1273,0.1258,0.5077,0.5077,0.0000,0.0000,0.0000,-0.0011
1791179258.4952,0.0200,0.2294,0.0000,0.0000,0.0000,0.0000,0.0000,0.0000,0.1273,0.1258,0.5077,0.5077,0.0000,0.0000,0.0000,-0.0012
1791179258.5152,0.0200,0.2362,0.0000,0.0000,0.0000,0.0000,0.0000,0.0000,0.1273,0.1258,0.5077,0.5077,0.0000,0.0000,0.0000,-0.0011
1791179258.5352,0.0200,0.2424,0.0000,0.0000,0.0000,0.0000,0.0000,0.0000,0.1273,0.1273,0.5077,0.5077,0.0000,0.0000,0.0000,-0.0011
1791179258.5551,0.0200,0.1720,0.0000,0.0000,0.0000,0.0000,0.0000,0.0000,0.1273,0.1258,0.5077,0.5062,0.0000,0.0000,0.0000,-0.0011
1791179258.5751,0.0200,0.2451,0.0000,0.0000,0.0000,0.0000,0.0000,0.0000,0.1273,0.1258,0.5077,0.5077,0.0000,0.0000,0.0000,-0.0011
1791179258.5951,0.0200,0.1699,0.0000,0.0000,0.0000,0.0000,0.0000,0.0000,0.1273,0.1258,0.5077,0.5077,0.0000,0.0000,0.0000,-0.0011
1791179258.6151,0.0200,0.2165,0.0000,0.0000,0.0000,0.0000,0.0000,0.0000,0.1273,0.1258,0.5077,0.5077,0.0000,0.0000,0.0000,-0.0011
1791179258.6352,0.0200,0.2409,0.0000,0.0000,0.0000,0.0000,0.0000,0.0000,0.1273,0.1258,0.5077,0.5077,0.0000,0.0000,0.0000,-0.0012
1791179258.6552,0.0200,0.2362,0.0000,0.0000,0.0000,0.0000,0.0000,0.0000,0.1273,0.1258,0.5077,0.5077,0.0000,0.0000,0.0000,-0.0012
1791179258.6752,0.0200,0.2317,0.0000,0.0000,0.0000,0.0000,0.0000,0.0000,0.1273,0.1273,0.5077,0.5077,0.0000,0.0000,0.0000,-0.0011
1791179258.6952,0.0200,0.2319,0.0000,0.0000,0.0000,0.0000,0.0000,0.0000,0.1273,0.1258,0.5077,0.5062,0.0000,0.0000,0.0000,-0.0012
1791179258.7151,0.0200,0.1682,0.0000,0.0000,0.0000,0.0000,0.0000,0.0000,0.1273,0.1258,0.5077,0.5077,0.0000,0.0000,0.0000,-0.0011
1791179258.7352,0.0200,0.2412,0.0000,0.0000,0.0000,0.0000,0.0000,0.0000,0.1273,0.1258,0.5077,0.5077,0.0000,0.0000,0.0000,-0.0011
1791179258.7552,0.0200,0.2089,0.0000,0.0000,0.0000,0.0000,0.0000,0.0000,0.1273,0.1258,0.5077,0.5077,0.0000,0.0000,0.0000,-0.0011
1791179258.7752,0.0200,0.3309,0.0000,0.0000,0.0000,0.0000,0.0000,0.0000,0.1273,0.1258,0.5077,0.5062,0.0000,0.0000,0.0000,-0.0011
1791179258.7952,0.0200,0.3252,0.0000,0.0000,0.0000,0.0000,0.0000,0.0000,0.1273,0.1258,0.5077,0.5062,0.0000,0.0000,0.0000,-0.0011
1791179258.8152,0.0200,0.2382,0.0000,0.0000,0.0000,0.0000,0.0000,0.0000,0.1273,0.1258,0.5077,0.5077,0.0000,0.0000,0.0000,-0.0012
1791179258.8352,0.0200,0.2339,0.0000,0.0000,0.0000,0.0000,0.0000,0.0000,0.1273,0.1258,0.5077,0.5077,0.0000,0.0000,0.0000,-0.0012
1791179258.8552,0.0200,0.2150,0.0000,0.0000,0.0000,0.0000,0.0000,0.0000,0.1273,0.1258,0.5077,0.5077,0.0000,0.0000,0.0000,-0.0011
1791179258.8752,0.0200,0.3187,0.0000,0.0000,0.0000,0.0000,0.0000,0.0000,0.1273,0.1258,0.5077,0.5077,0.0000,0.0000,0.0000,-0.0011
1791179258.8952,0.0200,0.2335,0.0000,0.0000,0.0000,0.0000,0.0000,0.0000,0.1273,0.1258,0.5077,0.5077,0.0000,0.0000,0.0000,-0.0012
1791179258.9152,0.0200,0.2253,0.0000,0.0000,0.0000,0.0000,0.0000,0.0000,0.1273,0.1258,0.5077,0.5077,0.0000,0.0000,0.0000,-0.0011
1791179258.9352,0.0200,0.1805,0.0000,0.0000,0.0000,0.0000,0.0000,0.0000,0.1273,0.1258,0.5077,0.5077,0.0000,0.0000,0.0000,-0.0011
1791179258.9551,0.0200,0.2388,0.0000,0.0000,0.0000,0.0000,0.0000,0.0000,0.1273,0.1258,0.5077,0.5077,0.0000,0.0000,0.0000,-0.0012
1791179258.9752,0.0200,0.1667,0.0000,0.0000,0.0000,0.0000,0.0000,0.0000,0.1273,0.1258,0.5077,0.5077,0.0000,0.0000,0.0000,-0.0011
1791179258.9952,0.0200,0.2259,0.0000,0.0000,0.0000,0.0000,0.0000,0.0000,0.1273,0.1258,0.5077,0.5077,0.0000,0.0000,0.0000,-0.0012
1791179259.0152,0.0200,0.1755,0.0000,0.0000,0.0000,0.0000,0.0000,0.0000,0.1273,0.1258,0.5077,0.5077,0.0000,0.0000,0.0000,-0.0011
1791179259.0352,0.0200,0.1804,0.0000,0.0000,0.0000,0.0000,0.0000,0.0000,0.1273,0.1258,0.5077,0.5077,0.0000,0.0000,0.0000,-0.0012
1791179259.0552,0.0200,0.1808,0.0000,0.0000,0.0000,0.0000,0.0000,0.0000,0.1273,0.1258,0.5077,0.5077,0.0000,0.0000,0.0000,-0.0011
1791179259.0752,0.0200,0.2394,0.0000,0.0000,0.0000,0.0000,0.0000,0.0000,0.1273,0.1258,0.5077,0.5077,0.0000,0.0000,0.0000,-0.0012
1791179259.0951,0.0200,0.2875,0.0000,0.0000,0.0000,0.0000,0.0000,0.0000,0.1273,0.1258,0.5077,0.5077,0.0000,0.0000,0.0000,-0.0011
1791179259.1152,0.0200,0.2024,0.0000,0.0000,0.0000,0.0000,0.0000,0.0000,0.1273,0.1258,0.5077,0.5077,0.0000,0.0000,0.0000,-0.0011
1791179259.1351,0.0200,0.2122,0.0000,0.0000,0.0000,0.0000,0.0000,0.0000,0.1273,0.1258,0.5077,0.5077,0.0000,0.0000,0.0000,-0.0012
1791179259.1552,0.0200,0.2359,0.0000,0.0000,0.0000,0.0000,0.0000,0.0000,0.1273,0.1258,0.5077,0.5077,0.0000,0.0000,0.0000,-0.0011
1791179259.1752,0.0200,0.2260,0.0000,0.0000,0.0000,0.0000,0.0000,0.0000,0.1273,0.1258,0.5077,0.5077,0.0000,0.0000,0.0000,-0.0011
1791179259.1952,0.0200,0.3344,0.0000,0.0000,0.0000,0.0000,0.0000,0.0000,0.1273,0.1258,0.5077,0.5077,0.0000,0.0000,0.0000,-0.0011
1791179259.2152,0.0200,0.2125,0.0000,0.0000,0.0000,0.0000,0.0000,0.0000,0.1273,0.1258,0.5077,0.5077,0.0000,0.0000,0.0000,-0.0012
1791179259.2352,0.0199,0.2127,0.0000,0.0000,0.0000,0.0000,0.0000,0.0000,0.1273,0.1258,0.5077,0.5077,0.0000,0.0000,0.0000,-0.0011
1791179259.2552,0.0200,0.2413,0.0000,0.0000,0.0000,0.0000,0.0000,0.0000,0.1273,0.1258,0.5077,0.5077,0.0000,0.0000,0.0000,-0.0012
1791179259.2752,0.0200,0.2310,0.0000,0.0000,0.0000,0.0000,0.0000,0.0000,0.1273,0.1258,0.5077,0.5077,0.0000,0.0000,0.0000,-0.0011
1791179259.2952,0.0200,0.2259,0.0000,0.0000,0.0000,0.0000,0.0000,0.0000,0.1273,0.1258,0.5077,0.5077,0.0000,0.0000,0.0000,-0.0012
1791179259.3152,0.0200,0.2044,0.0000,0.0000,0.0000,0.0000,0.0000,0.0000,0.1273,0.1258,0.5077,0.5077,0.0000,0.0000,0.0000,-0.0011
1791179259.3352,0.0200,0.2416,0.0000,0.0000,0.0000,0.0000,0.0000,0.0000,0.1273,0.1258,0.5077,0.5077,0.0000,0.0000,0.0000,-0.0011
1791179259.3552,0.0200,0.2348,0.0000,0.0000,0.0000,0.0000,0.0000,0.0000,0.1273,0.1258,0.5077,0.5077,0.0000,0.0000,0.0000,-0.0012
1791179259.3752,0.0200,0.2459,0.0000,0.0000,0.0000,0.0000,0.0000,0.0000,0.1273,0.1258,0.5077,0.5077,0.0000,0.0000,0.0000,-0.0012
1791179259.3952,0.0200,0.2515,0.0000,0.0000,0.0000,0.0000,0.0000,0.0000,0.1273,0.1258,0.5077,0.5077,0.0000,0.0000,0.0000,-0.0011
1791179259.4152,0.0200,0.2756,0.0000,0.0000,0.0000,0.0000,0.0000,0.0000,0.1273,0.1258,0.5077,0.5077,0.0000,0.0000,0.0000,-0.0012
1791179259.4352,0.0200,0.2730,0.0000,0.0000,0.0000,0.0000,0.0000,0.0000,0.1273,0.1258,0.5077,0.5077,0.0000,0.0000,0.0000,-0.0011
1791179259.4552,0.0200,0.2787,0.0000,0.0000,0.0000,0.0000,0.0000,0.0000,0.1273,0.1258,0.5077,0.5077,0.0000,0.0000,0.0000,-0.0012
1791179259.4752,0.0200,0.2617,0.0000,0.0000,0.0000,0.0000,0.0000,0.0000,0.1273,0.1258,0.5077,0.5077,0.0000,0.0000,0.0000,-0.0012
1791179259.4952,0.0200,0.2615,0.0000,0.0000,0.0000,0.0000,0.0000,0.0000,0.1273,0.1258,0.5077,0.5077,0.0000,0.0000,0.0000,-0.0011
1791179259.5151,0.0200,0.1857,0.0000,0.0000,0.0000,0.0000,0.0000,0.0000,0.1273,0.1258,0.5077,0.5077,0.0000,0.0000,0.0000,-0.0011
1791179259.5351,0.0200,0.2289,0.0000,0.0000,0.0000,0.0000,0.0000,0.0000,0.1273,0.1258,0.5077,0.5077,0.0000,0.0000,0.0000,-0.0011
1791179259.5551,0.0200,0.1717,0.0000,0.0000,0.0000,0.0000,0.0000,0.0000,0.1273,0.1273,0.5077,0.5077,0.0000,0.0000,0.0000,-0.0011
1791179259.5751,0.0200,0.2509,0.0000,0.0000,0.0000,0.0000,0.0000,0.0000,0.1273,0.1258,0.5077,0.5077,0.0000,0.0000,0.0000,-0.0012
1791179259.5951,0.0200,0.1747,0.0000,0.0000,0.0000,0.0000,0.0000,0.0000,0.1273,0.1258,0.5077,0.5077,0.0000,0.0000,0.0000,-0.0011
1791179259.6151,0.0200,0.2198,0.0000,0.0000,0.0000,0.0000,0.0000,0.0000,0.1273,0.1258,0.5077,0.5077,0.0000,0.0000,0.0000,-0.0012
1791179259.6351,0.0200,0.2152,0.0000,0.0000,0.0000,0.0000,0.0000,0.0000,0.1273,0.1273,0.5077,0.5077,0.0000,0.0000,0.0000,-0.0011
1791179259.6551,0.0200,0.2105,0.0000,0.0000,0.0000,0.0000,0.0000,0.0000,0.1273,0.1258,0.5077,0.5077,0.0000,0.0000,0.0000,-0.0011
1791179259.6751,0.0200,0.1719,0.0000,0.0000,0.0000,0.0000,0.0000,0.0000,0.1273,0.1273,0.5077,0.5077,0.0000,0.0000,0.0000,-0.0011
1791179259.6951,0.0200,0.2415,0.0000,0.0000,0.0000,0.0000,0.0000,0.0000,0.1273,0.1258,0.5077,0.5077,0.0000,0.0000,0.0000,-0.0011
1791179259.7152,0.0200,0.2056,0.0000,0.0000,0.0000,0.0000,0.0000,0.0000,0.1273,0.1258,0.5077,0.5077,0.0000,0.0000,0.0000,-0.0012
1791179259.7352,0.0200,0.2035,0.0000,0.0000,0.0000,0.0000,0.0000,0.0000,0.1273,0.1258,0.5077,0.5077,0.0000,0.0000,0.0000,-0.0012
1791179259.7551,0.0200,0.2187,0.0000,0.0000,0.0000,0.0000,0.0000,0.0000,0.1273,0.1258,0.5077,0.5077,0.0000,0.0000,0.0000,-0.0012
1791179259.7752,0.0200,0.2330,0.0000,0.0000,0.0000,0.0000,0.0000,0.0000,0.1273,0.1258,0.5077,0.5077,0.0000,0.0000,0.0000,-0.0011
1791179259.7952,0.0200,0.2642,0.0000,0.0000,0.0000,0.0000,0.0000,0.0000,0.1273,0.1258,0.5077,0.5077,0.0000,0.0000,0.0000,-0.0011
1791179259.8152,0.0200,0.2074,0.0000,0.0000,0.0000,0.0000,0.0000,0.0000,0.1273,0.1258,0.5077,0.5077,0.0000,0.0000,0.0000,-0.0011
1791179259.8352,0.0200,0.2269,0.0000,0.0000,0.0000,0.0000,0.0000,0.0000,0.1273,0.1258,0.5077,0.5077,0.0000,0.0000,0.0000,-0.0012
1791179259.8552,0.0200,0.1653,0.0000,0.0000,0.0000,0.0000,0.0000,0.0000,0.1273,0.1273,0.5077,0.5077,0.0000,0.0000,0.0000,-0.0011
1791179259.8752,0.0200,0.2432,0.0000,0.0000,0.0000,0.0000,0.0000,0.0000,0.1273,0.1273,0.5077,0.5077,0.0000,0.0000,0.0000,-0.0011
1791179259.8951,0.0200,0.1914,0.0000,0.0000,0.0000,0.0000,0.0000,0.0000,0.1273,0.1258,0.5077,0.5077,0.0000,0.0000,0.0000,-0.0011
1791179259.9152,0.0200,0.2415,0.0000,0.0000,0.0000,0.0000,0.0000,0.0000,0.1273,0.1258,0.5077,0.5077,0.0000,0.0000,0.0000,-0.0011
1791179259.9352,0.0200,0.2198,0.0000,0.0000,0.0000,0.0000,0.0000,0.0000,0.1273,0.1258,0.5077,0.5077,0.0000,0.0000,0.0000,-0.0012
1791179259.9552,0.0200,0.2389,0.0000,0.0000,0.0000,0.0000,0.0000,0.0000,0.1273,0.1258,0.5077,0.5077,0.0000,0.0000,0.0000,-0.0011
1791179259.9752,0.0200,0.1759,0.0000,0.0000,0.0000,0.0000,0.0000,0.0000,0.1273,0.1258,0.5077,0.5062,0.0000,0.0000,0.0000,-0.0011
1791179259.9951,0.0200,0.2538,0.0000,0.0000,0.0000,0.0000,0.0000,0.0000,0.1273,0.1258,0.5077,0.5077,0.0000,0.0000,0.0000,-0.0011
1791179260.0152,0.0201,0.2096,0.0000,0.0000,0.0000,0.0000,0.0000,0.0000,0.1273,0.1258,0.5077,0.5077,0.0000,0.0000,0.0000,-0.0012
1791179260.0351,0.0199,0.2499,0.0000,0.0000,0.0000,0.0000,0.0000,0.0000,0.1273,0.1258,0.5077,0.5077,0.0000,0.0000,0.0000,-0.0012
1791179260.0551,0.0200,0.2157,0.0000,0.0000,0.0000,0.0000,0.0000,0.0000,0.1273,0.1258,0.5077,0.5077,0.0000,0.0000,0.0000,-0.0011
1791179260.0752,0.0200,0.2279,0.0000,0.0000,0.0000,0.0000,0.0000,0.0000,0.1273,0.1258,0.5077,0.5077,0.0000,0.0000,0.0000,-0.0011
1791179260.0952,0.0200,0.2002,0.0000,0.0000,0.0000,0.0000,0.0000,0.0000,0.1273,0.1258,0.5077,0.5077,0.0000,0.0000,0.0000,-0.0011
1791179260.1151,0.0199,0.1842,0.0000,0.0000,0.0000,0.0000,0.0000,0.0000,0.1273,0.1258,0.5077,0.5077,0.0000,0.0000,0.0000,-0.0011
1791179260.1352,0.0200,0.2411,0.0000,0.0000,0.0000,0.0000,0.0000,0.0000,0.1273,0.1273,0.5077,0.5077,0.0000,0.0000,0.0000,-0.0011
1791179260.1552,0.0201,0.3121,0.0000,0.0000,0.0000,0.0000,0.0000,0.0000,0.1273,0.1289,0.5077,0.5077,0.0000,0.0000,0.0000,-0.0011
1791179260.1752,0.0199,0.2040,0.0000,0.0000,0.0000,0.0000,0.0000,0.0000,0.1273,0.1289,0.5077,0.5077,0.0000,0.0000,0.0000,-0.0011
1791179260.1952,0.0200,0.2524,0.0000,0.0000,0.0000,0.0000,0.0000,0.0000,0.1273,0.1289,0.5077,0.5077,0.0000,0.0000,0.0000,-0.0012
1791179260.2152,0.0200,0.2396,0.0000,0.0000,0.0000,0.0000,0.0000,0.0000,0.1273,0.1289,0.5077,0.5077,0.0000,0.0000,0.0000,-0.0012
1791179260.2352,0.0200,0.2254,0.0000,0.0000,0.0000,0.0000,0.0000,0.0000,0.1273,0.1289,0.5077,0.5077,0.0000,0.0000,0.0000,-0.0011
1791179260.2552,0.0200,0.2299,0.0000,0.0000,0.0000,0.0000,0.0000,0.0000,0.1273,0.1289,0.5077,0.5077,0.0000,0.0000,0.0000,-0.0011
1791179260.2752,0.0200,0.2006,0.0000,0.0000,0.0000,0.0000,0.0000,0.0000,0.1273,0.1289,0.5077,0.5077,0.0000,0.0000,0.0000,-0.0012
1791179260.2951,0.0200,0.2183,0.0000,0.0000,0.0000,0.0000,0.0000,0.0000,0.1273,0.1289,0.5077,0.5077,0.0000,0.0000,0.0000,-0.0012
1791179260.3152,0.0200,0.2347,0.0000,0.0000,0.0000,0.0000,0.0000,0.0000,0.1273,0.1289,0.5077,0.5077,0.0000,0.0000,0.0000,-0.0012
1791179260.3352,0.0200,0.1990,0.0000,0.0000,0.0000,0.0000,0.0000,0.0000,0.1273,0.1289,0.5077,0.5077,0.0000,0.0000,0.0000,-0.0012
1791179260.3552,0.0200,0.2376,0.0000,0.0000,0.0000,0.0000,0.0000,0.0000,0.1273,0.1289,0.5077,0.5077,0.0000,0.0000,0.0000,-0.0012
1791179260.3752,0.0200,0.2323,0.0000,0.0000,0.0000,0.0000,0.0000,0.0000,0.1273,0.1289,0.5077,0.5077,0.0000,0.0000,0.0000,-0.0011
1791179260.3952,0.0200,0.2808,0.0000,0.0000,0.0000,0.0000,0.0000,0.0000,0.1273,0.1289,0.5077,0.5077,0.0000,0.0000,0.0000,-0.0012
1791179260.4152,0.0200,0.2502,0.0000,0.0000,0.0000,0.0000,0.0000,0.0000,0.1273,0.1304,0.5077,0.5077,0.0000,0.0000,0.0000,-0.0011
1791179260.4352,0.0200,0.2499,0.0000,0.0000,0.0000,0.0000,0.0000,0.0000,0.1273,0.1289,0.5077,0.5062,0.0000,0.0000,0.0000,-0.0012
1791179260.4552,0.0200,0.2446,0.0000,0.0000,0.0000,0.0000,0.0000,0.0000,0.1273,0.1289,0.5077,0.5077,0.0000,0.0000,0.0000,-0.0011
1791179260.4752,0.0200,0.2395,0.0000,0.0000,0.0000,0.0000,0.0000,0.0000,0.1273,0.1289,0.5077,0.5077,0.0000,0.0000,0.0000,-0.0011
1791179260.4952,0.0200,0.2377,0.0000,0.0000,0.0000,0.0000,0.0000,0.0000,0.1273,0.1289,0.5077,0.5077,0.0000,0.0000,0.0000,-0.0011
1791179260.5152,0.0200,0.2361,0.0000,0.0000,0.0000,0.0000,0.0000,0.0000,0.1273,0.1289,0.5077,0.5077,0.0000,0.0000,0.0000,-0.0011
1791179260.5351,0.0200,0.1847,0.0000,0.0000,0.0000,0.0000,0.0000,0.0000,0.1273,0.1289,0.5077,0.5077,0.0000,0.0000,0.0000,-0.0009
1791179260.5551,0.0200,0.2175,0.0000,0.0000,0.0000,0.0000,0.0000,0.0000,0.1273,0.1304,0.5077,0.5077,0.0000,0.0000,0.0000,-0.0011
1791179260.5751,0.0200,0.1871,0.0000,0.0000,0.0000,0.0000,0.0000,0.0000,0.1273,0.1289,0.5077,0.5077,0.0000,0.0000,0.0000,-0.0009
1791179260.5951,0.0200,0.2415,0.0000,0.0000,0.0000,0.0000,0.0000,0.0000,0.1273,0.1289,0.5077,0.5077,0.0000,0.0000,0.0000,-0.0007
1791179260.6152,0.0200,0.2480,0.0000,0.0000,0.0000,0.0000,0.0000,0.0240,0.1273,0.1289,0.5077,0.5077,0.0000,0.0004,0.0028,-0.0007
1791179260.6351,0.0200,0.1688,0.0000,0.0000,0.0000,0.0000,0.0000,0.0000,0.1273,0.1304,0.5077,0.5077,0.0000,0.0000,0.0000,-0.0007
1791179260.6552,0.0200,0.2375,0.0000,0.0000,0.0000,0.0000,0.0000,0.0000,0.1273,0.1304,0.5077,0.5077,0.0000,0.0000,0.0000,-0.0007
1791179260.6752,0.0200,0.2280,0.0000,0.0000,0.0000,0.0000,0.0000,0.0000,0.1273,0.1304,0.5077,0.5077,0.0000,0.0000,0.0000,-0.0007
1791179260.6952,0.0200,0.2172,0.0000,0.0000,0.0000,0.0000,0.0000,0.0000,0.1273,0.1304,0.5077,0.5077,0.0000,0.0000,0.0000,-0.0007
1791179260.7151,0.0200,0.2274,0.0000,0.0000,0.0000,0.0000,0.0000,0.0000,0.1273,0.1289,0.5077,0.5077,0.0000,0.0000,0.0000,-0.0007
1791179260.7351,0.0200,0.1866,0.0000,0.0000,0.0000,0.0000,0.0000,0.0000,0.1273,0.1304,0.5077,0.5077,0.0000,0.0000,0.0000,-0.0007
1791179260.7552,0.0200,0.2466,0.0000,0.0000,0.0000,0.0000,0.0000,0.0000,0.1273,0.1304,0.5077,0.5077,0.0000,0.0000,0.0000,-0.0007
1791179260.7752,0.0200,0.2309,0.0000,0.0000,0.0000,0.0000,0.0000,0.0000,0.1273,0.1304,0.5077,0.5077,0.0000,0.0000,0.0000,-0.0007
1791179260.7952,0.0200,0.2269,0.0000,0.0000,0.0000,0.0000,0.0000,0.0000,0.1273,0.1304,0.5077,0.5077,0.0000,0.0000,0.0000,-0.0005
1791179260.8152,0.0200,0.2160,0.0000,0.0000,0.0000,0.0000,0.0000,0.0000,0.1273,0.1304,0.5077,0.5077,0.0000,0.0000,0.0000,-0.0007
1791179260.8352,0.0200,0.2315,0.0000,0.0000,0.0000,0.0000,0.0000,0.0000,0.1273,0.1304,0.5077,0.5077,0.0000,0.0000,0.0000,-0.0007
1791179260.8552,0.0200,0.1644,0.0000,0.0000,0.0000,0.0000,0.0000,0.0000,0.1273,0.1304,0.5077,0.5077,0.0000,0.0000,0.0000,-0.0007
1791179260.8751,0.0200,0.2634,0.0000,0.0000,0.0000,0.0000,0.0000,0.0000,0.1273,0.1304,0.5077,0.5077,0.0000,0.0000,0.0000,-0.0007
1791179260.8951,0.0200,0.2347,0.0000,0.0000,0.0000,0.0000,0.0000,0.0000,0.1273,0.1304,0.5077,0.5077,0.0000,0.0000,0.0000,-0.0007
1791179260.9152,0.0200,0.2510,0.0000,0.0000,0.0000,0.0000,0.0000,0.0000,0.1273,0.1304,0.5077,0.5077,0.0000,0.0000,0.0000,-0.0005
1791179260.9352,0.0200,0.2087,0.0000,0.0000,0.0000,0.0000,0.0000,0.0000,0.1273,0.1304,0.5077,0.5077,0.0000,0.0000,0.0000,-0.0005
1791179260.9551,0.0199,0.1880,0.0000,0.0000,0.0000,0.0000,0.0000,0.0000,0.1273,0.1304,0.5077,0.5077,0.0000,0.0000,0.0000,-0.0005
1791179260.9752,0.0200,0.2418,0.0000,0.0000,0.0000,0.0000,0.0000,0.0000,0.1273,0.1304,0.5077,0.5077,0.0000,0.0000,0.0000,-0.0007
1791179260.9952,0.0200,0.2871,0.0000,0.0000,0.0000,0.0000,0.0000,0.0000,0.1273,0.1304,0.5077,0.5077,0.0000,0.0000,0.0000,-0.0005
1791179261.0152,0.0200,0.2436,0.0000,0.0000,0.0000,0.0000,0.0000,0.0000,0.1273,0.1304,0.5077,0.5077,0.0000,0.0000,0.0000,-0.0005
1791179261.0352,0.0200,0.2240,0.0000,0.0000,0.0000,0.0000,0.0000,0.0000,0.1273,0.1304,0.5077,0.5077,0.0000,0.0000,0.0000,-0.0005
1791179261.0552,0.0200,0.1851,0.0000,0.0000,0.0000,0.0000,0.0000,0.0000,0.1273,0.1304,0.5077,0.5077,0.0000,0.0000,0.0000,-0.0007
1791179261.0751,0.0200,0.2239,0.0000,0.0000,0.0000,0.0000,0.0000,0.0000,0.1273,0.1304,0.5077,0.5077,0.0000,0.0000,0.0000,-0.0005
1791179261.0952,0.0200,0.2423,0.0000,0.0000,0.0000,0.0000,0.0000,0.0000,0.1273,0.1304,0.5077,0.5077,0.0000,0.0000,0.0000,-0.0005
1791179261.1152,0.0200,0.1812,0.0000,0.0000,0.0000,0.0000,0.0000,0.0000,0.1273,0.1304,0.5077,0.5077,0.0000,0.0000,0.0000,-0.0005
1791179261.1351,0.0200,0.1811,0.0000,0.0000,0.0000,0.0000,0.0000,0.0000,0.1273,0.1304,0.5077,0.5077,0.0000,0.0000,0.0000,-0.0005
1791179261.1551,0.0200,0.2175,0.0000,0.0000,0.0000,0.0000,0.0000,0.0000,0.1273,0.1304,0.5077,0.5077,0.0000,0.0000,0.0000,-0.0005
1791179261.1752,0.0200,0.2340,0.0000,0.0000,0.0000,0.0000,0.0000,0.0000,0.1273,0.1304,0.5077,0.5077,0.0000,0.0000,0.0000,-0.0005
1791179261.1952,0.0200,0.3107,0.0000,0.0000,0.0000,0.0000,0.0000,0.0000,0.1273,0.1304,0.5077,0.5077,0.0000,0.0000,0.0000,-0.0005
1791179261.2152,0.0200,0.2147,0.0000,0.0000,0.0000,0.0000,0.0000,0.0000,0.1273,0.1304,0.5077,0.5077,0.0000,0.0000,0.0000,-0.0004
1791179261.2351,0.0200,0.2180,0.0000,0.0000,0.0000,0.0000,0.0000,0.0000,0.1273,0.1304,0.5077,0.5077,0.0000,0.0000,0.0000,-0.0004
1791179261.2552,0.0200,0.2348,0.0000,0.0000,0.0000,0.0000,0.0000,0.0000,0.1273,0.1304,0.5077,0.5077,0.0000,0.0000,0.0000,-0.0004
1791179261.2752,0.0200,0.2352,0.0000,0.0000,0.0000,0.0000,0.0000,0.0000,0.1273,0.1304,0.5077,0.5077,0.0000,0.0000,0.0000,-0.0004
1791179261.2952,0.0200,0.3176,0.0000,0.0000,0.0000,0.0000,0.0000,0.0000,0.1273,0.1304,0.5077,0.5077,0.0000,0.0000,0.0000,-0.0004
1791179261.3152,0.0200,0.2411,0.0000,0.0000,0.0000,0.0000,0.0000,0.0000,0.1273,0.1304,0.5077,0.5077,0.0000,0.0000,0.0000,-0.0004
1791179261.3352,0.0200,0.2412,0.0000,0.0000,0.0000,0.0000,0.0000,0.0000,0.1273,0.1304,0.5077,0.5077,0.0000,0.0000,0.0000,-0.0005
1791179261.3552,0.0200,0.2304,0.0000,0.0000,0.0000,0.0000,0.0000,0.0000,0.1273,0.1304,0.5077,0.5062,0.0000,0.0000,0.0000,-0.0004
1791179261.3752,0.0200,0.2305,0.0000,0.0000,0.0000,0.0000,0.0000,0.0000,0.1273,0.1304,0.5077,0.5077,0.0000,0.0000,0.0000,-0.0004
1791179261.3952,0.0200,0.2306,0.0000,0.0000,0.0000,0.0000,0.0000,0.0000,0.1273,0.1304,0.5077,0.5077,0.0000,0.0000,0.0000,-0.0002
1791179261.4152,0.0200,0.2236,0.0000,0.0000,0.0000,0.0000,0.0000,0.0000,0.1273,0.1304,0.5077,0.5077,0.0000,0.0000,0.0000,-0.0004
1791179261.4352,0.0200,0.2620,0.0000,0.0000,0.0000,0.0000,0.0000,0.0000,0.1273,0.1304,0.5077,0.5077,0.0000,0.0000,0.0000,-0.0004
1791179261.4552,0.0200,0.2248,0.0000,0.0000,0.0000,0.0000,0.0000,0.0000,0.1273,0.1304,0.5077,0.5077,0.0000,0.0000,0.0000,-0.0004
1791179261.4752,0.0200,0.2285,0.0000,0.0000,0.0000,0.0000,0.0000,0.0000,0.1273,0.1304,0.5077,0.5077,0.0000,0.0000,0.0000,-0.0002
1791179261.4952,0.0200,0.3209,0.0000,0.0000,0.0000,0.0000,0.0000,0.0000,0.1273,0.1304,0.5077,0.5077,0.0000,0.0000,0.0000,-0.0002
1791179261.5151,0.0200,0.2381,0.0000,0.0000,0.0000,0.0000,0.0000,0.0000,0.1273,0.1319,0.5077,0.5077,0.0000,0.0000,0.0000,-0.0002
1791179261.5351,0.0200,0.2556,0.0000,0.0000,0.0000,0.0000,0.0000,0.0000,0.1273,0.1304,0.5077,0.5062,0.0000,0.0000,0.0000,-0.0002
1791179261.5551,0.0200,0.2395,0.0000,0.0000,0.0000,0.0000,0.0000,0.0000,0.1273,0.1304,0.5077,0.5077,0.0000,0.0000,0.0000,-0.0002
1791179261.5751,0.0200,0.2118,0.0000,0.0000,0.0000,0.0000,0.0000,0.0000,0.1273,0.1304,0.5077,0.5077,0.0000,0.0000,0.0000,-0.0002
1791179261.5951,0.0200,0.2168,0.0000,0.0000,0.0000,0.0000,0.0000,0.0000,0.1273,0.1304,0.5077,0.5077,0.0000,0.0000,0.0000,-0.0002
1791179261.6152,0.0200,0.2412,0.0000,0.0000,0.0000,0.0000,0.0000,0.0000,0.1273,0.1304,0.5077,0.5077,0.0000,0.0000,0.0000,-0.0002
1791179261.6351,0.0200,0.2100,0.0000,0.0000,0.0000,0.0000,0.0000,0.0000,0.1273,0.1304,0.5077,0.5077,0.0000,0.0000,0.0000,-0.0000
1791179261.6551,0.0200,0.2481,0.0000,0.0000,0.0000,0.0000,0.0000,0.0000,0.1273,0.1319,0.5077,0.5077,0.0000,0.0000,0.0000,-0.0002
1791179261.6751,0.0200,0.1446,0.0000,0.0000,0.0000,0.0000,0.0000,0.0000,0.1273,0.1304,0.5077,0.5077,0.0000,0.0000,0.0000,-0.0000
1791179261.6951,0.0200,0.2057,0.0000,0.0000,0.0000,0.0000,0.0000,0.0000,0.1273,0.1304,0.5077,0.5077,0.0000,0.0000,0.0000,-0.0002
1791179261.7152,0.0200,0.2281,0.0000,0.0000,0.0000,0.0000,0.0000,0.0000,0.1273,0.1304,0.5077,0.5077,0.0000,0.0000,0.0000,-0.0002
1791179261.7352,0.0200,0.2687,0.0000,0.0000,0.0000,0.0000,0.0000,0.0000,0.1273,0.1304,0.5077,0.5077,0.0000,0.0000,0.0000,-0.0002
1791179261.7552,0.0200,0.2225,0.0000,0.0000,0.0000,0.0000,0.0000,0.0000,0.1273,0.1289,0.5077,0.5077,0.0000,0.0000,0.0000,-0.0002
1791179261.7752,0.0200,0.2709,0.0000,0.0000,0.0000,0.0000,0.0000,0.0000,0.1273,0.1289,0.5077,0.5077,0.0000,0.0000,0.0000,-0.0004
1791179261.7952,0.0200,0.2684,0.0000,0.0000,0.0000,0.0240,0.0000,0.0000,0.1273,0.1289,0.5077,0.5077,0.0000,0.0004,-0.0028,-0.0004
1791179261.8152,0.0200,0.2317,0.0000,0.0000,0.0000,0.0000,0.0000,0.0000,0.1273,0.1273,0.5077,0.5077,0.0000,0.0000,0.0000,-0.0005
1791179261.8352,0.0200,0.2024,0.0000,0.0000,0.0000,0.0000,0.0000,0.0000,0.1273,0.1258,0.5077,0.5077,0.0000,0.0000,0.0000,-0.0007
1791179261.8552,0.0200,0.1990,0.0000,0.0000,0.0000,0.0240,0.0000,0.0000,0.1273,0.1258,0.5077,0.5077,0.0000,0.0004,-0.0028,-0.0007
1791179261.8751,0.0200,0.2199,0.0000,0.0000,0.0000,0.0000,0.0000,0.0000,0.1273,0.1258,0.5077,0.5077,0.0000,0.0000,0.0000,-0.0007
1791179261.8952,0.0200,0.2333,0.0000,0.0000,0.0000,0.0000,0.0000,0.0000,0.1273,0.1258,0.5077,0.5077,0.0000,0.0000,0.0000,-0.0005
1791179261.9152,0.0200,0.1673,0.0000,0.0000,0.0000,0.0000,0.0000,0.0000,0.1273,0.1258,0.5077,0.5077,0.0000,0.0000,0.0000,-0.0007
1791179261.9351,0.0200,0.2189,0.0000,0.0000,0.0000,0.0000,0.0000,0.0000,0.1273,0.1243,0.5077,0.5077,0.0000,0.0000,0.0000,-0.0007
1791179261.9552,0.0200,0.1999,0.0000,0.0000,0.0000,0.0000,0.0000,0.0000,0.1273,0.1243,0.5077,0.5077,0.0000,0.0000,0.0000,-0.0007
1791179261.9751,0.0200,0.1891,0.0000,0.0000,0.0000,0.0000,0.0000,-0.0240,0.1273,0.1258,0.5077,0.5077,0.0000,-0.0004,-0.0028,-0.0007
1791179261.9951,0.0200,0.2166,0.0000,0.0000,0.0000,0.0000,0.0000,-0.0240,0.1273,0.1258,0.5077,0.5077,0.0000,-0.0004,-0.0028,-0.0007
1791179262.0152,0.0200,0.2303,0.0000,0.0000,0.0000,0.0000,0.0000,0.0000,0.1273,0.1258,0.5077,0.5077,0.0000,0.0000,0.0000,-0.0007
1791179262.0352,0.0200,0.2272,0.0000,0.0000,0.0000,0.0000,0.0000,0.0000,0.1273,0.1243,0.5077,0.5077,0.0000,0.0000,0.0000,-0.0009
1791179262.0552,0.0200,0.1718,0.0000,0.0000,0.0000,0.0000,0.0000,0.0000,0.1273,0.1243,0.5077,0.5077,0.0000,0.0000,0.0000,-0.0007
1791179262.0751,0.0200,0.2739,0.0000,0.0000,0.0000,0.0000,0.0000,0.0000,0.1273,0.1243,0.5077,0.5077,0.0000,0.0000,0.0000,-0.0009
1791179262.0952,0.0200,0.2266,0.0000,0.0000,0.0000,0.0000,0.0000,0.0000,0.1273,0.1243,0.5077,0.5077,0.0000,0.0000,0.0000,-0.0009
1791179262.1152,0.0200,0.2403,0.0000,0.0000,0.0000,0.0000,0.0000,0.0000,0.1273,0.1243,0.5077,0.5077,0.0000,0.0000,0.0000,-0.0009
1791179262.1352,0.0200,0.1787,0.0000,0.0000,0.0000,0.0000,0.0000,0.0000,0.1273,0.1243,0.5077,0.5077,0.0000,0.0000,0.0000,-0.0009
1791179262.1551,0.0199,0.2067,0.0000,0.0000,0.0000,0.0000,0.0000,0.0000,0.1273,0.1258,0.5077,0.5077,0.0000,0.0000,0.0000,-0.0009
1791179262.1752,0.0200,0.2135,0.0000,0.0000,0.0000,0.0000,0.0000,0.0000,0.1273,0.1243,0.5077,0.5077,0.0000,0.0000,0.0000,-0.0009
1791179262.1952,0.0200,0.2312,0.0000,0.0000,0.0000,0.0000,0.0000,0.0000,0.1273,0.1243,0.5077,0.5077,0.0000,0.0000,0.0000,-0.0009
1791179262.2152,0.0200,0.2130,0.0000,0.0000,0.0000,0.0000,0.0000,0.0000,0.1273,0.1243,0.5077,0.5077,0.0000,0.0000,0.0000,-0.0009
1791179262.2352,0.0200,0.2514,0.0000,0.0000,0.0000,0.0000,0.0000,0.0000,0.1273,0.1243,0.5077,0.5077,0.0000,0.0000,0.0000,-0.0009
1791179262.2552,0.0200,0.2383,0.0000,0.0000,0.0000,0.0000,0.0000,0.0000,0.1273,0.1243,0.5077,0.5077,0.0000,0.0000,0.0000,-0.0011
1791179262.2752,0.0200,0.2386,0.0000,0.0000,0.0000,0.0000,0.0000,0.0000,0.1273,0.1243,0.5077,0.5077,0.0000,0.0000,0.0000,-0.0011
1791179262.2952,0.0200,0.3207,0.0000,0.0000,0.0000,0.0000,0.0000,0.0000,0.1273,0.1243,0.5077,0.5077,0.0000,0.0000,0.0000,-0.0011
1791179262.3152,0.0200,0.2454,0.0000,0.0000,0.0000,0.0000,0.0000,0.0000,0.1273,0.1243,0.5077,0.5077,0.0000,0.0000,0.0000,-0.0011
1791179262.3352,0.0200,0.2010,0.0000,0.0000,0.0000,0.0000,0.0000,0.0000,0.1273,0.1243,0.5077,0.5077,0.0000,0.0000,0.0000,-0.0011
1791179262.3551,0.0200,0.2872,0.0000,0.0000,0.0000,0.0000,0.0000,0.0000,0.1273,0.1243,0.5077,0.5077,0.0000,0.0000,0.0000,-0.0011
1791179262.3752,0.0200,0.2184,0.0000,0.0000,0.0000,0.0000,0.0000,0.0000,0.1273,0.1243,0.5077,0.5077,0.0000,0.0000,0.0000,-0.0011
1791179262.3952,0.0200,0.2347,0.0000,0.0000,0.0000,0.0000,0.0000,0.0000,0.1273,0.1243,0.5077,0.5077,0.0000,0.0000,0.0000,-0.0011
1791179262.4152,0.0200,0.2452,0.0000,0.0000,0.0000,0.0000,0.0000,0.0000,0.1273,0.1243,0.5077,0.5077,0.0000,0.0000,0.0000,-0.0011
1791179262.4352,0.0200,0.2117,0.0000,0.0000,0.0000,0.0000,0.0000,0.0000,0.1273,0.1243,0.5077,0.5077,0.0000,0.0000,0.0000,-0.0011
1791179262.4552,0.0200,0.2356,0.0000,0.0000,0.0000,0.0000,0.0000,0.0000,0.1273,0.1243,0.5077,0.5077,0.0000,0.0000,0.0000,-0.0011
1791179262.4752,0.0200,0.2327,0.0000,0.0000,0.0000,0.0000,0.0000,0.0000,0.1273,0.1243,0.5077,0.5077,0.0000,0.0000,0.0000,-0.0011
1791179262.4952,0.0200,0.2308,0.0000,0.0000,0.0000,0.0000,0.0000,0.0000,0.1273,0.1243,0.5077,0.5077,0.0000,0.0000,0.0000,-0.0011
1791179262.5152,0.0200,0.2242,0.0000,0.0000,0.0000,0.0000,0.0000,0.0000,0.1273,0.1243,0.5077,0.5077,0.0000,0.0000,0.0000,-0.0011
1791179262.5352,0.0200,0.2267,0.0000,0.0000,0.0000,0.0000,0.0000,0.0000,0.1273,0.1243,0.5077,0.5077,0.0000,0.0000,0.0000,-0.0012
1791179262.5552,0.0199,0.2362,0.0000,0.0000,0.0000,0.0000,0.0000,0.0000,0.1273,0.1258,0.5077,0.5077,0.0000,0.0000,0.0000,-0.0011
1791179262.5752,0.0200,0.2314,0.0000,0.0000,0.0000,0.0000,0.0000,0.0000,0.1273,0.1258,0.5077,0.5077,0.0000,0.0000,0.0000,-0.0011
1791179262.5952,0.0200,0.2346,0.0000,0.0000,0.0000,0.0000,0.0000,0.0000,0.1273,0.1258,0.5077,0.5077,0.0000,0.0000,0.0000,-0.0009
1791179262.6152,0.0200,0.2507,0.0000,0.0000,0.0000,0.0000,0.0000,0.0240,0.1273,0.1304,0.5077,0.5062,0.0000,0.0004,0.0028,-0.0009
1791179262.6351,0.0200,0.1853,0.0000,0.0000,0.0000,0.0000,0.0000,0.0000,0.1273,0.1304,0.5077,0.5077,0.0000,0.0000,0.0000,-0.0011
1791179262.6551,0.0200,0.1849,0.0000,0.0000,0.0000,0.0000,0.0000,0.0000,0.1273,0.1304,0.5077,0.5077,0.0000,0.0000,0.0000,-0.0011
1791179262.6751,0.0200,0.1860,0.0000,0.0000,0.0000,0.0000,0.0000,0.0000,0.1273,0.1304,0.5077,0.5062,0.0000,0.0000,0.0000,-0.0009
1791179262.6951,0.0200,0.1838,0.0000,0.0000,0.0000,0.0000,0.0000,0.0240,0.1273,0.1304,0.5077,0.5077,0.0000,0.0004,0.0028,-0.0009
1791179262.7152,0.0200,0.2313,0.0000,0.0000,0.0000,0.0000,0.0000,0.0000,0.1273,0.1304,0.5077,0.5077,0.0000,0.0000,0.0000,-0.0009
1791179262.7352,0.0200,0.2413,0.0000,0.0000,0.0000,0.0000,0.0000,0.0000,0.1273,0.1304,0.5077,0.5077,0.0000,0.0000,0.0000,-0.0009
1791179262.7552,0.0200,0.2379,0.0000,0.0000,0.0000,0.0000,0.0000,0.0000,0.1273,0.1289,0.5077,0.5077,0.0000,0.0000,0.0000,-0.0009
1791179262.7752,0.0200,0.2346,0.0000,0.0000,0.0000,0.0000,0.0000,0.0000,0.1273,0.1289,0.5077,0.5077,0.0000,0.0000,0.0000,-0.0009
1791179262.7952,0.0200,0.2326,0.0000,0.0000,0.0000,0.0000,0.0000,0.0000,0.1273,0.1289,0.5077,0.5077,0.0000,0.0000,0.0000,-0.0011
1791179262.8152,0.0200,0.1795,0.0000,0.0000,0.0000,0.0000,0.0000,-0.0240,0.1273,0.1289,0.5077,0.5077,0.0000,-0.0004,-0.0028,-0.0012
1791179262.8352,0.0200,0.2429,0.0000,0.0000,0.0000,0.0000,0.0000,-0.0240,0.1273,0.1289,0.5077,0.5077,0.0000,-0.0004,-0.0028,-0.0012
1791179262.8552,0.0200,0.2308,0.0000,0.0000,0.0000,0.0000,0.0000,0.0000,0.1273,0.1289,0.5077,0.5077,0.0000,0.0000,0.0000,-0.0012
1791179262.8752,0.0200,0.2340,0.0000,0.0000,0.0000,0.0000,0.0000,0.0000,0.1273,0.1289,0.5077,0.5077,0.0000,0.0000,0.0000,-0.0011
1791179262.8952,0.0200,0.2321,0.0000,0.0000,0.0000,0.0000,0.0000,0.0000,0.1273,0.1289,0.5077,0.5077,0.0000,0.0000,0.0000,-0.0011
1791179262.9152,0.0200,0.2247,0.0000,0.0000,0.0000,0.0000,0.0000,0.0000,0.1273,0.1289,0.5077,0.5077,0.0000,0.0000,0.0000,-0.0011
1791179262.9352,0.0200,0.2280,0.0000,0.0000,0.0000,0.0000,0.0000,0.0000,0.1273,0.1289,0.5077,0.5077,0.0000,0.0000,0.0000,-0.0011
1791179262.9552,0.0200,0.1650,0.0000,0.0000,0.0000,0.0000,0.0000,0.0000,0.1273,0.1289,0.5077,0.5077,0.0000,0.0000,0.0000,-0.0011
1791179262.9751,0.0200,0.2360,0.0000,0.0000,0.0000,0.0000,0.0000,0.0000,0.1273,0.1289,0.5077,0.5077,0.0000,0.0000,0.0000,-0.0011
1791179262.9952,0.0200,0.2303,0.0000,0.0000,0.0000,0.0000,0.0000,0.0000,0.1273,0.1289,0.5077,0.5077,0.0000,0.0000,0.0000,-0.0011
1791179263.0152,0.0200,0.1634,0.0000,0.0000,0.0000,0.0000,0.0000,0.0000,0.1273,0.1289,0.5077,0.5077,0.0000,0.0000,0.0000,-0.0011
1791179263.0351,0.0200,0.1857,0.0000,0.0000,0.0000,0.0000,0.0000,0.0000,0.1273,0.1289,0.5077,0.5077,0.0000,0.0000,0.0000,-0.0011
1791179263.0552,0.0200,0.3309,0.0000,0.0000,0.0000,0.0000,0.0000,0.0000,0.1273,0.1289,0.5077,0.5077,0.0000,0.0000,0.0000,-0.0011
1791179263.0751,0.0200,0.1942,0.0000,0.0000,0.0000,0.0000,0.0000,0.0000,0.1273,0.1289,0.5077,0.5077,0.0000,0.0000,0.0000,-0.0011
1791179263.0951,0.0200,0.2825,0.0000,0.0000,0.0000,0.0000,0.0000,0.0000,0.1273,0.1289,0.5077,0.5077,0.0000,0.0000,0.0000,-0.0011
1791179263.1151,0.0200,0.2245,0.0000,0.0000,0.0000,0.0000,0.0000,0.0000,0.1273,0.1289,0.5077,0.5077,0.0000,0.0000,0.0000,-0.0011
1791179263.1352,0.0200,0.1870,0.0000,0.0000,0.0000,0.0000,0.0000,0.0000,0.1273,0.1289,0.5077,0.5077,0.0000,0.0000,0.0000,-0.0011
1791179263.1552,0.0200,0.2687,0.0000,0.0000,0.0000,0.0000,0.0000,0.0000,0.1273,0.1273,0.5077,0.5077,0.0000,0.0000,0.0000,-0.0011
1791179263.1752,0.0200,0.1900,0.0000,0.0000,0.0000,0.0000,0.0000,0.0000,0.1273,0.1273,0.5077,0.5077,0.0000,0.0000,0.0000,-0.0011
1791179263.1952,0.0200,0.1731,0.0000,0.0000,0.0000,0.0000,0.0000,0.0000,0.1273,0.1273,0.5077,0.5077,0.0000,0.0000,0.0000,-0.0012
1791179263.2152,0.0200,0.1909,0.0000,0.0000,0.0000,0.0000,0.0000,0.0000,0.1273,0.1273,0.5077,0.5077,0.0000,0.0000,0.0000,-0.0011
1791179263.2351,0.0200,0.2079,0.0000,0.0000,0.0000,0.0000,0.0000,0.0000,0.1273,0.1273,0.5077,0.5077,0.0000,0.0000,0.0000,-0.0011
1791179263.2552,0.0201,0.2083,0.0000,0.0000,0.0000,0.0000,0.0000,0.0000,0.1273,0.1273,0.5077,0.5077,0.0000,0.0000,0.0000,-0.0011
1791179263.2751,0.0199,0.1898,0.0000,0.0000,0.0000,0.0000,0.0000,0.0000,0.1273,0.1273,0.5077,0.5077,0.0000,0.0000,0.0000,-0.0011
1791179263.2952,0.0200,0.2433,0.0000,0.0000,0.0000,0.0000,0.0000,0.0000,0.1273,0.1273,0.5077,0.5077,0.0000,0.0000,0.0000,-0.0011
1791179263.3152,0.0200,0.2097,0.0000,0.0000,0.0000,0.0000,0.0000,0.0000,0.1273,0.1273,0.5077,0.5077,0.0000,0.0000,0.0000,-0.0011
1791179263.3352,0.0200,0.2284,0.0000,0.0000,0.0000,0.0000,0.0000,0.0000,0.1273,0.1273,0.5077,0.5077,0.0000,0.0000,0.0000,-0.0011
1791179263.3552,0.0200,0.1963,0.0000,0.0000,0.0000,0.0000,0.0000,0.0000,0.1273,0.1273,0.5077,0.5077,0.0000,0.0000,0.0000,-0.0012
1791179263.3751,0.0200,0.2895,0.0000,0.0000,0.0000,0.0000,0.0000,0.0000,0.1273,0.1273,0.5077,0.5077,0.0000,0.0000,0.0000,-0.0011
1791179263.3952,0.0200,0.3231,0.0000,0.0000,0.0000,0.0000,0.0000,0.0000,0.1273,0.1273,0.5077,0.5077,0.0000,0.0000,0.0000,-0.0012
1791179263.4152,0.0200,0.2119,0.0000,0.0000,0.0000,0.0000,0.0000,0.0000,0.1273,0.1273,0.5077,0.5077,0.0000,0.0000,0.0000,-0.0012
1791179263.4352,0.0200,0.2338,0.0000,0.0000,0.0000,0.0000,0.0000,0.0000,0.1273,0.1273,0.5077,0.5077,0.0000,0.0000,0.0000,-0.0011
1791179263.4552,0.0200,0.2011,0.0000,0.0000,0.0000,0.0000,0.0000,0.0000,0.1273,0.1273,0.5077,0.5077,0.0000,0.0000,0.0000,-0.0011
1791179263.4751,0.0200,0.2155,0.0000,0.0000,0.0000,0.0000,0.0000,0.0000,0.1273,0.1273,0.5077,0.5077,0.0000,0.0000,0.0000,-0.0011
1791179263.4952,0.0200,0.2287,0.0000,0.0000,0.0000,0.0000,0.0000,0.0000,0.1273,0.1273,0.5077,0.5077,0.0000,0.0000,0.0000,-0.0011
1791179263.5152,0.0200,0.2381,0.0000,0.0000,0.0000,0.0000,0.0000,0.0000,0.1273,0.1273,0.5077,0.5077,0.0000,0.0000,0.0000,-0.0011
1791179263.5352,0.0200,0.2212,0.0000,0.0000,0.0000,0.0000,0.0000,0.0000,0.1273,0.1273,0.5077,0.5077,0.0000,0.0000,0.0000,-0.0011
1791179263.5552,0.0200,0.2209,0.0000,0.0000,0.0000,0.0000,0.0000,0.0000,0.1273,0.1273,0.5077,0.5077,0.0000,0.0000,0.0000,-0.0011
1791179263.5752,0.0200,0.2341,0.0000,0.0000,0.0000,0.0000,0.0000,0.0000,0.1273,0.1273,0.5077,0.5077,0.0000,0.0000,0.0000,-0.0011
1791179263.5952,0.0200,0.2340,0.0000,0.0000,0.0000,0.0000,0.0000,0.0000,0.1273,0.1273,0.5077,0.5077,0.0000,0.0000,0.0000,-0.0011
1791179263.6152,0.0200,0.2338,0.0000,0.0000,0.0000,0.0000,0.0000,0.0000,0.1273,0.1273,0.5077,0.5077,0.0000,0.0000,0.0000,-0.0011
1791179263.6352,0.0200,0.2300,0.0000,0.0000,0.0000,0.0000,0.0000,0.0000,0.1273,0.1273,0.5077,0.5077,0.0000,0.0000,0.0000,-0.0011
1791179263.6552,0.0200,0.2341,0.0000,0.0000,0.0000,0.0000,0.0000,0.0000,0.1273,0.1273,0.5077,0.5077,0.0000,0.0000,0.0000,-0.0011
1791179263.6751,0.0200,0.1867,0.0000,0.0000,0.0000,0.0000,0.0000,0.0000,0.1273,0.1273,0.5077,0.5077,0.0000,0.0000,0.0000,-0.0011
1791179263.6951,0.0200,0.1862,0.0000,0.0000,0.0000,0.0000,0.0000,0.0000,0.1273,0.1273,0.5077,0.5077,0.0000,0.0000,0.0000,-0.0011
1791179263.7151,0.0200,0.1826,0.0000,0.0000,0.0000,0.0000,0.0000,0.0000,0.1273,0.1273,0.5077,0.5077,0.0000,0.0000,0.0000,-0.0011
1791179263.7351,0.0200,0.1806,0.0000,0.0000,0.0000,0.0000,0.0000,0.0000,0.1273,0.1273,0.5077,0.5062,0.0000,0.0000,0.0000,-0.0011
1791179263.7551,0.0200,0.2124,0.0000,0.0000,0.0000,0.0000,0.0000,0.0000,0.1273,0.1273,0.5077,0.5062,0.0000,0.0000,0.0000,-0.0011
1791179263.7751,0.0200,0.1816,0.0000,0.0000,0.0000,0.0000,0.0000,0.0000,0.1273,0.1273,0.5077,0.5077,0.0000,0.0000,0.0000,-0.0012
1791179263.7951,0.0200,0.2395,0.0000,0.0000,0.0000,0.0000,0.0000,0.0000,0.1273,0.1273,0.5077,0.5077,0.0000,0.0000,0.0000,-0.0012
1791179263.8152,0.0200,0.2336,0.0000,0.0000,0.0000,0.0000,0.0000,0.0000,0.1273,0.1273,0.5077,0.5077,0.0000,0.0000,0.0000,-0.0011
1791179263.8351,0.0200,0.1821,0.0000,0.0000,0.0000,0.0000,0.0000,0.0000,0.1273,0.1273,0.5077,0.5077,0.0000,0.0000,0.0000,-0.0011
1791179263.8551,0.0200,0.2351,0.0000,0.0000,0.0000,0.0000,0.0000,0.0000,0.1273,0.1273,0.5077,0.5077,0.0000,0.0000,0.0000,-0.0011
1791179263.8752,0.0200,0.2371,0.0000,0.0000,0.0000,0.0000,0.0000,0.0000,0.1273,0.1273,0.5077,0.5077,0.0000,0.0000,0.0000,-0.0011
1791179263.8952,0.0200,0.2286,0.0000,0.0000,0.0000,0.0000,0.0000,0.0000,0.1273,0.1273,0.5077,0.5077,0.0000,0.0000,0.0000,-0.0011
1791179263.9152,0.0200,0.2406,0.0000,0.0000,0.0000,0.0000,0.0000,0.0000,0.1273,0.1273,0.5077,0.5077,0.0000,0.0000,0.0000,-0.0011
1791179263.9352,0.0200,0.2239,0.0000,0.0000,0.0000,0.0000,0.0000,0.0000,0.1273,0.1273,0.5077,0.5077,0.0000,0.0000,0.0000,-0.0011
1791179263.9552,0.0200,0.2656,0.0000,0.0000,0.0000,0.0000,0.0000,0.0000,0.1273,0.1273,0.5077,0.5077,0.0000,0.0000,0.0000,-0.0011
1791179263.9752,0.0200,0.2069,0.0000,0.0000,0.0000,0.0000,0.0000,0.0000,0.1273,0.1273,0.5077,0.5077,0.0000,0.0000,0.0000,-0.0011
1791179263.9952,0.0200,0.2353,0.0000,0.0000,0.0000,0.0000,0.0000,0.0000,0.1273,0.1273,0.5077,0.5077,0.0000,0.0000,0.0000,-0.0011
1791179264.0152,0.0200,0.1680,0.0000,0.0000,0.0000,0.0000,0.0000,0.0000,0.1273,0.1273,0.5077,0.5077,0.0000,0.0000,0.0000,-0.0011
1791179264.0352,0.0200,0.2431,0.0000,0.0000,0.0000,0.0000,0.0000,0.0000,0.1273,0.1273,0.5077,0.5077,0.0000,0.0000,0.0000,-0.0011
1791179264.0552,0.0200,0.2314,0.0000,0.0000,0.0000,0.0000,0.0000,0.0000,0.1273,0.1273,0.5077,0.5077,0.0000,0.0000,0.0000,-0.0011
1791179264.0751,0.0199,0.1809,0.0000,0.0000,0.0000,0.0000,0.0000,0.0000,0.1273,0.1273,0.5077,0.5077,0.0000,0.0000,0.0000,-0.0011
1791179264.0951,0.0200,0.1917,0.0000,0.0000,0.0000,0.0000,0.0000,0.0000,0.1273,0.1273,0.5077,0.5077,0.0000,0.0000,0.0000,-0.0011
1791179264.1152,0.0200,0.2417,0.0000,0.0000,0.0000,0.0000,0.0000,0.0000,0.1273,0.1273,0.5077,0.5062,0.0000,0.0000,0.0000,-0.0011
1791179264.1352,0.0200,0.2083,0.0000,0.0000,0.0000,0.0000,0.0000,0.0000,0.1273,0.1273,0.5077,0.5077,0.0000,0.0000,0.0000,-0.0011
1791179264.1551,0.0200,0.2397,0.0000,0.0000,0.0000,0.0000,0.0000,0.0000,0.1273,0.1273,0.5077,0.5077,0.0000,0.0000,0.0000,-0.0011
1791179264.1752,0.0200,0.3316,0.0000,0.0000,0.0000,0.0000,0.0000,0.0000,0.1273,0.1273,0.5077,0.5062,0.0000,0.0000,0.0000,-0.0011
1791179264.1952,0.0200,0.1975,0.0000,0.0000,0.0000,0.0000,0.0000,0.0000,0.1273,0.1273,0.5077,0.5077,0.0000,0.0000,0.0000,-0.0011
1791179264.2151,0.0200,0.2210,0.0000,0.0000,0.0000,0.0000,0.0000,0.0000,0.1273,0.1273,0.5077,0.5077,0.0000,0.0000,0.0000,-0.0011
1791179264.2352,0.0200,0.2344,0.0000,0.0000,0.0000,0.0000,0.0000,0.0000,0.1273,0.1273,0.5077,0.5077,0.0000,0.0000,0.0000,-0.0011
1791179264.2552,0.0200,0.1776,0.0000,0.0000,0.0000,0.0000,0.0000,0.0000,0.1273,0.1273,0.5077,0.5077,0.0000,0.0000,0.0000,-0.0011
1791179264.2751,0.0200,0.2005,0.0000,0.0000,0.0000,0.0000,0.0000,0.0000,0.1273,0.1273,0.5077,0.5077,0.0000,0.0000,0.0000,-0.0011
1791179264.2952,0.0200,0.2449,0.0000,0.0000,0.0000,0.0000,0.0000,0.0000,0.1273,0.1273,0.5077,0.5062,0.0000,0.0000,0.0000,-0.0011
1791179264.3152,0.0200,0.2306,0.0000,0.0000,0.0000,0.0000,0.0000,0.0000,0.1273,0.1273,0.5077,0.5077,0.0000,0.0000,0.0000,-0.0011
1791179264.3352,0.0200,0.3194,0.0000,0.0000,0.0000,0.0000,0.0000,0.0000,0.1273,0.1273,0.5077,0.5077,0.0000,0.0000,0.0000,-0.0011
1791179264.3552,0.0200,0.2041,0.0000,0.0000,0.0000,0.0000,0.0000,0.0000,0.1273,0.1273,0.5077,0.5077,0.0000,0.0000,0.0000,-0.0011
1791179264.3752,0.0200,0.2462,0.0000,0.0000,0.0000,0.0000,0.0000,0.0000,0.1273,0.1273,0.5077,0.5077,0.0000,0.0000,0.0000,-0.0011
1791179264.3951,0.0200,0.2093,0.0000,0.0000,0.0000,0.0000,0.0000,0.0000,0.1273,0.1273,0.5077,0.5077,0.0000,0.0000,0.0000,-0.0011
1791179264.4152,0.0200,0.2311,0.0000,0.0000,0.0000,0.0000,0.0000,0.0000,0.1273,0.1273,0.5077,0.5077,0.0000,0.0000,0.0000,-0.0011
1791179264.4352,0.0200,0.2006,0.0000,0.0000,0.0000,0.0000,0.0000,0.0000,0.1273,0.1273,0.5077,0.5077,0.0000,0.0000,0.0000,-0.0012
1791179264.4551,0.0200,0.2128,0.0000,0.0000,0.0000,0.0000,0.0000,0.0000,0.1273,0.1273,0.5077,0.5077,0.0000,0.0000,0.0000,-0.0011
1791179264.4752,0.0200,0.3128,0.0000,0.0000,0.0000,0.0000,0.0000,0.0000,0.1273,0.1273,0.5077,0.5077,0.0000,0.0000,0.0000,-0.0011
1791179264.4952,0.0200,0.1996,0.0000,0.0000,0.0000,0.0000,0.0000,0.0000,0.1273,0.1273,0.5077,0.5077,0.0000,0.0000,0.0000,-0.0011
1791179264.5151,0.0200,0.2156,0.0000,0.0000,0.0000,0.0000,0.0000,0.0000,0.1273,0.1273,0.5077,0.5077,0.0000,0.0000,0.0000,-0.0011
1791179264.5352,0.0200,0.2374,0.0000,0.0000,0.0000,0.0000,0.0000,0.0000,0.1273,0.1273,0.5077,0.5077,0.0000,0.0000,0.0000,-0.0011
1791179264.5552,0.0200,0.2308,0.0000,0.0000,0.0000,0.0000,0.0000,0.0000,0.1273,0.1273,0.5077,0.5077,0.0000,0.0000,0.0000,-0.0011
1791179264.5752,0.0200,0.2314,0.0000,0.0000,0.0000,0.0000,0.0000,0.0000,0.1273,0.1273,0.5077,0.5077,0.0000,0.0000,0.0000,-0.0011
1791179264.5952,0.0200,0.2394,0.0000,0.0000,0.0000,0.0000,0.0000,0.0000,0.1273,0.1273,0.5077,0.5077,0.0000,0.0000,0.0000,-0.0012
1791179264.6152,0.0200,0.2294,0.0000,0.0000,0.0000,0.0000,0.0000,0.0000,0.1273,0.1273,0.5077,0.5077,0.0000,0.0000,0.0000,-0.0011
1791179264.6352,0.0200,0.3250,0.0000,0.0000,0.0000,0.0000,0.0000,0.0000,0.1273,0.1273,0.5077,0.5077,0.0000,0.0000,0.0000,-0.0011
1791179264.6552,0.0200,0.2334,0.0000,0.0000,0.0000,0.0000,0.0000,0.0000,0.1273,0.1273,0.5077,0.5077,0.0000,0.0000,0.0000,-0.0011
1791179264.6752,0.0200,0.2513,0.0000,0.0000,0.0000,0.0000,0.0000,0.0000,0.1273,0.1273,0.5077,0.5077,0.0000,0.0000,0.0000,-0.0011
1791179264.6952,0.0200,0.2490,0.0000,0.0000,0.0000,0.0000,0.0000,0.0000,0.1273,0.1273,0.5077,0.5077,0.0000,0.0000,0.0000,-0.0011
1791179264.7152,0.0200,0.2329,0.0000,0.0000,0.0000,0.0000,0.0000,0.0000,0.1273,0.1273,0.5077,0.5077,0.0000,0.0000,0.0000,-0.0011
1791179264.7351,0.0200,0.1842,0.0000,0.0000,0.0000,0.0000,0.0000,0.0000,0.1273,0.1273,0.5077,0.5077,0.0000,0.0000,0.0000,-0.0011
1791179264.7551,0.0200,0.1886,0.0000,0.0000,0.0000,0.0000,0.0000,0.0000,0.1273,0.1273,0.5077,0.5077,0.0000,0.0000,0.0000,-0.0011
1791179264.7751,0.0200,0.2450,0.0000,0.0000,0.0000,0.0000,0.0000,0.0000,0.1273,0.1273,0.5077,0.5077,0.0000,0.0000,0.0000,-0.0011
1791179264.7951,0.0200,0.1975,0.0000,0.0000,0.0000,0.0000,0.0000,0.0000,0.1273,0.1273,0.5077,0.5077,0.0000,0.0000,0.0000,-0.0011
1791179264.8151,0.0200,0.1925,0.0000,0.0000,0.0000,0.0000,0.0000,0.0000,0.1273,0.1273,0.5077,0.5077,0.0000,0.0000,0.0000,-0.0011
1791179264.8351,0.0200,0.1833,0.0000,0.0000,0.0000,0.0000,0.0000,0.0000,0.1273,0.1273,0.5077,0.5077,0.0000,0.0000,0.0000,-0.0011
1791179264.8551,0.0200,0.2186,0.0000,0.0000,0.0000,0.0000,0.0000,0.0000,0.1273,0.1273,0.5077,0.5077,0.0000,0.0000,0.0000,-0.0011
1791179264.8751,0.0200,0.2410,0.0000,0.0000,0.0000,0.0000,0.0000,0.0000,0.1273,0.1273,0.5077,0.5077,0.0000,0.0000,0.0000,-0.0011
1791179264.8951,0.0200,0.2102,0.0000,0.0000,0.0000,0.0000,0.0000,0.0000,0.1273,0.1273,0.5077,0.5077,0.0000,0.0000,0.0000,-0.0011
1791179264.9151,0.0200,0.2346,0.0000,0.0000,0.0000,0.0000,0.0000,0.0000,0.1273,0.1273,0.5077,0.5077,0.0000,0.0000,0.0000,-0.0011
1791179264.9351,0.0200,0.1830,0.0000,0.0000,0.0000,0.0000,0.0000,0.0000,0.1273,0.1273,0.5077,0.5077,0.0000,0.0000,0.0000,-0.0011
1791179264.9552,0.0200,0.2286,0.0000,0.0000,0.0000,0.0000,0.0000,0.0000,0.1273,0.1273,0.5077,0.5077,0.0000,0.0000,0.0000,-0.0011
1791179264.9752,0.0200,0.2289,0.0000,0.0000,0.0000,0.0000,0.0000,0.0000,0.1273,0.1273,0.5077,0.5077,0.0000,0.0000,0.0000,-0.0012
1791179264.9952,0.0200,0.2316,0.0000,0.0000,0.0000,0.0000,0.0000,0.0000,0.1273,0.1289,0.5077,0.5077,0.0000,0.0000,0.0000,-0.0011
1791179265.0152,0.0200,0.2230,0.0000,0.0000,0.0000,0.0000,0.0000,0.0000,0.1273,0.1273,0.5077,0.5077,0.0000,0.0000,0.0000,-0.0011
1791179265.0352,0.0200,0.2496,0.0000,0.0000,0.0000,0.0000,0.0000,0.0000,0.1273,0.1273,0.5077,0.5077,0.0000,0.0000,0.0000,-0.0011
1791179265.0552,0.0200,0.2302,0.0000,0.0000,0.0000,0.0000,0.0000,0.0000,0.1273,0.1273,0.5077,0.5062,0.0000,0.0000,0.0000,-0.0011
1791179265.0752,0.0200,0.1646,0.0000,0.0000,0.0000,0.0000,0.0000,0.0000,0.1273,0.1273,0.5077,0.5077,0.0000,0.0000,0.0000,-0.0011
1791179265.0952,0.0200,0.2338,0.0000,0.0000,0.0000,0.0000,0.0000,0.0000,0.1273,0.1273,0.5077,0.5077,0.0000,0.0000,0.0000,-0.0011
1791179265.1152,0.0200,0.2137,0.0000,0.0000,0.0000,0.0000,0.0000,0.0000,0.1273,0.1273,0.5077,0.5077,0.0000,0.0000,0.0000,-0.0011
1791179265.1352,0.0200,0.2387,0.0000,0.0000,0.0000,0.0000,0.0000,0.0000,0.1273,0.1273,0.5077,0.5077,0.0000,0.0000,0.0000,-0.0011
1791179265.1552,0.0200,0.2889,0.0000,0.0000,0.0000,0.0000,0.0000,0.0000,0.1273,0.1273,0.5077,0.5077,0.0000,0.0000,0.0000,-0.0011
1791179265.1752,0.0200,0.2215,0.0000,0.0000,0.0000,0.0000,0.0000,0.0000,0.1273,0.1273,0.5077,0.5077,0.0000,0.0000,0.0000,-0.0011
1791179265.1951,0.0199,0.2256,0.0000,0.0000,0.0000,0.0000,0.0000,0.0000,0.1273,0.1273,0.5077,0.5077,0.0000,0.0000,0.0000,-0.0011
1791179265.2151,0.0200,0.2222,0.0000,0.0000,0.0000,0.0000,0.0000,0.0000,0.1273,0.1273,0.5077,0.5077,0.0000,0.0000,0.0000,-0.0011
1791179265.2352,0.0200,0.2316,0.0000,0.0000,0.0000,0.0000,0.0000,0.0000,0.1273,0.1273,0.5077,0.5077,0.0000,0.0000,0.0000,-0.0011
1791179265.2552,0.0200,0.2303,0.0000,0.0000,0.0000,0.0000,0.0000,0.0000,0.1273,0.1273,0.5077,0.5077,0.0000,0.0000,0.0000,-0.0011
1791179265.2752,0.0200,0.2309,0.0000,0.0000,0.0000,0.0000,0.0000,0.0000,0.1273,0.1273,0.5077,0.5077,0.0000,0.0000,0.0000,-0.0014
1791179265.2952,0.0200,0.1815,0.0000,0.0000,0.0000,0.0000,0.0000,0.0000,0.1273,0.1273,0.5077,0.5077,0.0000,0.0000,0.0000,-0.0011
1791179265.3151,0.0200,0.1882,0.0000,0.0000,0.0000,0.0000,0.0000,0.0000,0.1273,0.1273,0.5077,0.5077,0.0000,0.0000,0.0000,-0.0011
1791179265.3352,0.0200,0.2444,0.0000,0.0000,0.0000,0.0000,0.0000,0.0000,0.1273,0.1273,0.5077,0.5077,0.0000,0.0000,0.0000,-0.0012
1791179265.3552,0.0200,0.3097,0.0000,0.0000,0.0000,0.0000,0.0000,0.0000,0.1273,0.1273,0.5077,0.5077,0.0000,0.0000,0.0000,-0.0011
1791179265.3752,0.0200,0.1801,0.0000,0.0000,0.0000,0.0000,0.0000,0.0000,0.1273,0.1273,0.5077,0.5077,0.0000,0.0000,0.0000,-0.0012
1791179265.3951,0.0200,0.2807,0.0000,0.0000,0.0000,0.0000,0.0000,0.0000,0.1273,0.1273,0.5077,0.5077,0.0000,0.0000,0.0000,-0.0011
1791179265.4151,0.0200,0.2106,0.0000,0.0000,0.0000,0.0000,0.0000,0.0000,0.1273,0.1273,0.5077,0.5077,0.0000,0.0000,0.0000,-0.0011
1791179265.4352,0.0200,0.2337,0.0000,0.0000,0.0000,0.0000,0.0000,0.0000,0.1273,0.1273,0.5077,0.5077,0.0000,0.0000,0.0000,-0.0012
1791179265.4552,0.0200,0.2011,0.0000,0.0000,0.0000,0.0000,0.0000,0.0000,0.1273,0.1273,0.5077,0.5077,0.0000,0.0000,0.0000,-0.0011
1791179265.4751,0.0200,0.2123,0.0000,0.0000,0.0000,0.0000,0.0000,0.0000,0.1273,0.1273,0.5077,0.5077,0.0000,0.0000,0.0000,-0.0011
1791179265.4952,0.0200,0.2273,0.0000,0.0000,0.0000,0.0000,0.0000,0.0000,0.1273,0.1273,0.5077,0.5077,0.0000,0.0000,0.0000,-0.0011
1791179265.5151,0.0200,0.2429,0.0000,0.0000,0.0000,0.0000,0.0000,0.0000,0.1273,0.1273,0.5077,0.5077,0.0000,0.0000,0.0000,-0.0011
1791179265.5352,0.0201,0.2942,0.0000,0.0000,0.0000,0.0000,0.0000,0.0000,0.1273,0.1273,0.5077,0.5077,0.0000,0.0000,0.0000,-0.0011
1791179265.5552,0.0200,0.2508,0.0000,0.0000,0.0000,0.0000,0.0000,0.0000,0.1273,0.1273,0.5077,0.5077,0.0000,0.0000,0.0000,-0.0011
1791179265.5752,0.0200,0.2368,0.0000,0.0000,0.0000,0.0000,0.0000,0.0000,0.1273,0.1273,0.5077,0.5077,0.0000,0.0000,0.0000,-0.0011
1791179265.5952,0.0200,0.2299,0.0000,0.0000,0.0000,0.0000,0.0000,0.0000,0.1273,0.1273,0.5077,0.5062,0.0000,0.0000,0.0000,-0.0011
1791179265.6152,0.0200,0.2353,0.0000,0.0000,0.0000,0.0000,0.0000,0.0000,0.1273,0.1273,0.5077,0.5077,0.0000,0.0000,0.0000,-0.0011
1791179265.6352,0.0200,0.2483,0.0000,0.0000,0.0000,0.0000,0.0000,0.0000,0.1273,0.1273,0.5077,0.5077,0.0000,0.0000,0.0000,-0.0011
1791179265.6552,0.0200,0.2357,0.0000,0.0000,0.0000,0.0000,0.0000,0.0000,0.1273,0.1273,0.5077,0.5077,0.0000,0.0000,0.0000,-0.0011
1791179265.6752,0.0200,0.2291,0.0000,0.0000,0.0000,0.0000,0.0000,0.0000,0.1273,0.1273,0.5077,0.5077,0.0000,0.0000,0.0000,-0.0011
1791179265.6952,0.0200,0.2322,0.0000,0.0000,0.0000,0.0000,0.0000,0.0000,0.1273,0.1273,0.5077,0.5062,0.0000,0.0000,0.0000,-0.0011
1791179265.7152,0.0200,0.2272,0.0000,0.0000,0.0000,0.0000,0.0000,0.0000,0.1273,0.1273,0.5077,0.5077,0.0000,0.0000,0.0000,-0.0011
1791179265.7352,0.0200,0.2271,0.0000,0.0000,0.0000,0.0000,0.0000,0.0000,0.1273,0.1273,0.5077,0.5077,0.0000,0.0000,0.0000,-0.0011
1791179265.7552,0.0200,0.2327,0.0000,0.0000,0.0000,0.0000,0.0000,0.0000,0.1273,0.1273,0.5077,0.5077,0.0000,0.0000,0.0000,-0.0011
1791179265.7752,0.0200,0.2575,0.0000,0.0000,0.0000,0.0000,0.0000,0.0000,0.1273,0.1273,0.5077,0.5077,0.0000,0.0000,0.0000,-0.0011
1791179265.7951,0.0200,0.1863,0.0000,0.0000,0.0000,0.0000,0.0000,0.0000,0.1273,0.1273,0.5077,0.5077,0.0000,0.0000,0.0000,-0.0012
1791179265.8152,0.0200,0.2462,0.0000,0.0000,0.0000,0.0000,0.0000,0.0000,0.1273,0.1273,0.5077,0.5077,0.0000,0.0000,0.0000,-0.0011
1791179265.8351,0.0200,0.1820,0.0000,0.0000,0.0000,0.0000,0.0000,0.0000,0.1273,0.1273,0.5077,0.5077,0.0000,0.0000,0.0000,-0.0011
1791179265.8551,0.0200,0.1924,0.0000,0.0000,0.0000,0.0000,0.0000,0.0000,0.1273,0.1273,0.5077,0.5077,0.0000,0.0000,0.0000,-0.0011
1791179265.8751,0.0200,0.1931,0.0000,0.0000,0.0000,0.0000,0.0000,0.0000,0.1273,0.1273,0.5077,0.5077,0.0000,0.0000,0.0000,-0.0011
1791179265.8951,0.0200,0.1879,0.0000,0.0000,0.0000,0.0000,0.0000,0.0000,0.1273,0.1273,0.5077,0.5077,0.0000,0.0000,0.0000,-0.0011
1791179265.9151,0.0200,0.2419,0.0000,0.0000,0.0000,0.0000,0.0000,0.0000,0.1273,0.1273,0.5077,0.5077,0.0000,0.0000,0.0000,-0.0012
1791179265.9352,0.0200,0.2492,0.0000,0.0000,0.0000,0.0000,0.0000,0.0000,0.1273,0.1273,0.5077,0.5077,0.0000,0.0000,0.0000,-0.0011
1791179265.9551,0.0200,0.2172,0.0000,0.0000,0.0000,0.0000,0.0000,0.0000,0.1273,0.1273,0.5077,0.5077,0.0000,0.0000,0.0000,-0.0011
1791179265.9751,0.0200,0.2144,0.0000,0.0000,0.0000,0.0000,0.0000,0.0000,0.1273,0.1273,0.5077,0.5077,0.0000,0.0000,0.0000,-0.0011
1791179265.9951,0.0200,0.2369,0.0000,0.0000,0.0000,0.0000,0.0000,0.0000,0.1273,0.1273,0.5077,0.5077,0.0000,0.0000,0.0000,-0.0011
1791179266.0152,0.0200,0.2278,0.0000,0.0000,0.0000,0.0000,0.0000,0.0000,0.1273,0.1273,0.5077,0.5077,0.0000,0.0000,0.0000,-0.0011
1791179266.0352,0.0200,0.2663,0.0000,0.0000,0.0000,0.0000,0.0000,0.0000,0.1273,0.1273,0.5077,0.5077,0.0000,0.0000,0.0000,-0.0011
1791179266.0552,0.0200,0.2090,0.0000,0.0000,0.0000,0.0000,0.0000,0.0000,0.1273,0.1273,0.5077,0.5077,0.0000,0.0000,0.0000,-0.0012
1791179266.0751,0.0199,0.2166,0.0000,0.0000,0.0000,0.0000,0.0000,0.0000,0.1273,0.1273,0.5077,0.5077,0.0000,0.0000,0.0000,-0.0011
1791179266.0952,0.0200,0.2325,0.0000,0.0000,0.0000,0.0000,0.0000,0.0000,0.1273,0.1273,0.5077,0.5077,0.0000,0.0000,0.0000,-0.0011
1791179266.1152,0.0200,0.2292,0.0000,0.0000,0.0000,0.0000,0.0000,0.0000,0.1273,0.1273,0.5077,0.5077,0.0000,0.0000,0.0000,-0.0011
1791179266.1352,0.0200,0.2397,0.0000,0.0000,0.0000,0.0000,0.0000,0.0000,0.1273,0.1273,0.5077,0.5077,0.0000,0.0000,0.0000,-0.0011
1791179266.1552,0.0200,0.2816,0.0000,0.0000,0.0000,0.0000,0.0000,0.0000,0.1273,0.1273,0.5077,0.5077,0.0000,0.0000,0.0000,-0.0011
1791179266.1752,0.0200,0.2102,0.0000,0.0000,0.0000,0.0000,0.0000,0.0000,0.1273,0.1273,0.5077,0.5077,0.0000,0.0000,0.0000,-0.0011
1791179266.1952,0.0200,0.2101,0.0000,0.0000,0.0000,0.0000,0.0000,0.0000,0.1273,0.1273,0.5077,0.5077,0.0000,0.0000,0.0000,-0.0011
1791179266.2152,0.0200,0.2347,0.0000,0.0000,0.0000,0.0000,0.0000,0.0000,0.1273,0.1273,0.5077,0.5077,0.0000,0.0000,0.0000,-0.0011
1791179266.2352,0.0200,0.2480,0.0000,0.0000,0.0000,0.0000,0.0000,0.0000,0.1273,0.1273,0.5077,0.5077,0.0000,0.0000,0.0000,-0.0011
1791179266.2552,0.0200,0.2386,0.0000,0.0000,0.0000,0.0000,0.0000,0.0000,0.1273,0.1273,0.5077,0.5077,0.0000,0.0000,0.0000,-0.0011
1791179266.2752,0.0200,0.1690,0.0000,0.0000,0.0000,0.0000,0.0000,0.0000,0.1273,0.1273,0.5077,0.5077,0.0000,0.0000,0.0000,-0.0011
1791179266.2952,0.0200,0.2447,0.0000,0.0000,0.0000,0.0000,0.0000,0.0000,0.1273,0.1273,0.5077,0.5077,0.0000,0.0000,0.0000,-0.0011
1791179266.3152,0.0200,0.2968,0.0000,0.0000,0.0000,0.0000,0.0000,0.0000,0.1273,0.1273,0.5077,0.5077,0.0000,0.0000,0.0000,-0.0011
1791179266.3352,0.0200,0.3289,0.0000,0.0000,0.0000,0.0000,0.0000,0.0000,0.1273,0.1273,0.5077,0.5062,0.0000,0.0000,0.0000,-0.0011
1791179266.3552,0.0200,0.2216,0.0000,0.0000,0.0000,0.0000,0.0000,0.0000,0.1273,0.1273,0.5077,0.5077,0.0000,0.0000,0.0000,-0.0011
1791179266.3752,0.0200,0.2369,0.0000,0.0000,0.0000,0.0000,0.0000,0.0000,0.1273,0.1273,0.5077,0.5077,0.0000,0.0000,0.0000,-0.0011
1791179266.3952,0.0200,0.1781,0.0000,0.0000,0.0000,0.0000,0.0000,0.0000,0.1273,0.1273,0.5077,0.5077,0.0000,0.0000,0.0000,-0.0012
1791179266.4151,0.0200,0.1815,0.0000,0.0000,0.0000,0.0000,0.0000,0.0000,0.1273,0.1273,0.5077,0.5077,0.0000,0.0000,0.0000,-0.0011
1791179266.4352,0.0200,0.3171,0.0000,0.0000,0.0000,0.0000,0.0000,0.0000,0.1273,0.1273,0.5077,0.5077,0.0000,0.0000,0.0000,-0.0011
1791179266.4552,0.0200,0.2770,0.0000,0.0000,0.0000,0.0000,0.0000,0.0000,0.1273,0.1273,0.5077,0.5077,0.0000,0.0000,0.0000,-0.0011
1791179266.4752,0.0200,0.2086,0.0000,0.0000,0.0000,0.0000,0.0000,0.0000,0.1273,0.1273,0.5077,0.5077,0.0000,0.0000,0.0000,-0.0011
1791179266.4951,0.0200,0.2099,0.0000,0.0000,0.0000,0.0000,0.0000,0.0000,0.1273,0.1273,0.5077,0.5077,0.0000,0.0000,0.0000,-0.0011
1791179266.5152,0.0200,0.2318,0.0000,0.0000,0.0000,0.0000,0.0000,0.0000,0.1273,0.1273,0.5077,0.5077,0.0000,0.0000,0.0000,-0.0011
1791179266.5352,0.0200,0.1940,0.0000,0.0000,0.0000,0.0000,0.0000,0.0000,0.1273,0.1273,0.5077,0.5077,0.0000,0.0000,0.0000,-0.0011
1791179266.5552,0.0200,0.2331,0.0000,0.0000,0.0000,0.0000,0.0000,0.0000,0.1273,0.1273,0.5077,0.5077,0.0000,0.0000,0.0000,-0.0012
1791179266.5751,0.0200,0.2466,0.0000,0.0000,0.0000,0.0000,0.0000,0.0000,0.1273,0.1273,0.5077,0.5077,0.0000,0.0000,0.0000,-0.0011
1791179266.5952,0.0200,0.2401,0.0000,0.0000,0.0000,0.0000,0.0000,0.0000,0.1273,0.1273,0.5077,0.5077,0.0000,0.0000,0.0000,-0.0011
1791179266.6152,0.0200,0.2475,0.0000,0.0000,0.0000,0.0000,0.0000,0.0000,0.1273,0.1273,0.5077,0.5077,0.0000,0.0000,0.0000,-0.0011
1791179266.6352,0.0200,0.2317,0.0000,0.0000,0.0000,0.0000,0.0000,0.0000,0.1273,0.1273,0.5077,0.5077,0.0000,0.0000,0.0000,-0.0011
1791179266.6552,0.0200,0.3401,0.0000,0.0000,0.0000,0.0000,0.0000,0.0000,0.1273,0.1273,0.5077,0.5077,0.0000,0.0000,0.0000,-0.0011
1791179266.6752,0.0200,0.2048,0.0000,0.0000,0.0000,0.0000,0.0000,0.0000,0.1273,0.1273,0.5077,0.5077,0.0000,0.0000,0.0000,-0.0011
1791179266.6952,0.0200,0.2374,0.0000,0.0000,0.0000,0.0000,0.0000,0.0000,0.1273,0.1273,0.5077,0.5077,0.0000,0.0000,0.0000,-0.0011
1791179266.7152,0.0200,0.2362,0.0000,0.0000,0.0000,0.0000,0.0000,0.0000,0.1273,0.1273,0.5077,0.5077,0.0000,0.0000,0.0000,-0.0011
1791179266.7352,0.0200,0.2405,0.0000,0.0000,0.0000,0.0000,0.0000,0.0000,0.1273,0.1273,0.5077,0.5077,0.0000,0.0000,0.0000,-0.0011
1791179266.7552,0.0200,0.3172,0.0000,0.0000,0.0000,0.0000,0.0000,0.0000,0.1273,0.1273,0.5077,0.5077,0.0000,0.0000,0.0000,-0.0011
1791179266.7752,0.0200,0.2534,0.0000,0.0000,0.0000,0.0000,0.0000,0.0000,0.1273,0.1273,0.5077,0.5077,0.0000,0.0000,0.0000,-0.0011
1791179266.7952,0.0200,0.2426,0.0000,0.0000,0.0000,0.0000,0.0000,0.0000,0.1273,0.1273,0.5077,0.5077,0.0000,0.0000,0.0000,-0.0011
1791179266.8152,0.0200,0.2410,0.0000,0.0000,0.0000,0.0000,0.0000,0.0000,0.1273,0.1273,0.5077,0.5077,0.0000,0.0000,0.0000,-0.0011
1791179266.8352,0.0200,0.2518,0.0000,0.0000,0.0000,0.0000,0.0000,0.0000,0.1273,0.1273,0.5077,0.5077,0.0000,0.0000,0.0000,-0.0012
1791179266.8551,0.0200,0.1651,0.0000,0.0000,0.0000,0.0000,0.0000,0.0000,0.1273,0.1273,0.5077,0.5077,0.0000,0.0000,0.0000,-0.0011
1791179266.8751,0.0200,0.2504,0.0000,0.0000,0.0000,0.0000,0.0000,0.0000,0.1273,0.1273,0.5077,0.5077,0.0000,0.0000,0.0000,-0.0011
1791179266.8952,0.0200,0.2499,0.0000,0.0000,0.0000,0.0000,0.0000,0.0000,0.1273,0.1273,0.5077,0.5077,0.0000,0.0000,0.0000,-0.0011
1791179266.9152,0.0200,0.1979,0.0000,0.0000,0.0000,0.0000,0.0000,0.0000,0.1273,0.1273,0.5077,0.5077,0.0000,0.0000,0.0000,-0.0011
1791179266.9351,0.0200,0.2385,0.0000,0.0000,0.0000,0.0000,0.0000,0.0000,0.1273,0.1273,0.5077,0.5077,0.0000,0.0000,0.0000,-0.0011
1791179266.9551,0.0200,0.2068,0.0000,0.0000,0.0000,0.0000,0.0000,0.0000,0.1273,0.1273,0.5077,0.5077,0.0000,0.0000,0.0000,-0.0011
1791179266.9751,0.0200,0.2364,0.0000,0.0000,0.0000,0.0000,0.0000,0.0000,0.1273,0.1273,0.5077,0.5077,0.0000,0.0000,0.0000,-0.0011
1791179266.9952,0.0200,0.2326,0.0000,0.0000,0.0000,0.0000,0.0000,0.0000,0.1273,0.1273,0.5077,0.5077,0.0000,0.0000,0.0000,-0.0011
1791179267.0152,0.0200,0.2310,0.0000,0.0000,0.0000,0.0000,0.0000,0.0000,0.1273,0.1273,0.5077,0.5077,0.0000,0.0000,0.0000,-0.0011
1791179267.0351,0.0200,0.2186,0.0000,0.0000,0.0000,0.0000,0.0000,0.0000,0.1273,0.1273,0.5077,0.5077,0.0000,0.0000,0.0000,-0.0011
1791179267.0552,0.0200,0.2450,0.0000,0.0000,0.0000,0.0000,0.0000,0.0000,0.1273,0.1273,0.5077,0.5077,0.0000,0.0000,0.0000,-0.0011
1791179267.0752,0.0200,0.2121,0.0000,0.0000,0.0000,0.0000,0.0000,0.0000,0.1273,0.1273,0.5077,0.5077,0.0000,0.0000,0.0000,-0.0011
1791179267.0952,0.0200,0.3303,0.0000,0.0000,0.0000,0.0000,0.0000,0.0000,0.1273,0.1273,0.5077,0.5077,0.0000,0.0000,0.0000,-0.0011
1791179267.1152,0.0200,0.2372,0.0000,0.0000,0.0000,0.0000,0.0000,0.0000,0.1273,0.1273,0.5077,0.5077,0.0000,0.0000,0.0000,-0.0011
1791179267.1352,0.0200,0.2293,0.0000,0.0000,0.0000,0.0000,0.0000,0.0000,0.1273,0.1273,0.5077,0.5077,0.0000,0.0000,0.0000,-0.0011
1791179267.1552,0.0200,0.2322,0.0000,0.0000,0.0000,0.0000,0.0000,0.0000,0.1273,0.1273,0.5077,0.5077,0.0000,0.0000,0.0000,-0.0011
1791179267.1752,0.0200,0.3334,0.0000,0.0000,0.0000,0.0000,0.0000,0.0000,0.1273,0.1273,0.5077,0.5077,0.0000,0.0000,0.0000,-0.0011
1791179267.1952,0.0200,0.2328,0.0000,0.0000,0.0000,0.0000,0.0000,0.0000,0.1273,0.1273,0.5077,0.5077,0.0000,0.0000,0.0000,-0.0011
1791179267.2152,0.0200,0.2373,0.0000,0.0000,0.0000,0.0000,0.0000,0.0000,0.1273,0.1273,0.5077,0.5077,0.0000,0.0000,0.0000,-0.0011
1791179267.2352,0.0200,0.2147,0.0000,0.0000,0.0000,0.0000,0.0000,0.0000,0.1273,0.1273,0.5077,0.5077,0.0000,0.0000,0.0000,-0.0011
1791179267.2552,0.0200,0.2014,0.0000,0.0000,0.0000,0.0000,0.0000,0.0000,0.1273,0.1273,0.5077,0.5077,0.0000,0.0000,0.0000,-0.0011
1791179267.2752,0.0200,0.2404,0.0000,0.0000,0.0000,0.0000,0.0000,0.0000,0.1273,0.1273,0.5077,0.5077,0.0000,0.0000,0.0000,-0.0011
1791179267.2952,0.0200,0.1806,0.0000,0.0000,0.0000,0.0000,0.0000,0.0000,0.1273,0.1273,0.5077,0.5077,0.0000,0.0000,0.0000,-0.0011
1791179267.3151,0.0200,0.2154,0.0000,0.0000,0.0000,0.0000,0.0000,0.0000,0.1273,0.1273,0.5077,0.5077,0.0000,0.0000,0.0000,-0.0011
1791179267.3352,0.0200,0.2299,0.0000,0.0000,0.0000,0.0000,0.0000,0.0000,0.1273,0.1273,0.5077,0.5062,0.0000,0.0000,0.0000,-0.0012
1791179267.3552,0.0200,0.1804,0.0000,0.0000,0.0000,0.0000,0.0000,0.0000,0.1273,0.1273,0.5077,0.5077,0.0000,0.0000,0.0000,-0.0011
1791179267.3751,0.0200,0.2142,0.0000,0.0000,0.0000,0.0000,0.0000,0.0000,0.1273,0.1273,0.5077,0.5077,0.0000,0.0000,0.0000,-0.0011
1791179267.3952,0.0200,0.2300,0.0000,0.0000,0.0000,0.0000,0.0000,0.0000,0.1273,0.1273,0.5077,0.5077,0.0000,0.0000,0.0000,-0.0011
1791179267.4152,0.0200,0.1974,0.0000,0.0000,0.0000,0.0000,0.0000,0.0000,0.1273,0.1273,0.5077,0.5077,0.0000,0.0000,0.0000,-0.0012
1791179267.4352,0.0200,0.2403,0.0000,0.0000,0.0000,0.0000,0.0000,0.0000,0.1273,0.1273,0.5077,0.5077,0.0000,0.0000,0.0000,-0.0011
1791179267.4552,0.0200,0.2282,0.0000,0.0000,0.0000,0.0000,0.0000,0.0000,0.1273,0.1273,0.5077,0.5077,0.0000,0.0000,0.0000,-0.0011
1791179267.4752,0.0200,0.1995,0.0000,0.0000,0.0000,0.0000,0.0000,0.0000,0.1273,0.1273,0.5077,0.5077,0.0000,0.0000,0.0000,-0.0011
1791179267.4951,0.0200,0.2843,0.0000,0.0000,0.0000,0.0000,0.0000,0.0000,0.1273,0.1273,0.5077,0.5077,0.0000,0.0000,0.0000,-0.0011
1791179267.5152,0.0200,0.2778,0.0000,0.0000,0.0000,0.0000,0.0000,0.0000,0.1273,0.1273,0.5077,0.5077,0.0000,0.0000,0.0000,-0.0012
1791179267.5352,0.0200,0.2240,0.0000,0.0000,0.0000,0.0000,0.0000,0.0000,0.1273,0.1273,0.5077,0.5077,0.0000,0.0000,0.0000,-0.0011
1791179267.5552,0.0200,0.2408,0.0000,0.0000,0.0000,0.0000,0.0000,0.0000,0.1273,0.1273,0.5077,0.5077,0.0000,0.0000,0.0000,-0.0011
1791179267.5752,0.0200,0.1996,0.0000,0.0000,0.0000,0.0000,0.0000,0.0000,0.1273,0.1273,0.5077,0.5077,0.0000,0.0000,0.0000,-0.0011
1791179267.5952,0.0200,0.2415,0.0000,0.0000,0.0000,0.0000,0.0000,0.0000,0.1273,0.1273,0.5077,0.5077,0.0000,0.0000,0.0000,-0.0011
1791179267.6152,0.0200,0.2398,0.0000,0.0000,0.0000,0.0000,0.0000,0.0000,0.1273,0.1273,0.5077,0.5077,0.0000,0.0000,0.0000,-0.0011
1791179267.6352,0.0200,0.2516,0.0000,0.0000,0.0000,0.0000,0.0000,0.0000,0.1273,0.1273,0.5077,0.5077,0.0000,0.0000,0.0000,-0.0011
1791179267.6552,0.0200,0.2394,0.0000,0.0000,0.0000,0.0000,0.0000,0.0000,0.1273,0.1273,0.5077,0.5077,0.0000,0.0000,0.0000,-0.0011
1791179267.6752,0.0200,0.2298,0.0000,0.0000,0.0000,0.0000,0.0000,0.0000,0.1273,0.1273,0.5077,0.5077,0.0000,0.0000,0.0000,-0.0012
1791179267.6952,0.0200,0.3192,0.0000,0.0000,0.0000,0.0000,0.0000,0.0000,0.1273,0.1273,0.5077,0.5077,0.0000,0.0000,0.0000,-0.0011
1791179267.7152,0.0200,0.2816,0.0000,0.0000,0.0000,0.0000,0.0000,0.0000,0.1273,0.1273,0.5077,0.5077,0.0000,0.0000,0.0000,-0.0011
1791179267.7352,0.0200,0.2365,0.0000,0.0000,0.0000,0.0000,0.0000,0.0000,0.1273,0.1273,0.5077,0.5077,0.0000,0.0000,0.0000,-0.0011
1791179267.7552,0.0200,0.2398,0.0000,0.0000,0.0000,0.0000,0.0000,0.0000,0.1273,0.1273,0.5077,0.5077,0.0000,0.0000,0.0000,-0.0011
1791179267.7752,0.0200,0.2338,0.0000,0.0000,0.0000,0.0000,0.0000,0.0000,0.1273,0.1273,0.5077,0.5077,0.0000,0.0000,0.0000,-0.0011
1791179267.7952,0.0200,0.2366,0.0000,0.0000,0.0000,0.0000,0.0000,0.0000,0.1273,0.1273,0.5077,0.5077,0.0000,0.0000,0.0000,-0.0011
1791179267.8152,0.0200,0.2414,0.0000,0.0000,0.0000,0.0000,0.0000,0.0000,0.1273,0.1273,0.5077,0.5077,0.0000,0.0000,0.0000,-0.0011
1791179267.8352,0.0200,0.2399,0.0000,0.0000,0.0000,0.0000,0.0000,0.0000,0.1273,0.1273,0.5077,0.5077,0.0000,0.0000,0.0000,-0.0011
1791179267.8552,0.0200,0.2301,0.0000,0.0000,0.0000,0.0000,0.0000,0.0000,0.1273,0.1273,0.5077,0.5077,0.0000,0.0000,0.0000,-0.0012
1791179267.8751,0.0200,0.1967,0.0000,0.0000,0.0000,0.0000,0.0000,0.0000,0.1273,0.1273,0.5077,0.5077,0.0000,0.0000,0.0000,-0.0011
1791179267.8951,0.0200,0.2409,0.0000,0.0000,0.0000,0.0000,0.0000,0.0000,0.1273,0.1273,0.5077,0.5077,0.0000,0.0000,0.0000,-0.0011
1791179267.9152,0.0200,0.2406,0.0000,0.0000,0.0000,0.0000,0.0000,0.0000,0.1273,0.1273,0.5077,0.5077,0.0000,0.0000,0.0000,-0.0011
1791179267.9351,0.0200,0.1849,0.0000,0.0000,0.0000,0.0000,0.0000,0.0000,0.1273,0.1273,0.5077,0.5077,0.0000,0.0000,0.0000,-0.0011
1791179267.9551,0.0200,0.2425,0.0000,0.0000,0.0000,0.0000,0.0000,0.0000,0.1273,0.1273,0.5077,0.5077,0.0000,0.0000,0.0000,-0.0011
1791179267.9752,0.0200,0.2530,0.0000,0.0000,0.0000,0.0000,0.0000,0.0000,0.1273,0.1273,0.5077,0.5077,0.0000,0.0000,0.0000,-0.0011
1791179267.9951,0.0199,0.0905,0.0000,0.0000,0.0000,0.0000,0.0000,0.0000,0.1273,0.1273,0.5077,0.5077,0.0000,0.0000,0.0000,-0.0011
1791179268.0151,0.0200,0.2475,0.0000,0.0000,0.0000,0.0000,0.0000,0.0000,0.1273,0.1273,0.5077,0.5077,0.0000,0.0000,0.0000,-0.0011
1791179268.0351,0.0200,0.2123,0.0000,0.0000,0.0000,0.0000,0.0000,0.0000,0.1273,0.1273,0.5077,0.5062,0.0000,0.0000,0.0000,-0.0011
1791179268.0551,0.0200,0.2462,0.0000,0.0000,0.0000,0.0000,0.0000,0.0000,0.1273,0.1273,0.5077,0.5062,0.0000,0.0000,0.0000,-0.0011
1791179268.0751,0.0200,0.2194,0.0000,0.0000,0.0000,0.0000,0.0000,0.0000,0.1273,0.1273,0.5077,0.5077,0.0000,0.0000,0.0000,-0.0011
1791179268.0951,0.0200,0.1691,0.0000,0.0000,0.0000,0.0000,0.0000,0.0000,0.1273,0.1273,0.5077,0.5077,0.0000,0.0000,0.0000,-0.0011
1791179268.1152,0.0200,0.2388,0.0000,0.0000,0.0000,0.0000,0.0000,0.0000,0.1273,0.1273,0.5077,0.5077,0.0000,0.0000,0.0000,-0.0011
1791179268.1352,0.0200,0.2183,0.0000,0.0000,0.0000,0.0000,0.0000,0.0000,0.1273,0.1273,0.5077,0.5077,0.0000,0.0000,0.0000,-0.0011
1791179268.1552,0.0200,0.3360,0.0000,0.0000,0.0000,0.0000,0.0000,0.0000,0.1273,0.1273,0.5077,0.5077,0.0000,0.0000,0.0000,-0.0011
1791179268.1752,0.0200,0.2465,0.0000,0.0000,0.0000,0.0000,0.0000,0.0000,0.1273,0.1273,0.5077,0.5077,0.0000,0.0000,0.0000,-0.0011
1791179268.1952,0.0200,0.2341,0.0000,0.0000,0.0000,0.0000,0.0000,0.0000,0.1273,0.1273,0.5077,0.5077,0.0000,0.0000,0.0000,-0.0011
1791179268.2152,0.0200,0.2319,0.0000,0.0000,0.0000,0.0000,0.0000,0.0000,0.1273,0.1273,0.5077,0.5077,0.0000,0.0000,0.0000,-0.0011
1791179268.2352,0.0200,0.2366,0.0000,0.0000,0.0000,0.0000,0.0000,0.0000,0.1273,0.1273,0.5077,0.5077,0.0000,0.0000,0.0000,-0.0011
1791179268.2552,0.0200,0.2072,0.0000,0.0000,0.0000,0.0000,0.0000,0.0000,0.1273,0.1273,0.5077,0.5077,0.0000,0.0000,0.0000,-0.0011
1791179268.2751,0.0200,0.2334,0.0000,0.0000,0.0000,0.0000,0.0000,0.0000,0.1273,0.1273,0.5077,0.5077,0.0000,0.0000,0.0000,-0.0012
1791179268.2951,0.0200,0.1949,0.0000,0.0000,0.0000,0.0000,0.0000,0.0000,0.1273,0.1273,0.5077,0.5077,0.0000,0.0000,0.0000,-0.0012
1791179268.3152,0.0200,0.2458,0.0000,0.0000,0.0000,0.0000,0.0000,0.0000,0.1273,0.1273,0.5077,0.5077,0.0000,0.0000,0.0000,-0.0011
1791179268.3352,0.0200,0.2915,0.0000,0.0000,0.0000,0.0000,0.0000,0.0000,0.1273,0.1273,0.5077,0.5077,0.0000,0.0000,0.0000,-0.0011
1791179268.3552,0.0200,0.2842,0.0000,0.0000,0.0000,0.0000,0.0000,0.0000,0.1273,0.1273,0.5077,0.5077,0.0000,0.0000,0.0000,-0.0011
1791179268.3752,0.0200,0.2548,0.0000,0.0000,0.0000,0.0000,0.0000,0.0000,0.1273,0.1273,0.5077,0.5077,0.0000,0.0000,0.0000,-0.0011
1791179268.3952,0.0200,0.2471,0.0000,0.0000,0.0000,0.0000,0.0000,0.0000,0.1273,0.1273,0.5077,0.5062,0.0000,0.0000,0.0000,-0.0011
1791179268.4152,0.0200,0.2428,0.0000,0.0000,0.0000,0.0000,0.0000,0.0000,0.1273,0.1273,0.5077,0.5077,0.0000,0.0000,0.0000,-0.0012
1791179268.4352,0.0200,0.2591,0.0000,0.0000,0.0000,0.0000,0.0000,0.0000,0.1273,0.1273,0.5077,0.5077,0.0000,0.0000,0.0000,-0.0011
1791179268.4552,0.0199,0.1759,0.0000,0.0000,0.0000,0.0000,0.0000,0.0000,0.1273,0.1273,0.5077,0.5077,0.0000,0.0000,0.0000,-0.0011
1791179268.4752,0.0200,0.1910,0.0000,0.0000,0.0000,0.0000,0.0000,0.0000,0.1273,0.1273,0.5077,0.5077,0.0000,0.0000,0.0000,-0.0011
1791179268.4952,0.0200,0.1893,0.0000,0.0000,0.0000,0.0000,0.0000,0.0000,0.1273,0.1273,0.5077,0.5077,0.0000,0.0000,0.0000,-0.0011
1791179268.5151,0.0200,0.2403,0.0000,0.0000,0.0000,0.0000,0.0000,0.0000,0.1273,0.1273,0.5077,0.5077,0.0000,0.0000,0.0000,-0.0011
1791179268.5352,0.0200,0.3341,0.0000,0.0000,0.0000,0.0000,0.0000,0.0000,0.1273,0.1273,0.5077,0.5077,0.0000,0.0000,0.0000,-0.0011
1791179268.5551,0.0200,0.2401,0.0000,0.0000,0.0000,0.0000,0.0000,0.0000,0.1273,0.1273,0.5077,0.5077,0.0000,0.0000,0.0000,-0.0011
1791179268.5752,0.0200,0.2414,0.0000,0.0000,0.0000,0.0000,0.0000,0.0000,0.1273,0.1273,0.5077,0.5077,0.0000,0.0000,0.0000,-0.0011
1791179268.5952,0.0200,0.2463,0.0000,0.0000,0.0000,0.0000,0.0000,0.0000,0.1273,0.1273,0.5077,0.5062,0.0000,0.0000,0.0000,-0.0011
1791179268.6152,0.0200,0.2377,0.0000,0.0000,0.0000,0.0000,0.0000,0.0000,0.1273,0.1273,0.5077,0.5077,0.0000,0.0000,0.0000,-0.0011
1791179268.6352,0.0200,0.2105,0.0000,0.0000,0.0000,0.0000,0.0000,0.0000,0.1273,0.1273,0.5077,0.5077,0.0000,0.0000,0.0000,-0.0011
1791179268.6551,0.0200,0.2106,0.0000,0.0000,0.0000,0.0000,0.0000,0.0000,0.1273,0.1273,0.5077,0.5077,0.0000,0.0000,0.0000,-0.0011
1791179268.6752,0.0200,0.2387,0.0000,0.0000,0.0000,0.0000,0.0000,0.0000,0.1273,0.1273,0.5077,0.5077,0.0000,0.0000,0.0000,-0.0011
1791179268.6952,0.0200,0.2401,0.0000,0.0000,0.0000,0.0000,0.0000,0.0000,0.1273,0.1273,0.5077,0.5062,0.0000,0.0000,0.0000,-0.0012
1791179268.7152,0.0200,0.2354,0.0000,0.0000,0.0000,0.0000,0.0000,0.0000,0.1273,0.1273,0.5077,0.5077,0.0000,0.0000,0.0000,-0.0012
1791179268.7352,0.0200,0.2333,0.0000,0.0000,0.0000,0.0000,0.0000,0.0000,0.1273,0.1273,0.5077,0.5077,0.0000,0.0000,0.0000,-0.0011
1791179268.7552,0.0200,0.2519,0.0000,0.0000,0.0000,0.0000,0.0000,0.0000,0.1273,0.1273,0.5077,0.5077,0.0000,0.0000,0.0000,-0.0011
1791179268.7752,0.0200,0.2399,0.0000,0.0000,0.0000,0.0000,0.0000,0.0000,0.1273,0.1273,0.5077,0.5077,0.0000,0.0000,0.0000,-0.0011
1791179268.7951,0.0200,0.2511,0.0000,0.0000,0.0000,0.0000,0.0000,0.0000,0.1273,0.1273,0.5077,0.5077,0.0000,0.0000,0.0000,-0.0011
1791179268.8152,0.0200,0.3178,0.0000,0.0000,0.0000,0.0000,0.0000,0.0000,0.1273,0.1273,0.5077,0.5077,0.0000,0.0000,0.0000,-0.0011
1791179268.8351,0.0200,0.2454,0.0000,0.0000,0.0000,0.0000,0.0000,0.0000,0.1273,0.1273,0.5077,0.5077,0.0000,0.0000,0.0000,-0.0011
1791179268.8551,0.0200,0.2382,0.0000,0.0000,0.0000,0.0000,0.0000,0.0000,0.1273,0.1273,0.5077,0.5077,0.0000,0.0000,0.0000,-0.0011
1791179268.8751,0.0200,0.2530,0.0000,0.0000,0.0000,0.0000,0.0000,0.0000,0.1273,0.1273,0.5077,0.5077,0.0000,0.0000,0.0000,-0.0011
1791179268.8951,0.0200,0.2044,0.0000,0.0000,0.0000,0.0000,0.0000,0.0000,0.1273,0.1273,0.5077,0.5077,0.0000,0.0000,0.0000,-0.0012
1791179268.9151,0.0200,0.2484,0.0000,0.0000,0.0000,0.0000,0.0000,0.0000,0.1273,0.1273,0.5077,0.5077,0.0000,0.0000,0.0000,-0.0012
1791179268.9351,0.0200,0.1646,0.0000,0.0000,0.0000,0.0000,0.0000,0.0000,0.1273,0.1273,0.5077,0.5077,0.0000,0.0000,0.0000,-0.0011
1791179268.9551,0.0200,0.2184,0.0000,0.0000,0.0000,0.0000,0.0000,0.0000,0.1273,0.1273,0.5077,0.5077,0.0000,0.0000,0.0000,-0.0011
1791179268.9751,0.0200,0.2416,0.0000,0.0000,0.0000,0.0000,0.0000,0.0000,0.1273,0.1273,0.5077,0.5077,0.0000,0.0000,0.0000,-0.0011
1791179268.9951,0.0200,0.1724,0.0000,0.0000,0.0000,0.0000,0.0000,0.0000,0.1273,0.1273,0.5077,0.5077,0.0000,0.0000,0.0000,-0.0011
1791179269.0152,0.0200,0.2453,0.0000,0.0000,0.0000,0.0000,0.0000,0.0000,0.1273,0.1273,0.5077,0.5077,0.0000,0.0000,0.0000,-0.0011
1791179269.0352,0.0200,0.2546,0.0000,0.0000,0.0000,0.0000,0.0000,0.0000,0.1273,0.1273,0.5077,0.5077,0.0000,0.0000,0.0000,-0.0012
1791179269.0552,0.0200,0.2030,0.0000,0.0000,0.0000,0.0000,0.0000,0.0000,0.1273,0.1273,0.5077,0.5077,0.0000,0.0000,0.0000,-0.0011
1791179269.0752,0.0200,0.2426,0.0000,0.0000,0.0000,0.0000,0.0000,0.0000,0.1273,0.1273,0.5077,0.5077,0.0000,0.0000,0.0000,-0.0011
1791179269.0952,0.0200,0.2227,0.0000,0.0000,0.0000,0.0000,0.0000,0.0000,0.1273,0.1273,0.5077,0.5077,0.0000,0.0000,0.0000,-0.0011
1791179269.1152,0.0200,0.2313,0.0000,0.0000,0.0000,0.0000,0.0000,0.0000,0.1273,0.1273,0.5077,0.5077,0.0000,0.0000,0.0000,-0.0011
1791179269.1352,0.0200,0.2350,0.0000,0.0000,0.0000,0.0000,0.0000,0.0000,0.1273,0.1273,0.5077,0.5077,0.0000,0.0000,0.0000,-0.0012
1791179269.1552,0.0200,0.2549,0.0000,0.0000,0.0000,0.0000,0.0000,0.0000,0.1273,0.1273,0.5077,0.5077,0.0000,0.0000,0.0000,-0.0011
1791179269.1752,0.0200,0.2507,0.0000,0.0000,0.0000,0.0000,0.0000,0.0000,0.1273,0.1273,0.5077,0.5077,0.0000,0.0000,0.0000,-0.0011
1791179269.1952,0.0200,0.2463,0.0000,0.0000,0.0000,0.0000,0.0000,0.0000,0.1273,0.1273,0.5077,0.5077,0.0000,0.0000,0.0000,-0.0011
1791179269.2152,0.0200,0.2110,0.0000,0.0000,0.0000,0.0000,0.0000,0.0000,0.1273,0.1273,0.5077,0.5077,0.0000,0.0000,0.0000,-0.0011
1791179269.2352,0.0200,0.2378,0.0000,0.0000,0.0000,0.0000,0.0000,0.0000,0.1273,0.1273,0.5077,0.5077,0.0000,0.0000,0.0000,-0.0011
1791179269.2552,0.0200,0.2355,0.0000,0.0000,0.0000,0.0000,0.0000,0.0000,0.1273,0.1273,0.5077,0.5077,0.0000,0.0000,0.0000,-0.0012
1791179269.2752,0.0200,0.1711,0.0000,0.0000,0.0000,0.0000,0.0000,0.0000,0.1273,0.1273,0.5077,0.5077,0.0000,0.0000,0.0000,-0.0011
1791179269.2952,0.0200,0.2396,0.0000,0.0000,0.0000,0.0000,0.0000,0.0000,0.1273,0.1273,0.5077,0.5077,0.0000,0.0000,0.0000,-0.0011
1791179269.3151,0.0200,0.2106,0.0000,0.0000,0.0000,0.0000,0.0000,0.0000,0.1273,0.1273,0.5077,0.5077,0.0000,0.0000,0.0000,-0.0014
1791179269.3352,0.0200,0.2341,0.0000,0.0000,0.0000,0.0000,0.0000,0.0000,0.1273,0.1273,0.5077,0.5077,0.0000,0.0000,0.0000,-0.0011
1791179269.3552,0.0200,0.1778,0.0000,0.0000,0.0000,0.0000,0.0000,0.0000,0.1273,0.1273,0.5077,0.5077,0.0000,0.0000,0.0000,-0.0011
1791179269.3751,0.0200,0.1912,0.0000,0.0000,0.0000,0.0000,0.0000,0.0000,0.1273,0.1273,0.5077,0.5077,0.0000,0.0000,0.0000,-0.0011
1791179269.3952,0.0200,0.2347,0.0000,0.0000,0.0000,0.0000,0.0000,0.0000,0.1273,0.1273,0.5077,0.5077,0.0000,0.0000,0.0000,-0.0011
1791179269.4152,0.0200,0.2010,0.0000,0.0000,0.0000,0.0000,0.0000,0.0000,0.1273,0.1273,0.5077,0.5062,0.0000,0.0000,0.0000,-0.0011
1791179269.4352,0.0200,0.2281,0.0000,0.0000,0.0000,0.0000,0.0000,0.0000,0.1273,0.1273,0.5077,0.5077,0.0000,0.0000,0.0000,-0.0011
1791179269.4552,0.0200,0.2047,0.0000,0.0000,0.0000,0.0000,0.0000,0.0000,0.1273,0.1273,0.5077,0.5077,0.0000,0.0000,0.0000,-0.0011
1791179269.4752,0.0200,0.2344,0.0000,0.0000,0.0000,0.0000,0.0000,0.0000,0.1273,0.1273,0.5077,0.5077,0.0000,0.0000,0.0000,-0.0011
1791179269.4952,0.0200,0.2014,0.0000,0.0000,0.0000,0.0000,0.0000,0.0000,0.1273,0.1273,0.5077,0.5062,0.0000,0.0000,0.0000,-0.0011
1791179269.5151,0.0200,0.2156,0.0000,0.0000,0.0000,0.0000,0.0000,0.0000,0.1273,0.1273,0.5077,0.5077,0.0000,0.0000,0.0000,-0.0011
1791179269.5352,0.0200,0.2056,0.0000,0.0000,0.0000,0.0000,0.0000,0.0000,0.1273,0.1273,0.5077,0.5077,0.0000,0.0000,0.0000,-0.0011
1791179269.5551,0.0200,0.2884,0.0000,0.0000,0.0000,0.0000,0.0000,0.0000,0.1273,0.1273,0.5077,0.5077,0.0000,0.0000,0.0000,-0.0011
1791179269.5752,0.0200,0.2157,0.0000,0.0000,0.0000,0.0000,0.0000,0.0000,0.1273,0.1273,0.5077,0.5077,0.0000,0.0000,0.0000,-0.0011
1791179269.5952,0.0200,0.2172,0.0000,0.0000,0.0000,0.0000,0.0000,0.0000,0.1273,0.1273,0.5077,0.5077,0.0000,0.0000,0.0000,-0.0011
1791179269.6152,0.0201,0.2599,0.0000,0.0000,0.0000,0.0000,0.0000,0.0000,0.1273,0.1273,0.5077,0.5077,0.0000,0.0000,0.0000,-0.0011
1791179269.6352,0.0200,0.2471,0.0000,0.0000,0.0000,0.0000,0.0000,0.0000,0.1273,0.1273,0.5077,0.5077,0.0000,0.0000,0.0000,-0.0011
1791179269.6552,0.0200,0.2030,0.0000,0.0000,0.0000,0.0000,0.0000,0.0000,0.1273,0.1273,0.5077,0.5077,0.0000,0.0000,0.0000,-0.0011
1791179269.6752,0.0200,0.2369,0.0000,0.0000,0.0000,0.0000,0.0000,0.0000,0.1273,0.1273,0.5077,0.5077,0.0000,0.0000,0.0000,-0.0011
1791179269.6952,0.0200,0.1926,0.0000,0.0000,0.0000,0.0000,0.0000,0.0000,0.1273,0.1273,0.5077,0.5077,0.0000,0.0000,0.0000,-0.0011
1791179269.7152,0.0200,0.2404,0.0000,0.0000,0.0000,0.0000,0.0000,0.0000,0.1273,0.1273,0.5077,0.5077,0.0000,0.0000,0.0000,-0.0012
1791179269.7352,0.0200,0.2381,0.0000,0.0000,0.0000,0.0000,0.0000,0.0000,0.1273,0.1273,0.5077,0.5077,0.0000,0.0000,0.0000,-0.0011
1791179269.7552,0.0200,0.2419,0.0000,0.0000,0.0000,0.0000,0.0000,0.0000,0.1273,0.1273,0.5077,0.5077,0.0000,0.0000,0.0000,-0.0011
1791179269.7752,0.0200,0.2156,0.0000,0.0000,0.0000,0.0000,0.0000,0.0000,0.1273,0.1273,0.5077,0.5077,0.0000,0.0000,0.0000,-0.0011
1791179269.7951,0.0200,0.2600,0.0000,0.0000,0.0000,0.0000,0.0000,0.0000,0.1273,0.1273,0.5077,0.5077,0.0000,0.0000,0.0000,-0.0011
1791179269.8151,0.0200,0.2030,0.0000,0.0000,0.0000,0.0000,0.0000,0.0000,0.1273,0.1273,0.5077,0.5077,0.0000,0.0000,0.0000,-0.0011
1791179269.8352,0.0200,0.2777,0.0000,0.0000,0.0000,0.0000,0.0000,0.0000,0.1273,0.1273,0.5077,0.5077,0.0000,0.0000,0.0000,-0.0011
1791179269.8551,0.0200,0.2372,0.0000,0.0000,0.0000,0.0000,0.0000,0.0000,0.1273,0.1273,0.5077,0.5077,0.0000,0.0000,0.0000,-0.0012
1791179269.8752,0.0200,0.2535,0.0000,0.0000,0.0000,0.0000,0.0000,0.0000,0.1273,0.1273,0.5077,0.5077,0.0000,0.0000,0.0000,-0.0011
1791179269.8951,0.0200,0.1884,0.0000,0.0000,0.0000,0.0000,0.0000,0.0000,0.1273,0.1273,0.5077,0.5077,0.0000,0.0000,0.0000,-0.0011
1791179269.9151,0.0200,0.2478,0.0000,0.0000,0.0000,0.0000,0.0000,0.0000,0.1273,0.1273,0.5077,0.5077,0.0000,0.0000,0.0000,-0.0011
1791179269.9352,0.0200,0.2446,0.0000,0.0000,0.0000,0.0000,0.0000,0.0000,0.1273,0.1273,0.5077,0.5077,0.0000,0.0000,0.0000,-0.0012
1791179269.9551,0.0200,0.2134,0.0000,0.0000,0.0000,0.0000,0.0000,0.0000,0.1273,0.1273,0.5077,0.5077,0.0000,0.0000,0.0000,-0.0011
1791179269.9751,0.0200,0.2170,0.0000,0.0000,0.0000,0.0000,0.0000,0.0000,0.1273,0.1273,0.5077,0.5077,0.0000,0.0000,0.0000,-0.0011
1791179269.9952,0.0200,0.2400,0.0000,0.0000,0.0000,0.0000,0.0000,0.0000,0.1273,0.1273,0.5077,0.5077,0.0000,0.0000,0.0000,-0.0011
1791179270.0152,0.0200,0.2117,0.0000,0.0000,0.0000,0.0000,0.0000,0.0000,0.1273,0.1273,0.5077,0.5077,0.0000,0.0000,0.0000,-0.0011
1791179270.0352,0.0200,0.2650,0.0000,0.0000,0.0000,0.0000,0.0000,0.0000,0.1273,0.1273,0.5077,0.5077,0.0000,0.0000,0.0000,-0.0011
1791179270.0552,0.0200,0.3421,0.0000,0.0000,0.0000,0.0000,0.0000,0.0000,0.1273,0.1273,0.5077,0.5077,0.0000,0.0000,0.0000,-0.0011
1791179270.0752,0.0200,0.2392,0.0000,0.0000,0.0000,0.0000,0.0000,0.0000,0.1273,0.1273,0.5077,0.5077,0.0000,0.0000,0.0000,-0.0011
1791179270.0952,0.0200,0.2329,0.0000,0.0000,0.0000,0.0000,0.0000,0.0000,0.1273,0.1273,0.5077,0.5077,0.0000,0.0000,0.0000,-0.0011
1791179270.1152,0.0200,0.2298,0.0000,0.0000,0.0000,0.0000,0.0000,0.0000,0.1273,0.1273,0.5077,0.5077,0.0000,0.0000,0.0000,-0.0011
1791179270.1352,0.0200,0.2278,0.0000,0.0000,0.0000,0.0000,0.0000,0.0000,0.1273,0.1273,0.5077,0.5077,0.0000,0.0000,0.0000,-0.0011
1791179270.1552,0.0200,0.2328,0.0000,0.0000,0.0000,0.0000,0.0000,0.0000,0.1273,0.1273,0.5077,0.5077,0.0000,0.0000,0.0000,-0.0011
1791179270.1751,0.0200,0.1883,0.0000,0.0000,0.0000,0.0000,0.0000,0.0000,0.1273,0.1273,0.5077,0.5077,0.0000,0.0000,0.0000,-0.0011
1791179270.1951,0.0200,0.2509,0.0000,0.0000,0.0000,0.0000,0.0000,0.0000,0.1273,0.1273,0.5077,0.5077,0.0000,0.0000,0.0000,-0.0012
1791179270.2151,0.0200,0.1640,0.0000,0.0000,0.0000,0.0000,0.0000,0.0000,0.1273,0.1273,0.5077,0.5077,0.0000,0.0000,0.0000,-0.0011
1791179270.2352,0.0200,0.2335,0.0000,0.0000,0.0000,0.0000,0.0000,0.0000,0.1273,0.1273,0.5077,0.5077,0.0000,0.0000,0.0000,-0.0011
1791179270.2552,0.0200,0.2363,0.0000,0.0000,0.0000,0.0000,0.0000,0.0000,0.1273,0.1273,0.5077,0.5077,0.0000,0.0000,0.0000,-0.0011
1791179270.2752,0.0200,0.2970,0.0000,0.0000,0.0000,0.0000,0.0000,0.0000,0.1273,0.1273,0.5077,0.5077,0.0000,0.0000,0.0000,-0.0011
1791179270.2952,0.0200,0.2222,0.0000,0.0000,0.0000,0.0000,0.0000,0.0000,0.1273,0.1273,0.5077,0.5077,0.0000,0.0000,0.0000,-0.0011
1791179270.3152,0.0200,0.2346,0.0000,0.0000,0.0000,0.0000,0.0000,0.0000,0.1273,0.1273,0.5077,0.5062,0.0000,0.0000,0.0000,-0.0011
1791179270.3352,0.0200,0.1921,0.0000,0.0000,0.0000,0.0000,0.0000,0.0000,0.1273,0.1273,0.5077,0.5077,0.0000,0.0000,0.0000,-0.0011
1791179270.3551,0.0199,0.1861,0.0000,0.0000,0.0000,0.0000,0.0000,0.0000,0.1273,0.1273,0.5077,0.5077,0.0000,0.0000,0.0000,-0.0011
1791179270.3752,0.0200,0.2457,0.0000,0.0000,0.0000,0.0000,0.0000,0.0000,0.1273,0.1273,0.5077,0.5062,0.0000,0.0000,0.0000,-0.0011
1791179270.3952,0.0200,0.2805,0.0000,0.0000,0.0000,0.0000,0.0000,-0.0240,0.1273,0.1273,0.5077,0.5062,0.0000,-0.0004,-0.0028,-0.0012
1791179270.4152,0.0200,0.2906,0.0000,0.0000,0.0000,0.0000,0.0000,0.0000,0.1273,0.1273,0.5077,0.5077,0.0000,0.0000,0.0000,-0.0011
1791179270.4352,0.0200,0.2147,0.0000,0.0000,0.0000,0.0000,0.0000,0.0240,0.1273,0.1273,0.5077,0.5077,0.0000,0.0004,0.0028,-0.0011
1791179270.4552,0.0200,0.2295,0.0000,0.0000,0.0000,0.0000,0.0000,0.0000,0.1273,0.1273,0.5077,0.5077,0.0000,0.0000,0.0000,-0.0012
1791179270.4752,0.0200,0.1995,0.0000,0.0000,0.0000,0.0000,0.0000,0.0000,0.1273,0.1273,0.5077,0.5077,0.0000,0.0000,0.0000,-0.0011
1791179270.4951,0.0200,0.2109,0.0000,0.0000,0.0000,0.0000,0.0000,0.0000,0.1273,0.1273,0.5077,0.5077,0.0000,0.0000,0.0000,-0.0011
1791179270.5152,0.0200,0.2258,0.0000,0.0000,0.0000,0.0000,0.0000,0.0000,0.1273,0.1273,0.5077,0.5077,0.0000,0.0000,0.0000,-0.0011
1791179270.5352,0.0200,0.2376,0.0000,0.0000,0.0000,0.0000,0.0000,0.0000,0.1273,0.1273,0.5077,0.5077,0.0000,0.0000,0.0000,-0.0012
1791179270.5552,0.0200,0.2016,0.0000,0.0000,0.0000,0.0000,0.0000,0.0000,0.1273,0.1273,0.5077,0.5077,0.0000,0.0000,0.0000,-0.0011
1791179270.5751,0.0200,0.2124,0.0000,0.0000,0.0000,0.0000,0.0000,0.0000,0.1273,0.1273,0.5077,0.5077,0.0000,0.0000,0.0000,-0.0011
1791179270.5952,0.0200,0.2327,0.0000,0.0000,0.0000,0.0000,0.0000,0.0000,0.1273,0.1273,0.5077,0.5077,0.0000,0.0000,0.0000,-0.0011
1791179270.6152,0.0200,0.1986,0.0000,0.0000,0.0000,0.0000,0.0000,0.0000,0.1273,0.1273,0.5077,0.5077,0.0000,0.0000,0.0000,-0.0011
1791179270.6351,0.0200,0.2133,0.0000,0.0000,0.0000,0.0000,0.0000,0.0000,0.1273,0.1273,0.5077,0.5077,0.0000,0.0000,0.0000,-0.0011
1791179270.6552,0.0200,0.2295,0.0000,0.0000,0.0000,0.0000,0.0000,0.0000,0.1273,0.1273,0.5077,0.5077,0.0000,0.0000,0.0000,-0.0011
1791179270.6752,0.0200,0.2394,0.0000,0.0000,0.0000,0.0000,0.0000,0.0000,0.1273,0.1273,0.5077,0.5077,0.0000,0.0000,0.0000,-0.0011
1791179270.6952,0.0200,0.2399,0.0000,0.0000,0.0000,0.0000,0.0000,0.0000,0.1273,0.1273,0.5077,0.5077,0.0000,0.0000,0.0000,-0.0011
1791179270.7152,0.0200,0.2334,0.0000,0.0000,0.0000,0.0000,0.0000,0.0000,0.1273,0.1273,0.5077,0.5077,0.0000,0.0000,0.0000,-0.0011
1791179270.7352,0.0200,0.2297,0.0000,0.0000,0.0000,0.0000,0.0000,0.0000,0.1273,0.1273,0.5077,0.5077,0.0000,0.0000,0.0000,-0.0011
1791179270.7552,0.0200,0.2372,0.0000,0.0000,0.0000,0.0000,0.0000,0.0000,0.1273,0.1273,0.5077,0.5077,0.0000,0.0000,0.0000,-0.0012
1791179270.7752,0.0200,0.2348,0.0000,0.0000,0.0000,0.0000,0.0000,0.0000,0.1273,0.1273,0.5077,0.5062,0.0000,0.0000,0.0000,-0.0012
1791179270.7952,0.0200,0.2313,0.0000,0.0000,0.0000,0.0000,0.0000,0.0000,0.1273,0.1273,0.5077,0.5077,0.0000,0.0000,0.0000,-0.0011
1791179270.8151,0.0200,0.1856,0.0000,0.0000,0.0000,0.0000,0.0000,0.0000,0.1273,0.1273,0.5077,0.5077,0.0000,0.0000,0.0000,-0.0011
1791179270.8352,0.0200,0.2499,0.0000,0.0000,0.0000,0.0000,0.0000,0.0000,0.1273,0.1273,0.5077,0.5077,0.0000,0.0000,0.0000,-0.0012
1791179270.8551,0.0200,0.1894,0.0000,0.0000,0.0000,0.0000,0.0000,0.0000,0.1273,0.1273,0.5077,0.5077,0.0000,0.0000,0.0000,-0.0011
1791179270.8751,0.0200,0.2157,0.0000,0.0000,0.0000,0.0000,0.0000,0.0000,0.1273,0.1273,0.5077,0.5077,0.0000,0.0000,0.0000,-0.0012
1791179270.8951,0.0200,0.1856,0.0000,0.0000,0.0000,0.0000,0.0000,0.0000,0.1273,0.1273,0.5077,0.5077,0.0000,0.0000,0.0000,-0.0011
1791179270.9152,0.0200,0.2403,0.0000,0.0000,0.0000,0.0000,0.0000,0.0000,0.1273,0.1273,0.5077,0.5077,0.0000,0.0000,0.0000,-0.0011
1791179270.9352,0.0200,0.2424,0.0000,0.0000,0.0000,0.0000,0.0000,0.0000,0.1273,0.1273,0.5077,0.5077,0.0000,0.0000,0.0000,-0.0011
1791179270.9551,0.0200,0.2114,0.0000,0.0000,0.0000,0.0000,0.0000,0.0000,0.1273,0.1273,0.5077,0.5077,0.0000,0.0000,0.0000,-0.0011
1791179270.9751,0.0200,0.2204,0.0000,0.0000,0.0000,0.0000,0.0000,0.0000,0.1273,0.1273,0.5077,0.5077,0.0000,0.0000,0.0000,-0.0011
1791179270.9951,0.0200,0.2412,0.0000,0.0000,0.0000,0.0000,0.0000,0.0000,0.1273,0.1273,0.5077,0.5077,0.0000,0.0000,0.0000,-0.0012
1791179271.0152,0.0200,0.2306,0.0000,0.0000,0.0000,0.0000,0.0000,0.0000,0.1273,0.1273,0.5077,0.5062,0.0000,0.0000,0.0000,-0.0011
1791179271.0352,0.0200,0.2283,0.0000,0.0000,0.0000,0.0000,0.0000,0.0000,0.1273,0.1273,0.5077,0.5077,0.0000,0.0000,0.0000,-0.0012
1791179271.0552,0.0200,0.2399,0.0000,0.0000,0.0000,0.0000,0.0000,0.0000,0.1273,0.1273,0.5077,0.5077,0.0000,0.0000,0.0000,-0.0012
1791179271.0752,0.0200,0.2295,0.0000,0.0000,0.0000,0.0000,0.0000,0.0000,0.1273,0.1273,0.5077,0.5077,0.0000,0.0000,0.0000,-0.0011
1791179271.0952,0.0200,0.2277,0.0000,0.0000,0.0000,0.0000,0.0000,0.0000,0.1273,0.1273,0.5077,0.5077,0.0000,0.0000,0.0000,-0.0011
1791179271.1152,0.0200,0.2302,0.0000,0.0000,0.0000,0.0000,0.0000,0.0000,0.1273,0.1273,0.5077,0.5062,0.0000,0.0000,0.0000,-0.0011
1791179271.1351,0.0200,0.1820,0.0000,0.0000,0.0000,0.0000,0.0000,0.0000,0.1273,0.1273,0.5077,0.5077,0.0000,0.0000,0.0000,-0.0012
1791179271.1552,0.0200,0.3275,0.0000,0.0000,0.0000,0.0000,0.0000,0.0000,0.1273,0.1273,0.5077,0.5077,0.0000,0.0000,0.0000,-0.0011
1791179271.1752,0.0200,0.3162,0.0000,0.0000,0.0000,0.0000,0.0000,0.0000,0.1273,0.1273,0.5077,0.5077,0.0000,0.0000,0.0000,-0.0012
1791179271.1952,0.0200,0.2489,0.0000,0.0000,0.0000,0.0000,0.0000,0.0000,0.1273,0.1273,0.5077,0.5077,0.0000,0.0000,0.0000,-0.0012
1791179271.2151,0.0200,0.1877,0.0000,0.0000,0.0000,0.0000,0.0000,0.0000,0.1273,0.1258,0.5077,0.5077,0.0000,0.0000,0.0000,-0.0011
1791179271.2352,0.0200,0.2399,0.0000,0.0000,0.0000,0.0000,0.0000,0.0000,0.1273,0.1258,0.5077,0.5077,0.0000,0.0000,0.0000,-0.0011
1791179271.2552,0.0200,0.2366,0.0000,0.0000,0.0000,0.0000,0.0000,0.0000,0.1273,0.1258,0.5077,0.5077,0.0000,0.0000,0.0000,-0.0011
1791179271.2752,0.0200,0.2084,0.0000,0.0000,0.0000,0.0000,0.0000,0.0000,0.1273,0.1258,0.5077,0.5077,0.0000,0.0000,0.0000,-0.0011
1791179271.2952,0.0200,0.2322,0.0000,0.0000,0.0000,0.0000,0.0000,0.0000,0.1273,0.1258,0.5077,0.5077,0.0000,0.0000,0.0000,-0.0011
1791179271.3152,0.0200,0.2070,0.0000,0.0000,0.0000,0.0000,0.0000,0.0000,0.1273,0.1258,0.5077,0.5077,0.0000,0.0000,0.0000,-0.0011
1791179271.3352,0.0200,0.1980,0.0000,0.0000,0.0000,0.0000,0.0000,0.0000,0.1273,0.1258,0.5077,0.5077,0.0000,0.0000,0.0000,-0.0011
1791179271.3551,0.0200,0.2120,0.0000,0.0000,0.0000,0.0000,0.0000,0.0000,0.1273,0.1258,0.5077,0.5077,0.0000,0.0000,0.0000,-0.0011
1791179271.3752,0.0200,0.2277,0.0000,0.0000,0.0000,0.0000,0.0000,0.0000,0.1273,0.1258,0.5077,0.5077,0.0000,0.0000,0.0000,-0.0011
1791179271.3952,0.0200,0.1796,0.0000,0.0000,0.0000,0.0000,0.0000,0.0000,0.1273,0.1258,0.5077,0.5077,0.0000,0.0000,0.0000,-0.0011
1791179271.4151,0.0200,0.1798,0.0000,0.0000,0.0000,0.0000,0.0000,0.0000,0.1273,0.1258,0.5077,0.5077,0.0000,0.0000,0.0000,-0.0011
1791179271.4352,0.0200,0.2332,0.0000,0.0000,0.0000,0.0000,0.0000,0.0000,0.1273,0.1258,0.5077,0.5077,0.0000,0.0000,0.0000,-0.0011
1791179271.4552,0.0200,0.3159,0.0000,0.0000,0.0000,0.0000,0.0000,0.0000,0.1273,0.1258,0.5077,0.5077,0.0000,0.0000,0.0000,-0.0011
1791179271.4752,0.0200,0.2772,0.0000,0.0000,0.0000,0.0000,0.0000,0.0000,0.1273,0.1258,0.5077,0.5062,0.0000,0.0000,0.0000,-0.0011
1791179271.4952,0.0200,0.2055,0.0000,0.0000,0.0000,0.0000,0.0000,0.0000,0.1273,0.1258,0.5077,0.5077,0.0000,0.0000,0.0000,-0.0011
1791179271.5151,0.0200,0.2057,0.0000,0.0000,0.0000,0.0000,0.0000,0.0000,0.1273,0.1258,0.5077,0.5077,0.0000,0.0000,0.0000,-0.0011
1791179271.5352,0.0200,0.2333,0.0000,0.0000,0.0000,0.0000,0.0000,0.0000,0.1273,0.1258,0.5077,0.5077,0.0000,0.0000,0.0000,-0.0011
1791179271.5552,0.0200,0.2011,0.0000,0.0000,0.0000,0.0000,0.0000,0.0000,0.1273,0.1258,0.5077,0.5077,0.0000,0.0000,0.0000,-0.0011
1791179271.5751,0.0200,0.2081,0.0000,0.0000,0.0000,0.0000,0.0000,0.0000,0.1273,0.1258,0.5077,0.5077,0.0000,0.0000,0.0000,-0.0011
1791179271.5952,0.0200,0.2276,0.0000,0.0000,0.0000,0.0000,0.0000,0.0000,0.1273,0.1258,0.5077,0.5077,0.0000,0.0000,0.0000,-0.0011
1791179271.6152,0.0200,0.2039,0.0000,0.0000,0.0000,0.0000,0.0000,0.0000,0.1273,0.1258,0.5077,0.5077,0.0000,0.0000,0.0000,-0.0011
1791179271.6351,0.0200,0.2780,0.0000,0.0000,0.0000,0.0000,0.0000,0.0000,0.1273,0.1258,0.5077,0.5077,0.0000,0.0000,0.0000,-0.0011
1791179271.6552,0.0200,0.2355,0.0000,0.0000,0.0000,0.0000,0.0000,0.0000,0.1273,0.1258,0.5077,0.5077,0.0000,0.0000,0.0000,-0.0011
1791179271.6752,0.0200,0.2225,0.0000,0.0000,0.0000,0.0000,0.0000,0.0000,0.1273,0.1258,0.5077,0.5077,0.0000,0.0000,0.0000,-0.0011
1791179271.6952,0.0200,0.2241,0.0000,0.0000,0.0000,0.0000,0.0000,0.0000,0.1273,0.1243,0.5077,0.5077,0.0000,0.0000,0.0000,-0.0011
1791179271.7152,0.0200,0.2282,0.0000,0.0000,0.0000,0.0000,0.0000,0.0000,0.1273,0.1258,0.5077,0.5062,0.0000,0.0000,0.0000,-0.0011
1791179271.7352,0.0200,0.2209,0.0000,0.0000,0.0000,0.0000,0.0000,0.0000,0.1273,0.1258,0.5077,0.5077,0.0000,0.0000,0.0000,-0.0011
1791179271.7552,0.0200,0.2299,0.0000,0.0000,0.0000,0.0000,0.0000,0.0000,0.1273,0.1258,0.5077,0.5062,0.0000,0.0000,0.0000,-0.0011
1791179271.7752,0.0200,0.2310,0.0000,0.0000,0.0000,0.0000,0.0000,0.0000,0.1273,0.1258,0.5077,0.5077,0.0000,0.0000,0.0000,-0.0011
1791179271.7952,0.0200,0.2390,0.0000,0.0000,0.0000,0.0000,0.0000,0.0000,0.1273,0.1258,0.5077,0.5077,0.0000,0.0000,0.0000,-0.0011
1791179271.8152,0.0200,0.2461,0.0000,0.0000,0.0000,0.0000,0.0000,0.0000,0.1273,0.1258,0.5077,0.5077,0.0000,0.0000,0.0000,-0.0011
1791179271.8351,0.0200,0.1826,0.0000,0.0000,0.0000,0.0000,0.0000,0.0000,0.1273,0.1258,0.5077,0.5077,0.0000,0.0000,0.0000,-0.0011
1791179271.8551,0.0200,0.1936,0.0000,0.0000,0.0000,0.0000,0.0000,0.0000,0.1273,0.1258,0.5077,0.5077,0.0000,0.0000,0.0000,-0.0009
1791179271.8751,0.0200,0.2454,0.0000,0.0000,0.0000,0.0000,0.0000,0.0000,0.1273,0.1258,0.5077,0.5077,0.0000,0.0000,0.0000,-0.0011
1791179271.8951,0.0200,0.1779,0.0000,0.0000,0.0000,0.0000,0.0000,0.0000,0.1273,0.1258,0.5077,0.5077,0.0000,0.0000,0.0000,-0.0012
1791179271.9151,0.0200,0.2417,0.0000,0.0000,0.0000,0.0000,0.0000,0.0000,0.1273,0.1258,0.5077,0.5077,0.0000,0.0000,0.0000,-0.0012
1791179271.9351,0.0200,0.2079,0.0000,0.0000,0.0000,0.0000,0.0000,0.0000,0.1273,0.1258,0.5077,0.5077,0.0000,0.0000,0.0000,-0.0011
1791179271.9551,0.0200,0.2398,0.0000,0.0000,0.0000,0.0000,0.0000,0.0000,0.1273,0.1258,0.5077,0.5077,0.0000,0.0000,0.0000,-0.0011
1791179271.9751,0.0200,0.2092,0.0000,0.0000,0.0000,0.0000,0.0000,0.0000,0.1273,0.1258,0.5077,0.5077,0.0000,0.0000,0.0000,-0.0012
1791179271.9952,0.0200,0.2333,0.0000,0.0000,0.0000,0.0000,0.0000,0.0000,0.1273,0.1258,0.5077,0.5077,0.0000,0.0000,0.0000,-0.0012
1791179272.0152,0.0200,0.2320,0.0000,0.0000,0.0000,0.0000,0.0000,0.0000,0.1273,0.1258,0.5077,0.5077,0.0000,0.0000,0.0000,-0.0011
1791179272.0352,0.0200,0.2270,0.0000,0.0000,0.0000,0.0000,0.0000,0.0000,0.1273,0.1258,0.5077,0.5077,0.0000,0.0000,0.0000,-0.0011
1791179272.0552,0.0200,0.2264,0.0000,0.0000,0.0000,0.0000,0.0000,0.0000,0.1273,0.1258,0.5077,0.5077,0.0000,0.0000,0.0000,-0.0011
1791179272.0752,0.0200,0.2325,0.0000,0.0000,0.0000,0.0000,0.0000,0.0000,0.1273,0.1258,0.5077,0.5077,0.0000,0.0000,0.0000,-0.0011
1791179272.0951,0.0200,0.1595,0.0000,0.0000,0.0000,0.0000,0.0000,0.0000,0.1273,0.1258,0.5077,0.5062,0.0000,0.0000,0.0000,-0.0011
1791179272.1152,0.0200,0.2432,0.0000,0.0000,0.0000,0.0000,0.0000,0.0000,0.1273,0.1258,0.5077,0.5077,0.0000,0.0000,0.0000,-0.0011
1791179272.1352,0.0200,0.2061,0.0000,0.0000,0.0000,0.0000,0.0000,0.0000,0.1273,0.1258,0.5077,0.5077,0.0000,0.0000,0.0000,-0.0012
1791179272.1552,0.0200,0.3254,0.0000,0.0000,0.0000,0.0000,0.0000,0.0000,0.1273,0.1258,0.5077,0.5077,0.0000,0.0000,0.0000,-0.0012
1791179272.1752,0.0200,0.2513,0.0000,0.0000,0.0000,0.0000,0.0000,0.0000,0.1273,0.1258,0.5077,0.5077,0.0000,0.0000,0.0000,-0.0012
1791179272.1952,0.0200,0.2477,0.0000,0.0000,0.0000,0.0000,0.0000,0.0000,0.1273,0.1258,0.5077,0.5077,0.0000,0.0000,0.0000,-0.0009
1791179272.2152,0.0200,0.2073,0.0000,0.0000,0.0000,0.0000,0.0000,0.0000,0.1273,0.1258,0.5077,0.5077,0.0000,0.0000,0.0000,-0.0012
1791179272.2352,0.0200,0.1799,0.0000,0.0000,0.0000,0.0000,0.0000,0.0000,0.1273,0.1258,0.5077,0.5077,0.0000,0.0000,0.0000,-0.0012
1791179272.2551,0.0200,0.2302,0.0000,0.0000,0.0000,0.0000,0.0000,0.0000,0.1273,0.1258,0.5077,0.5077,0.0000,0.0000,0.0000,-0.0011
1791179272.2752,0.0200,0.2325,0.0000,0.0000,0.0000,0.0000,0.0000,0.0000,0.1273,0.1258,0.5077,0.5077,0.0000,0.0000,0.0000,-0.0009
1791179272.2952,0.0200,0.1806,0.0000,0.0000,0.0000,0.0000,0.0000,0.0000,0.1273,0.1258,0.5077,0.5077,0.0000,0.0000,0.0000,-0.0009
1791179272.3152,0.0200,0.2437,0.0000,0.0000,0.0000,0.0000,0.0000,0.0000,0.1273,0.1258,0.5077,0.5077,0.0000,0.0000,0.0000,-0.0011
1791179272.3352,0.0200,0.2306,0.0000,0.0000,0.0000,0.0000,0.0000,0.0000,0.1273,0.1258,0.5077,0.5077,0.0000,0.0000,0.0000,-0.0012
1791179272.3552,0.0200,0.2342,0.0000,0.0000,0.0000,0.0000,0.0000,0.0000,0.1273,0.1258,0.5077,0.5062,0.0000,0.0000,0.0000,-0.0011
1791179272.3752,0.0200,0.3248,0.0000,0.0000,0.0000,0.0000,0.0000,0.0000,0.1273,0.1258,0.5077,0.5077,0.0000,0.0000,0.0000,-0.0011
1791179272.3952,0.0200,0.2119,0.0000,0.0000,0.0000,0.0000,0.0000,0.0000,0.1273,0.1258,0.5077,0.5077,0.0000,0.0000,0.0000,-0.0009
1791179272.4152,0.0200,0.2301,0.0000,0.0000,0.0000,0.0000,0.0000,0.0000,0.1273,0.1258,0.5077,0.5077,0.0000,0.0000,0.0000,-0.0009
1791179272.4352,0.0200,0.2078,0.0000,0.0000,0.0000,0.0000,0.0000,0.0000,0.1273,0.1258,0.5077,0.5077,0.0000,0.0000,0.0000,-0.0009
1791179272.4551,0.0200,0.2119,0.0000,0.0000,0.0000,0.0000,0.0000,0.0000,0.1273,0.1243,0.5077,0.5077,0.0000,0.0000,0.0000,-0.0012
1791179272.4752,0.0200,0.2334,0.0000,0.0000,0.0000,0.0000,0.0000,0.0000,0.1273,0.1258,0.5077,0.5077,0.0000,0.0000,0.0000,-0.0011
1791179272.4952,0.0200,0.2019,0.0000,0.0000,0.0000,0.0000,0.0000,0.0000,0.1273,0.1258,0.5077,0.5077,0.0000,0.0000,0.0000,-0.0009
1791179272.5151,0.0200,0.2098,0.0000,0.0000,0.0000,0.0000,0.0000,0.0000,0.1273,0.1258,0.5077,0.5077,0.0000,0.0000,0.0000,-0.0009
1791179272.5352,0.0200,0.2078,0.0000,0.0000,0.0000,0.0000,0.0000,0.0000,0.1273,0.1258,0.5077,0.5062,0.0000,0.0000,0.0000,-0.0009
1791179272.5552,0.0200,0.2035,0.0000,0.0000,0.0000,0.0000,0.0000,0.0000,0.1273,0.1258,0.5077,0.5077,0.0000,0.0000,0.0000,-0.0009
1791179272.5752,0.0200,0.3286,0.0000,0.0000,0.0000,0.0000,0.0000,0.0000,0.1273,0.1258,0.5077,0.5077,0.0000,0.0000,0.0000,-0.0011
1791179272.5952,0.0200,0.2049,0.0000,0.0000,0.0000,0.0000,0.0000,0.0000,0.1273,0.1258,0.5077,0.5077,0.0000,0.0000,0.0000,-0.0012
1791179272.6152,0.0200,0.2356,0.0000,0.0000,0.0000,0.0000,0.0000,0.0000,0.1273,0.1258,0.5077,0.5077,0.0000,0.0000,0.0000,-0.0012
1791179272.6352,0.0200,0.2364,0.0000,0.0000,0.0000,0.0000,0.0000,0.0000,0.1273,0.1258,0.5077,0.5077,0.0000,0.0000,0.0000,-0.0009
1791179272.6552,0.0200,0.2309,0.0000,0.0000,0.0000,0.0000,0.0000,0.0000,0.1273,0.1258,0.5077,0.5077,0.0000,0.0000,0.0000,-0.0009
1791179272.6752,0.0200,0.2509,0.0000,0.0000,0.0000,0.0000,0.0000,0.0000,0.1273,0.1258,0.5077,0.5077,0.0000,0.0000,0.0000,-0.0012
1791179272.6952,0.0200,0.2614,0.0000,0.0000,0.0000,0.0000,0.0000,0.0000,0.1273,0.1258,0.5077,0.5077,0.0000,0.0000,0.0000,-0.0011
1791179272.7152,0.0200,0.2340,0.0000,0.0000,0.0000,0.0000,0.0000,0.0000,0.1273,0.1258,0.5077,0.5077,0.0000,0.0000,0.0000,-0.0011
1791179272.7352,0.0200,0.2352,0.0000,0.0000,0.0000,0.0000,0.0000,0.0000,0.1273,0.1258,0.5077,0.5077,0.0000,0.0000,0.0000,-0.0009
1791179272.7551,0.0200,0.1854,0.0000,0.0000,0.0000,0.0000,0.0000,0.0000,0.1273,0.1258,0.5077,0.5077,0.0000,0.0000,0.0000,-0.0012
1791179272.7752,0.0200,0.2394,0.0000,0.0000,0.0000,0.0000,0.0000,0.0000,0.1273,0.1258,0.5077,0.5077,0.0000,0.0000,0.0000,-0.0011
1791179272.7952,0.0200,0.2974,0.0000,0.0000,0.0000,0.0000,0.0000,0.0000,0.1273,0.1258,0.5077,0.5077,0.0000,0.0000,0.0000,-0.0012
1791179272.8151,0.0200,0.2078,0.0000,0.0000,0.0000,0.0000,0.0000,0.0000,0.1273,0.1258,0.5077,0.5077,0.0000,0.0000,0.0000,-0.0011
1791179272.8351,0.0200,0.2206,0.0000,0.0000,0.0000,0.0000,0.0000,0.0000,0.1273,0.1258,0.5077,0.5077,0.0000,0.0000,0.0000,-0.0012
1791179272.8552,0.0200,0.2414,0.0000,0.0000,0.0000,0.0000,0.0000,0.0000,0.1273,0.1258,0.5077,0.5077,0.0000,0.0000,0.0000,-0.0012
1791179272.8752,0.0200,0.2503,0.0000,0.0000,0.0000,0.0000,0.0000,0.0000,0.1273,0.1258,0.5077,0.5077,0.0000,0.0000,0.0000,-0.0012
1791179272.8951,0.0200,0.1682,0.0000,0.0000,0.0000,0.0000,0.0000,0.0000,0.1273,0.1258,0.5077,0.5077,0.0000,0.0000,0.0000,-0.0011
1791179272.9151,0.0200,0.2456,0.0000,0.0000,0.0000,0.0000,0.0000,0.0000,0.1273,0.1258,0.5077,0.5077,0.0000,0.0000,0.0000,-0.0011
1791179272.9351,0.0200,0.2079,0.0000,0.0000,0.0000,0.0000,0.0000,0.0000,0.1273,0.1258,0.5077,0.5077,0.0000,0.0000,0.0000,-0.0011
1791179272.9551,0.0200,0.2025,0.0000,0.0000,0.0000,0.0000,0.0000,0.0000,0.1273,0.1258,0.5077,0.5077,0.0000,0.0000,0.0000,-0.0011
1791179272.9751,0.0200,0.2145,0.0000,0.0000,0.0000,0.0000,0.0000,0.0000,0.1273,0.1258,0.5077,0.5077,0.0000,0.0000,0.0000,-0.0011
1791179272.9952,0.0200,0.2049,0.0000,0.0000,0.0000,0.0000,0.0000,0.0000,0.1273,0.1258,0.5077,0.5077,0.0000,0.0000,0.0000,-0.0012
1791179273.0152,0.0200,0.2074,0.0000,0.0000,0.0000,0.0000,0.0000,0.0000,0.1273,0.1258,0.5077,0.5077,0.0000,0.0000,0.0000,-0.0011
1791179273.0351,0.0200,0.2444,0.0000,0.0000,0.0000,0.0000,0.0000,0.0000,0.1273,0.1258,0.5077,0.5077,0.0000,0.0000,0.0000,-0.0012
1791179273.0552,0.0200,0.1676,0.0000,0.0000,0.0000,0.0000,0.0000,0.0000,0.1273,0.1258,0.5077,0.5077,0.0000,0.0000,0.0000,-0.0011
1791179273.0751,0.0200,0.2186,0.0000,0.0000,0.0000,0.0000,0.0000,0.0000,0.1273,0.1258,0.5077,0.5077,0.0000,0.0000,0.0000,-0.0012
1791179273.0952,0.0200,0.2367,0.0000,0.0000,0.0000,0.0000,0.0000,0.0000,0.1273,0.1258,0.5077,0.5077,0.0000,0.0000,0.0000,-0.0011
1791179273.1152,0.0200,0.1673,0.0000,0.0000,0.0000,0.0000,0.0000,0.0000,0.1273,0.1258,0.5077,0.5077,0.0000,0.0000,0.0000,-0.0011
1791179273.1351,0.0200,0.1646,0.0000,0.0000,0.0000,0.0000,0.0000,0.0000,0.1273,0.1258,0.5077,0.5077,0.0000,0.0000,0.0000,-0.0011
1791179273.1552,0.0200,0.2374,0.0000,0.0000,0.0000,0.0000,0.0000,0.0000,0.1273,0.1258,0.5077,0.5077,0.0000,0.0000,0.0000,-0.0012
1791179273.1752,0.0200,0.3231,0.0000,0.0000,0.0000,0.0000,0.0000,0.0000,0.1273,0.1258,0.5077,0.5077,0.0000,0.0000,0.0000,-0.0012
1791179273.1952,0.0200,0.3193,0.0000,0.0000,0.0000,0.0000,0.0000,0.0000,0.1273,0.1258,0.5077,0.5077,0.0000,0.0000,0.0000,-0.0011
1791179273.2152,0.0200,0.2134,0.0000,0.0000,0.0000,0.0000,0.0000,0.0000,0.1273,0.1258,0.5077,0.5077,0.0000,0.0000,0.0000,-0.0012
1791179273.2351,0.0200,0.2194,0.0000,0.0000,0.0000,0.0000,0.0000,0.0000,0.1273,0.1258,0.5077,0.5077,0.0000,0.0000,0.0000,-0.0011
1791179273.2552,0.0200,0.2317,0.0000,0.0000,0.0000,0.0000,0.0000,0.0000,0.1273,0.1258,0.5077,0.5077,0.0000,0.0000,0.0000,-0.0011
1791179273.2752,0.0200,0.1819,0.0000,0.0000,0.0000,0.0000,0.0000,0.0000,0.1273,0.1258,0.5077,0.5077,0.0000,0.0000,0.0000,-0.0012
1791179273.2951,0.0200,0.1858,0.0000,0.0000,0.0000,0.0000,0.0000,0.0000,0.1273,0.1258,0.5077,0.5077,0.0000,0.0000,0.0000,-0.0012
1791179273.3151,0.0200,0.2385,0.0000,0.0000,0.0000,0.0000,0.0000,0.0000,0.1273,0.1289,0.5077,0.5077,0.0000,0.0000,0.0000,-0.0011
1791179273.3352,0.0200,0.2323,0.0000,0.0000,0.0000,0.0000,0.0000,0.0000,0.1273,0.1289,0.5077,0.5077,0.0000,0.0000,0.0000,-0.0012
1791179273.3552,0.0200,0.2374,0.0000,0.0000,0.0000,0.0000,0.0000,0.0000,0.1273,0.1289,0.5077,0.5077,0.0000,0.0000,0.0000,-0.0011
1791179273.3752,0.0200,0.2320,0.0000,0.0000,0.0000,0.0000,0.0000,0.0000,0.1273,0.1273,0.5077,0.5077,0.0000,0.0000,0.0000,-0.0011
1791179273.3952,0.0200,0.2351,0.0000,0.0000,0.0000,0.0000,0.0000,0.0000,0.1273,0.1289,0.5077,0.5077,0.0000,0.0000,0.0000,-0.0012
1791179273.4152,0.0200,0.3105,0.0000,0.0000,0.0000,0.0000,0.0000,0.0000,0.1273,0.1289,0.5077,0.5077,0.0000,0.0000,0.0000,-0.0012
1791179273.4352,0.0200,0.2090,0.0000,0.0000,0.0000,0.0000,0.0000,0.0000,0.1273,0.1289,0.5077,0.5077,0.0000,0.0000,0.0000,-0.0011
1791179273.4551,0.0199,0.2582,0.0000,0.0000,0.0000,0.0000,0.0000,0.0000,0.1273,0.1289,0.5077,0.5077,0.0000,0.0000,0.0000,-0.0012
1791179273.4751,0.0200,0.2148,0.0000,0.0000,0.0000,0.0000,0.0000,0.0000,0.1273,0.1273,0.5077,0.5077,0.0000,0.0000,0.0000,-0.0011
1791179273.4952,0.0200,0.2341,0.0000,0.0000,0.0000,0.0000,0.0000,0.0000,0.1273,0.1273,0.5077,0.5077,0.0000,0.0000,0.0000,-0.0012
1791179273.5152,0.0200,0.2552,0.0000,0.0000,0.0000,0.0000,0.0000,0.0000,0.1273,0.1258,0.5077,0.5077,0.0000,0.0000,0.0000,-0.0012
1791179273.5352,0.0200,0.2441,0.0000,0.0000,0.0000,0.0000,0.0000,0.0000,0.1273,0.1258,0.5077,0.5077,0.0000,0.0000,0.0000,-0.0011
1791179273.5552,0.0200,0.2431,0.0000,0.0000,0.0000,0.0000,0.0000,0.0000,0.1273,0.1243,0.5077,0.5077,0.0000,0.0000,0.0000,-0.0012
1791179273.5752,0.0200,0.2484,0.0000,0.0000,0.0000,0.0000,0.0000,0.0000,0.1273,0.1258,0.5077,0.5077,0.0000,0.0000,0.0000,-0.0012
1791179273.5952,0.0200,0.2355,0.0000,0.0000,0.0000,0.0000,0.0000,0.0000,0.1273,0.1258,0.5077,0.5077,0.0000,0.0000,0.0000,-0.0011
1791179273.6152,0.0200,0.2373,0.0000,0.0000,0.0000,0.0000,0.0000,0.0000,0.1273,0.1258,0.5077,0.5077,0.0000,0.0000,0.0000,-0.0012
1791179273.6352,0.0200,0.2283,0.0000,0.0000,0.0000,0.0000,0.0000,0.0000,0.1273,0.1258,0.5077,0.5077,0.0000,0.0000,0.0000,-0.0012
1791179273.6552,0.0200,0.2354,0.0000,0.0000,0.0000,0.0000,0.0000,0.0000,0.1273,0.1258,0.5077,0.5077,0.0000,0.0000,0.0000,-0.0012
1791179273.6752,0.0200,0.2442,0.0000,0.0000,0.0000,0.0000,0.0000,0.0000,0.1273,0.1258,0.5077,0.5077,0.0000,0.0000,0.0000,-0.0011
1791179273.6952,0.0200,0.2555,0.0000,0.0000,0.0000,0.0000,0.0000,0.0000,0.1273,0.1243,0.5077,0.5077,0.0000,0.0000,0.0000,-0.0011
1791179273.7152,0.0200,0.2573,0.0000,0.0000,0.0000,0.0000,0.0000,0.0000,0.1273,0.1258,0.5077,0.5077,0.0000,0.0000,0.0000,-0.0012
1791179273.7352,0.0200,0.2424,0.0000,0.0000,0.0000,0.0000,0.0000,0.0000,0.1273,0.1258,0.5077,0.5077,0.0000,0.0000,0.0000,-0.0011
1791179273.7552,0.0200,0.2510,0.0000,0.0000,0.0000,0.0000,0.0000,0.0000,0.1273,0.1258,0.5077,0.5077,0.0000,0.0000,0.0000,-0.0012
1791179273.7751,0.0200,0.1869,0.0000,0.0000,0.0000,0.0000,0.0000,0.0000,0.1273,0.1258,0.5077,0.5077,0.0000,0.0000,0.0000,-0.0011
1791179273.7951,0.0200,0.2401,0.0000,0.0000,0.0000,0.0000,0.0000,0.0000,0.1273,0.1258,0.5077,0.5077,0.0000,0.0000,0.0000,-0.0011
1791179273.8151,0.0200,0.1831,0.0000,0.0000,0.0000,0.0000,0.0000,0.0000,0.1273,0.1258,0.5077,0.5077,0.0000,0.0000,0.0000,-0.0011
1791179273.8351,0.0200,0.2084,0.0000,0.0000,0.0000,0.0000,0.0000,0.0000,0.1273,0.1258,0.5077,0.5077,0.0000,0.0000,0.0000,-0.0012
1791179273.8551,0.0200,0.2373,0.0000,0.0000,0.0000,0.0000,0.0000,0.0000,0.1273,0.1258,0.5077,0.5077,0.0000,0.0000,0.0000,-0.0012
1791179273.8751,0.0200,0.1810,0.0000,0.0000,0.0000,0.0000,0.0000,0.0000,0.1273,0.1258,0.5077,0.5077,0.0000,0.0000,0.0000,-0.0012
1791179273.8951,0.0200,0.2363,0.0000,0.0000,0.0000,0.0000,0.0000,0.0000,0.1273,0.1258,0.5077,0.5077,0.0000,0.0000,0.0000,-0.0012
1791179273.9152,0.0200,0.2325,0.0000,0.0000,0.0000,0.0000,0.0000,0.0000,0.1273,0.1258,0.5077,0.5077,0.0000,0.0000,0.0000,-0.0012
1791179273.9352,0.0200,0.2345,0.0000,0.0000,0.0000,0.0000,0.0000,0.0000,0.1273,0.1258,0.5077,0.5077,0.0000,0.0000,0.0000,-0.0011
1791179273.9552,0.0200,0.2227,0.0000,0.0000,0.0000,0.0000,0.0000,0.0000,0.1273,0.1258,0.5077,0.5077,0.0000,0.0000,0.0000,-0.0012
1791179273.9752,0.0200,0.2258,0.0000,0.0000,0.0000,0.0000,0.0000,0.0000,0.1273,0.1258,0.5077,0.5077,0.0000,0.0000,0.0000,-0.0012
1791179273.9952,0.0200,0.2396,0.0000,0.0000,0.0000,0.0000,0.0000,0.0000,0.1273,0.1258,0.5077,0.5077,0.0000,0.0000,0.0000,-0.0012
1791179274.0152,0.0200,0.1785,0.0000,0.0000,0.0000,0.0000,0.0000,0.0000,0.1273,0.1258,0.5077,0.5077,0.0000,0.0000,0.0000,-0.0011
1791179274.0351,0.0200,0.2384,0.0000,0.0000,0.0000,0.0000,0.0000,0.0000,0.1273,0.1258,0.5077,0.5077,0.0000,0.0000,0.0000,-0.0012
1791179274.0552,0.0200,0.2411,0.0000,0.0000,0.0000,0.0000,0.0000,0.0000,0.1273,0.1258,0.5077,0.5077,0.0000,0.0000,0.0000,-0.0011
1791179274.0752,0.0200,0.2383,0.0000,0.0000,0.0000,0.0000,0.0000,0.0000,0.1273,0.1258,0.5077,0.5077,0.0000,0.0000,0.0000,-0.0012
1791179274.0952,0.0200,0.1655,0.0000,0.0000,0.0000,0.0000,0.0000,0.0000,0.1273,0.1258,0.5077,0.5077,0.0000,0.0000,0.0000,-0.0012
1791179274.1152,0.0200,0.2396,0.0000,0.0000,0.0000,0.0000,0.0000,0.0000,0.1273,0.1258,0.5077,0.5077,0.0000,0.0000,0.0000,-0.0011
1791179274.1352,0.0200,0.2257,0.0000,0.0000,0.0000,0.0000,0.0000,0.0000,0.1273,0.1258,0.5077,0.5077,0.0000,0.0000,0.0000,-0.0011
1791179274.1552,0.0200,0.1676,0.0000,0.0000,0.0000,0.0000,0.0000,0.0000,0.1273,0.1258,0.5077,0.5077,0.0000,0.0000,0.0000,-0.0011
1791179274.1751,0.0200,0.1815,0.0000,0.0000,0.0000,0.0000,0.0000,0.0000,0.1273,0.1258,0.5077,0.5077,0.0000,0.0000,0.0000,-0.0012
1791179274.1952,0.0200,0.2323,0.0000,0.0000,0.0000,0.0000,0.0000,0.0000,0.1273,0.1258,0.5077,0.5077,0.0000,0.0000,0.0000,-0.0011
1791179274.2152,0.0200,0.1786,0.0000,0.0000,0.0000,0.0000,0.0000,0.0000,0.1273,0.1258,0.5077,0.5077,0.0000,0.0000,0.0000,-0.0012
1791179274.2351,0.0200,0.1864,0.0000,0.0000,0.0000,0.0000,0.0000,0.0000,0.1273,0.1258,0.5077,0.5077,0.0000,0.0000,0.0000,-0.0012
1791179274.2552,0.0200,0.2339,0.0000,0.0000,0.0000,0.0000,0.0000,0.0000,0.1273,0.1258,0.5077,0.5077,0.0000,0.0000,0.0000,-0.0011
1791179274.2752,0.0200,0.1799,0.0000,0.0000,0.0000,0.0000,0.0000,0.0000,0.1273,0.1258,0.5077,0.5077,0.0000,0.0000,0.0000,-0.0012
1791179274.2951,0.0200,0.1843,0.0000,0.0000,0.0000,0.0000,0.0000,0.0000,0.1273,0.1258,0.5077,0.5077,0.0000,0.0000,0.0000,-0.0012
1791179274.3152,0.0200,0.2366,0.0000,0.0000,0.0000,0.0000,0.0000,0.0000,0.1273,0.1258,0.5077,0.5077,0.0000,0.0000,0.0000,-0.0011
1791179274.3352,0.0200,0.2392,0.0000,0.0000,0.0000,0.0000,0.0000,0.0000,0.1273,0.1258,0.5077,0.5077,0.0000,0.0000,0.0000,-0.0011
1791179274.3552,0.0200,0.3155,0.0000,0.0000,0.0000,0.0000,0.0000,0.0000,0.1273,0.1258,0.5077,0.5077,0.0000,0.0000,0.0000,-0.0011
1791179274.3752,0.0200,0.2081,0.0000,0.0000,0.0000,0.0000,0.0000,0.0000,0.1273,0.1258,0.5077,0.5077,0.0000,0.0000,0.0000,-0.0012
1791179274.3952,0.0200,0.2376,0.0000,0.0000,0.0000,0.0000,0.0000,0.0000,0.1273,0.1243,0.5077,0.5077,0.0000,0.0000,0.0000,-0.0011
1791179274.4152,0.0200,0.1982,0.0000,0.0000,0.0000,0.0000,0.0000,0.0000,0.1273,0.1258,0.5077,0.5077,0.0000,0.0000,0.0000,-0.0011
1791179274.4351,0.0200,0.2081,0.0000,0.0000,0.0000,0.0000,0.0000,0.0000,0.1273,0.1258,0.5077,0.5077,0.0000,0.0000,0.0000,-0.0011
1791179274.4552,0.0200,0.2288,0.0000,0.0000,0.0000,0.0000,0.0000,0.0000,0.1273,0.1258,0.5077,0.5077,0.0000,0.0000,0.0000,-0.0011
1791179274.4752,0.0200,0.2260,0.0000,0.0000,0.0000,0.0000,0.0000,0.0000,0.1273,0.1258,0.5077,0.5077,0.0000,0.0000,0.0000,-0.0012
1791179274.4952,0.0200,0.2273,0.0000,0.0000,0.0000,0.0000,0.0000,0.0000,0.1273,0.1258,0.5077,0.5077,0.0000,0.0000,0.0000,-0.0012
1791179274.5152,0.0200,0.1945,0.0000,0.0000,0.0000,0.0000,0.0000,0.0000,0.1273,0.1258,0.5077,0.5062,0.0000,0.0000,0.0000,-0.0011
1791179274.5352,0.0200,0.2466,0.0000,0.0000,0.0000,0.0000,0.0000,0.0000,0.1273,0.1258,0.5077,0.5062,0.0000,0.0000,0.0000,-0.0011
1791179274.5552,0.0200,0.2376,0.0000,0.0000,0.0000,0.0000,0.0000,0.0000,0.1273,0.1258,0.5077,0.5062,0.0000,0.0000,0.0000,-0.0011
1791179274.5752,0.0200,0.2361,0.0000,0.0000,0.0000,0.0000,0.0000,0.0000,0.1273,0.1258,0.5077,0.5077,0.0000,0.0000,0.0000,-0.0012
1791179274.5952,0.0200,0.2399,0.0000,0.0000,0.0000,0.0000,0.0000,0.0000,0.1273,0.1258,0.5077,0.5077,0.0000,0.0000,0.0000,-0.0012
1791179274.6152,0.0200,0.2354,0.0000,0.0000,0.0000,0.0000,0.0000,0.0000,0.1273,0.1258,0.5077,0.5077,0.0000,0.0000,0.0000,-0.0011
1791179274.6352,0.0200,0.2305,0.0000,0.0000,0.0000,0.0000,0.0000,0.0000,0.1273,0.1258,0.5077,0.5077,0.0000,0.0000,0.0000,-0.0012
1791179274.6552,0.0200,0.2391,0.0000,0.0000,0.0000,0.0000,0.0000,0.0000,0.1273,0.1258,0.5077,0.5077,0.0000,0.0000,0.0000,-0.0011
1791179274.6752,0.0200,0.2407,0.0000,0.0000,0.0000,0.0000,0.0000,0.0000,0.1273,0.1258,0.5077,0.5077,0.0000,0.0000,0.0000,-0.0011
1791179274.6952,0.0200,0.2369,0.0000,0.0000,0.0000,0.0000,0.0000,0.0000,0.1273,0.1258,0.5077,0.5077,0.0000,0.0000,0.0000,-0.0011
1791179274.7152,0.0200,0.2400,0.0000,0.0000,0.0000,0.0000,0.0000,0.0000,0.1273,0.1258,0.5077,0.5077,0.0000,0.0000,0.0000,-0.0011
1791179274.7352,0.0200,0.2380,0.0000,0.0000,0.0000,0.0000,0.0000,0.0000,0.1273,0.1258,0.5077,0.5077,0.0000,0.0000,0.0000,-0.0011
1791179274.7551,0.0200,0.1852,0.0000,0.0000,0.0000,0.0000,0.0000,0.0000,0.1273,0.1258,0.5077,0.5077,0.0000,0.0000,0.0000,-0.0011
1791179274.7752,0.0200,0.2671,0.0000,0.0000,0.0000,0.0000,0.0000,0.0000,0.1273,0.1258,0.5077,0.5077,0.0000,0.0000,0.0000,-0.0011
1791179274.7951,0.0200,0.1776,0.0000,0.0000,0.0000,0.0000,0.0000,0.0000,0.1273,0.1258,0.5077,0.5077,0.0000,0.0000,0.0000,-0.0011
1791179274.8151,0.0200,0.2470,0.0000,0.0000,0.0000,0.0000,0.0000,0.0000,0.1273,0.1258,0.5077,0.5077,0.0000,0.0000,0.0000,-0.0012
1791179274.8351,0.0200,0.1752,0.0000,0.0000,0.0000,0.0000,0.0000,0.0000,0.1273,0.1258,0.5077,0.5077,0.0000,0.0000,0.0000,-0.0011
1791179274.8551,0.0200,0.2431,0.0000,0.0000,0.0000,0.0000,0.0000,0.0000,0.1273,0.1258,0.5077,0.5077,0.0000,0.0000,0.0000,-0.0011
1791179274.8751,0.0200,0.1906,0.0000,0.0000,0.0000,0.0000,0.0000,0.0000,0.1273,0.1258,0.5077,0.5077,0.0000,0.0000,0.0000,-0.0012
1791179274.8951,0.0200,0.2355,0.0000,0.0000,0.0000,0.0000,0.0000,0.0000,0.1273,0.1258,0.5077,0.5062,0.0000,0.0000,0.0000,-0.0011
1791179274.9151,0.0200,0.2126,0.0000,0.0000,0.0000,0.0000,0.0000,0.0000,0.1273,0.1258,0.5077,0.5077,0.0000,0.0000,0.0000,-0.0011
1791179274.9351,0.0200,0.2081,0.0000,0.0000,0.0000,0.0000,0.0000,0.0000,0.1273,0.1258,0.5077,0.5077,0.0000,0.0000,0.0000,-0.0012
1791179274.9552,0.0200,0.2340,0.0000,0.0000,0.0000,0.0000,0.0000,0.0000,0.1273,0.1258,0.5077,0.5077,0.0000,0.0000,0.0000,-0.0012
1791179274.9752,0.0200,0.2257,0.0000,0.0000,0.0000,0.0000,0.0000,0.0000,0.1273,0.1258,0.5077,0.5077,0.0000,0.0000,0.0000,-0.0011
1791179274.9952,0.0200,0.2243,0.0000,0.0000,0.0000,0.0000,0.0000,0.0000,0.1273,0.1258,0.5077,0.5077,0.0000,0.0000,0.0000,-0.0012
1791179275.0152,0.0200,0.2274,0.0000,0.0000,0.0000,0.0000,0.0000,0.0000,0.1273,0.1258,0.5077,0.5077,0.0000,0.0000,0.0000,-0.0012
1791179275.0352,0.0200,0.2090,0.0000,0.0000,0.0000,0.0000,0.0000,0.0000,0.1273,0.1258,0.5077,0.5077,0.0000,0.0000,0.0000,-0.0011
1791179275.0551,0.0200,0.2148,0.0000,0.0000,0.0000,0.0000,0.0000,0.0000,0.1273,0.1258,0.5077,0.5062,0.0000,0.0000,0.0000,-0.0012
1791179275.0752,0.0200,0.2316,0.0000,0.0000,0.0000,0.0000,0.0000,0.0000,0.1273,0.1258,0.5077,0.5077,0.0000,0.0000,0.0000,-0.0012
1791179275.0952,0.0200,0.2331,0.0000,0.0000,0.0000,0.0000,0.0000,0.0000,0.1273,0.1258,0.5077,0.5077,0.0000,0.0000,0.0000,-0.0011
1791179275.1152,0.0200,0.2271,0.0000,0.0000,0.0000,0.0000,0.0000,0.0000,0.1273,0.1258,0.5077,0.5077,0.0000,0.0000,0.0000,-0.0011
1791179275.1352,0.0200,0.2263,0.0000,0.0000,0.0000,0.0000,0.0000,0.0000,0.1273,0.1258,0.5077,0.5077,0.0000,0.0000,0.0000,-0.0012
1791179275.1552,0.0200,0.2680,0.0000,0.0000,0.0000,0.0000,0.0000,0.0000,0.1273,0.1258,0.5077,0.5077,0.0000,0.0000,0.0000,-0.0011
1791179275.1752,0.0200,0.2496,0.0000,0.0000,0.0000,0.0000,0.0000,0.0000,0.1273,0.1258,0.5077,0.5062,0.0000,0.0000,0.0000,-0.0011
1791179275.1952,0.0200,0.2381,0.0000,0.0000,0.0000,0.0000,0.0000,0.0000,0.1273,0.1258,0.5077,0.5077,0.0000,0.0000,0.0000,-0.0011
1791179275.2152,0.0200,0.2309,0.0000,0.0000,0.0000,0.0000,0.0000,0.0000,0.1273,0.1258,0.5077,0.5077,0.0000,0.0000,0.0000,-0.0011
1791179275.2352,0.0200,0.1820,0.0000,0.0000,0.0000,0.0000,0.0000,0.0000,0.1273,0.1258,0.5077,0.5077,0.0000,0.0000,0.0000,-0.0011
1791179275.2552,0.0200,0.1847,0.0000,0.0000,0.0000,0.0000,0.0000,0.0000,0.1273,0.1258,0.5077,0.5077,0.0000,0.0000,0.0000,-0.0011
1791179275.2752,0.0200,0.1826,0.0000,0.0000,0.0000,0.0000,0.0000,0.0000,0.1273,0.1258,0.5077,0.5077,0.0000,0.0000,0.0000,-0.0011
1791179275.2952,0.0200,0.2476,0.0000,0.0000,0.0000,0.0000,0.0000,0.0000,0.1273,0.1258,0.5077,0.5077,0.0000,0.0000,0.0000,-0.0012
1791179275.3152,0.0200,0.2187,0.0000,0.0000,0.0000,0.0000,0.0000,0.0000,0.1273,0.1258,0.5077,0.5077,0.0000,0.0000,0.0000,-0.0012
1791179275.3351,0.0200,0.3005,0.0000,0.0000,0.0000,0.0000,0.0000,0.0000,0.1273,0.1258,0.5077,0.5077,0.0000,0.0000,0.0000,-0.0011
1791179275.3552,0.0200,0.2903,0.0000,0.0000,0.0000,0.0000,0.0000,0.0000,0.1273,0.1258,0.5077,0.5077,0.0000,0.0000,0.0000,-0.0012
1791179275.3752,0.0200,0.2412,0.0000,0.0000,0.0000,0.0000,0.0000,0.0000,0.1273,0.1258,0.5077,0.5077,0.0000,0.0000,0.0000,-0.0011
1791179275.3952,0.0200,0.2318,0.0000,0.0000,0.0000,0.0000,0.0000,0.0000,0.1273,0.1258,0.5077,0.5077,0.0000,0.0000,0.0000,-0.0012
1791179275.4152,0.0200,0.2379,0.0000,0.0000,0.0000,0.0000,0.0000,0.0000,0.1273,0.1258,0.5077,0.5077,0.0000,0.0000,0.0000,-0.0011
1791179275.4352,0.0200,0.3080,0.0000,0.0000,0.0000,0.0000,0.0000,0.0000,0.1273,0.1258,0.5077,0.5077,0.0000,0.0000,0.0000,-0.0011
1791179275.4552,0.0200,0.2351,0.0000,0.0000,0.0000,0.0000,0.0000,0.0000,0.1273,0.1258,0.5077,0.5077,0.0000,0.0000,0.0000,-0.0011
1791179275.4752,0.0200,0.1903,0.0000,0.0000,0.0000,0.0000,0.0000,0.0000,0.1273,0.1258,0.5077,0.5077,0.0000,0.0000,0.0000,-0.0011
1791179275.4952,0.0200,0.3212,0.0000,0.0000,0.0000,0.0000,0.0000,0.0000,0.1273,0.1258,0.5077,0.5077,0.0000,0.0000,0.0000,-0.0011
1791179275.5152,0.0200,0.2103,0.0000,0.0000,0.0000,0.0000,0.0000,0.0000,0.1273,0.1258,0.5077,0.5077,0.0000,0.0000,0.0000,-0.0011
1791179275.5352,0.0200,0.2403,0.0000,0.0000,0.0000,0.0000,0.0000,0.0000,0.1273,0.1258,0.5077,0.5077,0.0000,0.0000,0.0000,-0.0011
1791179275.5552,0.0200,0.3141,0.0000,0.0000,0.0000,0.0000,0.0000,0.0000,0.1273,0.1258,0.5077,0.5077,0.0000,0.0000,0.0000,-0.0012
1791179275.5752,0.0201,0.2409,0.0000,0.0000,0.0000,0.0000,0.0000,0.0000,0.1273,0.1258,0.5077,0.5077,0.0000,0.0000,0.0000,-0.0011
1791179275.5952,0.0200,0.3147,0.0000,0.0000,0.0000,0.0000,0.0000,0.0000,0.1273,0.1258,0.5077,0.5077,0.0000,0.0000,0.0000,-0.0012
1791179275.6152,0.0200,0.2089,0.0000,0.0000,0.0000,0.0000,0.0000,0.0000,0.1273,0.1258,0.5077,0.5077,0.0000,0.0000,0.0000,-0.0011
1791179275.6352,0.0200,0.2423,0.0000,0.0000,0.0000,0.0000,0.0000,0.0000,0.1273,0.1258,0.5077,0.5077,0.0000,0.0000,0.0000,-0.0011
1791179275.6552,0.0200,0.2330,0.0000,0.0000,0.0000,0.0000,0.0000,0.0000,0.1273,0.1258,0.5077,0.5077,0.0000,0.0000,0.0000,-0.0011
1791179275.6752,0.0200,0.2393,0.0000,0.0000,0.0000,0.0000,0.0000,0.0000,0.1273,0.1258,0.5077,0.5077,0.0000,0.0000,0.0000,-0.0011
1791179275.6952,0.0200,0.2373,0.0000,0.0000,0.0000,0.0000,0.0000,0.0000,0.1273,0.1258,0.5077,0.5077,0.0000,0.0000,0.0000,-0.0011
1791179275.7152,0.0200,0.2371,0.0000,0.0000,0.0000,0.0000,0.0000,0.0000,0.1273,0.1258,0.5077,0.5077,0.0000,0.0000,0.0000,-0.0011
1791179275.7352,0.0200,0.2362,0.0000,0.0000,0.0000,0.0000,0.0000,0.0000,0.1273,0.1258,0.5077,0.5077,0.0000,0.0000,0.0000,-0.0011
1791179275.7552,0.0200,0.2336,0.0000,0.0000,0.0000,0.0000,0.0000,0.0000,0.1273,0.1258,0.5077,0.5077,0.0000,0.0000,0.0000,-0.0012
1791179275.7751,0.0200,0.1828,0.0000,0.0000,0.0000,0.0000,0.0000,0.0000,0.1273,0.1273,0.5077,0.5077,0.0000,0.0000,0.0000,-0.0011
1791179275.7951,0.0200,0.2389,0.0000,0.0000,0.0000,0.0000,0.0000,0.0000,0.1273,0.1258,0.5077,0.5077,0.0000,0.0000,0.0000,-0.0011
1791179275.8151,0.0200,0.1646,0.0000,0.0000,0.0000,0.0000,0.0000,0.0000,0.1273,0.1258,0.5077,0.5077,0.0000,0.0000,0.0000,-0.0011
1791179275.8351,0.0200,0.2392,0.0000,0.0000,0.0000,0.0000,0.0000,0.0000,0.1273,0.1258,0.5077,0.5077,0.0000,0.0000,0.0000,-0.0011
1791179275.8551,0.0200,0.1853,0.0000,0.0000,0.0000,0.0000,0.0000,0.0000,0.1273,0.1258,0.5077,0.5077,0.0000,0.0000,0.0000,-0.0012
1791179275.8751,0.0200,0.2151,0.0000,0.0000,0.0000,0.0000,0.0000,0.0000,0.1273,0.1258,0.5077,0.5077,0.0000,0.0000,0.0000,-0.0011
1791179275.8952,0.0200,0.2393,0.0000,0.0000,0.0000,0.0000,0.0000,0.0000,0.1273,0.1258,0.5077,0.5077,0.0000,0.0000,0.0000,-0.0011
1791179275.9151,0.0200,0.2105,0.0000,0.0000,0.0000,0.0000,0.0000,0.0000,0.1273,0.1258,0.5077,0.5077,0.0000,0.0000,0.0000,-0.0011
1791179275.9351,0.0200,0.2138,0.0000,0.0000,0.0000,0.0000,0.0000,0.0000,0.1273,0.1258,0.5077,0.5077,0.0000,0.0000,0.0000,-0.0011
1791179275.9551,0.0200,0.2355,0.0000,0.0000,0.0000,0.0000,0.0000,0.0000,0.1273,0.1258,0.5077,0.5077,0.0000,0.0000,0.0000,-0.0012
1791179275.9752,0.0200,0.2248,0.0000,0.0000,0.0000,0.0000,0.0000,0.0000,0.1273,0.1258,0.5077,0.5077,0.0000,0.0000,0.0000,-0.0011
1791179275.9952,0.0200,0.2288,0.0000,0.0000,0.0000,0.0000,0.0000,0.0000,0.1273,0.1258,0.5077,0.5077,0.0000,0.0000,0.0000,-0.0012
1791179276.0152,0.0200,0.2264,0.0000,0.0000,0.0000,0.0000,0.0000,0.0000,0.1273,0.1258,0.5077,0.5077,0.0000,0.0000,0.0000,-0.0011
1791179276.0352,0.0200,0.2256,0.0000,0.0000,0.0000,0.0000,0.0000,0.0000,0.1273,0.1258,0.5077,0.5077,0.0000,0.0000,0.0000,-0.0011
1791179276.0552,0.0200,0.2357,0.0000,0.0000,0.0000,0.0000,0.0000,0.0000,0.1273,0.1258,0.5077,0.5077,0.0000,0.0000,0.0000,-0.0011
1791179276.0752,0.0200,0.2021,0.0000,0.0000,0.0000,0.0000,0.0000,0.0000,0.1273,0.1258,0.5077,0.5077,0.0000,0.0000,0.0000,-0.0011
1791179276.0952,0.0200,0.2377,0.0000,0.0000,0.0000,0.0000,0.0000,0.0000,0.1273,0.1258,0.5077,0.5077,0.0000,0.0000,0.0000,-0.0011
1791179276.1152,0.0200,0.2329,0.0000,0.0000,0.0000,0.0000,0.0000,0.0000,0.1273,0.1258,0.5077,0.5077,0.0000,0.0000,0.0000,-0.0011
1791179276.1352,0.0200,0.1661,0.0000,0.0000,0.0000,0.0000,0.0000,0.0000,0.1273,0.1258,0.5077,0.5077,0.0000,0.0000,0.0000,-0.0011
1791179276.1552,0.0200,0.2417,0.0000,0.0000,0.0000,0.0000,0.0000,0.0000,0.1273,0.1258,0.5077,0.5077,0.0000,0.0000,0.0000,-0.0011
1791179276.1752,0.0200,0.2254,0.0000,0.0000,0.0000,0.0000,0.0000,0.0000,0.1273,0.1258,0.5077,0.5077,0.0000,0.0000,0.0000,-0.0012
1791179276.1952,0.0200,0.2377,0.0000,0.0000,0.0000,0.0000,0.0000,0.0000,0.1273,0.1258,0.5077,0.5077,0.0000,0.0000,0.0000,-0.0011
1791179276.2152,0.0200,0.1784,0.0000,0.0000,0.0000,0.0000,0.0000,0.0000,0.1273,0.1258,0.5077,0.5077,0.0000,0.0000,0.0000,-0.0012
1791179276.2351,0.0200,0.2122,0.0000,0.0000,0.0000,0.0000,0.0000,0.0000,0.1273,0.1258,0.5077,0.5077,0.0000,0.0000,0.0000,-0.0012
1791179276.2552,0.0200,0.2276,0.0000,0.0000,0.0000,0.0000,0.0000,0.0000,0.1273,0.1258,0.5077,0.5077,0.0000,0.0000,0.0000,-0.0012
1791179276.2752,0.0200,0.1821,0.0000,0.0000,0.0000,0.0000,0.0000,0.0000,0.1273,0.1258,0.5077,0.5077,0.0000,0.0000,0.0000,-0.0012
1791179276.2951,0.0200,0.2116,0.0000,0.0000,0.0000,0.0000,0.0000,0.0000,0.1273,0.1258,0.5077,0.5077,0.0000,0.0000,0.0000,-0.0011
1791179276.3152,0.0200,0.2262,0.0000,0.0000,0.0000,0.0000,0.0000,0.0000,0.1273,0.1258,0.5077,0.5077,0.0000,0.0000,0.0000,-0.0011
1791179276.3352,0.0200,0.1949,0.0000,0.0000,0.0000,0.0000,0.0000,0.0000,0.1273,0.1258,0.5077,0.5077,0.0000,0.0000,0.0000,-0.0011
1791179276.3551,0.0199,0.1860,0.0000,0.0000,0.0000,0.0000,0.0000,0.0000,0.1273,0.1258,0.5077,0.5077,0.0000,0.0000,0.0000,-0.0011
1791179276.3752,0.0200,0.2382,0.0000,0.0000,0.0000,0.0000,0.0000,0.0000,0.1273,0.1258,0.5077,0.5077,0.0000,0.0000,0.0000,-0.0011
1791179276.3952,0.0200,0.2327,0.0000,0.0000,0.0000,0.0000,0.0000,0.0000,0.1273,0.1258,0.5077,0.5077,0.0000,0.0000,0.0000,-0.0012
1791179276.4152,0.0200,0.3216,0.0000,0.0000,0.0000,0.0000,0.0000,0.0000,0.1273,0.1258,0.5077,0.5077,0.0000,0.0000,0.0000,-0.0012
1791179276.4352,0.0200,0.2370,0.0000,0.0000,0.0000,0.0000,0.0000,0.0000,0.1273,0.1258,0.5077,0.5077,0.0000,0.0000,0.0000,-0.0012
1791179276.4552,0.0200,0.2310,0.0000,0.0000,0.0000,0.0000,0.0000,0.0000,0.1273,0.1258,0.5077,0.5077,0.0000,0.0000,0.0000,-0.0012
1791179276.4752,0.0200,0.2031,0.0000,0.0000,0.0000,0.0000,0.0000,0.0000,0.1273,0.1258,0.5077,0.5077,0.0000,0.0000,0.0000,-0.0012
1791179276.4951,0.0200,0.2885,0.0000,0.0000,0.0000,0.0000,0.0000,0.0000,0.1273,0.1258,0.5077,0.5077,0.0000,0.0000,0.0000,-0.0011
1791179276.5152,0.0200,0.2425,0.0000,0.0000,0.0000,0.0000,0.0000,0.0000,0.1273,0.1258,0.5077,0.5077,0.0000,0.0000,0.0000,-0.0012
1791179276.5352,0.0200,0.2394,0.0000,0.0000,0.0000,0.0000,0.0000,0.0000,0.1273,0.1258,0.5077,0.5077,0.0000,0.0000,0.0000,-0.0012
1791179276.5552,0.0200,0.3124,0.0000,0.0000,0.0000,0.0000,0.0000,0.0000,0.1273,0.1258,0.5077,0.5077,0.0000,0.0000,0.0000,-0.0011
1791179276.5752,0.0200,0.2362,0.0000,0.0000,0.0000,0.0000,0.0000,0.0000,0.1273,0.1258,0.5077,0.5077,0.0000,0.0000,0.0000,-0.0011
1791179276.5952,0.0200,0.2315,0.0000,0.0000,0.0000,0.0000,0.0000,0.0000,0.1273,0.1258,0.5077,0.5077,0.0000,0.0000,0.0000,-0.0011
1791179276.6152,0.0200,0.2329,0.0000,0.0000,0.0000,0.0000,0.0000,0.0000,0.1273,0.1258,0.5077,0.5077,0.0000,0.0000,0.0000,-0.0012
1791179276.6352,0.0200,0.2335,0.0000,0.0000,0.0000,0.0000,0.0000,0.0000,0.1273,0.1243,0.5077,0.5077,0.0000,0.0000,0.0000,-0.0011
1791179276.6552,0.0200,0.2291,0.0000,0.0000,0.0000,0.0000,0.0000,0.0000,0.1273,0.1258,0.5077,0.5077,0.0000,0.0000,0.0000,-0.0012
1791179276.6752,0.0200,0.3174,0.0000,0.0000,0.0000,0.0000,0.0000,0.0000,0.1273,0.1258,0.5077,0.5077,0.0000,0.0000,0.0000,-0.0011
1791179276.6952,0.0200,0.2471,0.0000,0.0000,0.0000,0.0000,0.0000,0.0000,0.1273,0.1258,0.5077,0.5077,0.0000,0.0000,0.0000,-0.0012
1791179276.7152,0.0200,0.2346,0.0000,0.0000,0.0000,0.0000,0.0000,0.0000,0.1273,0.1258,0.5077,0.5077,0.0000,0.0000,0.0000,-0.0012
1791179276.7351,0.0200,0.2385,0.0000,0.0000,0.0000,0.0000,0.0000,0.0000,0.1273,0.1258,0.5077,0.5077,0.0000,0.0000,0.0000,-0.0011
1791179276.7552,0.0200,0.2319,0.0000,0.0000,0.0000,0.0000,0.0000,0.0000,0.1273,0.1258,0.5077,0.5077,0.0000,0.0000,0.0000,-0.0011
1791179276.7751,0.0200,0.1599,0.0000,0.0000,0.0000,0.0000,0.0000,0.0000,0.1273,0.1258,0.5077,0.5077,0.0000,0.0000,0.0000,-0.0011
1791179276.7951,0.0200,0.1493,0.0000,0.0000,0.0000,0.0000,0.0000,0.0000,0.1273,0.1258,0.5077,0.5077,0.0000,0.0000,0.0000,-0.0011
1791179276.8151,0.0200,0.2037,0.0000,0.0000,0.0000,0.0000,0.0000,0.0000,0.1273,0.1258,0.5077,0.5062,0.0000,0.0000,0.0000,-0.0011
1791179276.8351,0.0200,0.1484,0.0000,0.0000,0.0000,0.0000,0.0000,0.0000,0.1273,0.1258,0.5077,0.5077,0.0000,0.0000,0.0000,-0.0011
1791179276.8551,0.0200,0.2395,0.0000,0.0000,0.0000,0.0000,0.0000,0.0000,0.1273,0.1258,0.5077,0.5077,0.0000,0.0000,0.0000,-0.0011
1791179276.8752,0.0200,0.1778,0.0000,0.0000,0.0000,0.0000,0.0000,0.0000,0.1273,0.1258,0.5077,0.5077,0.0000,0.0000,0.0000,-0.0011
1791179276.8952,0.0200,0.2346,0.0000,0.0000,0.0000,0.0000,0.0000,0.0000,0.1273,0.1258,0.5077,0.5062,0.0000,0.0000,0.0000,-0.0011
1791179276.9152,0.0200,0.2006,0.0000,0.0000,0.0000,0.0000,0.0000,0.0000,0.1273,0.1258,0.5077,0.5077,0.0000,0.0000,0.0000,-0.0011
1791179276.9352,0.0200,0.3016,0.0000,0.0000,0.0000,0.0000,0.0000,0.0000,0.1273,0.1258,0.5077,0.5077,0.0000,0.0000,0.0000,-0.0011
1791179276.9552,0.0200,0.2351,0.0000,0.0000,0.0000,0.0000,0.0000,0.0000,0.1273,0.1258,0.5077,0.5077,0.0000,0.0000,0.0000,-0.0011
1791179276.9752,0.0200,0.2309,0.0000,0.0000,0.0000,0.0000,0.0000,0.0000,0.1273,0.1258,0.5077,0.5077,0.0000,0.0000,0.0000,-0.0012
1791179276.9952,0.0200,0.2226,0.0000,0.0000,0.0000,0.0000,0.0000,0.0000,0.1273,0.1258,0.5077,0.5077,0.0000,0.0000,0.0000,-0.0011
1791179277.0151,0.0200,0.2137,0.0000,0.0000,0.0000,0.0000,0.0000,0.0000,0.1273,0.1258,0.5077,0.5077,0.0000,0.0000,0.0000,-0.0011
1791179277.0352,0.0200,0.2545,0.0000,0.0000,0.0000,0.0000,0.0000,0.0000,0.1273,0.1258,0.5077,0.5077,0.0000,0.0000,0.0000,-0.0011
1791179277.0552,0.0200,0.2342,0.0000,0.0000,0.0000,0.0000,0.0000,0.0000,0.1273,0.1258,0.5077,0.5077,0.0000,0.0000,0.0000,-0.0012
1791179277.0752,0.0200,0.2172,0.0000,0.0000,0.0000,0.0000,0.0000,0.0000,0.1273,0.1258,0.5077,0.5077,0.0000,0.0000,0.0000,-0.0011
1791179277.0952,0.0200,0.2000,0.0000,0.0000,0.0000,0.0000,0.0000,0.0000,0.1273,0.1258,0.5077,0.5062,0.0000,0.0000,0.0000,-0.0012
1791179277.1152,0.0200,0.2377,0.0000,0.0000,0.0000,0.0000,0.0000,0.0000,0.1273,0.1258,0.5077,0.5077,0.0000,0.0000,0.0000,-0.0012
1791179277.1352,0.0200,0.2034,0.0000,0.0000,0.0000,0.0000,0.0000,0.0000,0.1273,0.1258,0.5077,0.5077,0.0000,0.0000,0.0000,-0.0012
1791179277.1552,0.0200,0.2008,0.0000,0.0000,0.0000,0.0000,0.0000,0.0000,0.1273,0.1258,0.5077,0.5077,0.0000,0.0000,0.0000,-0.0011
1791179277.1752,0.0200,0.2403,0.0000,0.0000,0.0000,0.0000,0.0000,0.0000,0.1273,0.1258,0.5077,0.5077,0.0000,0.0000,0.0000,-0.0011
1791179277.1952,0.0200,0.2280,0.0000,0.0000,0.0000,0.0000,0.0000,0.0000,0.1273,0.1258,0.5077,0.5077,0.0000,0.0000,0.0000,-0.0011
1791179277.2152,0.0200,0.1835,0.0000,0.0000,0.0000,0.0000,0.0000,0.0000,0.1273,0.1258,0.5077,0.5077,0.0000,0.0000,0.0000,-0.0011
1791179277.2351,0.0200,0.1856,0.0000,0.0000,0.0000,0.0000,0.0000,0.0000,0.1273,0.1258,0.5077,0.5077,0.0000,0.0000,0.0000,-0.0011
1791179277.2552,0.0200,0.2377,0.0000,0.0000,0.0000,0.0000,0.0000,0.0000,0.1273,0.1258,0.5077,0.5077,0.0000,0.0000,0.0000,-0.0011
1791179277.2752,0.0200,0.2243,0.0000,0.0000,0.0000,0.0000,0.0000,0.0000,0.1273,0.1258,0.5077,0.5077,0.0000,0.0000,0.0000,-0.0011
1791179277.2952,0.0200,0.2381,0.0000,0.0000,0.0000,0.0000,0.0000,0.0000,0.1273,0.1258,0.5077,0.5077,0.0000,0.0000,0.0000,-0.0011
1791179277.3152,0.0200,0.1942,0.0000,0.0000,0.0000,0.0000,0.0000,0.0000,0.1273,0.1258,0.5077,0.5077,0.0000,0.0000,0.0000,-0.0011
1791179277.3351,0.0199,0.1844,0.0000,0.0000,0.0000,0.0000,0.0000,0.0000,0.1273,0.1258,0.5077,0.5077,0.0000,0.0000,0.0000,-0.0011
1791179277.3552,0.0200,0.2412,0.0000,0.0000,0.0000,0.0000,0.0000,0.0000,0.1273,0.1258,0.5077,0.5077,0.0000,0.0000,0.0000,-0.0011
1791179277.3752,0.0200,0.2052,0.0000,0.0000,0.0000,0.0000,0.0000,0.0000,0.1273,0.1258,0.5077,0.5077,0.0000,0.0000,0.0000,-0.0011
1791179277.3952,0.0200,0.2342,0.0000,0.0000,0.0000,0.0000,0.0000,0.0000,0.1273,0.1258,0.5077,0.5077,0.0000,0.0000,0.0000,-0.0011
1791179277.4152,0.0200,0.2334,0.0000,0.0000,0.0000,0.0000,0.0000,0.0000,0.1273,0.1258,0.5077,0.5077,0.0000,0.0000,0.0000,-0.0011
1791179277.4352,0.0200,0.2335,0.0000,0.0000,0.0000,0.0000,0.0000,0.0000,0.1273,0.1258,0.5077,0.5062,0.0000,0.0000,0.0000,-0.0012
1791179277.4552,0.0200,0.2263,0.0000,0.0000,0.0000,0.0000,0.0000,0.0000,0.1273,0.1258,0.5077,0.5062,0.0000,0.0000,0.0000,-0.0011
1791179277.4752,0.0200,0.3393,0.0000,0.0000,0.0000,0.0000,0.0000,0.0000,0.1273,0.1258,0.5077,0.5077,0.0000,0.0000,0.0000,-0.0011
1791179277.4952,0.0200,0.2445,0.0000,0.0000,0.0000,0.0000,0.0000,0.0000,0.1273,0.1258,0.5077,0.5077,0.0000,0.0000,0.0000,-0.0011
1791179277.5152,0.0200,0.2333,0.0000,0.0000,0.0000,0.0000,0.0000,0.0000,0.1273,0.1258,0.5077,0.5077,0.0000,0.0000,0.0000,-0.0012
1791179277.5352,0.0200,0.2384,0.0000,0.0000,0.0000,0.0000,0.0000,0.0000,0.1273,0.1243,0.5077,0.5077,0.0000,0.0000,0.0000,-0.0011
1791179277.5552,0.0200,0.2369,0.0000,0.0000,0.0000,0.0000,0.0000,0.0000,0.1273,0.1258,0.5077,0.5077,0.0000,0.0000,0.0000,-0.0011
1791179277.5752,0.0200,0.2319,0.0000,0.0000,0.0000,0.0000,0.0000,0.0000,0.1273,0.1258,0.5077,0.5077,0.0000,0.0000,0.0000,-0.0011
1791179277.5952,0.0200,0.2284,0.0000,0.0000,0.0000,0.0000,0.0000,0.0000,0.1273,0.1258,0.5077,0.5077,0.0000,0.0000,0.0000,-0.0012
1791179277.6152,0.0200,0.2263,0.0000,0.0000,0.0000,0.0000,0.0000,0.0000,0.1273,0.1258,0.5077,0.5077,0.0000,0.0000,0.0000,-0.0011
1791179277.6352,0.0200,0.1955,0.0000,0.0000,0.0000,0.0000,0.0000,0.0000,0.1273,0.1258,0.5077,0.5077,0.0000,0.0000,0.0000,-0.0012
1791179277.6551,0.0200,0.2413,0.0000,0.0000,0.0000,0.0000,0.0000,0.0000,0.1273,0.1258,0.5077,0.5077,0.0000,0.0000,0.0000,-0.0011
1791179277.6752,0.0200,0.2087,0.0000,0.0000,0.0000,0.0000,0.0000,0.0000,0.1273,0.1258,0.5077,0.5077,0.0000,0.0000,0.0000,-0.0012
1791179277.6952,0.0200,0.2412,0.0000,0.0000,0.0000,0.0000,0.0000,0.0000,0.1273,0.1258,0.5077,0.5077,0.0000,0.0000,0.0000,-0.0011
1791179277.7151,0.0200,0.2104,0.0000,0.0000,0.0000,0.0000,0.0000,0.0000,0.1273,0.1258,0.5077,0.5077,0.0000,0.0000,0.0000,-0.0011
1791179277.7351,0.0200,0.2089,0.0000,0.0000,0.0000,0.0000,0.0000,0.0000,0.1273,0.1258,0.5077,0.5077,0.0000,0.0000,0.0000,-0.0011
1791179277.7551,0.0200,0.2187,0.0000,0.0000,0.0000,0.0000,0.0000,0.0000,0.1273,0.1258,0.5077,0.5077,0.0000,0.0000,0.0000,-0.0011
1791179277.7751,0.0200,0.2826,0.0000,0.0000,0.0000,0.0000,0.0000,0.0000,0.1273,0.1258,0.5077,0.5077,0.0000,0.0000,0.0000,-0.0011
1791179277.7951,0.0200,0.2200,0.0000,0.0000,0.0000,0.0000,0.0000,0.0000,0.1273,0.1258,0.5077,0.5077,0.0000,0.0000,0.0000,-0.0011
1791179277.8151,0.0200,0.2174,0.0000,0.0000,0.0000,0.0000,0.0000,0.0000,0.1273,0.1258,0.5077,0.5077,0.0000,0.0000,0.0000,-0.0011
1791179277.8351,0.0200,0.2087,0.0000,0.0000,0.0000,0.0000,0.0000,0.0000,0.1273,0.1258,0.5077,0.5077,0.0000,0.0000,0.0000,-0.0011
1791179277.8551,0.0200,0.2140,0.0000,0.0000,0.0000,0.0000,0.0000,0.0000,0.1273,0.1258,0.5077,0.5077,0.0000,0.0000,0.0000,-0.0011
1791179277.8751,0.0200,0.2461,0.0000,0.0000,0.0000,0.0000,0.0000,0.0000,0.1273,0.1258,0.5077,0.5077,0.0000,0.0000,0.0000,-0.0011
1791179277.8952,0.0200,0.2533,0.0000,0.0000,0.0000,0.0000,0.0000,0.0000,0.1273,0.1258,0.5077,0.5077,0.0000,0.0000,0.0000,-0.0011
1791179277.9152,0.0200,0.2678,0.0000,0.0000,0.0000,0.0000,0.0000,0.0000,0.1273,0.1258,0.5077,0.5077,0.0000,0.0000,0.0000,-0.0011
1791179277.9352,0.0200,0.2387,0.0000,0.0000,0.0000,0.0000,0.0000,0.0000,0.1273,0.1258,0.5077,0.5077,0.0000,0.0000,0.0000,-0.0011
1791179277.9552,0.0200,0.2511,0.0000,0.0000,0.0000,0.0000,0.0000,0.0000,0.1273,0.1258,0.5077,0.5077,0.0000,0.0000,0.0000,-0.0011
1791179277.9752,0.0200,0.2470,0.0000,0.0000,0.0000,0.0000,0.0000,0.0000,0.1273,0.1258,0.5077,0.5077,0.0000,0.0000,0.0000,-0.0012
1791179277.9952,0.0200,0.2312,0.0000,0.0000,0.0000,0.0000,0.0000,0.0000,0.1273,0.1258,0.5077,0.5077,0.0000,0.0000,0.0000,-0.0011
1791179278.0152,0.0200,0.1734,0.0000,0.0000,0.0000,0.0000,0.0000,0.0000,0.1273,0.1258,0.5077,0.5077,0.0000,0.0000,0.0000,-0.0011
1791179278.0351,0.0200,0.2350,0.0000,0.0000,0.0000,0.0000,0.0000,0.0000,0.1273,0.1258,0.5077,0.5077,0.0000,0.0000,0.0000,-0.0011
1791179278.0552,0.0200,0.2436,0.0000,0.0000,0.0000,0.0000,0.0000,0.0000,0.1273,0.1258,0.5077,0.5077,0.0000,0.0000,0.0000,-0.0011
1791179278.0752,0.0200,0.1707,0.0000,0.0000,0.0000,0.0000,0.0000,0.0000,0.1273,0.1258,0.5077,0.5062,0.0000,0.0000,0.0000,-0.0011
1791179278.0952,0.0200,0.2423,0.0000,0.0000,0.0000,0.0000,0.0000,0.0000,0.1273,0.1258,0.5077,0.5077,0.0000,0.0000,0.0000,-0.0011
1791179278.1152,0.0200,0.2345,0.0000,0.0000,0.0000,0.0000,0.0000,0.0000,0.1273,0.1258,0.5077,0.5077,0.0000,0.0000,0.0000,-0.0011
1791179278.1352,0.0200,0.1818,0.0000,0.0000,0.0000,0.0000,0.0000,0.0000,0.1273,0.1258,0.5077,0.5077,0.0000,0.0000,0.0000,-0.0011
1791179278.1551,0.0200,0.3007,0.0000,0.0000,0.0000,0.0000,0.0000,0.0000,0.1273,0.1258,0.5077,0.5077,0.0000,0.0000,0.0000,-0.0011
1791179278.1752,0.0200,0.2536,0.0000,0.0000,0.0000,0.0000,0.0000,0.0000,0.1273,0.1258,0.5077,0.5077,0.0000,0.0000,0.0000,-0.0012
1791179278.1952,0.0200,0.1715,0.0000,0.0000,0.0000,0.0000,0.0000,0.0000,0.1273,0.1258,0.5077,0.5077,0.0000,0.0000,0.0000,-0.0011
1791179278.2151,0.0200,0.1913,0.0000,0.0000,0.0000,0.0000,0.0000,0.0000,0.1273,0.1258,0.5077,0.5077,0.0000,0.0000,0.0000,-0.0012
1791179278.2351,0.0200,0.2159,0.0000,0.0000,0.0000,0.0000,0.0000,0.0000,0.1273,0.1258,0.5077,0.5077,0.0000,0.0000,0.0000,-0.0011
1791179278.2552,0.0200,0.2369,0.0000,0.0000,0.0000,0.0000,0.0000,0.0000,0.1273,0.1258,0.5077,0.5077,0.0000,0.0000,0.0000,-0.0012
1791179278.2752,0.0200,0.1819,0.0000,0.0000,0.0000,0.0000,0.0000,0.0000,0.1273,0.1258,0.5077,0.5077,0.0000,0.0000,0.0000,-0.0011
1791179278.2951,0.0199,0.1711,0.0000,0.0000,0.0000,0.0000,0.0000,0.0000,0.1273,0.1258,0.5077,0.5077,0.0000,0.0000,0.0000,-0.0011
1791179278.3152,0.0200,0.3299,0.0000,0.0000,0.0000,0.0000,0.0000,0.0000,0.1273,0.1258,0.5077,0.5077,0.0000,0.0000,0.0000,-0.0011
1791179278.3352,0.0200,0.2054,0.0000,0.0000,0.0000,0.0000,0.0000,0.0000,0.1273,0.1258,0.5077,0.5077,0.0000,0.0000,0.0000,-0.0011
1791179278.3551,0.0199,0.2123,0.0000,0.0000,0.0000,0.0000,0.0000,0.0000,0.1273,0.1258,0.5077,0.5077,0.0000,0.0000,0.0000,-0.0011
1791179278.3752,0.0200,0.2381,0.0000,0.0000,0.0000,0.0000,0.0000,0.0000,0.1273,0.1258,0.5077,0.5077,0.0000,0.0000,0.0000,-0.0011
1791179278.3952,0.0200,0.2395,0.0000,0.0000,0.0000,0.0000,0.0000,0.0000,0.1273,0.1258,0.5077,0.5077,0.0000,0.0000,0.0000,-0.0011
1791179278.4152,0.0200,0.2334,0.0000,0.0000,0.0000,0.0000,0.0000,0.0000,0.1273,0.1258,0.5077,0.5077,0.0000,0.0000,0.0000,-0.0012
1791179278.4352,0.0200,0.3126,0.0000,0.0000,0.0000,0.0000,0.0000,0.0000,0.1273,0.1258,0.5077,0.5077,0.0000,0.0000,0.0000,-0.0011
1791179278.4552,0.0200,0.2344,0.0000,0.0000,0.0000,0.0000,0.0000,0.0000,0.1273,0.1258,0.5077,0.5077,0.0000,0.0000,0.0000,-0.0011
1791179278.4751,0.0200,0.2303,0.0000,0.0000,0.0000,0.0000,0.0000,0.0000,0.1273,0.1258,0.5077,0.5077,0.0000,0.0000,0.0000,-0.0011
1791179278.4952,0.0200,0.2468,0.0000,0.0000,0.0000,0.0000,0.0000,0.0000,0.1273,0.1258,0.5077,0.5077,0.0000,0.0000,0.0000,-0.0011
1791179278.5152,0.0200,0.2425,0.0000,0.0000,0.0000,0.0000,0.0000,0.0000,0.1273,0.1258,0.5077,0.5077,0.0000,0.0000,0.0000,-0.0011
1791179278.5352,0.0200,0.2355,0.0000,0.0000,0.0000,0.0000,0.0000,0.0000,0.1273,0.1258,0.5077,0.5077,0.0000,0.0000,0.0000,-0.0011
1791179278.5552,0.0200,0.2303,0.0000,0.0000,0.0000,0.0000,0.0000,0.0000,0.1273,0.1258,0.5077,0.5077,0.0000,0.0000,0.0000,-0.0012
1791179278.5752,0.0200,0.2254,0.0000,0.0000,0.0000,0.0000,0.0000,0.0000,0.1273,0.1258,0.5077,0.5077,0.0000,0.0000,0.0000,-0.0011
1791179278.5952,0.0200,0.2582,0.0000,0.0000,0.0000,0.0000,0.0000,0.0000,0.1273,0.1258,0.5077,0.5077,0.0000,0.0000,0.0000,-0.0011
1791179278.6152,0.0200,0.2375,0.0000,0.0000,0.0000,0.0000,0.0000,0.0000,0.1273,0.1258,0.5077,0.5077,0.0000,0.0000,0.0000,-0.0012
1791179278.6352,0.0200,0.2317,0.0000,0.0000,0.0000,0.0000,0.0000,0.0000,0.1273,0.1258,0.5077,0.5077,0.0000,0.0000,0.0000,-0.0011
1791179278.6552,0.0200,0.2262,0.0000,0.0000,0.0000,0.0000,0.0000,0.0000,0.1273,0.1258,0.5077,0.5077,0.0000,0.0000,0.0000,-0.0012
1791179278.6752,0.0200,0.2381,0.0000,0.0000,0.0000,0.0000,0.0000,0.0000,0.1273,0.1258,0.5077,0.5077,0.0000,0.0000,0.0000,-0.0011
1791179278.6952,0.0200,0.2419,0.0000,0.0000,0.0000,0.0000,0.0000,0.0000,0.1273,0.1258,0.5077,0.5077,0.0000,0.0000,0.0000,-0.0011
1791179278.7151,0.0200,0.1694,0.0000,0.0000,0.0000,0.0000,0.0000,0.0000,0.1273,0.1258,0.5077,0.5077,0.0000,0.0000,0.0000,-0.0011
1791179278.7351,0.0200,0.2022,0.0000,0.0000,0.0000,0.0000,0.0000,0.0000,0.1273,0.1258,0.5077,0.5077,0.0000,0.0000,0.0000,-0.0011
1791179278.7551,0.0200,0.2002,0.0000,0.0000,0.0000,0.0000,0.0000,0.0000,0.1273,0.1258,0.5077,0.5077,0.0000,0.0000,0.0000,-0.0011
1791179278.7751,0.0200,0.1861,0.0000,0.0000,0.0000,0.0000,0.0000,0.0000,0.1273,0.1258,0.5077,0.5077,0.0000,0.0000,0.0000,-0.0011
1791179278.7951,0.0200,0.2071,0.0000,0.0000,0.0000,0.0000,0.0000,0.0000,0.1273,0.1258,0.5077,0.5077,0.0000,0.0000,0.0000,-0.0011
1791179278.8151,0.0200,0.2199,0.0000,0.0000,0.0000,0.0000,0.0000,0.0000,0.1273,0.1258,0.5077,0.5077,0.0000,0.0000,0.0000,-0.0011
1791179278.8351,0.0200,0.2098,0.0000,0.0000,0.0000,0.0000,0.0000,0.0000,0.1273,0.1258,0.5077,0.5077,0.0000,0.0000,0.0000,-0.0011
1791179278.8551,0.0200,0.2123,0.0000,0.0000,0.0000,0.0000,0.0000,0.0000,0.1273,0.1258,0.5077,0.5077,0.0000,0.0000,0.0000,-0.0012
1791179278.8752,0.0200,0.2469,0.0000,0.0000,0.0000,0.0000,0.0000,0.0000,0.1273,0.1258,0.5077,0.5077,0.0000,0.0000,0.0000,-0.0012
1791179278.8952,0.0200,0.2394,0.0000,0.0000,0.0000,0.0000,0.0000,0.0000,0.1273,0.1258,0.5077,0.5077,0.0000,0.0000,0.0000,-0.0012
1791179278.9152,0.0200,0.2089,0.0000,0.0000,0.0000,0.0000,0.0000,0.0000,0.1273,0.1258,0.5077,0.5077,0.0000,0.0000,0.0000,-0.0012
1791179278.9352,0.0200,0.2090,0.0000,0.0000,0.0000,0.0000,0.0000,0.0000,0.1273,0.1258,0.5077,0.5077,0.0000,0.0000,0.0000,-0.0011
1791179278.9552,0.0200,0.2050,0.0000,0.0000,0.0000,0.0000,0.0000,0.0000,0.1273,0.1258,0.5077,0.5077,0.0000,0.0000,0.0000,-0.0011
1791179278.9751,0.0200,0.2143,0.0000,0.0000,0.0000,0.0000,0.0000,0.0000,0.1273,0.1258,0.5077,0.5077,0.0000,0.0000,0.0000,-0.0011
1791179278.9952,0.0200,0.2455,0.0000,0.0000,0.0000,0.0000,0.0000,0.0000,0.1273,0.1258,0.5077,0.5077,0.0000,0.0000,0.0000,-0.0012
1791179279.0152,0.0200,0.1646,0.0000,0.0000,0.0000,0.0000,0.0000,0.0000,0.1273,0.1258,0.5077,0.5077,0.0000,0.0000,0.0000,-0.0011
1791179279.0351,0.0200,0.2153,0.0000,0.0000,0.0000,0.0000,0.0000,0.0000,0.1273,0.1258,0.5077,0.5077,0.0000,0.0000,0.0000,-0.0011
1791179279.0551,0.0200,0.2153,0.0000,0.0000,0.0000,0.0000,0.0000,0.0000,0.1273,0.1258,0.5077,0.5062,0.0000,0.0000,0.0000,-0.0012
1791179279.0752,0.0200,0.2337,0.0000,0.0000,0.0000,0.0000,0.0000,0.0000,0.1273,0.1258,0.5077,0.5077,0.0000,0.0000,0.0000,-0.0012
1791179279.0952,0.0200,0.1671,0.0000,0.0000,0.0000,0.0000,0.0000,0.0000,0.1273,0.1258,0.5077,0.5077,0.0000,0.0000,0.0000,-0.0012
1791179279.1151,0.0199,0.1759,0.0000,0.0000,0.0000,0.0000,0.0000,0.0000,0.1273,0.1258,0.5077,0.5077,0.0000,0.0000,0.0000,-0.0011
1791179279.1352,0.0201,0.1753,0.0000,0.0000,0.0000,0.0000,0.0000,0.0000,0.1273,0.1258,0.5077,0.5077,0.0000,0.0000,0.0000,-0.0011
1791179279.1551,0.0199,0.2566,0.0000,0.0000,0.0000,0.0000,0.0000,0.0000,0.1273,0.1258,0.5077,0.5077,0.0000,0.0000,0.0000,-0.0011
1791179279.1752,0.0201,0.2100,0.0000,0.0000,0.0000,0.0000,0.0000,0.0000,0.1273,0.1258,0.5077,0.5077,0.0000,0.0000,0.0000,-0.0011
1791179279.1952,0.0200,0.2336,0.0000,0.0000,0.0000,0.0000,0.0000,0.0000,0.1273,0.1258,0.5077,0.5077,0.0000,0.0000,0.0000,-0.0012
1791179279.2152,0.0200,0.2303,0.0000,0.0000,0.0000,0.0000,0.0000,0.0000,0.1273,0.1258,0.5077,0.5077,0.0000,0.0000,0.0000,-0.0011
1791179279.2352,0.0200,0.2009,0.0000,0.0000,0.0000,0.0000,0.0000,0.0000,0.1273,0.1258,0.5077,0.5077,0.0000,0.0000,0.0000,-0.0011
1791179279.2551,0.0199,0.1893,0.0000,0.0000,0.0000,0.0000,0.0000,0.0000,0.1273,0.1258,0.5077,0.5077,0.0000,0.0000,0.0000,-0.0011
1791179279.2752,0.0200,0.2395,0.0000,0.0000,0.0000,0.0000,0.0000,0.0000,0.1273,0.1258,0.5077,0.5077,0.0000,0.0000,0.0000,-0.0012
1791179279.2952,0.0200,0.2336,0.0000,0.0000,0.0000,0.0000,0.0000,0.0000,0.1273,0.1258,0.5077,0.5077,0.0000,0.0000,0.0000,-0.0011
1791179279.3152,0.0200,0.3133,0.0000,0.0000,0.0000,0.0000,0.0000,0.0000,0.1273,0.1258,0.5077,0.5077,0.0000,0.0000,0.0000,-0.0011
1791179279.3352,0.0200,0.2038,0.0000,0.0000,0.0000,0.0000,0.0000,0.0000,0.1273,0.1258,0.5077,0.5077,0.0000,0.0000,0.0000,-0.0011
1791179279.3551,0.0199,0.2572,0.0000,0.0000,0.0000,0.0000,0.0000,0.0000,0.1273,0.1258,0.5077,0.5077,0.0000,0.0000,0.0000,-0.0011
1791179279.3751,0.0200,0.2182,0.0000,0.0000,0.0000,0.0000,0.0000,0.0000,0.1273,0.1258,0.5077,0.5077,0.0000,0.0000,0.0000,-0.0011
1791179279.3952,0.0200,0.2352,0.0000,0.0000,0.0000,0.0000,0.0000,0.0000,0.1273,0.1258,0.5077,0.5077,0.0000,0.0000,0.0000,-0.0011
1791179279.4152,0.0200,0.2005,0.0000,0.0000,0.0000,0.0000,0.0000,0.0000,0.1273,0.1258,0.5077,0.5077,0.0000,0.0000,0.0000,-0.0011
1791179279.4351,0.0199,0.2221,0.0000,0.0000,0.0000,0.0000,0.0000,0.0000,0.1273,0.1258,0.5077,0.5077,0.0000,0.0000,0.0000,-0.0012
1791179279.4552,0.0200,0.2364,0.0000,0.0000,0.0000,0.0000,0.0000,0.0000,0.1273,0.1258,0.5077,0.5077,0.0000,0.0000,0.0000,-0.0011
1791179279.4752,0.0200,0.2335,0.0000,0.0000,0.0000,0.0000,0.0000,0.0000,0.1273,0.1258,0.5077,0.5077,0.0000,0.0000,0.0000,-0.0012
1791179279.4952,0.0200,0.2422,0.0000,0.0000,0.0000,0.0000,0.0000,0.0000,0.1273,0.1258,0.5077,0.5077,0.0000,0.0000,0.0000,-0.0011
1791179279.5152,0.0200,0.3235,0.0000,0.0000,0.0000,0.0000,0.0000,0.0000,0.1273,0.1258,0.5077,0.5077,0.0000,0.0000,0.0000,-0.0011
1791179279.5352,0.0200,0.2089,0.0000,0.0000,0.0000,0.0000,0.0000,0.0000,0.1273,0.1258,0.5077,0.5077,0.0000,0.0000,0.0000,-0.0011
1791179279.5552,0.0200,0.2396,0.0000,0.0000,0.0000,0.0000,0.0000,0.0000,0.1273,0.1258,0.5077,0.5077,0.0000,0.0000,0.0000,-0.0011
1791179279.5752,0.0200,0.2318,0.0000,0.0000,0.0000,0.0000,0.0000,0.0000,0.1273,0.1258,0.5077,0.5077,0.0000,0.0000,0.0000,-0.0011
1791179279.5952,0.0200,0.2371,0.0000,0.0000,0.0000,0.0000,0.0000,0.0000,0.1273,0.1258,0.5077,0.5077,0.0000,0.0000,0.0000,-0.0011
1791179279.6152,0.0200,0.2365,0.0000,0.0000,0.0000,0.0000,0.0000,0.0000,0.1273,0.1258,0.5077,0.5077,0.0000,0.0000,0.0000,-0.0011
1791179279.6352,0.0200,0.2302,0.0000,0.0000,0.0000,0.0000,0.0000,0.0000,0.1273,0.1258,0.5077,0.5077,0.0000,0.0000,0.0000,-0.0011
1791179279.6552,0.0200,0.2275,0.0000,0.0000,0.0000,0.0000,0.0000,0.0000,0.1273,0.1258,0.5077,0.5077,0.0000,0.0000,0.0000,-0.0011
